S02200006275696C642F64656275672F736C656570792D64656D6F2D6D74642E73333787
S3150800600008180020353C0208455A0308495A03086F
S3150800601061C700084D5A0308555A030847F801088E
S3150800602047F8010847F8010847F8010847F8010842
S31508006030595A03080C34040847F8010847F80108B8
S3150800604047F8010847F8010847F8010847F8010822
S3150800605047F8010847F8010847F8010847F8010812
S3150800606047F8010847F8010847F8010847F8010802
S3150800607047F8010847F8010847F8010847F80108F2
S3150800608047F8010847F8010847F8010847F80108E2
S315080060909DA3020845A3020847F8010847F8010826
S315080060A047F8010847F8010847F8010847F80108C2
S315080060B047F8010847F8010847F8010847F80108B2
S315080060C047F8010847F8010847F801083DF90108AB
S315080060D047F8010847F8010847F8010819F90108BF
S315080060E0F5F8010847F8010847F8010847F80108D4
S315080060F047F80108CDCA0308A1D30308C9F5030860
S31508006100C5F5030815CB0308DFF50308CDF5030825
S3150800611071D30308D1F50308E1D3030849D403086A
S3150800612047F8010847F8010847F8010847F8010841
S31508006130714F020847F8010847F8010847F80108AF
S3150800614047F8010847F8010847F8010847F8010821
S3150800615047F8010847F8010847F8010847F8010811
S3150800616047F8010847F8010847F8010847F8010801
S3150800617047F8010847F8010847F8010847F80108F1
S3150800618047F8010847F8010847F801080104040818
S3150800619091B6030847F80108B3F50308B9F50308EB
S315080061A047F8010847F8010847F8010847F80108C1
S309080061B047F8010895
S315080061C0F0B5114A114C124E00F00105E3695F075C
S315080061D013D40DB9334213D103EA00078F4207D10E
S315080061E00B4A1A40002A0CBF00206FF00100F0BDD0
S315080061F0013AEBD16FF00200F9E74FF0FF30F6E70E
S315080062006FF00100F3E700BF809698000000035086
S31508006210020001000000000000000000000000006D
S31508006220013800D0FCE7704700F58050D0F8F8092F
S31508006230704700F58050D0F8FC09704700F580508B
S31508006240D0F8EC09704700F58050C0F8EC19704793
S3150800625000F50050B0F8CA04704700F50050B0F8D1
S31508006260C804704700F50050D0F83C06704730B5B2
S31508006270E9B100F5805393F8D62D00F5EE501230AB
S3150800628000EB42048442054603D1022A07D10320C3
S3150800629004E02D8802308D42F4D1002030BD501C18
S315080062A083F8D60D03EB4203A3F8D21DF5E70720C2
S315080062B0F4E7F0B529B300F5805500F5EE50123035
S315080062C0024695F8D63D00EB43069642144601D1A0
S315080062D01720F0BD278802328F42F6D10BB91B88EA
S315080062E0FFDE013BDBB285F8D63D1AB200EB43036D
S315080062F09C4218BF30F812304FF0000018BF2380B8
S31508006300E7E70720E5E700F5805090F8520E70475A
S3150800631000F5805090F8600E70470148704700BF3E
S315080063203C300408004870473D3004080048704770
S315080063303E300408004870473F300408002908BF6B
S315080063404FF4E151044B00F58050994294BFC0F8D0
S31508006350F819C0F8F83970479AC42000074B00F5B9
S315080063608050002914BF0A461A46054B9A4294BF24
S31508006370C0F8FC29C0F8FC39704700BF0075120048
S315080063809AC4200000F50050406E704700F5ED50A5
S315080063901030704700F5EE500130704700F5805018
S315080063A0D0F8DC0D704700F58050B0F8120E704733
S315080063B000F58050A0F8121E704703468288C088F0
S315080063C0114481429DBF1868998080180020704743
S315080063D070B505680C4625B9BDE870404B68084895
S315080063E018478B6898476A680146831A002BB8BF16
S315080063F0121A2368A8BF0022BDE870400048184753
S31508006400F01F002038B50C461146A2680346944290
S3150800641006D00568AC420BD10260FFF7D9FFA4602D
S3150800642038BD94420DD011469268002AF9D1F6E794
S315080064302A460021F9E78B68002BF0D09B688B6011
S31508006440EDE70029F7D1002DE9D0AA681A60E6E73A
S315080064502DE9F041936805460C461646984732469C
S31508006460074621462846FFF7CDFF2868002203463F
S315080064706BB16168D3F804E0A1EB070CAEEB070833
S3150800648098EA0C0F13D4A1EB0E01002907DA4AB9D2
S31508006490A060314628462C60BDE8F04198E71A46C8
S315080064A09B68E5E79368A3609460BDE8F081BCF15A
S315080064B0000FEBE770B5066804460D467EB18B689B
S315080064C098477368C01A002809DB20462A463146D1
S315080064D0FFF798FF30463368BDE8704018472946ED
S315080064E02046BDE8704073E700F5005393F8383648
S315080064F013B102490830DDE7704700BF4030040891
S3150800650000F5005393F8383613B102490C30D1E739
S31508006510704700BF4C300408012300F00700834091
S3150800652013F0220F09D113F0880F08D113F0440F86
S3150800653014BF01200020C0007047042070471020B7
S315080065407047D0F8020000BA70474200400800F0D1
S31508006550553002F0AA3202439300920802F0333211
S3150800656003F0CC33134318011B0903F00F3300F073
S31508006570F030184300BA70470968006838F0A9B8BF
S315080065800968006838F0A5B80968006838F0A1B845
S31508006590014B024A11F007B93D6300082962000859
S315080065A0014B024A11F0FFB85D6300083362000828
S315080065B0014B024A11F0F7B8476200083D6200082D
S315080065C030B50C4687B0054601A920682DF0B6F906
S315080065D070B9606805A92DF0C8F948B9A3684BB920
S315080065E02B68024603F5CE5001A91C3016F070FB45
S315080065F007B030BD0720FBE710B50C684CB900683A
S31508006600224600F5CE501C30214614F0DBFE20460B
S3150800661010BD0720FCE770B50E6805460C4686B027
S31508006620304619492CF055FFD0B1002604342068AD
S3150800663001A92DF083F988B9606805A92DF095F9A7
S3150800664060B9A368F3B9286885F8406000F5B450C6
S3150800665001AA05F10C01183016F0AAF806B070BDAB
S3150800666030460A492CF035FF10B103260434DEE71C
S31508006670304607492CF02DFF10B101260434D6E721
S315080066800226D4E70720E9E7202C0408232C04086F
S31508006690262C0408014651F80C0B00F5B4501830A6
S315080066A014F064BE1346B0F86C202AB10A4600F10D
S315080066B05C01024816F05CBB0D2070478836002046
S315080066C000F50050B0F8CA348B4209D0A0F8CA14B5
S315080066D0044890F85930022B02D158302FF0D4B81C
S315080066E0704700BFF03F002000F50053B3F8C824F8
S315080066F08A4206D000F51350A3F8C814083014F0DF
S3150800670005BF70471FB500240294079C00F5C950C1
S315080067100194069C1830009416F0DEFC04B010BDF7
S315080067201FB501240294079C00F5C9500194069CE4
S315080067301830009416F0D0FC04B010BD08B53130FE
S31508006740313120F0010021F0010103780A7803F0C5
S315080067500F0302F00F029A4207D10431043038F0D1
S3150800676057FFB0FA80F0400908BD0020FCE710B5D5
S31508006770044604F5005427F099F8236C33F07C425C
S3150800678004D0C3F31903984228BF184610BD05293B
S3150800679038BF0521B1F5E14F28BF4FF4E14138B5BF
S315080067A000F500556B6E044699420DD0696626F0D1
S315080067B0A9FE95F85930022B06D104F50150183078
S315080067C0BDE838402FF060B838BD42F210739942E0
S315080067D010B5044613D800F500539A6E91420CD0B2
S315080067E0996626F08FFE074B93F8683EDB0704D5BB
S315080067F004F50150183016F05DF9002010BD072089
S31508006800FCE700BFF02F002010B503780446002BE4
S3150800681014BF0520032000F5003010F04FF8237848
S31508006820BDE81040002B14BF0620042000F50030F8
S3150800683010F044B800F5EE500022183015F0E0BA12
S3150800684038B5044608464D7894F8FE20A91C031B63
S3150800685051FA83F3D21A014437F089FE94F8FE30D0
S31508006860023B5B1B84F8FE3038BD2CF0F5BB29F0E3
S3150800687015BC08B51B4B93F8492E012A03D0062AE6
S3150800688005D02AB3FEE7BDE8084029F0EDBB002095
S3150800689083F8490E03F5805393F85010CA070CD5B0
S315080068A0C1F3C302013202F00F0262F3C601042AE1
S315080068B083F8501005D82CF0CFFBBDE8084029F026
S315080068C0EDBB93F8502060F3C60283F85020F4E736
S315080068D093F8482E520703D5B3F84A3E1B06ECD464
S315080068E008BD00BFF02F00208378072B09D190F848
S315080068F06E00C30903D000F07F002AF043BE2AF0D9
S3150800690013BE704727F06ABD436810B4D3E9004048
S3150800691023465DF8044B18470EB403B503AA52F88C
S31508006920041B0192FFF7F0FF02B05DF804EB03B019
S3150800693070470149F0E700BFDB42040873B50D460E
S315080069400446028843881F492846FFF7E5FF228840
S315080069509AB1237B8BB963889A420ED34FF47A7126
S31508006960D31A4B430A2193FBF2F3B3FBF1F2284601
S3150800697001FB12331449FFF7CFFF6288A2B14FF427
S315080069807A7660680023A0FB060137F05BFAB0FB55
S31508006990F6F306FB130062890090019228462289C5
S315080069A00A499BB2FFF7B8FF2846FFF7C2FF287AC5
S315080069B010F0010004D102B0BDE8704025F0B0BD6A
S315080069C002B070BD292C0408562C04086F2C040844
S315080069D0F8B506460C46064F8D18AC4200D1F8BDF0
S315080069E03946304614F8012BFFF796FFF5E700BF46
S315080069F02C0F040810B50446FFF7EAFF2046BDE849
S31508006A00104096E7FF2330B5C3B005468DF807302A
S31508006A1099B900680DF1070300F50C5002AA343045
S31508006A201AF069F9044628B928469DF8072002A9EC
S31508006A30FFF7E0FF204643B030BD0C24FAE72DE906
S31508006A40F74F4FF0000A4FF6FF7304460F465646B7
S31508006A505546DFF88080DFF88090ADF806305FFA9B
S31508006A608AF357F823B0BBF1000F09D1BDF8062009
S31508006A70FDB946B34FF6FF739A421FD007200FE0C1
S31508006A80414658462CF025FD68B9494658462CF02B
S31508006A9020FD60B958460DF106012CF066FF18B1C5
S31508006AA003B0BDE8F08F05460AF1010AD7E70646A6
S31508006AB0FAE74FF6FF739A42E0D126B129462046F7
S31508006AC0FFF7A0FFECE72046294611F01FF9002042
S31508006AD0E6E700BF4B0D0408DD1B0408F0B51C46AD
S31508006AE0002387B08DF8143052EA0403064615468B
S31508006AF00ED130230DF113078DF8133030463A4680
S31508006B000D49FFF709FF304607B0BDE8F04010E72A
S31508006B1005AF284621460A22002337F093F930327A
S31508006B2007F8012D2A4623460A2A73F1000305466B
S31508006B300C46EED2E2E700BF2C1604084FF42013E9
S31508006B4030B58DB0044601930023084602AD694668
S31508006B5008228DF80830009514F025F82A462046B4
S31508006B600249FFF7D9FE0DB030BD00BF2C16040848
S31508006B7010B50446FFF7E2FF2046BDE81040D8E608
S31508006B8037B50546CC884B8864BAA4B20A880194FE
S31508006B9089885BBA49BA89B252BA00919BB204494C
S31508006BA092B2FFF7B9FE284603B0BDE83040C0E60A
S31508006BB09B2C040810B504468CB00846694625F097
S31508006BC0F8FC20466A460449FFF7A6FE20460CB0A4
S31508006BD0BDE81040ADE600BF2C1604080CB473B52A
S31508006BE0054606AC54F8046B0A46074B0749FFF7F7
S31508006BF093FE2246314628460194FFF785FE02B0E9
S31508006C00BDE8704002B070477F460408532D04085B
S31508006C100EB417B5044605AA52F8041B0192FFF7ED
S31508006C2073FE2046FFF785FE03B0BDE8104003B0AB
S31508006C30704737B50D460446428A0A49083228463F
S31508006C4092B2FFF769FE21462846FFF777FF238AA7
S31508006C5028460093A37DA28A0349FFF7D9FF03B00C
S31508006C6030BD00BFAC2C0408BB2C0408F8B5056879
S31508006C700F6805F5D05604461A3627B93146FFF788
S31508006C8099FF0020F8BD4B68BBB938460D492CF072
S31508006C9020FC20B131462046FFF76AFFF1E7384667
S31508006CA009492CF016FC50B105F580552046B5F873
S31508006CB02A2A0649FFF7ACFFE3E70720E2E7232085
S31508006CC0E0E700BF62380408151A0408E50B040853
S31508006CD02DE9F04115461D4A0446FFF77FFF2A684D
S31508006CE03AB120461A49FFF717FEAA7A072A05D9A4
S31508006CF0FEE720461749FFF70FFEF6E7164B204634
S31508006D0003EB8203DA691549FFF706FE6E7A26B1A8
S31508006D1013492046BDE8F0417AE720461149FFF7B6
S31508006D20FBFDDFF848802B7AF7B2BB4201D80E4943
S31508006D30EFE71FB141462046FFF7EEFD696820469A
S31508006D4001EB0711FFF7FAFE0136ECE7DB2C040826
S31508006D50EA310408E12C04083C300408E82C04084D
S31508006D60FB2C04088A140408010F0408F90E040809
S31508006D702DE9F0470D6804460E468AB045B9026803
S31508006D80294602F5D2520C32FFF7A2FF0020FDE099
S31508006D902846AC492CF09DFB00284FD077686FB980
S31508006DA0236803F58053D3F84C2AA74B002A08BF5B
S31508006DB01A462046A549FFF72BFFE7E7D6F80880CD
S31508006DC0B8F1000F40F01081384637F0D7FC85B28D
S31508006DD03F2D00F20981206800F5805393F8562A62
S31508006DE00ABBC3F84C7A00F5D45700F5CE501C30D0
S31508006DF014F0F2F86A1C92B23846716837F032FC21
S31508006E00206800F5805393F8562AA2B1072ABDD107
S31508006E100022C3F84C7A83F8562A00F5CE501C3067
S31508006E2014F0DAF8B2E7072A40F05F81C3F84C7A23
S31508006E3083F8568AD7E7C3F84C7AEEE7284684499A
S31508006E402CF047FB80B17368002B40F0CD80236897
S31508006E5003F5805393F8562A072A00D9FEE77D4B97
S31508006E6003EB8203DA69A4E728467B492CF031FB59
S31508006E700746002800F08D80D6F804802568B8F10A
S31508006E80000F17D105F5805595F8556A66B1204665
S31508006E907249FFF7BDFE79E7D5F8501A204601EB8F
S31508006EA00311FFF765FE013695F8542AF3B29A42A4
S31508006EB0F2D86BE7404669492CF00BFB10B305F591
S31508006EC0805494F8553A002B7FF460AF05F5CE55FB
S31508006ED01C35284613F0A6FF002857D1604BD3F877
S31508006EE034374BB9A4F8E039C4F8503A4FF48073F4
S31508006EF02846A4F8543A93E7DA7C6FF34102DA7429
S31508006F005B69EEE702AF394640462CF017FD0028CC
S31508006F103CD1B068A8B306A92CF010FDB0BBF36845
S31508006F209BBB4FF00208266841F6DC1906EB090AF6
S31508006F30504613F077FF48BB06F5805686F8550A83
S31508006F4005F5D6555046C6F8507A86F8548A14F090
S31508006F5043F8394628464FEA081237F083FB246877
S31508006F60A144484613F05EFF00287FF40FAF04F5EE
S31508006F70805383F8550AC3F8505A484683F8548A0A
S31508006F804EE74FF001082668CEE703200AB0BDE8B1
S31508006F90F087284633492CF09CFA002864D070689C
S31508006FA08DF808708DF8077068B923689DF8084051
S31508006FB003F5CE5003F5805393F8561A1C3007296B
S31508006FC014D11820E2E702A92CF07AFC0028DDD1BA
S31508006FD0B0680028E9D00DF107012CF071FC0028F3
S31508006FE0D4D1F368002BE0D00720CFE70A1F012A87
S31508006FF006D893F8DD29C2F30012A2423FF4C6AEC2
S31508007000042693F8DD299DF8075064F3041283F8E3
S31508007010DD29D3F8582A3AB969B97DB9072283F820
S31508007020562A13F09CFFB1E6D47D043C012C88BF98
S31508007030D675D269EFE704293FF4F2AE042283F845
S31508007040562AEDE64C180408E12C04082C16040808
S31508007050F71B04083C30040862380408FB2C0408B3
S31508007060F02F0020E60D0408284622492CF031FAB4
S3150800707000283CD07368002BB6D1256805F58056E4
S3150800708096F8DC3905F5CE55023B032B05F11C05B0
S3150800709003D80421284613F0D8FE96F8DD390021D6
S315080070A06FF3030386F8DD394FF4E163C6F8E43974
S315080070B00023C6F8583A2B676B67AB6796F8563ABB
S315080070C0072B1CBF072386F8563A236803F5805218
S315080070D0C2F8001B03F5D75103F5E0530431143306
S315080070E0C2F8301CC2F8E03A50E60D204EE72320DD
S315080070F04CE700BF1B1604082DE9F74305460E4664
S315080071001446DFF86C8014B903B0BDE8F083236831
S3150800711042460093636831462846FFF75FFDA36839
S315080071207BB9E17D072910D9FEE749462846FFF7CE
S31508007130F3FBA368BAB253F822200137002AF4D128
S31508007140EFE70027DFF82C90F3E7074A238A02EBDC
S315080071508102A18A28460191618AD2690091034970
S31508007160FFF756FDE469CEE73C3004081C2D0408F9
S31508007170002D0408182D0408034A044B00290CBFE7
S315080071801146194644E500BFB21D0408492D0408F6
S3150800719010B50C685CB9036803F5805393F8DC19DD
S315080071A0003918BF0121FFF7E7FF204610BD072069
S315080071B0FCE70CB473B5044606AD55F8046B094BE9
S315080071C00A460949FFF7A8FB2A4631462046019593
S315080071D0FFF79AFB2046FFF7ACFB02B0BDE870400C
S315080071E002B070477F460408532D04082DE9F04F76
S315080071F005460E461C461746DFF890B085B003F1E3
S31508007200FF3802EB81094F4517D128461C49FFF77D
S31508007210FFFCDFF87090DFF8788026444946284658
S31508007220FFF77AFB14F8017B17BBB442F6D1284660
S31508007230144905B0BDE8F04FEAE457F8043B18F8DE
S3150800724001AF1846039337F099FA02305045039B6D
S3150800725006D859462846CAF10102FFF75DFBD2E770
S3150800726000935346284608495A42FFF755FBCAE792
S3150800727041462846013FFFF74FFBFFB2D4E700BF60
S31508007280021604085E2D0408572D0408512D04081B
S31508007290BC45040870B506680D46304607492CF00B
S315080072A018F9044620B9304605492CF012F910B1F0
S315080072B000202C7070BD2320FCE700BF602D040859
S315080072C0672D04080A6813B50B46044662B90368B5
S315080072D003F5805393F87C1A003918BF0121FFF78C
S315080072E04BFF002002B010BD18460DF10701FFF74D
S315080072F0D1FF0028F6D124689DF8071004F58053BD
S31508007300A1B193F87C2AC3F8740AC3F8780A002A4C
S31508007310E7D1012204F5CE541C34204683F87C2A92
S3150800732014F006F8204616F01DFCDAE793F87C2AD6
S31508007330002AD6D083F87C1AD3E710B50C680B461A
S315080073402CB1BDE8104000F108011846A2E7017A01
S31508007350FFF712FF204610BD10B50C680B462CB17E
S31508007360BDE8104000F10801184693E7017AFFF7D7
S3150800737003FF204610BD2DE9F041804608680F46F8
S3150800738016461D4688B008B311462CF0D7FA0023D6
S3150800739004462B7098B1396891B101A825F0AEFA68
S315080073A070B908F50C5002A934301DF0DCFE58B946
S315080073B0304601AA02A916F058FB01232B700024B7
S315080073C0204608B0BDE8F0810D24F9E70724F7E761
S315080073D0F0B587B00DF10303044601AA00680D460F
S315080073E0FFF7C9FF034668BB9DF803303BB120464B
S315080073F01749FFF791FA204601A9FFF7B9FB05AF30
S31508007400394668682CF0B1FA0346D8B9AA68E2B9D1
S31508007410254655F81ECB01AA164603CEBE4228605D
S315080074206960324605F10805F6D132882A80A28BB2
S3150800743042B904F10C020CF5B4501146183015F097
S31508007440B7F90346184607B0F0BD0723FAE700BFA9
S315080074506F2D0408102208B538F0DAF8B0FA80F073
S31508007460400908BD0FB407B504AA52F8041B04481E
S31508007470019225F0F8FF03B05DF804EB04B07047FD
S31508007480783004080023036043607047F8B5C1F3F9
S315080074904003C1F300025B0043EAC203C1F3800163
S315080074A00B4399075AB247D400F5005595F85B7017
S315080074B042F004039F4224D000F5015418342046B4
S315080074C085F85B3014F048FF95F8596030462CF083
S315080074D04EF8C0B195F85B1095F85830C7F34002DE
S315080074E0C1F340008242C3F3C00304D15BB93A0733
S315080074F009D50B0707D400232046A5F8803115F0D7
S31508007500A3FB0020F8BD012E0BD100262046A5F8C6
S31508007510806115F015FB314604F5907015F002F8F8
S31508007520EFE7022EEDD12046B5F85C1016F084F987
S3150800753020462EF0A9F9E4E70720E3E7036823B914
S315080075401720B0FA80F040097047994201D01B6BAA
S31508007550F5E70020F5E713B50146024651F80C0B8E
S3150800756000F5B45400F5B5501834FFF7E7FF38B9FD
S31508007570009220460122034B13F05EFF02B010BDB5
S315080075801820FBE7617A000808B50AF09DFC08BDDB
S3150800759001F1100351F8042B994240F8042BF9D154
S315080075A07047313020F001000078C0F301107047B1
S315080075B008B5FFF7F6FFB0FA80F0400908BD836DFD
S315080075C018472622002136F02EBE030E0B70030C38
S315080075D04B70030A8B70C870704708B50246FFF7F0
S315080075E0E7FF30B1313222F001025078831E58424B
S315080075F0584108BD1422002136F015BE2DE9F84F72
S315080076000746884691469A464FF0000B0A9D0BEBB3
S315080076100904661006FB0A8638463146A84700283C
S31508007620C4F34F0407D0D2BFA14601341FFA84FB26
S31508007630CB45ECD300263046BDE8F88F0023F0B5DD
S31508007640441E184601392AB91BB1024492B2904227
S3150800765011D1F0BD14F8017F11F8016F082A1546FB
S3150800766028BF0825B74287EA0603EDD12844521BEE
S3150800767080B292B2E7E71906EBD45B000130DBB2C1
S3150800768080B2E4E725289DBF024B03EB8003986C84
S31508007690014870473C300408982D0408F8B5069D43
S315080076A01C462B7A0F46164613B3FFF7EBFF17490E
S315080076B002462846FFF7ACFA28461549FFF7A8FA06
S315080076C03A4604212846FFF703FB28461149FFF7E7
S315080076D09FFA324604212846FFF70EFD4CB128468C
S315080076E00D49FFF795FA224604212846FFF704FDBF
S315080076F004B9F8BD2B68E26903F58053D3F8E01A9C
S31508007700E161C3F8E04A1446F2E700BFA92D040870
S31508007710C82D0408D32D0408E12D040800BA7047C3
S3150800772008B50346D1E9000252BA1A80FFF7F6FFF8
S315080077308A7AC3F80200088942EA400252BADA8015
S3150800774008BD838870B50446C0889E1886421546CB
S3150800775008D82068184436F085FF0020A3881D4401
S31508007760A58070BD0320FCE707B549BAADF8061039
S3150800777002220DF10601FFF7E4FF03B05DF804FBF2
S315080077800122DEE738B50446A38808469342154623
S315080077900AD3216836F066FF0020A38822685B1B9F
S315080077A02A442260A38038BD0620FCE70122E9E7C7
S315080077B010B502220C46FFF7E5FF10B923885BBA1D
S315080077C0238010BD4368036003B1DB6943607047DB
S315080077D038B5436A044623B1002202214262826A0E
S315080077E09847236A9C4200D0FEE7094A02F5805171
S315080077F0D56DB1F860362068013B25609BB22546F9
S3150800780018B9D465A1F8603638BD0446F3E700BF59
S31508007810F01F0020C3892DE9F04101EB03081FFA88
S3150800782088F8434504460D4602D90320BDE8F08191
S3150800783006465027B845336815D8002214483260E2
S3150800784000F5805CC66DBCF860164F1EBFB2C3B9A2
S3150800785012B1C665ACF86016A3890020AB426581F3
S3150800786088BFA581E2E71BB17C373668BFB2E1E77E
S315080078706079C0F341002BF041FB30600028F3D15A
S31508007880D3E71A6839461E601E4613460122DCE70E
S31508007890F01F0020F8B500F1310424F00104054674
S315080078A020460F461646FFF7A5FE2378042103F067
S315080078B03F0343F04003237000232846AB8121820F
S315080078C0FFF7A8FF2378667023F0300343EA071111
S315080078D02170F8BD70B500F1310525F001052B784A
S315080078E0064623F00F0302F00F000343284614460A
S315080078F000F8043B36F0B6FE2B8A3046E11889B20A
S315080079002982BDE8704085E7313121F001010A7806
S3150800791002F00F02082A00D9FEE70431DAE7838964
S3150800792042891944914200DDFEE789B2914281817C
S3150800793000D9FEE7704743898B4200D2FEE75B1AFF
S3150800794043818389C2898B4294BF00235B1A0A4408
S3150800795088BF9BB2C2818381704770B54489A142B2
S3150800796030D215880D44AEB2B14201D8A54201DB2A
S31508007970641A1480C4899860214489B24F29044640
S3150800798010D830304418C1F1500189B29980108856
S315080079901C60814228BF0146998011889B88CB1AB2
S315080079A0138070BD5039246889B20CB99C60FEE713
S315080079B07B2905D89C6004340C44C1F17C01E4E7BA
S315080079C07C39F0E70021E7E770B5154686B0ADF8D3
S315080079D006300DF1060203ABFFF7BFFF2C46BDF8D4
S315080079E010601EB9601B80B206B070BD039932469E
S315080079F0204636F037FE03A90DF10600344429F077
S31508007A003FFDECE770B5054616460C468B894A8954
S31508007A10ADF5BC6DD21A0F49FEF77EFF284606F172
S31508007A201001FFF78BF82846728C0B4901AEFEF75A
S31508007A3073FF3246A18940F2DB532046FFF7C4FFA5
S31508007A4000233246335405492846FFF7E1F80DF579
S31508007A50BC6D70BDF72D0408062E04082C16040804
S31508007A60D0E738B54589CC18AC4203DCFFF7ACFF44
S31508007A70002038BD0620FCE7024608464989382317
S31508007A80383989B2EDE70246084649892C232C394C
S31508007A9089B2E6E770B51646313104688CB021F034
S31508007AA0010514B920460CB070BD04F1310323F06A
S31508007AB001036A885B889A4212D102A8FFF781FD02
S31508007AC0214601A8FFF7DFFFBDF82A20738C9A42EA
S31508007AD006D106F1100106A8FFF7BCFC0028E1D183
S31508007AE0E469DEE738B504460D460B4601890068A9
S31508007AF0FFF7B7FF10B923891D44258138BD0B88C8
S31508007B0013B50C2B0C460BD90D2B0CD101210DF1FD
S31508007B100602FFF7E7FF20B99DF806300D332380EC
S31508007B20002002B010BD0E2B0CD102210DF1060269
S31508007B30FFF7D8FF0028F4D1BDF806305BBA03F288
S31508007B400D13ECE70620ECE773B54FF6FF76C3880E
S31508007B500446B34206D001210DF10302FFF7C2FF26
S31508007B6018B1E680002002B070BD9DF80350FF2DC5
S31508007B700CD1236822895B89E6809A42F2D30620D3
S31508007B804FF6FF73E38000232381ECE72B09204699
S31508007B900DF10601ADF80630FFF7B1FF0028EFD169
S31508007BA005F00F05204601A9ADF80450FFF7A7FF19
S31508007BB00028E5D1216823894989BDF80420C91A16
S31508007BC08A42DCDC1344BDF806102381A388E280D0
S31508007BD00B44A380C6E730B401F1310222F001025A
S31508007BE0D48912784D8902F00F0204322244954254
S31508007BF04FF0000404D3C0E9001430BC0281A3E7A7
S31508007C004FF6FF720481C28030BC0620704710B45C
S31508007C104C889C4203D309885DF8044B21E706206B
S31508007C205DF8044B70472DE9F04786B017461C46A9
S31508007C30ADF806300DF1060203ABDDF83880FFF724
S31508007C408CFEBDF810507DB1039EB8F1000F11D01F
S31508007C50B94606EB050AB24513D019F8011B16F802
S31508007C60010BC0470028F6D1B4FA84F0400906B0E3
S31508007C70BDE8F0872A463946304637F0C9FC002861
S31508007C80F2D12F4403A9651B0DF10600ACB229F009
S31508007C90F7FBD6E770B586B0ADF806300B44144648
S31508007CA09AB2914200D9FEE74289934200DDFEE787
S31508007CB003AB0DF10602FFF750FEBDF810500DB9E3
S31508007CC006B070BD21462A46039836F050FC03A933
S31508007CD00DF106002C4429F0D3FBEEE770B500F150
S31508007CE0310424F00104A37C05465BB14389218A4B
S31508007CF0994207D1012994BF491A01F1FF3189B286
S31508007D00FFF788FD2378224603F00F032846BDE8CF
S31508007D10704000210433BDE72DE9F041B0F80A8030
S31508007D200F4602EB080399B24145054616460CD3A1
S31508007D30FFF770FD044628B933463A4641462846B9
S31508007D40FFF7A8FF2046BDE8F0810324FAE72DE9EE
S31508007D50F043074601239BB057F80C4B8DF80530C6
S31508007D60037A0646884604F5B55039468DF8043038
S31508007D70FFF7E4FB002800F0B6802622002103A8BE
S31508007D8036F051FAD8F80830EBB1204641460DAB2B
S31508007D9007AAFFF7F0FA0446002843D19DF83430C5
S31508007DA03BB130465349FEF7B7FD304607A9FEF703
S31508007DB0DFFED8F804000DF12E012BF0D6FD04469F
S31508007DC080BB08F10808082001A92BF021F905460F
S31508007DD0002800F08A80D8F80040474920462BF052
S31508007DE078FB00283ED0D8F804000DA92BF0BDFD7D
S31508007DF0044600283FD13023BDF834808DF808307A
S31508007E00B8F1000F12D16B79306813F0180F31D022
S31508007E1000F5B4502A46394603AB183014F0A8FFCB
S31508007E20044640BB20461BB0BDE8F0830122284625
S31508007E3002A9FFF771FF0446E8B99DF808305A2BE6
S31508007E400AD07A2B0AD0392B0AD00133DBB208F1D3
S31508007E50FF381FFA88F8D1E76123F8E73023F6E7F9
S31508007E604123F4E7204625492BF033FB20B3D8F805
S31508007E70043023B907242846FFF7AAFCD2E74FF0B7
S31508007E803209029302230DAA0DF1060102A8ADF8E4
S31508007E90069019F0B7F8804608B1242827D1284655
S31508007EA0BDF806200DA9FFF737FF04460028E2D1E2
S31508007EB0B8F1000FE6D1A6E7204611492BF009FBD9
S31508007EC008B108F10408D8F80040002CD2D02046A2
S31508007ED036F054FC214682B22846FFF71DFF0446B9
S31508007EE0002890D0C7E70D249CE703249AE70446A8
S31508007EF0C1E700BF0B2E0408312E0408DD1B040859
S31508007F00342E0408012207E7FF2313B58DF807303E
S31508007F1043890446B3F5007F0FD20DF10701FFF739
S31508007F20F1FF40B9012204F1310323F001039A74E9
S31508007F3062891A82A28102B010BD0320FBE703788A
S31508007F401BB1012B03D0002070474068E4E60430DB
S31508007F50FFF7F7BB2DE9F04114469A180E4691B281
S31508007F6086B08C420546ADF8063029D8718991420B
S31508007F7028DBB0F80A80434499B2414524D3FFF779
S31508007F8049FC074648B92146304603AB0DF10602BF
S31508007F90FFF7E3FCBDF810401CB9384606B0BDE84B
S31508007FA0F081234641462846039AFFF773FE444468
S31508007FB003A90DF106001FFA84F829F061FAE9E72A
S31508007FC00727EAE70627E8E70327E6E7F8B50446BA
S31508007FD00E46154600F13007E3899D420BD85B1B18
S31508007FE06289E381A3892A442B4492B29BB29A42BE
S31508007FF0628117D2FEE76079C0F341002AF07EFF5E
S31508008000C8B123680360E38920604F2B06D8303057
S31508008010C3F15002F918184436F024FBE3897C337F
S31508008020E381D9E72046A38132462B460021FFF794
S3150800803031FE0020F8BD0320FCE773B50546037939
S315080080406E8940798E42C0F3410228BF0E46C3F3BB
S3150800805040038DF80520E98901AA40098DF8043006
S315080080602AF08CFF0446002832D0334600222946DF
S31508008070FFF770FF48BBAB896289B34228BF334616
S315080080809A4200D2FEE7A381AA79A37962F3030391
S31508008090A3712B792279DB0963F3C71222716B79F5
S315080080A06279C3F3C10363F3C4026271AB69A36166
S315080080B02B8A23826B8A63822B7A2372AB8DA385E4
S315080080C0EB8DE385204602B070BD2046FFF780FBA6
S315080080D00024F7E710B50446FFF7AFFF98B104F19F
S315080080E0310300F1310223F0010322F0010203F10A
S315080080F0100153F8044B8B4242F8044BF9D1198806
S3150800810011809B78937010BD0368994204BFCB69B0
S3150800811003604368994204BF0B6A43600B6A0BB15C
S31508008120CA69DA61CB690BB10A6A1A6200220B794D
S31508008130C1E9072162F382030B71704710B5FFF797
S31508008140E3FFBDE810400846FFF742BB10B50446FA
S31508008150216801B910BD2046FFF7F0FFF8E702468F
S3150800816008B50846FFF78EF9126802B908BD0388F4
S31508008170116801330380012341B941880B444380C8
S3150800818051894368D2690B444360EEE701330968B5
S31508008190DBB2F1E70B7910B55B0700D4FEE74B7944
S315080081A0C3F3410300EB83025468A14209D10C6A68
S315080081B0546034B16479C4F341049C421CBF002363
S315080081C053600368994204BFCB690360CB690BB15E
S315080081D00A6A1A620B6A0BB1CA69DA6100220B795C
S315080081E0C1E9072162F382030B7110BD024608B587
S315080081F00846FFF747F9126802B908BD03881168EF
S3150800820001330380012341B941880B4443805189D6
S315080082104368D2690B444360EEE701330968DBB271
S31508008220F1E74A7970B5C2F3410214460B79061D87
S3150800823043F004030B7156F824301BB90134E5B238
S31508008240042DF8D10B624BB90368CB610160CB6989
S3150800825003B1196200EB8200416070BDDC69CC6134
S31508008260D961F4E743880288994228BF194612FA69
S3150800827081F25B1A028043807047084A138803B963
S31508008280FEE748F24E305368A3FB003010EB53006C
S3150800829044BF20F000400130506070473856002037
S315080082A0814210B5044600D8FEE7FFF7E6FF091B32
S315080082B0B0FBF1F303FB1100204410BD38B50D46A1
S315080082C0814288BF85B26900044601310020FFF764
S315080082D0E7FF2044401B38BD10B540B10023441EBB
S315080082E098B2814203D90133E25C002AF8D110BD65
S315080082F00139013811F8012F10F8013F3AB9002B5E
S3150800830014BF01200220831E5842584170479A42E2
S31508008310F0D00020F7E72DE9F04F0C6807460E4627
S3150800832085B04CB90368214603F58053D3F8582A1B
S31508008330FEF7E2FE002444E02046A2492BF0C9F8E5
S31508008340002800F0F1803B6803F58053D3F8E05A23
S31508008350002D00F02981AB46EA690021C3F8E02A1E
S3150800836028464FF4987235F05EFF05F1340A05F594
S315080083708A734BF894ABAB6005F12803EB600123D5
S3150800838005F1D408C5F804B0AB75C5F82C8005F11D
S3150800839010094946F0682BF0E8FA044648B97168AE
S315080083A00846019136F0EAF9421C402A01990CD98F
S315080083B007243B6803F58053D3F8E02AEA61C3F83B
S315080083C0E05A204605B0BDE8F08F584636F04AF91F
S315080083D0D6F808B0584636F0D1F9421C602AE7D8D4
S315080083E05946504636F03EF92C21504636F0A6F945
S315080083F078B94946F0682BF0B8FA04460028D8D16F
S315080084003069B8B97069E8B9B4691CBB0023AB75A3
S3150800841033E005F5887A05F5947B00F8014B2C21A5
S315080084204AF8040F36F08AF90028E2D0D345F4D189
S315080084300324BEE705F112012BF097FA044600283B
S31508008440E0D0B6E705F114012BF08FFA04460028B0
S31508008450DAD0AEE720465C492BF03BF80028D5D1A8
S3150800846029464023424621F8303F03A801230394B6
S3150800847018F0C8FD044600289BD1F069002830D1C1
S31508008480306A002835D13E6806F58059D9F8588AE9
S315080084904446002C3AD12B68002B89D06B68002BF8
S315080084A086D0EB6813B9AB7D002B81D107232A6AE6
S315080084B0EB75464BC5F81C809A4294BF2A622B621C
S315080084C06A6A00219A4294BF6A626B622846C9F8B2
S315080084D0585A12F070FC06F5CE501C3012F07CFD8E
S315080084E028E705F1200118F0F2FD04460028C7D058
S315080084F05FE705F1240118F0EAFD044600287FF439
S3150800850058AF736A002B7FF453AFBCE7296820681D
S31508008510FFF7EEFE20B169686068FFF7E9FE08B963
S31508008520E469B6E7182444E7204629492AF0D1FF2A
S31508008530814628B9204627492AF0CBFF002835D09E
S31508008540B3680193002B33D0D6F80CB0BBF1000FFB
S315080085502ED1D7F8008008F5805ADAF8585A2C46F2
S315080085600CB917242DE7616870682AF0B2FF28B1A4
S31508008570216801982AF0ADFF002846D1E469EFE7A3
S31508008580AC4217D0ED69002DFAD1EAE79C4223D018
S315080085909B46DB69002BF9D1E3E7DBF81C3013B304
S315080085A0DB69CBF81C301EE003240AE7232408E71E
S315080085B0072406E7E37D043B012B8FD90423E375E3
S315080085C08CE700BF430D0408BC4504089AC4200084
S315080085D0E60D04081B160408BBF1000FDDD115B122
S315080085E0EB69CAF8583A0023E361E37D072B1CBF01
S315080085F00723E37512F0F0FC3B6803F58053D3F8C4
S31508008600E02AE261C3F8E04A94E608F5CE501C3049
S31508008610B9F1000FB7D12B46BCE7A0F14103052BF2
S3150800862004D83738C0B2087000207047A0F161033B
S31508008630052B01D85738F5E73038C0B20928F2D9E2
S315080086400720704770B504460E46E58813468288AB
S315080086500068AA4234BFA91A0021104432462DF0F8
S315080086606BFE002800DAFEE7A388E288184480B289
S31508008670904228BF2368A08022BF9B18002203F8D7
S31508008680012C204670BD0EB417B5044605AA52F84B
S31508008690041B0192FFF7D6FF204603B0BDE8104041
S315080086A003B070474FF434132DE9F04794B00293A2
S315080086B0002303AA06460C460D46914691F810C0BB
S315080086C08DF820300CF10703DB100DF120085F1C34
S315080086D0CDF804807F0801F1100A96462868696873
S315080086E00835AEE8030055457246F6D129788EF866
S315080086F000106BB14FF0FF3103F14F026A4412F8D4
S31508008700440CCCEBC30C01FA0CF1014002F8441CF2
S31508008710102BC3F1100292B209EB030088BF0022A6
S31508008720002135F080FD3A46484601A912F03BFA89
S31508008730237C0733772B03D8084901A8FFF7A3FF43
S31508008740227C074901A8FFF79EFF424630460549A5
S31508008750FEF7E2F814B0BDE8F08700BF372E04082C
S315080087603A2E04082C16040870B506460D46002451
S31508008770AC4201D3012070BD305D0134030605D437
S315080087802DF0CAFD0028F3D00020F4E710F04003CE
S31508008790FAD0810612D5C20612D50307F4D40323EC
S315080087A007E0AC42F0D0325D013402F0C002802A04
S315080087B0EAD1013BDBB2FF2BF3D1D9E70123F8E776
S315080087C00223F6E743684BB9054B5A6812B9586055
S315080087D0406070475168416050605860704700BFFC
S315080087E0F01F002003685A1A11EA220138BF1946F9
S315080087F043685A1A13EA220338BF0B464360704788
S315080088004160024A01460248FDF722BE403004088C
S31508008810F81F00202DE9F341734C04214FF47A70B8
S31508008820E56CFFF74BFD291804F14800FFF7E8FF50
S31508008830636CD80716D5FEF7A7FE04F580560546DD
S31508008840D6F8E01F68462AF08CFF04F5FF5704F5B2
S3150800885000580099002940F08180D6F8E00F08B941
S3150800886024F084F8636C990625D5604D95F89D34F7
S315080088707BB1FEF789FED5F8A03403F5C333A033E0
S315080088801B1A002BBEBF95F8BE3443F0010385F8CA
S31508008890BE3495F8C714B5F8C43495F8C62400292B
S315080088A070D1002A40F08380002B40F08780D5F8ED
S315080088B0C4042AF0A7FE636C5A0620D54B4EB6F8B8
S315080088C07C3443B1013B9BB2A6F87C341BB906F550
S315080088D08F601CF0AFF8D6F878546DB1013DC6F834
S315080088E078544DB9022023F0DDFC414829461CF096
S315080088F07BF9284623F046FD3D4817F0BBFE636C1E
S31508008900DB056ED50020034605463A49A1F2A46662
S31508008910CA787AB1013AD2B2CA7032B1086806EB9F
S315080089208302C2F8A406012001330135232D01F183
S315080089300401EDD1002104EB830404F5B554073492
S31508008940222B03DC14F8042B002A46D1002848D130
S31508008950082002B0BDE8F04124F008B88B69EB1A8C
S31508008960B3F5FA6F0AD34B7938465B0902BFD8F8D4
S3150800897020300133C8F82030FFF7E0FB6846FEF7E1
S3150800898021FF66E70139C9B285F8C714002988D1DD
S315080089901AB1013AD2B285F8C62423B1013B9BB27B
S315080089A0A5F8C4348BB11448FFF70CFF7FE7013AEA
S315080089B0D2B285F8C624002AEFD075E7013B9BB2F0
S315080089C0A5F8C434002B7FF472AF95F89D34002BBC
S315080089D0E9D0012385F89D34E5E704F8041C013342
S315080089E0AEE702B0BDE8F081F01F0020F03F00209E
S315080089F0684400209436002074440020002A00DAD7
S31508008A00FEE71144FCE638B50D460446FEF7BCFD04
S31508008A102A4601462046BDE83840EFE710B590F8EB
S31508008A202430044643B1012B01D1436983612046B2
S31508008A30A169BDE81040E6E74169B1EB510F4FEA7D
S31508008A40510001D9FFF72CFC0023A061E38384F8C9
S31508008A502530ECE710B590F8243004467BB1012B9D
S31508008A6008D10169C0680131FFF71AFC6061204628
S31508008A70FFF7D4FF2046236ABDE81040184790F850
S31508008A8025306BB1012BF5D1426922B10369991AD8
S31508008A908A4298BF530020466361BDE81040BDE78F
S31508008AA0012380F82530D0E90513C91AFFF7ABFF73
S31508008AB0E28BA38B9A42DDD310BD064B06485A6952
S31508008AC0196A914208BF9A6901F1804104BF0132CF
S31508008AD09A6195E6F01F00200C20002083689842D2
S31508008AE003D04368CB1A002B00DA89E670470146A3
S31508008AF0014A0248FDF786BC40300408F81F0020EA
S31508008B00D1E9003103F10043013B8B4200D077E6FF
S31508008B10EDE710B5044692B068462AF0EBFD6168A9
S31508008B2002A82AF01EFE029931B9694604F110001E
S31508008B30FFF7E6FF12B010BD04A8FEF79DFF6846D2
S31508008B400F99FFF74FFE02A8FEF73CFEEBE72DE96B
S31508008B50F0410546144604301E46069F9DF81C80C3
S31508008B60FFF7ECFA2846FFF7D4FF656A3DB143469E
S31508008B703A463146AC46A06ABDE8F0416047BDE8D2
S31508008B80F0812DE9F04192B004460D46416802A8ED
S31508008B902AF0E7FD0B274FF00008029E16B912B01F
S31508008BA0BDE8F081314604A8FEF766FF25B12946DF
S31508008BB004A8FEF74FFC38B1002331462046CDE91C
S31508008BC0008704AAFFF7C3FF02A8FEF7FBFDE4E748
S31508008BD02DE9F04F9FB00093289B0646084601935F
S31508008BE0FEF7DFFC02280C4617460CD0032801F1D5
S31508008BF0310300F0F280B28923F00103511C52BA06
S31508008C00B1815A8045E006A8FEF7DBFCFEF7BCFCFE
S31508008C103A4600F57130D83006F12C09059006ABB6
S31508008C2007F1200C1D4610685168083203C56245D5
S31508008C302B46F7D110682146286092884846AA80B4
S31508008C403A46FEF727FF054618BBF16A03A82AF03D
S31508008C5088FDAA46AB46DDF80C80B8F1000F40F057
S31508008C609C801FFA8AF3092B03D929464846FFF741
S31508008C7065FA20466189FFF72DFA054648B12C2288
S31508008C8005A9FFF749F8002800F09D802846FEF759
S31508008C909FFD2046FFF722F82046FEF789FC0028AC
S31508008CA000F0A280B4F80AB0BBF1000F00F0B6805D
S31508008CB010AB3D46994607F1100C1A4628686968B4
S31508008CC0083503C265451346F7D17B8C14AAADF85F
S31508008CD0603005F1100C134628686968083503C327
S31508008CE065451A46F7D1009A97F825301992019AE0
S31508008CF0C3F300131A92BDF874209B0222F49F62F4
S31508008D0022F0070243F00403134340F6B9314FF447
S31508008D10FA60ADF87430FFF7C3FA9DF875301C9009
S31508008D206FF3000320468DF87530FEF741FC9DF879
S31508008D30753060F341038DF87530FEF725FC9DF814
S31508008D40753059469B074CBF1C9B384B18441B90E3
S31508008D502046FFF7BFF9054600285AD0382249466B
S31508008D60FEF7DAFF002851D106F1040829464046E5
S31508008D7024F0C6FE3046FFF7CCFE21463A4630467A
S31508008D80FEF71DFC0446002844D040462946FFF756
S31508008D90D5F93046FFF7BDFE3CE011A8FEF711FCF9
S31508008DA0414610A8FEF76FFE25B1109AA2EB0B02FA
S31508008DB0002A02DA4546DDF840B003A8FEF702FDB0
S31508008DC00AF1010A47E72946484624F099FE05991B
S31508008DD006F13400FFF782FE5BE723F001035B78B8
S31508008DE0002B3FF456AFFEE72046FEF7DAFB0128D4
S31508008DF014D1009B93B104F1310323F0010393F8D6
S31508008E0000B00BF00F0B0BF1040B51E72846FEF7E9
S31508008E10DFFC032420461FB0BDE8F08F3A46214602
S31508008E2030461FB0BDE8F04FFEF7C9BB486B0100DE
S31508008E30002307B50093FFF7CBFE03B05DF804FBEC
S31508008E402DE9F0419CB0C568FEF79EFB064604A8CE
S31508008E50FEF7B7FB696802A82AF083FC1C274FF0C7
S31508008E600008029C2CB92846FFF753FE1CB0BDE843
S31508008E70F08121460EA8FEF7FFFD199BF31A002B79
S31508008E800EDB9DF86D309A0702D59DF86C305BB9FC
S31508008E90002321462846CDE900870EAAFFF757FE8C
S31508008EA002A8FEF78FFCDCE7013B8DF86C301A9BB5
S31508008EB061895B001A9333441993382338390DEBCB
S31508008EC00302204689B2FEF7E5FE9DF86D30DB0702
S31508008ED0E6D40DF1200C12AB0FCB8CE80F00BDF8D1
S31508008EE058300EA904A8ADF83230FEF751FB9DF8AC
S31508008EF06D309DF83520C3F3800363F304128DF8B3
S31508008F00352061892046383989B2FFF7E3F80446E7
S31508008F100028C5D0014604AA2846FEF750FB0028BB
S31508008F20BED02046FEF754FCBAE72DE9F04701F11A
S31508008F30310727F0010715467B1ACA891C3B9A4256
S31508008F4006460C4694B000D2FEE7B1F80C803846C7
S31508008F50FEF750FB04233A4641462046A7F80E8002
S31508008F60FEF77FFD00284DD13B7803F00F03082B51
S31508008F7048D808F1040120463A1D89B2FEF771FD6A
S31508008F8000283FD10DF1180821464046FEF723FE7A
S31508008F90002837D14FF6FF79BDF81E304B452CD146
S31508008FA0FB89BDF820102046C91A89B23982FEF716
S31508008FB0B6FC7B78013B032B35D9716803A82AF0E8
S31508008FC0D0FB05F1100ADDF80C90B9F1000F40F05E
S31508008FD0D480F36C002B40F00B812046FEF7E8FAAC
S31508008FE020B92046FEF7DDFA01285DD12B46224638
S31508008FF0032130462AF036FC56E04046FEF7A4FD2B
S315080090000028C9D02B78FF2B4ED02046FEF7D0FA81
S31508009010002849D02B4622460321304614B0BDE825
S31508009020F0472AF01FBC736ADBB92A46214606F1C7
S315080090302C00FEF72FFD38BB214603A8FEF7CBFD13
S315080090404FF6FF77002840F02981BDF81230BB4261
S3150800905063D0BDF810300B2B5FD003A8FEF774FD64
S31508009060F0E72946B26A98470028DED017281BD1B0
S315080090702B78FF2B18D02B4622468421304614B075
S31508009080BDE8F0472AF09EBB41892C3989B2FFF723
S3150800909021F8074640B1FEF721FE2A4639463046F2
S315080090A0FEF78DFA002857D114B0BDE8F08747457A
S315080090B016BF3A46424602F801ABD7180DF13901F8
S315080090C08F42F1D2BDF814100398C91A89B2FEF777
S315080090D07BFC03A8FEF738FD002840F0DF80BDF8CA
S315080090E012304B4503D0BDF810300B2BF1D1BDF82B
S315080090F012304B45DBD100233B70776D9FB9376A39
S31508009100CFB9736C23BB2B78FF2BCDD02B462246C9
S31508009110842130462AF056FBC6E747464FF6FF79C4
S315080091204FF02F0AE3E72B46224641463046B8471A
S315080091300028E4D0B8E741463868FFF7D9F828B1DF
S315080091402A4621467B68B8689847ADE7FF68D7E79F
S315080091502A462146B06CF7E7172808D12B78FF2B4B
S3150800916005D02B462246842130462AF02BFB38466A
S3150800917014B0BDE8F047FEF72BBB49464046FEF75C
S315080091807BFC51460AA8FEF765F920B1BDF83820E0
S315080091906B8C9A4207D09DF82830FF2B03D00CA879
S315080091A011F056FA00B32046FEF7FBF9012815D947
S315080091B00238C0B2012817D809F1310323F0010398
S315080091C05A887B889A420FD12046FEF7EAF9032887
S315080091D03FF66AAFDFE800F04F55211449462046AE
S315080091E0FDF7ACFA0028EFD103A8FEF7EBFAEAE69A
S315080091F02A462146306D984700287FF455AFECE69D
S315080092007B78002B7FF450AF0B22CDE90032424623
S3150800921049463046FFF79BFC46E77B78E3B99DF85D
S315080092204D309A070CD543F001038DF84D30B9F847
S315080092300A10382338394246484689B2FEF72AFDCD
S315080092400F9B002B7FF430AF301D4946FEF776FFA3
S315080092503046FFF75EFC27E73F2B7FF625AF4946EA
S315080092602046FDF76BFA00283FF41EAF0023CDE930
S3150800927000532346CBE72B462246022130462AF0E6
S31508009280F1FA0F9F002FF1D09DF82830FF2BEDD172
S3150800929000232A4621461098B84705E717283FF4C1
S315080092A032AF01E730B5C46891B001A82AF022FAB6
S315080092B0216803A82AF055FA039D35B901A904F1D6
S315080092C00800FFF71DFC11B030BD06A8FEF779F9B6
S315080092D0294605A8FEF7D7FB0599019B5B1A002BC3
S315080092E007DB29462046FEF729FF03A8FEF76AFA98
S315080092F0E2E701A8FFF776FAF7E74160024A014676
S315080093000248FDF7A5B800BF4C300408FC1F002032
S3150800931010B5274C94F87E3E033B032B46D8DFE86E
S3150800932003F002061713BDE8104023F097BDD4F8E2
S31508009330943E987928F026F9D4F8940E0E22BDE8C2
S315080093401040002127F058BABDE8104023F0B4BDFC
S31508009350B4F87C3E9B0700D5FEE723F0BDFB7F28CB
S3150800936007D094F98F3E7F2B01D0984201DD84F80F
S315080093708F0EFEF709F9D4F8903EC01A002806DACF
S31508009380D4F8E01E0B488031BDE81040B5E794F8E4
S315080093907E3E94F98F0E022B1CBF022384F87E3E74
S315080093A023F0D2FBBDE8104027F0F7BB10BD00BF85
S315080093B0F02F0020CC3E00200146024A0248FDF765
S315080093C021B800BF4C300408FC1F00204378FF2B4F
S315080093D004D1408840BA80B204307047981C704760
S315080093E038B505460C46FFF7F1FF294682B22046F6
S315080093F0BDE83840FEF790BCF7B50E46174604465A
S3150800940002236A4639463046FEF701FC054680B90E
S315080094109DF8003023709DF80130FF2B0CD00221F7
S31508009420607002333A68C4F80220A288934214D9BD
S315080094300625284603B0F0BD0423394630460DEB11
S315080094400302FEF7E4FBD8B901236370BDF80630C2
S3150800945004215BBA9BB20433E4E79BB2934228BF6C
S3150800946013466288A380134472899BB29A42DFD35B
S31508009470D4F80230A01DC4F80630FEF7F3FED8E78C
S315080094800546D6E773B58B890D4649891646ADF864
S31508009490043099422CBFC3EB0102C3EB0302DB4342
S315080094A092B29BB2934228BF13460446ADF80630E3
S315080094B02946204601AAFFF79FFF38B92378B34209
S315080094C005D0A18801A8FEF7CDFEF1E7172002B066
S315080094D070BDF0B585B0054616460A46014601A890
S315080094E01F46FFF7CFFF044650B9BDF808203B4694
S315080094F0B24228BF32462846BDF806102AF004F9BB
S31508009500204605B0F0BD1FB514460A46014601A817
S31508009510FFF7B8FF10B9DDF80A30236004B010BDB4
S31508009520F0B51746428985B0ADF800101E468A4246
S315080095302CBFC1EB0203C1EB0103C9439BB289B23D
S31508009540994228BF19460546ADF802106A460146F3
S3150800955001A8FFF751FF044660B9BDF80C20334651
S31508009560974228BF174628463A46BDF80A102AF0F9
S31508009570CBF8F455204605B0F0BDF0B5174642893C
S3150800958085B0ADF800101E468A422CBFC1EB020317
S31508009590C1EB0103C9439BB289B2994228BF194658
S315080095A00546ADF802106A46014601A8FFF724FFF2
S315080095B0044660B9BDF80C2096420BD8B2423B4629
S315080095C028BF32462846BDF80A102AF09DF82046DC
S315080095D005B0F0BD0624FAE710B502231446FFF7D6
S315080095E0CCFF10B923885BBA238010BD042310B5BD
S315080095F01446FFF7C2FF034618B92068FEF78EF82F
S315080096002060184610BD30B585B0044615460A4692
S31508009610014601A8FFF736FF40B901232A4620462E
S31508009620BDF8061005B0BDE83040A6E705B030BD68
S31508009630002213B504468DF80720084663B91021A1
S315080096400DF10702FFF7DFFF0346C8B99DF80720AB
S31508009650B2B1FF2A08BF2523002062786FF34102C2
S315080096606270D4E9092160620AB11846904741F24E
S31508009670883104F1180002B0BDE81040FFF7C3B9FD
S315080096800623E9E730B585B0044615460A4601467D
S3150800969001A8FFF7F7FE38B92A462046BDF8061096
S315080096A005B0BDE8304097E705B030BD30B585B0A8
S315080096B0044615460A46014601A8FFF7E3FE38B9EF
S315080096C02A462046BDF8061005B0BDE830408DE7AD
S315080096D005B030BD73B5154601AA04461E46FFF708
S315080096E012FF28B933462A46204601A9FEF78FFA03
S315080096F002B070BD10B5044601448C4202D3002462
S31508009700204610BDA31C9942F9D36378FF2B02D1DA
S31508009710231D9942F3D32046FFF758FE2044814281
S31508009720EDD323789342EBD00446E6E70222FEF710
S31508009730F3BAFF2B73B5054616461C4614D1042208
S315080097408DF805304FF47F438DF804100DEB0201B8
S31508009750ADF80630FEF7E0FA20B92246314628462B
S31508009760FEF7DAFA02B070BD8DF8001069468DF87A
S315080097700130FFF7DBFF0028F4D1002CF2D0ECE72C
S3150800978070B505460E461C46114618460BB1FEF73F
S31508009790A3FD22463146C3B22846BDE87040C8E755
S315080097A007B501238DF807200DF10702FFF7C1FF62
S315080097B003B05DF804FB07B552BAADF806200223DC
S315080097C00DF10602FFF7B5FF03B05DF804FB13B50C
S315080097D004461046FDF7A2FF042301900DEB030291
S315080097E02046FFF7A6FF02B010BD10B50446FDF7E8
S315080097F0CBFED4E90031E268C01A9A4202D10028A9
S31508009800A8BF013110BD2DE9F3411E461C4B044685
S3150800981083424FF000038B4115460AD216A3D3E9BB
S31508009820002334F00FFB1749144602462846FEF774
S315080098302AFF154B4EF66021B4FBF3F203FB1244E4
S31508009840B4FBF1F34FF47A7801FB1344B4FBF8F751
S3150800985028460E490097FEF716FF46B1284608FB2C
S3150800986017420B4902B0BDE8F041FEF70CBF02B043
S31508009870BDE8F081AFF30080005C2605000000001B
S31508009880FF5B26053E2E040880EE3600442E0408AB
S31508009890532E040813B5006850B14AB141B10023EC
S315080098A00068019301AB28F027F90CF091FD00B18F
S315080098B0FEE702B010BD2DE9F843436C1546134484
S315080098C0026C044693420E461AD84FF000084F1908
S315080098D000F11009B74214D1636C1D44236C65640A
S315080098E09D420BD1B4F850302BB104F11002114649
S315080098F02046FFF7CFFF0023A4F85030BDE8F883D1
S31508009900FEE7B4F85030102B06D14A4649462046A1
S31508009910FFF7C0FFA4F85080B4F850305A1CA4F8DA
S315080099205020234416F8010B1A7C50401874D1E7CE
S315080099302DE9F04F1D4685B09DF8383091460293C3
S31508009940C36C826C2B4493420446884629D86FF030
S31508009950200B0F46CA466B18019300F12003ABEBA8
S31508009960000B0393019B9F421CD1E36C1D44A36C1F
S31508009970E5649D426CD3B4F850302BB104F1100263
S3150800998011462046FFF786FF002194F8542002F17D
S3150800999021002044C2F10F0205B0BDE8F04F34F0B3
S315080099A042BCFEE7B4F85220102A16D104F1300062
S315080099B0024694F854600BEB00018E4206DA10F862
S315080099C0011D0131C9B201700029F4D0204603995E
S315080099D0FFF760FF0022A4F85220029B43BB3E78A3
S315080099E0B9F1000F0AD0B4F85220511CA4F852104D
S315080099F0224492F8302072408AF80020B4F85020A9
S31508009A00102A08D104F1100211462046FFF742FF3A
S31508009A100022A4F85020B4F850200137511CA4F8AD
S31508009A2050102244117C0AF1010A4E40167499E737
S31508009A30B4F852209AF80060511CA4F85210224437
S31508009A4092F830205640B8F1000FD7D03E70D5E7CF
S31508009A5005B0BDE8F08F38B5D0E912329A4204460F
S31508009A600D4600D0FEE700F1300200F12001FFF7B5
S31508009A7011FF002304F10F0294F855108B4200DB06
S31508009A8038BD12F8011F92F820004140E95401330D
S31508009A90F2E72DE9F04F056889461746A5B0002D6F
S31508009AA000F020812B68002B00F01F81042B33D097
S31508009AB0052B36D0012B40F0DF80A868002800F07F
S31508009AC00E818D4B20F47E149C421AD1EB680BB1A3
S31508009AD0E86C38B989481CF0FCFB0446002800F0FD
S31508009AE0F08038E01FF034FE10F1860F06D000280B
S31508009AF0F1D09330EED16FF06F00ECE76FF07100A4
S31508009B00E9E77F4B0340B3F1607F40F0E88005F159
S31508009B1010001FF04DFDE0E705F108001FF018FEE4
S31508009B20DBE7D5F88840764B05F1080B2340B3F1FF
S31508009B30607F40F0CC80D5F8AC10002940F0CF808B
S31508009B4028221AA834F06FFB1AA836F025FF80469B
S31508009B5028B16FF0920428461DF006FFB2E0E3B282
S31508009B6043F0007303F17E43053B062B00F29D800C
S31508009B70DFE803F0909B9B8D930485003026042331
S31508009B80C4F30544B44277D8002C18BF2646202EC5
S31508009B907AD85C495A1E51FA82F292F8E0A0BAF1D4
S31508009BA0200F7FD8584A584602EB03231A930023FE
S31508009BB012A9CDE91B3322931DF0ADFF04460028F8
S31508009BC071D112991AA836F0EEFE39461AA836F05F
S31508009BD0EAFE694658461EF077F80446002862D120
S31508009BE069461AA81EF0ACF8584603A91EF082F872
S31508009BF00446002857D1012403A91AA847F000579C
S31508009C001EF09EF8CDF83C9006AB10940FAA11975B
S31508009C1007CA83E8070019461AA81EF091F812AB7E
S31508009C200C934AF000530D940CAA0E9309AB07CA7D
S31508009C3083E8070019461AA836F0DBFE1AA836F09C
S31508009C40A3FC044678BB324612A905F18C0034F011
S31508009C5009FD0023C5F8AC6012AA02F8083008F11D
S31508009C600108B8F1200FF7D1212C21D11AA836F016
S31508009C7093FE00287FF46DAF6FF086046BE714F44B
S31508009C807C1FC4F305460BD16FF0890463E71C26D5
S31508009C90022375E71426012372E7202603236FE7BC
S31508009CA0052374E721240026D3E76FF0850452E7DD
S31508009CB0002C7FF44EAF1AA836F06EFE00287FF40B
S31508009CC048AF002420460CF083FB88B1FEE7134614
S31508009CD005F188000A4659461EF0B6FEFDE66FF005
S31508009CE0880438E76FF08604ECE76FF08804E9E744
S31508009CF025B0BDE8F08F00BF0002C003009FFFFF3C
S31508009D000000C07F3C30040800010203006808B563
S31508009D1028B104491DF07AFE0CF05AFB00B1FEE7A3
S31508009D2008BD00BF09000002006808B528B121B1C6
S31508009D301FF03EFC0CF04CFB00B1FEE708BD10B569
S31508009D4086B00446ADF80630084603AB11460DF159
S31508009D500602FDF702FEBDF810200AB906B010BDCE
S31508009D6020460399FFF7E0FF03A90DF1060027F047
S31508009D7087FBF0E7002307B50068019330B120227E
S31508009D8001AB1DF0AAFD0CF023FB00B1FEE703B002
S31508009D905DF804FB1F299DBF0068C84000F001005C
S31508009DA00020704710B50B780446FF2B04BF0A2322
S31508009DB00B700B780A460133D9B21A29117001D9EA
S31508009DC0172010BD2046FFF7E5FF10B90131C9B2CB
S31508009DD0F3E70020F5E7837FC22003F00F03D8409E
S31508009DE000F001007047012938B50446456832D1AC
S31508009DF023F05CFD237E9A0702D5642828BF6420D9
S31508009E005B0715D5A022214BB0F57A7FB3F86A3ED9
S31508009E1028BF4FF47A70534303F5FA73B3F57A7F84
S31508009E2006D34FF47A72B3FBF2F3984228BF18466A
S31508009E30637E0F2B02D9BC2828BFBC20A36833F049
S31508009E407C4204D0C3F31903984228BF1846002859
S31508009E5008BF0A206060FDF797FB6369014604F1B5
S31508009E600C0098420DD06268AA420DD0531A246895
S31508009E700A3BE3424CBF0A222146BDE83840FEF7BA
S31508009E80BDBD62682160F8E738BD00BFF02F00202D
S31508009E9010B531B1092919D96FF07C43994228BF09
S31508009EA0194600F50052136CC3F319048C420BD003
S31508009EB061F31903136492F85030DB0704D5104692
S31508009EC001213830FFF78FFF002010BD0720FCE77F
S31508009ED0038910B58B420C4605D1BDE810404FF4F6
S31508009EE0004023F043BC01814FF4004023F09EFB61
S31508009EF02046BDE8104023F013BD10B5027804468D
S31508009F005107437817D4120701D5F3B110BD002BBA
S31508009F10FCD1B0F8A030FBB190F83630072B1CBF47
S31508009F20072380F83630838E1906EFD4BDE8104033
S31508009F303430FCF7D9BC002BE8D14388180604D581
S31508009F40E16904F1D000FEF75BFCE17A04F1340024
S31508009F50BDE8104029F08ABB90F84630DA070AD4E3
S31508009F60838EDB0507D594F83630012BCED0012336
S31508009F7084F83630CAE727F0D7FA0028C6D1F2E7C0
S31508009F80012342888B4013434380437813B9C83072
S31508009F90FEF718BC704770B50578ED071DD54578EE
S31508009FA0012D1CD0468816F0020F18D1022D16D0A6
S31508009FB0C6F38005760712D48362049B4282C36285
S31508009FC0FF230374C368002908BF19460B40436181
S31508009FD00221FFF7D5FF284670BD0D20FCE70520B6
S31508009FE0FAE770B50578ED0722D54578012D21D019
S31508009FF0468816F0020F1DD1022D1BD0C6F3800528
S3150800A000760717D48362049B002AC3624FF0FF03C6
S3150800A0100374C36808BF4FF49672002908BF19462F
S3150800A0200B40428243610121FFF7AAFF284670BD13
S3150800A0300D20FCE70520FAE700230380704700F4AB
S3150800A0404052B2F5005F034620D148F2400220F4A0
S3150800A0504E5020F03F0090421ED00CD8B0F5446F09
S3150800A0601AD005D8C8B1B0F5046018BF01207047EA
S3150800A070B0F50040F9E703F44C43B3F5404F0BD075
S3150800A0804CF64043C01A18BF0120704710F4406FC1
S3150800A09014BF0120002070470020704738B50568B6
S3150800A0A00C46284629F0CAFCFFF7C9FF40B12846E6
S3150800A0B029F0C6FCFF2803D02B5A0020238038BD80
S3150800A0C00620FCE738B505680C46284629F0B6FC94
S3150800A0D0C30500D5FEE7AC7038BD00F44053B3F5B0
S3150800A0E0005F04D100F44C43B3F54C4F07D0B0F5EC
S3150800A0F0804F04D380F04000C0F3801070470020E2
S3150800A1007047838810B5032B12D9006829F096FC8E
S3150800A11080F480720446C2F30021FFF790FF48B925
S3150800A1208A1CC4F38123022B06D0032B17D02BB12C
S3150800A130FF2212E00A1DF4E70232D2B22046FFF7E8
S3150800A140CCFF08B10232D2B2C4F38134022C08D053
S3150800A150032C09D0002C18BFFF22104610BD083268
S3150800A160EBE70232D2B2F8E70832FBE7F8B5076840
S3150800A1700E46384629F062FC0546FFF7AEFFD0B119
S3150800A180384629F05DFC04462846FFF758FF08B113
S3150800A1900234E4B2C5F38125022D07D0032D08D079
S3150800A1A0FF2C08D000203B5B3380F8BD0234E4B2B4
S3150800A1B0F6E70834FBE70620F7E7838810B5022B95
S3150800A1C0044607D9006829F054FC18B12046BDE8B2
S3150800A1D0104096E7FF2010BD38B505460C46FFF738
S3150800A1E0ECFFFF2817BF2B6806201B5C00201CBF4E
S3150800A1F003F00703237038BD38B505460C46FFF74C
S3150800A200DCFFFF2817BF2B6806201B5C00201CBF3D
S3150800A21003F01803237038BD38B505460C46FFF71A
S3150800A220CCFFFF281FBF431C2A68DBB2D35816BFD2
S3150800A23000200620236038BD38B505460C46FFF7D2
S3150800A240BCFFFF2800D1FEE72A68431CD9B2545444
S3150800A25052FA83F3220A5A70220C240E9A70DC7082
S3150800A2602B7F43F001032B7738BD00F01800102828
S3150800A27005D0A0F1180358425841C0007047042081
S3150800A280704708B54307024608D0FFF7EEFF12F0FD
S3150800A290180F0CBF05300630C0B208BDFF20FCE71A
S3150800A2A02DE9F04F057B0688B0F8029087B0031DAC
S3150800A2B0012D04460F4646EA090B019330D0022DBC
S3150800A2C00CBF0322002294F816A04BEA823BBAF18F
S3150800A2D0010F04F10E0825D0BAF1020F2FD0BAF1FA
S3150800A2E0000F21D1A37F94F82120003B18BF01233A
S3150800A2F0B9F5805F4BEAC30305D0B9F5005F21D0F5
S3150800A300B9F1000F29D145B1BAF1000F05D0208B5C
S3150800A310618B884208BF43F04003D60721D5FEE784
S3150800A3200222D0E74BF4006B5146E08929F0B2F9D6
S3150800A3300028D7D1022E18BF4BF0200BD2E74BF4DA
S3150800A340406BF1E7BAF1000F40F09480617F002D71
S3150800A35040F08880002940F09A80D50748BF43F42A
S3150800A3608073C2F3400243EA42253B6804A804937B
S3150800A3704FF4FE032946059329F0CEF9E80503D4E0
S3150800A380012104A8FCF719F82846FFF758FE18B16A
S3150800A390618B04A829F0C0F904A8414629F0C7F939
S3150800A3A02846FFF79AFE18B1218B04A829F0B4F9BC
S3150800A3B0211D04A829F0BBF9BDF81430BB80A67F7F
S3150800A3C0A6B1E37F0DF10F011E4304A88DF80F60B7
S3150800A3D0FDF7D6F93046FFF754FF411E89B204A8A7
S3150800A3E0FBF7EBFF3046FCF797F8064694F8213062
S3150800A3F099070ED5022104A8FBF7DFFF0D230421D8
S3150800A4004370017004A8FBF7D8FF3B7F43F00803AD
S3150800A4103B77AA0523880ED5032B03D094F8213061
S3150800A4205B0714D4022104A8FBF7C7FF6FF07F036C
S3150800A43003703F2343702388032B08D194F82030F8
S3150800A4400DF10F0104A88DF80F30FDF799F90236C2
S3150800A450B1B204A8FBF7B1FFBDF81430BB8007B052
S3150800A460BDE8F08F00297FF478AF217F00297FF4BB
S3150800A47074AF0CE00DB9617FF8E7022D02D1BAF18D
S3150800A480020FF8D0208B618B88427FF466AF43F0C9
S3150800A490400362E770B50546FFF733FEFF2804461A
S3150800A4A011D02E68304629F0E4FA60B1A9888C42AA
S3150800A4B00BDA305DFFF7E5FEFF2808D00444E4B266
S3150800A4C0A142B8BFFF24204670BDFF24FBE704461F
S3150800A4D0F9E770B506460D46FFF76FFEFF280446F6
S3150800A4E009D03268105CFFF7C0FE224402440020FF
S3150800A4F053792B7070BD0620FCE770B506460D46ED
S3150800A500FFF75BFEFF28044600D1FEE73268105CC1
S3150800A510FFF7ABFE22440244557170BD10B50446E0
S3150800A520FFF74BFEFF2806D02368185CFBF7F4FFFD
S3150800A5300230C0B210BD0220FCE770B50646FFF730
S3150800A540A9FFFF2804462CD03568284629F076FA54
S3150800A55083051BD53046FFF7E1FFB188A21C93B2ED
S3150800A56010FA82F28A4205EB04061CDC2A5D02F028
S3150800A5707F0213449CB210FA83F3994213DB3288A4
S3150800A580C2F3C7127F2A01D09942E7DC2B7803F081
S3150800A5900703032B05D1284629F061FA08B90134C7
S3150800A5A0A4B2E0B270BDFF24FBE738B50546FFF755
S3150800A5B0C4FFFF28044614D02868037803F007036D
S3150800A5C0032B04D129F04BFA08B10134E4B228462A
S3150800A5D0FFF7A4FFAB8804449C42CCBF06200020AA
S3150800A5E038BD0620FCE710B50446FFF7A6FFFF288E
S3150800A5F016BF23680020C01810BD10B50446FFF723
S3150800A600F2FF2368C01AC0B210BD70B50546868829
S3150800A610FFF7F3FF04462846FFF780FF0444301B84
S3150800A62080B270BD10B50446006829F007FA8305A4
S3150800A63003D52046BDE810402CE7FF2010BD08B51D
S3150800A64026F0EAFF003818BF012008BD08B526F035
S3150800A650E3FF00B1023008BD00232DE9F0419EB0AA
S3150800A66003930AAB08930823044600680D46ADF821
S3150800A670243029F0FEF9002859D020460DF10B01A7
S3150800A680FFF7AAFD002852D1204603A9FFF7C4FD0B
S3150800A690064600284BD10DF110084346286869681C
S3150800A6A09DF80B2003C303981946FCF78EFFA36891
S3150800A6B08DF81C20196808A829F017F82046FFF716
S3150800A6C02DFF05462046FFF798FF07462046FFF769
S3150800A6D09CFFAB1EDBB20246394608A8CDF80080BF
S3150800A6E022F058FC2046FFF788FF256802462946CF
S3150800A6F008A8FFF7E0F82046FFF775FF054620464D
S3150800A700FFF783FF2A460346294608A80096FFF75F
S3150800A7100FF92046FFF702FFA38825681B1AE918D8
S3150800A72008A8FFF798F9237F43F0100323771EB094
S3150800A730BDE8F0810023F0B5A3B003930EAB0C93EC
S3150800A7400823044600680D461646ADF8343029F04D
S3150800A75090F930B120460DF10B01FFF73DFD10B120
S3150800A760082023B0F0BD204603A9FFF755FD0028B1
S3150800A770F6D104AF3B46286869689DF80B2003C3E9
S3150800A78003981946FCF721FF31680CA88DF81C20A0
S3150800A79028F0ABFF2046FFF7C1FE851E2046FFF7CF
S3150800A7A02CFF06462046FFF730FFEDB22B46024641
S3150800A7B031460CA8009722F0EDFB2046FFF71DFF57
S3150800A7C02668024631460CA8FFF775F82046FFF7BB
S3150800A7D00AFF06462046FFF718FF012203463146C0
S3150800A7E000920CA83246FFF7A3F808A90CA8FFF7B1
S3150800A7F032F92046FFF792FEA3882668181A311800
S3150800A8002A4608A834F004FF003818BF0120C00003
S3150800A810A7E70B6803604B684360037883F002037D
S3150800A82003707047082208B534F0F2FEB0FA80F0DB
S3150800A830400908BD10B5044600680CF03FF84FF013
S3150800A8400043236010BDF0B5002787B004460068B2
S3150800A8500E46154605970CF031F84FF00043236075
S3150800A86010234FF41051CDE90163074A45F44073AC
S3150800A870009705A816F07EFC0BF0AAFD00B1FEE7CE
S3150800A880059B236007B0F0BD0044400408210CF086
S3150800A8900BB801F1080313F8012D8B4200F8012BC0
S3150800A8A0F9D17047F8B507680E46384629F0C8F852
S3150800A8B00446384629F0C2F80546FFF7C0FB04EB04
S3150800A8C04003DBB2FF2B13D0C5F38120022805D045
S3150800A8D0032807D0002300203372F8BDFB5A3380C3
S3150800A8E00123F8E7F9183046FFF7D3FF0223F2E70A
S3150800A8F00620F2E7F8B507680E46384629F09EF8AE
S3150800A9000546384629F09CF804462846FFF797FB83
S3150800A91008B10234E4B2C5F38123022B12D0032B0B
S3150800A92013D02846FFF7D9FB08B10234E4B2FF2C4E
S3150800A93006D0C5F38135022D09D0032D0DD04DB1B2
S3150800A940062009E00234E4B2EBE70834FBE7012508
S3150800A9503B5B338000203572F8BD30463919FFF766
S3150800A96098FF0225F6E708B5044BC180002218684F
S3150800A97034F0F6F900B1FEE708BD00BF5C19002007
S3150800A98007B50A68C0F80A204A68C0F80E20684663
S3150800A990FFF77FFF0723094A1DF80310013B02F85A
S3150800A9A0011BF9D2064B00226946186834F0DEF915
S3150800A9B000B1FEE703B05DF804FB00BF4056002077
S3150800A9C05C1900202DE9F043044689B0B0F86C60A4
S3150800A9D00DF017FCE36F514AC11A94F88000002362
S3150800A9E03230A1FB000133F02DFAA02794F881300C
S3150800A9F07E4303EB830300EB430000F1780300F585
S3150800AA00647520467608B54228BF35469E4228BF5B
S3150800AA101E4630F8843BA16F13F0800254D0B4F878
S3150800AA206C305F433944491BFEF767FCA36FD4F8C3
S3150800AA3074803B44A3673A4B07EB08021A61A37874
S3150800AA40626713F0FD0F35D094F86E7026F078FD26
S3150800AA5004463448C7F3060907F07F0734F000FEBA
S3150800AA6040BB214638460CF00FF8044610BB0121BE
S3150800AA70202034F0DDFDFF238DF804300123A5F5F1
S3150800AA801675294807948DF81C30A8EB050304931E
S3150800AA9035443946006801AB04AACDE90244059459
S3150800AAA0069533F017FF40B9204B83F80690204BE4
S3150800AAB083F8069009B0BDE8F0832146202009B046
S3150800AAC0BDE8F04334F0B4BD94F86E305FEAD31CA9
S3150800AAD00CD062F3C71384F86E30491BFEF70DFCE1
S3150800AAE0204609B0BDE8F043FBF7FEBE3144B4F892
S3150800AAF06C50FEF702FC94F86E307D4343F08003F9
S3150800AB0084F86E3007F0F6F9A26F636F2A44A267DD
S3150800AB10034A2B4463671361E2E700BF40420F0014
S3150800AB20341B0020400001005C190020F01A0020A8
S3150800AB30C01A0020F8B50446B4F86CC090F86E0048
S3150800AB408C45069DB4F8706000F07F070CD094F829
S3150800AB506E0062F3060084F86E004FF6FF729142AB
S3150800AB60A4F870300CD1FEE7974206D062F30600CF
S3150800AB709E4284F86E00F0D1F8BD9E42E7D1FBE70D
S3150800AB804FF6FD72934209D815480246C16022F86D
S3150800AB90023B2B68C0F802306B68536094F86E303D
S3150800ABA0A4F86C106FF3C71384F86E3004F18400B0
S3150800ABB0FEF702FCB4F86C304BB10DF022FB60676F
S3150800ABC007F098F9A0672046BDE8F840FAE623881A
S3150800ABD01B06D1D42046BDE8F840FBF785BE00BF6A
S3150800ABE0341B002013B590F82030DB0717D590F8F2
S3150800ABF0212002B9827A0B4C343004F18003009389
S3150800AC0030F8121CB4F89C30FFF794FF22F07AFC57
S3150800AC1004F1580002B0BDE8104011F04BBF02B075
S3150800AC2010BD00BFF03F002008B519B1A1F10B0314
S3150800AC300F2B0ED800F5805393F8692E8A4206D05A
S3150800AC4000F5F25083F8691E0830FFF7CBFF0020A5
S3150800AC5008BD0720FCE710B504460C30FFF79AF844
S3150800AC6000B3A27A8A4205D14FF4804022F07EFDD5
S3150800AC70002010BD4FF48040A17222F0D7FC04F5E5
S3150800AC80B470FFF7D9F923789B06F1D4A37AE37257
S3150800AC9094F8213013B92046FFF7A4FF2046FFF7A2
S3150800ACA02CF9E5E70720E4E71FB590F820300446BD
S3150800ACB0990703F001020ED5418C61B1F2B943F050
S3150800ACC0010380F82030FFF78DFF204604B0BDE869
S3150800ACD01040FFF712B98AB1002294F820301146C5
S3150800ACE06FF3000384F8203002AB009304F13400BC
S3150800ACF04FF6FE73CDE90222FFF71CFF04B010BD24
S3150800AD00024608B569B902F58052B2F86A3E00F5FE
S3150800AD10F25008301BB1A2F86A1EFFF7C5FF0020E3
S3150800AD2008BDA020B1FBF0F300FB1310F0B94FF6F5
S3150800AD30FF70834228BF0346B1F51B5F9BB215D34C
S3150800AD4002F5F25002F58052B2F86A1E08308B42BC
S3150800AD50E5D0A2F86A3EB1FA81F2B3FA83F3520952
S3150800AD605B099A42D9D1FFF73DFFD8E70720D7E715
S3150800AD70004827E66C3E00200A4690F8FE10FEF7CB
S3150800AD80B9BC002910B514BF33210E211446FFF7AC
S3150800AD90F3FF38B1D0F802302360D0F8063000202F
S3150800ADA0636010BD1720FCE7F8B5044618300D4659
S3150800ADB0FDF79DFE4FF0FF3323746374A374E374A9
S3150800ADC023756375A375E37523726372A372E372C1
S3150800ADD023736373A373E37395F8FE30DBB12646DA
S3150800ADE06378284643F00103637016F8087B3246F9
S3150800ADF03946FFF7C6FF28B996E8030004F11003A1
S3150800AE0083E8030017B9284623F0F2FE2078BDE848
S3150800AE10F84028F009BCF8BD2DE9F04107468846F8
S3150800AE2003261B4D86B0013E02D106B0BDE8F0816F
S3150800AE303B7803BB6B7803F50033404629780593C6
S3150800AE40FFF79AFF044600B34278F2B1FF2A0CBF17
S3150800AE500423022303440193012341F201010292D0
S3150800AE6000934FF0004205A816F084F90BF0B0FAEB
S3150800AE70014610B1FEE7AB78DDE76278FF2A0CBF22
S3150800AE8004200220204433F0CEF90335CBE700BF77
S3150800AE902131040870B50D46C2B00446FBF7B4FC70
S3150800AEA095F8FE60002E3BD12378002B14BF0220B4
S3150800AEB0012021F0A1FD0C2800D1FEE7637866F396
S3150800AEC0000322466370284612F8081BFFF759FF4D
S3150800AED048B14FF0FF3323726372A372E372237390
S3150800AEE06373A373E373FCF74FFB23786060012B4E
S3150800AEF02FD11948FDF7FBFD34212846FFF73CFF03
S3150800AF0038B3FBF71EFB154B0246984228BF1A4674
S3150800AF10D5F80011104842B0BDE87040FDF76EBD87
S3150800AF2001A828F089FB3246294601A833F09AFB86
S3150800AF30D5F80031204601A941938DF80261FFF743
S3150800AF406BFF207801A922F07FFA637843F00103AA
S3150800AF50B7E742B070BD00BF8C3D00200014730FE8
S3150800AF6070B50C460546C2B001A828F065FB94F8F2
S3150800AF70FE602146324601A833F074FBD4F800314E
S3150800AF80284601A941938DF80261FFF745FF287805
S3150800AF9001A922F059FA42B070BD10B591F8FE2009
S3150800AFA00446FF2A09D080F8FE2033F05BFBFCF745
S3150800AFB0EBFAC4F80001002010BD0720FCE72DE9D4
S3150800AFC0F8430F46984690F8FE4005461646FFF7A2
S3150800AFD0D3FEC4F1FE040146A4B208F1020918B969
S3150800AFE04C450AD2032021E0437802331C44A4B21C
S3150800AFF04C45F7D32846FBF723FC95F8FE30B8F105
S3150800B000FF0F994405EB030085F8FE90EF5414BF33
S3150800B010022304234246314680F80180184433F05F
S3150800B02021FBFCF7B1FAC5F800010020BDE8F8835A
S3150800B03010B50446FFF7A0FE014620B12046BDE83C
S3150800B0401040FBF7FDBB10BD00232DE9F74FFE228C
S3150800B05081F8FE3003780546002BADF8042014BFAE
S3150800B0600220012001AA0C4622F0ADF80746002866
S3150800B07042D1BDF80430FE2B3DD88146314E84F8C6
S3150800B080FE3006F1060B2B78002B39D196F801A075
S3150800B09020463178FFF770FE804698B142788AB12B
S3150800B0A0FF2A0CBF0421022101AB01440AF5003036
S3150800B0B00BF0F2FA38BB98F80120019B9A4218BFA8
S3150800B0C04FF0010903365E45DDD1B9F1000F03D013
S3150800B0D021462846FFF744FF2B78BBB93321204683
S3150800B0E0FFF7A6FF34212046FFF7A2FFFCF74CFA2C
S3150800B0F0C4F8000100E01727384603B0BDE8F08F12
S3150800B10096F802A0C4E74FF00109DBE73421204690
S3150800B110FFF732FE06460028EED0FBF712FA0A4B76
S3150800B1206D68984228BF18468046FCF72DFA431BDF
S3150800B13098458ABF2D1A002005EB0800B11CFCF7BC
S3150800B14044FAD3E7213104080014730F30B50446D6
S3150800B150C3B001A828F070FA01A92046FFF774FFCA
S3150800B160054601A92046FFF71FFE284643B030BD15
S3150800B17070B50C460546C2B001A828F05DFAFF2254
S3150800B1800021204633F04FF8284601A9FFF75CFF57
S3150800B190054640B99DF802612046324601A933F0BA
S3150800B1A061FA84F8FE60284642B070BD4FF0FF335E
S3150800B1B010B50446037443748374C37403754375E6
S3150800B1C08375C375037243728372C37203734373C1
S3150800B1D08373C37343786FF300034370FBF714FB61
S3150800B1E02378002B14BF0220012021F005FC0C282F
S3150800B1F000D1FEE704F11800FDF779FC2378012B4E
S3150800B20002D10448FDF773FC2078BDE8104028F009
S3150800B2100BBA00BF8C3D002038B500F5005393F8F3
S3150800B2205930044693B900F5F2500830FFF713FD7C
S3150800B230054648B904F5EA500430FFF7B7FF04F5A8
S3150800B240EB501030FFF7B2FF284638BD0D25FBE757
S3150800B25038B500F5005393F85950044685B900F5FA
S3150800B260F2500830FEF734FE04F5EA500430FFF7D2
S3150800B2709DFF04F5EB501030FFF798FF284638BDC0
S3150800B2800D25FBE72DE9F04105460E46B9B300F555
S3150800B290005393F85940A4BB00F5805800F5EE57C3
S3150800B2A0D8F8D80D1837814210D14FF4802022F0F3
S3150800B2B05DFA05F5EA500430FFF778FF05F5EB501F
S3150800B2C01030FFF773FF2046BDE8F0810BF0F6FA61
S3150800B2D04FF48020C8F8D86D22F0A8F94FF4807092
S3150800B2E022F0A4F93846C8F8DC4D10F0E5FC064B08
S3150800B2F0C3E92444C3F89840C3F88C40D9E7072427
S3150800B300E1E70D24DFE700BFF03F002070B58CB001
S3150800B310054602A80C46FCF754F94FF2BF03ADF8F0
S3150800B3202A306B78990732D42B78002B14BF1C204F
S3150800B3300D2021F07FF9064658B3214694F8FE20E1
S3150800B340FCF7EAFC0446F0B902A819F06DFB4FF0C9
S3150800B3507F42114C06AB94E8030083E803000F4BC9
S3150800B360A4F63820CDE9082331460D4B009502AAEC
S3150800B370FDF72EFC044630B96B7843F002036B7078
S3150800B38020460CB070BD3046FCF722FAF8E71824C0
S3150800B390F6E70324F4E700BF38420020FE00FC006D
S3150800B3A03196000838B5154621F054F9044650B1CF
S3150800B3B001462A460448FDF73BFD20B12046BDE874
S3150800B3C03840FCF705BA38BD00380020024690F828
S3150800B3D0403030B5C4189442154606D1402B08D0E3
S3150800B3E05A1C80F84020C15403E02D7801328D4262
S3150800B3F0F1D130BD2DE9F0419CB0804601A80C463C
S3150800B4001F461646229DFCF7DCF84FF2BF03ADF83F
S3150800B410263000238DF86C3023781BB10E210BA83B
S3150800B420FFF7D4FF63781BB133210BA8FFF7CEFFD4
S3150800B430A3781BB105210BA8FFF7C8FFE3781BB15A
S3150800B44003210BA8FFF7C2FF23791BB102210BA822
S3150800B450FFF7BCFF63791BB107210BA8FFF7B6FFFF
S3150800B460A3791BB134210BA8FFF7B0FFE3791BB111
S3150800B47001210BA8FFF7AAFF237A1BB100210BA80D
S3150800B480FFF7A4FF237B1BB14A210BA8FFF79EFFFA
S3150800B490637A1BB104210BA8FFF798FFA37A1BB1A7
S3150800B4A00C210BA8FFF792FFE37A1BB135210BA8F5
S3150800B4B0FFF78CFF3744BE422BD198F80030002B9B
S3150800B4C014BF1A200B2021F0B5F8064600283CD0F8
S3150800B4D09DF86C301BBB01A819F0A6FA1C4B05AAEF
S3150800B4E093E803004FF07F4382E803000793FE23A7
S3150800B4F0ADF82030F5B9FC23ADF8223031461548B1
S3150800B50001AAFDF795FC044680B920461CB0BDE8A3
S3150800B510F08116F8011B0BA8FFF758FFCBE70D21A2
S3150800B5200BAAFEF706F904460028D4D03046FCF7E5
S3150800B5304FF9EAE72B461035144618685968083358
S3150800B54003C4AB422246F7D1D8E70324DDE700BFA0
S3150800B550384200200038002010B50C460E21FFF7AF
S3150800B5600BFC38B1D0F802302360D0F80630002042
S3150800B570636010BD1720FCE7082208B534F048F8C8
S3150800B580B0FA80F0400908BD38B504460D46FFF705
S3150800B590F3FF28B1BDE838404FF4003022F0E6B892
S3150800B5A02B684FF4003023606B686360BDE8384051
S3150800B5B022F03CB8F0B50546007840B30A88C600C4
S3150800B5C0F6B2B2FBF6F3012706FB1322431EDCB2E2
S3150800B5D0C2F3C403E31A55FA83F35B7802F0070251
S3150800B5E007FA02F213EA020011D04B88B3FBF6F20F
S3150800B5F006FB1233C3F3C402A41A55FA84F003F007
S3150800B60007039F4043783B4214BF01200020F0BD4A
S3150800B61041F2210337B50C460546014601A80193B8
S3150800B62020F0E6FF48F205032080294601A8019389
S3150800B63020F0DEFF608003B030BD30B50546C3B0EC
S3150800B64008A80C4628F03EF808A8FEF75FFB082273
S3150800B650294608A8FEF768FB694608A8FEF78AFB8C
S3150800B6606B4603CB20602378616043F002032370A6
S3150800B67008A828F01DF843B030BD13B5044668463F
S3150800B68010F06CF8638861785BBA0229ADF800306F
S3150800B69000D1FEE7227903294FEAD213C2F38010BC
S3150800B6A043F0800343EA4003C2F3401043EA8003B1
S3150800B6B0C2F3001043EAC00382F00400C0F380001E
S3150800B6C043EA001382F002006FEA0202C0F3400068
S3150800B6D002F0010243EA401343EA8213BDF802204E
S3150800B6E022F47F6222F00F0243EA0203ADF8023029
S3150800B6F011D0617923F4786381F0400001F080026B
S3150800B700C0F3801042EA002201F0070142EA412212
S3150800B7101343ADF802300020009B9AB262F30F0083
S3150800B7201B0C63F31F4002B010BD00232DE9F34143
S3150800B7300B60438904460E46002B33D01D4F6089A3
S3150800B74088B301282ED06068218978B302236A4617
S3150800B750FCF73AF96D466B78628903F102084245AF
S3150800B76020D32A78C2B9042B1CD1606828B10623D5
S3150800B7706A4604F10801FCF74AFAD5F80200FBF715
S3150800B780CDFFFAF7E2FE2B78002B0CBF3B460023D1
S3150800B7901840336803433360414604F10800FCF758
S3150800B7A061FDCCE7062002B0BDE8F08125680D44AE
S3150800B7B0D1E700BF00F8FF071FB500230293ADF8D5
S3150800B7C00C30831C0193437801A8ADF80E30FFF7BF
S3150800B7D0ACFF05B05DF804FB73B590F8FE3005467E
S3150800B7E0FF2B00EB03065DD1062002B070BD617821
S3150800B7F0FF29F9D0A21C9642F6D32046FDF7E6FDAE
S3150800B80020448642F0D323780E2B0BD80E2B10D863
S3150800B810DFE803F0213E442E42420F440F0F0F0F7C
S3150800B820340F4400352B2CD013D8332B36D0342B79
S3150800B83036D0611B2846227889B2FDF75BFF0028BF
S3150800B840D2D12046FDF7C2FD0444B442CFD300202E
S3150800B850CBE74A2BEDD10229C6D9A378002BC3D151
S3150800B860B4F803305BBA0B3B9BB20F2BE1D9BBE7AD
S3150800B8701046FCF779FF0028DBD1B5E70229D8D8AE
S3150800B880B2E7204601A9FFF797FF0028D1D0ABE71A
S3150800B89002239942CDD2A7E71023FAE70823F8E74F
S3150800B8A00423F6E70446D0E730B585B00C466A4669
S3150800B8B035210546FDF727FE38B9009BCDE9010578
S3150800B8C0214601A80393FFF730FF05B030BD0023DA
S3150800B8D010B5044683710948084058B123700423FB
S3150800B8E06370FAF732FEFBF719FF0623C4F8020065
S3150800B8F0A37110BD002AF1D1FBE700BF00F8FF07CE
S3150800B90091F8783073B505460C465BB16846FBF787
S3150800B91007FF08236A460E212846FFF750FB002832
S3150800B92040F0168194F879306BB1684604F110013D
S3150800B930FBF7F6FE08236A4633212846FFF73FFB46
S3150800B940002840F0058194F87E30002B40F0F38003
S3150800B95094F880307BB10021B4F85A306A465BBA55
S3150800B960ADF80130284603238DF80010FFF727FBB2
S3150800B970002840F0ED8094F8843083B10022B4F8B2
S3150800B9805C308DF800205BBAADF801306A460323B7
S3150800B9904A212846FFF713FB002840F0D98094F87F
S3150800B9A0833073B100226846616FFFF790FF6A46DD
S3150800B9B0352128469DF80630FFF701FB002840F0A0
S3150800B9C0C78094F87C30002B40F0C48094F87D3012
S3150800B9D04BB108230721284604F14902FFF7EFFA7D
S3150800B9E0002840F0B58094F87A304BB11023052131
S3150800B9F0284604F12002FFF7E2FA002840F0A88062
S3150800BA0094F87B3073B104F1300611213046FCF707
S3150800BA1063FC3246C3B203212846FFF7D0FA002852
S3150800BA2040F0968094F87F306BB1B4F858306A4687
S3150800BA305BBAADF80030012102232846FFF7BFFAAA
S3150800BA40002840F0858094F8813043B11023042102
S3150800BA50284604F15E02FFF7B2FA002878D194F876
S3150800BA608230002B65D040F20C43ADF80030B4F8B4
S3150800BA706E305BBAADF802300023ADF8043094F8A6
S3150800BA807030DE0744BF80228DF80420980742BF35
S3150800BA909DF8042042F040028DF80420590742BF61
S3150800BAA09DF8042042F020028DF804201A0742BFB0
S3150800BAB09DF8042042F010028DF80420DE065EBFD1
S3150800BAC09DF8042042F004028DF80420980658BF19
S3150800BAD09DF8042028465CBF42F002028DF8042037
S3150800BAE0590658BF9DF804204FF00C015CBF42F080
S3150800BAF001028DF80420DB091CBF80238DF8053070
S3150800BB0094F87130DA075EBF9DF8052042F04002CE
S3150800BB108DF80520C3F342029DF80530134343F020
S3150800BB2038038DF805300DF102020423FFF747FAB2
S3150800BB3070B900200CE0606DFBF7F0FD042300905F
S3150800BB406A4634212846FFF73AFA00283FF400AF40
S3150800BB5002B070BD08230221284604F14102FFF70E
S3150800BB602EFA00283FF432AFF2E770B50E680546A4
S3150800BB7009793046FCF7B0FBC4B2102C0FD8224620
S3150800BB802946304633F044FD08B92B5D4BB12246B1
S3150800BB903146284632F066FD0020285570BD07203C
S3150800BBA0FCE71820FAE7112337B5054608460C4680
S3150800BBB000918DF8043032F0E1FD01462046FCF78D
S3150800BBC0D3FD28B169462846FFF7CFFF03B030BD3D
S3150800BBD00720FBE738B500F5005292F859200546CC
S3150800BBE0B2B9B9B10B78ABB100F5ED501030FFF72B
S3150800BBF0DAFF21F0C3FD044605F5EA500430FFF7E5
S3150800BC00D5FA05F5EB501030FFF7D0FA204638BDC7
S3150800BC100D24FBE70724F9E710B500F5005393F860
S3150800BC2059404CB900F5EE500130FFF7BCFF182813
S3150800BC3018BF0446204610BD0D24FBE74FF6FF72D9
S3150800BC400388934208D1D0F80220013204D1C08873
S3150800BC50C01A18BF012070470120704708B503466F
S3150800BC60D0F80200FBF75AFD198849BA89B208BD0F
S3150800BC70F0B50546C5B003A80C4627F0DDFC2946F5
S3150800BC8003A8FFF78AF9064690B903A8FFF7A4FDAB
S3150800BC900646002840F0D08001468822204632F029
S3150800BCA0C2FA03AD9DF80A3103AA13449D4202D392
S3150800BCB0304645B0F0BD2B780E2B0BD80E2B11D87D
S3150800BCC0DFE803F031884E77A166105A101010107D
S3150800BCD0B0102000352B2FD009D8332B00F08280E6
S3150800BCE0342B35D02846FDF771FB0544DAE74A2B95
S3150800BCF0F8D10122B5F8033084F884205BBAA4F899
S3150800BD005C30EFE70123A81C84F87830FFF7A6FF1C
S3150800BD10C4E900012B895BBAC3F34E0203F00103A1
S3150800BD202281A372DEE70122B5F8033084F8802069
S3150800BD305BBAA4F85A30D5E7284601A9FFF73CFDB7
S3150800BD400028CFD1012384F88330019B6367C9E7B4
S3150800BD502846FAF7F6FB0123606584F87E30C1E7CA
S3150800BD60012384F87C30D5F80230C4F84130D5F880
S3150800BD700630C4F84530B5E7012384F87D30D5F898
S3150800BD800230C4F84930D5F80630C4F84D30A9E772
S3150800BD90012304F1200784F87A3005F1120CAB1C54
S3150800BDA03A4618685968083303C263451746F7D1F7
S3150800BDB098E7012384F87B306B78AA1C102B28BFE0
S3150800BDC0102301A904F1300001928DF80830FFF71D
S3150800BDD0CCFE87E701226B8884F87F205BBAA4F83B
S3150800BDE058307FE70123A81C84F87930FFF736FF1F
S3150800BDF0C4E904012B895BBAC3F34E0203F00103BD
S3150800BE002283A3766EE7012304F15E0284F881306B
S3150800BE1005F11201AB1C53F8040B8B4242F8040BD4
S3150800BE20F9D15FE72846FFF728FC0123019084F83B
S3150800BE308230C4F86E0055E7072639E770B50C4618
S3150800BE400546FFF7FBFE01462046FFF7F7FE81424F
S3150800BE502CD12846FFF702FF064620460A46FFF77A
S3150800BE60FDFE8A4208BF864204D0B04291410ED2F6
S3150800BE70012070BDEB885BBAC3F34E0299B2E38822
S3150800BE805BBA98B2C3F34E039A4203D0F0D84FF088
S3150800BE90FF30EEE701F0010300F00102934207D0FC
S3150800BEA0002B0CBF4FF0FF300120E2E70029F8E72E
S3150800BEB00020DEE72DE9F04180460E4618F8105BB3
S3150800BEC004462946174630464246FEF75AFF0543BA
S3150800BED0EDB27DB1404604F10801FFF7AFFF002837
S3150800BEE00FDD31462046FEF7D5FF207827F09CFB6C
S3150800BEF0002004E0304622F07BFE0028EAD0BDE8A8
S3150800BF00F081002FEDD10028EFD041F2883104F1FD
S3150800BF101800FCF778FDE8E770B500F10806044656
S3150800BF200D46C4B031461030FFF788FF002821DAE5
S3150800BF30237883B903A827F07FFB03A90E48FFF7E8
S3150800BF4083F801A903A8FFF707FB20B9314601A822
S3150800BF50FFF774FF70B129462046FFF7D7F9032883
S3150800BF6008D141F2883104F1180044B0BDE87040A8
S3150800BF70FCF749BD44B070BD603D002043789B077F
S3150800BF8006D4044B93F85930023B012B00D8C3E77B
S3150800BF90704700BFF03F002038B504460D46FEF74F
S3150800BFA079FF0A4B93F8593033B1022B09D0207820
S3150800BFB0BDE8384027F038BB29462046FEF7F4FE90
S3150800BFC0F5E729462046FFF7D9FFF0E7F03F0020BE
S3150800BFD030B50C46C3B0054601A827F02DFB21460F
S3150800BFE001A8FEF7DAFF18B10724204643B030BD92
S3150800BFF001A8FFF7F1FB04460028F5D1284601A958
S3150800C000FFF7CAFFF1E710B50446C2B001A827F04A
S3150800C01013FB204601A9FFF717F818B9204601A90E
S3150800C020FFF7ACFF42B010BD0048ECE7343D0020F6
S3150800C0300048E8E7603D00208378028803B90902D2
S3150800C040114489B28A4284BF013189B283F001035F
S3150800C05001808370704738B50C468D18AC4200D104
S3150800C06038BD14F8011BFFF7E7FFF7E72DE9F04F96
S3150800C0700027DFF8B0B2B846DBF828508FB0002D9D
S3150800C08000F05B820BF5005494F85930CBF8287011
S3150800C090002B46D0A80714D004F51A71A1F634303F
S3150800C0A010F07BFB58B904F51C70FEF7EFFB00B1E6
S3150800C0B0FEE7944821F09CFA102021F0B7FA21F007
S3150800C0C02DFA15F4405F04D020F0D7FB08B121F013
S3150800C0D025FAA90504D56A0702D48B4810F0EAFCAC
S3150800C0E015F4827F09D0EB0504D494F8590027F09B
S3150800C0F03EFA10B1844810F02FF9680211D5834B27
S3150800C10008A8D3F8542E93F8521E0892FDF742FE5B
S3150800C110024630B994F859301BB101467C4810F0F4
S3150800C12069FA15F40073009300F0178100210123C2
S3150800C13089468A4602AA8DF8083003928DF810308F
S3150800C140744803AA20F058F9014680B9BAF1000FDD
S3150800C1503CD14FF6FE73A4F85A84A4F85834C4F8B0
S3150800C1605C6484F86074002020F00CF966E0002313
S3150800C170CDE9091308A8019114F006FE01990028D3
S3150800C180DED10A9A5378023B062BF3D9BAF1000F8F
S3150800C19018D094F87F00538880025BBA80B21FFAE1
S3150800C1A083FE70450ED0BAF802305BBA9BB298424D
S3150800C1B0E0D092F804C099F80000844502D8D9D195
S3150800C1C09E45D7D9924602F10409D3E7D9F8030068
S3150800C1D0FBF7A4FABAF802200646B9F80130B4F813
S3150800C1E0580491B252BA1FFA82FA5BBA504599F8C6
S3150800C1F000704FF6FF601FFA83F82AD08142A8D054
S3150800C200B6F5967F38BF4FF496764349A4F8582476
S3150800C2108E4228BF0E460120A4F85A34C4F85C643E
S3150800C22084F8607420F0AEF894F85B30990702D46D
S3150800C23020F09AF810B139480FF070FA0023354EFD
S3150800C2400393304608AA03A918F07EFFD0B100214F
S3150800C2501EE081423FF47DAFB6F5967F38BF4FF4B6
S3150800C26096762D4A964228BF164694F86024BA4216
S3150800C270D1D1B4F85A24C4F85C64424518BFA4F86E
S3150800C2805A3470E79DF832305A07C3F38001D8D57F
S3150800C29094F8748489B9B8F1000F4CD0112220485B
S3150800C2A031F0C1FF94F89C34DB0702D51B4827F010
S3150800C2B05DFA1A480FF00AFA3DE09DF830604645E7
S3150800C2C006D13246164908A8FBF7B8F986422BD993
S3150800C2D004F2644608AF0FCF0FC63B683370B8F157
S3150800C2E0000F09D094F89C340C48DF0702D527F0D4
S3150800C2F03DFA0A480FF0EAF994F87434002B40F036
S3150800C300AE80FEE75842002048400020F02F00206B
S3150800C310E4410020244300209BC4200070440020F0
S3150800C32054440020F01F0020A949A1F6785010F0C7
S3150800C33034FA0028E0D0D4F83C6576B10921A5483E
S3150800C34008AA14F00CFD40B13046FBF741FA002369
S3150800C350A148C4F83C35FCF7CAFB15F004090DD012
S3150800C36094F85930022B00F29B809C48FCF7BFFBDF
S3150800C37000239B4884F8FE35FCF7B9FB15F0805F6F
S3150800C380984F2FD0002308A808931FF04FFF48BBEB
S3150800C390089E3EB3D4F8F4359E4223D0D7F8543ECF
S3150800C3A01E40C4F8F46526B98C48FCF7A0FB84F84F
S3150800C3B0FE65FF2300268DF80C3003A908A8FDF7B3
S3150800C3C0F1FC334601360028F7D0DAB2864B8748A7
S3150800C3D0B3FBF2F3C4F8F83597F8523E84F8003602
S3150800C3E00FF058F86E0406D597F8523E7F4884F841
S3150800C3F000360FF04FF8E80403D500217C4818F002
S3150800C400F3FBB9F1000F06D094F85930022B02D18C
S3150800C41001201FF0B7FF009B83B16D49A1F6785044
S3150800C42010F0BBF950B108A9694822F0A5FE9DF89D
S3150800C4303230990702D46F480FF048F994F859003A
S3150800C44027F095F800283ED1C4F8C40497F8A43814
S3150800C450002B40F09F80B9F1000F45D07BE05C4887
S3150800C46084F8BC340AF090FD634901F148000EF0E7
S3150800C470FDF9D4F8A434D4F8A82413430AD01146F5
S3150800C480D4F8A40404F2B44383E8030059480FF02F
S3150800C49010F950E757480FF0EFF80028F6D04AE7AA
S3150800C4A00823A4F82C360023544984F83436C4F8F3
S3150800C4B01C16C4F82016FBF7E0FE4948C4F82416F3
S3150800C4C0FCF7ACFA5AE705F00106B9F1000F37D1C7
S3150800C4D0002E57D197F8A43833B1009B002B5DD1B5
S3150800C4E0AA0701D522F088FE15F4047F02D0444835
S3150800C4F011F038FB15F0130F14D097F8553A8BB195
S3150800C5004FF00008D7F83467DFF80091002E40F0A6
S3150800C510F180B8F1000F40F00B8194F87B329B074D
S3150800C52040F1F8809BF84040364E07340BEBC404C4
S3150800C53006F138039C4240F000810FB0BDE8F08F49
S3150800C54094F858305B0702D52A480FF0E7F876BB0F
S3150800C55097F8A438F3B994F8590027F008F8024672
S3150800C560002800F0B98026480EF0E2FE97F8DC397C
S3150800C570012BB9D1042122480EF067FC20480EF0A1
S3150800C5802BFDB1E794F8C734012B14D197F8A438DA
S3150800C590002BA9D0009B002B00F09A804FF0050ACB
S3150800C5A0194EBAF1010A0ED122F026FE53E794F885
S3150800C5B0C734012BCCD0012384F8C734D4F8C4047B
S3150800C5C027F020F842E7B37C980721D42036E8E71D
S3150800C5D09C4400202443002030450020F4450020D8
S3150800C5E000460020F02F0020C13F0500E44500204A
S3150800C5F0684400207044002054440020807F0A00CC
S3150800C600CC390020F01F0020A8380020584200200E
S3150800C610002302934C4808AA02A918F095FD804603
S3150800C620D0B1D6F81C80B8F1000FCFD1B37C13F087
S3150800C630010343D0FAF7A8FF00F5922101F57871B6
S3150800C640012938BF01214148F161FCF747FA414603
S3150800C650304620F0AFFFB9E79DF831301907D9D534
S3150800C6609DF832305A07D5D49DF83030402BD1D1B9
S3150800C670314608A80EF086FB0028CBD0D7F8A83894
S3150800C68053B1334808A9984730B1304620F056FFD1
S3150800C690B37C68F34103B374304603A922F06CFDFA
S3150800C6A09DF81E309B0748BF9DF81D80337E434585
S3150800C6B08CD086F8188020F031FF87E73046009343
S3150800C6C020F03CFFB27C009B63F34102B2747DE725
S3150800C6D0A8073FF569AFBEE697F8DC39002B3FF4AB
S3150800C6E003AF1C491C480EF0E7FB01211A480EF05F
S3150800C6F0ACFBF9E64E4519D0304621F0BBFEF37C7B
S3150800C700C3F3400398420CD023B1B37C990701D5F3
S3150800C710DA0707D510480EF085FB0F480EF05CFCCB
S3150800C72000E718B108F101081FFA88F87669EDE6FE
S3150800C730B7F8E0394345EDD1F4E6B36B13B12846B3
S3150800C740F16B98470836F3E6244300209C3800200E
S3150800C750F01F002027310408CC3900200000000013
S3150800C760BFF34F8F0549064BCA6802F4E0621343CC
S3150800C770CB60BFF34F8F00BFFDE700BF00ED00E0C1
S3150800C7800400FA0530B5074C656964696A40D2B297
S3150800C790891A101A090A41EA1021634023EA01009E
S3150800C7A0C0B230BD3046002038B5A0F1400305467A
S3150800C7B002465A21DBB24120FFF7E4FFA5F1460302
S3150800C7C02A4604467A21DBB26120FFF7DBFF6B1DA0
S3150800C7D02A4639210443DBB23020FFF7D3FF2B2149
S3150800C7E005F11403E4B22A460443DBB20846FFF710
S3150800C7F0C9FF2F2105F11103E4B22A460443DBB22F
S3150800C8000846FFF7BFFFE4B22043013840B238BDFF
S3150800C810044B5B69584043085B4240421843C017C3
S3150800C820704700BF3046002010B5C38823B9CA88B0
S3150800C8305AB9ABB1012017E0026802EB830252F83D
S3150800C840042C002AF3D1013BF0E70C6804EB8204C0
S3150800C85054F8044C0CB9013AEAE79342EAD80FD3E4
S3150800C860013B5A1C01D1002010BD026852F8234032
S3150800C8700A6852F823209442DCD803F1FF33F0D239
S3150800C8804FF0FF30F0E710B50A4C62696369424021
S3150800C890594081EA0200C00FFFF7BAFF6369521ACE
S3150800C8A0434022EA030208401043C00FBDE8104087
S3150800C8B0AEE700BF304600200B6810B504681C447C
S3150800C8C004600B689C422CBF0024012443681B1992
S3150800C8D043604C68234443601068496840F100008F
S3150800C8E08B4238BF0130106010BD03685B180360C7
S3150800C8F0137843F1000313707047137810B5046872
S3150800C9008C4238BF013B137003685B1A036010BD85
S3150800C910F0B504685509231F1E4604EB850556F82D
S3150800C920047FFF43AE423760F9D153F8046F0136EE
S3150800C9301E600EB9AB42F8D14FF6FF73D20883805A
S3150800C940A3585B1AA350F0BDF8B5054650098842AE
S3150800C9500C4602F01F0601D80AD136B12846A200B5
S3150800C9600021BDE8F84031F05EBC1F2A02D8F8BDA8
S3150800C9701F2A0FD9820005EB8003291F05EB8407C0
S3150800C980BB421AD1201A38BF0022002105EB8000CD
S3150800C99031F049FC002EEAD0002205EB8404C6F1EA
S3150800C9A02000AC42E3D054F8041C21FA06F31343E2
S3150800C9B044F8043D01FA00F2F3E753F804CB41F8D2
S3150800C9C004CFDDE70A46C18808B511B10068FFF74C
S3150800C9D0BBFF002008BD013901D20020704750F87E
S3150800C9E02130002BF7D0B3FA83F00131C0EB4110A8
S3150800C9F0704710B5044632F08BFF0C4BA0F57A72DF
S3150800CA009A4212D84FF47A73B0FBF3F05C43084BA2
S3150800CA10B3FBF0F3B4FBF3F0022806D9BDE81040E7
S3150800CA200323B0FBF3F0F9F7FBBB10BDFFC99A3B34
S3150800CA3040420F0010B5084C204632F055F820B990
S3150800CA4094E80700054B83E80700BDE8104001217C
S3150800CA504FF0FF3032F04AB8B03B04085846002081
S3150800CA6042F21073994270B504460D4602D96FF02A
S3150800CA700F0070BDC3888B4213D20421284617F0D5
S3150800CA80A1FD06460028F2D0216841B1E28892004D
S3150800CA9031F0E8FDE1882068890019F0F3FBE580AC
S3150800CAA026600020E5E72DE9F84305460E46904640
S3150800CAB0D4883CB9F188A1420ED26FF009073846EE
S3150800CAC0BDE8F883D8F8003003EB840353F8043C38
S3150800CAD0002BEFD1013CECE72846FFF7C1FF0746DC
S3150800CAE00028ECD1F28894420BD2AE4209D02868CD
S3150800CAF03168121B920001EB840100EB840031F0CF
S3150800CB00B1FDEA88F088824207D92B68121A0021FB
S3150800CB10920003EB800031F086FB00221346296859
S3150800CB20D6F800E0D8F80080944203D1C3B90123AF
S3150800CB30AB80C4E75EF822C058F82260ACEB03006D
S3150800CB40B0422CBF4FF000094FF00109801B41F895
S3150800CB5022009C452CBF4B4609F101030132E3E74D
S3150800CB60EA8801EB840401EB82018C4202D1002B96
S3150800CB70DDD0A2E72268D21A34BF0123002344F885
S3150800CB80042BF2E700232DE9F7430C21064601930F
S3150800CB90FFF766FF0546002856D1346801AA04F156
S3150800CBA01808414604F128072046F688FFF784FE50
S3150800CBB039462046FFF780FE0199A36804F1080963
S3150800CBC05B182CBF01210021A360E3684846C918F9
S3150800CBD02CBF01230023E160414604F1200801939C
S3150800CBE0FFF76AFE48464146FFF766FE484639465D
S3150800CBF0FFF762FE0199236904F110095B182361A6
S3150800CC002CBF01230023616948465B1863612CBF6A
S3150800CC10012300234146019304EB8606FFF74CFEE9
S3150800CC2039464846FFF748FE019B321B193AA3616D
S3150800CC3022F0030204F119039E4238BF0022294656
S3150800CC4004F11C0031F0EFFA284603B0BDE8F08382
S3150800CC5000232DE9F04F0F2185B006468DF80B30DD
S3150800CC60FFF7FEFE0546002840F0C98034680DF13E
S3150800CC700B02D4F81CB02368594603A80393FFF7A0
S3150800CC803CFED4F82C904946FFF737FE039B9DF9E6
S3150800CC900B1023606368002903938DF80B5080F20C
S3150800CCA0B2804942FFF729FED4F820A00DF10B0205
S3150800CCB0514603A8FFF721FED4F830804146FFF716
S3150800CCC01CFE039B9DF90B106360A3680393002366
S3150800CCD099428DF80B3080F299804942FFF70DFE94
S3150800CCE0636A0DF10B02194603A80093FFF705FEC8
S3150800CCF0676B3946FFF701FE039B9DF90B10A3608E
S3150800CD00E3680393002399428DF80B3080F2818003
S3150800CD104942FFF7F2FDA36A0DF10B02194603A873
S3150800CD200193FFF7EAFD5946FFF7DFFD4946FFF78E
S3150800CD30DCFD039B9DF90B10E36023690393002335
S3150800CD4099428DF80B3067DA4942FFF7D6FD0DF1A7
S3150800CD500B0203A84946FFF7D0FD5146FFF7C5FD6C
S3150800CD604146FFF7C2FD039B9DF90B1023616369DA
S3150800CD700393002399428DF80B3050DA4942FFF7A6
S3150800CD80BCFD0DF10B0203A84146FFF7B6FD00995D
S3150800CD90FFF7ABFD3946FFF7A8FD039B9DF90B107E
S3150800CDA06361A3690393002399428DF80B3039DA3E
S3150800CDB04942FFF7A2FD39460DF10B0203A8FFF71A
S3150800CDC09CFD0199FFF791FD039B9DF90B70A361EB
S3150800CDD027EAE773E361F3880021072BA3F108022A
S3150800CDE04FEA820204F1200098BF002231F01BFAB4
S3150800CDF0002F04DAE02239463046FFF789FD284637
S3150800CE0005B0BDE8F08FFFF770FD4DE7FFF76DFD44
S3150800CE1066E7FFF76AFD7EE7FFF767FD97E7FFF727
S3150800CE2064FDAEE7FFF761FDC5E700232DE9F04F86
S3150800CE30112187B003908DF81330FFF711FE029089
S3150800CE40002840F04881039B0DF113021C6805A8D1
S3150800CE5023680593236A19460193FFF746FDD4F81C
S3150800CE6024B05946FFF741FDD4F82C904946FFF700
S3150800CE7044FDD4F830804146FFF73FFD656B2946EF
S3150800CE80FFF73BFDA66B3146FFF737FD059B9DF97E
S3150800CE9013102360636800290593029B8DF81330ED
S3150800CEA080F21D814942FFF728FD0DF1130205A8FE
S3150800CEB05946FFF71AFDD4F828A05146FFF715FD85
S3150800CEC04146FFF71AFD2946FFF717FD3146FFF7DA
S3150800CED014FDE76B3946FFF710FD059B9DF9131006
S3150800CEE06360A3680593002399428DF8133080F296
S3150800CEF0F9804942FFF701FD0DF1130205A85146D5
S3150800CF00FFF7F3FC4946FFF7F0FC2946FFF7F5FC67
S3150800CF103146FFF7F2FC3946FFF7EFFC059B9DF912
S3150800CF201310A360E3680593002399428DF8133024
S3150800CF3080F2DB804942FFF7E0FC0DF1130205A8F9
S3150800CF404946FFF7D2FCFFF7D0FC4146FFF7CDFC78
S3150800CF50FFF7CBFC2946FFF7C8FC3946FFF7CDFC9F
S3150800CF600199FFF7CAFC5946FFF7C7FC059B9DF9CF
S3150800CF701310E36023690593002399428DF8133053
S3150800CF8080F2B6804942FFF7B8FC0DF1130205A8F6
S3150800CF904146FFF7AAFCFFF7A8FC2946FFF7A5FCC0
S3150800CFA0FFF7A3FC3146FFF7A0FC5946FFF7A5FC9F
S3150800CFB05146FFF7A2FC059B9DF91310236163698F
S3150800CFC00593002399428DF8133080F294804942E4
S3150800CFD0FFF793FC0DF1130205A82946FFF785FC18
S3150800CFE0FFF783FC3146FFF780FCFFF77EFC3946E6
S3150800CFF0FFF77BFC5146FFF780FC4946FFF77DFCAF
S3150800D000059B9DF913106361A36905930023994253
S3150800D0108DF8133072DA4942FFF76FFC0DF11302EF
S3150800D02005A83146FFF761FCFFF75FFC3946FFF7B5
S3150800D0305CFCFFF75AFC3146FFF757FC2946FFF719
S3150800D04054FC0199FFF759FC5946FFF756FC059B16
S3150800D0509DF91310A361E3690593002399428DF89E
S3150800D06013304EDA4942FFF748FC0DF1130205A8C2
S3150800D0703946FFF73AFCFFF738FCFFF736FC01990B
S3150800D080FFF733FC5146FFF738FC4946FFF735FCF6
S3150800D0904146FFF732FC2946FFF72FFC059B9DF911
S3150800D0A01350E36125EAE5732362039B0021DB88BD
S3150800D0B004F12400082BA3F109024FEA820298BF63
S3150800D0C0002231F0B0F8002D05DA4FF480722946B7
S3150800D0D00398FFF71DFC029807B0BDE8F08FFFF72D
S3150800D0E004FCE2E6FFF701FC06E7FFF7FEFB24E790
S3150800D0F0FFF7FBFB49E7FFF7F8FB6BE7FFF7F5FBE5
S3150800D1008CE7FFF7F2FBB0E710B56821012017F0AE
S3150800D11059FA044618B16822002131F084F82046ED
S3150800D12010BD10B52421012017F04CFA044618B199
S3150800D1302422002131F077F8204610BD0022C1884C
S3150800D140914201D800207047036853F8223033B162
S3150800D15093FAA3F0B0FA80F000EB42107047013260
S3150800D160EEE701F18041013900EB81018142034676
S3150800D17000D270471B680A681BBA12BA40F8042B1B
S3150800D18041F80439F2E710B5044688B14378012B13
S3150800D19004D1BDE8104040681AF000BA0378012BA4
S3150800D1A004D124220021083031F03DF800232370F1
S3150800D1B010BD1AF04BBF10B5044630B13830FFF732
S3150800D1C0E2FF6821204619F053F82046BDE81040D2
S3150800D1D017F0F9B810B5044618B12422002131F029
S3150800D1E022F82046BDE8104017F0EDB82DE9F043C7
S3150800D1F001290546884616461F46A9B000F28280D0
S3150800D200130740F08280046824F04003802B02D084
S3150800D210B4F5807F7CD12022002120A831F003F8C4
S3150800D2203D4A3E4B0435B8F1010F08BF13461C951D
S3150800D2300125E408DFF8F0E01F9344F000531D953C
S3150800D2400DF1040C1E931CAB93E807000DF11009B1
S3150800D2508CE8070019AB19971A95CDF86CE093E896
S3150800D260070016AB89E8070016971795CDF860E012
S3150800D27093E80700309B46F0005E07AF87E8070093
S3150800D2801393149513ABCDF854E093E80700319B3C
S3150800D2900DF1280888E80700109310AB1195CDF812
S3150800D2A048E00DAD93E8070085E8070061461FA82A
S3150800D2B01AF046FD49461FA81AF042FD41461FA826
S3150800D2C01AF03EFD29461FA833F093FB39461FA8DE
S3150800D2D033F08FFB21464FF480641FA833F063FBBD
S3150800D2E031461FA833F05FFB0D4B9C66BFF34F8F8B
S3150800D2F01FA833F061FB33F046FB0A4B9C6629B046
S3150800D300BDE8F0836FF02000F9E76FF02100F6E73B
S3150800D3106FF01F00F3E700BF0302000403020104D5
S3150800D3200090005000A000501000002019F075BDB4
S3150800D33019F073BD70B5044608B30368FBB10279EA
S3150800D3401B78012A11D1092B0E4D18BF00258068BC
S3150800D3501AF0AEFA2946A0681AF058FBBDE87040E4
S3150800D3600422094B094919F035BD092B07D105498E
S3150800D37080681AF059FABDE8704024F0A1BB044849
S3150800D38070BD00BF090000021B5A0208BC3B040816
S3150800D39000AFFFFF10B5C0B10368B3B10479012C23
S3150800D3A009D180681CF004F9BDE810400422084B36
S3150800D3B0084919F00FBD1B78092B06D180681CF0A7
S3150800D3C04FF8BDE8104024F07BBB034810BD00BFF2
S3150800D3D01B5A0208BC3B040800AFFFFF10B40468E0
S3150800D3E024B1C36813B15DF8044BD3E701485DF86F
S3150800D3F0044B704700AFFFFF38B5036804465BB1BE
S3150800D400C5684DB1FFF796FF38B923682946204607
S3150800D4109A78BDE83840BDE7004838BD00AFFFFF41
S3150800D42007B5F8B10368EBB10279012A0DD15A782C
S3150800D430806801AB01921AF050FA04220A4B0B4994
S3150800D44019F0C8FC03B05DF804FB1B78092B09D159
S3150800D450202201AB806824F0EFF903B05DF804EBF5
S3150800D46024F02EBB0248EDE71B5A0208BC3B040811
S3150800D47000AFFFFFF0B5036804460D4689B0F3B167
S3150800D480C668E6B169469F78FFF7CAFFA8B920467D
S3150800D490FFF750FF88B9236820469A78F119FFF7F5
S3150800D4A079FF50B92368694620465A78FFF772FF14
S3150800D4B018B929462046FFF7B3FF09B0F0BD014861
S3150800D4C0FBE700BF00AFFFFF70B5044686B03830F3
S3150800D4D00E461546FFF757FE0122224B84F83820E0
S3150800D4E093F8343013EA020129D0002184F8392050
S3150800D4F001A8142230F097FE4FF410534FF6F87235
S3150800D500ADF800304FF6FF73954298BF2B46ADF83D
S3150800D5100230154B4FF480716846039313F020FED2
S3150800D520EA1D3146684604F13C03D2081BF0ECF8C4
S3150800D53090B104220D4B0E4919F04CFC0BE084F80F
S3150800D540391040342422204630F06DFE2A463146F2
S3150800D550204619F062FC10B9002006B070BD6FF0C5
S3150800D5600C00FAE730460020004440041B5A020823
S3150800D570CC3B04080023036043607047BFF35F8F0A
S3150800D580074B5A6A22F480325A62D3F8942022F062
S3150800D5900102C3F89420BFF34F8FBFF36F8F704714
S3150800D5A000ED00E010B5094B1B7873B1084C2378E1
S3150800D5B05BB132F035FA0022064B227083F8402020
S3150800D5C0012283F8412083F8422010BDF959002032
S3150800D5D0FA590020304600200122014B1A71704783
S3150800D5E030460020036803B970478B4204D10B68A4
S3150800D5F0036000230B6070471846F3E74FF0FF30CF
S3150800D6007047FEE7002070470120704701207047E9
S3150800D6104FF0FF3070470020704700207047002009
S3150800D62070472DE9F0432B48079F90F83240944203
S3150800D6304CD9866A02EB42024FEA820C16EB82024A
S3150800D64046D05089002843D0B2F90440B2F90650B2
S3150800D6508C42B2F908E02FDCA942A8BF2946BEF1E0
S3150800D660000F35D000F1FF381FFA88F80EFB08497D
S3150800D6700A1B92FBFEF24D45D8BF404692B2904235
S3150800D68002D3A94218BF104656F80C2052F820605B
S3150800D69002EB800C18B15CF8048D46450ED08D421D
S3150800D6A01EBF1EFB00F1091909B2994209DC0020C8
S3150800D6B03E60B980BDE8F0832146D0E7013880B2E4
S3150800D6C0E8E70028F3D0013880B2DFE70E20F1E75B
S3150800D6D00220EFE730460020FF20704700487047D9
S3150800D6E00080FFFF31F096BB70B504680D1B002D56
S3150800D6F002DC6FF05F0070BD94F900602378002E9D
S3150800D7000ADB631C0360237813600368C91A13686D
S3150800D7108B42EED80020EEE703F07F035E1E032E51
S3150800D72010D89D42E5DD00250134156004600468C3
S3150800D730166814F8015B013B45EA06251560046086
S3150800D740F5D1E2E76FF06300D5E770B404680E1B05
S3150800D750002E06DD26789E4207D10134046070BC8F
S3150800D760C2E76FF05F0070BC70476FF06100FAE7C0
S3150800D7707F2A034610B51AD914460120240A00F157
S3150800D7800100FBD11C68641A844212DB19684C1E1E
S3150800D7901C6001F8012C120AF8D1012806D01A6873
S3150800D7A0511E196000F17F0302F8013C10BD0120EB
S3150800D7B0E8E76FF06B00F9E72DE9F84F4FF0000A3C
S3150800D7C0074689461646984655465446DDF828B013
S3150800D7D05C4516D2002318F8040020280CD0ABEBC1
S3150800D7E00402012A41D00D283FD108EB04025278E1
S3150800D7F00A2A6ED10134EBE70134A3454FF0010341
S3150800D800E9D1A5EB0A0303F00303012B30D0AA07DD
S3150800D8102ED1AD0805EB4505A5EB0A053560B5BB68
S3150800D820002508EB040929463C46DFF8BCA0C1459B
S3150800D83008D018F8010BA0F10A03DBB2162B2CD975
S3150800D8403D282ED1032D3DD12346C1F38F2203F85F
S3150800D850022BC1F3970161701C463368E41BA3428F
S3150800D86014BF6FF06D00002004E00A28C2D01BB177
S3150800D8706FF02B00BDE8F88F0106F9D43D282AD1B0
S3150800D8800AF1010ABAF1020FF2D80135B2E70FB16F
S3150800D8904D45C5D96FF02900ECE74AFA03F3DB07D3
S3150800D8A0C5D54FEA811BFEF77FFF0135042D40EAF7
S3150800D8B00B01BCD10B0C23700B0A6370A1700025F9
S3150800D8C00334B4E7022D04BFC1F30F1104F8011B9A
S3150800D8D0C3E7002BCCD1BAF1000FC9D1FEF764FF1C
S3150800D8E00028D2DAC4E700BFF6FFBFFF2DE9F041F2
S3150800D8F00D46C98804461646FFF7B2F8014608BB26
S3150800D9003046FEF785FF03461B4EB4F904207069BE
S3150800D9100132584022EA0002B5F9040027680130AE
S3150800D920D5F8008018400243013A4745A280EA88A4
S3150800D93004D08C46A7F1040E624506D8DB43E4887A
S3150800D940A24211D30846BDE8F08175695EF8040F56
S3150800D9505D4020EA050058F82C500CF1010C1D40DA
S3150800D9602843CEF80000E7E757F82200184047F8A2
S3150800D97022000132E4E700BF3046002010B5044615
S3150800D98048B1006818B1E188890018F07BFC0022CC
S3150800D9900123C4E9002310BD38B504460D4619B95C
S3150800D9A0FFF7ECFF002038BDC2888A4207D1002164
S3150800D9B00068920030F037FC0123A380F2E7FFF7F6
S3150800D9C0DDFF29462046BDE83840FFF749B88842BA
S3150800D9D070B505460E4609D0C988C28841B92AB12C
S3150800D9E0012392008380006830F01DFC002070BD82
S3150800D9F04C1E8CB9B6F904300134A242AB8012D25F
S3150800DA0021462846FFF72CF80028F0D13168286807
S3150800DA10A20030F027FEE9E7336853F82430002BDC
S3150800DA20E8D1013CE5E72868121B0021920000EBCB
S3150800DA30840030F0F8FBE9E72DE9F0411746B1F923
S3150800DA4004509288044612FB05F253430E461DD530
S3150800DA5039463046FEF7E8FEB0F100080DDB3A46D7
S3150800DA6031462046FFF71FF828B9B8F1000F08BF5E
S3150800DA7001250020A580BDE8F08132462046FFF743
S3150800DA8012F80028F7D16D42A580F4E7874202D044
S3150800DA90814210D13E460123B6F80680A380B8F12C
S3150800DAA0000FE6D0336803EB880353F8043C3BB910
S3150800DAB008F1FF38F3E7FFF78AFF0028EAD0DAE72C
S3150800DAC041462046FEF7CCFF0028D4D1D6F800C040
S3150800DAD0074606462368191F51F8042F5CF82700E5
S3150800DAE0B2182CBF012600260137121846F1000687
S3150800DAF0B8450A60F0D103EB8703002EB9D0E28857
S3150800DB0007F10108BA4208D841462046FEF7A8FFA1
S3150800DB100028B0D1236803EB87031A684746921991
S3150800DB202CBF0126002643F8042BE6E770B50E46FF
S3150800DB3001210446FEF794FF054648B9E2880146E6
S3150800DB409200206830F06FFB23681E600123A380D3
S3150800DB50284670BD2DE9F341054688461646CF8806
S3150800DB603FB1D8F8003003EB870353F8043C33B1D0
S3150800DB703EB90021284602B0BDE8F041D6E7013F8C
S3150800DB80EEE72846791CFEF76BFF044670B9414656
S3150800DB902846FFF71CFF044640B9013E00963B465F
S3150800DBA0D8F80020E988286825F02CFB204602B022
S3150800DBB0BDE8F081C388B1EB431F3FBF03684A093C
S3150800DBC053F8220001F01F013ABFC84000F00100D7
S3150800DBD000207047C1880068FEF7FDBE2DE9F843AE
S3150800DBE012F0030318BF012303EB92068846314659
S3150800DBF081461446FFF7D0FE0546B8B9B9F806704F
S3150800DC00BE4216D897B1D9F80090BE0001463246F2
S3150800DC10484630F008FB2CB1301B224641464844A2
S3150800DC2030F020FD39464846FFF79BFA2846BDE8FE
S3150800DC30F8836FF00705F9E7034670B51C68DB88BB
S3150800DC400846B2EB830F4FEA830519D9521B8E1883
S3150800DC50002130F0E8FA30462A4600231044934261
S3150800DC6010D1002070BD23F00301615803F00306AC
S3150800DC70F600F140C9B281B901339D42F3D1ECE710
S3150800DC801346FAE723F00301615803F00305ED0094
S3150800DC90E94000F8011D0133E1E76FF00700E1E70D
S3150800DCA0F8B504460D46FFF795FFE3882844B0EB20
S3150800DCB0431F25D81F2D2368E68805F01F074FEA5E
S3150800DCC0551413D96FF00300324600FB0430944212
S3150800DCD002F1FF3120D3A21BA64238BF00223244EC
S3150800DCE018460021920030F09EFA034637B100210B
S3150800DCF003EB8403C7F12005A64213D800200AE0E7
S3150800DD0010F01F0118BF012101EB50112046FEF744
S3150800DD10A7FE0028CED0F8BD50F8212043F82120D0
S3150800DD200A46D4E71868013400FA07F20A4343F8AA
S3150800DD30042B20FA05F1DFE730B5C38823B9CA8872
S3150800DD405AB9002B3DD136E0026802EB830252F83D
S3150800DD50042C002AF3D1013BF0E70C6804EB82059A
S3150800DD6055F8045C4DBB013AEAE7B1F9045003D211
S3150800DD70B1F90400404226E0B0F90420002A03DD88
S3150800DD80002D0CDA01201EE0002D08DD3AB14FF017
S3150800DD90FF3018E003F1FF330BD2504213E0013B8A
S3150800DDA0016851F8235054F823108D42F2D91046D1
S3150800DDB009E0591CF4D1002005E0002BD8D0934285
S3150800DDC0D3D9B0F9040030BD1FB54A1C14BF0B46A1
S3150800DDD0012301930123C90FC1EBC1314900013168
S3150800DDE0ADF80C10ADF80E3002A901AB0293FFF79F
S3150800DDF0A3FF05B05DF804FB01231DE670B50C46CC
S3150800DE000546114620461A46FFF7F6FF064630B97C
S3150800DE10043529462046FFF78FFF002801DA3046E9
S3150800DE2070BD2A4621462046FEF73DFE0028F0D062
S3150800DE300646F4E74FF0FF33FEE570B50C46064696
S3150800DE40114620461A46FFF7F5FF054688B90436F7
S3150800DE50B4F90430002B0CDA00212046FFF7B4FF92
S3150800DE6030B1324621462046FFF7C6FF0028EFD0DC
S3150800DE700546284670BD2DE9F04F012316460022B7
S3150800DE808BB0884207460D46CDE90823CDE906231F
S3150800DE9006D108A8FFF79BFD0446002840D108AD27
S3150800DEA0B74207D1394606A8FFF791FD0446002870
S3150800DEB036D106AEB5F80680B8F1000F3AD1B6F8F5
S3150800DEC00690B9F1000F3FD1012308EB090A514624
S3150800DED038460393FEF7C4FD044608BB0146384698
S3150800DEE0FFF724FE0446D8B92A683B68014604921F
S3150800DEF018464FEA8A02D6F800B030F094F9ABF12A
S3150800DF00040A834600EB890908F10101D94524D1A1
S3150800DF10039B7BBBAB88B28813FB02F31BB2BB80A7
S3150800DF2006A8FFF72BFD08A8FFF728FD20460BB02B
S3150800DF30BDE8F08F2B6803EB880353F8043C002BED
S3150800DF40BDD108F1FF38B7E7336803EB890353F807
S3150800DF50043C8BB909F1FF39B3E75AF8043F584630
S3150800DF600093049A434605910BF1040B25F04AF9F0
S3150800DF700599CBE70123D2E7B8FA88F35B09A4E74A
S3150800DF802DE9F04F05460F461046002197B09346F7
S3150800DF90FFF71AFF0028C0F2878105D16FF00B043E
S3150800DFA0204617B0BDE8F08F00230126CDE90936D3
S3150800DFB0CDE90B36CDE90D36CDE90F36674B594617
S3150800DFC01293384613AB1193FEF72EFC002817DA86
S3150800DFD035B139462846FFF7FAFC0446002849D1E8
S3150800DFE000212846FFF7F0FE0028C0F24C8159466A
S3150800DFF02846FFF7A1FE002880F24C810024CFE7CF
S3150800E000394609A8FFF7E3FC044698BB59460BA80E
S3150800E010FFF7DDFC044668BBF9880DA80231ADF8A8
S3150800E0203060ADF82860FEF71BFD044610BB0146BC
S3150800E0300DA8FFF77BFD0446E0B9F9880FA8023161
S3150800E040FEF70EFD0446A8B90BA8FFF7C3FD00F0BE
S3150800E0501F001F2821D0C0F11F03194609A80093E5
S3150800E060FFF71EFE044628B900990BA8FFF718FE0D
S3150800E070044698B109A8FFF781FC0BA8FFF77EFCB8
S3150800E0800DA8FFF77BFC0FA8FFF778FC0C2113A857
S3150800E09018F0EEF8002CA3D082E70094BDF82A60A9
S3150800E0A0BDF832900BA8A6EB090A4FEA4A18414672
S3150800E0B0FFF7F6FD04460028DCD14FEA8A0A0BA9C9
S3150800E0C009A8FFF739FE002838DA41460BA8FEF7FB
S3150800E0D079FC04460028CDD109F1FF3301939B0052
S3150800E0E006F1FF38049306F1804609F18043023BA6
S3150800E0F0013E9B00A6EB09060793B3000293019B1A
S3150800E10043452DD3002DB5D0009909A8FEF75AFC32
S3150800E110002840F0B480BB8809A92846ADF8283005
S3150800E120FFF755FC0146002840F0AB802846FFF76C
S3150800E1304BFE00289ED10123AB809BE70D9A09A9C7
S3150800E14052F80A300846013342F80A300BAAFFF79C
S3150800E15071FE04460028B2D08CE700BF0100030018
S3150800E1600B9B049A03931344DDF824900693039BB0
S3150800E1704FEA880A9A5859F82810AAF104030D9EFE
S3150800E1800593029B91421E4474D20598002359F8C0
S3150800E19000002FF057FE002914BF4FF0FF33034647
S3150800E1A0B8F1010F33600EBF002309EB0A0353F8D9
S3150800E1B0083C079A1393059B59F80330149359F8AA
S3150800E1C00A301593336801333360039B1344994629
S3150800E1D033680021013B33600FA8FFF7A7FC00282E
S3150800E1E04DD1019B002B48D0D9F800200F9B0FA9D1
S3150800E1F01A60069A084612685A603268FFF7AAFC3F
S3150800E20000283CD111A90FA8FFF796FD0028DFDCEE
S3150800E21032680BA90FA8FFF79DFC80BB029B0FA8CD
S3150800E2204FEAC3094946FFF73BFD40BB09A9084623
S3150800E2300FAAFFF7FFFD014618BB09A8FFF7C4FDA3
S3150800E240002812DA0BA90FA8FFF7C1FBB8B949468F
S3150800E2500FA8FFF725FD90B909A908460FAAFFF7E9
S3150800E260CBFD60B93368013B3360029B08F1FF3888
S3150800E270043B43E74FF0FF3392E7019AB6E70446BB
S3150800E280F8E60C46F6E65A4629462846FFF7B4FD50
S3150800E2900446FFE65A4629462846FFF7CBFD0446BC
S3150800E2A000283FF4A4AE7BE66FF0090478E62DE972
S3150800E2B0F04F05468FB01046164609910A93FFF7A8
S3150800E2C083FD002840F395802846F188FFF764FB14
S3150800E2D00446002866D13368B5F806900193484F7E
S3150800E2E0494601987B697B69FEF775FBC31DDA0809
S3150800E2F0272B2E6804928CBF1E22FA2213F01805CB
S3150800E30018BF012505EB53150292AA00A2EBD3010B
S3150800E310B2180592A9EB0502920023F007030692AC
S3150800E3201B1A7218039107920B93A94561D3002112
S3150800E330039A30462FF077FF0021069A05982FF0AA
S3150800E34072FF049A079918980A9B9847044648BB8F
S3150800E3501DB129463046FEF704FF494630460B9A5A
S3150800E360FEF7F2FA029B013B029345D00999306801
S3150800E370FEF789FA0122C143D7F81480914515D8CA
S3150800E38048EA0103D7F814A008937B694B46D7F8E7
S3150800E390148003F1FF3B8BB9089A7B690AEA020AE3
S3150800E3A09A45C2D020460FB0BDE8F08F56F8220035
S3150800E3B0FEF72EFA013248EA0008DFE7019B53F818
S3150800E3C02B2056F82B30104619460D930C92FEF763
S3150800E3D05AFA0D9B0C9A40EA080811461846FEF7A9
S3150800E3E052FA20EA08034AEA030A48EA00085B46A2
S3150800E3F0CFE76FF00304D5E76FF00D04D2E700BF4F
S3150800E400304600202DE9F04306460F461046012106
S3150800E41097B01546FFF7D8FC002840F3CA810022BA
S3150800E4200123394612A8CDE90E23CDE90C23CDE9FF
S3150800E4300A23CDE90823CDE91023CDE90623CDE942
S3150800E4400423CDE90223CDE90023CDE91223CDE942
S3150800E4501423FFF7BCFA044608B112A806E02946B9
S3150800E46014A8FFF7B4FA044612A81CB3FFF786FAF5
S3150800E47014A8FFF783FA0EA8FFF780FA0CA8FFF78F
S3150800E4807DFA0AA8FFF77AFA08A8FFF777FA10A81C
S3150800E490FFF774FA06A8FFF771FA04A8FFF76EFAF1
S3150800E4A002A8FFF76BFA6846FFF768FA204617B026
S3150800E4B0BDE8F083FEF742FE814614A8FEF73EFE4D
S3150800E4C0804650B9214614A8FFF774FB28B9394687
S3150800E4D010A8FFF77CFA04463CE00123ADF8543057
S3150800E4E0ADF84C30002112A8FFF76EFC58B9C145AB
S3150800E4F0494614A828BF4146FFF7D2FB0446002820
S3150800E500ABD114A9E4E712A8FEF718FE014612A833
S3150800E510FEF758FA0446E8B914A8FEF70FFE0146B6
S3150800E52014A8FEF74FFA0446A0B914A912A8FFF7D3
S3150800E53003FC0028C0F2A28012A9084614AAFEF716
S3150800E540B2FA044630B9012112A8FEF73BFA04468E
S3150800E5500028C7D012A8FFF711FA14A8FFF70EFA79
S3150800E560002C88D1012110A8FFF72EFC002840F0C6
S3150800E5701D812A4639460EA8FFF702FD04460028E3
S3150800E5807FF479AF0EA90CA8FFF721FA04460028F4
S3150800E5907FF471AF294606A8FFF719FA0446002842
S3150800E5A07FF469AF294604A8FFF711FA0446002844
S3150800E5B07FF461AF01210AA8FFF7B8FA04460028DC
S3150800E5C07FF459AF014608A8FFF7B0FA04460028B9
S3150800E5D07FF451AF014602A8FFF7A8FA04460028BF
S3150800E5E07FF449AF01216846FFF7A0FA04460028E0
S3150800E5F07FF441AF0C9B1B68D8074BD5049B1B685F
S3150800E600DB0776D504A90CA8FFF796FB0028C0F20D
S3150800E610A3800CA9084604AAFFF70CFC04460028A8
S3150800E6207FF429AF0AA9084602AAFFF703FC0446A5
S3150800E63000287FF420AF08A96A460846FFF7FAFBC8
S3150800E640044600287FF417AF00210CA8FFF7BCFB8F
S3150800E6500028CFD1002102A8FFF7B6FB0028C0F298
S3150800E6609180294602A8FFF767FB002880F294806C
S3150800E670304602A9FFF7ABF90446FCE614A908469A
S3150800E68012AAFEF710FA044600287FF463AF0121A8
S3150800E69014A85AE701210CA8FEF794F904460028A5
S3150800E6A07FF4E9AE0A9B1B68DF0710D4089B1B683A
S3150800E6B0DC070CD401210AA8FEF784F904460028D1
S3150800E6C07FF4D9AE012108A8FEF77CF98EE70AA9DE
S3150800E6D0084606AAFFF790FB044600287FF4CBAE4F
S3150800E6E008A908460EAAFFF7A5FB04460028E1D0AC
S3150800E6F0C1E6012104A8FEF765F9044600287FF45F
S3150800E700BAAE029B1B68D90714D4009B1B68DA07AC
S3150800E71010D4012102A8FEF755F9044600287FF413
S3150800E720AAAE01216846FEF74DF9044600283FF4D3
S3150800E73065AFA0E602A9084606AAFFF75DFB0446F0
S3150800E74000287FF498AE694668460EAAFFF772FB62
S3150800E75004460028DDD08EE604A908460CAAFFF771
S3150800E76069FB044600287FF486AE02A908460AAA71
S3150800E770FFF760FB044600287FF47DAE69466846CD
S3150800E78008AA5BE702A92A460846FFF735FB0446AE
S3150800E79000283FF45FAF6EE602A92A460846FFF74F
S3150800E7A049FB044600283FF45CAF64E66FF00D04AD
S3150800E7B061E66FF0030479E637B545780C46012D16
S3150800E7C013460ED101AB406823F096F9034628B1EB
S3150800E7D00A4B04220A4918F0FDFA0346184603B004
S3150800E7E030BD0178012906D12246083003B0BDE8BC
S3150800E7F0304019F02BBC034BF0E700BF1B5A020848
S3150800E800CC3B0408809CFFFF2DE9F0439846002383
S3150800E81085B005460C46174600F110016A463830A1
S3150800E820CDE90033CDE90233DDF83090FFF7C4FFB8
S3150800E830064658B16B6E43F010036B6668461021A6
S3150800E84017F016FD304605B0BDE8F0830DEB040160
S3150800E8500446221D974209D2A742EFD918F8043078
S3150800E8600A5D534009F804300134F5E758F80430D6
S3150800E8700859434049F804301446EAE7416E38B56A
S3150800E88001F00303032B044606D1826A32B9436BAF
S3150800E890023B012B1CD80262002038BD056B237889
S3150800E8A0681E0343606A023A003818BF012043EA2B
S3150800E8B080130020520843EAC2032370236AC2B2B7
S3150800E8C0954200F1010006D853B141F01001616686
S3150800E8D06FF00C00E1E7C2F10F02A3541B0AEEE742
S3150800E8E02246214604F13800FFF766FF0028D4D0F7
S3150800E8F0636E43F010036366CFE738B590F844308B
S3150800E9000446012B11D1C56B4DB12B7A012B02D1CF
S3150800E910686818F043FE0C21284617F0B3FC204619
S3150800E920BDE83840482117F0A3BC006C18B14FF475
S3150800E930AE7117F0A7FCE06B0028F0D02368DA79EF
S3150800E940034B02F07C0213441B6B9B699847E6E76E
S3150800E950AC3B0408F8B5046C0E460734E4089C4240
S3150800E96028BF1C461146054622463046FFF736F9AB
S3150800E9700746C8B92B6CE100B3EBC40F0DD3343589
S3150800E98029463046FFF7D8F900280DDB2A463146D6
S3150800E9903046BDE8F840FFF74DBA3046C91AFEF7CB
S3150800E9A011F80028EBD007463846F8BD0346C0697B
S3150800E9B020B15B6A002B14BF012002207047002299
S3150800E9C00123C0E90023C0E90223C0E904237047F4
S3150800E9D038B5002401250146C0E90254C0E90454AB
S3150800E9E00470446085611C30FFF7E9FFC1E90D45F5
S3150800E9F0C1E90F44C1E91144C1E91344C1E9154409
S3150800EA00CC6538BD10B50446FFF7E2FF00220123A6
S3150800EA1004F16800C4E91823BDE81040CFE738B50B
S3150800EA2004460D46FEF7D3FF70B905F1080104F157
S3150800EA300800FEF7CCFF38B905F1100104F1100003
S3150800EA40BDE83840FEF7C3BF38BD10B501210446FE
S3150800EA50FFF76CF860B9012104F10800FFF766F8C2
S3150800EA6030B9014604F11000BDE81040FFF75EB862
S3150800EA7010BD2DE9F84380460D4616461F4613B9C4
S3150800EA801D48BDE8F8830430FFF7A4F8044640465D
S3150800EA90FFF78CFF012881462BD113782BB9012F5C
S3150800EAA0EED12846BDE8F843CFE70734E40804F179
S3150800EAB00108B845E4D822462846711CFFF78EF8A7
S3150800EAC00028DED1494605F11000FFF72FF8002887
S3150800EAD0D7D13378042BD3D163000133BB42CFD1CE
S3150800EAE0224606EB080105F10800BDE8F843FFF7E2
S3150800EAF075B80248C5E700BF80B0FFFF80B1FFFFC9
S3150800EB00F8B50C460646114620461A46FFF7B3F9ED
S3150800EB10054660BBB76C37B921462046321DBDE8AD
S3150800EB20F840FFF72DBAB4F90430002B04DA014691
S3150800EB302046FFF749F968BB2046FFF74BF8F36B09
S3150800EB40B0EB430F26D82046B847054678B90436B1
S3150800EB50B4F90430002B04DA00212046FFF734F913
S3150800EB6038B931462046FFF7E7F800280ADA28467A
S3150800EB70F8BD324621462046FFF73EF90028E7D081
S3150800EB800546F4E7324621462046FDF78CFF002865
S3150800EB90E7D0F5E7004DEAE780B0FFFF2DE9F74338
S3150800EBA001F110060546894630460021FFF70CF9A3
S3150800EBB00446A0B300230127314668462A1DCDE93D
S3150800EBC00037FFF71FFC044630BB09F108086B46FF
S3150800EBD0424641462846FFF793FF0446E0B96B468E
S3150800EBE06A4669462846FFF78BFF0446A0B96B4676
S3150800EBF04A4649462846FFF783FF044660B96B46EE
S3150800EC00424641462846FFF77BFF044620B9394667
S3150800EC103046FEF78BFF04466846FEF7AFFE2046F1
S3150800EC2003B0BDE8F083F7B50D460123002108358A
S3150800EC3004462846CDE900131646FFF7C5F8211DF8
S3150800EC4007462A466846FFF7F5F8044648B9002FEE
S3150800EC500CBF002206F0010269462846FEF746FE6A
S3150800EC6004466846FEF78AFE204603B0F0BD2DE945
S3150800EC70F0430E460546012189B006F11000FFF75C
S3150800EC80A3F80446002840F086802846FFF78EFE43
S3150800EC900128804640F0818021463046FFF794F8E7
S3150800ECA0002878DB06F1080921464846FFF78CF864
S3150800ECB0002870DB2F1D39463046FFF73DF800283F
S3150800ECC069DA39464846FFF737F8002863DA4B46CB
S3150800ECD04A46284602A9CDE90248CDE90448FFF785
S3150800ECE00FFF044600284CD133463246284604A96D
S3150800ECF0FFF706FF0446002843D1EB68002B36D100
S3150800ED00032301934FF0011304A90793084601ABA7
S3150800ED1006AA0693FFF78EF8044690BBBDF9143091
S3150800ED20002B04DA002104A8FFF74EF8C8B904AA94
S3150800ED30334611462846FFF7E3FE044608BB04AAF5
S3150800ED401146284605F11403FFF758F80446C0B9DA
S3150800ED5004A902A8FEF7F0FF114B041E18BF1C46B3
S3150800ED600FE004A93A460846FFF746F8D4E704AA8E
S3150800ED701146284605F10C03FFF740F8044600281B
S3150800ED80D5D002A8FEF7FAFD04A8FEF7F7FD20463F
S3150800ED9009B0BDE8F083024CF9E7024CF7E700BF7B
S3150800EDA080B3FFFF80B0FFFF38B50546FFF7FEFDCD
S3150800EDB001280C4601460ED12046FFF705F8002823
S3150800EDC00BDB204605F13401FEF7B6FF00280448A0
S3150800EDD0B8BF002038BD0348FCE70148FAE700BF82
S3150800EDE080B3FFFF80B0FFFF73B505461E46FFF7E9
S3150800EDF0DDFD01280C4601460ED113462046009635
S3150800EE0005F13402FFF753FA044B10F10E0F18BF41
S3150800EE100346184602B070BD014BFAE700B3FFFF80
S3150800EE2080B0FFFF70B5066C0D460736B3EBD60FFC
S3150800EE30114604464FEAD60203D200230A482B603D
S3150800EE4070BDB0F866302A604BB1FFF7AFFD0128F8
S3150800EE5007D104F16000BDE87040FEF7EDBE034837
S3150800EE60EEE76FF06D00EBE700B1FFFF80B0FFFF44
S3150800EE7038B50C46051D29462046FEF75DFF0028D5
S3150800EE8001DA002006E02A4621462046FDF70BFE59
S3150800EE900028F0D038BD2DE9F84F1E4603F10805C5
S3150800EEA0C36804468A469046002B40F0C08002F1AB
S3150800EEB010031A462946FFF723FE002840F0EF8084
S3150800EEC006F110072B46424639462046FEF796FFBE
S3150800EED0002840F0E48006F118092B4642464946C8
S3150800EEE02046FEF7AAFF002840F0D9804B463A464E
S3150800EEF029462046FFF704FE002840F0D08003226A
S3150800EF0029463046FEF726FE002840F0C8803146DE
S3150800EF102046FFF7ADFF002840F0C18008F1080B36
S3150800EF2006F110075B465A4639462046FFF7E8FDC4
S3150800EF30002840F0B4803946204623F0A3FC002878
S3150800EF4040F0AD803B46424629462046FFF7D8FDAD
S3150800EF50002840F0A4802946204623F093FC002888
S3150800EF6040F09D8006F118093B463A464946204638
S3150800EF70FFF7C6FD002840F092804946204623F058
S3150800EF8081FC002840F08B803346324639462046BD
S3150800EF90FFF7B6FD002840F082802B463A463946F0
S3150800EFA02046FEF74AFF002879D12B463A463946CD
S3150800EFB02046FEF742FF002871D13B462A462946DD
S3150800EFC02046FEF73AFF002869D133462A462946E5
S3150800EFD02046FFF795FD002861D14B462A4629466B
S3150800EFE02046FEF72AFF002859D15A4649462046A8
S3150800EFF008F11003FFF784FD002850D14946204642
S3150800F00023F040FC00284AD139465046FEF7DFFC7B
S3150800F010002844D129460AF10800FEF7D8FCF0BBBF
S3150800F02049460AF11000BDE8F84FFEF7D0BC134672
S3150800F0302946FFF765FD90BB032229463046FEF7B1
S3150800F04089FD60BB31462046FFF712FF38BB04F145
S3150800F0500C0701463846FEF7B7FE00283FF45EAFB8
S3150800F06008F110031A4629462046FFF749FDB0B9AC
S3150800F07006F110092B462A4649462046FFF740FD69
S3150800F08068B93B464A4629462046FFF739FD30B956
S3150800F0902B46324631462046FEF7B0FE3BE7BDE832
S3150800F0A0F88F2DE9F14F9A461B6904460E4691469C
S3150800F0B00A9D002B00F0D18002F110070021384686
S3150800F0C0FEF782FE28B95146304601B0BDE8F04F3A
S3150800F0D0A5E40AF1100800214046FEF775FE08B9B6
S3150800F0E04946F1E701214046FEF76EFE002840F04A
S3150800F0F0B4803B463A4629462046FFF701FD0028DC
S3150800F10040F0AC8005F108083B462A4641462046B1
S3150800F110FFF7F6FC002840F0A18053462A46294608
S3150800F1202046FFF7EDFC002840F09880424641460D
S3150800F13020460AF10803FFF7E3FC002840F08E801A
S3150800F1404B462A4629462046FEF777FE002840F019
S3150800F150858009F1080B5B46424641462046FEF784
S3150800F1606CFE00287AD100212846FEF72DFE0146BE
S3150800F17080B94046FEF728FE38B92B464A4631463E
S3150800F180204601B0BDE8F04F85E6304601B0BDE83F
S3150800F190F04F5AE42B463A46204606F11001FFF78F
S3150800F1A0AFFC00285AD105F110072B462A463946E6
S3150800F1B02046FFF7A5FC002850D105F1180A2B4672
S3150800F1C03A4651462046FFF79BFC002846D14B4657
S3150800F1D03A4639462046FFF793FC00283ED1394681
S3150800F1E02846FEF7F4FBC8BB2946204623F04AFB0F
S3150800F1F0A0BB4346424631462046FFF781FC68BB22
S3150800F2002B46324631462046FEF717FE30BB53469C
S3150800F210324631462046FEF710FEF8B933463A46DE
S3150800F22039462046FEF709FEC0B943463A463946EE
S3150800F2302046FFF765FC88B95B465246514620468C
S3150800F240FFF75EFC50B953463A46204606F10801D8
S3150800F25001B0BDE8F04FFEF7F0BD024801B0BDE8C9
S3150800F260F08F00BF80B0FFFF10B50446FEF786FB9F
S3150800F27004F10800FEF782FB04F11000BDE8104017
S3150800F280FEF77CBB00B1EFE7704770B5044658B38C
S3150800F290436C012B11D00C30FEF770FB04F11400FF
S3150800F2A0FEF76CFB04F11C00FFF7ECFF04F13400D9
S3150800F2B0FEF764FB201DFEF761FBA36D8BB92046A4
S3150800F2C0BDE87040602116F0D3BF06FB0500FFF7C6
S3150800F2D0D9FF0135D4E91603AB42F6D815F073F811
S3150800F2E0EDE700251826F5E770BD10B5044650B1C0
S3150800F2F0FFF7CBFF04F16000FEF740FB04F168005E
S3150800F300BDE81040BEE710BD38B504460D46FFF708
S3150800F310BCFF2046FFF75CFB022D25702DD0032D80
S3150800F32047D0012D60D1324B324AA364324BA260DA
S3150800F330A261A2632262A26203F1600262624FF0D6
S3150800F340011203F11801616103F13001616303F1F0
S3150800F35048016360E16122637833E362201DFEF7AA
S3150800F36039FCE06304F13400FEF734FC2064002025
S3150800F3700123C4E91600636438BD204B204AA36400
S3150800F380204BA261A360204BA2632262A26203F112
S3150800F390740262624FF0011203F12001616103F108
S3150800F3A03C01616303F158016360E1612263043B38
S3150800F3B0D3E7164B134AA364154BA260A261A26356
S3150800F3C02262A26203F1800262624FF0011203F127
S3150800F3D02001616103F14001616303F1600163602B
S3150800F3E0E1612263943BB8E700230A482370C3E728
S3150800F3F085CB000801000600E83B040851CC00084C
S3150800F4000100070001000800643C04082BCE000830
S3150800F410F43C040880B1FFFF2DE9F0410D46014692
S3150800F420284617469846FFF76FFF0446B0B92846A0
S3150800F430FFF7BCFA012805F1600612D142463946A3
S3150800F4403046FEF7CBFB044628B931462846FFF777
S3150800F450ABFC044610B13046FEF790FA2046BDE8EC
S3150800F460F081014CF7E700BF80B1FFFF10B50446F5
S3150800F470F0B10368E3B1806838B12279012A11D165
S3150800F48018F016FAA06814F09EFFE06820B1236809
S3150800F4909978490016F0F6FE2046BDE8104010217E
S3150800F4A016F0E6BE1B78092BECD118F0E7F9E9E768
S3150800F4B010BD2DE9F0410E461746054688B00028CE
S3150800F4C06DD00368002B6AD0C268002A67D09B7883
S3150800F4D0BB4214D2FDF72EFF044600283BD13A461C
S3150800F4E031462846FDF756FF0446A0BB694628461E
S3150800F4F0FDF796FF044670BB6E462B685F782B684F
S3150800F500D5F80C809A783621404608EB02042EF08E
S3150800F5108AFE2B685C219A7820462EF084FE00230A
S3150800F520191D8F4208EB03021DD29F4223D80023E0
S3150800F530191D8F4204EB030224D29F4228D828467D
S3150800F540FDF7F8FE044630B92B68414628469A78F6
S3150800F550FDF720FF04462021684616F089FE20465E
S3150800F56008B0BDE8F081F25858F80300424048F860
S3150800F57003200B46D4E7F05C11780133414002F8CA
S3150800F580011BD2E7F258E0584240E2500B46CFE75B
S3150800F590F05C11780133414002F8011BCDE7014CBC
S3150800F5A0DDE700BF00AFFFFF2DE9F0470668054617
S3150800F5B00F4690468AB006B1767897B3B8F1000F31
S3150800F5C00CBF4FF001094FF002090023294C05F141
S3150800F5D0100A99458DF804301BD92846FDF70CFF0B
S3150800F5E00446B0B9324651462846FDF7F7FE0446AA
S3150800F5F078B90122284601A9FDF7F0FE044640B96C
S3150800F600B9F1020F10D0284602A9FDF733FF0446C8
S3150800F61098B102A8202116F02BFE20460AB0BDE8B4
S3150800F620F0874FF00109D0E7424639462846FDF7EC
S3150800F630D5FE04460028E6D0EBE73246284602A95E
S3150800F640FFF737FF04460028E3D1324651462846DD
S3150800F650FDF7C4FE04460028DBD151462846FDF7CF
S3150800F66009FF04460028D4D19DF804300133DBB2E3
S3150800F670AFE700BF00AFFFFF2DE9F8430668044671
S3150800F6800F46154606B17678B5F5806F3BD8236CDC
S3150800F69063B904F11008BDB92A4629462046FFF782
S3150800F6A083FF78B9236B013323630BE0A36B012B2C
S3150800F6B003D0226BE36B9A42EBDD20461AF008FC76
S3150800F6C00028E6D0BDE8F883AE422046B14628BFFA
S3150800F6D0A946FDF791FE0028F4D132464146204658
S3150800F6E0FDF77CFE0028EDD141462046FDF7C2FE17
S3150800F6F00028E7D138464A4641462EF0B3FF4F4424
S3150800F700A5EB0905C7E76FF00200DBE70346416092
S3150800F710EFF3108072B6034A11681960136031F06E
S3150800F72019B900BF3046002008B50146EFF310822C
S3150800F73072B60448FDF756FFBDE80840104631F09A
S3150800F74009B900BF304600200246EFF3108072B6B2
S3150800F7500E4991F85930FF2B02D1A2B131F0FAB80F
S3150800F7601BB9002AFAD0012203E0002A0CBFFF22A7
S3150800F77001221344DBB281F85930B3FA83F35B09EB
S3150800F78081F85A30EAE71A46F3E700BF3046002008
S3150800F7902DE9F843EFF31187302383F31188384EA8
S3150800F7A096F88450002D64D1364B37487565356117
S3150800F7B01D6031F028F9BFF34F8F344C14F00AFA64
S3150800F7C06368012B3AD0E56030F098FF00250F22D8
S3150800F7D001242F4BDFF8B480DFF8C890C8F84850EA
S3150800F7E05A641A6414F0F6F9C9F80440C8F81040C7
S3150800F7F030F0A2F84FF40022264BC8F818505320D0
S3150800F800C3F8882114F008FAC9F84440EFF31188C0
S3150800F810302383F311884FF4E06013F05DFD024650
S3150800F82088F31188BFF36F8F1B4B1860B8B987F33D
S3150800F8301188BFF36F8F2320BDE8F883D4F80480BE
S3150800F840B8F1010F02D014F0C5F9BCE7636830F0CF
S3150800F85073F8022323610E4BC3F80480F3E72B46A3
S3150800F86040F2E7310D482EF0EDFA0D4B86F884404C
S3150800F870186087F31188BFF36F8F0020DCE700BF9D
S3150800F8803046002054180020943D040800C00A5051
S3150800F89000E00A5000E100E05818002018FCFFFFBD
S3150800F8A00818002000D00A502DE9F04F2DED028BE4
S3150800F8B0CFB0EFF31183302282F31188AE4C94F85F
S3150800F8C08520002A40F06986012284F8852083F382
S3150800F8D01188BFF36F8F6FF004052846013505219F
S3150800F8E06DB214F085F95D2DF7D14FF00043A34EA4
S3150800F8F0072273664AF6CD33A14D0B206F6C2B6435
S3150800F900A04BDA6313F0F8FE6B68012023F4F87352
S3150800F91043F480736B6040F20913AB6040F2031343
S3150800F9202B6123F033FDFF0748BF974B4FF080004C
S3150800F93048BF2B64954B5F6E4FF0004373664AF6DB
S3150800F940CD336E6C2B6413F0D7FE2B6AF60723F0C3
S3150800F9500F0343F00C032B6248BF8B4B8C4848BF00
S3150800F9602B64002FA2BF4FF000428A4B5A6631F033
S3150800F9704AF8894AD2F84C3113F4802300F01386EA
S3150800F9804FF07E6292F89C3092F99C20002AB8BF0C
S3150800F9902C234FF40001794A022051664FF4D151C5
S3150800F9A002F5B83251627D494F2B486028BF4F2374
S3150800F9B0012001F58051DBB24860116911F48031EC
S3150800F9C0FBD143F48073536140F201439360724B59
S3150800F9D05160D3F84C21150300F1E985D3F850514D
S3150800F9E0EDB26F4BDFF8F08193F900606D4B2E4452
S3150800F9F0C8F80030654B86F308061B6F03F007034B
S3150800FA00032B01D12FF084FF1CF0E6F903284BD015
S3150800FA104FF48012594B4FF0A0615A6645F60E0313
S3150800FA20614AC2F88030614B99624FF4803103F520
S3150800FA3080539962936DD803FCD4936D5900FCD416
S3150800FA405B4B1361936903F0004343EA064343EAB9
S3150800FA50052343F0407343F03C039361136A23F094
S3150800FA600F031362916A534B0B4043F4803393623E
S3150800FA7051494D4A936D31EA0303FBD14FF080712A
S3150800FA804A488162136923F4700343F440131361EF
S3150800FA904FF000434FF480328361484B99629A6273
S3150800FAA0414A936D5B00FCD44FF4C0223A4BD3F81D
S3150800FAB09850324B5A6603F598335A68012A00F073
S3150800FAC0DB851CF089F905280CD100213C4813F088
S3150800FAD08FFB2E4A136F43F4806313674FF480320B
S3150800FAE0264B1A67374F384B3E6825F040759E42BD
S3150800FAF002D8334824F0C6F8344BDA6812F0060FF9
S3150800FB00FBD19A689D6099684D4015F4F81F0DBFA2
S3150800FB102B4D9A6035463D601CF05EF905280FD1DD
S3150800FB202FF0F6FE074613F0F1F90128D4BF01219C
S3150800FB300021384613F05CFB13F0A0FD13F08EFD90
S3150800FB40B54202D8002024F09DF84FF400220B4D50
S3150800FB50114B1F48D3F8C0306A664FF0B44223F001
S3150800FB604073936030F04FFF4FF4800302226B66B8
S3150800FB70184B5A6032E000BF304600200090005013
S3150800FB8000800950004000503254FFFF00800050AA
S3150800FB90943D040800A000500080E00F00100250B9
S3150800FBA068640020C01753020040005A0050005AEB
S3150800FBB02008C00BC7FFFEFE030001000060005AC4
S3150800FBC000B4C40460640020FFB3C40400000150FC
S3150800FBD0943E040800400250646400209D6815F4B1
S3150800FBE08035FBD1CB4E5D625D6013F02DFB336F24
S3150800FBF0284623F0070343F00303336713F054FD45
S3150800FC00336FC54923F474433367C44BD3F8FC20D8
S3150800FC1012F0807F00F03785D3F8FC2022F080723E
S3150800FC20C3F8FC20D6F8802022F0030242F0010235
S3150800FC30C6F88020C1F88050D3F8FC2042F08072C4
S3150800FC40C3F8FC20B34B4FF48031D3F82021B448D5
S3150800FC5022F0070242F00202C3F82021D3F8282135
S3150800FC6022F0070242F00202C3F82821D3F88021C5
S3150800FC7022F0030242F00102C3F88021D3F84021A2
S3150800FC8022F0030242F00202C3F84021D3F86021B1
S3150800FC9022F0030242F00202C3F86021D3F84022A0
S3150800FCA022F0030242F00202C3F84022D3F80022EF
S3150800FCB022F0070242F00202C3F80022D3F8082213
S3150800FCC022F0070242F00202C3F80822D3F85022B3
S3150800FCD022F0030242F00202C3F85022D3F870223F
S3150800FCE022F0030242F00102C3F87022D3F8202260
S3150800FCF022F0070242F00102C3F82022864A5E6E0D
S3150800FD005166426AF60322F0010242625CBF854AE6
S3150800FD1051664FF0E0210A6942F004020A61D3F8FD
S3150800FD20602222F0070242F00102C3F86022D3F8EB
S3150800FD30942222F0070242F00102C3F89422FFF748
S3150800FD4027FDEFF3108672B6774830F05CFE94F81C
S3150800FD50863053BB754830F056FE754B754ADA61E6
S3150800FD600122C3F844214FF4807203F5EA239A640A
S3150800FD70D4F88820704B114601350A2D1A4643F8E7
S3150800FD80081BF8D16D4BC4F888300023E36523605F
S3150800FD906B4B1B68C4F8DC306A4B5A6F42F00102A1
S3150800FDA05A67DA6E22F03002DA664FF00009664FBB
S3150800FDB0484684F8E09023F065FFBB78D4F8DC5019
S3150800FDC08BB16049A2684B6F23F440734B67AB0154
S3150800FDD05E4903F5742303F23F23B3FBF1F313449F
S3150800FDE0A36087F802904FF480114A4BD3F800219C
S3150800FDF0494A51664FF4003151661A6F02F00702FC
S3150800FE00E261196F032A01F47441E1645049896972
S3150800FE1001F00200C1F3400121760CD0D3F820216D
S3150800FE2002F00702022A06D0D3F8282102F00702B8
S3150800FE30022A40F0348401232371002840F03C84D0
S3150800FE40D4F8DC304149C3EB431202F5742202F2BE
S3150800FE503F22B2FBF1F2A0680244A2604FF4C872D6
S3150800FE60534303F5742303F23F23B3FBF1F32366ED
S3150800FE700123304684F8863030F06CFDFDF77EFBB2
S3150800FE80264A3449D2F8C03023F0FF0343F0A003D2
S3150800FE90C2F8C030304B9942304940F040840B6874
S3150800FEA02F48C2F89830C2F89C0000F5FF2000F2EF
S3150800FEB0FE70C2F8A00001330B60BFF35F8F052206
S3150800FEC0164BC3F894205A6A42F480325A62BFF33A
S3150800FED04F8FBFF36F8FBFF34F8FBFF36F8F1248EC
S3150800FEE030F091FD03213C2013F082FE4FF480127E
S3150800FEF0094B04255A664FF080521A4C1A4E1B4B72
S3150800FF0066673C20656726672567C3F8842113F072
S3150800FF1083FE2DE0008000500090005000ED00E0C8
S3150800FF200000085000A0005064330408983E0408F6
S3150800FF3000800350010D0C00BC4600200447002039
S3150800FF4058180020004000507C64002040420F00F2
S3150800FF5000C001506064002000640020E4590020BD
S3150800FF60030000200060005A010000A000E100E044
S3150800FF704FF00072C14BC2485E675D67A2624FF4DC
S3150800FF8080529A6230F03FFD0123002229460EA8CE
S3150800FF90ADF83830BB4C12F0E9FEB94830F033FD05
S3150800FFA0B94830F030FD636823B140F6FF7120464A
S3150800FFB013F0D4FBB34813F0EFFB2369002123F0B9
S3150800FFC0870343F0810323612369B04A23F0F803CA
S3150800FFD043F080032361E368AA4823F0F04323F43F
S3150800FFE07023E360A36823F0030343F00103A360CF
S3150800FFF0A368A360A36843F48063A360636A23F4D9
S31508010000772323F4EE6343F480236362636923F061
S315080100100F0343F002036361A16113F007FC052195
S31508010020984813F000FC974B9D6CED4315F440522C
S315080100300292F9D14FF48173012204210EA8ADF879
S31508010040383012F093FE40F202230121029A0BA8DE
S31508010050ADF82C3012F08AFE40F202330122042157
S315080100600AA8ADF8283012F081FE40F202430421B5
S31508010070012209A8ADF8243012F078FE844B854A8E
S315080100804FF44870C3F8C8244FF00212C3F8C424C9
S31508010090A2F58032C3F8CC241C22C3F8B424FCF799
S315080100A0A8FC0421022023F067F91420FCF7A1FC1F
S315080100B00421022030F04EFB2320FCF79AFC042190
S315080100C0022023F059F96F4B9A6C5106FCD5B922D7
S315080100D05A649A6C1206FCD504210220DB6B30F0B7
S315080100E039FB00224FF48173114608A8ADF8203078
S315080100F012F03CFE002240F20223114607A8ADF891
S315080101001C3012F033FE40F202330122002106A808
S31508010110ADF8183012F02AFE40F2024301220021FE
S3150801012005A8ADF8143012F021FE564813F034FB39
S315080101300021574B5448C3F8B414C3F8C814C3F87C
S31508010140C414C3F8CC1430F0E3FA4FF000639B6A89
S3150801015003F17842B2F5C04F53D21A684E4B9A4210
S315080101604FD14E4C94F8E16016F0FD0649D194F84A
S31508010170E230002B00F0F582022384F8E2304FF0DA
S3150801018000639B6ADB69984794F8E2900546B9F1E2
S31508010190010F40F0608310F0ACFF013040F0498355
S315080101A0D4F8E8203E4B1A66D4F8EC205A66D4F8FF
S315080101B0F0209A66D4F8F420C3F87021D4F8F82010
S315080101C01A64D4F8FC205A64D4F800219A64D4F845
S315080101D00C21D20700F13C83D4F80421314B5A662D
S315080101E0D4F808219A662AF0A7F8D4F8E43083F3FC
S315080101F01188BFF36F8F84F8E26015B9012384F87B
S31508010200E1307A684FF40031551C04BF264BD3F808
S3150801021094204FF0502308BF7A60D407196700F17C
S315080102201C8301210C46084604FA00F3134001F128
S31508010230010100F014831D4B03EB4003B3F8F432BC
S315080102401B4A062B1168154C09918AB24FEA1141CE
S3150801025040F00C834FF20F03994240F00483B2F544
S31508010260406F28BF4FF4C062A4F810214FF0005325
S315080102704CF23C325A800F4A536A1DE00050005A2C
S315080102806433040800C008509C3E0408E0707200FC
S3150801029000C003500200030007B0CD5E30460020BF
S315080102A0008000440080005000400050AC3B040828
S315080102B00000002000ED00E043F470235362EFF3E1
S315080102C008834FF0CD31C04A043B934280F0E08267
S315080102D0BE49BF4812F0A0FBBE4830F094FB4FF46C
S315080102E04073012204210EA8ADF8383012F03EFD04
S315080102F00122B94BC3F84424EFF31186302383F363
S3150801030011884FF4607012F0E7FF86F31188BFF386
S315080103106F8FB24B00F5D520D3F8F02000F2FC40E0
S3150801032042F00102C3F8F020D3F8FC20AC4E42F0AB
S315080103308072C3F8FC20AB4AA3F55D431A60AA4B49
S315080103400222B0FBF3F0A94B01381861C3F8F0207B
S315080103504FF48072C3F804234FF06043A44A9D48C2
S31508010360C3F8B02FA34AC3F8802ED3F8002E42F45F
S315080103708072C3F8002EFF2283F82020D3F8002EBE
S3150801038022F48072C3F8002E30F03DFB736818061C
S3150801039005D480232720C6F8843113F03DFC736801
S315080103A0D90506D44FF480732820C6F8843113F092
S315080103B033FC4FF0604602258F4823F086F88F48B4
S315080103C023F083F8D6F8003E0EA843F48073C6F8E6
S315080103D0003E8B4BCDE90E5322F0CBFE0122D6F817
S315080103E0003E042123F48073C6F8003E0EA8ADF83A
S315080103F0382012F0BBFCFFF7CBF9064628BB81482B
S3150801040030F001FB804B814A81491A624FF416721A
S31508010410C3F83C5103F5EA239E647E4B7E481B686C
S3150801042053437E4A03F5742303F23F23B3FBF2F3E6
S315080104307B4A13600B681568013640F8045BF6B20F
S3150801044015680A2E2B44F6D10B6094F8351094F8EA
S315080104503430022901D1072B19D0DA0703D443F026
S31508010460010384F8343094F834309E075FBF0122C3
S3150801047043F0020384F8343084F89C2494F8342039
S3150801048011B9D50700F10782500740F10B824FF0E9
S31508010490020B30F0B7F8514B624963485B68FFF7C6
S315080104A035F919F040FDFCF7C5FA27F003F85F4B5B
S315080104B0DFF8C0C1CDE90EB34FF04073CDE910C3E3
S315080104C005239FED3F8B5A4E0EA94FF0FF3012932D
S315080104D02EF09BFB00214FF0FF302EF099FB06F121
S315080104E0200526F067F82022002130462DF09BFED4
S315080104F01822002128462DF096FE00224D4B4E4922
S3150801050083ED008B4D4B012099604D491A77D960CF
S315080105104C491A6219614C49C3E9002659619A6125
S315080105204A494B4B99604B491A77D9604A49C3E9FD
S315080105300025196149491A6259619A612FF090F8A3
S31508010540002840F0E18241F60B214FF6FF754FF086
S315080105500109434A039010609180424A7F21C4F8F9
S31508010560A82406F586601022ADF820508DF8229051
S3150801057086EDE18B2DF057FE7F214FF0FF3A3A4A7F
S3150801058006F561781170394A039B126ACDF838A0CD
S3150801059012F0010F40F08B81FEE783F31188BFF358
S315080105A06F8FFFF7A2B9D2F85021FFF7F2B9304B96
S315080105B01D88FF2D88BF5A25FFF713BAAFF30080B0
S315080105C000000000000000000800002084640020EC
S315080105D0981900206433040800D0035000ED00E0A8
S315080105E000E100E0FF030040F8590D00000004E0B7
S315080105F055CEACC5090001002C3304084433040860
S31508010600006A1810983E040800800350010E0C0079
S31508010610045A002058180020085A002040420F00AA
S31508010620305A0020A064002044470020006A1800C0
S315080106304C470020281B0020A58101080C18002022
S31508010640A11E0108211F0108F9810108A51F01083A
S3150801065030180020AD1E0108D51F0108DD1F01084D
S3150801066088190020B1830108901900200080E00F45
S315080106700001E00F00030400AA494A605A68970777
S31508010680FCD4FFF71EBAD6F8803023F0030343F0F3
S315080106900103C6F88030C1F88050FFF7D3BA0022AB
S315080106A0227100283FF4CCABD3F8003103F00303E1
S315080106B0581E4342434123719B4BD3F8003103F043
S315080106C00303022B26D0032B27D0012B7FF4B8ABCB
S315080106D0D8F80020002A3FF4B3AB944BDFF8A08288
S315080106E0DB68501EC3F30B0C002319460CF1010CF1
S315080106F00CEB8C0CECFB08012DF0A4FB684300F510
S31508010700742000F23F20B0FBF8F0A3681844A060FB
S31508010710FFF796BB4FF40042DFE7854ADDE723F092
S315080107201F03203BB3F1005F0BD30868814CC2F865
S31508010730980043F001030130C2F89C40C2F8A0308A
S3150801074008607D4A0B687D4822F01F0242F00302C9
S31508010750C0F89830C0F89C20794AC0F8A020FFF765
S31508010760AABB0125CDE909660B9684F8E250EFF399
S315080107701183302282F31188C4F8E43029F0D4FDBC
S31508010780694B70495A6EC4F804219B6EC4F8083146
S315080107904FF480438B666C4B5A68C4F80C216B4A3C
S315080107A09A601A6EC4F8E8205A6EC4F8EC209A6E5C
S315080107B0C4F8F020D3F87021C4F8F4201A6CC4F8F0
S315080107C0F8205A6CC4F8FC209A6CC4F80021604AD7
S315080107D0106C1864506C5864926C9A644D661B6E62
S315080107E01B041BD55B4AD368DD07FCD44FF00063B5
S315080107F09D6A05F17843B3F5C04F07D200230EA8C9
S31508010800109320F028FF109B59050CD4099A524BD6
S315080108101A660A9A5A660B9A9A66B0E44F4AD368D8
S31508010820D807FCD4E2E72B6C0BAA0AA909A89847B2
S31508010830ECE710F05EFC40F2011398423FF4B0ACCD
S31508010840474B444AC3F86490D368DB07FCD4A7E452
S3150801085000229A60C0E40126CDE40020EBE41029C9
S315080108607FF4E1ACECE44FF4C062FDE440F207200A
S3150801087083420AD14FF20F00814206D19A4202BF42
S315080108804FF000524CF23C315180A4F81031F2E499
S3150801089043F8041919E53348FCF76CFE022384F87A
S315080108A03530F1E542F0040284F83420EFE52E4AAA
S315080108B006F5637112880EA8A4F8B8242B4A1268A3
S315080108C0C4F8C0242A4A1288A4F8BA24294A126804
S315080108D0C4F8C4248022A4F8BC2406F56C72C4F8B2
S315080108E0C8241A4625F0C4FE00B1FEE726F0E2FD4B
S315080108F000B1FEE720490E9826F032FA00B1FEE76C
S3150801090059460E982EF088F800B1FEE71B490E9855
S3150801091026F020FC00B1FEE749460E982EF04CFA67
S3150801092080B3FEE700E001500080005000C001508E
S3150801093080D54302030000207F64002000ED00E01B
S31508010940E1FF0720009000500080004455CEAC001E
S3150801095000C0005400000440009000440000045008
S315080109600090004068460020568804085C88040800
S31508010970548804085888040807001100C03E040872
S3150801098040420F0049460E982EF024FA014600B15E
S31508010990FEE7754B402218462DF045FC494680F87E
S315080109A03E50A0F83CA00E9825F0C8FE6F4D0E9853
S315080109B0286000B9FEE740F22223DFF8ECA1D8F857
S315080109C00420DAF8A0146A4E9A4208BFB1420BD045
S315080109D09FED638B4FF0FF328DED008B4FF0FF33A8
S315080109E02EF002F888ED008B0021624805F0AEFF73
S315080109F0012108462EF01CFE286808A925F076FE76
S31508010A00064600B1FEE75C4B5C4A186098805C4B71
S31508010A109080136003F1B402CAF8E0259C2203F51D
S31508010A209A73CAF8EC35574BCAF808061A70AAF829
S31508010A30E40506F093FA066006F070FD031D00F161
S31508010A40B402194610339342066007D1494B1A7905
S31508010A500B2A02D85A790A2A04D8FEE743F8106CF9
S31508010A600E46EEE7484A1360FBF7E4FF002005F05F
S31508010A70FDFF0822286811462EF006F8064600B141
S31508010A80FEE7014628682EF0BFF9314618223F488D
S31508010A902DF0C9FB3E4805F019FF3E4B122231469F
S31508010AA018462DF0C0FB4FF6FE7220F8022CEFF324
S31508010AB0108072B61025DFF8F480C8F80060C8F80F
S31508010AC00860A8F804502FF045FF334B0E96C8F876
S31508010AD008308C23314E4FF40C600EA9C6E9025337
S31508010AE022F03CF8002830D10F220E9BC6E90033CC
S31508010AF0F168013A19441960F16892B20B44002A67
S31508010B00F6D14FF0FF321A607B684FF40032013399
S31508010B1008BF234BDFF898A004BFD3F894307B6055
S31508010B204FF050230AF5005797F838561A67002DE3
S31508010B3040F0B6864FF6FF721A4ECAE90155338858
S31508010B40CAF80C50934201D1FEE7FEE7002B3CD1CF
S31508010B5004210AA805F0A8FE60B3FEE7AFF30080FA
S31508010B600AE020FF22020000485600205C190020F6
S31508010B700AE020FF88190020F01A0020C01A002078
S31508010B808C4B0020481B0020841900206C1900207A
S31508010B90B81B0020361B002015090408A81B0020D5
S31508010BA00040005038560020304600205C1B0020CB
S31508010BB0F01F00200A9B002B00F0FD836FF0004216
S31508010BC0934208BF0123EC4A13603388DFF8148483
S31508010BD001333380F6F7D8FC0026E84BCAF814002F
S31508010BE000F180414046CAF81C30CAF82480CAF888
S31508010BF01860F7F705FEE24BCAE90A66CAE90C3638
S31508010C00E04BCAE90E66CAF8483008F12C03CAF85F
S31508010C1050302D238AF84060CAF84460CAF85C60EF
S31508010C2008F14408013B424608F1800840F0C583B3
S31508010C300DB1CAF85C600025D34E4FF0010B06F2E0
S31508010C407460C6F8605686F86856C6F86C56C6F8D3
S31508010C507056F6F7CFFCCD4B2946C6F888360323DE
S31508010C6086F896364FF440438C2206F2A460A6F81D
S31508010C7094B6A6F89836C6F88C56C6F89056C6F8AD
S31508010C809C56C6F8A05686F830572DF0CCFA06F5CC
S31508010C90E963C6F8743706F5EC63C6F88C3706F5CA
S31508010CA0EF63C6F8A43706F5F263C6F8443706F2C9
S31508010CB0AC73C6F8D43706F2C473C6F8EC3706F235
S31508010CC0DC73C6F8043806F6140006F2F473C6F89F
S31508010CD0A837C6F83457C6F83857C6F83C57C6F881
S31508010CE04057C6F85C57C6F8BC5786F80C58F6F74D
S31508010CF0C9FBF7F7C2FAA64B06F63C0906F50168E1
S31508010D00A6F81C08C6F82038484606F50263C6F850
S31508010D102838C6F82C88C6F83058F6F7B3FB9D4A2A
S31508010D2006F66C00C6F8442806F64402C6F84C28AE
S31508010D30994AC6F85098C6F86828C6F85458C6F8A5
S31508010D405858C6F85C58C6F860580AF071FB934AB9
S31508010D50934BC6F89028C6F86438924A924B2946AE
S31508010D60C6F83428C6F8AC38802206F6AC0306F66F
S31508010D70B800C6F8B438C6F89488C6F8388886F82C
S31508010D80A4B8C6F8A8582DF04EFA06F63C100AF093
S31508010D904FFB864B06F67410C6F8603906F638130B
S31508010DA0C6F86439F6F76EFB814B8249C6F87C3979
S31508010DB006F6881006F67C13C6F8843909F071FE22
S31508010DC03523A6F8983941F65833C6F89C397A4B33
S31508010DD006F52060C6F8A0394FF4E163C6F8E43990
S31508010DE04FF4E153C6F8F839744B86F8A4B9C6F836
S31508010DF0FC3986F8A85986F8D959C6F8DC59C6F8CF
S31508010E00E059C6F8EC59C6F8F059C6F8F459F6F798
S31508010E1039FB06F608200AF00BFB694B4FF0FF3940
S31508010E20C6F82C3A06F6DC13C6F8303A654BC6F80E
S31508010E30545AC6F85C3A06F65C23C6F8643A624B1D
S31508010E40DFF8A481C6F8683A06F66823C6F8703A48
S31508010E50072386F8563A06F6E423C6F8303C06F622
S31508010E601443C6F8E03A594BC6F8488AC6F85C3DB9
S31508010E7006F65C53C6F8643D554BC6F87C5AC6F867
S31508010E8070BD86F87CBAC6F8405AC6F8445AC6F800
S31508010E90585AC6F8745AC6F8785AC6F84C5AC6F853
S31508010EA0505AC6F8005BC6F8445DC6F8485DC6F8F0
S31508010EB04C9DC6F8509DC6F8549DC6F8589DC6F86F
S31508010EC0685DC6F86C5DC6F8745DC6F8883D06F6B9
S31508010ED08853C6F8903D3F4B06F6A850C6F89C3D88
S31508010EE006F69C53C6F8A43DC6F8945DC6F8985D07
S31508010EF0C6F8789DC6F87C9DC6F8809DC6F8849D7F
S31508010F00F6F7C0FA08F1150106F6A850FAF73CFB00
S31508010F10314906F55B6086F8B05D86F8C15DFAF77A
S31508010F2042FE1CF02BFC2D4906F6C150FAF73BFE92
S31508010F3006F55E6086F8D65DC6F8DC5D22F0A2FB92
S31508010F4006F55F6022F09EFB4FF01C73C6F8103E53
S31508010F50234B06F62860C6F8183E06F61863C6F847
S31508010F60203EC6F8045EC6F8085EC6F80C5EA6F80A
S31508010F70145E22F087FB39E03C560020BB8A000844
S31508010F806DC0000815880008F02F0020C1960108D9
S31508010F90418E0008A5920008A56600082B8F000857
S31508010FA01953020831030208219701081FD30108C2
S31508010FB03DD50108C827040803010105007512007B
S31508010FC08DB00108DDD50108DB95010829C00008A7
S31508010FD031C00008056900088C34040897340408F0
S31508010FE085BE01080C200020EC3E040806F63C608C
S31508010FF0C6F8385E0AF0B2FB96F8403E06F6DC6B98
S3150801100065F3000386F8403E05F00EFA4FF00043FB
S3150801101010210EA8C6F8D83DC6F8243E05F044FCB2
S315080110200EA92A4606F6D8500AF090FFC6F8005EC1
S31508011030C6F8485EF7F721F986F84C0EF7F71DF959
S31508011040E04B0B22C6F8503EDF4B86F84D0EC6F82C
S31508011050543E0F2386F8603ED6F8683E06F6A4602D
S3150801106003F0FC03C6F8683EFB23A6F87C3ED74B83
S3150801107086F8582E86F86C2EC6F8943E86F84E5E8B
S31508011080A6F85A5EC6F85C5EC6F8705EC6F8745E67
S31508011090C6F89C5EC6F8A05E22F0F4FA06F6B460BD
S315080110A022F0F0FA06F6C46022F0ECFAC84B06F50F
S315080110B07068C6F8DC3EC74B06F68660C6F8003F80
S315080110C04FF6FE73C6F8E4BEA6F8823EA6F8843E3D
S315080110D0C6F8088FA6F8FC9EA6F87E5E86F8805E9E
S315080110E0F6F7D0F9B6F88E3E06F6A46003F0FE03CD
S315080110F043F4FE4343F00103A6F88E3EC6F8905E1C
S3150801110086F8D95EF9F796FB06F6B460F9F792FB0D
S3150801111006F6C460F9F78EFB5846C6F8D45E86F81B
S31508011120D85EF8F749F94046A6F8EC5EA6F8E85EF7
S3150801113086F8EA5EC6F8F05EC6F8F45EC6F8F85EAA
S31508011140F8F73AF9D6F8943E06F6B470C6F80C3FA5
S31508011150A14BC6F8145FC6F8103FA04BC6F8AC5FA2
S31508011160C6F8183F06F61873C6F8203FA6F8B25F08
S3150801117022F088FA0EA8F9F789FB9DF8383006F5AA
S315080111807B6023F0010343F002038DF83830F8F74A
S3150801119053FF8822294606F624702DF044F896F85E
S315080111A0483E43F0010386F8483E96F87E3E0BB961
S315080111B01BF0C9FB8A480AF07FFDB6F8501E89481C
S315080111C0F8F786FE88480EA9F9F7DAFBB6F8821E03
S315080111D08548F9F7C8FB002284498548F9F733FBA6
S315080111E0F7F74BF80025A6F8C40F8248F6F702FA76
S315080111F08148F6F747F93B7A804823F00F033B729B
S315080112007F4BA6F8E85FC7E90335C6F8EC5F86F8B1
S31508011210F85FBD707D6005F0B7FE4FF4FA63C7E964
S315080112200A35784B4FF040627B64B7F850304FF47B
S315080112307A7103F08003A7F850306FF00113C7E9FC
S315080112401623F023C7E918136423DFF8E091C7E9E9
S315080112500C5509F18000C7E90E557D623D64BB66F0
S31508011260C7F8AC50C7F8C050C7F84C90F6F70AF95A
S31508011270654B09F19400C7F8CC3009F18803C7F822
S31508011280D4300AF0D5F8614A4FF0FF0BC7F864214C
S3150801129009F59072C7F86C214FF0AF62C7F8802143
S315080112A05B4A5C4B294609F11408C7F8E82109F598
S315080112B0A47009F5D272C7F8FC30C7F8F021C7E95E
S315080112C05E55C7F86051C7F8B851C7F8D051C7F885
S315080112D000810FF0D9F909F5A47087F8C7B187F825
S315080112E0C8B10BF00FF94C4A2946C7F8002209F58F
S315080112F0DE72C7F80822494A09F13C00C7F81C22E0
S3150801130009F5EC72C7F82422454AC7E97E55C7F89C
S31508011310382209F5FA72C7F8402287F8F451A7F876
S315080113200C52A7F8145287F828520FF0ADF909F1B3
S31508011330340087F8BBB087F8BCB0F6F7A3F809F113
S315080113403C0008F0B4FD294609F13C000FF09CF970
S31508011350404687F8BBB087F8BCB00AF01FFF09F50D
S31508011360037009F00BFDD7F86032A9F5DF719B0C04
S315080113709B0443F4403343F04003C7F8603248F214
S31508011380FE0309F50570C7E9943509F043F909F52E
S31508011390097009F0F3FCD7F87832224A09F50B707F
S315080113A01A40214B1343C7F87832F9F76FFA054605
S315080113B000283DD0FEE7012305E448F8806C0125A5
S315080113C016462FE4FFFF0B0B00F8FF07104C002011
S315080113D01193000871AD00086F680008736800086A
S315080113E0C83D0020383E00206C3E0020093F040815
S315080113F0A43F0020BC3F0020D03F0020044000202D
S31508011400DDA801086B68000869480208EBFF0108B6
S31508011410BD06020845E401085D00020875000208D8
S3150801142011010208000080FE40001F01344000201F
S3150801143009F50F7009F0A2FC4FF0FE084FF07F4343
S31508011440C7E9A238D7F8903209F5157003F07E413D
S31508011450DB4B0B43C7F89032F6F7CCF843F2FF2380
S31508011460A7F898324FF4807309F51A70A7F8A632CF
S31508011470F6F7C0F843F2FF314FF4807309F50170AE
S31508011480A7F8AC12A7F8BA32F5F7FCFFCD481DF05C
S315080114903BFBCD4BC7E9B055C7E9B235CB4BC7F8CE
S315080114A0E052C7F8D03209F52373C7E9B63597F87C
S315080114B02E3387F8E45223F0030387F82E3309F510
S315080114C03E73C7F83433A7F8EC5287F8398387F89F
S315080114D03A54F6F7D2FE87F83B03F6F7CEFE87F8BD
S315080114E03A034FF4007087F838531CF09FF8C7F891
S315080114F04054C7F84454C7F84854F6F7BEFE4FF6A9
S31508011500FE73A7F8583497F87E34A7F84C0465F3A8
S31508011510000387F87E34AE4B09F58D60C7F884342D
S31508011520B7F89C34C7F8505403EA0803A7F89C3463
S31508011530C7F8545487F87454C7F87854A7F87C54F4
S31508011540C7F8885487F89E54C7F8A054C7F8C454F6
S3150801155009F014FC97F8BE3409F58C6023F07E0374
S3150801156043F0760387F8BE3487F8BD54F5F78AFF4A
S315080115708123A7F8CA34974B09F28440C7F8D034B7
S3150801158009F28C43C7F8D834BE23A7F8C83409F042
S31508011590BDFF914B914AC7F8EC3409F59563C7F835
S315080115A0F4344FF6FF73C7F8102509F2CC42C7F891
S315080115B018258B4AA7F80C35C7F84025C7F8D03542
S315080115C009F2FC42874BC7F8482509F5A562C7F811
S315080115D07C25C7F8DC3509F5A76209F5B363C7F8B1
S315080115E06825C7F8DC54C7F8E054C7F8E454C7F8C7
S315080115F0E8B4C7F80855C7F82C55C7F83055C7F8E1
S315080116003455C7F83855C7F83C55C7F84C55C7F887
S315080116105055C7F85455C7F85855C7F85C55C7F813
S315080116206055C7F86C55C7F8C855C7F8CC55C7F8FB
S31508011630D455C7F8D855C7F8E435D6F890166A4B85
S315080116400A46C7F8E83509F5A963C7F8EC35C7F8B6
S31508011650F05509F2A453002A40F04682634AC7F8B6
S31508011660F015C2F890360023FF22C7F8FC35C7F8F3
S31508011670F435C7F8F835C7F81C36C7F82036C7F861
S315080116802436C7F82836C7F82C36A7F834364FF467
S31508011690FA73C7F80026564A5649C7F80426564A21
S315080116A0A7F8FC35C7F80C260C32C7F81826534A92
S315080116B0C7F81016C7F83026F6F7DFFD0123504A9A
S315080116C087F83836D2F8A036C7F83C064D480133B4
S315080116D0C2F8A03690F8343013B94B4911F09CF989
S315080116E04A48F9F733FD4A48F9F730FD00238DF8E2
S315080116F02C30012308200EAA0BA9ADF838301BF0AF
S3150801170062FD18B99DF82C3087F89E340EA81BF097
S3150801171005FE0246002840F0C3800F993D480AF0AD
S315080117206FFB324B109AC3F8042E119AC3F8002E98
S31508011730C3F8D42EB3F87C3E9B060AD5EFF3118382
S31508011740302181F3118834494A6083F31188BFF344
S315080117506F8F9DF8393023F0020343F0040387F8AD
S315080117605B30BDF85C30052B40F09A809DF8383027
S3150801177087F85A30023B022B00F29280BDF83A10E4
S31508011780C1F3080333B12548F9F7EDF8BDF83A3046
S31508011790A7F85C30214813A9F9F7F2F8DDE9150134
S315080117A04FF6FE7207F51C7383E80300BDF83A305D
S315080117B0934275D0C3F30803002B6BD030E000BF0A
S315080117C040009F01193F0408DD950108E5970108C6
S315080117D02598010839B50108D397010805030208B8
S315080117E01B9A01084D4F020879010208F02F0020C3
S315080117F0DD970108558A0008F445002001B501085E
S31508011800304600209819002084640020343D0020C9
S31508011810603D0020C83D0020485600206C3E00204F
S315080118200023CDE90B330223ADF834300A230BAE7E
S315080118303146042007AAADF81C301BF0C4FC8146CA
S3150801184070BBDFF8D483404608F031FB4946404671
S315080118500EF01AFF96E80300FF2387F8BB3087F8D6
S31508011860BC30338988E80300A7F8A03097F89E3082
S31508011870012143F0F00387F89E30BDF83A3040461F
S3150801188003F47C43A7F89C300EF0FEFEB7F89C30B3
S31508011890A7F85E3097F8583043F0040387F85830B4
S315080118A000270120C4F8A4A605F030FAB94BD4F8EC
S315080118B0A4861F80B84B02221F80B84BA4F8A876CD
S315080118C01F804FF0FF330E934FF41063ADF82C30A1
S315080118D0B34B0EA900930BA8B24B23F043FEB24BB0
S315080118E0B24EC4F8B036B24B3822C4F8D03606F137
S315080118F02003C4F8D8360123394606F14C0084F88A
S31508011900F836C4F8B486C4F8B886C4F8BC66A4F830
S31508011910CC76C4F8DC66C4F8E086C4F8E466C4F894
S31508011920E886C4F8EC66C4F8F086C4F8F4662CF0C8
S315080119307AFCA04A08F58053C3F8402A06F19402B6
S31508011940C3F8442A94F858379B4A23F0070384F8C6
S31508011950583794F86437994967F3000306F1080084
S3150801196084F86437C4F8C076C4F83487C6E90577BD
S31508011970C4F83867C4F83C87C4F84067C4F8448794
S31508011980C4F8486784F84C77C4F85087C4F8546794
S31508011990C4F85C87C4F86067F4F7BEFF884B894AC8
S315080119A01E60B4F81031DFF874A2B3F5406F4FEA40
S315080119B0132138BF02EB81028348F5F753FDBAF8C4
S315080119C01011824B0A0A03EB8203D3F87833CAB2A1
S315080119D003EB82027E48F5F745FD0123BAF810218B
S315080119E0120A934040F2A172134278D0794BD3E997
S315080119F00D21570748BF0024D3E9120B4CBF2746D0
S31508011A001F6DD3F83C9058BF734C744B5DBF83462A
S31508011A108946DFF80C82DFF80C8212F0080F70494C
S31508011A2018BF1946E61B1FBF6422730802FB0B3356
S31508011A30B3FBF6F31ABF9BB21D4635463B464246F3
S31508011A406848CDE90049B6B2F5F70CFD43462A4682
S31508011A50654800961FFA8BF1F5F704FD4C4501D34D
S31508011A604F4503D941466148F5F7FCFC594CD4E981
S31508011A7017231343626E13433BD15D48F5F7F2FC16
S31508011A8040F60522BAF8103193420ED8B3F5206F05
S31508011A904CD840F20252934256D040F20172934218
S31508011AA05AD040F2015293424AD00024FC222146E0
S31508011AB00FA80E9426462CF0B6FBDFF86CB1454FFD
S31508011AC0DFF86881DFF86891DFF868A19BF80030D4
S31508011AD0002B40F0278114B10EA8F5F7C3FC4FB0CF
S31508011AE0BDEC028BBDE8F08F9A423FF4BCAD92681B
S31508011AF0B1E54048F5F7B6FCA04600274FF0010BC3
S31508011B00DFF834910026D8F85C200BFA06F3134265
S31508011B1003D04846B919F5F7A5FC0136202EF2D1AE
S31508011B202037602F08F10408ECD1A9E7A3F60223B0
S31508011B30032B17D8DFE813F08200AD00DB00F400B1
S31508011B402D48F5F78FFCB0E72C48F5F78BFC216C8F
S31508011B502B48F5F787FCA8E72A48D4E92512F5F7B3
S31508011B6081FCA2E72848F5F77DFC94F86C309E07BE
S31508011B7002D52648F5F776FC94F86F305D0602D54E
S31508011B802348F5F76FFC94F96F30002B8DDA21485D
S31508011B90D7E700BFC01B0020BE1B0020BC1B0020CE
S31508011BA0A864002099830108958D0108E04C00205E
S31508011BB0817701089D760008D82904082C1604089F
S31508011BC0B41A0020983D0408A5340408AC3B04085F
S31508011BD0BB34040860630020081800209034040808
S31508011BE084340408DB3404080C3504084535040834
S31508011BF06335040878350408A7350408E43504086C
S31508011C00143604082E3604084936040861360408D1
S31508011C109B360408CE360408704000203046002062
S31508011C20A03404087C340408C83D0408F90E0408E5
S31508011C307F4604081B380408E40B04084B48F5F7EB
S31508011C4011FC94F86830980703D0216C4848F5F7D9
S31508011C5009FC94F96830002B03DA616F4548F5F7FA
S31508011C6001FC0126444FDFF81C81029BA26E06FA8D
S31508011C7003F3134207D0029B57F823100B7813B1CD
S31508011C804046F5F7EFFB029B0133082B0293ECD193
S31508011C900BE73A48F5F7E6FB216C3548F5F7E2FB21
S31508011CA094F86930590702D53548F5F7DBFB94F9FD
S31508011CB06930002B03DA616F2E48F5F7D3FB082547
S31508011CC02D4E304FA36EEB40DA0706D556F8251090
S31508011CD00B7813B13846F5F7C5FB0135102DF1D14F
S31508011CE094F86830002B7FF4E0AE274829E72748A7
S31508011CF0F5F7B8FB216C1E48F5F7B4FB10251E4E07
S31508011D00204FA36EEB40DB0706D556F825100B7856
S31508011D1013B13846F5F7A6FB01351A2DF1D1C4E6FC
S31508011D201B4812E706F00302032A14BF43464B4633
S31508011D30019357F8043B0EA8009352465B464FF4AD
S31508011D408071204424F006FB1BF8013B002BFBD1D4
S31508011D50721C12F00305D6B203D02044C5B22C4634
S31508011D60B4E60EA8F5F77EFBF9E700BF0A370408C3
S31508011D70143604082F370408543F04085437040856
S31508011D806B3704084C370408B1370408E1370408EF
S31508011D90FA3704080348044B834202D0034B03B1C4
S31508011DA018477047F0650020F06500200000000024
S31508011DB0064B0749C91A891048BF0131491003D092
S31508011DC0044B0BB101481847704700BFF065002066
S31508011DD0F06500200000000010B5064C237843B9D1
S31508011DE0FFF7D8FF044B13B10448AFF30080012372
S31508011DF0237010BD2E63002000000000ECC6040805
S31508011E0008B5054B1BB105490548AFF30080BDE888
S31508011E100840FFF7CDBF00BF000000002056002094
S31508011E20ECC60408A3F5803A704700BF174B002B90
S31508011E3008BF134B9D46FFF7F5FF00218B460F465A
S31508011E401348144A121A2CF0EEF90E4B002B00D047
S31508011E5098470D4B002B00D098470020002104001D
S31508011E600D000D48002802D00C48AFF3008023F07E
S31508011E703FFE2000290018F093FA23F027FE00BF41
S31508011E8000000800000000000000000008180020FB
S31508011E900818002060630020000000000000000010
S31508011EA0014B1868704700BF081800204FF0FF3033
S31508011EB0704710B5044600B9FEE7037F1BB14369B5
S31508011EC098470023237710BD014B5B69184700BF6C
S31508011ED00818002010B5EFF31184302383F3118815
S31508011EE00348FFF7E6FF84F31188BFF36F8F10BD30
S31508011EF00C180020014B9B6B184700BF08180020DF
S31508011F0010B5EFF31184302383F311880348FFF7E3
S31508011F10D0FF84F31188BFF36F8F10BD30180020EE
S31508011F20F8B5EFF31187302383F31188194D1A4E4B
S31508011F302DF002FDA869F46C2B6CDB0703D52DF097
S31508011F40FBFCA869013487F31188BFF36F8F134B24
S31508011F508342134BA3411CD3326DD2B14FF47A732A
S31508011F60A0FB030103FB0411531E13420DD1B2FA60
S31508011F7082F2C2F11F04531CD243E04001FA03F373
S31508011F80184321FA02F21043F8BD00232BF05AFF39
S31508011F90FAE7FEE700C00A5008180020EFA7C64B6B
S31508011FA03789410007B50A4600B9FEE7037F03B141
S31508011FB0FEE7074B01900093416801234FF0FF307C
S31508011FC02CF068FC00B1FEE703B05DF804FB00BF26
S31508011FD04F0904084FF0FF302CF02ABE00B9FEE77E
S31508011FE041684FF0FF302CF065BC08B5FF2200218F
S31508011FF002482CF018F9002008BD00BF5C18002023
S315080120001FB500230C4601A98DF80C30F8F772FCB0
S31508012010024638B99DF80C30012B06D0022B09D09F
S3150801202003B92072104604B010BD2372BDF80430FE
S315080120302380F7E7237201AB03CB20606160F1E7E8
S3150801204008B5034A03490830F4F7E2FD002008BD44
S31508012050400A04082C16040808B550F8083F044934
S3150801206003F50053B3F85C20F4F7D2FD002008BD50
S315080120703D16040808B503490830F4F7C9FD0020E0
S3150801208008BD00BF460A0408B1F85A200149F4F709
S31508012090BFBD00BFE50B0408B1F85C200149F4F7A0
S315080120A0B7BD00BFE50B04084A6F0149F4F7B0BD97
S315080120B07F1104084A6D0149F4F7AABD780B040893
S315080120C001F130020149F4F7A3BD00BF2C1604083B
S315080120D0B1F858200149F4F79BBD00BFF212040874
S315080120E008B50249F4F794FD232008BD4C0A0408F3
S315080120F008B50249F4F78CFD232008BDA40A040893
S315080121000B7870B5DE0705460C4603D54A681149B2
S31508012110F4F77EFD2378990705D528460E4B227AD2
S315080121200E49F4F775FD23785A0705D528460A4B53
S31508012130627A0B49F4F76CFD23781B0708D5284604
S3150801214094F90A20044B0749BDE87040F4F760BDCD
S3150801215070BD00BFFA0A040824200408200B0408ED
S315080121602E0B0408440B040810B50C684CB9036817
S31508012170054903F5005393F83823F4F749FD20463A
S3150801218010BD0720FCE700BFE50B040838B50D684C
S315080121907DB900F1080420460749F4F7BDFB20463E
S315080121A00649F4F7B9FB20460549F4F731FD2846F7
S315080121B038BD2320FCE700BF8A140408590B04081C
S315080121C0010F040838B50C46B1F86E2026490546B4
S315080121D0F4F7A2FB94F87030D80703D528462349AB
S315080121E0F4F79AFB94F87030990703D528462049E5
S315080121F0F4F792FB94F870305A0703D528461D491F
S31508012200F4F78AFB94F870301B0703D528461A4958
S31508012210F4F782FB94F87030D80603D52846174997
S31508012220F4F77AFB94F87030990603D528461449D1
S31508012230F4F772FB94F870305A0603D5284611490B
S31508012240F4F76AFB94F87130DB0703D528460E4983
S31508012250F4F762FB94F871202846BDE838400B492B
S31508012260C2F34202F4F7D4BCB60F040812360408C6
S3150801227066320408703204082A0E0408662E040819
S3150801228080160408222004085E0B0408E40B0408DF
S3150801229010B50446086838B9084A094904F108001E
S315080122A0F4F7B6FC002010BD064921F012F918B161
S315080122B040F225220449F1E72320F4E741200408E6
S315080122C02C160408600B0408E50B040838B50C46FF
S315080122D005460849206821F0FCF848B164683CB90C
S315080122E005F1080001220449F4F792FC204638BD9D
S315080122F00720FCE7640B0408770C04080C207047D8
S315080123000B6810B504464BB903680C4903F500532D
S3150801231093F83A24F4F77CFC002010BD18460849C6
S3150801232021F0D7F838B1236803F5005393F8382319
S3150801233083F83A24F0E70720EFE700BFE50B040826
S31508012340121904082DE9F8438568044605F5005570
S3150801235095F8590021F00BF948B3164B083493F850
S315080123603B7395F87C9085F87D7093F83A6320461F
S31508012370AA6F114985F87E6095F87F80F4F748FCC5
S315080123804A4620460D49F4F743FC3A4620460C498D
S31508012390F4F73EFC324620460A49F4F739FC204652
S315080123A042460949F4F734FC0020BDE8F8831020B9
S315080123B0FBE700BFF03F00206A0B04087C0B04080A
S315080123C0910B04088A0B0408A20B040870B50B6864
S315080123D0054688B05BBB846804F5005494F8590037
S315080123E021F0C5F8014648B11248F7F7FEF94FF44E
S315080123F07A7200232BF026FDE16E411A00244FF470
S31508012400A8134FF47A706A46A1FB000102AE019344
S31508012410234600968DF80840F7F7F5F905F1080007
S3150801242032460549F4F7F4FB204608B070BD07208B
S31508012430FBE700BF042000202C1604080B682DE9D1
S31508012440F0410546A3BB00F18C0420461949F4F76F
S3150801245063FA4FF6FE72D5F88C3003F50053B3F8DC
S315080124605854954206D120461349F4F7D1FB00206A
S31508012470BDE8F08193F860842046B3F85A74D3F81E
S315080124805C64F4F756FA2A4620460C49F4F7C0FB71
S31508012490424620460A49F4F7BBFB3A462046094913
S315080124A0F4F7B6FB324620460749F4F7B1FBDEE7F7
S315080124B02320DDE7B70B0408C40B0408CA0B04087C
S315080124C0DB0B0408E80B0408FA0B04080B68181D53
S315080124D00860186802F1410121F010BA2DE9F041AE
S315080124E00446086896B0002877D12C2654F8085F68
S315080124F0014642220DF116002BF095FE05F5805294
S31508012500B2F8603605F5FE50F31AADF81230B2F896
S31508012510623606A90C30ADF81430ADF81060F5F73F
S3150801252065FE05F5FF5008A9F5F719FE05F5B3503F
S315080125300AA91430F5F75AFE05F503500EA9043019
S31508012540F5F70DFE05F5C05010A91430F5F707FE8D
S3150801255005F5C15002A91C30F5F701FEBDF840305A
S31508012560BDF8082020461344ADF84030BDF80A20CE
S31508012570BDF8423020491344ADF84230039A119B05
S315080125801E4D134432461193F4F742FB2046BDF81B
S3150801259012201B49F4F73CFB2046BDF814201949C3
S315080125A0F4F736FB0926DFF8648004AF013E05F12E
S315080125B0080503D1002016B0BDE8F08155F8083C9E
S315080125C02046FA1851680191528841460092FB5AF1
S315080125D055F8042CF4F71CFBE8E70B4920F079FFC2
S315080125E038B1A36803F58053B3F86026A3F86226C9
S315080125F0E0E70720DFE700BF0D0C04088820040880
S31508012600170C0408200C0408121904082D0C0408D8
S31508012610034607B5086858B90B4A0C4992F90020D0
S3150801262003F10800F4F7F4FA002003B05DF804FB9F
S315080126300DF1070121F08AF90028F6D19DF8072046
S31508012640014B1A70F0E700BFDA6500203B0C04085D
S3150801265013B508680C4680B1094920F03AFF50B114
S31508012660606850B10DF1070121F070F9002808BF23
S315080126700C2002B010BD0720FBE70C20F9E700BFCC
S31508012680420C040830B50446086889B0C0B94FF44D
S31508012690C01254F8083F02AD8DF8080003F1140082
S315080126A001920095F7F7A1F86A460123F7F7ABF807
S315080126B02A4620460B49F4F7ABFA002009B030BD8B
S315080126C0094920F006FF50B154F8080F1430F7F7FE
S315080126D08CF802460B462046F4F700FAEDE7072088
S315080126E0ECE700BF2C16040877130408D1E9002388
S315080126F0F4F7F4B9D1E90423F4F7F0B970B515463E
S315080127000E46137800F1080420460B4A03F001032C
S31508012710F4F74FFD2B7831462046084AC3F34003A8
S31508012720F4F747FD2B7831462046BDE87040044A48
S31508012730C3F38003F4F73DBD4A0C04085B0C040897
S315080127406A0C04080B4610B50C490446186820F0B3
S31508012750C0FE0246A36803F5075034302AB1BDE826
S3150801276010400022114609F045BF2246044909F0E6
S3150801277041FF002808BF242010BD00BF7A0C0408B9
S31508012780AD76010873B50E6804460D4630461C49F8
S3150801279020F09FFE60B1204650F8083F194903F51D
S315080127A08053B3F8842EF4F733FA002002B070BDD3
S315080127B03046154920F08DFEF0B11449686820F0BD
S315080127C088FED8B1A86878B10DF1070121F0DEF8C5
S315080127D00028EBD1EB688BB9A3689DF8072003F5B0
S315080127E0805383F8602EE1E754F8080FF3F790FD5C
S315080127F0074902462046D6E72320D7E70720D5E72B
S31508012800800C0408F21204088D0C0408950C0408BF
S31508012810E50B040873B50C4606460DF10701206859
S31508012820154621F0B3F828B963682BB99DF8071046
S315080128303068A84702B070BD0720FBE7F8B50F68F6
S3150801284005460E463846104920F043FE05F10804B0
S3150801285030B10E4A0E492046F4F7DAF90020F8BDE0
S3150801286038460C4920F035FE0028F2D12FB1314601
S315080128702046BDE8F840084ACCE7A868F3F743FDC7
S3150801288006490246E7E700BF9C0C040800F8FF0763
S31508012890B8120408A60C040819B20008E50B0408C6
S315080128A02DE9FF410C680D4600F184062CB120463E
S315080128B01A4920F00EFE90B10024DFF86C80184FFB
S315080128C058F82420394630460334F4F7A1F9152C73
S315080128D0F6D12B6803BB232004B0BDE8F081114B68
S315080128E0072200930C2310490DEB03000394F4F718
S315080128F085FE03460028EED082685B68511006EB18
S315080129006200D20748BF725805F1040148BFD3587F
S3150801291004B0BDE8F04118470020DDE7B00C040813
S315080129202C160408E9500108C82004082DE9FF41BE
S315080129300C680D4600F1A0062CB120461A4920F074
S31508012940C8FD90B10024DFF86C80184F58F8242090
S31508012950394630460334F4F75BF90F2CF6D12B6868
S3150801296003BB232004B0BDE8F081114B0522009377
S315080129700C2310490DEB03000394F4F73FFE0346BD
S315080129800028EED082685B68511006EB6200D20718
S3150801299048BF725805F1040148BFD35804B0BDE8D1
S315080129A0F04118470020DDE7B00C04082C1604088E
S315080129B0F15001081C2104082DE9FF410C680D4658
S315080129C000F138062CB120461A4920F082FD90B153
S315080129D00024DFF86C80184F58F824203946304611
S315080129E00334F4F715F90C2CF6D12B6803BB232015
S315080129F004B0BDE8F081114B042200930C23104961
S31508012A000DEB03000394F4F7F9FD03460028EED015
S31508012A1082685B68511006EB6200D20748BF72589C
S31508012A2005F1040148BFD35804B0BDE8F041184781
S31508012A300020DDE7B00C04082C16040879650008A7
S31508012A40582104082DE9FF41054608680E46224922
S31508012A5038B905F10800F4F7DBF8002004B0BDE841
S31508012A60F08120F036FDB8B1746894352CB1204652
S31508012A701A4920F02EFD88B10024DFF86C80184F22
S31508012A8058F82420394628460334F4F7C1F8212C8E
S31508012A90F6D17368002BE0D12320DFE7114B0B2217
S31508012AA000930C2310490DEB03000394F4F7A6FDDC
S31508012AB003460028F0D082685B68511005EB620076
S31508012AC0D20748BF6A5806F1080148BFD35804B06F
S31508012AD0BDE8F041184700BFB50C0408B00C04085E
S31508012AE02C16040881650008882104082DE9FF4190
S31508012AF00C680D4600F140062CB120461A4920F013
S31508012B00E8FC90B10024DFF86C80184F58F82420AF
S31508012B10394630460334F4F77BF8122CF6D12B6884
S31508012B2003BB232004B0BDE8F081114B06220093B4
S31508012B300C2310490DEB03000394F4F75FFD0346DC
S31508012B400028EED082685B68511006EB6200D20756
S31508012B5048BF725805F1040148BFD35804B0BDE80F
S31508012B60F04118470020DDE7B00C04082C160408CC
S31508012B70896500080C2204082DE9F0430B68A3B007
S31508012B800293384B054600930E460C233C223649E0
S31508012B9002A8F4F733FD044678B1826863685110D8
S31508012BA005EB6200D20748BF6A5806F1040148BF1F
S31508012BB0D35823B0BDE8F043184737682B49384640
S31508012BC020F087FC40BB044695F81490E3B299457A
S31508012BD046D92B69384653F8341003EBC40820F05C
S31508012BE078FC01340028F1D00021CBB29A0056F8BE
S31508012BF0233001316BBBD8F80440A869DAB256F81C
S31508012C00222019460133002AF8D1013903AAC9B28B
S31508012C10A04723B0BDE8F083DFF84C80144F05F1D7
S31508012C20080658F82420394630460334F3F7F0FFEE
S31508012C30B42CF6D100240E4F2A7DE3B29A420DD95F
S31508012C402A693946304652F83320F3F7E1FF013451
S31508012C50F2E788326A4442F8803CC6E70020D8E7A2
S31508012C602320D6E7D150010854220408B00C0408E1
S31508012C702C1604082DE9F0470D68044675B9A368B2
S31508012C80083003F5805393F80C382BB17949F3F7DB
S31508012C90BFFF0020BDE8F0877749F8E72846754960
S31508012CA020F017FC60B1A06800F5805393F80C3842
S31508012CB0002BEED100F5B95014300EF0B2F8E8E762
S31508012CC028466D4920F005FC002800F0BE80A5685D
S31508012CD005F5805696F80C38002BDAD0DFF8D48142
S31508012CE008F63817D8F87449002C67D1634808F0F4
S31508012CF063FBB8F87C3888F8D94983B1604808F08D
S31508012D005BFB014658B95F48F5F73BFF5E48F5F7A7
S31508012D101DFA5E48F5F7EBFE5D48F5F7E8FE5D48F6
S31508012D20002109F03FFF5C4808F046FB10B95B48F3
S31508012D301AF004FC05F5B95705F5BA54D6F834174F
S31508012D401437083400293FD105F5BD59D6F8384757
S31508012D5009F10C09002C45D12346D6F83857504AB3
S31508012D60002D4ED1D6F838574E4B002D51D100249F
S31508012D704D4D86F80C482B7A9B071AD51AF056FD45
S31508012D80204619F0F3FD05F5307008F0F7FBA5F1BB
S31508012D903406D8F8CC4F002C4FD14448F5F7D6F96C
S31508012DA02B7A204664F341032B72C8F8EC4F1AF0CC
S31508012DB0F5FC4FF080701AF039FC6AE70B222146C0
S31508012DC0384607F055F88DE7A142D1F8149007D394
S31508012DD005F5BD530833994202D2384609F0B2FCCB
S31508012DE04946AFE74C45D4F810A008D305F5C053BA
S31508012DF00C339C4203D22146384609F066FC5446F8
S31508012E00A8E7954227D02B462D69A9E7C3F8109064
S31508012E1027E09D421BD02C462D69A6E754B9C6F872
S31508012E2038472A46002138461AF040FC2D69002DFC
S31508012E30F7D19CE700232361F3E730462146F5F7EE
S31508012E40A9F92046F4F7C4FCA3E7072022E7184BA3
S31508012E509C42E3D1FEE7DFF84C90002BD6D1C6F8A9
S31508012E6038972A46002138461AF020FC2D694D4527
S31508012E70F7D177E7BC0C0408BF0C04082C390020ED
S31508012E805C380020003800202C3800203438002017
S31508012E901038002048400020C84000204042002049
S31508012EA02425040838250408F03F0020D03F0020D7
S31508012EB04C250408F02F0020024A0968083020F042
S31508012EC02CBD00BF6562000870B505460E4614465E
S31508012ED00C49F3F721FD31462846F3F749FE042C40
S31508012EE00AD8094B03EB8403D3F83C252846BDE8E9
S31508012EF070400649F3F78CBE054A064BFE2C18BFEF
S31508012F001A46F3E7DE0C0408242004080F0D04080A
S31508012F10D20C0408C40C040830B50B6885B01546F4
S31508012F201A1D0A601868694620F008FD044628B982
S31508012F306B4603CBC5F84900C5F84D10204605B0C8
S31508012F4030BD2DE9F0470D460446734928688AB015
S31508012F5020F0BFFA074600B104352E687EBBA36888
S31508012F606E4E03F58053D3F83457DFF8C881A6F5BA
S31508012F70AA690DB9002640E004F1080A2946504617
S31508012F80F3F7DCFDB7B16B7CA97C032B98BF09EB82
S31508012F908303C1F3400198BFD3F858252B7C0191CF
S31508012FA0A97C88BF324601F001010091504641468D
S31508012FB0F3F7B2FC5046F3F7BCFC6D69D9E7304626
S31508012FC0574920F086FA00286AD0686804A920F0D3
S31508012FD0B5FC064688B9089BA4689B0C9B0443F478
S31508012FE0403343F4507308939DF8103004F5B958EB
S31508012FF0FF2B08F1140804D1072630460AB0BDE8AC
S31508013000F087404604AA03A909F08AFBE8B104F54A
S31508013010BA5308339842EFD304F5BD540834A04295
S31508013020EAD2402303749DF8213043749DF8222087
S31508013030837C62F3000383749DF82230827CC3F398
S31508013040400363F341028274D7E748F2FE02BDF8F2
S31508013050103023F47C539BB29342CDD004F58054AF
S31508013060D4F84477D7B1BC467B6904ADC4F8443774
S315080130700FCDACE80F0095E803008CE803007B8AC6
S315080130803A4623F460737B82D4F8343701217B6195
S315080130904046C4F8347707F0F8FDAEE70326ACE7F7
S315080130A03046204920F015FA78B1686804A920F05D
S315080130B045FC06460028A0D1A06804A900F5B95028
S315080130C0143009F03FFB064697E73046164920F0CB
S315080130D000FA40B1204650F8081F01F50951103190
S315080130E0F3F746FD46E73046104920F0F2F928B1D4
S315080130F0204650F8081F01F50A51F1E730460C49F8
S3150801310020F0E7F930B1204650F8081F01F50951BA
S315080131102831E5E7232670E7C01B0408742504084F
S31508013120430D0408640E0408470D0408510D0408EC
S31508013130560D04081A0D0408F0B50446144B00F19F
S3150801314008051A1D022128468DB0F4F74FF8A36821
S31508013150104E03F58053D3F8A0460F4F14B92046F5
S315080131600DB0F0BD2046694619F023FA6A46314684
S315080131702846F3F7D1FB04F11200694619F019FA4A
S315080131806A4639462846F3F743FD246BE6E700BF4E
S315080131908C2504085C0D0408650D040807B50B6841
S315080131A02032181D1B680860019310230DF10201D6
S315080131B0ADF8023001A800230DF024FF03B05DF835
S315080131C004FB07B50B685E32181D1B68086001937E
S315080131D010230DF10201ADF8023001A800230DF00C
S315080131E011FF03B05DF804FB0822F3F703BC37B5FA
S315080131F00C68054654B9684619F012FC05F1080031
S315080132006946FFF7F1FF204603B030BD0720FBE70B
S3150801321037B50C6805464CB950F8081F01F5F45145
S315080132200631FFF7E1FF204603B030BD2046694667
S3150801323020F064FB04460028F5D1AD6805F5005376
S3150801324093F859405CB905F5F35069461C30F7F710
S3150801325097FB05F50150183009F0DEF8E3E70D2470
S31508013260E1E737B50C6805464CB950F8081F01F572
S31508013270ED510831FFF7B8FF204603B030BD2046AF
S31508013280694620F03BFB04460028F5D1AD6805F5F3
S31508013290005393F8594084B905F5ED50694608304D
S315080132A0F8F772F905F5EA500430F7F77FFF05F5E7
S315080132B0EB501030F7F77AFFDEE70D24DCE74131F2
S315080132C092E770B50E461C46154608490246184649
S315080132D0F3F722FB31462046FFF786FF2DB1294633
S315080132E02046BDE87040FEF70BBF70BD6F0D0408A0
S315080132F010222031F3F77EBB10225E31F3F77ABB39
S3150801330010B50C683CB9054991F852215431F3F7C7
S3150801331071FB204610BD0720FCE700BF08180020F6
S3150801332010B50B68044686B07BB954F8080F02A994
S3150801333000F5EE5018300AF0C9FB1022204602A902
S31508013340F3F758FB002006B010BD0193102302AA1B
S31508013350ADF802300DF10201002301A80DF052FE6D
S315080133600028F0D1A46804F5005393F8593083B9BD
S3150801337004F5EE5002A918300AF0C3FB04F5EA5029
S315080133800430F7F713FF04F5EB501030F7F70EFF8B
S31508013390D8E70D20D7E7F7B50C6805460E461F4650
S315080133A04CB120460DF1060120F0DFFA044650B172
S315080133B0204603B0F0BD00689047074902462846F3
S315080133C0F3F726FCF4E7736823B9BDF806102868F5
S315080133D0B847EDE70724EBE7E50B04082DE9F041CB
S315080133E00F6804460D4638461A4920F072F838B176
S315080133F0194B1A4A291D04F10800BDE8F041CAE72C
S315080134003846174920F065F8064610B1154B164A95
S31508013410F0E73846154920F05CF8C0B1686860B92C
S31508013420204650F8083F124903F50053B3F8CC2457
S31508013430F3F7EEFB0020BDE8F0810E4920F049F8CC
S3150801344028B1A36803F50053A3F8CC64F2E7072073
S31508013450F1E700BFCD0D0408E96600085B620008C4
S31508013460D31C0408C166000851620008DA0D040875
S31508013470E50B04081219040873B50C4606460DF146
S3150801348006012068154620F070FA28B963682BB939
S31508013490BDF806103068A84702B070BD0720FBE7E3
S315080134A010B50C68034608301CB1BDE81040064A41
S315080134B0E2E79B68054903F58053B3F8502EF3F705
S315080134C0A7FB204610BD00BF51B20008F21204083E
S315080134D02DE9F041D1F8008004460D4640462149C0
S315080134E01FF0F7FF074630B11F4A291D04F10800EE
S315080134F0BDE8F041C0E740461C491FF0EAFF064611
S3150801350070B11B4968681FF0E4FF38B1A36803F579
S31508013510805383F8D67D0020BDE8F081154AE4E79B
S31508013520404615491FF0D5FFC8B154F8085FDFF8C2
S315080135304C8005F5805393F8D67D05F5EE55103583
S31508013540F3B29F4203D82046F3F7F3F9E3E741467E
S31508013550204635F8022FF3F7DFF90136F0E7232085
S31508013560DAE700BF430D04086F620008E60D040898
S31508013570ED0D0408B3620008F10D0408B60F04083E
S315080135800B68181D0860186802F15A0120F0EDB998
S315080135900B68181D0860186802F15C0120F0E5B98E
S315080135A00B68181D0860186802F1580120F0DDB98A
S315080135B00023F7B50C6801930E46206801A9174642
S315080135C020F0D3F9054658BB6168231D3360D1B194
S315080135D0013911F8013FD3B9A06804F10803336032
S315080135E088B10DF1030120F0D1F900286ED19DF8BB
S315080135F003200C34072A346011D89DF8073062F38A
S3150801360043038DF807300198C7F86E0008E0722B5E
S3150801361005D8622B07D8432B42D0522B4FD007250A
S31508013620284603B0F0BD633B0F2BF8D801A252F828
S3150801363023F000BF973601081F360108AB3601088B
S315080136401F3601081F3601081F3601081F360108F3
S315080136501F3601081F3601081F3601081F360108E3
S315080136608336010875360108B53601081F36010883
S315080136708D3601089DF8063043F001038DF80630B2
S31508013680A7E79DF8063043F00203F7E79DF80630F1
S3150801369043F00403F2E79DF8063043F00803EDE72B
S315080136A09DF8063043F01003E8E79DF8063043F02D
S315080136B02003E3E79DF8063043F04003DEE79DF873
S315080136C0073043F001038DF8073082E70546A7E77F
S315080136D0F0B50E6805460C4693B0304682491FF090
S315080136E0F8FE78B1D5F8AC4004F517501C3004F54E
S315080136F00054F5F7FCF9B4F8D8350133A4F8D835F0
S315080137000020D0E0304679491FF0E3FE064600B1B5
S31508013710043400213C2203A82AF085FD7449206857
S315080137201FF0D7FE90B1606803A920F007F90028B9
S3150801373040F0B980D5F8AC0003A900F5B9501430AA
S3150801374009F02BF808B90720ADE008346949206863
S315080137501FF0BFFE18B1012304348DF84430214609
S31508013760D5F8AC000DF1070307AAF3F704FE002804
S3150801377040F099809DF8073005F1AC073BB1384612
S315080137805D49F3F7C9F8384607A9F3F7F1F960680F
S31508013790002840F08280A068002840F08680E06812
S315080137A0002840F08A802069002840F08D806069F1
S315080137B050B102A91FF0B2FC002874D1029BB3F5DF
S315080137C0803FC0D2ADF84030A369002BBBD14B4B2B
S315080137D00B934B4BCDE90C37D5F8AC7007F5165E54
S315080137E007F50057D7F8E4250EF10C0E0EF1500334
S315080137F09A4277D107F28C5C03AC0FCCACE80F0088
S315080138000FCCACE80F000FCCACE80F0094E807002A
S315080138108CE80700B7F8B83513B90823A7F8B835FF
S31508013820B7F8BA3513B90123A7F8BA35D7F8BC35AD
S315080138301BB94FF47A73C7F8BC35B7F8C0351BB94D
S3150801384040F6B833A7F8C035D7F8BC35002BFFF6D4
S315080138507AAF0023C7F8C835C7F8CC354FF6FF73DA
S31508013860C7F8D03597F89C357046A3F1FF02534245
S31508013870534187F8D435B7F8D8350133A7F8D83581
S3150801388011F0CAFA95F8B43066F3000385F8B43036
S31508013890002E7FF435AF242005E00EA920F065F847
S315080138A000283FF478AF13B0F0BD0DF13A0120F0CE
S315080138B05CF800283FF473AFF5E70FA91FF02EFC5B
S315080138C000283FF470AFEEE70DF1420120F05EF8F3
S315080138D00028E8D19DF84230B3FA83F35B098DF8E5
S315080138E0433064E70520DEE7F50D04087A0C040881
S315080138F0FA0D0408FD0D0408000E0408336C0008CF
S315080139003D6900080B68F7B50446084693B9A368EC
S3150801391004F1080003F5805393F8483E1C07C3F3E6
S31508013920C00144BF264B93F85311F3F725FC002039
S3150801393003B0F0BD0DF10701F3F7ACFC0028F7D190
S315080139409DF8075035B9A36803F58053C3F89C5E03
S31508013950C3F8A05EA76807F5805696F80C386BBBC6
S3150801396096F8483E294665F3C30386F8483E144B44
S31508013970D3F8540183F853512BF0FEF900B1FEE751
S3150801398096F8483E07F5F2505907C3F3800258BF27
S31508013990C3F3C00296F88E3E083062F3000386F838
S315080139A08E3EF6F7AAFA002DC1D0A368054A03F59B
S315080139B08053C3F89C2EC3F8A04EB8E70D20B7E78D
S315080139C008180020C93901082DE9F04F036899B094
S315080139D0029383886C48ADF80C306C4B02F10806EB
S315080139E0002918BF0346049300233046ADF85E301C
S315080139F0F2F79FFF664F4FF492034FF6FE710022CE
S31508013A000193BDF85E300DF114098B42CDF8009093
S31508013A108DF8142068D04FF6FF718B4200F0B08004
S31508013A2073B34FF6FD718B426BD04FF6EF75BDF848
S31508013A305E406846AC428CBF01251125A246554910
S31508013A40F4F721FE631E04F110081D44DFF84CB19A
S31508013A501FFA88F8ADB2AA4556D168464E49F4F719
S31508013A6012FEAC426DD168464C49F4F70CFEBDF81E
S31508013A700C30ADF85E80434521D84FF6FE731CE045
S31508013A803E210498F4F728FC00F10A04A4B2C4F113
S31508013A90480404EBD4754FEA6508C5F34F05A5B983
S31508013AA06846BDF80C30049A3D49F4F7ECFDA4EBE1
S31508013AB00804A4B28CB94FF6FD73ADF85E304A46D8
S31508013AC030463849F3F7A4F895E73D223946684662
S31508013AD0013DF4F7D8FDADB2E1E73D223946684626
S31508013AE0F4F7D1FD013CE4E74824013C2D2239468F
S31508013AF06846A4B2F4F7C7FD002CF6D14FF6FF735A
S31508013B00DBE7ADF85E2090E7BDF80C20524513D9E6
S31508013B10029A684612F80A202349F4F7B4FD0AF016
S31508013B200702072A03D159466846F4F7ACFD0AF19C
S31508013B3001031FFA83FA8EE768461C49F4F7A3FDC9
S31508013B40EDE7BDF80C30A34214D9029B13F804A083
S31508013B50BAF17E0F11D8504622F0E6FB002808BFBD
S31508013B604FF02E0A5246394668460134F4F78BFD62
S31508013B70A4B276E74FF0200AF4E74FF02E0AF1E7F0
S31508013B8019B0BDE8F08F00BF230E0408260E0408FD
S31508013B90290E040802160408420E04080116040830
S31508013BA02C0E04082C1604083A0E0408400E0408C4
S31508013BB0086808B538B12AF0E1FD80B2022814BFB9
S31508013BC007200C2008BD0C20FCE70023F0B50C6883
S31508013BD085B005460F4620462649ADF80E301FF03A
S31508013BE078FC0646A0B9E4B9234B05F1080003F1B0
S31508013BF008020521F3F7FAFAA868214600F5F250FA
S31508013C001E4BBDF80E2000950830F6F7EAF928E0B4
S31508013C10786860B30DF10E011FF0A7FE28BBBC68DA
S31508013C202CB320460DF10D011FF0B0FEE8B99DF841
S31508013C300D301F2B18D801249C40002ED4D0104BD0
S31508013C4002211A1D05F10800F3F7D0FAA8682146E2
S31508013C5000F5F2500B4BBDF80E2000950830F6F72B
S31508013C609AF910B9242000E0072005B0F0BD002418
S31508013C70E5E700BF440E0408A4250408C97601082F
S31508013C80982504086577010838B50D68044695B97D
S31508013C90A3681C4903F5005393F859200830042AF0
S31508013CA097BF194B194A03EB8203D3F89C25F2F700
S31508013CB0AFFF002038BD284615491FF00AFC38B168
S31508013CC0A068BDE8384000F50150183008F0BCBFBF
S31508013CD0284610491FF0FDFB70B1A06800F5005396
S31508013CE093F8592052B193F8791149B900F505505D
S31508013CF0383008F017FCDCE70720DBE70D20D9E7A9
S31508013D000520D7E72C160408242004084B0E0408BE
S31508013D10530E04085C0E040838B50D6804461549A7
S31508013D2028461FF0D6FB40B1A0680021BDE83840FF
S31508013D3000F5015018300AF01BB828460E491FF045
S31508013D40C8FB40B1A068012100F50150183008F000
S31508013D5029FF002038BD284608491FF0BAFB30B1B3
S31508013D600522074904F10800F2F752FFF1E723207B
S31508013D70F0E700BFBC1C0408F50D04086A0E040828
S31508013D80E50B040837B50C4605460DF10301206815
S31508013D901FF0FCFDC0B99DF803101F2916D8012391
S31508013DA0AA688B4002F58052D2F8542E13420DD0E0
S31508013DB0606801A90DF0FCF830B9019B03F50043D1
S31508013DC0B3F5803F02D20C2003B030BD0720FBE7D4
S31508013DD070B50E6805460C46304611491FF079FB49
S31508013DE038B1104A616805F10800BDE870401FF056
S31508013DF074BD30460C491FF06CFB08B10B4AF1E75C
S31508013E0030460B491FF065FB08B10A4AEAE7304616
S31508013E1009491FF05EFB08B1084AE3E7072070BDB0
S31508013E204C1804081B630008620E04082563000881
S31508013E30680E04082D630008720E0408356300082D
S31508013E4070B50C46096806461D461FF046FD48B181
S31508013E50216831B1636823B92B463068BDE87040E3
S31508013E601847072070BD024B024A0830E8E700BF31
S31508013E7019BC000895630008014B024A0830DFE7C0
S31508013E80D5BB00088D6300082DE9F0410F460446AD
S31508013E904349386892B01FF01CFB03467868DBB1CA
S31508013EA058B9204650F8083F3E4903F50053D3F860
S31508013EB04024F2F7ADFE002049E009A90DF007F903
S31508013EC0002844D1BB68002B66D1A368099A03F57B
S31508013ED00053C3F84024EEE705A91FF02FFD00287B
S31508013EE035D105463E1D56F8048FB8F1000F24D189
S31508013EF03F682D4938461FF0ECFAEEB20546002810
S31508013F0038D0A5689DF8143005F51150FF2B00F13E
S31508013F100C001FD12421CDE90188009609AB05AA19
S31508013F2018F03EFC98B9214B05F50055C5F85034F3
S31508013F30237FC5F85444ABB9FEE7232D2CD009AB32
S31508013F40591940461FF022FD01350028CBD012B081
S31508013F50BDE8F081164B2321CDE90063029009AB38
S31508013F6005AADDE704F1200041F28831F4F74BFD9B
S31508013F702420ECE738460F491FF0ABFA70B1A06868
S31508013F80252100F51150CDE90155009609AB05AA81
S31508013F900C3018F005FC8EE70720D8E72320D6E772
S31508013FA0790E0408B8120408F10D0408BD50010879
S31508013FB01DF801081219040873B50C46064601A92D
S31508013FC0206815460DF083F848B9636833B92B465E
S31508013FD00199306802B0BDE870401847072002B061
S31508013FE070BD70B50E6804460D46304629491FF066
S31508013FF070FA38B13222284904F10800F2F708FEAE
S31508014000002070BD304625491FF063FA08B10C221D
S31508014010F1E7E6B9A36804F1080503F5805393F8B7
S31508014020692E28461E49F2F7F3FDA022A368284601
S3150801403003F58053B3F86A3E1A495A43F2F7E8FD85
S31508014040A368284603F500539A6E1749D6E7304602
S3150801405016491FF03EFA38B1291D04F10800144A21
S31508014060BDE87040FEF7D6BB304612491FF031FA5B
S3150801407030B1114A291D04F10800BDE870409BE7DB
S3150801408030460E491FF025FA08B10D4AF2E7072016
S31508014090B7E700BF361C0408E50B0408431C0408EF
S315080140A08E0E04089A0E0408A80E0408BE17040802
S315080140B029AC0008BA19040801AD0008B7180408A4
S315080140C0CB67000810B50C68034608301CB1BDE87B
S315080140D01040064A70E79B68054903F58053D3F8F3
S315080140E0D82DF2F795FD204610BD00BF85B2000810
S315080140F07F11040838B500F108040D462046064A22
S3150801410009681FF00AFC28B129462046BDE838404F
S31508014110024A51E738BD00BF6F670008919E000843
S315080141200B68181D0860186802F174010CF0CFBFFE
S315080141300B68181D0860186802F154010CF0C7BF16
S315080141404931F2F71DBD2DE9F047044615460E46DD
S31508014150136898B0029313890193D38800939388BF
S31508014160574AF3F726F8EB6831462046554AF3F7DE
S3150801417020F8554A31462046F2F730FD204605F12A
S315080141801201F2F7DBFC20466A6A5049F2F740FD54
S31508014190314620464E4AF2F721FD95F82E70002F3A
S315080141A040F08280AA6AAB8D20464A490592ADF84D
S315080141B01830ADF81A70F2F7AFFB0122059858B915
S315080141C045492046F2F7A8FB20462A6B3F4918B015
S315080141D0BDE8F047F2F71CBDBDF818100144BDF85B
S315080141E01A30C6188E42EBD210F8039006F1010A6E
S315080141F00AEB090C6145E3D301334B44ADF81A3098
S31508014200B9F1000FEBD073783D2BE8D000230DF1FF
S315080142101B011AF803003D2823D103F101085FFAAF
S3150801422088F660336B44A9EB060603F8447C5AFA10
S3150801423088F8B6B21AB920462849F2F76DFB204626
S31508014240274907AAF2F768FBB8F1000F1DD02046E7
S315080142502449F2F761FB324641462046F2F7B8FB9C
S3150801426013E0402B13D11AB920461C49F2F754FB27
S3150801427020461849F2F750FB514620464A46F2F7BE
S31508014280A7FB20461449F2F747FB002296E70133BC
S3150801429001F8010FD8B28145BBD8002660336B44BB
S315080142A0B04603F8447CC5E720460A49F2F734FBD1
S315080142B0A96A2046AA8DF2F78BFB0B4981E700BF55
S315080142C0B60E0408DF0E0408E70E0408D60E040825
S315080142D0F40E04088A140408010F0408F90E0408E8
S315080142E02C160408FC0E0408FE0E04082DE9F04FEE
S315080142F0E3B016461D460F460390002940F0738524
S3150801430000F108042046A549F2F706FB05F110015C
S315080143102046F2F713FC2046A149F2F7FDFA758902
S31508014320B389ED1AADB2002D6ED12046F2F701FB25
S3150801433005B9B5897389AB4240F2558502232946E9
S31508014340304607AAF3F78DFB002840F04C859DF807
S315080143501D30FF2B40F09D8104232946304607AACC
S31508014360F3F77FFB002840F03E8505F104091FFAA3
S3150801437089F96FEA0903BDF81E709BB27FBABFB20D
S315080143809F4228BF1F4607A8ADF81890ADF81A70C6
S31508014390F5F71CF8738905EB0008984500F22385A3
S315080143A09DF81CA0BAF12B0F00F26E86DFE81AF011
S315080143B0790188019901B801C80182028B03D303E7
S315080143C0F10301046C066C066C066C06E004F00445
S315080143D0FF043F056C0661056C066C066C067105E3
S315080143E088059605A805BA05DE056C066C066C06F1
S315080143F06C066C067204CC05F005000305061B065F
S315080144005006500650065006102DA84628BF4FF0F4
S315080144101008B1894346394409AA89B23046F3F7E7
S31508014420D3FAA5EB08054246204609A9B844F2F78E
S31508014430CFFAADB21FFA88F775E75A460821204622
S31508014440F2F7CCFB20AB03EB47095146204699F816
S315080144500A20F2F7DDFB99F80B300A212046514A6A
S3150801446003F00303F2F7A5FE99F80B300A2120465B
S315080144704D4AC3F38103F2F79CFE99F80B300A21E2
S3150801448020464A4A1B09F2F794FE01379DF889200E
S31508014490BBB29A42D1D8A84443E020AB03EB8707C5
S315080144A05A467B7A04212046F2F798FBBB7ADA074B
S315080144B00CD53F492046F2F7ABFB08F101089DF8F8
S315080144C088305FFA88F7BB42E7D831E7C3F30112B0
S315080144D013F0020F009220460CBF52464A46354950
S315080144E0C3F38103F2F718FAFA7A3F2A01D132495E
S315080144F0E0E720463B7B3149F2F78AFBDDE74A468E
S3150801450004212046F2F76AFB20AB03EB051120468E
S315080145100931F2F72DFB01379DF88830FDB2AB4220
S31508014520EDD81FFA88F503E755F8083C4A465AF8C4
S31508014530033004210093204655F8043CF2F739FE6E
S31508014540013F05F10805EFD1EBE755F8083C4A4666
S315080145503AF8033004210093204655F8043CF2F753
S3150801456028FE013F05F10805EFD10727144DDFF8AD
S315080145705490013F05F10805D3D0204655F8042C7F
S315080145804946F2F7C9F955F8083C22AA13442046C8
S31508014590D3E90023F2F7A2FAEBE700BF0A0F0408F2
S315080145A035120408310F0408440F0408560F04088D
S315080145B0740F0408880F0408BA0F0408D40F0408F6
S315080145C0D4250408624504085A4604212046F2F710
S315080145D005FB07F1020920AB03EB8909B9F80220AB
S315080145E020469D49C2F3C812F2F712FB99F8023028
S315080145F006212046994A03F01F03F2F7DAFD99F8D6
S3150801460002300621C3F341132046954AF2F7D1FD3C
S3150801461006212046934AF2F7CCFD52460A21039811
S31508014620FEF76CF801370AF1040A9DF88820BBB237
S315080146309A42C9D82FE78C4A02EB8303D3F8E025BF
S315080146408A491FFA88F52046F2F7E2FA70E64A46E1
S3150801465004212046F2F7C2FA20AB03EB05112046E6
S315080146600931F2F785FA01379DF88830FDB2AB4278
S31508014670EDD856E77E492046F2F74EF9204622A99B
S31508014680F2F77EFA54E67B49F5E77B49F3E77B497E
S31508014690F1E705F102091FFA89F96FEA0907BFB2BD
S315080146A06EE608232946304622AAF4F766FF002853
S315080146B040F0998372491FFA88F58DF88000F6E370
S315080146C02946304622AAF4F787FF002840F08B8353
S315080146D00123BDF888206B491FFA88F58DF88030CB
S315080146E0B1E70123294630460DAAF4F746FF00280B
S315080146F040F079839DF8340022A940F004001EF0A9
S31508014700ECFE0223204657498DF88030F2F780FAED
S315080147100421039822AA1FFA88F5FDF7EFFF07E699
S315080147202946304622AAF4F761FF002840F05B8348
S315080147300323229A54491FFA88F58DF8803082E7B7
S315080147409DF81D30FF2B00F04E830C232946304679
S315080147500DAAF3F786F9002840F045839DF8353010
S31508014760092B02D8072B40F03E839DF836103E4AA6
S31508014770092B02EB91129DF8371092F8F0258DF866
S315080147808910BDF838108DF88820ADF88A109DF883
S315080147903C20BDF83A108DF88E20ADF88C1054D90E
S315080147A0BDF83D305BBAADF890309DF83F3007A8AB
S315080147B08DF89230F4F70AFE04272844334985B266
S315080147C020468DF88070F2F723FA394620469DF97E
S315080147D088302F4AF2F7EDFC394620469DF8893094
S315080147E02C4AF2F7E6FC394620469DF88A302A4AD1
S315080147F0F2F7DFFC394620469DF88B30274AF2F757
S31508014800D8FC394620469DF88C30254AF2F7D1FC6A
S31508014810394620469DF88D30224AF2F7CAFC3946B8
S3150801482020469DF88E30204AF2F7C3FCBDF8903039
S315080148301E4A39462046F2F7BCFC9DF892301C4ABE
S3150801484004212046F2F7B5FC72E54FF4A063ADF8F2
S3150801485090300123ABE700BFFF0F04080F100408CF
S315080148601B1004082C10040824200408321004081C
S315080148703F100408551004086F100408891004082D
S31508014880DC120408EA12040823120408A510040815
S31508014890B3100408C6100408D7100408E810040861
S315080148A0F910040808110408171104082911040845
S315080148B03B1104084A2828BF4A209DF81D2083B2C7
S315080148C0FF2A00F09082294630460DAAF3F7C9F867
S315080148D0002840F088829DF83530082B40F2838203
S315080148E0844609270DF1360E013F53D1BCF1200F3D
S315080148F000F27982093BDBB26345C0F074823A461D
S315080149004FF0800C0DABC2F3C4011944C97802F00B
S3150801491007034CFA03F319425FFA82FE15D020AB5E
S3150801492003EB400383F80AE00DAB0344D97A62AB83
S3150801493003EB400E8B0803F00C0343EA911343EA99
S31508014940011301300EF8FD3CC0B201323F2AD9D11C
S315080149509DF836308DF8890007A88DF88830F4F768
S3150801496035FD0523B749804620468DF88030F2F794
S315080149704FF9042120469DF88830B34AF2F719FC0D
S3150801498004212046B14AF2F714FCDFF8F0B2DFF849
S31508014990F0A27BE500221EF8011F02F1010819B9F0
S315080149A062445FFA82FC9FE74A1E11404246F4E7D9
S315080149B002232946304604AAF3F753F8002840F0A3
S315080149C012829DF81120FF2A00F00D829DF8103001
S315080149D0252B40F00882AB1C9BB2ADF82030DB4397
S315080149E09BB2934228BF13460DF13409ADF8223024
S315080149F04A460823304608A9F3F709F90746002865
S31508014A0040F0F181082108A8F3F72CFCB8464FF0CD
S31508014A10800AC8F3C40219F8022008F007034AFA03
S31508014A2003F31A425FFA88FB31D00223304605AAFE
S31508014A3008A9F3F7ECF8002840F0D581022108A867
S31508014A40F3F710FCBDF8142020AB52BA03EB87012B
S31508014A50C2F38030C2F3C03343EA4003C2F30130E4
S31508014A6043EA8003C2F3812043EA0013887A03F0FC
S31508014A703F0320F03F0003438B720137C2F305134E
S31508014A8002F00F0281F809B0CB720A73FFB208F17E
S31508014A900108B8F13F0FBCD107A88DF88870F4F763
S31508014AA095FC252328446A4985B220468DF880302D
S31508014AB04FF00008F2F7ACF8DFF8C8B1DFF8C8A183
S31508014AC0DFF8C891FBE49DF81D30FF2B00F08B81C0
S31508014AD00A23294630460DAAF2F7C3FF002840F0FB
S31508014AE082819DF83530072B40F27D81DDF836004D
S31508014AF0F2F714FEBDF83A305649ADF88C30BDF8D8
S31508014B003C302290ADF88E30062320468DF8803051
S31508014B10F2F77EF804212046229B4F4AF2F749FB19
S31508014B20042120469DF88C304C4AF2F742FB0421B9
S31508014B3020469DF88D304A4AF2F73BFB9DF88E30A8
S31508014B40484A04212046F2F734FB1FFA88F59DF8F6
S31508014B508F30454A74E6FE2F00F245813A464946AA
S31508014B6030460DF189038DF888701EF0CDFD0723B7
S31508014B7020463E498DF88030F1F7CEFE20469DF855
S31508014B8088200DF189011FFA88F5F1F733FFFFF740
S31508014B90CFBB3146069A22A80CF01FF908232046F6
S31508014BA033498DF880300027F2F732F8DFF8CC90D8
S31508014BB0B2E42623294630460DAAF2F752FF002809
S31508014BC040F011819DF83530232B40F20C81DDF838
S31508014BD03600F2F7A3FD2290DDF83A00F2F79EFDC2
S31508014BE02390DDF83E00F2F799FD2490DDF84200A6
S31508014BF0F2F794FD2590DDF84600F2F78FFD269031
S31508014C00DDF84A00F2F78AFD2790DDF84E00F2F743
S31508014C1085FD2890DDF85200F2F780FD2990DDF830
S31508014C205600F2F77BFD09232A90124920468DF892
S31508014C3080300A27F1F7ECFF0F4DDFF854900DF19C
S31508014C40880A7DE45E110408081104085011040855
S31508014C505B11040865110408721104087C0B040829
S31508014C608D110408871104089D110408B41104085C
S31508014C70CA120408C31104081826040817140408DC
S31508014C80210F0408640F0408070F0408030F04081A
S31508014C90F00F04084423294630460DAAF2F7E1FE2F
S31508014CA0002840F0A0809DF83530412B40F29B80CA
S31508014CB0DDE91201BDF836300A275BBAADF888304E
S31508014CC0BDF83830D04D5BBAADF88A30BDF83A3008
S31508014CD0DFF874935BBAADF88C30BDF83C300DF152
S31508014CE0880A5BBAADF88E30BDF83E305BBAADF8CE
S31508014CF09030BDF840305BBAADF89230BDF842301D
S31508014D005BBAADF89430BDF844305BBAADF896306D
S31508014D10BDF846305BBAADF898300CF07EF8CDE9AF
S31508014D202801DDE914010CF078F8CDE92A01DDE95D
S31508014D3016010CF072F8CDE92C01DDE918010CF029
S31508014D406CF8CDE92E01DDE91A010CF066F8CDE91A
S31508014D503001DDE91C010CF060F82223CDE93201AE
S31508014D602046AA498DF88030F1F752FFFFF7F9BBC3
S31508014D7001232946304622AAF4F7FFFB98BB0E23E6
S31508014D809DF88820A2491FFA88F58DF880305AE4E3
S31508014D902946304622AAF4F71FFC20BB0F23BDF88B
S31508014DA088209C491FFA88F58DF880304BE4032347
S31508014DB0B7FBF3F303EB4303FF1A14D18DF888709D
S31508014DC00DF18A08BDF81A30002B00F061819DF8B3
S31508014DD088303E2B00F25C81032330460DAA06A9D2
S31508014DE0F2F715FF10B163B0BDE8F08FBDF83420B6
S31508014DF09DF8360052BA130991B203F06003C2F363
S31508014E00C422134343EAC113414640F0040021F882
S31508014E10023B1EF062FB9DF888300321013306A888
S31508014E208DF8883008F10408F3F71CFACAE7FE2F53
S31508014E303B4628BFFE230DF18902494630468DF8C7
S31508014E408830F2F7C1FD1123204673498DF8803069
S31508014E50F1F762FD20460DF189019DF88820F1F7E9
S31508014E60B7FD20466D491FFA88F5F1F7D1FEFFF720
S31508014E705FBA2946304622AAF4F7B8FB0028B2D110
S31508014E801323229A66491FFA88F58DF88030FFF7B1
S31508014E90DABB08232946304622AAF4F76EFB002816
S31508014EA0A1D117235F491FFA88F58DF8803020466E
S31508014EB0F1F732FD204622A9FEF796F9FFF738BA2F
S31508014EC02946304622AAF4F787FB00288BD11823F6
S31508014ED01FFA88F58DF88030FFF72ABA202229466D
S31508014EE0304622ABF4F71CFB00287FF47CAF19236C
S31508014EF04D491FFA88F58DF8803022AAFFF7A3BB22
S31508014F0020222946304622ABF4F70AFB00287FF413
S31508014F106AAF1A2345491FFA88F58DF8803022AA07
S31508014F20FFF791BB10222946304622ABF4F7F8FA6F
S31508014F3000287FF458AF1B233D491FFA88F58DF8E1
S31508014F40803022AAFFF77FBB60222946304622AB72
S31508014F50F4F7E6FA00287FF446AF232335491FFA0A
S31508014F6088F58DF8803022AAFFF76DBB40222946C5
S31508014F70304622ABF4F7D4FA00287FF434AF1C2369
S31508014F802D491FFA88F58DF8803022AAFFF75BBBF9
S31508014F900023CDE90D36069B22A90DA80F93F6F736
S31508014FA0C4FB00287FF41FAF2423229A23491FFA42
S31508014FB088F58DF88030FFF746BB01232946304630
S31508014FC00DAAF4F7DAFA00287FF40DAF26229DF828
S31508014FD034308DF88020032B8DF888307FF62BAB83
S31508014FE0174AFFF72DBB3146069A22A80BF0F5FEA4
S31508014FF02723204613498DF880300027F1F708FE4C
S31508015000DFF84890FFF730BB60260408D111040881
S31508015010DF110408F311040808120408171204081A
S315080150201912040830120408381204084812040830
S31508015030591204086F120408821204089B12040804
S3150801504074250408BE120408F80F04081714040886
S315080150500823304622AA06A9F2F7D9FD00287FF4CB
S31508015060C2AE8DF880A0AAF1290A1FFA88F5BAF10D
S31508015070020F3FF6FFAA01A353F82AF08746010853
S315080150808B4601088F4601081FFA88F5FFF752B9C2
S3150801509007A8F4F79BF910238046064920468DF8A0
S315080150A08030DFF814B0F1F7B3FD0DF18C0AFFF784
S315080150B0BCBA00BFF91204081714040810B4044650
S315080150C0184613460A4621465DF8044BFFF70EB902
S315080150D00968006829F0FDBA0968006829F0F9BA73
S315080150E00968006829F0F5BA0968006829F0F1BA73
S315080150F00968006829F0EDBA10B514460B681A1D3F
S315080151000A60186821460BF0FFFE08B92081A072D3
S3150801511010BD10B514460B681A1D0A60186804F10B
S3150801512010010BF0F1FE08B92083A07610BD10B569
S315080151300C680B46216849B104341C6002F1300041
S31508015140F6F731FD182808BF002010BD0720FCE737
S315080151502DE9F047A4B00446084602A99146F6F798
S3150801516087FD074600282FD0384624B0BDE8F087CA
S315080151706B6801A8019317F0B1FB436806469033A3
S315080151806B4413F8103C6BB1514620462A68F1F777
S31508015190C3FBB9F1000F0AD02B7A43B120460D495A
S315080151A0F1F736FD0C35B8F10108E1D1DCE7F26813
S315080151B0B368511004EB6200D20748BF625802A9CE
S315080151C048BFD3589847EDE74FF00E08024DDFF870
S315080151D00CA0E8E706130408A82604086245040893
S315080151E030B51368E7B005460C460192BBB92648A7
S315080151F002A9F6F73DFD80B9636820AAD35C5BB1C5
S31508015200E268A368511005EB6200D20748BF6A58E5
S3150801521002A948BFD3589847002067B030BD8822F5
S31508015220002102A828F0FFFF6069236910F0010F29
S315080152304FEA600018BF2A5801A918BFD358284455
S3150801524002AA98470028E8D10121636820AA0F4CD1
S31508015250D15425A81EF0F0F904F1540125A8F5F753
S315080152609CFE0028D9D102A925A8F6F749FB0028F2
S31508015270D3D19DF8925125A92A4604F1540029F063
S31508015280F1F984F85251C7E75C1800200818002084
S31508015290F0B50E680D4685B000F1300436B93246D0
S315080152A02046224905B0BDE8F04051E7304620497D
S315080152B01EF00FF970B100251E4F1F4E57F8252015
S315080152C0314620460335F1F7A3FC1B2DF6D1002004
S315080152D005B0F0BD03A8039617F000FB014628B1F7
S315080152E020462A1D05B0BDE8F04079E72B6809225A
S315080152F00393124B0F4900930C230DEB0300F2F7AE
S315080153007DF9034678B182685B68511004EB620047
S31508015310D20748BF625805F1040148BFD35805B002
S31508015320BDE8F04018472320D2E700BF5C180020EB
S31508015330B00C0408442704082C160408E150010897
S3150801534070B505460068C0B000F5EB500E46103042
S315080153506946F5F70DFF044698B9366836B9024627
S3150801536069462846FFF7F4FE04460AE030460B492B
S315080153701EF0AFF840B1694628469DF8FE20F1F7C0
S3150801538039FB204640B070BD304605491EF0A1F8EC
S3150801539008B10122E4E70724F3E700BFDD1B04088F
S315080153A01113040870B505460068C0B000F5EA5047
S315080153B00E4604306946F5F7DBFE044698B93668A9
S315080153C036B9024669462846FFF7C2FE04460AE090
S315080153D030460B491EF07DF840B1694628469DF8CE
S315080153E0FE20F1F707FB204640B070BD304605495F
S315080153F01EF06FF808B10122E4E70724F3E700BFBE
S31508015400DD1B04081113040870B50E6805460C4621
S31508015410304612491EF05DF840B12868104900F57A
S31508015420EA500430BDE87040F5F7A2BE30460D4992
S315080154301EF04FF828B12868094900F5EB501030DD
S31508015440F0E7304608491EF044F828B1201D044902
S31508015450BDE8704017F098B8072070BD713504088B
S315080154605C180020151304081D13040830B50D46F1
S31508015470C1B004466946281D17F086F860B92D683B
S315080154800D4928461EF025F840B16946206800F501
S31508015490EA500430F6F79CFD41B030BD284607496D
S315080154A01EF017F828B12068694600F5EB50103050
S315080154B0F0E70720F0E700BF713504081513040863
S315080154C038B50D6804460D4928461EF002F840B164
S315080154D020680B4900F5EA500430BDE83840F6F774
S315080154E077BD284607491DF0F4FF28B1206804490D
S315080154F000F5EB501030F0E7072038BD7135040888
S315080155005C180020151304082DE9F0430E46E5B092
S3150801551088220021054602A828F085FEFF220021DF
S3150801552024A828F080FE2D4F331D00930DF1800825
S31508015530009B1B68ABB93468294920461DF0C9FF91
S3150801554000283CD1204627491DF0C3FF002843D037
S3150801555028689DF88E3100F5EB5024AA02A910306F
S3150801556035E001A8019317F0B9F9009C8146B8B155
S315080155704269D9F81030511005EB6200D20748BFCD
S315080155806A5804F10404009448BFD358694602AA2C
S315080155909847F0B90122D9F8043008F80320C7E77B
S315080155A0394620681DF095FFB0B1201D24A9009049
S315080155B016F0EAFF68B9009B04330093B8E7286838
S315080155C09DF88E3100F5EA5024AA02A9043016F096
S315080155D0B0FF65B0BDE8F0830720FAE7DD1B0408D4
S315080155E071350408151304082DE9F04FCDB004AD43
S315080155F00F460D2200210646284628F014FEFF22F2
S3150801560000210CA828F00FFE0024DFF8D080DFF86F
S31508015610D09007F1040BDBF800A0BAF1000F16D100
S315080156203F682C4938461DF054FF00283ED03068A3
S315080156309DF82E310CB10DF1200A294600F5EA50E4
S31508015640CDF800A00CAA0430F5F7D4FE23E003A890
S31508015650CDF80CA017F042F930B10122DA464368B9
S31508015660EA540AF1040BD6E7DBF800A04146504696
S315080156701DF02FFF40B10BF1040A50460CA916F094
S3150801568083FF0028EDD006E0494650461DF021FF6C
S31508015690044618B907204DB0BDE8F08FDBF80400C1
S315080156A008A90BF1040A1EF049F9EAE738460A493E
S315080156B01DF00FFF0028EDD030689DF82E310CB192
S315080156C00DF1200A00F5EB502946CDF800A00CAAE9
S315080156D01030B9E77135040815130408DD1B0408F1
S315080156E0623804082DE9F74315460E460746202277
S315080156F00021286828F097FD33682BB92B60002410
S31508015700204603B0BDE8F08331462A6838680DF1B2
S315080157100603F1F730FE04460028F1D19DF806305C
S315080157203BB138463249F1F7F7F838462968F1F7B7
S315080157301FFA70680028E2D02F6807F110011EF0E1
S3150801574014F904460028DBD1B0680028D7D007F140
S3150801575014010BF0BCFC04460028D1D1F0680028DE
S31508015760CDD007F118011EF011F904460028C7D15A
S3150801577030690028C3D00DF107011EF0A1F80446CF
S315080157800028BDD19DF80730D5F80080C3F1020382
S3150801579088F819307769002FB1D0384615491DF0B8
S315080157A098FE40B9DFF85890384659F8041B1DF0A1
S315080157B090FE70B1E4B288F81B40B469002C9ED003
S315080157C020460D491DF085FE40B102222B681A7745
S315080157D095E70134062CE7D1072491E720460749C6
S315080157E01DF077FE0028F7D001222B68EFE700BFEE
S315080157F022130408D1870408481304084C13040823
S31508015800B02704082DE9F0410B68044692B0002B35
S315080158103FD105684449F1F77FF805F5CC51204693
S3150801582005F580550831F1F7C5F92046D5F89C29C3
S315080158303E49F1F7EDF9204695F8A0293C49F1F7DB
S31508015840E7F93C4B95F8A1193B4A2046012908BFBF
S315080158501A463A49F1F7DCF995F8A3292046052AAB
S3150801586097BF374B374A03EB8203D3F88C27364960
S31508015870F1F7CEF995F8A219344A354B2046012994
S3150801588008BF1A463349F1F7C3F9002012B0BDE83B
S31508015890F08102AB01AA0193FFF724FF0028F5D195
S315080158A02668DDF8048006F5C9572B4C2B491837AD
S315080158B006F580560AA8B8F1000F1CD005F0F1F8D4
S315080158C03523ADF8383041F65833CDE90F34012385
S315080158D041460AAA07F150008DF8443004F0E8FE63
S315080158E0404604F0D5FE80F0010086F8A80938463E
S315080158F007F0D2F9C9E705F0D4F83523ADF8383001
S3150801590041F65833CDE90F34012306F688158DF88B
S3150801591044300AAC0FCC0FC594E80F0085E80F0098
S3150801592086F8A889E3E700BF591304086213040837
S315080159307A130408030F0408070F04088C130408D4
S315080159402420040874250408A11304085013040824
S3150801595053130408B113040803010105C8270408F1
S315080159602DE9F0419CB004AB03930B6807460E463C
S315080159704BB303AA0431FFF7B5FE0446F8B93D68EF
S31508015980DDF80C800CA805F5C955366804F08FFAC0
S3150801599005F16802414610A88DF8304004F088FEEA
S315080159A00A4B1835CDE90D370723224600932846B9
S315080159B033460CA907F02EFB041E08BF24242046F3
S315080159C01CB0BDE8F0810724F9E700BF7D5D010839
S315080159D02DE9F0419CB004AB03930B6807460E46CC
S315080159E053B303AA0431FFF77DFE044600BB0CA896
S315080159F03D683668DDF80C8004F059FA012305F58F
S31508015A00C95505F16802414610A88DF8303004F0F1
S31508015A104FFE0A4B1835CDE90D3707232246009369
S31508015A20284633460CA907F0F5FA041E08BF2424B4
S31508015A3020461CB0BDE8F0810724F9E77D5D010821
S31508015A402DE9F0419CB004AB03930B6807460E465B
S31508015A5053B303AA0431FFF745FE044600BB0CA85D
S31508015A603D683668DDF80C8004F021FA022305F555
S31508015A70C95505F16802414610A88DF8303004F081
S31508015A8017FE0A4B1835CDE90D3707232246009331
S31508015A90284633460CA907F0BDFA041E08BF24247C
S31508015AA020461CB0BDE8F0810724F9E7BD7101085D
S31508015AB070B58CB004AB03934B6805460C46164685
S31508015AC08BB103AA0831FFF70DFE50B9039BCDE947
S31508015AD00053064B2868D4E90012B047002808BFCE
S31508015AE024200CB070BD0720FBE700BFF172010846
S31508015AF0004ADDE705670008004AD9E7216700087B
S31508015B002DE9F0460C469DB0064604AB20680DF11A
S31508015B100A0103931DF029FF70BBA3687BB33046C6
S31508015B2003AA04F10C01FFF7DDFD28BBD4E90174D2
S31508015B300CA83568BDF80AA0DDF80C9004F0B7F991
S31508015B40062305F5C95505F16802494610A88DF8D9
S31508015B503030ADF862A004F0ABFD0A4B1835CDE93B
S31508015B600D3607233A460093284623460CA907F023
S31508015B7051FA002808BF24201DB0BDE8F086072089
S31508015B80FAE700BFE1600108F8B507461C460E466C
S31508015B90184615491546F0F7BFFE39462046F0F76F
S31508015BA0E7FF76B131462046FCF7AAFA237ADA07E7
S31508015BB019D56FF3000323720020BDE8F84016F0EB
S31508015BC0AFBC042D09D8094B03EB8503D3F83C2553
S31508015BD020460749F1F71CF8E8E7064A064BFE2D69
S31508015BE018BF1A46F4E7F8BDBF13040824200408B1
S31508015BF0E3130408D20C0408C40C040810B51446AF
S31508015C000A4601462046FDF75FF9237A9A0707D522
S31508015C106FF3410323720020BDE8104016F080BCE3
S31508015C2010BD10B514460A4601462046FDF74CF943
S31508015C30237A5A0707D56FF3820323720020BDE83A
S31508015C40104016F06DBC10BD2DE9F04F40231446E7
S31508015C50EBB007460D46ADF868306068FF232AAAFF
S31508015C601AA904F0F5F9002840F08180384641491F
S31508015C702AAAF0F751FE002D73D1A846AB4606AE07
S31508015C80402361681AA83381C6E900B104F074F8A3
S31508015C909DF868301FFA88F9012B02D0217F002967
S31508015CA051D0206814A900F50C5034300FF05BFA76
S31508015CB0002853D196E807009DF868A009AB83E848
S31508015CC00700A268BAF1010C18BF4FF0010C002AAF
S31508015CD044D01A466146204604F00AFC00283DD104
S31508015CE00E21BAF1010F0BBF228A228BADF81220C1
S31508015CF0ADF812200CBF628A628B0391012109ABB0
S31508015D00CDE900310DF1300ACDF808A04B46A0685F
S31508015D100DF1120104F034FB00BB0DF13A0214A98E
S31508015D2010A807F0A2FE0D98F1F7F8FC0590384681
S31508015D3010A9F0F703FF3846059A0F49F0F7ECFD6D
S31508015D4008F101089CE705AB019310AB00933246B5
S31508015D504B46204604F005FC0028E8D03846F0F703
S31508015D60E8FD284616F0DCFB6BB0BDE8F08F05466A
S31508015D70F7E700BF031404081A14040813460A4671
S31508015D800146184660E72DE9F04F40231746FBB058
S31508015D9081460E46ADF868307868FF233AAA1AA9F3
S31508015DA004F056F9002840F082814846C1493AAACA
S31508015DB0F0F72EFF002E40F0D8800596122200211A
S31508015DC00DF15600BDF8144028F02DFA3AAB14939C
S31508015DD0FF23ADF854301AAB189380237A8AADF8AD
S31508015DE06430A24209D8FB8ABDF8141013449942BB
S31508015DF080F2AA8001238DF866303B8A2246B8686C
S31508015E0009A9ADF8243004F06EFA0546002840F0D9
S31508015E104381FF23B8683AAA09A904F019F9044687
S31508015E20002840F02D81BDF824800A234146B86830
S31508015E300AAAF1F716FE0546002840F02D81D7F883
S31508015E4008B0424659460DA804F038FA0446002817
S31508015E5040F01681BDF8343008F10A085BBAADF88E
S31508015E604030954B0D220093944906231FFA88F872
S31508015E7010A8ADF82680F1F7C1FB824600286AD141
S31508015E8055461DF0CAF8BDF82830BDF830405BBA52
S31508015E9064BAADF85630A4B20B98ADF85840F1F78C
S31508015EA03DFC802CA24628BF4FF0800A8346534604
S31508015EB01790ADF864A01AAA002D00F0EA80002117
S31508015EC02846F1F781FD28461DF0A7F87C4D48467E
S31508015ED0BDF814207B49F0F79BFE95E807000DF104
S31508015EE0400C8CE807009DF866E00421BEF1020F1C
S31508015EF094BF5CF82E50A5F52F754846BDF8563067
S31508015F00714ACDE901B50094F1F753F93AAB042189
S31508015F1048466E4AF1F74DF9042148466C4AF0F7AE
S31508015F205DFE524648461AA9F0F752FD802C03D960
S31508015F3048466849F0F7F0FC48466749F0F768FEB5
S31508015F40059B0133059339E77A8B1344994280F20D
S31508015F50AA8002234FE721460620604A1DF00EF863
S31508015F60054640B91DF059F80326304616F0D8FA09
S31508015F707BB0BDE8F08F20461DF04FF8BDF83C20F8
S31508015F809AF8023052BA92B29A4204D228461DF0C1
S31508015F9044F80626E9E7424659462846F1F7DAFF64
S31508015FA0044600286CD19AF8023006904344ADF8AD
S31508015FB026309AF803109DF81830BDF82620994224
S31508015FC01CD8BDF83C30A2EB08015BBA9BB29942DA
S31508015FD0DCDC4344BAF804109B1A9BB29942D5D823
S31508015FE059462846F1F7B6FF0446002848D1BDF8B8
S31508015FF028306C895BBAADF856304DE758460DF135
S315080160002601079203F0E4FF0446002838D1079ACF
S31508016010BBF1000F04D1284603F084FF04462AE0A9
S31508016020CDF840B0ADF84820ADF84A00ADF84C209F
S3150801603010A803F08CFF044630B1172C2846EBD084
S315080160401CF0EBFF264690E79DF84630013B3E2BB8
S315080160501DD828460DF14601F1F754FF044650B9FB
S3150801606028469DF84630BDF844201099F1F772FF8D
S3150801607004460028DCD0069B01330693002C98D0F1
S3150801608028461CF0CAFF172C18BF26466DE70724B9
S31508016090F1E74146B86814E700201CF0BEFF172D4A
S315080160A018BF2E4661E700201CF0B7FF5DE70646DC
S315080160B05BE700BF24140408BB950108DE27040822
S315080160C0302804083F140408431404087714040804
S315080160D07F1404088C140408010F04082C280408EA
S315080160E013460A46014618464DE6F0B50D460646DC
S315080160F089B0334928681DF0ECF9B8B10027043591
S31508016100286804A91DF01AFC044660B96C682D4973
S3150801611020461DF0DEF958B1684605F1080118F068
S315080161200BFE0446C0B1204609B0F0BD0127E7E7DA
S31508016130204625491DF0CDF908B90724F3E7A868D3
S315080161400DF103011DF022FC044605460028EAD19B
S3150801615033689DF8034001E06D4633681B4A03F531
S315080161600053C3F84C25C3F8506501A904A817F0D4
S3150801617035FC08B10446D6E70290ADF80C008DF857
S31508016180084035B128460DF1090105F00DFF8DF8D6
S315080161900D001CB19DF80D30002BCED101220C4902
S315080161A002AB04A818F070F804460028BBD1002FEA
S315080161B0B9D0337A242443F001033372B3E700BF1D
S315080161C07A0C04089014040897140408895B0108DA
S315080161D03C28040870B50446086886B0002840F0D3
S315080161E08D80A66806F5005595F85930022B40F0C2
S315080161F0978001A8F1F7FEF9B5F89C3006F5025625
S3150801620071683068ADF80C309B0A8DF80E3001AB19
S3150801621003C395F8B83008348DF80F3095F89E30D9
S3150801622003F00F03DA1F534253419DF814205B0014
S3150801623022F0030243F0010313438DF8143095F855
S31508016240B930C3F303138DF8103095F8A430C3F3AE
S315080162500102C3F381038DF811208DF81230F1F78D
S3150801626093F9D5F888303049C01A4FF47A73B0FBE0
S31508016270F3F0B5F8A0308DF81300FF2B28BFFF23E4
S315080162808DF8153095F8BB3020468DF8163095F8FF
S31508016290BC308DF81730F0F73FFB204601A9FCF713
S315080162A0A3FF2046BDF80C202049F0F7B1FC204693
S315080162B09DF811201E49F0F7ABFC20469DF81220E7
S315080162C01C49F0F7A5FC20469DF813201A49F0F75A
S315080162D09FFC20469DF815201849F0F799FC2046A1
S315080162E09DF816201649F0F793FC20469DF81720CD
S315080162F01449F0F78DFC002006B070BD12491DF057
S31508016300E8F878B1A06800F5005393F85930022BE4
S3150801631006D100F505500421383006F003F9EAE7FD
S315080163200D20E9E70720E7E79F140408AA140408E3
S31508016330B3140408C7140408DC140408960B0408EB
S31508016340E5140408FC14040810150408094A091A76
S31508016350891030B551430346002224258A4205FB9C
S31508016360023005D00BB1046A04B130BD0132F5E73C
S315080163700020FAE7398EE338084908B5A1F1240067
S31508016380FFF7E4FF40B90649A1F12400FFF7DEFF54
S31508016390003818BF012008BD0120FCE7301800208D
S315080163A05418002070B50D460668EFF311823021A6
S315080163B081F311880021046A016282F31188BFF30F
S315080163C06F8F002C00DC70BD3046013CA847F8E70A
S315080163D010F1840F14DA10F1990F21DB9930142882
S315080163E01ED8DFE800F00B1B1B1D1B1B1D1D1D1DE9
S315080163F01919191D131915171F111B0006207047A6
S31508016400003818BF012070470C20704718207047C4
S315080164100D207047172070470320704708207047E2
S3150801642001207047072070472DE9F04F0027BB462A
S31508016430964C9BB0182200210EA827F0F4FE2046A0
S315080164400EA911F045F8064658BB0F9B1B0A012BEE
S3150801645027D0BDF83830B3F5885F22D040F2011352
S315080164600F938B4B0DF1500C13930EADCDE909002B
S315080164700FCDACE80F0095E8030033468CE803001E
S315080164803246204609A9CDE90B66089610F0BCFFED
S31508016490064688B10A98002840F0F480099810F059
S315080164A085FC01347B4B47F100075F4508BF9C42D9
S315080164B0C0D11BB0BDE8F08F099D6B69A3F5003308
S315080164C0B3F5003FC0F0C780AB689B07E2D5BDF8BE
S315080164D0383013B12A889A42DCD1BDF83A206B8844
S315080164E00AB19342D6D1B5F80090ADF85230D5F835
S315080164F00CA0179B5246194648460793ADF850908B
S3150801650010F032F8804618992A694846CDE90512ED
S3150801651010F02AF8DDE90512B8F1000F04D1079B3E
S3150801652013B1BAF1000FB5D110B909B1002AB1D129
S31508016530AA68169B189013400AA90BAA14A8CDE9B4
S3150801654016381CF0AEF90028A4D10A9D6B681B0AFF
S3150801655000F0838028460CA910F074FA002899D116
S3150801656028460C990FF0EDFF002893D1DDE9095073
S31508016570D5E9081206464368D0F820904FEA132851
S31508016580B8F1010F56F824EFD5F804C082D16B692A
S31508016590A3F50038B8F5003FBFF47CAF5FEA1C2CC1
S315080165A07FF478AFAD6815F002057FF473AF0D95EA
S315080165B00DAD4B46CDE90165CDF800E011F0BCFF04
S315080165C000287FF467AF0A9808A91CF0B0F90028DB
S315080165D07FF460AF099810F0E9FB054600287FF4BF
S315080165E060AF204610F0DAFF089E0D95A6423FF4EB
S315080165F058AF3046294614AA10F0CAFD804600282D
S315080166007FF44FAFDDF85090012049460DF0DAFFCF
S31508016610054600283FF445AF0DAB00934A460346AD
S31508016620414630461CF016FA60B9159B3946009367
S3150801663020462B460D9A10F03BFD014610B930460F
S3150801664010F064FF002128460D9A27F0ECFD284634
S315080166500DF0B9FE25E7012639E7099B1EB15A68EF
S31508016660120A7FF417AFD3E90868284641460FF0A6
S3150801667068FF00287FF40EAF42463146286A27F0A4
S31508016680F1FFA0E710F0BEF908E700BF010002001C
S31508016690F00002000800020008B521B111F05AFB0A
S315080166A0BDE8084094E66FF08600F9E710B50446A0
S315080166B086B018220021684627F0B5FD69462046AE
S315080166C010F006FFB0FA80F0400906B010BD2DE9BA
S315080166D0F0410024ACB0CDE90A404FF44051019095
S315080166E006A80AF03DFD6D4B6D48099340F201136A
S315080166F004AACDE9060303A906A8CDE90344019432
S315080167001CF0CFF8044600283FD1039E736AB3B143
S31508016710039D2E466B682F6A1B0A56F8248F42D0B2
S31508016720012B00F0AD806FF08604039D286A10B135
S31508016730696A0FF0A7FD0023C5E9083325E0079B21
S315080167401B0A28D1BDF81800BDF81A5000F4E04319
S31508016750B3F5805F13D0B3F5005F10D020F0FF00CA
S31508016760B0F5E24F40F096800735ED0805953046BD
S3150801677005990FF0E6FE04460028C9D005E029462A
S315080167800FF0B0FE04460028EED00398002834D056
S3150801679010F038F931E005A906A810F053F90446B6
S315080167A00028E4D0F1E72B885A040BD42B8803F48C
S315080167B0E042B2F5805F26D14146384611F0C9FB61
S315080167C0044611E003F4E043B3F5805FEED0B3F578
S315080167D0005FEBD0334642463946284611F0CEFDD6
S315080167E010F1860F0446E1D00398002C9DD101A92A
S315080167F01CF09DF804460028C7D12046FFF7E8FD9E
S315080168002CB0BDE8F081B2F5005FD5D023F0FF02C8
S31508016810B2F5E24F3BD1DBB2122B6A8837D1E02AB7
S3150801682006D0B2F5807F29D0C02A30D1012400E0F4
S3150801683002240CA8F8F7E6F821460CA8F8F764FD37
S31508016840044670B90346174A24A90CA8F8F7CCFAE6
S31508016850044630B943463A4631460CA8F8F7E2FAF7
S3150801686004460CA8F8F711FD24A8F7F787F826A817
S31508016870F8F708FD20460FF02CFDA1E70324D8E719
S31508016880334642463946284611F078FD98E76FF0B7
S3150801689085044AE76FF0850477E700BFFF0600061F
S315080168A0127100013980020808B528B111F051FBAF
S315080168B0003818BF012008BD0120FCE7002801DBCC
S315080168C01DF0DDB87047022028F0CABE38B5056844
S315080168D0044675B12B68012B06D1064BD3F8540132
S315080168E003F5B27127F0E6FF28460DF06CFD00238B
S315080168F0236038BD0818002008B5074BD3F85401A2
S3150801690028F08CF830B1054BB3FBF0F083B20BB12C
S31508016910184608BD0120FCE70818002040420F0070
S315080169201FB5FF238DF804300023CDE90233064B4A
S31508016930014601AAD3F8540127F0CAFF003818BF47
S31508016940012005B05DF804FB08180020F8B50646D5
S315080169502C4D33680C46D5F854011BB3972128F002
S31508016960F5F9024600B1FEE73168D5F854011FF082
S3150801697089FF00B1FEE73168D5F8540128F037F8E8
S315080169803179814200D0FEE7D5F8540120F020F98B
S3150801699000B1FEE70122D5F85401114628F00AFA9A
S315080169A020B1FEE720F004FC00B1FEE70322D5F88A
S315080169B05401114628F0EEF97F2C20D0D5F8540160
S315080169C028F08CF8032814D104EB84046400D5F864
S315080169D054710A21384628F083F84FF4E1613846A4
S315080169E028F080F82146D5F8540120F009F930B18C
S315080169F0FEE7D5F8540120F01FF90446E7E7C5F884
S31508016A007C61F8BD0818002038B50446164D28F0F3
S31508016A103BFE237D95F884219A4223D895F8852152
S31508016A209A421FD3D5F87C3105F5C070834202D04E
S31508016A307F21FFF78BFF8022D5F85401114628F0F4
S31508016A4023F810B1012000230AE0207DFFF768FF33
S31508016A500028F7D1204616F08DF80028F2D1012337
S31508016A60236038BD2120EEE70818002008B5054B3C
S31508016A7000EB80004100D3F8540120F0C1F800B1C1
S31508016A80FEE708BD0818002038B50F4B0C4693F8E9
S31508016A908421824215D893F88521824211D303F5C0
S31508016AA0C075D3F87C31AB4204D10846FFF7DEFF47
S31508016AB0002038BD1CF0BAFF21462846FFF746FFDD
S31508016AC0F6E70720F5E700BF0818002013B50446C6
S31508016AD0086868B90E4BD3F8540120F0ADF80D4992
S31508016AE042B204F10800F0F793F8002002B010BD95
S31508016AF00DF107011CF02AFF0028F7D19DF80720A0
S31508016B00034B83F888211AF01BFDFFF7AFFFECE76B
S31508016B10081800203B0C0408037A0268007913431D
S31508016B2043EA0020704770B58AB001AC84E80700D3
S31508016B3007AD94E8070085E8070028461E46FFF7D3
S31508016B40EBFF06AB014605AA03480BF027F808B97F
S31508016B50069B33600AB070BD9819002082B02DE9F2
S31508016B60F04F4FF0000B9BB005AE86E8070024AF47
S31508016B7047F8043F09AC0CAD96E8070084E807001E
S31508016B8097E8070085E8070094E807000DF13C0837
S31508016B900DF1480988E8070095E8070089E8070024
S31508016BA040468DF864B0FFF7B7FF01464846FFF740
S31508016BB0B3FF0B46CDE9000B0422244815A90AF0B8
S31508016BC091FE034600283DD00022D1B204931AABA8
S31508016BD003EB810151F8141C1C4803920BF088FD44
S31508016BE0039A049B01329342824601D00028ECD0D5
S31508016BF096E8070084E8070097E8070085E8070094
S31508016C0094E8070088E8070095E8070089E807007F
S31508016C104046FFF781FF01464846FFF77DFF0B46D1
S31508016C20CDE9000B0422094815A90AF05BFE0346C3
S31508016C3010B1BAF1000FC7D050461BB0BDE8F04FEE
S31508016C4002B070474FF02D0AF6E700BF98190020E9
S31508016C5000B5234B856893F8383689B093B100227D
S31508016C604FF400331F21CDE90532079209221F206F
S31508016C70CDE9031211468DE8030008AA12E90700B7
S31508016C80FFF76CFF05F5EF5005F5EE54F3F7D2FD66
S31508016C9004F16800F3F7CEFD1248F3F7CBFD12486D
S31508016CA0F3F7C8FD1148F3F7C5FD1148F3F7C2FD1F
S31508016CB010481CF0E4FE4FF002101CF0E0FE0E48EE
S31508016CC01CF0DDFE0D481CF0DAFE0D481CF0D7FE5F
S31508016CD00C481CF0D4FE0C481CF0D1FE0AF0B0FAA0
S31508016CE0F03F0020943E0020A43E0020B43E002040
S31508016CF0A43F002001000200030002000400020074
S31508016D0005000200060002000700020038B5084D1A
S31508016D10044695F8F831834208D0064A064B0028FE
S31508016D2008BF13460120984785F8F84138BD00BFCA
S31508016D3008180020F5F70308C9F7030808B5FFF78F
S31508016D401BFB48B9054B93F8F9212AB993F8FA01BF
S31508016D50C0B200F0010008BD0120FAE708180020BA
S31508016D6008B5302383F311884FF000534FF20F0211
S31508016D7018805A80BFF35F8F0AF062FA6E4A2DE9CE
S31508016D80F0416E4B55686E4C5D65516A99656D4962
S31508016D90D1F80002D865D1F804021866D1F80812AC
S31508016DA0586B5966916A10F0040F9966D16A4FF0CB
S31508016DB00000D966116B1967516B5967D26BD86494
S31508016DC09A67D3E90E1218BF11465F4A91421A65AE
S31508016DD05DD301F12000A04259D88869C5F3080599
S31508016DE01864CE69062D5E6455D1584DA84252D312
S31508016DF0574DA8424FD205884DF6426085424AD181
S31508016E001868C3F894005868C3F8980040F20170EE
S31508016E10A242154604D22E680432B6F1CD3FF7D008
S31508016E200022C3E91F22C3E92122C3E92322641BE5
S31508016E30DFF818C1424DDFF818E19C648D422DD860
S31508016E40D3E91FC7D3E92165D3E923414FF0000EE2
S31508016E50013AD2B2FF2A3BD1BEF1000F05D0C3E9F0
S31508016E601FC7C3E92165C3E92341B3F85430C3F306
S31508016E7008030C2B3AD8022B53D9DA1E092A50D803
S31508016E80DFE802F030563F424F4F4F4F4F4C00213B
S31508016E90C3E910112C494FF42060B9E755F8044DA0
S31508016EA06445CBD37445C9D2E607C7D50026294F11
S31508016EB057F8048FA045C1D00136062EF8D12AB15C
S31508016EC0013AD2B203EB8206F467B7E70522F9E77E
S31508016ED0E0464FF0010EBC4637462E4625460C467F
S31508016EE04146B5E740F60120BDE8F0814A2B18D1A5
S31508016EF0194B9B6913F0020F40F2025318BF18464B
S31508016F00F2E740F60320EFE740F2017240F6042368
S31508016F10B0F5206F14BF10461846E5E740F6052080
S31508016F20E2E740F60722013B6B2B98BF1046DBE7E9
S31508016F3040F60220D8E700BF00ED00E060630020BC
S31508016F400818002000E100E008000020206200087F
S31508016F50200A0408D86300200040005B084B03F5AB
S31508016F60FE72D2E8AF2FD20707D493F8FC2122B9D3
S31508016F70C3F80022012283F8FC210248704700BFAA
S31508016F8008180020081A00201022002127F04BB902
S31508016F902DE9F04F40231446ADF5757D83460E461F
S31508016FA0ADF8D0316068FF2334AA74A903F050F80C
S31508016FB0002840F0F78058467E4934AAEFF728FEA4
S31508016FC0002E40F0F080059613AD00214FF04008E1
S31508016FD06268A068C5E90012BDF81430A5F80880F2
S31508016FE0002800F0E080228A0DEB0807ADF834206E
S31508016FF00A2203920C22CDE900520297628A0DA950
S3150801700003F0BEF9002840F0CE80D4F808A00DA9F7
S315080170105046BDF834908DF8218002F0D9FF00283A
S3150801702040F0C180A9F10A039AB206923A89BDF8DD
S31508017030341052BA92B212FA83F30A33994200F221
S31508017040B280ADF834900DF190094A4650460DF1DB
S3150801705021030DA902F0D4FF0790002840F0A38070
S315080170603A89069B52BABAF80A1013FA82F20A3218
S315080170708A4200F298804A4658464F49EFF7C8FDBA
S31508017080FF22ADF86C204FF4007234AB1A9374AB3F
S315080170902193ADF88820079B6268CDE90D33C7E9CE
S315080170A00032ADF83C30A368A7F8088053B3238AA9
S315080170B0B4F81280ADF82230B8F1000F22D03A4662
S315080170C0A0680DF1220103F045F8D8B90A23009307
S315080170D00C22A0680AAB0DF1220103F023F9172847
S315080170E054D078B9BDF82230A26868812A6028464A
S315080170F02B81AB81CDF8249002F029FF824640B15D
S3150801710017283BD05846EFF714FC059B0133059326
S315080171105BE70122284609A902F0ECFF70B3BDF826
S315080171202230A2680DF16E00ADF83C30CDE90DA212
S31508017130CDF85CA0CDF880A0CDF88CA08DF88AA0FA
S31508017140FFF722FF1A9B33BB0121204617AB0DAA75
S3150801715003F0EDFA0028D5D10121204617AB0DAA77
S3150801716003F061F90028CDD1239B0BB9ADF888301E
S315080171700421584617AAFCF7E6FFC3E7BDF83030E5
S31508017180BDF822205BBA1344ADF8223008F1FF3866
S315080171901FFA88F890E7BDF86C20002AD4D083F846
S315080171A000A0D1E70646304615F0BAF90DF5757D0A
S315080171B0BDE8F08F171504082C16040813460A466D
S315080171C001461846E4E62DE9F04F14464FF040090A
S315080171D0ADF5757D0DF5E87807460E4660684146BA
S315080171E00DF10F0314AAA8F800908DF80F9002F07C
S315080171F007FF38B10646304615F092F90DF5757D4B
S31508017200BDE8F08F34ADFF232A464146606802F097
S315080172101FFF0028EED12B463846344914AAEFF74A
S31508017220F7FC002EE7D1FF23ADF82C304FF400739D
S315080172300DF12E0A50460A95CDF84480ADF848302E
S315080172400796109613968DF84A60B346FFF79CFE8B
S315080172502E701725616824A8CDE904B1ADF81890F8
S3150801726002F08AFD9DF89080B8F1010F15D9A8F1B1
S315080172700303022B1BD9E468002CEBD1139B0BB932
S31508017280ADF84840002DB6D13846294607AAFCF77D
S315080172905AFF3846EFF74DFBADE710ABCDE900A332
S315080172A000232046194604AA03F05BF9E3E7A8F18F
S315080172B004035D42A8F105005D414142414107AB26
S315080172C0204604AA03F033FAB8F1050F01D11728AD
S315080172D001D000288FD12946204607AB04AA03F01E
S315080172E0A2F805460028C6D085E700BF321504086E
S315080172F013460A460146184665E72DE9F7430E681F
S3150801730004460D4686B9083420467549EFF780FCD0
S3150801731020467449EFF77CFC20467349EFF778FC61
S31508017320002003B0BDE8F08330466E491CF0D1F861
S31508017330002851D0686800283CD154F8085F6B4989
S3150801734005F5F95605F580552046D5F8242FEFF7AA
S315080173505FFC4FF01108664FDFF8B4910436B8F1B7
S31508017360010807F1080719D1D5F8682F20466149A0
S31508017370EFF74EFC1127604DDFF89481013F05F1C7
S315080173800805CDD055F8083C4246F3580421009328
S31508017390204655F8043CEFF70CFFEFE757F8083C91
S315080173A04A46F35804210093204657F8043CEFF760
S315080173B000FFD4E751491CF08CF8002800F08E80B4
S315080173C0A968002940F08A80A068882200F5F9504A
S315080173D0043026F028FFA3E7304643491CF079F824
S315080173E000284FD0686800283FD154F8085F0B275A
S315080173F005F5005805F501551835284698F8591028
S3150801740004F0DCFE3E4EDFF80C91B835013F06F17B
S31508017410080611D106273B4EDFF8FC90013F06F11D
S31508017420080613D120463849EFF776FAD8E95423E6
S315080174302046EFF753FB73E756F8083C49462046C2
S31508017440EB5A56F8042CEFF7E3FBDFE7204656F82C
S31508017450042C4946EFF760FA56F8083C20462B44B7
S31508017460D3E90023EFF73AFBD8E724491CF031F8B2
S31508017470A0B3AB6893BBA06800F50150183004F0BF
S315080174808DFE4DE7304616491CF023F830B368687F
S31508017490B8B9052754F8085F1C4E05F50055DFF8FD
S315080174A070801435013F06F108063FF439AF56F8E6
S315080174B0083C41462046EB5856F8042CEFF7A8FB42
S315080174C0F0E70E491CF005F840B1AB6833B9A0687E
S315080174D000F500501430FFF757FD21E7072020E794
S315080174E0581C0408641C0408711C0408681504085F
S315080174F04028040875150408C02804081219040848
S31508017500402904089029040892150408B829040892
S31508017510F00F0408F80F04088215040870B5144D15
S3150801752005F50173D3E8AF4F14F0010416D195F8A8
S3150801753004329BB9C5F8084205F5037630191034AB
S31508017540FFF722FDA02CF9D10B220A4B013A194665
S3150801755003F1100304D1012385F80432064870BDEE
S31508017560D5F8080243F8100CC5F80812EEE700BF73
S3150801757008180020141A0020101A00202DE9F041DD
S3150801758015468846E9070746C5F34002C5F3800351
S31508017590C5F3C0060AD44AB943B93EB9FFF7DEFCBA
S315080175A00268144664B91720BDE8F081FFF7D6FCD6
S315080175B0046884B9FFF7B2FF04688CB90320F3E7BE
S315080175C0E188B9421FD026462468EBE73268FAB14A
S315080175D0126832601CE0E388BB420BD02468E8E7F6
S315080175E0236803602046FFF7CFFCFFF7B7FC036863
S315080175F0236004602571E780D8F80030A360D8F8C5
S315080176000430E36009E0002EE0D10AB11368036093
S31508017610FFF784FF0368236004600020C4E7034B77
S31508017620D3F8AC0200B9FEE7704700BF081800207E
S31508017630437F70B505460C4663B171B30846F0F74A
S3150801764021F822460346154905F10800BDE87040B0
S31508017650EFF7DEBA037F03B9FEE724291DD000F14F
S31508017660080681B930460E49EFF7D2FA002305F12B
S3150801767020002B77F1F73BFA3046BDE87040094AFE
S315080176800949EFF749B90846EFF7FCFF22460346D1
S3150801769002493046EFF7BCFAE8E770BDA7150408BA
S315080176A0B4150408D82904082C16040810B504468C
S315080176B004490830EFF7ACFA2046BDE8104000212E
S315080176C0B6E700BFB915040838B50C46054620B912
S315080176D001462046BDE83840AAE790F83930083413
S315080176E09B0613D500F1080217492046EFF714F94E
S315080176F020461649EFF710F9204605F11901082227
S31508017700EFF766F920461249EFF706F920466A8E21
S315080177101049EFF701F9294620460822EFF758F9EB
S31508017720204695F836200C49EFF7F6F8204695F9E4
S3150801773037200A49EFF7F0F8204695F83820084926
S31508017740BDE83840EFF764BACC150408DC1504081F
S31508017750420E0408D5150408DF150408E7150408C0
S31508017760EE15040803460846194603B960E70A7880
S3150801777093F9013001490830EFF74ABAF6150408BA
S315080177800021C06854E70FB407B504AA52F8041BD0
S315080177900192FFF744FF0830EFF7B6F803B05DF83A
S315080177A004EB04B07047F7B50D46096807461E464F
S315080177B01CF0B3F8044650B1286801A909F087FC02
S315080177C0044620B96B682BB901993868B047204639
S315080177D003B0F0BD0724FAE7014B024A0830E2E795
S315080177E08F6700088563000870B50E6805460C4664
S315080177F030460E491BF06DFE38B1211D05F1080012
S315080178000B4B0C4ABDE87040CDE730460A491BF0E0
S3150801781060FE40B1211D05F10800084B084ABDE884
S315080178207040FBF7B8BD072070BD00BFDE0D040828
S31508017830356800089D63000804160408B16300084A
S31508017840A76300080023037070472DE9F04F0F4620
S3150801785005468DB0904938681BF03BFE002872D06A
S3150801786000260437386808A91CF068F80446002879
S3150801787065D102A8FFF7E6FFD7F80490874948467D
S315080178801BF027FE8046002800F09D8003A8FFF71D
S31508017890D9FF04A9B8681CF079F8044600284ED126
S315080178A0FA68002A58D0511E11F8013F002B4CD115
S315080178B0002C77D098462A689DF810A09DF8089064
S315080178C0774902F50052C9F38003C2F85415C2F884
S315080178D0585505A908A8019316F080F8C9F3000BB5
S315080178E0C9F340070446C9F3C00940BB019BBAF175
S315080178F0000F31D003227F0047EA830747EA0B07C7
S3150801790047EAC9078DF818208DF81AA08DF81B705B
S31508017910B8F1000F04D0404607A904F045FB044618
S31508017920023406A908A88DF8194016F083FC044606
S3150801793028B926B124242B7A43F002032B72204658
S315080179400DB0BDE8F08F01268CE7642B16D005D85B
S31508017950582B1DD0612B16D00724F0E76C2B06D0C7
S31508017960722BF9D19DF8083043F0040303E09DF822
S31508017970083043F001038DF8083095E79DF8083083
S3150801798043F00203F7E79DF8083043F00803F2E7EE
S315080179908A42E1D15378002BDED13B69002BDBD13A
S315080179A0444681E707F1100103A817F0C5F9044613
S315080179B00028C4D17B69002BCED12A689DF810A076
S315080179C00DF10C087AE7484636491BF082FD002876
S315080179D0C2D0D7F80880344940461BF07AFD002802
S315080179E033D1404631491BF074FD002851D007F1C7
S315080179F00C0103A817F0A0F9002848D1012403AF08
S31508017A002B682B4A03F50053C3F85425294AC3F8B2
S31508017A105855C3F85C25C3F8605505A908A815F09B
S31508017A20DDFFA0BB9CB9A7BB07238DF81A708DF89B
S31508017A301830012306A908A88DF8193016F0FAFBA3
S31508017A400022059B83F830201AE02746D8E740F242
S31508017A500713ADF818300123059C8DF81A30002F4D
S31508017A60E7D00DF11B01384604F09EFA01308DF876
S31508017A70190006A908A816F0DDFB3B7884F8303012
S31508017A8028B926B124202B7A43F004032B72044625
S31508017A9055E70720FBE700BF7A0C0408971404088A
S31508017AA0FD5B01080E1604081B16040821160408B6
S31508017AB0235C0108C3320108F7B505466846FFF796
S31508017AC0C1FE0C689CBBAB6801AE03F50053314699
S31508017AD093F85B001BF001FD9DF8043005F10807DA
S31508017AE0C3F34001C3F38002DB0749BF7223334660
S31508017AF08DF804300DF1050311B1642103F8011B5A
S31508017B0012B16E2203F8012BB34208BF2D234FF0A1
S31508017B10000404BF8DF804300DF1050338463246DA
S31508017B2017491C70EFF774F8204603B0F0BD2046DC
S31508017B3014491BF0CEFC18B9013C14F8013F2BB9C6
S31508017B409DF80010A868EFF7A1FCEEE76E2B11D09F
S31508017B50722B03D0642B08D00720E6E79DF8003086
S31508017B6043F001038DF80030E7E79DF8003043F054
S31508017B700203F7E79DF8003043F00403F2E700BF7C
S31508017B802C160408BC4504082DE9F0478A46002549
S31508017B90A2B006464FF4C07150460195F0F79CFB1A
S31508017BA0B0F5C07F22D2A946DFF8108157461AF8E8
S31508017BB0014B4CBBC5F1200201AB202DD2B24FEAD5
S31508017BC0820203EB850088BF0022002126F02BFBE9
S31508017BD0737F002B51D0002C4ED1019B002B4BD02B
S31508017BE0304601A9FAF7C8FF044608E0737F002B5F
S31508017BF042D1337F002B58D10123062433772146FE
S31508017C003046FFF715FD4DE05C2C28D19AF8002087
S31508017C10A2F10903DBB2172B0CD828FA03F3DA070A
S31508017C200AD5384626F0AAFD51460246384626F0B8
S31508017C309EFC01E05C2AF4D01AF8013C002BB5D071
S31508017C402DB11AF8023C002BB0D11F2D12D022AA51
S31508017C506B1C02EB850545F8847CDDB2A6E7093C79
S31508017C60E4B2172CE8D828FA04F4E30748BF0AF85F
S31508017C70019CE1E707249DE7FEE7337F23B10C4921
S31508017C8001981BF026FC68B101233377002CB6D185
S31508017C90019B002BA4D1074A0749347706F108004E
S31508017CA0EEF73AFE22B0BDE8F0870624E7E700BF03
S31508017CB0DB290408D82904082C16040813008000B7
S31508017CC00123F0B504461D250E4E0F4F8FB043779D
S31508017CD0013D03D1284665770FB0F0BD56F8041B60
S31508017CE0312201A826F037FD0023394604F10800A0
S31508017CF001AA8DF83530EEF78BFF204601A9FFF76B
S31508017D0043FFE5E7E82904082A1604082DE9F043A4
S31508017D1000230D46ADF51B7DB6490446164600936C
S31508017D20EEF776FF7DB9B44FDFF8F082DFF8F0920F
S31508017D302068694600F50C500CAA34300DF004FA97
S31508017D40002800F0EA802046AC49EEF761FF0023DF
S31508017D5000939DB9DFF8A08206AF236819A803F539
S31508017D600C5909F13409FFF70FF96946484619AA6A
S31508017D701A9717F008F8002800F058812046A049FC
S31508017D80EEF746FF00230093002D40F0C280DFF88E
S31508017D9094920DF16408276812AD07F50C57284629
S31508017DA03437FFF7F1F82A4669463846C5F8088098
S31508017DB016F0E9FF4FF6FF73002800F076819E4220
S31508017DC040F0A78020468F49EEF722FF0023DFF80F
S31508017DD05882009301AF42F23439266828464E4448
S31508017DE0FFF7D2F82A4669463046EF6016F0CBFF10
S31508017DF0002800F089812768042207F50053D3F883
S31508017E00340393F83813014408F0A4FE06461A22EF
S31508017E100021284626F007FA002E47D04F442A4665
S31508017E200921384608F09BFFB0FA80F02B7E4009FD
S31508017E3060F300030B2138462B760DF14A0208F050
S31508017E408EFFB0FA80F02B7E400960F341031221C0
S31508017E5038462B760DF15E0208F081FFB0FA80F004
S31508017E602B7E400960F3C3032B76384613A90DF020
S31508017E70CDF9B0FA80F040F20B482B7E400960F349
S31508017E8082032B767378B71C02331E44BE420DD982
S31508017E903B78083BDBB20A2B04D828FA03F3DB0745
S31508017EA000F156812B7E43F010032B762046564966
S31508017EB0EEF7AEFE2B7E9E0740F14F8120466A887B
S31508017EC05249EEF729FD2B7ED80740F14B81204612
S31508017ED02A884F49EEF720FD2B7E190740F1478185
S31508017EE02046EA8A4949EEF717FD2B7E5A0740F1E3
S31508017EF0438120462A790DF14D01EEF769FD2B7E66
S31508017F00DB0603D520464349EEF706FD2046EEF784
S31508017F1010FD0DF51B7DBDE8F0834FF6FF739E42FC
S31508017F2004D0BDF84430B3427FF402AF0CA9204611
S31508017F30F0F7B8FB9DF841309DF84120590749BF34
S31508017F40702319AB8DF864300DF16503120744BF30
S31508017F50612203F8012B9DF84120D00644BF642213
S31508017F6003F8012B9DF84120910644BF632203F8CB
S31508017F70012B9DF84120520644BF722203F8012BBA
S31508017F809DF84120D2091CBF6F2203F8012B9DF8E9
S31508017F904220D00744BF732203F8012B9DF84220E3
S31508017FA0910744BF6E2203F8012B9DF84220520720
S31508017FB044BF442203F8012B00221A709DF864304D
S31508017FC023B12046144919AAEEF7A6FC9DF84130BB
S31508017FD0394643F301035BB20133022B9ABF09EB1E
S31508017FE08303D3F8342A42462046BDF84430EEF7D7
S31508017FF00FFE9DE62F1604083916040842160408D2
S315080180004A160408601604086A160408B60F040816
S31508018010791604087F1604082B1604087F460408F7
S31508018020242004081F140408270B04084FF6FF73BD
S315080180309E4203D07B8AB3427FF48FAE39462046EF
S31508018040F0F730FB3B7D3A7D180749BF732319AB1F
S315080180508DF864300DF16503510744BF6E2203F8AC
S31508018060012B3A7D920644BF612203F8012B0022B7
S315080180701A709DF8643023B12046424919AAEEF7D1
S315080180804BFC3B7D414643F301035BB20133022BB3
S3150801809098BF3D4A20469ABF02EB8303D3F8342A98
S315080180A03A4A7B8AEEF7B4FD57E69E4204D0B8F801
S315080180B00032B3427FF46FAE49462046D8F8042011
S315080180C0EEF72AFC98F8082020460DF16D01EEF727
S315080180D07FFC20462E49EEF71FFC204698F807211B
S315080180E05BA9EEF775FC98F80631D80703D5204643
S315080180F02849EEF711FC204698F80030B8F8002216
S315080181002549EEF785FD46E67B787A78990749BFD2
S3150801811073232B462B700DF14903D20744BF632203
S3150801812003F8012BAB4204BF2D221A704FF000024F
S3150801813008BF0DF1490320461A700DF10601F0F743
S31508018140B1FA2B46414620463A78EEF761FD42E6FA
S315080181503846F1F73BF9074498E620460F49EEF70A
S31508018160DBFBB0E620460D49EEF7D6FBB4E6204622
S315080181700A49EEF7D1FBB8E620460949EEF7CCFBEA
S31508018180BDE600BF2B160408242004087F46040810
S31508018190420E04085416040857160408171404084E
S315080181A0BC450408F7B50D46044600B9FEE7037F4A
S315080181B003F0FF0603B1FEE70D4B1A68914214D886
S315080181C040F2E73031461F6D4FF47A720023E5FB22
S315080181D0070125F037FE0123CDE900630146234651
S315080181E0044A606827F056FC00B1FEE703B0F0BD0B
S315080181F0081800204909040800B9FEE7406827F075
S3150801820013BF70B5EFF3108672B64FF0FF3026F044
S315080182100FFD04460A4BD3F8B022C3F8B0028242D6
S3150801822088BFD3F8B422304684BF0132C3F8B422DA
S31508018230D3F8B45228F08EFB2046294670BD00BFFC
S315080182400818002010B5EFF3108472B6084B93F89E
S31508018250183353B1FEF772FD00F00100FEF756FD23
S315080182602046BDE8104028F075BB0120F4E700BFA1
S315080182700818002070B5044600B9FEE7038B428B47
S315080182809A420CD90022013303830277D0E90253BB
S3150801829098472B4601462046BDE870401847036AB1
S315080182A001330362F9F705FEBDE87040CAE72DE917
S315080182B0F843064614460D46F9F7FBFD3369984718
S315080182C000272D1947EB07032C1A63F10005012C2A
S315080182D075F1000308DA336A304601333362F9F778
S315080182E0E8FDBDE8F843ADE7D6E902839847A04221
S315080182F077EB05031CD2F36898473B4602462946A5
S31508018300204625F09FFDF368914698473B4602466D
S315080183102946204625F096FD4C4683B200227383F2
S31508018320214630463283C04701233377BDE8F883B7
S315080183303B46F3E70B4B10B55C6804B9586000205F
S315080183408C184041C3E9C840EFF31184302383F305
S3150801835011880548FFF7ABFF84F31188BFF36F8FC8
S3150801836010BD00BF081800200C180020084B10B5D6
S315080183709C6A04B99862EFF31184302383F3118858
S315080183800448FFF794FF84F31188BFF36F8F10BD7C
S3150801839008180020301800200B68092B04D1012287
S315080183A0024B83F8F9214DE7704700BF08180020F2
S315080183B02DE9F04F9846930281461746EDB040F1F4
S315080183C0B981F9F797FDAD4C01900AA9D4F8540182
S315080183D026F0F8FBBDF82AC0BCF1020F40F2AA81CB
S315080183E04CAD0AAE0FCE0FC53368BCF1270F2B6013
S315080183F00AD92723BDF82C20ADF83231262A82BFA7
S31508018400ADF8343100234F93D4F854014CAA2CA962
S3150801841026F0DFFB9DF83251002D00F08B810C9B75
S315080184200DF1B10093F800B00DF231131890ADF8C3
S3150801843064B022931BF013FB002800F0F18204A913
S3150801844018A8F9F7DDFD9DF8183094F82863012B73
S3150801845094F9295315D1FEF781FDBDF81020D0F8FE
S3150801846000A0BAF1000F05D1D4F8383383B300263A
S31508018470B246F4E0BAF80610914215D0DAF800A02F
S31508018480EFE7022BF0D1FEF769FDD0F800A0BAF1AB
S31508018490000FE9D0082204A90AEB020027F0B8F870
S315080184A010B1DAF800A0F2E79AF80400D4F83823F4
S315080184B010F0020FC0F38003C0F3400140F0998029
S315080184C0002B40F0A680010700F1C180002ACED119
S315080184D0002584F836530FA81BF0E6F800230DF1A2
S315080184E0B1008DF824308DF809308DF80A301BF06B
S315080184F0B6FA002800F01E810DF1B1001BF0A9FAA9
S31508018500002800F0178107A918A8F2F7CBF9002867
S3150801851040F010819DF82410002900F00B81BDF868
S315080185201C001BF0B7F8002840F004810DF14A0140
S3150801853018A8F2F7DFF9002840F0FC809DF85230C0
S31508018540002B00F0F7800DF1B1001BF092FA00281C
S3150801855040F0DE800DF1B1001BF070FA0446F1F728
S31508018560BCFD002800F0DB810DF10E0118A8F1F71A
S31508018570FDFD002840F0DE80BDF80E30ADF856301E
S3150801858001238DF859309DF866302022002124A850
S315080185908DF88E3025F047FE394B22A90F939DF8A9
S315080185A009300FA88DF85A309DF80A308DF85B30DE
S315080185B0F1F776FE229C20461BF040FA20F01000C7
S315080185C080B22070000A6070229C20461BF036FAA1
S315080185D0002D00F0B08140F4007080B22070000ACE
S315080185E060700DF1B1001BF029FAC60540F1B281A0
S315080185F0FEE78DF80C6033BB03072AD501208223D9
S315080186008235C5EB0525B5FBF3F503A9461C0D54C3
S3150801861014E00E4694F84033EB1A5BB2002B14DBD8
S315080186207F2D08BF00234FF0820CC3EB0323B3FB56
S31508018630FCF303A98B55002EDED00226002A00F092
S31508018640D3828A460BE00126E4E70023EBE71846C6
S31508018650D5E70126002A00F0C7820DF10C0A0FA9F9
S3150801866018A8F9F7CDFC28B99DF84420012A09D0A4
S31508018670022A45D0002584F836531CE00818002044
S31508018680020000204FF6FD71B4F82C238A42F1D876
S31508018690BDF83C109142EDD1012284F83623B4F895
S315080186A04123062522F4FF4242F45062A4F84123ED
S315080186B0042284F84123BAF1000F3FF40CAF002ECF
S315080186C03FF409AFB4F84123514622F4FF42A4F816
S315080186D04123321D84F841239B2284F84323B8227F
S315080186E084F84423EA2284F84523002284F84623A1
S315080186F032462E449148063625F0B4FFF5B2EAE62D
S3150801870008228F490FA826F083FF0028B2D1C3E7B4
S315080187100DF1090118A8F1F75FFD58B99DF809305F
S31508018720052B07D10DF10A0118A8F1F765FD0028F7
S315080187303FF410AFFD0107F0807240F194810020EB
S3150801874026F0F8FF202026F08BFF07F40051044697
S31508018750002800F0998121B101214FF4004026F04B
S3150801876067FF17F4404F06D0002148F2200026F093
S315080187705FFF26F089FF3C0740F18A80714C03218F
S31508018780D4F854012CAA26F01BFA0146002800F059
S31508018790BF819DF8B030072B40F0BA81D4F8540157
S315080187A04CAA26F012FA002840F0B281BDF8B25060
S315080187B02E9B05F1010A1B781FFA8AFA534540F0E8
S315080187C0A781EB1E7B2B00F2A3812CA828F0A4F825
S315080187D0002840F09D81BDF8B430002B40F06C8133
S315080187E02F9B1E789DF83D31002B00F0678106F01E
S315080187F00703022B40F08C81D4F8B812D4F854013F
S315080188002CAA26F0E6F9A4F8BCA226F04DFF00280A
S3150801881039D0D4F85C31D4F8B8221B6892789B78A1
S315080188209A4230D19DF83631002B00F0718102351C
S31508018830D4F854014CA9ADF8345126F0C8F90546C7
S31508018840002840F065819DF83E31012084F8CD323B
S315080188509DF83F314C9984F8CE323B4BC4F8E0324F
S3150801886026F09CFF01214FF4807026F0E1FE37487F
S31508018870294626F0DDFE26F04BFF20B1F00644BF5F
S31508018880012384F8603126F043FF08B91BF0C8F8C4
S31508018890BA0102D5012026F04DFF17F0084F03D083
S315080188A00021042026F0C4FEBB0705D5082026F0C2
S315080188B0D7FE08B126F008FF18F4807F1FD0484676
S315080188C04CAA2CA925F0DDFF9DF8B030BBB1204894
S315080188D0002126F0ADFE042026F0C2FE18B10021C3
S315080188E0042026F0A5FEFDF7EEFF18B14FF400703F
S315080188F027F0E4FE28F01EF808B126F0E5FE18F484
S31508018900007F04D00022484611461EF0C7F918F028
S31508018910C00F40F06F816DB0BDE8F04F92E420467C
S31508018920F1F78DFB00283FF42EAE0DF10E0118A8C4
S31508018930F1F7B4FB1DE620F400704EE64F1B00204C
S31508018940361B002008180020F01F00200A0001002D
S315080189506000010022A89DF8B310F1F7B3FB0DF1F1
S31508018960B1001BF086F860B10DF10B0118A8F1F7FB
S31508018970B0FD00287FF4DEAE9DF80B1022A8F1F7B2
S31508018980BCFD6DB122A8F1F74DFE229C2A469B49F2
S31508018990204425F067FEBDF88C302B44ADF88C30A9
S315080189A0974BBDF82A0093F836238AB14001B3F8EC
S315080189B03843C0EB4B10019B00F5F070184418F0D2
S315080189C00DFE054622A8F1F741FE08B1448005804F
S315080189D022981BF04EF828B122A81BF067F9002847
S315080189E07FF4A8AE0AA827F097FF00287FF4A2AE65
S315080189F0DDE90C43BDF82C202298002A08BF1C4645
S31508018A001BF037F818B1237843F004032370BDF837
S31508018A108C2048464CA98DF8302126F0EBF989E6D9
S31508018A20012D06D09DF8B13003F00703012B3FF461
S31508018A3081AE484626F0DCF918B102283FF47AAE31
S31508018A40FEE70AA827F068FF00287FF473AEDDE980
S31508018A500C32BDF82C10002908BF13461A7862F0AB
S31508018A607F021A7066E608F002031A4304D04FF42F
S31508018A70007027F023FE65E607F0A8421A433FF483
S31508018A8061AE4FF48050F4E749B101214FF48030CB
S31508018A9026F0CEFD2146402026F0CAFD6BE608F0F9
S31508018AA020030B433FF467AE402026F0C1FD4FF487
S31508018AB0006027F003FE5EE62E9B92E694F853319A
S31508018AC013B9BAF1040F23D09DF8363103B3023531
S31508018AD0D4F854014CA9ADF8345126F078F8B8B950
S31508018AE0EFF3108072B6B4F856B3B4F8585327F0BA
S31508018AF031FFAB450CD0EFF31183302282F3118895
S31508018B00D4F8A453691C08D183F31188BFF36F8F76
S31508018B10002528461AF0E6FABAE6294651F80C2B3A
S31508018B20C4F8A42383F31188BFF36F8FD4F85401D3
S31508018B302CAA26F04EF885F800A0BDF844316B70D2
S31508018B409DF93E31EB709DF83F31AB704C9BAB60A4
S31508018B502C4B6B60EFF3108A72B6B4F85623B4F84F
S31508018B605813B4F854338A4216D21344B3FBF1F0BE
S31508018B7001FB1033013204EB8303C3F86053A4F8F5
S31508018B805623504627F0E6FE16F0200622D001218C
S31508018B90042026F04DFD7BE6D4F85C2352B104EBA4
S31508018BA08303D3F860131848904718B9504627F03D
S31508018BB0D1FEAEE7B4F8543304EB8302C2F860532E
S31508018BC0B4F858230133B3FBF2F102FB1133A4F8CD
S31508018BD05433D6E794F86031002B3FF459AE1AF0B6
S31508018BE01FFF84F8606153E600250DF10C0A84F82D
S31508018BF0365367E56DB0BDE8F08F00BF491B00200D
S31508018C0008180020F01F00205C1B002038B5034619
S31508018C1028B30568022D22D14279114800EB82005A
S31508018C209A79C2B11C79FDF751FE0E4B64B293F8DD
S31508018C30382662B1A3F5805393F87E2E2046022A80
S31508018C4018BF83F87E5E13F07FFF17F0A6FFBDE815
S31508018C503840FFF7F7BABDE83840FDF737BE38BDEB
S31508018C60B81B0020F03F002038B51446002A39D039
S31508018C70D168936801391C4D9942D5F854014FF0D2
S31508018C80FF3118BF002125F027FE10F5007F0CD112
S31508018C9080232374A368E26801339A42A3600FD93B
S31508018CA02046BDE8384013F065BF002894F9103016
S31508018CB0B8BF033040F387008342B8BF2074E9E7A1
S31508018CC094F91030237102232360A37913B1204646
S31508018CD0FFF79CFFD5F854010022BDE838408021F2
S31508018CE025F0D2BE38BD00BF0818002070B5134C58
S31508018CF0B4F8B4330BBBB4F8B863B4F8B653C6F5D5
S31508018D0080639D42C8BF9DB2A4F8B453ADB194F82F
S31508018D10FA310BB100F02CF8D4F8C0334BB108493D
S31508018D202A46D4F8BC033144984710B9012384F87C
S31508018D30FA31BDE87040FFF785BA70BD0818002002
S31508018D40EC1B0020094BB3F8B413B3F8B8230A4453
S31508018D50C2F30902A3F8B823B3F8B623521AA3F843
S31508018D60B6230022A3F8B423C0E700BF08180020E1
S31508018D70074B10B593F8FA2142B1002483F8FA415A
S31508018D80FFF7E0FFFFF75EFA204610BD0D20FCE76E
S31508018D90081800202DE9F3412D4D0F46B5F8B68385
S31508018DA0134605F57970B8F1000F14D10A464FF448
S31508018DB080611DF0C1FAB0F5806F044607D2A5F8A7
S31508018DC0B883A5F8B603A5F8B483FFF78FFF204645
S31508018DD002B0BDE8F081B5F8B8630192B044C8F3B2
S31508018DE0090846458CBFA6EB0806C8F58066B6B2E3
S31508018DF00A46404431461DF09FFA041EE5DBA642A9
S31508018E0005DDB5F8B6332344A5F8B633DDE7B4F581
S31508018E10806FDADAB5F8B63323B1FFF767FFFFF7E4
S31508018E20A7FF48B13A464FF48061019B09481DF0F6
S31508018E3083FA041E03DCFEE7FFF784FFEAE7002353
S31508018E40A5F8B643A5F8B833A5F8B433BDE700BF0E
S31508018E5008180020EC1B00202DE9FF41086808B915
S31508018E6008F0EEF93D491AF034FB002872D00023C8
S31508018E70012401A8CDE902338DF8044018F0EBFB73
S31508018E80039B980262D52146354C3D200AF04AF8E3
S31508018E9063680BB109F00AFF0122324B5A60636815
S31508018EA09907FCD402230125A36063622E4B5D60FA
S31508018EB009F0FCFE2A4BE5609A6AD206FCD4022226
S31508018EC01A639F6A17F01007FBD10323254A1E2050
S31508018ED05361A2F5805293610AF09EFE4AF6E85361
S31508018EE0224CE56EE66E25F0030545F0020546F0CF
S31508018EF00306236672B6DFF88C800AF0A5F9D8F85E
S31508018F007030012023F0070343F00103C8F87030DD
S31508018F100AF0CAFB38461AF039FAD8F864305B0108
S31508018F2042BF134B134AC3F82024134BE566E66682
S31508018F30E566E666E566E666E566E666E5669B6A0D
S31508018F40BFF34F8FBFF36F8F30BFFEE70B4B0C4A52
S31508018F501A6085E7232004B0BDE8F0818D16040860
S31508018F6000C0005000E0005000D000500040005002
S31508018F7000E003500000FF0F0080095000000020A8
S31508018F8002020FF0008000502DE9F7430C46054612
S31508018F90454920681AF09DFA002800F08380646824
S31508018FA0A4B9A96801F50053D3F8A42412B9D3F8D2
S31508018FB0A83433B101F51251243105F10800FAF745
S31508018FC013F90024204603B0BDE8F083204637494B
S31508018FD01AF07FFA40B3AC6804F50053D3F8A42419
S31508018FE01AB9D3F8A834002BEBD004F512552C4640
S31508018FF005F12406314605F134002C34F2F7BCFAA2
S3150801900070B121462A4803F0C8FB48B1284602F048
S315080190105DFB284602F030FB10B9284602F049FBF1
S315080190203046EEF72FFACCE76E46204631461AF05F
S3150801903065FC04460028C5D1304601F014FB78BB0F
S31508019040D5F8089009F50055D5F8A43409F512574D
S3150801905007F1240013B9D5F8A83423B13146F2F73C
S315080190608BFA0028AED196E8030005F2A44888E8F1
S31508019070030009F512510E482C3103F08EFB002826
S31508019080A0D0384602F022FBD5F8A4343846C5F8F4
S31508019090B434D8F80430C5F8B83402F00AFB91E7BD
S315080190A007248FE723248DE7981604081B1604085E
S315080190B02437002070B50C4605468AB03B4920681E
S315080190C01AF007FA08B1606808B9072047E02F21A6
S315080190D025F034FB064600283AD10023606802A928
S315080190E08DF820301AF00AFC002838D12D689DF831
S315080190F0204005F50C553435002C51D004A8EEF75F
S31508019100C1F9631E3F2B41D8DDE906260DF117018A
S3150801911023460846072B3AD8E308C3EB431104EB69
S31508019120C10414F0FF040AD0C01A0123A340017830
S31508019130DBB25C42013B214013400B43037001A99A
S3150801914004A8F2F765FA284601A90CF07BF806E0AF
S3150801915004A9013007F0D8FE18B11728BDD00AB006
S3150801916070BD049B059AB3F5807F72F10002ACD2FB
S31508019170DBB28DF82030013B3F2BA6D830706068F2
S3150801918006A907F0C1FE1728AED1A6E7FEE701F842
S315080191900129083B120A42EA0662DBB2360AB9E736
S315080191A004A902A8F2F749FAC9E700BF9C16040800
S315080191B02DE9F0430746086899B058B106A91AF08F
S315080191C0E5FB0446002848D19DF818301F2B43D8E3
S315080191D001209840DFF8A881D7F8089098F80C384C
S315080191E0002B00F0BB8009F5005595F8E432002BF9
S315080191F040F0B6805C4BC5E9B03795F82E3323F0BD
S31508019200030385F82E33D8F8543EC5F8E03210B179
S315080192100340C5F8E03210201AF06EF90646002818
S3150801922000F0A0804FF6FF73438295F8ED224F4B6D
S31508019230019302B3F1238DF81830D5F8E832402AA4
S315080192404FEA13418DF81A104FEA13218DF81B10B6
S315080192508DF81C3005D9FEE70724204619B0BDE86C
S31508019260F08309F50B51D31C2E310DF11D008DF834
S31508019270193025F0F7F91A2301A88DF80030F0F70F
S31508019280A5F8C4B295F8ED0218B106A8F0F79EF84C
S31508019290C0B20444694630468DF80140F0F746FAF3
S315080192A00446B8B9314601A8F0F79AF8044688B9D0
S315080192B095F8ED3293B92E4B09F50B59736202A84D
S315080192C0C6F8289001F0C0FA304602A904F048FB16
S315080192D0044658B13046EEF77BFABEE7314606A892
S315080192E0F0F77EF804460028E5D0F3E74FF6FF735A
S315080192F0B8F8504E9C420DD1EEF7BFFF81B2A1429C
S31508019300FAD01C48F0F7E4FD95F82E3343F0020332
S3150801931085F82E33FF2309F12C0185F8EC3209F182
S315080193202000F0F73FFD002814BF0223012385F82A
S31508019330E432114B93F8592032B193F85B301B078D
S3150801934002D4012014F088FA0C4B072103F1080214
S3150801935007F10800EDF74AFF24247EE70D247CE790
S3150801936005247AE7032478E7C976010880025000C4
S3150801937019B60108383E0020F03F0020642A040887
S31508019380F02F002070B50D4698B0286804A91AF088
S31508019390D5FA0446002847D168680DF106011AF086
S315080193A0F5FA044600283FD1A8680DF105011AF01F
S315080193B0EDFA0446C0BB03A904A89DF806509DF81A
S315080193C0056014F00BFB044670BB402E31D86B1EAA
S315080193D0DBB2FD2B2DD814208DF807501AF08CF826
S315080193E0054620B35A2302A98DF80830731C8DF857
S315080193F00930F0F79BF9044698B928460DF107019B
S31508019400EEF780FD044660B93246284608A9EEF70C
S3150801941083FC044628B9284604A904F0A1FA04469F
S3150801942010B12846EEF7D4F9204618B070BD0324CA
S31508019430FAE70724F8E7F0B50D6804460F4687B042
S315080194407DB954F8083F03F58053D3F8385715B951
S31508019450002007B0F0BD29462046EDF789FB2D69A6
S31508019460F5E7284637491AF034F800283BD002AE0A
S31508019470314678681AF062FA0028EAD19DF8083070
S31508019480A568FF2B27D105F5B950324601A9183031
S3150801949003F009F908BB2C4F31463846EDF7DAFFD8
S315080194A0E8B93F69002FF7D105F58055D5F8A847E2
S315080194B0BCB12369C5F8A83796E80F0084E80F0000
S315080194C02775D5F838374FF480502361C5F83847E2
S315080194D014F0ACF8BCE70720BBE71820B9E725204C
S315080194E0B7E70320B5E72846184919F0F2FF68B12E
S315080194F0786802A91AF022FA0028AAD1A06802A956
S3150801950000F5B950143003F0E0F8A2E728461049EF
S3150801951019F0DFFF40B1204650F8081F01F50A513E
S315080195201831EDF725FB93E728460A4919F0D1FFCB
S3150801953030B1204650F8081F01F50A512C31F0E7E1
S31508019540232086E7430D040824250408640E04082D
S31508019550A2160408A816040810B590F830200B4680
S3150801956082B1013AD2B280F8302000EB0210814272
S3150801957007D000F1100250F8041B904243F8041B6F
S31508019580F9D110BD144603CC102C18605960224637
S3150801959003F10803F6D1FFDEA0F14103192B98BFA9
S315080195A02030A1F1410398BFC0B2192B9CBF2031CD
S315080195B0C9B20B1A58425841704700880B88C01A1D
S315080195C0704737B50446656E084611461DB1A26E49
S315080195D00092E26FA84703B030BD70470020054BE3
S315080195E0D3F8C02283F8E40212B1D3F8C4121047A3
S315080195F0704700BFF03F00204378072B08D903883E
S31508019600C3F3C7005B074CBFC043404240B2704733
S315080196107F207047142806D80A2806D8022894BF3E
S315080196200020012070470320704702207047024638
S3150801963090F8203030B5C4189442154606D1202B2F
S3150801964008D05A1C80F82020C15403E02D78013235
S315080196508D42F1D130BD38B50C4B044653F8215033
S31508019660036853B1EDF790FFD4E90032811A8B42B2
S3150801967092BF00209B18181A20602368AB422CBFA2
S3150801968023602560EDF780FF606038BDF03104087E
S3150801969037B58DF8071001393E29054614460DD808
S315080196A010460DF10701EEF72DFC28B9294620468B
S315080196B09DF80720EEF730FB03B030BD0720FBE726
S315080196C073B50A4D05F27466D5F874460CB902B03D
S315080196D070BD21463046EEF75DFD01A801941BF0E9
S315080196E075FA019819F099FCEEE700BFF02F0020F2
S315080196F0F8B5D40802F00707224605460E4624F0B7
S31508019700B1FF67B18023013F3B412A5DDBB2591E98
S315080197100A402A55315D5B420B401A432A55F8BD6A
S3150801972037B5684619F0E6FF0525124C013D009B41
S315080197300AD1019903F10043013B8B4202D00E483D
S31508019740EFF7CCF903B030BDA27C92070BD5E169DE
S3150801975049B15B1A002B08DB204613F0EFFEA37C08
S315080197606FF34103A3742034E0E76846EFF73AF84C
S31508019770F9E700BFA83800209C38002070B50546D7
S315080197800446002115F80B0F12F0BEFBFF262946E9
S315080197902046F0F707FB68B9E27A237B9A420BD099
S315080197A0606804F1100580B901462846BDE8704095
S315080197B0EFF729B9E672EAE7A37A002BF0D0013B65
S315080197C0DBB2A372002BEBD170BD2189EEF776FDD2
S315080197D0EAE70148D2E700BFCC4400200048CDE7BC
S315080197E0E445002010B50D4C94F8E432012B14D150
S315080197F004F53B7104F53870F0F7D4FA10B1022379
S3150801980084F8E432237A5A0707D56FF38203237261
S315080198100348BDE81040EEF7D5BF10BDF03F002064
S31508019820FC3F0020F0B593B008A8EDF7CAFE4FF249
S31508019830BF035C4CADF8423094F8590019F097FE15
S31508019840002800F08A804FF6FE73B4F858249A422D
S3150801985000F0838094F89C34D9077ED494F85B3061
S315080198609A0703D412F080FD002876D094F89D3427
S31508019870012B72D194F8C734002B6ED1272012F030
S31508019880D9FE0546002871D094F89D34012B1FD1C5
S3150801989094F8C774E7B904AE04F2AC430FCB86E873
S315080198A00F001023324639462846EFF742FF0028B3
S315080198B04ED10823032128463B4AEFF73AFF0028F1
S315080198C046D1022384F89D34EDF75EFEC4F8A00460
S315080198D094F85B309B0702D412F046FD98BBB4F8A6
S315080198E058340CAAD4E9920182E803004FF07F426A
S315080198F00E92FE225BBA08A8ADF83C20ADF83E30C0
S315080199000BF092F8294829460090294B08AAA0F598
S315080199104760EFF75DF9064630BB94F89C3404F2CC
S315080199208C4543F0010384F89C3404AB0FCB85E8DE
S315080199300F0094F85B00C4F8C46410F008000CD159
S3150801994012F08CFD09E00DF10F0015F0F9FB30B1AD
S31508019950032819D02846EDF73BFF13B0F0BD9DF853
S315080199600F30A3F57C73BCE70328F2E794F8C634F5
S315080199703BB9052384F8C634D4F8C40419F042FE69
S31508019980EBE7052BE9D9F4E794F8C634013B042B38
S31508019990E0D9052384F8C634D4F8C40419F032FE94
S315080199A0D8E700BFF03F0020604200207044002045
S315080199B0F9C801080346086A10B50C4650B1CBB17F
S315080199C0591CEEF79FFA30B1206A08B1EDF700FF8E
S315080199D00023236210BD637F0133DBB2FF2B63775C
S315080199E0F8D14FF4FA71207704F12400BDE810404C
S315080199F0EFF709B84A69531E13404B6123B90B7F28
S31508019A000A69013B4A610B77237F04F124000BB1F4
S31508019A10218BEBE74FF4FA71E8E730B5234C8DB0AB
S31508019A20D4F83C5585B194F838357BB1D4F830155E
S31508019A3004F21C534842009301401D4BB4F83625E5
S31508019A40A4F5DC70F0F7A7FA0DB030BD02A8EDF762
S31508019A50B8FD4FF2BF03ADF82A30698994F8393554
S31508019A600139C91A2846012304F2395289B2EEF797
S31508019A7011F902A80AF0D8FF06AD04F21C530FCB60
S31508019A8085E80F00D4F83C1502AAA4F5FE60EFF7A5
S31508019A90CFF908B9C4F83C05D4F83C0508B1EDF787
S31508019AA097FE0023C4F83C35CEE700BFF03F0020FF
S31508019AB0B5990108F8B5036A0D6804469D424FF049
S31508019AC080000F79CE790CD013F0B0FDB4F8C4300C
S31508019AD00133A4F8C43084F8247084F82760256219
S31508019AE0F8BD13F043FEF6E770B500F50A760546AC
S31508019AF030460C4613F04CFD60B1B5F836325BBA08
S31508019B009BB2A34206D0304613F018FD31460A48E7
S31508019B10EFF737F821460948F0F725FF4FF6FE73A8
S31508019B209C42AC8007D064BAA5F836423046BDE8F7
S31508019B30704013F05DBD70BD003800206C3E0020FA
S31508019B4037B514466A460546EFF7DDFCA0B9009A13
S31508019B5020720192120C082A134628BF0823032AE9
S31508019B60ADF806300AD92246284601A9EEF74FF87C
S31508019B7010B9BDF80630237203B030BD0620FBE7E5
S31508019B80002330B587B08DF803300B780546FF2BD7
S31508019B900C4611D0204601A915F0EEFA9DF81630AB
S31508019BA09A0709D5DB0741BF9DF8153003F00F0366
S31508019BB063F07F038DF8033028460DF10301EEF7B4
S31508019BC0A1F938B99DF8033033B910222146284640
S31508019BD0EEF7A2F807B030BD0822A118F7E7F8B5E5
S31508019BE00E4615460A4605210746EFF75FFD044668
S31508019BF050B92A4608213846EFF758FD20B11728EB
S31508019C0012BF062433682B602046F8BD30B585B0EF
S31508019C100D460A220B2101ABEFF75BFC044670B92E
S31508019C209DF80530072B0DD9DDF80600EDF776FD11
S31508019C30BDF80A302860AB80BDF80C30EB802046B1
S31508019C4005B030BD0624FAE713B504220C4601AB6C
S31508019C505621EFF73EFC58B99DF80530012B91BF07
S31508019C6006209DF8063023709DF8073088BF63707B
S31508019C7002B010BD70B50C460546C2B001A816461D
S31508019C8019F0DAFC04F118016A462846C9B2EFF759
S31508019C903AFC30BBBDF80230FE2B24D8694628466B
S31508019CA001AAEDF7B4FFE0B9BDF802308DF802312B
S31508019CB0EDF76AFC419001A8F1F78EFD88B9002CF1
S31508019CC00CBF0E2133210823324601A8F1F777F993
S31508019CD038B9012C024601A914BF04480448F2F711
S31508019CE0E9F842B070BD0720FBE700BF343D00200C
S31508019CF0603D002038B5437804460BB10023437014
S31508019D0004F170052846EEF7F2FE0D4B93F859302B
S31508019D10022B0ED144F620612846EEF774FE002385
S31508019D202279E370012A09D12371BDE8384013F07D
S31508019D30F5BB033B012B9CBF0023238138BD00BF24
S31508019D40F03F002010B40B4A92F85940022C0ED16C
S31508019D5092F85B1009070AD5516E4FF47A7251438E
S31508019D600470A1F6B4715DF8044B12F077BD5DF885
S31508019D70044B7047F03F0020024640230846002165
S31508019D80EDF76FBE30B5054691B0084612F0FEFDF7
S31508019D900446014605F13C00EEF7B6F90CB911B0D7
S31508019DA030BD68462146FFF7E7FF0F9808B1EDF782
S31508019DB00FFD2046EDF70CFD0E9CEFE770B590B050
S31508019DC006460C46684649681546FFF7D5FFDDE99C
S31508019DD001329DF80010062909D8DFE801F00404CC
S31508019DE004040404040013B1214628469847304662
S31508019DF0616810B0BDE87040C4E7F0B50F46154676
S31508019E0089B020220021044668461E4624F00BFA32
S31508019E1039462A46684612F073F90396014630B167
S31508019E206B462A462046FFF7E8FF09B0F0BD024611
S31508019E3069462046FFF7C2FFF7E730B593B00D46EE
S31508019E40C16B684619F08DFC009C14B9204613B005
S31508019E5030BD214602A8FFF78FFFBDF80A30AB4295
S31508019E60F4D0109C002CF4D16846EDF7ABFCEBE777
S31508019E7070B50E4688B0044615460021202268466C
S31508019E8024F0D1F9304612F081FD054B2A46CDE979
S31508019E90003069462046FFF791FF08B070BD00BF44
S31508019EA0F01F00200023036043608360704740224F
S31508019EB0002124F0B8B938B50D4640210446EEF71D
S31508019EC00BFA2A46C1B22046BDE83840FFF7E0BB87
S31508019ED02DE9F0418846054688B100242046A3B2FB
S31508019EE0EF5C1FB12E2F01D00134F8E7231A13F0C6
S31508019EF0FF01A6B206D117B196B96B7883B90020CE
S31508019F00BDE8F081FD2E0BD842462844FFF7C0FB79
S31508019F100028F5D10136B0B20134002FDFD1EEE7C2
S31508019F200720EDE7002307B50DF107018DF8073086
S31508019F30EDF7E8FF03B05DF804FB10B50C46FFF733
S31508019F40C7FF18B92046BDE81040EBE710BD13B5A9
S31508019F5004460123218920680DF10502EDF781FDEB
S31508019F6058B99DF8053013F0C00010D13BB9638983
S31508019F7013B9238901336381172002B010BD2289E1
S31508019F80A371013292B21344A2802381F5E7C02856
S31508019F901CD10223218920680DF10602EDF761FD26
S31508019FA00028EAD1638913B9238902336381BDF88D
S31508019FB0063022685BBA9289C3F30D031344A2895A
S31508019FC09BB29A4202D92381A381C2E70620D4E72C
S31508019FD01FB500220C460B880090ADF80830ADF885
S31508019FE00A20ADF80C306846FFF7B1FF0028FAD011
S31508019FF0172802BF0020BDF80A30238004B010BD1F
S3150801A000F0B51746002285B01D460B8800906846B4
S3150801A0100C46ADF80830ADF80A20ADF80C30FFF75C
S3150801A02096FF88B99DF806602B78B3420ED9334658
S3150801A0303A46BDF804100098EDF713FD20B9BDF8AE
S3150801A0400830B8552E70238005B0F0BD0320FBE714
S3150801A0502DE9FF41144600220F464FF001081D461F
S3150801A0600B880090ADF80830ADF80A20ADF80C3031
S3150801A0706846FFF76CFF20B1172831D004B0BDE858
S3150801A080F081B8F1000F04D12E23013D04F8013BFC
S3150801A090ADB2402D2B4628BF40239DF80660DBB2A2
S3150801A0A0B34201D80320E9E733462246BDF8041036
S3150801A0B00098EDF7D6FC0028E0D1A219A055B8F111
S3150801A0C0000F03D1013C14F8013F2BB9AE1B14460E
S3150801A0D04FF00008B5B2CBE72E2BF4D10620CDE719
S3150801A0E02E23012D2370DDD00020BDF80A306070C3
S3150801A0F03B80C3E72DE9F341D1F80080877905460E
S3150801A1000C46404639461646EEF7E6F8874203D02E
S3150801A110002002B0BDE8F0810D4B42460093A988A4
S3150801A1203B462868EDF77FFD03460028F0D02068F6
S3150801A130AA7981182160825CB2FA82F04009002E60
S3150801A140E7D12E2A02BF013118462160E1E700BF97
S3150801A150999501082DE9F04313680D468FB0002B38
S3150801A16031D00A880021ADF83020ADF834201A78AC
S3150801A17006932E2A0A90ADF8321011D001260AA8A4
S3150801A180FFF7E5FE0446A8B117280FD126B1069BAD
S3150801A1901B78002B08BF0024BDF832302B8005E060
S3150801A1A05A1C5B780692002BE8D0072420460FB08C
S3150801A1B0BDE8F083002EE2D0024606A90AA8FFF7F9
S3150801A1C099FF0646DBE75668002E59D00A960126FE
S3150801A1D0128909880690ADF82010ADF82230ADF83D
S3150801A1E02410ADF83020ADF83230ADF8342006A889
S3150801A1F0FFF7ADFE044658B11728D7D12EB10AA8E4
S3150801A200FFF7A5FE172808BF0024BDF82230C5E7C9
S3150801A210002EECD00AA8FFF79AFE26460028E6D1BA
S3150801A2209DF81E309DF82E409C42E0D1BDF81C10C9
S3150801A230069803AB0DF10A02DDF82880BDF82C60FB
S3150801A240ADF80A40EDF789FBDFF83C90BDF81070D0
S3150801A25047B13B4631464046039ACDF80090EDF7A3
S3150801A260E2FC18B9B4FA84F67609C0E73E44E41B61
S3150801A27003A90DF10A00B6B2A4B217F001F9E5E790
S3150801A2800FB0BDE8F043A3E69995010830B5044639
S3150801A2900D4685B001AA0A23EDF7E3FB6289C5F5E8
S3150801A2A07F43F63313445BBAADF80C3029460A23CB
S3150801A2B0204601AAEDF7EEFC05B030BD70B50D4696
S3150801A2C01446064602460A2321462846EDF7C9FBE7
S3150801A2D040B933896A895BBA0A3414FA83F393421B
S3150801A2E088BF062070BD7FB505460E46144614B9CB
S3150801A2F0204604B070BD31462846FFF769FE00289E
S3150801A300F7D12946328801A8FFF7D8FF0028F0D1EE
S3150801A310BDF80C3032885BBA0A331344013C3380EA
S3150801A320A4B2E4E72DE9FF4780460D4692460A881E
S3150801A330014601A89946BDF83070FFF7BFFF0646EA
S3150801A340B0B9BDF80430BDF80C405BBA64BA9BB22B
S3150801A350A4B25345298804F10A040DD1A7420BD8A2
S3150801A3603B464A464046EDF77CFB2B881F442F8027
S3150801A370304604B0BDE8F087214417262980F7E75F
S3150801A3802DE9F04F06468846144687B01D460B88C8
S3150801A390BDF844A0BDF84CB0ADF80A30FCB1304662
S3150801A3A0109A0DF10A01FFF7D5FEB0B1172817D19A
S3150801A3B00027BDF80A9031464A4603A8FFF77EFFF3
S3150801A3C070B9013CA4B2C7B9BDF8143009F10A0243
S3150801A3D05BBA1A44ADF80A20E0E70127E9E7172036
S3150801A3E007B0BDE8F08F129B0A371B89013D5BBA9E
S3150801A3F01F44ADB2ADF80A70D0E752463046129BFB
S3150801A400CDF800B00DF10A01BDF80A70FFF78AFF11
S3150801A4101728C3D00028E3D1002DE4D1BDF80A30AE
S3150801A420A8F80030DCE72DE9F0471E6B054617460C
S3150801A4301C4688B0002E3CD19B6A002B39D0806817
S3150801A440002836D0002936D12B8A6A8AADF812300F
S3150801A4500A21002384F82E30039105A902911021BF
S3150801A460CDE900710DF11201FFF78AFF00283CD1F1
S3150801A470BDF81C80A38D98FA98F81FFA88F7D4F8C6
S3150801A4802890BDF812A0BB4228BF3B464A46514612
S3150801A490A868EDF7E6FA30BBA38DBA44BB42ADF81E
S3150801A4A012A00DD2012384F82E300698EDF736F95D
S3150801A4B0206300200CE02B8B6A8BADF81230C7E7BE
S3150801A4C0A4F82C80B3B29F4205D80028EDD0062007
S3150801A4D008B0BDE8F08718B919F806000136F1E7A2
S3150801A4E00138C0B2FAE70328DCD01728E1D0EFE734
S3150801A4F02DE9F04304460F46154628264FF00A086B
S3150801A50089B00DF114092FBB238A628AADF812307E
S3150801A5100523CDE90298CDE900530DF11201002377
S3150801A520A068FFF72DFF172819D080B9A368BDF8D1
S3150801A5301220C5E900032A8118460DF11201FFF719
S3150801A54047FD20B9013EB6B2002EDCD1062009B07E
S3150801A550BDE8F083238B628BADF81230D8E7002073
S3150801A560F5E72DE9F0410546984690B0AB6806AE89
S3150801A5700F4607CA86E80700002B33D0324639460C
S3150801A5802846FFF7B5FF044618BB37BB2B8A6A8AEC
S3150801A590ADF816301A23039309AB02931C23CDE9B0
S3150801A5A000630DF116014346A868FFF7E9FE044664
S3150801A5B078B9169A0DF12E030DF13E0153F8040BE5
S3150801A5C08B4242F8040BF9D10A98EDF7A7F8179BC5
S3150801A5D01860204610B0BDE8F0812B8B6A8BADF868
S3150801A5E01630D7E71724F4E70823EDF73ABA4028D7
S3150801A5F00ED8272804D8202814BF00200120704728
S3150801A6004FF001332838C0B2C34003F00100704748
S3150801A6106028F1E713B50B466C461B7802460868B5
S3150801A620496883F0020303C48DF800306B4603CBF7
S3150801A6301060516002B010BD0368B3F17F4F05D1B8
S3150801A6408088A0F1FE0358425841704700207047A0
S3150801A65008B50246FFF7F0FF20B19079A0F1FC0397
S3150801A6605842584108BD036813B9436873B1EFE707
S3150801A6700333FCD14FF6FF7382889A42F7D1837967
S3150801A680FF2BF4D190F90730002BF0DA012070473F
S3150801A6900268034642B9406840B99A683AB9D86827
S3150801A6A0B0FA80F04009704700207047104670479D
S3150801A6B0F8B5044617460D4631B90FCF0FC497E8CA
S3150801A6C00F0084E80F00F8BD06460FCD0FC695E8C2
S3150801A6D00F0086E80F002046FFF7DAFF48B13B4630
S3150801A6E0224607F1100153F8040B8B4242F8040B7A
S3150801A6F0F9D1238A0BB93B8A238263690BB97B6932
S3150801A7006361237E0BB93B7E2376637E0BB97B7E21
S3150801A7106376A37E0BB9BB7EA376E37E0BB9FB7E7C
S3150801A720E376237F002BCED13B7F2377CBE7F0B5AA
S3150801A7301C4600238DB0CDE90533ADF81C302368DE
S3150801A7400546164613B100200DB0F0BD80680028F5
S3150801A75065D0002956D12B8A6A8AADF812301023A2
S3150801A760039308AB029321230DF11201CDE900638E
S3150801A7700023FFF705FE0028E6D10998ECF7CEFF7E
S3150801A780BDF82E30AF685BBAA380BDF82A30BDF894
S3150801A79012605BBAE380BDF82C30E2685BBA2060D0
S3150801A7A023810697ADF81C608AB33846238A0DF1D2
S3150801A7B01201FFF74DFC0028C6D1BDF82820A6F1E5
S3150801A7C0100352BA92B212FA83F3BDF812200A3371
S3150801A7D09A4226D87A89934223D8ADF8123004F1E1
S3150801A7E012010846FFF754FF0028ACD02434CDE9FE
S3150801A7F0001400230121284605AAFFF7B2FE1728EF
S3150801A800A2D1A0E72B8B6A8BADF81230A7E73846A1
S3150801A8100DF11201FFF7DCFB0028E0D094E71720C1
S3150801A82092E7062090E7026803464AB9406848B9A4
S3150801A8309A6842B9D86800F17F435842584170472F
S3150801A8400020704710467047034630B5064C04F1A0
S3150801A8501005224603CAAA4218605960144603F134
S3150801A8600803F6D130BD00BF242504080A7CFEF78B
S3150801A8703FBF08B50278FF2A03D1407800F00F00E0
S3150801A88008BD48F2FE02038823F47C53934206D09E
S3150801A890FFF7C9FF00280CBF0E200020F0E70220B1
S3150801A8A0EEE7837C5A0700D4E3E7C3F3C300704796
S3150801A8B008B50378FF2B05D1FFF7DBFF831E584246
S3150801A8C0584108BD0020FCE748F2FE02038823F43C
S3150801A8D07C53934200D0EBE7012070472DE9F04104
S3150801A8E0644D8AB02B7A180708D4590706D455F847
S3150801A8F0344CA5F5805624B9C6F8EC4F0AB0BDE824
S3150801A900F0812379E769DA071BD5C3F380185B065B
S3150801A91017D4204618F092FA022812D023796779BB
S3150801A92043F010037F0923710DD0DBB268F30413DA
S3150801A930204602212371E76916F07CFD204618F0AE
S3150801A9405FFA3C46D7E72B7A6A4667F300032B7210
S3150801A950394628232046EDF784F89DF80830FF2B61
S3150801A9607ED0454804A9EFF754FF0223434986F8E8
S3150801A970F83F01F5B570EFF755FF30B9B6F8823EE5
S3150801A980A6F8F03F012386F8F83F95F85930012BD0
S3150801A99034D806A8FFF78CFF074600284FD148F29E
S3150801A9A0FE02BDF8183023F47C539BB2934257D16B
S3150801A9B0334808A9EFF72DFF0223AB70237967F314
S3150801A9C0041323712379E769D907BAD5A389C6F888
S3150801A9D0EC4F002B48D096F8483EDA078ED596F804
S3150801A9E0493E042B8AD0B6F84A3EDB0686D40421B2
S3150801A9F024480AB0BDE8F041EFF7C2BA9DF818201D
S3150801AA00FF2A12D048F2FE02BDF8183023F47C530F
S3150801AA109BB2934219D11A4808A9EFF7FAFE022305
S3150801AA20AB7023796FF30413CBE7022B07D1237994
S3150801AA30980704D5A37903F00F03012B05D14FF627
S3150801AA40FF73A6F8FA3F0123EAE795F89E3003F06B
S3150801AA500F03072B14BF4FF6FE73B5F89C30F0E7CA
S3150801AA60237967F3041363E7237943F00803237112
S3150801AA70B1E700BFF03F0020E03F0020763E00200E
S3150801AA80EA3F0020383E002008B50378FF2B06D19F
S3150801AA90FFF7EFFE032894BF0020012008BD002020
S3150801AAA0FCE72DE9F04F0B7880463A2B0C4685B02A
S3150801AAB024D14B783A2B1DD1002602344FF00009D8
S3150801AAC027785FFA89F5002F4AD023464FF0000A06
S3150801AAD01F4613F801BB03A95846CDE90033EDF724
S3150801AAE09CFD68B99DF80C20009B02EB0A1ABAF581
S3150801AAF0803FEDD3062005B0BDE8F08FFF26DDE7E0
S3150801AB00A742F7D0BBF12E0F0CD1062DF2D82BD1C7
S3150801AB10214603A811F0F2FE0028ECD1039BC8F8E0
S3150801AB200C301FE0BBF13A0F02D0BBF1000FE1D1A7
S3150801AB30B9F1080FDED09AFA9AFA28F819A03B78E3
S3150801AB403A2B03D17B783A2B04D001373C4609F1DD
S3150801AB500109B5E7FF2ECDD10135EEB20237F5E78A
S3150801AB60082D1DD10020C6E701274FF0060AFF2E42
S3150801AB70C0D0AD1BE8B2054608EB4606AAEB0000B5
S3150801AB8031466A0008EB400023F0F1FCAAEB090202
S3150801AB9000213046520023F046FB002FE2D0B7E7EA
S3150801ABA04FF0080AE3E72DE9F84307460D4616462E
S3150801ABB00024DFF82C80DFF82C90A64201D1BDE8ED
S3150801ABC0F8831CB141462846EDF75DFD37F8142098
S3150801ABD0494652BA284692B2EDF755FD0134ECE7DB
S3150801ABE0A5350408B014040838B50D4604460246CE
S3150801ABF0282300212846ECF734FF80B9237803F08F
S3150801AC00F003602B0BD1A3885BBA9BB22833B3F54B
S3150801AC10A06F04D86A89934218BF062038BD06205A
S3150801AC20FCE7037813B1407802307047012070477A
S3150801AC30F8B50F46164605460246012331463846FB
S3150801AC40ECF7E5FF044610B92B7813B9687020466E
S3150801AC50F8BD02232A4631463846ECF7D8FF38B9FB
S3150801AC602846FFF7DEFF7388834238BF0624EEE7DE
S3150801AC700446ECE7002301290360C0F803301FBF2F
S3150801AC8001230239037041707047F7B5937C064674
S3150801AC90DB090D46144646D001290CBF2020402069
S3150801ACA012F0C4FC214890F8DC3993B190F8553A72
S3150801ACB07BB1637C012B0CD1D0F8702A00F668238E
S3150801ACC09A4206D1C5F10501C9B200F52060FEF721
S3150801ACD0C2FC06F114039C4203D306F174039C4299
S3150801ACE01FD3B768EFB1237C20468DF80430009452
S3150801ACF0FFF7D7FDA27C00F00F03C2F3000243EA77
S3150801AD000213E27C2946C2F3000243EA42139DF884
S3150801AD100520684622F03F0213438DF80530F26894
S3150801AD20B84703B0F0BDC1F10200B9E7F02F002022
S3150801AD3010B50446D1B1636803F17802914210D384
S3150801AD40D83399420DD2237A022B0CD0032B0FD07C
S3150801AD50012B0BD10846FFF79BFC10B90B78FF2B8B
S3150801AD6004D10969E6E70B78FF2BFAD1216010BDFA
S3150801AD700846FFF789FE0028F3D0F7E718220021D5
S3150801AD8023F051BA034610B55A7C0846D209097C04
S3150801AD9005D01A7C8A4204D00022104610BD8029AB
S3150801ADA0FBD11C7C19462246ECF748FC84428CBF31
S3150801ADB000220122F1E72DE9F043C37D05468B42C6
S3150801ADC00C4697B025D041B902AB00934FF4A003C6
S3150801ADD0019383688DF80810A3B90120EC7517B0A3
S3150801ADE0BDE8F083002A14BF3A46424649466846FA
S3150801ADF0EDF749FC0136A968B2B251F82230002BA9
S3150801AE00F0D1EAE70E46044FDFF81080DFF810901C
S3150801AE10F1E70020E3E700BFF90E04087F460408BE
S3150801AE20E831040890F87A301A1F012A0BD9072B42
S3150801AE3004D1002380F87A300020704713F0FD0F03
S3150801AE40FAD00223F6E70D20704738B50378044691
S3150801AE508B4230D0054605F8801B0239012902D8F4
S3150801AE60DFE801F006272846BDE83840EDF73FBE82
S3150801AE70436ADBB1ECF788FBD4E90931421A9A42F5
S3150801AE8011D21944091AB1F5FA7F38BF4FF4FA718C
S3150801AE90002363620A20EDF703FA01462846BDE856
S3150801AEA03840EDF7B0BD4FF4FA71F1E74FF4FA7196
S3150801AEB0F0E78168F2E738BD2DE9F04390F87A802A
S3150801AEC0044611F808300F464345914614BF01263A
S3150801AED00026C56F8BB018BF80F87A3055BBB8F11C
S3150801AEE0060F23D094F87A30062B1FD194F8A03098
S3150801AEF0042B2ED0052B01D0032B17D16A461746F2
S3150801AF0004F13E0304F14E0C1546186859680833D6
S3150801AF1003C563452A46F7D1B4F84E303946ADF82C
S3150801AF2010300C20122305AA12F00FFA30460BB086
S3150801AF30BDE8F083B9F1010F02D12B6A002B06DABD
S3150801AF40EB7D2846F95CFFF736FF3043C6B2ED695B
S3150801AF50C4E70C2011F050FD0C28E7D1FEE77FB5B8
S3150801AF60044601AD00F1700393E8070085E8070080
S3150801AF7094F87A10072909D1002222675A609A6043
S3150801AF8094F87A30072B18BF84F87A104FF4E163E6
S3150801AF900421A3602046FFF758FF00231A46E16FF4
S3150801AFA029B92A462046FEF70CFB04B070BDC87DB8
S3150801AFB0CE69072807D14AB9E06F08B1C069E067C9
S3150801AFC0CB610B4611460A463146E9E7D0690028A6
S3150801AFD0F6D0C069D061F3E72DE9F3410446684626
S3150801AFE018F088FB2778012F34D9236F93B394F887
S3150801AFF07A30072B0CD8DFE803F01D0B1D0B040B69
S3150801B000152D01264FF00208E56F45BB16B11DE067
S3150801B010052B22D1042F1DD1694604F18000EDF7D5
S3150801B0206FFD17E0E268009B9B1A002B15DB0223D4
S3150801B03084F87A30E36F6BB194F8793013B994F8E0
S3150801B04078303BB194F87A30052BDAD102212046C3
S3150801B050FFF7FBFE02B0BDE8F0810026D2E7EB7DE3
S3150801B060062B0DD8DFE803F00B0C0B0C0B0C0400B8
S3150801B070A969009B5B1A002B04DB85F8178001265A
S3150801B080ED69C2E76846EDF7ADFBF9E72DE9F0434F
S3150801B09004460E468BB004A818F0BBFA2378B58986
S3150801B0A0012BADF8005040F22981042B00F02681CE
S3150801B0B00C232946304604AAECF7D3FC002840F0B5
S3150801B0C01D819DF81230DA0900F01881C3F3C30314
S3150801B0D0052B40F01381BDF8103062885BBA9BB22C
S3150801B0E0934240F00B818D4B93F85B301B0701D4DB
S3150801B0F011F080F800219DF81320894B02F00F0208
S3150801B10013441F7E84F8A21047B30A2294F87A30B2
S3150801B1102046012BA36808BF84F87A10B3FBF2F323
S3150801B120804A03EB0313934294BFA360A26023787A
S3150801B1303946052B18BF052304F1700218BF237081
S3150801B1400023FEF73EFA1D2F02D0082F40F0D680C5
S3150801B15020460BB0BDE8F04310F076BFBDF81430B9
S3150801B1600C35ADF800509BB1B3F5807F40F0C68031
S3150801B17069463046FEF72CFF002840F0BF80BDF82F
S3150801B180003072890433934200F2B880ADF800307A
S3150801B190BDF81650BDF818306DBA5BBA1D44BDF836
S3150801B1A01A305BBA1D44ADB205BB63694FF47A70B8
S3150801B1B0F02B40F2A680783B584303D043F69821FA
S3150801B1C0EDF77CF8E3681844E36FE060002B40F084
S3150801B1D09D80012254492046FFF76EFE2046FFF75F
S3150801B1E0BEFE20460BB0BDE8F043F5E6694630469B
S3150801B1F0BDF80070FEF7ECFE00287FD1BDF800907F
S3150801B2000A234946304601AAECF72BFC002875D1DA
S3150801B210BDF80C3072895BBA09F10A091FFA83F87D
S3150801B22019FA83F3934269D8ADF80030BDF80430B2
S3150801B230013DB3F5245FADB2B6D130460DF1020139
S3150801B240ADF80270FEF7C4FEBDF8027073890A37BD
S3150801B250BFB2B8449845ADF802704FD81FFA88F8BE
S3150801B260B845A1D904233946304607AAECF7F9FBB4
S3150801B270002840D1BDF81E2052BA92B2131DD91921
S3150801B28041453BD8BDF81C109BB2B1F5007F2FD1C3
S3150801B290032A33D90C2B28BF0C233946304607AA73
S3150801B2A0ECF7DFFBBDF81E30B3F5806F0ED10898B9
S3150801B2B0ECF734FA1D4B834228BF03461F461B4B46
S3150801B2C06761984294BFA061A3616DE75BBA9BB2BF
S3150801B2D0072B13D90898ECF721FA07460998ECF7D2
S3150801B2E01DFAB8420AD3114B9F4228BF1F46E6E70B
S3150801B2F03B449FB2B4E717283FF456AF0BB0BDE8FD
S3150801B300F0834343E06800EB53005DE7DA7D02F022
S3150801B310FD02012A08BF9861DB6957E7F03F002063
S3150801B320F031040880EE36001F3204089AC4200062
S3150801B33010B50B4B044693F8590018F018F968B183
S3150801B34023785BB994F8A030012B07D104F18C005E
S3150801B3504FF47A71BDE81040EDF755BB10BD00BF3B
S3150801B360F03F00201222002122F05DBF38B50546C4
S3150801B37008300C46ECF7E2F850B1A96800220B46F2
S3150801B38043B92046FFF7EEFF04F11200FFF7EAFF83
S3150801B390002038BD9C4207D01A461B6BF0E7136B99
S3150801B3A03BB11B6B136304E0002AF8D109B10B6B9F
S3150801B3B0AB6000232363E4E701460148D6E700BFF3
S3150801B3C08836002070B5037804460D4616462BB319
S3150801B3D000221649FFF770FD04F12C00FFF7ECFF78
S3150801B3E0637823F01F03637016B94FF4E163A36012
S3150801B3F020460021FFF729FD0020012D84F8A2002F
S3150801B40003D094F8A03063B970BDD4F89830002BF6
S3150801B410FAD0D4F89C10BDE8704018470029F3D13A
S3150801B420EFE7002384F8A030EEE700BF27320408CF
S3150801B4303822002122F0F7BE2DE9F04100F1080873
S3150801B440054640460C4617461E46ECF777F800B106
S3150801B450FEE72046FFF7ECFF069B2146404684F8A7
S3150801B46034706662A362ECF769F810B9AB682363B6
S3150801B470AC600020BDE8F08107B5836A0A460093EF
S3150801B4800146436A0248FFF7D7FF03B05DF804FB9C
S3150801B49088360020036810B5044673B1017BFF297D
S3150801B4A002D0EEF777FC40B92146FF2301F80C3F9D
S3150801B4B02046BDE81040EEF775BC10BD70B586692B
S3150801B4C000F110039E4204460D4603D0837A1D44BB
S3150801B4D0857270BD4368002BFBD00368002BF8D03A
S3150801B4E0FFF7D8FF237B2189A572E372013100207A
S3150801B4F0ECF7D6FE01463046BDE87040EDF783BA53
S3150801B50001210148DAE700BFE445002030F8082B9D
S3150801B51072B1084B93F8591051B1A3F5805393F8BA
S3150801B520483E5B0704D44FF47A715143EDF76BBA81
S3150801B530EDF7DDBAF03F002008B50B4890F8593011
S3150801B540022B0DD1A0F5805393F8483E5B0707D42B
S3150801B550B0F8CC3458300133A0F874341AF094F9A1
S3150801B560BDE808400148D1E7F03F0020B844002073
S3150801B57010B50446ECF708F8A06110BD38B5224DA0
S3150801B580044695F8593033B195F85B0010F0080078
S3150801B59001D112F061F994F82430012B02D0022B63
S3150801B5A00DD038BD04F11000EDF7A1FA2B7A590731
S3150801B5B005D56FF3820315482B72EDF703F9144885
S3150801B5C090F8483E9A060AD56FF3451380F8483E27
S3150801B5D090F8523E00F64860C372EEF78EFC94F876
S3150801B5E06E309B070AD54FF6FF710A48EEF770FCD5
S3150801B5F094F86E306FF3410384F86E3004F1080055
S3150801B600BDE83840EDF7DEB8F03F0020FC3F0020EA
S3150801B610F02F0020383E002038B592F82430054630
S3150801B620012B144602D0022B1DD038BD09B10F29B2
S3150801B63016D12B79284643F001032B71FFF798FFA2
S3150801B6400B4B0C4AC5E90934137A04F1100043F08F
S3150801B650040313724FF49671BDE83840EDF7D3B978
S3150801B660022382F824302046BDE8384086E700BF29
S3150801B67019B60108F03F002037B5837F04460DF15E
S3150801B68007012C308DF8073011F082FE054668B99E
S3150801B6909DF80730A27F9A4208D0A3778DF800302B
S3150801B6A069460123082001AA11F04FFE284603B076
S3150801B6B030BD012310B543770446EBF765FF2062D9
S3150801B6C004F12C00BDE8104011F092BF10B5437F7C
S3150801B6D00446022B04D1037FDB0701D518F046F88F
S3150801B6E0002294F83E30627762F3000384F83E3014
S3150801B6F004F12C00BDE8104011F020BF10B5044636
S3150801B700FFF7E4FFA37F20460133A377FFF7B4FFD2
S3150801B71018B92046BDE81040CBE710BD4FF6FE72BA
S3150801B7200D4B10B5B3F858140446914213D0B3F82B
S3150801B7305A0401280DD910F007FEB4F844300BB1AC
S3150801B740834208D9A4F84400606CBDE8104017F09C
S3150801B75059BF0120F1E710BDF03F002000234380C7
S3150801B7604FF4287303806FF07003837070474FF4AA
S3150801B770B4732DE9F04FADF54F7D19AE0446059129
S3150801B78074AF0021154630464FF4B272ADF8CC318C
S3150801B790729722F048FD4FF4B2723146384622F0CC
S3150801B7A061FF00212468182209A8079122F03BFDB0
S3150801B7B0204609A90BF08CFE90B920223146204675
S3150801B7C008AB0CF0C7FA58B9089B0090CDE901639C
S3150801B7D0DDE90B32BDF8241007A805F0CBFC08B14A
S3150801B7E000230793079B049363B300237499079374
S3150801B7F0002940F02C81DFF854834FF4AE7276A805
S3150801B80022F011FD43464FF48062049807A90BF014
S3150801B810FBFD814630B9079F3A88B2F5885F12D099
S3150801B8206FF0860974A80CF09FF807980BF0BEFA1A
S3150801B8304846FAF7CDFD044604980BF0AFFE002CF6
S3150801B84000F00881FEE7BDF8D421D7E9086422F49F
S3150801B850FF7222F0010242F49072ADF8D4217A689F
S3150801B860120A012A00F0C580B74B9A4200F0B4804B
S3150801B870002AD5D1234632463946CDF8008076A826
S3150801B8800DF0B3FE814630B90423079874930BF083
S3150801B8908DFA8146CCE710F1860FC3D1DDF8D88140
S3150801B8A0B8F1000F40F0D380A84BDFF8A4B2402CC2
S3150801B8B008AF7693CDF8DCB13C604BD900234FF045
S3150801B8C0400A3B602246314658460197CDF800A00A
S3150801B8D009AB0DF005FD10F1860F814631D1DC2249
S3150801B8E0002119A822F09FFC5946C7F800A019A8FB
S3150801B8F00CF05FF8834658B119A80BF0C7FFD94673
S3150801B900402109A80AF0B4FC76A80CF003F889E7E7
S3150801B9102246314619A80DF037FE83460028EBD199
S3150801B9203B46524609A919A80BF084F9834619A87A
S3150801B9300BF0ACFF8146BBF1000FE0D110F1860F89
S3150801B940DED0B9F1000FDBD109AE32460023374606
S3150801B950089C0DE0002CF7D02246314609A822F0B2
S3150801B96081FEF1E71178013381F0360102F8011BF6
S3150801B970A342F7D1C4F1400A52463621301922F0C2
S3150801B98052FC0DF2BF2244450ED1B0AB52465C21A2
S3150801B990181922F048FC6E4978A80CF037F8814648
S3150801B9A058B140213846ADE716F8013B08F10108C0
S3150801B9B083F06A0302F8013FE5E709A9402278A85E
S3150801B9C00DF0F6FD8146402109A80AF051FCB9F1AE
S3150801B9D0000F99D1012358E7234632463946CDF857
S3150801B9E0008076A80DF001FE814600283FF44CAF91
S3150801B9F018E7002E3FF414AF0146B82276A822F0C4
S3150801BA0012FC3B88B3F5885F7FF40AAF22463146BC
S3150801BA10384676ABCDF858820BF0F8FD81460028FA
S3150801BA207FF400AF7B88DA08203BB3F5F47F959263
S3150801BA30BFF4F6AE7B9B1C329342FFF4F1AE7EABAC
S3150801BA4018467A9922F00EFE05237A901DE76FF0C3
S3150801BA508809E7E6059807A9EBF7B7FD042207A9C0
S3150801BA6072A8EEF716F806223A4972A8EEF711F807
S3150801BA70729E0DF12008C8F80040002E00F00481DE
S3150801BA803368002B00F0FA807279D20740F1F6800C
S3150801BA903779002F00F0F280202F00F2F280042B74
S3150801BAA000F0BD80052B00F0C580012B40F0E38036
S3150801BAB0B268002A00F0E280274B22F47E119942EF
S3150801BAC04ED1F368002B3CD0F06C002839D0002306
S3150801BAD01022099319A909AB15F080FF10F1860FF9
S3150801BAE0044605D038B393342BD16FF06F0401E0C7
S3150801BAF06FF07104102119A80AF0BAFB20460AF062
S3150801BB00E8FB0446002877D020230020C8F8003037
S3150801BB103071C0F120022121284422F084FB3046ED
S3150801BB200BF022FF002C18BF2046FAF751FC00281B
S3150801BB3000F0AD80FEE73A46284619A922F092FDA3
S3150801BB40D8E7064CD6E700BF02008000090080034B
S3150801BB50090000022F3204080002C003009FFFFFFC
S3150801BB60524B1340B3F1607F40F088800022D6F82B
S3150801BB700C904F495FFA89F343F000738B4209929F
S3150801BB8040D003F17E43043B0F2B3ED8494A134468
S3150801BB9093F845A006F1100B2022584609AB19A9BE
S3150801BBA00BF09BFE04460028AED1494658460BF0D9
S3150801BBB02DFF044658BB5246584606F1F0010DF0D2
S3150801BBC0F7FC044618BB5846099A19A90DF0F0FC6A
S3150801BBD00446E0B92022584609AB19A90BF07DFEA7
S3150801BBE00446A0B919A93A46284622F03BFD099907
S3150801BBF011B119A80AF03CFBC8F800700024D8F85E
S3150801BC00000086E74FF0400AC4E79246C2E7099961
S3150801BC1000293FF479AF19A80AF02AFB74E74346CD
S3150801BC203A46294606F1080015F0D8FE04460028CA
S3150801BC30E4D069E7D6F888201C4B1340B3F1607F3E
S3150801BC400ED1D6F8AC20CAB197421AD3284606F1C6
S3150801BC508C0122F007FDD6F8AC30C8F80030CDE7E4
S3150801BC603B462A46CDF8008006F1080106F1880010
S3150801BC7015F00AFDDAE76FF0860445E76FF08804E8
S3150801BC8042E76FF089043FE76FF086004DE7729847
S3150801BC9028B10BF069FEFAF79BFB18B1FEE76FF0C6
S3150801BCA08600F8E70DF54F7DBDE8F08F0000C07FEF
S3150801BCB003000002F03104082DE9F043044697B069
S3150801BCC041680EAAFFF753FD0AAE00220EA904F138
S3150801BCD00800EEF7B8FD06AF304617F0D3FC02AD03
S3150801BCE0384617F0CFFC284617F0CCFC012230461F
S3150801BCF012A9EEF7A8FD616820460EAA0139FFF7D9
S3150801BD0036FD0122384612A9EEF79DFD61682046E7
S3150801BD100EAA0131FFF72BFD2846012212A9EEF7DB
S3150801BD2092FD6368344CDDF81890D4F8A40E03F03C
S3150801BD307F0808F10108484584F8D88E03D0FAF738
S3150801BD40BDFDC4F8A49ED4F8B40EDDF82890484584
S3150801BD5003D0FAF7B3FDC4F8B49ED4F8C40EDDF8DF
S3150801BD600890484503D0FAF7A9FDC4F8C49EB4F86B
S3150801BD707C3E9B063CD5EFF31183302282F3118872
S3150801BD8000221E4C626083F31188BFF36F8F04F1A2
S3150801BD900C0C97E80F0004F11C078CE80F0096E8D5
S3150801BDA00F0004F12C0687E80F0095E80F0086E8D6
S3150801BDB00F004FF6FF731022A38784F83E306146C1
S3150801BDC0E06801AB84F80180FAF766FC00B1FEE78A
S3150801BDD010223946E06901ABFAF75EFC00B1FEE7CD
S3150801BDE010223146E06A01ABFAF756FC00B1FEE7CC
S3150801BDF017B0BDE8F08300BFF02F00204856002099
S3150801BE00436870B58B420446154605D1BDE87040B6
S3150801BE104FF4807011F0AABCD00701D5A38F53BB8C
S3150801BE200023154AA362C2F8D43EB2F87C2E9206C4
S3150801BE300AD5EFF31182302080F311880F48436049
S3150801BE4082F31188BFF36F8F002620466160E66290
S3150801BE50FFF732FF04F1400026870949ECF7D3FDC5
S3150801BE60AB0748BF638F4FF4807048BFA387BDE80F
S3150801BE70704011F0DBBB70BDF02F00204856002042
S3150801BE8080EE360008B50F490F48ECF7BCFD0F4B9D
S3150801BE90B3F8102EB3F8141E013292B2A3F8102E7D
S3150801BEA011B10139A3F8141EB3F83C1E914207D803
S3150801BEB0D3F8DC1D0222BDE80840054801319FE799
S3150801BEC008BD00BF80EE3600083E0020F02F002096
S3150801BED0C83D00201B4AF8B5CE68D2F8DC4D0546A8
S3150801BEE0A6422DD90A7D341B52B3022A1CD10F69E9
S3150801BEF0384617F07FFB18B3012C18D06C7820460A
S3150801BF0017F035FBE0B1BB7F03F00F03072B17D101
S3150801BF10022C15D105F128039F4211D12846BDE807
S3150801BF20F840012119F0DEBB012C07D1002444F0A9
S3150801BF3002023146BDE8F840034861E70022F8E706
S3150801BF40F8BD00BFF02F0020C83D002030B50446DB
S3150801BF50134887B00D4605909AB10598FAF7AEFCD5
S3150801BF601023CDE9015301234FF488510D4A00935B
S3150801BF7005A841F2010305F0FDF8FAF729FA20B1FF
S3150801BF80FEE7FAF793FB0028E7D02068059B98425D
S3150801BF9001D0FAF793FC059B236007B030BD00BFBB
S3150801BFA001000200090080030378024613F001002C
S3150801BFB01CBF40230B70137818BF01209B0710B5CF
S3150801BFC041BF0924431C0C54D8B213785C0741BFFE
S3150801BFD00A24431C0C54D8B213781B0741BF0B2201
S3150801BFE0431C0A54D8B210BD7F2930B51FD001EAC7
S3150801BFF0E17341785B423F298CBF0022012202EBA3
S3150801C000D10202F01F0262F3C701417001889BB297
S3150801C010DB00551EC1F30A049BB205FB043393FBEF
S3150801C020F2F30A4663F30A020280002030BD0720B4
S3150801C030FCE743780278FF2B1CBF01334370437832
S3150801C04010B5082B28BF08235C1E04FB021191FBBF
S3150801C050F3F1017010BD7F2938B5044620D0437825
S3150801C060C170072B8ABF8578FF2505F00305FFF701
S3150801C070BBFF0246A0B92046FDF7BEFA64300306A7
S3150801C080C1B20ED5022D1FD8124B2B4493F8553049
S3150801C09093422CBF00230123A27863F30102A27005
S3150801C0A038BD022D95BF162014200A4A0A229BBFC5
S3150801C0B0521992F85530022392F85820884205D32E
S3150801C0C08A4205D30A46E3E70223E1E70323E3E7C6
S3150801C0D00223E1E7F03104080B4610B5C478011DC7
S3150801C0E0E21D1846D20822F0BDFA047410BD38B50F
S3150801C0F0037A0D46012B144603D0022B1BD00620CA
S3150801C10038BD4FF0FF3100230288E1706FF001015D
S3150801C11023706370A370637153BA2171E3802A7C1B
S3150801C120402A06D9403A2046D2B205F10801FDF760
S3150801C130DFFA0020E4E701461046FEF76BFAEEE760
S3150801C14030B58C880A68032C01D8062030BD1378CF
S3150801C15003F0D803C02BF8D113885BBAC3F30A03DB
S3150801C160038053885BBA4380137813F020030BD0FE
S3150801C170042CEAD005251379DB002A44641B838045
S3150801C18000200A608C80E1E70425F6E713220021E6
S3150801C19022F049B803681969FEF7CABD10B55022DD
S3150801C1A004460021B83022F03EF80348EDF71DFB9E
S3150801C1B0C4E9060110BD00BF0420002038B50446B5
S3150801C1C020480D46EDF711FBD4E90632C31A61EB97
S3150801C1D00202C4E90601D4E93E01C01842EB010195
S3150801C1E0C4E93E01042D0BD8DFE805F0030B131B48
S3150801C1F02300D4E93410C91842EB0000C4E934100D
S3150801C20038BDD4E93610C91842EB0000C4E9361026
S3150801C210F6E7D4E93810C91842EB0000C4E938102A
S3150801C220EEE7D4E93A10C91842EB0000C4E93A101E
S3150801C230E6E7D4E93C10C91842EB0002C4E93C120E
S3150801C240DEE700BF0420002038B5457804468D4254
S3150801C25004D1BDE83840042011F088BA41700420A1
S3150801C26011F0E4F9012D0CD1607817F080F940B18D
S3150801C2703748EDF7BAFA4FF47A72002321F0E2FD56
S3150801C280606129462046FFF799FF6378042B3DD85C
S3150801C290DFE803F0030B11303600B4F8B830013388
S3150801C2A0A4F8B830002D3CD031E0B4F8BA300133E7
S3150801C2B0A4F8BA30F6E7B4F8BC30012D03F101034E
S3150801C2C0A4F8BC3008D1E378227883F00803C3F3D5
S3150801C2D0C00363F3C302227094F846301B0720D0CB
S3150801C2E0B4F84830022B1CD9E37883F00803C3F36A
S3150801C2F0C00317E0B4F8BE300133A4F8BE30D1E765
S3150801C300B4F8C0300133A4F8C030CBE7DDB1002161
S3150801C31004F1280004F0B8F9012D14D16378022B31
S3150801C320D1D000230B4890F8682EC2F340019942F8
S3150801C3300DD063F3410280F8682EBDE8384000F657
S3150801C3404860EEF7B1BC6378022BC5D0E9E738BD82
S3150801C35004200020F02F002030B5044699B024228D
S3150801C360002104A821F05FFF02236578ADF8343077
S3150801C370284617F0FCF8002844D0A388254AADF8CA
S3150801C3801230236AD2F8860ED2F88A1E089309ABB0
S3150801C39003C3D4F81802D4F81C12022D03C34FF0B4
S3150801C3A005038DF81050ADF83430A5700DD1A06A8B
S3150801C3B0E16A01AB03C3B4F848300420ADF80C3088
S3150801C3C00EAA0A2301A910F0C0FF124DA268D5F8DA
S3150801C3D0DC3D03200593D5F8043E04A913440693CE
S3150801C3E0D5F8003E13440793E3780EAA8DF8113069
S3150801C3F0262310F0AAFF069BC5F80C3E079BC5F835
S3150801C400083E04E004A810F089FF0028DDD019B021
S3150801C41030BD00BFF02F002038B5044600F5FC7585
S3150801C420284611F08BF804F500700549FEF7F2F875
S3150801C430284611F0DDF8BDE83840082011F0F6B8B5
S3150801C440763E002040F60B03F0B5124C85B094F801
S3150801C4503B7394F83A630546A06FADF8043084F847
S3150801C4607D7084F87E60EBF759F994F87C30CDF845
S3150801C47006008DF80A3094F87F30294601A88DF810
S3150801C4800B708DF80C608DF80D30ECF7A9FF05B02F
S3150801C490F0BD00BFF03F0020054B93F85B20120763
S3150801C4A004D41B21B3F8CA24EDF785B900207047D7
S3150801C4B0F03F002010B504460648EFF7BFFB38B138
S3150801C4C02046BDE8104008231621024AEDF731B986
S3150801C4D010BD00BF443D002070B50546FFF7EAFFD1
S3150801C4E0044658B90648EFF7A9FB38B12846BDE80E
S3150801C4F0704008231721024AEDF71BB9204670BD83
S3150801C500703D002010B504465C22002121F08BFE07
S3150801C5100021204604F0B8F8FF2384F83B3084F85C
S3150801C5203C3010BDF8B5314D044695F859200E46F4
S3150801C530002A59D04378002B56D1012A18BF038106
S3150801C5401430FFF7DFFF6378A670012B1CBF0123A8
S3150801C550637095F8593004F17006012B42D1208990
S3150801C56010BB40F2EE21EBF79BFE411C3046ECF77F
S3150801C5704AFA95F85930012B36D14FF6FF722389BD
S3150801C58001339BB2002B08BF13462381B5F81A3134
S3150801C59095F85B00013310F00800A5F81A3123D18C
S3150801C5A0BDE8F84011F0FAB8013880B21F2812D850
S3150801C5B041F2AC22834093420DD8FB278740EBF723
S3150801C5C05CFE3223B0FBF3F202FB13013944B94294
S3150801C5D038BF3946CAE74FF4FA610548EBF76EFEEC
S3150801C5E00746ECE70121C1E7F8BD00BFF03F00208F
S3150801C5F0804F120038B505780446BDB9C0E9011265
S3150801C6000B4890F8591001290ED9022902D1583040
S3150801C61019F068F84FF47A712046012300F80C3BAB
S3150801C620ECF7F1F9284638BD2946F5E70525F9E776
S3150801C630F03F002038B500F1100504462846ECF70E
S3150801C64056FA0D4B93F85930A3B12378013B012BC8
S3150801C65003D828466168ECF741FA2378012B09D0FB
S3150801C660237A013B012B05D82846E168BDE8384005
S3150801C670ECF734BA38BD00BFF03F0020F8B50446E0
S3150801C6800F4690F8306000EB0616B442254601D1F4
S3150801C690002506E020463946EAF7DCFE1034002874
S3150801C6A0F3D02846F8BD002370B50D4616460B6033
S3150801C6B004680CB9204670BD31462046EAF7CAFE21
S3150801C6C00028F7D12C602469F3E737B50A460446F2
S3150801C6D001A90430FFF7E7FF0546E8B104F178033D
S3150801C6E098421BD304F1D803984217D2019B6BB920
S3150801C6F063680BB11B6963604FF4005010F096FF35
S3150801C7000020636F2B61656703B030BD1A69002A83
S3150801C710F2D012691A61EFE71720F5E72520F3E74A
S3150801C720002370B50D4616460B6004680CB9204601
S3150801C73070BD31462046EAF78DFE0028F7D12C60F8
S3150801C7406469F3E737B50A4601A90446FFF7E8FF26
S3150801C7500546F0B104F1140398421CD304F174039D
S3150801C760984218D2019B73B923680BB15B692360A0
S3150801C77020462A460021FEF788FA002023696B61C4
S3150801C780256103B030BD5A69002AF1D052695A6150
S3150801C790EEE71720F5E72520F3E707B50A4601A9CD
S3150801C7A0FFF7BEFF003818BF012003B05DF804FB90
S3150801C7B0F8B5054610460E461446FDF769FF38B921
S3150801C7C02378FF2B04D021461748FFF7E6FF48B325
S3150801C7D02246334604F110071C4610685168083290
S3150801C7E003C4BA422346F7D112882280338A43B951
S3150801C7F04FF6FF722B88934205D14FF440432B80A5
S3150801C80033820020F8BD4FF2BF0201339BB2934237
S3150801C81001D101339BB203F53B52213292B2132A5D
S3150801C820F7D9ECE70720EDE72437002070B501F1C9
S3150801C830310323F0010393F901300546002B0E4617
S3150801C84086B01DDA062306AC8DF8073000F10C0315
S3150801C8500FCB04E90F0002A80FF063FD002847D0AB
S3150801C860244802A9FFF799FF0446D0B19DF807307D
S3150801C870062B1FD8DFE803F0192230343838380080
S3150801C880042130460DF10702ECF7BDFE044640B916
S3150801C89001461023304602AAECF71CFF044600287D
S3150801C8A0D9D0686C16F0AEFE05E0EAF76DFE0323F3
S3150801C8B028626B770024204606B070BD0D4805F145
S3150801C8C02C01FFF76AFF0028F4D02846FEF7FEFE82
S3150801C8D02846FEF7EEFEEDE72846FEF7F7FEE9E7FE
S3150801C8E02846FEF70BFFE5E72846FEF717FFE1E7BF
S3150801C8F00224D6E72437002010B5027F1C2B6FF3DC
S3150801C9000002044602770CD190F84630013B1D2BF4
S3150801C9101DD9BDE810401E2380F84630406C16F03C
S3150801C92071BE23B1201DBDE81040EBF74BBF01B91D
S3150801C930FEE701F1310323F001035B78442B01D0B3
S3150801C9401B06EFD52046FFF771FF1C28EAD110BD5B
S3150801C950028A0B8A9A4201D1EAF77CBD0020704708
S3150801C9602DE9F0430646002491B00AA888461546E3
S3150801C970FEF7F8FC354BCDE903440293337873B9D6
S3150801C98005A8FEF7EFFC12230C200DF1060205A9F6
S3150801C990ADF8063010F017FCB0FA80F464091727D1
S3150801C9A006F13E092CE054B105A90AA8EAF752FD99
S3150801C9B028B1BDF83820BDF824309A4231D0172F56
S3150801C9C00CD09DF83A20AB7C9A4207D818D1102290
S3150801C9D029460AA822F01CFE002811DA2B460AAAC3
S3150801C9E00DF1380C174603CF6745186059603A466A
S3150801C9F003F10803F6D138681860BA8800279A80C7
S3150801CA0041460AAA02A807F089FFD8B996F8A030C4
S3150801CA10033B022BC7D848460AA9FFF799FF002806
S3150801CA20C1D02A460AAB0EAD1C4603CCAC421060F7
S3150801CA305160234602F10802F6D1002720681060EA
S3150801CA40A3889380384611B0BDE8F08324430020BB
S3150801CA5030B50D4687B01823144600216A46EBF710
S3150801CA6000F89DF81430AB4209D12046FDF710FEB7
S3150801CA7018B9214601A8EAF7EDFC07B030BD002038
S3150801CA80FBE72DE9F04104460D46174606683EB90F
S3150801CA903B462A462046BDE8F041072111F045B834
S3150801CAA02A4607213046FFF7D3FF08B9F669EEE7AC
S3150801CAB0BDE8F08130B548F2FE020446002385B090
S3150801CAC00C4902A8CDE90023FDF7A4FDE56E45B999
S3150801CAD064236A46052104F16C0011F026F805B0B5
S3150801CAE030BD6A4605212846FFF7B2FF0028F6D170
S3150801CAF0ED69ECE77040002030B548F2FE020446C5
S3150801CB00002387B00D4904A8CDE90223FDF782FD6C
S3150801CB106846216816F025FE009D0DB907B030BD9F
S3150801CB200521284602AAFFF793FF18B12946204690
S3150801CB30EBF704FB6846EAF745FEEDE7704000208F
S3150801CB4070B54FF6FE7204460026154D012105F50E
S3150801CB500053A3F8582483F87464FFF775FB04F5AA
S3150801CB609070FDF7C7F804F16C00FFF7C5FF04F5EF
S3150801CB70E270EBF7BCFF237805F5805566F3C3032E
S3150801CB8023700120A4F8B461A4F8BC6110F064FE16
S3150801CB9095F8483E66F3041385F8483E70BD00BF14
S3150801CBA0F01F0020012970B5044605D12348EEF788
S3150801CBB0CDFA2348EEF7CAFA63787BB304F16C051C
S3150801CBC004F17400EBF793FF28460025EBF7BEFA4C
S3150801CBD004F5867084F80851EBF789FF04F5F070BF
S3150801CBE0EBF785FF174884F8D051EBF780FF20460D
S3150801CBF0FFF7A6FF04F5157010F094FD04F5107003
S3150801CC0010F090FD04F50A7010F098FC04F5047014
S3150801CC1010F094FC29462046FFF716FB94F89C3140
S3150801CC20012B0AD1D4E96830002284F89C21C4F882
S3150801CC30A02113B1BDE87040184770BD343D0020EE
S3150801CC40603D0020083E002010B543780446FBB13C
S3150801CC50012B03D190F82131012B17D094F82331F8
S3150801CC6013B90C48EEF772FA2046FFF769FF00215F
S3150801CC7004F1280003F008FD4FF6FE712046FCF783
S3150801CC8033FF002104F59070FFF74CFC002010BD1E
S3150801CC900D20FCE7603D002090F8703010B5044681
S3150801CCA093B90A4991F87C3A033B022B0CD801F651
S3150801CCB01A20FDF7EDFC38B904F1500001F61A21E6
S3150801CCC0BDE81040EAF764BC10BD00BFF02F002094
S3150801CCD02DE9F041037804460E46904643B100F12A
S3150801CCE03E013046FFF734FE00283BD0002520E000
S3150801CCF000F12C0702213846FEF7BEFB0546C0B9EE
S3150801CD00334604F13E0206F1100153F8040B8B4237
S3150801CD1042F8040BF9D11B881380A38F63B93A46ED
S3150801CD2039461148FFF744FD054628B13846FEF74E
S3150801CD3043FB2846BDE8F08104212046FEF785F825
S3150801CD402046FEF749F9B8F1010FCFD10748FFF799
S3150801CD50A3FFD4F89830002BC8D03046D4F89C10DD
S3150801CD609847C3E70525E4E78836002028390020D7
S3150801CD70F0B51C468DB0074602A80D461646EAF7D9
S3150801CD8020FC238C2BB12A8A9A4202D007200DB0A7
S3150801CD90F0BD234602AA04F1200C14461868596806
S3150801CDA0083303C463452246F7D1186820609B8877
S3150801CDB006A8A380FDF76CFC90B105F1120108469F
S3150801CDC0FDF766FC0028E1D10B4606AA05F1220CFF
S3150801CDD0144618685968083303C463452246F7D1CF
S3150801CDE0BDF82A3023B96B8C002BCFD0ADF82A3089
S3150801CDF002A8FDF74DFC18B1294602A8EAF7C8FBB7
S3150801CE002B8A03B32B8A0822ADF828305BBAADF812
S3150801CE100030BDF82A3069465BBAADF8023073892D
S3150801CE20304608335BBAADF804300023ADF8063056
S3150801CE30EBF7CCF80028AAD1B0811122304602A915
S3150801CE4017F0A2FBA3E72A4629463846FFF7B0FCA6
S3150801CE500028D7D09BE72DE9F04315468FB08046C9
S3150801CE6001A89946FDF71EF804A80F46EAF7A9FB9B
S3150801CE7095F83030013385F83030EAF785FB6B6A6F
S3150801CE800344EB606B88002B50D1022101A8F9F706
S3150801CE900BFD0446002840F0A380BDF804100029C4
S3150801CEA0F3D049BA404689B2FCF7C7FF0028ECD14E
S3150801CEB0BDF804305BBA6B809DF8063095F82920D9
S3150801CEC003F00703012A8DF8063004BF43F0010376
S3150801CED08DF806302B780820032B14BF4FF4807386
S3150801CEE04FF400734849ADF8083016F091F8064634
S3150801CEF0002800F087800C2201A9EAF70DFF0446F5
S3150801CF00002853D17B894022403B394630469BB2A3
S3150801CF10EBF720F80446002848D12B78062B09D8C8
S3150801CF20DFE803F02E242628282A2C005BBAADF860
S3150801CF300430C1E700235BBAADF800304FF48073C3
S3150801CF40042269463046ADF80230EAF7E5FE0446A2
S3150801CF5060BB2B78032B15D0B28973899B1A95F878
S3150801CF602C209BB2022A25D107241FE00123E2E7E0
S3150801CF700C23E0E72123DEE71023DCE76B8EDAE7F3
S3150801CF801C23D8E77B894022403B394630469BB271
S3150801CF90EAF7E0FF044648B91C4B042269463046C5
S3150801CFA00093EAF7B9FE04460028D5D03046EAF7D9
S3150801CFB00FFC15E0B3F5007FD6D808AC05F11003D0
S3150801CFC00FCB84E80F002B8C3246ADF8323010486F
S3150801CFD004AB08F10401FFF7CBFE04460028E5D1AE
S3150801CFE0B9F1000F04D0E96808F14400EBF776FDC2
S3150801CFF0384640232A460021EAF74CFE20460FB060
S3150801D000BDE8F0830324EBE72C280408001000018F
S3150801D010883600202DE9F0479946838A88B0064666
S3150801D0200C4690469DF840A05BB10B78012B0FD1B9
S3150801D03091F82A30012B06D1264802A908F093F85F
S3150801D04030B10D2500E00725284608B0BDE8F08770
S3150801D0504A464146204601AB0FF02EFA05460028FE
S3150801D060F2D1019F06F13C00394610F049FD012332
S3150801D070224639463046FFF7EEFE054620B13946C7
S3150801D0803046FCF77FFEDFE7BAF1070FDCD0608098
S3150801D09084F830004A464146204684F800A0676372
S3150801D0A002AB0FF009FA0028CED1DDF80880224636
S3150801D0B0012341463046FFF7CEFE39462046FCF7A6
S3150801D0C05BFE4023224629463846C4F83880EAF7EB
S3150801D0D0E1FDB9E7244300202DE9F04393B0044666
S3150801D0E016461F460D46DDF86C809DF8709019B9F5
S3150801D0F0072013B0BDE8F08302A8FCF7D8FE414625
S3150801D10004F1500206A8FDF7D3FA8DF83990B8F163
S3150801D110000F03D098F81B30052B0CD09DF833303F
S3150801D120052B08D106A904F17100FFF7A7FA10B17A
S3150801D13004238DF833309DF83330022B14D0042B99
S3150801D14010D0012B18D1072204238DF808301A9B19
S3150801D150009204932A463346204602A90397FFF70D
S3150801D16059FFC6E70522EFE705238DF80830B9F11F
S3150801D170000FBDD10722EAE703238DF80830F9E746
S3150801D180F0B591B0044668460E46FCF7F5FD9DF8E4
S3150801D1900030032B02D0012011B0F0BD9DF82B30D1
S3150801D1A0052BF8D104A8FDF773FA70BB04F17107D2
S3150801D1B0384604A9FFF762FA38BB94F8A150032D43
S3150801D1C00ED1EBF75AF8C0B2B0FBF5F505EB4505FC
S3150801D1D0401B04EB001000F171013846FCF7BCF95D
S3150801D1E094F8A130032B10D05A1C04EB031384F8CE
S3150801D1F0A120713304AA08AF154603CDBD421860B4
S3150801D20059602A4603F10803F6D130467189EAF7CF
S3150801D21014FF07460028BED00523002501466A46A5
S3150801D2208DF8003020460123ADF802508DF83050B4
S3150801D2300D96FFF710FE04236A468DF80030314635
S3150801D24001232046ADF802508DF830500E97FFF7AE
S3150801D25002FE2846A0E72DE9F0410C46E8B0002178
S3150801D2600646154603A8202220F0DDFF214618A808
S3150801D270FCF782FD9DF86030033B012B4CD89DF8E5
S3150801D2809130002B48D02A46214603A80EF038FFD4
S3150801D290342200210BA820F0C6FFFF2300214027D6
S3150801D2A0ADF83C306A460DF1A0080BAB03A8CDE9F1
S3150801D2B00014CDF83880ADF80870FDF738FA054640
S3150801D2C050BB0DF13E00FDF7E3F928B320468DF872
S3150801D2D06050ADF862508DF890500FF057FB294613
S3150801D2E025906B46424618A80FF0E6F8054698B908
S3150801D2F0DDF80080012318AA41463046FFF7ABFD49
S3150801D300214618A8FCF738FD3B462946204618AAA7
S3150801D310CDF89880EAF7BEFC68B0BDE8F0812DE942
S3150801D320F04399B0064602A80D468C89FCF7BAFD6A
S3150801D33000230246CDE90533ADF81C3021460C23FE
S3150801D3402846EAF78EFB002840F0AC809DF80A30A3
S3150801D3500C34DA09ADF8064000F0A48013F0780F12
S3150801D36040F0A0809A07C3F3400700F19B80BDF8FF
S3150801D3700810304649BA89B2FCF75FFD0446002811
S3150801D38000F09080014608A8FCF7F6FC9DF820807D
S3150801D3904023B8F1030F14BF4FF001094FF00209FA
S3150801D3A0BDF80C20ADF81C3053BA9BB24B45069418
S3150801D3B072D1284605AA0DF10601FCF7CBFE002815
S3150801D3C070D1BDF806300433ADF806307B1C99459B
S3150801D3D04FF00107EDD8BDF80E20284652BA92B291
S3150801D3E00DF10601FCF77FFF00285BD1BDF810207F
S3150801D3F0284652BA92B20DF10601FCF774FF0028CD
S3150801D40050D1BDF81220284652BA92B20DF1060142
S3150801D410FCF769FF002845D19DF80B20464B02F021
S3150801D4200F0213441F7E6FB9B8F1030F0AD106F133
S3150801D43071080CA94046FFF721F9014610B140468B
S3150801D440FCF78AF805A8FCF72DFD214608A8FCF784
S3150801D45093FC9DF8203063BB9DF84A30012B28D1F7
S3150801D4600C232846A98905AAEAF7FBFA08BB9DF801
S3150801D470173013F00F0318D0032B1AD000220123FB
S3150801D480ADF822208DF850202146304608AA8DF89D
S3150801D4902030FFF7E0FC05E09DF80B301B0701D0B3
S3150801D4A0002A98D019B0BDE8F083BDF81A30002BD0
S3150801D4B0E4D06FB121463046FFF762FE0028F1D06D
S3150801D4C03A462146304619B0BDE8F043FCF7D0BCD0
S3150801D4D02A4621463046FFF7BEFE20460FF056FA89
S3150801D4E007465FB920460FF051FA3B4601462A46E0
S3150801D4F0304619B0BDE8F043FCF77FBC394608A8A9
S3150801D500FCF73AFCBC4201D0179B0BB1169FE8E722
S3150801D510214608A8FCF730FC179E002EC2D169895E
S3150801D5202846EAF78AFD402317903146204608AA7D
S3150801D530EAF7B0FBB6E700BFF031040870B5254D30
S3150801D54094B0684616F0D6F8D5F8741902A816F0FC
S3150801D55008F905F63815029CD4B9DDE9003103F15D
S3150801D5600043013B8B4202D01B48EBF7B7FA14B0D4
S3150801D57070BD21462846FFF703FE20BB214604A8B5
S3150801D580FCF7FAFB68460799EBF72CF9129CB4B13C
S3150801D590214604A8FCF7F0FB139E002EF6D1009A4B
S3150801D5A0079BD21A002AEDDB9DF840209DF83830FA
S3150801D5B09A42DED31C2221462846FCF759FC02A8CA
S3150801D5C0EAF700F9C7E733462146284604AAFFF7D2
S3150801D5D042FCD7E7F02F00206C39002070B58C4C3F
S3150801D5E090B094F8DC39023B032B00F28380DFE824
S3150801D5F013F00400DE000901040000230820854910
S3150801D6000193059315F004FD05460198A84202D039
S3150801D61015F003FD0195019B002B00F0998000236D
S3150801D62001A88DF8083010F043FF0546002874D18B
S3150801D630019843893033B3F5A06F5DD2012276494B
S3150801D6407648FDF739FC40B1B4F8DE59EAF715FE1C
S3150801D65080B28542A4F8DE09F8D006A815F0D9FFEC
S3150801D6600C23002106AA0198EAF7FBF9B4F8DE397A
S3150801D67000215BBA0198ADF8183006AA0C23EAF71F
S3150801D68009FB012101A80EF051FC0546002844D1E9
S3150801D6904FF40073014606AA0198ADF822300C230F
S3150801D6A0EAF7F8FA06A8019DE9F78BFF5C492A46CD
S3150801D6B006ABA1F55C70FFF75BFB0646054660BB4A
S3150801D6C00190E9F761FF94F8DD39C4F8E80966F3D2
S3150801D6D003030321514884F8DD39FDF7B6FB514BA5
S3150801D6E093F85B301B0702D40B200EF0B7FE0198A6
S3150801D6F015F093FC10B070BD012629468DF8086017
S3150801D700EAF788F8324648494448FDF7D5FB01A8A7
S3150801D71010F0CEFE0546002890D094F8DC39052B8A
S3150801D7201CBF052384F8DC3994F8DD3903F00F02B0
S3150801D730072A0FD8013262F303030A21FA2084F873
S3150801D740DD39EAF7BBFD01463848EBF75CF9CEE768
S3150801D7500325E2E7D4F8E40978B105214FF6FF730A
S3150801D760B0FBF1F1994228BF194689B2B1F5FA7FA2
S3150801D77038BF4FF4FA71EAF7A1FD01462B48EBF7DA
S3150801D78042F90A22D4F8E4392946B3FBF2F3284AC6
S3150801D79003EB0313934294BFC4F8E439C4F8E429AC
S3150801D7A0244A0023A2F17000FBF70BFF9FE70A2228
S3150801D7B0D4F8E4390221B3FBF2F31D4A03EB031350
S3150801D7C01648934294BFC4F8E439C4F8E429FDF72E
S3150801D7D03CFB184A00231C21A2F17000FBF7F1FE5D
S3150801D7E094F87E3AFF2B05D10C4810B0BDE870407D
S3150801D7F00EF02ABC0133DBB2022B84F87E3A7FF69F
S3150801D80079AFF1E7054810B0BDE87040FDF7E4BB14
S3150801D810F02F00202C2804084B320408CC390020AC
S3150801D820F8390020F03F0020533204084C3A002012
S3150801D83080EE36003C3A0020F0B5044600268BB04F
S3150801D840FCF752F9434D02212046FEF7FDFC04F58B
S3150801D8509070FCF74FFA95F8483E04F5DA776FF3BE
S3150801D860041385F8483E3846A4F8B461A4F8BC61A7
S3150801D870FCF768FA3846FEF7DDFE84F8086104F518
S3150801D8808670EBF734F994F8D031022B1ED184F85F
S3150801D890D061012694F8D1319E40D5F8543E05F55C
S3150801D8A080551E40C5F8DC649EBB05F2EC40EBF7DB
S3150801D8B01EF985F8E6644FF47A73C5F8E034002357
S3150801D8C003212548A5F8E434FDF7F8FD4FF6FE7265
S3150801D8D0E388934218D0B4F844209A4214D0B4F895
S3150801D8E0003168460133A4F80031E9F76AFE0020E1
S3150801D8F01A4915F08DFB054630B10021E9F78AFF73
S3150801D90058B12846E9F764FFB4F84430E3800BB010
S3150801D910F0BD1148FDF7BEFDCDE7684604F5047173
S3150801D920E9F736FED4F8F001D4F8F41104AB03C3D1
S3150801D9304FF07F430693FE23E288694652BAADF853
S3150801D9401E2028463B22ADF81C3016F01DFE002885
S3150801D950DAD0D6E7F02F0020CC4400202C28040882
S3150801D9602DE9F0410C4690B0054606A8E9F729FECF
S3150801D97023460AAC03F1100622461868596808338B
S3150801D98003C2B3421446F7D1294906A8E9F700FEAE
S3150801D99044F64C53ADF83A30FF2300218DF83C305C
S3150801D9A0284601230DF10B02EAF75BF89DF80B8077
S3150801D9B0B8F1000F31D103AF1E4E3A4601210A23B1
S3150801D9C02846EAF74EF8D6F8DC4DD6F8043E204646
S3150801D9D0CDF80D30E9F7A2FE04F07F040A233A4692
S3150801D9E00121CDF81100013428468DF81540EAF7D2
S3150801D9F051F90B2329464046009706AA0FF037FB33
S3150801DA0090B9D6F8043ED6F80C2E01339342C6F8DF
S3150801DA10043E02D30848FEF79FFC08492A4606AB8E
S3150801DA20A1F52460FFF7A4F910B0BDE8F08100BFA5
S3150801DA3040420020F02F002048400020C840002026
S3150801DA400346B3F5404F07B5084600D3FEE76FEA2C
S3150801DA5083436FEA93430DF106015BBAADF80630CD
S3150801DA60EBF764FE03B05DF804FB70B50546087C68
S3150801DA700E461446FCF7BBFD00B9FEE72846F9F742
S3150801DA8083FA31462846FCF7F1FE337C621EDB0831
S3150801DA900334082B14BF1946092112F8010F4B1C30
S3150801DAA0A242DBB26854F4D170BD10B5044686B003
S3150801DAB001A8ADF81410F9F767FA214601AA024838
S3150801DAC0FEF776FE06B010BD8836002037B5054646
S3150801DAD000680C46F8F7EAFD58B110222146286875
S3150801DAE001ABF8F7D9FD00B1FEE7019B102B06D073
S3150801DAF0FEE7204603B0BDE83040F9F745BA03B062
S3150801DB0030BD30B503680446002B0D4685B00DDBE4
S3150801DB106946FFF7DBFF29466846E9F79BFC28B10A
S3150801DB204FF480200FF022FE05B030BD29460025AE
S3150801DB3001222046FEF70AFA4FF480200FF076FDFF
S3150801DB404FF480700FF072FD20466560FEF7B4F859
S3150801DB50034BC3E92455C3F89850C3F88C50E3E73F
S3150801DB60F03F00202DE9F04304469FB004A8FDF7D5
S3150801DB70F9FB18A8FDF7F6FB94F8A0504FF0000939
S3150801DB80002D00F0BB8023781BB1EB1E022B00F29F
S3150801DB90B58004A8FDF7E6FB0021204618AAFEF782
S3150801DBA0DFFE70B994F8A030032B02D0032384F862
S3150801DBB0A03004AE18AF0FCF0FC63B6833800026DE
S3150801DBC081E06A4B09A8019300234FF01708CDE9B4
S3150801DBD00233E9F70FFD0EA901A807F047FB8646B0
S3150801DBE078B1B8F1000F38D00121204618AAFEF7FE
S3150801DBF0B7FE0028E3D194F8A030052BD9D0052328
S3150801DC00D5E7B8F1170F9DF848C010D109AE0EAF88
S3150801DC100FCF0FC6D7F800800EAFC6F8008013AE37
S3150801DC200FCF0FC6E146C6F80080F046D3E79DF848
S3150801DC303430A3EB0C031B0605D509AE0EAF0FCF87
S3150801DC400FC63B683360CC45C5D913AE0EAF0FCFAF
S3150801DC500FC63B68E1463360BDE7CDE902880EA9E8
S3150801DC6001A807F003FB88B99DF848309DF83420D0
S3150801DC709342F4D09B1ADBB2802BF0D809AE13AFCE
S3150801DC800FCF0FC68DF85C903B6833600023CDE952
S3150801DC9002330EA901A807F0E9FA90B309A904A865
S3150801DCA0E9F776FC3523ADF8203094F8A030042B3B
S3150801DCB09DF8343035D194F8A1209A423FF47FAFCC
S3150801DCC084F8A130012623785BB104A904F13E004A
S3150801DCD0FEF73EFE00B18EB1002201212046FDF776
S3150801DCE071FB04A8FCF7D4FC014600B394F8A030F4
S3150801DCF0033B022B02D8022384F8A0301FB0BDE8EB
S3150801DD00F0839DF848209DF834309A42C1D19DF898
S3150801DD1035309DF84920934228BF13468DF8353092
S3150801DD20B7E784F8A130042384F8A030CAE7022DA6
S3150801DD3015D008D9033D022D15D90122204604A97B
S3150801DD40FEF7C6FFDAE7D4F8942004F18C039A4269
S3150801DD5008BF012104F12400FBF77DFCEDE7294604
S3150801DD6004F12400F8E70321FAE700BF2443002061
S3150801DD70F8B53B4B04461B780D46002B6DD1394E41
S3150801DD8096F80C38002B68D04FF6FF73B6F8507E1C
S3150801DD909F4207D1EAF771FA81B2B942FAD03248FD
S3150801DDA0ECF796F800272046FEF7CAFE04F504703C
S3150801DDB00FF01EFC04F510700FF09EFC04F51570AB
S3150801DDC00FF09AFC2046A188FBF78EFE27492848C2
S3150801DDD0A6F8147EA6F8107EEAF715FE04F59076E5
S3150801DDE0A4F82871A5BB2348EDF7B0F9B0FA80F07D
S3150801DDF0400984F82301204C94F85970A4F860511D
S3150801DE00012F25D14FF6FE72B4F85C3093421FD02C
S3150801DE10C3F30803E3B194F85A30022B18D104F17D
S3150801DE208000EBF7D8FF98B104F5B87084F86071F3
S3150801DE30ECF72CFD04231921284684F86131EAF709
S3150801DE402FFA411C04F5B270EAF7DDFD0020F8BD92
S3150801DE5000213046FEF766FBF8E70D20F7E700BF1D
S3150801DE605B190020F02F0020383E002080EE360096
S3150801DE70083E0020343D0020F03F002010B50C4636
S3150801DE8000F5F8712046EDF777FB60B104F108005B
S3150801DE90FCF7D2FB38B1A07BFB288EBF002080F0AF
S3150801DEA00200C0F3400010BD10B50C4600F5F8712C
S3150801DEB02046EDF761FB28B104F10800BDE81040E2
S3150801DEC0FCF7C6BB10BD13232DE9F04F85B00C46F0
S3150801DED069460746B0F80A808DF80030EBF726FC4C
S3150801DEE0054600283AD138463F49FBF749FE05461B
S3150801DEF0A0BB012C26D03D49DFF8F8A0A1F6785041
S3150801DF00FEF74BFC70B338460AF67851FBF738FE34
S3150801DF10002867D10226DFF8E090DFF8E0B0D9F8EB
S3150801DF2034470CBB0EF0A9FC60B1D9F8381701A823
S3150801DF30CDE9014A8DF80C40FCF7FAFE2C4C019903
S3150801DF4000293BD17B896A46023BA3EB08038DF87E
S3150801DF500130414602233846E9F79CFE284605B0BA
S3150801DF60BDE8F08F0126D6E72046FCF75CFC18BB16
S3150801DF7048F2FE02238823F47C5393421CD021469F
S3150801DF805846FFF77BFFB8B921465846FFF78CFF7D
S3150801DF9090B920461449E9F75DFA68B9204613494C
S3150801DFA0E9F758FA40B921463846FBF7E9FDC8B9F9
S3150801DFB00136F6B2042EC5D06469B2E794F85B302F
S3150801DFC01B0703D50846FCF75FFD38B13846FBF752
S3150801DFD0D7FD38B90136F6B2042EB3D001A8FEF73B
S3150801DFE0D9F8ACE70546B9E7584200209C44002019
S3150801DFF0F03F002024370020F02F00204840002061
S3150801E0002DE9FF4100F11407064639464448ECF765
S3150801E01009FC40B1434890F85930022B7BD00021C6
S3150801E020803002F031FB0B2015F066FA0546002810
S3150801E03073D0042196F8593006F15102EBF779FBB2
S3150801E040044600285ED1DFF8E88005212846D8F87D
S3150801E050002EEBF7BCFB0446002853D108212846BD
S3150801E060D8F8042EEBF7B3FB044600284AD108F585
S3150801E07080580121284698F85B20EBF791FB044666
S3150801E08000283FD102212846D8F86420EBF79FFBE8
S3150801E0900446B8BB052212212846EBF78CFB044639
S3150801E0A080BB2846FEF7F8F9044658BB98F85B305A
S3150801E0B09B072ED428463179FFF705FF044608BB8E
S3150801E0C002230D212846184AEBF733FB0446C8B943
S3150801E0D02846FEF701FA0446A0B90721384602F098
S3150801E0E0D3FA124B3946C5E9093648F2FE0302A8A6
S3150801E0F0CDE90034FCF78EFA69462846FFF730FC6D
S3150801E100044610B12846E9F763FB204604B0BDE88A
S3150801E110F0810323D5E71824F7E70324F5E700BFC1
S3150801E12070400020F03F00205B32040835E1010809
S3150801E130F02F0020037970B514461A0705460BD54A
S3150801E1400C4B93F85B0010F0080605D101200EF080
S3150801E150AFFB30460FF080FB2B799B0708D5637818
S3150801E160042B05D1012323712046BDE8704047E7FA
S3150801E17070BD00BFF03F00202DE9F04FC5B00C4639
S3150801E18003AA0C210646EBF7BEF90746002846D135
S3150801E190BDF80E50FE2D00F28B80BDF80C807289F9
S3150801E1A005EB08039BB29A42C0F08280A37994F8E2
S3150801E1B005A00193FE23444C01468DF80B3004AAB1
S3150801E1C00DF10B0304F54D7094F85BB002F093FD65
S3150801E1D02A4641463046D4F8343315F095FAD4F830
S3150801E1E0348384F83853C14645444D451BD8019BB1
S3150801E1F01BF0010F84F83BA384F83A3302D1334864
S3150801E20002F0DFFC94F83A3494F838234FF400709E
S3150801E210934238BF134684F83A340FF007FA384662
S3150801E22045B0BDE8F08F09F10202954237D399F856
S3150801E230016002364E44B54231D399F8002052089E
S3150801E240012A03D0052A1ED0B146CEE7484602F078
S3150801E2503AFC20B3484602F046FC0028F4D0864230
S3150801E260F2D9831C9E421AD343789A1C02449642D9
S3150801E27015D30178490806291ED8DFE801F01F1DC4
S3150801E2801B0E1D1D0E00484602F033FC38B14846E8
S3150801E29002F055FC02304844E1E7012B0CD89DF801
S3150801E2A00B5040462A4604A920F0DCF984F8385375
S3150801E2B00627B4E79B07F2D11046D0E704494B433A
S3150801E2C0B3F1553FF8D9EAE7F03F0020244300208F
S3150801E2D0ABAAAAAA2DE9F0430D4689B0044606A9B8
S3150801E2E02868FBF793FC064698B9236A069A9A4268
S3150801E2F00BD19DF81C2094F824309A4205D19DF83B
S3150801E3001F2094F827309A4207D06378022B1FD032
S3150801E3100226304609B0BDE8F0832378DA071FD410
S3150801E320E37813F0010F444B19BF9DF81D2093F8AC
S3150801E3303B339DF81E2093F83A339B1A1B060FD4DC
S3150801E340002304F5DA70A4F8BC31FEF773F9E0E7A7
S3150801E350204606A9FBF7AEFB237843F00103237099
S3150801E36008231621286804AAEBF7B4F918B1172867
S3150801E3701ED00626CDE7314904A8EDF75FFD804694
S3150801E3802868B8F1000F07D0182102AAEBF7BBF8E5
S3150801E39000283AD14FF001080823172128680DEB08
S3150801E3A00302EBF797F930B11728E2D100270FE0FE
S3150801E3B04FF00008F0E7224902A8EDF73FFD0746AE
S3150801E3C028682FB1192101AAEBF79DF8E8B90127A9
S3150801E3D006A92868FFF7D0FE0146814618B1172815
S3150801E3E015D0064695E7B8F1000F03D0286804AAA8
S3150801E3F0FBF740FC27B10121286802AAFBF73AFC82
S3150801E40023786FF3000323709AE74FF000096D68CC
S3150801E4102B78FF2B0DD14FF47A710020E9F740FFD5
S3150801E420421C05F1100104F16C00FEF72AFB4E4669
S3150801E4306FE70A22F5E700BFF03F0020443D0020C0
S3150801E440703D002000232DE9F04FAFB0CDE912331E
S3150801E45014938DF854304B79044613F0180F0D4672
S3150801E4609146CDE9101240F0B580138A48F2FE02B2
S3150801E47023F47C53934240F0AD804846FCF724FAD6
S3150801E4800646002800F0A68099F82430FF2B40F0B4
S3150801E490A1800123284689890DF11102E9F7E1FADC
S3150801E4A0002840F0978001212846E9F738FA9DF8B7
S3150801E4B01130FF2B40F0C48001232846A9890DF1AC
S3150801E4C01202E9F7CEFA002840F084800121284695
S3150801E4D0E9F725FA9DF81230112B7BD1A84C94F84F
S3150801E4E0E432012B76D11A2128460DAAEBF70BF84F
S3150801E4F000286FD13C2200211FA81FF094FE20237B
S3150801E5008DF8B5306B8A05F12C00ADF8AE302B7A53
S3150801E51009F118018DF8B230FBF76EF895F82E302F
S3150801E5208DF8B3001FA88DF8B4300027ECF771F900
S3150801E530BDF8363073B994F82E33DB0701D5002FB1
S3150801E54048D0D4F8C032002B44D0D4F8C4121FA83E
S3150801E55098473FE029460DAA16A8EAF74DFFC8BB1A
S3150801E5609DF8593043B99DF85830082B3DD009D844
S3150801E570022B25D0032B30D0BDF85C100DA8E9F786
S3150801E58071FED5E7122B54D0812BF5D104232846E9
S3150801E5900BAA0DA9E9F73BFBE0B99DF82D30012B34
S3150801E5A018D99DF82E30C3F3C0021B0943EA02139A
S3150801E5B09DF8B52022F01F0213438DF8B530DBE72D
S3150801E5C008232846BDF834100DF19502EAF7D5FF60
S3150801E5D00028D1D02FB0BDE8F08F10222846BDF80B
S3150801E5E0341021ABEAF79CFFF2E7BDF86020002A58
S3150801E5F0C2D0102A28BF10221746BDF85E800DF139
S3150801E6009E008DF89D20F8F7BFFC3A460DF19E0352
S3150801E6104146284615F078F894F82E33DA0706D5D8
S3150801E62058490DF19D00ECF7C5FF0028D2D03746B1
S3150801E630A2E72846BDF834102CAAEAF7CDFFC7E7AA
S3150801E6406278002AC6D0002BC4D10DAE0A23324601
S3150801E6502846A989E9F705FA0028BBD10A212846DF
S3150801E660E9F75DF99DF83430152BB3D100964A4682
S3150801E67029460120AB89DDF83970DDF835B00EF091
S3150801E680F6FC0028A6D13846E9F748F801230DF12A
S3150801E6901202A98980462846E9F7E3F909AE01215C
S3150801E6A0284609F1180AE9F73AF930465146ECF7CE
S3150801E6B0B0F89DF81270344B0C2FCDE91F361FA800
S3150801E6C066D10FF05DF90646002865D1CDE912B885
S3150801E6D00021284608AAEAF7D5FF002840F000815C
S3150801E6E0304614F087FF002800F0FA8094F82131AB
S3150801E6F0042B40F0F5800A2128460BAAEAF7C2FF47
S3150801E700002840F0ED80BDF82C30BDF820209B0A8A
S3150801E710B3EB922F40F0E480284616A9FBF776FA68
S3150801E720002840F0DD800C2128461FAAEAF7EBFEF7
S3150801E730002840F0D5801621082328461FAAEAF7A3
S3150801E740C9FF0146002800F09C83172840F0C880BD
S3150801E75094F82331022B02D10C48ECF727FD082344
S3150801E760172128461FAAEAF7B5FF002800F0948367
S3150801E770172840F0B5800548ECF718FD91E300BF6E
S3150801E780F03F0020CC4200200100FEFF603D002042
S3150801E7900FF0F6F8064670B1B37F03F00F03072BA7
S3150801E7A009D1B369434533D133699B45FFF412AFA8
S3150801E7B00BF1010333613B1FCDE912B81496102BF7
S3150801E7C03FF608AF01A252F823F000BF21E801087D
S3150801E7D0D5E50108D5E50108D5E50108EBE8010805
S3150801E7E0D5E50108A1EA0108D5E50108D1E6010840
S3150801E7F0B5F0010851F2010839EF0108D5E501081C
S3150801E800D5E5010839F4010815F70108ABF7010840
S3150801E810BFF4E0AE0023C6F81880F3607361C7E75A
S3150801E820607814F0A4FE00285AD00021284616AABA
S3150801E830EAF728FF002853D128461FA9FBF7E6F96E
S3150801E84000284DD16378022B45D104F128039E4255
S3150801E85046D1B4F84420BDF858309A4203D0204630
S3150801E860FEF7F2F93CE0236A1F9A9A4205D19DF810
S3150801E870832094F827309A4207D020461FA9FBF730
S3150801E88019F9237843F001032370E8F77DFE206325
S3150801E8902378DE070FD4E37813F0010F7F4B19BFF6
S3150801E8A09DF8812093F83B339DF8822093F83A33FB
S3150801E8B09B1A1D060BD54FF47A710020E9F7F0FC77
S3150801E8C009F11001421C04F16C00FEF7DAF8022383
S3150801E8D08DF8543004E0304614F08CFE0028D7D168
S3150801E8E0204610A9FDF7F6FA74E6304614F082FEC2
S3150801E8F007460028F4D05921284608AAEAF703FE54
S3150801E9000646002876D1DFF894A1DAF84C35002BB3
S3150801E91070D083468046CDE91F002190BDF82210AC
S3150801E92041B9B8F1000F40F0AD80BBF1000F61D0DD
S3150801E9301FA9A9E0294608AA16A8EAF75DFD002835
S3150801E94058D19DF85930A3B99DF85830BBB1052B5C
S3150801E9500FD1B8F1000F4DD1BBF1000F4AD10123F8
S3150801E9602846BDF8201007AAEAF707FE002841D174
S3150801E970B846BDF85C1008A8E9F774FCCEE7B8F10B
S3150801E980000F37D1042328460BAA08A9E9F73FF94E
S3150801E99080BB9DF82D30012B2CD99DF92E309DF881
S3150801E9A02EB0002B0CDB1BF0400F1AD1BBF10B0F5D
S3150801E9B050D007D8BBF1090F2ED0BBF10A0F36D0BC
S3150801E9C0BB46D6E7BBF1400FFAD19DF87C30DDF89E
S3150801E9D02F0043F001038DF87C30E8F79FFE209065
S3150801E9E0EEE707232846BDF820100BAAE9F739F800
S3150801E9F00028E7D0204610A9FFF76CFC94F8BC3133
S3150801EA000546012B04D0E378180701D40DF0F2FB73
S3150801EA10002D3FF45CAF63E79DF87C3043F00203B9
S3150801EA208DF87C309DF82F308DF88430C8E7FF22A9
S3150801EA309DF87C3043F004038DF87C309DF82F3027
S3150801EA4003EB83135B007F339BB2B3FBF2F38DF8C1
S3150801EA508530B5E79DF87C307F2243F008038DF8B1
S3150801EA607C3082239DF82F1013FB0123FF22B3FB71
S3150801EA70F2F36FF07F02823B9342B8BF13468DF8DB
S3150801EA8086309DE79DF81C603246DAF84C55DAF86F
S3150801EA90503509F11000A847ACE700BFF03F002048
S3150801EAA005F12C0B5846FAF7A7FD0021064606AADA
S3150801EAB02846EAF7E7FD00287FF412AF94F82131DA
S3150801EAC0042B3FF40DAF122128460DF11602EAF781
S3150801EAD0D9FD00287FF404AFBDF81630012B7FF667
S3150801EAE0FFAE8DF88400042128461FAAFBF728F8F3
S3150801EAF000287FF4F5AE9DF88420082A7FF4F0AE4D
S3150801EB0004F596711FA820F083FD00287FF4E8AE6E
S3150801EB10DFF82094514616A8EBF77BFE99F8593091
S3150801EB20022B0BD116A909F18000EBF77BFE28B160
S3150801EB3094F8203143F0010384F8203128460BA9C3
S3150801EB40FBF764F800287FF4CBAE102128460DF1B7
S3150801EB501302EAF758FD00287FF4C2AE0C220F21F2
S3150801EB6028461FAB9DF81370EAF7B3FC00287FF41B
S3150801EB70B7AE9DF87D30092B02D8072B7FF4B0AECE
S3150801EB80284605A9FBF760F830B117287FF4A8AE27
S3150801EB904FF6FF73ADF81430643676B226EAE67698
S3150801EBA0F6B2B74228BF3746012694F852318DF896
S3150801EBB0546003F00F03032B35D116A904F59A7097
S3150801EBC0EBF730FE78BB3846FAF724FD94F858314E
S3150801EBD0BDF8181003F0030CC3F38103634528BF7E
S3150801EBE063469842BDF8162040F0B980B4F8503112
S3150801EBF0C1F30801C3F30803B1FA81F0B3FA83F349
S3150801EC0040095B0998420BD19DF87E30C4499B099E
S3150801EC10CB5694F97A11994200F09B8003DB5FE6A3
S3150801EC2000297FF45DAE284608AA07A9FAF7D7FF97
S3150801EC3000287FF455AE0321284604F27112FAF72B
S3150801EC407FFF064600287FF44BAE04F59A755146B8
S3150801EC50284604F5AB79EBF7DCFD4846EBF7ECF90A
S3150801EC60B4F8583104F5AD7003F0F00343F4FE43EC
S3150801EC70A4F85831EBF7E0F904F5AE70EBF7DCF9D7
S3150801EC805846FAF7B9FC01464846FDF7E4F984F80F
S3150801EC905361E8F779FCBDF81830C4F83C01A4F8CB
S3150801ECA05031079B9DF81300C4F84031C4F8483128
S3150801ECB0089B0321C4F84431BDF81630A4F8543131
S3150801ECC094F8523143F0F00384F85231FAF7A2FC72
S3150801ECD094F8583160F3830384F85831284601F0D3
S3150801ECE0D3FC9DF882308E4A84F86E31BDF8143013
S3150801ECF0C4F84C81A4F86F319DF87E309B09D35C2A
S3150801ED0084F87A319DF87F3084F87B31BDF88030FC
S3150801ED10A4F87C319DF87D30092B40F2AC80BDF812
S3150801ED2085305BBAA4F87E319DF8873084F8803146
S3150801ED3004F5C273DDE90B0183E803009DF884300D
S3150801ED4084F88171012B8CBF0023012384F88C314F
S3150801ED50C6E59DF87F1094F87B31994202D03FF6BB
S3150801ED6062AFBDE5B4F854319A42F8D19DF87D30C9
S3150801ED70B4F87E21092B0ED9BDF885305BBA9BB252
S3150801ED8093420DD19DF8876094F88031B34209D03A
S3150801ED90BFF4A6AD47E7B2F5A06FF5D04FF4A0636F
S3150801EDA09342DCE79DF8802094F87C319A42D6D1CB
S3150801EDB09DF8812094F87D319A42D0D199F85B303B
S3150801EDC0190754D4D9F8681056484FF41B52002332
S3150801EDD0A1FB00011FF036F8431C41F100028946E8
S3150801EDE003FB01FC4FF41B5102FB00CCA3FB0032D1
S3150801EDF00646A3FB010E944401FB0CE10023494A94
S3150801EE001FF020F89DF815309DF814E003EB8303F5
S3150801EE105B00A3FB06C203FB09230393AEFB002396
S3150801EE201CEB020294F870C10EFB01330CEB8C0C3F
S3150801EE304FEA4C0CACFB06E60CFB096694F86FC16D
S3150801EE400292ACFB00900CFB0100039A42EB030310
S3150801EE501EEB090E029A46EB00069E4208BF96452E
S3150801EE6005D0724573EB0606FFF4DDAE38E594F876
S3150801EE708131BB428CE74FF4A063A4F87E310123AC
S3150801EE8054E728461FAAFAF7F5FE17283FF460AC9F
S3150801EE9000283FF45DAC23E5012128461FAAFAF7AD
S3150801EEA0E9FE2148FDF74CFE1F4816A9FAF702FEAE
S3150801EEB004F59A731F461D4A04F5B67C164618686A
S3150801EEC05968083303C663453246F7D11868306076
S3150801EED01B7938463371FDF715FB154B284603F5A3
S3150801EEE08056B6F8BB2016A9A3F8FC2EBDF820302B
S3150801EEF0A6F89C30FFF740F9BDF82C1006F158002A
S3150801EF00FEF79AFC96F85B5015F0080506D12846D7
S3150801EF100DF0CEFC28460EF09FFCD8E40120FAE756
S3150801EF201426040840420F00484000207040002083
S3150801EF30F02F0020F03F00200323142128460BAAB6
S3150801EF40EAF7C8FB00287FF4CBAC0823162128462C
S3150801EF5016AABDF82D60EAF7BDFB00287FF4C0AC00
S3150801EF601521284608AAEAF78DFB00287FF4B8ACD4
S3150801EF700223B44D8DF85430BDF8583076BA95F859
S3150801EF80527EF6B2CBB305F6545116A8ECF756FFE6
S3150801EF90BE4255D1BDF82020B5F8503E9A424FD110
S3150801EFA00028FFF69DAC4ED0A74B93F85930012B9C
S3150801EFB03FF496AC1FA80DF005F9002861D094F826
S3150801EFC0D05116A8ECF74AFE012D05D1D4E97623CE
S3150801EFD082428B41BFF484ACBDF82030C4E9760186
S3150801EFE0A4F8D2310123FA2184F8D16184F8D03109
S3150801EFF004F5F070E9F707FD72E4DDF85A8005F6C5
S3150801F000545116A8ECF71AFFB8F1000F0BD0BE42FF
S3150801F010C0D0002816DA05F5805393F85930012B2C
S3150801F0207FF45EACC6E7BE42BDF85E3005D1B5F8E1
S3150801F030501EBDF82020914211D0B3F5807F13D020
S3150801F04000281CDBB6D14FF6FF717F4AB2F82E367F
S3150801F0508B423FF445AC0133A2F82E3640E4B3F5B2
S3150801F060807F3FF43DAC9BE7304600210CF04CFF16
S3150801F0700022304609F110010CF0FAFE30E4724B19
S3150801F080CBE716A91FA8ECF7D9FE002897DBE8F706
S3150801F0907BFAD5F8A42D6D4B9A4290D0D5F8A03DB0
S3150801F0A0C21A002ABFF61CAC4EF65F221B1A9342FF
S3150801F0B085D815E4304614F09DFA00230746607892
S3150801F0C08DF89C308DF8A5308DF8783014F04FFA0C
S3150801F0D020B994F80831012B7FF402AC00212846A7
S3150801F0E008AAEAF7CFFA00287FF4FAAB09F1100368
S3150801F0F00DF1A60209F1200953F8041B4B4542F804
S3150801F100041BF9D11FA80021FAF791FA0B21FAF786
S3150801F1108EFA032128460DF19D02FAF711FD30B149
S3150801F12017287FF4DDAB00238DF8A53009E004210B
S3150801F1301FA8FAF77CFA0821FAF779FA0521FAF7EE
S3150801F14076FA04F128039E426AD11121284607AAB4
S3150801F150EAF759FA002842D017287FF4C1ABB4F868
S3150801F1604420BDF820309A427FF479AB7FB120461E
S3150801F17010A9FFF7AFF800287FF4B2AB1021284693
S3150801F18006AAEAF740FA80B317287FF4A9AB2846FE
S3150801F1900BA9FAF759FD18B955211FA8FAF747FA25
S3150801F1A00D2128460BAAEAF7AEF948BBBDF82E6031
S3150801F1B02846202E28BF202616AB3246BDF82C102D
S3150801F1C014F0A2FA16AB1D468DF878601E44AE42BD
S3150801F1D019D015F8011B1FA8FAF729FAF7E79DF8C0
S3150801F1E01C30012BBBD1FFF73ABB9DF81800FAF783
S3150801F1F011FA94F84C3060F3830384F84C30C6E76F
S3150801F20017287FF46DAB0223204610A98DF85430D8
S3150801F210FCF760FE20461FA916F038FBFFF760BB16
S3150801F22000211FA88DF89C10FAF701FA1121FAF7A7
S3150801F230FEF99DF8A530002BECD00421FAF7F7F971
S3150801F240E8E700BFF02F0020F03F00208C3D0020AA
S3150801F2500027042128461FAA8DF88470FAF770FC46
S3150801F26020B117287FF43CAB8DF884706378012BA5
S3150801F27002D0022B33D0FEE794F80831012B7FF434
S3150801F2802FAB9DF88420082A7FF42AAB04F58C71EC
S3150801F2901FA820F0BDF900287FF422AB11212846CA
S3150801F2A00DF11602EAF7AFF930BB2046FDF7CCFCA3
S3150801F2B0002304F5DA75A4F8B4312846FAF742FDB5
S3150801F2C094F8BC31012B05D14FF47A7104F5DE703F
S3150801F2D00DF0C4FA2846FDF7ADF9FFF701BB04F1B5
S3150801F2E028039E427FF4FCAA94F8463003F00F03E4
S3150801F2F0072BD3D0FFF7F4BA0121284616AAEAF755
S3150801F30082F900287FF4ECAA9DF85830E27843F098
S3150801F31004039A427FF4E4AA6378012B02D0022BF4
S3150801F3201AD0FEE728460BAA08A9FAF758FC0028BE
S3150801F3307FF4D6AA089B07216363E3630B9B04F159
S3150801F3402800A36301F0A0F92046A188FEF774FA04
S3150801F350237843F0010323700021284607AAEAF718
S3150801F36091F900287FF4BCAABDF81C30A2889B0A33
S3150801F370B3EB922F99D1204610A9FEF7ABFF0028CF
S3150801F3807FF4AEAA0221284616AAEAF78FF938B3FE
S3150801F39017287FF4A5AA284606A9FAF755FC0028D6
S3150801F3A037D017287FF49CAAE67816F0080636D1D6
S3150801F3B030460DF07DFA30460EF04EFA10212846F9
S3150801F3C006AAEAF720F960B317287FF489AA9DF8F7
S3150801F3D08430002B14BF012302238DF8543067E7CC
S3150801F3E094F89C11169B012904D11BB9B448FDF761
S3150801F3F0D9FB5DE7052B38BF0523B3F5E14F28BFD8
S3150801F4004FF4E143E2689342C5D0E3600EF07AF81F
S3150801F410C1E7AC4BBDF81820A3F8FC2EC4E70120C0
S3150801F420CAE79DF81800FAF7F5F894F84C3060F336
S3150801F430830384F84C30CAE7304614F0DBF8002819
S3150801F4403FF44EAA5821284606AAEAF75CF8074669
S3150801F45000287FF445AA8DF859008DF82D00BDF8CE
S3150801F4601A30002B3DD19DF859309BB19DF85A10A1
S3150801F470002900F002819DF85B30D6F82C80002B1C
S3150801F48040F0D680FF2940F0B3808F4AF36A002BFB
S3150801F49040F0B2809DF82D303BB19DF814209DF8BF
S3150801F4A02E30D50640F1ED80FE2713208DF82C70FD
S3150801F4B014F022F8054600283FF409AA40F205137C
S3150801F4C0ADF87C304FF4567316A9ADF85830EAF703
S3150801F4D02DF9002800F007812846E8F779F9FFF7A2
S3150801F4E0F6B9294606AA1FA8E9F786FF00287FF478
S3150801F4F0F7A99DF87D305BBB9DF87C30DDF87E0071
S3150801F500032B07902AD0072B22D14FF0030A0BAA07
S3150801F5109DF859309DF82D100B437FF4E1A9BDF8EC
S3150801F52080305345FFF4DCA95346284607A9E8F776
S3150801F5306EFB804600287FF4D3A9514607A8E8F751
S3150801F54091FE079B8DF814800893BDF822304BB9BC
S3150801F550BDF8801006A8E8F785FE80E74FF0040A93
S3150801F56016AAD5E7012328460DF1160208A9E8F7D8
S3150801F5704EFB0028ECD19DF816300B2B25D008D868
S3150801F580092B12D00A2B18D09DF8143043F010031A
S3150801F59008E0402B21D19DF81430DA073FF5A0A9E0
S3150801F5A043F001038DF814301DE09DF814309807D7
S3150801F5B03FF596A943F00203F4E79DF8143059077D
S3150801F5C03FF58EA943F00403ECE79DF814301A07BA
S3150801F5D03FF586A943F00803E4E71B06D4D50121C4
S3150801F5E008A8E8F73FFE012108A8E8F73BFEACE7C3
S3150801F5F042464AB903274DE71968F162D2F86815F8
S3150801F6001960C2F8683541E71079884200F0F4803C
S3150801F61013461268EDE71968002900F0F6800968B3
S3150801F6201960F2E098F804208A4228D0D8F80080B8
S3150801F630B8F1000FF6D12448D0F868550DB901275D
S3150801F64028E72A6803F00F03C0F868256A79297143
S3150801F65022F00F0213436B719DF8143005F108006F
S3150801F660AB71EAF7E9FC05F10A00EAF7E5FCF36A8A
S3150801F670C5F80C802B60F5620CE7FE270AE702271E
S3150801F68008E7012B22D1D0073FF50EAF9107C2F348
S3150801F69080030ED413B917077FF506AF9DF814201A
S3150801F6A03146B08BF7F76AFF074600283FF4FDAEEF
S3150801F6B0FAE6002BF2D015073FF5F6AEEEE700BFE6
S3150801F6C048400020F02F0020F03F0020002B7FF457
S3150801F6D0EBAE90073FF5E8AE51073FF5E5AE1307E8
S3150801F6E03FF5E2AEDCE728461FA9EAF71FF800282E
S3150801F6F07FF4F2AE28460BA9E8F704FC00287FF44C
S3150801F700EBAE284609F11001FEF72AF900283FF465
S3150801F710DEA8E1E6304613F06DFF074600283FF400
S3150801F720DFA8DFF8F480D8F85435002B3FF4CFA8CA
S3150801F7305821284616AAE9F7E6FE064600287FF468
S3150801F740C6A8BDF85A306BB9002E3FF4C0A8D8F840
S3150801F7505435D8F858259DF82C1009F1100098470A
S3150801F760FFF7B5B8294616AA1FA8E9F745FE0028E6
S3150801F7707FF4ADA89DF87D308BB99DF87C30052BBB
S3150801F7800DD1002E7FF4A3A801232846BDF85810F1
S3150801F7900BAAE9F7F2FE00287FF499A83E46BDF8C0
S3150801F7A0801016A8E8F75EFDCBE7304613F022FF76
S3150801F7B000283FF495A85A2128461FAAE9F7A3FE6F
S3150801F7C000287FF48DA816AA012328461FA9E8F761
S3150801F7D01EFA024600287FF483A805F12C00F9F7E2
S3150801F7E00BFF95F82E709DF8581000903B46304651
S3150801F7F001F01CF9FFF76BB8002B7FF40CAFB8F1D9
S3150801F800000F02D0D8F80030F362034BD3F868151D
S3150801F8101160C3F868253DE6F03F002030B4044680
S3150801F820184643B901F1310323F001035B78B3F1BB
S3150801F830440018BF012065681DB1AC46A36830BCF9
S3150801F840604730BC7047FEE703681878704710B503
S3150801F85003681A78022A1ED09A79022A19D1597987
S3150801F8600F2916D8EFF31184302282F31188012269
S3150801F87009488A40C0F82024C0F824240020074AF1
S3150801F88042F8310002EBC102506084F31188BFF3DC
S3150801F8906F8F02221A7010BD00E0035088560020AF
S3150801F8A0F8B504460127124D0CB314F001000BD02C
S3150801F8B0002024F0010405EBC0021668002EF3D0DF
S3150801F8C05168C0B2B047EFE72246013020284FEA17
S3150801F8D0520201D0D307F8D507FA00F20F2824EA15
S3150801F8E00204E8D9421E05EBC2021038E5E7F8BD65
S3150801F8F088560020074BD3F82404D3F8202403F5AF
S3150801F9000053104000F0553020F0A040C3F8200401
S3150801F910C6E700BF00C00350074BD3F82404D3F849
S3150801F920202403F50053104000F0AA3020F02040AF
S3150801F930C3F82004B4E700BF00C003501A4B2DE9F1
S3150801F940F0411F6D5B6D1F4000D5FEE701260025BE
S3150801F950164CDFF8608037421CD0C8F8506023681F
S3150801F960C3B1A168284601316268A1609847637BE3
S3150801F970012B0FD170B90E4B03EB451393F87C217C
S3150801F98060F3410283F87C2193F88C2160F34102EC
S3150801F99083F88C210135082D4FEA460604F1100437
S3150801F9A0D9D1BDE8F08100BF000004507857002086
S3150801F9B08856002000200450416C436910B5DA1CB2
S3150801F9C0A1F11404B2FBF4F203EBC2000330B0FB5D
S3150801F9D0F4F0B1F5805F00F1010002D1012828BFDA
S3150801F9E00120013010BD73B506460D460024F36BA0
S3150801F9F001225B6901A928199847019B013309D19D
S3150801FA00736C043462196A405B421A42EFD020468D
S3150801FA1002B070BD0024FAE72DE9F341154690F8C6
S3150801FA2042201E46012A0CBF022304235D43CF7DD3
S3150801FA302C1D844605F00205BFB915B1012724F02E
S3150801FA400304486808342044DCF83C30012A5B6921
S3150801FA5027D101A9984717B1BDF806300193BDF81A
S3150801FA600430336002B0BDE8F08155B124F00304D7
S3150801FA7000230D7E01F1200ED8B2854203D800205D
S3150801FA80E2E72F46F4E73EF8330003F10108A04206
S3150801FA9004D901EBC303D8690834D4E74346241AC9
S3150801FAA0EAE70122314602B0BDE8F0411847D01E07
S3150801FAB0009B42424241187E824211D11A688A420B
S3150801FAC00ED85A688A420BD35A6901325A61D3E968
S3150801FAD0030282423FBF986840F8221001321A6138
S3150801FAE00120704700234FF0FF3230B544689C422D
S3150801FAF002D10023037230BD016801EBC30541F849
S3150801FB0033206A600133F2E70023F0B545689D4268
S3150801FB1010D00468DF0054F8332004EBC306B2F1B1
S3150801FB20FF3F08D0C2F31302914204D14FF0FF33CD
S3150801FB30E3517360F0BD0133E9E710B5032A029C6E
S3150801FB4007D1A26A5340626C5242134201D1FFF7B0
S3150801FB50DBFF012010BD0023F0B545689D4202D1A7
S3150801FB604FF0FF300EE00468DE0054F83340671C9E
S3150801FB7009D0C4F31307B94205D1240D14700368DB
S3150801FB8033445868F0BD0133E8E773B5164600F10A
S3150801FB9008040D46204609680DF10702FFF7DBFF49
S3150801FBA0032E05D16B68834202D12046FFF7ACFFCD
S3150801FBB0012002B070BD00BF2DE9F043466886B347
S3150801FBC0056898464FF0000CA946AE4655F83C40E4
S3150801FBD00CF1010CC4F31307013401D0B94217D053
S3150801FBE066450EF1080EF1D12F46002403E0A64220
S3150801FBF007F1080712D055F8343001340133F6D12C
S3150801FC00C1F3130141EA0851C7E90012BDE8F083BF
S3150801FC1041EA0851CEE90012BDE8F083B8F1030FB5
S3150801FC2003D101230372BDE8F083002303E09E425A
S3150801FC3009F10809F5D055F833400133C4F30754DF
S3150801FC40032CF4D1C1F3130343EA0853C9E900327B
S3150801FC50BDE8F08308B508301346D1E90012FFF76D
S3150801FC60ABFF012008BD4FF48032064B00209A668F
S3150801FC7041F6713203F51C33DA63012203F50053A9
S3150801FC80DA6070470090005041F671320121064B47
S3150801FC90DA6303F50052D1600022DA634FF4803249
S3150801FCA0A3F518339A66704700000350704737B5B5
S3150801FCB0054601F10C04436901A90122204698472A
S3150801FCC0BDF804300122009369462046AB6998477E
S3150801FCD003B030BD202A0B681EBF4FF0FF3191409B
S3150801FCE08B43590801F055315B1A03F033319B08F0
S3150801FCF003F033330B44017803EB13130A444FF033
S3150801FD00013103F00F334B43A2EB136202707047C4
S3150801FD1037B5044600251B22011D0DF107008DF894
S3150801FD200750FFF7D7FF63689DF80720B2EBD36F3B
S3150801FD3003D123F0784003B030BD1B2204F108013A
S3150801FD408DF80750FFF7C6FFA0689DF80730B3EB9B
S3150801FD50D06F0ABFC0434FF0FF3020F07840EAE782
S3150801FD602DE9F0430646994689B0036908460F46C8
S3150801FD70904698470446002867D1D9F804305B0AAB
S3150801FD80012B22464FEA530304F10104F8D899F8E6
S3150801FD90035099F802302D03DB0203F4006305F4DE
S3150801FDA080551D43B9F800304FF00009C3F30A0323
S3150801FDB052032B4492B29D18294B0DF107001B22C1
S3150801FDC028F0784402A9039302948DF80790FFF767
S3150801FDD081FF9DF807306FEA054544EAC364049438
S3150801FDE06FEA08041B2224F0784402A902948DF8CC
S3150801FDF00790FFF76FFF9DF807306FEA154544EA4C
S3150801FE00C3644FF0FF3301220594069307A9B3692A
S3150801FE10079507F11000984701220446B36905A919
S3150801FE2007F1080098470122484518BF0446B369F7
S3150801FE3004A9381D98470122484518BF0446B369E5
S3150801FE40384603A9984728B1044639463046FFF78C
S3150801FE502EFF01E0002CF8D1204609B0BDE8F08359
S3150801FE6001009AB2174B10B50446D3F8200100F0E9
S3150801FE70070006281FD8DFE800F0040A0E2112162B
S3150801FE801A00012304B1206001B10B6010BD0E4BAD
S3150801FE9018680523F6E70C4B58680323F2E71FF0A9
S3150801FEA0BFFC0723EEE7084B18680623EAE7064B6B
S3150801FEB058680423E6E700231846E3E702230348C4
S3150801FEC0E0E700BF0080005060640020002D31018A
S3150801FED04FF480322DE9F843204B4FF001089A661A
S3150801FEE041F671331E4D0446EF69EB631D4B002144
S3150801FEF0C3F80C800223686121202B61174020F08A
S3150801FF009BFDDFF86890064640B1C9F80C8007B139
S3150801FF10E96301360CD16E20BDE8F883212020F073
S3150801FF208BFDC9F80C8007B1EE63431CF3D008B109
S3150801FF307120F1E70C4B9A6801230A3202F01F027D
S3150801FF40934023F0030323449C4201D10020E3E7B5
S3150801FF5054F8042B0132F7D03E20DDE7009000501B
S3150801FF6000000350001003500080E00F00200350EA
S3150801FF7000280CDB01220649430900F01F008240D4
S3150801FF80203341F82320BFF34F8FBFF36F8F70479C
S3150801FF9000E100E0D0F8A4301B689A6C5206FCD543
S3150801FFA0002059647047D0F8A4301B689A6C120671
S3150801FFB043BFDB6B00200B701B207047D0F8A430C1
S3150801FFC001221B6819B103F580531A65704703F5B9
S3150801FFD000531A65DA64704780F89910704790F8EB
S3150801FFE09900704790F89600704710B51A4C94F826
S3150801FFF060317BB394F85930012B08D0002384F87B
S31508020000603104F5B270BDE81040E8F770BD94F8A7
S3150802001061315BB904F5B27084F86031E8F767FDBF
S3150802002004F15800BDE81040FCF70EBE013B05215D
S315080200304FF47A7084F86131E8F740F9014604F51D
S31508020040B270E8F7E0FC04F158000321BDE810405D
S3150802005015F048BB10BD00BFF03F0020044890F8D9
S31508020060F411012902D15830FCF79CBD704700BF34
S31508020070F03F00201FB5E7F787FA214B93F859207E
S31508020080A2B393F80C22013A012A15D8D3F8102202
S31508020090821A002A10DB93F80D22032A05D9194879
S315080200A005B05DF804EBFCF7CFBD03F1580005B0C7
S315080200B05DF804EB15F0E8BB93F81422013A012A1D
S315080200C017D8D3F81822801A002812DB93F81532AB
S315080200D0032BE4D848F2FE02002302A80A49CDE916
S315080200E00023FAF797FA684613F047FA05B05DF85F
S315080200F004FB064805B05DF804EBFCF79BBA00BFA3
S31508020100F03F00204840002070400020FC410020BB
S31508020110F8B5184C94F82852012D2AD104F1580042
S31508020120002194F82972B4F82A62FCF73BFD0020F4
S315080201300021A4F5805393F8522EB3F8503EC4E931
S315080201408C013946A4F5DC70A4F82A3284F82922EF
S31508020150EAF781FD3146A4F5DC70E9F7B9FE022318
S3150802016084F82832294604F15800BDE8F840FDF71C
S31508020170FFBDF8BDF03F00202DE9F0471D46836D0F
S3150802018000F150079F4204460E46914688B078D041
S315080201902B78812B75D1AB88B0F84C205BBA9BB211
S315080201A093426ED10423304689890DEB0302E7F7A1
S315080201B058FC002865D10198E7F7B0FA02AA8246E8
S315080201C0904609F1100309F1200E944618685968F9
S315080201D00833ACE8030073456246F6D1E7F7D4F96B
S315080201E04FF6FF73A0EB0A00984228BF1846B1895A
S315080201F0738982B25B1AADF81820ADF81A30EB880B
S315080202005BBAADF81C3099F824308DF81E30E38FAE
S315080202100133E387236C03442364B4F846309342DC
S3150802022038BF1346A4F84630B4F84430934228BF80
S315080202301346A4F8443094F848305BB9E38D4BB9B9
S31508020240EB88B4F84E205BBA9BB2934202D1384689
S31508020250E8F74DFC236A13B14046A16A984794F819
S31508020260483073B9E38D63B9EB88B4F84E205BBAAC
S315080202709BB2934205D1636A1BB1A16A04F13C00A1
S31508020280984708B0BDE8F08710B5044644EA01036A
S3150802029013F00303084609D1934201D1002010BD89
S315080202A054F8231040F823100133F5E7214692004B
S315080202B01EF0D8F9F2E738B505464C782B790234A0
S315080202C0E4B29C4208460ED82A6891420BD31A44D5
S315080202D021448A4207D3521AD2B21EF048F92B7920
S315080202E01B1B2B7138BDFEE738B5202204460D4686
S315080202F00C3000211DF097FF4FF0FF33C4E900359B
S31508020300A36038BD13B5084C002204F59F63009319
S31508020310D4F80815054BA4F5DC70E9F762FE00234C
S31508020320C4F8083502B010BDF03F0020754D02082A
S31508020330084608B50A8C103014F0F8F800280CBFE5
S315080203401F20002008BD096800681EF0C2B913B54F
S315080203500468A388ADF804302378022B15D00DF172
S31508020360030101A813F09AF8A2799DF80330012A2D
S3150802037013D1618843EA41034FF6E07163F03F0304
S315080203809BB28B4203D12270638002B010BD4FF636
S31508020390DF729342F8D10022F5E7002AF5D183F0FD
S315080203A001032370F1E737B50D680C46AB88ADF843
S315080203B004302B78022B21D00DF1030101A813F08A
S315080203C06DF89DF8033083F001032B706369ABB1B6
S315080203D020469847012811D1094B9C4207D1094B5F
S315080203E083F8700203B0BDE83040F7F72BBF183325
S315080203F09C4204BF034B83F87102F3E703B030BD96
S315080204002C330408885600202DE9F74F89464FF405
S3150802041080314FEA820A384A384C9166E269804648
S3150802042002EA010341F6713201210093E263344A7A
S315080204308346D16057464A4677B938460122314B38
S31508020440DA60009B13B100222C4BDA63431C3DD0C1
S31508020450002846D071203AE00BF5005525F4FF55E1
S3150802046025F01F05C4F814B0A5EB0B05E169BD42DA
S3150802047028BF3D46490731D4164656F8041B2A4476
S31508020480A161964210D1042200212120226120F086
S31508020490D3FA0028D2D1212020F0CEFA0028CDD1D5
S315080204A03246AB447F1BC7E708210846019220F073
S315080204B0C3FA019A70B1042301222361114BDA604F
S315080204C0009B0BB10023E3630130C3D16E2003B056
S315080204D0BDE8F08F56F8041BA161D2E74FF0FF3052
S315080204E0ACE75246494640461FF092F8002814BF28
S315080204F03D200020EBE700BF0090005000000350AB
S31508020500001003500020035070B504460D46EFF361
S315080205101186302383F3118890F8963069B13BB976
S3150802052090F8983023B120F0A1F8012384F8963088
S3150802053086F31188BFF36F8F70BD002BF8D020F0B9
S31508020540A9F884F89650F3E72DE9F743D0E904347D
S3150802055004F17C07D0F80C900646013B10220021D4
S315080205603846D4F874809DB21DF05DFE0B4BC5F378
S315080205700A0543EA0513C4E91F39012394F87800EA
S3150802058084F88C30C4F884803A46054B009604F108
S31508020590640113F067FD03B0BDE8F0830000103074
S315080205A0A5050208536910B514460022D3F890002F
S315080205B083F88C2028B10168C3F890100260FFF70F
S315080205C0C3FF63681BB100212046A2689847002032
S315080205D010BD034693F89420084610B5FAB10A6985
S315080205E0B2F5006F1DD8EFF31184302282F3118819
S315080205F093F88C204B617AB103F19002D3F89030CC
S315080206003BB90360106084F31188BFF36F8F002033
S3150802061010BD1A461B68F3E7FFF796FFF3E70E20AD
S31508020620F6E72120F4E770B50F4C94F87232CBB98D
S3150802063002220E4E0E4D3046AD1BC4E99D6584F866
S315080206409022C4F89832C4E9A266ECF793FF08220E
S315080206500123013DED087580C4E99F22C4F884325E
S3150802066084F8723270BD00BF88560020F0650020FB
S3150802067000000820838823B9036813B906200CF002
S3150802068075B9062010F0BABE10B5837F044603F08A
S315080206900F028A420FD061F30303837703F00F0335
S315080206A0072B08D10448E9F7A0F84FF47A72002319
S315080206B01DF0C8FB606310BD0420002037B5A74CA7
S315080206C094F8AA3194F8792103F00F03032B0BD17E
S315080206D0022A12D0032A07D194F87E3101A88DF88E
S315080206E004300BF0CBFDD8B994F87931042B3ED8F7
S315080206F0DFE803F03A3F52B8C20001A80BF090FBBC
S3150802070000B1FEE79DF8043053B994F8B03103F00E
S315080207100302C3F38103934228BF1346032B3BD13B
S3150802072094F85930022B0AD194F87A31012B02D95E
S31508020730033B022B03D894F87831D907D4D58848D5
S31508020740FDF75EFC0028CFD194F87931042B07D146
S3150802075040F2E241834803B0BDE83040E8F753B9B6
S31508020760042384F87931F3E70023A4F8803103B02F
S3150802077030BD02237C48002184F87931FFF784FFD3
S3150802078094F8783101206FF3000384F87831002356
S3150802079084F87D310DF060F894F87D31013384F8E0
S315080207A07D3194F87931022B00D0FEE70DF1020073
S315080207B00BF036FB60B99DF8024020460DF0C6FDE7
S315080207C0012CC5D014F0FD0FD1D140F2EE21C1E7BC
S315080207D00023019394F85930022B4DD094F87B31BB
S315080207E0002B49D1614D95F8453DDA0704D505F642
S315080207F05450EBF723FA18B194F85B309B073BD4B5
S3150802080001A80BF013FD10B1D5F8543E0193FF234E
S3150802081000258DF803300DF1030101A8E9F7C2FAA4
S315080208202B4601350028F6D0DBB25A1C4FF4AF63CB
S31508020830B3FBF2F3502B38BF5023A4F8823194F855
S3150802084079310120032B1CBF032384F879310DF07B
S315080208507DFDFF2384F87E31B4F8821100297FF4E6
S3150802086079AF84E742480BF009FD28B9012194F8CB
S315080208707E010BF049FBEFE794F8793113B10023B7
S3150802088084F879313848FBF73DFE94F87B51012DFF
S3150802089016D0022D2AD094F87A31052B3FF667AF87
S315080208A001A252F823F000BFFB0802084F0902080A
S315080208B06F0702084F090208FB080208FB0802082C
S315080208C02C48EAF743FCA0B912F0BEFE022384F8CC
S315080208D07B3194F879313221012B4FF0000018BF91
S315080208E084F87951E7F7DCFC411CB7E72248EAF7B6
S315080208F02DFC002384F87B31CDE794F85930022B7E
S315080209000ED194F85B4014F008047FF430AF204609
S315080209100BF0CEFF204603B0BDE830400CF09CBF7A
S3150802092094F82832022B0CD1002394F82912134882
S3150802093084F82832EAF78FF9B4F82A120F48E9F749
S31508020940C7FA0F4803B0BDE83040FCF77DB900216D
S31508020950034803B0BDE83040FBF7E4BDF03F002092
S3150802096068410020D84100207C410020F02F002059
S315080209706E410020603D0020343D0020383E0020B4
S315080209804840002038B5037804460D46082B30D86F
S31508020990DFE803F0050D202531383E114500887F32
S315080209A000F00F00072814BF0020012002E00846C5
S315080209B0E9F711FAF0B14FF6FE726388934202D054
S315080209C0AA8B9A4215D1606870B32946BDE83840A9
S315080209D0E9F728BF8B7F03F00F03042BE3E78B7F2E
S315080209E003F00F03012BE6D00C3303F00F03032B9E
S315080209F0E1D9002038BD8B7F13F00F0F0CBF012001
S31508020A000020D7E78B7F13F00F0018BF0120D1E72C
S31508020A100846E9F7E0F980F00100C0B2CAE78B7F21
S31508020A2003F00F03052BBEE70120E3E72DE9F041AA
S31508020A300D4616461F469DF91880C46A0CB9BDE8CC
S31508020A40F08115B12379AB4212D1032E10D8DFE813
S31508020A5006F0021F363263799A0709D4DB0709D4EE
S31508020A602468002CEBD0002DF5D02379AB42F2D0C6
S31508020A702468E3E7E3683946013304F10A00E360D0
S31508020A80FBF7D7FA414604F10800FBF7ADFAE7E7A8
S31508020A906079C0F340000028EAD0E368394601339A
S31508020AA004F10A00E360FBF7C4FA414604F10800C0
S31508020AB0FBF79AFADCE76079C0F38000EBE7607926
S31508020AC0C0F3C000E7E74378012B0AD9C07807309C
S31508020AD0C010821C934204D31028CCBF00200120E8
S31508020AE0704700207047C378073300EBD300043001
S31508020AF0704738B505464078A8B195F90230002BFB
S31508020B0012DA012819D0841C4AF6AA70EB784AF63A
S31508020B10AA72801A18BF012003EB80030433A3428A
S31508020B208CBF0020012038BD052806D9841CD5F8BB
S31508020B300300E6F7F3FDEB79E9E70020F3E790F91E
S31508020B400230002BB5BF02230623C078C0791844A9
S31508020B50C0B270472DE9F0410E461746044602F127
S31508020B60FF38A31C9E421FD363789D1C2544AE42C0
S31508020B701AD32278B7EB520F0BD1B8F1050F10D85A
S31508020B80DFE808F0030F0D0F090D2046FFF79BFF5C
S31508020B9038B92C46E5E72046FFF7ABFFF8E7012B05
S31508020BA0F7D92046BDE8F0810024FAE7014608B5E0
S31508020BB0FFF799FF4B78032202331944BDE8084030
S31508020BC0C8E72DE9F84306464FF0FF37046832793D
S31508020BD0336813449C4201D3BDE8F88323785A0844
S31508020BE0012A07D0052A5AD0DB0715D563780233BE
S31508020BF01C44ECE72046FFF776FF6FF0010805462E
S31508020C0063789A1C224495420BD3E2780732A3EB07
S31508020C10D203DBB2022BE9D121463046FFF74BFB62
S31508020C20D5E72B7895F80190D9072ED55B0821D000
S31508020C30022B08D12046FFF7B9FFA9F10201AA1C27
S31508020C4029448A4203D909F102094D44D8E753884F
S31508020C505BBA03F4406353B148B1837803F00F03D8
S31508020C60A3F580635BBA9BB222F8043BE9E74FF629
S31508020C70FF63F9E709F1FF32AB1C2A449342E2D833
S31508020C801F7083F801800333F8E729463046FFF7D9
S31508020C9012FB6378023BA3EB09036370B0E72046B5
S31508020CA0FFF74DFF851C25446278931C23449D4219
S31508020CB004D32046FFF743FF8242ACE72B7895F828
S31508020CC00180DA070DD55B08062B06D1A37803F057
S31508020CD00F03A3F57C735BBA6B8008F102084544DF
S31508020CE0E2E729463046FFF7E6FA6378023BA3EBCA
S31508020CF008036370D8E773B50446009210460022CB
S31508020D001D468DF804201B7822790E4693428DF8EB
S31508020D10053010D321681DF0A5FC2379012E8DF824
S31508020D20043002D16846FFF74CFF00209DF80430D4
S31508020D302B7002B070BD0320FBE7034610B50068AE
S31508020D400C46197904220144FFF704FF30B1224602
S31508020D50BDE8104041780230E8F7CCBC10BD10B5AA
S31508020D601446FFF7EAFF58B14378012B0AD9FF2B3D
S31508020D7014BF02230423C35A00205BBA238010BD82
S31508020D801720FCE70620FAE738B5456804460DB988
S31508020D90172038BD806868B14278023210446978F3
S31508020DA0062202312944FFF7D5FEA0600028EFD0BB
S31508020DB00020EEE72846FFF7C2FE831CE818EEE796
S31508020DC010B50A460446D0E90001FFF7C3FE18B17A
S31508020DD0437802330344236010BDF7B504460192F3
S31508020DE00D46002210270126BDF8063022700F2B69
S31508020DF011D90E2A0FD817FB02621023224401A921
S31508020E002846E6F704FF102101A8E7F72BFA22780D
S31508020E100132D2B2E8E703B0F0BD034608BA19BAFE
S31508020E20704770B5314D044695F8483E43F00103C4
S31508020E3085F8483E95F87E3E0BB90BF084FD2C4E9C
S31508020E40337A9B0706D401200CF0A8FC337A43F0C8
S31508020E5002033372012384F8D830636825491A4697
S31508020E601AB933B9234B636009E08A4210D0126972
S31508020E70F6E71A461B69002BFBD11E4B13611D4E62
S31508020E803246012120460CF011FC3669002EF7D1B4
S31508020E901948FBF7C1FA02211848FAF7EDFA20B900
S31508020EA044F64C511548FCF700FEB5F87C386BB988
S31508020EB002211348FAF7E0FA40B94FF2BF01104887
S31508020EC0FCF7F3FD10B10E48FAF776FA00210D4841
S31508020ED0FAF7D2FA014610B90A48FCF7E6FDBDE868
S31508020EE070404FF080700CF0A1BB00BFF02F0020BD
S31508020EF0F03F00203825040848400020C84000205A
S31508020F005C3800202C3900202DE9F74F0F4605469C
S31508020F1028B30378302B1BD1437803F0DF03582B11
S31508020F2016D14FF00108023500244FF0993A2646A9
S31508020F304FF00A09DFF874B02878B8F1000F0AD022
S31508020F400DF10701E7F769FBB0B103B0BDE8F08F11
S31508020F504FF00008E8E73038C0B2092801D907205F
S31508020F60F3E7A2457BEB06038DF80700F7D3A4FB4C
S31508020F70094309FB063306E0B6F1805FEFD2330177
S31508020F8043EA147324019DF807200021121953F12C
S31508020F90000328BF012114461E460029DFD115F891
S31508020FA0010F0028C8D1C7E90023CEE799999919F4
S31508020FB013B50C4610B9072002B010BD027869466F
S31508020FC02D2A0ED10130FFF79FFF02460028F3D1E2
S31508020FD04FF00041009B994201998A41EBD35B424B
S31508020FE00DE02B2A08BF0130FFF78EFF0028E3D158
S31508020FF0009B019AB3F1004F72F10002DBD2002086
S315080210002360D9E72DE9F347064600680D461746D9
S315080210109846002850D01DF0B1FB00F1010904469C
S315080210204FEA5909B8F1000F09D0B8F1010F40D0BB
S31508021030B9F1000F42D10020A5F8009036E02B88BE
S315080210404B4539D104F00104B9F1000FF3D0002C55
S315080210503AD1D6F800A00DF107019AF80000E7F791
S31508021060DCFA18BB0AF1010333609DF807301B014D
S31508021070DBB23B70D6F800A00DF107019AF8000022
S31508021080E7F7CBFA90B90AF1010333603B789DF88A
S31508021090072001341343A14507F8013BCBD0B8F129
S315080210A0020FD6D12B88A342D3D1242002B0BDE8A1
S315080210B0F0872B884B45C5D20720F7E72B88002BEC
S315080210C0F3D000F00104C2E700242346D1E713B5A2
S315080210D00C466946FFF718FF48B94FF0FF32009BE6
S315080210E09A42019A70EB020234BF0720236002B0CB
S315080210F010BD1FB54FF000639B6A03F17842B2F543
S31508021100C04F1CD21C6B04F17843B3F5C04F16D2FC
S31508021110002301A8CDE9023310F09DFA039BDB03F5
S315080211200DD5029B1A0E0AD0012A03D1C3F307432F
S315080211300A2B04D9236C04B0BDE81040184740F2C4
S31508021140011004B010BD0368D90444BF43F4806398
S31508021150036003689A0444BF43F40063036070475C
S3150802116013B5044601A80191FFF7EDFF019BA360A1
S3150802117002B010BD2DE9F04786B00546DDE90F98A5
S315080211800C4616460021182268461F469DF838A0C6
S315080211901DF049F8B9F1000F41D0B4F5885F1ED0A9
S315080211A04AF48073BAF1010F019303D12A68DBB2BC
S315080211B0059283B339466846FFF7D2FFADF8004079
S315080211C024F0FF04B4F5824F039612D12B46424609
S315080211D04946684607F098FA06B0BDE8F087BAF1BC
S315080211E0000F12D139466846FFF7BAFF0396ADF8E3
S315080211F000404FF6F872B2EBC80F4FEAC80338BF81
S315080212004FF6FF73ADF80230E0E740F2011301939F
S315080212102B680593E6E740F201130193CAE76FF0DC
S315080212208600D9E7002808DB01224309034900F0B2
S315080212301F008240603341F82320704700E100E036
S31508021240BFF34F8F0549064BCA6802F4E06213439F
S31508021250CB60BFF34F8F00BFFDE700BF00ED00E094
S315080212600400FA0508B528B1417800781FF072FA29
S31508021270002008BD2220FCE708B528B1417800788D
S3150802128012F07AF8002008BD2220FCE70B4B93F8EF
S315080212909C2262B107280CD803EB001393F8FC30A2
S315080212A04BB10123064A8340136400207047054860
S315080212B07047054870470548704700BF88560020A2
S315080212C000100450028000F0018000F0078000F050
S315080212D00B4B93F89C2262B107280CD803EB001338
S315080212E093F8FC304BB10123064A8340136400206D
S315080212F0704705487047054870470548704700BF5C
S315080213008856002000200450028000F0018000F078
S31508021310078000F0014638B508B9012038BD047DBA
S315080213202046FFF7B3FF3023634303F1A04303F5D7
S3150802133080232046DD6EFFF7CBFF0A4B9D421CBF7A
S31508021340042381F8A13091F8953091F8A1002BB1C8
S31508021350022803D1012381F8A130DFE70428DCD172
S31508021360F8E700BF2559002010B5EFF311843023A2
S3150802137083F3118800220E490B7B73B90D4902606B
S3150802138001EB02120121C2F8F03082F8FC1084F354
S315080213901188BFF36F8F184610BD0132082A01F172
S315080213A01001E9D184F31188BFF36F8F0248F3E77E
S315080213B07857002088560020048000F038B5054684
S315080213C00C46FEF7F9FA6B6CA3F11402B3F5805FCB
S315080213D002FB00F005D140F6E8736969994288BFB5
S315080213E0CC30E31DB3FBF2F3013304EBC304204410
S315080213F038BD38B5054644692146FFF7DFFF6A6CF2
S31508021400E31D143AB3FBF2F3AA69144404EBC304CA
S315080214100C34204438BD03460846EFF3108172B6F1
S31508021420024ADB6BC2F8A012DB681847885600200E
S315080214302DE9F0410646406882B0C0B10F46904693
S315080214400024336853F8345003EBC403C5F3075238
S31508021450C5F31301013504F1010406D05B68304671
S31508021460CDF80080B84710B170688442E9D302B05B
S31508021470BDE8F081036813F07E0F03D1406820F0BF
S315080214807C40704713F078001CBF03F07F03D81F17
S3150802149070474BF29A22036810B5B2EB134F044613
S315080214A013D19BB2012B15D1FEF732FC013011D0B4
S315080214B04FF6FF72E068B2EB104F4FEA10430BD1BA
S315080214C080B2C01A18BF012010BD013314BF042010
S315080214D00320F9E70420F7E70220F5E7F0B5054609
S315080214E0002687B0EC69013CB44203D80C46204674
S315080214F007B0F0BD01B14C1E6F6C2868EB6B052274
S315080215005B6901A907FB0400984701A8FFF7C1FF19
S315080215100128ECD921460136E4E70368F0B5CC1A6E
S31508021520436C0646B4FBF3F4002587B0F3693768C3
S315080215305A1E9542706C06D3736C306803FB04001E
S31508021540143007B0F0BD0134B4FBF3F203FB1244C6
S31508021550F36B05225B6901A900FB0470984701A891
S31508021560FFF797FF0128E7D90135DFE710B423F023
S31508021570030422449B070A44436C18BF04325B42A5
S3150802158082EA0104234202D05DF8044BC5E71046FD
S315080215905DF8044B70472DE9F04F144606460F4690
S315080215A08BB00393C36B01225B6907A960689847EE
S315080215B0F36B01225B69384606A99847079B5D1CAF
S315080215C007D10022A360A275627500200BB0BDE8A0
S315080215D0F08F0122A2750022217E069D04EBC1012D
S315080215E0CF610A846068C5F3D31CB84205F07F014F
S315080215F00CD14FF0FF33C4F800C02175A360237DD8
S31508021600043B022B26D80023A375DEE794F814E0E0
S3150802161020688E4503D1A0EB0C004242424103F0FA
S315080216207F0001288CBF0020012001298CBF0021E0
S315080216300121884218BF002215F07E0FA27503F019
S315080216407E0304D1002BDAD00023A375D7E7002B3B
S31508021650D5D1F9E715F07E0F0FD1F36B0222384682
S315080216605B6908A9984708A8FFF704FF237D032B9F
S3150802167051D8DFE803F0150F045906A8F4E7CC227F
S31508021680237E04EBC3031A8401236A4A134493F89C
S3150802169030300AE0237E04EBC30318840023F4E700
S315080216A0237E04EBC30318840123149A1370069A43
S315080216B012F07E084FEAD26A227E37D1F36B04EB28
S315080216C0C2020AF003055B69B2F8209082F822503A
S315080216D008A902223846984720220DF117000DEB79
S315080216E002018DF81780FEF7F5FA1A2209A9FEF704
S315080216F0F1FA9DF81730099A4FF0080BB3EB926F7F
S315080217000CBF012300236375637D33BB0023A375D6
S315080217104FF0000851E0227E013BDBB204EBC20225
S31508021720052B1084C0D8B0E70223AEE7002504EBE8
S31508021730C202B2F8209082F8225006A91B2208A8F3
S315080217408DF82050FEF7C6FA9DF820204FF0040BBC
S31508021750A2EB0A0253425341D5E794F81680B8F130
S31508021760000FD5D0B9F1000F09D1DDB10123E37518
S31508021770637E002B35D1012D28D1657614E0736C72
S3150802178007EB0B02594287EA020008421CBF0021F6
S31508021790A175591E0A409B1A4B45B7D3A37D002B48
S315080217A0E3D1B5E7E37D43B94FF000084B465A4605
S315080217B039463046FFF7DAFEA060A27D237EBAB923
S315080217C0012B33D801332376A07DFFE696F8343011
S315080217D063B9F36A0133E9D1032DE7D10123A3766D
S315080217E0E2E7012DE9D0032DDED1F7E79846DDE7DA
S315080217F02269012B4A44226118D801332376039BB6
S31508021800002BE1D0E37D002BDED0B8F1000FDBD14F
S31508021810032DD9D0A1684B1CD6D0149B224600931F
S3150802182030460123FFF7B7FEA075CDE70023A3755F
S31508021830CAE700BF2C33040813B50C4600212176EB
S315080218400093616813462246FFF7A5FE18B1E37DA9
S3150802185003B1A07EA075A07D02B010BD2DE9F743A5
S31508021860044616461F460D46DFF87480816AE36A07
S315080218708B421ED04B1C1CD0DFF860904846FEF700
S3150802188033FD0122494620460DF10703FFF7D4FF2F
S3150802189030B13B4620469DF807201049B04740B173
S315080218A0D8F8AC124A1C07D0012D0DD0E36A99422A
S315080218B0E4D103B0BDE8F083D8F8A8122046FFF7B2
S315080218C02CFE012D0146D2D1D8F8A83281EA0302AC
S315080218D0636C5B421A42ECD1C9E700BF2C5900205F
S315080218E0885600202DE9F0410F46164698460446CA
S315080218F088B060B390F83450FDB10121FFF78BFD33
S3150802190000210E9BCDE90511CDE902379DF83C3041
S31508021910CDF804808DF81C30237C04968BB90D49CA
S3150802192001AA04F10800FFF783FDDDE90553E06B20
S31508021930002E08BF1D4612F089FB284608B0BDE8EE
S31508021940F0812046044A01ABFFF788FFEDE705461A
S31508021950F3E700BFAFFA0108191C02082DE9F041A6
S31508021960D0E90A369E42044686B028D11422C369B3
S31508021970456802FB1355284606B0BDE8F081206883
S31508021980676C331AB3FBF7F3E26B07FB0300D2F873
S31508021990148001A90522C04701A8FFF77AFD01288C
S315080219A004D0636C1D44013B3340ED1A3146204690
S315080219B0FFF7B3FD0646A36AB342E0D1DBE700258B
S315080219C0F9E72DE9F04F0F469A46002389B00446F7
S315080219D04FF0FF31104690468DF80B30FEF784FC27
S315080219E0B7F5801F20D2394603AA04F10800FEF78C
S315080219F0B2F8451C014605D1237CBBB92D2009B096
S31508021A00BDE8F08F4046FEF76FFC012241462046AC
S31508021A100DF10B03FFF710FF0028EDD09DF80B30F0
S31508021A208AF800300020EAE7B81CE5D1E66A711C9C
S31508021A302CD12046616AFFF751FD0646BB1C18BF2A
S31508021A400123DFF8C4B00093636A626C01932368CA
S31508021A5003A902FB0639E36B484605225B6909F1CD
S31508021A6014099847002549464B1C05D0636C81EA40
S31508021A7009025B4213420FD031462046FFF72EFD7C
S31508021A80019BB3422FD085BB0646DDE72368F61ACB
S31508021A90636CB6FBF3F6D1E71A48FEF725FC204637
S31508021AA0009A18490DF10B03FFF7C6FE8446B8B132
S31508021AB0BA1C03D0DBF8D032BB4211D145469DF899
S31508021AC00B30DFF840E08AF80030BEE80F000FC599
S31508021AD0BEE80F000FC59EE8070085E807006546C1
S31508021AE0DBF8D812C0E7002D88D0B7F5801F99D247
S31508021AF039469AF80030D8F8042004F10800FEF7AF
S31508021B005BF88FE758590020885600202DE9F043E4
S31508021B1085B00C4617461E460546DDF83080A0B34A
S31508021B2090F834309BB3B1F5801F32D2DFF8689053
S31508021B300121FFF770FC214628460DF10F0309F52E
S31508021B403F72FFF73EFF044688B99DF80F30012B16
S31508021B5014D1D9F80C2306EB08039A4213D3009042
S31508021B60434632463946284611F096F80446E86B4B
S31508021B7012F06CFA204605B0BDE8F083022B14BFBA
S31508021B802D246024F3E76324F1E72124F2E71124E4
S31508021B90F0E72924EEE700BF885600202DE9F34135
S31508021BA01F4600230C46164605463B6058B390F876
S31508021BB0343053B3B1F5801F29D2DFF8588001219A
S31508021BC0FFF729FC214628460DF1070308F53F725F
S31508021BD0FFF7F7FE0446A0B99DF80730032B10D08D
S31508021BE0022B0AD10123336004233B60E86B12F00F
S31508021BF02DFA204602B0BDE8F0813060D8F80C33E1
S31508021C00F3E72D24F2E72124F3E71124F1E7292447
S31508021C10EFE700BF8856002073B50D46D11E4A422B
S31508021C201C461B7E4A419A4228D129682368994252
S31508021C3024D36368994221D8124E0DF1070306F59B
S31508021C404A72FFF7BEFEC8B9D6F82C236B689A42C9
S31508021C5014D19DF80730DA1E53425341227E93422D
S31508021C600CD1636901336361D4E90323934205D234
S31508021C702968A26842F8231001332361012002B0C1
S31508021C8070BD00BF8856002070B50025044686B090
S31508021C900562E369AB4202D8206A06B070BD666C7B
S31508021CA02068E36B05225B6906FB050001A99847D4
S31508021CB001A8FFF7EEFB012898BF236A05F1010583
S31508021CC09CBF01332362E4E738B50446456C0068D5
S31508021CD004F1400305FB0101E06BFEF741F80546F6
S31508021CE02046FFF7D1FF284638BD2DE9F0410025E9
S31508021CF04FF0FF384FF6FF73044647462E46C0E9B3
S31508021D00085386B0E369B3420DD8A5EB0805012D41
S31508021D1006D94FF6FF7300256362E369AB4223D8FF
S31508021D2006B0BDE8F081E26B2368606CD2F814C095
S31508021D3000FB0630052201A9E04701A8FFF7A9FB27
S31508021D4001280FD801A8FDF7E3FF874288BF66621C
S31508021D50804528BF8046854238BF05460746236A1E
S31508021D60013323620136CDE7666C2068E36B06FB16
S31508021D70050005225B6901A998470135CDE72DE9DA
S31508021D80F04F97B0CDE908230D460A69416CD31D79
S31508021D901439B3FBF1F3013302EBC302036B0446B6
S31508021DA09342C0F0D9820023DFF8C0920C93E36A0B
S31508021DB0AD4819460693FEF797FAD5E90337039312
S31508021DC0099B022B40F02681CC2F40F0A682089B65
S31508021DD0002B00F0F18000266868E36B01225B693C
S31508021DE0119611A908309847B04694F84230012B4B
S31508021DF040F0AD80632E2DD9119B666C069A12931C
S31508021E00731E1340F61AE36B01225B69686814A90C
S31508021E109847149B13F07E0F14BF04230823782FC8
S31508021E20059340F20781012200234FF0080A049223
S31508021E302A68C9F8E072C9F8D022099A032A00F07A
S31508021E401F81022A00F0C780049A002A14BF0022C2
S31508021E500722C4E0612E08D814AB3246294620462A
S31508021E60FDF7DAFD9DF8503023B314AB3246294606
S31508021E7020468DF84C80FDF7CFFD94F84230DDF808
S31508021E8050A0012B52D14FF6FF739A4500F092806B
S31508021E90082214A913A8FDF71DFF9DF84C20CAF3C2
S31508021EA007239A4240F086805FFA8AFA119B5344C6
S31508021EB011937FE094F84230012B2DD13246294600
S31508021EC0204612ABFDF7A8FD2946204613AB721C25
S31508021ED0FDF7A2FD2946204614ABB21CFDF79CFD70
S31508021EE00823102213A90DF143008DF84330FDF79C
S31508021EF0F1FE102214A9FDF7EDFE129BDAB2002AB2
S31508021F0051D19DF84320B2EB132F4CD1DDE91332A0
S31508021F1003EB0243119346E0302E2BD943E09DF89A
S31508021F204320B2EB134F3ED1139BF3E7BAF1FF3FBF
S31508021F3040D0102214A913A8FDF7CCFE9DF84C2018
S31508021F40CAF307439A4235D11FFA8AFAAEE7312E07
S31508021F503FF652AF89D014AB324629462046FDF7E2
S31508021F605BFDBDF85030002B7FF47FAF94F842300A
S31508021F70012BA3D032462946204612ABFDF74CFD6B
S31508021F802946204613AB721CFDF746FD1023202274
S31508021F9013A90DF143008DF84330FDF79BFE129B02
S31508021FA09AB2002ABBD094F84230012B14BF0123FF
S31508021FB002231E44013618E7039B01221B684FF0D1
S31508021FC0080A12932B680492C9F8D032082305939B
S31508021FD0089BC9F8E072049AC2F10202D2B289F8E1
S31508021FE0E4224FEA9A020E92069A019200220A9275
S31508021FF00D9207920B92606C019A411E1140421A89
S31508022000002F3FD053449A4247D8236B1B1A0B44DE
S3150802201023635BE1666C069A731E1340782FA6EB60
S31508022020030619D8EB7D8BB9089B002B7FF4EBAE20
S31508022030042305933B1DB3421AD9F7B1082E3FF67E
S31508022040F2AE042300229A460492F1E6089B002B7C
S315080220507FF4D9AE0823ECE7089B002B7FF4D3AEB6
S3150802206008230593DFE600BF58590020885600204A
S31508022070002304934FF0040ADAE604230497F9E7E7
S31508022080099AACE75245C0D3B846019B534402931A
S31508022090079B002B18BF032314E0A2EB0A02019B3D
S315080220A09742B846534428BF904697420293EFD9BF
S315080220B00123D9F8E02289F8E732974243D1019AF7
S315080220C0C9F8D422079399F8E732002B3DD099F83C
S315080220D0E8220199D31C09EBC303C3F8D412079962
S315080220E00132A3F8D88283F8DA1289F8E822B8F11D
S315080220F0000F14D0099B022B2BD10A9B7BB90D9B8F
S315080221004344032B0BD9E36B01229B69029812A95C
S3150802211098470646002840F0278101230A9399F832
S31508022120E4322E688D4A012B02EAC61628F07C4B49
S3150802213040F289809A1E012A03D908F1070303F09F
S315080221407F031E4385E00223BCE7019BC9F8D4320C
S31508022150CDE7089B002B31D1039BB8F1030F03EBA4
S31508022160080B28D9DDE90201E36B4FEA98029B695D
S3150802217098470646002840F0CA8018F003025FD046
S31508022180039B28F0030633440393029B1E444FF035
S31508022190FF33039913A813931CF064FAE36B3046D2
S315080221A001229B6913A998470646CDF80CB0002E62
S315080221B0B5D0029B6FE04246029EE8E705F120038E
S315080221C0DDF808B00F93EB7D68689BB100232E7E7D
S315080221D00B9AD9B28E4211D90F9903F1010C31F833
S315080221E03310914226D9059905EBC303D8690A44E7
S315080221F0104403E00B9B059A13441844E36B01222F
S315080222005B6913A99847139B012211930B9B5846A6
S3150802221004330B93E36B11A99B699847029B064605
S315080222204344A3EB0B03042B07D9002872D10BF105
S31508022230040BC8E76346521ACBE7CDF808B0B6E7EF
S31508022240CDF80CB06BE7079A43EAC263334343F00F
S3150802225060464FF000038DF84C30049BCDE9146BB1
S31508022260002B49D0202214A913A8FDF733FD1A2200
S3150802227015A9FDF72FFD9DF84C304BEA836315939C
S31508022280E36B0E9A9B69019814A99847019A061E50
S315080222900C9B18BF134652460C9320464346019997
S315080222A0FFF764F9236B08F10302A3EB0A0322F092
S315080222B003029B1AC9F8D8022363002E54D10D9B38
S315080222C0A7EB080743440D93029B01932046019905
S315080222D0FFF723F900230190002F7FF48CAE204AE2
S315080222E02968D2F8D83204F10800E362D2F8D42277
S315080222F0099BFDF761FC11E01B2214A913A8FDF73F
S31508022300E9FC9DF84C3046EAC3661496B8E7CDF860
S315080223100CB04EE7CDF808B04BE77027384617B031
S31508022320BDE8F08F002760E004F10800FDF7DAFB4C
S315080223303B46394620460B4AFFF790FA2A69616CF2
S31508022340D31D1439B3FBF1F3013302EBC302236B3A
S315080223509342BFF42CAD6DE01C27DFE780FFFF0731
S315080223608856002055FC01083D2E63D104F1080366
S3150802237001932768069B2046E16AD4F844A0A3EB9A
S31508022380070BFFF7CAF8A26ABBFBFAFB8242D5D053
S31508022390616CD9F8D82201F1FF3C02EA0C0C226BD7
S315080223A00C9B521A624422632268E0629A1AB2FBB2
S315080223B0F1F8C345B6D10AFB0877069B07F1140B59
S315080223C0B3EB0B0711D0E36BBA0859469B699847DA
S315080223D08246E26A069B3A44E262226B0198D21A64
S315080223E05A442263FDF77EFB57462368616CE06B0D
S315080223F001FB0831FDF75BFC2046FFF745FC20464A
S31508022400FFF773FC626A616C2368204601FB02339C
S315080224101433A362FFF7A2FA2063002F84D02A6935
S31508022420616CD31D1439B3FBF1F3013302EBC3021A
S3150802243090429ED2374671E72DE9F341089C032A5A
S315080224401746266806D1237A012B25D0012002B029
S31508022450BDE8F081DFF8988030460DF1070308F5EC
S315080224604A72FFF7AEFA60600028ECD12568D8F800
S315080224702C33A96AD5F844C04B40CCF1000213406C
S31508022480207AE0D1012809D1E068D8F83823024435
S315080224907069824202D92374207CD8E72868EB6ADD
S315080224A01B1A081AB3FBFCF3B0FBFCF083420BD1F0
S315080224B0706CF36A421E1340326B121A1344284692
S315080224C03363FFF72AF8E862D8F83823E368083254
S315080224D01344E36001223B4604492068FFF74FFC98
S315080224E060600028AFD00020B1E700BFB0590020D5
S315080224F088560020032A2DE9F34106460D4617465B
S315080225001C4606D1237A012B24D0012002B0BDE84D
S31508022510F081DFF8608009680DF1070308F54A7251
S31508022520FFF74FFA60600028ECD19DF80720237A5E
S31508022530032AE7D0D8F82C136A689142E2D1012B14
S315080225402969D4F80CC007D172690CEB01039342CE
S3150802255002D92074207CD9E708316144E1603B4600
S31508022560012229463046FFF70AFC60600028C9D0D6
S315080225700020CBE7885600202DE9F34104461F4682
S31508022580164688462C4D4FF0FF3105F54A70FDF781
S31508022590ABFE9DF820300022204605F54A71C5E9B2
S315080225A0CD67C5F82883FFF7EAFB236E0746002B9B
S315080225B03DD020466169FEF701FF626E236B024435
S315080225C093422CBF00220122984228BF0023257C71
S315080225D038BF1B1A002684F85020636584F85850C1
S315080225E0D5B1DFF858803346324631462046019641
S315080225F0CDF80080FFF776F901230546CDE9008379
S315080226003246334631462046FFF76CF9E3680544FD
S315080226109D4294BF3546ED1A94F85030E56513B9D4
S3150802262094F858301BB1236E04F150009847384687
S3150802263002B0BDE8F08100BF88560020FFFF0F00F8
S315080226402DE9FF410F4690461E460546002847D00B
S3150802265090F83430002B45D0B1F5801F44D2234C74
S315080226600221FEF7D8FE04F53F72394628460DF1D7
S315080226700F03FFF7A6F9024620B16B699E4219D9E4
S31508022680622410E09DF80F30012BF6D1D4F80C1312
S315080226908E42F2D1009341463346284610F0FCFAA0
S315080226A004460028E9D1E86B11F0D0FC204604B0B4
S315080226B0BDE8F081284610F0B3FE31462846FEF7FB
S315080226C07DFE2C6B844209D3012342460093394688
S315080226D033462846FFF750FF0446E4E71C24E2E7A0
S315080226E02124E3E71124E1E72924DFE788560020BD
S315080226F07FB50C46054648B390F8343043B3B1F576
S31508022700801F27D20221FEF786FE21462846124A54
S315080227100DF10F03FFF755F90646A8B99DF80F30D4
S31508022720032B11D0284610F07BFE03232146009383
S31508022730324633462846FFF71FFF0446E86B11F078
S3150802274085FC204604B070BD2D24F7E72124F8E75E
S315080227501124F6E72924F4E784590020F0B5044643
S315080227600D46466CE36B006887B005225B6901A9D2
S3150802277006FB0500984701A8FEF78BFE012804D838
S3150802278001A8FDF7C5FA07B0F0BD29462046FEF7AF
S31508022790A5FE0646676C2068E36B05225B6901A9FC
S315080227A007FB0600984701A8FDF7B2FA431CEAD0D0
S315080227B0B54238BF0130E6E72DE9F04F4FF0FF3357
S315080227C04FF6FF720025044600F10808C0E90923FE
S315080227D08BB0C3620562056340468B46FDF782F9F4
S315080227E02046FFF751FA40BB4FF6FF79676A002683
S315080227F04F4514BF3D460025E3699E423BD320461A
S31508022800FFF742FA08BB5E2028E02368E26B606C99
S31508022810566900FB0530052205A9B04705A8FEF74B
S3150802282038FE01281DD129462046FFF797FF421C8C
S3150802283029462046FFF748FA0135E3699D42E4D363
S315080228402046FFF721FA0028CED02046FFF74DFA98
S315080228504FF6FF72636A934237D167200BB0BDE821
S31508022860F08F0338C0B20128E6D829462046FFF77A
S3150802287075FF0246DCE7E26B2368606CD2F814C087
S3150802288000FB0530052205A9E04705A8FEF701FE6B
S31508022890022807D04F450DD10BF1010229462046E1
S315080228A0FFF712FAE3690135B5FBF3F2013603FBCA
S315080228B01255A1E729462046FFF750FFB0F1FF3F20
S315080228C014BF02465A460132E8E7E26B666C206894
S315080228D055696946052206FB0300A847626A616CC8
S315080228E023684B4D01FB02331433A3624FF0FF33C7
S315080228F06FF00101E362204605AB05F54A72FFF760
S3150802290060F8002849D1D5F8305329462046E562B1
S31508022910FDF769F8206320B92046E16AFEF7FDFD56
S31508022920E06229462046FEF7F8FD0546A36A9D425F
S3150802293035D12046FDF740F8002607463546E369B5
S315080229409D423ED3B74257D92046616AFEF7C6FD75
S315080229504FF00008054604F1400A464512D8626C53
S315080229602368694602FB0539E36B05225B6948461B
S3150802297098476846FDF7CCF9534602464946E06B46
S31508022980FDF7EEF929462046FEF7A8FD08F10108EB
S3150802299047450546E1D1642060E7A56AB5E72946B9
S315080229A02046FDF720F8236B29460344064623638F
S315080229B02046FEF7B2FD0546002EB7D1C4E90B063E
S315080229C0B4E7626C236805A902FB0539E36B0522A5
S315080229D05B694846984705A8FEF75BFD012809D8B2
S315080229E0204609F11401FCF7FEFF636C143B98427A
S315080229F008BF01360135A2E74046FDF773F8002302
S31508022A0020461946034AFEF729FF002026E700BF9B
S31508022A108856002055FC01082DE9F8430023A14FEA
S31508022A200E46D7F854830446C7F8543318B92125F5
S31508022A302846BDE8F88390F834500DB30968026851
S31508022A40914240F0248171684268914240F01F81A8
S31508022A50B1688268914240F01A81F168C26891426F
S31508022A6040F0158131694269914240F01081B1699D
S31508022A70C26B914240F00B8172691D468261D7E7AB
S31508022A8068222946D0F838901BF0CDFB336804F14A
S31508022A90080023607368C4F8389063603369636119
S31508022AA07369A361D6E90223C4E90223FDF71AF87A
S31508022AB0B36904F14000E3639B689847002849D14B
S31508022AC0616C11B16368B3FBF1F194F84330E161CB
S31508022AD0002BACD00023656C2366002D00F0DF8046
S31508022AE0002900F0DC802368B3FBF5F205FB1233FC
S31508022AF0002B40F0CE80D4F80490B9FBF5F605FB1E
S31508022B001696002E40F0C5802046FEF772FC8145D7
S31508022B10C0F0C18040F634726369CC3B934200F23E
S31508022B20BC80B5F5805FC0F0BA8003212046FEF767
S31508022B3072FCD4E90001E36B1B6898470546E36B10
S31508022B400220DB6898473DB184F83460E06B11F0E7
S31508022B507DFA6DE72946B8E741462046FFF72CFE7F
S31508022B606428054604D141462046FFF725FE054658
S31508022B70636C143B75BB226A204602FB03F6FEF71A
S31508022B8038FC864203D284F834505A25DEE70123FC
S31508022B90D4E9009684F83430D7F85833D7F85C83EA
S31508022BA00133C7F85833EAF7E9FC1F2E16D8BFF3E4
S31508022BB05F8F05223C4BC3F894205A6A42F480324E
S31508022BC05A62BFF34F8FBFF36F8FBFF34F8FBFF3B7
S31508022BD06F8FBBE7002384F83430B7E74FF0000C59
S31508022BE019F01F0F06F1FF3618BF29F01F0109EB6E
S31508022BF006030CBF49462031DA062B4A18BF23F0D2
S31508022C001F035FFA8CF0804526D8D2F8C00021F05F
S31508022C101F0120F47F4040F48070C2F8C00041F0E2
S31508022C200301EFF31186302080F31188D7F85C038D
S31508022C3023F01F0343F00303C2F89800C2F89C105E
S31508022C40C2F8A03086F31188BFF36F8FD7F85C33CA
S31508022C500133C7F85C33AAE7C2F89800D2F89C0099
S31508022C60D2F8A06020F01F00884226F01F0601D184
S31508022C709E429CD08E4201D3984298D9D2F89800A7
S31508022C800CF1010C20F0FF00C2F89800B9E75D25A7
S31508022C90CEE65925CCE65A25CAE65F25C8E65B255F
S31508022CA0C6E600BF8856002000ED00E0034B5A68CE
S31508022CB012B19A6A002AFAD1704700BF00C00050C2
S31508022CC030B40446EFF3108072B6256885EA02032B
S31508022CD00B406B40236030BC1DF03CBE2DE9F84327
S31508022CE0204B0646D3F810334B1E0E2B0D461746BD
S31508022CF0047890F8018028D961B34FF0000941465B
S31508022D00204627B31DF026FD0F21B8F1070F04EB65
S31508022D10440488BFA8F108084FEA0414124895BF6C
S31508022D204FEA88084FEA880804340C3409FA08F28C
S31508022D3001FA08F12044FFF7C3FF8DB9307871789C
S31508022D4057B1BDE8F8431DF005BD8946D7E710F02F
S31508022D5013FBD9E78946D7E7BDE8F84310F00CBB61
S31508022D60BDE8F88300C0035030C0035010B560B107
S31508022D70EFF31184302383F31188FFF7AFFF84F34F
S31508022D801188BFF36F8F002010BD2220FCE770B5B3
S31508022D90046886B0A38805465148ADF810301DF080
S31508022DA032FE0022012104A8FFF7E0FF0DF10F0110
S31508022DB004A810F073FB9DF80F3083F0010323700B
S31508022DC0A379022B40F088804FF0FF330593EFF387
S31508022DD01186302383F311889DF81040FF2C70D09A
S31508022DE0404BD3F81033002C44D19DF81130052BF3
S31508022DF067D10122032104A8FFF770FF0122394B8C
S31508022E0004F11000D3F83014824021EA0201C3F813
S31508022E103014D3F830140F34C3F83014D3F82C1402
S31508022E201143C3F82C143049CB6E03F03003202B20
S31508022E301FBFCB6E23F0300343F01003CB662B4B38
S31508022E40C3F820242A4B2B4A43F8342003EBC40345
S31508022E505D609DF81030FF2B04D00123264A83407B
S31508022E60C2F8243486F31188BFF36F8F0122214BEF
S31508022E7000952DE0012C07D19DF81130012B18D0B1
S31508022E80032B1ED10424B4E7022C08D19DF8113075
S31508022E908BB1052B11D0072B13D10824A9E7032CD4
S31508022EA00FD19DF81130022B09D0052B09D10A241E
S31508022EB09FE703249DE706249BE7072499E709244D
S31508022EC097E786F31188BFF36F8F0422094B0095A3
S31508022ED005A904A812F046FB002006B070BD00BF83
S31508022EE06433040800C003500040005000E0035059
S31508022EF088560020A703020800D0035003681A78F0
S31508022F00022A02D100225A8041E77047044BD3F8BD
S31508022F108420D206FBD4D3F88400C0F3811070470C
S31508022F20004000504209531E022B96BF074B00234E
S31508022F3003EB820300F01F0029B103F58053012237
S31508022F4082401A60704703F50053F8E76080005024
S31508022F5038B5174CFF28A26A28D8A36D154D13F465
S31508022F60803F18BF4FF48031134B18BF99624FF058
S31508022F7080719962A36995F9085023F47F03054481
S31508022F8023F47F4343EA002385F3080543EA05430E
S31508022F90A3610A48FFF794FEA36DDB0304D54FF439
S31508022FA080310648FFF78CFE002038BD2120FCE759
S31508022FB00040005A606400200050005A2840005A17
S31508022FC038B50F4C0F48A26AA36D13F4803F18BF99
S31508022FD04FF480310C4B18BF99624FF08071996299
S31508022FE0A569FFF76DFEA36DC5F30725DB0304D5B7
S31508022FF04FF480310348FFF763FE284638BD00BF09
S315080230000040005A2840005A0050005A014B1872D4
S31508023010704700BF60640020014B93F908007047AF
S31508023020606400204FF4803310481149826A8B622B
S31508023030836D03F00303032BFAD14FF080730D4817
S315080230408B620A4B996D30EA0101FBD101200849CE
S315080230500865996D8907FCD4044B996D8807FCD5D8
S31508023060996D8907FCD50449044829E60040005AA7
S315080230700050005A03000100000001012840005ACE
S31508023080164B10B5D3F82831044603F00703013B63
S31508023090052B04D8DFE803F00A161E120E1A0023BF
S315080230A0184604B1206001B10B6010BD0C4B1868BC
S315080230B00523F6E70A4B18680623F2E71CF0B0FB6D
S315080230C00723EEE7064B58680323EAE7044B5868DA
S315080230D00423E6E702230348E3E700BF0080005023
S315080230E060640020002D31010E4BD3F8403103F005
S315080230F00303022B0DD0032B0FD0012B0BBF0A2380
S3150802310001234FF40042002200B1026001B10B60B4
S31508023110704709234FF40042F6E70C234FF47A72FC
S31508023120F2E700BF00800050002337B50193154B24
S315080231300546D3F860320C4603F00703013B032B1E
S315080231401ED8DFE803F0020E1914002101A8FCF7C5
S3150802315089FE10230DB1019A2A6004B1236003B0D7
S3150802316030BD002101A8FFF7BFFF1123F2E71CF0CB
S3150802317057FB07230190EDE7034B01930223E9E787
S315080231800023E7E700800050002D3101002337B500
S315080231900193154B0546D3F894320C4603F0070300
S315080231A0013B032B1ED8DFE803F0020E1914002197
S315080231B001A8FCF757FE10230DB1019A2A6004B143
S315080231C0236003B030BD002101A8FFF78DFF11234C
S315080231D0F2E71CF025FB07230190EDE7034B019369
S315080231E00223E9E70023E7E700800050002D3101BA
S315080231F04FF48032104B10B59A66A3F580531B6FB5
S31508023200C3F3033303FB00000C4BDC69144041F69D
S315080232107132DA635A6822F4401259B90849884267
S3150802322094BF00200120000502435A600CB1002217
S31508023230DA6310BD0349F2E700900050000003501C
S31508023240005A6202002D310110B50C4C022010F012
S31508023250E5FC236F0A4AC3F3802301330021094898
S3150802326082F86033FFF7C4FF236F43F48063236752
S315080232704FF4803304F58054236710BD0080005054
S315080232808856002000B4C404124B10B5D3F808328D
S31508023290044603F00703042B17D8DFE803F00319E3
S315080232A0090D1100012204B1236001B10A6010BDA3
S315080232B009224FF40043F6E70C224FF47A73F2E739
S315080232C01CF026FB0F22830AEDE700221346EAE7E3
S315080232D00A22EEE7008000501FB50023B0F5807F72
S315080232E0019300F056816AD8002800F0F980203848
S315080232F0602876D8602874D8DFE810F0F20000015A
S31508023300F20000012101210121012101210100010F
S3150802331033017E005C01B0007E000001000100015D
S3150802332073007300730073007300730073007300F5
S31508023330000100010001D20071010001730073004F
S3150802334073007300730073007300730073007300D5
S31508023350730073007D012101F200F200F2006C0194
S315080233607E007E00DE00810195002E017300730047
S31508023370730073007300E900F20073002101210152
S315080233802101210121012E012E01000173000001F4
S3150802339000017300730073007300730073007300F7
S315080233A07300730073007300730073007300730075
S315080233B0730073007300730073007300EE00B0F5B8
S315080233C0E06F00F00C815BD8B0F5607F00F09D805D
S315080233D01DD8B0F5007F00F0868006D8B0F5C07F0C
S315080233E07ED0019805B05DF804FBB0F5207F00F0A9
S315080233F08580B0F5407FF4D11CF08AFA934B1B6F97
S31508023400C3F380230133B0FBF3F0400866E0B0F55E
S31508023410B06F00F0A6801AD8B0F5806F00F08F80E2
S31508023420B0F5A06FDDD10021884B0391D3F8203285
S3150802343003F00703042B08D8022B00F28980012B1C
S3150802344000F08280022B00F09E80039BABE0B0F571
S31508023450C06F00F0AF80B0F5D06FC2D17B4BD3F806
S31508023460003203F00700032800F0AF805B0700F183
S31508023470A680013801288CBF00200120C0032DE058
S31508023480B0F5186F00F0B7800ED8B0F5086F00F0E7
S31508023490C780B0F5106F00F09D80B0F5F06FA0D12F
S315080234A06A4BD3F860319DE0B0F5286F00F0A7802B
S315080234B007D8B0F5206F94D1002101A8FFF734FE92
S315080234C08FE7B0F5406F47D0B0F5486F89D1002134
S315080234D001A8FFF75BFE84E71CF0FCF9019080E780
S315080234E01CF016FAFAE71CF0F5F9584BD3F89030A7
S315080234F0C3F304630133B0FBF3F0EFE71CF008FAF9
S31508023500524B1B6FC3F38023F4E75049D1F880204E
S3150802351002F00302022A0AD0032A0BD0012A0CD18E
S315080235201CF0D8F9D1F88030C3F30113E2E71CF096
S3150802353077F9F7E7464B1868F4E71846F2E70021E9
S3150802354001A8FCF78FFC4CE703A8FFF799FD7CE777
S315080235504FF40043039378E7002101A8FFF790FD93
S315080235603FE70021394B0391D3F8803103F0030377
S31508023570022B0CD0032B06D0012B7FF466AF03A8CF
S31508023580FCF770FC61E71CF04BF903905DE7314BE1
S31508023590E0E702934FF0E0231B695A0705D51CF0B2
S315080235A0B7F90290029B01931BE703A902A8FFF74A
S315080235B09BFDF7E7002101A8FFF796FD11E704280E
S315080235C006D11CF0A5F9800A88E74FF47A7085E7D8
S315080235D0002083E7002101A8FFF756FE01E71B4BEF
S315080235E0D3F8403203F00303032B16D0003B18BF6F
S315080235F00123DB03D7E7154BD3F85032F2E7002154
S31508023600124B0391D3F8703203F00303012B7FF4B4
S315080236101CAF03A8FFF768FD17E74FF47A73C2E7F2
S315080236200A4BD3F8003103F00303022B06D0032B0F
S3150802363007D0012B07D1064B5B68B4E74FF400436A
S31508023640B1E7054BAFE70023ADE700BF00800050A6
S3150802365060640020002D310180D5430208B5802020
S31508023660FFF73AFE034B98429EBF4FF48032024B55
S315080236701A6708BD005A620200A0005008B54FF446
S31508023680C070FFF729FE0649064A884294BF002001
S315080236900120136F23F4806343EA8023136708BD6E
S315080236A080F0FA020080005038B505461CF030F961
S315080236B00446FFF72BFC0128D4BF0121002120462E
S315080236C0FFF796FD002010F0DDFA25B1FFF7D6FFC9
S315080236D0BDE83840C2E70649064A0B6F92F86023EE
S315080236E023F48063013A43EA82230B67F0E700BFBB
S315080236F00080005088560020024A536B0342FCD1D0
S31508023700704700BF008009504FF000420F4B70B55A
S315080237105D6E03F580535A664AF6CD3304460C4964
S3150802372080204E6C0B64FFF7E7FF0B6A23F4F8530D
S3150802373043EA04230B62F30744BF064B0B64002DCE
S31508023740A2BF4FF00042044B5A6670BD008000507B
S31508023750008009503254FFFF00A00050436D0B420F
S31508023760FCD1704708B54368DA0714D58368DB07C6
S3150802377002D50369D90707D50A2350218363FFF7C0
S31508023780EDFF836C9A07FCD1012200F500535A60BB
S3150802379043689B07FCD408BD10B5FFF7E3FF042373
S315080237A000F5805100F500520B6113610B6113613C
S315080237B00B6113610B611361202341F2020103615C
S315080237C00023C360836041614FF4A021836183654E
S315080237D041620549C36103628362C3624363036547
S315080237E0D164036310BD00BFFF3F0D0338B50C4615
S315080237F00121024600F58053596004F00F0540F690
S31508023800FF71FFF7ABFF78218563FFF7A7FF04F087
S315080238100103610748BF43F00203916C01F00301FB
S315080238209942FAD138BD01B99CE7DFE770B505467A
S315080238301446084681B93A4B9D4220D0394B9D42DF
S315080238401FD003F580439D421DD003F580439D4258
S3150802385008BF6620FFF740FDAB6813F0010F6B68DF
S3150802386033D0B0FBF4F4D80704F1FF344FEA04640A
S315080238700BD42B6923F07F4323432B6170BD56205B
S31508023880E8E75720E6E76520E4E728212846FFF718
S3150802389065FFAB6C990714D1AB6CDA0713D4AB6C22
S315080238A013F0020F14BF062600262846FFF75AFF12
S315080238B02B69314623F07F4323432B61BDE87040D1
S315080238C0B1E70526F1E70926EFE7AB6DDB07AB683B
S315080238D048BF640003F0E003402B1AD004D8D3B1E2
S315080238E0202BCBD1082304E0602B16D0802BC5D120
S315080238F0012363434101B1FBF3F20B4B203A2846FD
S3150802390003EAC2020121FFF729FF2A63BDE87040D4
S3150802391024E70623EDE71023EBE70423E9E700BFD4
S315080239200000015B00C00850F8FF7F00012910B5AE
S3150802393002D9022914D010BD144BD3F86443B83CFB
S3150802394014F1B80FF7D0D4F8A8001DF05CF8D4F833
S31508023950A43005211868FFF749FFD4F8B840EEE706
S315080239600A4BD3F86443B83C14F1B80FE3D094F881
S31508023970973043B994F8953003F0FF011BB9D4F890
S31508023980A8001CF0C5FED4F8B840ECE7885600201B
S315080239902DE9F04105460F461E4690464AB10123D7
S315080239A03022194C8B4002FB004436B304F582548C
S315080239B023600F21072F05EB450388BFA7F10804EB
S315080239C04FEA0313114895BFBC00A40004330C3315
S315080239D008FA04F2A1401844FFF772F9B8F1000F89
S315080239E009D101233021084ABB4001FB05223EB119
S315080239F002F582521360BDE8F08104F50154D7E757
S31508023A0002F50152F6E700BF00C0035030C003506A
S31508023A100123F0B5C4B2214DA340D1F800C08F7A74
S31508023A20CC7A0E7B2B65850005F1A04505F5882520
S31508023A30C5F804C030256843240591F80DC044EA48
S31508023A40074400F1A04000F5802044EA465422F0DB
S31508023A500302C0F860C0C4650267EFF3118485F3F8
S31508023A6011880F4A087A536500B11364487A00B17F
S31508023A70936308798A7942EA0042084882614D7955
S31508023A80CA79074942EA05428A61064A4363936448
S31508023A9084F31188BFF36F8FF0BD00BF0020045076
S31508023AA000100450000004500123C0B28340EFF313
S31508023AB01180302282F31188054A516D21EA0301E9
S31508023AC05165936280F31188BFF36F8F704700BF09
S31508023AD0000004500123C0B28340EFF31181302263
S31508023AE082F31188074AD06A184209D1526B934366
S31508023AF00CBF0120002081F31188BFF36F8F704736
S31508023B000020F8E700000450114321F0F8014904A7
S31508023B10034B490C41F44021063043F82010704704
S31508023B2000800350021E30B54FF000000CBF10256E
S31508023B30042547F60774084952B9831D51F82330FC
S31508023B40234023B101308542F6D14FF0FF3030BD14
S31508023B5000F11603F2E700BF008003503AB122F0E3
S31508023B60030202F1A04202F5603209B910607047F9
S31508023B700002FBE74FF48032084B5A6603F5EE2340
S31508023B809B69C3F3461203F00F010A434280C3F34B
S31508023B900342C3F303334270037070470090005028
S31508023BA013B5044601A8FFF7E5FFBDF80630012262
S31508023BB023804FF4807300206380054B9B680A3389
S31508023BC003F01F0302FA03F3636002B010BD00BFDD
S31508023BD00080E00F054B9A689107FCD45A68920751
S31508023BE0F9D4DA69002AF6D1704700BF00C00A5034
S31508023BF00028ACBF00F16040064B4FEA0111C9B27A
S31508023C00ABBF00F5614000F00F0080F800131954AD
S31508023C10704700BF14ED00E0002807DB01234109C5
S31508023C20034A00F01F00834042F82130704700BF64
S31508023C3000E100E008B52B4B83F30A884FF4804174
S31508023C40294A2A4B9360D2F8883043F47003C2F8A3
S31508023C508830274B99664FF0FF31264B19666FF469
S31508023C60003159660D2199660221C2F8D010BFF3B8
S31508023C704F8FBFF36F8F01214FF44034A2F5406294
S31508023C80C2F880110020DC60FFF7C6FF1A4B1B48FA
S31508023C901C611B4BC01A801008F0B4F8194B1A495C
S31508023CA08B4212D30020194B19498B4218D3EEF7CF
S31508023CB0BDF8186850F82240586840F82240013288
S31508023CC098688242F5D30C33EAE70022F8E71C68C3
S31508023CD044F8220001325C68A242F8D30833E4E7CA
S31508023CE00022F8E70800002000ED00E00060000866
S31508023CF00090005000A000440080004420620008A2
S31508023D00C0610008F4C6040800C7040800C704080E
S31508023D1000C70408EFF31183302282F31188044A9C
S31508023D20D2F8680383F31188BFF36F8F704700BF19
S31508023D30885600202DE9F0410468054694F8941047
S31508023D4000296AD1EFF31183302787F31188C4E972
S31508023D50161183F31188BFF36F8FFFF7DBFF8542D6
S31508023D602F4E09D1EFF3118387F31188C6F868132A
S31508023D7083F31188BFF36F8F236E93F91070384659
S31508023D80FDF750FA3846FCF7F3F8236E93F91170EB
S31508023D903846FDF747FA3846FCF7EAF896F89C32B1
S31508023DA0207D43B1072806D806EB001393F8FC30AA
S31508023DB00BB1FFF779FE207D0FF055FBEFF3118863
S31508023DC0302383F311880023164A177BAFB90133D0
S31508023DD0082B02F11002F8D12320FCF7C9F8FF22BA
S31508023DE0114B39465F6520209A625F60FFF79AF8A1
S31508023DF02120FFF797F886F89C7288F31188BFF39B
S31508023E006F8F0023C5E90033C5E90533EB60236EDE
S31508023E102046BDE8F041DB6818470F20BDE8F0816F
S31508023E20885600207857002000000450302337B502
S31508023E30007D0DF10701434303F1A04303F58023F7
S31508023E40DD6E1C6F1CF052FD9DF8070040B9054B4C
S31508023E509D4203D184F00204C4F3400003B030BD8E
S31508023E600120FBE72559002010B50446FFF7DEFFBF
S31508023E7038B1236DD4E912020244934218BF184698
S31508023E8010BD3022237D534303F1A04303F580235B
S31508023E90DB6EEFE73021037D02464B4303F1A04375
S31508023EA003F58023D86E07491B6F884208D113F0A1
S31508023EB0020006D0106A136D1B1A58425841704701
S31508023EC000207047255900202DE9F84F90F89430C4
S31508023ED004460D461646002B40F0878090F89970E6
S31508023EE0EFF31188302282F3118890F8952032B1C7
S31508023EF090F898201AB180F895301CF0B7FB88F331
S31508023F001188BFF36F8F4FF030082E44AE4205D1A9
S31508023F10236E012120469B68984754E094F89A300C
S31508023F20002B3ED0207DFDF7B1F92046FFF7B2FF00
S31508023F300146207DFDF7CCF999BBEFF3118988F389
S31508023F401188207DFDF7A2F92046FFF78DFFD4F8E8
S31508023F5048A0411E514538BFE16C94F854B038BFA9
S31508023F6001F1FF31207D38BF5144FDF7B1F9BBF1AC
S31508023F70000F12D10B46D4F89C0098420BD013F8C6
S31508023F800129112A01D0132A20D1A2F111035A427A
S31508023F905A4184F8A020C4F89C1089F31188BFF30B
S31508023FA06F8F94F8A030002BB0D0236EA9462A78DA
S31508023FB05B6897B9236E20465B6899F8001001354D
S31508023FC098470028A2D00020BDE8F88F9A4582BFFC
S31508023FD0E36C03F1FF335344CFE70A2AEAD10D21F2
S31508023FE0204698470028E5D0EDE70E20ECE72DE9B4
S31508023FF0F04F044685B0007D04F13806FDF746F910
S315080240000021102230461AF00EF94FF0300B4FF409
S315080240104473DFF810A1207DDFF80C910AF29D2780
S3150802402063870BFB0093C4E90F77DB6EBB4204D1AF
S3150802403005B0BDE8F04FFDF74BB90DF10F011CF0C5
S3150802404055FC9DF80F70002F62D12046FFF70CFF32
S315080240509AF89C228046237DEAB1072B1BD80AEBE5
S31508024060031A9AF8FC20B2B1EFF311818BF3118887
S31508024070D9F834000BFB0399D9F8642081F3118827
S31508024080BFF36F8F012101FA03F3034204BFC2F3A0
S315080240900A135F183D4604F1180710220021384614
S315080240A0D4F810901AF0BFF83022237D013D53430D
S315080240B0C5F30A052D0145F04075C4E9065903F111
S315080240C0A043C4F8208003F580231A6F94F82410BD
S315080240D0520862F3410184F82410196F94F82420D7
S315080240E027F0030761F3000284F824201B6F626A33
S315080240F09B0863F39F0247F00207626267640094B3
S31508024100207D32462146064B0FF0ACFF207D8FE715
S3150802411094F844306FF3410384F84430EFE700BF64
S315080241205743020888560020000004502DE9F04F34
S315080241309B460023044687B005910392CBF80030CC
S31508024140DBF80050039B5E1B00F0A080059B5D19FF
S3150802415000F09C80207DFDF799F82046FFF79AFE2D
S315080241608146207DFDF7B4F8B9F1000F40F08E8044
S315080241702046FFF779FE216D94F89A8088429CBF03
S31508024180D4E91203C018401A864228BF0646B8F177
S31508024190000F00F0AB80EFF311830493302383F30F
S315080241A011883746D4F850A02046FFF73FFE0AEB9F
S315080241B006029245D4F89C1071D1D4E9122313440D
S315080241C0994208BFC4F89C20049B83F31188BFF365
S315080241D06F8F8046207DFDF759F82046FFF726FEA9
S315080241E005462046FFF740FED4F850A081465045C2
S315080241F040F28A80A36CB5B29A457DD12369102212
S31508024200049304F12803002118461AF00CF8302109
S31508024210049A013DC4E90B2A227DC5F30A054A43DD
S315080242202D0120F0030302F1A04245F0407543F048
S31508024230020302F58022A5621367236DD4E91212DE
S3150802424033440A44934208BF0B464B45236505D1BE
S315080242500123204684F85430FFF7C9FE207DFDF776
S3150802426037F894F89A303BB1B8F1000F04D0236EB0
S31508024270112120465B689847DBF8003037B1039A6C
S315080242803B449342CBF80030FFF45AAFDBF80030D8
S31508024290002B14BF00201B2007B0BDE8F08F0AF1DF
S315080242A0010A0AF1FF33994210D1C4F89CA01AF800
S315080242B0013C112B01D0132B14D1013FA3F111019B
S315080242C04B424B41C14684F8A03072E71AF8013CCA
S315080242D003F0FD01112906D1013FB9F1000F3FF4A0
S315080242E068AFEBE7C14605F8013B62E73246284666
S315080242F01AF0B8F937466DE7238DC3F30A12154447
S3150802430065F30E13238598E7207D95B93023434339
S3150802431003F1A04303F58023596E5A6EC1F30A11BD
S3150802432022F4FF42314422F0700242EA01125A662E
S3150802433083E7CDE900644A462369216809F006FD48
S315080243403022237D534303F1A04303F580235A6E9B
S3150802435022F48012EBE792F8543037B5144633B19B
S31508024360936D0BB1D06D9847002384F8543094F8B6
S315080243709A301BB32046FFF759FDF8B1236E132175
S3150802438020465B6898471025236E20461B680DF168
S315080243900701984778B99DF8073003F0FD02112AFC
S315080243A005D1A3F111025342534184F8A030013DCD
S315080243B015F0FF05E8D12046FFF719FE002084F81C
S315080243C0540003B030BD2DE9F74F002800F0F38002
S315080243D07B49D1F874329842C0F0EF80D1F878223E
S315080243E01344984280F0E980D1E9A24EEFF3118B8B
S315080243F0302383F3118810F8086C30F806CCF307DB
S31508024400A0F1080502D5BCF1000F07D18BF311887C
S31508024410BFF36F8F012003B0BDE8F08FD1F87C326D
S31508024420D1F88492A3EBCC0330F8048C0093C1F83C
S315080244307C3209F101030CF10102C1F88432B8F1A8
S31508024440000F3BD0A5EBC803DF88B3F802A001979B
S315080244501F7806F00206FF0725D42EBB019EA6EB9F
S315080244600A06012E2AD1009E0CF10202A6F10807BD
S315080244705244C1F88492C1F87C7230F8028CB8F1C1
S31508024480000F1DD110F8085C20F8068C68F30005A9
S3150802449000F8085C013A5A801A7868F300021A7022
S315080244A00022DA803FE04EB110F8086C42446FF3FE
S315080244B0410600F8086C00269E80DEE72B46DCE7FC
S315080244C005EBC809D1E99D673744B9450ED310F8FB
S315080244D0085C013A6FF3000500F8085C002520F82D
S315080244E0065C5A801A7865F30002D8E715F8385040
S315080244F04E4615F0010530D010F8085C013A6FF304
S31508024500000500F8085C002592B220F8065C5A807D
S315080245101A7865F300021A70C3F107023244C2F32D
S31508024520CF02DA80B280002C43D09C4241D86288FE
S31508024530002A08BF1C46BEF1000F06D09E4504D3CA
S31508024540BEF80220002A18BF7346C1E9A2438BF3BC
S315080245501188BFF36F8F00205DE7A8EB0C08B8F14E
S31508024560010FC9D1B9F80270A9F802501744B9F86F
S315080245700620E2B109EBC2060025D1F88422013AE7
S31508024580C1F88422D1F87C22083AC1F87C2210F8B4
S31508024590082C20F8065C6FF3000200F8082C1A783B
S315080245A05F8065F300021A70002EB5D178E71646C9
S315080245B0E2E71C46BFE722202DE700235B69FFDE00
S315080245C088560020002313B5019369B160B101FB37
S315080245D000F401A920460EF0C1FA014620B9019855
S315080245E010B1224619F01FFE019802B010BDFEE76F
S315080245F0002307B5084601A901930EF0AFFA019800
S3150802460003B05DF804FB0846DDE608461146D9E71D
S3150802461000232DE9F04F934F85B00393D7F87832EC
S315080246200C469A42104604D239B912B103A90EF0C1
S3150802463095FA039805B0BDE8F08F1AB90846FFF750
S31508024640C2FEF6E7EFF31188302383F3118831F8B7
S31508024650063C07304FEAC30920F00705A945A1F130
S31508024660080C80F0828031F8022C002A6BD0D11A0D
S31508024670012968D10CEBC2061CF83220D10762D494
S315080246807188A9EB050B1BEBC10B5CD4BBF11F0FA1
S315080246903CDDC5F3CF0304EB050A24F8063C0133D7
S315080246A024F8023C5046E8F765FF34F8022C4FEA34
S315080246B0DB03AAF80420F288AAF8023012B371883A
S315080246C0511A11FA83F39BB206EBC202AAF8063014
S315080246D093800022314650460EF0FCF93046E8F740
S315080246E049FFD7F87C32D7F880222B44A3EB09037B
S315080246F093420394C7F87C3234D888F31188BFF3FF
S315080247006F8F96E70023AAF80630E2E7D7F88422E5
S315080247100133013AC7F88422F2880B4424F8063C8E
S315080247206AB17188511A11FA83F39BB206EBC20277
S3150802473024F8023C9380012231466046CCE70023E6
S3150802474024F8023CF7E7284603A90EF007FA0028E0
S31508024750D3D14A462146039819F084FF2046FFF72B
S3150802476032FECAE7C7F88032C7E778D931F8022C91
S31508024770A9EB0506511ECB1A002A3ED00CEBC20A3B
S315080247801CF83220D20739D4C3BBC5F3CF0304EBD6
S31508024790050B24F8063C013324F8023C5846E8F790
S315080247A0E9FE34F8022CBAF80230ABF80420BAF85B
S315080247B0062003EBD603ABF80230DAB1BAF80210D8
S315080247C0511A11FA83F39BB20AEBC202ABF806300E
S315080247D093805846002251460EF07CF95046E8F777
S315080247E0C9FED7F87C3203941D44A5EB0905C7F820
S315080247F07C5282E7ABF80620EBE79246272EF0D9E1
S31508024800C5F3CF0204EB050B24F8062C013224F873
S31508024810022C58460193013EE8F7ACFE34F8022C06
S31508024820F608ABF80260ABF80420BAF1000F13D011
S31508024830019B013313FA86F6B6B2ABF80660AAF8FC
S3150802484004600022D7F88432114601335846C7F865
S3150802485084320EF03FF9C4E7ABF806A0F1E70391FC
S315080248604BE700BF8856002030B58DB06846284D04
S315080248700EF040FF02A8E2F705FE55F8C41F04A889
S315080248800EF06FFF049C7CB969462248E4F738F9B2
S31508024890029904A80EF065FF1F4C049800BB02A8F3
S315080248A0E3F754FC0DB030BD182300210DEB0302CB
S315080248B02046E3F7D6F80699009B5B1A002B06DA20
S315080248C06846E3F78FFF04A8E2F77CFFDAE721469A
S315080248D02846E3F719FC214602A809F011F9F2E77E
S315080248E0182300210DEB0302E3F7BBF89DF82C30E1
S315080248F0052B08D0072B02D107A80EF03EFE04A806
S31508024900E2F760FFC9E7204610F0BEFFF7E700BFEF
S31508024910F03F0020BC400020484000202DE9F04F1F
S3150802492014465D2385B005460F4616220021204609
S315080249308DF807304FF0010A19F075FC0DF10709D9
S315080249402846FCF721FA0646E0B9D5F80880B8F8F1
S3150802495002305BBAA382002F37D16B6893F9022023
S31508024960002AB6BF93F8038093F8078003F1040B75
S3150802497008F1FF385FFA88F8A8BF03F1080BB8F107
S31508024980110F12D8D5E9000102AACDF808908DF8C0
S315080249900CA007F031FD00236860AB600028CFD178
S315080249A01726304605B0BDE8F08F20460BF1010107
S315080249B0E2F7EEFDBBF81130B8F1120F5BBA2382AB
S315080249C001D09BF81370A774EBE798F80130A3F1AE
S315080249D0020B5FFA8BFBBBF1110F0ED9204608F1C9
S315080249E00401E2F7D5FDB8F81430BBF1120F5BBA31
S315080249F0238215D098F81670E5E7042BA0D1094B47
S31508024A00B8F8022003CB6FF0FF036381FE23206010
S31508024A1061602681A381E281AB689B885BBA2382A7
S31508024A203746D0E7384200200149E2F7B1BD00BF58
S31508024A307042002000232DE9F047CCB08DF82C31C6
S31508024A4083790646D80731D4634D95F859000EF096
S31508024A508EFD58B395F85B30990702D407F084FCAB
S31508024A6020B34FF6FE73B5F858249A421ED0002397
S31508024A7003220593594B05A8596806938DF81C20FD
S31508024A804FF00108F6F754F9059F9DF82C418FB9A6
S31508024A9064B105A8E2F795FD4FF2BF03ADF83630CB
S31508024AA04FF6FE73B5F858249A422ED1012007F024
S31508024AB0F9FB8EE00F2CECD03B7D13BB0FAB99466E
S31508024AC003EB041ACA4512D1631C8DF82C314CAB80
S31508024AD003EB04143B46F43C07F1100C2246186813
S31508024AE05968083303C263451446F7D107E04846B6
S31508024AF03946E2F7AFFC09F110090028E2D087F837
S31508024B00148005A8F7F746FBBEE7282007F014FE2F
S31508024B10074600284DD00E234FEA041804A98DF83B
S31508024B2010308DF81180E4F701FE0446002848D1BA
S31508024B30424638460FA9E3F7EFF80446002840D163
S31508024B4095F85B309A070DD407F00EFC50B10DF1BB
S31508024B500F000AF0F5FA044698BB9DF80F30A3F544
S31508024B607C7301E0B5F8583409AAD5E9920182E8BE
S31508024B7003004FF07F420B92FE225BBA05A8ADF8FE
S31508024B803020ADF83230FFF74FFF3946144B15483F
S31508024B90009605AAE4F71CF8044690B9B37943F0DF
S31508024BA00103B37195F85B301B0712D407F056FC64
S31508024BB00FE0012007F076FB0121304600F014F8D9
S31508024BC007E03846E2F704FE012007F06BFB032CE8
S31508024BD0F2D04CB0BDE8F087F03F00202437002021
S31508024BE0194C020800380020837910B5DB07044601
S31508024BF002D583887BB1FEE739B98180FFF71AFFB0
S31508024C002046BDE81040FBF735BD83880BB19942B3
S31508024C10F6D2A180F4E710BD2DE9F0470622002559
S31508024C20C2B007460E461C468DF804518DF8072079
S31508024C3013B929B906240025BB79DA0741D4FEE758
S31508024C4001F1310323F001035B78442BF2D10421ED
S31508024C5030460DF10702E4F7D6FC04460028EBD1EC
S31508024C600E21304602AAE4F74EFC50B19DF80431F3
S31508024C709DF807500BB1002DDCD0B5FA85F56D0904
S31508024C80DAE7BDF80A301907D4D1FF2BD2D8BDF816
S31508024C900A309DF80421002BE8D00F2A1FBF531CA7
S31508024CA08DF8043105AB03EB021202A908BF0022F4
S31508024CB010233046E2F7ABFF102102A8E3F7D2FA37
S31508024CC0E5E76FF30003BB71002303220293274B28
S31508024CD002A8596803938DF81020F6F729F8DDF82B
S31508024CE00890B9F1000F0BD19DF807301C4314F058
S31508024CF0FF012AD13846FFF777FF42B0BDE8F087B1
S31508024D0099F81430012B1AD1EDB99DF80431A3B1E3
S31508024D1005AA904602EB031AC245464601D1002669
S31508024D2007E040464946E2F795FB08F110080028D5
S31508024D30F2D0B6FA86F35B095B0089F8143002A84A
S31508024D40F7F728FACBE70223F7E74FF6FE72084B86
S31508024D50B3F858149142D0D0B3F85A04012803D9AB
S31508024D6007F0F2FA0146C5E70121C3E72437002016
S31508024D70F03F002070B50C4606468CB060B1428EF4
S31508024D808B8A9A4206D1012290F836309A400B69EC
S31508024D9013430B610CB070BD0B69002BFAD002A845
S31508024DA0E2F70FFC4FF2BF031920ADF82A3007F0DD
S31508024DB041FC05460028EDD0324668462169E6F7E9
S31508024DC086FD6A46352128469DF80630E4F7B1FC89
S31508024DD018B12846E2F7FCFCDCE701212846A28A3C
S31508024DE0E4F7E9FC0028F4D102A8FFF71DFE04F156
S31508024DF0100606AA134620686168083403C3B4423B
S31508024E001A46F7D12946034802AAE4F711F80028F8
S31508024E10C0D0DEE7003800202DE9F04397B00446FB
S31508024E20E2F7B2FB054602A8E2F7CBFB214602A847
S31508024E30E2F7AEFB06AE04F1100304F12007324690
S31508024E4018685968083303C2BB421646F7D194F864
S31508024E50363094F838208DF82C3094F837300820FC
S31508024E60DB0043EA02139DF82D2003F0180322F013
S31508024E701802134333498DF82D300EF0C9F8074648
S31508024E80002846D02846E2F749FC04220C900CA9D1
S31508024E903846E2F741FF00284DD1A18D7B898B4226
S31508024EA044D3DFF8A4800CA8B8F894360CADA4F85D
S31508024EB04E3002AEB4F84C90E2F783FB0FCE0FC524
S31508024EC00FCE0FC596E8030045F8040B29806846FD
S31508024ED0E2F7D8FA80238DF80030B8F8943699FAB2
S31508024EE099F95A1CA8F894265BBA082269463846E4
S31508024EF0ADF80490ADF80630E3F768F8D8B9B8818A
S31508024F003A2238460CA90FF03FFBA0B9A38F01330A
S31508024F10A387E38D04F15000013B9BB2E38573B18D
S31508024F20216B17B0BDE8F043E3F76DBD3846E2F7EB
S31508024F3071FC0028B5D03846E2F74AFCE9E7A18EAB
S31508024F40EFE700BF2C280408F02F00200748B0F826
S31508024F50BA3513B100F28C505EE7D0F8B03523B1FA
S31508024F60D0F8B41500F5B96018477047F03F00202D
S31508024F70464A70B5156F15F004032AD04449454CC4
S31508024F800B6708238B62926D12F0010F13D1424A06
S31508024F901268B2F57A7F0ED9404E326C12070AD5DC
S31508024FA03F4A13641BF0AAFB736D23B1C4F86C3332
S31508024FB0012384F8703394F8713313B1012384F80A
S31508024FC07233E8F7EFFA0123042284F87333344B79
S31508024FD01A6415F001062BD001222D4B2D4C1A67A7
S31508024FE094F8703313B31AF07BFDD4F86C33C01AF5
S31508024FF0C4F87403D4F874330BB1D4F874634FF459
S315080250001671C4F87463D4F87433234BD4F8742332
S315080250101B684B43234903F5742303F23F23B3FB6F
S31508025020F1F3934210D2002384F87033E8F7BAFA00
S3150802503015F000521CBF164B1A67002DBEBF4FF063
S315080250400042134B1A6770BD94F87833D4F8741378
S3150802505004EB8300D0F880230133511AD4F87C2359
S31508025060DBB2521AD4F87413C4F87C23C0F880133E
S315080250700A210932B2FBF1F2C4F8A823B3FBF1F212
S3150802508001FB123384F87833CDE700BF0040005A9B
S315080250900060005A885600205818002000C00A509E
S315080250A000E00A5040420F0038B50446D0F8A43052
S315080250B01D68AB6C5906FCD5002394F8AD101A4648
S315080250C094F8AC00FEF764FC002394F8AF101A4675
S315080250D094F8AE00FEF75CFC94F8B430DA0707D50C
S315080250E0002394F8B1101A4694F8B000FEF750FC63
S315080250F094F8B4309B0707D5002394F8B3101A46E0
S3150802510094F8B200FEF744FC012205F500531A652D
S31508025110042228461A650B4DFEF724FB0021D4F813
S31508025120A8001BF0F5FA04F1B80105F55970E8F77D
S3150802513059FAD5F864331BB905F56B70EAF7F4FA30
S31508025140002038BD885600207FB504460D4616460F
S315080251506846F1F719FF6A4629462046009609F07D
S3150802516012FE04B070BD00232DE9F04707460E462D
S3150802517017258CB001930DF1180802A8F1F704FF60
S31508025180384602AA01A9CDF80C8009F0FCFD18B12F
S3150802519028460CB0BDE8F0879DF82C406207ECD58E
S315080251A09DF828904846F5F722FA0028E5D0172DEB
S315080251B019D0317D44F3010241F3010352B25BB2C5
S315080251C09A4210DC4C40A307D7D1347CCA46A14583
S315080251D028BFA246314652464046E2F72FFA824592
S315080251E00BD8A145C9D2344645460FCD0FC495E81A
S315080251F00300002584E80300BFE70CAB03EBE003DA
S31508025200C11013F8182C735C9A42EBE738B50C46B2
S315080252100821FBF792FD054690B14378102B28BF6B
S31508025220102304F8013B2046F1F7AEFE6A782046C1
S31508025230102A28BF1022A91C19F014FA002038BD1A
S315080252401720FCE730B587B00D4601A9FFF7DEFF48
S31508025250044648B9294601A8E6F7ACF9002808BF6A
S315080252601724204607B030BD0D24FAE72DE9FF4181
S315080252705C23054608460C468DF807300127E2F7F7
S31508025280B9F90DF107082846FBF77EFD0646002800
S3150802529030D16B6893F902109A780029B4BFD8788E
S315080252A0D879012826D91B4F002903CF20606FF031
S315080252B0FF00616060814FF000014FF0FE0002F0CE
S315080252C00F02A2F57C7252BA2181A081E281B4BF93
S315080252D0043308335B782374AB685A8852BA6282FD
S315080252E05A78022A0CBF0B461B796374304604B0FF
S315080252F0BDE8F081D5E9000102AACDF808808DF84B
S315080253000C7007F079F800236860AB600028BAD100
S315080253101726EBE7384200202DE9F0471D46B44E22
S31508025320B44B90B0144606910093292204233146C1
S3150802533006A8E2F763F950B1801BC0F38700262856
S3150802534005D8132807D898B30B2800F0FF80002049
S3150802535010B0BDE8F08714381228F8D801A353F81C
S3150802536020F000BF2D5402084F5302084F5302087B
S315080253704F5302084F5302084F5302085955020861
S31508025380615502084F5302084F5302084F53020849
S315080253904F5302084F5302084F5302089F570208F9
S315080253A0195602086F5602080D570208C755020811
S315080253B004F1310323F001035B78022B30D1204636
S315080253C0E2F7F6F830B12B78FF2B03D029462046B0
S315080253D00EF038FA10230021204606AAE4F77AF9D5
S315080253E0F0B908230321204604AAE4F773F9B8B9E9
S315080253F0814B824DD3F8344794B1204606A9E2F789
S3150802540029F820B1284604A9E6F7B6F808B164696E
S31508025410F2E7204606F085FF20B17948F6F76EF9DD
S31508025420012095E7204608F089F8F9E704F13103E7
S3150802543023F001035B78022BF2D1362120460DF1C7
S315080254400B02E4F7E0F80028EAD19DF80B30372181
S31508025450012B38BF0123032B28BF0323204603AAA7
S315080254608DF80B30E4F70EF90028D9D138212046F9
S315080254700DF10E02E4F706F90028D1D1204604A957
S31508025480E6F712FA0028CBD1049F002FC8D01320C2
S3150802549007F0D0F880465B4ED6F83C05804504D026
S315080254A008B1E2F795F9C6F83C85D6F83C85B8F115
S315080254B0000FB5D00022394606A8E6F708FA3521C4
S315080254C040469DF81E3006AAE4F733F90028A7D10C
S315080254D03923D6F83C0506A98DF81830E4F726F9DB
S315080254E000289DD19DF80B3086F8390586F838359F
S315080254F0BDF80C304FF47A71A6F83435BDF80E3083
S315080255004148C6F82C75C6F83075A6F8363505F141
S315080255102007E3F778FA06F21C5605F1100332461D
S3150802552018685968083303C2BB421646F7D12046A3
S31508025530E2F73EF800283FF473AF2B78FF2B3FF4CF
S315080255406FAF294620460EF07DF969E72A462146BD
S315080255502E48E5F727FF63E72A4621462C48F8E74F
S3150802556004F1310323F001035B78022B7FF458AF71
S31508025570204606A9E6F798F900287FF451AF0121DB
S31508025580204604AAE4F77EF800287FF449AF1D4EA8
S31508025590069B06F59F67C6F8083505F1200C05F146
S315080255A010033A4618685968083303C26345174612
S315080255B0F7D1BDF810304FF47A711648A6F80C35B3
S315080255C0E3F721FAB3E704F1310323F001035B7829
S315080255D0022B7FF425AF2046E1F7EAFF18B12946E8
S315080255E020460EF02FF921460548F7F71FF917E767
S315080255F06833040847030208F02F0020604200209F
S3150802560070440020F03F002030450020343D002041
S31508025610603D0020004500202046E1F7DEFF002815
S315080256203FF4FEAE674806F0FCFF214606F056FE3A
S31508025630064600283FF4F4AE03795A0706D463797E
S315080256404279C3F3410363F342024271314620466B
S3150802565008F0E4FB18B13046E2F7BAF8E0E62A4663
S3150802566031465948E3F7E4FB0028F4D1D8E604F1B9
S31508025670310323F001035B78022B7FF4D1AE204677
S31508025680E1F796FF18B1294620460EF0DBF806A880
S31508025690E1F797FF4FF2BF032220ADF83A3007F041
S315080256A04BF8064600283FF4BBAE03795B0706D4DF
S315080256B063794279C3F3410363F3420242712121BA
S315080256C020460DF10E02E3F7DDFFB0B13146204662
S315080256D008F0A4FB0028BED13C4B0422304604A99C
S315080256E00493E2F719FB00287FF49AAE06A905F19E
S315080256F0100007F02FF806AAB2E721213046BDF8B6
S315080257000E20E4F758F80028E0D0A4E72046E1F78F
S3150802571064FF00283FF484AE02232046A18906AA24
S31508025720E2F79FF9064600287FF47AAE9DF818300C
S31508025730122B7FF475AEA789DFF898800237BFB2BD
S31508025740A8F15809A8F59A7A9DF81930F1B28B4250
S315080257507FF6F7AE394489B20123204604AAE2F756
S3150802576080F9014600287FF45BAE9DF81030222BA3
S3150802577009D0242B0BD0092B03D18822504618F0C6
S3150802578052FD0136E0E74046F6F708FDF9E7D9F893
S315080257904434002BF5D0D9F848049847F1E7204657
S315080257A0E1F71BFF00283FF43BAE094BD3F85064E0
S315080257B0002E3FF4C6AE2A4621460020D3F85434BA
S315080257C0B047BEE62C2804080038002020028000D4
S315080257D0F03F002048400020023802288CBF0020F3
S315080257E0012070474368D86B7047022243680A70E3
S315080257F0024A68334A608B60704700BFD841040882
S31508025800023801288CBF002001207047031F584226
S31508025810584170470E4B0340B3F1607F06D1B1F58C
S31508025820885F14BF6FF0860000207047B3F1707F5F
S315080258300BD101F4E043B3F5005F06D111F4E06F32
S315080258400CBF6FF08600002070476FF08600704725
S315080258500000C07F8A42F8B507460C4600F0BE80B3
S315080258605F4922F4FF7323F001038B4207D022F427
S315080258707F7323F0030301F500718B4228D1594B3C
S3150802588024F0FF0199420FD114F0FF0036D0564B8F
S3150802589040F00070984240F09F8082EA0400FF2898
S315080258A08CBF0020012029E0504B9942ECD0A3F589
S315080258B088539942E8D024F4FF7323F00103B3F125
S315080258C0062FE1D04A488142DED04A498B42DBD0D4
S315080258D004F0FE43B3F1A06F11D102F0FE43B3F117
S315080258E0A06F79D114F4004008D0624022F47E12E7
S315080258F0C4F3054422430CBF01200020F8BDB3F1CE
S31508025900407F69D102F0FE43B3F1407F64D182EA57
S31508025910040535F47E155FD139462046FFF77AFF2E
S31508025920002859D1344BC4F305461340B3F1607FBE
S3150802593022D1324BD2B242F000729A4234D002F1EC
S315080259407E42131F0F2B0AD8DFE803F03D3D092ECE
S31508025950262A0828262A0909262A08283025043A42
S315080259600F2A29D8DFE802F0303028211E2D2325F8
S315080259701E2D28281E2D2325B3F1707F1CD107F46E
S31508025980E043B3F5005F17D10121C7F3022399401B
S315080259900D46DEB90E4610E01C25E0E74025DEE797
S315080259A02025DCE71C21F4E710251021F1E7302138
S315080259B0EFE76EB9402600E056B9AA1B504250419D
S315080259C09CE72021E5E714251421E2E7B14205D038
S315080259D0230493D5AE4263E700208FE701208DE7C3
S315080259E00002000600030006FF000002001300067C
S315080259F000090006000400060000C07F030000023A
S31508025A00037E022B06D1C3695A1C03D00133C36134
S31508025A10002070476FF09600704710F1860F13D07A
S31508025A2010F1850F0BDA20F0020393330FD010F131
S31508025A30970F0CBF6FF06D004FF0FF3070470038BC
S31508025A4018BF0120404270476FF0710070476FF02F
S31508025A506F00704700F19903142B1AD8DFE803F098
S31508025A601717191919191917191919191319191AA1
S31508025A70150B0F0D1100084870470848704708486B
S31508025A8070470848704708487047084870470848EA
S31508025A907047C2E70748704700C3FFFF80C6FFFF8B
S31508025AA080C5FFFF00C1FFFF80C0FFFF80C1FFFF67
S31508025AB000C2FFFF80C7FFFF00F01F03A0F5062004
S31508025AC0A0F5506081280FD801229A40084B400958
S31508025AD053F82010114343F8201003EB8003596949
S31508025AE021EA0201596170474FF0FF30704700BF43
S31508025AF03C5A002000F01F03A0F50620A0F55060CE
S31508025B00812810B518D801210D4A400902EB8004F4
S31508025B10994063690B436361D2E900130B449168A8
S31508025B200B44D1680B4411695B1804D1C2E90533E9
S31508025B30C2E90733536210BD4FF0FF30FBE700BFDF
S31508025B403C5A002020F0FF03B3F5824F06D14138B4
S31508025B50C0B2012894BF0020012070470020704778
S31508025B6010B50024436814601B0A04D0012B0AD01E
S31508025B706FF0850010BD0088FFF7E4FF00B1013120
S31508025B8000201160F6E72C31FAE7038803F44F4246
S31508025B90B2F5824F13D1DBB2122B21F0FF010ED1DF
S31508025BA0438823F02002C02A02D0B3F5807F06D1AB
S31508025BB0B1F1062F0CBF00206FF0850070476FF019
S31508025BC085007047036813F0704205D1C3F30E03CC
S31508025BD00B60D3B100207047B2F1004F0AD0B2F180
S31508025BE0204F07D0B2F1304F04D0B2F1404F01D066
S31508025BF0212070478268D20404D5C369002BF7D0E6
S31508025C001B68E5E703F07F03E2E74368002BEFD062
S31508025C100B60DFE72DE9F34705680F680446BD42C6
S31508025C200E4690469A4605F070492AD0B9F1004FB9
S31508025C3006D0B9F1404F03D0212002B0BDE8F08763
S31508025C4085EA0703B3F1805F0CD3BAF1000F2FD1AF
S31508025C50B8F1000F18D0A368B268534013F4E04FA6
S31508025C6012D0E9E70023204601A90193FFF7AAFF0C
S31508025C700028E1D1019AC2F30E0215431743BD4229
S31508025C80DAD1B9F1000FE0DB0023204601A901931E
S31508025C90FFF798FF0028D0D1009069463046FFF7F3
S31508025CA091FF0028C9D1DDE900329A42C5D0C3E77F
S31508025CB0B268B8F1000F03D0A3685340D904BBD425
S31508025CC09304E1D4B8E7F8B5134642880C4607327E
S31508025CD0072A4FEAD20101D0A1423ED1D0E9016793
S31508025CE0058820221846002118F09DFA360A03462E
S31508025CF026B1012E10D06FF08B00F8BD6CB341F2BD
S31508025D000102954205D0B5F5885F02D0B5F5905FD8
S31508025D101AD15C600020F0E7C660F4B141F20102D4
S31508025D2095420BD15C60B90707F001023ED4002AFE
S31508025D30F0D19A6842F080729A60EBE7B5F5885F0F
S31508025D40F0D0B5F5905FEDD0B5F5105F0DD1182CF2
S31508025D5006D0202C04D0102C02D06FF08600CCE797
S31508025D60C3E90044002ED5D0DDE705F44F42B2F56B
S31508025D70824F1BD1EAB2122A18D11C2C19D0202C18
S31508025D8019D0182C12D1104A25F0FF05B5F5E24FA5
S31508025D901A6012D0B5F5824FDFD14FF4005217F4CC
S31508025DA0705F0FD017F4864F0AD09A606FF085009D
S31508025DB0A3E7064AE8E7064AE6E74FF48042EEE733
S31508025DC042F480629A60CDE7180000801C000080C9
S31508025DD02000008010B50446E9F787FA2046BDE898
S31508025DE01040FEF7F0BA2DE9F341064617461D465E
S31508025DF00190014402236A4601A8E7F7A6FC18B9EE
S31508025E00009B23B96FF0670002B0BDE8F081019AE2
S31508025E1092F9000011780028F4DB71B1DDF80080F0
S31508025E20A845EFD8019CA5EB08002146424638440E
S31508025E30444418F017FCA01BE6E7511C013B0191EC
S31508025E400093002BEAD05378002BE7D1DAE7F0B5B6
S31508025E500B46C168044601298DB036D12B2A03D8D0
S31508025E606FF089000DB0F0BD13F003071A460DD086
S31508025E7001AD03F1280C2E4610685168083203C694
S31508025E8062453546F7D1106801AA306001211180B2
S31508025E90002151802168516061689160A168D160D2
S31508025EA09FB101AA15460BAE144603CCB44218603C
S31508025EB05960224603F10803F6D1206818600023C8
S31508025EC01A46EA5401332C2BFBD10020CAE737B510
S31508025ED00C461546027832B15A1BA2420ADA6FF00C
S31508025EE06B0003B030BD013C00F10100F2D16FF046
S31508025EF06700F6E71B1B224601461846019318F06F
S31508025F00B1FB90F90020002A08DA421B002AE6DDD6
S31508025F10421E01920022013400F8012C224629462B
S31508025F2001A8E7F725FC0028DBDB019B20445D1B63
S31508025F30002DD4DD0222013003F8012CD1E710B579
S31508025F4080210120FEF73EFB044608B1E8F75AFD18
S31508025F50204610BDF8B5002931D11E4B1D68002D0B
S31508025F6036D030272C7D1C4E2046FBF78FF907FBCF
S31508025F700463DA6E194B9A4213D12846FDF756FF87
S31508025F80A0B1EFF3118187F311880123144AA340C4
S31508025F905365A2F580529362536381F31188BFF366
S31508025FA06F8F2046BDE8F840FBF792B92846FDF701
S31508025FB071FF0028F5D10123A340B364F1E7012953
S31508025FC006D1044B186818B1BDE8F840FEF70FB8B9
S31508025FD0F8BD00BFC41B002000000450255900204C
S31508025FE00020045070B5EAB08022002108A818F0F3
S31508025FF01AF901220023CDE90623214B21491C93D4
S315080260006B46086849688DF8902003C36B468DF87D
S31508026010982003CB8DF897208DF894201A461546BA
S31508026020194BCDF85900CDF85D1003F110062C4630
S3150802603018685968083303C4B3422546F7D10FCA0C
S315080260400EAC84E80F00012410488DF8924018F02F
S3150802605095FB0E49024612A818F004FB29A88DF8EA
S3150802606093400DF0E9FA002306A929A88DF8A23172
S31508026070E5F746FC064829A9E5F78EFF6AB070BD22
S3150802608022220F00E0410408E9410408B86400200E
S31508026090343D002000B591B008463F2389896A46F7
S315080260A0E1F792FC00F140030DEB030000230749D8
S315080260B000F8403C684618F00CFB18B969460448D3
S315080260C0F1F761FB11B05DF804FB00BFFA41040861
S315080260D0054204082DE9F0434FF000084FF0010984
S315080260E085B007460D461046414614461E46CDE97A
S315080260F00289E7F769FE80B931463846E8F7B7FDFF
S31508026100044618B92846E8F7A0FC044602A8E7F7A9
S3150802611035FC204605B0BDE8F08349462046E7F738
S3150802612053FE58B931463846E8F7A1FD0446002819
S31508026130ECD131462846E8F772FCE6E74FF0FF3124
S315080261402046E7F741FE18BB31463846E8F78FFD89
S3150802615004460028DAD131462846E8F760FC0446A8
S315080261600028D3D1083501462846E7F72DFE2A46E8
S315080261700646391D02A8E7F75DFE04460028C5D182
S31508026180321E18BF0122284602A9E7F7AFFBBCE771
S315080261903346224629463846CDF800800CF0EEF8FA
S315080261A0B3E738B504460D4669B103685BB94B6A6D
S315080261B013B90020256038BD984760600028F8D1D9
S315080261C0A0F57E50F7E70148F5E700BF80C1FFFF5B
S315080261D084B08DE80F0028B10378023B022B94BFE6
S315080261E00846002004B07047F0B503680646062B39
S315080261F00C46A5B011D01B4825B0F0BD73686A6875
S315080262009A4203D1B16819F003FA50B114352868D5
S315080262100028F3D1A0F56850EEE7134DF7E71348C7
S31508026220EAE704F110079022394668462E7C18F0F0
S3150802623019FA94E80F00FFF7CBFF90223946054674
S31508026240684618F00FFA94E80F00FFF7C1FF0378C3
S315080262500BB19E42E3D13146284625B0BDE8F0404F
S31508026260E9F752B880B1FFFF1044040800C3FFFFE4
S31508026270034B0A4610B50021DB680446984710BD51
S31508026280B864002010B5044610B109B1FFF7F0FF53
S315080262902046BDE81040FEF796B810B504460068D9
S315080262A010B16168FFF7EEFFA068FEF78CF820468A
S315080262B0BDE810400C21DBE7036810B504461BB1A4
S315080262C09B6A0BB1406898472046BDE81040A0215A
S315080262D0CEE7434213F07F031CD05F2BC3F10000C5
S315080262E000F3B48010F10E0F31DA10F13B0FC0F251
S315080262F0DB8010F1100F00F0F28010F10F0F00F0A2
S31508026300898010F1210F1FD010F1200F67D010F1EC
S31508026310220FBBE010F56E5F00F0D88000F3938081
S3150802632010F59C4F76D05DDC10F5C44F00F0C580A1
S3150802633031DC10F5C74F00F0C3803FDB10F5C64FBE
S3150802634068D010F5C54F39D16FF086007047012322
S3150802635000F10E02934040F217521342F4D100287C
S315080263603FD010F1080F08BF6FF0890018BF6FF011
S3150802637083007047012300F16C02934041F25052A8
S315080263801342E1D1DB0700F1A78010F16A0F08BFBB
S315080263906FF08C00EAE710F5A24FD5D011DC10F5A4
S315080263A0C14F1CD006DC10F5C34F00F0988010F5DB
S315080263B0C24FC8E710F5A34F00F091806FF0830033
S315080263C0704710F59E4F00F0878005DC10F5A14F47
S315080263D005D010F59F4FB6E710F59D4FEED16FF039
S315080263E08500704710F5785F6DD01EDC10F5994F61
S315080263F0AAD008DC10F59B4F71D010F59A4FDDD163
S315080264006FF09300704710F57E5F68D005DC10F5D3
S31508026410984FD3D16FF09400704720F0800010F5A2
S315080264207C5F08BF6FF08600A0E710F5705F4DD05D
S31508026430C4DC10F5725FD2D0C0DC10F5765F83D06B
S3150802644010F5745F7FE710F15F0F29DA10F16C0F10
S3150802645090DA10F1700F3CD010F16F0F1ADA10F5BE
S31508026460645FD7D00DDC10F5685FB8D006DC10F58E
S315080264706C5F3FF469AF10F56A5FAFE710F5665FC8
S31508026480ACE710F5625F27D010F1720F08BF6FF004
S3150802649085006BE710F16E0F08BF6FF0960065E78F
S315080264A000287FF71FAF89E710F13D0FA8DA10F130
S315080264B0400F08BF6FF0930058E76FF095007047DA
S315080264C06FF0960070476FF0910070476FF0840086
S315080264D070476FF0920070476FF0890070476FF04F
S315080264E08C00704741F2052398421AD8B0F5905F9E
S315080264F009D241F2010398420CD0B0F5885F09D05F
S315080265006FF0850070472923A0F5905080B2C340EA
S31508026510DB07F5D511F0070F0CBF00206FF08600D8
S315080265207047B0F5105FEBD121F04003802B06D0FF
S31508026530B1F5807F0CBF00206FF0860070470020FF
S31508026540704770B5046A05460E463CB90120FEF747
S3150802655039F8286228B120466E6270BD6FF08A004B
S31508026560FBE76FF08C00F8E79142F8B506460C4651
S3150802657000F01D8121F0FF00B24988420CD122F0B9
S31508026580FF0383423CD114F0FF0334D0AE4943F0F3
S3150802659000738B422FD10AE1AC4DA84216D0AC4B00
S315080265A098420DD024F4FF7323F00103B3F1062FAA
S315080265B006D0A84FB84203D0A7F5A067BB4267D159
S315080265C022F0FF038B422DD10022F0E022F0FF03D6
S315080265D08B42F9D0834227D184EA0203FF2BF3D8F0
S315080265E09A4B984200F0FE809949884240F04C81C5
S315080265F014F0FF010FD112F0FF0340F0E1801EE113
S3150802660092498B4210D184EA0201FF29DCD814F0A0
S31508026610FF0100F0DC808C4841F00071814240F0B5
S31508026620EA80C4E0AB42D6E7894DAB4200F09B80D4
S3150802663022F4FF7121F00101B1F1062F06D0854F30
S31508026640BB424AD005F50075A94221D184EA020166
S31508026650FF29B9D87B4D24F4875121F01F01A9429D
S3150802666040F00E8114F0FF01D5D179498B4200F032
S31508026670DD8022F4FF7121F00101B1F1062F00F04D
S31508026680D5807448834200F0D180734B9942B2D0C8
S3150802669004F0FE45B5F1A06F2AD102F0FE43B3F12C
S315080266A0A06F91D184EA020333F47E138CD12504B8
S315080266B0C4F30543C2F3054002F4004140F1F280F7
S315080266C0002900F0EB80834238BF034624F47E1289
S315080266D042EA034242F4004269E084EA0201FF29DF
S315080266E040F2998004F0FE45B5F1A06F3FF46CAF15
S315080266F0B5F1407F7FF468AF02F0FE43B3F1407F05
S315080267007FF462AF84EA020333F47E157FF45CAF4A
S3150802671031462046FFF77EF800287FF455AF14F479
S315080267207C1300F0C780C4F3054312F47C1504F405
S31508026730004C02F4004700F00C81C2F30540BCF19C
S31508026740000F00F04F810546002F00F047819D4259
S3150802675038BF1D462D0405F47C1524F47E142C43FB
S3150802676044F4004223E084EA0201FF29BAD83549F3
S3150802677088421ED001F5805188420FD0984240F0D7
S31508026780838014F0FF017FF446AF31498B424DD125
S3150802679012F0FF0314D104F0FE45A9E714F0FF0333
S315080267A03FF429AF284943F000738B4204D11046BF
S315080267B0F8BD14F0FF03F5D112F0FF033FF404AF5E
S315080267C0214943F000738B427FF462AF08E012F06E
S315080267D0FF02ECD01C4B42F000729A427FF4F4AEF0
S315080267E02246E4E714F0FF030AD0174943F0007380
S315080267F08B42DCD0034615498B427FF436AF15E04F
S3150802680012F0FF02D3D0104B42F0007199420CBF2E
S3150802681022460022CBE70B4988421FD114F0FF0318
S3150802682004D0094943F000738B42C0D012F0FF032B
S31508026830C6D104F0FE45B5F1A06F7FF459AF1A46EA
S31508026840B5E700BF00030006FF00000200130006BA
S315080268500002000600090006000400066349884291
S31508026860DCD0A8428DD0624D24F47F7121F0030159
S31508026870A94201D09842BED114F0FF01BBD0CAE6A4
S315080268805C4988423FF4EEAE594D24F47F7121F0FB
S315080268900301A942F0D058498842ECE7834288BFEF
S315080268A0002284E700293FF48FAE83422CBF22469A
S315080268B000227CE751492140B1F1607F38D1504826
S315080268C0E1B241F00071814241D001F17E410439C1
S315080268D00F293FF62AAF01A050F821F021690208D4
S315080268E0216902082B6702084F6902081D69020816
S315080268F025690208296902082D6902081D69020824
S31508026900256902082B6702082B6702081D69020817
S3150802691025690208296902082D6902081C2304E769
S31508026920142302E7202300E73023FEE64023FCE691
S31508026930B1F1707F7FF4F9AE06F4E041B1F5005F7C
S315080269407FF4F3AE0123C6F302218B40EDE6102352
S31508026950EBE62A491140B1F1607F1ED12848D1B22F
S3150802696041F00071814237D001F17E4104390F2985
S3150802697016D8DFE801F00A0A1531080C0E10080CC1
S315080269801515080C0E101C20D9E61420D7E620206F
S31508026990D5E63020D3E64020D1E6B1F1707F11D09A
S315080269A03846BCF1000F7FF4CFAE002F7FF418AF44
S315080269B083427FF409AE1B0403F47C1324F47E128B
S315080269C01A43F4E606F4E041B1F5005FE8D1012086
S315080269D0C6F30226B040B2E61020B0E6AB4288BF44
S315080269E00022E4E6002FE3D05FE700BF00130006AB
S315080269F00004000600020006000900060000C07F27
S31508026A000300000238B50446006A10B1616AFFF74E
S31508026A1039FC237E012B0FD0023B012B0FD8E369E9
S31508026A20012B0CBF00256FF096052822002120466F
S31508026A3017F0F9FB284638BDE369002BF1E76FF03A
S31508026A409605F2E7426870B5120A0588438806D0A9
S31508026A50012A56D000236FF086000B6022E005F467
S31508026A60E042B2F5805F02D0B2F5005F05D1073386
S31508026A70DB0840D16FF0850014E005F44F42B2F509
S31508026A80844F03D10733DB080AD1F3E747F2010241
S31508026A90954208D15B080133DB0803EBC3033B339A
S31508026AA000200B6070BD44F20102954202D1DB0858
S31508026AB01033F5E747F20202954204D1DB0803EBED
S31508026AC043035A33ECE744F20202954204D1DB0847
S31508026AD003EB43034A33E3E725F0FF05B5F5E24F37
S31508026AE0D0D0B5F5824FC5D10733DB085B00013339
S31508026AF0012BD5D1BEE725F0FF05B5F5824FCFD1DB
S31508026B00F6E705F4E046DC1DB6F5805F25F0FF00E2
S31508026B104FEAD40202D0B6F5005F06D1002A4DD05C
S31508026B20B0F5824F07D1134643E005F44F46B6F552
S31508026B30844F05D1C2B3D31C23F003032C33AFE72A
S31508026B4047F20106B54210D15B080133DB0803EBB5
S31508026B50C3033B330333920723F0030301D1072C04
S31508026B60ECD1B0F5824F30D0E8E744F20106B542DF
S31508026B7002D1DB081033EDE747F20206B54204D12B
S31508026B80DB0803EB43035A33E4E744F20206B54251
S31508026B9004D1DB0803EB43034A33DBE7B0F5E24FE4
S31508026BA0C8D0B0F5824F02D00B680333C4E753004E
S31508026BB00133012B00D10B68013BCBE7B0F5824FBD
S31508026BC00B68F2D1023323F003030433B6E72DE947
S31508026BD0F74305460E4600F1680900217830174644
S31508026BE09846E7F7F1F880B13346424649462846C1
S31508026BF000970BF081FBFFF76CFB0446A0B13A46FF
S31508026C000021304617F00FFB0EE0094B05F1600232
S31508026C100093494605F11C0328460BF0AFFBFFF724
S31508026C2058FB04460028DFD0204603B0BDE8F083AF
S31508026C30398002082DE9F34114461D460378394A7C
S31508026C4043F000739342074688462C6006D1002C0F
S31508026C5062D16FF0890002B0BDE8F08103F17E438C
S31508026C60043B0F2B22D801A252F823F0036D020827
S31508026C70036D0208AD6C02084F6C0208FB6C020831
S31508026C80F36C0208EB6C0208E36C0208FB6C020860
S31508026C90F36C0208AD6C0208AD6C0208FB6C0208C4
S31508026CA0F36C0208EB6C0208E36C020824B1224674
S31508026CB02121404617F0B7FA00263A681A4B9A423B
S31508026CC02CD10023202241460193381D01AB0AF03C
S31508026CD0B3FD0AF0F5FEFFF7FCFA0028BBD12E60D9
S31508026CE0B9E7002CB5D040260EE0002CB1D03026EC
S31508026CF00AE0002CADD0202606E0002CA9D01C26DE
S31508026D0002E0002CA5D0142622462121404617F07F
S31508026D108AFAB442D1D29CE71026F5E76FF08800CA
S31508026D2099E700BF0300000209000002F8B51E4DEC
S31508026D30064695F848330F4683B300242B46224667
S31508026D40197ED1B13CB9022905D1D96919B919797E
S31508026D50002918BF1C460132152A03F12803EFD170
S31508026D6014B96FF08C0006E02046FEF749FE20466D
S31508026D70FFF748FE10B100240EE01C46237E83B9B5
S31508026D80012323763EB1651BED1003F1CC335D4337
S31508026D9005F18045356000203C60F8BD6FF088003B
S31508026DA0E9E76FF09600E6E784470020034660B1FC
S31508026DB0017E8A1E012A0AD80329C26902D1012A3A
S31508026DC000D11FE61AB1013ADA61002070476FF066
S31508026DD09600704730B401EB8202914201D130BC71
S31508026DE018470C46B4F9005004318542F5D1B4F976
S31508026DF0020030BC7047022807D0032808D00128B1
S31508026E0009D0002318460B607047E0231220FAE7E0
S31508026E104FF48073FAE7C023F8E770B515460E46B5
S31508026E2024220021044617F0FEF925F04003802BA0
S31508026E3002D0B5F5807F08D12046314640F8045B7A
S31508026E40EA0817F00FFC002070BD6FF01F00FBE781
S31508026E502DE9F04FA7B0CDE9022180461D4604462A
S31508026E600822319F28FA02F383EA08039E0702F1F1
S31508026E70080218BF9B00202A1C44F3D18123B4FBC5
S31508026E80F3F303EBC313E41A804B04F5062493F8D1
S31508026E90283004F55064002B3ED17D497D48FBF726
S31508026EA0BBFD0646002878D10146402206A817F0FF
S31508026EB0BAF94022314616A817F0B5F9DFF8EC916F
S31508026EC0754BCB4609F110094B4528BF4B460026A0
S31508026ED003F1FF3A10225B46CDE900A66D4806A9E2
S31508026EE0FAF700FD034606AA9E4243D10123102261
S31508026EF0CDE900A367485B4616A9FAF7F3FC4FF0FB
S31508026F00000B824616AED3454CD1644B9945D7D170
S31508026F1001225E4B83F828204FF081090026DFF80C
S31508026F206CA1A4F50623A3F5506252095AF8220069
S31508026F3004F01F01C840C0074BD40AEB820252690B
S31508026F40CA40D20737D58122A3F6FF43B3FBF2F232
S31508026F5002EBC2129B1A002E08BF264603F5062428
S31508026F60B9F1010904F55064DBD1029B2BB326B3B0
S31508026F7034462AE052F8040B05930492FEF79CFD68
S31508026F80DDE9042301300BD10022404B83F8282087
S31508026F903E4B93F82830002BBED16FF091000EE0DD
S31508026FA00136A1E756F8040BFEF7A4FD0130EFD02F
S31508026FB00BF1010BA7E7029B23B96FF08B0027B0F1
S31508026FC0BDE8F08F002E18BF3446329B00201C60A5
S31508026FD0F5E7309B13B10023309A13600FB10023F3
S31508026FE03B604FF0100B00232A4621462948CDF86C
S31508026FF000B0FAF78BFD002836D1309A284BF2B149
S31508027000C2F800B02A689A421DD021462148FBF7E9
S315080270106FFB0028D1D1D5E9022303998B4208BF19
S3150802702042452AD08123A4F50624A4F6FF44B4FBDC
S31508027030F3F303EBC313E41A04F5062490E72A686C
S315080270409A42E8D0E1E7002FE5D03B4621461148AF
S3150802705016AAFAF7A3FD38B9309A3B681268934222
S315080270609BD39B1A3B60D6E70E4B9842CDD063283A
S31508027070CBD00D4B9842CED08FE7029B002BA4D0E3
S315080270806B68012BA1D16FF0840098E73C5A002067
S315080270908464002098190020816D0800906D08000C
S315080270A0105D175EFFDF00F0FEDF00F0006D0800DE
S315080270B02DE9F04F87B08246894698461646DDF88E
S315080270C040B02AB1002B52D040F26C739A4251D882
S315080270D0BBF1010F51D8002406F1100739460120E9
S315080270E00594FDF76FFA0546002849D021463A4627
S315080270F017F099F805ABCDE9014300942B46012216
S3150802710050464946FFF7A4FE044680B110F18C0F9B
S3150802711008BF6FF08D043A460021284617F083F817
S315080271202846FDF750F9204607B0BDE8F08F164B02
S31508027130C5E902A92B60C5F804B02EB1324641460C
S3150802714005F1100017F08EFA059E3B462A4631468F
S315080271500E48FBF775FA38B93046FEF7ADFC013032
S3150802716008BF6FF08604D6E76FF09104D3E76FF095
S315080271708604D8E76FF09104D5E76FF08504D2E765
S315080271806FF08C04CFE700BF105D175E98190020D8
S3150802719070B58CB006460D4614460021102208A882
S315080271A017F041F8002205AB029307AB019306AB31
S315080271B000933046294608ABCDE90622FFF748FE7A
S315080271C018B9099B6360079B23600CB070BD002346
S315080271D02DE9F0470F460B608949064691F8482380
S315080271E086B0002A00F0058100F14042142A4CD8E4
S315080271F0282303FB02110B7E022B3BD039460020C3
S31508027200FFF794FD0446002856D10125D7F80080D9
S3150802721021463046C8F81460C8F8045004AAFFF795
S31508027220B7FF044618BBDDF810A028465146FDF7FD
S31508027230C9F90546002800F0D0802146304604AA3E
S315080272400394FFF7A5FF044668B903AB21460093EA
S3150802725052462B4630460BF0FDFB039B04469A45E5
S315080272602ED06FF0980451462846FFF70BF80021F6
S315080272700846A7E04B699842C0D10846FEF7C0FB0C
S315080272800446B0B93960002416E0002840F3B480F9
S315080272900A46107E022802D15069864205D0013379
S315080272A0152B02F12802F4D1A8E7282202FB0311C2
S315080272B0E3E710F18C0FA1D0204606B0BDE8F087AF
S315080272C00028D0D1BAF1230F68D9082228464D4999
S315080272D018F09EF9002861D1AB68002B5ED12E6AA0
S315080272E0AAF124039E425AD8B6F5005F57D28EB346
S315080272F031460120FDF766F9814600285DD03246FF
S3150802730005F1240117F0AEF9EB685146C8F80430C6
S315080273102B8A2846A8F800306B8AA8F802306B69CF
S31508027320C8F80830AB69C8F80C30EB69C8F81030F1
S31508027330B9F1000F00D07EB9FEF7A4FF31464846E0
S31508027340FEF7A0FF3868FFF75DFB6FF09104002394
S315080273503B60B1E7B146D7E7FEF794FF31464046B0
S31508027360FFF7EFF8044658BB32464946D8F82000DC
S3150802737017F078F931464846FEF784FF3C6804F16F
S315080273800800F9F7E0FE237E012B2FD02046FEF7F0
S3150802739037FB044600283FF476AFD8E726466FF057
S315080273A0980451462846FEF76DFF31460020FEF73F
S315080273B069FF3868FFF726FBC9E76FF08C04F0E728
S315080273C031464846FEF75EFF3868FFF71BFB14F1A5
S315080273D08C0F08BF6FF08704B9E72146FEF752FF04
S315080273E03868FFF70FFB6FF08C04B0E702232376A9
S315080273F0CCE76FF088045FE76FF087045CE700BFAD
S3150802740084470020604404082DE9F8438846174655
S315080274101C46FFF7DCFE054688BBD8F80060B6F8BE
S31508027420009009F4E043B3F5804FB36808BF27F02C
S31508027430010737EA03031AD10CB3214A24F0FF03E2
S3150802744093421FD114F0FF0304D01E4A43F000737F
S3150802745093422FD022464846F168FEF7FBF90746C3
S3150802746068B9224648463169FEF7F4F928BB6FF037
S31508027470840500233046C8F80030FFF797FC2846F3
S31508027480BDE8F883104A9342DCD024F4FF7323F054
S315080274900103B3F1062FD5D00C4A9342D2D004F099
S315080274A0FE43B3F1407FD5D0B3F1A06FD2D0054BDE
S315080274B09C42CEE76FF08605DBE73D46DFE700BF75
S315080274C000030006FF000002000200060004000690
S315080274D073B50C46054618220021204616F0A3FE6F
S315080274E0002328461A4601A9FFF78EFF60B9019EB6
S315080274F035460FCD0FC495E8030084E803003046ED
S3150802750002B0BDE8704051E402B070BD30B58DB02E
S315080275100C4605461022002108A816F084FE002211
S3150802752005AB029307AB019306AB214600932846A7
S3150802753008ABCDE90622FFF78BFC044600BB099B84
S31508027540012B20D0059D13482946FBF7D1F8E8B947
S31508027550A5F50623A3F55063812B05F01F020DD866
S3150802756001210D485B09914050F823204A4040F812
S3150802757023202846FEF7BEFA013001D16FF08604B1
S3150802758020460DB030BD6FF08404F9E76FF0910420
S31508027590F6E700BF981900203C5A00207FB504463A
S315080275A018B301A9FFF713FE0446F0B9019D2B7E15
S315080275B0022B25D103232B762B79FF2B23D073B1EC
S315080275C06E692146304602AAFFF7E2FD8C3006D0E4
S315080275D030462146FFF79AFF50B16FF098042846C5
S315080275E0FFF7E4FB002818BF0446204604B070BD26
S315080275F03046214602AAFFF7CBFD8C30EFD0ECE7E6
S315080276006FF09604EBE76FF08404E8E72DE9F041A2
S31508027610174600221C4643688CB01B0A80460D4654
S31508027620009204D0012B56D06FF08B008EE00088B2
S3150802763020F0FF03B3F5824F15D1B8F802200732BE
S31508027640D2080092FEF77EFA002800F0E0800B7856
S31508027650042B05D1013FB7EB420F05F1010503D013
S315080276606FF0860072E00097009E22463146404639
S31508027670FEF729FB002869D10337C4E9030527F079
S3150802768003076761002E00F0A4802022002101A8CA
S3150802769016F0C9FD3146404601AAFEF714FB00283A
S315080276A040F097802368019A9A4240F09280636874
S315080276B0029A9A4240F08D80A368039A9A4240F051
S315080276C08880A369079A9A4240F08380E369089AF8
S315080276D09A423BD07DE0032FC2D90B78012B40F0AA
S315080276E09980497800294BD0F73908299CD801A3F3
S315080276F053F821F05D7702081977020829760208FD
S31508027700537702082976020877770208297602084B
S31508027710677702086F7702084FF41056F8253F4F2D
S315080277201C22002102A816F07EFD03230197CDE94B
S315080277300435039601AA09AD134603CBAB42206072
S3150802774061601A4604F10804F6D100200CB0BDE8BF
S31508027750F08110274FF08076FA25E1E720274FF0CF
S315080277600076F725DCE7FE252C4F2D4ED8E7FF25B8
S315080277702A4F2C4ED4E74FF41056FC25274FCFE755
S315080277802B2F7FF66DAF2022204616F04CFD05F111
S3150802779010032361AB070DD001AB05F128061A4683
S315080277A028686968083503C2B5421346F7D12868BE
S315080277B001AD10606B68103F2360AB686946636071
S315080277C0EB682046A36001236761E360FEF7FAF9D6
S315080277D028B120220021204616F025FD40E7B8F8F8
S315080277E00030009E03F44F42B2F5824F0DD1DAB251
S315080277F0122A0AD123F0FF03B3F5824F05D173008B
S315080278001C339F42BFF43EAFE3E73346F8E76FF017
S3150802781085009BE76FF0910098E700BF2000008083
S31508027820004400020044000338B50D460446D8B1A8
S31508027830D4220021043016F0F6FC0E4B9D4216D1D6
S31508027840032323700023C4E902330B4B04F110020D
S3150802785003F1200153F8040B8B4242F8040BF9D1C9
S3150802786003230020237138BD6FF08600FBE76FF013
S315080278708500F8E7090000021C42040808B518B199
S31508027880D822002116F0CFFC002008BD036810B5E7
S3150802789004462BB1054A934205D10430FFF7EEFFA1
S315080278A00020206010BD6FF08800FBE70900000287
S315080278B010B50446006838B1012806D0042808D055
S315080278C06FF088000023236010BD201DFFF7DEFF3E
S315080278D0F8E7201DFFF7D2FFF4E738B500241C604D
S315080278E00546006898B1012808D004280BD06FF025
S315080278F088042846FFF7DCFF204638BD281DFFF717
S3150802790099F90446F5E7281D09F096FFF9E76FF09D
S315080279108804F1E7026838B504464AB1104B22F4E6
S315080279207E11994206D10430E6F7E7FF0023236069
S31508027930002014E00B4B1340B3F1607F08D14021BD
S31508027940E830FEF795FC04F10800FFF7B1FFEDE712
S315080279504FF49472002116F066FC6FF0880038BD69
S315080279600002C0030000C07F10B50446006888B153
S31508027970042810D0052817D0012817D104F10800C9
S31508027980FFF7C8FF00232360A38823F4FF7323F0BD
S315080279900103A38010BD4FF4AE72002104F1080062
S315080279A016F041FC0020EDE7B822F6E76FF08600F4
S315080279B0E8E7036870B505460C4613BB124B9942B5
S315080279C015D1061D3046FFF759FF21463046FFF707
S315080279D02BFF0AF075F8064628B92C603046BDE832
S315080279E07040FEF776BC2846FFF750FFF6E701F02F
S315080279F0FE44B4F1007F14BF6FF086006FF0850075
S31508027A0070BD6FF08800FBE709000002F8B50E4664
S31508027A1001680546F9B906F0FE43B3F1007F20D1A5
S31508027A20071DDC22384616F0FEFB31463846FFF7BC
S31508027A30FBFE044668B110F1860F0ED13146384670
S31508027A40FFF7B7FF044640B9012300242B602046FE
S31508027A50F8BD0423F9E76FF088042846FFF728FFE4
S31508027A60F5E76FF08604F8E70023C36001F13803EF
S31508027A70036120230A6843618B6D0B4922F47E1247
S31508027A808A42436003D001F580718A4208D1102BDD
S31508027A9001D0182B02D1036000207047202BFAD0A0
S31508027AA06FF08800704700BF0001C003002337B596
S31508027AB00C4601A905460193FEF784F828B92968F8
S31508027AC011F0704103D1019B236003B030BDAA684F
S31508027AD0B1F1004FC2F38033C2F34035C2F300322C
S31508027AE007D1062103EB450301FB0233019A5343EF
S31508027AF0EAE7B1F1204F04D12B4402EB8202134488
S31508027B00F4E7B1F1304F02D0B1F1404F01D12B4425
S31508027B10ECE72120D9E70023F7B50B600368054691
S31508027B2003F070430B60C2680C46032A00F2818098
S31508027B30012A6ED812B143F000632360D5E9022305
S31508027B40900102F0407167D5B1F1407F67D0002BF2
S31508027B506FD04FF00072236823F0407313432360FB
S31508027B60EA68022A07D12A69032A62D823F47F031C
S31508027B7043EA02432360EB68032B03D12B69F62BF6
S31508027B8057D9A370AB681A0442BF236843F400436B
S31508027B902360EB68032B09D023682A6823F4FF4382
S31508027BA023F07F03C2F30E02134323602B68AE68E9
S31508027BB0002B06F480573EDB16F4E84F39D12B68C2
S31508027BC006F4806603F0704303F10043B3F1804F75
S31508027BD004D21EB1236843F4806323600023284637
S31508027BE001A90193FDF7EEFF88B92B6813F07041DE
S31508027BF039D12368019A23F4FF4323F07F03C2F3A2
S31508027C000E021343236017B1EB6993B10F2003B039
S31508027C10F0BD43F0806390E7B1F1407F03D143B1F1
S31508027C204FF0407297E702F08072002B93D1002A38
S31508027C3091D02120EBE7730406F400520CD4002AF3
S31508027C40F7D0236843F400532360002FB7D0236884
S31508027C5043F480532360B2E7236843F480432360E6
S31508027C60002AF2D0EDE703F05043B3F1004F05D0F6
S31508027C70B1F1304F02D0B1F1404FDAD1019B2268FF
S31508027C80013B03F07F0322F07F0213432360002F98
S31508027C90BDD0EA69002ACCD0B1F1004FB6D1117F26
S31508027CA061B1002EB3D043F400732360537F002BD7
S31508027CB0ADD0236843F480732360A8E7537F002B73
S31508027CC0A5D0002EA3D0F4E701234B60C368013B7D
S31508027CD0012B08D88269054B1AB10A6000208B600D
S31508027CE07047034AF9E74FF00053F7E70800002008
S31508027CF068440408012373B5C56806469D420C46C6
S31508027D004B6016D8002301A90193FFF7CFFE70B97D
S31508027D10019B05B11C3372699A4207D332696AB16B
S31508027D20226043F000530020A36000E01D2002B049
S31508027D3070BD023D012D01D80023F4E72120F6E7A4
S31508027D40436813B9416070475B685A68012AFBD1D8
S31508027D50596070472DE9F04789469A469046A6B07B
S31508027D602AB96FF08905284626B0BDE8F0870023B0
S31508027D700122CAF8003001A9FFF746FB054600288A
S31508027D80F1D1019C6368D4E908761B0A07D0012B56
S31508027D903CD02046FFF70AF86FF08605E3E723880A
S31508027DA003F4E042B2F5805F16D0B2F5005F13D055
S31508027DB044F2010223F4405191420DD003F44F4399
S31508027DC0B3F5824F08D0B3F5844F05D02046FEF7A7
S31508027DD0EDFF6FF08505C6E7464503D92046FEF74F
S31508027DE0E5FFBEE732463946484616F03BFC002117
S31508027DF0A8EB060209EB060016F015FA2046CAF8A1
S31508027E00006026B0BDE8F047FEF7D0BF002FC0D00D
S31508027E10002EBED0B9F1000FBBD0A368DB0705D48C
S31508027E202046FEF7C3FF6FF084059CE70146202231
S31508027E300CA816F0F8F93246394620460CABFFF77D
S31508027E40E5FB054618B12046FEF7B0FF8BE714AEF0
S31508027E500CAF0FCF0FC697E80F0086E80F0002A9EE
S31508027E6014A826880295FFF721FE05463046FDF737
S31508027E7069FE012804BF042309F8013B4FF00003F9
S31508027E8008BF08F1FF38CDE9173908F1030323F0D3
S31508027E900303064619932DB12046FEF787FF6FF0B6
S31508027EA0920560E7029FB84598D31CA818F074FD9E
S31508027EB00028F1D12B46012214A90CA8FDF7AAFE27
S31508027EC070B90F9B013B012B0AD84FF0817309A9A0
S31508027ED00CA8CDE91C351E952495FFF71CFE70B13A
S31508027EE06FF092061CA818F057FD0028D4D1204638
S31508027EF0FEF75CFF0546002E3FF435AFCFE709993A
S31508027F001CA818F050FD03A90CA8FFF7DDFE0028EF
S31508027F10E6D11CA8FFF714FF06A90CA8FFF7EAFE8C
S31508027F200028DDD106A91CA8FFF70AFF09A914A88B
S31508027F30FFF7E0FE0028D3D109A91CA818F059FDBD
S31508027F4018F022FB0028CBD13E44CAF8006000266E
S31508027F50C8E72DE9F041364B04465A780E46022AFE
S31508027F6098B062D11B78072B5FD10EA818F014FDC2
S31508027F70054638BB01905EB324B336F0030706F014
S31508027F80030822D04FF0E063CDE90E3001230B94AB
S31508027F900C9347F000530D930BAA05AB109016905D
S31508027FA007CA83E8070019460EA818F022FD3946C3
S31508027FB018F0F9FC18F0E8FA38B13A46294620468C
S31508027FC016F031F96FF0920003E0B8F1000F03D111
S31508027FD0002018B0BDE8F08100254FF0E063CDE936
S31508027FE00E3501AB089301230993124B08AA0A938B
S31508027FF002AB07CA83E8070019460EA8109516951C
S3150802800018F0F7FC042118F0CEFC18F0BDFA08B1F6
S315080280103246D3E7019A3C44C300013022FA03F3FD
S31508028020804504F8013BF7D1D2E76FF08800D0E724
S315080280306446002004000020084608B51146FFF7EA
S3150802804088FF002818BF6FF03B0008BD2DE9F043F2
S31508028050012905460E46914698469DB057D80468AA
S3150802806024F04003802B02D0B4F5807F52D120221F
S31508028070002114A816F0D7F8284A294B0435012EF0
S3150802808008BF13460A950125E408DFF8A0C0139332
S3150802809044F000530B9507AF0C930AAB93E807001D
S315080280A004AE87E807000DABCDF834900E95CDF8EF
S315080280B03CC093E8070010AB86E80700CDF840807D
S315080280C01195CDF848C001AD93E8070085E8070089
S315080280D013A83946FFF734FE3146FFF731FE294623
S315080280E018F087FC21464FF4806418F05CFC1021D6
S315080280F018F059FC0B4B9C66BFF34F8F18F05CFCCB
S3150802810018F041FC084B9C661DB0BDE8F0836FF081
S315080281102000F9E76FF07100F6E700BF00010004DE
S31508028120000101040090005000A000501000002039
S315080281302DE9F0410D4614461E46D4B028B321B3A4
S315080281401AB3038803F44F42B2F5824F14D1DAB256
S31508028150122A11D123F0FF03B3F5E24F37D1438830
S31508028160336073B9E30033603368E02B10D0B3F59C
S31508028170807F28D0C02B28D06FF0850054B0BDE888
S31508028180F0810733B4EBD30FEED06FF08600F5E734
S31508028190744A002318462E19224412F8014D16F87D
S315080281A0011D0843091B0CBF4FF0FF340024B542DA
S315080281B003EA040343EA0103EFD10028E5D0002BC2
S315080281C0E3DA0020DAE7684AE3E7684AE1E7B3F563
S315080281D0824F40F0C3800B78042BD6D128A818F01A
S315080281E0DBFB0746002840F0B6800146842232901F
S315080281F033A816F018F801234FF0880820223946CA
S31508028200013C20A88DF8C830013516F00CF820225A
S315080282103946259418A8E4002495640816F003F84C
S3150802822032AD2022394610A81C95CDF8748015F077
S31508028230FAFFE02CCDE91458346006D0B4F5807FF5
S315080282401BD0C02CA1D14A4B00E04A4B209318936D
S315080282504FF4005322934FF480431A9300230734B2
S31508028260E40864001A4620A918A81194FDF7D2FC5E
S3150802827028B1002C89D0013C10E03F4BE6E703A960
S3150802828020A8FDF79FFC0028F3D1039B5B00882BEF
S315080282900BD9002C3FF479AF2120013C0022013C86
S315080282A02A7005F10105FAD251E04FF060632A906F
S315080282B0CDE92830309002A918A8FFF72CFC00282F
S315080282C0D7D1029928A821F4F061029118F06BFB24
S315080282D001A910A8FFF71FFC0028CAD1019928A8EE
S315080282E018F061FB07A918A8FFF7EEFC0028C0D111
S315080282F028A8FFF725FD0AA918A8FFF7FBFC0028FE
S31508028300B7D10AA928A8FFF71BFD04A920A8FFF7D9
S31508028310F1FC0028ADD104A928A8FFF711FD0DA983
S3150802832010A8FFF7E7FC0028A3D10DA928A818F082
S3150802833060FB032428A818F027F9012801D1013C7B
S31508028340F8D133680733DB085C00002B93D1002889
S315080283503FF437AF19E76FF092000FE76FF0960018
S315080283600CE700BF88440408A444040870440408BF
S31508028370180000801C000080200000802DE9F04FC4
S315080283808946164698460546ABB080B179B172B1B0
S315080283904288D31D072B4FEAD30700F0C78003880C
S315080283A003F4E043B3F5805F04D1520709D06FF0B6
S315080283B086041AE0B3F5005FF7D0B3F5804F00F0F4
S315080283C0B5802022002118A815F02DFF3946284627
S315080283D018AAFDF778FC044638B96B681B0A08D058
S315080283E0012B00F083806FF08B0420462BB0BDE88A
S315080283F0F08FBE42C0F09D804A46334620A8CDE99A
S315080284001C2318F0C9FA00286DD14FF00073229088
S31508028410CDE92030289015A918A8FFF77CFB00287B
S3150802842058D1159920A818F0BEFA1A9BDB043DD537
S31508028430189B002B50DA4FF0010B1F9C6946D4F8A3
S3150802844000A06368CDF804B00093CDF808A0FFF742
S3150802845077FCA36803A9CDF810B00393CDF814A04E
S31508028460FFF76EFCE36806A9CDF81CB00693CDF8B3
S3150802847020A0FFF765FC236909A9CDF828B009935E
S31508028480CDF82CA0FFF75CFC63690CA9CDF834B0D3
S315080284900C93CDF838A0FFF753FCA3690FA9CDF8C2
S315080284A040B00F93CDF844A0FFF74AFC12A918A8CA
S315080284B0FFF70AFC70B920A8FFF742FC15A918A80D
S315080284C0FFF718FC30B915A920A818F092FA18F087
S315080284D05BF8A0B1482826D06FF0920420A818F0BD
S315080284E05BFA002881D06FF092047EE707F12C032D
S315080284F09E421ED309F1100207F11C037EE76B6840
S315080285001B0A012B06D0424639462846FDF728FBA8
S315080285100446E3E73246494618A8FDF798FC04469E
S315080285200028F0D0DAE76FF08504D7E76FF0850404
S315080285305BE76FF08C0458E72DE9F04FA5B01546B6
S31508028540DDE92EAB884699460746309A002800F0A0
S31508028550D580002B00F0D280BAF1000F00F0CE8051
S31508028560002900F0CB80002D00F0C8800023068881
S31508028570CBF8003006F44F41EB00B1F5824F136099
S3150802858052D1F1B212290ED126F0FF01B1F5824F6E
S3150802859002BF083B5B0813601368B3F5047F04BF88
S315080285A040F20923136000232A46009341466B468C
S315080285B03846FFF7BDFD044690BB009C304607349B
S315080285C0E408FDF7BFFA10B1013D08F101082022BF
S315080285D0002112A8009415F026FE2146384612AA52
S315080285E0FDF771FB0446D8B90AAE0DF1480CBCE892
S315080285F00F000FC69CE80F0086E80F00EB1C23F05D
S315080286000303282221461AA80F93CDE90D4815F02F
S315080286100AFE7B681B0A09D0012B15D06FF08B0462
S31508028620204625B0BDE8F08F2C46D0E7554568D8D8
S315080286304A4653461AA8CDE9162318F0ADF9034659
S3150802864058B16FF09204EBE705F12C039A4558D31B
S3150802865009F1100205F11C03ECE7012212A90AA886
S31508028660FDF7D8FA70B9159B013B012B0AD84FF0D2
S3150802867080731C90CDE91A30229007A912A8FFF739
S315080286804AFA38B16FF092041AA818F085F9002848
S31508028690C6D0D6E707991AA818F085F901A90AA833
S315080286A0FFF728FB0028EDD101A91AA8FFF748FB16
S315080286B004A912A8FFF708FB0028E3D11AA8FFF7B6
S315080286C03FFB07A912A8FFF715FB0028DAD107A96D
S315080286D01AA818F08EF917F057FF0028D2D1524679
S315080286E0494612A8FDF7B3FB0446002898D15A4614
S315080286F029463846FDF734FA0446C5E76FF086047C
S315080287008EE76FF08C048BE72DE9F04F8DB0059359
S31508028710144600230792059A07460E46CDE9093301
S315080287201360002C00F00381B4F1005F80F002812F
S3150802873009AA0AA90AF0B5F88346002837D10A9D7C
S315080287406B6A53B30A9DAA466B88D5F820800893AC
S315080287506B685AF8249F1B0A012B00F0D780774AC8
S31508028760934200F09D8003BB2B8803F44F43B3F575
S31508028770824F32D0288800F4E043B3F5805F3DD1BA
S31508028780089B002B42D00899FDF7ACFE834670B9C8
S315080287900731B4EBD10F28D007E07B681B0A14D047
S315080287A0012B0BD0654A93420FD06FF0860B0A98BD
S315080287B0002800F0A780FEF725F9A3E0384607A9A6
S315080287C0FEF740F983460028F1D128460799FDF7B6
S315080287D0B8FE83460028B5D0E9E722463146284640
S315080287E008ABFFF7A5FC834620B9A14568D26FF00E
S315080287F0890BDCE710F1860FD9D1BBE7B3F5005F29
S31508028800BED0430405D46FF0850BD0E7E300089386
S31508028810B9E720F4435323F03F03B3F5824FF2D16D
S3150802882000230B930BAB698832460093234609F063
S3150802883049FA0B9C834630B12046E6F756FD204698
S31508028840FBF7C1FDB3E72B88216C23F4435222F0D0
S315080288503F02B2F5824F03D1DAB2412A08BF01318B
S3150802886003F4E043B3F5804F089110D153464A46C4
S3150802887041462046FEF7ABF983462046E6F735FD24
S315080288802046FBF7A0FDBBF1000F1FD08FE74B4632
S31508028890424651462046E6F7C5FAFDF71AFDEBE7CA
S315080288A02B8803F44F43B3F5824FACD122463146A7
S315080288B0284608ABFFF73CFC8346002895D076E7A6
S315080288C022463146404615F0CDFE6C620A98089B50
S315080288D0428842BB43804FF6F872934293D83B884C
S315080288E01BB102889A427FF460AF7B881BB142882B
S315080288F09A427FF45AAF05990AF019F88346002876
S315080289007FF455AF58460DB0BDE8F08F08ABCDE9F8
S3150802891001A32246434631462846CDF80090FFF782
S315080289200BFE8346AFE79A427FF43FAFD3E76FF079
S31508028930860BE7E76FF0850BE4E700BF02008000CD
S31508028940F0B50C460021D1B01822064604F11007EC
S3150802895028A8259115F067FC90223946684615F035
S3150802896081FE94E80F00FDF733FC27A90078FEF78D
S3150802897042FA279D0735ED0818B9324C204651B000
S31508028980F0BD40F4E2400121ADF8A00028A8F8F7AE
S31508028990E7FB90223946684615F064FE94E80F0014
S315080289A0FDF716FC2A462EA96030E5F745F9044676
S315080289B020B141212EA8FDF75BFCDFE72A4625AB4D
S315080289C02EA928A8FFF7A0FE044641212EA8FDF7E6
S315080289D04FFC2046FDF73EF804460028CED1259FD7
S315080289E024AA38462EA909F021FAFDF733F80446D7
S315080289F03846FEF7D3FD002CC0D120B151B0BDE8F0
S31508028A00F040FDF727B8902206F11001684615F0E6
S31508028A1029FE96E80F00FDF7DBFB412326AA009301
S31508028A2000F168013FAB09F067FC04460028A5D1AE
S31508028A302A463FA92EA816F0EBFD044600289DD02B
S31508028A409BE700BF80C1FFFF2DE9F04F0646884627
S31508028A5091461D46B7B02BB12CA817F09DFF28B139
S31508028A606FF09205284637B0BDE8F08F33686E4A34
S31508028A7023F47E13934240F0D380726BAB181B0922
S31508028A80B3EB121F02F00F0700F0B880674B2E9067
S31508028A90CDE92C30349029A94046FFF73CF8044624
S31508028AA0002840F0A48005EB070B2CA829992BF087
S31508028AB00F0A17F078FF514617F075FF404602A9CC
S31508028AC0FFF702F90446002840F091802CA8FFF728
S31508028AD037F9404605A9FFF70DF90446002840F084
S31508028AE086804FF0010805A92CA8FFF729F9331D3E
S31508028AF01A934F4BCDF86C801AAA1C9308AB07CA77
S31508028B0083E8070019462CA8FFF71AF906F1140399
S31508028B1047F00052AAEB07071D930DF12C0CCDF86E
S31508028B20788047F000571F921DAA07CA8CE80700EB
S31508028B30CDF8809020AACDF8848022970EAF07CA76
S31508028B4087E807000D9A614622F000522CA8019385
S31508028B500D92FFF7F5F83946FFF7F2F8AAF1100277
S31508028B6042F000522394324BCDF8908011AF2592F1
S31508028B7023AA07CA87E8070006F12402269214AC3C
S31508028B80CDF89C8026AA289307CA84E80700139A78
S31508028B902CA842F080421392139A394622F00052C8
S31508028BA0139217F026FF214617F023FF204B321D9A
S31508028BB0299217ACCDF8A8802B9329AB93E8070026
S31508028BC084E8070021462CA817F013FF17F0DCFCEF
S31508028BD00446019BAAEB0B0129441846ABEB0A0291
S31508028BE0494415F03FFD736B2B44736384B1212C02
S31508028BF014BF6FF092056FF086050AE006F11400BD
S31508028C002A464946384415F02DFD736B2B44736387
S31508028C1000252CA817F0C0FE00283FF423AF1FE753
S31508028C206FF088051EE700BF0002C00303020004B6
S31508028C30100000202DE9F04FABB00F46DDE9349560
S31508028C40DDE937BA90461E46044628B96FF086070C
S31508028C5038462BB0BDE8F08F0029F7D0002AF5D0A8
S31508028C60B9F1000FF2D0002DF0D0369B002BEDD0D3
S31508028C70BBF1000FEAD0BAF1000FE7D026F0FF03E6
S31508028C80B3F1062F40F09D802022002118A815F086
S31508028C90CAFA39464246204618ABFEF7B7FC0746DB
S31508028CA00028D5D1238823F0FF03B3F5E24FCDD1AF
S31508028CB031462046FCF769FF07460028C8D1638873
S31508028CC00733DB08BBEB430F4FEA43047CD320A8E8
S31508028CD017F062FE00286AD1189E3D4B06F07046D0
S31508028CE0B6F1404F18BF4FF0C06315A918A8CDE9D1
S31508028CF0203722972897FEF70EFF00285AD120A878
S31508028D00159917F050FE294617F04DFE694618A820
S31508028D10FEF7DAFF00284DD120A8FFF711F803A9BC
S31508028D2018A8FEF7E7FF002844D14FF0010803A967
S31508028D3020A845F00055FFF703F8CDF83C9006AB9E
S31508028D40CDF840800FAA119507CA83E8070019468D
S31508028D5020A8FEF7F5FFCDF8489009ABCDF84C8070
S31508028D6012AA1495B6F1404F07CA83E8070003D141
S31508028D70194620A8FEF7E4FF369B15AA1593012388
S31508028D80169344F0005317930CAB07CA83E80700FF
S31508028D90194620A817F02DFE17F0F6FB50B9CAF8A7
S31508028DA0004020A817F0F8FD00283FF451AF6FF0F5
S31508028DB092074DE7012814BF6FF092076FF08B07F1
S31508028DC0EFE76FF0850743E76FF0890740E700BFD3
S31508028DD0000002062DE9F04F1F460023B3B01646DF
S31508028DE03E9A11F0FF0A0D46136009D0AD4A4AF0C1
S31508028DF00073934200F04C81F63A934240F04B815D
S31508028E003D9B002B00F04A812B464FF4805208A95D
S31508028E10FEF7FAFA834650B9DDF82080B8F8003032
S31508028E2003F4E043B3F5E04F03D06FF0860B00245A
S31508028E3069E0D8F80440D8E90812240A0ED0012CB1
S31508028E40F3D13E9B404604933D9B009603933C9B7D
S31508028E50CDE901732B46FFF7EDFE4DE03E9B4046FA
S31508028E6004933D9B009603933C9BCDE90612CDE9FC
S31508028E7001732B46FFF7DEFEDDE9061210F1860FB7
S31508028E8083463AD147F20103B8F800009842CCD09B
S31508028E9000F44F43B3F5824F35D1B8F802C009AB97
S31508028EA0009313460A466146099408F00BFF834667
S31508028EB048BB0123DDF82480CDE90B30D8F83C40C5
S31508028EC00D930734E40804FA03F307933D9B0A90CB
S31508028ED0B3EB440F28D20AA8E4F750FD0CA8E4F72E
S31508028EE04DFD714D099C2046E6F7FFF92046FBF732
S31508028EF06AFA2846FDF7EDF983463E9BBBF1000F59
S31508028F001C6818BF00243D9B21211A1B3C9B18197B
S31508028F1015F089F90898FDF749FFBBF1000F18BF4C
S31508028F20584633B0BDE8F08FEB0540F1A280BAF19E
S31508028F30000F0AD0D8F8405008F160030735BAF195
S31508028F40090F06934FEAD50907D0584D0AA8E4F740
S31508028F5015FD0CA8E4F712FDC4E700214FF0010B3A
S31508028F600DF1800A48225046CDE90E1B15F05BF931
S31508028F7042F210734A46069810A92F93E4F75CFE4C
S31508028F800546D8B93B46324640460EA9E5F7E2FC05
S31508028F90054698B910AB4A4603EB09010EA8E4F751
S31508028FA04BFE054650B9424ACDE92200E021584611
S31508028FB02092FBF707FB229058BB3E4D20A8E6F706
S31508028FC055FA20A84821FDF753F942F210720EA865
S31508028FD02F92E4F7D3FC002DB8D122463C990AA871
S31508028FE0E4F72AFE05460028B0D13C9B2246191909
S31508028FF00CA8E4F721FE05460AA8E4F7BFFC0CA86C
S31508029000E4F7BCFC002D7FF46DAF3E9B079A1A600D
S3150802901068E7402102208DF884B0FBF7D3FA239043
S3150802902018B95046E6F722FAC7E72022504624A97D
S31508029030E6F73FFA05460028C0D12022594624A859
S3150802904015F0F1F850464FEA490210A9E6F7ACFACC
S3150802905005460028B2D1184B4046CDE90173CDF832
S315080290600CA0069B00960CAA0AA909F043FB054622
S31508029070A4E700230393114B4046CDE901730096FA
S3150802908008F160030CAA0AA909F034FB0546A2E70F
S315080290906FF0860045E76FF0850042E76FF08900BA
S315080290A03FE700BFFF00000200B1FFFF80B0FFFFED
S315080290B0C444040880AEFFFF79F600083980020826
S315080290C02DE9F04F0025AFB0D0F804B08846DDE9A7
S315080290D03864294691460AA8182204933A9F0895A5
S315080290E015F0A1F89BF8000007A9FDF784FE079A78
S315080290F0059007324FEAD20A002800F0E280B2F55C
S31508029100847F80F0E1800BF16000524616A9E4F7ED
S3150802911093FD059B834650B116A82021FDF7A8F8B2
S315080291202846FEF73BFA58462FB0BDE8F08F43F4BF
S31508029130E2434FF480510AA848F0C06BADF82830D4
S315080291404BF4E06BF8F70CF816A9524608AB0AA8D6
S31508029150CDF834B0FFF7D8FA0146B0B1FCF77AFC7D
S315080291602021044616A8FDF783F80898FEF716FA92
S315080291708346002C40F0AB80BBF1000FD3D0584693
S315080291802FB0BDE8F04FFCF765BC089D182210A861
S3150802919015F049F810A92846FEF79AF9014628B1AA
S315080291A007224C4B4C49FDF715FED9E7182210A8A1
S315080291B0BDF842A015F037F8049B4A465946284698
S315080291C0CDE901470096FFF705FE034668B18533E8
S315080291D0E6D14A462846CDE90147049B009648F05F
S315080291E00621FFF7F7FD0028DAD10AF1070334440E
S315080291F03A684FEAD3090994BAF1000F57D0B2EB8D
S31508029200490F54D1B3F5847F34D24A4631461EA853
S3150802921015F028FA4A4606EB090126A815F022FA9D
S3150802922023463246494626A8FCF751FEB0F1000B02
S31508029230FFF672AFA4EB0B042346324649461EA834
S31508029240FCF745FED846B0F1000BFFF665AFD844E9
S31508029250A4EB0B044246314609A80994E4F788FAB6
S31508029260B0F1000BFFF658AF099908F101088B1BFC
S31508029270002B09DC202116A8FCF7FAFF2846FEF780
S315080292808DF96FF06B0B4EE730230BEB080401F8F0
S31508029290013D2246304615F06AF9202116A83C609F
S315080292A0FCF7E6FF2846FEF779F9834664E72021AC
S315080292B016A8FCF7DDFF2846FEF770F96FF0670B74
S315080292C031E7DFF818B02EE76FF06D0B2BE7A346F0
S315080292D029E700BF555A0208C844040880C1FFFF9F
S315080292E0F0B597B015461F460C461D9E09B9002AC9
S315080292F03DD1224B98423DD120230CA8336017F06A
S315080293004BFB18B16FF0920017B0F0BD1CB915B13E
S3150802931000233360F6E70023194A29460CA8CDE94B
S315080293200C230E93149317F03EFB0694012445F082
S3150802933000516D46079406AB089193E80700114B56
S3150802934085E8070009970A940B9303AC09AB93E8DF
S31508029350070084E8070029460CA8FEF7F1FC214617
S3150802936017F047FB17F010F90028CDD0D0E76FF0B9
S315080293708600C9E76FF08500C6E700BF090000024C
S315080293800004000320000020F0B50E4601780446CA
S315080293900139174693B0042956D8DFE801F003418C
S315080293A0464B50004021142528480C3400225943C4
S315080293B0C6E9012230603262304617F0F4FA4FF0FD
S315080293C0010C41F00051099709ABCDF828C006AF48
S315080293D00B9145F0005593E8070003AB87E80700B1
S315080293E00C940CAACDF834C00E9507CA83E8070078
S315080293F00F946C46CDF840C012AA119512E90700DF
S3150802940084E8070019463046FEF79AFC3946FEF705
S3150802941097FC214617F0EDFA17F0B6F813B0F0BD2F
S31508029420402120250A480C34C0E740212025094856
S315080294300C34BBE78021402507481434B6E780215F
S31508029440402506481434B1E72120E7E70002010364
S3150802945000030103000401030005010300060103DA
S315080294602DE9F0470F46144605468AB0002800F053
S31508029470888061B9002A40F08480684617F08CFA21
S3150802948000287CD06FF092000AB0BDE8F0876846E3
S3150802949017F082FA0028F5D1002C70D02B79032B0D
S315080294A032D8002BEED04026D5F808C005F10802BE
S315080294B005F13009134614EB0C0143F8041B4FEA75
S315080294C0D6082CD2424453F8041B0029DAD19A4210
S315080294D0F9D106F1FF3808EA0C080435A6EB080AA2
S315080294E0B8F1000F2CD1544543D3B4FBF6FA3A46E9
S315080294F0534669462846FFF747FF0028C2D10AFBAA
S3150802950006F31F44E41A33E0043B012BBAD880263B
S31508029510D5F808C005F1080205F15809CAE7184640
S315080295205168A2F1040E01315160C6448645C9D07C
S3150802953050F8041B0029F9D1016801310160F5E7E9
S31508029540544501D2B442CFE75246394609EB0800E0
S3150802955015F088F801234A4669462846FFF714FF9C
S3150802956000288FD1A41B4444A64280465744BCD93E
S315080295702CB12246394609EB080015F073F800208B
S3150802958082E76FF086007FE710B5084B04689C42B5
S3150802959008D10430FFF764FF08F092FABDE81040DC
S315080295A0FCF797BE6FF0880010BD00BF09000002E5
S315080295B038B505462B683BB112B90024204638BD9A
S315080295C0012B04D0042B0CD06FF0880405E0281D6B
S315080295D0FFF7DAFF04460028EFD02846FEF768F9B7
S315080295E0ECE7281DFFF73CFFF4E72DE9FF470C9F40
S315080295F00E4615469A46044620B96FF0860004B010
S31508029600BDE8F0870029F8D00AB9002BF5D14FF446
S31508029610AE720021204614F006FE4B4B3B40B3F1D6
S31508029620607F53D13388B3F5885FE6D15FFA87F94D
S3150802963049F0007904F1040849464046FEF7F4F871
S315080296400028DCD17388DA0852450392D5D8402A15
S3150802965004F1DC062DD903AB019380232946009336
S3150802966048463346FFF73CFE0028C8D104F1DB051D
S315080296702B46039A02F1DB012144994220D102F1D9
S31508029680DC003621C2F14002204414F0CCFD40220F
S3150802969031464046FFF7E4FE0028B0D104F21B1219
S315080296A015F8013F83F06A0395422B70F8D12760BB
S315080296B0A5E7072BDAD92946304614F0D3FFD5E7B2
S315080296C013F8010F80F036001870D6E71F4B9F4239
S315080296D037D13388B3F5105F33D173882760DB0837
S315080296E0182BA36511D0202B1DD0102B85D1BAF1CA
S315080296F00F0F82D9383405F1100355F8042B9D4211
S3150802970044F8042BF9D1002079E7BAF1170F7FF64E
S3150802971074AF383405F1180355F8042B9D4244F802
S31508029720042BF9D1EFE7BAF11F0F7FF666AF38348B
S3150802973005F1200355F8042B9D4244F8042BF9D170
S31508029740E1E76FF085005AE70000C07F0002C00318
S3150802975070B5104B044600680D460340B3F1607FAE
S31508029760164688B004D1201D08B0BDE8704077E6D9
S3150802977000212022684614F056FD21466846FEF767
S3150802978073F928B933462A4669462046FFF75CF933
S3150802979008B070BD0000C07FF0B501230F4615461C
S315080297A004468FB01A4629463846FCF733FA20B9DA
S315080297B0BB6813F4C04F02D121200FB0F0BDAB68CD
S315080297C003F4C043B3F5005FF6D1254B0BAEC4E9EB
S315080297D00030A060206231463846FEF79CF9002820
S315080297E0EBD120460B9917F0DEF8384608A9FEF7A2
S315080297F06BFA0028E1D12046FEF7A2FA384605A9F7
S31508029800FEF778FA0028D8D1204605A9FEF798FA75
S31508029810EB68002BD0D1284601A9FEF747F90028A4
S31508029820CBD1019B6A699A4218D32A6943F000533D
S315080298300B9201220C920D9302AB96E8070083E87D
S3150802984007001946204617F0D4F80325204616F0D5
S315080298509BFE0128B1D1013DF8D1AEE71D20ACE748
S31508029860000001022DE9F043CDB00C469046994618
S315080298700746549E569D002800F0EC80002900F009
S31508029880E980002A00F0E680002B00F0E380002E33
S3150802989000F0E0802DB96FF0940420464DB0BDE883
S315080298A0F0832822002120A814F0BDFC20220021E2
S315080298B010A814F0B8FC21464246384610ABFDF70C
S315080298C0A5FE04460028E8D17B880733DB08B5EBFA
S315080298D0430FE0D14FF006213846FCF756F9044605
S315080298E00028DAD101462A9084222BA814F09BFC80
S315080298F03B8823F0FF03B3F5E24F31D118AF0DF1E0
S31508029900400CBCE80F000FC79CE80F0087E80F0061
S315080299101A9B20A823F0407323F4804343F4005390
S315080299201A9300231B932AAB1C9388231D9317F0C3
S3150802993033F800287FD118AA10A920A8FFF72CFF10
S31508029940074620A817F028F8074374D10DF1400CF2
S3150802995018AF0FCFACE80F0097E80F008CE80F009E
S3150802996020A817F019F8002865D1129B9B045AD52E
S31508029970109F3A4B3A4A07F07047B7F1404F18BF63
S3150802998013460DF16008CDE9203022902890414611
S3150802999010A8FEF7C0F8002841D120A8189917F098
S315080299A002F8314616F0FFFF01A910A8FEF78CF956
S315080299B0002834D120A8FEF7C3F904A910A8FEF797
S315080299C099F960BB04A920A8FEF7BAF94FF0010C71
S315080299D046F00056CDF834900DABCDF838C00F9648
S315080299E093E80700559B45F0005507AE86E8070041
S315080299F0B7F1404F1893CDF864C01A950AAD98E8A6
S31508029A00070085E8070019D1294620A8FEF798F924
S31508029A103146FEF795F920A816F0B6FD28B12C288E
S31508029A2012D0012813D06FF0920420A816F0B4FFC2
S31508029A3000283FF432AF6FF092042EE7314620A891
S31508029A40FEF77EF92946E4E76FF09404EDE76FF036
S31508029A508B04EAE76FF086041FE700BF00000306DF
S31508029A60000001062DE9F04F4668DBB03546DDE910
S31508029A7064B715F8680B06A99946FDF7BCF94123A0
S31508029A80294600939046044649AB304607AA08F091
S31508029A9033FC014688B9079B069D0590182217A82C
S31508029AA0049305F1070A14F0BEFB05994FEADA0A90
S31508029AB008914FEA4A0624B9A24908465BB0BDE8AE
S31508029AC0F08F4FF4005117A844F48244ADF85C4075
S31508029AD0F7F746FB4FF00623049A1A9349A908ABEF
S31508029AE017A8FEF711FE58B1FBF7B4FF044608980B
S31508029AF0FDF754FD0146002C00F01B812146DCE7E8
S31508029B00089B402E049303D91846FDF747FDD3E771
S31508029B10CDF874B02DB90498FDF740FD6FF06701D2
S31508029B20CBE70BEB0701302323AA1DA8E3F70DFEAB
S31508029B300146002837D1324639A814F074FB1D9D18
S31508029B40239C53462146284639AAFCF74CF9011E9E
S31508029B5029DB0D44641A39AA21465346284652443B
S31508029B602394FCF740F9011E1DDB0D441D95A5EB58
S31508029B700B05641ABD42239413D1324639A929A882
S31508029B8014F070FD4FF006234FF40052049809A909
S31508029B90FDF73AFC68B107226B4B6C49FDF71AF9D7
S31508029BA0A4E76FF0650104980591FDF7F7FC05999E
S31508029BB083E7DDF824A0DAF80440DAE90852240A31
S31508029BC009D0012C00F077815046FDF7EFF86FF0C7
S31508029BD086073846DFE729ABCDE90093294643468F
S31508029BE0504602960592FFF73DFE10F1860F07468C
S31508029BF0059A40F0918044F20103BAF8000020F475
S31508029C00405C9C45E0D000F44F43B3F5824F03D045
S31508029C105046FDF7CBF8DCE70DF1280B1346BAF8E8
S31508029C200210CBF800402A46CDF800B008F04AF8F0
S31508029C3007460028ECD10123DBF80050CDE90C30A9
S31508029C40EC6B0B900734E408B6EB440F0E9340F026
S31508029C502F81224629A90BA8E3F7C0FFFCF739FB97
S31508029C60074600284CD129AB224619190DA8E3F755
S31508029C70B5FFFCF72EFB0746002841D1014605F140
S31508029C80780005F1680BE4F79FF850B9304B59464E
S31508029C900093284605F11C0305F1600208F06EFBE5
S31508029CA007463846FCF715FB074648BB01241DA89C
S31508029CB0E4F785FE6B6BCDE91047CDE91247CDE98E
S31508029CC014470F971694002B00F0F08021460BA834
S31508029CD0E4F77AF800283FDA1E4C1DA8E5F7C4FA1D
S31508029CE00FA8E3F74BFE11A8E3F748FE13A8E3F71C
S31508029CF045FE15A8E3F742FE2046FCF7EAFA0746B0
S31508029D000BA8E3F73BFE0DA8E3F738FE2846E5F76E
S31508029D10ECFA2846FAF757FB5046FDF747F8002FA4
S31508029D207FF457AF00287FF436AF0498FDF736FC68
S31508029D30014600293FF4C1AE08465BB0BDE8F04FC4
S31508029D40FBF788BE80C1FFFF555A0208C8440408BB
S31508029D503980020800B2FFFF05F1340631460BA826
S31508029D60E3F7EAFF0028B7DA21460DA8E4F72CF84C
S31508029D700028B1DB31460DA8E3F7DEFF0028ABDA8F
S31508029D804B46424628460FA9E4F7E4FD0446002856
S31508029D90A3D132460DA911A8E4F734FB04460028DC
S31508029DA09BD111AA0FA913A8E4F765F8044600285F
S31508029DB093D113A932460846E4F7E2F80446002886
S31508029DC08BD111AA0BA915A8E4F755F80446002861
S31508029DD083D115A932460846E4F7D2F80446002884
S31508029DE07FF47BAF2846E4F7E1FD0128074605F133
S31508029DF01C0902D0A4F59D446FE74FF0040823A876
S31508029E00E4F7DDFD39ABB8F1010803F1080323F8DD
S31508029E10047C23F8024C43F8084CF4D14B462846F6
S31508029E2013AA23A9FCF756F90446B0B95B46284695
S31508029E3015AA1DA9FCF74EF9044670B939AB009369
S31508029E401DAB1946284623AAE5F72BF9044620B97D
S31508029E5028461DA9E4F7A2FE044639AB03EB08001F
S31508029E6008F10808E3F78AFDB8F1200FF5D123A80F
S31508029E70E5F7FAF9002C7FF430AF214621A8E3F77B
S31508029E80A3FF00283FF428AF1DA932460846E4F787
S31508029E9077F8044600287FF420AF0BA91DA8E3F73C
S31508029EA04BFF044600283FF418AF15E7074C23E793
S31508029EB06FF0940724E729ABCDE900932946434678
S31508029EC050460296FFF7CEFC074625E780B0FFFF0D
S31508029ED070B5456B0446B5F5C07FE0B01DD84FF4A2
S31508029EE0C0720021684614F09EF92A466946236C18
S31508029EF0606C9847A0B9666B694632462046E5F714
S31508029F0053FB054608B9012323631EB13146684649
S31508029F10FCF7AEF9284660B070BD6FF00405F9E7A4
S31508029F206FF00805F6E72DE9F04F00264FF4702B7F
S31508029F30ABB0CDE909660B96CDF820B01BAC08ADDF
S31508029F400FCDCDE904660FC46D4B0696039303AD98
S31508029F50DFF8F4A1DFF8F4910FCD20AC694D0FC4F8
S31508029F600FCD13ACCDF81C90CDF830A00FC495E8F0
S31508029F700F0084E80F000DAB31461822184614F07C
S31508029F8052F90323604C012504F13008314646464E
S31508029F905E4F8DF834305E4B1A903B615D4B9022D2
S31508029FA07B615D4B04F14400BB615C4B8DF83A5012
S31508029FB0FB6114F038F9CDF86CB0CDF87CA00DF140
S31508029FC06C0CBCE80F000FC64D4BC6F800A0CDF8C6
S31508029FD09090209304F194060DF1800CBCE80F00D2
S31508029FE00FC6802204F1EC03C4E91F23A367C4F851
S31508029FF0CC3007F11003C6F80090C4F89030DFF8A9
S3150802A0005091474B84F8D050C9F80430454B84F830
S3150802A010845084F8C850C9F80080C9F80830424B01
S3150802A020C9F80C30414BC9F81430414BC9F81830FD
S3150802A030404BC9F81030EFF31183302282F31188AE
S3150802A040DFF810A19AF800600EB383F31188BFF304
S3150802A0506F8F9AF8003073B102A8F7F785F950B9ED
S3150802A060029B84F844309AF80030002B74D194F895
S3150802A070440009F0F8F9102501222F4B13A8CDE95F
S3150802A080132309F076F828462BB0BDE8F08F8AF834
S3150802A090005083F31188BFF36F8F284B294620207F
S3150802A0A01E731E7783F82C6083F83C6083F84C6035
S3150802A0B083F85C6083F86C6083F87C60F8F732FF9B
S3150802A0C029462120F8F72EFFFF221D4B08215D6045
S3150802A0D09E609E619A624FF000429E631E645A65B4
S3150802A0E04FF0FF3203F500531A65164B2320C3F8C7
S3150802A0F08411F9F77DFD2320F9F78EFDA9E700BF44
S3150802A10001000F00E44404083C5A0020B864002009
S3150802A110A7FF010895FF0108BDFF0108A95002081B
S3150802A120C93E0208D30502082D410208D9FF0108D3
S3150802A130DFFF0108353D020800C201C0785700203A
S3150802A1400000045000E100E03C00015B4400015BB2
S3150802A150C41B00202459002002A8F7F705F9014676
S3150802A160002884D10126029B84F8C60084F8A83008
S3150802A170624B6348C9F82430624B84F8D160C9F847
S3150802A1801C30614B84F8C560C9F82030F6F7BCF973
S3150802A19097F921502846F7F745F82846F9F73CFD7E
S3150802A1A094F84400F7F772F800287FF464AFCDF804
S3150802A1B00480E36F0093236CA26F216B94F844002A
S3150802A1C003F0C4FD054600287FF455AF4FF030086A
S3150802A1D042F264024FF4801194F8443008FB03F308
S3150802A1E003F1A04303F58023995097F92070384666
S3150802A1F0F7F718F83846F9F70FFDC4F8C050EFF329
S3150802A200118388F31188414AC2F8009083F31188B2
S3150802A210BFF36F8F3A48F9F7EAFE94F84400F7F766
S3150802A22057F8054600287FF426AF40F20153384F07
S3150802A23038493948C4E937133B1DC4F8D430C4F841
S3150802A240D87016F0E0FB3346042208212846F9F7AF
S3150802A2509FFB3346022209212846F9F799FB38461D
S3150802A26084F8E45016F0CFFB2C4813A901F0AEFC93
S3150802A27014212B4A94F8E430C2F894144FF40021BE
S3150802A280C2F8AC144FF4102143F00503C2F8A41423
S3150802A29030460222052184F8E4302B46F9F778FB8A
S3150802A2A094F8E430284643F0020384F8E4300422A2
S3150802A2B02B462946F9F76CFB94F8E430D80708D5FB
S3150802A2C0184B194AC3F89C240222C3F89424C3F8EB
S3150802A2D0A054164E33681BB915491648E5F716FAFF
S3150802A2E03368154AC4F8E830144B05213360144B19
S3150802A2F00A48DA64F9F77AFABEE600BF15130208C5
S3150802A3006C5A002009050208E5FF0108F0590020E9
S3150802A3100445040800080009643304080000015BC8
S3150802A32000C0035000D0035001000500EC5900207C
S3150802A330DC640020345A0020FF3F0D03245B002012
S3150802A3400020015B144B70B51C68D4F8A4301B6856
S3150802A350DA6CD2071FD5012503F50052D5649B6C2A
S3150802A3609B0618D5EFF31186302383F3118894F8E8
S3150802A370953003F0FF0153B9236E20469B68984730
S3150802A38084F8955016F086F9022384F8A13086F3EC
S3150802A3901188BFF36F8F70BDC41B0020D2E700BFC0
S3150802A3A02DE98048B1B0E5F77FFAAD48EDF7EBF94C
S3150802A3B0AC48EDF7E8F94FF4FA61AB48EDF7E3F983
S3150802A3C0AA4B1B6CC3F31902B2F5FA6F47D14FF0C9
S3150802A3D00001A748DDF75AF8044630B1DDF752F90D
S3150802A3E021460246A348EDF7CEF9FBF7FBFD1022FC
S3150802A3F0002112A813F017FFEA23ADF858300023FC
S3150802A400DFF8C882009301229B4B9C4808F5F67137
S3150802A410F1F712F8044690B3DDF734F921460246FD
S3150802A4209748EDF7B0F9974B186800F5805393F8FB
S3150802A4300C3823B900F5B9501430F6F7F2FC914BF3
S3150802A4400021186800F501501830F3F791FC0290C4
S3150802A45070B366218C4B8D4A8D480BF06DFB4FF419
S3150802A460FA6262F31903814A136492F85030DB07E1
S3150802A470ADD5012102F13800DFF7B5FCA7E70223C3
S3150802A4807E4812AA08F5F67188F82032F2F790F992
S3150802A49004460028C7D0DDF7F5F8214602467D486E
S3150802A4A0EDF771F908F5F6717448F0F75FFFBAE748
S3150802A4B0744B1B6803F5005292F83826002A40F0BE
S3150802A4C08E80704B1B680393029B1293724B1B7808
S3150802A4D003F0FF0673B1714C80220021204613F067
S3150802A4E0A2FE6F48C568002D40F08D806A4B1D702C
S3150802A4F0EDF7A8FEEEF73CFCEFF3108072B6694B57
S3150802A5005C8816F027FA002C40F02B814FF4F8509D
S3150802A51015F0A6F828B34FF4807015F0A1F8624D2D
S3150802A5200646002800F06A862B6821461B684FF407
S3150802A53080701B785D4E13F0200F08BF002615F0B9
S3150802A54077F8224600232868C0E90433836A03F5AC
S3150802A550005393F8383613B1314606F04DF9EDF744
S3150802A56071FE534B186820B10368022B01D1EEF72E
S3150802A5704DFBEBF701FF002840F06586EDF762FE1A
S3150802A58098F82634002B40F07C864A4B1A784AB152
S3150802A59000221A70484A137883F0010313700123C4
S3150802A5A088F82634454B1A78B2B100250820444962
S3150802A5B01D7008F02DFD044670B12946262212A800
S3150802A5C013F031FE3F4916A8F0F76BFA002800F09F
S3150802A5D068862046DDF7FCF815F068FD68E7002571
S3150802A5E05C685D60002C3FF46CAF6068844204D1FD
S3150802A5F0204623686560984763E743686360036893
S3150802A60045609847F1E7802212AB21460068A847C1
S3150802A610214B029A1A7000287FF46AAFBDF8485097
S3150802A620294FDFF8AC902544A5427FF661AF23781F
S3150802A6300D2B67D04ED8082B4ED00A2B5ED0B9F810
S3150802A6400030B3F5FF7F77D80121204609F0AFF92C
S3150802A650B9F800302278591CA9F8001043444AE098
S3150802A6605442040882420408C6420408F03F002005
S3150802A670F01F0020DE420408956002088836002092
S3150802A68003430408D44C00205D4304082445040807
S3150802A6909243040830430408011A0020A85B0020EC
S3150802A6A0C41B00205C1B002064190020C01A00206D
S3150802A6B0B81B0020F8580020201B0020F95800205B
S3150802A6C02C280408BF4304082D4504083C5A0020D8
S3150802A6D0D84C00207F2BB2D1B9F8003063B30321DE
S3150802A6E07B4809F064F90022B9F80030013B9BB2B5
S3150802A6F0A9F80030434483F825221DE098F824324D
S3150802A7000D2B19D00221384609F051F900221046BC
S3150802A710B9F8003008EB030181F825226D4919447E
S3150802A7207BB90AB1A9F80030ECF779FF6949EDF768
S3150802A7302BFA0023A9F8003014F8013B88F82432D2
S3150802A74072E711F801CDBCF10A0F02D0BCF10D0F68
S3150802A750E7D15A1E93B218FA82F282F825023246D5
S3150802A760DEE7029B88F82534EFF3108072B65A4B5F
S3150802A7705A8812B916F0EEF8FEE7574C013A2388C2
S3150802A780254604EB8301D1F80C90A1880133B3FB6B
S3150802A790F1F401FB14336A802B8016F0DBF8B9F169
S3150802A7A0000FE9D04D4C99F80C30E27DC3F38003D3
S3150802A7B063F34102E27599F80C30002003F0FB03BB
S3150802A7C089F80C30E27DDB0963F30002E27599F839
S3150802A7D00C3003F07F0389F80C3099F80130A37125
S3150802A7E04B4613F80C2BA280236099F903303C4A96
S3150802A7F06375137099F802303A4AA3751370D9F83B
S3150802A8000430D9F80810A36214F0C8FF039B03B9F1
S3150802A810FEE7354B20461A789B6822752361DFF7D7
S3150802A820E2FE88B10378C3F38302032A0CD19F0799
S3150802A8300AD4206809F002F9A58800F44050092DC7
S3150802A84002D9002800F0F882039B03F5005393F817
S3150802A8503836002B00F0F082244D98F82574D5F886
S3150802A8609C3E002B00F0D480002F41D0B5F87C3EE8
S3150802A8709E0606D5E37D980703D5217D206902F059
S3150802A88095F900238DF82C308DF83830D5F8683FC5
S3150802A8900133C5F8683F083F152F00F28381DFE8C8
S3150802A8A017F08D04810181018101810181018101F4
S3150802A8B08101810194049A04A004F600A704D90030
S3150802A8C08101810181018101810181015F0200BF4C
S3150802A8D02F450408615C00205C1B0020F01A00204A
S3150802A8E0311B0020301B002048560020F02F002084
S3150802A8F03946D5F8A02EAF489847B5F87C3E990652
S3150802A90008D5E37D9A0705D5217D206902F04EF91F
S3150802A910002FB6D1B5F8E83E002B40F0838002F04E
S3150802A920B5F800238DF82C308DF83830D5F8683F05
S3150802A9300133C5F8683F95F8483ED90740F1328198
S3150802A9409C48DFF732FE07460028A4D109A9994890
S3150802A950DFF7D0FF97480CA9DFF7A4FF9DF82CA0D4
S3150802A960BAF1000F65D009A803F020F806469DF84B
S3150802A97038B0BBF1010F5ED0BBF1020F70D08D4823
S3150802A9800DF11601DFF78AFB48B94FF6FF72BDF8DB
S3150802A9901630934203D0B5F8502E9A425AD1BAF1DC
S3150802A9A0010F64D0BAF1020F6BD05946BDF83000D8
S3150802A9B008F070FE002870D0D5F8703F0133C5F84C
S3150802A9C0703F206809F055F8002800F02981794877
S3150802A9D006A9DFF701FC9DF81830052B40F0EE8337
S3150802A9E012A97448DFF718FC724807A9DFF704FCB6
S3150802A9F09DF81CB0BBF1080F55D0BBF1100F00F043
S3150802AA008D80BBF1000F40F0D9836B4A09A987E014
S3150802AA10B5F87C3E9E067FF57BAFE37D9B077FF507
S3150802AA2077AF71E7E37D980744BFA368C5F8F83E98
S3150802AA3075E756469BE7614ABDF83030B2F8821E82
S3150802AA4099429CD092F8482E520703D54FF6FF72C8
S3150802AA50934294D0D5F88C3F0133C5F88C3FEBE18D
S3150802AA6057490CA8DFF7DEFE002888D1F2E7002E48
S3150802AA7000F0B7833068716809AB03C302238DF807
S3150802AA802C304F4909A8DFF7CDFE00288DD0D5F81E
S3150802AA909C3F0133C5F89C3FCEE1D5F86C3F0133A4
S3150802AAA0C5F86C3F8DE7002E00F0888341480FA950
S3150802AAB0DFF70FFD9DF83C30D5F8DCAD013BDBB284
S3150802AAC00AF07F0293428DF83C3022D00AF1FF3217
S3150802AAD002F07F018B421ED00AF1010A0AF07F02B8
S3150802AAE0934240F06B83374AB37F03F00F03072B79
S3150802AAF00DD1B369534500F2618308D1129BF168FF
S3150802AB00581C814200F03381994200F2578309A901
S3150802AB1008E02D4AE8E792462C4AE5E72C492D4AF1
S3150802AB204FF0000A2348DFF705FE002840F0468367
S3150802AB30BBF1080F74D1B37F03F00F03072B4DD077
S3150802AB40254B93F85030D80700F11E81002730466E
S3150802AB50184902F079FDD4F800A0504608F089FF9A
S3150802AB60002865D013480FA9DFF746FB9DF83C304D
S3150802AB70082B5DD1B37F03F00F03062B04D0072BF6
S3150802AB8056D0012B40F02D839AF8003003F00703C4
S3150802AB90032B07D112A802F0D3FE18B99DF8483044
S3150802ABA0042B45D0054AD2F8A83F0133C2F8A83F7C
S3150802ABB042E100BFF01A0020183E0020F02F0020C4
S3150802ABC0763E0020B43E0020A43E0020943E00209B
S3150802ABD01C450408A43F0020F03F0020B3697269AF
S3150802ABE053451CBFC6F818A03061129BDFF85CB249
S3150802ABF001339342F360ABF5805207D97361D2F8F9
S3150802AC00DC3D534506D39BF850309CE7D2F8DC3D31
S3150802AC109A45F8D9032251468B48F1F7F1F8F2E73B
S3150802AC208A4B93F85030D90700F1AE80002E8ED1A8
S3150802AC30874E96F8493E022B00F0B680062B00F0A6
S3150802AC40BF80012B40F0CA80D4F800A09AF8001001
S3150802AC5011F0070140F0A880D6F87C3F0133C6F808
S3150802AC607C3FD6F8703E002B78D03C2212A88DF88D
S3150802AC70441013F0D8FA9AF800305D076ED10FAD7A
S3150802AC8029467448DFF736FE002867D19DF8443016
S3150802AC90022B63D195E8030012AB83E803006D48E3
S3150802ACA00DF17A01DFF762FA20B16A480DF17A01ED
S3150802ACB0DFF7F4F9A37967488DF87E30637D8DF85E
S3150802ACC07F30A37D8DF88030DFF79FFC054661480B
S3150802ACD0DFF789FC1D2D04463AD940F6FF73028830
S3150802ACE09A4235D183789BBBC3788BBB0379032BF6
S3150802ACF02ED142799DF88130120962F303038DF849
S3150802AD008130427907A962F386138DF88130437937
S3150802AD109DF88120C3F3C00363F30412831D0793CE
S3150802AD20102314A88DF881208DF82030E0F71DFF36
S3150802AD3014A813F023FD014614A8DDF715FD68B122
S3150802AD40D4F81630CDF86130D4F81A30CDF865301B
S3150802AD50D6F8703ED6F8741E12A89847002F6BD004
S3150802AD603B4AD2F8903F0133C2F8903F64E0384B31
S3150802AD7093F8492E062AF3D103F5805393F85030F7
S3150802AD801D27DA077FF5E3AE304A206892F850307D
S3150802AD906FF3C60382F8503008F050FEC3067FF5FB
S3150802ADA045AF08F059F941E796F8582E96F8523EFB
S3150802ADB09A4213D0D6F8843F0133C6F8843FCDE7CA
S3150802ADC09DF8383043B106F61870DDF790FE002379
S3150802ADD086F8493E05F062F9002FC1D1236893F837
S3150802ADE000A00AF0070ABAF1010F00F0D580BAF1FD
S3150802ADF0030F08D0BAF1000FDCD1D6F87C3F013335
S3150802AE00C6F87C3F2FE012A802F09AFD9DF848305A
S3150802AE10042B23D0072B40F0B980D5F8803F0133A5
S3150802AE20C5F8803F95F8483EDC0705D5D80603D510
S3150802AE3051460948DFF7A4F8484608F053F9EDF7F2
S3150802AE4001FAFFF759BB00BFC83D0020F03F0020BA
S3150802AE50F02F0020F01A0020383E0020D6F8783F5E
S3150802AE600133C6F8783F00238DF870308DF87A30B2
S3150802AE708DF8B830B44B1B7A990740F18380B348F2
S3150802AE80DFF7B1FB0546B148DFF7BFFB1AA9ADF8F4
S3150802AE904C00AE481295DFF72DFD002872D10DF150
S3150802AEA07201AA48DFF7FEFC014600286AD1182279
S3150802AEB014A813F0B8F9A54814A9DFF757F918B179
S3150802AEC0A24814A9DFF7EAF8A0480FA9DFF7E6F8BF
S3150802AED018B1BDF85030ADF83C304FF6FF72BDF8E8
S3150802AEE03C3020689A1A534253419DF8552063F321
S3150802AEF041028DF8552008F0BCFD80B193480FA990
S3150802AF00DFF77AF99DF83C3013F0F70F0CBF0122F0
S3150802AF1000229DF8553062F300038DF85530A37967
S3150802AF20894D8DF85230637DD5F8D8248DF8533083
S3150802AF30A37D8DF8543005F59A639A4212D09DF88E
S3150802AF405530DB070ED595F85930022B0AD11AA8C7
S3150802AF5002F02CFD05F18003834203D105F59960C1
S3150802AF60F0F7D4FA23681B7803F00703012B09D1FB
S3150802AF70BDF84C20129B042A14D91A7802F0C00292
S3150802AF80802A10D17248DEF7B8FFE7E6D6F8843F82
S3150802AF900133C6F8843F66E7D6F8743F0133C6F82C
S3150802AFA0743F60E771D11A7802F0D802C02A6FD1CD
S3150802AFB0002312A907A80693F1F7C2F8002840F061
S3150802AFC0D880BDF82040002C40F09780BDF81C5070
S3150802AFD006AA294612A802F0FFFD002840F0C980F9
S3150802AFE0069C6389AB4200F2C48029462046DCF7F8
S3150802AFF011FC002840F0BD80BDF81E302046636172
S3150802B000F0F7B6FABDF8503004F12C0063829DF8C9
S3150802B010523023729DF95310F0F7E6FF04F12E0021
S3150802B0209DF85410F1F705F89DF855302046C3F3FC
S3150802B030400203F001035B0043EA0223A28822F4DA
S3150802B04081721343A38008F01CFD002840F091800A
S3150802B05096F8483E580704D42379990701D502F091
S3150802B0609DFD3C48214602F04BFD002006F0C6F93C
S3150802B070069CA28963899A4284D321463548DDF71C
S3150802B08043F820460AF052FA7CE7002A3FF47AAFE0
S3150802B0901B7803F0E003602B7FF474AF00210FAA3C
S3150802B0A012A80F9102F098FD28BB0F9CBDF85030EC
S3150802B0B004F12C0063829DF8523023729DF95310D5
S3150802B0C0F0F792FF04F12E009DF85410F0F7B1FF45
S3150802B0D09DF855302046C3F3400203F001035B0096
S3150802B0E043EA0223A28822F481721343A38008F05A
S3150802B0F0C8FC0028C5D00F983CE0D6F8E01F0FA878
S3150802B10008F02FFB0F9B43B3BDF81C2059899142C7
S3150802B11015D1BDF81E005A69824210D19A89944205
S3150802B1200DD1BDF84C2022448A4208DC19799DF8D3
S3150802B1305520C1F3400102F0010291420CD00FA83A
S3150802B140DCF740FBDEE700BFF03F0020F01A0020E4
S3150802B150383E0020D03F0020069396F8483E069CCB
S3150802B1605A070DD474B99DF85530DB0701D502F09C
S3150802B17015FD069800283FF405AFDCF729FB01E721
S3150802B180002CF6D0BDF84C30129A2046A189DCF77D
S3150802B19081FD2046BDF84C10DCF7C1FB9DF9531022
S3150802B1A004F12C00F0F720FF04F12E009DF854104C
S3150802B1B0F0F73FFF2046F0F7DBF959E7464AD2F89F
S3150802B1C0A03F0133C2F8A03F36E6D5F8A43F0133C3
S3150802B1D0C5F8A43F30E6D5F8943F0133C5F8943F45
S3150802B1E02AE63D4AD2F8983F0133C2F8983F23E649
S3150802B1F0D5F8883F0133C5F8883F1DE64FF400703D
S3150802B20014F02EFA044638B131464FF4007014F0A1
S3150802B2100FFA0F22FFF796B94FF4806014F020FA5E
S3150802B220064640B121464FF4806014F001FA2646DC
S3150802B2300E22FFF787B901464FF4805014F0F8F949
S3150802B2400B22FFF77FB92549A1F12400EBF77EF817
S3150802B250044678B92249A1F12400EBF777F80446A7
S3150802B26000283FF48BA920461E49EBF79BF8204697
S3150802B2701B49F2E720461C49EBF794F82046174982
S3150802B280E4E71A4B1A4A19781A4B1B4800290CBFCD
S3150802B29011461946ECF777FA002388F82634FFF7A1
S3150802B2A074B97B230A2220461449ADF86A30DCF7C2
S3150802B2B033FD00287FF48DA9637913F0180F3FF444
S3150802B2C088A922460E490F4812ABF1F751FD00280C
S3150802B2D03FF482A9FFF77DB9F02F0020301800202D
S3150802B2E05418002001650008E9640008201B0020A4
S3150802B2F0494204083D42040898430408C74304081F
S3150802B300285C002088360020064BD3F8F00908B9D5
S3150802B310D3F8F809D3F8EC3913B1984228BF18467E
S3150802B320704700BFF02F00201B49026AD1F8F8398E
S3150802B33032F0004208BF1A4630B5184C436AD1F8B3
S3150802B340FC59A24228BF2246002B08BF2B46A3421D
S3150802B35028BF2346C07D934238BF1346052808D81E
S3150802B360032808D9D1F8F4298AB193420FD00020CC
S3150802B37010E00628FBD1D1F8F00908B18242F6D1CD
S3150802B380D1F8F40908B18342F1D1C1F8F0290120B4
S3150802B390C1F8F43930BD00BFF02F00209AC420004E
S3150802B3A0F7B500F1310525F00105AB8904460B2BEB
S3150802B3B00F4616463DD8C3F10B031B010C29DBB217
S3150802B3C01DD8C9B20DF101020B4369468DF800304A
S3150802B3D06389521A3B4413FA82F3B3F5007F26D2E5
S3150802B3E0204692B2DCF798FC38B90B233A46314626
S3150802B3F02046AB81DCF790FCE8B103B0F0BDB1F5AD
S3150802B400867F07D8A1F10D028DF801200D210DF1D5
S3150802B4100202D9E76FF486728A18C2F307218DF8F9
S3150802B42001108DF802200E210DF10302CCE703204C
S3150802B430E3E70720E1E763892B82DEE7064890F80F
S3150802B440483EDB0705D500F6586100F65C60DEF774
S3150802B450A9BC0B20704700BFF02F002010B5044688
S3150802B4600089216818B1BDE81040F2F7E9BA4B899C
S3150802B4702381054BD3F84C0AEEF72AFD10B9216849
S3150802B480E088F0E710BD00BFF02F002030B5114B61
S3150802B49085B001930546FFF737FF0C46DCF73EF900
S3150802B4A04FF4805302902046ADF80C30FFF7D6FFD2
S3150802B4B070B90A22206801A9DCF72EFC40B91022CD
S3150802B4C029462068DCF728FC10B9638901336381B1
S3150802B4D005B030BD001C00012DE9F04F036A0C4689
S3150802B4E043F000430968C67D036205468FB00068CB
S3150802B4F0B1F80A90EEF7ECFC8346002840F0178173
S3150802B5002168E088F2F79CFA8346002840F00F810A
S3150802B510043EF6B2012E00F2AE80AB4A0492DCF784
S3150802B520FDF8059020680A2204A94789DCF7F4FB8E
S3150802B5308346002840F0FB8021686868B1F80A80D3
S3150802B540EEF7B9FC8346002840F0F18048462168A8
S3150802B550F2F776FA8346002840F0E98039462068F1
S3150802B560EEF794FE628901326281AA68002A40F0E7
S3150802B570878040462168F2F763FA8346002840F03E
S3150802B580D6804FF0FF220A92DCF7C8F80A220B90FF
S3150802B5900AA92068ADF830B0DCF7BEFBD946834667
S3150802B5A0002840F0C4806289012E02F101026281FC
S3150802B5B040F2BD8040462168F2F742FA002858D187
S3150802B5C0824A0A92FFF7A0FEDCF7A8F86A8A0B906D
S3150802B5D052BAADF83220AA8A206852BAADF8342097
S3150802B5E02A8A0AA952BAADF8362010224689DCF709
S3150802B5F093FB00283DD12046FFF730FF002838D1BB
S3150802B60031462068EEF742FE6289404601322168D9
S3150802B6106281F2F715FA60BB6D4A2068049204A9A2
S3150802B6200A224789DCF778FB18BB8DF81C905E4620
S3150802B6304FF03D09226895F8168008925289ED68FE
S3150802B640ADF82420B2B2904559D89DF81C20002A9C
S3150802B65000F0A680012A00F0B48000220DF10F0145
S3150802B6608DF80F2007A80122DCF769FC002800F0F4
S3150802B670A08083465BE0574B0493FFF745FE4EE7EF
S3150802B680012E7FF676AF5F46DA46AA68BBB252F853
S3150802B69023002168019300283FF46BAFEEF70BFCF9
S3150802B6A08346002843D1019B216833BB4A48B1F837
S3150802B6B00AA0EEF700FC8346002838D148462168DE
S3150802B6C0F2F7BEF98346002831D120680A22438957
S3150802B6D004A90193DCF720FB834640BB4046216858
S3150802B6E0F2F7AEF90137834608BB01992068EEF7EF
S3150802B6F0CDFD638901336381C7E75046E0E72868D1
S3150802B7008DF80E9058B9696831B12A8922B107A80D
S3150802B710DCF715FC0028ACD101360C3592E74FF45C
S3150802B7208071DCF7D9FD824628B94FF0070B5846D7
S3150802B7300FB0BDE8F08F6A6862B98DF80F00012272
S3150802B7400DF10F0107A8DCF7FAFB002891D1524642
S3150802B7502968DCE72A8911180131FF29E5D801325F
S3150802B76002448DF80F200DF10F01012207A8DCF71C
S3150802B770E6FB00287FF47DAF5246296807A8DCF766
S3150802B780DEFB00287FF475AF01220DF10E0107A832
S3150802B790DCF7D5FB00287FF46CAF2A896968B6E71F
S3150802B7A0089ABDF824105289521A92B2002A3FF416
S3150802B7B054AF39462068EEF769FD62890132628123
S3150802B7C0B5E7BDF82420F1E7000C00FE00210001D0
S3150802B7D000100001000C00014245040873B5154625
S3150802B7E0044678B10222DCF755F802216846EBF7DF
S3150802B7F05BF8022269462046DCF76CF830B120462F
S3150802B800DBF7E6FF0024204602B070BD114B53F861
S3150802B81025502B461E4613F8012B7AB9284612F0F4
S3150802B820ADFF2A4681B22046FFF7BAFD0028E6D1C7
S3150802B8302046DCF769FB0028E5D0E0E72F2AE9D1A4
S3150802B840711B2A46204689B2FFF7AAFD0028D6D1DF
S3150802B850751CDEE76833040813B50024182001A90D
S3150802B860019407F07BF900B10194019802B010BD6A
S3150802B87010B50446E6F73EFB002C00DAFEE721186F
S3150802B8800248BDE81040DDF738BD00BFCC3E0020B7
S3150802B890012110B581400020DCF702FD4FF4A073A8
S3150802B8A003FB00F4084B93F88E2ED20708D5D3F87B
S3150802B8B0943E987905F066FE2046BDE81040D7E723
S3150802B8C005F032FEF8E700BFF02F0020002200B58F
S3150802B8D089B0049209224FF400330792ADF8180092
S3150802B8E008AAADF80C0012E903008DE803000293DA
S3150802B8F002AA07CAEBF732F909B05DF804FB2DE98B
S3150802B900F0431E4B054693F838368846164685B0E8
S3150802B91093B3FFF7DBFF08B12D281ED136B30024F7
S3150802B9204FF4003901AFCDF80490ADF808500394EE
S3150802B9306B4697E80700EBF7F6F82D2811D138463B
S3150802B940CDF80490ADF808500394EBF7E5F83346C2
S3150802B950014642460A48F6F773FE2D2807D9012002
S3150802B96007E00134092CDED1012000E02120054B35
S3150802B970185C05B0BDE8F0831120F8E7F03F002017
S3150802B98098190020134604080CB413B50B4B05ACE2
S3150802B9901B6801946BB1EBF742FE22460849083050
S3150802B9A0DAF7B2FFEBF73BFE0830DAF7C2FFEBF73E
S3150802B9B036FE02B0BDE8104002B07047B41A002045
S3150802B9C02C1604082DE9F04F8FB005468946904695
S3150802B9D01C468789134604A80A460DF1010108F098
S3150802B9E0A7FB00283FD12822284604A9DCF794F9A8
S3150802B9F00646C0BB28212846DBF791FFB2469DF8CA
S3150802BA00013083B9002C00F0DB80283CE41B391D89
S3150802BA1064BAA4B20223284602AA89B2ADF808403B
S3150802BA20DCF738F920E0B8F80420E2B1D8F80010BB
S3150802BA300B7803F0F000E02840F09E8003F00E0039
S3150802BA400E2815D100230131013A8DF80130C8F8C4
S3150802BA500010A8F804202346424649462846FFF71E
S3150802BA60B1FF0028CBD0062630460FB0BDE8F08FCE
S3150802BA7003F0010340460DF103018DF80130DBF7AF
S3150802BA8095FE0028EFD19DF80330DB075FD54046C7
S3150802BA900DF10201DBF78AFE0028E4D19DF8023097
S3150802BAA0B8F804105A1C9142DDD3D8F8002001A92F
S3150802BAB0D05C05F05BFC0028D5D19DF80230022245
S3150802BAC00933DB08013B284601A98DF80530DCF766
S3150802BAD023F90028C7D102212846DBF720FF28468A
S3150802BAE09DF80220D8F80010DCF716F90028BAD11A
S3150802BAF09DF802B028465946DBF711FFB8F804301C
S3150802BB00D8F80020A3EB0B035A440BF1020B1BF0E7
S3150802BB10070BC8F80020A8F804303FF470AFCBF141
S3150802BB200801C9B202A8EFF7A5F802A8EFF779F853
S3150802BB3002A902462846DCF7EFF8002893D102A8A4
S3150802BB40EFF76FF801462846DBF7E9FE57E7404666
S3150802BB5001A9DBF72BFE002885D140460DF102012B
S3150802BB60DBF724FE00287FF47EAF9DF80220B8F8A2
S3150802BB7004309A42A1D976E703F0F803F02B7FF452
S3150802BB8072AF414602A88DF801A008F055FC0028BC
S3150802BB907FF469AF8CB9B8F80430083308225BBA67
S3150802BBA09BB228460DEB0201ADF80C30DCF7B4F86F
S3150802BBB000287FF458AF0821C5E7AB89E31AEDE7F9
S3150802BBC0B8F80440AB89283C1C441FE7F8B543681B
S3150802BBD004460D461BB140F6FF71F7F7BFFD204636
S3150802BBE0F7F7DAFDE9896B7B62690B43298A22F446
S3150802BBF04C520B4322F00F0213436361A268297E5B
S3150802BC002B7B22F080420B4322F0E20213436A693D
S3150802BC1004F580511343AA68A360EB6982B9A06848
S3150802BC2040F00040A0609BB901234B60204629786A
S3150802BC30F7F7F9FDA36CDB4313F4405FFAD1F8BDBD
S3150802BC4033B901234B6020466968F7F7EFFDEDE744
S3150802BC50987A1E7A4004A76840EA8650574E3E40B4
S3150802BC6030439E8806F4C04630435E7840EA860032
S3150802BC705E7B40EAC6009E7B40EA06109E7840EA52
S3150802BC808620A060E768D3E9040630434C4E3E405E
S3150802BC9030439E7940EA8620DE7940EA4620E06013
S3150802BCA01878484E01281BD1E06840F00400E0608D
S3150802BCB0B4425FD0444884425ED000F58040844254
S3150802BCC05CD000F5804084420CBF03204FF0FF3061
S3150802BCD0400100F1A04042F2944600F570301CE0A3
S3150802BCE003283DD1E06840F00400E060B4423BD04E
S3150802BCF0354884423AD000F58040844238D000F56F
S3150802BD00804084420CBF03204FF0FF3041F2944634
S3150802BD10400100F1A04000F5703002278751587A99
S3150802BD20886218B1E06840F40060E060D87A58B1D9
S3150802BD30E06840F40040E0602248844220D1187B43
S3150802BD40224E00F00F007067606ADB7B20F003006A
S3150802BD500343636201234B60002A3FF467AF72E72D
S3150802BD6002380128C2D9A3E70020CFE70120CDE790
S3150802BD700220CBE70020ABE70120A9E70220A7E7CC
S3150802BD801148844206D1187B104E00F00F00C6F8FF
S3150802BD908000D9E70E48844206D1187B0B4E00F084
S3150802BDA00F00C6F88C00CFE70A48844201BF187B09
S3150802BDB0064E00F00F00C6F89800C5E7E39BBDFFE4
S3150802BDC0FFF9F0870000015B00C00850009003509D
S3150802BDD00000095000400950094B186F00F007008F
S3150802BDE0431E032B03D8DFE803F0060809040020E4
S3150802BDF0704708207047022070470520704700BF29
S3150802BE0000800050044A054B013800D2704753F8A7
S3150802BE10041B42F8041BF7E700640020C06100080F
S3150802BE20124B93F87A21052A07D10222027093F857
S3150802BE307D31012B13D91720704701210170B3F800
S3150802BE40801193F87D3101290BD8042A09D0062BD3
S3150802BE50F1D8012A03D0022B01D80023037000204F
S3150802BE607047022BE7D8F8D1F9E700BFF03F002068
S3150802BE70F7B505460E46014621481746DDF78AFFFD
S3150802BE80D8B10F2007F038FB0446B0B10022037977
S3150802BE90057243F002031B4D037195F8523E8DF865
S3150802BEA000205BBAADF801306A4603231421DDF798
S3150802BEB040FC20B12046DBF78BFC03B0F0BD012F16
S3150802BEC01AD14FF08073009001936A46082316210F
S3150802BED02046DDF72EFC0028ECD115212046B5F8C0
S3150802BEE0502EDDF768FC0028E4D131462046F1F7EA
S3150802BEF037FD0028E1D0DDE72046F0F7DBFAEAE76E
S3150802BF00443E0020F02F00207FB505460E466C46BB
S3150802BF10054B0FCB84E80F00324621462846FFF729
S3150802BF20A7FF04B070BD00BF38250408F0B5DFB01E
S3150802BF30054624A80C4607F0C5FB182200210DEB7E
S3150802BF40020012F070F93D4B012C05934FF00D03D8
S3150802BF508DF8203025D02B685B89AB812868EDF7F0
S3150802BF60E1FF0446B8B928681C2205A94689DBF709
S3150802BF70D3FE044678B92846FFF770FA044650B944
S3150802BF804022286814A9DBF7C7FE044618B93146C9
S3150802BF902868EEF77BF924A807F08AFB20465FB0EB
S3150802BFA0F0BDA9892868DBF735FC28681C2205A993
S3150802BFB04689DBF7B1FE04460028ECD1204F2968F2
S3150802BFC0D7F84C0AEDF784FF04460028E3D129681E
S3150802BFD0D7F8480AEDF7B1FF04460028DBD124A8B2
S3150802BFE0DDF794FE296806F10A024B8992B20A3BEA
S3150802BFF09B1B9BB224A8DDF7A2FE2246334629687C
S3150802C00024A8DDF79CFE0CA924A8DDF7B3FE04AB31
S3150802C01002934023019314AB00930A4920230CAAE6
S3150802C0202869FCF7D7FEEAF7D3F904460028B2D105
S3150802C03031462868DBF7EEFB90E700BF001800FFE1
S3150802C040F02F0020090600062DE9F04104468EB0BD
S3150802C05003A8EFF787F903A8EFF784F9237833B132
S3150802C06094F8A010042902D01DD8032936D003A8B3
S3150802C070EEF70EFBA0B903A904F13E00F0F768FC3F
S3150802C08070B994F87A300BB184F87A000122204606
S3150802C0901146EFF797F90122204603A9F0F718FE91
S3150802C0A00EB0BDE8F0814B1F5E425E4194F87A30CD
S3150802C0B0012BDCD80025114F04F13E0808A8EFF73A
S3150802C0C051F90023CDE9013300973146684608AA9B
S3150802C0D0F8F724FC20B1002DF0D1C8E70026E5E7E1
S3150802C0E035B103AD08AE0FCE0FC533682B80BEE758
S3150802C0F0404608A9F0F72CFC0546E6E7244300204B
S3150802C1002DE9F0410C460546164694B004A8EDF70B
S3150802C11033FE2B4B01A8C5E90034139B002B18BF2D
S3150802C1201E46B489EDF7BEFE21460C233046AE60A4
S3150802C13001AADBF796FC04F10C01002489B2BDF8CA
S3150802C1400830A2B25BBA9BB29342ADF802102BD862
S3150802C150BDF80A80298298FA98F81FFA88F20DF132
S3150802C16002013046EEF7BFF8BDF80C70BDF8023092
S3150802C1707FBAAB82BAB20DF102013046EEF7B3F8D6
S3150802C180BDF80E40BDF8023064BA30462B83A2B21F
S3150802C1900DF10201EEF7A7F81298A5F81280EF82C0
S3150802C1A06C8314B0BDE8F0810DF102013046EDF75B
S3150802C1B00FFFBDF802100134043189B2BFE700BF90
S3150802C1C0F01F002010B5C2B0044601A807F034FAE1
S3150802C1D0074801A9DEF738FF10B1172042B010BD93
S3150802C1E0214601A8DFF7B8F90028F7D0F5E700BF1E
S3150802C1F0603D00200C4890F84330032B13D903F016
S3150802C200FC02FC2A0FD0FC3380F84330DBB2032B46
S3150802C21009D890F8513001216FF3071380F851308D
S3150802C2203830DDF7E0BD7047F03F002030B5C3B0C7
S3150802C230054601A807F000FA0E4801A9DEF704FF31
S3150802C240044628B9352101A8DEF796FD18B9172440
S3150802C250204643B030BD6946DFF7AEFA0028F7D16B
S3150802C260054B009AD3F8543E13402B60002BEFD1AE
S3150802C270EDE700BF343D0020F02F0020002313B560
S3150802C280044601A80193FFF7D1FF18B1044BD3F86E
S3150802C290543E0193214601A8DDF784FD02B010BD84
S3150802C2A0F02F002030B5032200250B4B85B004463B
S3150802C2B0596801A8019502938DF80C20EEF738FD0E
S3150802C2C0019B0BB905B030BD1A7D01A8A24208BF71
S3150802C2D01D75EFF75FFFF3E72437002038B50D46E3
S3150802C2E00446A8B144220221DBF7D4FA05F1310348
S3150802C2F023F001035A8804F1310323F00103294686
S3150802C30020465A80DBF700FB28B12046DBF760FAA5
S3150802C3100024204638BD2046DBF7F6FD0028F8D073
S3150802C320F3E710B5074991F874444CB1224601F275
S3150802C3306441DBF783F984428CBF0020012010BDDB
S3150802C3402046FCE7F03F0020012810B5044600D835
S3150802C350FEE7DBF792FF013C83B2B3FBF4F204FB80
S3150802C3601230013080B210BD054B93F89E0010F0D2
S3150802C3700F0004D0B3F8A000831E584258417047F4
S3150802C380F03F002010B51A4C024694F85B309B0722
S3150802C39002D4FFF7E9FFA8B14FF6FE73B4F85814B2
S3150802C3A099420FD0B4F85A04D4F85C1492B9B1F58C
S3150802C3B0967F38BF4FF49671480801300939DBF782
S3150802C3C06FFF0BE00023C4F878340A48BDE8104032
S3150802C3D0F4F750B9012809D9FFF7B6FFD4F878342B
S3150802C3E00BB18342F1D9C4F87804EEE70120F5E7E8
S3150802C3F0F03F00206844002073B5036815460279A9
S3150802C40031B148781344023001445B1ADAB20B465A
S3150802C4104AF6AA7600931344019305216846F4F76F
S3150802C420CFFC0446B8B194F90230002B09DBD4F8E4
S3150802C4300300DBF773F9B042EFD1E37904F108019F
S3150802C44001E0E378211D2A799342E6D3286813F09E
S3150802C450DFF80028E1D1204602B070BD144B10B4B3
S3150802C46093F8432093F8514002F0FC01FC291CBFC3
S3150802C470043283F84320002808BF082093F8512085
S3150802C4801109814238BF014661F3071283F8512028
S3150802C49093F85030DB0707D50F2C05D8012105483C
S3150802C4A05DF8044BDDF79FBC5DF8044B704700BF8F
S3150802C4B0F03F002028400020F8B50E4600211D4610
S3150802C4C01960436A04468B42174622DB0620134A42
S3150802C4D006F054FD2860F0B121464022DBF71CFC29
S3150802C4E0044638B929686EB938462968EDF725FD34
S3150802C4F0044628B1286818B1DBF76AF900232B60CD
S3150802C5002046F8BD3046EDF7D6FC04460028EBD0A7
S3150802C510F0E70724EEE70324ECE700BF2C2804081B
S3150802C52010B50446EBF77BF82146BDE81040EBF759
S3150802C5307FB8F0B5C3B00F46054601A81C46164695
S3150802C54007F07AF80023394601A88DF80231DFF799
S3150802C550D7F99DF802012318FE2B13D801AB224600
S3150802C5603146184412F07EF89DF8023128461C44DA
S3150802C57001A98DF80241DEF7C9FE08B9C5E9090025
S3150802C58043B0F0BD0320FBE7FE2313B5ADF8023036
S3150802C59003680C460A4601930DF10201012301A81C
S3150802C5A0F4F730FD18B9BDF8023084F8FE3002B04F
S3150802C5B010BD4FF440134FF4201230B58FB00193DB
S3150802C5C0039200230822044600910B7004AD0DEB7A
S3150802C5D002018DF810300295EEF7E5FA2A4668460A
S3150802C5E0238A0249DCF74FF80FB030BD47450408E5
S3150802C5F0024670B501F10805082411F8010B5388A3
S3150802C60083EA002006B24300002E98B2BCBF138804
S3150802C6105840631E13F0FF04F4D1A9425080EBD1AF
S3150802C62070BD014608B5082006F0F2FC08B10023E1
S3150802C630838108BD13B540F20133044601A8ADF85B
S3150802C6400430FFF7EEFF2246002102B0BDE8104093
S3150802C650FFF7C4B870B5D4B00C46054613A806F061
S3150802C660EBFF00230D21204601AA8DF84830DCF79E
S3150802C6704AFF08B313A92846DEF7E6FC40F201335F
S3150802C6806846ADF80030FFF7CCFF2146FFF726FED5
S3150802C690044600284BD1002432E001236A4601A948
S3150802C6A02046DBF7B4FA9DF8001002A8DEF78EFEE4
S3150802C6B0012101A8DBF7D6FDBDF80630002BECD127
S3150802C6C09DF84830002BD5D02B78012BD2D13421B6
S3150802C6D002A8DEF77BFECDE79DF84820297892B9B5
S3150802C6E005291AD196F83E3EDB0716D42846DCF70A
S3150802C6F06DFE05449DF84A3113AA13449D42EBD3B5
S3150802C700204654B070BD02AB1A449A421846EDD080
S3150802C710007801338842F8D1E2E721462846DCF759
S3150802C7205FFE0028E2D02046DBF752F8B3E7014E57
S3150802C73013ADDFE7F02F002010B504460448FFF7D3
S3150802C74070FF2246BDE810400021FFF747B800BF38
S3150802C7502C28040838B503780446FF2B08BF91F83D
S3150802C76025300D4604BF43F0100381F82530EEF755
S3150802C770ABF870B128460949DAF70AFF20461035A0
S3150802C78004F1100350F8042B984245F8042BF9D10A
S3150802C79038BD2846F8F748F9F0E700BF40420020BE
S3150802C7A02DE9F0438DB08846074602A81C46164670
S3150802C7B09DF85090DAF705FF4FF2BF03B8F1240F40
S3150802C7C0ADF82A3033D12348FFF72BFF4246012121
S3150802C7D0FFF704F80546002839D003795B075FBFDF
S3150802C7E00122437962F342034371B9F1000F22D160
S3150802C7F0B8F1240F09D13B88212101339AB2284680
S3150802C8003A80DCF7D8FF0446E8B9304602A9FFF7B2
S3150802C810A1FF169B294600930F48159B02AADCF72F
S3150802C820D7F9044678B920460DB0BDE8F0834046EC
S3150802C830FFF782FFCEE722464B461221DCF779FF45
S3150802C84004460028D4D02846DAF7C2FFEBE70324C9
S3150802C850E9E700BF2C2804080038002070B5064610
S3150802C8600C46DAF791FE054624B120460521DBF788
S3150802C87025FD04462544756070BD0C4991F85B3068
S3150802C88083F008029B07C2F3C0020CD491F89E30CB
S3150802C89013F00F0005D0B1F8A000022894BF0020BB
S3150802C8A00120104370470020FBE700BFF03F00203D
S3150802C8B0094A92F85030C3F3400181420AD060F324
S3150802C8C0410382F85030DB0704D5012102F1380012
S3150802C8D0DDF789BA704700BFF03F002007B5054B60
S3150802C8E00F22009304491823DAF788FE03B05DF88D
S3150802C8F004FB00BFD9500108B02A040870B5461EC9
S3150802C900C41C002206200D462B780131303BDBB2CF
S3150802C910092B04D906F8012F58B1062070BD02EB7F
S3150802C920820203EB42039AB2FF2A4FF00000EAD9C9
S3150802C930F3E7A642287803D02E28EED1691CE0E751
S3150802C9400028EBD0E9E708B5012012F089FE04F0C9
S3150802C950EBFD40B9044B93F87E2E012A02D0012240
S3150802C96083F87E2E08BDFEE7F02F0020012303FA86
S3150802C97000F20548436C23EA0203436413B94830BC
S3150802C980DCF7B5B8704700BFF01F002010B50446A3
S3150802C99090B001466846EDF7EFF90D9B002B14BFE0
S3150802C9A01846204610B010BD38B50D4660B1104A7B
S3150802C9B0136843B1196811600022C3E900250D4ABC
S3150802C9C011681960136038BD0A4B1C68002CFAD02E
S3150802C9D02946606811F07DFE08B12468F6E721460B
S3150802C9E00448E0F7FFFD024B1A6822601C60EAE77A
S3150802C9F0B8460020EC1F002008B5074B93F83836D6
S3150802CA0033B1FEF763FF2D2804D8044B185C08BD22
S3150802CA101120FAE70120FAE7F03F0020134604083E
S3150802CA2030B50446154A85B01068516802AB002C29
S3150802CA3003C304F1FF350ED1114B07349A6CDB6C34
S3150802CA40CDE900232B4602AA12F8011D03F8011F9D
S3150802CA50A342F9D110E02A460A4B0B4913F80109F9
S3150802CA608B4202F8010FF9D1082220460DEB02018A
S3150802CA7012F0CEFD0028DFD005B030BD4F450408C0
S3150802CA800080E00F0900E00F0100E00F38B5114CF5
S3150802CA90B4F87C3E1B061BD5D4F8083F04F5706033
S3150802CAA0834215D0A023B4F8E85E5D43DCF784FC24
S3150802CAB0D4F8F03E04F67C605B1BC4F8F03ED4F86A
S3150802CAC0F43E5B1BC4F8F43EBDE83840DDF77ABF96
S3150802CAD038BD00BFF02F0020F8B5194B9F79E9F74A
S3150802CAE0F2FE10B17F252846F8BD164E35681DBBE5
S3150802CAF01820FEF7B1FE8782802705604571077107
S3150802CB00857185600446E9F7F7FEC0001028D6BF8E
S3150802CB1010230123B3FBF0F327742046E360E9F7F9
S3150802CB2073FF48B934602368012BFCD02579204667
S3150802CB306DB2ECF76BF8D6E70248E9F7C7FED1E71C
S3150802CB40F01A0020B81B0020094B07B5D3F8702E3F
S3150802CB505AB17F2809D093F8581E8DF805008DF82A
S3150802CB60041001A8D3F8741E904703B05DF804FBBD
S3150802CB70F02F002073B50A4E0A4D3146044628683E
S3150802CB8011F098FEE9F7B8FE074B01940093C2002C
S3150802CB9001233146286811F07DFE02B070BD00BF40
S3150802CBA06C1900205C190020698C010838B50E4DF5
S3150802CBB0044695F8D83E8B4214D1D5F8003E9842E1
S3150802CBC009D3D5F8082E431C9342C5F8003E02D372
S3150802CBD00648EFF7C1FBD5F8D43E9C4224BF013480
S3150802CBE0C5F8D44E38BD00BFF02F002048400020BB
S3150802CBF02DE9F04F054689B004F0A2FC8D4C01469A
S3150802CC00A54200D0FEE72A688B4B9A4200D0FEE77F
S3150802CC10237F98070DD4642384F82C30A079E9F78A
S3150802CC2033FF0646002840F00081E9F74CFE68B15A
S3150802CC30FEE794F82C30022B84BF023B84F82C3092
S3150802CC4094F82C304F2BE9D85023E5E731464FF4B8
S3150802CC50F85012F0EDFC217F784B794D1020C1F384
S3150802CC608001A3622C6012F0E3FC237F754FC3F3A5
S3150802CC70C003BB72FB6883B1D5F80080D8F81430BC
S3150802CC805BB94FF0FF3011F0D3FF40F6B8322B688C
S3150802CC90C8F810005A610123BB72D5F80090FB68E8
S3150802CCA0D9E904028BB199F81C10C9070DD41044AE
S3150802CCB0A0301FFA83F804F091FC07464846DDF7D0
S3150802CCC0C5FC10B1A0F802800780286806F0EEFFBE
S3150802CCD0EFF31188302383F311880121022012F021
S3150802CCE0A7FCE9F7F0FD00B9FEE72B6803B9FEE7F2
S3150802CCF09B884FF0000B8DF80B300123DFF8589113
S3150802CD001A460DF10B01D9F8000011F057FF9DF8EC
S3150802CD100B202968023A002392B20968D9F8000062
S3150802CD2011F04CFF484BCDF814B006932B68CDF89A
S3150802CD301CB093F82C2020208DF814201B6805AF10
S3150802CD4093F800A0CAF3401A12F08AFC50B106F012
S3150802CD506DFE5946202012F06BFC59464FF40040EE
S3150802CD6012F066FC29684B6913BB102012F078FC96
S3150802CD70A8B12A68354B117E997035490978D97058
S3150802CD80917900975246D9F8000011F09DFD48B3F3
S3150802CD904FF4805013F092FCEBF754FA22E029681C
S3150802CDA03B4652468979D9F8000011F08BFDEEE729
S3150802CDB00022962004920A6989791344234AA3F524
S3150802CDC09B7310820C320092019703935246D9F84C
S3150802CDD0000003AB11F07AFD0028D9D101214020C9
S3150802CDE012F026FC88F31188BFF36F8F4FF4805038
S3150802CDF012F036FCC8B1174D95F83836ABB1A5F521
S3150802CE008055D5F89C3E23B10121D5F8A02E0948B4
S3150802CE109847B5F87C3EDB0707D4206806F019FE6A
S3150802CE2018B14FF47A50FEF723FD304609B0BDE833
S3150802CE30F08F00BF104C0020404C0020F01F00204D
S3150802CE4064190020341B002020A10700E464002096
S3150802CE50DA650020F03F00205C19002010B5154C59
S3150802CE6094F87E3E032B23D1B4F87C2ED4F8943E54
S3150802CE70D20613D5042384F87E3ED4F8940EFFF71F
S3150802CE80B7FE0D2808D1D4F8940E43692BB10023B6
S3150802CE90C0E90433FFF7ACFE50B1FEE7987904F017
S3150802CEA071FB00B1FEE794F87E3E042BE5D0E1E77C
S3150802CEB010BD00BFF02F00200E4B93F87E2E93F87C
S3150802CEC07F0E032A1CBF032283F87E2ED3F8942EE4
S3150802CED0117E71B1127F52070BD5B3F87C3E03F06F
S3150802CEE00C0333B90330C0B2052828BF0520FEF764
S3150802CEF0CFBCB3E7F02F002037B5234C94F87E3E1B
S3150802CF00052B3FD0D4F8945E286806F0B2FD70B3BC
S3150802CF102B7FD8062BD428460DF10701DDF76CF9CD
S3150802CF2028BB2B7FD90704D4284694F8D81EDDF7E8
S3150802CF30E4FAB4F87C3E9A0619D49DF80730082B11
S3150802CF4015D1D4F8940E114B8360037FDB0709D4FD
S3150802CF50D4F8D45E2946DDF76FF9284694F8D81E28
S3150802CF60FFF724FE0A49D4F8940EDDF775FB002371
S3150802CF7084F87F3E84F8803E84F8D93E03B0BDE843
S3150802CF80304099E7FEE700BFF02F0020A43E0020BC
S3150802CF90763E00202DE9F84F13F0010804460E46A6
S3150802CFA017461D46DDF8289002D1043B0C2B55D9AD
S3150802CFB0FEE710461B0A421C002BFAD1C0B2022811
S3150802CFC038BF0220C0F10F0A022818BF5FFA8AFA90
S3150802CFD0331E18BF0123AA1E013852109B015FFA9D
S3150802CFE080FB43EAC2034BEA0303524649462374CB
S3150802CFF004F1110011F036FB3A460F2304F1200121
S3150802D0009A452ED304F1100211462046DCF742FC5B
S3150802D01026B14FF00208637C734063745246494650
S3150802D02084F820B004F1210011F01CFB0AF121005A
S3150802D0300021CAF10F02204411F0F5F80023C4E9D1
S3150802D0401137E364102384F854A084F855502664F3
S3150802D050A4F85080A4F85230BDE8F88F134640462B
S3150802D060A9E7013B01F8012DDBB2120AC8E72DE94F
S3150802D070F04FA9B01F4614AB12930823ADF84C30F3
S3150802D0804B890128A3EB070406460D469046A4B22F
S3150802D09002F1100A07D1791D994200F28C80D04616
S3150802D0A09246043CA4B20DF11009484608F108015B
S3150802D0B0DDF7AFFB99E80300329B0DF1180B8BE8FD
S3150802D0C00300D3F8010008A9DAF77FFA05238DF8D9
S3150802D0D02430329BDFF8E890D3F80500DAF71EFB16
S3150802D0E0D9F8DC2D0146824240D00AAA09F6D85060
S3150802D0F0EEF73DFB00220AA909F55F60DDF7A3FBFF
S3150802D10009F55F63196812A806F0EFFA04232246A6
S3150802D1102A2112A8CDF800B0FFF73CFF102241469B
S3150802D12012A8DCF7C8FB1022514612A8DCF7C3FB8B
S3150802D1300A22329912A8DCF7BEFB394628460AAB00
S3150802D1400DF10E02ADF80E40DAF707FCBDF82C40D9
S3150802D1507CB90AA912A8DCF77EFCBEB904222846C5
S3150802D1600AA9DAF7D9FD29B0BDE8F08F09F55E6399
S3150802D170C8E70A9A12A8114623460096DCF7D8FB96
S3150802D1800AA90DF10E0004F07BF9DFE76989042389
S3150802D1900439284600940AAA89B2DAF744FD60B12E
S3150802D1A069892846042994BF491A043989B2DAF7E3
S3150802D1B031FB2046D7E70620D5E70820D3E700BF8C
S3150802D1C0F02F002070472DE9F04F504B064693F892
S3150802D1D038368A4690468FB0002B38D000234FF453
S3150802D1E000370A930897ADF8240008AACDE9043354
S3150802D1F007CA04ABE9F797FC0446002845D1DDF8CF
S3150802D2001090B9F1000F7DD0484605A905F0A6FC95
S3150802D2100446002839D1059D002D75D00D900BA81E
S3150802D2200B97ADF83060E9F777FC394E01460746A9
S3150802D23007AB304606AAF4F7B1FC044628BB96F8B3
S3150802D2403430DDF81CB043B92846F7F7BCF8112488
S3150802D250304B185D0C282ED1FEE7B7F5801F04D394
S3150802D2602846F7F7B0F82924F2E701213046F4F701
S3150802D270D2F839463046284A0DF10F03F4F7A1FBD6
S3150802D280044648B1F06B06F0E1FE059808B1F7F7D7
S3150802D2909AF82D2C0ED8DBE79DF80F30012B29D1F1
S3150802D2A01D4B1B699B4509D0F06B06F0CFFE28463D
S3150802D2B0F7F789F801200FB0BDE8F08F00225B4628
S3150802D2C029461348009205F0E7FC0446F06B06F07F
S3150802D2D0BDFE002CD9D1B8F8002029464A4528BFF8
S3150802D2E04A46504611F0BEF92846A8F80090F7F7C4
S3150802D2F06AF8ADE7022BF06BD7D006F0A7FE2846F0
S3150802D300F7F761F82D24A3E70124A1E7F03F0020EF
S3150802D31098190020134604088459002037B5262593
S3150802D32000212A46044610F07EFF022384F82430A0
S3150802D3300023214684F825300DF106020320ADF8B4
S3150802D3400650FFF740FF03B030BDF7B516460D4647
S3150802D3500DF10602314607461C46ADF80630FFF7C0
S3150802D36032FF48B9BDF80630A34205D122463146F6
S3150802D370284612F04DF948B1224629463846FEF7A4
S3150802D380BEFA0C2800D1FEE700B1FEE703B0F0BDF5
S3150802D390F0B52024CDB02B4B054612A80F460193B3
S3150802D3A006F090F907200AAA02A9ADF82840FFF765
S3150802D3B00AFF70B1214602A8E9F776FA18B12146A2
S3150802D3C002A8E9F771FA202307200AAA02A9FFF799
S3150802D3D0BCFF4FF4807612A8DCF798FC2A7C294613
S3150802D3E00732D20812A8DCF79FFC042212A80DEB1A
S3150802D3F00201DCF799FC0122394612A8DCF794FCF3
S3150802D400202202A912A8DCF78FFC0AA912A8DCF7C7
S3150802D410B1FC0AAB03CBA860E96005F10800EDF799
S3150802D42022F9044638B13B78013E0133B6B23B7065
S3150802D430002ED0D1012412A806F03AF920464DB0A2
S3150802D440F0BD00BF7770616E08B5002814BF0220D0
S3150802D450012091F8FE20FEF752FA0C2800D1FEE7C9
S3150802D46000B1FEE708BD4FF41603F0B5ABB00446AB
S3150802D470039300230D46164604AF4322134902A816
S3150802D4808DF810300297DBF7FEF80E212046DAF700
S3150802D49023FF0F4B0E22034400930E49234602A88C
S3150802D4A00D4CDBF7F0F83246294602A8DBF7CAF834
S3150802D4B021460A4A02A8DBF7E6F83B46224610212D
S3150802D4C00120FEF761FA2BB0F0BD00BF58450408EB
S3150802D4D0414604085E4504082C1604087F460408DB
S3150802D4E00EB403B5054904AA05480192FFF7BBFF26
S3150802D4F002B05DF804EB03B0704700BF6745040845
S3150802D50050460408044890F85030DB0703D5012139
S3150802D5103830DCF768BC7047F03F0020064890F8C0
S3150802D5205930022B06D190F85B309B0702D458304B
S3150802D530EFF7C0BA704700BFF03F002010B4124C94
S3150802D5400246D4F834070021034613B95DF8044BA2
S3150802D55070479A4207D019465B69F6E74B6943B1A9
S3150802D5605B694B6105E00029F8D110B14369C4F83B
S3150802D5703437D37C00216FF3410304485DF8044B2A
S3150802D580D374EDF782BB00BFF02F002024370020AA
S3150802D590074BD3F8343723B91720B0FA80F040097D
S3150802D5A07047984201D05B69F5E70020F5E700BFAE
S3150802D5B0F02F002038B504460D46FFF7E9FFA0B163
S3150802D5C0A37C03F001038B420FD0224600210748B1
S3150802D5D0EDF75BFBA37C224665F30003A3740121E6
S3150802D5E0BDE838400148EDF750BB38BD2437002066
S3150802D5F0024608B5C37CDB0741BF0A4B03CB106062
S3150802D60051601046FFF7C4FF58B907480121D0F800
S3150802D610343700F234705361BDE808400260EDF712
S3150802D62034BB08BD38420020F02F0020054B9A6A09
S3150802D63002439A62DA6A024303F13000DA62DBF7DE
S3150802D640C1B800BFF01F002073B50D46044690F816
S3150802D650246091F915102230EEF7FDFC2B680021A3
S3150802D6601A7895F9153002F007020093AB7D204629
S3150802D670F3F7DCF90C4B06F0030693F85920022A55
S3150802D6800FD103F1800294420BD193F8A43003F030
S3150802D6900303B34205D04FF0004002B0BDE8704024
S3150802D6A0C4E702B070BD00BFF03F0020F7B50546DB
S3150802D6B001290CBF4FF480504FF400500C46174610
S3150802D6C0FFF7B4FFAE68AEB138460097EDF7D1F86A
S3150802D6D0BDF8042000F00F031B0222F47F5222F049
S3150802D6E03F0243F08003134321466846EA68ADF8D1
S3150802D6F00430B04703B0F0BD08490246D1F83807EE
S3150802D70003462BB91061C1F8382705480121CDE730
S3150802D7109A4201D01B69F4E7704700BFF02F002038
S3150802D7202437002010B40F4C0246D4F838070021DB
S3150802D730034613B95DF8044B70479A4207D0194657
S3150802D7401B69F6E70B6943B11B690B6105E0002902
S3150802D750F8D110B10369C4F83837002102485DF8D8
S3150802D760044BA3E7F02F002024370020024BDB6A84
S3150802D770184200D15AE77047F01F002008B510B1C9
S3150802D780182806D008BD4FF48030FFF74FFF002057
S3150802D790F8E74FF48030FFF7E9FFF8E710B51F4CBA
S3150802D7A094F8483EC3F38002824235D060F382037E
S3150802D7B084F8483E70B994F8483EC3F3C00394F817
S3150802D7C08E2E174863F3000284F88E2EBDE81040A9
S3150802D7D0DCF793BBB4F84A3E590609D504F6187025
S3150802D7E0DBF785F9B4F84A3E23F04003A4F84A3E2B
S3150802D7F094F8493E062B08D10A48DBF778F9002344
S3150802D800094884F8493EDAF7DDFF94F8482EC2F350
S3150802D81080035207CFD5D2E710BD00BFF02F0020F4
S3150802D820383E0020083F0020003F002008B508487F
S3150802D830DBF75DF9074B93F843206FF3870283F80A
S3150802D8404320B3F8502002F08002A3F8502008BD06
S3150802D85034400020F03F002010B50446FFF79EFF33
S3150802D86034B1FFF7E3FFBDE810400D48DBF73FB9D7
S3150802D8700C4890F85030D9070CD490F85B20120760
S3150802D88000D5FEE743F0010380F850300121383015
S3150802D890DCF7A9FABDE810400348EDF737BE00BF2A
S3150802D8A0C0440020F03F0020B84400200D4A0E4B29
S3150802D8B0506EA2F58051984228BF18464FF47A73E3
S3150802D8C091F8681E5843C90708D5926E5A43904282
S3150802D8D028BF1046834238BFC01A70474FF47A638E
S3150802D8E0F8E700BFF03F00209BC4200070B50B4C40
S3150802D8F0E36C04F14405AB420ED0FFF7D7FFE66BA3
S3150802D900864209D1D9F740FEE26BA0630146284652
S3150802D910BDE87040DBF772B870BD00BFF03F00206B
S3150802D92008B5054B01461880044B0022186811F009
S3150802D93011FA00B1FEE708BD146300205C19002045
S3150802D940F8B50E4E05463046DCF7F7FDFF280446C5
S3150802D95012D03768384606F082F808B9013CE4B2B4
S3150802D9600648DCF7DBFDB288631C0344934203DCFA
S3150802D97000203B5D2B70F8BD0620FCE7F01A00205C
S3150802D98010B508490446F2F7FDFF40B92046064994
S3150802D990F2F7F8FF0028044808BF002010BD014826
S3150802D9A0FCE700BF704000207C41002007B5037ADF
S3150802D9B0012B0DD1038800200122019068468DF8BB
S3150802D9C00020ADF80230FFF7DBFF03B05DF804FB79
S3150802D9D0022B18BF00204FF6FE73EDE71FB5002392
S3150802D9E048F2FE020B608DF80C3003880C4623F4CD
S3150802D9F07C53934202D0132004B010BD00F10801F3
S3150802DA0001A8DCF706FF022301A88DF80C30FFF700
S3150802DA10CDFF20600028EED0038C032B34BF1B20D9
S3150802DA200020E9E74FF4805370B506464B8001F1B2
S3150802DA300E000C461546FFF7B9FFB0B1144B93F822
S3150802DA40683EDB0709D594F8213043F0020384F8CF
S3150802DA5021304FF40053638007E090F8303099077D
S3150802DA60F7D45A07F5D41B07F3D47DB16B89B3FAF9
S3150802DA7083F35B0994F82120314663F3820284F822
S3150802DA8021202046BDE87040DCF70ABC0123F1E7F5
S3150802DA90F02F0020F8B51F46174B064610461A7A8D
S3150802DAA00D469307C2F3400411D5FFF77FFF0446DC
S3150802DAB068B1306805F0CDFF48B13046DCF7BFFDE6
S3150802DAC038B1002F0CBF04200F2025B9E577204670
S3150802DAD0F8BD0420F9E70E2DF9D1E37FA28B0133B5
S3150802DAE0DBB2C2F30802E377002AF0D19842EED8F5
S3150802DAF00248EFF7A9F8EAE7F03F0020484000207D
S3150802DB000B6A994200D0FEE70B796FF382030B7119
S3150802DB10036823B9C1E907330160416070470023EE
S3150802DB20CB6143680B62D961F7E72DE9F0410646F6
S3150802DB300F46144600210620174A86B0984605F075
S3150802DB401DFA0546D0B1D9F71FFD2246404400907A
S3150802DB5001AC02F1100C234610685168083203C35F
S3150802DB6062451C46F7D11822694628468DF8147074
S3150802DB70DAF7D2F828B12846D9F72AFE06B0BDE860
S3150802DB80F081009906F10800DAF7A8FF294630461F
S3150802DB90FFF7B6FFF2E700BF2C28040837B50D4C8D
S3150802DBA06846D4F8E01F05F0DCFD04F5805504F557
S3150802DBB07E64009909B903B030BD4B7920465B09EA
S3150802DBC002BF2B6A01332B62DAF7B8FA6846D9F72D
S3150802DBD0F9FDEEE7F02F00202DE9F047054688B05B
S3150802DBE095F870300DF110088946D0E900011746FC
S3150802DBF088E8030006AE002B3ED186E803003146CC
S3150802DC0002A8EEF79DFA10B9BDF80C30BBB9BDF8FB
S3150802DC101C30A3B1069B1B7803F0E003602B0ED1E0
S3150802DC20334605F120020DF1070105F1340006F02D
S3150802DC307FFA044628B1204608B0BDE8F0871724C3
S3150802DC40F9E795F83A30112B07D03A2B57D0062B1D
S3150802DC500FD1142205F15C014DE09DF8073005F15C
S3150802DC605C00002B45D0314606F0E6FB0446002848
S3150802DC70E1D1012385F87030B5F834A09AFA9AFAF8
S3150802DC80CAF3851A0AF038041F2C3AD8082C3AD057
S3150802DC90103C18BF012495F83A303A2B35D195F93C
S3150802DCA05C30002BA8BF0324002101233246084614
S3150802DCB0ADF818308DF8194005F060F9386000287B
S3150802DCC042D04B46424605F12001FDF77BFE04464B
S3150802DCD00028B0D1BDF8142004993868DAF71CF880
S3150802DCE004460028A7D1BDF814103868D9F717FEDC
S3150802DCF0A1E7082201463046D9F744FDB6E70822CD
S3150802DD00A8E70224C7E70024C5E7112BCCD144F6BD
S3150802DD104D43B5F85E209A4212D052BA92B205F134
S3150802DD204C0105F13C0006F001FC0028BCD0BAF112
S3150802DD300F0F07D0BAF1170F0CBF00240324B3E75D
S3150802DD400324B1E70124AFE7032474E72DE9F04F72
S3150802DD5098462A4B87B01B78054691460091002BB8
S3150802DD6046D0072846D8002A44D0B8F1000F41D039
S3150802DD70109BB3F5006F3DDCDFF898B003010BEB9F
S3150802DD80001701933B7B002B36D00024DFF888A0CE
S3150802DD9043010AEB40161022214630460193CDE98B
S3150802DDA00344059410F03FFA009BC6E901890293E1
S3150802DDB0109B13495A1E019BC2F30A025AF8030022
S3150802DDC01201014042F044720A434AF803200D4BFD
S3150802DDD02A014BF80230119B2846324602A9C7E9A6
S3150802DDE001347C73F5F714FE204607B0BDE8F08FC0
S3150802DDF00548FAE70548F8E70548F6E724590020F2
S3150802DE000F80EFF057430208028000F0018000F00D
S3150802DE10078000F078570020F85700202DE9F047D0
S3150802DE2006469CB020220C4603A8002110F0FBF9F6
S3150802DE301221304602AADBF766FB0546002840F0A7
S3150802DE408F808027BDF80A30002B00F089800123D5
S3150802DE5030460DF1070202A9D9F7D9FE00287ED16C
S3150802DE60012102A8DAF7FEF99DF807301CAA02EB8F
S3150802DE70D30010F8642C03F0070147FA01F11142A6
S3150802DE805FFA81FCDED142EA0C0200F8642C242BEC
S3150802DE90D8D801A252F823F02DDF02083BDF020888
S3150802DEA04BDF02087DDF020845DE020845DE02086E
S3150802DEB095DF0208DFDF0208EDDF02085DE00208EF
S3150802DEC045DE020845DE020845DE020845DE02088E
S3150802DED045DE020845DE020845DE0208EBE10208D5
S3150802DEE045DE020845DE020845DE020845DE02086E
S3150802DEF045DE020869DF020877DF0208BDE102088B
S3150802DF00CBE10208D3E10208E3E1020845DE020892
S3150802DF1045DE020845DE020845DE020845DE02083D
S3150802DF2001E10208DBE10208FBE1020808230021FD
S3150802DF30B84A2046DBF7FDFB0EE00121B64BB3F8E3
S3150802DF405C202046DBF737FC06E0B34B022120466D
S3150802DF5093F85B20DBF724FC00283FF473AF0546F1
S3150802DF6028461CB0BDE8F0870BA8FEF759FD082322
S3150802DF7017210BAADDE705221821E2E7A64B93F83B
S3150802DF805B2012073FF55EAF032120465A6EDBF788
S3150802DF901EFCE1E740F60603DFF87C82ADF82C307A
S3150802DFA098F83BA398F83A93D8F8780088F87DA0B1
S3150802DFB088F87E90D9F7B2FB98F87C30CDF82E0017
S3150802DFC08DF8323098F87F308DF833A08DF834907A
S3150802DFD08DF8353021460BA8DBF702FABCE78E4AE4
S3150802DFE0072192F83833D2F83423A2E70023DFF860
S3150802DFF04082D8F83427591C02BB9AB21201FE2A6B
S3150802E0004FEA03131DDC082220460BA98DF82C20A3
S3150802E0108DF82D30DBF78AFB0028A0D1D8F8348793
S3150802E020B8F1000F3FF40EAF102241462046D9F749
S3150802E03073FE002893D1D8F81480F1E70B4652698B
S3150802E040D9E74FF608725BBAADF82C2020460422AF
S3150802E0500BA9ADF82E30D9F75FFEDDE742F2094388
S3150802E060DFF8CC81ADF82C30D8F8840FD9F756FBF7
S3150802E070D8F8982FD8F8943FCDF82E001344D8F83C
S3150802E0809C2FD8F8A80F1344D8F8A02F1344D8F811
S3150802E090A42F13441844D9F741FBCDF83200D8F817
S3150802E0A05C0FD9F73BFBCDF83600D8F86C0FD9F7D9
S3150802E0B035FBCDF83A00D8F8700FD9F72FFBD8F808
S3150802E0C08C3FCDF83E00D8F8880F1844D8F8903F10
S3150802E0D01844D9F723FBCDF84200D8F8280FD9F708
S3150802E0E01DFBCDF84600D8F82C0FD9F717FBCDF84B
S3150802E0F04A00D8F8640FD9F711FBCDF84E0069E744
S3150802E100DFF8148198F8591008F15800EEF756F816
S3150802E110D8E9540144F22223ADF82C30B8F810316C
S3150802E1205BBAADF82E30B8F812315BBAADF83030BA
S3150802E130B8F814315BBAADF83230B8F816315BBAB2
S3150802E140ADF83430B8F818315BBAADF83630B8F8ED
S3150802E1501A315BBAADF83830B8F81C315BBAADF88B
S3150802E1603A30B8F81E315BBAADF83C30B8F85831D7
S3150802E1705BBAADF83E30F2F750FECDE91001D8E9A8
S3150802E1804A01F2F74AFECDE91201D8E94C01F2F743
S3150802E19044FECDE91401D8E94E01F2F73EFECDE977
S3150802E1A01601D8E95001F2F738FECDE91801D8E987
S3150802E1B05201F2F732FECDE91A010BE720221921A4
S3150802E1C0164B2046DBF7DCFAC6E620221A21144B48
S3150802E1D0F7E710221B21134BF3E760222321124B88
S3150802E1E0EFE740221C21114BEBE740F21113ADF881
S3150802E1F02C3000238DF82E30ECE6074B0122D3F89B
S3150802E20040140BA8DDF763FB24219DF832300BAAD4
S3150802E2108FE600BF763E0020F03F00203C3004081F
S3150802E2203D3004083E3004083F3004084120040803
S3150802E230F02F0020F7B5074612200E4605F05CF9C6
S3150802E2400546F8B1582330468DF80430DBF7BEF898
S3150802E25001A98DF805002846DBF768FA044658B97D
S3150802E26029463046DBF7BCF8044628B9394628461B
S3150802E270EFF776FB044610B12846D9F7A9FA2046E5
S3150802E28003B0F0BD0324FAE72DE9F3410646072059
S3150802E2900C4690461F4605F02FF90546002850D031
S3150802E2A0224643460D21DBF744FA0446002844D1A8
S3150802E2B057B357238DF800307B79002B3BD00533B3
S3150802E2C0DBB2694628468DF80130DBF72FFA044699
S3150802E2D098BB012128463A78DBF762FA044660BB06
S3150802E2E07B798BB10222284601A98DF804208DF884
S3150802E2F00530DBF71BFA0446F8B928467A79791C01
S3150802E300D9F70AFD0446C0B92846EEF7E5F80446E9
S3150802E31098B931462846EFF723FB044668B90A4BF3
S3150802E32093F85B301B0702D40820FEF797F82046BD
S3150802E33002B0BDE8F0810323C3E72846D9F748FAB5
S3150802E340F5E70324F3E700BFF03F00207FB5044654
S3150802E3502048DCF79BFA012C17D014F0FD0F0CBFEE
S3150802E36001250025ED01092005F0C6F8044670B31B
S3150802E370194E012196F85B20DBF712FA38B12046CE
S3150802E38004B0BDE87040D9F723BAC025EBE70823E5
S3150802E3900321204606F5C272DBF7CBF90028EED137
S3150802E3A02A460E212046DBF7FBF90028E7D105228B
S3150802E3B012212046DBF7FFF90028E0D16846ECF780
S3150802E3C043FA69462046EFF7CBFA0028D7D104B0BC
S3150802E3D070BD00BF74410020F03F002030B5CDB0BB
S3150802E3E00BA805F029F91F480BA9DCF72DFEB8B9C9
S3150802E3F001A90BA8DDF7B0F890B91B4901A8DDF70A
S3150802E4001DFD002811DD33210BA8DCF711FE34218E
S3150802E4100BA8DCF70DFE012214480BA9DDF74AFD0D
S3150802E4201048DCF7C3FE4DB030BD05210BA8DCF75A
S3150802E430A3FC0028F4D0821C03AD00F112032C467B
S3150802E44010685168083203C49A422546F7D108482B
S3150802E45007A9EFF73BFB03A907A8D8F7FBFF002894
S3150802E460D1D0DDE7603D0020443D0020343D002048
S3150802E470C83D002008B5817C11F0020FC1F34003A4
S3150802E4800FD011F001030CD048F2FE02038823F4E0
S3150802E4907C53934207D00549DDF76EF880F00103F5
S3150802E4A0DBB2184608BD0023FBE700BF384200204E
S3150802E4B02DE9F047D8B0054605A805F0AAF80023C5
S3150802E4C0A348EB80AB6028618DF8BD30E8F7EEF81B
S3150802E4D0002855D09F4C05A9B4F8DE390C225BBA40
S3150802E4E0ADF814304FF480732868ADF81830ADF8DB
S3150802E4F01E30D9F711FC0146002840F0EB80296846
S3150802E500D4F8480A4B89EB80EBF717FD0146002839
S3150802E51040F0E080904B30A9042228683093D9F75E
S3150802E520FBFB0146002840F0D58094F8563AD4F809
S3150802E530586A043B012B40F241823246D4F8F8C9A4
S3150802E540D4F8FCE9854FC4F8F009C4F8F409002A9E
S3150802E55040F0CC80002E40F0F6802B79002B40F05C
S3150802E5601A814FF47A79D4F8586ADFF8F081002EC6
S3150802E57000F01181F37D062B00F0F081F669F6E7CB
S3150802E5807E230B2030AA10A9ADF8C030FEF71BFE79
S3150802E590002840F0A380CDE930003290704930A8B7
S3150802E5A09DF8BD60F7F7FDFD05F1100808AC28BB1C
S3150802E5B026B306F1FF3910AB13F80930C4E9000097
S3150802E5C0A060002B60D104AF2046664A66490097D0
S3150802E5D010AB03F0EDFA00283BD1614930A8F7F7F2
S3150802E5E0E0FD28B9D4E9001230A803F0BCFCE8B172
S3150802E5F030A8F7F761FE2046F7F74FFE2023CDE94C
S3150802E6000143012347F21211584A009340464FF438
S3150802E6104053F2F7AFFDE7F7DBFE002854D10B2093
S3150802E620FEF7EAF90C287FF455AFFEE72046F7F71E
S3150802E63034FEDDE93030002B44D01B78023B032B35
S3150802E64028BF0020202260300DEB0201DFF7F4FA22
S3150802E650D4E710F59C5FD1D010F5845FCED110AB0C
S3150802E66013F8093083B92046414A4249009710AB4C
S3150802E67003F09EFA28B9D4E9001230A803F06CFD1B
S3150802E680B5E710F5845FB9D1324610A930A803F070
S3150802E69063FD0028CDD030A8F7F70EFE00233049D7
S3150802E6A030A8CDE930333293F7F77BFD30B93246DD
S3150802E6B010A930A803F057FC0028BAD030A8F7F7FB
S3150802E6C0FBFD9BE71846BDE72869E8F700F801460F
S3150802E6D00028A4D0084658B0BDE8F0872869E7F7AD
S3150802E6E0F6FF014600283FF4F5AEF3E7136A33F066
S3150802E6F0004014BF01466146536A1062D07DB94292
S3150802E70028BF3946002B08BF7346032803D00528BD
S3150802E71009D0012815D1D4F8F00910B1814200D0E8
S3150802E720FEE7C4F8F019BB4228BF3B468B4238BF06
S3150802E7300B46D4F8F41911B18B4200D0FEE7C4F89F
S3150802E740F439D26903E7F37D062B15D1F66901E799
S3150802E75007000200F02F0020000600019AC42000DC
S3150802E76090310408A1450408BE450408FF060006C0
S3150802E770DD450408F74504083046FCF7D5FD0028B0
S3150802E780E4D029463046FCF7A7FE01460028A1D167
S3150802E7902B79002BDAD0D4F8F029D4F8F839A54920
S3150802E7A0002A08BF1A46D4F8FC09D4F8F4398A4272
S3150802E7B028BF0A46002B08BF03468B4228BF0B46D2
S3150802E7C0C4F8F4399A4294BFC4F8F029C4F8F03967
S3150802E7D02846FCF743FE0746014600287FF47AAF2F
S3150802E7E04FF0FF233093D8F799FF30A931900646A8
S3150802E7F00A222868ADF8C870D9F78EFA01460028A9
S3150802E8007FF468AF6B8994F8557A01336B81002FD0
S3150802E81000F00981D4F83477A4F8E009002F40F013
S3150802E820DA80B4F8E0399BB929468348FCF72EFE0C
S3150802E830014600287FF44EAF804A92F87B3243F0B5
S3150802E840020382F87B32B4F8E0390133A4F8E039DE
S3150802E8502846FCF703FE014600287FF43BAF784BB7
S3150802E8600893FCF751FDD8F759FF764B09900A939E
S3150802E87040F6035308A90E222868ADF82C30D9F7BA
S3150802E8804BFA014600287FF425AF286904AA30A965
S3150802E89003F0CCFA07460DF1C1030DF1400C0DF257
S3150802E8A0011E624618685968083303C273459446BE
S3150802E8B0F7D13846E7F78CFD014600287FF40AAF00
S3150802E8C0402228680DEB0201D9F726FA01460028EC
S3150802E8D07FF400AF6B89286801339BB26B815BBA00
S3150802E8E0ADF81C3005AA0C23D9F7D4F92868EBF73A
S3150802E8F019FB014600287FF4EDAE534B119610938F
S3150802E900C6F30746514BD4F8F00966F07F063093F2
S3150802E9108DF84660D8F702FFD4F8F469319030468C
S3150802E920D8F7FCFE4FF44063329010A90A222868F1
S3150802E930ADF84830D9F7F0F9014600287FF4CAAE97
S3150802E94030A90C222868D9F7E7F9014600287FF48E
S3150802E950C1AE2846FDF7EAFA0146BBE63046FCF7A1
S3150802E960E3FC00283FF40AAE376AD4F8F83937F0E0
S3150802E970004708BF1F46D6F818A0D8F705FE474530
S3150802E98028BF474609FB07F7A0EB0A0010EB57001A
S3150802E9903FF5F4ADF37D2946022B18BF0223304614
S3150802E9A018BFF375FCF798FD014600283FF4E6AD5B
S3150802E9B090E6336A43F000433362F669002EF8D1D3
S3150802E9C094F8DD39C4F8F069DB0658BFD4F8FC6957
S3150802E9D0C4F8F469FCE63846FFF74CFD90B12946BF
S3150802E9E03846FCF753FD014600287FF473AEFB7CDC
S3150802E9F043F00203FB74B4F8E0390133A4F8E039B2
S3150802EA007F690BE7FB7C60F34103FB74F8E7D4F8F4
S3150802EA10500A294600EB0310FCF738FD0137014678
S3150802EA2000287FF457AE94F8542AFBB29A42EED8DD
S3150802EA300EE700BF9AC4200058420020F03F00208B
S3150802EA400019000100440201002904F80002000826
S3150802EA50F7B50D46114605F108066A461C46089F93
S3150802EA60EDF745FB31466846DCF786FD30B10020F6
S3150802EA70238843F03003238003B0F0BD3046EBF71A
S3150802EA80DBFD238848B143F020032380E989384611
S3150802EA9049BA89B2D8F768FEEEE743F010030822AE
S3150802EAA0314638462380D8F74CFEE5E7F7B50D46DA
S3150802EAB0114605F108066A461C46089FEDF717FB3C
S3150802EAC031466846DCF758FD30B10020238843F00A
S3150802EAD00303238003B0F0BD3046EBF7ADFD238870
S3150802EAE048B143F002032380E989384649BA89B214
S3150802EAF0D8F73AFEEEE743F00103082231463846D4
S3150802EB002380D8F71EFEE5E72DE9F04101460446C3
S3150802EB103348DCF731FD00285FD120686168304D43
S3150802EB20304F03C5D7F83447A5F51476A5F61C3534
S3150802EB3024BB2D4DD7F8384705F11408A5F66437D6
S3150802EB40A4BB06F51A7206F5127393E8030082E867
S3150802EB500300264A06F52C7482E8030006F5277296
S3150802EB6082E80300402284E8030086F89B2286F89E
S3150802EB70AF221020BDE8F041FEF758BDE37CDB0763
S3150802EB8012D5224600212846ECF77FF8E37C224676
S3150802EB906FF34103E37406F5127303CB20606160D9
S3150802EBA028460121ECF771F86469C1E7AC4201D045
S3150802EBB0444510D1224600213846FEF777FD06F570
S3150802EBC0127303CB40236060A160224601213846B6
S3150802EBD0E370FEF76BFD2469B2E7BDE8F08100BF7A
S3150802EBE038420020F02F0020884200207042002080
S3150802EBF02DE9F04385B00746DCF7EEFD054640B938
S3150802EC003C46464E06F63C6897F8FE303B449C4224
S3150802EC1003D3284605B0BDE8F08323780C2B1CD80D
S3150802EC20DFE803F00720272C1B3B1B401B1B1B1B83
S3150802EC304400B4F803903A4899FA99F95FFA89F9BF
S3150802EC404946DCF708F8054638B1D8F71BFD4A46A7
S3150802EC50034634493448FEF743FC2046DAF7B6FB46
S3150802EC600444D1E761882E4849BA89B2DBF730F9FC
S3150802EC70F3E72E48A11CDCF787FCEEE76378A21CB3
S3150802EC80102B28BF102302A9294802928DF80C30AE
S3150802EC90DCF76BFFFEF772FDDFE72648A11CEEF7ED
S3150802ECA030FFDAE7A01CFFF72FFFD6E72046DCF78E
S3150802ECB0E4FC029080B201289CBF0223ADF808301A
S3150802ECC0BDF80830B6F83C2E9A4206D05D22534368
S3150802ECD06422B3FBF2F3A6F8123E0422404602A9C6
S3150802ECE010F096FC88B94FF48010FEF73FFDB6F88F
S3150802ECF0102EB6F83C3E9A42AFD3D6F8DC1D022255
S3150802ED000C480131EDF77CF8A7E7029B4FF4801017
S3150802ED10C6F83C3EFEF78AFCE9E700BFF02F002062
S3150802ED20383E00206745040850460408983D0020EE
S3150802ED30A03D0020C83D002038B50B6804460D46A4
S3150802ED4073B1E8F77FFD2B68013B13F8010F40B159
S3150802ED506D38052804D8DFE800F00E0303050A1209
S3150802ED60072038BD227842F001022270EDE72278A8
S3150802ED7042F00202F9E7227842F00402F5E7227825
S3150802ED8042F00802F1E713682DE9F74F82460F466B
S3150802ED9015469BBB53688BBBD368003B18BF012340
S3150802EDA04FF0000B0193DAF8001097F800809AF8F2
S3150802EDB0042001EB08060A44B31C9A42C0F0838178
S3150802EDC07378023333449A42C0F07D8111F80830D1
S3150802EDD05B08012B14D0052B00F08480DAF800209A
S3150802EDE0904498F8013087F801B002339844A8EBAA
S3150802EDF0020887F8008087F802B0D4E70123CFE734
S3150802EE00019B002BEAD03046F1F75DFE0028E5D0DB
S3150802EE103046F1F768FE0028E0D07C78737804441F
S3150802EE2002333344A21C9342D8D394F801C00CF19E
S3150802EE30020222449342D1D332785208012A40F080
S3150802EE40EA802178490802295CD0032900F0B680B5
S3150802EE50002959D16B68002B56D04FF0030CBB78AA
S3150802EE605A1CBA706278B2FBFCF29A424CD9022258
S3150802EE70032010FB0327C5E9021129606D681822D1
S3150802EE8028460FF0D0F904EB070829463046EDF775
S3150802EE9023F998F802208D489309C35CC2F34011FE
S3150802EEA003F00303C2F3001243EA810343EA42135F
S3150802EEB02A7D22F0270213432B75227862F3C303B5
S3150802EEC02B75E35B824A5BBA6B82E35BB2F85C2022
S3150802EED05BBA9BB29A1A534253412A7D63F30412D0
S3150802EEE02A7567E0AB68002B3FF478AF3046F1F736
S3150802EEF000FE00283FF472AF3046F1F720FE0230DA
S3150802EF0030448AE72B683BB9637887F802B0023344
S3150802EF1023441B1A7B7080E7BB785A1CBA70627846
S3150802EF20B3EB920FF0D201EB83070021C5E9011179
S3150802EF30E9602D68182228460FF075F904EB0708D0
S3150802EF4029463046EDF7C8F8B8F802305F485BBA8A
S3150802EF50C3F38132825CC3F3403102F0030242EA10
S3150802EF608102C3F3003142EAC102C3F3C02142EA75
S3150802EF700112C3F3802142EA4112C3F3402142EA55
S3150802EF808112C3F3002142EAC1126A74C3F38012E2
S3150802EF90C3F3C0135B0043EA8203AA7C22F006028B
S3150802EFA01343AB74E35B5BBAAB822278AB7C62F346
S3150802EFB00003AB74002003B0BDE8F08FD5F80C90BF
S3150802EFC0B9F1000FA0D0BCF1010F9DD9B97800297B
S3150802EFD09AD1C5E90011A960A178019201F00F0141
S3150802EFE089F80010A07899F80110C0F3001060F3B0
S3150802EFF0000189F80110207860F3410189F80110AF
S3150802F000304609F10201EDF767F8E178019A89F8C5
S3150802F0101210BA70CEE7D5F80890B9F1000F3FF48E
S3150802F02073AF22785208062A7FF46EAFB9780029A0
S3150802F0307FF46AAFBCF1010F7FF666AFC5E900112E
S3150802F040E9604FF4017248460FF0EDF8B27896F986
S3150802F050021002F00F020029B4BFF578F57989F893
S3150802F060002096F90220B4BF06F1040806F1080842
S3150802F070002A25DBD6F80300D8F750FB2A46414674
S3150802F080C9F8040089F8085009F109000FF0EAFAEC
S3150802F090207899F80611627860F3000189F806115A
S3150802F0A06188023AD2B249BAA9F8001289F8072148
S3150802F0B0211D09F584700FF0D5FA0123BB7079E793
S3150802F0C04AF6AA70DAE7172075E700BF142604087D
S3150802F0D0F03F002000232DE9F04106460F46ADF524
S3150802F0E0067DDFF85880009305AD01A8E7F74CFFC7
S3150802F0F06946404601AA0395FFF745FE044608B14C
S3150802F100172415E04AF6AA7369682A7A9942ECD155
S3150802F11033799A42E9D130680DF11D0110F078FA77
S3150802F1200028E2D195F80631DB07DED52B783B704D
S3150802F13020460DF5067DBDE8F08100BF2443002078
S3150802F1401FB50C4B0146B3F858244FF6FE739A4284
S3150802F1500DD001230DF1070202A88DF8073002929D
S3150802F1608DF80C30FFF7B6FF05B05DF804FB1720E3
S3150802F170FAE700BFF03F002070B5064608460C467F
S3150802F180EDF704F830461B49DCF7F6F968B10023B7
S3150802F1906374A37C23F0030343F00303A374154BA0
S3150802F1A003CB40232060616023740025294630463C
S3150802F1B002F000F9054600B970BDF1F7F7FC002820
S3150802F1C0F4D0EA78237C9A42F0D9A37C214643F00C
S3150802F1D00203A3748378A27CC3F3001363F30002C9
S3150802F1E0A2748378284603F00F036374ECF774FF5E
S3150802F1F0DCE700BF3842002000232DE9F047DFF89C
S3150802F20088818EB05C4F0293404608AA02A9F5F798
S3150802F2109BFF064610B10EB0BDE8F0879DF8313067
S3150802F2201907F1D59DF832305A07EDD49DF83030DA
S3150802F230402BE9D1D7F8A8385BB905254F4C013DD3
S3150802F2400DD1D7F8344714BB05214C4B8DF807402E
S3150802F25033E04B4808A998470028EED0D4E7A37CA8
S3150802F2609B0704D5214608A8EBF78CFD08B920347C
S3150802F270E5E7E369002BC7D09DF831305D07C3D5B2
S3150802F280002301212046E361FEF794F9BCE72146F3
S3150802F29008A8EBF777FD0028B6D16469D3E79A7C0C
S3150802F2A090075BD5DA693AB1002C55D0E069121A93
S3150802F2B034EA220428BF1C4620330139EFD1002C38
S3150802F2C0A2D0A37C9A0702D52046FEF737F9002377
S3150802F2D0E3619DF831309DF83090DA09204614BF73
S3150802F2E0CA464FF0800AC3F38005EBF747FD0123B0
S3150802F2F06374A37C204623F0030245F002031343FA
S3150802F300A37484F810A008A9EBF7B0FA1D4BD3F83A
S3150802F310342393F838331344CDE90323012103A890
S3150802F320F1F74EFD0546D8B90DF107012046667676
S3150802F330FEF72EF800232046237603A9FFF71CFFC3
S3150802F3409DF81E309B0703D59DF81D3003B1237621
S3150802F3502046FEF74DF957E71C46ADE71C46B0E7CF
S3150802F360EB789945DAD14A4608A9281DD8F766F9ED
S3150802F3704845D3D3AE78D7E7F02F0020A838002027
S3150802F380F01F0020F03F002024430020FF232DE930
S3150802F390F04F074688461546A5B003932B683846AC
S3150802F3A005936B681AAA0793BB8902934FF4C04365
S3150802F3B00299ADF82A302823D8F753FB04460028C9
S3150802F3C040F02D831CA80BA9FFF7D6FE9DF83E3008
S3150802F3D0D80702D40BA8ECF7D9FE10A920A8FFF784
S3150802F3E0CBFE9DF85230D90702D410A8ECF7CEFE10
S3150802F3F0AB884FF4C04128460693D8F7B5F90646B6
S3150802F4000446002840F00B839DF83D209DF85130B4
S3150802F41052EA030133D19DF868A09DF869209DF848
S3150802F4206A909DF86B104FEA8A0A0AF03C0A930022
S3150802F4304AEA921A49EA010902F00F0252EA09094E
S3150802F44003F0C00330D0BAF1000F40F09E80BDF839
S3150802F4502A101A4341F40061ADF82A10284615A964
S3150802F4608DF85420D8F78CF98146002840F0D682C8
S3150802F470022228460DF16A01D8F763F980E04FF4B3
S3150802F480C14143EA0213ADF82A10284615A98DF898
S3150802F4905430D8F775F904460028BCD07B89029AFD
S3150802F4A0934280F0BE82FEE75AEA0303BDF82A2099
S3150802F4B05CD142F4C052ADF82A209DF86E30112B69
S3150802F4C003D0292B01D0002B7CD1039A012A79D0AB
S3150802F4D0BDF82A3043F48063ADF82A309DF86F30C0
S3150802F4E0402B79D0FF2B7CD0012B7FD1BDF82A3057
S3150802F4F043F48073ADF82A301CA8EBF7C9F8002844
S3150802F5007FD0BDF82A3043F04003ADF82A309DF883
S3150802F5108030FF2B40F09481BDF82A400DF181021C
S3150802F52044F00803ADF82A309146022312F8011F67
S3150802F530002900F0EC809DF881200DF1540A022A78
S3150802F54040F086800F2B40F083809DF88F3044F080
S3150802F5500B0451462846ADF82A408DF85430D8F7A0
S3150802F5600FF90446002800F0D68097E742F4805245
S3150802F570284615A9ADF82A208DF85430D8F700F98F
S3150802F5800446002899D04E4688E74AEA03032846E5
S3150802F59015A98DF85430D8F7F3F8044600287FF4F5
S3150802F5A07DAF9DF86930284603F00F0315A98DF83B
S3150802F5B05430D8F7E5F8814600283FF459AF264675
S3150802F5C004466BE7284615A98DF85430D8F7D8F8BB
S3150802F5D00446002882D061E7BDF82A3043F4007356
S3150802F5E088E7BDF82A3043F4407383E7284615A90D
S3150802F5F08DF85430D8F7C4F8044600283FF47CAF97
S3150802F6004CE748F2FE02BDF8703023F47C539BB2F5
S3150802F61093420CD1404600950DF12A030BAA1CA968
S3150802F620FFF716FA044600283FF471AF36E79DF84D
S3150802F6303E309A0706D5BDF82A3043F04003ADF8A6
S3150802F6402A30E7E7102228461CA9D8F77AF8E9E70C
S3150802F6500C2B18D944F00A0451462846ADF82A401C
S3150802F6608DF85420D8F78CF8044600287FF416AF94
S3150802F67003220DF18D012846D8F763F800284AD0EF
S3150802F680264604460AE70A2B11D944F009045146CC
S3150802F6902846ADF82A408DF85420D8F771F8044662
S3150802F6A000287FF4FBAE05220DF18B01E3E75046F5
S3150802F6B0ECF76CFDB94B93E8030040238AE8030094
S3150802F6C0ADF864309DF8663023F0030343F0030374
S3150802F6D08DF866309DF88330402B40F0CF800822A3
S3150802F6E0504621A90FF094FF002840F0C78044F045
S3150802F6F00C04022249462846ADF82A40D8F721F8D2
S3150802F700044600287FF4CAAE042223A9B3E70133CC
S3150802F710102B7FF40BAF012628213846D8F7FFF8BD
S3150802F7209DF86E90039B9E4280F01181B9F1110FEC
S3150802F73000F0C780B9F1290F00F05C81B9F1000F1A
S3150802F74040F00581BB89384604930499022309AA25
S3150802F750D8F787F90446002840F0A98002213846DE
S3150802F760D8F7DDF89DF82490B9F1110F00F08C80D6
S3150802F770B9F1290F00F08880E023284615A98DF8EB
S3150802F7805430D7F7FDFF0446002840F090804B46D8
S3150802F790284615A98DF85430D7F7F2FF04460028F3
S3150802F7A040F085809DF82530DB0003F1060BBBF19E
S3150802F7B0FF0F7BD8BA89ADF85420D24392B25A4584
S3150802F7C028BF5A46ADF85620BDF856A0BAF1000F22
S3150802F7D05CD15CB19DF82820012A07D80AA8EBF764
S3150802F7E020FA8246ABEB00031FFA83FBBA897989B2
S3150802F7F05A4452448A4260DC284615A98DF854B008
S3150802F800D7F7BEFF0446002851D1AA88E8880BEB31
S3150802F81002048442B98952D828685B4602443846AB
S3150802F820D8F71FF90446002841D1AA8838465A440F
S3150802F830AA800BEB0A010136D8F771F8F6B271E71E
S3150802F84048F2FE02BDF8803023F47C539BB2934201
S3150802F85009D100950DF12A0310AA20A908F10A0078
S3150802F860FFF724F97DE69DF852309B0706D5BDF8C9
S3150802F8702A3043F00403ADF82A30EAE71022284674
S3150802F88020A9D7F75EFF6CE6E12381E7394615AA78
S3150802F8900AA8EBF7CDF9044648B90AA8EBF7C1F965
S3150802F8A0014615A8D8F7DEFC01248DE701247B89D9
S3150802F8B0049A9342BFF4F2ADFEE70624F7E703245F
S3150802F8C0F5E7B7F80CB03846594615AAEAF78CFE9A
S3150802F8D00446002879D14FF2B001BDF854A0BDF80C
S3150802F8E056909AFA9AFA1FFA8AFA2AF00F0399FA9E
S3150802F8F099F98B421FFA89F99AB233D129F00F0383
S3150802F900934234D1F32328460AA98DF82830D7F72B
S3150802F91037FF0446002858D109F00F0949EA0A199F
S3150802F92028460AA98DF82890D7F72AFF0446002800
S3150802F9304BD1BDF85A10284649BA89B2D7F714FFEF
S3150802F9400446002841D108213846D7F7E8FF0024A3
S3150802F950BDF82A302A6806995BBA5352204625B062
S3150802F960BDE8F08F0AF47F43B3F5704F18D1F2233E
S3150802F97028460AA98DF82830D7F702FF044620BB85
S3150802F98028460AA98DF828A0D7F7FAFE0446E0B950
S3150802F99049462846D7F7E8FEC8E700BF384200209E
S3150802F9A009F47F43B3F5704F14D1F12328460AA907
S3150802F9B08DF82830D7F7E4FE044630B95146284672
S3150802F9C0D7F7D2FE04460028AAD07B895B45BFF446
S3150802F9D065ADFEE7F02328460AA98DF82830D7F741
S3150802F9E0CFFE04460028F0D10422284615A9D7F7E7
S3150802F9F0A8FE9BE7EE23284615A98DF85430D7F7BB
S3150802FA00BFFE044600287FF449AD2A4641463846D9
S3150802FA10FFF7BCFC0446002899D03FE504460026B9
S3150802FA203CE5029BBB81059B2B60079B6B60002E06
S3150802FA3094D00396B2E47F2300222DE9F04F864D37
S3150802FA4095B0D5F80C4FE376237FA28023F01F03E7
S3150802FA5043F00403237795F8483ED80740F1C1815D
S3150802FA6095F8493E013B062B08D8DFE813F0080053
S3150802FA7007006200FF0091000700C502FEE74FF685
S3150802FA80FF70FDF74DFF0BA8D5F80C4F03F00CFEDF
S3150802FA9001238DF842308DF8493007234FF6FF725D
S3150802FAA000268DF84C30032321460BA88DF83860C2
S3150802FAB0ADF83A20ADF846200B93DAF7F1FB002CA5
S3150802FAC000F08F81314695F8583EA371A3762046F9
S3150802FAD0DAF7F8FA0423237695F8603E6376237FED
S3150802FAE0D90600F1B482206803F0C3FF002800F0AB
S3150802FAF0AE82204606A9DAF77FFB9DF81830082B56
S3150802FB0000F0A582102B00F07982002B40F0A78224
S3150802FB10524BA360237FDA0709D42046D5F8381E4C
S3150802FB20DAF78AFBD5F8383E0133C5F8383E4C4930
S3150802FB3087E20BA803F0B8FDD5F8860ED5F88A1E1B
S3150802FB400CAB03C302238DF83830B5F8503E0026B5
S3150802FB50ADF84430012321460BA88DF848308DF8BC
S3150802FB6042600B96DAF79CFB2046DAF73CFD4FF02B
S3150802FB70FF3303700F2386704370C67095F8533EA1
S3150802FB80A371A37695F84C1E4B1C85F84C3E9EE74E
S3150802FB9095F8533E334FA371A3760423237695F83B
S3150802FBA0603E0BA8637603F07FFD97F8AA2107F15A
S3150802FBB0800602F00F0207F5C677072A08BF3E46F7
S3150802FBC03046DAF708F9002800F00B814FF6FE7383
S3150802FBD0B5F8822E9A4201D0BE4233D103CE022311
S3150802FBE0CDF83A00CDF83E10D5F8860ED5F88A1E1D
S3150802FBF00CAA8DF8423003C28DF83830B5F8503E5B
S3150802FC002046ADF84430ADF846300323ADF82C3023
S3150802FC10154B0022129304230BA98DF84C30FDF7DD
S3150802FC2001FF2046DAF70BFD18B10022D5F80C3F82
S3150802FC305A7695F84D1E20464B1C85F84D3EDAF746
S3150802FC4041FA4CE7B38BADF83020ADF83A300123D0
S3150802FC508DF84230D0E700BFF02F0020183E002072
S3150802FC60763E0020F03F00200101050895F8533E34
S3150802FC70C24FA371A3760423237695F8603E637672
S3150802FC803A7A910740F1AD80D5F8EC3F002B00F0A7
S3150802FC90A88042F008023A725A79520940F0A881BD
S3150802FCA09A7902F00F02012A08D1DA79102A00F0AD
S3150802FCB0908095F8682ED20700F1B7803B7A0BA898
S3150802FCC003F001030093BB88D5F8EC6FB7F806A0DA
S3150802FCD001934FF0000B03F0E7FC222200210BA848
S3150802FCE00EF0A1FA33799F0710D505238DF84A300D
S3150802FCF0B37903F00F03032B08D0012B03D1F37951
S3150802FD000F2B00F0978008238DF84B30B5F8503E3C
S3150802FD10ADF84430ADF8463040F20113ADF848303C
S3150802FD20B379C3F3030203F00F03012B09D1F37965
S3150802FD300F2B00F08180103B012B02D8738AADF895
S3150802FD4046304FF001090CAF05F57F6CBCE80F0091
S3150802FD50ADF82C900FC7DCF8003032463B600BA991
S3150802FD602046FDF75FFE2046DAF73DFC8046204630
S3150802FD70DAF743FC07462046DAF7D0FB3B189BB274
S3150802FD80C3F17F07CDF81080B6F80C80BFB2ADF884
S3150802FD9014B0ADF8167005F57F6CB8F1000F40F097
S3150802FDA0EF80C3F17B03ADF81630009B002B50D0D1
S3150802FDB0019B8DF82090ADF81830ADF822A08DF889
S3150802FDC02A90304604AA06A9FFF7E0FA00284BD083
S3150802FDD0FEE797F8E432012B0CD013F0FD0F7FF4FF
S3150802FDE06DAF00210B22D5F80C0F818015B0BDE846
S3150802FDF0F04FDBE197F8EC32A7F5D670A371A3763C
S3150802FE0097F8EC623146D9F7C5FF00283FF456AF9A
S3150802FE1095F8483EA7F5DC7043F0200385F8483E7E
S3150802FE2085F8536EDAF769F848E71A7942F002025A
S3150802FE301A7143E7102367E7337AA376A37195F815
S3150802FE40523EA3764FF6FF738DF84920ADF8463039
S3150802FE5077E70DF1180EBCE80F00AEE80F00DCF8E4
S3150802FE600030CEF80030ACE77389B6F80C90BDF8CE
S3150802FE701420A3EB0909B91A1FFA89F989B2894527
S3150802FE80ADF8167028D931798807C1F3400C04D425
S3150802FE90B07900F00F0001285CD0716900295FD0A3
S3150802FEA0C3F30A036FEA83436FEA9343B18A5BBAE1
S3150802FEB0ADF80C304BBAADF80E30131DBB425CD808
S3150802FEC0049F3946381D0EF052FB039B3B60BDF872
S3150802FED014300433ADF81430BDF81610BDF81420EA
S3150802FEE08B1A9BB24B453CBF23F007031FFA83F9D3
S3150802FEF009EB02038B4264D804994B460A443046FE
S3150802FF00B189D7F7AEFD00285BD1BDF8147020463B
S3150802FF104F44BFB2ADF81470DAF76FFB824620463B
S3150802FF20DAF7FCFAB3898244994473891FFA89F984
S3150802FF3057444B45A78009D92768384603F07EFD02
S3150802FF4040F0100080B23870000A78707389434511
S3150802FF5038D2FEE741F00201A6F80CC03171BCE6C0
S3150802FF60B5F8C41F11B90121A5F8C41FB5F8C41FF5
S3150802FF70481CA5F8C40F716192E7FEE7F03F00201E
S3150802FF807389B28AC3F30A036FEAC3436FEAD34398
S3150802FF905BBAADF8183053BAADF81A3005224FEAF3
S3150802FFA0D80306A904A88DF81C30D7F7CAFB00B1F6
S3150802FFB0FEE7B6F80A90B389A9EB03091FFA89F98D
S3150802FFC08AE7FEE7D5F8EC3FA6F80C80A5F8E89F85
S3150802FFD09A7902F00F02012A05D1DA790B2A02D19F
S3150802FFE01A79900704D4237F6FF34103237720E617
S3150802FFF05B89A5F8E83FF4E62283F2E64FF0FF3381
S315080300000B93174B2046A360D5F8AC1F0131C5F8EF
S31508030010AC1FDAF711F92046DAF7CFF8FF280646B8
S3150803002000D1FEE727680536385CDAF71EF90BA90F
S315080300300246B8190EF016FBFF212046DAF75DFAD9
S315080300400849237F1B0702D42046DAF705FB00235A
S3150803005085F84E3E15B0BDE8F04FFCF74DBFFEE7F9
S31508030060A43F00201C45040810B5FBF7E7F910B9AF
S31508030070BDE81040DFE4084CB4F8500EFDF750FC19
S315080300800020D4F8703E84F8490E13B1D4F8741ED0
S315080300909847BDE8104001E0F02F002010B53F4C0B
S315080300A094F8493E002B77D194F8483E13F00103A0
S315080300B007D1A4F84A3E04F61870BDE81040D8F7ED
S315080300C016BDB4F84A3E5A0603D5062384F8493EB4
S315080300D02EE0180608D5D7F757FAD4F8643EC01A9F
S315080300E0002801DB0723F1E7B4F84A3E990701D54F
S315080300F00123EBE75A0701D50223E7E7180701D5DA
S315080301000323E3E79906C3F3001202D482B1042357
S31508030110DCE72AB394F8483E9B0721D4B4F8483E53
S3150803012003F0FD0343F4806343F00203A4F8483E57
S3150803013094F8493EB3B101229A40B4F84A3E1848A6
S3150803014023EA0203A4F84A3ED8F7D1FC94F8493EB9
S31508030150072B21D8DFE803F0060B0E12121215122D
S315080301600523B3E70F48BDE81040D9F7C6BEBDE877
S31508030170104079E7BDE8104000F00FBDBDE8104018
S3150803018059E494F8531E084803F070FABDE8104082
S3150803019064210348D8F737BC10BD00BFF02F0020F1
S315080301A0083F0020383E00206C3E00202DE9F0472A
S315080301B004468CB000680F46154603F04AFCA3882C
S315080301C08046002B00F0DD80002603A920468DF823
S315080301D01460DAF767FB9DF81410BDF80C0003F0FA
S315080301E059FA70B1AF4A92F84E3E0133DBB282F840
S315080301F04E3E23B9FCF780FE0CB0BDE8F08782F8C3
S315080302004E6EB8F1000F00F0BC80002F00F0B980E5
S31508030210002D40F0B68003A8FDF7C8FB3E6881466B
S3150803022030468DF820508DF82C5003F022FC002818
S3150803023079D0304603F013FC002800F0A180384635
S31508030240DAF7B3F9002840F09B80384601A9D9F7B5
S31508030250C3FF9DF80430052B40F0928038460DF114
S315080302600701D9F7C9FF9DF80730082B40F08880A6
S315080302700DF105012046DAF72CF938460DF106018A
S31508030280DAF727F99DF806A09DF80530534577D187
S3150803029002A93846D9F7C0FF384606A9DAF72AFB72
S315080302A09DF82030002B60D006A8FDF77FFB9DF84C
S315080302B020300646022B61D0002861D00068716899
S315080302C006AB03C302238DF82030764A0AF1FF33BF
S315080302D0D2F8DC1DDBB201F07F0083428DF80630CD
S315080302E05ED0481E00F07F0083425CD0013101F0E6
S315080302F07F018B4244D102F6C462B37F03F00F0336
S31508030300072B03D17169029B994239D8384606A946
S31508030310DAF710FAA0BBB37F03F00F03072B02D15A
S31508030320029B01337361B9F1000F2AD03946484657
S31508030330FDF78AF93846DAF775F906463846DAF7DD
S31508030340FCF8FF2E05D0FF2803D0DFF86CC1B042B6
S315080303502CD2544B93F8483E590712D42046DAF761
S315080303606EF970B1FDF7C2FA0BE0204609A9DAF770
S3150803037099FA9DF82C301BB109A896E70028A4D151
S315080303800E25484E96F8493E013B062B2BD8DFE847
S3150803039013F02B002A003800DF0044002A007D01F1
S315080303A002F6B462A9E702F6A462A6E73B689A5B7B
S315080303B09919C2F3C7129B5D7AB90A7991F803E0D2
S315080303C0120442EA0E2291F802E042EA0E0262455C
S315080303D003D14A79002A00F0BF8103F07F03023371
S315080303E03344DEB2B3E7FEE7D6F8483FB6F85A1EFB
S315080303F02D480133C6F8483F0CB0BDE8F047D8F797
S3150803040002BBD6F8443F0133C6F8443F002386F8B7
S31508030410493E0CB0BDE8F04740E6A3881BB1B8F1E6
S31508030420000F00D1FEE76DB967B196F8483EDA07C3
S3150803043008D5386803F002FBC30603D506211B4813
S31508030440D9F79EFDD6F8403F0133C6F8403F00234F
S3150803045086F8493E164E8DF82C3096F85030DF074D
S31508030460D7D5A3884BB109A92046DAF71BFA012386
S315080304702946204609AAFDF70DFB0E4F96F8AA2131
S3150803048007F5867302F00F02072A18BF3B469B7FC0
S31508030490180713D1FDF7CAF9A7F12800ECF7D4FB1F
S315080304A0B7E700BFF02F0020083F0020383E0020A2
S315080304B0F03F0020704000209BB8EA0005F0FB03DC
S315080304C00B2B26D065BB96F8513096F850200F2B88
S315080304D0C2F380020AD8002A9BD0B6F8503023F418
S315080304E0706323F00403A6F850300DE0F03386F862
S315080304F05130DBB20F2BEED896F8433065F38703FA
S3150803050086F84330002AE8D101219048D9F76BFCD5
S315080305107FE796F8503043F0040386F85030F3E744
S3150803052096F8513020465D1C05F00F0565F3030365
S3150803053086F85130DAF783F800280CBF04230F2313
S315080305409D42CADA96F8503059073FF562AFE2E79B
S31508030550D6F83C3F0133C6F83C3F6DB1D6F8543F55
S315080305600133C6F8543F002386F8493E4FF44843FF
S31508030570EB40DA0702D4FEE786F8495E4FF0000936
S31508030580DFF8D0818DF82C9098F8083069F3C30307
S3150803059088F808309B0727D5A28852B109A92046AF
S315080305A0DAF780F909AA4B4629462046FDF772FA77
S315080305B00246D6F8EC1FA1B10B79D80700D4FEE79B
S315080305C03DB16FF3C3030B71D6F8EC3F5B89A6F80D
S315080305D0E83FD6F8EC0FB6F8E83F4189994228D99F
S315080305E083815B48D8F7EEF898F85030DA077FF539
S315080305F010AF98F89E301B073FF40BAFB8F8A0303E
S31508030600022B7FF606AF206803F033FA00283FF47F
S3150803061000AF237F9E0704D52046DAF710F8044671
S31508030620F0B9002D7FF4F5AE002F3FF4F2AE2C4659
S315080306301CE06AB10179138D11F0080F4FF6FF71AB
S3150803064018BF0021C3EBC31340330B44DB091385DF
S31508030650294600F0EFFED6F8EC0F02F0D1FBC0E70F
S3150803066015B102F0F9FCD4E6002FFAD098F8503009
S315080306706FF3C60388F85030386803F0DFF9C0060D
S31508030680EFD4FDF733F9002CEBD1C2E6D6F83C3F9D
S31508030690304F0133C6F83C3F002386F8493EFE6ACD
S315080306A03B63A6B10E2DFB6214D00F2D24D015B1D2
S315080306B00B2D21D0FEE796F8483065F3060386F836
S315080306C0483096F8463065F3040386F84630002327
S315080306D0FB629EE6206803F0CCF910B1237FD907A5
S315080306E014D596F848305A1C02F07F0262F30603C3
S315080306F0032A86F848300AD8A388002BE7D025684A
S31508030700284603F09BF9C20505D5FEE7FEE7002355
S3150803071086F84830F0E7AB78284686F8453003F084
S31508030720A8F90028D3D0237FDB07D0D509A920460B
S31508030730D9F772FD099B2046336406A9D9F7C9FE82
S315080307409DF8183086F84430C1E700BF28400020DA
S31508030750FC3F0020F03F002003F07F03043BDBB29D
S31508030760022B3FF6F6ADDFF88CC0DCF85C65002E8D
S315080307703FF4EFAD99F8300010F0020F8DF824001E
S3150803078004D073B38A798DF82C20012210F0040F54
S3150803079001F1060111D093420FD94FF0FF0A02F176
S315080307A0010E8A5C02EB821252007F3292B2B2FBCE
S315080307B0FAF28DF82D205FFA8EF2000711D59342CF
S315080307C00FD9895C82237F2213FB0123FF22B3FB04
S315080307D0F2F36FF07F02823B9342B8BF13468DF85C
S315080307E02E304946DCF86035B9F81C0009AAB0472B
S315080307F0AFE500BFF03F00202DE9F0431646054656
S3150803080085B0AB480F46D8F7D7FD0E2E07D00F2E67
S3150803081000F089801EB10B2E00F0B080FEE72B7F17
S31508030820C3F380045B0743D4002F40F09B80FCF797
S315080308302DF9A04BB3F87C3E9C0608D5286803F02F
S3150803084018F920B12C7F14F0010440F0BD80002272
S31508030850984B83F87F2E002E40F0A0804FF00008B7
S31508030860286803F0F6F800238DF80C30AB88814628
S31508030870904C002B00F06F81284601A9DAF712F88D
S3150803088001A8FDF793F8002800F01681B9F1000FC7
S3150803089040F0DE80002E40F01181D4F8243F013366
S315080308A0C4F8243FD4F8383F0133C4F8383F46E147
S315080308B0AA79804B93F8521E914207D093F8681E83
S315080308C0C9071ED593F8691E91421AD1B3F8B22FF8
S315080308D04FF6FF70B2F5007F3CBF0132A3F8B22F83
S315080308E0002C18BF0020B3F8B21FB3F8B0EF01F11C
S315080308F0FF3C4A080EFB0C220244B2FBF1F2A3F8B2
S31508030900B02F87BBFCF7C2F86A4BB3F87C3E9A064E
S3150803091006D5286803F0ADF810B12B7FD80753D452
S31508030920002C60D093E72B7FDFF8888113F0040F40
S31508030930C3F380040ED1B7B9FCF7A8F8B8F87C3E20
S31508030940980648D4D8F8943E1B7F5C0752D488F897
S315080309507F7E23E0D8F85C3FAA7901330024C8F8E0
S315080309605C3FA6E701242846D9F769FE0028C9D0C3
S31508030970E7F747FC4F4BC3F8F80EC3E7DFF83481B4
S31508030980B8F87C3E13F0200302D188F87F3E05E0D1
S31508030990286803F06EF888B988F87F0E454BB3F8D4
S315080309A07C2E52073FF55AAF93F8808E6B7E984597
S315080309B02CBF4FF000084FF0010851E72C7FC4F312
S315080309C0000314F00104E0D028460DF10201D9F71B
S315080309D013FC28B3FEE7286803F04BF80028B1D0C8
S315080309E02B7FDB07F0D4334BD3F8943E1B7F590791
S315080309F07FF52DAF2F4AB2F87C3E03F00C03002B8C
S31508030A007FF425AF92F87F3E297E99427FF61FAF82
S31508030A10013382F87F3E05B0BDE8F043FCF74CBAD4
S31508030A209DF80230082B7FF47BAF284601A9D9F736
S31508030A30F3FB00B1FEE728460DF10301D9F749FD9B
S31508030A4000B1FEE79DF803100198FCF7AFF867E7D6
S31508030A50B6B10E2E32D1C38CC3EBC31303F5803361
S31508030A603F33DB09C384B8F1000F2AD1D4F8243FF6
S31508030A700133C4F8243FB9F1000F3FF413AF0AE07A
S31508030A80C38CC3EBC3134033DB09C384D4F8243FB5
S31508030A900133C4F8243FD4F8303F0133C4F8303F58
S31508030AA0002E4CD1D4F8343F0133C4F8343F46E022
S31508030AB0CC3E0020F02F0020002ED7D0B8F1000F2F
S31508030AC027D0D4F8503F0133C4F8503F94F8803EFA
S31508030AD00E2E03F1010384F8803E2B7F43F00203B5
S31508030AE02B7798D194F87E3E94F8D90E062B1CBF23
S31508030AF0062384F87E3EFAF7CBFE94F8D93E0133F3
S31508030B00DBB2052B28BF052384F8D93E05B0BDE81B
S31508030B10F083D4F8243F0B2E03F10103C4F8243FD2
S31508030B202CD1D4F8603F0133C4F8603FB9F1000F04
S31508030B303FF4B8AED4F8303F0133C4F8303F9DF8DC
S31508030B400C10BDF8040002F0A5FD00B3D4F82C3F41
S31508030B500133C4F82C3FB8F1000FB7D194F87E3EA1
S31508030B603246022B18BF02233946284618BF84F893
S31508030B707E3E05B0BDE8F043FFF718BB0F2E7FF4A2
S31508030B807AAFD4F8643F0133C4F8643FCEE7D4F8A8
S31508030B90283F0133C4F8283FDDE72DE9F047FAF784
S31508030BA04DFC464C98B9B4F85A3E94F8581EDBB92E
S31508030BB004F67C6594F8581E284602F057FDFBF7A1
S31508030BC08BFFFBF7C1FFFAF739FC0028F2D00020A8
S31508030BD0D4F8703E84F8490E13B1D4F8741E9847B6
S31508030BE0BDE8F047FFF75ABA94F8483E5A0703D4C4
S31508030BF004F67C6002F03AFD94F87E3E94F8586E4B
S31508030C00B4F85A5E002BE2D0033B032BDFD9B4F8C2
S31508030C107C3E9B0739D5DFF8A890D9F80080B8F150
S31508030C20000F2ED11820FAF717FE4FF0800A868296
S31508030C3001264FF47A77C0F80080867180F804A0FD
S31508030C4080F80580C0F808806F430546E5F754FE2B
S31508030C50B7EBC00F4FEAC00328BFB7FBF3F6284626
S31508030C6085F810A0EE60E5F7CFFE50B9C9F8005035
S31508030C7094F87E3E052B02D0052384F87E3EBDE814
S31508030C80F0870F48E5F722FEF2E7304600F07AFCD4
S31508030C9000B1FEE794F87E3E052B1CBF052384F8B6
S31508030CA07E3E7F2384F88F3ED6F76EFC2844C4F82D
S31508030CB0900E0020BDE8F047FAF7DABDF02F0020C2
S31508030CC0B81B0020002010B5124AD2F8CC3FD2F840
S31508030CD0EC1F23B9642894BF0020012010BD1A799C
S31508030CE0D20713D58B4211D05A79520902F005045B
S31508030CF0012C0DD052B95A8901307F2A80B205D901
S31508030D0060247F3AB2FBF4F2104480B2DB69E0E771
S31508030D100130FAE7F02F002070B502230D46164678
S31508030D20D6F775FF044660B9737869880133B1EB62
S31508030D30C30F4FEAC30206D3022128466A80D7F7B0
S31508030D4091FA204670BD0624FBE70E4B93F89636B8
S31508030D50013B032B03D8DFE803F00409120F002035
S31508030D6070470078FF3818BF012070470078A0F154
S31508030D70FF035842584170470830E9F75DBC012024
S31508030D80704700BFF02F00202DE9F04192B00446CA
S31508030D9088461E46189F002B4FD0002F4DD0284952
S31508030DA0284B0FAD002A08BF0B46036000232946CC
S31508030DB0C0E9013303624046F6F7ADFE002839D190
S31508030DC020460F990FF0EFFD102120460FF0EBFD9B
S31508030DD069464046F6F778FF60BB69462046F6F74C
S31508030DE0AFFF404603A9F6F785FF18BB4FF0010886
S31508030DF0204603A9F6F7A4FF0F96134ECDF84080B5
S31508030E0006AB119695E8070083E8070019462046BE
S31508030E10F6F796FF0C9709ABCDF834800CAA0E9615
S31508030E2007CA83E80700204619460FF0E2FD204665
S31508030E300FF0AAFB12B0BDE8F0812120FAE700BF44
S31508030E400001000400010104100000202DE9F04709
S31508030E5094B00446DDE91D65DDE91F7892468946A7
S31508030E6029B96FF08604204614B0BDE8F087002A36
S31508030E70F7D0002EF5D00DB9002FF2D12388B3F59C
S31508030E80105F4DD1282200210DEB02000DF0CBF99E
S31508030E902022002102A80DF0C6F90AA80FF07CFD4E
S31508030EA000283AD120465246494602ABF6F7AEFB2E
S31508030EB004460028D7D1029B23F00802102A01D042
S31508030EC0202BCED1AE4221D206F110039D421DD26C
S31508030ED00F2FC6D93146102228460DF048FB2E4659
S31508030EE033460022009502A90AA8FFF74DFF0646D6
S31508030EF078B13A46002128460DF095F90023012ECC
S31508030F00C8F8003009D16FF08B04ACE70F2FE7D888
S31508030F10A7E71023C8F80030A5E76FF09204A2E705
S31508030F206FF085049FE773B50223154601AA0446A5
S31508030F30DCF70BFC18B9019B1BB96FF0630002B011
S31508030F4070BD226892F90020002AF6DB064622685D
S31508030F50117839B106B10193042BEED809D10B06E2
S31508030F60EBD406E00132013B4FF001062260EED1D5
S31508030F70019300232B60019B013BE0D322682E6873
S31508030F8012F8011B41EA062129602260F4E713F0EF
S31508030F907E0F2DE9F0470C4615460CBF4FF0010AA4
S31508030FA04FF0000A07465246294620461E46C3F313
S31508030FB04508DCF79BFC48BB04F10809524648463A
S31508030FC005F10801DCF792FC00BB08F1FF33D3F106
S31508030FD0000848EB03084246204605F11801DCF7EA
S31508030FE085FC98B94246484605F12001DCF77EFCA4
S31508030FF060B921463846F209DDF715FE30B904F122
S3150803100010000121BDE8F047DCF790BDBDE8F08785
S31508031010F0B513460E460122002185B0CDE902122A
S315080310200091021D0546022102A8DDF740F9044690
S3150803103048BB06F110021146284602ABDDF760FDF0
S31508031040044600BB06F108073A463946284602AB6A
S31508031050DDF756FD0446B0B902AB1A4619462846CB
S31508031060DDF74EFD044670B932463146284602ABD3
S31508031070DDF746FD044630B93A463946284602ABFB
S31508031080DDF73EFD044602A8DCF778FC034814F1B5
S315080310900E0F18BF204605B0F0BD00BF00B3FFFF13
S315080310A0F0B5064615461F460C469DB0002959D08D
S315080310B0002A57D02022002102A80DF0B4F82146B1
S315080310C02A46304602ABF6F7A1FA0446E0B90AAD5A
S315080310D002AE0FCE0FC596E80F0085E80F007B1CFE
S315080310E00E9340230C9A01A922F0807222F48042BF
S315080310F042F400520AA80D940F930C920194F6F742
S31508031100D5FC20B16FF0920420461DB0F0BD019DB9
S315080311100135412D019528D82822214612A80DF01C
S3150803112082F812A80FF038FC0028EBD10AAA02A904
S3150803113012A8F8F731FB012811D058B1482814BF73
S315080311406FF092046FF0850412A80FF025FC0028AF
S31508031150DAD0D7E704233B70229B1D60F4E76FF0D0
S315080311608B04F1E76FF08604CEE76FF08904CBE7CB
S31508031170F8B504464518073549420D40A5F1080652
S315080311803046DCF7F7F9A188301B628801EBE001EA
S3150803119089B2A2EBE00225F8041C25F8062CA288DE
S315080311A0C310A2B1A4EBC2025788D180D9195180C2
S315080311B0E2889AB1D31A9BB204EBC20425F8023C1F
S315080311C0A380084A9368034493603046F8BD15F82C
S315080311D0082C42F0020205F8082CE9E725F8022C48
S315080311E0EFE700BFFC580020036B826B2DE9F04143
S315080311F09A4288BF8363426C436A076892B002FBCC
S315080312000377C36B0E46052203A95B690446384672
S31508031210984703A8F0F73DF901280146307070D0C6
S31508031220656CE26B2368606AD2F814C005FB00306C
S31508031230052208A9E04708A8F0F72BF901284FF07B
S3150803124000053CD0D4E90A3201219342CDE90D4584
S315080312508DF83C5010958DF8441043D11946204615
S31508031260F0F75BF9236B626C14339B1AE062236312
S315080312700E9B1BBB9DF8443003B3636A626C2568F7
S31508031280D4F83C8002FB03550C350122D8F81430F8
S3150803129001A9284698474FF6FF72019B99B29142D6
S315080312A00CD11B0C1B0443F4254343F0A5030293FB
S315080312B001222846D8F8183002A998470E9DE36BF1
S315080312C005225B6903A93846984703A8F0F7E1F8AE
S315080312D030702846236BA26B9A4288BFA36312B069
S315080312E0BDE8F081237C33B91C490DAA04F1080033
S315080312F0F0F79EF8BCE72046194A0DABF0F7AEFAAD
S31508031300B6E7237C23BB2246164904F10800F0F707
S315080313108FF8616A2046F1F721FA616A421C204672
S31508031320F0F7D2FC054620B9236B626C1344143BD1
S3150803133023632046A16AF0F7F0F82368A062C01A6F
S31508031340636CB0FBF3F060622046F0F707FBB6E781
S3150803135000232046044AF0F781FADAE7392402081B
S31508031360F52402083BFB01088BFB010800F0F00398
S31508031370E02B19D100F00E000E2819D8DFE800F08B
S31508031380091808180E18101818181818181812001B
S315080313902B200870002070471120FAE72C20F8E765
S315080313A03C20F6E72920F4E700F0F800F028F3D00C
S315080313B00620704773B505460F48D0F83433C1B1D4
S315080313C04A780232114490F838231344CDE90013BE
S315080313D001216846EFF7F4FC044638B1E678284657
S315080313E03246211DD6F72AF98642F1D8204602B09D
S315080313F070BD1946E7E700BFF03F002001230C4AFA
S315080314008340516C10B50B43146D536402F14803C2
S315080314109C420CD1D6F731FF40F2E933B0FBF3F126
S3150803142001FB13012046BDE81040D7F7ECBA10BDFF
S31508031430F01F00200379DA071ED500226FF3000395
S315080314400371828119B1DBB262F3C3030371437972
S315080314505B090BD1037913F0080F084B15BF5A69BB
S31508031460DA690132013214BF5A61DA61436A1BB180
S3150803147000224262826A1847704700BFF03F002085
S3150803148003880BB98B8070478B681B688B6003B91D
S31508031490FEE704330B607C238B8003887C2B28BFF1
S315080314A07C238B800288D31A038070472DE9F04387
S315080314B0044690461F4685B00C9E1022B6F80C903B
S315080314C07589A5EB0905ADB2ADF80250DAF7C3FD88
S315080314D0102241462046DAF7BEFD2046290ADAF7E6
S315080314E0ABFD2046E9B2DAF7A7FD00212046DAF775
S315080314F0A3FD39462046DAF79FFD4946304601AB38
S315080315000DF10202D6F729FABDF8082012B905B07B
S31508031510BDE8F08320460199DAF79DFD01A90DF18F
S315080315200200FFF7ADFFEFE708B5E5F7CCF901468B
S3150803153020B920200EF07CF80EF0A6F8002008BD8E
S3150803154007B50D4B0DF1060118680DF069FA0B4B3B
S31508031550BDF8061093F90020094B7F2A0B4413F9AB
S315080315600B0C05D17F2808BF002003B05DF804FBE8
S315080315709042A8BF1046F8E75C190020901900208E
S315080315807C4B002038B50546E5F79DF9E0B9104BC5
S315080315901B6813B11B68012B16D0FFF7D1FF014651
S315080315A02846E5F771FA044660B92846E5F7B8F917
S315080315B0044658B9014620200EF03AF8054B9D71AA
S315080315C0054B9D71204638BD0D24FBE70124F9E739
S315080315D0B81B0020F01A0020C01A002038B5A02333
S315080315E00C4DEC685C4308B9E0F784FC2B69B3FB44
S315080315F0F4F204FB1233B0FBF4F204FB12002344A7
S31508031600181AB0FBF4F304FB1300A023B0FBF3F0A2
S3150803161080B238BD341B002038B50546D9F702F821
S3150803162004462846D8F789FFFF2C024601D0FF282F
S315080316300ED1002038BD2B68195B1819C1F3C711E1
S315080316401A29F7D01B5D03F07F0302331C44E4B267
S31508031650A242F0D2EDE74FF000639B6A03F17842AA
S31508031660B2F5C04F03D21968064A914203D0002344
S31508031670037083607047012202709A689B6942600F
S31508031680F7E700BF07B0CD5E2DE9F04FAFB00546CB
S3150803169024A88B4691461E460FF07EF9804628B14C
S315080316A06FF0920420462FB0BDE8F08F2B68102EFA
S315080316B028BF102613F47C1FC3F3054202D09642B3
S315080316C028BF1646594A23F47E13934240F0AB804B
S315080316D02822002124A80CF0A6FD0023CDE92033F7
S315080316E0CDE922336B6B05F1040A0F2B7CD8002353
S315080316F04F4A58461DA9CDE9242326932C93F6F77A
S315080317000AFA044600287CD11D9924A80FF04BF940
S315080317106F6B24A80F2F8ABF07F00F0139461031C4
S315080317200FF041F9584602A9F6F7CEFA04460028FF
S3150803173067D102A924A8F6F703FB584605A9F6F7C5
S31508031740D9FA044600285CD105A924A8F6F7F8FABD
S315080317500123384ACDF850A00DF1200C15931692A3
S3150803176014AA07CA8CE8070007F00F02143542F0DB
S31508031770005217950BAC1893199217AA07CA84E84F
S3150803178007001A951B9347F000531C931AAA0EAB2E
S315080317900F2F07CA83E8070043D90A9B614623F03C
S315080317A0005324A80A93F6F7CBFA214624A8F6F79A
S315080317B0C7FA012320AD1D951E931E4B1DAA1F9321
S315080317C011AB07CA83E80700194624A80FF011F9D5
S315080317D024A80EF0D9FE044698B932462946484647
S315080317E00CF040FFB04612E001225946CDF800A09E
S315080317F005F1240324A8FFF7C7FA044600283FF493
S3150803180076AF212C14BF6FF092046FF08604389BD1
S3150803181024A8C3F800800FF0BFF800283FF442AFAE
S315080318203EE71946C2E76FF088043BE70002C003A8
S3150803183000000404100000202DE9F04F9FB08A46EB
S31508031840984604460092002800F0B78014A80FF0C3
S31508031850A3F8009A20B16FF092001FB0BDE8F08F8D
S315080318602379271D013B042B1BD8DFE803F0030D5F
S31508031870222B37001426544904F1100307F1040CEC
S3150803188004F1300BB14609E020264FF01C094F49F5
S3150803189004F1100307F1040C04F1300B40254A4503
S315080318A026D2D422002138460CF0BDFC6FF08900FD
S315080318B0D3E72026464904F1100307F1040C04F183
S315080318C0300BDFE740264FF03009424904F118038D
S315080318D007F1040C04F1580B8025E0E740263E493E
S315080318E0B14604F1180307F1040C04F1580BF3E7A6
S315080318F00CF104020CEBD50E52F8040B002856D152
S315080319007245F9D1DCF80020013D1540CDE91410E4
S31508031910169029461C9014A8019300920FF043F8D9
S31508031920009A14A811460FF03EF8019B46F000569C
S315080319301193012345F00055129311AA139602AE8B
S3150803194007CA86E80700CDF838B00EAA0F93109594
S3150803195005AD07CA85E80700CDF82CA00C9349F016
S3150803196000530D930DF120090BAB93E8070089E8A3
S315080319700700314614A8F6F7E3F9294614A8F6F73B
S31508031980DFF9494614A80FF034F814A80EF0FCFD45
S315080319900546D422002138460CF045FC4DB9237878
S315080319A0032B0DD120232846C8F8003055E70F2509
S315080319B0EFE7212D7FF44FAF78E76FF086004CE70A
S315080319C06FF0880049E700BF00020303000303031F
S315080319D00004030300050303000603032DE9F04788
S315080319E017469846354A036805461A40B2F1607F9A
S315080319F00E46B4B04CD100225FFA83F949F0007958
S31508031A0009F17E430A3B012B03923BD900F1DC0C17
S31508031A10634604AC00F58E7E224618685968083377
S31508031A2003C273451446F7D18022002160460DF19F
S31508031A300C0A0CF0F8FB5346802214A9281DFFF75D
S31508031A40FBFE0446D0B9C023039A009304AB194698
S31508031A504846CDF804A04032F7F742FC044668B975
S31508031A606D8815F03F0508BF039DAF420DD32A467F
S31508031A70304604A90CF0F6FDC8F80050204634B0E9
S31508031A80BDE8F0876FF08804F8E76FF08904F5E797
S31508031A902022002104A80CF0C6FB294604A8F5F762
S31508031AA0E3FF04460028E9D13B4632462846CDF8EB
S31508031AB0008004A9FFF7E8FD0446DFE70000C07FBE
S31508031AC010F1860F12D010F1850F0ADA10F1930F71
S31508031AD00FD010F1870F0CBF6FF073004FF0FF3074
S31508031AE07047003818BF0120404270476FF07100F5
S31508031AF070476FF06F0070472DE9F0431E460023C9
S31508031B00DFF8A890A1B007930F4690464B464FF4CB
S31508031B10807207A9F5F778FC0446079814B1F5F718
S31508031B2045F90DE04568D0E908122D0A012D26D09E
S31508031B301D4B9D4223D04DB1F5F738F96FF0860456
S31508031B4000232046336021B0BDE8F0831023CDE996
S31508031B500047CDE90283049608ABFFF777F910F13E
S31508031B60860F044616D14C2229460DA80CF05BFBBA
S31508031B700EA8CDF83090DCF7C0FE0798CFE7102300
S31508031B80CDE90283002304960093019708ABFFF778
S31508031B905DF904460798F5F709F9002CD0D1002812
S31508031BA0D1D00446CCE700BF0200800000444004BD
S31508031BB02DE9F043064685B018460D4691469846E4
S31508031BC00CF0E4FD0746002862D0494640460CF06F
S31508031BD0DDFD044600285BD0874259D228460CF01F
S31508031BE0CDFD3B5C3D18202B08BF01352B780D2B0B
S31508031BF008BF01352B780A2B4AD148460CF0BEFD9F
S31508031C00235C2218202B08BF0132137801350D2BCC
S31508031C1008BF013213780A2B08BF0132A2EB080268
S31508031C200C9BA4EB0508B8F1150F1A6005DD1622FF
S31508031C3028461D490DF0ECFC60B3AC422CD90021B3
S31508031C402B460846CDF8008003AADBF7B5FD2C30F2
S31508031C5024D0039C24B321460120F2F7B3FC07469C
S31508031C6000B321462B46CDF8008003AADBF7A4FD73
S31508031C70044648B138460399F4F704FBA4F5885497
S31508031C80204605B0BDE8F083039B37607360F7E72A
S31508031C90064CF5E7064CF3E7064CF1E7064CEFE787
S31508031CA0064CEDE7064CEBE75F46040880EFFFFFBB
S31508031CB000ECFFFF00EFFFFFD4EEFFFF80EBFFFF13
S31508031CC080EEFFFF2DE9F84300F4E049B9F5804FAC
S31508031CD006460C4690461F4612D100F44F43B3F509
S31508031CE0824F02D1C3B2412B0AD0FB0705D57B0825
S31508031CF044B1E21DB3EBD20F05D06FF0860664E05C
S31508031D003B46F5E7DC0080210120F2F75BFC05463C
S31508031D10002800F08880DCF775FE06F44F43B3F518
S31508031D20824F07D1F6B2302E5DD006D8122E17D0C1
S31508031D30172E63D06FF086040AE0412EFAD1B4F564
S31508031D40807F58D8FE2C8CBF6FF085046FF086040D
S31508031D502846DDF7CAFA2846F2F735FB264634E065
S31508031D6040F209239C4259D03AD8B4F5807F4AD029
S31508031D702ED824F02003C02BDCD1E02C45D0C02C70
S31508031D804CD101212846DDF7BFFAF4F7A2FA064635
S31508031D90002846D1B9F5804F39D105F168093B4684
S31508031DA0424649462846DCF764FEF4F792FA0446A7
S31508031DB00028CDD149462846DCF759FFF4F789FAB6
S31508031DC004460028C4D1089B1D603046BDE8F88345
S31508031DD0B4F5C07F0CBF6FF085046FF08604B7E7D0
S31508031DE0B4F5047FF6E724F08003B3F5807F15D0B6
S31508031DF0B4F5007FEEE7B4F5E07FEBE7C02C0DD032
S31508031E00B4F5807FE6E70321BCE70221BAE73B4640
S31508031E10424629462878DDF7FFFACFE76FF08504AF
S31508031E2096E7044694E76FF08C06CEE700232DE980
S31508031E30F04385B013600F46904602A91A46F5F794
S31508031E40E3FA044640B9029D2B885A0408D4284667
S31508031E50F4F7ACFF6FF08604204605B0BDE8F083BF
S31508031E606A68D5E90896120A0BD0012AEFD13B46D0
S31508031E70324649462846CDF80080FFF711F904464D
S31508031E802DE003F4E043B3F5804F1CD1288800F412
S31508031E90E043B3F5804F20F4405244F2010337D1AF
S31508031EA09A4207D000F44F40B0F5824F02D0B0F5FE
S31508031EB0844F2FD1412E029C18D92046F4F776FF7A
S31508031EC06FF08904C8E73B46324649462846CDF8AB
S31508031ED00080FFF7E5F810F1860F0446D6D002987E
S31508031EE0F4F764FF002C08BF0446B5E732464946B3
S31508031EF038460CF0B7FB0021C6F14102B8190CF0BD
S31508031F0092F92046C8F80060F4F750FF0446A3E7A1
S31508031F109A4205D10298F4F749FF6FF085049BE7C7
S31508031F2000F44F43B3F5824FF4D10023039303AB75
S31508031F3069884A4600933346FFF7C4FE044618B138
S31508031F400298F4F733FF87E7039D43464122394650
S31508031F502846F4F73CFE04462846DDF7C6F9284624
S31508031F60F2F731FABBE72DE9F0430023044610469E
S31508031F70C5B0CDE92A332C9326913023014425AAEB
S31508031F8026A8DBF7E2FB10B1A0F574503CE0DDE9C7
S31508031F9025371F44394624AA26A8FEF7C4FF002876
S31508031FA0F2D1249B012B40F0C7800423394625AA86
S31508031FB026A8DBF7CAFB0028E6D1DDE92565AB19B8
S31508031FC09F4226932FD0A023394625AA26A8DBF7B6
S31508031FD0BCFB28BBDDE92523002A03EB020840F3F3
S31508031FE0AD801B78062B2A9340F0AA8041462BAA7C
S31508031FF026A8DBF7AAFB50B1B0F5745004D12146E5
S315080320002AA8F4F7F1F870B145B0BDE8F083269B2A
S315080320102B9A2C93134498452693F0D04948F3E713
S3150803202010F1620FB0D1902204F1100168460CF04A
S3150803203019FB94E80F00F4F7CBF8334601462A4612
S315080320400078DDF7E9F910B1B0F57450DCD1269BB9
S315080320509F423AD0A123394625AA26A8DBF775FB62
S3150803206078BBDDE925371F443946032325AA26A865
S31508032070DBF76BFB002887D1259911B96FF0670049
S3150803208082E74B1E2593269B1A78002AF6D15A1CFB
S315080320900B449F422692C1D1D4F80480BB1A08F197
S315080320A0680949464046DCF7E4FC28B949464046F0
S315080320B0DCF7DDFD0028A7D010F59D4F05D0224893
S315080320C0A2E710F1620F7FF45FAF676827A9387834
S315080320D0F4F791FE0446162200210DF1B6000CF022
S315080320E0A2F844F4E24401212DA8ADF8B440EFF771
S315080320F037F83246294628AB2DA8F6F705FB20B153
S3150803210045B0BDE8F043F3F7A5BC289D29AA2846A0
S3150803211033A9FFF78BFE04462846F5F73FFA0CB1B9
S315080321202046EDE70028EBD13846299B33AA07F169
S315080321306801DCF79EFC67E7044865E7044863E73C
S31508032140044861E79AC2FFFF00C3FFFF80C2FFFF8F
S31508032150A0C2FFFF9EC2FFFF2DE9F0438D188BB087
S31508032160064602913023294601AA02A8DBF7EDFAAF
S3150803217010B1A0F574544FE0DDE901371F446A46F0
S31508032180394602A8FEF7CFFE0028F2D1009B002BA2
S3150803219040F08F80CDE9043306933946302303AAEA
S315080321A002A8DBF7D2FA00283CD1029C3B1B002B82
S315080321B036DD237808AA0793039B02A81C44214605
S315080321C00623DBF7C2FA68BBDDF80880DDF8209042
S315080321D0CDF8248008EB09039C42029309D10C210C
S315080321E004A8F4F745F83B4C2068002851D13A4C2B
S315080321F012E018F8092001330492214605AA02A819
S315080322000293DBF771FA68B9029B059A069313449E
S315080322109C420293E7D0314C20460BB0BDE8F083CD
S315080322202F4CF9E7B0F56A54F6D1042339460DEB7A
S31508032230030202A8DBF789FA00289AD1019F002F27
S3150803224039D0A4F102085FFA88F8B8F1020FCED89C
S31508032250244B53F828100029C9D03046F3F7A1FFB9
S3150803226004460028D8D1B8F1020FC0D0314604A8D5
S31508032270F3F7BAFF044640B9DDF808803A46414603
S315080322803046FFF770FE044668B13046F4F714F893
S31508032290C2E76368994504D14A4641460DF0B8F941
S315080322A058B11434A0E7104BB844454518BF1C462B
S315080322B0B2E70E4CB0E70E4CAEE7247C012CB4D142
S315080322C0049B052B00D013B9059B002BADD0094CF5
S315080322D0A2E700BFD846040880C3FFFF1AC5FFFF5D
S315080322E020C5FFFFC43104089AC2FFFF80C2FFFF5F
S315080322F0A0C2FFFF80C5FFFF2DE9F84381460430DE
S315080323000D4617461E46DBF765FC04464846DCF7CA
S315080323104DFB01288146DDF8208029D1002105F1EE
S315080323201000DBF751FD48B9B8F1000F02D1114887
S31508032330BDE8F8833070C7F80090F9E70734E40876
S315080323406300013398453B60F1D3314604232246A3
S31508032350284601F8013BDBF76FFC0028E8D1611C2E
S315080323602246314405F10800BDE8F843DBF764BCAF
S315080323700148DDE700B1FFFF80B1FFFF2DE9F04F0C
S31508032380B7B0CDE90312114606469A46DCF70CFDAB
S315080323900446002840F09E8151463046DCF767FC28
S315080323A00446002840F096813046DCF7FFFA0128F8
S315080323B0834640F09881336C1821013302204FEA93
S315080323C05309F2F7FFF80546002800F08A8105F15C
S315080323D01808DCF7F4FA4046DCF7F1FA15AB0322E2
S315080323E01F46013A03F1080323F804BC23F8024CF9
S315080323F043F8084CF5D251462846DCF710FB044649
S3150803240098BB82464FF0180BD1451DD1414630463D
S31508032410DCF7C4FB044640BB43462A4641463046DE
S315080324200097DCF73EFE0446F8B941463046DCF72A
S31508032430B5FB0446C8B905F11000DBF79FFA05F1A9
S315080324402800DBF79BFA10E0BAFBF9F101238B406E
S3150803245009FB11A1DBB20BFB0352F9B13B4611464B
S315080324603046DCF718FD044638B34FF0000A07EB8D
S315080324700A000AF1080ADBF781FABAF1200FF6D146
S31508032480F4B1B36D9D422CD02846DCF7FBFE4046DB
S31508032490DCF7F8FE2846F1F796FF22E003F0FE0183
S315080324A001EB5301104605EBC1010592DCF7B7FAB8
S315080324B0059A04460028D1D0D7E70AF1010AA3E70B
S315080324C0012306F1340B21465846CDE90D430794FB
S315080324D00893DBF76FFB012811D0B36D9D4204D136
S315080324E0824C0398DCF7CEFEF4E02846DCF7CAFEF6
S315080324F04046DCF7C7FE2846F1F765FFF0E72146B5
S315080325000498DBF757FB0499824607A8DBF75FFABB
S31508032510044630B10DA8DBF731FA07A8DBF72EFA24
S31508032520AFE75946049A0DA8DBF784FC044600284E
S31508032530F0D1BAFA8AFA4FEA5A1A52460DA907A8E7
S31508032540DBF7D4F904460028E4D1014609F1010270
S3150803255038460BF068FEBB463B462746B945049307
S3150803256061D0394607A8DBF725FB049B09EB07016E
S315080325701C780137044307A8DBF71CFBE4B2049B6A
S3150803258044EA400403F8014BE8E79BF801009BF88B
S31508032590003080EA020C6FEA0C0101F0010113FB1B
S315080325A001F3104003EA0C0283EA0C030BF8013F1C
S315080325B01BF8013C024343EAC1130BF8013C0134FF
S315080325C0A742E2D20DF134094846DBF7D7F907A843
S315080325D0DBF7D4F907A8DCF7F2F903224B46012007
S315080325E00021013A03F1080323F8040C23F8021C1B
S315080325F043F8081CF5D207F1D8036B442A4630463C
S3150803260013F8843C0399FEF7C2FC044660BB409B5F
S31508032610002B63D01A4630460399FEF7F9FC0028C7
S315080326205CD0044620E000220124C9E7039A4B46FE
S3150803263011463046013FDCF72EFC0028F1D12A4625
S3150803264030461BF8073007A9FEF7A1FC0028E8D196
S31508032650039A30461146CDF8009007ABDCF721FD07
S315080326600028DED1002FE1D107A8DCF7FDFD0027FE
S315080326700DABD8190837DBF781F9202FF8D1002CD1
S315080326807FF4FFAE524630460399DCF7CCFA04468C
S3150803269000287FF4F6AE409B43B11A4630460399A9
S315080326A0FEF7B6FC044600287FF4EBAE30460399E2
S315080326B0DCF774FAB36D04469D4208D02846DCF766
S315080326C0E1FD4046DCF7DEFD2846F1F77CFE002CEB
S315080326D07FF407AF204637B0BDE8F08F0DF1540BF2
S315080326E0C0E7034CFDE6014CF4E700BF80B0FFFFEB
S315080326F080B2FFFF2DE9F04F9846436B05460F4618
S31508032700144691B0002B00F0B08001214046DBF758
S315080327105BFB0028C0F2AB8005F134063146404620
S31508032720DBF70AFB002880F2A2800AA8DCF747F940
S31508032730002201234FF00C09CDE90423CDE9062332
S31508032740CDE90823B9F1010900F08D804FF00C0A91
S3150803275005F11C0BBAF1010A00F08580DDE91C239B
S3150803276004A92846DCF740FB0146002869D1414BFA
S315080327700AA9009328465B4604AAFFF7FFFD01460C
S3150803278000285ED10AA932463846DBF7F9FB01462B
S31508032790002856D13846DBF717FB0028DAD006A9F6
S315080327A02846DDE91A23DCF7D5F80146002848D17F
S315080327B0034608A928462F4ADCF716FB01460028D4
S315080327C03FD1394642462046DBF755FB01460028EA
S315080327D037D106A908462246DBF70EFB014680BB1E
S315080327E006A9084608AADBF746FB014648BB04A91F
S315080327F0084608AADBF73FFB014610BB04A90846AF
S315080328003246DBF7BDFB0146D8B904A93246204652
S31508032810DBF7F8FD0146A0B92146204606AADBF7F1
S315080328202AFB014668B9214632462046DBF7A8FB50
S31508032830014630B903902046DBF7C6FA0399002808
S3150803284080D00AA80391DCF70FFD04A8DBF796F8F6
S3150803285006A8DBF793F808A8DBF790F80399084668
S3150803286011B0BDE8F08F0449EBE70449F7E70449DB
S31508032870F5E700BF3980020800B3FFFF80B0FFFF0A
S3150803288080B3FFFF38B50C46054601212046DBF722
S3150803289007FA28B921462846BDE83840DCF7E8BADE
S315080328A038BD0023F7B50679136004460F46436916
S315080328B026B1FF2E12D16FF0860532E0002BFAD12E
S315080328C0836823F47F4323F00303002BF3D14FF6E6
S315080328D0F87342889A4227D801A810E06FF040425D
S315080328E0013B9342E7D2806820F47F4020F003003F
S315080328F00028E0D14FF6F87362889A4214D839460D
S31508032900F4F714FA054660B90FCCD7F800C0674642
S315080329100FC794E8030087E8030016B9019BCCF8B0
S315080329201430284603B0F0BD6FF08505F9E72DE9A5
S31508032930FF47037906468846002B6AD0D0E90895EF
S31508032940B9F1000F7AD0002D78D0B5F5005F78D2AB
S3150803295005F1240739460120F1F734FE0446002819
S3150803296072D04FF0000A3A4AC0F808A0136D4946D8
S315080329700360536D243040F8203C73682A4640F8B8
S31508032980183C338820F8143C738820F8123CB36843
S3150803299040F8103CF36840F80C3C336940F8045C93
S315080329A040F8083C0BF05EFED6F8149051464846AC
S315080329B002AAF4F7EDFB8C3009D039462046F3F723
S315080329C061FC6FF08A05284604B0BDE8F0875146D6
S315080329D023463A464846CDF800A0F4F769FB014674
S315080329E028BB484602AAF4F7D3FB054620B9029B3F
S315080329F09F420AD06FF0980548460021F4F786FDF2
S31508032A0039462046F3F73EFCDDE739462046F3F719
S31508032A1039FC73690025C8F80030337E012B0BBFD8
S31508032A200223C8F8005033766FF09605CBE739468C
S31508032A302046F3F727FC6FF09805C4E76FF0860581
S31508032A40C1E76FF08D05BEE76FF08C05BBE700BFE6
S31508032A50D8460408F0B507460C461E4615468DB0FB
S31508032A6052B1002B31D0B3F1005F2ED3C2F100531C
S31508032A7003F500239E4228D81022002108A80BF04C
S31508032A80D2FB002207AB029305AB019306AB2146A3
S31508032A900093384608ABCDE90522F4F7D9F904467D
S31508032AA080B9059B32469D4228BF1D46129B07994E
S31508032AB01D600748069B0095EFF728F8002818BFFE
S31508032AC06FF0910420460DB0F0BD6FF08604F9E768
S31508032AD09819002030B5204DD5E9053452B38B42F9
S31508032AE00FD0E1B92B6973B92A6982B3002818BFD5
S31508032AF004462278D20714D5A28842B3A4EBC204AB
S31508032B00F7E72B698BB140B92B681A78D2070CD52E
S31508032B10DA884AB103EBC203F7E70346F5E78C42C3
S31508032B20E2D0C5E9053430BD13468C42DCD0002912
S31508032B30DAD0F6E78B4208D0834228BF03468C4295
S31508032B4007D0844238BF0446EBE70346F7E7144643
S31508032B50E7E70446E5E700BFFC58002000232DE914
S31508032B60F04789460B60002800F09280494F7B683E
S31508032B70984280F08D80073020F00705EFF3118A1D
S31508032B80302383F311887E69AEB133787288DB0705
S31508032B904FEAC20204D5F3886BB106EBC306F4E722
S31508032BA09542F8D816F0070303D045EA03018A428B
S31508032BB0F1D3EB1806D18AF31188BFF36F8F192067
S31508032BC0BDE8F08772883969C3EBC2020139272A3F
S31508032BD039614AD99D4205F1080841D00821304692
S31508032BE0FEF7C6FA0446A0444046DAF7C3FC6288F1
S31508032BF005F10F01A2EBD102A8F80220E288CB085F
S31508032C00A8F8043072B3D31A9BB204EBC202A8F82D
S31508032C1006309380B8F80430ED08E3800022314685
S31508032C2040466580FFF756FFBB680833BB602378C9
S31508032C3043F0010323703B6901333B616288BB6838
S31508032C4003EBC203FA68BB60934288BFFB608AF34F
S31508032C501188BFF36F8F08340020C9F80040AFE727
S31508032C603446C0E7A8F80620D4E79D420ED00821CB
S31508032C703046FEF77DFA04462378012243F0010322
S31508032C80314620462370FFF725FFD7E73446F3E797
S31508032C90212095E7FC5800202DE9F04F9A468BB082
S31508032CA09DF85030DFF854B10293DBF810308046B4
S31508032CB053450D461646C0F09B80D146DBF80430D3
S31508032CC00193B9F1000F00F08F80D8F83C30012248
S31508032CD05B6907A901989847079BDBF80010C3F3BC
S31508032CE0D312914240F0878013F07E0F1CD1D8F897
S31508032CF03C3002225B6908A90198984708A8EEF7B1
S31508032D00B9FB08270446019B029A3B44002A3CD197
S31508032D10A6420FD9361B144640460199EEF7FDFB2A
S31508032D20A9EB04090190CCE707A8EEF7A3FB042750
S31508032D300446E8E7A41B544528BF5446032C03EB73
S31508032D400607AAEB040A4FEA94021CD9D8F83C30C2
S31508032D50294638465B69984724F0030304F00306BB
S31508032D601F441D44002ED7D0D8F83C3001225B6996
S31508032D7008A9384698473246284608A935440BF029
S31508032D8071FC0026C8E72646ECE7274604F003024B
S31508032D90039223442A1904920593049BDD1B059B7E
S31508032DA0D81B039B9F420FD1002FB5D0D8F83C30D0
S31508032DB0012208A95B6998473A46284608A90CF0F0
S31508032DC027FC78B93D44A7E7D8F83C30012208A97F
S31508032DD05B6998470422284608A90CF019FC08B928
S31508032DE0043FDAE74FF0360948460BB0BDE8F08FE3
S31508032DF04FF06309F8E74FF06F09F5E784590020A8
S31508032E00037910B513F00103044611D1094AD2F820
S31508032E10EC1F88420146084804BFC2F8EC3FA2F8F3
S31508032E20E83FD5F7B7F92046BDE81040D4F7D0BC3C
S31508032E3010BD00BFF02F0020BC3F002070B504462C
S31508032E408AB0D4F7A1FB23790546DB07A6690FD514
S31508032E50A3896BB9617949090AD128236A462046A9
S31508032E60D4F7FFFD02A91648E9F797FC014610B106
S31508032E7000200AB070BDA81BB0F5FA7F9DF8013093
S31508032E80F6D313F0300FC3F3011202D0B0F57A7FED
S31508032E9008D302212046FEF7CDFA2046FFF7B0FFF6
S31508032EA00220E6E7032AE3D023F0300343F0300396
S31508032EB08DF801306A4628232046D4F7EBFED7E778
S31508032EC02437002070B517240B4DD5F8CC0F08B955
S31508032ED0204670BDD5F8EC3FC669984209D00379F8
S31508032EE0DA0706D5DB0604D4FFF7A8FF022808BFCE
S31508032EF000243046EBE700BFF02F0020F8B506465E
S31508032F001B4FFC6D14B323681A4AFB65B2F8603687
S31508032F10B2F8621601339BB28B42A2F8603638BF09
S31508032F200B46A2F86236002323601EE06B79C3F3CF
S31508032F304103B34219D228460321FEF77BFA2846F2
S31508032F40FFF75EFFDDE70028DBD00EE0FFF7BAFFE9
S31508032F501728F8D12346084A52F8045F002DE5D10D
S31508032F600133DBB2042BF7D12C462046F8BD00BF4C
S31508032F70F01F0020F02F0020BC3F0020F8B50646BE
S31508032F8050780F461546FFF7B9FF0446002838D090
S31508032F90802200210BF047F92878A388400040F4E3
S31508032FA0086040EA463023F0820320F4EF605B05AD
S31508032FB020F005005B0D1843E781A08024626A7838
S31508032FC0032A03D9236A9C420CD0FEE763790021BE
S31508032FD062F3420320466371D4F71CFC0028F1D13F
S31508032FE02046F8BD094901F58050CD6DB0F8602635
S31508032FF01C68013A1D6092B21D4624B9CB65A0F838
S3150803300060260024ECE72346F2E700BFF01F002002
S3150803301030300A4681B20020B0E708B1D4F7D8BBEE
S315080330207047012A38B504460D680DD000230B6096
S315080330300068854202D0FFF7F0FF25602368002B5E
S315080330400CBF0320002038BD28466989D4F7F5FF4D
S3150803305005462068A842EDE738B5204C94F8503069
S31508033060DA0736D5A4F5805595F8483E5B0730D47C
S3150803307094F8AA3104F1800203F00F0304F5C6702D
S31508033080072B18BF1046D6F7A6FE10B304F1440063
S31508033090D5F72DFD95F8482ED0071AD595F8493E4C
S315080330A0052B10D0B5F84A3E99060CD4C3F3001382
S315080330B083F0010363F341020521A4F5DC7085F867
S315080330C0482ED6F75DFFBDE8384000210448D6F7F9
S315080330D08ABEBDE83840FAF7A9BB00BFF03F002017
S315080330E02840002010B5A8B10B4B1A68904211D39B
S315080330F0D3E9024104FB012290420BD2EFF311827A
S31508033100302181F3118859680160586082F3118868
S31508033110BFF36F8F10BD00BFA81B0020002370B537
S315080331204FF47A720A250B60441E14F8010F00B98E
S3150803313070BDA0F13006F3B2092B11D8B2F57A7F28
S315080331400B6805D002FB0633B2FBF5F20B60ECE71E
S315080331506B430B602078303802FB00330B60E4E7DF
S315080331602E2804D1B2F57A7F01D16422DDE7072040
S31508033170DEE770B500244FF060412246204E052A4B
S3150803318028D8DFE802F038031D1F21230C23D1F8C2
S31508033190805EED0710D5D6F8FC5045F08075C6F865
S315080331A0FC50D1F8005E45F48075C1F8005E0D6ADF
S315080331B0002DF0D081F820300132112ADFD170BDFD
S315080331C0D123E4E78023E2E70023E0E7651C2346EF
S315080331D0ECB2DCE7A2F10E03012B0ED9102A07D1B4
S315080331E04FF06043D3F8803EDB07E8D55D23D2E78B
S315080331F0831F9B5CCBE75B23C9E75A23C7E700BF5B
S3150803320000ED00E08B4228BF0B462DE9F047054643
S315080332104FF0000EA1EB030A03F00707089CDB082F
S315080332204FEA431C02EB43139A4205F120050FD1DB
S31508033230604405464FEA870C03EB8707BB4240F019
S3150803324081806044BAF1010A80F08B80BDE8F0877B
S31508033250166855F8201CA4FB066816EB0E0648F1FB
S315080332600008761845F8206C566855F81C1CA4FB0C
S31508033270069E48F1000616EB09064EF1000E76186F
S3150803328045F81C6C96684EF1000EA4FB06961EEBD9
S31508033290090E46F1000855F8186C55F8141C1EEB70
S315080332A0060645F8186CD66802F12002A4FB069EAA
S315080332B048F1000616EB09064EF1000E761845F896
S315080332C0146C52F8106C4EF1000EA4FB06961EEB16
S315080332D0090E46F1000855F8106C55F80C1C1EEB40
S315080332E0060645F8106C52F80C6CA4FB069E48F1CA
S315080332F0000616EB09064EF1000E761845F80C6C17
S3150803330052F8086C4EF1000EA4FB06961EEB090E46
S3150803331046F1000855F8086C55F8041C1EEB06061A
S3150803332045F8086C52F8046CA4FB069E48F100069F
S3150803333016EB09064EF1000E76184EF1000E45F807
S31508033340046C71E753F8042B2968A4FB022612EBD5
S315080333500E0246F10006521846F1000E45F8042BF4
S315080333606CE7036813EB0E032CBF4FF0010E4FF007
S31508033370000E40F8043B65E7012303FA01F1302305
S315080333805843014B1950704740E003504FF0004231
S3150803339038B51D4B1D4C5A664AF6CD33656C236406
S315080333A005F00105C0B90120F0F7A6F96368D90746
S315080333B001D42DBB38BD0122154B5A60154B226B20
S315080333C0D207F6D4013BFAD1F3E70133216B080799
S315080333D005D59342F9D1ECE700230F4AF6E7934262
S315080333E0E7D020220A4B9A620122A3F580535A603A
S315080333F0084B064A916A8906DBD4013BFAD1D8E71A
S31508033400024B064A1A64D5E700900050008009501B
S3150803341000A0095041420F0040420F003254FFFFFB
S3150803342073B5002504468DF8075020466169EDF704
S31508033430C5FF266B864209D2236AB5EB430F05D22D
S3150803344020460DF10701FDF7CFFE50B19DF8073071
S31508033450012B04D120460DF10701FDF7C5FE02B085
S3150803346070BD0135E1E70B4B1B788BB107280FD8E5
S31508033470EFF31182302383F31188074B03EB001014
S31508033480037B0BB10023037382F31188BFF36F8F9A
S31508033490704700BF245900207857002010B5EFF372
S315080334A01184302282F311880378534303F1A0432E
S315080334B003F570335B6C4278D34003F001030B705A
S315080334C084F31188BFF36F8F10BD436803B11847A0
S315080334D0704708B1D4F70CBF7047C0F3C00200F0B9
S315080334E00203134380000A7800F00400034322F022
S315080334F0070213430B7070474FF4407330B587B018
S31508033500054602A90820ADF80830FFF781FD0446F1
S3150803351048B3A5F11003012B4FF0FF3388BF0023EF
S3150803352001228DF807308379C57162F3030383712A
S315080335300DF10701D4F7E6FC90B99DF8073043B9B6
S3150803354015230A22204603A98DF80C30D4F7E4FB89
S3150803355030B9204603A98DF80C50D4F7D3FC18B11B
S315080335602046D4F735F90024204607B030BD023883
S3150803357002288CBF00200120704738B5194C054630
S3150803358094F85900FFF7F3FF50B394F85820002333
S31508033590C2F34002013228461349D2B2FAF774FE3F
S315080335A094F85930022B17D194F85B301B0713D4C0
S315080335B094F815324FF47A71FF2B1CBF013384F844
S315080335C015320123094884F81432F9F747F9BDE897
S315080335D038400748E9F72EB80023A4F81432F6E76B
S315080335E038BD00BFF03F00203047040804420020DE
S315080335F0FC41002028B1807F00F00F00C31F58420A
S315080336005841704710B90520F9F7B0B90520FDF7F9
S31508033610F5BE10B50446E6F745FCA37823F0780310
S3150803362043F02803A37010BD002814BF4FF00050C1
S315080336304FF08050F9F7FABF0021FE2280F8FE10FA
S31508033640C0F800110AF0EFBD00B5C3B001A8FFF733
S31508033650F3FF054801A9D7F7F7FC10B901A8FBF74B
S31508033660C7FA43B05DF804FB603D002010B5044675
S315080336700846FDF787FF20B9A378022B1CBF022350
S31508033680A37010BD10B50446E3F77EFC4FF0004364
S31508033690236010BD012905D14FF6FF73C31A58429B
S315080336A05841704700207047222200210AF0BBBD0B
S315080336B0006808B520B1F4F7FBF8E2F789FE00B114
S315080336C0FEE708BD30B5E024B9B000F10805224687
S315080336D005608480002168460AF0A5FD22466946EE
S315080336E028460AF0BFFF39B030BD03680BB119602D
S315080336F07047FEE710B50446D3F746FF206000F18E
S3150803370000400138606010BD10B414461A462346BB
S315080337105DF8044BD4F758B907B50222ADF806107D
S315080337200DF10601D4F70DF803B05DF804FB10B5E7
S315080337300A7A0446012A02D0022A04D010BD09884F
S31508033740BDE81040E8E78388E28803F10800904261
S31508033750F4D820681844D7F79CF8A3880833A380BD
S31508033760ECE7016001B1C9694160704770B5124B56
S3150803377092B00546D3F8141802A8FFF7F2FF0F4EC6
S31508033780029C0CB912B070BD214604A8D4F774F98B
S315080337900D9BB3420BD10E9BAB4208D10B220023E0
S315080337A02146CDE90032064804AAD5F7D0F902A87E
S315080337B0D4F708F8E4E700BFF02F0020F9C801089A
S315080337C0003800202DE9F84302F1310727F00107F5
S315080337D099467B788046013B032B0E46154628D827
S315080337E01748F8F71EFF044618B32846D3F7D9FE39
S315080337F0014630B101281ED02046BDE8F843D3F769
S31508033800E7BF324602212046D4F744F87A8804F102
S31508033810310323F001035A8029462046D4F774F866
S315080338200028E9D14A4621464046D5F701FB002838
S31508033830E2D1BDE8F88332462046D4F72BF8EBE706
S315080338402C28040870B504460D46D3F7B1FE30B1EB
S315080338502B462246BDE8704044210148B2E770BDB5
S31508033860003800202DE9F0410646104688461446DE
S315080338701F46D3F79DFEF8B11048F8F7D2FE054662
S31508033880D0B131344146002224F00104D4F702F8BA
S31508033890628805F1310323F0010328465A80D4F7D9
S315080338A01DFA3A4629463046D3F789FE20B12846FB
S315080338B0BDE8F041D3F78CBFBDE8F0812C28040896
S315080338C013B50C4601A9EDF702FC20B9019B003B91
S315080338D018BF0123237002B010BD38B505460C4640
S315080338E041B900689047044902462846D3F790F938
S315080338F0204638BD0720FCE72C160408082307B51D
S315080339000A460190ADF802300DF10201002301A821
S31508033910EDF778FB03B05DF804FB38B505460C46AE
S3150803392041B900689047044902462846D3F770F917
S31508033930204638BD0720FCE7780B040803460846EB
S3150803394019460BB1E7F7ADB80720704713B50C4610
S3150803395001A9EDF72DFB30B9019B03F18002FF2A7C
S315080339608CBF0720237002B010BD13B50C466946F9
S31508033970EDF7CAFA40B9009B019AB3F5803F72F195
S3150803398000022CBF0720238002B010BD13B50C46D6
S315080339906946EDF7B9FA40B9009B019AB3F5807FFA
S315080339A072F100022CBF0720237002B010BD2DE967
S315080339B0F04104460F46144D144E2B88B6F800C042
S315080339C0C3F580639BB2BB4228BF3B46DFF840E0A2
S315080339D0E01884420AD1FB1A9FB2E5F787F98FB13B
S315080339E0E5F7C6F970B9E5F7ADF9E6E72A8814F8F5
S315080339F0018B0CEB0201C1F3090101320EF80180B8
S31508033A002A80E6E7BDE8F081BE1B0020C01B002024
S31508033A10EC1B00204FF0FF3070474FF0FF30704724
S31508033A20014B186802F080BE5C190020024B012284
S31508033A30002118680AF029BF5C190020008870471E
S31508033A4008B5FFF7FBFF10F4807F0CBF03200220A5
S31508033A5008BD08B5FFF7F2FFC0F3401008BD08B567
S31508033A60FFF7ECFF00F44050A0F5005358425841C5
S31508033A7008BD08B5FFF7E2FFC0F3C00008BDF3F7BA
S31508033A808DBD10B503790446C3F340019B0790B077
S31508033A9002D5002010B010BD3C2201A80AF0C3FBD2
S31508033AA0214601A8E7F7A0F818BB9DF80A30112BA1
S31508033AB00AD03A2B1FD0062B0CD1142328212046D3
S31508033AC00BAAD3F7CEFF04E0282120460BAAE6F774
S31508033AD08BFD70B907A8E6F7F7FE50B11B4B93F8B1
S31508033AE05930002BD5D09DF80A30062B20D0112B40
S31508033AF007D00220CEE7282120460BAAE6F774FD55
S31508033B00E7E744F64D41BDF82E2053BA8A429BB2E5
S31508033B10BFD00F4A02F5805191F8D61D01F6E96127
S31508033B2002EB41020B498A42084606D1002008E007
S31508033B30BDF82E305BBA9BB2EBE7048802319C4290
S31508033B40F1D1B0FA80F040094000A3E7F03F002026
S31508033B50F01F0020C23D002070B50C4600268B7965
S31508033B6086B005462A4904F108008DF804308DF815
S31508033B700560D3F76FFC50B340F26D238DF80A60E6
S31508033B80ADF80830234A02A892F83037591C8DF845
S31508033B900B3082F83017E7F744F8831C13F0070352
S31508033BA023D102A8E7F73DF802A902462846D4F727
S31508033BB00DFA50BB0222284601A9D4F707FA20BBFF
S31508033BC0A388A0715BBA08335BBAA3801DE040F2F1
S31508033BD06D43ADF8083040238DF80A300E4BB3F821
S31508033BE05C305BBAADF80C30CCE7C3F10803D9B245
S31508033BF004A8E7F73FF804A8E7F713F804A9024669
S31508033C002846D4F7E3F90028CBD006B070BD00BF29
S31508033C1070420020F02F0020F03F002038B50446FC
S31508033C20EFF774F9A04228D00BF054FE012C054691
S31508033C3002D12146EFF7DCFAEFF3108072B64FF0A4
S31508033C4000710E4A0E4B51664FF48062611E8A401C
S31508033C501A675A6E910103D4D3F88420920609D5BC
S31508033C600CF078FE022C08D12846BDE8384000211E
S31508033C70EFF7BEBAD3F88420EBE738BD00600050EF
S31508033C800040005008B508B90BF024FE054B1B7815
S31508033C9033B1054B984203D80120BDE80840BDE778
S31508033CA00220FAE710470020005A62022DE9F04F76
S31508033CB0066804469BB03046FFF7DBFE002800F093
S31508033CC0B981204607A9D6F797FA0546002840F092
S31508033CD0B1819DF81C70082F40F0AC81237FDA066A
S31508033CE000F1A88196F8008008F00708B8F1020FDA
S31508033CF019D18DF81C0007A92046D6F7EAFB9DF8CB
S31508033D001C10002900F0A081BD4B5B785A1E914216
S31508033D100CD08B4209D00133994200F0088138460A
S31508033D201BB0BDE8F08FB64B5978012510230C223A
S31508033D3013FB0523B24D2B44A360237FDB0710D463
S31508033D403378204603F00703022B02BF6B682970FA
S31508033D50AB60D6F7D2FB696820464B1C6B60D6F777
S31508033D606BFA002320680293FFF783FE002800F00E
S31508033D70618120460DF10701D6F72EFA002840F097
S31508033D805981204602A9D6F747FA002840F05281FE
S31508033D909C4A03AB106851689DF8075003C3029801
S31508033DA01946D3F712FC20468DF81850D6F7B6FBFA
S31508033DB0A368861E5FFA86F816F00106139340F089
S31508033DC0B8800638C0B20C2800F2B3802046D6F76E
S31508033DD01CFC3546074603466A1C002B40F0AA809E
S31508033DE0EDB2022D38BF02252046022DC5F10F0973
S31508033DF018BF5FFA89F9D6F700FC021E18BF01221D
S31508033E00013DA8F10203EDB25B1045EAC30343EA99
S31508033E10821303A94A4683460DF11D008DF81C300B
S31508033E200AF020FC0BAA39460F2392469945C0F09F
S31508033E30848007AA114613980CF000FDBBF1000F06
S31508033E4006D002269DF81D308BEA03038DF81D3034
S31508033E504A4603A90DF12D008DF82C500AF002FCF1
S31508033E6007AB09F11100C9F10F02002118440AF042
S31508033E70DAF910238DF864904FF000092046CDE94E
S31508033E801597CDF850B0CDF85C90ADF86060ADF8F5
S31508033E9062308DF86580D6F7B0FB8345054652D365
S31508033EA026688719B7424FD1159B1D44149B159550
S31508033EB09D420AD1BDF8603023B107AA114613986B
S31508033EC00CF0BCFC0023ADF860302046D6F79DFB0A
S31508033ED0179B169A0344934205464FD82046D6F7AE
S31508033EE082FB002680462F18474548D1179B1D4459
S31508033EF0169B17959D4215D3BDF8603023B107AAC3
S31508033F00114613980CF09AFC9DF864200E2A09D8DA
S31508033F1002F1110007AB0021C2F10F0253FA80F038
S31508033F200AF081F9DDE916329A426DD0FEE7454675
S31508033F30FCE6FEE715461B0A4EE7013B02F8011DA0
S31508033F40DBB2090A72E7FEE7BDF86030102B06D12B
S31508033F5007AA114613980CF071FCADF86090BDF8EA
S31508033F6060305A1C6833ADF860206B4416F8012B91
S31508033F7013F84C1C4A4003F84C2C93E7FEE7BDF8AC
S31508033F806230102B12D10FA90F200A469DF864C080
S31508033F90604505DD11F8013D0133DBB20B706BB3E8
S31508033FA0514613980CF04AFCADF86260BDF86230CE
S31508033FB098F800905A1C6833ADF862206B4413F8DE
S31508033FC02C3C89EA030308F8013BBDF86030102B43
S31508033FD006D107AA114613980CF030FCADF86060B9
S31508033FE0BDF860305A1C6833ADF860206B4413F88B
S31508033FF04C2C89EA020903F84C9C75E70138C7E794
S3150803400048560020405600202046D6F787FAA68849
S315080340100FAA361A5146139825680CF00FFC00228E
S3150803402007ABA8199DF865108A4205DB237F43F081
S3150803403010032377002772E613F8011B0132DD7F8D
S31508034040694000F8011BEDE7012768E608B5C36870
S3150803405000209847024B1868BDE808400CF07ABC64
S3150803406028590020F0B40C4D049E2D788DB10728ED
S315080340700FDC0A4D070105EB001494F80CC0BCF1DC
S31508034080000F06D0EB5100236660A360F0BCEFF780
S31508034090BFBCF0BC704700BF2459002078570020E6
S315080340A073B5054608460C46E8F770F81F4B7DB905
S315080340B0A27C657422F0030242F00302A27403F59C
S315080340C0127303CB402320606160237402B070BD72
S315080340D0D3F8342393F838331344CDE90023012165
S315080340E06846ECF76DFE06460028EFD0ECF75EFD52
S315080340F00028F4D0837803F00F039D42EFD1A37C05
S31508034100214643F00203A3748378A27CC3F3001306
S3150803411063F30002A2748378304603F00F036374D3
S3150803412002B0BDE87040E7F7D7BF00BFF03F0020F5
S315080341302DE9F0478CB004468A4618460DF1060168
S3150803414090461D46D3F734FB074620B10627384663
S315080341500CB0BDE8F087BDF8066006F46043B3F516
S31508034160C04FF3D1330640F18F80284601A9D3F710
S315080341701DFB0028EAD19DF804904FEA191009F0AF
S315080341800F0902A9FFF78CFF484607A9FFF788FF1F
S3150803419024220021201D0AF046F8002360226370BA
S315080341A0A370E37006F4C053B3F5C05F227036D02C
S315080341B0AB88002BCAD02B6830051B784FEA9303CC
S315080341C003F0300363700ED401A92846D3F7EEFA39
S315080341D09DF804202178C2F383030B432370637885
S315080341E043EA82136370F10419D4AB88022BADD961
S315080341F02B6862781B7803F00F03134363702B68ED
S31508034200A2785B781343A3702B68E2789B781343F1
S31508034210E370AB882A68033B03322A60AB8016F443
S31508034220806933D1284601A9D3F7C0FA00288DD16E
S315080342309DF80430A3714B468AF8003006F44073A0
S31508034240B3F5007F24D0B3F5407F23D0B3F5807F41
S3150803425022D0284601A9D3F7A9FA00287FF476AF16
S315080342609DF80430E37106F03003202B47D015D8A8
S31508034270EBB1102B3AD0730649D46FF001032372BE
S315080342806FF07F0363721DE081467AE70123D3E764
S315080342904023E7E7FF23E5E70123E3E7302BEAD1EA
S315080342A0404604F1100202A9E7F721FFE3E7720685
S315080342B008D41022284604F10801D3F763FA002824
S315080342C07FF444AF310706F003026DD4022A4FD0B8
S315080342D0032A56D0012A25D073073FF537AF102294
S315080342E004F118012846D3F74DFA86E0082204F1AB
S315080342F010012846D3F746FA0028BCD026E7FF2341
S31508034300E374FE230222237504F11601F1E79DF8EF
S315080343101A3098077FF51AAF02A904F10800E6F7E1
S31508034320A5FACFE7082204F120012846D3F72AFA8B
S3150803433000287FF40BAF76072BD46FF0010323769F
S315080343406FF07F036376B9F1000F3FF400AFAB88D4
S31508034350002B3FF4FBAE2B680DF105011878FDF72A
S3150803436005F800287FF4F2AE9DF80530A371EEE652
S31508034370FF2384F82330FE2304F1260184F824302E
S31508034380D3E704F1200207A908F10A00E7F7AFFE0D
S31508034390CEE79DF82E3098077FF5D8AE07A904F126
S315080343A01800E6F763FACEE7FF237107237627D4C7
S315080343B0022A0FD0032A19D0012A90D1284604F1DC
S315080343C01901D3F7F3F900287FF4C0AE052204F1E7
S315080343D0230187E7284604F11901D3F7E7F90028EB
S315080343E07FF4B4AE032204F125017BE702232846B2
S315080343F0637604F12701D3F7D9F90028A3D0A5E6F4
S31508034400002A7FF4A3AE9DF82E309B077FF59EAE58
S315080344100222284604F11901D3F7B4F900287FF4D8
S3150803442095AE9DF82C300422E37607AB03CB2162C5
S31508034430E06104F1240155E773B50C4600230546EC
S3150803444069462046ADF80230ADF80430D3F7AEF925
S31508034450D8B99DF8006006F0F803F02B15D1284665
S31508034460D3F710F806F00303022B3CD0032B4AD0EC
S31508034470012B20460DF102010AD0D3F799F920B989
S31508034480204601A9D3F794F9A8B1062002B070BD56
S31508034490D3F78EF90028F8D120460DF10101D3F799
S315080344A085F90028F1D19DF801306FEA03536FEAC5
S315080344B01353ADF80430BDF802305BBA2B80BDF850
S315080344C004305BBA6B809DF800305B07DDD4204669
S315080344D00DF10601D3F76CF90028D6D1BDF80630DD
S315080344E05BBAEB80D2E720460DF10101D3F75EF9FB
S315080344F00028CAD19DF801306FEA03536FEA1353B4
S31508034500ADF80230BCE720460DF10101D3F74EF9A9
S315080345100028BAD14FF2B0039DF8012043EA1211DD
S3150803452002F00F02ADF802101343C2E710B50C46AA
S315080345304FF2BF018A4222D148F2FE02038823F4CE
S315080345407C53934204D12046BDE81040E6F7BCB934
S315080345500C49D7F711F888B120460A49D7F70CF85A
S3150803456060B92046E6F7A4F940B92378FF2B05D1AD
S315080345702046E6F77EF9C31E5842584110BD00206F
S31508034580FCE700BF384200202DE9F04F4579112A90
S3150803459004460E469146B0F80A809FB001F110070B
S315080345A0C5F3410540F0AD804A8C30463946FFF7DE
S315080345B0BDFF002800F0A580002D00F0A880032D7C
S315080345C00CBF07250F256023AD0145F4C0456DBA19
S315080345D096F825200A93ADF82850C5F3072502F067
S315080345E0030325F0300545EA031596F8243098FAAF
S315080345F098F88DF82950ADF82C808DF82E901BB9B4
S3150803460012F0080F08BF402330468DF82F30E6F71F
S315080346103FF800287FD13378FF2B7CD033460CAD87
S315080346202A4618685968083303C2BB421546F7D1A8
S3150803463010AA924606F1100306F1200C15461868CF
S315080346405968083303C563452A46F7D1337CFF2BDC
S3150803465000F0D580282220460DEB0201D3F7B6FCDD
S315080346600546002840F0D980B9F1110FADF850007E
S315080346708DF8520000F0D580B9F13A0F29D14FF0E1
S3150803468002080023A18920464144ADF826300DF1DE
S315080346902602022389B2D3F7FDFA4B4652460CA9E2
S315080346A014A80094FCF702FF4FF6FF72A38920466D
S315080346B008EB0301BDF8503089B293421CBFDB43B4
S315080346C09BB25BBAADF826300DF126020223D3F767
S315080346D0E1FA3846E6F7D8F9002840F0A58096F8B7
S315080346E025302279C3F3001363F3451222716289D5
S315080346F0236AB2F5A06F00F2BE809C4200F0BE802A
S31508034700FEE735B1A91E4D424D416D015BE71725FD
S3150803471059E7082557E73846E6F7ABF84FF0000A96
S31508034720049039465948E9F7A9FB5546584B05906D
S31508034730D3F834B7BBF1000F03D1002D53D1142599
S315080347406BE059465148E9F7AFFB28BB8022594627
S315080347503846D2F773FF9BF810305FFA80F8434563
S3150803476003931CD85846E6F79CF80246DDF80C80F6
S31508034770394658460792D2F76DFE98BBA5B15846F7
S31508034780E6F78FF806902846E6F78BF80699079A10
S31508034790814206D2914207D2DBF814B0CAE7049ADB
S315080347A0E6E70BD99042F7D2039B434503D858460D
S315080347B0E6F777F80490C2465D46EDE79BF81210D4
S315080347C0AA7C4A40D20702D5CB07EDD4E4E7C24513
S315080347D0EAD3E1D159462D48E9F750FB059B8342B5
S315080347E0DAD1E1E75D460CAA05F1100C13462868F1
S315080347F06968083503C365451A46F7D118E7384685
S31508034800E6F737F803287FF425AF20460AA9FFF70A
S31508034810A3F9054600283FF41DAF28461FB0BDE897
S31508034820F08F4FF006082CE760231493BDF82C305D
S3150803483016AF5BBA28335BBAADF85430154B0FCBBA
S3150803484087E80F00144B1EAF0FCB07E90F0044F29E
S315080348502903204614A9ADF85630FFF77DF908B1A8
S315080348600546DAE72822204614A9D3F7AFFB002822
S315080348703FF435AFF4E79C4200D0FEE721460748EC
S31508034880D3F7CFFC0648D3F79DFFC6E74840002079
S31508034890F02F002070420020882A0408643600207E
S315080348A0783600202DE9F04F0026056893462A79C5
S315080348B099B0D20980460C46B1469DF888A0019363
S315080348C004962AD0814FD7F86C2632B36A89B2F593
S315080348D0A06F22D87E4904F10800D6F74DFE019B46
S315080348E008B3D3B197F868360BB318342046E6F7FE
S315080348F0CBF8E0B9BBF1110F63D0BBF13A0F16D170
S315080349002046FCF722FA90B12846A9890EAAE5F7AC
S315080349106BFE9DF83830802B09D1049819B0BDE891
S31508034920F04FFEF77ABB97F86826002ADCD1524681
S31508034930414604A8FEF775FB0028EED1049DADF8A1
S3150803494014006B890EAAADF8163005A92823284644
S31508034950D3F75DF9282105A8D3F784FC9DF83E30E3
S31508034960002B7AD1284602AA05A9FCF7D5F90446ED
S31508034970002872D1BDF81630002B34D1022C6AD820
S31508034980002C6AD0BDF81480A8F10806B6B2002E2A
S315080349906CD108212846D2F7CEFF022C7FD19DF889
S315080349A008308DF83E30BDF83C3000215BBA083B31
S315080349B05BBAADF83C3028230EAA2846D3F76AF922
S315080349C04BE00EAA2846A989E5F70EFEBDF83A304C
S315080349D0D7F8A0265BBA9BB2002AA8D0118A9942B7
S315080349E09BD0126BF8E7294605AA03A8E6F720F930
S315080349F098BB9DF80C30012B1FD96D2B25D164BBB1
S31508034A0003A8E6F70EF9BDF816800646404528BF03
S31508034A1046460628BDF81490B6B21ED8B9F12A0F31
S31508034A2002D19DF80930A3B1C84409F108041FFA55
S31508034A3088F8A4EB08035C425C4103A8E6F7F1F89F
S31508034A40014605A8D3F70EFC94E7002C18BF0324E8
S31508034A50F3E70224F1E7032C2DD000232846049319
S31508034A60D7F87016D7F86C36984756E7202EB1460E
S31508034A7028BF4FF02009A6EB0906B6B2A8EB09082A
S31508034A804B46314606AA28461FFA88F8D2F79CFFF2
S31508034A904B464146284606AAD3F7FCF877E79DF81E
S31508034AA009302821013B8DF809302846022302AA3A
S31508034AB0D3F7F0F877E7F1B206A8E6F7DBF806A826
S31508034AC0E6F7AFF84946034606AA76E7F02F00202D
S31508034AD03842002038B50C4605460846ECF703F875
S31508034AE0637802331C44C5E9000438BD2DE9F04F49
S31508034AF04FF0000A074691465646554685B0DFF8F5
S31508034B00C880019129460198FCF754FC054640B92B
S31508034B10002E55D033885BBAA9F8003005B0BDE836
S31508034B20F08F294602A895F803B0FFF7D3FFAB78B1
S31508034B30BB42E7D10EB1D345E4D9002102A8ECF76D
S31508034B403FF90028DED04378841C013BC2189442FF
S31508034B50F3D87EB3D3452DD8A3789B0918F9031048
S31508034B60B3789B0918F9033099421FD1234615498F
S31508034B7033F8030BB1F85CC0318840BA80B249BA3E
S31508034B8089B2604514BF4FF0000E4FF0010E614520
S31508034B9014BF002101218E4503D19A42CDD31C4669
S31508034BA0D8E76045F9D1DA462646F6E704F1030362
S31508034BB0F3DDF8E7264603349442DA46CAD9BCE756
S31508034BC00420ABE7F03F0020142604082DE9F04F34
S31508034BD0ABB00746016820A8E6F706F8002840F0B8
S31508034BE03581D7F8009099F80560C6F3C106012EFA
S31508034BF00ED19DF89830FF2B2CD199F804309806DE
S31508034C00C3F3401817D44FF0010ACDF808A037E0CC
S31508034C1022A8E5F708FE002840F0188126A8E5F73C
S31508034C2002FE8046002840F011819DF89830FF2B3C
S31508034C3010D1002EE1D1874826AA16A9E7F733FD36
S31508034C40CDF80880B0F1000818BF4FF001084FF0FF
S31508034C50010A15E0804826A9E7F79FFD8046002844
S31508034C6040F0D78048F2FE02BDF8983023F47C530F
S31508034C709BB293420AD1331E18BF0123824602937D
S31508034C80B9F80A30272B00F2C780FEE7734926A82E
S31508034C90D6F772FC029000284ED001234FF0000A83
S31508034CA00293EDE7214616A8FFF714FF022116A87B
S31508034CB0ECF786F8002833D1214626A8FCF77AFBB9
S31508034CC004460028EED1664BD3F83447002C35D179
S31508034CD0DFF898A1214622A8FCF76CFB04460028B6
S31508034CE037D105255F4C013D17D0A37C980740F1C2
S31508034CF08E80E369002B00F08A808022214622A851
S31508034D00D2F79CFCC0B23F2840F28180607E0CAA91
S31508034D1026A9FFF7EBFE00283DD04FF0000896E7DB
S31508034D204378821C023B03449A42BFD8518849BA46
S31508034D30C905B2D40432F7E7029CBDE780222046B0
S31508034D4026A9D2F77BFC237CC0B28342A5D9646922
S31508034D50BCE7EBF7C8FE6178022202312144EBF780
S31508034D60F9FE0028B6D0A0780CAA26A9FFF7BEFE3E
S31508034D7088B1214616A8FFF7ADFE0025DFF8E8B08F
S31508034D80022116A8ECF71CF870B9002DA2D02B88BF
S31508034D905BBAADF83030344BBDF83020B3F85C302D
S31508034DA09A427FF47AAFB8E74278831C023A1044F2
S31508034DB08342E5D85A8852BA91B2920522D525B3C9
S31508034DC08A0B1AF902106A8852BAC2F381321AF99F
S31508034DD00220914218D11988BBF85CC02A8849BABF
S31508034DE089B2A1EB0C0652BAD6F1000E92B24EEB7B
S31508034DF0060EA2EB0C0672427241964502D0614535
S31508034E0008BF1D460433D3E7FCDD1D46FAE7203405
S31508034E1069E74FF0000AF8E628239DF88640A9F8C3
S31508034E200C30B8F1000F02D1002C40F0C38138686A
S31508034E300223818907AAD2F714FE38B92C2C00F06D
S31508034E404F8115D8CCB12B2C40F0B1812BB0BDE8DE
S31508034E50F08F00BF2837002024370020384200206F
S31508034E60F02F0020A8380020F03F0020142604085D
S31508034E703B2CEBD03C2C40F05D81D7F80090B9F879
S31508034E800C30B9F80A10ADF8303099422CBFC3EB91
S31508034E900102C3EB0302DB4392B29BB2934228BFE0
S31508034EA01346484608AA0CA9ADF83230FBF734FF77
S31508034EB004460028CAD1BDF832305BBB002C00F08B
S31508034EC0E880BDF85C201D4652BAADF8162092B2AA
S31508034ED003929DF85B209C460492924A9E4610468E
S31508034EE01646D478002C5AD18F4C0EF2A95E04EBE1
S31508034EF08E04BCF1000F40F09880E2782046002A21
S31508034F0040F09180844240F2BA80864B984280F002
S31508034F10DE80FEE749460CAA0AA8E5F789FE0028BB
S31508034F2094D19DF82830012B2FD96D2B2AD1002C2B
S31508034F308CD10423484616AA0CA9D2F768FE002882
S31508034F4084D19DF85A3003F0C002402A11D002D802
S31508034F5022B1012419E01906FBD577E724A8E5F75A
S31508034F606BFB00283FF472AFBDF89630ADF85C30A2
S31508034F70EFE70623484616AA0CA9D2F748FE0028E7
S31508034F80E7D063E73F2B3FF661AF0AA8E5F749FE8B
S31508034F9001460CA8D3F766F98DE7A446A1E7B2F84C
S31508034FA000B03488A3450ED00399A14205D1BCF1BC
S31508034FB0000F02D194460135EDB29D4284BF2B46BC
S31508034FC03046002516460399644659451FD192F87B
S31508034FD002B0049959450ED10522544B03EB8E03AF
S31508034FE083F8A72699F8053013F0180F3FF42EAF68
S31508034FF04FF000084DE0BCF1000F08D10499A1EB6E
S315080350000B0B1BF0800F1EBF14460135EDB20EF1D4
S31508035010010E0135BEF1230FEDB202F10402BCD134
S31508035020C278002A4CD01DB9FEE720466446F7E746
S31508035030328803998A4237D14CB90135EDB29D427C
S3150803504002D8012BCED906463046394C0AE09D4292
S3150803505003D9012DC6D0304601E0012BC2D0314B0E
S315080350609C42BFD934F8043C039A9342BAD184428A
S31508035070BFF448AF2146021B201D09F078FABDF894
S31508035080163008202380049BA3700523E370FCF7DE
S31508035090B5F9BDF83220BDF830301344B9F80A2003
S315080350A09BB29A4217D2FEE79D4206D9012D99D0A3
S315080350B03046002CD3D10446E1E7012BF9D191E719
S315080350C0A0427FF61FAF174B9C42D3D2FEE7043CA0
S315080350D0221A011DD1E7A9F80C309DF81C40A0E659
S315080350E0012322463846009320A94346FFF7DAFBF5
S315080350F03C6816AA2046A189E5F776FA00287FF4C4
S31508035100A5AEBDF85A305BBA9AB2C3F3CC03002BEB
S315080351107FF49CAED2073FF599AE08212046D2F715
S31508035120FEFBDAE794360020F01F0020F02F00205C
S3150803513020370020B8F1000F3CD00123224620A9CE
S3150803514038460093FFF7AEFB00230CA80793D2F764
S3150803515038FA0CA8D2F735FA10AD22AB0FCB85E88F
S315080351600F0026A90CA8D2F713FA9DF887309DF8E5
S3150803517055208DF854309DF88130112C4FEA1313BE
S3150803518063F301028DF8552001D03A2C0DD1394627
S31508035190029A07A8FDF745FF38B9112CDDF81C80DC
S315080351A000F086803A2C00F0F48007982EE0B8F1D8
S315080351B0000F0BD1BAF1000F2AD0029B5BBB224624
S315080351C03846009320A9FFF76DFB3FE6292CB4D197
S315080351D03B680C9093F804803946029A0CA8C8F3E6
S315080351E04018FDF71EFF18B10C98FDF716FF2DE6BC
S315080351F00C9D2B79284668F34513A9892B71D2F799
S315080352009AFB16A81695FFF7E1FC1698FDF705FF16
S31508035210029B43B91AE60123224600933846002324
S3150803522020A9FFF73FFB3868437913F0180F0BD112
S31508035230B84B93F85930033B012B3FF607AE9DF85D
S315080352408730013B8DF887309DF88730002B3FF474
S31508035250FDAD8DF858300721012316AAD2F71AFD9A
S315080352603A2C386840F00E810123818916AAD2F7B1
S31508035270F8FB00287FF4EAAD07239DF85810A64AE1
S31508035280013B3FF4E3AD12F8010B8842F8D1002342
S315080352903C683B602279A38142F0010263612046A0
S315080352A02271E6F765F9236A9C4200F00381FEE75B
S315080352B04046B8F80C1016AAE5F796F900287FF4C5
S315080352C074AF2346ADF828008DF82A000CAA2946A0
S315080352D0CDF800800AA8FCF7E9F84FF6FF73BDF886
S315080352E028209A427FF461AF08214046D2F717FB7C
S315080352F0DFF82CA2169BDAF89C961BBA1493B9F11D
S31508035300000F31D1DAF8A096BDF852B0BDF850A017
S31508035310B9F1000F3FF449AFB9F81030534520D11E
S315080353204846E5F7B5F920B948460CA9D2F792F8E5
S31508035330B8B1B9F82230002B00F0E1805B4510D1F3
S3150803534009F1120318460393E5F7A2F9002840F07A
S31508035350D680039B29461846D2F77CF8002840F0E6
S31508035360CE80D9F83090D3E74146D9F80430D9F836
S3150803537008000CAA984700287FF417AFD9F80090BD
S31508035380BDE74146D9F82430D9F828000CAA98472E
S315080353900BE74046B8F80C1008AAE5F725F9814645
S315080353A000287FF402AF2346ADF858008DF85A005B
S315080353B00CAA2946CDF8008016A8FCF777F84FF60D
S315080353C0FF73BDF858209A427FF4EFAE9DF820305C
S315080353D0802B41D116A8D2F7F4F80CA8FBF7B5FC35
S315080353E0002839D00AA8D2F74DF8812348464B49F5
S315080353F08DF82830FDF70CFE814668B304220AA906
S31508035400B8F80CA0D2F788FC002837D1B8F80A30C8
S315080354100AF1040292B29B1A414648469BB2D2F756
S3150803542099FD58BB95E80F000DF1680C8CE80F0041
S315080354309DF83030FF2B03D00CA916A8D2F7A8F88D
S315080354403A22484616A9FFF79FF8B8B94846B9F865
S315080354500C100AAAE5F7C8F808214046D2F75FFAFE
S315080354602F4BD3F89056002D3FF49FAED5E9006035
S31508035470414608AB0CAAB047AD68F4E74846D2F7ED
S31508035480A7F992E64379C3F3C103022B7FF4FFAE70
S31508035490112C7FF4FCAE818916AAE5F7A5F8002836
S315080354A07FF4D4AC4BF6F073BDF85A209A427FF4D6
S315080354B0EEAECBE421461B48D2F7B3FE1A48D3F720
S315080354C081F92579EB0718D5FBF7FCFBA8B1C5F3DA
S315080354D0001645F010052571FDF7F4FC237966F3EC
S315080354E00413237110B9FBF7EDFB30B120460221F3
S315080354F0FBF7A0FF2046FDF783FC002075E6404630
S31508035500B8F80C10D2F717FAB8F80C30002B3FF49A
S3150803551038AFFEE7F03F0020324704082C2804087A
S31508035520F02F0020BC3F0020FC3F0020437907B53D
S315080355305B0908BF0A4A019002BF93690133936165
S31508035540838823F4C45343F08003838001A8FFF7B9
S315080355503DFB019803B05DF804EBFDF75EBD00BFA4
S31508035560F03F00202DE9F84F04460E4692461F46A3
S31508035570EFF31188302383F311880278FF2A16D0B4
S315080355800D68504B4078D3F81013691C40F083809C
S31508035590D3F824C400F0FC0E2CFA00F1C90703461D
S315080355A048D500210131C9B204293AD13560316899
S315080355B04A1C1DD12378FF2B1AD1424B6078D3F8A6
S315080355C02454024625FA00F3DB0700F0FC0C0DD53C
S315080355D000230133DBB2042B09D0C21802F00302FD
S315080355E0624425FA02FE1EF0010FF2D1114631601C
S315080355F033685A1C0FD0344A0A9942F8337002EBBF
S31508035600C30251602278FF2A1FBF012202FA03F35D
S315080356102E4AC2F8243488F31188BFF36F8FBDE886
S31508035620F88F431803F0030373442CFA03F919F0AC
S31508035630010FB7D11D46072D4FF003092EDC4FEA9C
S31508035640850B09FA0BF94946214802FA0BF2EDF7DD
S3150803565037FB494662781F4802F0030202FA0BF247
S31508035660EDF72EFB01231AF0050F1B4A18BF17493E
S3150803567003FA05F30CBFC2F81034C1F810341AF054
S31508035680060F18BF114AC2F814340123124AAB4055
S31508035690C2F820348AE7002DCDDA87E7A5F1080B8F
S315080356A04FEA8B0B09FA0BF949460C4802FA0BF237
S315080356B0EDF706FB6278494602F00302084802FA48
S315080356C00BF2CDE700C003508856002000D00350E4
S315080356D000C4035008C4035000E0035004C4035035
S315080356E00CC403502DE9FF4100F128070446384648
S315080356F00E46D4F770FB28B9204604B0BDE8F0413E
S31508035700E7F7A2BA04F16C00E7F7F6F9012E24D8F5
S3150803571094F8B53104F5DA75FF2B1CBF013384F809
S31508035720B531574B284693F8682ED20745BFA022B2
S31508035730B3F86A3E4FF47A71534341BF4FF47A7212
S3150803574003F5FA73B3FBF2F39918012384F8B4311A
S31508035750F7F784F82846E6F76DFF0D20FDF7CCFE2C
S31508035760054600287FD00121E278D4F719F8C0B995
S31508035770012E09D0032E0BD06178042953D8DFE80C
S3150803578001F014531514140004F58C70D5F77EF83C
S3150803579008230321284604F58C72D3F7CAFF002889
S315080357A0EAD02846D2F714F85DE0FEE7DFF8D4809E
S315080357B000212846B8F85C20D3F7FDFF0028F0D16E
S315080357C02846E6F73FFE02460028EAD1022E18BF0E
S315080357D0E26802212846D3F7FAFF0028E1D12846D2
S315080357E0E6F75AFE0028DCD1254B93F8682ED60730
S315080357F019D593F8693E8DF800005BBAADF8013008
S315080358006A46032350212846D3F793FF0028C8D1B5
S31508035810D8F868200AB9D8F8642055212846D3F75A
S31508035820D6FF0028BDD10021E37898071ED548F294
S31508035830FE020023394602A8CDE90023E4F7EAFE6F
S3150803584069462846E8F78CF80028AAD1E3781B07A7
S3150803585012D4F8F701F80A4B93F8680EC04300F020
S315080358600100F7F725F804B0BDE8F0812846E8F704
S315080358702AFB0028DBD094E70120F7F7EDFFF2E7D0
S31508035880F02F0020F03F002000212BE72DE9F04FF1
S31508035890054685B00E200E46FDF72EFE044668B370
S315080358A0B0464FF0000A96F82090634FB14407F5C7
S315080358B0805BC14525D1204606F12A01E8F750F851
S315080358C0002865D1BAF1000F18D048F2FE075A4EE0
S315080358D0D6F83447002C40F09380EB781B070DD499
S315080358E0564BD6F8381701A8029301948DF80C4045
S315080358F0E5F71EFA019B002B40F0978005B0BDE83B
S31508035900F08F18F8013B132B2CD8132BD1D801A2EF
S3150803591052F823F081590308B3580308A559030815
S31508035920B3580308D7590308E9590308B3580308B2
S31508035930B3580308F1590308B3580308B3580308BF
S315080359409D590308B3580308B3580308B358030803
S31508035950B3580308B3580308B1590308B3580308DF
S31508035960BD5903081B2B47D0552BA2D197F8683E80
S31508035970DA079ED5324B9A6E02B95A6E552113E051
S3150803598000212046BBF85C20D3F715FF002890D0EA
S31508035990204605B0BDE8F04FD1F71ABF2046E6F713
S315080359A051FDF3E70221EA682046D3F710FFEDE736
S315080359B0012211212046D3F7F3FEE7E7EB7899078F
S315080359C03FF577AF01212046E8F77DFA0028DFD1B6
S315080359D04FF0010A6DE70421204696F8293006F1AF
S315080359E02102D3F7A6FED1E70521D7F8002EDBE778
S315080359F00821D7F8042ED7E72046E6F74DFDC5E775
S31508035A00238823F47C53BB4214D021462846E8F75F
S31508035A1035FA78B921462846E8F746FA50B92046B2
S31508035A2005F50471D1F716FD20B9284605B0BDE87A
S31508035A30F04F29E764694DE7F02F0020243700204B
S31508035A40F03F002000F00CB800F00AB800F008B8E0
S31508035A5000F006B800F004B800F002B800F000B889
S31508035A6072B61EF0080F09D01EF0040F0DD0DFF82A
S31508035A7050E0AEE8FF1F6FF002000CE0DFF840E0ED
S31508035A80AEE8FF1F6FF00E0005E0DFF834E0AEE87E
S31508035A90FF1F6FF006006946EFF309828EE80700D9
S31508035AA086460848084C854501D3A54501D384F3A2
S31508035AB00888E1F763F984F30888E1F751F90000E8
S31508035AC060630020480000200818002008B5064B2C
S31508035AD0044613B10021AFF30080044B1B6803B1DE
S31508035AE098472046D7F78DFD000000009C5F0020ED
S31508035AF070B50D4D00260D4C641BA410A64209D1A2
S31508035B000B4D00260B4C0AF08BFF641BA410A64210
S31508035B1005D170BD55F8043B01369847EEE755F8AD
S31508035B20043B01369847F2E7E4650020E865002060
S31508035B30E8650020EC6500201FB514461A46094B94
S31508035B4005461B68D86854B9074B1C460091074994
S31508035B50CDE901342B4600F0B1F808F001FD044BFA
S31508035B60F4E700BF306500207F4604087286040800
S31508035B7065860408002310B50446836081811946A7
S31508035B804366C28108228361C0E90033C0E904334E
S31508035B905C3008F048FB0D4B246263620C4BA3622E
S31508035BA00C4BE3620C4B23630C4B9C4206D003F16C
S31508035BB06802944202D0D0339C4205D104F15800BE
S31508035BC0BDE8104008F037BB10BD00BF65E1030808
S31508035BD087E10308BFE10308E3E10308645E0020E5
S31508035BE0024A0349034808F000BB00BF24650020A6
S31508035BF0F5E403083465002041680C4B994210B557
S31508035C00044601D008F076FCA168094B994202D0F4
S31508035C10204608F06FFCE168064B994204D02046FB
S31508035C20BDE8104008F066BC10BD00BF645E0020E6
S31508035C30CC5E0020345F002010B50B4B04210B4CBF
S31508035C400B4A20461A600022FFF794FF04F1680006
S31508035C5001220921FFF78EFF04F1D0000222122147
S31508035C60BDE81040FFF786BF9C5F0020645E0020F6
S31508035C70E15B0308014808F0DFBA00BF2F63002081
S31508035C80014808F0DABA00BF2F63002010B50446AE
S31508035C90FFF7F0FF236A1BB1BDE81040FFF7F0BF1B
S31508035CA0044B2362044B1B68002BF5D1FFF7C4FF93
S31508035CB0F2E700BFF95B03089C5F00200EB403B547
S31508035CC003AB0146054853F8042B0068019300F01B
S31508035CD019F802B05DF804EB03B07047306500208D
S31508035CE038B50446064D0846114600222A601A4668
S31508035CF0D7F795FC431C02D12B6803B1236038BD43
S31508035D00A05F00202DE9F04F0D469DB01446984636
S31508035D10064618B1036A0BB9FFF7B8FF6B6ED907C6
S31508035D2005D4AB899A0502D4A86D08F085FAAB8920
S31508035D301B0701D52B699BB92946304600F0FAF8AB
S31508035D4070B16B6EDC0704D54FF0FF301DB0BDE8AC
S31508035D50F08FAB899805F7D4A86D08F06EFAF3E7C8
S31508035D600023CDF80C804FF00109DFF8B4810993BD
S31508035D7020238DF8293030238DF82A3023469A4676
S31508035D8013F8012B0AB1252AF9D1BAEB040B0BD068
S31508035D905B4622462946304608F067FA013000F08A
S31508035DA0A780099A5A4409929AF80030002B00F002
S31508035DB09F8000234FF0FF320AF1010A04930793E9
S31508035DC08DF853301A93CDE90523544605225448D2
S31508035DD014F8011B08F0B6FB049AD8B9D10644BFD8
S31508035DE020238DF85330130744BF2B238DF85330E4
S31508035DF09AF800302A2B15D0079A544600204FF0FC
S31508035E000A0C214611F8013B303B092B4BD9B0B19B
S31508035E10079214E0A0EB0803A24609FA03F3134317
S31508035E200493D2E7039B191D1B68002B0391BBBF81
S31508035E305B4242F0020207930793B8BF04922378A2
S31508035E402E2B0AD163782A2B32D1039B02341A1DCF
S31508035E501B6843EAE37303920593DFF8D4A003228E
S31508035E602178504608F06EFB38B1A0EB0A004022B1
S31508035E70049B013482401343049314F8011B06223E
S31508035E8028488DF8281008F05DFB00283FD0264BDC
S31508035E901BBB039B073323F0070308330393099BB1
S31508035EA03B4409936AE70CFB02320C460120A8E738
S31508035EB0002301344FF00A0C19460593204610F8BF
S31508035EC0012B303A092A03D9002BC6D00591C4E71A
S31508035ED00CFB012104460123F0E703AB2A4604A978
S31508035EE030460093114BAFF300800746781CD6D192
S31508035EF06B6ED90705D4AB899A0502D4A86D08F049
S31508035F009CF9AB895B063FF51FAF09981EE703AB00
S31508035F102A4604A930460093044B00F061F8E4E7E7
S31508035F20A2870408AC870408000000006BE2030894
S31508035F30A887040838B5294B05460C46186818B1CE
S31508035F40036A0BB9FFF7A2FEB4F90C30190722D47A
S31508035F50DA0607D409222A6043F040034FF0FF30DC
S31508035F60A38133E0580712D5616B41B104F14403A9
S31508035F70994202D02846EEF746FB00236363A389BA
S31508035F8023F02403A3810023636023692360A38981
S31508035F9043F00803A38123694BB9A38903F4207348
S31508035FA0B3F5007F03D02146284608F01FFBB4F952
S31508035FB00C3013F001020AD00022A2606269524231
S31508035FC0A261226942B913F08000C5D138BD990789
S31508035FD058BF6269A260F4E70020F7E7306500203E
S31508035FE02DE9FF470F7E914680460C46782F9A4641
S31508035FF00C9E01F1430207D8622F0AD8002F00F03E
S31508036000DD80582F00F0C38004F1420684F84270FD
S315080360103AE0A7F16303152BF6D801A151F823F04B
S31508036020796003088D60030809600308096003089B
S3150803603009600308096003088D60030809600308FB
S31508036040096003080960030809600308A3610308D4
S315080360501B6103085B6103080960030809600308F9
S31508036060C5610308096003081B610308096003087F
S31508036070096003086361030833681A1D1B683260E5
S3150803608004F1420684F842300123A8E03168236804
S31508036090081D30601E0601D50D6803E05D06FBD5B5
S315080360A0B1F90050002D616878DA2D200029A16026
S315080360B084F843002DDA6D425D480A231646B5FB7C
S315080360C0F3F103FB1157C75D06F8017D2F460D460D
S315080360D0BB42F4D9082B0BD12368DF0708D52369FC
S315080360E061689942DEBF302306F8013C06F1FF36A4
S315080360F0921B22614B4603AA21464046CDF800A0CF
S3150803610008F003F901306FD14FF0FF3004B0BDE852
S31508036110F08723F004032360CDE721683368080674
S3150803612053F8045B02D4490648BFADB26F2F3360F8
S315080361303F4814BF0A230823002184F843106668DE
S31508036140002EA660BADB216821F004012160002D28
S31508036150B4D1002EB2D11646BCE7236843F0200318
S31508036160236078273348236884F845701F06316807
S3150803617051F8045B02D45F0648BFADB23160D90754
S3150803618044BF43F0200323601DB11023D4E72848F6
S31508036190E9E7236823F020032360F6E724480A2364
S315080361A0CDE733682568181D616930602E061B68BC
S315080361B001D5196002E06806FBD519800023164647
S315080361C0236197E7336800211A1D32601E686268E7
S315080361D0304608F0B7F908B1801B6060636823612D
S315080361E0002384F8433085E7236932464946404607
S315080361F0D047013088D023689B0714D4E068039BF3
S315080362009842B8BF184681E70123324649464046B5
S31508036210D04701303FF478AF0135E36803995B1A39
S31508036220AB42F1DCEAE7002504F11906F5E700BFFE
S31508036230B3870408C487040838B50023054D044604
S3150803624008462B60D7F7DAF9431C02D12B6803B14A
S31508036250236038BDA05F002038B50446064D0846BE
S31508036260114600222A601A46D7F7D5F9431C02D1EC
S315080362702B6803B1236038BDA05F002038B50446F8
S31508036280064D0846114600222A601A46D7F7C5F96D
S31508036290431C02D12B6803B1236038BDA05F0020DD
S315080362A0024B0146186808F0EAB900BF30650020BA
S315080362B038B50023064D0446084611462B60D7F722
S315080362C0A1F9431C02D12B6803B1236038BD00BF73
S315080362D0A05F002038B50023054D044608462B6009
S315080362E0D7F794F9431C02D12B6803B1236038BD51
S315080362F0A05F002038B50023064D0446084611461C
S315080363002B60D7F785F9431C02D12B6803B12360A9
S3150803631038BD00BFA05F0020024B0344587800F045
S3150803632020007047A1860408024B0344587800F0FE
S3150803633097007047A186040807B5009313460A46D3
S3150803634001460348006808F0CEF903B05DF804FB7C
S31508036350306500200CB4184B30B50C1E9DB01D6873
S3150803636008DA8B234FF0FF302B601DB0BDE83040B1
S3150803637002B070474FF402730290069002A9ADF873
S31508036380143014BF04F1FF332346209A2846049396
S3150803639007934FF6FF73ADF8163021AB019300F060
S315080363A00DF8431CBCBF8B232B60002CDDD0029B4E
S315080363B000221A70D9E700BF306500202DE9F04F97
S315080363C098468B899DB007461B060D46144610D57D
S315080363D00B6973B94021EEF70BF92860286130B9C8
S315080363E00C233B604FF0FF301DB0BDE8F08F402310
S315080363F06B610023CDF80C804FF00109DFF8A0810B
S31508036400099320238DF8293030238DF82A30234623
S315080364109A4613F8012B0AB1252AF9D1BAEB040BCC
S315080364200BD05B4622462946384608F0C5F90130A3
S3150803643000F0A780099A5A4409929AF80030002B6B
S3150803644000F09F8000234FF0FF320AF1010A0493FC
S3150803645007938DF853301A93CDE90523544605223D
S315080364604F4814F8011B08F06DF8049AD8B9D006FA
S3150803647044BF20238DF85330110744BF2B238DF8CF
S3150803648053309AF800302A2B15D0079A5446002021
S315080364904FF00A0C214611F8013B303B092B4BD927
S315080364A0B0B1079214E0A0EB0803A24609FA03F376
S315080364B013430493D2E7039B191D1B68002B03910F
S315080364C0BBBF5B4242F0020207930793B8BF04922D
S315080364D023782E2B0AD163782A2B32D1039B0234D5
S315080364E01A1D1B6843EAE37303920593DFF8C0A0FA
S315080364F003222178504608F025F838B1A0EB0A00A4
S315080365004022049B013482401343049314F8011B6D
S31508036510062224488DF8281008F014F8002836D0E7
S31508036520214B1BBB039B073323F007030833039352
S31508036530099B334409936AE70CFB02320C46012094
S31508036540A8E7002301344FF00A0C194605932046A1
S3150803655010F8012B303A092A03D9002BC6D0059126
S31508036560C4E70CFB012104460123F0E703AB2A46E3
S3150803657004A9384600930D4BAFF30080421C064628
S31508036580D6D1AB895B063FF52DAF09982CE703AB4C
S315080365902A4604A938460093044BFFF721FDEDE785
S315080365A0A2870408AC87040800000000B9E70308BB
S315080365B0A8870408014808F0A9B900BF690345EC90
S315080365C01046044A1368591E033102D80021116084
S315080365D01847704780650020034B1868034B00284B
S315080365E008BF1846704700BFA45F00200088040848
S315080365F0014808F042BB00BFAC5F002013B50B4C43
S315080366000229226005D10A4808F037FB002002B0A8
S3150803661010BD0A4600930146064B054808F00EFBD3
S31508036620003818BF01204000F1E700BF806500204D
S31508036630AC5F0020C1650308014808F02FBB00BF03
S31508036640AC5F00200021014808F04ABBAC5F00207C
S3150803665008B5064B1B68013305D0FFF7EDFF80F03D
S315080366600100C0B208BD0020FCE700BF806500201A
S315080366702DE9F843DFF860900646D9F80080084606
S315080366801746B8F1000F03D00E242046BDE8F88359
S3150803669006B3336801331DD1E1B100F075F8054639
S315080366A00028F1D0C9F8000000F0DAF8284608F007
S315080366B034F9044640B14046C9F8008000F0D0F8E2
S315080366C0284608F025F9E0E73560002FDDD028468F
S315080366D0B847DAE72124D8E7A85F0020024B1868F1
S315080366E0003818BF01207047A85F002038B50C464C
S315080366F001F0ECFFA3780B4A13705A1E5542554115
S31508036700A8420CD0012B04D02846BDE8384001F036
S31508036710BFBF204601F08EFF0028F5D038BD002004
S31508036720FCE700BF30630020002108B5024B08468A
S315080367305B689847002008BD9C65002010B5FFF7E5
S315080367404BFF0D4B0C461A1A534253418B4201D148
S31508036750002010BD094B1B683BB9094A064B002CA0
S3150803676008BF1346074A1360F2E708F0BCFB002884
S31508036770F3D00220EDE700BFD8870408A85F0020FE
S3150803678000880408A45F0020F8B504460AF0E7F871
S31508036790002607460E4B1B6893B19E68AEB196F862
S315080367A02420D20711D435460FCC0FC50FCC0FC5FD
S315080367B023682B6096F8243043F0010386F82430C7
S315080367C038460AF0C7F83046F8BD1B68E4E700BF49
S315080367D090650020431E033306D8044B984228BF0E
S315080367E01846642838BF6420704700BF40420F002C
S315080367F038B5184B05461B680C4603B1984744B190
S31508036800236833B11B68013303D0E3680BB1A3686C
S3150803681043B908F013FE00209122412100F0C4FA7F
S31508036820212038BD204603F0ABFA00230A4A85F82F
S315080368304831C5E93A4313605360636943B1074A6C
S3150803684042211068B322C31A5842584100F0ACFAE1
S315080368500020E6E73C62002084650020746200207D
S3150803686010B5044618B9054B054A136010BD00F068
S315080368706FFFD4F8F430002BF6D1F4E7EDE90308FB
S3150803688094650020084B10B4002A14BF14461C460E
S31508036890064B1C6019B15DF8044B08F0B4B80846FA
S315080368A05DF8044B704700BFEDE9030894650020C3
S315080368B008B502460868FFF78DFF08604868FFF7C2
S315080368C089FF48608868FFF785FF8860C868FFF70F
S315080368D081FF0B69C860581C03D00B48834228BF45
S315080368E003460B614B69581C03D00748834228BFEC
S315080368F0034688694B61FFF76DFFBDE80840886169
S31508036900104601F027BE00BF40420F00D0F8EC3016
S315080369102DE9F04105460C4613B1038E8B424CD044
S31508036920D5F8E830002B4BD09E68002E48D0D8689F
S31508036930002845D0013800B200281ADB002106E0FA
S31508036940128A591CA24217D209B2884211DB0B18C4
S3150803695003EBD3735B1003EBC30206EB8202B2F8B5
S315080369600EC003F1FF3EA445EAD90FFA8EF088421A
S31508036970EDDA2120BDE8F0814FF6FF7299B2914214
S31508036980F7D09BB203EBC30306EB83062846B6F997
S31508036990122095F83C11D5F8FC80D6F79DFE0746DC
S315080369A0B8F1000F04D00023324628461946C047DB
S315080369B02C86C5F8EC6085F845710020BDE8F081A2
S315080369C00E20BDE8F08100BF2DE9F04782B00446EA
S315080369D00F46164601F080FE00287CD1584D2B68D9
S315080369E0D4F8E890D4F8EC8013B14B4500F08780CF
S315080369F04FF0000AAF6002F097FB0128074604D060
S31508036A0001210022084607F0C3FF204608F022FCAE
S31508036A10002851D12B68D9F80010D8F8002013B1F3
S31508036A201868884278D0204608F0E5FB454BC5F838
S31508036A3000901A78C5F804808DF807606ABBD4F805
S31508036A40FC50002D6FD0114620460DF10703A847C9
S31508036A50204602F047F90546BAF1000F00D08EB179
S31508036A60B5FA85F04FF480623321400900F09CF9AA
S31508036A703146204602F05EFA334B05464146204628
S31508036A801B689847D4F898304BBB012F01D06DBBD0
S31508036A900025284602B0BDE8F087D4F8EC30B4F9EF
S31508036AA0481023B1B3F912309942A8BF19463246A2
S31508036AB0204602F06BF8CBE794F825309A07A9D558
S31508036AC0D4F8A0305B05A5D5204B0122002120462A
S31508036AD01B6898479EE70023194D6B607FE70022E2
S31508036AE04FF40073204600F043FECEE7184B00210F
S31508036AF05B6803209847284602B0BDE8F0876B68B1
S31508036B00002B3FF475AF43457FF472AFAB689F42E2
S31508036B10BED04FF0010A6DE7696811B10968914261
S31508036B2084D059687FE794F82A1094F84531324699
S31508036B30994228BF1946204601F0F6FF88E700BFA9
S31508036B40846500206486040894650020406200205A
S31508036B509C650020F8B50F46054609F000FF39463F
S31508036B6006462846FFF7D2FE044620B1304609F00A
S31508036B70F1FE2046F8BD02F0B7FA22463946284602
S31508036B80FFF722FF04460028F0D1284608F062FBE7
S31508036B900028EBD095F8253013F002030DD0D5F86D
S31508036BA0A0305B050DD5B5F83631BB420BD0B5F829
S31508036BB03831DB1BB3FA83F35B09044A82F8D8300E
S31508036BC0D4E72346F9E70123F7E700BF003E00B001
S31508036BD070B504460E4609F0C2FE31460546204600
S31508036BE0FFF7B8FF044620B9044B01465B68032048
S31508036BF09847284609F0AEFE204670BD9C650020DE
S31508036C0070B5044600200D4608F01CFC094B1B789A
S31508036C104BB9D4F8FC6036B129462046B446BDE8DC
S31508036C2070401A46604729462046BDE8704008F07A
S31508036C30D1BA00BF6486040813B56946044607F04B
S31508036C4058FF0C4B1B783BB19DF800300C2B03D037
S31508036C50B4F94E0002B010BD204608F085F9FF28A6
S31508036C60024605D020469DF80010D6F737FDF1E712
S31508036C700148EFE7648604080080FFFF30B4064D39
S31508036C80BDF908402D781DB1029430BC08F0A5BAA9
S31508036C900E2030BC704700BF3E630020F0B50746A0
S31508036CA00E46154685B00AB9D0F89850294638468F
S31508036CB007F02FFFEB0702D5384605F07DFA02F0F9
S31508036CC0D7FCEC46254B04460FCB05F480358CE8F8
S31508036CD00F00002E2ED0FF2C0DD133680093736856
S31508036CE0019385B1009B01332ED12246614638466E
S31508036CF007F0F4FD0CE056F8242004AB03EB8403F9
S31508036D0043F8102CD5B922466146384608F031FBBC
S31508036D1070B96EB1FF2C0FBF009B04AB03EB840362
S31508036D2053F8103C05BF3360019B46F82430736063
S31508036D3005B0F0BD002DE6D0FF2CD3D004AB03EB92
S31508036D40840353F8103C00E0019B0133CDD022465F
S31508036D506146384602F026FCDAE700BF34880408A1
S31508036D6008B50B460249194007F0C5FE002008BDC1
S31508036D7007001100024B1860024B1960FEE700BFBB
S31508036D80C46100209865002038B5044D044C054BB2
S31508036D90286021601A60FFF7EDFF38BDC461002043
S31508036DA098650020C861002010B550B90548064B00
S31508036DB00160064802601868054B18601868FFF7F3
S31508036DC0E3FF10BD98650020A85F0020C861002076
S31508036DD0C4610020054B1B680BB9184670478342EC
S31508036DE001D01B69F8E70120704700BFD061002076
S31508036DF0094A13680BB918467047834207D11B69BA
S31508036E0001201360054A1368013B1360704703F1B9
S31508036E1010021B69EEE700BFD0610020CC61002099
S31508036E202DE9F74F064609F0A3FDDFF8288101236C
S31508036E3098F800B0DFF820910190BBF1000F06D057
S31508036E4089F8003003B0BDE8F04F09F08CBD3F4F19
S31508036E5088F8003089F800B007F076FF08B107F024
S31508036E6071FF3D683A495DB9DFF8F0A0DAF800200A
S31508036E700024AA423B682ED84FF0FF3134483AE043
S31508036E806B7D8BB12B68B34202D09A1B8A420BD90E
S31508036E906A6813442B60AB68003A18BF0122003BAB
S31508036EA018BF01236A75AB752D69DCE7907D20B1A0
S31508036EB0107D88429CBF014614461269002AF5D103
S31508036EC0002CD9D094E80B00A275411AE268204633
S31508036ED098470135CAE71A46FF21EFE75A7D4AB1B3
S31508036EE01A68B24224D0921B824221D8914201D316
S31508036EF011461C461B69002BF0D15CB12046FFF7EF
S31508036F0077FF38B13B683C602361DAF80030013318
S31508036F10CAF800303B685A7D6AB907F011FF06467E
S31508036F2099F80030002B95D1019888F8003089E745
S31508036F301C460021DEE7186800F0D2F8044607F07D
S31508036F40FFFE0646002C85D1EAE700BFD061002084
S31508036F50FCFFFFBF3263002031630020CC610020B1
S31508036F6038B5054608B31822002107F05CF909F07D
S31508036F70FFFC02462846FFF72DFF20B1104609F00D
S31508036F80F2FC022038BD0A4B1C6854B909491D6036
S31508036F900B68104601332C610B6009F0E4FC2046AC
S31508036FA0F0E704F110032469EFE72120EAE700BFBD
S31508036FB0D0610020CC61002038B50446FFF70AFFEC
S31508036FC009F0D6FC05462046FFF704FF637D23B97F
S31508036FD0284609F0C8FC0E2038BD00236375064B06
S31508036FE01B68A34203D107F0ABFEFFF719FF284638
S31508036FF009F0B9FC0020EFE7D06100202DE9F84F2E
S31508037000DDF82890984604460D469246FFF7E2FEB9
S31508037010DDF830B009F0ACFC074607F091FE0646EA
S315080370202046FFF7D7FE637D23B12046FFF7C4FF4B
S315080370300023A375BAF1010F21D175B9B8F1000F71
S315080370401FD1B9F1000F03D05A4631462046C84727
S31508037050384609F088FC002017E035440C4BAA1B78
S315080370609A420ED8012363759DF82C30304684E87E
S3150803707020032375C4F80CB0FFF7D2FEE8E7AE4247
S31508037080ECD1384609F06FFC2120BDE8F88F00BF24
S31508037090FCFFFFBF2DE9F04107468846FFF79AFE36
S315080370A009F066FC3D68064607F04AFE7B7D7BB120
S315080370B085420DD0094B2C1A9C4209D8304609F053
S315080370C052FCB8F1010F08BF25462846BDE8F081F2
S315080370D0304609F048FC0025F7E700BFFCFFFFBF71
S315080370E00023024A194600F043BC00BF0BED030810
S315080370F02DE9F0418AB001AB0C4605462422184611
S31508037100134907F0AFFA0027002C08BF0446384690
S3150803711004F10C0690B95FFA87F842462846218897
S3150803712008F09BF850B942462846E18808F0A6F8C5
S3150803713020B942463146284608F0B3F80137032FEB
S3150803714006F1080604F10204E4D10AB0BDE8F081A9
S3150803715068880408F0B589B005460E4602F0ACF80F
S31508037160044600BB01AC06F10C070FCF0FC497E822
S31508037170070084E8070001A92846FFF799FB284674
S31508037180311D07F0D8FC044648B92846074901F0DB
S3150803719095F9044618B9284602F058F804462846CD
S315080371A03168FFF7A5FF204609B0F0BD60880408DB
S315080371B0024B0022196807F0CBBD00BF648504089B
S315080371C070B5164E032804460D4633781ED023FAA7
S315080371D004F202F00102AA421DD053B10122A240D1
S315080371E0A54023EA02032B43DBB233704BB10120DC
S315080371F070BD2DB10A4B01201B6898473378EDE71C
S315080372003570074B00201B689847F0E79A07DED0CE
S3150803721003F0FC03E9E7002070BD00BF34630020D8
S3150803722010620020F8B505460C4609F098FB104F86
S3150803723006463B7833B1012D04D01CB90D4808F036
S31508037240F3FE3C7021462846FFF7BAFF0A4B04466D
S315080372501B783BB93B782BB907F085FF10B1074B71
S315080372601B689847304609F075FB2046F8BD00BFF2
S3150803727035630020E4610020346300209C65002008
S31508037280054A0B46117831B100211170034A0121D1
S315080372905268187810477047356300209C650020AC
S315080372A038B5074D04462B78834207D001F092FA86
S315080372B020462C70BDE83840D8F746BA38BD00BF1B
S315080372C0336300201B4B022910B5187002D003291B
S315080372D004D010BD184B1B78002BFAD1FFF7FEF923
S315080372E00028F6D04FF40052144BC3F88420BFF39A
S315080372F04F8FBFF36F8F01F0FBF90028E9D001F038
S31508037300A9F90028E5D10E4B1C6834B123689847C0
S31508037310BDE81040002001F051BA07F08BFC094B79
S31508037320186008F0DDFB084B1860204601F0E8F901
S31508037330EEE700BFDC6500203363002000E100E0D0
S31508037340386200200C6200200862002038B5044623
S315080373500D46FFF7C3F980B14FF40052124B5A603A
S3150803736001F0C6F948B9012D07D8012001F026FA1C
S315080373700E4B1B6823B15B6898470D4B1C7038BDD1
S3150803738008F0AEFB0B4B1A68801A186008F0FEFC6F
S315080373904FF47A72084B1B6802FB003007F04CFC6B
S315080373A0012001F0ADF9E8E700E100E038620020CA
S315080373B0DC650020086200200C620020F0B585B069
S315080373C009F0CDFA344D04462B7823B1334808F037
S315080373D02BFE002852D108F057FB02AA03A907F08F
S315080373E0ACFE0346002838D007F0BBFE029B984242
S315080373F01CD100202A4B03991B682A4E99423070E8
S3150803740020D90027C91A012324482B70264A334654
S315080374100197009708F03EFB002837D1234A1378D3
S31508037420D90701D53178F9B1204611E007F097FE5F
S31508037430029B984228D0002318461949194A096815
S31508037440137003910121FFF7BBFE002320462B701F
S3150803745009F080FA002005B0F0BD20462B7009F02C
S3150803746079FA212005B0F0BD03F0FE031370002B53
S31508037470DAD10F4B1B6898472046E9E7204609F0FF
S3150803748069FA0E2005B0F0BD0220B3E703232046B0
S315080374902F703370F3E700BF35630020E4610020E3
S315080374A004620020DB650020817203083463002030
S315080374B01062002038B509F052FA144D04462B78A9
S315080374C0EBB9134A13491370134B144A14481A6039
S315080374D0144A5A60D8F71AF913491448D8F716F90B
S315080374E0134A144B1A60144B5B6F03F44073B3F5DA
S315080374F0007F02BF0222114B1A6001232B70D6F7B5
S315080375006BF8204609F026FA002038BD36630020BA
S31508037510356300208C8804089C650020BD73030826
S31508037520D46100202572030894880408DC610020CE
S31508037530A172030810620020004000500462002074
S31508037540024BD868C0F30360704700BF000002B857
S3150803755010B5054C237823B104F080F90020207078
S3150803756010BD0E20FCE700BF3963002008B504F000
S3150803757043F90122014B00201A7008BD3963002024
S315080375802DE9FF478F7880460F2F0D4603D9212013
S3150803759004B0BDE8F08727B901224A4B1A700020C8
S315080375A0F6E70E784C7826BB002CF0D1E88803F072
S315080375B05DFAC30943EA4163C01A61EBD11103F0CB
S315080375C095FAFF288146E2D056EA0403A888DFF82D
S315080375D00CA113D003F0ACFB4FF60403BAF8002052
S315080375E001469A4268D1B442234638BF334600243B
S315080375F031E0082ECBD8082CC9D8D7E703F098FB77
S315080376004FF60403BAF8002001469A4208D12E4BD6
S315080376101B6E9BB2934208BF4FF60503AAF80030C8
S31508037620B1F5803F284B0FD902221A668022C3F888
S315080376308020082301241E4649084FF6FF720139A4
S31508037640914228BF114608E0012480221C66C3F82C
S31508037650802008231E460029EFD100220292012228
S31508037660013FFFB200920197324608F5827003F094
S3150803767083F91CB14FF48012144B5A6595F903101C
S31508037680484603F067FA0221114BAA681A600D4BA4
S31508037690197098F82E30013B8B4280D803230120BA
S315080376A00C4AC2F850320C4BC3F85002C2F86412A3
S315080376B00422C3F8642272E703480266AAF8003074
S315080376C091E700BF3763002000C001B800D001B8B6
S315080376D01C620020006001B8005001B8D065002084
S315080376E0F8B504460F46164609F039F90546A04784
S315080376F0044620B1284609F02DF92046F8BD06F0C0
S31508037700B1F904220549D1F8EC3E23EA07033343CA
S31508037710C1F8EC3E024B5A64ECE700BF003000B0F8
S31508037720002002B800F01803182B0AD003070AD45E
S3150803773040F2011310F0100018BF1846034B986760
S3150803774070470020FAE70120F8E700BF003F00B0C2
S3150803775038B10368044A002B08BF1346034A13606B
S315080377607047014BFAE700BF21EE0308B065002016
S3150803777010B4D0E9584122400B4052EA030104D021
S3150803778003495DF8044B096808475DF8044B7047DD
S31508037790B06500200F2938B505460C460ED801F00A
S315080377A0C3FC01280CD1074A2846536E23F00F035E
S315080377B02343536607F0D3FD002038BD2120FCE799
S315080377C00220FAE7003F00B008B50E4B5A6C12F0D8
S315080377D0A00F01D0002008BD9B6C5B070FD40A4B92
S315080377E0D3F8EC3E23F07F4323F0FF033BB1FFF7C7
S315080377F0A7FE0928EED00C3818BF0120EBE70120B5
S31508037800E9E700BF000002B8003000B0074A084B9A
S3150803781030B10221C2F864120422C3F86422704705
S315080378200421C2F864120222F7E700BF006001B818
S31508037830005001B870B50D46064620B91A4B1B68A9
S31508037840CBB10E2016E001F06FFC01282AD1174BA5
S31508037850D6F8F00093F9004007F087FCC4F11C043E
S31508037860241A641BC4F12B03002BB8BF5B42232BDA
S315080378700CDD212070BD01F10F03002BB8BF5B425D
S31508037880232BF6DC094B19700020F3E786F82850FA
S3150803789009F065F8054660B201F078F8284609F05C
S315080378A059F8F1E70220E5E7A85F002038630020CE
S315080378B010B5044607F0CEFC10B1012001F0B6FC62
S315080378C0204601F0CFFB04F04DFC09F048F80A4ABC
S315080378D00121D2F8BC3E044623F02003C2F8BC3E7D
S315080378E00222064B08469A60054B5B689847204672
S315080378F009F030F8002010BD003000B0001002B8BF
S315080379009C65002008B507F08CFA8022024B58675D
S31508037910024B1A6108BD00BF003F00B0000002B861
S31508037920014B1868704700BF2862002037B509F075
S3150803793016F801230022002400930023054619465E
S315080379401046019405F066FE052002F0DBFE064BA1
S3150803795021461C60054B02205B689847284608F0B9
S31508037960F9FF204603B030BD306200209C65002035
S315080379702DE9FF4102290D4616469846039004D180
S31508037980FFF7D4FF04B0BDE8F08108F0E8FF1E4F07
S3150803799004463B683BB1B34205D008F0DBFF00233E
S315080379A021203B60EEE7194B0022C3F800803E60B6
S315080379B0002301264FF00008104619460196009643
S315080379C005F028FE124B052083F8008002F09AFE84
S315080379D043462A46052003A902F0B2FE0D4B039A35
S315080379E01A6008B92046D8E70B4D2B689847212813
S315080379F004D0204608F0AEFF0020C3E731466B6883
S31508037A0002209847F5E700BF306200202C62002069
S31508037A103C630020286200209C650020044B5B6EB3
S31508037A209B044EBF0120034B187800F001007047F2
S31508037A3000C001B83C63002090F82730023B022BB4
S31508037A4005D84B7C9BB1012B13D0022B13D0D0F84E
S31508037A5068311B0609D5D0F8A4300D2B02D00F3B8D
S31508037A60022B02D88B8A1A2B07D807F055BA044873
S31508037A70704704487047044870470448704700BF76
S31508037A8020A1070048E8010040420F0080841E0039
S31508037A900A78022A11D0101F4242424152004B78FB
S31508037AA01201022B0BD0191F4B424B415B000549B0
S31508037AB0054842EA8312FFF713BE0122EFE70123C3
S31508037AC0F5E700BFF0FFFF00719103080B78022B5F
S31508037AD010D0181F434243415B004A78022A0BD051
S31508037AE0111F4A424A4152000F21044843EA8202BF
S31508037AF0FFF7F6BD0123F0E70122F5E79D91030899
S31508037B00D0F8B03010B5994204460ED0C0F8B0107C
S31508037B1002F050FA0649A4F840010123054AD1F8B0
S31508037B20FC1004F5827004F059FC002010BD00BF58
S31508037B30004F00B0A43F00B02DE9F74304460F46B3
S31508037B4015461E46FFF740FE38B3A38A2BB32046D5
S31508037B5007F053F878B9754BD3F8EC2E1EB10E20FF
S31508037B6003B0BDE8F08302F03003102BF7D002F020
S31508037B70C002402AF3D0DFF8DC8104F0F3FAD8F820
S31508037B801430D907EBD508F0EAFE0646032002F0BF
S31508037B90C5FE20B1304608F0DDFE0220E0E7D8F83E
S31508037BA0142012F00608F5D1304608F0D3FE5F4BD1
S31508037BB04FF400612046D3F8EC9ED3F8C46E06F062
S31508037BC0C1F840B14FF400720121594B08465A6473
S31508037BD0424606F0DDFE94F825309A0707D5D4F811
S31508037BE0A0305B0542BF4FF40022524B5A64394614
S31508037BF02046FEF7AFFF4D4BC3F8EC9EC3F8C46EA1
S31508037C000028ADD194F82430980601D4002D4ED01F
S31508037C10C5F3400004F0AAFE022315F4807F1FBFB4
S31508037C20444A002153644FF03A420BBF404A9161DC
S31508037C305364536305F016FF4FF4806315F0040F7E
S31508037C4014BF3D4A3D4A3A4E1365042328467364D6
S31508037C50FFF768FD204607F0A9F938B14FF480739A
S31508037C6015F0010F16BF334A73645364A90647D543
S31508037C704FF6FF72B4F8423093420FD0304A314977
S31508037C80526F100CC2F301120132B3FBF2F30880F0
S31508037C90294A2A492C481B0448675367003D18BFDD
S31508037CA0012594F8243065F3451384F824302046D7
S31508037CB007F0D0FAF0B1204607F078F9D0B14FF4BF
S31508037CC00031204606F03EF8431C03229BB21F48A8
S31508037CD001A907F0AAFB9DF8042002F00703052B68
S31508037CE09DF8053015D112070DD443F48073184A4D
S31508037CF0C2F8CC30002003B0BDE8F04307F0A2BBBE
S31508037D0001F0D2F9CAE713F0040F09D19DF806303A
S31508037D10EBE703F03002202A05D113F0010FF4E74D
S31508037D204FF48073E3E79DF80630E0E7003000B0D0
S31508037D30002002B8001002B8005001B8006001B86C
S31508037D40004001B8D26500200000FFFF0C0000BA0E
S31508037D50003E00B000C001B82DE9F3410646884647
S31508037D6015461F4608F0FBFD0446032002F0D6FD20
S31508037D7038B1204608F0EEFD0E24204602B0BDE8D1
S31508037D80F081042002F0CAFD0028F2D1204608F04B
S31508037D90E1FD01232A4641463046FFF7CDFE044658
S31508037DA00028EAD1DFF8CC8067B388F800003946A3
S31508037DB03046FFF7E5FB00284ED198F80030012B33
S31508037DC01DD02022254B5A64254B5B6FB3F5817F63
S31508037DD020D2012007F052FB08F0C1FD214B0646CD
S31508037DE01B680193D3B902F019FE15F0800527D154
S31508037DF0012002F01FFE284604F0B6FC26E004F034
S31508037E00C9FCBAE798F80030012BF8D0002BD8D173
S31508037E102124B2E78022144B1A61DAE7042002F020
S31508037E2071FC00230122042001A902F089FC002821
S31508037E30D9D104F0FDFD2124304608F08BFD9CE7DB
S31508037E4000220A4B01209A6702F0F4FD084B012130
S31508037E505B6800209847EFE704468EE7001002B8F0
S31508037E60003F00B01C620020000002B800C001B841
S31508037E709C6500203763002010B50C4619B107F03E
S31508037E80E9F900B10434204602F052FF024B40429E
S31508037E90C3F8DC0E002010BD003000B0C38E70B5E9
S31508037EA093420C4615461CD3036D8B4208BF002428
S31508037EB008F055FD0646FFF743FBC31FDBB2022B4B
S31508037EC001D90C2803D1084B5B6C9B0304D401220C
S31508037ED02946204601F004FD304608F03BFD002004
S31508037EE070BD2120FCE700BF000002B82DE9F04170
S31508037EF00B460646154611B92120BDE8F081002A2E
S31508037F00FAD0032905D8002201F05CFE03460028AF
S31508037F10F2D01C889A78B4F5804F02F0070180F0F6
S31508037F208480A1F1070C1879DF88DCF1000343EBA1
S31508037F300C0305292B7394BF0023C2F30013C2F362
S31508037F40801C6B73930985F810C003F00203C2F310
S31508037F50C00C43EA0C03C2F34012E8746B74AA74A8
S31508037F60D6F8A030AF82D8064BD40639012948D8AB
S31508037F70B6F81280F76908F1FF38083C04EA0804E2
S31508037F80395D002080290CBF6FF07F013239284BF9
S31508037F9018BF49B25B6DA973A86096F827300134F8
S31508037FA0FF2B04EA08040BD13B5D5B0103F47E63F4
S31508037FB0FF2B9CBFDB43D8B2D6F8F83003B19847FA
S31508037FC0631CE87303EA0803F95C013303EA08034D
S31508037FD0FA5C013303EA080341EA0221FA5C013336
S31508037FE003EA0803F85C41EA0241002341EA006117
S31508037FF06A7C304604F0A0FA06232860AB71002099
S315080380007BE700230020EB730A4BDA69C2F30723E5
S31508038010120448BF63F0FF035AB212F1800F1CBF64
S31508038020323B5AB2AA730346E7E7022065E700BF65
S31508038030004000B800C000B870B506460C468D88E7
S31508038040FFF7FAFC96F82720617C042A4FEAC50352
S315080380501DD1012998BF0333E0B1B3F5803F19D881
S315080380604FF22441420901FB03220009B2FBF0F255
S31508038070236800209B1A084A2360D2F8A82002F036
S315080380801F02A3EBC20323600523A37170BD023A43
S31508038090012ADFE70220F9E7003E00B0F8B50746F4
S315080380A00D4614468BB107F0A4F829463846BE8A0E
S315080380B001F0CAF9B44228BF3446A4B22246294677
S315080380C0044801F03FFB2046F8BD06F08DFF06463F
S315080380D0F0E700BF0C0000BA082310B1024A536444
S315080380E07047024AFBE700BF001002B8002002B837
S315080380F02DE9F743DDF828800746894616461D46C7
S3150803810008F02DFC0446032002F008FC38B120468B
S3150803811008F020FC0E24204603B0BDE8F083524B3A
S3150803812020465B6913F0060FF2D108F013FC01230E
S31508038130324649463846FFF7FFFC04460028EAD18B
S31508038140002D7ED0B8F1000F7BD0DFF83891D9F82F
S315080381500030002B46DB04224FF43451D9F80000D3
S31508038160EBF7D2FCE8220021D9F80000EBF7F6FC7E
S315080381704FF480723C4B414638469A65FFF700FA3E
S3150803818004460028C7D1394B1B78012B59D0202226
S31508038190374B01205A64374B5B6FB3F5817F22BF98
S315080381A08022354B1A6107F069F908F0D8FB334A80
S315080381B08046136813B329682C790B44136001931B
S315080381C0E3B1042002F09EFA00232246042001A903
S315080381D002F0B6FA90B904F02BFC2124404608F0C5
S315080381E0B9FB98E701213B20EAF79CFE2046EBF70B
S315080381F099FC0028C9F80000ADDA8BE702F00EFCFB
S3150803820016F080001FD00022174B9A676879431E21
S3150803821058425841FFF760FF2A792B68012AD7F895
S31508038220141101D18B4211D35B1A0193032008233E
S3150803823001A902F085FA58B904F0FAFB404608F09A
S3150803824089FB212467E704F08FFADFE70023ECE7CD
S315080382500B4D2B68984721280446BFD101210020DE
S315080382606B6898470024B9E700C001B83763002054
S31508038270001002B8003F00B0000002B81C620020DC
S315080382809C650020A4650020054A12681AB190F877
S315080382902A1119B91047084603F044B8014870472C
S315080382A01462002000FEFFFF394B2DE9F3471C68D3
S315080382B001F4007900F00103174653EA090206465A
S315080382C00D463FD04FF000088BB300230022012050
S315080382D00021CDF80480CDF8008005F09BF94146CE
S315080382E02046FFF7D1FF01224FF0FF3A4146608649
S315080382F0DFF8B080104606F04BFBD4F8A01094F8CC
S31508038300270003F0B5F8D8F8000000F079FAC8F8A2
S3150803831000A0DFF89480D8F8000000F07FFA94F8FC
S315080383202430C8F800A043F0040384F82430B9F1D4
S31508038330000F07D00121204607F053F925F40075ED
S3150803834006430D432B4632462046FFF711FAFB0731
S315080383500FD51049104A08680021136811600121D6
S315080383600E4A117003B198470D4B002102205B6832
S31508038370984717F00E0F08D040F2C7123B2100208A
S3150803838002B0BDE8F047FEF70FBD02B0BDE8F087BF
S31508038390A85F00202C620020306200203C63002086
S315080383A09C650020AC650020A865002008B5582206
S315080383B00021064805F037FF1022FF21044805F07F
S315080383C032FF05F005FD002008BD00BFF03E00B0F2
S315080383D0343F00B073B5314A3149137809784FF001
S315080383E0FF350B4386211370A0F820116F228221D3
S315080383F0C0F80C21C0E944126422C0E9462240F2BF
S31508038400FF320C2382854FF40042002680F83C3164
S315080384104FF6FF730446A0F84820224A03860264EF
S3150803842000F154020265204AC3844263C0F8B0507F
S315080384304585856380F8286004F058F92046FFF7D8
S31508038440B5FF0122194B2046C3F8382294F92810A0
S31508038450FFF7F0F96023164A41F6FF71D3644FF02C
S315080384603A4211631167134A2946D3644022124BD1
S3150803847020465A64D4F8A02006F029FD0E230022CC
S315080384800193009340F202231046194605F0C2F8F9
S3150803849001F02CFD304602B070BD00BF3E630020DC
S315080384A0648604080700FFFFFFFF4000005001B879
S315080384B0004000B8005000B8002002B810B50C46BA
S315080384C0FFF774FFCCB1A378082B18D8E278082AEB
S315080384D015D843EA021313F0FF030CBF1946616864
S315080384E0084AC2F8F010217882F84411617882F8B4
S315080384F0473182F8451105F06BFC002010BD212099
S31508038500FCE700BF003E00B0012A10B512D8032BC2
S3150803851010D803EB82020123074C934094F84601D3
S31508038520DBB221B10343002084F8463110BD20EAAB
S315080385300303F8E72120F9E7003E00B0044BD3F81C
S31508038540EC3E13F0806F14BF23200020704700BF52
S31508038550003000B00246F8B5B0F8404100F5827520
S31508038560FFF7ECFF0B688E68013304BFD2F80C31B2
S315080385700B604B68013304BFD2F818314B60771C84
S315080385803FD1D2F81431CF688B607E1C40D1D2F824
S3150803859010610F69CE60013704BFD2F804710F6109
S315080385A04F69013704BFD2F808714F618F690137E4
S315080385B004BFD2F81C718F618F6987BBC0F164044D
S315080385C008688C6110B16F2838BF6F20C2F8143160
S315080385D04B68C2F80C01C2F818310B692846C2F871
S315080385E004314B691149C2F81061C2F81C41C2F83B
S315080385F00831D1F8FC1007230D4A03F0EFFE0020DB
S31508038600F8BD04F16F031B1AB34238BF3346BAE702
S3150803861004F18606361ABE4238BF3E46B9E76F34BA
S31508038620241ABC4238BF3C46CAE700BF004F00B015
S31508038630A43F00B038B5054C054B4178007825684A
S31508038640236003F02FF800B1256038BD346200209B
S31508038650A488040838B508F082F9054600F064FDD5
S31508038660012805D0284608F075F90224204638BDA6
S31508038670FEF766FF0028F1D1044BDC6814F080543A
S31508038680ECD1284608F066F9F0E700BF000002B807
S315080386900A4B10B51B68044673B1094B48B101214F
S315080386A0084A1A60022003F073FD0020064B1C706B
S315080386B010BD01461860F5E70220F9E73462002089
S315080386C0386200209C8804083D630020014B187813
S315080386D0704700BF3D6300204FF40022034B586CDC
S315080386E003F500535A64C0F3C0407047000002B84C
S315080386F0024B586900F00100704700BF00C001B87B
S3150803870008B50D4B5A69D10710D518B9BDE8084005
S3150803871001F0D2BF5B69DA070DD401F0BFFF03236B
S31508038720064A1364A2F58052536404E05B69DB07C7
S3150803873001D40028F1D108BD00C001B800E00950F2
S3150803874030B56FF040440E4D2040C5F850420D4CED
S31508038750D2B2C4F850024FF0FF30C5F85402C4F839
S315080387605412FF21C5F86412C4F864220649074A5D
S315080387700020C2F8C810A2F58052C2F8C83030BD2E
S31508038780006001B8005001B80000FFFF00E000B820
S3150803879090F92430002B0CDA4FF08053064A29B19E
S315080387A09360A2F58052D36000207047D36093602C
S315080387B0FAE70E20704700BF006001B84FF08063E8
S315080387C010B1024A53617047014AFBE7001002B829
S315080387D0002002B8202350B1064AC2F8F433064BE8
S315080387E0196C11F0010104D1032003F0D1BC034A2B
S315080387F0F3E77047001002B800C002B8002002B8B9
S31508038800431C07D06FF0FF02034B10405A62A3F5CF
S3150803881080535862704700BF00E000B8431C06D077
S315080388206FF07E42024BDA63A3F58053D863704731
S3150803883000E000B8014B986E704700BF003F00B0D8
S31508038840014B002099667047003F00B003282DE9C5
S31508038850F74F0C4691467ED8404B13F800A0404B81
S315080388601E5C404B13F800B008F079F8804605F013
S31508038870C3F8074640B10023002201930093012061
S315080388800023002104F0C6FE05F0BEF848B1002314
S31508038890002201930093002000234FF4004104F0C3
S315080388A0B9FE002E4AD0304BDD6C05F008050AEBFD
S315080388B006002E4B23305844DD64C0B201F06EFE29
S315080388C03146504605F0E6F85A463146504605F015
S315080388D04FF9274BDD649FB14FF0FF35254B1B68D6
S315080388E0D3F8A01093F8270002F0C2FD22490868BE
S315080388F0FFF786FF0D6021490868FFF78FFF0D60B4
S31508038900B9F1000F04D01E4B002103205B6898477A
S31508038910B4B14FF400521B4B1D6F03F50053C5F357
S3150803892040351A67404608F015F800F0FDFB0128A4
S3150803893008D15DB9002003B0BDE8F08F3546B6E728
S315080389402546EFE7002CF0D10520F4E74FF4005253
S315080389500D4B1A67EEE72120EDE700BFBC88040834
S31508038960B8880408B4880408004000B8006000B852
S31508038970005000B8A85F0020AC650020A865002059
S315080389809C65002000C001B800D001B8054AC002A2
S31508038990136A00F4FF2023F4FF2318431062002010
S315080389A0704700BF00C000B8094B08461A6D91020C
S315080389B00BD4D3F84021D20708D4D3F8803013F464
S315080389C0706F14BF0120002070470120704700BF55
S315080389D0004001B8F8B50D46144601F00B0323EA27
S315080389E00201494A2340D1646F07A2F5805206461D
S315080389F0D36410D50121FFF7D7FF60B105F032F82C
S31508038A004FF4007314F0040F14BF404A404A136529
S31508038A100422404B5A64E90606D514F0100F14BF16
S31508038A2000221B223C4B5A652A0618D5230611D564
S31508038A304FF40012354BDA6407F091FF0E2107460F
S31508038A40032002F04FFC40F20122334B3846DA6228
S31508038A5007F080FF214696F8270002F009FDEF0587
S31508038A6003D5E00538D502F0D3FCA90503D5A2053D
S31508038A7035D502F0D9FC15F48C6F18D014F480623E
S31508038A8032D096F825309B070CD5328EB6F8363198
S31508038A90934227D0B6F838319F1A7B427B411F4A47
S31508038AA082F8D8303046D6F8F010FEF72BFF2B05A0
S31508038AB010D504F0D7FF1A4A14F4006FD2F8EC3E27
S31508038AC014BF43F0006323F00063C2F8EC3E0422AC
S31508038AD0104B5A640020F8BD02F094FCC5E702F077
S31508038AE09DFCC8E70123DAE76805DBD596F8253048
S31508038AF09907D7D5094B114683F8D820094B304631
S31508038B001B689847CEE700BF006000B8005001B85D
S31508038B10006001B8002002B8004000B8003E00B06B
S31508038B20003000B04062002070B5054690F83C015D
S31508038B300C460C2822D0FF2901D1212070BD1AB179
S31508038B404FF0FF320F4B1A6006F080FC064695F885
S31508038B503C0101F021FA844228BF0446E4B2B44238
S31508038B6038BF3446E0B285F82B0001F041FB064ACC
S31508038B700346107820B9FF2BE0D1DEE70220DDE7B4
S31508038B800020DBE7B4650020648604087FB51C4B28
S31508038B9004461B780E4615460BB3D0F8EC306BB378
S31508038BA002AAB3F9123000920022D4F73AFD0299C9
S31508038BB02046C1F3813106F0E9FA70B9BDF90C30E4
S31508038BC0029902460093C1F30D0103462046FEF7B8
S31508038BD055F82946204606F041FC04B070BD02A9A3
S31508038BE005F087FF32469DF808102046D4F774FD32
S31508038BF02A4601462046FFF797FFEEE71846ECE7B5
S31508038C0064860408F8B50D4690F83C1104460C2909
S31508038C10174603D12E4B1B78002B51D02A462046E4
S31508038C20A4F84850D4F758FDD4F8EC3084F82A0051
S31508038C30002B41D0274A1678D4F8FC204EB1002AD7
S31508038C4040D1B4F94800B3F91210884206DC00266D
S31508038C5007E0BABB94F84521824202D20126B3F94A
S31508038C60125000222946204684F82D70FFF78EFFFE
S31508038C7008BB76B1C4F8EC00204605F003FF4FF6AF
S31508038C80FF739842014615D02046BDE8F840FDF724
S31508038C9061BF114B1B7813F0FD0F0BD1204601F072
S31508038CA089F90E4901230E4AD1F8FC1004F582709E
S31508038CB003F094FB0020F8BDFF2384F82B30F9E773
S31508038CC00220F8E7B4F94410B3F912209142BDE73C
S31508038CD0648604083E630020D4650020004F00B074
S31508038CE0A43F00B0F0B504468FB000F019FCD4F8E1
S31508038CF0A8300546012B00D010B128460FB0F0BDA9
S31508038D007849204606F001FCD4F8EC600146258E26
S31508038D10C4F8F0003EB133682BB15B681BB11A681F
S31508038D20032A00F2BC8007F01AFED4F8F030002BB1
S31508038D3000F082801A68032A7ED99F6A7F0E07F09D
S31508038D4009FED4F8F010B3898DF80E70B06872680E
S31508038D50EB1A9BB200FB03226348ADF80C30036899
S31508038D600292994202D02046FEF7CCFD5F4D604E33
S31508038D7000F0DAF90128FBD12B6CDF07F8D4726C03
S31508038D8012F08072F4D1D4F8F010CDE90A220892D1
S31508038D900D9109920C9220469DF80E20029908AB74
S31508038DA003F010F800285AD100F0BEF90128FBD1C8
S31508038DB04F4A4E49536CD801FCD40B6CDB07F9D4E4
S31508038DC008A901A803F076F90546002847D1228E9B
S31508038DD0484B5A6494F8243060F3410384F82430EA
S31508038DE000F046FCD4F8EC305969431E0E68DBB232
S31508038DF0FD2B049637D84B680128059343D10126E2
S31508038E00DF1C06D901333C4B5B6859D0DA1C54D8AE
S31508038E100593024604A9204600F0C4FB002E7FF4FE
S31508038E206CAFD4F8643199053CD494F8243043F0F4
S31508038E30020384F8243060E72E4BDB6BC3F3C202CC
S31508038E4013F0380F03F0070718BF574313F4E07FEF
S31508038E50C3F382123FF473AF02FB07F76FE70225EA
S31508038E6028460FB0F0BDF71C13D9234B01361B68F0
S31508038E7018BF0126DA1C1BD804934B68FF280593F1
S31508038E80BED00020C5E70246204604A900F08AFBA7
S31508038E9033E74B68FF280593B1D02A46F4E79F6A60
S31508038EA07F0E50E720464FF4803106F09AFB24E7FD
S31508038EB0FF284B6813D00593B0E7FF28AED1E0E748
S31508038EC0DE1C06D80246204604A9059300F06AFB71
S31508038ED0A7E7FF28A5D10022204604A9F6E7012023
S31508038EE005938DE7FC4F00B01862002000C002B856
S31508038EF0000002B8008001B8BC65002010B5042341
S31508038F004FF03A4101240A4AD1F81801C2F8183138
S31508038F10C2F814314C634FF400511163410742BF41
S31508038F20C2F81431A2F58052C2F8183110BD00BF39
S31508038F30002000BA2DE9F04104460E4619B990F807
S31508038F4024305A0650D43D4B3D4A5B6AA18EC3F37F
S31508038F50032313704FF6FF739942D4F8F07004D0C5
S31508038F60384B1B680BB120469847374D2B68BB42D5
S31508038F705DD0364B1B6833B1002F5BD0396801B11E
S31508038F80B968204698474FF00708204601F012F8BB
S31508038F90002E41D02E4B93F90030C3F11C0317B1B1
S31508038FA097F926209B1A062094F9286023499B1BC8
S31508038FB00A6ADB0222F4FF2203F4FF2313430B623C
S31508038FC0D4F8F020234B2A60986701F0BDF90025F1
S31508038FD00121214A214B1170204683F8805006F05F
S31508038FE0BEF92846BDE8F0814FF6FF7C66F3861383
S31508038FF0124A80F82430536A134D1149C3F30323E5
S31508039000D0F8F0700B702B68A0F834C0BB42B0D10F
S3150803901000F0D0FF4FF00108114A4346D2F8FC107E
S3150803902004F58270A2F65C7203F0D8F9B2E74FF042
S315080390300108AAE7394620469847A4E700C000B8BE
S315080390403B6300202462002018620020206200206F
S3150803905038630020006000B83A630020003F00B080
S31508039060004F00B010B50446D0F824210B4B4FF43B
S315080390700061C3F8C02090F82420D20102F40062EC
S3150803908004F04CFE94F8243013F0100F4FF40073D9
S3150803909014BF034A034A536410BD00BF003E00B021
S315080390A0001002B8002002B838B507F058FC4FF68E
S315080390B0FF710A4A13888B4203D107F04BFC0E2033
S315080390C038BD074C074D1B046567A4F580546367D1
S315080390D0118007F03FFC0020F2E700BFD2650020AD
S315080390E0006001B80000FFFF08B50C4BD3F84C210C
S315080390F0531C11D012F080420ED1094B1B681BB1C9
S3150803910011460320FFF7A2FB4FF08062054B1A6551
S3150803911001225A6102229A6208BD00BF0080E00F4D
S31508039120A85F0020001002B80F4BDB68C3F3036384
S31508039130013B0B2B0FD8DFE803F006060C060606E1
S3150803914006080A0808080220704704207047052005
S31508039150704703207047054B5B6913F0060F0CBF76
S3150803916001200420704700BF000002B800C001B800
S31508039170094AD368C3F303630B2B08D06FF49050E3
S31508039180184100F0010080F0010040007047506C60
S3150803919010F48030EDD17047000002B80C4AD3684A
S315080391A0C3F30363062B07D8042BD8B20BD8C31E05
S315080391B05842584140007047072B06D1D2F8680138
S315080391C00028ECD17047022070470020704700BF83
S315080391D0000002B8094BDB68C3F303639A1E012A2E
S315080391E08CBF00220122012B02701EBF4FF40262BC
S315080391F022FA03F303F001030B707047000002B869
S31508039200094AD368C3F30363032B01D0072B08D199
S31508039210936CDB0605D4D06C80F00800C0F3C0005D
S3150803922070470020704700BF000002B8024B1B6856
S3150803923003B11847704700BF4C620020024B1B68F6
S3150803924003B11847704700BF4862002010B5FF22D4
S315080392504FF6FF71044606F000F868B9FF224FF689
S31508039260FF71204606F00AF830B92046BDE81040DB
S31508039270FF22024906F015B810BD00BFC8880408C6
S3150803928010B55B0743EA02439DF8082043EAC16326
S31508039290520502F0BC621A43064942F4C8720446F0
S315080392A004F03CFD002220461146FEF7F7FD002098
S315080392B010BD00BF9007E12D37B50C4605460B4B8D
S315080392C01A680B4B19680B4B186801F049FE94F89A
S315080392D028302846009394F82B3094F8292094F8DC
S315080392E02A10FFF7CDFF03B030BD00BFDC620020B4
S315080392F0D8620020E062002008B5FFF781FF88B135
S31508039300094BDA6912030DD5586C10F4003009D1EC
S31508039310DB6C13F0100F4FF010030CBF034A044A1B
S31508039320D36408BD0220FCE7000002B8001002B8A7
S31508039330002002B838B50546FFF762FF98B10B4B14
S315080393405C6C14F400340ED10220094B094A1B68DD
S315080393501B6DD0642246AB4214BF2846002000F09A
S31508039360BFFA204638BD0224FBE700BF000002B857
S31508039370A85F0020001002B838B54B1E012B05461E
S315080393800C4616D8022915BF002201220221002104
S315080393900A480A430A4B0B49FFF7D2F9003C18BFA0
S315080393A0012495F82430002064F3C71385F8243084
S315080393B038BD002204481146EBE700BF91D10619D0
S315080393C00000E2EC9E0C4B5490D1061904292DE9B2
S315080393D0F04104460F462ED84E1EF6B2032E8BBF17
S315080393E00025164BA84613F806809CBF144B9D5DB3
S315080393F005F030FF80B94FF000084FF460320020C3
S31508039400104B6D045A6245EAC835A3F580535D626D
S3150803941084F82E70BDE8F0812046FFF70BFA80B278
S315080394208428E8D8022EE8D894F824102046C909D7
S31508039430FFF7A2FFE1E72120ECE700BFC488040891
S31508039440C088040800E000B810B590F82700FF2884
S3150803945014D0304BD3F8A02012F0060F01D0012800
S315080394600DD94FF470622C4BDA604FF48072A3F572
S315080394708053DA600022274BC3F89C2010BD02F004
S31508039480020412F0040202D00B789B0637D4002C90
S3150803949039D00B7803F00F03072B34D14B78022B03
S315080394A031D98B7813F03E0F2DD0CC7814F0040FF6
S315080394B029D014F0010F0CBF04230A23A40748BFBD
S315080394C00633CB5CFBB1002A14BF02220122012812
S315080394D040F6FF7003F01F0108BF4900013940EA4F
S315080394E001310E4801654FF470600B491202C860DA
S315080394F0A1F58051CA60074AC2F89C30BEE7002C22
S31508039500C7D18B7823B90023044A13650122EAE7F6
S315080395100222DCE7003E00B0006000B8004000B855
S3150803952010B590F82710012903D8174BD3F89830AC
S315080395300BB1002010BD028E272A22D8134B1448DC
S315080395401B68834219D031241248181A43424341EF
S315080395505B000D48A0F8B24050246343282404FB5B
S3150803956001330D491944895CFA31A0F8B8100B493F
S315080395700B449A5C0A4B1A70DBE76FF0030401236A
S31508039580E7E70E20D6E700BF003E00B0746200206E
S3150803959000F04902005A6202FCC504080CC5040817
S315080395A05E63002010B5124B0C68C3F87842C3F803
S315080395B07C42C8B1D0F8EC30B3B15B69A3B1501E95
S315080395C0C0B2FD2812D9013404BF6FF00100086048
S315080395D00868FF2A186007D14A68013202D16FF07A
S315080395E001024A604A685A60002010BD012AF2E760
S315080395F0004001B8F0B585B06D460E460F4B0746D9
S3150803960014460FCB85E80F000D4BD3F8480200909C
S31508039610D3F84C2201923EB1631EDBB2FD2B0AD965
S315080396203060FF2C00D17260224629463846FFF780
S31508039630B9FF05B0F0BD012CF4E700BFD0880408D4
S315080396400080E00FFF2818BFC3434FF0180108BF77
S315080396501023064A18BFDB00C2F8FC1318BF03F031
S315080396600803A2F58052C2F8FC337047002002B8FB
S31508039670024BD3F8F807C0F3C0407047000002B89E
S315080396804FF03A43D3F81421D2031ED54FF4803250
S315080396900E49C1F81421A1F58051C1F818215A6D54
S315080396A0D1B2C2F30722C3F8A410C3F8A420042234
S315080396B0C3F8A4200022C3F8A420C3F8A420C3F83F
S315080396C0A420C3F8A420C3F8A4207047002000BA36
S315080396D0F0220B4B01219A64A022A3F580539A64C6
S315080396E04FF03A43026DC3F8F410FC21C3F8CC10CB
S315080396F0C3F8D0204FF40052C3F8F020704700BFD8
S31508039700006000B8F8B54FF03A440D4617460646CA
S3150803971007F025F9012304226363084BE7602661F2
S315080397206561C3F814214FF40042054BC3F884213D
S3150803973007F010F90DB102236363F8BD002000BAE0
S3150803974000E100E02DE9F04105460124006800F038
S315080397500700063004FA00F3A868EC685E1EA04208
S3150803976000F0928000EA06076C6810441E43064020
S31508039770D81B07EB040C8242644638D9D31AFA1865
S31508039780A0B3431E062B74D941EA0C039B0770D179
S315080397904B1CACEB0303022B6BD90B4620F0030ED1
S315080397A08E44ACEB01071C68DC5104339E45FAD1A1
S315080397B020F0030310F0030F01EB030EA0EB0304E1
S315080397C00CEB030700F0888011F80380012C0CF8D2
S315080397D0038000F081809EF80130022C7B7018BF4D
S315080397E09EF80230084418BFBB7001466C685AB32A
S315080397F0531E062B01F101032FD9E01A02282CD98F
S3150803980041EA0400800728D1234622F0030CA44426
S31508039810081F50F8047F43F8047B6345F9D122F007
S315080398200303D01A920701EB030C04EB03070BD0CF
S31508039830CA5C0128E25407D09CF8013002287B70E1
S3150803984002D09CF80230BB7007F089F80223AE6099
S31508039850AB62BDE8F04107F07DB80A4404F1FF3C6A
S3150803986000E0013313F8011C93420CF8011FF8D1E9
S31508039870EAE70B460844ACEB0107D91913F8014B81
S3150803988083420C70F9D1B0E7042A0DD90878043A53
S31508039890A86148780431A86111F8020CA86111F887
S315080398A0010CA861A8685DE7013A032A12D8DFE824
S315080398B002F00F1507020B4613F8012B1946AA6186
S315080398C00A4612F8013BAB61114611F8013BAB613D
S315080398D00B78AB61BDE8F081084486E70A46F3E7EF
S315080398E038B50B46154601464FF03A4468B101228E
S315080398F01048C4F8F4201A46FFF724FF25B14FF0A1
S315080399003A430422C3F8F42038BD73B1D4F8D820F7
S315080399109A4284BF0122C4F8F4204FF03A42C2F8AF
S31508039920D4300223C2F8F430E8E70123C4F8F4304C
S31508039930E4E700BFCC0000BA38B5044607F00FF8D1
S315080399404FF03A420121A38F054651674BB3B3FA49
S3150803995083F3C3F11903DBB2A069C2F8B410C2F8E2
S315080399608C300723C2F89000C2F8B0304FF4A02316
S3150803997002F50052C2F81431A2F58052C2F8183122
S3150803998000220D4B1A600D4B5B6C5B0209D54FF435
S3150803999080020B4B5A64D4F8A01094F8270001F000
S315080399A067FD0023E38707232846A4F84030BDE86C
S315080399B0384006F0CFBF00BF50620020000002B84F
S315080399C0002002B82DE9F84305460C46B1B1D0F894
S315080399D01880878F06F0C3FFB5F83EC0791E01EAE3
S315080399E00C0323F00702032C0646DFF800E1424482
S315080399F061D1DEF8004024B906F0ACFF0E20BDE8BD
S31508039A00F88324F00104DEF8000020F00100A042E8
S31508039A1056D10023CEF80030238894426FEA434395
S31508039A206FEA5343238041D1B5F8403008EB070961
S31508039A301846083880B202F108044C4528BF444644
S31508039A40082804D9B4F800E0BEF5804F43D263442E
S31508039A500F431B1A3B409BB2EB87A5F8400094784B
S31508039A6011884FF03A42C1F30C019165C2F8983058
S31508039A70C2F8B0004FF48022184B04F00704C3F869
S31508039A8014214FF40042164BC3F88421FFF7F8FD5F
S31508039A90042C0BD14FF48002124B5B6C124B5A64A5
S31508039AA0D5F8A01095F8270001F0E2FC304606F039
S31508039AB051FF0020A3E7601E012898BF1446A2E7BA
S31508039AC0B5F840004344E31A48BFDB1908389842FF
S31508039AD0A2DC304690E72246ABE700BF002000BA77
S31508039AE000E100E0000002B8002002B8506200203E
S31508039AF0164B10B51968B1F84020CB8F888F1344DD
S31508039B000138073B8C69034023F007031C4402F121
S31508039B1008034FF03A429BB2A1F84030C2F8B0307E
S31508039B204FF480220A4BC3F814214FF40042094B21
S31508039B30C3F88421A07800F00700042803D1064A55
S31508039B40D3681B03FCD4054B1C6010BDA85F00201B
S31508039B50002000BA00E100E0000002B850620020CD
S31508039B6010B5064C216839B1CB0703D4044B1868E2
S31508039B70FFF728FF0023236010BD00BF50620020B3
S31508039B80A85F00204FF480320C4B0D49C3F8182107
S31508039B904FF03A43C1F81421D3F8AC10D3F88C200C
S31508039BA0012302F0070206329340C1F30C01083B76
S31508039BB0994201D8FFF764BD704700BF002000BA79
S31508039BC0001000BA2DE9F04780460C461646876909
S31508039BD0858F06F0C4FEB8F83E2005F1FF3C02EA7D
S31508039BE00C0323F00701032C82463944B8F84000D6
S31508039BF019D14A4C24689CB90244073A02EA0C0272
S31508039C0022F00702BC183B44E31A48BF5B19834298
S31508039C1010DB504606F09EFE00242046BDE8F0877A
S31508039C2024F00104EFE7012C02D0022CEBD108380B
S31508039C300C46E8E7002E3FD08C4241D14FF03A421A
S31508039C40D2F858904FF03A41D1F8AC20B8F81270D0
S31508039C50C2F30C02934247DA2588B5F5804FD8D26A
S31508039C60A378C5F30C0503F007037A1EA5EB0905CC
S31508039C703A43052B337005EA02052DD82DB2E8437E
S31508039C8040F245420421C00FFDF78EF87580E3784C
S31508039C903374D8F81C207B1E03EA0903D118B16074
S31508039CA0A9B213FA85F5AF422FBF0023FF1AB7806F
S31508039CB0F26024BFB180F360504606F04BFEACE772
S31508039CC0A4F10802974284BFED0802EBC502B2F875
S31508039CD00090C9F30C09B5E7114B5B6D003B18BF40
S31508039CE00123A5EBC305C9E74B6D7A1EA3EB09034D
S31508039CF03A431A400B4915B2002DCB680BDCC3F364
S31508039D000363D81E43424341DB003370CB6C728036
S31508039D101B0A3374BDE70823F7E700BF5062002028
S31508039D20004000B8000002B8134B70B51E684FF028
S31508039D303A43748ADD6D621E5B6DADB292B242EA36
S31508039D4004015B1B0B40191E18BF0121C9000170D2
S31508039D500A492A40C96C4380090A0174F169D6186D
S31508039D60A64201EB0205D2BF0021A31A9BB2856066
S31508039D708380C160002070BDA85F0020000002B880
S31508039D80054BA822D3F84C013121431C0CBF0120F3
S31508039D90C0F38070FDF708B80080E00F10B50F4BCD
S31508039DA01C78ACB90E4BD3F8F8375B0309D490B1DA
S31508039DB00F23441EB4FBF3F410300444E4B22046E4
S31508039DC010BD40F648023F212046FCF7EDFFF6E7B3
S31508039DD00001C4B2F3E71024F1E700BFD4650020FD
S31508039DE0000002B8014B588000207047D465002054
S31508039DF038B5284D0446297819B92022264804F08F
S31508039E0012FA2378254A264913704FF2F002C1F84D
S31508039E10C821244A4BBBA1F50051D1F8F81711F410
S31508039E20002F4FF0FF011CBF1F48C0F8DC3011702C
S31508039E304FF040731A4AC2F834311C4BD3F8F8373B
S31508039E4013F480230BD14FF47F01C2F8301118495C
S31508039E50C1F8303148F2C801164BC3F8F41007238A
S31508039E60C2F8FC330122124B0DE000240E48022BE4
S31508039E70C0F8DC404FF0FF001070D9D10723042245
S31508039E80C1F8FC330A4BC3F8FC23012300202B70CB
S31508039E9038BD00BF3F630020E03F00B0D465002013
S31508039EA0002002B8E0650020004001B8000002B8AF
S31508039EB0001002B8003F00B010B5044601F006F9D9
S31508039EC0094BD3F8F80734B900F44020B0F540201D
S31508039ED018BF012010BD022C0ABF80F400300020F1
S31508039EE0C0F34040F6E700BF000002B82049D1F8A6
S31508039EF0FC37FF2B31D01F48C3F303120270D1F886
S31508039F00F81703F00F0309035BBFC2EB02120F3BFB
S31508039F1002F1FF32D2184ABF03EB0213D3B2DBB204
S31508039F20154A164913700978154B1A68E9B1B2F13F
S31508039F30A06F1AD3D3F85012124A134BB1F1FF3F4D
S31508039F4018BF1346114A136041F66A02104B1B6881
S31508039F50B3FBF2F30F4A13607047D1F8F83713F4DB
S31508039F60002F0CBFB4235A23DAE7074BEAE700BFEF
S31508039F70000002B8E165002041630020DF65002088
S31508039F800080E00F5082E00FE08804085462002046
S31508039F90746200205862002020B1022804D1034BC2
S31508039FA018787047024BFBE700207047E1650020ED
S31508039FB0416300202DE9F74FD0F8B0404C22022C1C
S31508039FC038BF02247B49013CCB6CD1F8DC507A4973
S31508039FD0C3F38213DA400B680646A34290F83C7132
S31508039FE0764BDFF800A2DFF80092DFF8008202F072
S31508039FF0010216D11878904213D19AF80000B84294
S3150803A0000FD1D6F8B40060B1A8420AD196F82B50FE
S3150803A01099F80000854204D1B8F8040003B0BDE8F6
S3150803A020F08F98F800001A700C60FFF7B5FF034627
S3150803A030002A00F0918004234FF07F41604AC2F85A
S3150803A040BC30604BC3F8BC1096F82B301B06C2F81D
S3150803A050BC30002040F271225B4B19211B68B3FB0D
S3150803A060F2F36343182BB3FBF1F14FEA004400F212
S3150803A0709380002C00F09B80B4FA84F2C2F120028C
S3150803A080C2F10F03012B38BF0123D440A14201D2E9
S3150803A090013B6408421C03F01F0152008A40121B4D
S3150803A0A0DFF838B19208CBF8B0201A0242EA031255
S3150803A0B01343019300EB002300EB0325434B40F6C0
S3150803A0C0C20218682B21003818BF0120FCF76CFE62
S3150803A0D0FA223E4B02FB04F01B6840F6FF72B0FB04
S3150803A0E0F3F00A2358433A4B00F57A74C3F8D82099
S3150803A0F0019AA3F58053C3F8D820364AA3F58053AB
S3150803A100C3F8DC50D2F8F827520308D4D3F8DC3066
S3150803A11003F47F02C3F303531343CBF8FC30C6F8A7
S3150803A120B4502D4D00F6B8302C6002F0E1F84FF428
S3150803A1307A722A4BC3F8A400C3F8F8002B68B4FB59
S3150803A140F2F0B3FBF2F3A8F8043096F82B308AF84A
S3150803A150007089F8003061E796F82B00984228BF0B
S3150803A1601846C0B22FB1022F7FF473AFFFF716FE5E
S3150803A17070E7184BD3F8F8371903F7D450B10F2300
S3150803A1800138B0FBF3F00130154B1B68034413F891
S3150803A190010C5FE70120F7E7B1FA81F23CB1B4FAA3
S3150803A1A084F3D21A002A3FF76BAF0F236EE70F2308
S3150803A1B070E700BF004001B8B46500204063002083
S3150803A1C0001002B8002002B874620020586200200A
S3150803A1D0006001B8000002B85C620020003F00B0CE
S3150803A1E054620020DE650020DD650020D46500206A
S3150803A1F038B5254B05461A78244C0C2A02D1FF207C
S3150803A200207038BD104605F021F901461046FFF7C0
S3150803A210C3FEA84228BF2846C0B2884238BF0846AC
S3150803A2202378C0B28342ECD020703ABB184BD3F8DC
S3150803A230F83713F4002321D14FF2F001154AC2F877
S3150803A240C811C8B10F230138C0B2B0FBF3F3591CC8
S3150803A250C3EB0313C01A431C0D4A1B01D2F8C801EA
S3150803A26043EA01330343C2F8C831D2F8C8210A4B7B
S3150803A270C3F8FC202078C4E70121EDE7074B1868EB
S3150803A280FFF798FEF6E700BFD4650020E0650020D7
S3150803A290000002B8002002B8003F00B0A85F002003
S3150803A2A0014B1870704700BFDF65002010B50446E0
S3150803A2B0FCF714FA78B1154B1B786BB964B1144BD8
S3150803A2C01B784BB1134B1B78013B012B04D84FF476
S3150803A2D00042114B1A6510BD104B1B6D1B04FAD4B3
S3150803A2E006F03DFB044603F0BDFB4FF400420C4B5E
S3150803A2F02046BDE810401A6502220A4BC3F8142506
S3150803A3000422054B5A6406F025BB00BF42630020AE
S3150803A3104363002060620020002002B8000002B8F0
S3150803A320001002B800D003500122024B00201A7015
S3150803A330FFF7BCBF426300200022024B01201A70BC
S3150803A340FFF7B4BF42630020054BD3F8843013F0FC
S3150803A350030F4FF4802314BF024A034A93647047DA
S3150803A360004000B8005000B8006000B8F7B50646CC
S3150803A370534C00F0ABFE01213A20E8F7D3FD514BCD
S3150803A3802578514F1E7085BB2846FFF78FFF237824
S3150803A390013B012B19D8E37B01A88DF80430237CF4
S3150803A3A08DF80530E6F768FFC7F814554FF6FF72C0
S3150803A3B0464BC3F88420F822A3F58053C3F88420B8
S3150803A3C00022414BC3F814250DE04FF6FF723F4BAD
S3150803A3D0C7F81455C3F88420F822A3F58053C3F8A5
S3150803A3E08420C7F814553A4B5BE00020FFF75EFF5D
S3150803A3F02378013B012B08D8E37B01A88DF80430A9
S3150803A400237C8DF80530E6F737FF0023C7F81435A4
S3150803A410002ECBD062685AB32E4B1B6803EB52034C
S3150803A420B3FBF2F3013B1B0243F0F80326782749F3
S3150803A430022E294A1ED0032E4FF6FF75224826D030
S3150803A440012E36D143F00203C1F88450C2F8843092
S3150803A4500723C0F81435E37B01A88DF80430237C61
S3150803A4608DF80530E6F7FEFE0120FFF71FFF17E01C
S3150803A470F823DBE74FF6FF7043F00103C1F88400C6
S3150803A480C2F884300622104BC3F81425E3E743F0D9
S3150803A4900503C1F88450C2F884300423C0F8143580
S3150803A4A00E4B4FF080421A650020FFF74DFF03B0AD
S3150803A4B0F0BDC1F88450C2F884300023EEE700BF2C
S3150803A4C0606200204363002000C00350006000B8A8
S3150803A4D0002002B874620020005000B8001002B8C9
S3150803A4E0F0B52B4F06463D4604460FCE0FC53368D7
S3150803A4F085B02B6000F0EAFD01213A20E8F712FD4A
S3150803A5000022244BC3F81425A17A627A42EA01424F
S3150803A510C3F82025217CE27B42EA0142C3F81C25C5
S3150803A520217B627B41EA0240C3F818053B78032B7B
S3150803A5302AD8DFE803F022020C178DF80410042149
S3150803A5408DF805200DEB01000022E8F70FFCE37BED
S3150803A55000228DF80830237C042102A88DF80930DF
S3150803A560E8F704FC637A01228DF80C30A37A0421F8
S3150803A57003A88DF80D30E8F7F9FB074B187805B0F3
S3150803A580BDE8F040FFF7F2BE212005B0F0BD00BFDD
S3150803A5906062002000C0035043630020034B1B6D19
S3150803A5A0002BBCBF024BC3F888007047000002B8F3
S3150803A5B0004000B82DE9F04700F0E2FD4FF47A7643
S3150803A5C02D4BB0FBF6F618604FF4FA737343074640
S3150803A5D02A48190E1B021818294A4FF0000341F19D
S3150803A5E0000103F02FFC274BA0F5807205461A637A
S3150803A5F020B94A222B21FCF7D7FB01254FF47A729F
S3150803A6004FF0000A6A4353465008310203F01AFC16
S3150803A6101C4B1D4AB7F57A7F9A601C4B4FEA0568AF
S3150803A62019601B4B8946044618604FEA152505D25F
S3150803A6309D222B215046FCF7B7FB01264FF47A736C
S3150803A640A8FB030103FB05117308C01841F10001B8
S3150803A6500023324603F0F6FB0E4B023419600E4B09
S3150803A66049F10009A408186044EA8974054B013CBA
S3150803A6709C63BDE8F08700BF7462002020A1070031
S3150803A68040420F0000C001B8021101008862002091
S3150803A69084620020806200207C6200204FF400223E
S3150803A6A0034BC3F884215A600122024BDA607047D0
S3150803A6B000E100E000C001B84FF40022064BC3F8DE
S3150803A6C08421C3F88420BFF34F8FBFF36F8F04220F
S3150803A6D0024BDA60704700BF00E100E000C001B832
S3150803A6E010B50446A242A2EB0000A3EB010104D273
S3150803A6F0034B01399B6B0133184401F0030110BD69
S3150803A70000C001B838B501250A4B02019D504FF424
S3150803A71080730446084A8340536606F020F9074ABD
S3150803A720A540137823EA05031370BDE8384006F0FD
S3150803A73011B900BF00E101B800E001B84D6300207C
S3150803A7402DE9F84F164605468A461F4606F007F9C9
S3150803A750022E00F09180804606F00AF9604B614AA2
S3150803A760D3F8209092F879405A6EE4B2520744BF60
S3150803A770D3F82090013404F0030406F0F4F84846AD
S3150803A780214600F0C3FA8446DAF80000012E04BF16
S3150803A79001306044ACEB000C08BFCAF80000BCF1FA
S3150803A7A0804F7DD300F0C4FA8145A1EB040188BF2D
S3150803A7B04B4BDFF854C188BF01F1FF3101F00301A8
S3150803A7C088BF9B6BA0EB090E0CF80510A1B1F9071E
S3150803A7D042BF41F61F72444B5A67BA0742BF424B00
S3150803A7E0424A5A677B0742BF00223D4B9A673C079A
S3150803A7F042BF00223A4B9A6511244FF0010A384B9F
S3150803A80005F11002120103EB051BCBF80C013849BD
S3150803A8109C501A6A0AFA05F4586E0B78A2EB0902D9
S3150803A820E4B2234372450B7025D34FF48073AB40D0
S3150803A830034220D11CF80520002A4CD10EB32D4A19
S3150803A840F807536607D541F61F7140F20110264BE8
S3150803A850596750675967B90706D5234B234A2549CC
S3150803A86025485A6748675A677A0742BF0122234B26
S3150803A8701A613B071AD4404606F06CF80120BDE876
S3150803A880F88F1F4A2D0142F805A042F89C3C06F0B2
S3150803A89066F817490B7823EA04030B7006F05AF88F
S3150803A8A0404606F057F80020BDE8F88F2120FFF749
S3150803A8B075FE4FF480310A4A124BD1601A78002A82
S3150803A8C0D9D000222D201A70FFF768FE1022094BF3
S3150803A8D040465A66D0E7074A40465366CCE700BF68
S3150803A8E000C001B8003E00B000E001B800001F1F19
S3150803A8F04D63002000D001B800000101000002B832
S3150803A90000E101B84463002045630020024B187830
S3150803A910003818BF012070474D630020034B1030E1
S3150803A9200001185800F00100704700BF00C001B8C5
S3150803A93070B50646FDF7DCFE044608B1FFF7BCFE14
S3150803A94000230A4D3046AB61EB612B6200F0F0F948
S3150803A950074BC9B283F8791028622CB1FFF79EFE1C
S3150803A9604FF08062034B5A64002070BD00C001B8E3
S3150803A970003E00B0002002B82DE9F0419DF818808A
S3150803A9800D46B8F1000F08BF0022214EB5F5803FEA
S3150803A990B168074621F4700141F4A001B1609DF83E
S3150803A9A020409DF81C104FEA042444EA016444EA53
S3150803A9B0031444EA084444EA02044FF018014FF426
S3150803A9C036722CBF002001207465FCF7EDF9356457
S3150803A9D0B8F1000F1AD00F4BBC68D3F8B8306F2CF8
S3150803A9E038BF6F245B0606D500F08EFC18B10A4BF8
S3150803A9F0B3FBF0F31C44204600F09AF90130854274
S3150803AA0038BF0022024B34BF5A645864BDE8F0814C
S3150803AA1000C001B800C000B800093D00034B044A52
S3150803AA205A6741F201429A67704700BF00C001B8EE
S3150803AA30011B011810B504462120FFF7AFFD1CB111
S3150803AA404FF48032064BDA60064B1A783AB1002285
S3150803AA502D201A70FFF7A2FD1022034B5A6610BD6C
S3150803AA6000C001B84463002000D001B82DE9F041C5
S3150803AA701C4D0446EB6BDB012DD500F0A5FC064601
S3150803AA80A0FB0447E86B4FEA1028050C10F0FF00FB
S3150803AA9005D140F219422B21FCF786F90120EDB2C4
S3150803AAA0AD01B5FBF0F55FFA88F815EB881506D105
S3150803AAB0284640F21E422B21FCF776F901252A4641
S3150803AAC000232046394603F0BDF9B6FBF5F5064AD9
S3150803AAD01560BDE8F08100F017FC0546A0FB0401EC
S3150803AAE0F5E700BF00C000B87862002002460120DF
S3150803AAF030B50B4CA0F12003C0F1200524FA05F567
S3150803AB0004FA03F32B4304FA00F595428B4100D369
S3150803AB1030BD0F2801D00130ECE7FF20F8E700BF6E
S3150803AB2040420F0038B505F023FF084B084A1D6A53
S3150803AB3092F879405A6EE4B2520744BF1D6A01344B
S3150803AB4005F011FF284604F0030138BD00C001B81B
S3150803AB50003E00B000232DE9F74FDFF88CB1574FBD
S3150803AB608BF80030564B01911B680446B7FBF3F389
S3150803AB70009305F0F4FE534E8046D6F860A001F024
S3150803AB80ADFD336C05460A2B40F28A804FF0FF333E
S3150803AB90726D02F00F0293403AEA03030CBF4FF0BB
S3150803ABA001094FF000091027464B20205E6CFFF77A
S3150803ABB0F5FC454A976085B1002200200821FDF778
S3150803ABC073FB424A5766A2F58052176716B1B9F165
S3150803ABD0000F02D080223E4B1A6102F0C9FB4FF4E4
S3150803ABE0801233263B4B3A4FC3F88421F96801F0A8
S3150803ABF07061B1F1807F03D8731E13F0FF0652D13B
S3150803AC002DB1B9F1000F02D001238BF800302D4B7B
S3150803AC104046C3F860A005F09DFE4FF033082E4D5D
S3150803AC20EB6813F4603F04D108F1FF3818F0FF0806
S3150803AC303DD1012300982B6504F020FC05F08FFE17
S3150803AC40072C214628BF07210F276B6A621E23F4A8
S3150803AC50706343EA0223AA6A22F0E05242EA816257
S3150803AC601E49C1F8B8701E4944F010070978A14275
S3150803AC701C492BBFAA62C1F8B870C1F8B8706B62D9
S3150803AC802CBF6B62AA6205F065FE134B5B6ADBB2E7
S3150803AC90802B10D0019803B0BDE8F04F00F0CABB73
S3150803ACA04FF001097FE70A2004F0E8FB9EE70A2034
S3150803ACB004F0E4FBB4E703B0BDE8F08F40420F00AD
S3150803ACC07862002000C001B8001002B800E001B89D
S3150803ACD0000002B800E100E000C000B800E000B8D8
S3150803ACE03B63002000D000B8446300200346064AAD
S3150803ACF0103302EB00111B01D1F80C01D158C1F333
S3150803AD00400104F0C6BB00BF00C001B8064B1B6870
S3150803AD10434303EB8171054B1B68A3FB003013F117
S3150803AD20004341EB00007047806200207C620020EC
S3150803AD300C4A20F04043014610B5002014684FF032
S3150803AD400042E4FB0320084A890F126802FB03004A
S3150803AD50064B9B6B984204D901330131C01A01F0A3
S3150803AD60030110BD846200208862002000C001B878
S3150803AD70044B01F0F071103041F003010001195042
S3150803AD80704700BF00C001B808B52220FFF706FCCC
S3150803AD904FF48022014BDA6008BD00BF00C001B83A
S3150803ADA040B1836833B10649C268096803F1304381
S3150803ADB0032A00D8704743F8041B043AF8E700BF90
S3150803ADC0BC62002070B51646054600B3F9B1F2B168
S3150803ADD04268104B006803321B68920800F1304042
S3150803ADE09847044688B9EA68A86803323146920840
S3150803ADF000F1304004F06DFB044630B9286921465A
S3150803AE006A6900F1304003F00EFA204670BD21242A
S3150803AE10FBE700BFB865002070B50C68651C15D044
S3150803AE20C4F302669E42C4F3074530D1A4B29442E2
S3150803AE302DD804EB8506B24229D2141BA50824F0A3
S3150803AE4003040E59340F04D0012C08D00022212400
S3150803AE5002E06B1C51F82320C0E9002470BD0E4C98
S3150803AE6034F8133042EA03431A686B1C51F823403B
S3150803AE7001EB83014B6822405E4036F0704404D1EF
S3150803AE801B0F032B04BF8B681A430024E4E7013521
S3150803AE9001EB8501C1E700BFF488040807B501A8DB
S3150803AEA0E8F768FE264B2749D3F86022D2B2FF2A71
S3150803AEB01DBFD1F87801130243EA0213D1F878319A
S3150803AEC01CBF20F47F621343C1F8F8330C20E8F75C
S3150803AED01BFC01213F20E8F725F84FF000421A4BE7
S3150803AEE042F201015A60C822184B5A654FF4C02230
S3150803AEF003F51043C3F868214FF48032C3F86C2175
S3150803AF00134AC2F8701202F52042D2F8F827120340
S3150803AF1008D44FF470610F4AC2F8A0104FF42062A8
S3150803AF20C3F8A02001220C4BC3F8002403F53043D1
S3150803AF30D3F86821094B1A6003B05DF804FB00BF18
S3150803AF400080E00F000002B800900950008001B8A5
S3150803AF50006001B8002002B8005001B8446200201E
S3150803AF60836810B4074C03F1304324681B689C427A
S3150803AF7003D15DF8044BFFF725BF00205DF8044BAA
S3150803AF80704700BFBC620020134B1B78002B20D0F0
S3150803AF90124B134A00201A60124B134A1A60134BBA
S3150803AFA0134A1A60134B1A68134B1A60134B144A45
S3150803AFB01A60144B144A1A60144B154A1A60154B37
S3150803AFC0154A1A60154B164A1A60164B164A1A6022
S3150803AFD070470220704700BF4E630020C8620020F6
S3150803AFE0EC910408C062002050890408C46200205A
S3150803AFF070890408CC650020BC620020E06200204A
S3150803B00038890408D8620020F48C0408DC6200201E
S3150803B0106C890408D462002020890408CC620020C5
S3150803B02074890408D0620020688904080022012173
S3150803B03038B51E4B5A649A64DA641D4A5161022173
S3150803B0409162DA68C2F303620D2A01D0002AF8D1A5
S3150803B05011220124174DDA634FF0FF302C70D2F713
S3150803B06041FB00232B70144D40F2D152286854211A
S3150803B070C01A18BF0120FBF797FE104B28681A68F9
S3150803B0800F4B1968FFF79EFE01F090FA0D4B1868EF
S3150803B090FFF786FE0C4B1868FFF782FE4FF08062B7
S3150803B0A0034B5A6103F580535C6138BD000002B84F
S3150803B0B0001002B84E630020C0620020C46200205C
S3150803B0C0C8620020E0620020D462002001230D4AF2
S3150803B0D00D49C2F8803291660C4A53600C4A536094
S3150803B0E00C4A5360A2F580425360A2F5404253606E
S3150803B0F002F5C032536002F580425360A2F500425E
S3150803B1005360704700900050FF0B001600D000B83C
S3150803B110001000BA005001B810B50324FFF7D6FF94
S3150803B120114A124B1A65FFF7B9FE114BC3F81041C2
S3150803B13000F068F901F016F84FF460720D4B5A6186
S3150803B1404FF400721A65FEF793FA0021FEF77AFAAE
S3150803B1504FF48002084B1C64A3F580535C64074BC9
S3150803B160C3F884215A6010BD0048F000000002B8F5
S3150803B170005001B8001002B800E0095000E100E0F1
S3150803B18008B504F0A7FB044B1B6FC3F30043013355
S3150803B190B0FBF3F008BD00BF0080005070B504464D
S3150803B1A098B1B1B13A4A52F8043B834213D100230A
S3150803B1B0384A116CC907FCD4374800EB830004F0FE
S3150803B1C091F9364B106001221A6470BD01330C2BBA
S3150803B1D002D1334D2CE0012352F8041BA142F5D1C9
S3150803B1E0304A32F81330E3E7C2F3016335F8130044
S3150803B1F0110C93B211F0FE0F43EA0043606820D0A6
S3150803B2000434CAB2022A216808D96668A068033AD0
S3150803B210C3E9001698600C340C33F3E704D162686B
S3150803B220C3E90012083403E0012A01D10434196082
S3150803B2302268531CD8D10022164B1A6003F5805393
S3150803B240C1E7120F072AEDD8DFE802F00704090D54
S3150803B2501013181DC04303F500531860E2E71A6874
S3150803B26042401A60DEE703F58053F6E704F006F971
S3150803B270D8E7012203F580538240F2E7012203F55A
S3150803B28000538240EDE71A6830EA0202FBD1C9E7A8
S3150803B2908C62002000C002B8404000B000D002B85B
S3150803B2A0F4880408146300200B4B1B68D3F8F030AA
S3150803B2B023B11A68022A01D9186A7047074B9A6E8E
S3150803B2C090B238B1064BC2F307421B68DB085343F7
S3150803B2D0B3FBF0F0704700BFA85F0020004001B839
S3150803B2E074620020064BDB68C3F30363984206D1F6
S3150803B2F0044A536E23F0F00343EA0111516670477B
S3150803B300000002B8003F00B0054B1B68D3F8F030C5
S3150803B31013B11A680A2A01D8FFF7C6BF186C704713
S3150803B320A85F00202DE9F743064604F0A0F8002499
S3150803B3308046DFF8909005F012FB0DF107010546EC
S3150803B3400DF10600FDF746FF9DF806308BB9721C12
S3150803B35029D004F08CF8A0EB0804284605F0FAFA7D
S3150803B3609DF8063013B99DF807303BB3A642E2D8D9
S3150803B37024E0D9F80C3013F4603FE8D0D9F8180064
S3150803B38004F003F9731C074603D004F070F8A0EB26
S3150803B3900804284605F0DEFA17F5007FE0D038469C
S3150803B3A003B0BDE8F083284605F0D4FA9DF80630C5
S3150803B3B0002BC0D19DF80730002BBCD1004FEEE718
S3150803B3C000FEFFFF00C000B80B4A10B5136F0B4C05
S3150803B3D0116F03F00703E35CC1F3CD0101FB0333EC
S3150803B3E0126F0748C2F3454202FB03330068800124
S3150803B3F0B0FBF3F010BD00BF004001B8EC880408A9
S3150803B400746200200122014B1A657047001002B8C6
S3150803B4100122014B1A657047002002B84022014BEE
S3150803B4201A657047002002B84022014B1A65704717
S3150803B430001002B810F1800F04D04D28CEBF7F202C
S3150803B440323040B2FF22034BC0B25A62A3F580538F
S3150803B4505862704700E000B8044BD3F8B03010B117
S3150803B460C3F30332027003F00F007047000002B8FB
S3150803B470064B01F080015B6C03F480030B4302BFA8
S3150803B4804FF40012024BDA64704700BF000002B89B
S3150803B490006001B80F4B1B788BB1012B11D10E4AF3
S3150803B4A0012102F580528B4291600FD80A4A0B4953
S3150803B4B0002B08BF0A4693689B07FCD47047074AC4
S3150803B4C0EEE700224FF480539A60FFDE00239B6861
S3150803B4D0FBE700BF4F630020004003B8000003B832
S3150803B4E038B50B4B0B4C002818BF1C46A569E369F6
S3150803B4F01D4007D0084B1B682BB12846984704F50F
S3150803B5000054A56138BD6B05F9D5FFF7C3FFF6E708
S3150803B510004003B8000003B8E46200204FF60401B4
S3150803B5204FF60502044B01201B6C9BB28B4208BFE6
S3150803B5301346024A136670470080E00F00C001B83D
S3150803B5402DE9F74F81460F464FF0FF35FFF7EAFA25
S3150803B550002601908A462C463046DFF8D8B006F115
S3150803B56010031B015BF8033003F00308B8F1010F5E
S3150803B57015D13046FFF7BAFB02460B4601985146EA
S3150803B580FFF7AEF8DBF8643006F10802D340DB07B1
S3150803B59039D5002F40D000252C463E60404601365B
S3150803B5A0082EDCD160B3234A0027D2F808C0916B72
S3150803B5B00CF440330131A4FB0141641941F1000144
S3150803B5C0B3F5003F30D1536B0CF4405C013347F1BC
S3150803B5D00006BCF5805F22D1156B15F5807505FB52
S3150803B5E006F647F1000203FB0266A5FB0332324463
S3150803B5F0594304FB0212A3FB04341444C9E9003477
S3150803B60003B0BDE8F08FA84271EB0403C6D207B1B5
S3150803B6103E6005460C46C1E73D463C46BEE7320258
S3150803B62042EA13621B02E3E7136B13F5807347F1D0
S3150803B6300002DDE700C001B8F8B5062003F03AFFBB
S3150803B640044603F014FF42F21073041B9C4205469A
S3150803B65018D94FF080624F240B4B5A6441F26F7727
S3150803B6600A4E0BE003F003FF401BB8424FF4837204
S3150803B67021468CBF00200120FBF796FB736C5B0108
S3150803B680F0D5F8BD1A24E9E7002002B8000002B88D
S3150803B690034B1A6E596E03F500530A401A66704730
S3150803B6A000C00A50FF28F8B506D1FF294FF0070056
S3150803B6B006D0002968D103E0FF2963D10F2863D890
S3150803B6C00026324C324D84F8740084F87560686934
S3150803B6D040F25D124B2100F00100FBF765FB1123D5
S3150803B6E04FF48012AB662B4B6E66C3F888219A60BB
S3150803B6F001213B20E7F716FC94F87510264A94F8BF
S3150803B70074300A432549063341F82320244B3E2047
S3150803B7101D68E7F7E1FD6F08ED070246334628463D
S3150803B720394602F08FFB090241EA1061C0F3C050A3
S3150803B73040EA41001B4B6066186B10F5807005D113
S3150803B7404FF4D6722B21FBF72FFB02200246002368
S3150803B7500020012102F076FBA0663E20E7F7BCFD38
S3150803B76040F649435843000DFF2828BFFF20022807
S3150803B77038BF0220002184F87800012000F008FD74
S3150803B7800020F8BD0F2894D92120FAE7003E00B01F
S3150803B79000C00A5000E100E0020D0C0000800350CF
S3150803B7A07462002000C001B82DE9F34105460F462F
S3150803B7B068461146FFF7C4FE0646B0B1AFB1DDE9E8
S3150803B7C000321B0A43EA0263A5FB0384094B120AE8
S3150803B7D005FB02441A6812B9FFF7D2FC0246002396
S3150803B7E04046214602F02EFB3860304602B0BDE8DB
S3150803B7F0F08100BF7462002070B5FFF71DFF0021BA
S3150803B800022000F0C5FC03F032FE04460F4D104E2D
S3150803B810D5F8F4331B070BD505F0A1F8BDE870403E
S3150803B82002220C4BDA6001220B4B1A7005F092B810
S3150803B83003F01DFE001BB0424FF405724FF045019D
S3150803B8408CBF00200120FBF7AFFAE1E7000002B83E
S3150803B8503F420F0000C001B850630020224910B5CB
S3150803B8600B78002B3ED00122204C94F87530013317
S3150803B870DBB202FA03F31E4A536613664FF4002239
S3150803B8801C4BC3F8882100230B7003231A4A39215A
S3150803B8901364A2F580525364184B40F2C322586CC2
S3150803B8A0C0F38060FBF780FA4FF48041144A154BC6
S3150803B8B0C2F89410144AE16ED26E914202BFD3F8CD
S3150803B8C06C212267D3F86431206F08BFA4F87A3055
S3150803B8D0B4F87A1000F0DEF8BDE810400121022022
S3150803B8E000F056BC10BD00BF50630020003E00B0F8
S3150803B8F000E00A5000E100E000E00950000002B849
S3150803B90000E001B800C001B800C00A5010B50446EB
S3150803B9103E20E7F7E1FC6043034B00F5F42000F50E
S3150803B9209070B0FBF3F010BD40420F002DE9F74FBE
S3150803B930FFF7ECFF0446FFF77FFE05F010F800213A
S3150803B9404B4F054668463970FFF7FAFD494B804663
S3150803B9509E69494BDB6813F0706F1CD1474B5B69D3
S3150803B96013F0060A17D1E0B1454B611D1868A1FB10
S3150803B97000B93E20E7F7B0FC534602464946584607
S3150803B98002F060FA009B090241EA1061000298423C
S3150803B990019B994105D3284603B0BDE8F04F04F04F
S3150803B9A0D9BF0021022000F0F3FB03F060FD8146B6
S3150803B9B0DFF8C4B0DFF8D4A0DBF8F4331B0741D5AE
S3150803B9C0B8F1000F4DD0DDE900893E20E7F784FC86
S3150803B9D04FEA182141EA09614FEA1923A0FB0198A6
S3150803B9E000FB0388264B1A6812B9FFF7C9FB024600
S3150803B9F000234846414602F025FA0121214B01342A
S3150803BA0093F87530DFF86CC001331F4A361BDFF82D
S3150803BA1080E0DBB201FA03F30644CEF86030CCF8D3
S3150803BA206C605366DCF81820DCF86C60241A921BE9
S3150803BA30A24216D2CEF864300220CEF8603000F067
S3150803BA40A7FBA8E703F013FDA0EB0900504540F256
S3150803BA506A224FF045018CBF00200120FBF7A4F9A9
S3150803BA60AAE70222054BDA6001233B7093E700BF7E
S3150803BA705063002000C00A50000002B800C001B895
S3150803BA8074620020003E00B000D00A503F420F0007
S3150803BA9000E00A5001232DE9F74F9A4F044697F819
S3150803BAA075208A469340984A0E46936697F87420FB
S3150803BAB0964B0546C3F8F0204FF40032944B4FF0EB
S3150803BAC0000B1A610223DFF85482C8F80C30914B35
S3150803BAD09B6903F1FF39A3EB0903002B40F3D580D8
S3150803BAE00BF1010BBBF1020F58D9EC220D210020F3
S3150803BAF0FBF75AF94FF08053874A884F53664FF43A
S3150803BB000031804BC7F86C511D670025C3F86C904C
S3150803BB10C7F86461A3F87A6011617C4AC2F8F050E9
S3150803BB2093F8752001239340774A936604F017FF29
S3150803BB302A462B464FF4807E3E6AD7F864C002F144
S3150803BB4010010901795801F00301012910D10EFAF0
S3150803BB5002F111EA0C0F0BD107EB0215B442D5F823
S3150803BB600C5100F2A580AC4202D2AE4280F0A3800B
S3150803BB700132082AE3D16A4D2968012940F29E80D9
S3150803BB803BB16049B1F876201A43A1F87620604A9A
S3150803BB90536603B0BDE8F04F04F0DCBE012397F803
S3150803BBA075205C4D9340584A936604F0D8FE4FF0CF
S3150803BBB08052594B01905A66AB6903F10109C5F8DE
S3150803BBC06C90D8F83010D8F80830DD036DD5FA6EC6
S3150803BBD07E6EA9EB0202A2FB0626BB6E01F58071F7
S3150803BBE0A6FB03E5A2FB03C313EB0E03A1FB03ECBE
S3150803BBF045F1000501FB05CCB2EB0E0266EB0C061C
S3150803BC00120A42EA06625244B2EB112F4FEA112690
S3150803BC1003D3013345F10005921B043E964228BF20
S3150803BC201646C8F8186097F87920D8F82010E3184C
S3150803BC30D2B245F100058C42D8F8381084BF02F118
S3150803BC40FF32D2B2481C0ED04FF0000E01F1010CA0
S3150803BC5099427EEB050008D20132B3EB0C03D2B24C
S3150803BC6065F10005F4E72A44D2B21D4602F0030241
S3150803BC7087F87920C8F82030012397F875200198AA
S3150803BC809340284A936604F065FE224B9B6900BFDE
S3150803BC9000BF00BF00BF00BF00BF00BF00BFD8F88A
S3150803BCA06420D2007FF517AF24E756462546E3E717
S3150803BCB0AC42BFF45AAF19438BB259E71A4A147800
S3150803BCC0142C01BF0024194E1470347014780134EF
S3150803BCD01470002B3FF45DAF0A4EB6F876401C434A
S3150803BCE0A6F876400A4C6366104C23780133DBB218
S3150803BCF0022B23707FF44DAF0023013129601370A3
S3150803BD00237046E7003E00B000E00A500080035067
S3150803BD1000D001B800C00A5000E001B800C001B85D
S3150803BD200462002000D00A505263002051630020A9
S3150803BD304FF40052014B5A60704700BF00E100E020
S3150803BD404FF40052034BC3F88420BFF34F8FBFF35E
S3150803BD506F8F704700E100E0F8B50B46002213F831
S3150803BD60044B944225D91D68854224D106245A7961
S3150803BD701D79124B88181E6804FB0503104F33F808
S3150803BD80063C7B43B3420ED900238A5A7A4396422A
S3150803BD9002D804FB0300F8BD9D42FAD9013304FB1C
S3150803BDA003F2825AF2E740F247423D210020FAF7AE
S3150803BDB0FBFF0020EFE708330132D2E7E8620020F1
S3150803BDC040420F0000202DE9F84FA2FB017BAA4E43
S3150803BDD0DFF8DCC2BE1998466BF10003B44570EB75
S3150803BDE0030307D240F23E220E21FAF7DDFF0220B3
S3150803BDF0BDE8F88FD8F814A00C461546BAF1000F1B
S3150803BE0004D0DAF80030032B00F2A9809B4B9C4A36
S3150803BE109B6BD2F8FCA0C3F314099A4B1B6F580704
S3150803BE204EBF4FF440039B0503F0E07349EA030949
S3150803BE30954BD3F8EC30590048BF49F0807949EA65
S3150803BE40456903F073FD012D0646D0D10028CED0EF
S3150803BE508E4B984200F0948003F5122303F5F8639A
S3150803BE60984200F0B6808A4B984200F0BE800025BF
S3150803BE7002462B4600204FF0007101F0E3FF2B46E4
S3150803BE80013007FB03F3C9F3130100FB0B33A7FBCD
S3150803BE900070A1FB0662034401FB052220339B09BC
S3150803BEA0C8F800307B4BF60C1C6046EA42367A4BE0
S3150803BEB019F4801F08BF76421E60784B34441C6011
S3150803BEC0BAF1000F48D00023DAF81C5019F0807F26
S3150803BED018BF6408C8F80830C8F80430002D53D1D1
S3150803BEE0DAF800600023062EC8F80C30C8F81030BC
S3150803BEF032D9DAF830307BB303F018FDDAF83010AC
S3150803BF00FFF72AFF044618B18378002B40F099807F
S3150803BF1003F0DAFCDAF83010FFF71EFF0446D8B14F
S3150803BF208378CBB1407940F27352003818BF0120A9
S3150803BF303D21FAF739FF207940F2745200384FF061
S3150803BF403D0118BF0120FAF72FFF237962791B02F7
S3150803BF5043EA0213C8F810300020BDE8F88F042B13
S3150803BF60DAF828907FF46DAF19F0807F14BF4FF489
S3150803BF70400309F0E07329F0E07949EA030960E729
S3150803BF80002347481D467CE73E4FD7F83C21D2029B
S3150803BF902FD4DAF800601CB1B4FA84F107291CDD42
S3150803BFA02B462102B1FBF3F14B0067020133E40D83
S3150803BFB001E002330131A5FB0302874274EB020257
S3150803BFC0F7D2C1F30E01090341F00061C8F808105E
S3150803BFD088E7002333481D4653E7C1F1080325FACA
S3150803BFE003F304FA01F10133DCE700232E481D4667
S3150803BFF047E719462D4AC9F3815912F80920002E35
S3150803C000B8BF764292066008C2FB0601224601F0D3
S3150803C01019FFDAF800600E2E0ED9184B9A6BBB6C13
S3150803C020D7F83C11DB0607D502F4801201F4001198
S3150803C0300A4308BFC0F58010C0F31300C8F804000C
S3150803C040A9E740794FF4AB62003818BF01203D21B8
S3150803C050FAF7AAFE207940F25952003818BF012090
S3150803C0603D21FAF7A1FE237962791B0243EA0213FB
S3150803C070C8F80C304CE700BF006CCA88008001B8CA
S3150803C080004F00B0004001B8000002B800F04902B2
S3150803C090005A6202F0620020EC620020E862002087
S3150803C0A00A3BB2DF313641DCD694BFD6FC88040896
S3150803C0B0807C814A10B5044686B059B9214B41683C
S3150803C0C0D3F8FC30827A2048059300686B46FFF75D
S3150803C0D079FE69461D4B0A685A631A4BD3F8FC3036
S3150803C0E033B34B6843B11A4B1A4AC3F83C214A681F
S3150803C0F0A3F58053C3F83C218B6843B1144B164A06
S3150803C100C3F81C218A68A3F58053C3F81C21134A74
S3150803C110C868D2F8983123F4EE630343C2F898311A
S3150803C120D2F89031096923F4EE630B43C2F89031D0
S3150803C130002022890A4B9A6203F5A033186406B0D5
S3150803C14010BD00BF004F00B0A85F0020008001B8F3
S3150803C150006001B8FFFF0F0000F0FF0F000002B8F0
S3150803C160004000B8074BD3F88022D20707D55B6E89
S3150803C170002B4FF48043B4BF034A044A13650020D7
S3150803C180704700BF00800050002002B8001002B8B4
S3150803C190064B1A6C9207FCD4022240EA0120586027
S3150803C1A0034B1A640122034B1A70704700C002B886
S3150803C1B000D002B8536300202DE9F041364F0646F6
S3150803C1C0FB68C3F30363022B64D103F050F90546F6
S3150803C1D0DFF8DC80BC6A14F4802449D104F0BFFB81
S3150803C1E0FB680546C3F30363022B3BD1304603F0D2
S3150803C1F031F828B1294B93F8D8200AB183F8D940E6
S3150803C2000022274B83F88020234B5B6C98053DD58A
S3150803C210224BD3F8C03059889A68C90748BF1821F2
S3150803C220D66848BF927806F4000044BF01FB023380
S3150803C23003F10C021B4B06F008069B6993608022E8
S3150803C240194BDA6038B14FF4003203F5A043CF2017
S3150803C250DA61FEF7A3F9CEB14FF40072134B5A64B1
S3150803C26002229A60284604F075FB2046BDE8F08151
S3150803C27003F0FDF8401B40454FF064024FF04701B9
S3150803C2808CBF00200120FAF78FFDA3E78022024B1B
S3150803C2901A61E7E70224E8E7000002B8003E00B0A7
S3150803C2A0003F00B000C000B800C001B8002002B8C3
S3150803C2B03F420F0010B590B10468012C0FD90269EB
S3150803C2C06AB11168094B102C196051685960916855
S3150803C2D088BFD268996094BFD960DA6010BD10220E
S3150803C2E00021024801F09FFFF8E700BFF86200202B
S3150803C2F0084BC1171A68A2FB000302FB013310F1AE
S3150803C300807043F10003400E40EAC310803820EAE8
S3150803C310E0707047086300200722194B70B51A644A
S3150803C320184B194A1D68194BEC08E005C0184FEA63
S3150803C330153141F10001002301F084FD144B154E1C
S3150803C34018601548FFF7D4FF4042C6F8DC0049F6E3
S3150803C3505800FFF7CDFFC6F8A8001048FEF7E8FC1B
S3150803C360024660B1E301500818184FEA15714FF0F9
S3150803C370000341F1000101F065FDC6F8B40070BD84
S3150803C380000002B87462002065CD1D00B2E60E00F7
S3150803C39008630020003F00B07011010040420F00FF
S3150803C3A010B5044698B10B4BD3F8FC00FFF782FF90
S3150803C3B04FF47A7303FB04F0074BA0F6AC50DA6824
S3150803C3C09B681044C01ABDE81040FFF791BF4AF6B0
S3150803C3D0C870F8E7004F00B0F86200202DE9F8436B
S3150803C3E00546084614461E46FFF764FF9DB106F048
S3150803C3F0020716F0040610D16FB1284600F0C6F8F6
S3150803C40020636B69002B7ED147F23050FFF770FF2C
S3150803C410E062002E58D1BDE8F8832869002869D060
S3150803C4204FF47A7358433F4BA0F6AC509B68C01A37
S3150803C430FFF75EFFA062A88B00285ED04FF47A73DD
S3150803C4405843384BA0F6AC509B68C01AFFF750FF09
S3150803C450E061354BE968D3F80080002950D04FF4E2
S3150803C4607A7359432F4BA1F6AC519A685B68891ABC
S3150803C470C91A2E4BC8171A68DFF8B890A2FB01131E
S3150803C48002FB003311F1807143F10003490E41EABF
S3150803C490C3118039264B2162D3F8C4306362D9F8B5
S3150803C4A0003053B1404602F0D5FE30B12246D9F8E2
S3150803C4B000301C49D8F8E40098470021A869FFF71B
S3150803C4C06FFF6063002F98D1A86828BB47F23050E6
S3150803C4D0FFF70EFF60614FF47A702B6858432BB150
S3150803C4E0104B1B6803F51C5310331844FFF700FF62
S3150803C4F0A06190E74AF6C8709AE74AF6C870A5E7B6
S3150803C5004AF6C871B5E7074AD0684FF47A7202FB50
S3150803C5100300A0F5FA5079E74FF47A735843A0F568
S3150803C520FA50D5E7F8620020A85F002008630020C8
S3150803C530003F00B0F462002070B5064608461C4664
S3150803C54002F0BFFF0546D6F8F00000F011F843687D
S3150803C550054A002BA8BF4FF4FA721A44034B601915
S3150803C56092FBF3F2104470BD0CFEFFFF18FCFFFFAD
S3150803C57040B10368012B05D90069034B002808BF9E
S3150803C58018467047004870470489040843684FF4FF
S3150803C5907A7058432BB1044B1B6803F51C531033AD
S3150803C5A01844FFF7A5BE00BFF862002070B588B02F
S3150803C5B06D46184C0FCC0FC594E80F0085E80F009D
S3150803C5C0EC220021144801F02EFEB0220021134864
S3150803C5D001F029FE20220021114801F024FE02F071
S3150803C5E0F0FF104B1B783BB16D460A4E0FCD0FC6B5
S3150803C5F095E80F0084E80F000C220B490B4802F05C
S3150803C60031F80B4B0B4AD3F87831C3F382431366DD
S3150803C61008B070BDE03F00B0643E00B0503F00B0C4
S3150803C620E04F00B03F63002014890408AC3E00B015
S3150803C630000002B8003F00B0064BD3F8EC0E064BD9
S3150803C6409B6C1A0103D4054B9B6E1B0401D500F59D
S3150803C65080707047003000B0000002B8004000B890
S3150803C66010B504F07CF90E2104460320FEF73AFEC2
S3150803C67040F20122034B2046BDE81040DA6204F07B
S3150803C68069B900BF004000B8064B00201B6893F841
S3150803C6902430DB0902BF0322034BC3F85022FBF7FE
S3150803C6A0B5B800BFA85F0020006001B8012370B5C4
S3150803C6B0074C2370074B1E68074B3240D3E90053D8
S3150803C6C019402840FBF7F0FD0023237070BD00BF17
S3150803C6D0586300201063002018560020024B586840
S3150803C6E0C0F3C000704700BF1856002010B50446B3
S3150803C6F0FEF712FD00F012FF2046FCF7E9FFFEF7EE
S3150803C70095FCFDF757FFFDF7C9FFFFF705FE13492C
S3150803C7100723134AD1F8FC1004F58270FFF75EFE6F
S3150803C7204FF080710020FEF723FB4FF000720D4B8C
S3150803C7304FF400110120C3F80021FEF719FBFEF799
S3150803C740EDFE20B940F223121421FAF72DFB02F06D
S3150803C75036FFBDE810400120FDF708BE004F00B0C4
S3150803C760A43F00B000D001B88023074A53640823C6
S3150803C77040B15364054AD2F8BC3E23F02003C2F8FD
S3150803C780BC3E7047024AF4E7001002B8003000B016
S3150803C790002002B810B504F0E2F80121044600208F
S3150803C7A0FFF7E2FF044B1961044B5B689847204681
S3150803C7B0BDE8104004F0CEB8000002B89C6500201E
S3150803C7C0F0B583B014460646FFF7CCFCFBF790FF9B
S3150803C7D0002800F0A980594B5D6915F0060540F05D
S3150803C7E0A38004F0BCF823790095022B054647D1AC
S3150803C7F0237B022B33D00320FEF790F820B9504B46
S3150803C800DB685B0440F19280A37B277B003B18BF60
S3150803C8100123A2684B49012F01920B706FD000F0D8
S3150803C8206FFE0420FDF76EFF0420444E0223716F4A
S3150803C8303A4621F0F85121F4F81141F0506141F4D8
S3150803C840803171670DEB0001FDF77AFF0446002876
S3150803C85060D0012030223C493C4B08701A653C4E97
S3150803C860336898472128044604D1012100207368B8
S3150803C87098470024284604F06DF8204603B0F0BD17
S3150803C8800320FEF74BF8002850D12279D6F80C314D
S3150803C890012A226830D0D01A00900020274B2D4A4F
S3150803C8A02D495A679867637B2C4A23F04000002872
S3150803C8B0C3F380130B700CBF012300231370284B9B
S3150803C8C0274AD3F8BC3E4FF003000CBF43F02003BE
S3150803C8D023F02003C2F8BC3EFDF714FF174B214A89
S3150803C8E003205A67694601232279FDF729FFF8B120
S3150803C8F001221D4B1A707BE79A42CDD3CBE72379E6
S3150803C900022B8CD0009BD6F80C1100270B4413443A
S3150803C910019384E70320FDF7F5FE28460D4A124BDB
S3150803C92072671C7004F016F80E24A6E72846F9E782
S3150803C930284604F00FF821249FE700BF00C001B87A
S3150803C940000002B85D6300205A630020001002B895
S3150803C9509C650020000001015B6300205C630020E6
S3150803C960003000B0010C010057630020F8B5194CDC
S3150803C9700546207840F27D22B0FA80F03E21400930
S3150803C980FAF712FA55B9607840F27D22BDE8F84005
S3150803C990B0FA80F03E214009FAF706BA4FF440662A
S3150803C9A00D4F0E4DD7F8083140F27D22C3F381238C
S3150803C9B02370C5F8086160783E21B0FA80F0400913
S3150803C9C0FAF7F2F9D7F80C31C3F381236370C5F884
S3150803C9D00C61F8BD54630020004000B8006000B83D
S3150803C9E010B5104B104AD3F8B8001478596A9A6AE6
S3150803C9F000F00F0021F4706122F0E052844241EA0C
S3150803CA00042142EA84624FF01F04084835BF9A623C
S3150803CA1059625962C0F8B84034BFC0F8B8409A6240
S3150803CA2010BD00BF00C000B83B63002000E000B89B
S3150803CA30A82238B51C4B5D6C03F500535A641022C3
S3150803CA409A60A3F5804302F100521A675A6600F00A
S3150803CA50E3FF164B1B7813B90320FDF753FE002497
S3150803CA60134B9C6700F0FEFF124A134BD2F8EC1ED9
S3150803CA700B40C2F8EC3E0422104B5A64104BC3F821
S3150803CA80C440FFF7ADFFAB0607D50E4B5B6FB3F597
S3150803CA90817F22BF8022044B1A61FCF705FB002223
S3150803CAA0094B1A7038BD00BF000002B8576300204F
S3150803CAB000C001B8003000B0DF0000FF002002B854
S3150803CAC0003E00B0003F00B0566300200D4A10B583
S3150803CAD0D2F8A030D2F8A4100B40B3F1804F0CD390
S3150803CAE04FF040400849094CC1F8A400D467C1F87F
S3150803CAF0A0004FF48021064AD161034AC2F8A03048
S3150803CB0010BD00BF00400050006000500000FF0148
S3150803CB10001002B89C4B2DE9F04F9A6EDB6E85B078
S3150803CB2002EA0308994BC3F868804FF03A43D3F8EF
S3150803CB301461D3F818311E40954BC3F81461954B0D
S3150803CB409A68DB6802EA030A934BC3F808A003F55D
S3150803CB502043DA691B6A02EA0309904B09F4770250
S3150803CB60DA618F4BD3F80422110306D4D3F80431C0
S3150803CB701A03C3F3C04740F1E58003F0F0FE894B7F
S3150803CB805A695F6E1B6F12F0060F07EA0307864A98
S3150803CB9027F0007323F4006314BF4FF0010B4FF023
S3150803CBA0000B53667B0706D5804A92F87930013322
S3150803CBB0DBB282F8793003F0CDFEB8F1000F00F04E
S3150803CBC0DF8018F4004427D003F0C9FE0146FFF7B7
S3150803CBD033FD0446764B1D682A682B689A42FCD0B7
S3150803CBE02A689A42FCD0FFF727FDA04240F0AC80A2
S3150803CBF0084603F0AFFE6F4B1C606F4B5D6C15F474
S3150803CC00E05240F0A38024F07F4424F0DF040CB9FB
S3150803CC10FFF70EFF4FF0807418F0020F4FF0000570
S3150803CC2014D0654B5D495B6C03F460424A64002A81
S3150803CC3000F0A0801D0400F1A08013F4005F0CBF70
S3150803CC404FF000534FF0006300251C43C8F34038E8
S3150803CC504FEA4808594B3340002B4BD016F4206F44
S3150803CC600AD040F2BC5206210020FAF79DF80020AC
S3150803CC7000F056FF26F48026F00506D5FF22474B1B
S3150803CC8044F4C0649A60FFF7EBFC16F0090F0BD067
S3150803CC9040F2D15208210020FAF786F800F034FF53
S3150803CCA04FF03A4301225A6316F0106F0CD040F244
S3150803CCB0DA5209210020FAF777F800F025FF002257
S3150803CCC011461046FCF70CFE16F4202F0AD040F244
S3150803CCD0E25207210020FAF767F8002000F020FF48
S3150803CCE026F48026F10301D5FCF74CFF002EB8BFC6
S3150803CCF048F0080872070ED54FF03A431B6B13F436
S3150803CD00005F4FF4005317BF214A2D4A136344F4B7
S3150803CD10000408BF1363730548BF44F0040416F4FC
S3150803CD208023019300F0B580FCF7E2FE013806285C
S3150803CD3048D8DFE810F042014501420148014B019A
S3150803CD404E014E01BB4638E7044645E70192FFF715
S3150803CD506FFE124B019A5A6415F4805307D115F4E2
S3150803CD60806F0CBF4FF080544FF0806454E74FF048
S3150803CD70804451E74FF0007366E74FF0004363E7DB
S3150803CD804446454666E700BF004000B8006000B861
S3150803CD90002000BA004001B8006001B8002002B8BC
S3150803CDA000E100E000C001B800E001B8003E00B0B1
S3150803CDB0B08804080C630020000002B8090B0B892D
S3150803CDC0001000BA40F2136203210020F9F7ECFFC2
S3150803CDD04FF03A420121D2F88C30D2F8AC0003F076
S3150803CDE00703063301FA03F3C0F30C001B1A9BB2BD
S3150803CDF0072B12D97F4B5B6C58020ED47E48D36C33
S3150803CE00D26E406D58B103F0070306339940C2F357
S3150803CE100C03C91A89B2072901D844F40074774B5D
S3150803CE201B78002B35D04FF03A43D3F8143113F45B
S3150803CE30A02F2ED1724B734A1B7893B9FB0410D4D7
S3150803CE40137873B1E308704943EA457383F0010322
S3150803CE50D1F8EC1E03F001035B0021FA03F39807EC
S3150803CE6017D10420FDF74EFC684B6949596700F052
S3150803CE7047FB644A137843B9664B1B782BB1664B59
S3150803CE80664A1B682340134201D144F4804427F4BD
S3150803CE908057BAF1000F31D01AF4805F18BF44F4F3
S3150803CEA080241AF4807F18BF44F400241AF4005F20
S3150803CEB018BF44F010041AF4007F18BF44F0200486
S3150803CEC01AF4806F06D04FF48062554B44F0400441
S3150803CED0DA609A601AF4006F06D04FF40062504B7A
S3150803CEE044F08004DA609A601AF0805F06D04D4BEE
S3150803CEF00021186845F48055FBF74AFCB9F1000F81
S3150803CF003AD019F4802F18BF45F4007519F4803FF9
S3150803CF1018BF44F4805419F4801F18BF44F400342E
S3150803CF2019F4001F18BF44F0020419F4003F18BF90
S3150803CF3044F4801419F4800F18BF45F0100519F44A
S3150803CF40002F19D0304BD3F8BC3E13F0C00F13D0C3
S3150803CF50284AD368C3F30363032B01D0072B05D1F0
S3150803CF60936CD90602D4D36C1A0735D54FF400222D
S3150803CF702D4B29F40029DA61002F00F020813B05A7
S3150803CF8040F18A802949214A91F803A0284BBAF12E
S3150803CF90000F53D04FF400600AF1FF3A58665FFA60
S3150803CFA08AF3CB7033B9234B1B78C3B140F60142DE
S3150803CFB0214B5A67002300226CE044F4803407E7C8
S3150803CFC044F4006404E744F4806401E744F4807499
S3150803CFD0FEE644F00804FBE644F40014CCE7936F3A
S3150803CFE013F4A05F15BF4FF4807340F601439365AE
S3150803CFF09367DFE7000002B8004000B85A630020D1
S3150803D000596300205C630020003000B000C001B8FB
S3150803D010000001015B63002018560020088D0100FB
S3150803D020006001B8A85F0020002002B8456300200D
S3150803D03000E001B85763002000D001B80320FDF7CC
S3150803D04061FBAA4AAA4B526912F0060F77D05046DB
S3150803D050FDF7F0FC4FF40061A54BA44A59665369E2
S3150803D060A44813F0060308BF9367B0F87630A249BD
S3150803D07013F4006267D023F40063A0F876300B78C4
S3150803D08003F0FF0A002B62D1FDF77EFEFFF7D0FC03
S3150803D090534620221C431543B80009D52E20FDF715
S3150803D0A07DFA4FF00052924B45F008051A675A6607
S3150803D0B0F90608D52B20FDF771FA10228C4B45F497
S3150803D0C000151A675A6617F0306F05D1FA046AD540
S3150803D0D0BBF1000F00F0CA803B0115D52920FDF7E7
S3150803D0E05DFA864B8649DB6803F48042C3F38033D3
S3150803D0F00B70FFF7F3FA28B1824B7D4982484B66DA
S3150803D10003673ABB45F0040517F0007B2FD00420CC
S3150803D110FDF7F8FA2720FDF741FAFFF789FC4FF0E8
S3150803D1200072734B5A66794BD3F8EC2E510600F10D
S3150803D13084800222764B9A6045F002052EE041F67A
S3150803D1401F725A6786E70B784FF40053A2E74FF42A
S3150803D150004330E70B6720204B66FDF71FFA45F4BB
S3150803D16000152D2045F00C05FDF718FACCE717F046
S3150803D170807FDFF878A14BD00420FDF7C3FA282077
S3150803D180FDF70CFADAF87830002B3ED1FFF750FC9E
S3150803D190574B5C4A45F001051A675A66FFF774FA56
S3150803D1A00022524B9A65BA0409D55A4A5379002B79
S3150803D1B000F0D180013B5371002348EA0308534B1F
S3150803D1C0D3F8BC3E1B0603D520462946FCF736F89A
S3150803D1D0424620462946FFF769FA019B0BB1FCF73D
S3150803D1E0BFFC4FF400424C4B06F00436C3F81461F7
S3150803D1F04A4B19F4002FC3F884211EBF4FF40022AB
S3150803D200434BDA6105B0BDE8F08FCAF878B0BFE7DB
S3150803D210F804C5D50420FDF775FA414BCAF87430EE
S3150803D220FDF7B2FDDAF8643013F0407FB8D12A204F
S3150803D230FDF7B4F9FFF7FCFB75E7D3F8BC3E9A068E
S3150803D2403FF57AAF0222374B9A60374B1B6893F840
S3150803D25025309B077FF570AF264B93F8D830002B04
S3150803D2603FF46AAF8022254B1A6165E7294A137989
S3150803D2704BB1013BDBB2137113B9234B2B4A5A67E4
S3150803D28000231C438FE70420FDF73CFA0320FDF730
S3150803D29039FA164B224A5A6703F061FB82460DF1A7
S3150803D2A00F00FEF7D9F8224B83461B780BB1FFF71D
S3150803D2B0D7F9BBF1030F0ED1DFF840B00020FEF714
S3150803D2C0CBF8032807D1DBF82830D807F6D4DBF8E0
S3150803D2D04830D903F2D49DF80F30032B2CD1012201
S3150803D2E0144B50461A7003F035FBC9E700C001B862
S3150803D2F000E001B8003E00B057630020000002B802
S3150803D300566300201000002000D001B8003000B09A
S3150803D310002002B845630020002000BA00E100E0BF
S3150803D32000000101001002B8A85F00200000010DEB
S3150803D3305D630020596300204FF03A43D3F8143154
S3150803D34013F4A02FCBD100F0DBF8504603F002FB11
S3150803D3504FF4804395E70520FDF7D4F901232CE71D
S3150803D3600122024B1A62DA61704700BF002002B835
S3150803D370094A08B5D369116A0B40084923F47F00A3
S3150803D380DB07C86106D5D1684FF0FF30C1F30361E7
S3150803D39002F020F908BD00BF000002B8002002B859
S3150803D3A00C4A08B5936CD26C13400B4A9364DB079B
S3150803D3B00FD50A4B40F66D021878122100F00100CA
S3150803D3C0F9F7F2FCBDE80840002201200021FFF727
S3150803D3D06DB908BD00C000B800E000B818560020B3
S3150803D3E070B5154D2C6C6B6C1C40144B24F0020263
S3150803D3F01A64E20705D540F6D40200202968F9F72E
S3150803D400D3FCA30716D502220C4B1A640C4A6B6885
S3150803D41014687CB1DBB2042B07D100220121094B26
S3150803D42018682346BDE870401847052B02D1002229
S3150803D4301146F4E770BD00BF00C0095000E009506B
S3150803D44040620020A85F002038B50C4C0C4DD4F878
S3150803D4508430DB0706D4A36FD4F884201340094A23
S3150803D460936738BDD5F804315A02F0D5FFF7B8FFEC
S3150803D4704FF48003C5F88431E9E700BF008001B89B
S3150803D48000E100E000A001B808B503F068FA0E4B06
S3150803D4901A78A2B90D4A126812F4843F0FD10C4ABE
S3150803D4A0102111651B7863B9084B1B68DB0508D483
S3150803D4B0074B20221A65BDE8084003F04BBA054A14
S3150803D4C0EEE7044BF5E700BF5A6300201856002021
S3150803D4D0002002B8001002B810B503F040FA0E2176
S3150803D4E004460320FDF7FEFE40F20122034B2046C5
S3150803D4F0BDE81040DA6203F02DBA00BF004000B859
S3150803D5000022044B1A70044B197811B11A70FFF7ED
S3150803D510BBBF7047596300205A63002038B503F030
S3150803D5201EFA4FF48043274C0546C4F88430BFF3EC
S3150803D5304F8FBFF36F8F4FF40043C4F88430BFF3A4
S3150803D5404F8FBFF36F8F4FF48033C4F88430BFF324
S3150803D5504F8FBFF36F8F4FF40033C4F88430BFF394
S3150803D5604F8FBFF36F8F4FF48023C4F88430BFF314
S3150803D5704F8FBFF36F8FFEF7E3FB4FF40023C4F817
S3150803D5808430BFF34F8FBFF36F8F4FF48013C4F804
S3150803D5908430BFF34F8FBFF36F8F4FF40013C4F874
S3150803D5A08430BFF34F8FBFF36F8F4FF40003C4F874
S3150803D5B08430BFF34F8FBFF36F8F2846BDE83840DB
S3150803D5C003F0C8B900E100E038B503F0C8F9054629
S3150803D5D04FF480430E4C63604FF4004363604FF48B
S3150803D5E0003363604FF480236360FEF7A1FB4FF4B7
S3150803D5F0002363604FF4801363604FF40013636082
S3150803D6004FF4000363602846BDE8384003F0A2B927
S3150803D61000E100E02DE9F047DDF820A003EA010860
S3150803D620099B06460D4602EA000703EA0A09BAF108
S3150803D630000F40F06881031F0B4300F0288105287B
S3150803D64071F1000380F0FE8050EA010300F0D081F7
S3150803D650431E0B4300F03E81FFF760FFBD4AD2E944
S3150803D660004323EA050324EA06043C4343EA08077E
S3150803D670B94BC2E900471E6826EA0A0646EA0906BE
S3150803D6801E60FFF701FF14F02A4F14BF48F2020386
S3150803D6904FF40043B14AB507D26EB14848BF43F4C5
S3150803D6A0005383EA020122EA0302C266AD4A0B402B
S3150803D6B08166D366C4F380421203200348BF42F44B
S3150803D6C08072E10648BF42F40052A749A30648BF41
S3150803D6D042F4007214F0400FD1F88830A34800F0E2
S3150803D6E031815D0505D44FF480652B438560C1F808
S3150803D6F0883014F0800FD1F888309C4800F05C819C
S3150803D7001D0505D44FF400652B438560C1F88830A1
S3150803D710974B9648D96817F4007F82EA010323F0EA
S3150803D720805301EA030102EA0302C1608360914B55
S3150803D730DA608D4B07F4007200F0468101224FF43C
S3150803D740802583F88420E30448BF45F48035A00385
S3150803D75048BF45F48015A10748BF45F4001514F4DE
S3150803D760001FDFF84C8206D0D8F8000001F04EFF00
S3150803D77008B945F40025E20248BF45F40035FB061F
S3150803D7807D4B48BF45F480051A6A7C4985EA02033E
S3150803D79023F001031A400A621D40CB61784B16F049
S3150803D7A0010F1D62774B784A18BF1A46774B7D07D8
S3150803D7B01B6F48BF42F00062754882EA030123EAF9
S3150803D7C002030367734B0A4041661A67724A04F0F9
S3150803D7D00103D16CA0F5803081EA030221EA030133
S3150803D7E0C16482641A406D4B2002DA64D8F80020BB
S3150803D7F048BF6B4B92F8022158BF6A4B610748BF73
S3150803D80043F4806322B114F4C06F18BF43F48073E2
S3150803D81032074FF03A42BDE8F047D2F8181148BF2D
S3150803D82043F0004383EA010222F4A0225E48114032
S3150803D830C0F818111340C0F814215C4AC2F818310D
S3150803D840FFF7C2BEA0F580630B4306D020F48063BE
S3150803D850A3F500730B437FF4FFAE03F080F83D494D
S3150803D860D1E9003223EA060322EA050242EA08025C
S3150803D8703B43C1E900324E4A126892F802114A4AFA
S3150803D88009B313F4C06F1ED04FF4807311E003F08D
S3150803D89066F8304AD2E9003123F004033B4341EAF0
S3150803D8A0080157EA0807C2E900314FF480633E4A84
S3150803D8B00BD0C2F81431A2F58052C2F81831BDE86C
S3150803D8C0F04703F047B84FF48073C2F81831C2F82B
S3150803D8D01431F4E703F043F81E4AD2E9003123F082
S3150803D8E001033B4341EA0801C2E900310123314AF6
S3150803D8F057EA08071BBF9364A2F58052D364D3641F
S3150803D90008BF9364DBE750EA01037FF4A5AEBAF1D7
S3150803D910010F7FF4A1AE03F022F80F4A136823F030
S3150803D920010343EA090313604FF40053184AB9F194
S3150803D930000F04D05366A2F580521367BFE7136737
S3150803D9405366BCE723F48063C1F888304FF48063D9
S3150803D9508360CEE61856002010630020004000B806
S3150803D960006000B8005000B8003F00B0006001B87E
S3150803D970004001B8005001B8000002B8002002B800
S3150803D980001002B8043800030418000300C001B8E5
S3150803D99000E001B800D001B800C000B800D000B854
S3150803D9A00D0A0A09090A0A09002000BA001000BA72
S3150803D9B0A85F002000E000B823F40063C1F88830AC
S3150803D9C04FF400638360A3E693F8841071B183F878
S3150803D9D08420084BD3F8A41003F50053C3F8A41006
S3150803D9E0C3F8A0104FF05023C3F8A4200025AAE6D5
S3150803D9F0BDE8F08700400050024B186800F00100AC
S3150803DA00704700BF18560020024B5868C0F3C03051
S3150803DA10704700BF185600200A4B197801F0FF0219
S3150803DA2029B10021197008499202C1F808215978C9
S3150803DA3001F0FF0229B1002159709302024AC2F884
S3150803DA400C31704754630020005000B84FF400624D
S3150803DA50034B5A644FF40042A3F5E0339A667047C2
S3150803DA60001002B8F8B5084C084D636C0423084F38
S3150803DA706B64636C5B0300D4F8BD042602207E64E2
S3150803DA8001F0FCFC6E64F4E7000002B8001002B86B
S3150803DA90002002B838B5044679B948B1164BDB6895
S3150803DAA01B0E13F00E0F04D04FF4C062134B9A6586
S3150803DAB038BD134B1B6CD907F6D4FFF70DFD0E4D76
S3150803DAC00020FDF7C9FC032801D0092805D1AB6A54
S3150803DAD0DA07F5D4AB6CDB03F2D4FFF7C3FF0122F5
S3150803DAE0084B5A6102229A62042203F580535A6448
S3150803DAF0002CDDD0D8E700BF000002B8006001B8EB
S3150803DB0000C002B8001002B808B503210920FDF7C2
S3150803DB10E9FB2022014B1A6108BD00BF000002B8C9
S3150803DB2038B5054602F01BFF0E4B04461868FBF78B
S3150803DB3003FF35B1FFF7E4FC2046BDE8384002F0A1
S3150803DB4009BF094B1B78002BF6D0084B1D78002D0F
S3150803DB50F2D1FFF7D5FC2A464FF480400021FEF7A1
S3150803DB60A5FDE9E7A85F0020596300205863002054
S3150803DB702DE9F84F5A4B06460D4614465B6C002AA8
S3150803DB8040F0AB8013F0A00F14BF4FF001094FF01C
S3150803DB900009FBF789FAFEF723FFA0234FF0000AD3
S3150803DBA0DFF854810320C8F84430FCF7ABFD0420A2
S3150803DBB0FCF7A8FD4B4FFFF7A3FC4B4B4FF0040BA9
S3150803DBC07B67C7F878A0FFF74DFF484B4FF4807182
S3150803DBD0D3F8BC2E42F02002C3F8BC2EFF22C8F8A5
S3150803DBE008203F4A1161D3F8EC2E41491140C3F886
S3150803DBF0EC1EC8F844B0C3F8C4AE7B6913F0060F2D
S3150803DC0004D0FDF7C1F85846FCF77CFDB9F1000FBF
S3150803DC1001D0FFF71BFF66B1364BDB6C180701D43F
S3150803DC20FFF75AFCFFF770FF0420FCF76BFDFFF7BD
S3150803DC30F3FE2B4B5A69D1074AD5DA6812F0706F8F
S3150803DC40FBD12D4B2D4A5A642D4A536E23F0F0030C
S3150803DC50536615B12046FFF763FF2A4BD3F84C31B9
S3150803DC605A1C01D05B0002D50122234B5A61002CB2
S3150803DC702ED0204B2249DA6E03F500539A6603F534
S3150803DC80D0331B6A1C4A23F00103D3611E4BD1F818
S3150803DC908800DB681D4903438B601D4BC860D3F8B6
S3150803DCA0841003F5005399674FF03A43D3F81811D4
S3150803DCB003F50053C3F81411164BD96C03F5005337
S3150803DCC09964154903F5803359664FF60843536437
S3150803DCD00020BDE8F84FFBF7A9BA4FF0000958E74B
S3150803DCE0000002B800C001B800000101003000B00E
S3150803DCF0DF0000FF004000B8002002B81000300023
S3150803DD00003F00B00080E00F004001B8006001B892
S3150803DD10008001B800C000B85000002F38B514467B
S3150803DD200D4602F01CFE064BD3F8BC2E54402C407D
S3150803DD305440C3F8BC4EBDE8384002F00BBE00BFE2
S3150803DD40003000B0034BD3F8BC3E99430CBF012007
S3150803DD5000207047003000B02DE9F04117460A430A
S3150803DD60012A1D469DF818409DF81C60DDF82080A1
S3150803DD7029D8B44227D2082E25D8032B23D8B8F19D
S3150803DD80000F20D00A460021FAF7BEFBFF21EB005D
S3150803DD909940C943DFF834C008F1FF38FF00E2B2FF
S3150803DDA0964202D80020BDE8F0813D190CEB8505A3
S3150803DDB0D5F8F42018F8010F0A4098401043C5F81F
S3150803DDC0F4000134EBE72120EDE700BF003E00B085
S3150803DDD0174BD3F8BC2E12F0010312D0154B93F848
S3150803DDE04830154A43F08073C2F8D0304FF4801395
S3150803DDF002F50052C2F8B430A2F58052C2F8B83020
S3150803DE0070471106EDD40D4B93F8471121B1D2068D
S3150803DE1002D593F84431E4E74FF480120020084B07
S3150803DE200549C3F8B820C1F8D000C3F8B420704731
S3150803DE30003000B0003F00B0004000B8003E00B01C
S3150803DE40006000B853B94AB9002908BF00281CBFA7
S3150803DE504FF0FF314FF0FF3000F082B9ADF1080CF7
S3150803DE606DE904CE00F006F8DDF804E0DDE90223E7
S3150803DE7004B070472DE9F04F099D0C46002B4DD190
S3150803DE808A420F4684469646B2FA82F360D94BB164
S3150803DE9002FA03FEC3F120029F4000FA03FC20FAAC
S3150803DEA002F217434FEA1E461FFA8EF44FEA1C4244
S3150803DEB0B7FBF6F106FB117701FB04F042EA0742CA
S3150803DEC0904208D91EEB020201F1FF3702D29042B3
S3150803DED000F231813946121A1FFA8CFCB2FBF6F0AE
S3150803DEE006FB102200FB04F44CEA024C644508D9ED
S3150803DEF01EEB0C0C00F1FF3202D2644500F21E81C0
S3150803DF00104640EA0140ACEB040C002125B12CFA7B
S3150803DF1003F30022C5E90032BDE8F08F8B4205D929
S3150803DF200DB1C5E9000100210846F5E7B3FA83F107
S3150803DF3000294DD1A342C0F0F380904280F0F080CF
S3150803DF40064623460846002DE6D0C5E90063E3E7FF
S3150803DF50002B40F0A3808A1A4FEA1E471FFA8EF653
S3150803DF600121B2FBF7F407FB14204FEA1C4242EAED
S3150803DF70004206FB04F090420FD91EEB020204F19D
S3150803DF80FF382CBF4FF001094FF00009904203D91F
S3150803DF90B9F1000F00F0CC804446121A1FFA8CFC24
S3150803DFA0B2FBF7F007FB102200FB06F64CEA024C1D
S3150803DFB0664508D91EEB0C0C00F1FF3202D2664502
S3150803DFC000F2B3801046ACEB060C40EA04409DE72A
S3150803DFD0C1F120068B4004FA01FE22FA06F720FA5D
S3150803DFE006FCF4408A401F434EEA0C0300FA01FE7E
S3150803DFF04FEA17484FEA13491FFA87FCB4FBF8F0B0
S3150803E00008FB104449EA044400FB0CF9A1450ED960
S3150803E0103C1900F1FF3A2CBF4FF0010B4FF0000BF0
S3150803E020A14503D9BBF1000F00F08B805046A4EB42
S3150803E03009041FFA83F9B4FBF8F308FB134403FB3B
S3150803E0400CFC49EA0444A44506D93C1903F1FF38F4
S3150803E05001D2A4457BD8434643EA0040A4EB0C040B
S3150803E060A0FB02984445CC46434602D306D1CE4587
S3150803E07004D20138B9EB020C68EB0703002D6CD008
S3150803E080BEEB0C0264EB030422FA01F304FA06F668
S3150803E090CC4000211E43C5E900643DE702FA03FEAE
S3150803E0A0C3F1200104FA03F200FA03FCCC404FEA59
S3150803E0B01E4720FA01F11FFA8EF6B4FBF7F00A435E
S3150803E0C007FB1044110C41EA044100FB06F48C4299
S3150803E0D00ED91EEB010100F1FF382CBF4FF00109E1
S3150803E0E04FF000098C4202D9B9F1000F2CD04046F3
S3150803E0F0091B92B2B1FBF7F407FB141142EA01427A
S3150803E10004FB06F1914207D91EEB020204F1FF381C
S3150803E11001D291421ED84446521A44EA004120E7E6
S3150803E120861A64EB030301200DE7F44402384AE731
S3150803E130023C724431E702397244CCE6F4440238AD
S3150803E140DFE602383C4472E702387144D0E7023B03
S3150803E1503C4481E7023C7244DEE72946DCE600BF1D
S3150803E160704700BF10B50C46B1F90E10F8F786F8DC
S3150803E1700028ABBF636DA3891B1823F48053ACBF78
S3150803E1806365A38110BD2DE9F0411F468B890546BA
S3150803E1900C46DB05164605D502230022B1F90E10F7
S3150803E1A0F8F75AF8A3893246B4F90E10284623F429
S3150803E1B08053A3813B46BDE8F041F7F791BD10B5FF
S3150803E1C00C46B1F90E10F8F747F8431CA38915BF97
S3150803E1D0606523F4805343F48053A38118BFA38156
S3150803E1E010BDB1F90E10F8F727B82DE9F84307461D
S3150803E1F0884614460026D4E90195B9F1010905D5DF
S3150803E2002468002CF7D13046BDE8F883AB89012B87
S3150803E21007D9B5F90E30013303D029463846C04726
S3150803E22006436835E9E702440346934200D170473B
S3150803E23003F8011BF9E77047704770479368013B7A
S3150803E240002B936010B408DA9469A34201DB0A2908
S3150803E25003D15DF8044B00F01AB81368581C106014
S3150803E260084619705DF8044B7047F8B506460F461D
S3150803E2701446D518AC4201D1002007E03A4614F8F3
S3150803E280011B3046FFF7DAFF431CF3D1F8BDF8B597
S3150803E2900E461446054618B1036A0BB9F7F7F6FC9A
S3150803E2A0A369A360A3891A0701D5236943B921463C
S3150803E2B02846F7F73FFE18B14FF0FF373846F8BD43
S3150803E2C02368F6B222693746981A6369834205DCDE
S3150803E2D02146284600F00EF90028EDD1A368013B34
S3150803E2E0A36023685A1C22601E70431C62699A4203
S3150803E2F004D0A389DB07E1D50A2EDFD121462846B8
S3150803E30000F0F8F80028D9D0D6E72DE9F0471646E5
S3150803E31098468A6807460B690C46DDF820909342AF
S3150803E320B8BF1346336091F843200AB1013333600B
S3150803E3302368990642BF336802333360256815F0AC
S3150803E340060506D104F1190AE36832689B1AAB423B
S3150803E3502BDC94F843302268003B18BF012392064E
S3150803E36030D404F1430241463846C847013023D026
S3150803E37023681A3454F80A2C03F00603042B0ABF3D
S3150803E38054F80E5C002533684FF0000608BFED1AF3
S3150803E39054F8123C08BF25EAE5759342C4BF9B1A95
S3150803E3A0ED18B5421AD1002008E00123524641462A
S3150803E3B03846C847013003D14FF0FF30BDE8F08730
S3150803E3C00135C1E7E1185A1C30200233224481F88B
S3150803E3D0430094F8451082F84310C2E70123224606
S3150803E3E041463846C8470130E6D00136D9E7B1F980
S3150803E3F00C202DE9F041170705460C4656D44B6801
S3150803E400002B02DC0B6C002B3DDDE66A002E3AD0AE
S3150803E410002312F480522F68216A2B6025D0626D7F
S3150803E420A389580705D56368D21A636B0BB1236CA6
S3150803E430D21A216A0023E66A2846B047411C24D02B
S3150803E4400023636023692360A389DA0400D5606522
S3150803E450616B2F60B9B104F14403994202D028468F
S3150803E460E6F7D1F8002363630DE001232846B04796
S3150803E470461C0246D4D12B68002BD1D01D2B01D0C4
S3150803E480162B2AD12F6000202EE02A68B4F90C3007
S3150803E49042B11D2A01D0162A21D1002363602369BC
S3150803E4A02360D5E7626022692260CEE70F69002FF1
S3150803E4B0E9D093070E680F600CBF4B690023A6EBE0
S3150803E4C007088B60B8F1000FDDDD43463A46216A3B
S3150803E4D02846A66AB047002808DCB4F90C3043F08E
S3150803E4E040034FF0FF30A381BDE8F0810744A8EB52
S3150803E4F00008E7E738B50B6905460C4613B9002546
S3150803E500284638BD18B1036A0BB9F7F7BFFBB4F948
S3150803E5100C30002BF3D0626ED00704D4990502D4CD
S3150803E520A06DFFF789FE28462146FFF760FF636E55
S3150803E5300546DA07E4D4A3899B05E1D4A06DFFF762
S3150803E5407CFEDDE7C9B20346024410B5934218467A
S3150803E55001D1002003E0047801338C42F6D110BDC3
S3150803E560062008B5F7F79CFE0120CFF74AF888423C
S3150803E57010B501EB020402D98442234607D8431E89
S3150803E580A14208D011F8012B03F8012FF8E702443A
S3150803E59001468A4200D110BD13F8014D02F8014D18
S3150803E5A0F7E770B50C46B1F90E1096B01546002973
S3150803E5B01E460CDAA389002113F0800F14BF4023EB
S3150803E5C04FF48063002031602B6016B070BD6A4635
S3150803E5D0F7F76EFE0028EDDB019901F47041A1F50A
S3150803E5E00053594259414FF48063EBE78B89F7B5DA
S3150803E5F09D0706460C4607D504F1470323602361A6
S3150803E6000123636103B0F0BD01AB6A46FFF7C9FF97
S3150803E610009F054630463946E5F7EAFF48B9B4F997
S3150803E6200C309A05EED423F0030343F00203A381C7
S3150803E630E2E7A389206043F08003A381019BC4E931
S3150803E64004075BB1B4F90E103046F7F743FE28B159
S3150803E650A38923F0030343F00103A381A3891D437D
S3150803E660A581CFE70A44431E914200D1704710B5EE
S3150803E67011F8014B914203F8014FF9D110BD1F2937
S3150803E68038B505460C4604D9162303604FF0FF3008
S3150803E69038BDC26B12B152F821304BB9284600F087
S3150803E6A016F8224601462846BDE83840F7F722BE43
S3150803E6B0012B0AD0591C03D1162303600120E7E76F
S3150803E6C00021204642F8241098470020E0E7CEF7B9
S3150803E6D09BBF10F8012B11F8013B012A28BF9A4268
S3150803E6E0F7D0D01A704730B514469BB005461A467C
S3150803E6F0002C05DA8B2303604FF0FF301BB030BDC7
S3150803E7004FF40273009104916946ADF80C3014BFB7
S3150803E71004F1FF332346029305934FF6FF73ADF8CF
S3150803E7200E301E9BF7F74AFE431CBCBF8B232B6098
S3150803E730002CE3D0009B00221A70DFE7C9B2034618
S3150803E740184613F8012B12B18A42F9D170470029EA
S3150803E75018BF002070470139034610B532B111F8C6
S3150803E760014F013A03F8014B002CF7D11A44002153
S3150803E770934200D110BD03F8011BF9E7034613F8CA
S3150803E780012B002AFBD1181A013870470A7870B58D
S3150803E7906AB970BD9A4209D10C46054614F8013F79
S3150803E7A0002BF6D015F8016F9E42F7D00130037897
S3150803E7B0002BEFD11846ECE72DE9F0471F468E6884
S3150803E7C082460C46BE4290460B682DD8B1F90C20FA
S3150803E7D012F4906F26D06569096905EB4505A3EB25
S3150803E7E001097B1C05EBD5754B446D109D4238BF5B
S3150803E7F01D46530527D52946E5F7FAFE064660B3AF
S3150803E8004A462169FFF72EFFA38923F4906343F051
S3150803E8108003A38126614E446561A5EB090526603D
S3150803E8203E46A560BE4200D93E463246414620686A
S3150803E830FFF79DFEA36800209B1BA3602368334450
S3150803E8402360BDE8F0872A46E5F7E2FE0646002878
S3150803E850E0D121695046E5F7D6FE0C234FF0FF3089
S3150803E860CAF80030A38943F04003A381E9E70220ED
S3150803E8707047022070470020704701207047002028
S3150803E88070470E207047FAF74FBC08461146012217
S3150803E89000F07EB870B50C4611461A46F7F79CFE8B
S3150803E8A0059B049E0493456933462046AC46BDE85A
S3150803E8B07040604710B5F7F78FFEBDE810408369CF
S3150803E8C00846184700F076BBF9F746BAF9F710BCBD
S3150803E8D000F0DCB800F0EDB8F9F7D6BC70B504461D
S3150803E8E00D4616464FF4881100F013F932462946A9
S3150803E8F02046BDE87040FAF77DBE431E012B03D9B7
S3150803E900031F5842584170470120704700F098BDCD
S3150803E9104FF4E0720021FFF786BC70B50446F9F799
S3150803E92059FD0546A8B9A169F1B1238AD3B1204691
S3150803E93004F1100200F0D9FB38BBE16919B3638A05
S3150803E940A3B1204604F1120200F0A4FB78B10546F0
S3150803E95003E00023A3612361E3610023284663617F
S3150803E960236270BDA061E8E72082E6E7E361216AD6
S3150803E9700029F2D0A28A002AEFD02046E38ABDE80E
S3150803E980704000F046BB6182F1E76582E561DEE728
S3150803E990F9F75CBF0A7838B505461046FFF7ADFFA9
S3150803E9A060B14C782046FFF7A8FF38B122435307D6
S3150803E9B004D42846BDE83840F9F76AB8212038BD9B
S3150803E9C010B504460878FFF798FF58B14A781046F9
S3150803E9D0FFF793FF30B1042A04D02046BDE8104060
S3150803E9E0F9F774B8212010BD00F034BA704711B98D
S3150803E9F0D0F8E81021B1CB6813B18B68D889704772
S3150803EA004FF6FF70704710B5F7F7F2FE044608B9DC
S3150803EA1000F01AFD204610BDF8F7BCBE00F066BA32
S3150803EA20D0F8EC300BB90E2070474FF6FF72038E01
S3150803EA3093420B80F7D000207047F8B506460D467B
S3150803EA40F7F7D6FED8B94FF6FF734FF0240CEF68E5
S3150803EA50C1B28F4208D81C4621463046F8F77AF8E1
S3150803EA6000F0F2FC2046F8BDAA680CFB0122D48903
S3150803EA709C4202D2002CEFD023460130E8E74FF63A
S3150803EA80FF74EFE7008E704700F021BA38B50446E5
S3150803EA900D4600F0B2F850B129462046F8F75AF861
S3150803EAA030B929462046BDE83840F8F701BF0E209D
S3150803EAB038BD70B504460D46164600F09EF858B1A3
S3150803EAC029462046F8F746F838B9324629462046F5
S3150803EAD0BDE87040FDF774BE0E2070BD00F049BB5B
S3150803EAE0F9F70EB800F034BA002070470846FBF76A
S3150803EAF0D7BB00F041BB38B504460D4601F02FFFDE
S3150803EB000023C4F89C50C4F89830BDE8384001F097
S3150803EB1021BF38B504460D4601F021FFD4F89C30D1
S3150803EB201D40D4F8983023EA0505C4F8985001F037
S3150803EB3011FF284638BD73B50D7806460C4635B31E
S3150803EB4004238DF804302379304601A98DF805305E
S3150803EB50FFF736FF0546B8B92278A37952BB8DF875
S3150803EB600430E379304601A98DF80530FFF712FF23
S3150803EB70054648B923783BB161883046F9F77CF9ED
S3150803EB800121304600F0F8F9284602B070BD29463F
S3150803EB9000F0F2F92946304600F016FA29463046BF
S3150803EBA000F01AFA2378002BCAD123798DF804309A
S3150803EBB06379C9E702228DF80420D3E7F9F76EBA19
S3150803EBC0FBF700B80846FBF7AFB8F9F78FB9F9F7BB
S3150803EBD033BA0B4610B514461846A1689288FFF750
S3150803EBE041FDE168034631B1A0886288121A92B2E0
S3150803EBF01844FFF737FD002010BD0346408A18B1B5
S3150803EC00188A003818BF012070470846FBF768BC06
S3150803EC10431C08BF0020F8F70DBE10B5044600F0E4
S3150803EC2072F820B92046BDE81040F8F799B910BD27
S3150803EC3000F01DBC00F01BBCFBF77ABE2DE9FF41B3
S3150803EC40984604460E46174601F092FE05462046A8
S3150803EC50FFF7E3FF0A9B3A460293002331460193E3
S3150803EC602046CDF80080F8F7C9F90446284601F08E
S3150803EC707AFE204604B0BDE8F08138B5044601F0B3
S3150803EC8077FE05462046FFF7C8FF2046F8F794F9AE
S3150803EC900446284601F067FE204638BD38B50446C3
S3150803ECA001F066FE05462046FFF7B7FF204600F04B
S3150803ECB039F80446284601F056FE204638BD38B5CD
S3150803ECC0044601F055FE05462046FFF7A6FF2046F3
S3150803ECD000F02EF80446284601F045FE204638BDC6
S3150803ECE070B504460E4601F043FE05462046FFF777
S3150803ECF094FF31462046F8F7CDF90446284601F035
S3150803ED0032FE204670BDF8F765B810B501F030FE3F
S3150803ED10044600F015F8F8F783F82046BDE81040D6
S3150803ED2001F021BE024608B5F8F754F8507D08BD30
S3150803ED30024608B5F8F74EF8507D80F0010008BD85
S3150803ED4000F095BBF8F7F2BD00F0CDB800F002BBB2
S3150803ED5000F05DBA022A01D800F07FBA2120704775
S3150803ED60022A01D800F08ABA21207047022A01D85C
S3150803ED7000F097BA2120704738B504460D4600F0CF
S3150803ED8069FA28B129462046BDE8384000F099BA01
S3150803ED90022038BD70B504460D46164600F05AFAE9
S3150803EDA030B1324629462046BDE8704000F091BA94
S3150803EDB0022070BD0E20704738B504460D4600F094
S3150803EDC049FA28B129462046BDE8384000F0B2BAC8
S3150803EDD0022038BD38B504460D4600F03BFA28B183
S3150803EDE029462046BDE8384000F0ACBA022038BDB3
S3150803EDF0FAF782BA0346DB8E08469342114601D3D5
S3150803EE00FAF798BA21207047FAF7E0BA0020704754
S3150803EE1000207047013001D1FCF7B6B821207047AE
S3150803EE207047D0F8A03003F06003402B0DD0602B59
S3150803EE3003D0203B58425841704749B10B68012B10
S3150803EE4006D9486940F00100704740F2011070473F
S3150803EE5000207047F7B504461046D4E958C7DDE9DC
S3150803EE6008268CEA020587EA06010540194085EA61
S3150803EE700C057940C4E95851002523F4004106EAF4
S3150803EE80010320F0010043F40073024043F0020338
S3150803EE9001950095FEF7BEFB94F824309A0713D51F
S3150803EEA0D4F864319B050FD54FF48811204600F03A
S3150803EEB098FB94F82430024665F3410384F824301A
S3150803EEC020460B46F8F754FC002003B0F0BD30B4D7
S3150803EED0D0F8A0300A4023EA01031343C0F8A03050
S3150803EEE030BCF9F777BD0520FBF718BD08B5D0F890
S3150803EEF0F0304BB11A68022A06D993F825204AB18D
S3150803EF00186AB0FBF2F008BD40F6E8224C2100204F
S3150803EF10F7F74AFF0020F6E7D0F8F02008B57AB1EC
S3150803EF201368022B0CD9536A13F47F4FC3F30721D3
S3150803EF3006D0126ADBB253438B42B3FBF1F006D217
S3150803EF40002040F607324C21F7F72EFF002008BDB4
S3150803EF500346B3F83E2108468A4203D0A3F83E1176
S3150803EF60FAF740BF0020704790F83C310C2B14BFCA
S3150803EF7090F82B00FF20704738B50C464FF4006114
S3150803EF800546FEF7DFFE60B16CB195F82A3163B921
S3150803EF904FF480722846BDE838404FF48071FEF777
S3150803EFA0BDBE2202F6E72246F4E738BD4FF4807168
S3150803EFB0FEF7C8BE10B50023F8F7BEFD044608B928
S3150803EFC0FDF7E8FB204610BD08B54A024FF4007169
S3150803EFD0FEF7A4FE002008BD08B58A024FF4806137
S3150803EFE0FEF79CFE002008BD38B54FF03A430546A8
S3150803EFF0DC6A808AC4F30C04A04234BF00200120D3
S3150803F00041F216420821F7F7CFFEA88A001B80B201
S3150803F01038BD2DE9F041884618F00307064615461C
S3150803F020194633D1B2F5805F30D89A422ED33F2A98
S3150803F03028D9B2FA82F401220120C4F11F03DBB2F4
S3150803F0409A4092B2AA422CBFC4F11904C4F11A0415
S3150803F050E2B2931DDBB2984080B2A84214D096F868
S3150803F0600131ABB9012096F8253060F3000386F821
S3150803F07025304046FAF746FBC6F82080B58238465F
S3150803F080BDE8F0813A46EAE70020ECE72127F6E7F0
S3150803F0900E27F4E7F8B511F0030607460D4614469E
S3150803F0A021D102B313883F2B1DD9B3FA83F3C3F1D6
S3150803F0B01901C9B2062901D8192B12D0062928BF66
S3150803F0C0062101238A1DD2B293402846238000F0E5
S3150803F0D0A2F923883846FD617B82FAF72DFC304670
S3150803F0E0F8BD3146EDE72126F9E738B5148811F05E
S3150803F0F003054FEAC4041ED13F2C1CD9B4FA84F481
S3150803F100C4F11903DBB2052B01D8192C11D0052B31
S3150803F11028BF052301240633DBB204FA03F3C3F33A
S3150803F120CF041480816104828387FAF705FC284695
S3150803F13038BD2B46EEE72125F9E7F8B504460E4612
S3150803F140174601F00CFC3A46054631462046FCF7BD
S3150803F1502BFB0446284601F0FDFB2046F8BD052097
S3150803F160704703207047FBF7D1BB08B190F9260017
S3150803F170704790F82D00704708B50B46062200F530
S3150803F1809E711846FFF76EFA002008BD0429F8B5E4
S3150803F19005460C460AD10026F7B23846FAF78CFE1E
S3150803F1A008B13C4602E00136042EF5D12046FAF7AB
S3150803F1B083FE58B195F83C31A34209D085F83C4102
S3150803F1C005F59E70BDE8F840FAF712BE2120F8BD92
S3150803F1D00020FCE70022F9F715BDA0F84C30BDF96D
S3150803F1E00030C0F89410A0F84A20A0F84E3000204A
S3150803F1F07047F9F783BE10B5144608460121FBF795
S3150803F200CDFF2046BDE810400121FBF7C7BF70B507
S3150803F210044615460E4609B9212070BD130617D4B0
S3150803F22000F013F931462046FFF707FC4FF6FF7344
S3150803F2309842F1D000F009F920464FF40031002234
S3150803F240FEF76CFD29462046BDE87040F9F7F8BA83
S3150803F2500E20E2E78021FEF775BD7FB5531C05AA8C
S3150803F2600292022201920022ADF81410009211466E
S3150803F270DBB2FEF771FD07B05DF804FB7FB5531CDF
S3150803F28005AA4FF0040C02920222ADF81410CDE938
S3150803F290002C01210022DBB2FEF75EFD07B05DF804
S3150803F2A004FB1FB54FF0080C531C0022CDE9002CB4
S3150803F2B001220291DBB21146FEF74EFD05B05DF859
S3150803F2C004FB08B50A044FF48031FEF727FD002036
S3150803F2D008BDF8B514468A0707460E4601F001032A
S3150803F2E009D4D3B1A2044FF48021384602F480220C
S3150803F2F0FEF714FD11E065083BB104F0010305F0C0
S3150803F3000105AB42EED021200AE04FF48021FEF737
S3150803F31019FD05F00105A842F5D1730701D40020AC
S3150803F320F8BDA2064FF08051384602F08052FEF728
S3150803F330F5FCF4E708B50A054FF48011FEF7EEFC71
S3150803F340002008BD08B5CA044FF40021FEF7E6FC01
S3150803F350002008BD09B141F01001F9F771BA10B5DB
S3150803F3600446F9F767FA01462046BDE81040F9F75F
S3150803F37067BAD0F8EC30C3B15869B0B1531EDBB2E3
S3150803F380FD2B09D8012A05D143689A1C01D14FF0F0
S3150803F390FF334B6000207047036813F1020F08BF61
S3150803F3A04FF0FF33FF2A0B60EDE7212070472DE965
S3150803F3B0F74F01251C469DF830300646019303682E
S3150803F3C0174603F0070306339D4005F1FF380B463E
S3150803F3D0A1B1416804EA080BA5EB0B0A41F00059F1
S3150803F3E0524509EB0B0114D952461846FFF73AF969
S3150803F3F049467A1B5A445044FFF734F9019B2BB10B
S3150803F4003C4448EA050804EA0804F46003B0BDE886
S3150803F410F08F1846F0E74FF03A4301225A6741F650
S3150803F420FF72D96418651A67704737B500251446FD
S3150803F4300095FFF7BCFF204603B030BDF9F754BE6D
S3150803F44000207047002070477047704710F0FD0F83
S3150803F45014BF4FF0FF300020C0B270470A4690F839
S3150803F4609410A02901D8F9F75FBB2120704708B586
S3150803F470FBF758FBBDE80840FBF748BC38B504461C
S3150803F480FFF7F5FF0546FFF7F2FF431BA342FAD33F
S3150803F49038BD38B50D460446FBF744FB35B18442FF
S3150803F4A000D90139204601F0030138BD844238BF2B
S3150803F4B00131F7E708B5FBF719FCBDE80840FBF788
S3150803F4C025BC08B50121FFF7E4FFBDE80840FBF7B3
S3150803F4D01DBC08B521B19200FFF7C4F8002008BD8A
S3150803F4E02120FCE700F06F43B3F1804F02D0B3F15C
S3150803F4F0204F02D120F07040704700F06043B3F10B
S3150803F500204F08BF20F0805070470B0C23F480531C
S3150803F510B3F5284FF7B50D468FB2064699B216D0FE
S3150803F5204AF60103994214D04AF60203994212D0C5
S3150803F530B1F5204F14BF04240324D6F8EC300BB1DD
S3150803F540196851B9D6F8E83093B928680EE000244B
S3150803F550F3E70124F1E70224EFE7234668463A4630
S3150803F560FBF75AFCDDE90003002BEBD103B0F0BD32
S3150803F57019680029E9D0234668463A46FBF74CFC46
S3150803F580DDE90003002BE0D1F0E70204C0F3891399
S3150803F59007D56FEA83536FEA935313F5007F18B2BF
S3150803F5A006D0A3F1C8006FF4FF739842B8BF184694
S3150803F5B070470020FBF794BF0120FBF791BF0E208D
S3150803F5C070477047FDF7A6BAFDF7A4BAFDF7A2BAC6
S3150803F5D0FDF7A0BA08B50846FDF7C2FE08BDFDF754
S3150803F5E099BA38B505460C4601F0B9F9D5F89C30F1
S3150803F5F01C40D5F898302343C5F8983001F0AAF98A
S3150803F600211E18BF01210020490238BD002070477A
S3150803F6100139024410B5904201D1002005E0037870
S3150803F62011F8014FA34201D0181B10BD0130F2E7B0
S3150803F630EFF31182302383F31188084B49B1D3F8CA
S3150803F64058110843C3F8580182F31188BFF36F8F23
S3150803F6507047D3F8581121EA0000F3E70818002089
S3150803F660EFF31182302383F31188064BD3F858310D
S3150803F67082F31188BFF36F8F034214BF0120002062
S3150803F680704700BF0818002008B5064BD3F8540185
S3150803F690FFF7F9F8012801D0F4F7C8F9BDE80840DF
S3150803F6A0F4F7BEB90818002008B5D7F70CF938B12E
S3150803F6B0044BD3F85C0118B103681878C0F34010FB
S3150803F6C008BD00BF0818002008B5FFF7EDFF00B90D
S3150803F6D0FEE701F02FF900B9FEE701214FF4806038
S3150803F6E0FFF7A6FF00210220FFF7A2FF00214FF430
S3150803F6F08030FFF79DFF00210820FFF799FFF4F7F5
S3150803F7008FF90022014B83F8602108BD08180020F1
S3150803F71008B5D7F7D8F850B1054BD3F85C0130B123
S3150803F7200368188800F00700C31E5842584108BDED
S3150803F73008180020014610B568B1174C00210420AB
S3150803F740FFF776FF94F8603123B1F4F769F90023DC
S3150803F75084F8603110BDD7F7B6F80028FAD0102020
S3150803F760FFF766FFFFF7A0FF044628B1012108202B
S3150803F770BDE81040FFF75CBFF4F752F901214FF4D7
S3150803F7808070FFF755FF21460220FFF751FF2146F8
S3150803F7904FF48030ECE700BF0818002038B50C4654
S3150803F7A00546D8F72EFD0023844228BF01F1FF3111
S3150803F7B0044A1B1915B1C2E9B03138BDC2E9BC31D7
S3150803F7C0FBE700BF0818002038B50446EFF3108599
S3150803F7D072B6012100F018FB012C03D12046044917
S3150803F7E0EDF7E2F82846BDE8384001F0B3B800BFA4
S3150803F7F08216040838B50446EFF3108572B600215D
S3150803F80000F002FB012C03D100200449EDF7CCF8E4
S3150803F8102846BDE8384001F09DB800BF82160408A3
S3150803F8204FF400221B4B5A664FF0B4439868C0F353
S3150803F83004400C280AD8DFE800F00B070909270952
S3150803F840191B1D1F212325001348704700207047E5
S3150803F8509B6803F04073B3F1807F17D0B3F1007F41
S3150803F86016D00E4A002B08BF104670470C4870473F
S3150803F8700C4870470C4870470C4870470C4870474B
S3150803F8800C4870470C4870470C4870470C4870473B
S3150803F8900C48704700900050404B4C0000093D004F
S3150803F8A0405DC6000024F400C0EA2101002D3101A1
S3150803F8B080BA8C010048E801005A620280969800D3
S3150803F8C080841E0040420F00014B1868704700BF32
S3150803F8D0606400200A4B1B6F03F00703013B032BED
S3150803F8E003D8DFE803F00B030609FEE7054B1868A0
S3150803F8F07047044B58687047034870470348704776
S3150803F900008000506064002080D54302002D310139
S3150803F91008B5FFF7DFFF044B1B6FC3F3033301334C
S3150803F920B0FBF3F008BD00BF00800050014B5868D8
S3150803F930704700BF60640020034B5A68D20702D59C
S3150803F940DA69002AF9D1704700C00A500229F8B5C6
S3150803F95096BF104B00245C5C012805460E4608D06A
S3150803F960022809D008B944F002040B4B1F6837B9BB
S3150803F970F8BD44F00804F8E744F02004F5E77B688B
S3150803F9801A68144203D0314628465B6898473F688D
S3150803F990EDE700BFAC3B040830460020044B18795A
S3150803F9A018B1044A106800EBD0009B6818447047E6
S3150803F9B030460020305A0020084A0346107910B50D
S3150803F9C050B107498C6D14F0050F01D0147B14B19F
S3150803F9D0002BF7D1184610BD0120FCE7304600205E
S3150803F9E00040005A0D490B6998B100229BB1834226
S3150803F9F003D1836822B90B6103E01A469B68F5E7CE
S3150803FA00936083681BB15A6941690A445A610020A5
S3150803FA107047222070470220704700BF30460020F7
S3150803FA20144A137E33B10121134B596013498B6969
S3150803FA30DB07FCD5124BD069196F21F00701014387
S3150803FA401967D3F82011106A21F007010143C3F897
S3150803FA502011D3F82811506A21F007010143C3F88E
S3150803FA60281113791BB14FF48032064B9A62FFF7BC
S3150803FA704FBF00BF3046002000D0015000C00150E0
S3150803FA80008000500060005A014B1868704700BF99
S3150803FA9058180020F0B49DF81050BDF81460C0B192
S3150803FAA00024C461EFF31187302484F311880B4CC7
S3150803FAB0246914B1A0420AD1012487F31188BFF33C
S3150803FAC06F8F4CB9CDE90456F0BC00F04DBEA4685F
S3150803FAD0EFE72220F0BC70470320FBE730460020FF
S3150803FAE010B5EFF31184302383F31188FFF724FF4E
S3150803FAF0034B986984F31188BFF36F8F10BD00BF5A
S3150803FB0000C00A5010B5124C237983B194F84330D8
S3150803FB10CBB9104B9A6DD10302D5DA6D920702D48D
S3150803FB209B6DDB0704D54FF480320B4B9A6210BDED
S3150803FB3001220A4B1A70FFF7D3FF4FF48032084BA2
S3150803FB401860054B9A62002384F84330EFE700BF39
S3150803FB50304600200040005A0050005AF859002049
S3150803FB60F459002038B5124C94F84030BBB194F8D8
S3150803FB70443023B1FFF7C6FF002384F8443000203E
S3150803FB80FFF71AFF0B4D58B1FFF74AFF0023012170
S3150803FB90287884F84030FFF7D9FE01232B7038BD47
S3150803FBA00122054B1A702B7884F84530F7E700BF16
S3150803FBB030460020F9590020FA59002070B5164E30
S3150803FBC0054696F84640FF2C01D1B0B170BDDCB9A5
S3150803FBD00028FBD001201149ECF7E6FE0124104B5F
S3150803FBE086F846401B78012BF0D90E4B1B78002B61
S3150803FBF0ECD1BDE87040FFF7B5BF0849ECF7D4FE72
S3150803FC00013C86F84640E1E70449ECF7CDFE002DB2
S3150803FC10F6D00134E4B2E2E7304600206034040843
S3150803FC20F9590020FA590020012838B546D0023878
S3150803FC30012860D8484A494C136943F00403136101
S3150803FC4094F84730002B57D10122454B5A67454B49
S3150803FC505B6E5D0142BF444B444AC3F82024BFF39D
S3150803FC604F8FBFF36F8F30BF0122414B414D5A6708
S3150803FC702379DBB1404B1B6C980717D594F85030A2
S3150803FC80A3B1FFF72DFF23699B69C01A02280DD874
S3150803FC90AB6DD90302D5EB6D9A0703D4354B9B6D30
S3150803FCA0DB074FD54FF48032314B9A62FFF730FEAC
S3150803FCB0294A136923F0040313611CE0274A92F8BF
S3150803FCC0483023B127490B6F43F474430B67224922
S3150803FCD00B6923F004030B61BFF34F8FBFF36F8FD9
S3150803FCE030BF92F8483033B11E49D26C0B6F23F4F8
S3150803FCF0744313430B6738BD002384F84730194B05
S3150803FD001A6F22F0070242F001021A67D3F820217C
S3150803FD1022F0070242F00302C3F82021D3F8282170
S3150803FD2022F0070242F00302C3F82821237E33B1E7
S3150803FD300122124B5A60124A53689B07FCD4FFF7F9
S3150803FD40E7FD81E701230F4A84F843301370FFF771
S3150803FD50C7FE0D4B1860A5E700ED00E0304600200E
S3150803FD600060005A0080005000E003500000FF0FB7
S3150803FD700050005A0040005A00C00A5000E00150E3
S3150803FD8000C00150F8590020F45900200F4B10B554
S3150803FD901A689AB14FF47A71531E1342A0FB0101F4
S3150803FDA00ED1B2FA82F2C2F11F04531CD243E040C9
S3150803FDB001FA03F3184321FA02F20243104610BD6F
S3150803FDC00023FEF73FF80246F8E700BF581800205D
S3150803FDD038B50025FFF7B0FD094B0A489C69436D02
S3150803FDE00269E31A2AB123B15169994203D3C91A9D
S3150803FDF05161446538BD55615B1A9268F2E700BFE5
S3150803FE0000C00A5030460020022838B506D0284CD0
S3150803FE1094F84630FF2B02D1002945D038BD002B74
S3150803FE203FD10029FAD0012384F84630214B1B78A9
S3150803FE30012BF3D9EFF3108572B694F840301BB350
S3150803FE4094F8583023B9012284F858201A4A1370B3
S3150803FE5094F8443023B1FFF755FE002384F8443061
S3150803FE60284600F077FD0120FFF7A6FDEFF310857E
S3150803FE7072B694F8583023B1FFF7D2FD002384F8FD
S3150803FE805830002384F840300A4C284600F062FDB7
S3150803FE9020780128C2D00121FFF758FD01232370DA
S3150803FEA0BCE709B10133BFE7013B84F84630B5E740
S3150803FEB030460020F9590020FA59002010B5EFF30F
S3150803FEC0108472B6054B93F8583023B12046BDE823
S3150803FED0104000F03FBDFFF745FEF7E73046002028
S3150803FEE0F8B5C38804460D461D4E4BB9EFF310818A
S3150803FEF072B61C4B1B78012B08D8084600F02AFD5E
S3150803FF003369656123BB3461A36020E0F76DFFF7AE
S3150803FF1045FD0744084600F01DFDBD42F0D2EFF348
S3150803FF20108572B6FFF71EFE284600F013FD3D4600
S3150803FF30E6E7AD1A9A68194665616AB113465A69BE
S3150803FF40AA42F6D931B18C60521BA3605A61F8BD37
S3150803FF500021F4E73461F7E79C60A260F7E700BF86
S3150803FF6030460020F95900202DE9F0412A4D2B6926
S3150803FF70002B4ED05C69294B002C3ED06A6D284F66
S3150803FF80144402225A64EFF3108872B6FFF7D4FCBE
S3150803FF90BE6900F0B3FBFB6C3A6C900704D49A1B5A
S3150803FFA0032A01D89E420FD1A31B022B98BFF41C28
S3150803FFB0B4F1FF3F38BF013C00F0A0FB0222184B07
S3150803FFC0DC6403F580535A64404600F0C3FC154BC2
S3150803FFD01A7822B10121114A916400221A7000236A
S3150803FFE02A6985F850302AB1D188890709D50123AA
S3150803FFF085F850300020BDE8F08102225A641A645D
S31508040000EDE79268002AF5D051690B44012BEBD928
S31508040010F0E72220EFE700BF3046002000D00A5060
S3150804002000C00A507C64002038B50446002834D041
S31508040030C388062B09D11A4B5A7832B90221194AB0
S3150804004091640421916401225A70EFF3108572B603
S31508040050FFF7BEFE144B20461B69A34208D0FFF7E0
S31508040060C1FC0446A0B1284600F074FC204638BDFD
S31508040070FFF7B8FC04460028F5D1FFF775FF2228D8
S3150804008006D10122064B1A70064B9A6402225A6458
S31508040090284600F05FFC0024E8E72224E6E700BFD0
S315080400A07C64002000E00A50304600202DE9F74F12
S315080400B0EFF3108672B6AFF30080C04B1B78002BA3
S315080400C040F0B380302282F31188BD4A02F500510C
S315080400D091F83816002940F0A28081F31188BFF3FD
S315080400E06F8FB84C04F1640794F848302BB100209C
S315080400F0FFF764FD002384F8483094F8465065B940
S31508040100EFF31189302383F311882369002B40F018
S31508040110BB8089F31188BFF36F8FAB4D94F84630D3
S315080401202878DFF8C092002B00F0F580012840F00B
S3150804013030812878FFF778FD99F8003013B194F8E0
S3150804014045302B70AFF30080304600F017FCEFF310
S31508040150108672B694F842305BB10023287884F886
S31508040160423094F84530984203D101212970FFF7AB
S31508040170EDFB3846FFF758FFEFF3108072B60023FD
S3150804018094F841B084F841305FFA8BFB00F0E2FB47
S31508040190EFF31183302282F311888C4A92F800A077
S315080401A05FFA8AFA83F31188BFF36F8FD6F7C6FD11
S315080401B0874B80465A6A18689047042805D002284F
S315080401C040F0EE80B8F1000F8ED0002794F8403046
S315080401D084F85A709BB194F8443089F800701BB1BE
S315080401E0FFF790FC84F844700020FFF7E5FB00282D
S315080401F000F0FC80FFF714FC002384F8403094F8E0
S3150804020048302BB10020FFF7D9FC002384F8483086
S3150804021000212878FFF79AFB00232B7005E0556820
S315080402205DB183F31188BFF36F8FAFF30080304657
S3150804023003B0BDE8F04F00F0A1BB664F3B7F03F067
S31508040240FF0213B982F3118849E7634BD3E90084A3
S31508040250D1F73AFE3B7F03F0FF0213B982F3118804
S31508040260E1E74045A54104D2B8EB0000804664F1B5
S315080402700004002383F31188BFF36F8FB8F1050FC9
S3150804028074F10004D1D32CE75A69B3F806801544EF
S31508040290B8F1000F3DD1DFF850A1FFF74DFBDAF8AE
S315080402A01830626D9B1A9D420AD889F31188BFF3E8
S315080402B06F8F0120FFF782FC012384F848302CE76E
S315080402C0FFF73AFBDAF81830616DC91A294489F33D
S315080402D01188BFF36F8F236E8B42EAD2E56DFFF761
S315080402E05DFB28448842E4D294F804900D1A4FEA38
S315080402F08909384649F00209C4F88080FFF794FE54
S31508040300434629463846CDE90089344A00F02CFA92
S3150804031003E79B68FAE694F8403053B9304AD2F8B2
S31508040320203103F007032362D2F8283103F00703C8
S315080403306362022814D04FF00208002384F85A3066
S3150804034099F8003013B94146FFF700FB94F85A3080
S3150804035085F8008003B3B8F1020F7FF4EAAE02E031
S3150804036094F85A3023B1002384F85A3000F04EFB2F
S3150804037094F84030002B7FF4DCAE94F8593023B956
S31508040380012384F8473084F84430012384F8403044
S31508040390CFE64FF00108D0E7B8F1020FE8D0C8E677
S315080403A0B8F1000F7FF411AFBBF1000F7FF49CAED8
S315080403B0BAF1000F7FF498AE07E700BF001A0020D1
S315080403C0F01F002030460020F9590020FB59002070
S315080403D0C41B00200C180020281B0020BDFE03089F
S315080403E000800050FA59002000C00A500120FFF787
S315080403F01BFC304600F0C2FAEFF3108672B6F3E639
S315080404002DE9F84FEFF31187302383F31188584BFE
S3150804041058491B6C03F0010213F0020F03F003039F
S315080404200B640ED13AB1544A136801331360FFF7CB
S31508040430CFFCFFF799FD87F31188BFF36F8FBDE8EB
S31508040440F88F3AB14C4A136801331360FFF7C0FCBE
S31508040450FFF78AFDEFF3118A302585F311884FF0EB
S31508040460000BFFF7B5FC5E46DFF80491434B1C69A5
S315080404700CB16369C3B10022414B012E1A7003D132
S315080404801BF0020F18BF1E70FFF76EFD222806D157
S3150804049001223C4B1A70374B9A6402225A648AF337
S315080404A01188BFF36F8FC6E723465A693AB91A7992
S315080404B02179914288BF1C469B68002BF5D18AF3A3
S315080404C01188BFF36F8FD4F810B0BBF1000F1DD09D
S315080404D0FFF732FAD9F81820A369A2EB030A4FEA00
S315080404E0EA72DA4572F1000211DB5B44A361E36840
S315080404F013B1204621689847B4F806B00136EFF3DD
S31508040500118A85F31188FFF763FCAFE7DA46EFF340
S31508040510118885F311882046FFF764FA88F3118851
S31508040520BFF36F8F2369002BE1D0A38BBBEB0A01C2
S3150804053033B1E28B13449BB2B3F57A7F10D2E383CB
S31508040540EFF3118A85F311882046FFF7C9FCA369DE
S3150804055022691344A3618AF31188BFF36F8FC6E730
S31508040560A3F57A73E383A3690139013BA361E7E73A
S3150804057000C00A5000E00A505418002030460020F3
S31508040580FB5900207C64002010B54FF480641B4B93
S315080405909C66BFF34F8F00F00FFA00F0F4F9184B7E
S315080405A09C6680B1B0F5E02F1ED012D8B0F5403F56
S315080405B01CD009D8B0F5803F1AD0B0F5003F08BF63
S315080405C02A2018BF012010BDB0F5802F08BF4B2084
S315080405D0F7E7B0F5302F0DD0B0F57F0F0CD0B0F596
S315080405E0202F08BF1020ECE72120ECE72C20EAE7AF
S315080405F04820E8E71120E6E70620E4E700900050E3
S3150804060000A0005038B5164B5A6E42F004025A66DA
S31508040610D3F8802242F00102C3F88022114B5B68AA
S31508040620C3F3080343B14FF0A842D36B13F0430F47
S31508040630FBD11424204638BD4FF0A843DC6B14F0D4
S315080406404304FBD1084DEB6A23B9042105F12C00B8
S31508040650E7F77FFCEB6A013343F00043EB62E9E713
S315080406600080005000ED00E03C5A002010B5EFF37E
S31508040670108472B601210846FFF7C6FB0120044917
S31508040680ECF792F92046BDE8104000F063B900BFC4
S31508040690D243040810B5EFF3108472B60021012082
S315080406A0FFF7B2FB00200449ECF77EF92046BDE8C3
S315080406B0104000F04FB900BFD243040810B50446F1
S315080406C0D6F701F9B0B1B4F5007F4FF001010ED1A8
S315080406D02046FEF7ADFF00211020FEF7A9FF0021F2
S315080406E00548FEF7A5FFBDE81040F3F799B94FF49E
S315080406F08050F2E710BD00BF0A000100034B5A6898
S31508040700D20702D59A6D002AF9D1704700C00A505B
S3150804071090B1036813F4E07F03F03F00C3F3821239
S315080407200BD0012A0BD0022A06D1074B49B103F58F
S315080407308053012282401A607047044BF6E7044B43
S31508040740F4E703F50053F4E76C8000506480005026
S3150804075068800050012303FA01F130235843014B02
S315080407601950704740D003502DE9F8431F469DF8A9
S3150804077020300D46037100230446BDF82490DFF8A3
S31508040780AC80C0E9032383600760A0F80690164688
S31508040790FFF7D2F8D8F818302B44A3613DB9656140
S315080407A016B139462046B0470020BDE8F883B9F1AA
S315080407B0060F25D108221C4B9A62EFF3108472B6F1
S315080407C0FFF7BAF8D8F81830022D8CBF5B19033333
S315080407D0B3F1FF3F2CBF1946591EFFF78FFF134B82
S315080407E02046196500F0B6F8114B1A78002ADBD0B2
S315080407F00221104A91640421916400221A70D3E7F5
S31508040800EFF3108672B6FFF7E3FA29462046FFF798
S3150804081067FB094B1B689C4201D1FFF7A5FB3046D1
S3150804082000F098F8C0E700BF0050005A00C00A500C
S315080408307D64002000D00A50404600204FF480739F
S3150804084070B596B0029201242122019310230394D1
S3150804085004930592069107940893099201AA0A92A9
S3150804086006AA0B9204220C9211220D920AAA0E9041
S315080408700F92109340F611031193194B12930EAB72
S315080408801393184B149346F611031593FFF7BAFE00
S315080408901428044620D1EFF3108072B64FF0A8430B
S315080408A01E681D6900F056F84FF0A843032212A9E2
S315080408B05A63196002A919619A63DA6B9207FCD123
S315080408C0142C06D1EFF3108072B61E601D6100F079
S315080408D041F8054B5B6801E00028E5D016B070BD09
S315080408E0685A00200400002000ED00E0074A10B50D
S315080408F012780C464AB1072807D8054A02EB0013B2
S315080409001B7B13B1E3F7E6F8207010BD24590020C9
S31508040910785700200020704783884BB18268013BD2
S315080409200132826042888380013A428000207047FF
S315080409300120704708B5D5F7C6FF20B1BDE80840C1
S315080409400820FEF78DBE08BD0846D7F793BC1046A7
S31508040950D7F790BC10B962B6BFF36F8F7047EFF341
S31508040960108072B6704780F31188BFF36F8F704793
S31508040970EFF31180302383F31188704710B962B6F8
S31508040980BFF36F8F70474FF098435A6CD202FCD569
S31508040990586D00F47020704708B528220021FDF729
S315080409A042FC002008BD036A042B9FBF00EB8302A8
S315080409B00133D16003627047036A052B14D84FF0DC
S315080409C09842116CC902FCD504339B00136501686F
S315080409D0103B11604168116050F8081F11604FF010
S315080409E098420344984200D1704750F8041F116096
S315080409F0F8E7836813B9816070475B685A68012A07
S31508040A00FBD1596070470121FFF782BE02210120FC
S31508040A10F6F758BC000000000000000000000000C3
S31508040A20F8B500BFF8BC08BC9E467047F8B500BFC9
S31508040A30F8BC08BC9E4670475FF800F001640020C5
S31508040A4045465233320066616C7365005468652006
S31508040A50636F6D6D616E6420226C696E6B6D65746F
S31508040A6072696373207175657279222068617320CF
S31508040A706265656E207265706C616365642062796F
S31508040A802074686520636F6D6D616E6420226C69DD
S31508040A906E6B6D65747269637320726571756573BF
S31508040AA074222E0054686520636F6D6D616E642030
S31508040AB0226C696E6B6D657472696373206D676DFC
S31508040AC0742220686173206265656E207265706C95
S31508040AD0616365642062792074686520636F6D6D4F
S31508040AE0616E6420226C696E6B6D657472696373DA
S31508040AF020636F6E666967222E00202D20504455A8
S31508040B0020436F756E7465723A20256C75202843E8
S31508040B106F756E742F53756D6D6174696F6E2900E8
S31508040B20202D204C51493A20257520257300202D67
S31508040B30204D617267696E3A20257520286442291A
S31508040B4020257300202D20525353493A202564202A
S31508040B502864426D292025730031352E340052004D
S31508040B60617069006C6576656C00506172746974AD
S31508040B70696F6E2049443A20256C75005765696784
S31508040B806874696E673A20257500537461626C65EA
S31508040B9020446174612056657273696F6E3A202524
S31508040BA075004C656164657220526F7574657220B0
S31508040BB049443A20257500424252205072696D61B3
S31508040BC072793A00204E6F6E6500736572766572A7
S31508040BD031363A20307825303458007365716E6F93
S31508040BE03A2020202025750064656C61793A202016
S31508040BF02020257520736563730074696D656F75A8
S31508040C00743A2020256C75207365637300746F74B9
S31508040C10616C3A20257500667265653A202575006B
S31508040C206D61782D757365643A2025750025733AC8
S31508040C3020257520257520256C75002564206442B9
S31508040C406D006C6E616761696E0052784F6E576805
S31508040C50656E49646C653A20256400446576696363
S31508040C6065547970653A202564004E6574776F7209
S31508040C706B446174613A202564006173796E63007C
S31508040C80616C7473686F72746164647200726574FB
S31508040C90726965730064697265637400737570704C
S31508040CA06F72746564007072656665727265640055
S31508040CB068656C7000636C69656E740075700064B1
S31508040CC06F776E00556E6B6E6F776E206572726FF6
S31508040CD072004F74686572206572726F720052658D
S31508040CE0636569766564204C696E6B204D6574721C
S31508040CF0696373204D616E6167656D656E74205214
S31508040D006573706F6E73652066726F6D3A20005353
S31508040D1074617475733A20257300206F7269676964
S31508040D206E3A257320706C656E3A25752070726567
S31508040D306665727265643A25752076616C69643AEB
S31508040D40257500616464006C696E6B6C6F63616C15
S31508040D5000726C6F63006D6C656964007C20252DD8
S31508040D6034377320007C20252D343773207C0052B9
S31508040D7065636569766564204C696E6B204D657498
S31508040D8072696373206461746120696E20456E68B4
S31508040D902041636B2066726F6D206E6569676862B1
S31508040DA06F722C2073686F72742061646472657341
S31508040DB0733A307825303278202C20657874656E3D
S31508040DC064656420616464726573733A0063686574
S31508040DD0636B74696D656F7574006661696C636FBE
S31508040DE0756E7465720072656D6F766500616C6CFC
S31508040DF0006765740073746F70002D49002D6D00CB
S31508040E0050696E67696E672073796E74686573696D
S31508040E107A65642049507636206164647265737312
S31508040E203A20005458005258002563005B25732065
S31508040E306C656E3D253033755D00202530325800CB
S31508040E4020202000656E6572677900696E76616C8C
S31508040E506964006465746163686564006368696CE1
S31508040E6064006D6F64656C00737776657273696F79
S31508040E706E0061707075726C006E6F6E7072656666
S31508040E8065727265646368616E6E656C7300636827
S31508040E90616E6E656C3A20257500706572696F64BB
S31508040EA03A20256C7575730074696D656F75743AA7
S31508040EB020256C757300506F72743A25642C205083
S31508040EC072696F726974793A25642C205765696763
S31508040ED068743A25642C2054544C3A256C75004899
S31508040EE06F73743A257300486F737441646472654A
S31508040EF073733A005458543A002C20003D002E2EA1
S31508040F002E5D00796573006E6F00444941475F475B
S31508040F1045542E7273702F616E732066726F6D203E
S31508040F2000526F75746549643A20307825303278F2
S31508040F30004C696E6B5175616C6974794F75743AB6
S31508040F40202575004C696E6B5175616C6974794915
S31508040F506E3A20257500526F757465436F73743A3B
S31508040F60202575002D20526F7574657249643A25DB
S31508040F702D3275002054686520717565726965643B
S31508040F802064657669636500204861734C696E6BF5
S31508040F903A252D3373204C696E6B5175616C6974EF
S31508040FA0794F75743A2575204C696E6B5175616C69
S31508040FB0697479496E3A257520004E657874486FC8
S31508040FC0703A6E61204E657874486F70436F737417
S31508040FD03A6E61004E657874486F703A252D3275FD
S31508040FE0204E657874486F70436F73743A2575009C
S31508040FF025733A20256C750025733A202575004318
S3150804100068696C6449643A20307825303478005429
S31508041010696D656F75743A202575004C696E6B2089
S315080410205175616C6974793A202575004D6F64654C
S315080410303A0042522053746174653A20257300427B
S3150804104052204C6F63616C204F4D52205072656676
S3150804105069783A20004252204448435076362D5047
S3150804106044204F4D52205072656669783A200042F2
S3150804107052204C6F63616C204F6E2D6C696E6B2029
S315080410805072656669783A20004252204661766F46
S31508041090726564204F6E2D6C696E6B20507265669E
S315080410A069783A2000436F6E6E656374697669746D
S315080410B0793A00506172656E745072696F72697418
S315080410C0793A202564004C696E6B5175616C6974B4
S315080410D079333A202575004C696E6B5175616C69D4
S315080410E07479323A202575004C696E6B5175616CBA
S315080410F0697479313A202575004C656164657243D3
S315080411006F73743A20257500496453657175656E65
S3150804111063653A20257500416374697665526F756F
S31508041120746572733A20257500536564427566665C
S31508041130657253697A653A20257500536564446176
S3150804114074616772616D436F756E743A2025750014
S31508041150526F757465446174613A00456E68526FDE
S315080411607574653A004C65616465722044617461FE
S315080411703A00506172746974696F6E49643A203032
S31508041180782530386C7800537461626C65446174F0
S315080411906156657273696F6E3A202575004C6561F0
S315080411A0646572526F7574657249643A203078259D
S315080411B0303278004E6574776F726B2044617461BF
S315080411C03A20004D414320436F756E746572733A35
S315080411D0004D4C4520436F756E746572733A004230
S315080411E0617474657279204C6576656C3A20257548
S315080411F0252500537570706C7920566F6C74616779
S31508041200653A2025756D56004368616E6E656C20D7
S3150804121050616765733A2027004D617820436869F1
S315080412206C642054696D656F75743A20256C750075
S3150804123045554936343A200056656E646F72204E19
S31508041240616D653A2025730056656E646F72204D8C
S315080412506F64656C3A2025730056656E646F722058
S3150804126053572056657273696F6E3A202573005674
S31508041270656E646F72204170702055524C3A202571
S31508041280730054687265616420537461636B2056F5
S31508041290657273696F6E3A202573004E6F6E2D70F2
S315080412A07265666572726564204368616E6E656C04
S315080412B073204D61736B3A203078256C780042525E
S315080412C020496E6672612D6966204950362041644C
S315080412D06472657373204C6973743A004578742094
S315080412E0416464726573733A2000526C6F633136D5
S315080412F03A20307825303478004368696C64205481
S3150804130061626C653A005B52656461637465645D29
S31508041310002D6E730070656E64696E6700746C7672
S31508041320730053796E74686573697A6564204950E5
S31508041330763620444E53207365727665722061644E
S3150804134064726573733A2000746370007564700080
S31508041350646973616C6C6F77005365727665723A6B
S315080413602000526573706F6E736554696D656F7589
S31508041370743A20256C75206D73004D617854784154
S315080413807474656D7074733A2025750052656375B7
S315080413907273696F6E446573697265643A2025735E
S315080413A000536572766963654D6F64653A202573E3
S315080413B0004E617436344D6F64653A2025730052C5
S315080413C065636569766564204C696E6B204D657442
S315080413D072696373205265706F72742066726F6DDA
S315080413E03A20004C696E6B204D65747269637320EC
S315080413F05265706F72742C207374617475733A2015
S31508041400257300444E5320726573706F6E7365209E
S31508041410666F72202573202D20002054544C3A25DB
S315080414206C752000444E5320717565727920726577
S3150804143073706F6E736520666F722025732000259E
S315080414407529005265636F7264547970653A257517
S315080414502C205265636F72644C656E6774683A250E
S31508041460752C2054544C3A256C752C20536563749A
S31508041470696F6E3A2573004E616D653A257300529D
S3150804148065636F7264446174613A5B002E2E2E00A4
S3150804149073696E676C6500666F727761726400457E
S315080414A0787420416464723A2000526C6F633A205F
S315080414B02578004C696E6B205175616C69747920C6
S315080414C0496E3A202575004C696E6B205175616C1E
S315080414D0697479204F75743A202575004167653A11
S315080414E020256C750043534C20636C6F636B206135
S315080414F0636375726163793A2025750043534C20FA
S31508041500756E6365727461696E74793A202575001F
S3150804151073656172636800444E532062726F777311
S315080415206520726573706F6E736520666F72202509
S315080415307300444E53207365727669636520726539
S31508041540736F6C7574696F6E20726573706F6E73E2
S315080415506520666F7220257320666F722073657224
S3150804156076696365202573005478546F74616C3A00
S3150804157020256C75005278546F74616C3A20256C7A
S31508041580750054696D65202573204D696C6C693A3C
S31508041590200054696D6520547261636B6564204D3F
S315080415A0696C6C693A20004572726F722025753A27
S315080415B020257300446F6E650046696E6973686515
S315080415C06420646574616368696E67007C20252DF0
S315080415D031367320007C2025303478207C20002086
S315080415E07C2025327520007C2025336420007C204D
S315080415F0253375207C007C20253275207C202534F3
S3150804160064207C00677561726474696D6500656E33
S3150804161068616E6365642D61636B00636C656172F2
S315080416200072656769737465720024202573005017
S31508041630726566697865733A002025732025303407
S315080416407800526F757465733A00536572766963E8
S3150804165065733A00207300202530347820257500F8
S31508041660436F6E74657874733A00436F6D6D69736E
S3150804167073696F6E696E673A0025303478200020E6
S3150804168065004F50454E54485245414400626F6FB9
S31508041690746C6F6164657200696964006368656384
S315080416A06B006C6C61746E00726C61746E006D65AF
S315080416B06400686967680043616E6E6F74207375A9
S315080416C070706F7274206E657720736572696573BE
S315080416D00053657269657320494420616C726561BB
S315080416E06479207265676973746572656400536505
S315080416F072696573204944206E6F74207265636F3E
S31508041700676E697A6564004E6F206D6174636869F3
S315080417106E672073657269657320494400616E7348
S3150804172077657200617574686F72697479006164AB
S31508041730646974696F6E616C00756E7370656300B5
S31508041740737276007372765F747874007372765F58
S315080417507478745F736570007372765F7478745FF7
S315080417606F70740050656E64696E672054696D65A0
S315080417707374616D700070656E64696E6774696D03
S31508041780657374616D700041637469766520546984
S315080417906D657374616D70006163746976657469E7
S315080417A06D657374616D700057616B652D75702076
S315080417B04368616E6E656C0077616B657570636806
S315080417C0616E6E656C004368616E6E656C204D6172
S315080417D0736B006368616E6E656C6D61736B004450
S315080417E0656C61790064656C61790045787420508C
S315080417F0414E2049440065787470616E6964004DF1
S31508041800657368204C6F63616C20507265666978ED
S31508041810006D6573686C6F63616C70726566697870
S31508041820004E6574776F726B204B6579006E65742C
S31508041830776F726B6B6579004E6574776F726B2080
S315080418404E616D65006E6574776F726B6E616D655A
S315080418500050534B630070736B6300536563757272
S3150804186069747920506F6C6963790073656375725E
S31508041870697479706F6C69637900617474616368FB
S3150804188074696D650062627200627566666572697E
S315080418906E666F006363617468726573686F6C64FF
S315080418A0006368696C647375706572766973696FC9
S315080418B06E006368696C6474696D656F757400633A
S315080418C06F756E746572730063736C00646174611A
S315080418D0736574006465627567006465746163683A
S315080418E000646973636F76657200646E7300646F6F
S315080418F06D61696E6E616D65006475610065756913
S315080419003634006578746164647200666163746F62
S31508041910727972657365740066656D006966636FCE
S315080419206E66696700696E7374616E6365696400DF
S315080419306970616464720069706D61646472006BD5
S31508041940657973657175656E6365006C6561646553
S315080419507264617461006C696E6B6D657472696337
S3150804196073006C6F67006D756C7469726164696F76
S31508041970006E657464617461006E65747374617471
S31508041980006E6574776F726B646961676E6F7374E2
S315080419906963006E6574776F726B6B6579726566D9
S315080419A000706172656E740070696E6700706C61B0
S315080419B074666F726D00706F6C6C706572696F64B3
S315080419C00070726F6D697363756F757300726370F7
S315080419D000726567696F6E00726C6F6331360073E7
S315080419E063616E0073696E676C65746F6E007372FB
S315080419F07000746172676574706F776572007468D5
S31508041A0072656164007478706F77657200756E73B9
S31508041A106563757265706F727400757074696D6547
S31508041A200076656E646F72004966496E556E6B6E14
S31508041A306F776E50726F746F73004966496E45729C
S31508041A40726F72730049664F75744572726F72735A
S31508041A50004966496E5563617374506B7473004923
S31508041A6066496E42726F616463617374506B747312
S31508041A70004966496E446973636172647300496612
S31508041A804F75745563617374506B74730049664F6C
S31508041A90757442726F616463617374506B74730016
S31508041AA049664F757444697363617264730054724A
S31508041AB061636B656454696D650044697361626C3E
S31508041AC0656454696D650044657461636865645446
S31508041AD0696D65004368696C6454696D6500526F85
S31508041AE07574657254696D65004C656164657254F4
S31508041AF0696D650044697361626C6564526F6C65EF
S31508041B00004465746163686564526F6C6500436874
S31508041B10696C64526F6C6500526F75746572526FA6
S31508041B206C65004C6561646572526F6C6500506142
S31508041B3072746974696F6E49644368616E67657324
S31508041B4000426574746572506172746974696F6E63
S31508041B50417474616368417474656D70747300507C
S31508041B606172656E744368616E67657300756E6944
S31508041B706E697469616C697A656400646973616223
S31508041B806C65640073746F707065640072756E6E4C
S31508041B90696E670062696E6400636C6F73650063DF
S31508041BA06F6E6E656374006C696E6B7365637572CC
S31508041BB0697479006F70656E006970616464722077
S31508041BC02D76006E6574646174612073686F77009E
S31508041BD06E6574646174612073686F77202D78006C
S31508041BE0706172746974696F6E69640073727020C7
S31508041BF0636C69656E7420737461746500737270BE
S31508041C0020636C69656E74207365727665720073F9
S31508041C10727020636C69656E7420686F73740073E0
S31508041C20727020636C69656E742073657276696375
S31508041C30650063736C20616363757261637900631D
S31508041C40736C20756E6365727461696E747900636A
S31508041C506F756E7465727320697000636F756E7440
S31508041C60657273206D616300636F756E7465727354
S31508041C70206D6C650064656C617974696D657200C4
S31508041C80636F6D6D697400696E6974006D676D7450
S31508041C90676574636F6D6D616E64006D676D7473EB
S31508041CA06574636F6D6D616E6400726F75746572C9
S31508041CB0006C6561646572006175746F7374617232
S31508041CC0740063616C6C6261636B006B65796C6547
S31508041CD0617365696E74657276616C0074746C0000
S31508041CE04D41432041646472657373004368004C34
S31508041CF051490052535349006D61786C656E677497
S31508041D0068007374656572696E6764617461004C12
S31508041D106F63616C20416464726573730050656512
S31508041D20722041646472657373006D676D74007024
S31508041D30726F626500717565727900726571756591
S31508041D40737400736C616163006468637036006D54
S31508041D50616E75616C0062726F7773650072657384
S31508041D606F6C7665007265736F6C7665340073659F
S31508041D707276696365686F737400457874656E6412
S31508041D8065642050414E00547853756363657373D4
S31508041D900054784661696C656400527853756363C8
S31508041DA06573730052784661696C656400526F6C9A
S31508041DB0652044697361626C656400526F6C6520C2
S31508041DC0446574616368656400526F6C6520436892
S31508041DD0696C6400526F6C6520526F757465720085
S31508041DE0526F6C65204C656164657200506172744B
S31508041DF06974696F6E204964204368616E67657308
S31508041E000042657474657220506172746974696FEE
S31508041E106E2041747461636820417474656D7074CE
S31508041E20730042657474657220506172656E74201D
S31508041E3041747461636820417474656D70747300C9
S31508041E40506172656E74204368616E6765730052EB
S31508041E5078556E696361737400527842726F61646F
S31508041E606361737400527844617461005278446102
S31508041E707461506F6C6C005278426561636F6E00D2
S31508041E805278426561636F6E526571756573740045
S31508041E9052784F7468657200527841646472657347
S31508041EA07346696C74657265640052784465737424
S31508041EB04164647246696C74657265640052784458
S31508041EC075706C6963617465640052784572724E04
S31508041ED06F4672616D650052784572724E6F556E23
S31508041EE06B6E6F776E4E65696768626F72005278BB
S31508041EF0457272496E76616C6964537263416464AF
S31508041F00720052784572725365630052784572724C
S31508041F104663730052784572724F7468657200544A
S31508041F2078556E696361737400547842726F61649C
S31508041F306361737400547841636B52657175657394
S31508041F4074656400547841636B65640054784E6F15
S31508041F5041636B526571756573746564005478449E
S31508041F6061746100547844617461506F6C6C0054F8
S31508041F7078426561636F6E005478426561636F6E7B
S31508041F80526571756573740054784F746865720088
S31508041F905478526574727900547845727243636151
S31508041FA0005478457272427573794368616E6E653A
S31508041FB06C00547845727241626F727400547844A6
S31508041FC069726563744D617852657472794578707F
S31508041FD0697279005478496E6469726563744D61EF
S31508041FE078526574727945787069727900366C6FBF
S31508041FF02073656E6400366C6F20726561730069C0
S315080420007036006D706C00636F617020736563755C
S315080420107265006170706C69636174696F6E2063C0
S315080420206F617000284578706F6E656E7469616CAF
S31508042030204D6F76696E67204176657261676529FA
S3150804204000534C2D4F50454E5448524541442F3366
S315080420502E302E302E305F4769744875622D36311E
S31508042060653433636666623B2045465233323B2009
S3150804207044656320313620323032352031393A32DC
S31508042080383A34330000000008000000ED1F040845
S3150804209010000000F61F040818000000FF1F0408BB
S315080420A0200000000320040828000000711C04080E
S315080420B0300000001F200408380000000720040828
S315080420C04000000013200408561D0408415A01085C
S315080420D0000000001E190408055801080000000045
S315080420E0351D0408015B0108000000005D1D040895
S315080420F06159010800000000651D0408D15901084A
S31508042100000000002A1C0408F15A01080000000017
S315080421106E1D0408F95A0108000000001E19040877
S315080421204B780108000000002A1D0408F120010864
S31508042130000000002F1D0408859301080000000014
S31508042140351D0408E1200108000000003B1D0408B1
S31508042150EB60010800000000FB1C04086921010863
S3150804216000000000F81C0408012301080000000010
S31508042170CB1B04083F6A000800000000021D04087F
S31508042180B590010800000000B81C0408C5720008D0
S3150804219000000000C21C04083B730008000000008D
S315080421A01A1C0408716D000800000000CB1C040802
S315080421B0A165000800000000CE1C0408916500080B
S315080421C000000000081C04086D6C000800000000EC
S315080421D02A1C04081783000800000000BC1C040815
S315080421E0C165000800000000F71B04089171000887
S315080421F000000000F50D0408F96500080000000059
S31508042200DC1C0408B165000800000000941B0408DF
S315080422101766000800000000991B04089566000864
S31508042220000000009F1B0408D1730008000000008A
S31508042230A71B04085973000800000000B41B04080F
S315080422405775000800000000F11F04084F7D0008B8
S31508042250000000007A180408CD23010800000000D5
S31508042260851804083D24010800000000891804089C
S31508042270DD2401080000000094180408112601084A
S3150804228000000000BE1704083D28010800000000ED
S31508042290A1180408DD33010800000000B218040878
S315080422A0D977010800000000BF180408FB7201086A
S315080422B000000000C8180408E33F010800000000F5
S315080422C0CC1804089152010800000000D418040828
S315080422D0C17C010800000000DA1804084527010833
S315080422E000000000E1180408B1910108000000008C
S315080422F0EA180408A128010800000000EE180408DA
S31508042300673E010800000000F9180408898F0108CF
S3150804231000000000FD180408EF3101080000000061
S31508042320031904081132010800000000F61704080E
S3150804233063320108000000000B190408516C0108F7
S3150804234000000000181904085126010800000000BE
S315080423501C190408752C0108000000002519040836
S31508042360B92E01080000000030190408432F01089B
S31508042370000000003719040837940108000000001B
S315080423803F190408E9770108000000004B190408FE
S315080423904523010800000000561904082D290108E0
S315080423A00000000062190408CD220108000000009C
S315080423B0641C04088527010800000000D23A0408B2
S315080423C0B97A010800000000661904088D2101087D
S315080423D00000000071190408B9290108000000006A
S315080423E07919040839310108000000008119040824
S315080423F0893E0108000000002D180408213301084D
S315080424000000000093190408C540010800000000F4
S3150804241045180408793E010800000000F917040865
S31508042420A134010800000000A1190408D5610108B7
S3150804243000000000A8190408D136010800000000AD
S31508042440AD1904084120010800000000B619040863
S31508042450F540010800000000C119040805390108FF
S3150804246000000000CD190408FD2201080000000040
S31508042470D1190408B13B0108000000001219040828
S31508042480598E010800000000D819040859200108CB
S3150804249000000000DF190408CB3B01080000000017
S315080424A0E41904087520010800000000EE19040860
S315080424B0452A010800000000F71B0408893C0108A6
S315080424C000000000F2190408853D01080000000018
S315080424D0FE190408193D010800000000051A04083D
S315080424E0CD6A0108000000004C130408ED2A01080F
S315080424F0000000000D1A0408D13401080000000089
S315080425001A1A04088526010800000000211A04087E
S31508042510D13D0108000000006A0E04089122010852
S3150804252000000000FF020000000000000000000098
S31508042530000000024C250408FF0200000000000009
S3150804254000000000000000019C2A0408FF030000A4
S3150804255000000000000000000000000238250408FE
S315080425609C1D0408B7160408D1160408EE160408B8
S3150804257007170408756E6B6E6F776E00FE190408EC
S31508042580431D0408491D04084F1D04083131000081
S315080425900F1D04081D1D040804060000EC1C04088D
S315080425A0F31C04080612040505000000831D04082C
S315080425B0E01C0408EC1C04083E0C0408EF1C040880
S315080425C07B1B0408530E04085C0E0408AA1C0408A2
S315080425D0B11C040818000000AE1A04082000000004
S315080425E0BA1A040828000000C71A040830000000B4
S315080425F0D41A040838000000DE1A04084000000053
S31508042600E91A04086D1B04087B1B0408841B0408C8
S315080426108C1B0408000100FF00000000281A0408A7
S31508042620040000003A1A040808000000451A0408C1
S315080426300C000000511A0408100000005F1A040870
S3150804264014000000711A0408180000007E1A040811
S315080426501C0000008D1A040820000000A01A0408B3
S3150804266000000000F41A040802000000011B040814
S31508042670040000000E1B040806000000181B0408CA
S3150804268008000000231B04080A000000501B040865
S315080426900C0000002E1B04080E000000411B040851
S315080426A0100000005F1B0408641704087617040862
S315080426B000000000871704089817040800000000A3
S315080426C0B0170408BE17040800000000A817040879
S315080426D0B817040800000000C6170408D31704082E
S315080426E000000000DF170408E517040800000000CE
S315080426F0EB170408F617040800000000FF1704087F
S315080427001118040800000000211804082D180408EC
S3150804271001000000381804084518040800000000E1
S31508042720EF170408F91704080000000051180408F4
S3150804273056180408010000005B1804086B180408FE
S315080427400000000071350408A553010800000000C4
S315080427501B160408EB1F010800000000801C04086F
S31508042760C154010800000000871C04080954010824
S31508042770000000008C1C0408E9550108000000004C
S315080427809B1C0408095501080000000015130408D9
S315080427904153010800000000D01804086D540108CC
S315080427A0000000001D13040801330108000000009E
S315080427B03917040840170408481704084417040876
S315080427C04C17040858170408323030313A3438366E
S315080427D0303A343836303A3A383838380000020055
S315080427E000010000050000010000060000021400B4
S315080427F00C00000100000F00020100001100000295
S3150804280000001200020100001500020100001A006F
S315080428100202000021000601000024000201000053
S315080428202700000100002F0000010200010100003A
S315080428301D170408241704082E1704085900000055
S31508042840040000001F1F040808000000291F0408CC
S315080428500C000000351F040810000000441F04087B
S31508042860140000004C1F0408180000005D1F04082B
S315080428701C000000641F0408200000006F1F0408E1
S3150804288024000000781F040828000000881F040894
S315080428902C000000901F040838000000981F040844
S315080428A040000000A11F04083C000000B21F0408F1
S315080428B030000000BD1F040834000000D41F0408BB
S315080428C0480000004F1E04084C000000591E040866
S315080428D050000000651E0408540000006C1E04081D
S315080428E058000000771E04085C000000801E0408D7
S315080428F060000000901E040864000000981E040886
S3150804290068000000AA1E04086C000000BD1E040826
S3150804291070000000CA1E040874000000D71E0408CC
S3150804292078000000EE1E04087C000000021F04085C
S31508042930800000000B1F040884000000141F04080C
S3150804294000000000AD1D040802000000BB1D0408B9
S3150804295004000000C91D040806000000D41D04086C
S3150804296008000000E01D04080A000000121E0408FE
S315080429700C000000EC1D04080E000000011E0408EB
S3150804298010000000221E040848000000401E040827
S3150804299018000000B21D040820000000C01D040829
S315080429A028000000CE1D040830000000D91D0408C4
S315080429B038000000E51D040800000000871D04080F
S315080429C008000000911D0408040000009A1D04086C
S315080429D00C000000A41D04083E2000666163746FA1
S315080429E072797265736574006A0E0408F71B040825
S315080429F01A1A04087A180408BE170408F9170408EA
S31508042A00F6170408B91B040837190408C31B040875
S31508042A10D01B0408E01B04084B1904088918040889
S31508042A207919040803190408D8190408EC1B0408BE
S31508042A30FD1B04080F1C04081F1C0408941804082A
S31508042A40C8180408321C04083F1C04084F1C040850
S31508042A505B1C0408681C040855130408AE1604080D
S31508042A60B2160408121206120405050038180408DA
S31508042A707A1D0408831D0408E01C0408EC1C0408D9
S31508042A803E0C0408EF1C0408FF03000000000000C5
S31508042A9000000000000000FC00000000FF03000026
S31508042AA0000000000000000000000001882A040855
S31508042AB09817040800000000ED260108000000002D
S31508042AC0F950010800000000BE17040808000000B9
S31508042AD08920010800000000813501080000000073
S31508042AE0D31704080B000000A92001080000000001
S31508042AF02141010800000000E5170408060000004B
S31508042B00B52001080000000031410108000000005A
S31508042B10751C040806000000B52001080000000022
S31508042B203141010800000000F617040804000000FB
S31508042B30BF32010800000000CD240108000000008F
S31508042B4015180408050000004141010800000000AA
S31508042B50192F0108000000001118040805000000D8
S31508042B604141010800000000192F01080000000077
S31508042B702D18040802000000F132010800000000C4
S31508042B809D310108000000004518040803000000F0
S31508042B90C1200108000000002F51010800000000B0
S31508042BA0F917040807000000D120010800000000F6
S31508042BB0A13501080000000076170408010000008A
S31508042BC0F526010800000000135101080000000062
S31508042BD05618040809000000F9320108000000002C
S31508042BE0C3310108000000006B1804080A0000003D
S31508042BF0C521010800000000B135010800000000E5
S31508042C00B81704080C000000992001080000000009
S31508042C109135010800000000C41B00209819002003
S31508042C202D75002D62002D68002575207061636B73
S31508042C30657473207472616E736D69747465642C3B
S31508042C40202575207061636B6574732072656365EE
S31508042C50697665642E00205061636B6574206C6F19
S31508042C607373203D20256C752E257525252E002089
S31508042C70526F756E642D74726970206D696E2F615A
S31508042C8076672F6D6178203D2025752F25752E25AD
S31508042C903033752F2575206D732E0025783A2578DF
S31508042CA03A25783A25783A3A2F363400257520623B
S31508042CB0797465732066726F6D20003A2069636DB6
S31508042CC0705F7365713D257520686C696D3D257562
S31508042CD02074696D653D25756D73006E616D653A81
S31508042CE000286E756C6C29002C2073746174653A1F
S31508042CF025732C2061646472733A006175746F00DD
S31508042D00696E7374616E63653A222573222C206E8C
S31508042D10616D653A222573002C257300222C2073D5
S31508042D20746174653A25732C20706F72743A25643D
S31508042D302C207072696F726974793A25642C20772D
S31508042D4065696768743A256400456E61626C6564F2
S31508042D50007C20252A73007C252A2E2A73002B0042
S31508042D60656E61626C650064697361626C650043D3
S31508042D706F6E6E656374696E6720746F2073796EFF
S31508042D8074686573697A6564204950763620616487
S31508042D9064726573733A2000556E6B6E6F776E4571
S31508042DA072726F72547970650053525020636C695D
S31508042DB0656E742063616C6C6261636B202D20659B
S31508042DC072726F723A257300486F737420696E665F
S31508042DD06F3A0053657276696365206C6973743A51
S31508042DE00052656D6F7665642073657276696365EE
S31508042DF0206C6973743A00256420627974657320BB
S31508042E0066726F6D2000202564200053656E646920
S31508042E106E6720746F2073796E74686573697A6552
S31508042E2064204950763620616464726573733A2067
S31508042E30002D73002D74003A3A002F256400256C82
S31508042E4075642E00253032753A253032753A2530A8
S31508042E503275002E253033750045434453410045E9
S31508042E60435F4448004543004F4B0044726F70006B
S31508042E704E6F42756673004E6F526F7574650042E5
S31508042E8075737900506172736500496E76616C6971
S31508042E906441726773005365637572697479004196
S31508042EA06464726573735175657279004E6F416413
S31508042EB06472657373004E6F74496D706C656D65E5
S31508042EC06E74656400496E76616C696453746174E2
S31508042ED065004E6F41636B004368616E6E656C41B5
S31508042EE063636573734661696C75726500466373DB
S31508042EF0457272004E6F4672616D65526563656907
S31508042F0076656400496E76616C6964536F7572639D
S31508042F1065416464726573730044657374696E61AC
S31508042F2074696F6E4164647265737346696C74651B
S31508042F30726564004E6F74466F756E6400416C72F8
S31508042F406561647900526573657276656445727263
S31508042F506F723235004970763641646472657373EC
S31508042F604372656174696F6E4661696C7572650052
S31508042F704E6F7443617061626C6500526573706F5D
S31508042F806E736554696D656F757400526561737304
S31508042F90656D626C7954696D656F7574004E6F74EE
S31508042FA0546D66004E6F6E4C6F7770616E44617433
S31508042FB0614672616D65005265736572766564452E
S31508042FC072726F723333004C696E6B4D6172676946
S31508042FD06E4C6F7700496E76616C6964436F6D6DEC
S31508042FE0616E640050656E64696E670052656A6551
S31508042FF06374656400546F41646400416464696E73
S315080430006700546F52656672657368005265667226
S31508043010657368696E6700546F52656D6F766500EF
S3150804302052656D6F76696E67005265676973746574
S315080430307265640052656D6F766564000000000071
S3150804304035830108D51E0108C91E01086D830108C8
S31508043050011F0108F51E0108F52F0408FB2F0408B3
S31508043060023004080C300408173004082030040819
S315080430702930040834300408506C6174666F726D24
S3150804308000000000682E0408A61D04086B2E040818
S31508043090702E0408772E04087F2E0408842E04084C
S315080430A08A2E0408962E04089F2E0408AC2E0408BB
S315080430B0B71F0408B62E0408C52E0408D22E040821
S315080430C0D82E0408C01D0408ED2E0408F42E04089E
S315080430D0DE1E0408042F0408242F0408192F0408E4
S315080430E0342F04083D2F0408452F0408552F0408D7
S315080430F0702F04087B2F0408BF1E04088B2F0408AE
S315080431009D2F0408A42F0408B72F0408C72F040802
S31508043110D52F0408E42F0408EC2F0408141C2030C7
S315080431204005030504040600020202040406070017
S3150804313004000000592E0408E55702080D58020831
S31508043140659A0208C1900208000000000000000009
S31508043150418902083F5F0208D55D0208EB57020859
S31508043160030000005F2E0408E55702080158020808
S31508043170000000000000000000000000000000003D
S31508043180418902083F5F0208D55D0208EB57020829
S3150804319002000000652E0408E5570208D9570208FC
S315080431A0659A0208C19002080000000000000000A9
S315080431B0418902083F5F0208D55D0208EB570208F9
S315080431C00000000090310408603104083031040816
S315080431D0011000240011127100000080004440040C
S315080431E009008003FF0600062573222573220000C2
S315080431F0BC0200001027000010270000102700005A
S315080432001027000010270000000601170C081D1DD2
S315080432101708060C0101010101010101061B06003C
S3150804322006020604070607000202020404020754FB
S315080432306872656164404000004040808080800078
S3150804324000908868480402020C0C0A01010303056D
S3150804325005060700020202040406070A0C09612F80
S31508043260616500612F616E00612F617100612F61D4
S315080432707200612F617300612F736400612F796C8A
S3150804328000622F626100622F626D7200622F6271A2
S3150804329000632F616200632F616700632F61720008
S315080432A0632F617300632F636100632F6367006391
S315080432B02F637000632F637300632F646300632FA7
S315080432C0657200632F657300632F6A6500632F6A4E
S315080432D06600632F6C6100632F6C7000632F706344
S315080432E000632F706700632F707100632F7073007B
S315080432F0632F727800632F746500632F74780063F4
S315080433002F757200632F757400642F646100642F2F
S31508043310646700642F647100642F6472006E2F64FE
S315080433206E006E2F6472006E2F6D72007264002038
S315080433308F2D02084F030208FD2E02084FF80108D4
S3150804334049F801086A6400208F2D02084F03020811
S31508043350FD2E02084FF8010849F801080202030085
S31508043360000000001A0000005E32040863320408F4
S31508043370683204086D320408723204087732040885
S315080433807C32040881320408863204088C32040824
S3150804339091320408963204089B320408A0320408C1
S315080433A0A5320408AA320408AF320408B432040861
S315080433B0B9320408BE320408C3320408C832040801
S315080433C0CD320408D2320408D7320408DC320408A1
S315080433D0E1320408E6320408EB320408F032040841
S315080433E0F5320408FA320408FF32040804330408E0
S315080433F0093304080E33040813330408183304087D
S315080434001D330408223304082733040813B779FA4A
S31508043410C925DDB7ADF3CFE0F1B614B80102000053
S3150804342000000000FFFFFFFF02000000010000008B
S31508043430000000000000000000000000000000007A
S31508043440000000000000000000000000000000006A
S3150804345000000000000000000000000000800000DA
S31508043460504D5F494E5445524E414C5F454D315F70
S31508043470524551554952454D454E540070726F6335
S315080434806573730048616E646C6572004F70656E8F
S315080434905468726561640044656661756C74446F4A
S315080434A06D61696E00526573657420696E666F3A5C
S315080434B02030782578202825732900457874656E88
S315080434C064656420526573657420696E666F3A2074
S315080434D030782532582028257329002573206D6FE6
S315080434E06465207573696E67202573207374616338
S315080434F06B202825346C7820746F2025346C782941
S315080435002C205350203D2025346C780025752062E4
S3150804351079746573207573656420282575252529AE
S3150804352020696E20257320737461636B20286F7578
S3150804353074206F6620257520627974657320746F0C
S3150804354074616C29005350206973206F757473690C
S31508043550646520257320737461636B2072616E67DA
S315080435606521004E6F20696E746572727570747386
S315080435702061637469766500496E74657272757044
S3150804358074732061637469766520286F722070727B
S31508043590652D656D7074656420616E64207374614D
S315080435A0636B6564293A00526573657420636175B3
S315080435B073653A205761746368646F672065787029
S315080435C0697265642C206E6F2072656C6961626C21
S315080435D06520657874726120696E666F726D6174B0
S315080435E0696F6E0052657365742063617573653A15
S315080435F0205761746368646F6720636175676874CC
S31508043600207769746820656E68616E6365642069ED
S315080436106E666F00496E737472756374696F6E2093
S31508043620616464726573733A2025346C7800526554
S315080436307365742063617573653A204173736572A3
S31508043640742025733A256C64005265736574206387
S31508043650617573653A2048617264204661756C74B5
S3150804366000484653522E5645435454424C3A206514
S3150804367072726F722072656164696E67207665631B
S31508043680746F72207461626C6520666F7220616E55
S3150804369020657863657074696F6E00484653522EC8
S315080436A0464F524345443A20636F6E66696775729E
S315080436B061626C65206661756C7420636F756C64F1
S315080436C0206E6F7420616374697661746500484678
S315080436D053522E44454255474556543A2066617519
S315080436E06C742072656C6174656420746F206465FB
S315080436F0627567202D20652E672E2C2065786563F4
S315080437007574656420424B50540052657365742081
S3150804371063617573653A204D656D6F7279204D61E5
S315080437206E6167656D656E74204661756C740049D3
S315080437306C6C6567616C206163636573732061648F
S3150804374064726573733A2025346C78004346535281
S315080437502E25730052657365742063617573653A23
S3150804376020427573204661756C7400416464726501
S315080437707373206973206F6620616E20696E737493
S3150804378072756374696F6E206166746572206275FA
S3150804379073206661756C74206F63637572726564F1
S315080437A02C206E6F74207468652063617573652EAA
S315080437B000434653522E286E6F6E6529206C6F613E
S315080437C064206F722073746F726520617420616E51
S315080437D020696C6C6567616C2061646472657373D7
S315080437E00052657365742063617573653A20557371
S315080437F0616765204661756C74005265736574204B
S3150804380063617573653A204465627567204D6F6E0A
S3150804381069746F72204661756C74002573203D20A7
S3150804382030782530386C7825730049414343564926
S315080438304F4C3A20617474656D7074656420696EC2
S31508043840737472756374696F6E2066657463682031
S3150804385066726F6D2061206E6F2D65786563757469
S315080438606520616464726573730044414343564931
S315080438704F4C3A20617474656D70746564206C6F7E
S315080438806164206F722073746F726520617420619D
S315080438906E20696C6C6567616C206164647265731B
S315080438A073004D554E53544B4552523A20756E7318
S315080438B07461636B2066726F6D20657863657074D6
S315080438C0696F6E2072657475726E206361757365AF
S315080438D064206163636573732076696F6C617469C8
S315080438E06F6E004D53544B4552523A2073746163BC
S315080438F06B696E672066726F6D2065786365707490
S31508043900696F6E20636175736564206163636573AB
S31508043910732076696F6C6174696F6E004D4D415200
S3150804392056414C49443A204D4D415220636F6E74BA
S3150804393061696E732076616C6964206661756C745E
S315080439402061646472657373004942555345525243
S315080439503A20696E737472756374696F6E20707237
S31508043960656665746368206361757365642062754A
S3150804397073206661756C7400505245434953455229
S31508043980523A2070726563697365206461746120B4
S31508043990627573206661756C7400494D50524543CF
S315080439A049534552523A20696D7072656369736565
S315080439B0206461746120627573206661756C740095
S315080439C0554E53544B4552523A20756E737461637F
S315080439D06B696E67206F6E20657863657074696FAE
S315080439E06E2072657475726E2063617573656420E2
S315080439F06461746120627573206661756C74005322
S31508043A00544B4552523A20737461636B696E67204E
S31508043A106F6E20657863657074696F6E20656E7461
S31508043A2072792063617573656420646174612062C8
S31508043A307573206661756C74004246415256414C52
S31508043A4049443A204246415220636F6E7461696E56
S31508043A50732076616C6964206661756C7420616490
S31508043A60647265737300554E444546494E53545221
S31508043A703A20747269656420746F20657865637585
S31508043A80746520616E20756E646566696E6564206A
S31508043A90696E737472756374696F6E00494E565312
S31508043AA0544154453A20696E76616C6964204550E0
S31508043AB05352202D20652E672E2C20747269656456
S31508043AC020746F2073776974636820746F20415279
S31508043AD04D206D6F646500494E5650433A2065780B
S31508043AE063657074696F6E2072657475726E206989
S31508043AF06E7465677269747920636865636B73208D
S31508043B006661696C6564004E4F43503A206174746B
S31508043B10656D7074656420746F2065786563757463
S31508043B2065206120636F70726F636573736F7220AB
S31508043B30696E737472756374696F6E00554E414C81
S31508043B4049474E45443A20617474656D70746564DA
S31508043B5020616E20756E616C69676E6564206D659B
S31508043B606D6F7279206163636573730044495642C5
S31508043B70595A45524F3A20617474656D7074656478
S31508043B8020746F20657865637574652053444956B7
S31508043B90206F7220554449562077697468206469F1
S31508043BA07669736F72206F66203000000104100076
S31508043BB0AC640020000000000000010000000000C2
S31508043BC07AFF80AF79FF00AF73FF80AE0000000074
S31508043BD07AFF809F79FF009F73FF809ED83F040871
S31508043BE0BC3F040800000000FFFFFFFFFFFFFFFFC4
S31508043BF0FEFFFFFFFFFFFFFFFFFFFFFFFFFFFFFFC4
S31508043C00B1B946C1ECDEB8FE49302472ABE9A70F58
S31508043C10E7809CE5190521643128D2B4B1C96B142F
S31508043C2036F8DE99FFFFFFFFFFFFFFFFFFFFFFFFE9
S31508043C301210FF82FD0AFFF40088A143EB20BF7C23
S31508043C40F69030B00EA88D181148791EA177F9732D
S31508043C50D5CD246BED11106378DAC8FF952B1907B7
S31508043C600100000001000000000000000000000040
S31508043C70FFFFFFFFFFFFFFFFFFFFFFFFFFFFFFFF42
S31508043C8000000000B4FF552343390B27BAD8BFD721
S31508043C90B7B04450563241F5ABB3040C850A05B4A3
S31508043CA03D2A5C5C4529DD133EF0B8E0A216FFFF09
S31508043CB0FFFFFFFFFFFFFFFFFFFFFFFF211D5C1153
S31508043CC0D68032342211C256D3C1034AB99013326C
S31508043CD07FBFB46BBD0C0EB7347E00859981D5447D
S31508043CE06447075AA07543CDE6DF224CFB23F7B594
S31508043CF0886337BDFFFFFFFFFFFFFFFFFFFFFFFFDF
S31508043D0000000000000000000000000001000000A0
S31508043D10FFFFFFFF4B60D2273E3CCE3BF6B053CCA9
S31508043D20B0061D65BC86987655BDEBB3E7933AAAEB
S31508043D30D835C65A512563FCC2CAB9F3849E17A757
S31508043D40ADFAE6BCFFFFFFFFFFFFFFFF0000000020
S31508043D50FFFFFFFF96C298D84539A1F4A033EB2D8F
S31508043D60817D0377F240A463E5E6BCF847422CE17B
S31508043D70F2D1176BF551BF376840B6CBCE5E316BBF
S31508043D805733CE2B169E0F7C4AEBE78E9B7F1AFE83
S31508043D90E242E34F1E000000554E4B0046494200DE
S31508043DA042544C0045585400505752005744470053
S31508043DB02053570043525300465348004241440097
S31508043DC0464C540042524F0052300052310052328F
S31508043DD0005233005234005235005236005237002E
S31508043DE052380052390052313000523131005231C2
S31508043DF03200523133284C5229004D535000505347
S31508043E00500050430078505352004D535020757358
S31508043E1065640050535020757365640043535441D8
S31508043E20434B20626F74746F6D00494353520053B9
S31508043E304843535200494E545F414354495645300A
S31508043E4000494E545F41435449564531004346534D
S31508043E505200484653520044465352004D4D41526F
S31508043E602F4246415200414653520052657430006F
S31508043E7052657431005265743200526574330052C7
S31508043E8065743400526574350044617430004461C5
S31508043E9074310000160000001B00000057000000E3
S31508043EA00104010303060105010501090600060BC1
S31508043EB00000070B050B00000000000000000000CE
S31508043EC0000000000100A0020202020264000000D1
S31508043ED0B6000000640000000001000000000000B5
S31508043EE000000000000000000B0000006465666125
S31508043EF0756C742E736572766963652E617270616A
S31508043F0000DEAD00BEEF00CAFE78581686FDB4582A
S31508043F100FB092546AECBD1566FDDEAD00BEEF0027
S31508043F2000000000D041040878410408444104080C
S31508043F30384104083041040824410408144104089B
S31508043F400C41040800410408F0400408D040040861
S31508043F50B04004082A3804086A3804087F46040866
S31508043F60A2380408E33804087F4604087F46040890
S31508043F701C39040849390408783904089A390408A4
S31508043F80C0390408FF3904087F4604087F46040834
S31508043F90393A0408663A04089C3A0408D73A0408E5
S31508043FA0073B04087F4604087F4604087F4604083E
S31508043FB07F4604083C3B04086C3B040802000000E6
S31508043FC00000000000000000C9D40008C9D4000895
S31508043FD009D10008B7D1000802000000B3D10008CF
S31508043FE0EDD100082DD3000831D3000823D10008E9
S31508043FF0D5D1000800000000000000000000000001
S31508044000008000000080000000800000008000009E
S31508044010008000000080000000800000008000008E
S31508044020008000000080000000800000008000007E
S31508044030018000000180000001800000018000006A
S315080440400180000002800000028000000280000057
S31508044050038000000480000005800000068000003C
S31508044060088000000C8000000F8000000900000092
S315080440700A0000000C0000000E00000011000000F9
S3150804408013000000160000001B00000022000000B8
S315080440902D00000067FC010889FC0108A13B020801
S315080440A0ADFC0108D1FE01088902020809040208C8
S315080440B0554E4B00555020005250200041503000B8
S315080440C041503100415020004450200044454300EB
S315080440D0554E4B00485244004D454D004255530039
S315080440E05553470044424700444D41005643540043
S315080440F0554E4B004C434B0058544C004F42460017
S31508044100554E4B0056465900494E4800554E4B00ED
S3150804411041535400554E4B005242540044534C00EC
S31508044120454D3400554E4B00455850004C574D00EC
S31508044130554E4B0048562000554E4B0050494E00EC
S31508044140454D3400554E4B00474F200042544C0011
S315080441504241440046544C00465243004F544100E1
S3150804416044534C004241500055504700544D4500B5
S3150804417046415500545A4600474F200042544C00C5
S31508044180474F3200474F3300474F3400474F3500F7
S31508044190474F3600474F3700474F3800474F3900D7
S315080441A0474F4100474F4200474F4300474F44009B
S315080441B0474F4500474F46004A4D50004244520077
S315080441C05550520042544D004D534D0046544C0030
S315080441D0554E4B008464002065636B65792E510047
S315080441E0C0DE1AB5C0DE1AB5001234C0DE1AB5121E
S315080441F034C0DE1AB51234C0DE00667464206275F3
S3150804420074746F6E004D65737361676520526563D8
S3150804421065697665643A2025730D0A006A09E667B6
S31508044220BB67AE853C6EF372A54FF53A510E527FC5
S315080442309B05688C1F83D9AB5BE0CD1900454D32CD
S315080442402028736C6565702900454D3120286964FA
S315080442506C652900736C656570792D64656D6F2DC1
S315080442606D7464207374617274696E6720696E2054
S31508044270454D31202869646C6529206D6F64650D88
S315080442800A00507265737320427574746F6E203019
S3150804429020746F20746F67676C6520626574776530
S315080442A0656E20454D31202869646C652920616E48
S315080442B06420454D322028736C65657029206D6F1E
S315080442C06465730D0A005B706F6C6C2070657269A7
S315080442D06F643A202564206D732E5D0D0A00496EBD
S315080442E0697469616C697A6174696F6E206661695B
S315080442F06C656420776974683A2025642C202573D4
S315080443000D0A004D5444206661696C656420746F17
S31508044310206F70656E2075647020736F636B6574A7
S3150804432020776974683A2025642C2025730D0A00C1
S315080443304D5444206661696C656420746F20626913
S315080443406E642075647020736F636B657420776977
S3150804435074683A2025642C2025730D0A006F74545A
S315080443606872656164536574456E61626C65642838
S3150804437073496E7374616E63652C2074727565294E
S31508044380203D3D204F545F4552524F525F4E4F4E8B
S3150804439045006170702E6300736C656570792D64D1
S315080443A0656D6F2D6D746420737769746368696EBF
S315080443B06720746F202573206D6F64650D0A006687
S315080443C06630333A3A31006D746420627574746FDA
S315080443D06E00494F53545245414D5F55415254005E
S315080443E02A8648CE3D03010100736563703139326C
S315080443F0723100736563703232347231002A86482A
S31508044400CE3D030107007365637032353672310099
S31508044410E043040808000000E9430408E9430408E3
S31508044420010000003C45040805000000F3430408A5
S31508044430F343040802000000FD43040808000000D2
S3150804444006440408064404080300000000000000AB
S31508044450000000000000000000000000000000004A
S31508044460505341004B45590000000000000000006D
S31508044470FFFFFFFFFFFFFFFFFFFFFFFF99DEF83691
S31508044480146BC9B1B4D22831FFFFFFFFFFFFFFFF4A
S31508044490FFFFFFFFFFFF16A2E0B8F03E13DD294534
S315080444A05C5C2A3DFFFFFFFF00000000FFFFFFFFE3
S315080444B0FFFFFFFFBCE6FAADA7179E84F3B9CAC28D
S315080444C0FC63255109204000000000007BFF80B0F2
S315080444D079FF80B078FF80B176FF00B16CFF00B336
S315080444E06BFF00B2050000000000000000C20100D6
S315080444F00002000000100000000000000000000098
S3150804450000000000560000000000015B15000000D2
S315080445100445040838450408344504083506FEB835
S3150804452023D487126170705F696E6974000D0A0876
S315080445302008000001000F0000000F002B81040072
S3150804454021005F737562005B25735D3A257500FF6C
S31508044550FFFFFFFFFFFFFF005B25635D2000252E9D
S315080445602A7325733A20004661696C656420746F62
S31508044570207365742050414E206368616E6E656CC5
S3150804458020746F202575207768656E206170706CBD
S3150804459079696E6720646174617365743A2025735A
S315080445A0002D2D2D2D2D454E44204543205052498E
S315080445B056415445204B45592D2D2D2D2D002D2D75
S315080445C02D2D2D424547494E2045432050524956E4
S315080445D0415445204B45592D2D2D2D2D002D2D2D7E
S315080445E02D2D454E442050524956415445204B459D
S315080445F0592D2D2D2D2D002D2D2D2D2D4245474977
S315080446004E2050524956415445204B45592D2D2D7F
S315080446102D2D000001010101010101010101010122
S31508044620010125010701010101010101010101013E
S31508044630010101010707010101010101010101014C
S31508044640172D2D2D2D2D2D2D2D2D2D2D2D2D2D00CB
S31508044650446174617365744D616E61676572005077
S31508044660726F632D547970653A20342C454E435243
S315080446705950544544002A864886F70D010101001D
S31508044680727361456E6372797074696F6E00525302
S3150804469041002A8648CE3D02010069642D656350AF
S315080446A075626C69634B65790047656E6572696303
S315080446B0204543206B6579002B8104010C0069644D
S315080446C02D65634448004543206B657920666F72FF
S315080446D020454344480000007646040809000000C3
S315080446E0804604088E460408010000009246040821
S315080446F0070000009A460408A946040802000000B8
S31508044700B846040805000000BE460408C646040860
S315080447100300000000000000000000000000000084
S315080447200000000000000000505341004B455900AA
S315080447300C0901020304808150C30000F22B000017
S31508044740EE020000EE02000050C3000076160000D8
S315080447507701000077010000193F010604100100E3
S315080447600001010600102700000C000000000000EC
S3150804477000000000F5DA0200A41F00009001000002
S3150804478090010000E5BF0000282300006B03000029
S315080447906B03000002000000C01753020614000051
S315080447A0802FA60405380000A00800000000580958
S315080447B001040706100A01040707C80A00040807C3
S315080447C0800B00040808380C000409086108000076
S315080447D000008A0800000000C709010404032C0B22
S315080447E001040404920C01040504000050C30000EB
S315080447F0E62D0000D0070000D0070000193F010687
S31508044800041001000001010600102700000A000038
S315080448100000000000000000140000002449920073
S315080448200000000058470408384704080000000040
S31508044830000000000024F40040420F000101F800C3
S31508044840C224500300000000944704080000000036
S3150804485000000000000000002B420F0000000000CA
S315080448600000000000000000000000001400000022
S3150804487066666600000000005847040848470408AE
S3150804488000000000000000000048E80180841E00C3
S315080448900101F800F147500200000000944704089B
S315080448A00000000000000000000000007C841E00D8
S315080448B000000000000000000000000000000000E6
S315080448C0140000001CC7710000000000FC4704081F
S315080448D07447040800000000000000000051250287
S315080448E040420F000108F600F147100200000000DC
S315080448F094470408000000000000000000000000BF
S315080449002A420F000000000000000000000000001A
S3150804491000000000140000001CC77100000000001D
S31508044920FC4704088447040800000000000000004F
S315080449300051250240420F000102F600F147100219
S31508044940000000009447040800000000000000006E
S31508044950000000002A420F000000000000000000CA
S315080449600000000000000000140000001CC77100CD
S3150804497000000000FC470408EC4704080000000097
S31508044980000000000051250240420F000108F6000D
S31508044990F1471002000000009447040800000000D4
S315080449A000000000000000002A420F00000000007A
S315080449B0000000000000000000000000030A0000D8
S315080449C0FC4F010318480408104001000141000087
S315080449D03C4001000000000048400100A007000315
S315080449E050400100000000005C4001000000000087
S315080449F008410100FF4C000054C007005111300063
S31508044A000E0009E62D00000004050607080000004C
S31508044A10D1B6020064350000404007010000505139
S31508044A200000A01110000000000000861FC08100CD
S31508044A30000000200000000064400501000000405A
S31508044A40B904F800400800000200000092000400BF
S31508044A5088400F01B7033B00000000E00000000097
S31508044A600002050D1C2F42536269686053402E1FCD
S31508044A70110A0808080807060504030302020201C6
S31508044A800101010100000000000000000000000010
S31508044A901C4101010060B18C38410701BC200AF0B1
S31508044AA0F6625200055B98408E6E82941C784852D2
S31508044AB0893B4000C00300805C410101FFDD000022
S31508044AC068410701E853FA000000004000000000AE
S31508044AD000000000000000000000000000000000C4
S31508044AE0D0410301000000AAD0000000040012000F
S31508044AF0E041130100000000FFAB000A5CF10F005F
S31508044B00D341020095EDB100197BD80F1208B904F8
S31508044B10EA1B6D1FC9B7C20A0B203B0043060000F7
S31508044B205962F300727E9600A73D1900D022F13B24
S31508044B30000000A00000000038000000000000008B
S31508044B404C42010108000304684201010100000007
S31508044B5038800101C2241000A08002017078030085
S31508044B60D0000000A8800111F0010000A8800131DE
S31508044B700542CB01AC800111F0010000AC80013183
S31508044B80053EFD00EC000112E00F0000EC000132C6
S31508044B900C2051518401010200100000FFFFFFFFA1
S31508044BA003020000FC4F01036C480408104001008E
S31508044BB0014100003C40010000000000484001009B
S31508044BC0A007000350400100000000005C400100FB
S31508044BD00000000008410100FF4C000054C0070013
S31508044BE0512130000E000DE62A00000004050607D0
S31508044BF008000000D1B60200600500004040070125
S31508044C00000050510000A02110000000000000869A
S31508044C101FC0810000000020000000006440050158
S31508044C20000000404902F0004008000002000000AD
S31508044C309200080088400F01DA032A00000000E009
S31508044C40000000000102071121374B5A67696254B4
S31508044C5040291505000000000102030404040303A7
S31508044C60030303020202020202010101000000001A
S31508044C70000000001C41010100B0B18C3841070155
S31508044C80BC200AF0B6555200055B98408E6E829495
S31508044C90233C4852893B4000C00300805C41010123
S31508044CA0FFDD000068410701E853FA0000000040F0
S31508044CB000000000000000000000000000000000E2
S31508044CC000000000D04103010000AAAAD000000099
S31508044CD004001200E041130100000000FFAB000AC3
S31508044CE05CF10F00D341020095EDB100197BD80F92
S31508044CF01208B904EA1B6D1FC9B7C20A0B203B0088
S31508044D00430600005962F300727E9600A73D190017
S31508044D10D022F13B000000A0000000004000000083
S31508044D20000000004C420101080003046842010126
S31508044D300100000038800101F1471000A08002013B
S31508044D4070780300D5C00000A8800111F0010000A6
S31508044D50A88001310542CB01AC800111F0010000A5
S31508044D60AC80013105228D00EC000112E00F000031
S31508044D70EC0001320C2051118401010200000000EC
S31508044D80FFFFFFFF03080000FC4F01036C480408FB
S31508044D9010400100014100003C40010000000000F1
S31508044DA048400100A007000350400100000000002D
S31508044DB05C4001000000000008410100FF4C0000AF
S31508044DC054C00700512130000E000DE62A000000E9
S31508044DD00405060708000000D1B6020060050000B5
S31508044DE040400701000050510000A02110000000B7
S31508044DF0000000861FC0810000000020000000009B
S31508044E0064400501000000404902F0004008000023
S31508044E10020000009200080088400F01D7032A0008
S31508044E20000000E0000000000002050D1A2D3F50A6
S31508044E306068696357463525150D0908070605058B
S31508044E40040404030303030202020202010101012A
S31508044E5001010101010101011C41010100B0B18CEC
S31508044E6038410701BC200AF0B6555200055B984044
S31508044E708E6E8294233C4852893B4000C0030080CE
S31508044E805C410101FFDD000068410701E853FA00AF
S31508044E9000000040000000000000000000000000C0
S31508044EA00000000000000000D04103010000AAAA87
S31508044EB0D000000004001200E041130100000000C5
S31508044EC0FFAB000A5CF10F00D341020095EDB10077
S31508044ED0197BD80F1208B904EA1B6D1FC9B7C20A91
S31508044EE00B203B00430600005962F300727E9600CD
S31508044EF0A73D1900D022F13B000000A000000000E5
S31508044F0040000000000000004C42010108000304B0
S31508044F10684201010100000038800101F1471000D0
S31508044F20A080020170780300FFC00200A880011166
S31508044F30F0010000A88001310542CB01AC800111C3
S31508044F40F0010000AC800131050A0D00EC000112E5
S31508044F50E00F0000EC0001320C205111840101021B
S31508044F6000000000FFFFFFFF03030000FC4F0103DE
S31508044F70C048040810400100004100003C400100FC
S31508044F8010000000484001002007000350400100BB
S31508044F90000400005C4001000D0F000008410100F8
S31508044FA003C0010054C00700511130000E000DE67D
S31508044FB02A000000080B0C0D0D000000D1B60200F3
S31508044FC08005000040400701000020700000A01181
S31508044FD010000000300000461FC881000020003081
S31508044FE0008000006440050100000000B904F800D0
S31508044FF0400800001000000092000A0088400F01D3
S31508045000B703120000000060000000000002050D4E
S315080450101C2F42536269686053402E1F110A080800
S315080450200808070605040303020202010101010137
S315080450300000000000000000000000001C410101FF
S3150804504000302C8C38410701BC200AF049C05100B5
S3150804505001000040B7563512007808500908400088
S31508045060C00300805C41010100000000684107019B
S315080450704CD4E83B04190D70080E141A20262C3259
S31508045080383E10325476980A1D6940B4D04103015B
S3150804509000000000D000000000000200E0411301F7
S315080450A000000000E2CFDD2C7EB63A006009190044
S315080450B05122E2004CB9510E3982A904D8229B29FF
S315080450C0E2CFDD2C7EB63A00600919005122E200CF
S315080450D04CB9510E3982A904D8229B290000000034
S315080450E000000000440000003C3C3C3C4C420101EA
S315080450F0080000046842010100000000388001012C
S31508045100F1471000A080020170380300D0000000A7
S31508045110A8800111F0010000A8800131055AFD019B
S31508045120AC800111F0010000AC800131053EFD00A0
S31508045130EC000112E00F0000EC0001320C205111C2
S315080451408401010200000000FFFFFFFF03040000C2
S31508045150FC4F0103144904081040010000410000F3
S315080451603C400100100000004840010020170003DD
S3150804517050400100010400005C4001000D0F0000CE
S315080451800841010003C0010054C007005111300052
S315080451900E000DE62A000000080B0C0D0D00000099
S315080451A0D1B60200800500004040070100002070C7
S315080451B00000A01110000000300000461FC881003E
S315080451C00020003000800000644005010000000053
S315080451D0B904F800400800001000000092000A0014
S315080451E088400F01B70312000000006000000000A9
S315080451F00002050D1C2F42536269686053402E1F36
S31508045200110A08080808070605040303020202012E
S315080452100101010100000000000000000000000078
S315080452201C41010100302C8C38410701BC200AF0CE
S3150804523049C0510001000040B7563512007808509D
S3150804524009084000C00300805C4101010000000019
S31508045250684107014CD4E83B04190D700A10161C62
S3150804526022282E343A4010325476980A1D6980A4AE
S31508045270D041030100000000D00000000000020035
S31508045280E041130100000000E2CFDD2C7EB63A00AF
S31508045290600919005122E2004CB9510E3982A90459
S315080452A0D8229B29E2CFDD2C7EB63A006009190084
S315080452B05122E2004CB9510E3982A904D8229B29FD
S315080452C00000000000000000440000003C3C3C3C98
S315080452D04C42010108000004684201010000000074
S315080452E038800101F1471000A080020170380300DC
S315080452F0D0000000A8800111F0010000A880013147
S31508045300055AFD01AC800111F0010000AC800131A1
S31508045310053EFD00EC000112E00F0000EC0001322E
S315080453200C2051118401010200000000FFFFFFFF59
S3150804533003050000FC4F01036849040810400100F6
S31508045340004100003C400100000000004840010004
S315080453502007000350400100000000005C400100E3
S315080453600D0F000008410100FF4C000054C007005F
S31508045370511130000E000DE62A000000080B0C0D32
S315080453800D000000D1B60200E00400004040070109
S31508045390000020700000A011100000000000004664
S315080453A01FC0810000000020008000006440050141
S315080453B000000000B904F8004008000010000000CE
S315080453C09100040088400F01B70312000000006032
S315080453D0000000000002050D1C2F42536269686034
S315080453E053402E1F110A0808080807060504030374
S315080453F00202020101010101000000000000000090
S31508045400000000001C41010100302C8C38410701C2
S31508045410BC200BF049C05100055BA0408E6E8294F7
S315080454202182485209084000C00D00805C410101F0
S31508045430FFDD0000684107014CD4E83B04190D5010
S31508045440080E141A20262C32383E10325476980A3E
S315080454501D0040B4D041030100000000D000000044
S3150804546004001200E041130100000080E2CFDD2CA5
S315080454707EB63A00600919005122E2004CB9510E71
S315080454803982A904D8229B29E2CFDD2C7EB63A00BC
S31508045490600919005122E2004CB9510E3982A90457
S315080454A0D8229B29000000000000000044000000E8
S315080454B03C3C3C3C4C42010108000304684201019F
S315080454C00000000038800101F1471000A0800201A5
S315080454D070380300D0000000A8800111F001000014
S315080454E0A8800131055AFD01AC800111F0010000C4
S315080454F0AC800131053EFD00EC000112E00F00000E
S31508045500EC0001320C205111840101020000000054
S31508045510FFFFFFFFC0490408809C2B8F80841E0070
S31508045520000000002500FF7FFC6400200000000046
S31508045530BC49040800000000C0490408809C2B8F5D
S3150804554080841E00000026002600B700FC640020A4
S3150804555000000000BC49040800000000C049040813
S31508045560809C2B8F80841E000000270027008C0057
S31508045570FC64002000000000BC4904080000000088
S31508045580A44B0408809C2B8F80841E000000000016
S315080455902500FF7FFC64002000000000A04B0408DF
S315080455A000000000A44B0408809C2B8F80841E00F6
S315080455B0000026002600A000FC640020000000006D
S315080455C0A04B040800000000A44B0408809C2B8F01
S315080455D080841E00000027002700FF7FFC6400204B
S315080455E000000000A04B040800000000884D0408D1
S315080455F0809C2B8F80841E00000000002200FF7F01
S31508045600FC64002000000000844D0408000000002B
S31508045610884D0408809C2B8F80841E00000023007C
S315080456202300B600FC64002000000000844D040832
S3150804563000000000884D0408809C2B8F80841E007F
S315080456400000240024009D00FC64002000000000E3
S31508045650844D040800000000884D0408809C2B8FA4
S3150804566080841E000000250025007D00FC640020BF
S3150804567000000000844D040800000000884D04085A
S31508045680809C2B8F80841E00000026002600530071
S31508045690FC64002000000000844D0408000000009B
S315080456A0884D0408809C2B8F80841E0000002700E8
S315080456B02700FF7FFC64002000000000844D0408D6
S315080456C0000000006C4F0408809C2B8F80841E0009
S315080456D0000000002500FF7F04650020000000008C
S315080456E0684F0408000000006C4F0408809C2B8F48
S315080456F080841E00000026002600B70004650020EA
S3150804570000000000684F0408000000006C4F0408FD
S31508045710809C2B8F80841E000000270027008C00A5
S315080457200465002000000000684F0408000000001B
S3150804573050510408809C2B8F80841E0000000000B2
S315080457402500FF7F04650020000000004C51040872
S315080457500000000050510408809C2B8F80841E0092
S31508045760000026002600B70004650020000000009B
S315080457704C5104080000000050510408809C2B8FEB
S3150804578080841E000000270027008C000465002082
S31508045790000000004C5104080000000034530408BB
S315080457A0809C2B8F80841E00000000002500FF7F4C
S315080457B004650020000000003053040800000000BF
S315080457C034530408809C2B8F80841E000000260016
S315080457D02600B700046500200000000030530408C2
S315080457E00000000034530408809C2B8F80841E001C
S315080457F00000270027008C00046500200000000034
S3150804580030530408000000000C4001000181010027
S3150804581020400200000000000100000030400300A0
S3150804582000000000000000000000000040400200E4
S315080458300000000000400000604001000101000073
S31508045840A840010007000000BC4004000000000056
S315080458500000000000000000000000000C410300E6
S31508045860FF4C0000FF4D0000FF4D000020C0011052
S3150804587000F8070020C00130F502280124C00110F1
S31508045880FF00000024C001300013000028C00800EF
S31508045890EC80B30343754051A00F00F800400000A4
S315080458A0A8AA07000000000000000000000000008D
S315080458B070C00900BA100000000420000418800013
S315080458C00B3C2001187C10022FFCE0067F00000028
S315080458D00000000000000000A8C00500BD4B7215BA
S315080458E011A3180510325476980A00000000000027
S315080458F0CCC00400010000000000000001000A00FA
S315080459000100280008000101080700001800010129
S31508045910AAAAAA00200001010060DA005C4002017C
S315080459200000000300000020784004012941767134
S31508045930000000008C000C0000000000C4400401B4
S315080459400000000000000000000000000000000045
S31508045950E04001010002000010410201331E050067
S31508045960000000002041020100000000FF04830734
S315080459702C410301FF06660CFF0483078813FF0303
S315080459805841010100000000644101010C010000B6
S315080459908441050101010000000000000000000028
S315080459A00000000000000000A441020100000000FD
S315080459B000000000B04102010000000058923EC0F9
S315080459C0BC4103010000000000003C006990060089
S315080459D02C4203016018004000000000000000008B
S315080459E03C42010100000000444201011400000089
S315080459F0804202010000000081000000984205016F
S31508045A003F000002FFFF0000FFFF0000FF03000045
S31508045A10FFFF0000B44201010000000030430A0100
S31508045A2040002001A0000000085000011F1F1F1F8E
S31508045A301F1F1F1B18151311100E0D0C45C1872F98
S31508045A4000000000000000001080010103000000AF
S31508045A503C80010101000000B0800201000300023D
S31508045A60370000019C000102000C0004D800030260
S31508045A70050040AA88010000C0000000F0000102E9
S31508045A802B0100001001011200FF0F001001013262
S31508045A90020000315001011200C001005001013218
S31508045AA0C100A2007401010269F11B0C78010112FC
S31508045AB000001C00780101321004E0CF80010112B5
S31508045AC07907000080010132020000008801010202
S31508045AD050000000FFFFFFFFED170000ED17000060
S31508045AE0F40100000000000050C300007616000010
S31508045AF07701000077010000193F01060410010030
S31508045B000001010600102700000C00000000000038
S31508045B100000000002000000C0175302061400002B
S31508045B20802FA60405380000A008000000005809C4
S31508045B3001040706100A01040707C80A000408072F
S31508045B40800B00040808380C0004090861080000E2
S31508045B5000008A0800000000C709010404032C0B8E
S31508045B6001040404920C010405040000E119000070
S31508045B70E1190000F401000000000000193F0106C5
S31508045B8004100100000101060010270000090000A6
S31508045B9000000000000000001400000066666600AD
S31508045BA0000000007C5B04086C5B0408000A000023
S31508045BB000000000005A620280841E000420F800D7
S31508045BC0F147500200000000145B040800000000BE
S31508045BD0000000000000000062841E0000000000AF
S31508045BE0000000000000000000000000140000008F
S31508045BF06666660000000000F85A0408E85A0408B5
S31508045C0000000000000000000048E80180841E002F
S31508045C100101F800F147500200000000145B040873
S31508045C200000000000000000000000007C841E0044
S31508045C300000000000000000000000000000000052
S31508045C401400000066666600000000007C5B040819
S31508045C506C5B0408000B000000000000005A620296
S31508045C6080841E000420F800F1475002000000005A
S31508045C70145B040800000000000000000000000097
S31508045C8062841E00000000000000000000000000FE
S31508045C9000000000140000006666660000000000AC
S31508045CA07C5B0408D85A04080000000000000000C1
S31508045CB0005A620280841E000420F600F14750024E
S31508045CC000000000145B0408000000000000000047
S31508045CD00000000062841E000000000000000000AE
S31508045CE00000000000000000FC4F0103EC5B040800
S31508045CF00C4002000CB111000041000030400400C1
S31508045D002508000000010000FF000000410301000F
S31508045D10504001000B0000005C4002000F0D00001B
S31508045D20010100000841040001400000FF0C0000C6
S31508045D3001410000FF0D000020C0011000F8070013
S31508045D4020C00130F502280124C00110FF0000001C
S31508045D5024C001300013000044C001000000000004
S31508045D6054C00700512130000E000DE62A00000039
S31508045D700405060708000000D1B602006005000005
S31508045D80D0C0010000000000080001010E17000041
S31508045D9018000101FFFFFFFF200001012083B8ED71
S31508045DA040400601000050510000A02110000000E8
S31508045DB0000000861FC08100000000206040170113
S31508045DC000000020000000404902F00040080000DE
S31508045DD002000000920008007C4E78AB0000000028
S31508045DE08C000C0000000000DA032A0000000060A2
S31508045DF0000000000102071121374B5A67696254F3
S31508045E0040291505000000000102030404040303E5
S31508045E100303030202020202020101011041010105
S31508045E20331E05001C4102010030B38C000000003B
S31508045E3038410701BC200AF0F8545200055B984023
S31508045E40D51E723E263C4852893B4000C00300805A
S31508045E505C410101FFDD00006C410B0100000040BC
S31508045E600000000000000000000000000000000020
S31508045E70000000000101000000000000000000000E
S31508045E800000000000000000A84101010000000015
S31508045E90B441010158923EC0D04103010000555552
S31508045EA0D000000004001200E4410E01FFAB000A12
S31508045EB05CF10F00D341020095EDB100197BD80FB0
S31508045EC01208B904EA1B6D1FFFAB000A5CF10F0048
S31508045ED0D341020095EDB100197BD80F1208B90415
S31508045EE0EA1B6D1F24420301400000000000000065
S31508045EF0601800403C420101000000004C420101C8
S31508045F00080003048042020100000000810000002A
S31508045F10A0420301FFFF0000FF030000FFFF00008B
S31508045F20B44201010000000030430301400020018F
S31508045F30A0000000085000014C43010145C1872F09
S31508045F40A080020170780300D5C00000A880011162
S31508045F50F0010000A88001310542CB01AC80011193
S31508045F60F0010000AC80013105228D00B0800101EA
S31508045F70000300027401010269F11B0C7801011285
S31508045F8000001C00780101321004E0CF80010112E0
S31508045F907907000080010132020000008401020230
S31508045FA00000000050000000FFFFFFFF050000008E
S31508045FB0FC4F0103945C04080C40020001801400A1
S31508045FC07F4000003040040000000000000000008C
S31508045FD0000000000000000050400100000000001E
S31508045FE05C400200000000000000000008410400B4
S31508045FF000400000FF4C000000410000FF4D000077
S3150804600020C0011000F8070020C00130140228013E
S3150804601024C00110FF00000024C001300043000022
S3150804602044C001002E02000054C00700514130004C
S315080460300E000DE62A000000080B0C0D0D000000EA
S31508046040D1B60200C0060000D0C00100000000005E
S3150804605008000101040700001800010100000000FF
S3150804606020000101088400004040060100000000E9
S31508046070000000001000000020F913040702620063
S3150804608038700000604017010068010F40B82440CA
S315080460904902F0004108000002000000B0070800A9
S315080460A0A70000002F000000236300009BC34A7466
S315080460B0F0030F0000800060BE0A000001011030E2
S315080460C050707F7F00000000000000000000000000
S315080460D000000000000000000000000000000000AE
S315080460E00000000010410101331E05001C41020195
S315080460F00090C28B590B00003841070190200AF022
S31508046100F854520000000000B7563512000000503B
S31508046110803B0000000000005C410101001E0000F5
S315080461206C410B0100148CC0141A21282E343B42EE
S31508046130495043557698BA0C2869000001010000B5
S315080461401721286414171A002004C869A1203A09DB
S31508046150A841010129000000B44101010000200002
S31508046160D041030100000000D00000000000020036
S31508046170E4410E01DE635E36BF6F07006FEA160060
S31508046180E530CE00B2B9D90E4B8494045A1FA9241B
S31508046190DE635E36BF6F07006FEA1600E530CE0091
S315080461A0B2B9D90E4B8494045A1FA9242442030174
S315080461B02C00000007EE7536601800403C420101C9
S315080461C0000000004C42010108000004804202015C
S315080461D00000000081000000A0420301FFFF000048
S315080461E0FF030000FFFF0000B442010100000000A5
S315080461F03043030140002001A000000008500001BC
S315080462004C43010145C1872F9C800301EB400200E2
S3150804621070780300D5C00000A8800111F0010000C1
S31508046220A88001310542CB01AC800111F0010000C0
S31508046230AC80013105228D00B08001010003000203
S315080462407401010269F11B0C7801011200001C009B
S31508046250780101321004E0CF8001011279070000A9
S3150804626080010132020000008401020200000000DD
S3150804627050000000FFFFFFFFFC4F0103EC5B04081E
S315080462800C4002000CB1110000410000304004002B
S315080462902508000000010000FF000000410301007A
S315080462A0504001000B0000005C4002000F0D000086
S315080462B0010100000841040001400000FF0C000031
S315080462C001410000FF0D000020C0011000F807007E
S315080462D020C00130F502280124C00110FF00000087
S315080462E024C001300013000054C0070051213000B7
S315080462F00E000DE62A000000040506070800000043
S31508046300D1B6020060050000CCC0020001000000FE
S3150804631000000000080001010E1700001800010122
S31508046320FFFFFFFF200001012083B8ED40401F0155
S31508046330000050510000A021100000000000008653
S315080463401FC08100000000200000000000000003B8
S3150804635000000020000000404902F0004008000048
S3150804636002000000920008007C4E78AB0000000092
S315080463708C000C0000000000DA032A00000000600C
S31508046380000000000102071121374B5A676962545D
S315080463904029150500000000010203040404030350
S315080463A0030303020202020202010101104102016F
S315080463B0331E0500000000001C4103010030B38CA5
S315080463C000000000FF04830740410501055B98406F
S315080463D0D51E723E263C4852893B4000C0030080C5
S315080463E05841020100000000FFDD0000B04102012F
S315080463F00000000058923EC0D041030100005555E4
S31508046400D000000004001200E0411401000000005E
S31508046410FFAB000A5CF10F00D341020095EDB10011
S31508046420197BD80F1208B904EA1B6D1FFFAB000AC3
S315080464305CF10F00D341020095EDB100197BD80F2A
S315080464401208B904EA1B6D1F0000000000000000D2
S315080464504000000000000000601800403C420101B2
S31508046460000000004C4201010800030480420201B6
S315080464700000000081000000A0420301FFFF0000A5
S31508046480FF030000FFFF0000B44201010000000002
S315080464903043030140002001A00000000850000119
S315080464A04C43010145C1872FA0800201707803007F
S315080464B0D5C00000A8800111F0010000A8800131B0
S315080464C00542CB01AC800111F0010000AC8001311A
S315080464D005228D00B0800201000300023700000186
S315080464E07401010269F11B0C7801011200001C00F9
S315080464F0780101321004E0CF800101127907000007
S31508046500800101320200000084010202000000003A
S3150804651050000000FFFFFFFFFC4F0103985B0408CF
S315080465200C400200018014007F4000003040040043
S315080465300000000000000000000000000000000049
S3150804654050400100000000005C400200000000000A
S31508046550000000000841040000400000FF4C000051
S3150804656000410000FF4D000020C0011000F807009C
S3150804657020C00130FE01280124C00110FF000000DC
S3150804658024C001300014000054C007005131300003
S31508046590070007E6150000000406060707000000C2
S315080465A088C6020000050000CCC0020001000000F5
S315080465B0A1000000080001010407000018000101F9
S315080465C000000000200001010884000040401F016B
S315080465D000000000000000001000000020FB130467
S315080465E007C242000000000000000000000000038B
S315080465F00000002020B802004902F000410800000B
S3150804660002000000B0070800A70000002F000000E1
S315080466105A02A0089BC34A74F0030F0000000060E6
S31508046620000000000101103050707F7F0000000058
S315080466300000000000000000000000000000000048
S3150804664000000000000000000000000010410201E4
S31508046650731E0500000000001C4103010090C28B54
S3150804666011010000FF0483074041050100000000F2
S31508046670B756351200000050803B000000000000A9
S31508046680584102010000000003100000B041020155
S315080466900000000000002000D041030100000000B3
S315080466A0D000000000000200E041140100000000D0
S315080466B0DE635E36BF6F07006FEA1600E530CE006C
S315080466C0B2B9D90E4B8494045A1FA924DE635E36E4
S315080466D0BF6F07006FEA1600E530CE00B2B9D90ECF
S315080466E04B8494045A1FA9240000000000000000EB
S315080466F02C00000007EE7536601800003C420101C4
S31508046700120100004C420101080000048042020103
S315080467100100094001081000A04203010000E80333
S315080467200002000000001000B44201010000C0008D
S3150804673030430301400040024001AC0450B000015C
S315080467404C4301015D280F2D9C800301EB40020098
S31508046750D5C00000D5C00000A8800111F0010000D2
S31508046760A880013105228D00AC800111F0010000DA
S31508046770AC80013105228D00B08002013F00000182
S31508046780370000017401010269F11F0C7801011236
S3150804679000001C00780101321004E01F8001011278
S315080467A07907000084010202000000004800000086
S315080467B0FFFFFFFF03000000FC4F0103EC5B040826
S315080467C00C4002000CB111000041000030400400E6
S315080467D02508000000010000FF000000540701001E
S315080467E0504001000B0000005C4002000F0D000041
S315080467F0010100000841040001400000FF0C0000EC
S3150804680001410000FF0D000020C0011000F8070038
S3150804681020C00130F502280124C00110FF00000041
S3150804682024C001300013000044C001000000000029
S3150804683054C00700512130000E000DE62A0000005E
S315080468400405060708000000D1B60200600500002A
S31508046850D0C0010000000000080001010E17000066
S3150804686018000101FFFFFFFF200001012083B8ED96
S3150804687040400601000050510000A021100000000D
S31508046880000000861FC08100000000206040170138
S3150804689000000020000000404902F0004008000003
S315080468A0020000009200080083B18754000000002B
S315080468B08C000C0000000000DA032A0000000060C7
S315080468C0000000000102071121374B5A6769625418
S315080468D0402915050000000001020304040403030B
S315080468E0030303020202020202010101104101012B
S315080468F0331E05001C4102010030B38C0000000061
S3150804690038410701BC200AF0F8545200055B984048
S315080469102AE18DC1263C4852893B4000C0030080C9
S315080469205C410101FFDD00006C410B0100000040E1
S315080469300000000000000000000000000000000045
S315080469400000000001010000000000000000000033
S315080469500000000000000000A8410101000000003A
S31508046960B441010158923EC0D04103010000555577
S31508046970D000000004001200E4410E01FFAB000A37
S315080469805CF10F00D341020095EDB100197BD80FD5
S315080469901208B904EA1B6D1FFFAB000A5CF10F006D
S315080469A0D341020095EDB100197BD80F1208B9043A
S315080469B0EA1B6D1F2442030140000000000000008A
S315080469C0601800403C420101000000004C420101ED
S315080469D00800030480420201000000008100000050
S315080469E0A0420301FFFF0000FF030000FFFF0000B1
S315080469F0B4420101000000003043030140002001B5
S31508046A00A0000000085000014C43010145C1872F2E
S31508046A10A080020170780300D5C00000A880011187
S31508046A20F0010000A88001310542CB01AC800111B8
S31508046A30F0010000AC80013105228D00B08001010F
S31508046A40000300027401010269F11B0C78010112AA
S31508046A5000001C00780101321004E0CF8001011205
S31508046A607907000080010132020000008401020255
S31508046A700000000050000000FFFFFFFFFC4F010369
S31508046A80985B04080C400200018014007F40000053
S31508046A903040040000000000000000000000000070
S31508046AA00000000050400100000000005C400200A5
S31508046AB00000000000000000084104000040000037
S31508046AC0FF4C000000410000FF4D000020C00110EB
S31508046AD000F8070020C00130FE01280124C0011077
S31508046AE0FF00000024C001300014000044C0010067
S31508046AF00000000054C0070051313000070007E6C3
S31508046B0015000000040606070700000088C60200F0
S31508046B1000050000D0C00100A10000000800010122
S31508046B20040700001800010100000000200001010C
S31508046B300884000040400601000000000000000030
S31508046B401000000020FB130407C2420000000000E6
S31508046B50604017010000002020B802004902F00036
S31508046B604108000002000000B0070800A700000062
S31508046B702F0000005A02A0089BC34A74F0030F00B2
S31508046B8000000060000000000101103050707F7F93
S31508046B9000000000000000000000000000000000E3
S31508046BA000000000000000000000000000000000D3
S31508046BB010410101731E05001C4102010090C28B9D
S31508046BC01101000038410701BC200AF0F8545200AC
S31508046BD000000000B756351200000050803B000044
S31508046BE0000000005C410101031000006C410B0128
S31508046BF00000004000000000000000000000000043
S31508046C000000000000000000010100000000000070
S31508046C10000000000000000000000000A841010177
S31508046C2000000000B441010100002000D041030126
S31508046C3000000000D000000000000200E4410E013C
S31508046C40DE635E36BF6F07006FEA1600E530CE00D6
S31508046C50B2B9D90E4B8494045A1FA924DE635E364E
S31508046C60BF6F07006FEA1600E530CE00B2B9D90E39
S31508046C704B8494045A1FA924244203012C000000BF
S31508046C8007EE7536601800003C4201011201000047
S31508046C904C42010108000004804202010100094037
S31508046CA001081000A04203010000E80300020000E6
S31508046CB000001000B44201010000C0003043030183
S31508046CC0400040024001AC0450B000014C430101AD
S31508046CD05D280F2D9C800301EB400200D5C00000FF
S31508046CE0D5C00000A8800111F0010000A880013178
S31508046CF005228D00AC800111F0010000AC80013141
S31508046D0005228D00B08001013F00000174010102D3
S31508046D1069F11F0C7801011200001C007801013288
S31508046D201004E01F800101127907000084010202A1
S31508046D300000000048000000FFFFFFFF05010000F7
S31508046D40FC4F0103945C040820C0011000F80700F6
S31508046D5020C001301402280124C00110FF000000DD
S31508046D6024C001300043000044C001002E02000084
S31508046D7068C00200D1B60200C0060000D0C00100F7
S31508046D80000000004C40030120F9130407006200C8
S31508046D9038700000604002010068010F40B82440C2
S31508046DA080400101236300008C40020100800060DA
S31508046DB0BE0A000020410101590B000038410101B7
S31508046DC090200AF05C410101001E00006C410B0191
S31508046DD000140CC0141A21282E343B42495043553A
S31508046DE07698BA0C23730000010100001721286461
S31508046DF014171A002004C87DA1203A09A8410101E4
S31508046E00290000003C420101000000008042020102
S31508046E100000000081000000A0420301FFFF0000FB
S31508046E20FF030000FFFF0000B44201010000000058
S31508046E303043030140002001A0000000085000016F
S31508046E404C43010145C1872FFFFFFFFF050E0000D4
S31508046E5005020000FC4F0103405C040820C0011031
S31508046E6000F8070020C00130FE01280124C00110E3
S31508046E70FF00000024C001300014000044C00100D3
S31508046E800000000068C0020088C602000005000071
S31508046E90D0C00100A10000004C40030120FB1304EC
S31508046EA007C04200000000006040020100000028FC
S31508046EB000800200804001015A01A0088C400201AA
S31508046EC000000060000000002041010100000000ED
S31508046ED038410101BC200AF05C410101031000009D
S31508046EE06C410B0100000040000000000000000097
S31508046EF0000000000000000000000000010100007E
S31508046F00000000000000000000000000000000006F
S31508046F10A8410101000000003C42010112010000E1
S31508046F20804202010100094001081000A042030141
S31508046F300000E8030002000000001000B44201014A
S31508046F400000C00030430301410040024001AC0484
S31508046F5050B000014C4301015D280F2DFFFFFFFFD0
S31508046F60050A0000FC4F0103405C040820C0011018
S31508046F7000F8070020C00130FE01280124C00110D2
S31508046F80FF00000024C001300014000044C00100C2
S31508046F900000000068C0020088C602000005000060
S31508046FA0D0C00100A10000004C40030120FB1304DB
S31508046FB007C04200000000006040020100000028EB
S31508046FC000800200804001015A01A0088C40020199
S31508046FD000000060000000002041010100000000DC
S31508046FE038410101BC200AF05C410101031000008C
S31508046FF06C410B0100000040000000000000000086
S31508047000000000000000000000000000010100006C
S31508047010000000000000000000000000000000005E
S31508047020A8410101000000003C42010112010000D0
S31508047030804202010100094001081000A042030130
S315080470400000E8030002000000001000B442010139
S315080470500000C00030430301410040024001B4056A
S3150804706050B000014C4301015D280F2DFFFFFFFFBF
S3150804707005090000FC4F0103945C040820C00110B4
S3150804708000F8070020C001301402280124C00110AA
S31508047090FF00000024C001300043000044C0010082
S315080470A02E02000068C00200D1B60200C006000025
S315080470B0D0C00100000000004C40030120F913046D
S315080470C00700620038700000604002010068010F82
S315080470D040B8244080400101236300008C4002012B
S315080470E000800060BE0A000020410101590B00001F
S315080470F03841010190200AF05C410101001E00009C
S315080471006C410B0100140CC01A20272E343A41484E
S315080471104F56546687A9CB0D23730000010100005E
S3150804712017272E6A14171A002004C87DA1203A09C5
S31508047130A8410101290000003C42010100000000A9
S31508047140804202010000000081000000A042030101
S31508047150FFFF0000FF030000FFFF0000B442010127
S31508047160000000003043030140002001A000000095
S31508047170085000014C43010145C1872FFFFFFFFF5B
S31508047180B05F04084063598F404B4C000B000B005A
S315080471901A00FF7F1465002000000000AC5F040895
S315080471A000000000E85C04084063598F404B4C001B
S315080471B01B001B002A00FF7F0C650020000000004E
S315080471C0B467040800000000B05F04084063598FE0
S315080471D0404B4C000B000B001A00FF7F146500207F
S315080471E000000000AC5F040800000000B86704084B
S315080471F04063598F404B4C001B001B002A00FF7F3D
S315080472000C65002000000000B467040800000000B4
S31508047210186504084063598F404B4C000B000B005B
S315080472201A00FF7F14650020000000004C6E040855
S3150804723000000000786204084063598F404B4C00F4
S315080472401B001B002A00FF7F0C65002000000000BD
S31508047250B467040800000000204002000000000093
S315080472600000000040400300000000000040000049
S31508047270A0070003A840010007000000BC40040062
S3150804728000000000000000000000000000000000EC
S3150804729028C00800EC80B30343754051A00F00F8DA
S315080472A000400000A8AA0700000000000000000033
S315080472B00000000070C00900BA1000000004200095
S315080472C0041880000B3C2001187C10022FFCE006F1
S315080472D07F0000000000000000000000A8C00500B0
S315080472E0BD4B721511A3180510325476980A00007E
S315080472F000000000D4C0020001000A0001002800B2
S31508047300BC40060100000000000000000000000068
S31508047310000000000000000000000000E040010139
S31508047320000200002C410501FF06660CFF048307D2
S315080473308813FF03BC200AF0F854520064410D0177
S315080473400C010000E853FA000000004000000000A9
S31508047350000000000000000000000000000000001B
S315080473600101000000000000000000000000000009
S3150804737000000000A4410201000000000000000013
S31508047380BC4103010000000000003C0069900600AF
S3150804739030420201000000000000000044420101DE
S315080473A0140000006842010100000000984202012E
S315080473B03F000002FFFF00003C4304011F1F1F1F7C
S315080473C01F1F1F1B18151311100E0D0C5043020115
S315080473D00000000000000000108001010300000006
S315080473E038800201F1471000010000009C000102E8
S315080473F0000C0004D8000302050040AA8801000016
S31508047400C0000000EC000112E00F0000EC0001329D
S315080474100C205111F00001022B0100001001011289
S3150804742000FF0F0010010132020000315001011261
S3150804743000C0010050010132C100A200FFFFFFFF96
S315080474407C6A04084063598F404B4C000B000B00C0
S315080474501A00FF7F14650020000000004C6E040823
S3150804746000000000B86704084063598F404B4C007D
S315080474701B001B002A00FF7F0C650020000000008B
S31508047480B467040800000000204002000000000061
S315080474900000000040400300000000000040000017
S315080474A0A0070003A840010007000000BC40040030
S315080474B000000000000000000000000000000000BA
S315080474C028C00700EC80B30343754051A00F00F8A9
S315080474D000400000A8AA0700000000000000000001
S315080474E070C00900BA1000000004200004188000C7
S315080474F00B3C2001187C10022FFCE0067F000000DC
S315080475000000000000000000A8C00500BD4B72156D
S3150804751011A3180510325476980A000000000000DA
S31508047520CCC0010001000000D4C0020001000A001A
S315080475300100280058400201000000000000000372
S31508047540BC40060100000000000000000000000026
S31508047550000000000000000000000000E0400101F7
S315080475600002000014410101000000002441010149
S31508047570FF0483072C410301FF06660CFF048307F7
S315080475808813FF0358410101000000006441020109
S315080475900C010000E853FA00A441010100000000B0
S315080475A0B041010100000000BC41030100000000D5
S315080475B000003C0069900600E0410101000000005B
S315080475C01C420201000000000000000030420201D3
S315080475D000000000000000004442010114000000FD
S315080475E06842010100000000984202013F000002BF
S315080475F0FFFF00003C4304011F1F1F1F1F1F1F1B03
S3150804760018151311100E0D0C50430201000000004A
S315080476100000000010800101030000003880020108
S31508047620F147100001000000B48001013700000191
S315080476309C000102000C0004D8000302050040AABD
S3150804764088010000C0000000EC000112E00F0000F1
S31508047650EC0001320C205111F00001022B0100004C
S315080476601001011200FF0F0010010132020000315F
S315080476705001011200C0010050010132C100A200EC
S31508047680FFFFFFFF406D04084063598F404B4C00D1
S315080476900B000B001A00FF7F146500200000000091
S315080476A03C6D040800000000000000004063598F88
S315080476B0404B4C000B000B001A00FF7F146500209A
S315080476C0000000004C6E0408000000000C40020094
S315080476D0018014007F4000002040020000000000E2
S315080476E00000000030400700000000000000000011
S315080476F00000000000000000000000000040000038
S31508047700A007000350400100000000005C4002008E
S315080477100000000000000000A84001000700000067
S31508047720BC40040000000000000000000000000047
S31508047730000000000841040000400000FF4C00005F
S3150804774000410000FF4D000020C0011000F80700AA
S3150804775020C00130FE01280124C00110FF000000EA
S3150804776024C001300014000028C00800EC80B303CC
S3150804777043754051A00F00F800400000A8AA07006E
S3150804778000000000000000000000000054C01000C3
S3150804779051313000070007E6150000000406060705
S315080477A00700000088C6020000050000BA100000A1
S315080477B000042000041880000B3C2001187C1002E9
S315080477C02FFCE0067F000000000000000000000017
S315080477D0A8C00500BD4B721511A3180510325476BE
S315080477E0980A000000000000CCC004000100000054
S315080477F0A100000001000A00010028000800010198
S31508047800040700001800010100000000200001011F
S315080478100884000040402501000000000000000024
S315080478201000000020FB130407C0420000000000FB
S3150804783000000000000000030000002020B8020039
S315080478404902F0004108000002000000B0070800E1
S31508047850A7000000000000005A02A0089BC34A744F
S31508047860F0030F0000000060000000000101103062
S3150804787050707F7F00000000000000000000000038
S3150804788000000000000000000000000000000000E6
S3150804789000000000000000000000000000000000D6
S315080478A0000000000000000000000000E0400101A4
S315080478B00002000010410201731E050000000000CA
S315080478C01C4103010090C28B11010000FF048307C9
S315080478D02C410A01FF06660CFF0483078813FF037D
S315080478E0BC200AF0F854520000000000B7563512BE
S315080478F000000050803B00000000000058410201CF
S31508047900000000000310000064410D010C01000092
S31508047910E853FA00000000400000000000000000E0
S315080479200000000000000000000000000101000043
S315080479300000000000000000000000000000000035
S31508047940A44102010000000000000000B041020149
S315080479500000000000002000BC41030100000000F4
S3150804796000003C0069900600D041030100000000B5
S31508047970D000000000000200E041160100000000EB
S31508047980DE635E36BF6F07006FEA1600E530CE0089
S31508047990B2B9D90E4B8494045A1FA924DE635E3601
S315080479A0BF6F07006FEA1600E530CE00B2B9D90EEC
S315080479B04B8494045A1FA924000000000000000008
S315080479C02C00000007EE7536601800000000000061
S315080479D0000000003C42010112010000444201017A
S315080479E0140000004C420101080000046842010129
S315080479F0000000008042020101000940010810004D
S31508047A00984205013F000002FFFF00000000E8035A
S31508047A100002000000001000B44201010000C0008A
S31508047A2030430A01400040024001AC0450B0000152
S31508047A301F1F1F1F1F1F1F1B18151311100E0D0CB8
S31508047A405D280F2D000000000000000010800101D1
S31508047A500300000038800201F1471000010000000D
S31508047A609C800301EB400200D5C00000D5C000008D
S31508047A70A8800111F0010000A880013105228D00BB
S31508047A80AC800111F0010000AC80013105228D00A3
S31508047A90B08002013F000001370000019C0001028A
S31508047AA0000C0004D8000302050040AA880100005F
S31508047AB0C0000000EC000112E00F0000EC000132E7
S31508047AC00C205111F00001022B01000010010112D3
S31508047AD000FF0F00100101320200003150010112AB
S31508047AE000C0010050010132C100A2007401010264
S31508047AF069F11F0C7801011200001C00780101329B
S31508047B001004E01F800101127907000084010202B3
S31508047B100000000048000000FC4F0103985B0408BD
S31508047B20FFFFFFFF546E04084063598F404B4C0017
S31508047B300B000B001A00FF7F1465002000000000EC
S31508047B40506E040800000000646F04084063598FEF
S31508047B50404B4C000B000B001A00FF7F14650020F5
S31508047B6000000000606F0408000000007470040838
S31508047B704063598F404B4C000B000B001A00FF7FE3
S31508047B80146500200000000070700408000000005E
S31508047B900C400200018014007F40000020400200CF
S31508047BA0000000000000000030400700000000004C
S31508047BB000000000000000000000000000000000B3
S31508047BC000400000A0070003504001000000000028
S31508047BD05C4002000000000000000000A84001000C
S31508047BE007000000BC40040000000000000000007C
S31508047BF000000000000000000841040000400000E6
S31508047C00FF4C000000410000FF4D000028C007009B
S31508047C10EC80B30343754051A00F00F80040000000
S31508047C20A8AA0700000000000000000054C00500D0
S31508047C30513130000E000DE62A000000080B0C0D29
S31508047C400D00000070C00900BA10000000042000EE
S31508047C50041880000B3C2001187C10022FFCE00657
S31508047C607F0000000000000000000000A8C0050016
S31508047C70BD4B721511A3180510325476980A0000E4
S31508047C8000000000CCC0010001000000D4C00200BE
S31508047C9001000A0001002800080001010407000089
S31508047CA018000101000000002000010108840000FA
S31508047CB0404003010000000000000000100000001E
S31508047CC05840020100000000000000036840060155
S31508047CD04902F0004108000002000000B00708004D
S31508047CE0A700000000000000844002019BC34A74F8
S31508047CF0F0030F00944010010101103050707F7F8B
S31508047D000000000000000000000000000000000061
S31508047D100000000000000000000000000000000051
S31508047D200000000000000000000000000000000041
S31508047D300000000000000000E0400101000200000D
S31508047D4010410201331E0500000000001C41010118
S31508047D500090C28B24410101FF0483072C410301CF
S31508047D60FF06660CFF0483078813FF033C410601DC
S31508047D70F854520000000000B756351200000050AF
S31508047D80803B00000000000058410101000000008B
S31508047D90644102010C010000E853FA00A441010100
S31508047DA000000000B04102010000000000002000AD
S31508047DB0BC4103010000000000003C006990060075
S31508047DC0D041030100000000D000000000000200BA
S31508047DD0E041160100000000DE635E36BF6F07004F
S31508047DE06FEA1600E530CE00B2B9D90E4B84940476
S31508047DF05A1FA924DE635E36BF6F07006FEA1600B2
S31508047E00E530CE00B2B9D90E4B8494045A1FA9247E
S31508047E1000000000000000002C00000007EE753684
S31508047E206018004000000000000000004442010100
S31508047E30140000004C4201010800000468420101D4
S31508047E4000000000984202013F000002FFFF000004
S31508047E503C4304011F1F1F1F1F1F1F1B1815131147
S31508047E60100E0D0C50430201000000000000000033
S31508047E70108001010300000038800201F147100058
S31508047E80010000009C800301EB40020070780300A7
S31508047E90D5C00000A8800111F0010000A8800131B6
S31508047EA00542CB01AC800111F0010000AC80013120
S31508047EB005228D00B080020100030002370000018C
S31508047EC09C000102000C0004D8000302050040AA25
S31508047ED088010000C0000000EC000112E00F000059
S31508047EE0EC0001320C205111F00001022B010000B4
S31508047EF01001011200FF0F001001013202000031C7
S31508047F005001011200C0010050010132C100A20053
S31508047F107401010269F11B0C7801011200001C00AE
S31508047F20780101321004E0CF8001011279070000BC
S31508047F3080010132020000008401020200000000F0
S31508047F4050000000FFFFFFFF02000000C0175302A5
S31508047F5006140000802FA60405380000A0080000B7
S31508047F600000580901040706100A01040707C80A8D
S31508047F7000040807800B00040808380C00040908E4
S31508047F806108000000008A0800000000C70901040F
S31508047F9004032C0B01040404920C010405040000D8
S31508047FA0DBD61000DBD6100020A107000000000075
S31508047FB0193F010604100100000100020200000036
S31508047FC00005000101000000000000001400000084
S31508047FD00000000000000000B07F0408A07F040829
S31508047FE0000000000000000070305E01E803000095
S31508047FF00102F2003304100300000000487F04085D
S31508048000000000000000000000000000D007000087
S31508048010000000000000000000000000000000004E
S3150804802000000000000000008008089240420F008B
S31508048030000000000000FF7F1C650020000000000F
S3150804804020800408000000000C4002000000000024
S3150804805000400000204002000F000000000000005D
S315080480603040070000000000000000000000000087
S3150804807000000000000000000040000000070003A4
S3150804808050400100000000005C40020000000000AF
S3150804809000000000A840010007000000BC400400DE
S315080480A000000000000000000000000000000000BE
S315080480B008410400FF40000000000000FF410000E2
S315080480C00000000020C0011000F8070020C001309D
S315080480D00001280124C00110FF00000024C001305B
S315080480E00013000028C00800EC80B3034375405110
S315080480F0A00F00F800400000A8AA0700000000002E
S31508048100000000000000000054C010005121300097
S31508048110F400E3E6A354000086B7CFDCE3000000CE
S3150804812088C6020040070000BA10000000042000B8
S31508048130041880000B3C2001187C10022FFCE00672
S315080481407F0000000000000000000000A8C0050031
S31508048150BD4B721511A3180510325476980A0000FF
S3150804816000000000CCC0040001000000000000006C
S3150804817001000A0001002800080001014407000064
S3150804818018000101000000002000010101A0000000
S315080481904040250100000000000000001000000017
S315080481A09101000001C00206003000000000000032
S315080481B000000003000000200000000042720600D0
S315080481C041080000F0070400100000000000000049
S315080481D0000000000000AC08000000001C030F00AB
S315080481E0000000600000000000000000000000001D
S315080481F0000000000000000000000000000000006D
S31508048200000000000000000000000000000000005C
S31508048210000000000000000000000000000000004C
S315080482200000000000000000E04001010002000018
S3150804823010410201331E0500000000001C41030121
S315080482400010568B00000000FF0483072C410A0126
S31508048250FF06660CFF0483078813FF03BC200AF095
S315080482605633500000000000B7563512000000507F
S31508048270803B000000000000584102010000000095
S315080482800000000064410D010C010000E853FA00E7
S31508048290000000400000000000000000000000008C
S315080482A000000000000000000101000000000000BA
S315080482B0000000000000000000000000A4410201C4
S315080482C00000000000000000B041020100000000A8
S315080482D000002000BC4103010000000000003C002F
S315080482E069900600D0410301000000001000000058
S315080482F000000200E041160100000000E6E7FF0B5B
S31508048300CDA10A00BD066A005EB04D007D02420E8C
S31508048310A5B62202FF25B234E6E7FF0BCDA10A0073
S31508048320BD066A005EB04D007D02420EA5B6220265
S31508048330FF25B2340000000000000000050000001C
S315080483400000000060180040000000000000000063
S315080483503C420101000000004442010114000000EF
S315080483604C420101080000046842010100000000B3
S3150804837080420201000000008100000098420501C5
S315080483803F000002FFFF0000FFFF0000FF0300009C
S31508048390FFFF0000B44201010000000030430A0157
S315080483A040002001A0000000085000011F1F1F1FE5
S315080483B01F1F1F1B18151311100E0D0C45C1872FEF
S315080483C00000000000000000108001010300000006
S315080483D0388002013304100001000000A080020165
S315080483E070780300D0000000A8800111F001000095
S315080483F0A88001310542CB01AC800111F0010000CF
S31508048400AC800131053EFD00B08002010003000284
S31508048410370000019C000102000C0004D800030286
S31508048420050040AA88010000C0000000EC00011203
S31508048430E00F0000EC0001320C205151F00001025B
S315080484402B0100001001011200FF0F001001013278
S31508048450020000315001011200C00100500101322E
S31508048460C100A2007401010269F11B0C7801011212
S3150804847000001C00780101321004E0CF80010112CB
S31508048480790700008001013202000000840102021B
S315080484900010000050000000FC4F0103CC7F0408C4
S315080484A0FFFFFFFF085804080000000014550408DD
S315080484B00300000000000000C0175302A484040847
S315080484C0085804080000000080550408030000004A
S315080484D000000000C0175302C084040808580408A2
S315080484E000000000EC550408060000000000000027
S315080484F0C0175302DC840408085804080000000066
S31508048500C45604080300000000000000C017530204
S31508048510F8840408085804080000000030570408C2
S315080485200300000000000000C01753021485040865
S3150804853008580408000000009C57040803000000BB
S3150804854000000000C017530230850408907B040815
S315080485500000000084760408010000000000000002
S31508048560C01753024C850408907B040800000000D9
S31508048570247B04080100000000000000C017530211
S3150804858068850408CC76040800000000A876040868
S315080485900100000000000000C01753028485040887
S315080485A08874040800000000C8710408020000006A
S315080485B000000000C0175302A08504088874040844
S315080485C0000000008071040802000000000000009A
S315080485D0C0175302BC850408887404080000000008
S315080485E0407404080200000000000000C01753028B
S315080485F0D88504085872040800000000107204089C
S315080486000200000000000000C0175302F4850408A5
S31508048610907B0408000000006C7B0408010000003D
S3150804862000000000C017530210860408907B040853
S3150804863000000000487B0408010000000000000058
S31508048640C01753022C86040848800408000000005A
S31508048650248004080100000000000000C01753022B
S3150804866048860408012C2066756E6374696F6E3A31
S315080486702000617373657274696F6E2022257322F4
S31508048680206661696C65643A2066696C65202225F2
S3150804869073222C206C696E65202564257325730A5C
S315080486A000002020202020202020202828282828D0
S315080486B020202020202020202020202020202020A8
S315080486C02020881010101010101010101010101000
S315080486D01010040404040404040404041010101000
S315080486E010101041414141414101010101010101BB
S315080486F0010101010101010101010101011010102B
S31508048700101010424242424242020202020202028D
S3150804871002020202020202020202020202101010FD
S315080487201020000000000000000000000000000007
S315080487300000000000000000000000000000000027
S315080487400000000000000000000000000000000017
S315080487500000000000000000000000000000000007
S3150804876000000000000000000000000000000000F7
S3150804877000000000000000000000000000000000E7
S3150804878000000000000000000000000000000000D7
S3150804879000000000000000000000000000000000C7
S315080487A00000232D302B2000686C4C006566674555
S315080487B04647003031323334353637383941424347
S315080487C044454600303132333435363738396162F8
S315080487D06364656600000000FD65030845660308D2
S315080487E0F165030851660308396603083DEC030876
S315080487F07BEC03089DEC0308BFEC0308E1EC0308D3
S3150804880071790308217903082D7903081D7A030869
S31508048810E7EE03086FE8030873E8030877E8030834
S315080488207BE803087FE8030800000000C001000095
S31508048830D8530020FFFFFFFFFFFFFFFFFFFFFFFFE7
S31508048840FFFFFFFFFFFFFFFFFFFFFFFFFFFFFFFF26
S31508048850FFFFFFFF00021000C45F002098550020A8
S315080488600000020800000000FFFFFFFFFFFFFFFFF4
S31508048870FFFFFFFF000000000000000000000000EA
S3150804888000000000000000000000000020000000B6
S315080488904D73030810000000C57203086D750308BC
S315080488A051750308A5B603082DB903085DB803086E
S315080488B020C001B800000001000001010001010107
S315080488C0000100000102020300000000000000008D
S315080488D0FFFFFFFFFFFFFFFFFFFFFFFFFFFFFFFF96
S315080488E0C8C8C8C8C8C8C8C8C8C8C8C80304040803
S315080488F00808080800B801B802B800B00304040858
S315080489000805000000000000000000000000000048
S3150804891000000000040008007C0031003B001B0036
S3150804892018380000800300009C3B00000400000087
S31508048930283E00000400000020330000F80400006C
S31508048940983B000004000000243E000003000000D9
S315080489500000000020330000A03B000001000000D6
S315080489602C3E0000370000009D3A00002133000029
S31508048970010000000006800F7047954909684143C5
S31508048980880B7047934800680104C80F704730B5D0
S31508048990002083490A6800238F4C521C6568AA4242
S315080489A000D322681578AD06AD0E9D400543280010
S315080489B09B1D1E2BF1D30A6030BD86480168090445
S315080489C008D586490A68764B1A604A68C261886877
S315080489D0B24908607047F3B583B01700C006000EA5
S315080489E000901038912833D2FFF7CCFF00282FD0F7
S315080489F000267B4C01250398FFF7BCFF002802D00C
S31508048A00022803D003E02068284000D001260197F5
S31508048A10744F04980C21615E40180E21615E40185B
S31508048A20FFF7ABFF0199401838600498009940187D
S31508048A30FFF7A3FF019940187860C02080016A49AE
S31508048A400860300369490860FCF7D6FF9448057046
S31508048A5005B0F0BDFEB5664B664DC0208004029095
S31508048A60F020000501901869022805D228680199A2
S31508048A70014002988142F0D08A480068C01C8A499D
S31508048A8001438A4801608A4A8A4C0421A06808423C
S31508048A9004D0187D8006C10F490023E00226304021
S31508048AA022D01869042805D22F6801983840029FF5
S31508048AB0B842F6D0187D0007000F072814D1587D50
S31508048AC0022811DD987D8006800E02280CDBD87DED
S31508048AD0009007460F4207D0C00700D50A2137423F
S31508048AE000D0891D00290BD17348704908600020FD
S31508048AF0186080218902714B196010602061F7BDE6
S31508048B00481C1E69864205D22F68019E3E40029F74
S31508048B10BE42F6D06A48405C009020610098C000C6
S31508048B20F821014002D08020C00418606548066810
S31508048B30012E00D149005960216800291DD15B49DD
S31508048B400B682026A65F36039B059B0D33430B60F3
S31508048B5001261660022191600099890909D10068E5
S31508048B60002801D1182000E01A20225E0098FFF799
S31508048B7032FF207A000700D42660F7BD4B484E49D9
S31508048B80016000211A4A1160802292024B4B1A6036
S31508048B90474A11604C4A0261426141480170704774
S31508048BA0283E000006204949086000204849086014
S31508048BB0F0210901474A116080214900464A11609B
S31508048BC00849414A0A604A603549087070470000F6
S31508048BD0A43E0000C04101A87C3E0000843E00007B
S31508048BE0A03E0000C84101A8C06101A8C05101A85F
S31508048BF0C44000A80C0002A830B581B00400A00344
S31508048C0014D530480068002801D1162000E00C204D
S31508048C10FEF7DCFA3148806E0007C10F3048017050
S31508048C20082030490860C003244908602E4D286886
S31508048C30000406D5FFF7ABFEE861FFF7A8FE17495F
S31508048C400860A00727D58020C0021C490860FCF7E5
S31508048C50F6FE00281FD0254A1068C0B2002802D0A4
S31508048C600621234B1960810915D01C490B68012B71
S31508048C70FBD949680905090D091DC900114B1B686B
S31508048C80012B00D14908002B01D1182300E01A232F
S31508048C90D25EFFF7A0FE01B030BD00005C4201A819
S31508048CA0623E0000204000A800F0FF3FB84101A83A
S31508048CB0044003A8983E0000FFF3FF3F106001A894
S31508048CC0D84000A8683F0000FFFF0300006401A81D
S31508048CD0504000A80C6000A80C5000A81C4000A82E
S31508048CE0A03B0000846000A8C04101A89C3E000087
S31508048CF0005401A870B50822804B1A60804B1B6883
S31508048D00DC0302D50020088070BD0C880019401EBB
S31508048D1000787C4DA870641C0C8045076D0F052DE2
S31508048D2005D8794E3668F60603D5022D0DD00320EC
S31508048D3070BD9604AE401E4001D1082070BD052DB5
S31508048D4003D1104201D1641E0C80AA484860002051
S31508048D5070BDF3B582B008886C490978491CC9B254
S31508048D60814204D202990918491E097800E00021B3
S31508048D70644A517093785B075B0F01933023019C17
S31508048D80052C28D1194232D19478E5081E242C40A2
S31508048D90CD0702D5250001242C430125A14EE64022
S31508048DA02E4072D0019FA04EE641402426403E4301
S31508048DB04C0602D5340020262643947889080D40AB
S31508048DC0A7080C2139402943C02525400D432021F5
S31508048DD02943967051704A490C685578022123260E
S31508048DE02E4008D0660302D52B40202B01D005203F
S31508048DF082E0424B196093789B0601D4202203E053
S31508048E009278120702D540223C4B1A603D4A927862
S31508048E106B461A70C022854B1E680E4001D1154256
S31508048E2012D06E46377827263E40232E03D1E60213
S31508048E3007D4012606E0252E03D0212E04D12603C5
S31508048E4002D504262D4F3E601B6819402026019F33
S31508048E50002F1CD11E4027D02A4B5B781A40402A83
S31508048E6013D00C221A40042A0FD02A073BD4012215
S31508048E70002902D0E100CB0F5A4069460978CB078E
S31508048E80DB0F1A422FD021012AD4072034E0022FFF
S31508048E90E2D11E4008D00029DED1CC232B4003D1D1
S31508048EA06B461B785B0601D5032025E0A30311D581
S31508048EB09C4E73691B051B0D5B1C3668F60205D5AB
S31508048EC0994E36683607B60F9B1B5B1E9BB2052B5D
S31508048ED004D1C1E7029B1B78052BBDD006200BE005
S31508048EE08021064A1160E90702D4401C03990880C8
S31508048EF0AB4803994860002004B0F0BD4C1002A8A2
S31508048F00BC3E0000243E0000480002A8403E000083
S31508048F10F2B586494978CA0705D4009A1288801892
S31508048F20401E037800E000239E4A106802249E4DE2
S31508048F302E68F60611D512695340DBB2002B03D10D
S31508048F406E68D30973402340002B03D0020204D46D
S31508048F500A20F2BDE206954E3260744A1E02C02308
S31508048F600B403343914E336093785E07760F022E97
S31508048F7006D16D682C4003D1002000990880F2BD03
S31508048F80A0250D409E08102737402F433D090E079C
S31508048F9002D42E0010253543CC240C401A262E4024
S31508048FA00A2E04D1CC2C02D02E00FD253540804E45
S31508048FB0EE40F60705D4000416D5412B10D108292E
S31508048FC012D17C48E840112101402143202008435E
S31508048FD010700D210140009808D000F0A9F8F2BDE0
S31508048FE00B2B01D10029ECD00720F2BD00F020F8A4
S31508048FF0F2BD00007F33000038B50C006E490B78CB
S315080490001A0953399500491925881B071B0FEB1AAA
S315080490109A1A8018FEF779FD010002D1200000F0A3
S3150804902007F832BDF300A3E3981440684C0002A87D
S31508049030F8B50400614805683C4F3878D0263042B4
S3150804904002D00D21014005D008205D490860EF20B3
S31508049050FEF719FD39782000314204D00909397020
S3150804906000F066F8F2BD052129401FD002884D4953
S31508049070CA60544BEC0705D5521C0280690607D40E
S31508049080514B05E043242C40422C03D1521C028048
S3150804909043600DE010224A4B1A604C4A09688B005B
S315080490A0DB0F190111638021090311600021018076
S315080490B00020F2BD0A888018401E0078830601D471
S315080490C0121D0A801822024004D008885208801803
S315080490D0C01E088039480068C00702D50888401CA5
S315080490E008803948486000207047344A1368DB070B
S315080490F008D51268920705D40A888018401E007895
S3150804910004280CD110202E4A10603048254A1268CB
S315080491109300DB0F1A010263802212030260002007
S31508049120088070470C4000A8080001A8243E0000E7
S3150804913031B581B02649002000900822254B1D78B8
S3150804914002230C24254202D10022234903E02C40A1
S31508049150082C00D10222EC0703D50C001E2161401D
S3150804916000931D4207D015490968090601D51B490C
S3150804917001E00021C943019B194C21601949FF24C8
S315080491808C70009C15012543CD70087018880099C9
S3150804919040188018188014485860002036BD00000E
S315080491A03D350000BC3E0000480002A8481002A84D
S315080491B00D0F0C0D07170850473F00004C0002A876
S315080491C04C2002A8E1360000173700001C1002A83C
S315080491D0DE1B2501243E00002084100000FCFF014C
S315080491E0F03E0000443F000025360000243E0000FF
S315080491F0ED32000005330000053300000533000096
S3150804920005330000053300000000000000000000DC
S3150804921000000000000000000533000005330000CC
S3150804922005330000252A000005330000572B0000EB
S31508049230672B0000932C00000D2D0000CD2D000097
S31508049240612F0000FD2D00000D300000512E000096
S31508049250A12E0000192F00005931000031320000F8
S31508049260292B00002B270000D1220000053300001B
S31508049270D127000005330000F5280000BD280000AA
S3150804928005330000053300003929000005330000C2
S3150804929005330000053300000533000005330000DC
S315080492A005330000651200005B1200000000000090
S315080492B00004000802140218032400004B488068BE
S315080492C0000200D4704780B580208002AD4908604A
S315080492D0CF2000F075FA01BDF8B58B49886B8B4C25
S315080492E08022920322608A4E33681B0520D5130B0D
S315080492F0A025054002D10968C90601D5236017E0EF
S3150804930002403FD1802783490F6083490F60184084
S3150804931038D0364D287A400705D501207F4908609C
S3150804932000027F4908602878002801D0062801DB56
S315080493300020F2BD00F0A8FB716889684E68297898
S31508049340052907D1B905A1606E60B668CC218901E3
S31508049350734A116000F0A1FB012E00DA0226BC2034
S315080493608005894908609420800588490860694809
S315080493700021C94301647142416485490F60402153
S315080493800160D5E783480360FFF798FF0120F2BD23
S3150804939081480168890504D5C06E0004000F0228B7
S315080493A001D0002070470120704738B580245948F9
S315080493B0046000F069FB05007848006800F080F94D
S315080493C0280000F06AFBFFF779FF0848007A0007CF
S315080493D005D5A0004D49086000F06CFC31BD60035A
S315080493E06C490860B148046031BD00002C3E000099
S315080493F0FEB50500CC208001694948600126694804
S315080494000660FFF7C5FF00287DD0674C2078002842
S3150804941079D031020195052802D02A460A4072D12C
S31508049420CC27BF015E4A1760914A126881231B0242
S31508049430134001D0032301E053075B0F022805D12B
S31508049440022B5ED3080136490860F7BD4D0103288F
S3150804945004D1022B55D932480560F7BD042802D138
S3150804946011404ED0F7BD05284BD10198002848D0A5
S31508049470C005C10F684641700198C004C10F68460B
S31508049480017000F001FB029060686946497800297A
S3150804949003D006688021204A11602C0484496A4650
S315080494A01278002A0CD0C2680B68D21A814B1B6842
S315080494B0234001D0066800E04668964200DD16009F
S315080494C0684640786A461278024308D008684242D9
S315080494D0B01E824202DA7042886000E000260298D2
S315080494E000F0DBFA0198800501D5734804600198F9
S315080494F0054001D071480460002E02D00848076070
S31508049500F7BDFFF752FFF7BD0C0002A8442002A8D6
S31508049510BC3E00000CC001A890E001A8C4D000A875
S31508049520145001A838B580249648046001201D49C2
S3150804953008601D4D2878052802D060009249086005
S31508049540FFF726FF002812D014480068000A802175
S315080495504140A868000EC9B2814208D2444800684E
S315080495604007400F022802D2FFF71FFF31BD874884
S315080495700168C0220A4002D1C06F204001D00448C5
S31508049580046031BD1C1002A808E001A808D001A88F
S3150804959094D001A8441002A8440002A818C000A840
S315080495A0106001A8C4E000A82C3E0000F1B582B002
S315080495B00F00A020384003D175480068C00603D5BB
S315080495C08020800073494FE000F05EFA0090FB208B
S315080495D080010468F80202D5A0680069029000F0C8
S315080495E0CCFB80210903606800F0A2F926780020E4
S315080495F0761C6178B14200D2002618217143651899
S315080496000C3529780829F3DA2670A56062492A7880
S315080496100A70BA0508D5FB20800100688068C0680E
S31508049620FA0201D40322904388600127384003D103
S3150804963000F0ACFC01F09AF8F904686900F078F9CE
S315080496403C2000F0BDF8F0B200F0BAF8608853493F
S3150804965001406180009800F020FA38054D490860F9
S315080496604F48076038024F4908600298FEBD00005B
S31508049670184001A810B54C480068800501D4FE209E
S3150804968010BDC02080034949086000F0FDF9FB219C
S31508049690890109688A78D20702D589688C7800E036
S315080496A00C7800F0FAF9200010BD0000100002A89A
S315080496B048C001A84C0002A84C1002A84C2002A8D5
S315080496C0FB21890109688A688B78DB0704D59278B7
S315080496D018235A438A180C3290607047F1B582B041
S315080496E0334804680027200F000702D1E0010290DE
S315080496F038E001262F480068304001D101F036F8D9
S3150804970000F0C2F90190F104606800F011F92578B7
S315080497106D1C6078A84200D20025E80020180C3099
S31508049720009000680290F1040098406800F000F97F
S3150804973020480068304002D01E201F4908603D209A
S3150804974000F03EF8E8B200F03BF825700098A060F7
S31508049750019800F0A2F917480068064002D102A849
S3150804976001F05EF815480068800408D51048C069F9
S3150804977001F025FD02990818029000D5029702986F
S31508049780FEBD000094E001A8146001A814C001A855
S315080497900C0002A8442002A82C3E0000FEFF00008C
S315080497A0C0E000A8106001A8440002A8441002A85A
S315080497B0C43E0000784000A8841102A8FC0302A84D
S315080497C04E490968002901D54D4908607047F3B523
S315080497D081B04C4FB8684C4C410061D50125000155
S315080497E000D52125494908684A68160021688B0668
S315080497F09B0E802149001943009180210D2A05D02A
S315080498000F2A03D0102A01D0112A08D1404A126817
S315080498100A4004D03F4A12681B2A00D30E436A46FC
S315080498201279009B9C463B689B0019406346194382
S315080498300091110023D0910601D5012008E0F021FA
S31508049840014007D16946097A0C220A4002D002204F
S3150804985000F03FF83049096809040AD53968090748
S3150804986001D5022605E03968490301D5002600E03A
S3150804987003264835009A29490968890003E0009AAD
S315080498802649896B09094023194011439A00002E79
S3150804989002D01643266608352166024322662566E3
S315080498A0E06D4407640F00F0D9F8A0070BD0052C27
S315080498B009D0B868000406D400F0E6F80221184A6C
S315080498C0116000F0EAF800F0D2F8002000F001F880
S315080498D0F7BD0E490A68F0239A430001104308604D
S315080498E0C0B270478020C0020E490968890701D1B1
S315080498F00D4900E00D49086070470000500002A8B1
S31508049900884000A8480002A8284000A8643F000030
S31508049910BC3E0000448001A8684101A8184001A87B
S3150804992014D50350844000A8486000A8485000A8ED
S3150804993080B56E4A116001F06DFCFFF7D3FF01BDD7
S31508049940FEB56B4D2878000604D5287F002801D07B
S31508049950182400E0462400F097F802906548C06889
S315080499604005C20DD52A01D2D52204E0D1204000F3
S31508049970824200D90200100001005F4B01932B6B51
S315080499805B011DD55D4B00931D1D5D4E367806277C
S315080499907E43AA530025019B1B7CEB40DB070CD5B1
S315080499A0009B06266E439B199B888FB2BB4200D246
S315080499B0190086B29E4200D218006D1C022DEAD305
S315080499C089B2091909044F4B0B40001BC005C00D89
S315080499D0184348490860C02000064B4908604648B1
S315080499E0017D00290CD04949D52A02D98023DB05F3
S315080499F00B60D1235B009A4202D280231B060B60BC
S31508049A000021434B19604188002900D1028002983D
S31508049A1000F043F800F05AFDF7BD80B53D483E49CD
S31508049A2008603E48C1680902090A1922514341607F
S31508049A3005210160FFF784FF01BD80B52C48017834
S31508049A40090604D5007F002801D0FFF779FF3348BB
S31508049A500068C00301D5FFF773FF01BD8020C0026B
S31508049A60224908602E4800684007FBD470478020C6
S31508049A70C0022C490860704701E02B4908602B494D
S31508049A8009680140F9D17047294800682021294A04
S31508049A9011601021284A116070473021014002D113
S31508049AA01020244908607047214800683021014085
S31508049AB0102901D101207047002070471F48012151
S31508049AC00160C160704701201D49086070471D4840
S31508049AD000780621014007D01B480068022803D0F5
S31508049AE0032801D00120704700207047441002A8BB
S31508049AF0BC3E00007C400050703F0000503E000011
S31508049B004C3E00000000FF01A0600050A450005025
S31508049B1018E000E07F1A0601540002A810E000E0ED
S31508049B20440002A8442002A8282002A8280002A863
S31508049B30600002A8602002A8601002A8789001A814
S31508049B4084A001A8A03E0000683F0000F8B55B4861
S31508049B5080214902C1610221594A51600021594AAA
S31508049B60D162594A11800321554A116002210160C4
S31508049B70564DCC01A868204010D052480068F02100
S31508049B800905014090200005814207D0022050496A
S31508049B900860012001F062FB4E48046020204E490B
S31508049BA0086080204D490860CC2080014C49086033
S31508049BB001244C480460286800900004070F4A48AA
S31508049BC00068C505ED0D103DC0202843C0B2FFF757
S31508049BD0F7FD3C48C06B800309D5092F07D0FFF76A
S31508049BE076FF002801D003F025F801F065F93F480F
S31508049BF00668032D41D000980007000F009003283B
S31508049C0003D0022806D1032F37D000F03FFA009874
S31508049C10032803D0062F30D1062D2ED034480068E9
S31508049C20C00B204001D001F049FC3248006800010D
S31508049C3008D5052D06D101252F4804606005FFF7D0
S31508049C401BFF00E000253100380000F059FA060031
S31508049C50002D06D000F006FC284804600220284996
S31508049C600860600525494865800926490860FFF7A4
S31508049C702EFF002801D002F0C9FF11482104016211
S31508049C80002F08D10221416000200E49C863C02074
S31508049C90C000134948643000F2BD80B5FFF7DEFE04
S31508049CA019480078800602D4022018490860FFF78C
S31508049CB0DEFE01BD02201649086070472C1002A872
S31508049CC0282002A80C0002A85C3E0000B00002A8E6
S31508049CD06C1102A8B82002A894E001A80CC001A837
S31508049CE0146001A8C4E000A804ED00E0B44000A88C
S31508049CF000E200E0EC3E0000645000A8646000A89E
S31508049D002C4000A880E200E0BC3E0000081002A82F
S31508049D10082002A8F8B55B48046804275A4DBE0112
S31508049D20A0070FD5594A0120E021C90093680B40C2
S31508049D3002D02E602F6128611268114002D02E606D
S31508049D40AF60A860FFF7A0FE210506D52E602F6137
S31508049D50B7490D220A600F220A60FFF79EFEF1BD7D
S31508049D6080B5FFF791FE864901228A600A600021C0
S31508049D70B04A1160FFF791FE01BD10B50120814973
S31508049D808A680240FCD1BE4A042313610C68044065
S31508049D90FCD193600002106010BD7B49086801225B
S31508049DA0104200D1704710B5E023DB000340FF24BE
S31508049DB0A41CA34207D3B34B9C6BA40602D41B680A
S31508049DC0DB0600D54868024001D000F021F910BD31
S31508049DD0F8B50400894D28683F21884388490978DD
S31508049DE001432960FFF7D9FFC820A86206208549E0
S31508049DF00860802040038449086080098349086014
S31508049E0020688D4DAF68874200D30700C01B2060C9
S31508049E100121200000F0B7FB06002068C019206065
S31508049E20FFF778FF854800682860002E11D184481A
S31508049E30102141620821834A12680A4001D0016050
S31508049E4000E0416093490968490002D58021490127
S31508049E5041623000F2BD8C480178090610D5007FAE
S31508049E6000280DD08748C16BC90609D4816BA02286
S31508049E700A4005D10068C006C10F01204840704752
S31508049E8000207047500002A8881102A8900102A871
S31508049E9080B5FFF7E0FF002803D00021042001F075
S31508049EA0A5FB01BDF1B57C487C49C860EE20C00419
S31508049EB008607B487B490860FFF7CDFF002803D07C
S31508049EC00021042001F092FB774C8020C001206019
S31508049ED00827764887650125704845641D20734917
S31508049EE08862734E9B204000B061072001F0B6F9E2
S31508049EF002206E49886253490A68D20603D56B491B
S31508049F006C4A0A6008E00F220968394002D0310019
S31508049F10103101E0310014310A60674909680029E3
S31508049F2000D4B76165493160C021C900644A126822
S31508049F30F823DB01134001D1F16201E0574A916528
S31508049F40216C294008D0616BC90705D45D490968A5
S31508049F50084001D101F068FB0020C0435A49086053
S31508049F60606B054001D1FFF7D5FE009801F064F94E
S31508049F70606B8001FCD4606A54490860F1BD000036
S31508049F80902102A8940102A8743F000010B53E4827
S31508049F900178090606D5007F002803D0002105208C
S31508049FA001F024FB154801683F229143484A127878
S31508049FB00A4302603C4C606BC00701D4FFF7D0FE2D
S31508049FC04449972040000860102008604248E3226C
S31508049FD012018266414ACA610021414A11600F2171
S31508049FE00822184B1B68134001D0816700E0C1673B
S31508049FF00321016002631003206010BD2C8001A8B0
S3150804A0005E3E00000C9001A8982002A8A41002A89D
S3150804A010F0210901334A11600140334801602020C8
S3150804A02032490860324909680840C34908607047DC
S3150804A03000100C5000000C50A03F0000340002A889
S3150804A040601102A8FC0302A82A482B4982680A4020
S3150804A05002D1C268114001D011490160144808218F
S3150804A060A84A13680B4000D081611178C90602D545
S3150804A0708C21090101601420B0490860F3E100004D
S3150804A080882102A80C0002A8BC3E00000448054921
S3150804A09008607047EC0002A8000FFF00242102A8FC
S3150804A0A001200000706201A8100002A8C01002A8CE
S3150804A0B0501102A8BD03000028C000A8302E0000D5
S3150804A0C0A88001A8343E0000B46000A89C3F0000A4
S3150804A0D05F3E0000682102A8E82002A810100000CC
S3150804A0E0C00002A8586001A8585001A8482002A830
S3150804A0F0184001A8704201A800800080704700003B
S3150804A100F8B586B005000C008D480068400102D5F4
S3150804A1102000402404438B48C66AFFF7B5FC059023
S3150804A120B00503D588480068FFF7CAFA00200190ED
S3150804A13001237006C00F0290844A9168002090603B
S3150804A140B8204000824E30606608B8203040127845
S3150804A150F0261640402E02D10200402010430D2D51
S3150804A16002D10A00042111434A0704D50200142027
S3150804A170104310229443774A12686D462B70D20511
S3150804A18006D580225200744B1A600200012010433F
S3150804A190029A002A11D10C220240082A0DD0020084
S3150804A1A0684B9B6BDD0601D41025AA439B0601D494
S3150804A1B020239A43B12313404FD06A461278002AC3
S3150804A1C04ED0A64A956B966D01236D076D0FAD1D8E
S3150804A1D0AB40F504ED0C5B1B9BB2082B09D280201F
S3150804A1E00623584D2B6043029D4D2B6000236D4674
S3150804A1F02B708123034036D00823029D002D00D1FD
S3150804A20013620D000821294310239C4304231D05CA
S3150804A210984E3560DD04984E35606D462D78002DD0
S3150804A2201ED0062B25D3464DEE6CF60621D5934E45
S3150804A2303668360E01966D69ADB2904EF66B3606E3
S3150804A24003D02E0080256D01354315612D12156145
S3150804A250404A1268D50592D40BE008227F4B1A624D
S3150804A2600491009032E000BF27A34506ED0E5B5D1E
S3150804A270D3E7049100903348026B80490968774D07
S3150804A2802E686F463E81282616401E43930CDB0132
S3150804A29033431600120E3240102632401A43890000
S3150804A2A040231940114302AA9170406B000A02A97F
S3150804A2B0C870FFF7DFF902A9087101984871704858
S3150804A2C00068C8800298E8660398E8660598FFF768
S3150804A2D0E4FB0825600601D566488560FFF7F7FBA9
S3150804A2E0002805D067480078002801D0664805602C
S3150804A2F00498C1B20098C0B2FFF769FA200007B003
S3150804A300F0BD0000F84F0000030107060301070625
S3150804A31005010606050106060302070603020706E3
S3150804A3200502060605020606081A03D257490968ED
S3150804A3304018401C70470000481002A86C3F0000F3
S3150804A340084000A8180002A81CC000A8643F000022
S3150804A350B46000A81C0100AA1C2100AAF8B54C4F39
S3150804A3600F2401254B4910264B48806B30401BD0DF
S3150804A37001200870494800687969FFF7D5FF4849FC
S3150804A3800968401801285DDB01F0F6F945490968B2
S3150804A390090B0C40022C53D16905434A1160434901
S3150804A3A00E643D490D604BE02E023B48006CC0002C
S3150804A3B01ED53F480068E0218905014042D0394D41
S3150804A3C0286821030140700181423BD1FFF75CFBF9
S3150804A3D0384A39490968314002D038490968116050
S3150804A3E02968090B21400229F3D0FFF756FBF1BD72
S3150804A3F033480068002825D00D7000F01DFF00289A
S3150804A40020D101F0B9F927490968090B2140022925
S3150804A41016D1264A1160690239601F490E60214A1D
S3150804A4201168090B21400229FAD01168090B0C405E
S3150804A430032C02D029041C4A11600021204A116009
S3150804A44001F09EF9F1BD802080041E49086070471A
S3150804A450802040041B49086070470000540000AA85
S3150804A460141100AA00BF18480168490701D0FF2142
S3150804A47041617047441002A84C5001A8184001A82D
S3150804A480448001A8A03B0000845000A838C001A855
S3150804A4900CC001A8613E0000100002A81CC101A856
S3150804A4A0DC3E0000B00002A81C1002A8082002A87E
S3150804A4B04C4001A8800000AA084000A8904000A8C3
S3150804A4C0383E00003C2002A80C4000A87047FF282C
S3150804A4D008D0032806D2FE2189010978C140C80795
S3150804A4E0C00F704700207047F0B58020000208218D
S3150804A4F09B4A11600A2301219A4A01249C40044379
S3150804A500C1A5ED5C25439560F025974E3560944DBD
S3150804A510C0A6F65C022737432F6004262E60A74D93
S3150804A5202D680D4006D1CD026D1E03D0966C3603F8
S3150804A530FAD401E00220F0BD956CD66C6D036D0B60
S3150804A540AE4200D220005B1ED7D50823864C236072
S3150804A55090609B4B1B685B0113D59A4C63785D1C12
S3150804A56001262E4066701D00062675436519126875
S3150804A570AA80E8802370FE2080010278994011435E
S3150804A58001700020F0BDF1B582B0FFF7E9FB8E48F3
S3150804A590006B400101D401241CE08C48826B002026
S3150804A5A08849C3B206246343CB189B8894B2A34252
S3150804A5B004D0401CC3B2022BF3D3FF200870012435
S3150804A5C08148006B400105D50878FFF780FF00280D
S3150804A5D000D000247C480078000608D57A48007F15
S3150804A5E0002804D07848407F002800D10124784DFB
S3150804A5F0E869019077480068E861774E0298006830
S3150804A600316D4718012F16DB00F08DFD3060C0014F
S3150804A610381A01280FDBFFF7B0FB00F0A7F80298F9
S3150804A6200068316D401800F007FE002803D00021A9
S3150804A630029A116010E0694FC020C000386028688B
S3150804A640072832D005210840052808D029600C209F
S3150804A65000F004FE002802D00199E961FEBD604EAF
S3150804A660FF207A3070620420B062FFF786FB02206E
S3150804A6703060E020C0045B4948608020800478602C
S3150804A68002203860012000F0E9FD80208000706215
S3150804A690022000F0E3FD8020C00070620820B0624A
S3150804A6A0022000F0DBFD0220B0624F4EE02040009D
S3150804A6B03060042000F0D2FD07003ED1022049494B
S3150804A6C008608002B062C001B06210203F49086089
S3150804A6D00120F0654548006840061BD43A48006BDB
S3150804A6E0400113D5374800786946087068460078EB
S3150804A6F0FFF7EDFE002809D0324869460978062294
S3150804A70051434018C0883149086403E0FFF7ECFE5A
S3150804A710070012D12D48012101600021C1670220DA
S3150804A72000F09CFD324E40203060C030306002207C
S3150804A73000F094FD8120C002B062002C05D02B489D
S3150804A7400068800101D4FFF778F9E869E021490334
S3150804A75001400198274A02400A43EA613800FEBDCF
S3150804A760889001A8448001A888A001A838B5FFF7F5
S3150804A770F7FAFFF702FB0224144804601E4D08206A
S3150804A780A862C0016862012000F068FD20026862C0
S3150804A7902C600620A86219486862E0204000144923
S3150804A7A00860104804600021094A1160C021C900E4
S3150804A7B00160134800681349086031BD140002A8F3
S3150804A7C0EC3E00004C3E0000BC3E00000C8001A894
S3150804A7D05C0102A8F80302A88C3F0000981002A89E
S3150804A7E05C1102A8982002A82C9001A8500002A87F
S3150804A7F02CA001A8FFFFE3FF5C2102A8F961000071
S3150804A800340002A8943F0000000000010102040875
S3150804A8101020200050505040404040302020200056
S3150804A82070B50600FFF7A9FAC020C00019490968DF
S3150804A830F822D2010A4001D1174900E017490860F5
S3150804A8401748AC21490081640A2101601548802112
S3150804A850490301608909C160134C6069AF21C901C4
S3150804A86045183068854200D30500401B3060002136
S3150804A8703000FFF788FE3168491931600B490968C9
S3150804A880216070BD8020000109490860000109495A
S3150804A89008607047AC8001A87C1102A87C2102A834
S3150804A8A00C8001A8981002A8903F0000340002A862
S3150804A8B0441002A8685000A8F1B584B0B7480068E7
S3150804A8C00190B748C06BAF21C90140180499884262
S3150804A8D005D2081A00F0B0FC002800D048E2B14DB1
S3150804A8E06868C00700D543E20420AF49C8628003FC
S3150804A8F0AE498862CE480468A86B8607B60F032E4D
S3150804A90003D01020A849C86223E080208002886208
S3150804A910E96B890601D5012061E0210610D5EA6BA9
S3150804A92002210A400CD1C34A05231360EB6B102796
S3150804A9303B401943116000211160A96B090A116093
S3150804A94004219A4AD162E96B002902D5964988629C
S3150804A950002620060DD5B648007F002809D02020F9
S3150804A9609149C862C8480068202108408F49C862CE
S3150804A9700EE0A86B400705D5A86BC00080214900E6
S3150804A980084003E086480069C10701D5FFF740FB84
S3150804A990E00708D5CC48B1014018006AC004C00CC9
S3150804A9A0401ECA490860CA480168090404D5806F6C
S3150804A9B0C00F0121414000E00021C648C022920090
S3150804A9C002603202002902D0C021890000E0110089
S3150804A9D0C14B1960C021890041605A600020296C66
S3150804A9E0942292050A40140000D0012480263602D7
S3150804A9F0204300062DD08E483021405CC0210140FA
S3150804AA00402902D1FFF749F901E0FFF753F920205D
S3150804AA102860240600D1ABE1A86B400709D5700865
S3150804AA20624988620220AD49086000F093FA00285A
S3150804AA3007D004205C49C86240025C498862A7487A
S3150804AA4006607B480078000600D491E13001564937
S3150804AA5037E16868C00700D58AE1B0005349C8627F
S3150804AA60FEF7FCFF9948406E296C314008D1C006B0
S3150804AA7006D5FFF709F80221BE4A1160FFF70DF85B
S3150804AA80FEF7F5FFF0082860C54CC0273F06676047
S3150804AA90A86B4007C10F68460170EE20C0040199EF
S3150804AAA0C90700D484E0BF4908603009E06103207F
S3150804AAB0BD490864FE20C003486442204860A020BB
S3150804AAC020600820B94908660420B9490860286C3A
S3150804AAD0C00238D5B7484068010C0391B64900044A
S3150804AAE0C00B085A0290039810282CD32C480189C5
S3150804AAF0E72928D3018995225200914206D8029B58
S3150804AB00511A09094B43990A4A4205E0029A9A4B93
S3150804AB10C91809094A43920A52B203998918C36B98
S3150804AB209C46836C5A4363469A18C2636F2901D3B9
S3150804AB306F2102E00F2900D20F21080208430904F5
S3150804AB4001439E48016097489D498164B90C616038
S3150804AB500221964A5167B90D8160F02109014165C0
S3150804AB60F00920610A2000F079FB67608220400220
S3150804AB702066012000F072FB01206060062000F0C8
S3150804AB806DFB6660082000F069FB30016060800098
S3150804AB906060032000F062FB700045E0FC0302A835
S3150804ABA0683F0000100002A81C2002A81C1002A876
S3150804ABB00199490740D57B4908607C4E8220C00428
S3150804ABC0F06680208000E061C001B066B80C886435
S3150804ABD07C4860600A2000F041FB73490020086441
S3150804ABE008604860A020206008203066022070674C
S3150804ABF00A2000F033FB676073482066012000F0E2
S3150804AC002DFB062000F02AFB08206060062000F0D1
S3150804AC1025FBF80D6060082000F020FB60206060CA
S3150804AC20032000F01BFB02206149086009E000BF0D
S3150804AC30BC3E0000E40000AA644A4021002001F05A
S3150804AC4009F863480021C943C1630121934A12786C
S3150804AC5012061BD5AA6B520718D4914A12680D2AF4
S3150804AC6005D00F2A03D0102A01D0112A0ED1064A7C
S3150804AC70926B52050AD58B4A12681B2A06D21748C4
S3150804AC800161C16403E000BF184001A8016000F037
S3150804AC904AFA834E401DC001F16B47188020C00153
S3150804ACA08149496F014002918049086004988742A6
S3150804ACB017D2F16B401A00F0BFFA002810D0029898
S3150804ACC07B49086054E000BF0C0000AA204000A895
S3150804ACD0684101A8086100A8085100A8685000A89E
S3150804ACE0049F0198400702D58020800000E071483F
S3150804ACF06060012000F0B2FA686AB0638020400000
S3150804AD002A490860380000F097FA644C68460078C7
S3150804AD10002806D16448006860628020C0038C4914
S3150804AD2008600298624908601E480199490704D5D3
S3150804AD30802189008164224903E002218164C021BB
S3150804AD4089018164686A306368460078002809D0F6
S3150804AD50012000F083FA2078000603D5802000033A
S3150804AD608F490860286CC00202D512480068F0634F
S3150804AD7005B0F0BD14E50350D6FEFFFF80B5FEF717
S3150804AD8083FE8C4900220A600A22CA61FEF785FE00
S3150804AD908948C021890201608849416001BD0000D3
S3150804ADA0681102A8242102A8600102A8B81002A802
S3150804ADB0C82102A8F83F0000C0000000DC4001A832
S3150804ADC00404000004044000020400001107000003
S3150804ADD0786000A87A48806B800300D47047F8B579
S3150804ADE0784807680024002001252F4202D0C02095
S3150804ADF0800102E0790700D57348744902220A6083
S3150804AE00086408207249086072480068C00403D4BC
S3150804AE10714800680007FBD5704E26487065042003
S3150804AE2000F01CFA8820C00470653D4007D0A020B5
S3150804AE3080037065012000F011FA694808E0602073
S3150804AE40706580204002B060012000F007FA65486A
S3150804AE507065654D2C606C60C02000067065C00C7A
S3150804AE6062490860012000F0F9F9F0200001F06653
S3150804AE705F480460862040025E4908605E48706543
S3150804AE8008203060A02030652C646C648020800122
S3150804AE904B490860000159490860F1BDBC3E0000F1
S3150804AEA0683F0000448001A820C001A894E001A8D6
S3150804AEB094D001A802400000F8B5514800680D2551
S3150804AEC0054008200424002D01D1042504E00921A5
S3150804AED02940092900D145404A49102706034A4A08
S3150804AEE04A4B1B682340126814D04A60284004D091
S3150804AEF00220FEF7EEFC464806602C4007D045487B
S3150804AF000068074343480760B008414908600220BF
S3150804AF10414915E00A60284005D00220FEF7D9FC0D
S3150804AF20A0023B4908602C4006D03A4801680F4302
S3150804AF3007607009364908603748066030032F49A8
S3150804AF400860FFF747FF00210020FEF740FCF1BD2B
S3150804AF501C1002A810B5802030490A6802400AD09D
S3150804AF602F4B1A680624144005D15C6E2D4A2240DC
S3150804AF701B6D9C0101D5002010BD096808400DD041
S3150804AF802948824203D1180501D5012010BD274856
S3150804AF900068C107C90F481E8041C00F10BD0000D4
S3150804AFA01C2002A8224803210164A821C163102198
S3150804AFB001607047D80000AA442002A80400008053
S3150804AFC0100002A8FC0302A8040400002C1102A81D
S3150804AFD0106001A8D84001A8104001A8182102A8A9
S3150804AFE00180000089050000600102A8B06101A87B
S3150804AFF0548001A8C82102A804340000482002A8E5
S3150804B000B44000A8E43E00001CC101A8480002A8F8
S3150804B010441002A8643F0000685000A8440002A82F
S3150804B02014C001A81F1F0000010C000030C101A8AC
S3150804B030082002A86C4800680121084209D16B4A15
S3150804B04012686B4B000C1840F03291400B40984242
S3150804B05001D00220704700207047F8B507000F3862
S3150804B0606A461080604CE0680A0004D16B461B8867
S3150804B07082B29A423AD200226B461A8001250226E7
S3150804B0803A0013D02268324007D000292ED05948F6
S3150804B0900088401C57490880002039002161564918
S3150804B0A00E6080B2B84201D369460D8053484560A4
S3150804B0B000E030BF2068304003D1FFF7BBFF00280B
S3150804B0C0F7D04D484560390010D02168314005D085
S3150804B0D048490A886B461B88D2180A8006600020ED
S3150804B0E02061E068B84201D244480660FFF7A2FF2F
S3150804B0F0F2BD38B5050000F03FFB04000121992094
S3150804B1004543A8093E4A12688018123880B2FFF7E8
S3150804B110A4FF05008020C0013A490860200000F019
S3150804B1202FFB280032BD334803883549096802884D
S3150804B1309342F9D1100408187047FEB51238070C63
S3150804B1406946088000F018FB0190274C294D288889
S3150804B150B8421ADA01202C490860274E30BF02206B
S3150804B1602168014006D030604003264908602888D3
S3150804B170401C2880FFF75EFF002802D12988B942BF
S3150804B180ECDB0121716000280DD12888B8420AD168
S3150804B190E06869460988884205D20021684600881D
S3150804B1A0FFF75BFF01E0FFF745FF04008020C001BD
S3150804B1B014490860019800F0E3FA2000FEBD10B5B2
S3150804B1C012490A680E4B1B680C689442FAD0DB01D4
S3150804B1D04033141A02D288692418641C0C4800687F
S3150804B1E04443181B10BD0000280002A804ED00E023
S3150804B1F0FF3F00005C3E0000282002A8281002A891
S3150804B200340002A880E200E02C1002A820C001A89D
S3150804B210B43F0000F0B502E00A601C602E607EC8E8
S3150804B2204F1C07D05F1C04D06F1CF5D10A601C6044
S3150804B230F0BD0A60F0BD000010B5C409FFF773FF3E
S3150804B240201A312806DAC000183801D4C01EFDD5E4
S3150804B250002010BD2000FFF770FF10BDC32148432E
S3150804B2606F3801D41E38FDD50020704780B5FEF727
S3150804B27030FB01208A49086001BD38B589490C6844
S3150804B280082589490D60FFF7F1FF2C4001D087484E
S3150804B290056031BD80B5EB2000F001F801BD30B57D
S3150804B2A083490B6818401022134210D0814B824CF4
S3150804B2B02468224008D0B04A14682402FF252D02C7
S3150804B2C025401D6300241460802252031A60086016
S3150804B2D030BDF3B5010016001C0000250095A748EB
S3150804B2E0019A330000270BE0BC464F5D4743AE0086
S3150804B2F09E597E40575D47433740664637436D1C23
S3150804B300A542F1D3390939438A080A435108114336
S3150804B3100840C10901430F208A0B0A4302405040E2
S3150804B320F6BDF1B582B00E00002093490860944D2D
S3150804B330EF7AA87A01900F21394000910ED00B4676
S3150804B340904A91490298FFF7C4FF019901408A4837
S3150804B35001608E4841438E48084001D1012400E02B
S3150804B3604401380915D032003B0929000298009E89
S3150804B3706D7A75194019FFF7ACFF01990911014057
S3150804B3807D4802680B0113430360002901D0480075
S3150804B390444380480068204001D10420FEBD0020B3
S3150804B3A0FEBD80B50A00002111807B4952888018A9
S3150804B3B0FFF7B7FF02BDF0B50F22784B5C79057825
S3150804B3C00F202040C5402009284001259C79C44007
S3150804B3D02C4001D10320F0BD374C2468254008D001
S3150804B3E06F4D9E684700F65B761E2E608026B60172
S3150804B3F0EE60DD78DE79C640F00711D5E0060FD594
S3150804B400002D0DD0674848600888488008881C784D
S3150804B41000192A4080185A7880182A09801800E0EA
S3150804B420002008800020F0BD10B55F4801685F4A17
S3150804B4300820014200D09061C90602D58C21090171
S3150804B44011605B495B4A5C4B1B681B040CD54B6853
S3150804B4505C0402D5C303136006E0C024A4011C409F
S3150804B46043029C4200D010600B68034005D0534B3E
S3150804B4701B689B0F9B0700D010600F480078C023F9
S3150804B480034002D180204005106008682021084046
S3150804B49010604B480068C00101D4FFF7FBFE10BDDD
S3150804B4A02C4000A84C4000A84C6000A84C5000A8AA
S3150804B4B06C3F00001C1002A8BC3E0000F8B5414FC2
S3150804B4C038687E6806404048304040490860802411
S3150804B4D0A4033F4DF00227D53E48016801200A0619
S3150804B4E005D53D490968A9602870022014E001427F
S3150804B4F002D03A49A9600FE00020C9060CD52949AB
S3150804B500A960374A91780B071B0F12789A1809090C
S3150804B5105118A980E880A888A880A888002801D09E
S3150804B520264301E0FFF7B6FE264023D0274E746073
S3150804B5303460A88800280BD0396A814208D3291DAB
S3150804B5402848AA6890470100F3D0FFF78FFEF1BD9B
S3150804B55001000CD0FC218902F16123490203CA6166
S3150804B56034604C603A6A824204D30C60F1BDEB2025
S3150804B570FFF795FEF1BD00003C3E00000101010104
S3150804B5803C3F0000F43E0000343F00001111000067
S3150804B59021840000F03E0000143F0000443F0000F0
S3150804B5A0204000A8B7210000F84F0000502102A847
S3150804B5B0184001A8481002A8684101A84C4201A8ED
S3150804B5C0D04000A8B44000A8FFFFDFFFB46000A87D
S3150804B5D0403E0000BC3E0000983B0000CB21000022
S3150804B5E0453F0000D84000A8B45000A870B505002F
S3150804B5F00C0000F0C1F80600FEF760FA20020543C5
S3150804B60006480560022006490860FEF75CFA300021
S3150804B61000F0B6F801200349087070BD04C009504B
S3150804B62040D00950603E0000FEB5C020C00433492E
S3150804B63008603348334948653348886533484024A5
S3150804B640046044601020FFF709FE002854D1FF2047
S3150804B65000052F4908602F482F4908602F482949B3
S3150804B6600860A5032A4805602D4807680820FFF7DF
S3150804B670F5FD002840D108262A4806600120FFF770
S3150804B680EDFD2748806801902748066027481D492C
S3150804B69008601F4805600820FFF7E0FD00282BD145
S3150804B6A0204806600120FFF7D9FD1D4880680090F0
S3150804B6B01D480660134D1E4828600199009800F03D
S3150804B6C03FF88606B60E0198C10B0098C00B00F029
S3150804B6D037F80002FC2189010140314329601048EA
S3150804B6E0076060030A490860124804604460124906
S3150804B6F00164124941640020FEBD000020E000A850
S3150804B700571400004C0102A8FF3FFF3F601102A82E
S3150804B710B42002A80000380EB41002A83030000085
S3150804B720104101A8105101A8106101A810100000C9
S3150804B73020200000602102A8F703F000FF3F000064
S3150804B74010B54904CA104004C310991A00209A185F
S3150804B750D30F9A18521052188B115B0E5B18DB1113
S3150804B760D2182023541A01D422001843CC0F611886
S3150804B77049105B08F6D110BDEFF3108072B6704716
S3150804B780002800D162B6704710B5C20018231340CA
S3150804B790FF249C40E2438907090E9940030004D418
S3150804B7A073489B089B00C01806E0724B0007000FFD
S3150804B7B0083880088000181803681A401143016085
S3150804B7C010BD80B574225421002000F043FA01BD4F
S3150804B7D010B5FFF7D1FF684901220A60674B684C28
S3150804B7E02360684C23600323674C2360674C2360FB
S3150804B7F0674B1A60674B1A60674B80241C601A6093
S3150804B800664A1A6011228A63FFF7BAFF3F20644921
S3150804B810096801400A1D402A00D2081D614A1070B1
S3150804B820AD48017010BD80B501001120FFF7ACFFCB
S3150804B83001BDFFF7A1FF05000024012160B2FFF74F
S3150804B840A3FF641C0E2CF8D301210F20FFF79CFFDD
S3150804B85001211320FFF798FF01211720FFF794FF12
S3150804B86003210120C043FFF78FFF01211E20FFF7A4
S3150804B8708BFF4D484D49086002204D490860012058
S3150804B880A049086047044B4C20693840FCD020681E
S3150804B890800101D4FEF7C1F82800FFF771FF464876
S3150804B8A00068000311D4972252005321002000F0A7
S3150804B8B0D1F90AE000281CD0FEF7E6F819E0206959
S3150804B8C03840FCD02800FFF75BFF206E0004000F09
S3150804B8D0022801D1FEF742FDFFF74EFF0500714E1F
S3150804B8E0FEF7E2F800287078E4D0002801D1FEF7C4
S3150804B8F0D4F801202E493278002A05D1774A1268ED
S3150804B900920600D4086030BF0022327002220A6010
S3150804B9107C490860D3E77C48016842680A407B484A
S3150804B920104017490860800700D4704710B5784856
S3150804B9300188491C0180774C2078000617D576497A
S3150804B9400A680F20120B0240032A10D1A94A12686A
S3150804B9505207520F032A0AD80968090B0840032814
S3150804B96005D10D20FFF789FCE08A401CE08210BD52
S3150804B97000E400E01CED00E0040002A80000FF3F1C
S3150804B980282002A82C1002A840E002A844C002A855
S3150804B99004C001A8044001A8145001A820006006A8
S3150804B9A02C8001A85E3E0000FFFF9B4000E100E0FA
S3150804B9B0602002A8500002A8F80702A8F8B5574C58
S3150804B9C02068656805408C4805605548284007D0B6
S3150804B9D0FEF77DF8002803D02800884909688847B7
S3150804B9E0874801210D4211D00222864B1A60864AE5
S3150804B9F012680A4007D10268F0231B0513409022F7
S3150804BA0012059342F3D00902804A116080210D423F
S3150804BA1020D0A26AF823DB0113401BD0C0221201EE
S3150804BA20934217D880231B06894E3360A76AF826E3
S3150804BA30F6013E40384F3F683F043F0F022F01D0BE
S3150804BA40032F03D1002E01D09642EFD3904A1360F8
S3150804BA50694A11608F49097806290DDACC208001D4
S3150804BA6028401DD0FFF788FE04002800FDF7C0FC17
S3150804BA702000FFF785FEF1BD806B800510D586484A
S3150804BA80284005D0FEF73AFB2800FDF7B1FCF1BDC6
S3150804BA90A80205D580204001574908607F490860F7
S3150804BAA0F1BD0000613E000010B57D480168446898
S3150804BAB00C407C48046080210C4205D041607A48D9
S3150804BAC001600020FDF794FC600403D5802040053E
S3150804BAD07649086010BD00005F3E0000F40302A822
S3150804BAE038B57348016844680C40E00707D5FFF782
S3150804BAF043FE0500FDF716FD2800FFF741FE6D48D5
S3150804BB00046031BD601002A8280002A8FFFF00C027
S3150804BB105C3E0000BC3E0000B00002A8104001A82C
S3150804BB2002000600FEB5644C206C676C07400125CC
S3150804BB302F4216D02E0661480660206860490D60BB
S3150804BB40002802D00021FDF7F3FE5E480068A02114
S3150804BB50C90188428041C043C00F5B4948705B48AD
S3150804BB600660FDF791FF0190022007403ED0616808
S3150804BB70CEB20F0A564908224A4B4403012E24D052
S3150804BB80022E31D1012F22D1524EF6780096514E0B
S3150804BB9037780126BE40504F3E604E4E36787605BD
S3150804BBA090277F04F71903263E434C4F3E601C60DA
S3150804BBB04B4B1C600B68009C1B194B65454909785F
S3150804BBC08D4048490D6048490DE00090DFE7002F95
S3150804BBD00AD1464E356000254D655C601C60C1047B
S3150804BBE0434B196043490A60354908600198FDF7D3
S3150804BBF054FFF7BD184001A8106001A89C3B00003B
S3150804BC000C0002A86C1102A8B44000A8B82002A827
S3150804BC1070B5FDF739FF0400FFF7AEFD2F490A6832
S3150804BC20D2070FD52A4A566D1368334D2E60CE684F
S3150804BC306E604968E9818021C904204E3160297BF8
S3150804BC4059185165FFF79CFD2000FDF726FF70BDC6
S3150804BC50E06101A8002800D0704770B50C00FDF714
S3150804BC6013FF0500FFF788FD0600FDF727FF2348A5
S3150804BC7004600121224A1160026C0A40FCD1FDF7D6
S3150804BC8022FF3000FFF77CFD2800FDF706FF70BD94
S3150804BC90E05101A82C3E000000104006145001A8EB
S3150804BCA090C001A890E001A80CC001A804ED00E02A
S3150804BCB0C0C000A8C0E000A800C002A8441002A89A
S3150804BCC040E002A8404000A8613E0000442002A8C3
S3150804BCD018C00A50753E000068E00A5060C101A801
S3150804BCE094D001A868D00A50F42302A860E101A8F8
S3150804BCF080E200E0F41302A86C3E000000C009507C
S3150804BD0040D0095080B5FDF7E2FE002801D000F0C6
S3150804BD109CFE01BD80B5FDF719FFC64800680003FF
S3150804BD200AD4FEF7B3F9FFF755F8FEF72FF9012001
S3150804BD30FFF724F8FEF71AFD80208005FDF79CFE20
S3150804BD4001BD80B5FDF702FF80204002FDF794FE91
S3150804BD5001BDFEB5052066490860664806680124E3
S3150804BD60264201D1FDF7FCFFFDF7F0FE904908686D
S3150804BD700090904849680160B105CA0F69460A717E
S3150804BD800025264210D000959349496801609248D7
S3150804BD90026892490B68981A9A4202D38B69C018AA
S3150804BDA0401C8F4B9842F5D38E4805606846007947
S3150804BDB0002804D031000098FDF7F8FB009000270E
S3150804BDC088480068204003D16846FEF701F8070052
S3150804BDD0FEF741F8002840D07F48407C00283CD133
S3150804BDE095497D4DEE680A6933689A4200D0012068
S3150804BDF0A04A9446A04A1378062253436246D35A65
S3150804BE00B4460200182672436646B2185360009A6E
S3150804BE100192EA680123434018204343D618306840
S3150804BE200861B06808609548F16801603169016283
S3150804BE3070699349086001A8FDF7CAFF002806D16E
S3150804BE408C498D4A127806235A43895A71603900F7
S3150804BE5007000F4301D16C7401E0002F02D100984A
S3150804BE60FEF720F887480460022087490860C8203E
S3150804BE70C004AE4908606004FDF7FEFDF7BDF8B5D9
S3150804BE809E4C8025EF02FDF7E6FF002808D09C4863
S3150804BE900078002804D13800FDF7EEFD2560F1BDD1
S3150804BEA0206CC00506D580200006206000BF00BFB0
S3150804BEB040082060FEF7C8F89D480068C0210901BB
S3150804BEC081439C480160FDF741FEFDF705FA06002B
S3150804BED099489A490860FFF715FF3800FDF7CCFD25
S3150804BEE0002E00D025600120B9490870F1BD000074
S3150804BEF05C1102A8440002A8F8B5B648006890493F
S3150804BF00096801408F4801600120FFF78CFCFDF7A2
S3150804BF101DFE8D484421405C0521014002D0FDF7F1
S3150804BF20BCFE01E0FDF7C6FE744C012702258648CF
S3150804BF30406C284000D027601020C043A6490860FA
S3150804BF400026E663A5480660FDF7C1FD002802D071
S3150804BF5000F0C8FD01E07C480660FDF77FFDA048B7
S3150804BF600068216C090407D4000705D5FDF78CFD84
S3150804BF709C490D60FDF791FDFDF779FDFFF754FA2D
S3150804BF809948006807400CD080200006974909683C
S3150804BF90014006D08F49896A084002D10D20FFF76F
S3150804BFA06CF9A804FDF768FD0020FFF73CFCF1BD19
S3150804BFB0B83F0000383E000080B5FDF7C7FD1D48B0
S3150804BFC00068000303D4FDF7E1FFFEF7CFFB8020EA
S3150804BFD04003FDF751FD01BDC83E000020C001A87D
S3150804BFE001FF0000343E000038B5FDF7AFFD434CB1
S3150804BFF02025FEF7AFFF002806D0606B000704D59E
S3150804C000FEF7D0FFFEF73EFC2560FDF7BFFFFEF7FF
S3150804C010ADFB774800780C210140042902D1FDF7CD
S3150804C0203CFE01E0FDF746FE6804FDF725FD4020C9
S3150804C030206031BD0C0002A8348001A81CB5052077
S3150804C0406C490860FDF782FDFEF7ACFFB748006847
S3150804C05000906846FEF7E4FB0400FFF753FE002C45
S3150804C06002D10098FEF728FC80204004FDF704FD61
S3150804C07013BD0000523E00004C3E00001C4101A8BE
S3150804C080284000A8442002A8305201A8F8B5FDF7B4
S3150804C0905DFDA74CA56A5020284002D0FDF7FDFD9A
S3150804C0A001E0FDF707FE154FFEF754FF00281BD1E4
S3150804C0B0B86B40071DD4786BE0214901014018D1BB
S3150804C0C0A80611D4FDF7CAFCA56A9A4E354207D0CC
S3150804C0D0FF20C0432D18A5628020000596490860F4
S3150804C0E0FDF7C5FC2E4002D00120386001E000208F
S3150804C0F0206080208004FDF7BFFCF1BD100002A873
S3150804C100D93E000080B5FDF721FD8C480068C005BE
S3150804C11001D5FDF73BFF0120FEF730FEFEF726FBAF
S3150804C1208020C004FDF7A8FC01BD0000106001A82A
S3150804C1300C4001A8086001A870012000B46000A89A
S3150804C140883F00000C5001A8A83E000070B5284896
S3150804C1500668FDF7FBFC8024A403794D29680903C6
S3150804C16003D52000FDF788FC70BD0321C00601D560
S3150804C170314001E0B0080140012902D1FDF78DFDE7
S3150804C1800BE0300107D50E20FFF770F8A04804210C
S3150804C190016008210160FDF78DFDFDF7FEFD9D4E4A
S3150804C1A030699D490860FFF7ADFD3068002807D05F
S3150804C1B04000122802D2FFF751F801E0FEF799FF72
S3150804C1C02000FDF759FCA86B8000FCD470BD000064
S3150804C1D0613E0000084001A8482002A83C3E000031
S3150804C1E0844000A814E50350404101A8D44101A89D
S3150804C1F0EC3E00005C1102A8F8B584B001260024C0
S3150804C2000294FDF7A3FC03904D4D2868000371D4EE
S3150804C2100320A2490864A24802680227FF2189016B
S3150804C2200F200F231340032B03D0120B10400628AC
S3150804C2303CD19C4800684A6800922A6C3A4001D06E
S3150804C24089680091FEF7BBFF0099401801D501944F
S3150804C25000E00190A86B0007C10F6846017003202F
S3150804C2609149096B014002291AD10399C90617D5C0
S3150804C2708D490968CA0512D5EB6B8C4A134093425B
S3150804C28003D11020854908640AE0890508D4296C75
S3150804C29028220A4004D100262749086000E000261F
S3150804C2A0684600780290300002D10EE008680190D2
S3150804C2B0FEF750FE002808D0FEF774FE0298002800
S3150804C2C002D0FEF7DFFA00E0002674480760002E65
S3150804C2D011D075483021405C0C210140042902D054
S3150804C2E0E86BC00602D5FDF7D8FC01E0FDF7E2FCD1
S3150804C2F02020686014E0FDF749FE802000060E49F8
S3150804C30008600020C0436A49086001A8FEF788FA55
S3150804C3100400FFF7F7FC002C02D10198FEF7CCFACB
S3150804C32080200004FDF7A8FB05B0F0BDCC3F000053
S3150804C330C43E000000FFFF00481002A8680102A8D6
S3150804C3400C0002A8FEB500240194FDF7FFFBFFF7D5
S3150804C350D9FC584EF06E584D0007000F07280ED129
S3150804C360706800280BD40020FEF708FD28682A49BF
S3150804C3700860FDF78DFD3068800044D5FBE7012190
S3150804C3800320494A73685B070BD44C4B1B680B4064
S3150804C39007D01368DF050BD55B0502D43368DB05C4
S3150804C3A003D40191116B890904E01021444B1960E7
S3150804C3B0116B0909084000900020FEF7DFFC00987D
S3150804C3C0002805D17068C00602D4FDF773FC01E0A5
S3150804C3D0FDF763FC00200199002903D13948006858
S3150804C3E0FEF7EDFE6969401801D5009400E0009057
S3150804C3F06846FDF7EDFC002805D10098FDF752FDC7
S3150804C400A8690549086080200005FDF735FBF7BDD6
S3150804C41080E200E0AC3F0000383E0000F8B5FDF7C6
S3150804C42095FB002400252848466B80277F0530069F
S3150804C43006D5300709D5FEF7B5FDFEF723FA29E038
S3150804C44001251E480068284019D00020FEF796FCEE
S3150804C4500220064002D01D490C60C8611C480468C5
S3150804C460002D03D02000FDF739F90400FEF79AFDE4
S3150804C4702000FEF721FA3800FDF7FEFAF1BD15484B
S3150804C4800078C0210140402902D1FDF706FC01E0ED
S3150804C490FDF710FC20200C490860ECE7082002A8E8
S3150804C4A0B00002A80CC101A8BC3E00001000001090
S3150804C4B0B46000A8440002A8BC3F0000B44000A829
S3150804C4C0481002A81CC101A8100002A8180000AA56
S3150804C4D0D83F0000EC3E0000FFF77AF9024803490A
S3150804C4E04860FFF7A6F900BF4726000000000000D1
S3150804C4F080B5EFF305800B2801D23A2100E0292103
S3150804C500922252000020FFF7A5FBFEE7020303036D
S3150804C51003040404040505000000000101010102E6
S3150804C52002020203030303030404040404000000D0
S3150804C53001010101070708080303030504040405A8
S3150804C540050506060607070708030202040404038A
S3150804C550040505060606060707070202020303037F
S3150804C5600304040404050505050506060606010272
S3150804C5700202020303030303040404040405050571
S3150804C580050606060C0C0C0C0B0B0B0B0B0B0B0BFA
S3150804C5900B0B0B0B0B0B0B0B0B0B0C0C0C0C0C0CD3
S3150804C5A00C0C0C0C0B0B0B0B0B0B0B0B03040404E2
S3150804C5B00405050505060606060607020202020321
S3150804C5C00303030404040404050505050506060611
S3150804C5D0020202020707030406070404030303030B
S3150804C5E004050603030506070804050604030404EC
S3150804C5F0030304050606030405060708C7BFBEBEEB
S3150804C600BEB5B5B4B4ABABDCDCDBDBD2D2D1D1C8B6
S3150804C610C8C8C7BFBEBEBEBDB5B5B4B4B4DCDBDBE3
S3150804C620D2D2D2D11B1B16162E2D2D2A29292925FD
S3150804C630242420201F1B1B1B162E2D2D2A2A2929AC
S3150804C6402524242020201F1B1B1B2D2DBEB5B5B465
S3150804C650B4ABABABAAA2A1A1A1A099999898C7BF5C
S3150804C660BEBEBDB5B5B4B4B4ABABABAAAAA2A1A1C0
S3150804C670A199999900000000030303030302020227
S3150804C680020202020303020202020101010101017C
S3150804C690000000000303030303020202D0C7C6C650
S3150804C6A0C6BDBDBCBCB3B3B2B2B2A9DBDBDADAD160
S3150804C6B0D1D0D0C7C7C6C6C6BDBDBCBCBCB3B3B251
S3150804C6C0DBDBDADA1F1F2D2B221E2E2E32323231F5
S3150804C6D02D2624303028231F1B2B26222E322E2EBD
S3110804C6E031312D282424302C27231E1A5F
S30D0804C6EC3857FC7F0100000029
S3110804C6F400C7040860640020640000000D
S3150804C700C0EA2101C01753022800000000000103F3
S3150804C71002000000000001010200000001010100FE
S3150804C720FFFFFFFF0040310800A00000984D0020DD
S3150804C730C8000000FE000000000000009440040841
S3150804C74003000000555F020809000000F43F0408CE
S3150804C750DEFE64000A002800536C65657079454658
S3150804C7605233320027E203080000000000000000EC
S3150804C770000000000000000014150000300000004E
S3150804C7802D390208030505B54001800000000000A4
S3150804C790000001B50000800000000000FFFFFFFF55
S3150804C7A0FFFFFFFFFFFFFFFFFFFFFFFFFFFFFFFF87
S3150804C7B0FFFFFFFFFFFFFFFFFFFFFFFFFFFFFFFF77
S3150804C7C0FFFFFFFF0000000003000000645E002076
S3150804C7D03465002000000000645E0020CC5E002062
S3150804C7E0345F002000000000000000000000000084
S3150804C7F00000000000000000000000000000000027
S3150804C8000000000000000000000000000000000016
S3150804C8100000000000000000000000000000000006
S3150804C820FFFFFFFF0000000000000000FFFF0000FC
S3150804C83028880408EDE90308FFFFFFFF11EE030843
S3150804C8400DEE0308FFFFFFFFFFFFFFFFFFFFFFFFDC
S3150804C85021EE0308FFFFFFFFD3F40308FFFFFFFFE2
S3150804C860FFFFFFFFFFFFFFFFFFFFFFFFDF250000BE
S3150804C87004F8FFFF0C0000000000B50301FF0C01DB
S3150804C880FF0F000027060208011E0108D91D01082A
S70508023C357F
