S02100006275696C642F64656275672F7263702D7370692D3830323135342E7333373F
S31501008000407700204D800011FD810011FD81001196
S31501008010FD810011FD810011FD810011FD8100111D
S31501008020FD810011FD810011FD810011FD8100110D
S31501008030FD810011B88B0301FD810011FD81001145
S3150100804000800011000001010080000067485B4BC1
S315010080507844D0F800C04668C3F808C0326882F395
S315010080608888574A574C96605A6A42F400225A62E7
S31501008070554ADA60D3F88C2042F4406242F001029C
S31501008080C3F88C2000234FF0FF32214641F823200C
S315010080900133102BFAD14FF450424C4BFF219A6613
S315010080A001224B4B4B4CC3F89011C3F83021C4F855
S315010080B070118068B0F5003F7BD007D8B0F5004F4E
S315010080C00DD0B0F5803F09D0002208E0B0F5802F31
S315010080D071D0B0F5002FF7D1052200E002224FF052
S315010080E0FF31C3F86422C3F8701233465C68012677
S315010080F04FF01009384FDFF8F8E0DFF8F88032006A
S315010081003B461A60320073461A601A6802EA060292
S31501008110002AFAD14FF41047304D2B463A461A60E1
S3150100812007F1A2476FF48018DFF8CCE007F5835713
S315010081303B460A461A60734642461A60284DA7F521
S315010081405E6729462CF07F43B3FBF0F3202B05D95C
S31501008150A3F120034FF0FF320A6008E04FF001025D
S315010081609A406FEA02020A604FF0FF33FFE701F11E
S315010081700401B942EADD1B490B4632001A601A496D
S315010081806408640002220B461A60002000210022C6
S3150100819000230025002600275FF000085FF0000994
S315010081A05FF0000A5FF0000B5FF0000CBFF34F8F2A
S315010081B02447032293E7042291E700BF00ED00E084
S315010081C000ED02E080E300E00020FA050050804067
S315010081D00090005100A00051185083406860804013
S315010081E07492005170930051D0ED00E0ECFFFFFF57
S315010081F018D0854014C0854064A00051FEE70000F8
S315010082000000000000000000000000000000000067
S315010082100000000000000000000000000000000057
S315010082200000000000000000000000000000000047
S315010082300000000000000000000000000000000037
S315010082400000000000000000000000000000000027
S315010082500000000000000000000000000000000017
S315010082600000000000000000000000000000000007
S3150100827000000000000000000000000000000000F7
S3150100828000000000000000000000000000000000E7
S3150100829000000000000000000000000000000000D7
S315010082A000000000000000000000000000000000C7
S315010082B000000000000000000000000000000000B7
S315010082C000000000000000000000000000000000A7
S315010082D00000000000000000000000000000000097
S315010082E00000000000000000000000000000000087
S315010082F00000000000000000000000000000000077
S315010083000000000000000000000000000000000066
S315010083100000000000000000000000000000000056
S315010083200000000000000000000000000000000046
S315010083300000000000000000000000000000000036
S315010083400000000000000000000000000000000026
S315010083500000000000000000000000000000000016
S315010083600000000000000000000000000000000006
S3150100837000000000000000000000000000000000F6
S3150100838000000000000000000000000000000000E6
S3150100839000000000000000000000000000000000D6
S315010083A000000000000000000000000000000000C6
S315010083B000000000000000000000000000000000B6
S315010083C000000000000000000000000000000000A6
S315010083D00000000000000000000000000000000096
S315010083E00000000000000000000000000000000086
S315010083F00000000000000000000000000000000076
S315010084000000000000000000000000000000000065
S315010084100000000000000000000000000000000055
S315010084200000000000000000000000000000000045
S315010084300000000000000000000000000000000035
S315010084400000000000000000000000000000000025
S315010084500000000000000000000000000000000015
S315010084600000000000000000000000000000000005
S3150100847000000000000000000000000000000000F5
S3150100848000000000000000000000000000000000E5
S3150100849000000000000000000000000000000000D5
S315010084A000000000000000000000000000000000C5
S315010084B000000000000000000000000000000000B5
S315010084C000000000000000000000000000000000A5
S315010084D00000000000000000000000000000000095
S315010084E00000000000000000000000000000000085
S315010084F00000000000000000000000000000000075
S315010085000000000000000000000000000000000064
S315010085100000000000000000000000000000000054
S315010085200000000000000000000000000000000044
S315010085300000000000000000000000000000000034
S315010085400000000000000000000000000000000024
S315010085500000000000000000000000000000000014
S315010085600000000000000000000000000000000004
S3150100857000000000000000000000000000000000F4
S3150100858000000000000000000000000000000000E4
S3150100859000000000000000000000000000000000D4
S315010085A000000000000000000000000000000000C4
S315010085B000000000000000000000000000000000B4
S315010085C000000000000000000000000000000000A4
S315010085D00000000000000000000000000000000094
S315010085E00000000000000000000000000000000084
S315010085F00000000000000000000000000000000074
S315010086000000000000000000000000000000000063
S315010086100000000000000000000000000000000053
S315010086200000000000000000000000000000000043
S315010086300000000000000000000000000000000033
S315010086400000000000000000000000000000000023
S315010086500000000000000000000000000000000013
S315010086600000000000000000000000000000000003
S3150100867000000000000000000000000000000000F3
S3150100868000000000000000000000000000000000E3
S3150100869000000000000000000000000000000000D3
S315010086A000000000000000000000000000000000C3
S315010086B000000000000000000000000000000000B3
S315010086C000000000000000000000000000000000A3
S315010086D00000000000000000000000000000000093
S315010086E00000000000000000000000000000000083
S315010086F00000000000000000000000000000000073
S315010087000000000000000000000000000000000062
S315010087100000000000000000000000000000000052
S315010087200000000000000000000000000000000042
S315010087300000000000000000000000000000000032
S315010087400000000000000000000000000000000022
S315010087500000000000000000000000000000000012
S315010087600000000000000000000000000000000002
S3150100877000000000000000000000000000000000F2
S3150100878000000000000000000000000000000000E2
S3150100879000000000000000000000000000000000D2
S315010087A000000000000000000000000000000000C2
S315010087B000000000000000000000000000000000B2
S315010087C000000000000000000000000000000000A2
S315010087D00000000000000000000000000000000092
S315010087E00000000000000000000000000000000082
S315010087F00000000000000000000000000000000072
S315010088000000000000000000000000000000000061
S315010088100000000000000000000000000000000051
S315010088200000000000000000000000000000000041
S315010088300000000000000000000000000000000031
S315010088400000000000000000000000000000000021
S315010088500000000000000000000000000000000011
S315010088600000000000000000000000000000000001
S3150100887000000000000000000000000000000000F1
S3150100888000000000000000000000000000000000E1
S3150100889000000000000000000000000000000000D1
S315010088A000000000000000000000000000000000C1
S315010088B000000000000000000000000000000000B1
S315010088C000000000000000000000000000000000A1
S315010088D00000000000000000000000000000000091
S315010088E00000000000000000000000000000000081
S315010088F00000000000000000000000000000000071
S315010089000000000000000000000000000000000060
S315010089100000000000000000000000000000000050
S315010089200000000000000000000000000000000040
S315010089300000000000000000000000000000000030
S315010089400000000000000000000000000000000020
S315010089500000000000000000000000000000000010
S315010089600000000000000000000000000000000000
S3150100897000000000000000000000000000000000F0
S3150100898000000000000000000000000000000000E0
S3150100899000000000000000000000000000000000D0
S315010089A000000000000000000000000000000000C0
S315010089B000000000000000000000000000000000B0
S315010089C000000000000000000000000000000000A0
S315010089D00000000000000000000000000000000090
S315010089E00000000000000000000000000000000080
S315010089F00000000000000000000000000000000070
S31501008A00000000000000000000000000000000005F
S31501008A10000000000000000000000000000000004F
S31501008A20000000000000000000000000000000003F
S31501008A30000000000000000000000000000000002F
S31501008A40000000000000000000000000000000001F
S31501008A50000000000000000000000000000000000F
S31501008A6000000000000000000000000000000000FF
S31501008A7000000000000000000000000000000000EF
S31501008A8000000000000000000000000000000000DF
S31501008A9000000000000000000000000000000000CF
S31501008AA000000000000000000000000000000000BF
S31501008AB000000000000000000000000000000000AF
S31501008AC0000000000000000000000000000000009F
S31501008AD0000000000000000000000000000000008F
S31501008AE0000000000000000000000000000000007F
S31501008AF0000000000000000000000000000000006F
S31501008B00000000000000000000000000000000005E
S31501008B10000000000000000000000000000000004E
S31501008B20000000000000000000000000000000003E
S31501008B30000000000000000000000000000000002E
S31501008B40000000000000000000000000000000001E
S31501008B50000000000000000000000000000000000E
S31501008B6000000000000000000000000000000000FE
S31501008B7000000000000000000000000000000000EE
S31501008B8000000000000000000000000000000000DE
S31501008B9000000000000000000000000000000000CE
S31501008BA000000000000000000000000000000000BE
S31501008BB000000000000000000000000000000000AE
S31501008BC0000000000000000000000000000000009E
S31501008BD0000000000000000000000000000000008E
S31501008BE0000000000000000000000000000000007E
S31501008BF0000000000000000000000000000000006E
S31501008C00000000000000000000000000000000005D
S31501008C10000000000000000000000000000000004D
S31501008C20000000000000000000000000000000003D
S31501008C30000000000000000000000000000000002D
S31501008C40000000000000000000000000000000001D
S31501008C50000000000000000000000000000000000D
S31501008C6000000000000000000000000000000000FD
S31501008C7000000000000000000000000000000000ED
S31501008C8000000000000000000000000000000000DD
S31501008C9000000000000000000000000000000000CD
S31501008CA000000000000000000000000000000000BD
S31501008CB000000000000000000000000000000000AD
S31501008CC0000000000000000000000000000000009D
S31501008CD0000000000000000000000000000000008D
S31501008CE0000000000000000000000000000000007D
S31501008CF0000000000000000000000000000000006D
S31501008D00000000000000000000000000000000005C
S31501008D10000000000000000000000000000000004C
S31501008D20000000000000000000000000000000003C
S31501008D30000000000000000000000000000000002C
S31501008D40000000000000000000000000000000001C
S31501008D50000000000000000000000000000000000C
S31501008D6000000000000000000000000000000000FC
S31501008D7000000000000000000000000000000000EC
S31501008D8000000000000000000000000000000000DC
S31501008D9000000000000000000000000000000000CC
S31501008DA000000000000000000000000000000000BC
S31501008DB000000000000000000000000000000000AC
S31501008DC0000000000000000000000000000000009C
S31501008DD0000000000000000000000000000000008C
S31501008DE0000000000000000000000000000000007C
S31501008DF0000000000000000000000000000000006C
S31501008E00000000000000000000000000000000005B
S31501008E10000000000000000000000000000000004B
S31501008E20000000000000000000000000000000003B
S31501008E30000000000000000000000000000000002B
S31501008E40000000000000000000000000000000001B
S31501008E50000000000000000000000000000000000B
S31501008E6000000000000000000000000000000000FB
S31501008E7000000000000000000000000000000000EB
S31501008E8000000000000000000000000000000000DB
S31501008E9000000000000000000000000000000000CB
S31501008EA000000000000000000000000000000000BB
S31501008EB000000000000000000000000000000000AB
S31501008EC0000000000000000000000000000000009B
S31501008ED0000000000000000000000000000000008B
S31501008EE0000000000000000000000000000000007B
S31501008EF0000000000000000000000000000000006B
S31501008F00000000000000000000000000000000005A
S31501008F10000000000000000000000000000000004A
S31501008F20000000000000000000000000000000003A
S31501008F30000000000000000000000000000000002A
S31501008F40000000000000000000000000000000001A
S31501008F50000000000000000000000000000000000A
S31501008F6000000000000000000000000000000000FA
S31501008F7000000000000000000000000000000000EA
S31501008F8000000000000000000000000000000000DA
S31501008F9000000000000000000000000000000000CA
S31501008FA000000000000000000000000000000000BA
S31501008FB000000000000000000000000000000000AA
S31501008FC0000000000000000000000000000000009A
S31501008FD0000000000000000000000000000000008A
S31501008FE0000000000000000000000000000000007A
S31501008FF0000000000000000000000000000000006A
S315010090000000000000000000000000000000000059
S315010090100000000000000000000000000000000049
S315010090200000000000000000000000000000000039
S315010090300000000000000000000000000000000029
S315010090400000000000000000000000000000000019
S315010090500000000000000000000000000000000009
S3150100906000000000000000000000000000000000F9
S3150100907000000000000000000000000000000000E9
S3150100908000000000000000000000000000000000D9
S3150100909000000000000000000000000000000000C9
S315010090A000000000000000000000000000000000B9
S315010090B000000000000000000000000000000000A9
S315010090C00000000000000000000000000000000099
S315010090D00000000000000000000000000000000089
S315010090E00000000000000000000000000000000079
S315010090F00000000000000000000000000000000069
S315010091000000000000000000000000000000000058
S315010091100000000000000000000000000000000048
S315010091200000000000000000000000000000000038
S315010091300000000000000000000000000000000028
S315010091400000000000000000000000000000000018
S315010091500000000000000000000000000000000008
S3150100916000000000000000000000000000000000F8
S3150100917000000000000000000000000000000000E8
S3150100918000000000000000000000000000000000D8
S3150100919000000000000000000000000000000000C8
S315010091A000000000000000000000000000000000B8
S315010091B000000000000000000000000000000000A8
S315010091C00000000000000000000000000000000098
S315010091D00000000000000000000000000000000088
S315010091E00000000000000000000000000000000078
S315010091F00000000000000000000000000000000068
S315010092000000000000000000000000000000000057
S315010092100000000000000000000000000000000047
S315010092200000000000000000000000000000000037
S315010092300000000000000000000000000000000027
S315010092400000000000000000000000000000000017
S315010092500000000000000000000000000000000007
S3150100926000000000000000000000000000000000F7
S3150100927000000000000000000000000000000000E7
S3150100928000000000000000000000000000000000D7
S3150100929000000000000000000000000000000000C7
S315010092A000000000000000000000000000000000B7
S315010092B000000000000000000000000000000000A7
S315010092C00000000000000000000000000000000097
S315010092D00000000000000000000000000000000087
S315010092E00000000000000000000000000000000077
S315010092F00000000000000000000000000000000067
S315010093000000000000000000000000000000000056
S315010093100000000000000000000000000000000046
S315010093200000000000000000000000000000000036
S315010093300000000000000000000000000000000026
S315010093400000000000000000000000000000000016
S315010093500000000000000000000000000000000006
S3150100936000000000000000000000000000000000F6
S3150100937000000000000000000000000000000000E6
S3150100938000000000000000000000000000000000D6
S3150100939000000000000000000000000000000000C6
S315010093A000000000000000000000000000000000B6
S315010093B000000000000000000000000000000000A6
S315010093C00000000000000000000000000000000096
S315010093D00000000000000000000000000000000086
S315010093E00000000000000000000000000000000076
S315010093F00000000000000000000000000000000066
S315010094000000000000000000000000000000000055
S315010094100000000000000000000000000000000045
S315010094200000000000000000000000000000000035
S315010094300000000000000000000000000000000025
S315010094400000000000000000000000000000000015
S315010094500000000000000000000000000000000005
S3150100946000000000000000000000000000000000F5
S3150100947000000000000000000000000000000000E5
S3150100948000000000000000000000000000000000D5
S3150100949000000000000000000000000000000000C5
S315010094A000000000000000000000000000000000B5
S315010094B000000000000000000000000000000000A5
S315010094C00000000000000000000000000000000095
S315010094D00000000000000000000000000000000085
S315010094E00000000000000000000000000000000075
S315010094F00000000000000000000000000000000065
S315010095000000000000000000000000000000000054
S315010095100000000000000000000000000000000044
S315010095200000000000000000000000000000000034
S315010095300000000000000000000000000000000024
S315010095400000000000000000000000000000000014
S315010095500000000000000000000000000000000004
S3150100956000000000000000000000000000000000F4
S3150100957000000000000000000000000000000000E4
S3150100958000000000000000000000000000000000D4
S3150100959000000000000000000000000000000000C4
S315010095A000000000000000000000000000000000B4
S315010095B000000000000000000000000000000000A4
S315010095C00000000000000000000000000000000094
S315010095D00000000000000000000000000000000084
S315010095E00000000000000000000000000000000074
S315010095F00000000000000000000000000000000064
S315010096000000000000000000000000000000000053
S315010096100000000000000000000000000000000043
S315010096200000000000000000000000000000000033
S315010096300000000000000000000000000000000023
S315010096400000000000000000000000000000000013
S315010096500000000000000000000000000000000003
S3150100966000000000000000000000000000000000F3
S3150100967000000000000000000000000000000000E3
S3150100968000000000000000000000000000000000D3
S3150100969000000000000000000000000000000000C3
S315010096A000000000000000000000000000000000B3
S315010096B000000000000000000000000000000000A3
S315010096C00000000000000000000000000000000093
S315010096D00000000000000000000000000000000083
S315010096E00000000000000000000000000000000073
S315010096F00000000000000000000000000000000063
S315010097000000000000000000000000000000000052
S315010097100000000000000000000000000000000042
S315010097200000000000000000000000000000000032
S315010097300000000000000000000000000000000022
S315010097400000000000000000000000000000000012
S315010097500000000000000000000000000000000002
S3150100976000000000000000000000000000000000F2
S3150100977000000000000000000000000000000000E2
S3150100978000000000000000000000000000000000D2
S3150100979000000000000000000000000000000000C2
S315010097A000000000000000000000000000000000B2
S315010097B000000000000000000000000000000000A2
S315010097C00000000000000000000000000000000092
S315010097D00000000000000000000000000000000082
S315010097E00000000000000000000000000000000072
S315010097F00000000000000000000000000000000062
S315010098000000000000000000000000000000000051
S315010098100000000000000000000000000000000041
S315010098200000000000000000000000000000000031
S315010098300000000000000000000000000000000021
S315010098400000000000000000000000000000000011
S315010098500000000000000000000000000000000001
S3150100986000000000000000000000000000000000F1
S3150100987000000000000000000000000000000000E1
S3150100988000000000000000000000000000000000D1
S3150100989000000000000000000000000000000000C1
S315010098A000000000000000000000000000000000B1
S315010098B000000000000000000000000000000000A1
S315010098C00000000000000000000000000000000091
S315010098D00000000000000000000000000000000081
S315010098E00000000000000000000000000000000071
S315010098F00000000000000000000000000000000061
S315010099000000000000000000000000000000000050
S315010099100000000000000000000000000000000040
S315010099200000000000000000000000000000000030
S315010099300000000000000000000000000000000020
S315010099400000000000000000000000000000000010
S315010099500000000000000000000000000000000000
S3150100996000000000000000000000000000000000F0
S3150100997000000000000000000000000000000000E0
S3150100998000000000000000000000000000000000D0
S3150100999000000000000000000000000000000000C0
S315010099A000000000000000000000000000000000B0
S315010099B000000000000000000000000000000000A0
S315010099C00000000000000000000000000000000090
S315010099D00000000000000000000000000000000080
S315010099E00000000000000000000000000000000070
S315010099F00000000000000000000000000000000060
S31501009A00000000000000000000000000000000004F
S31501009A10000000000000000000000000000000003F
S31501009A20000000000000000000000000000000002F
S31501009A30000000000000000000000000000000001F
S31501009A40000000000000000000000000000000000F
S31501009A5000000000000000000000000000000000FF
S31501009A6000000000000000000000000000000000EF
S31501009A7000000000000000000000000000000000DF
S31501009A8000000000000000000000000000000000CF
S31501009A9000000000000000000000000000000000BF
S31501009AA000000000000000000000000000000000AF
S31501009AB0000000000000000000000000000000009F
S31501009AC0000000000000000000000000000000008F
S31501009AD0000000000000000000000000000000007F
S31501009AE0000000000000000000000000000000006F
S31501009AF0000000000000000000000000000000005F
S31501009B00000000000000000000000000000000004E
S31501009B10000000000000000000000000000000003E
S31501009B20000000000000000000000000000000002E
S31501009B30000000000000000000000000000000001E
S31501009B40000000000000000000000000000000000E
S31501009B5000000000000000000000000000000000FE
S31501009B6000000000000000000000000000000000EE
S31501009B7000000000000000000000000000000000DE
S31501009B8000000000000000000000000000000000CE
S31501009B9000000000000000000000000000000000BE
S31501009BA000000000000000000000000000000000AE
S31501009BB0000000000000000000000000000000009E
S31501009BC0000000000000000000000000000000008E
S31501009BD0000000000000000000000000000000007E
S31501009BE0000000000000000000000000000000006E
S31501009BF0000000000000000000000000000000005E
S31501009C00000000000000000000000000000000004D
S31501009C10000000000000000000000000000000003D
S31501009C20000000000000000000000000000000002D
S31501009C30000000000000000000000000000000001D
S31501009C40000000000000000000000000000000000D
S31501009C5000000000000000000000000000000000FD
S31501009C6000000000000000000000000000000000ED
S31501009C7000000000000000000000000000000000DD
S31501009C8000000000000000000000000000000000CD
S31501009C9000000000000000000000000000000000BD
S31501009CA000000000000000000000000000000000AD
S31501009CB0000000000000000000000000000000009D
S31501009CC0000000000000000000000000000000008D
S31501009CD0000000000000000000000000000000007D
S31501009CE0000000000000000000000000000000006D
S31501009CF0000000000000000000000000000000005D
S31501009D00000000000000000000000000000000004C
S31501009D10000000000000000000000000000000003C
S31501009D20000000000000000000000000000000002C
S31501009D30000000000000000000000000000000001C
S31501009D40000000000000000000000000000000000C
S31501009D5000000000000000000000000000000000FC
S31501009D6000000000000000000000000000000000EC
S31501009D7000000000000000000000000000000000DC
S31501009D8000000000000000000000000000000000CC
S31501009D9000000000000000000000000000000000BC
S31501009DA000000000000000000000000000000000AC
S31501009DB0000000000000000000000000000000009C
S31501009DC0000000000000000000000000000000008C
S31501009DD0000000000000000000000000000000007C
S31501009DE0000000000000000000000000000000006C
S31501009DF0000000000000000000000000000000005C
S31501009E00000000000000000000000000000000004B
S31501009E10000000000000000000000000000000003B
S31501009E20000000000000000000000000000000002B
S31501009E30000000000000000000000000000000001B
S31501009E40000000000000000000000000000000000B
S31501009E5000000000000000000000000000000000FB
S31501009E6000000000000000000000000000000000EB
S31501009E7000000000000000000000000000000000DB
S31501009E8000000000000000000000000000000000CB
S31501009E9000000000000000000000000000000000BB
S31501009EA000000000000000000000000000000000AB
S31501009EB0000000000000000000000000000000009B
S31501009EC0000000000000000000000000000000008B
S31501009ED0000000000000000000000000000000007B
S31501009EE0000000000000000000000000000000006B
S31501009EF0000000000000000000000000000000005B
S31501009F00000000000000000000000000000000004A
S31501009F10000000000000000000000000000000003A
S31501009F20000000000000000000000000000000002A
S31501009F30000000000000000000000000000000001A
S31501009F40000000000000000000000000000000000A
S31501009F5000000000000000000000000000000000FA
S31501009F6000000000000000000000000000000000EA
S31501009F7000000000000000000000000000000000DA
S31501009F8000000000000000000000000000000000CA
S31501009F9000000000000000000000000000000000BA
S31501009FA000000000000000000000000000000000AA
S31501009FB0000000000000000000000000000000009A
S31501009FC0000000000000000000000000000000008A
S31501009FD0000000000000000000000000000000007A
S31501009FE0000000000000000000000000000000006A
S31501009FF0000000000000000000000000000000005A
S3150100A0000000000000000000000000000000000049
S3150100A0100000000000000000000000000000000039
S3150100A0200000000000000000000000000000000029
S3150100A0300000000000000000000000000000000019
S3150100A0400000000000000000000000000000000009
S3150100A05000000000000000000000000000000000F9
S3150100A06000000000000000000000000000000000E9
S3150100A07000000000000000000000000000000000D9
S3150100A08000000000000000000000000000000000C9
S3150100A09000000000000000000000000000000000B9
S3150100A0A000000000000000000000000000000000A9
S3150100A0B00000000000000000000000000000000099
S3150100A0C00000000000000000000000000000000089
S3150100A0D00000000000000000000000000000000079
S3150100A0E00000000000000000000000000000000069
S3150100A0F00000000000000000000000000000000059
S3150100A1000000000000000000000000000000000048
S3150100A1100000000000000000000000000000000038
S3150100A1200000000000000000000000000000000028
S3150100A1300000000000000000000000000000000018
S3150100A1400000000000000000000000000000000008
S3150100A15000000000000000000000000000000000F8
S3150100A16000000000000000000000000000000000E8
S3150100A17000000000000000000000000000000000D8
S3150100A18000000000000000000000000000000000C8
S3150100A19000000000000000000000000000000000B8
S3150100A1A000000000000000000000000000000000A8
S3150100A1B00000000000000000000000000000000098
S3150100A1C00000000000000000000000000000000088
S3150100A1D00000000000000000000000000000000078
S3150100A1E00000000000000000000000000000000068
S3150100A1F00000000000000000000000000000000058
S3150100A2000000000000000000000000000000000047
S3150100A2100000000000000000000000000000000037
S3150100A2200000000000000000000000000000000027
S3150100A2300000000000000000000000000000000017
S3150100A2400000000000000000000000000000000007
S3150100A25000000000000000000000000000000000F7
S3150100A26000000000000000000000000000000000E7
S3150100A27000000000000000000000000000000000D7
S3150100A28000000000000000000000000000000000C7
S3150100A29000000000000000000000000000000000B7
S3150100A2A000000000000000000000000000000000A7
S3150100A2B00000000000000000000000000000000097
S3150100A2C00000000000000000000000000000000087
S3150100A2D00000000000000000000000000000000077
S3150100A2E00000000000000000000000000000000067
S3150100A2F00000000000000000000000000000000057
S3150100A3000000000000000000000000000000000046
S3150100A3100000000000000000000000000000000036
S3150100A3200000000000000000000000000000000026
S3150100A3300000000000000000000000000000000016
S3150100A3400000000000000000000000000000000006
S3150100A35000000000000000000000000000000000F6
S3150100A36000000000000000000000000000000000E6
S3150100A37000000000000000000000000000000000D6
S3150100A38000000000000000000000000000000000C6
S3150100A39000000000000000000000000000000000B6
S3150100A3A000000000000000000000000000000000A6
S3150100A3B00000000000000000000000000000000096
S3150100A3C00000000000000000000000000000000086
S3150100A3D00000000000000000000000000000000076
S3150100A3E00000000000000000000000000000000066
S3150100A3F00000000000000000000000000000000056
S3150100A4000000000000000000000000000000000045
S3150100A4100000000000000000000000000000000035
S3150100A4200000000000000000000000000000000025
S3150100A4300000000000000000000000000000000015
S3150100A4400000000000000000000000000000000005
S3150100A45000000000000000000000000000000000F5
S3150100A46000000000000000000000000000000000E5
S3150100A47000000000000000000000000000000000D5
S3150100A48000000000000000000000000000000000C5
S3150100A49000000000000000000000000000000000B5
S3150100A4A000000000000000000000000000000000A5
S3150100A4B00000000000000000000000000000000095
S3150100A4C00000000000000000000000000000000085
S3150100A4D00000000000000000000000000000000075
S3150100A4E00000000000000000000000000000000065
S3150100A4F00000000000000000000000000000000055
S3150100A5000000000000000000000000000000000044
S3150100A5100000000000000000000000000000000034
S3150100A5200000000000000000000000000000000024
S3150100A5300000000000000000000000000000000014
S3150100A5400000000000000000000000000000000004
S3150100A55000000000000000000000000000000000F4
S3150100A56000000000000000000000000000000000E4
S3150100A57000000000000000000000000000000000D4
S3150100A58000000000000000000000000000000000C4
S3150100A59000000000000000000000000000000000B4
S3150100A5A000000000000000000000000000000000A4
S3150100A5B00000000000000000000000000000000094
S3150100A5C00000000000000000000000000000000084
S3150100A5D00000000000000000000000000000000074
S3150100A5E00000000000000000000000000000000064
S3150100A5F00000000000000000000000000000000054
S3150100A6000000000000000000000000000000000043
S3150100A6100000000000000000000000000000000033
S3150100A6200000000000000000000000000000000023
S3150100A6300000000000000000000000000000000013
S3150100A6400000000000000000000000000000000003
S3150100A65000000000000000000000000000000000F3
S3150100A66000000000000000000000000000000000E3
S3150100A67000000000000000000000000000000000D3
S3150100A68000000000000000000000000000000000C3
S3150100A69000000000000000000000000000000000B3
S3150100A6A000000000000000000000000000000000A3
S3150100A6B00000000000000000000000000000000093
S3150100A6C00000000000000000000000000000000083
S3150100A6D00000000000000000000000000000000073
S3150100A6E00000000000000000000000000000000063
S3150100A6F00000000000000000000000000000000053
S3150100A7000000000000000000000000000000000042
S3150100A7100000000000000000000000000000000032
S3150100A7200000000000000000000000000000000022
S3150100A7300000000000000000000000000000000012
S3150100A7400000000000000000000000000000000002
S3150100A75000000000000000000000000000000000F2
S3150100A76000000000000000000000000000000000E2
S3150100A77000000000000000000000000000000000D2
S3150100A78000000000000000000000000000000000C2
S3150100A79000000000000000000000000000000000B2
S3150100A7A000000000000000000000000000000000A2
S3150100A7B00000000000000000000000000000000092
S3150100A7C00000000000000000000000000000000082
S3150100A7D00000000000000000000000000000000072
S3150100A7E00000000000000000000000000000000062
S3150100A7F00000000000000000000000000000000052
S3150100A8000000000000000000000000000000000041
S3150100A8100000000000000000000000000000000031
S3150100A8200000000000000000000000000000000021
S3150100A8300000000000000000000000000000000011
S3150100A8400000000000000000000000000000000001
S3150100A85000000000000000000000000000000000F1
S3150100A86000000000000000000000000000000000E1
S3150100A87000000000000000000000000000000000D1
S3150100A88000000000000000000000000000000000C1
S3150100A89000000000000000000000000000000000B1
S3150100A8A000000000000000000000000000000000A1
S3150100A8B00000000000000000000000000000000091
S3150100A8C00000000000000000000000000000000081
S3150100A8D00000000000000000000000000000000071
S3150100A8E00000000000000000000000000000000061
S3150100A8F00000000000000000000000000000000051
S3150100A9000000000000000000000000000000000040
S3150100A9100000000000000000000000000000000030
S3150100A9200000000000000000000000000000000020
S3150100A9300000000000000000000000000000000010
S3150100A9400000000000000000000000000000000000
S3150100A95000000000000000000000000000000000F0
S3150100A96000000000000000000000000000000000E0
S3150100A97000000000000000000000000000000000D0
S3150100A98000000000000000000000000000000000C0
S3150100A99000000000000000000000000000000000B0
S3150100A9A000000000000000000000000000000000A0
S3150100A9B00000000000000000000000000000000090
S3150100A9C00000000000000000000000000000000080
S3150100A9D00000000000000000000000000000000070
S3150100A9E00000000000000000000000000000000060
S3150100A9F00000000000000000000000000000000050
S3150100AA00000000000000000000000000000000003F
S3150100AA10000000000000000000000000000000002F
S3150100AA20000000000000000000000000000000001F
S3150100AA30000000000000000000000000000000000F
S3150100AA4000000000000000000000000000000000FF
S3150100AA5000000000000000000000000000000000EF
S3150100AA6000000000000000000000000000000000DF
S3150100AA7000000000000000000000000000000000CF
S3150100AA8000000000000000000000000000000000BF
S3150100AA9000000000000000000000000000000000AF
S3150100AAA0000000000000000000000000000000009F
S3150100AAB0000000000000000000000000000000008F
S3150100AAC0000000000000000000000000000000007F
S3150100AAD0000000000000000000000000000000006F
S3150100AAE0000000000000000000000000000000005F
S3150100AAF0000000000000000000000000000000004F
S3150100AB00000000000000000000000000000000003E
S3150100AB10000000000000000000000000000000002E
S3150100AB20000000000000000000000000000000001E
S3150100AB30000000000000000000000000000000000E
S3150100AB4000000000000000000000000000000000FE
S3150100AB5000000000000000000000000000000000EE
S3150100AB6000000000000000000000000000000000DE
S3150100AB7000000000000000000000000000000000CE
S3150100AB8000000000000000000000000000000000BE
S3150100AB9000000000000000000000000000000000AE
S3150100ABA0000000000000000000000000000000009E
S3150100ABB0000000000000000000000000000000008E
S3150100ABC0000000000000000000000000000000007E
S3150100ABD0000000000000000000000000000000006E
S3150100ABE0000000000000000000000000000000005E
S3150100ABF0000000000000000000000000000000004E
S3150100AC00000000000000000000000000000000003D
S3150100AC10000000000000000000000000000000002D
S3150100AC20000000000000000000000000000000001D
S3150100AC30000000000000000000000000000000000D
S3150100AC4000000000000000000000000000000000FD
S3150100AC5000000000000000000000000000000000ED
S3150100AC6000000000000000000000000000000000DD
S3150100AC7000000000000000000000000000000000CD
S3150100AC8000000000000000000000000000000000BD
S3150100AC9000000000000000000000000000000000AD
S3150100ACA0000000000000000000000000000000009D
S3150100ACB0000000000000000000000000000000008D
S3150100ACC0000000000000000000000000000000007D
S3150100ACD0000000000000000000000000000000006D
S3150100ACE0000000000000000000000000000000005D
S3150100ACF0000000000000000000000000000000004D
S3150100AD00000000000000000000000000000000003C
S3150100AD10000000000000000000000000000000002C
S3150100AD20000000000000000000000000000000001C
S3150100AD30000000000000000000000000000000000C
S3150100AD4000000000000000000000000000000000FC
S3150100AD5000000000000000000000000000000000EC
S3150100AD6000000000000000000000000000000000DC
S3150100AD7000000000000000000000000000000000CC
S3150100AD8000000000000000000000000000000000BC
S3150100AD9000000000000000000000000000000000AC
S3150100ADA0000000000000000000000000000000009C
S3150100ADB0000000000000000000000000000000008C
S3150100ADC0000000000000000000000000000000007C
S3150100ADD0000000000000000000000000000000006C
S3150100ADE0000000000000000000000000000000005C
S3150100ADF0000000000000000000000000000000004C
S3150100AE00000000000000000000000000000000003B
S3150100AE10000000000000000000000000000000002B
S3150100AE20000000000000000000000000000000001B
S3150100AE30000000000000000000000000000000000B
S3150100AE4000000000000000000000000000000000FB
S3150100AE5000000000000000000000000000000000EB
S3150100AE6000000000000000000000000000000000DB
S3150100AE7000000000000000000000000000000000CB
S3150100AE8000000000000000000000000000000000BB
S3150100AE9000000000000000000000000000000000AB
S3150100AEA0000000000000000000000000000000009B
S3150100AEB0000000000000000000000000000000008B
S3150100AEC0000000000000000000000000000000007B
S3150100AED0000000000000000000000000000000006B
S3150100AEE0000000000000000000000000000000005B
S3150100AEF0000000000000000000000000000000004B
S3150100AF00000000000000000000000000000000003A
S3150100AF10000000000000000000000000000000002A
S3150100AF20000000000000000000000000000000001A
S3150100AF30000000000000000000000000000000000A
S3150100AF4000000000000000000000000000000000FA
S3150100AF5000000000000000000000000000000000EA
S3150100AF6000000000000000000000000000000000DA
S3150100AF7000000000000000000000000000000000CA
S3150100AF8000000000000000000000000000000000BA
S3150100AF9000000000000000000000000000000000AA
S3150100AFA0000000000000000000000000000000009A
S3150100AFB0000000000000000000000000000000008A
S3150100AFC0000000000000000000000000000000007A
S3150100AFD0000000000000000000000000000000006A
S3150100AFE0000000000000000000000000000000005A
S3150100AFF0000000000000000000000000000000004A
S3150100B0000000000000000000000000000000000039
S3150100B0100000000000000000000000000000000029
S3150100B0200000000000000000000000000000000019
S3150100B0300000000000000000000000000000000009
S3150100B04000000000000000000000000000000000F9
S3150100B05000000000000000000000000000000000E9
S3150100B06000000000000000000000000000000000D9
S3150100B07000000000000000000000000000000000C9
S3150100B08000000000000000000000000000000000B9
S3150100B09000000000000000000000000000000000A9
S3150100B0A00000000000000000000000000000000099
S3150100B0B00000000000000000000000000000000089
S3150100B0C00000000000000000000000000000000079
S3150100B0D00000000000000000000000000000000069
S3150100B0E00000000000000000000000000000000059
S3150100B0F00000000000000000000000000000000049
S3150100B1000000000000000000000000000000000038
S3150100B1100000000000000000000000000000000028
S3150100B1200000000000000000000000000000000018
S3150100B1300000000000000000000000000000000008
S3150100B14000000000000000000000000000000000F8
S3150100B15000000000000000000000000000000000E8
S3150100B16000000000000000000000000000000000D8
S3150100B17000000000000000000000000000000000C8
S3150100B18000000000000000000000000000000000B8
S3150100B19000000000000000000000000000000000A8
S3150100B1A00000000000000000000000000000000098
S3150100B1B00000000000000000000000000000000088
S3150100B1C00000000000000000000000000000000078
S3150100B1D00000000000000000000000000000000068
S3150100B1E00000000000000000000000000000000058
S3150100B1F00000000000000000000000000000000048
S3150100B2000000000000000000000000000000000037
S3150100B2100000000000000000000000000000000027
S3150100B2200000000000000000000000000000000017
S3150100B2300000000000000000000000000000000007
S3150100B24000000000000000000000000000000000F7
S3150100B25000000000000000000000000000000000E7
S3150100B26000000000000000000000000000000000D7
S3150100B27000000000000000000000000000000000C7
S3150100B28000000000000000000000000000000000B7
S3150100B29000000000000000000000000000000000A7
S3150100B2A00000000000000000000000000000000097
S3150100B2B00000000000000000000000000000000087
S3150100B2C00000000000000000000000000000000077
S3150100B2D00000000000000000000000000000000067
S3150100B2E00000000000000000000000000000000057
S3150100B2F00000000000000000000000000000000047
S3150100B3000000000000000000000000000000000036
S3150100B3100000000000000000000000000000000026
S3150100B3200000000000000000000000000000000016
S3150100B3300000000000000000000000000000000006
S3150100B34000000000000000000000000000000000F6
S3150100B35000000000000000000000000000000000E6
S3150100B36000000000000000000000000000000000D6
S3150100B37000000000000000000000000000000000C6
S3150100B38000000000000000000000000000000000B6
S3150100B39000000000000000000000000000000000A6
S3150100B3A00000000000000000000000000000000096
S3150100B3B00000000000000000000000000000000086
S3150100B3C00000000000000000000000000000000076
S3150100B3D00000000000000000000000000000000066
S3150100B3E00000000000000000000000000000000056
S3150100B3F00000000000000000000000000000000046
S3150100B4000000000000000000000000000000000035
S3150100B4100000000000000000000000000000000025
S3150100B4200000000000000000000000000000000015
S3150100B4300000000000000000000000000000000005
S3150100B44000000000000000000000000000000000F5
S3150100B45000000000000000000000000000000000E5
S3150100B46000000000000000000000000000000000D5
S3150100B47000000000000000000000000000000000C5
S3150100B48000000000000000000000000000000000B5
S3150100B49000000000000000000000000000000000A5
S3150100B4A00000000000000000000000000000000095
S3150100B4B00000000000000000000000000000000085
S3150100B4C00000000000000000000000000000000075
S3150100B4D00000000000000000000000000000000065
S3150100B4E00000000000000000000000000000000055
S3150100B4F00000000000000000000000000000000045
S3150100B5000000000000000000000000000000000034
S3150100B5100000000000000000000000000000000024
S3150100B5200000000000000000000000000000000014
S3150100B5300000000000000000000000000000000004
S3150100B54000000000000000000000000000000000F4
S3150100B55000000000000000000000000000000000E4
S3150100B56000000000000000000000000000000000D4
S3150100B57000000000000000000000000000000000C4
S3150100B58000000000000000000000000000000000B4
S3150100B59000000000000000000000000000000000A4
S3150100B5A00000000000000000000000000000000094
S3150100B5B00000000000000000000000000000000084
S3150100B5C00000000000000000000000000000000074
S3150100B5D00000000000000000000000000000000064
S3150100B5E00000000000000000000000000000000054
S3150100B5F00000000000000000000000000000000044
S3150100B6000000000000000000000000000000000033
S3150100B6100000000000000000000000000000000023
S3150100B6200000000000000000000000000000000013
S3150100B6300000000000000000000000000000000003
S3150100B64000000000000000000000000000000000F3
S3150100B65000000000000000000000000000000000E3
S3150100B66000000000000000000000000000000000D3
S3150100B67000000000000000000000000000000000C3
S3150100B68000000000000000000000000000000000B3
S3150100B69000000000000000000000000000000000A3
S3150100B6A00000000000000000000000000000000093
S3150100B6B00000000000000000000000000000000083
S3150100B6C00000000000000000000000000000000073
S3150100B6D00000000000000000000000000000000063
S3150100B6E00000000000000000000000000000000053
S3150100B6F00000000000000000000000000000000043
S3150100B7000000000000000000000000000000000032
S3150100B7100000000000000000000000000000000022
S3150100B7200000000000000000000000000000000012
S3150100B7300000000000000000000000000000000002
S3150100B74000000000000000000000000000000000F2
S3150100B75000000000000000000000000000000000E2
S3150100B76000000000000000000000000000000000D2
S3150100B77000000000000000000000000000000000C2
S3150100B78000000000000000000000000000000000B2
S3150100B79000000000000000000000000000000000A2
S3150100B7A00000000000000000000000000000000092
S3150100B7B00000000000000000000000000000000082
S3150100B7C00000000000000000000000000000000072
S3150100B7D00000000000000000000000000000000062
S3150100B7E00000000000000000000000000000000052
S3150100B7F00000000000000000000000000000000042
S3150100B8000000000000000000000000000000000031
S3150100B8100000000000000000000000000000000021
S3150100B8200000000000000000000000000000000011
S3150100B8300000000000000000000000000000000001
S3150100B84000000000000000000000000000000000F1
S3150100B85000000000000000000000000000000000E1
S3150100B86000000000000000000000000000000000D1
S3150100B87000000000000000000000000000000000C1
S3150100B88000000000000000000000000000000000B1
S3150100B89000000000000000000000000000000000A1
S3150100B8A00000000000000000000000000000000091
S3150100B8B00000000000000000000000000000000081
S3150100B8C00000000000000000000000000000000071
S3150100B8D00000000000000000000000000000000061
S3150100B8E00000000000000000000000000000000051
S3150100B8F00000000000000000000000000000000041
S3150100B9000000000000000000000000000000000030
S3150100B9100000000000000000000000000000000020
S3150100B9200000000000000000000000000000000010
S3150100B9300000000000000000000000000000000000
S3150100B94000000000000000000000000000000000F0
S3150100B95000000000000000000000000000000000E0
S3150100B96000000000000000000000000000000000D0
S3150100B97000000000000000000000000000000000C0
S3150100B98000000000000000000000000000000000B0
S3150100B99000000000000000000000000000000000A0
S3150100B9A00000000000000000000000000000000090
S3150100B9B00000000000000000000000000000000080
S3150100B9C00000000000000000000000000000000070
S3150100B9D00000000000000000000000000000000060
S3150100B9E00000000000000000000000000000000050
S3150100B9F00000000000000000000000000000000040
S3150100BA00000000000000000000000000000000002F
S3150100BA10000000000000000000000000000000001F
S3150100BA20000000000000000000000000000000000F
S3150100BA3000000000000000000000000000000000FF
S3150100BA4000000000000000000000000000000000EF
S3150100BA5000000000000000000000000000000000DF
S3150100BA6000000000000000000000000000000000CF
S3150100BA7000000000000000000000000000000000BF
S3150100BA8000000000000000000000000000000000AF
S3150100BA90000000000000000000000000000000009F
S3150100BAA0000000000000000000000000000000008F
S3150100BAB0000000000000000000000000000000007F
S3150100BAC0000000000000000000000000000000006F
S3150100BAD0000000000000000000000000000000005F
S3150100BAE0000000000000000000000000000000004F
S3150100BAF0000000000000000000000000000000003F
S3150100BB00000000000000000000000000000000002E
S3150100BB10000000000000000000000000000000001E
S3150100BB20000000000000000000000000000000000E
S3150100BB3000000000000000000000000000000000FE
S3150100BB4000000000000000000000000000000000EE
S3150100BB5000000000000000000000000000000000DE
S3150100BB6000000000000000000000000000000000CE
S3150100BB7000000000000000000000000000000000BE
S3150100BB8000000000000000000000000000000000AE
S3150100BB90000000000000000000000000000000009E
S3150100BBA0000000000000000000000000000000008E
S3150100BBB0000000000000000000000000000000007E
S3150100BBC0000000000000000000000000000000006E
S3150100BBD0000000000000000000000000000000005E
S3150100BBE0000000000000000000000000000000004E
S3150100BBF0000000000000000000000000000000003E
S3150100BC00000000000000000000000000000000002D
S3150100BC10000000000000000000000000000000001D
S3150100BC20000000000000000000000000000000000D
S3150100BC3000000000000000000000000000000000FD
S3150100BC4000000000000000000000000000000000ED
S3150100BC5000000000000000000000000000000000DD
S3150100BC6000000000000000000000000000000000CD
S3150100BC7000000000000000000000000000000000BD
S3150100BC8000000000000000000000000000000000AD
S3150100BC90000000000000000000000000000000009D
S3150100BCA0000000000000000000000000000000008D
S3150100BCB0000000000000000000000000000000007D
S3150100BCC0000000000000000000000000000000006D
S3150100BCD0000000000000000000000000000000005D
S3150100BCE0000000000000000000000000000000004D
S3150100BCF0000000000000000000000000000000003D
S3150100BD00000000000000000000000000000000002C
S3150100BD10000000000000000000000000000000001C
S3150100BD20000000000000000000000000000000000C
S3150100BD3000000000000000000000000000000000FC
S3150100BD4000000000000000000000000000000000EC
S3150100BD5000000000000000000000000000000000DC
S3150100BD6000000000000000000000000000000000CC
S3150100BD7000000000000000000000000000000000BC
S3150100BD8000000000000000000000000000000000AC
S3150100BD90000000000000000000000000000000009C
S3150100BDA0000000000000000000000000000000008C
S3150100BDB0000000000000000000000000000000007C
S3150100BDC0000000000000000000000000000000006C
S3150100BDD0000000000000000000000000000000005C
S3150100BDE0000000000000000000000000000000004C
S3150100BDF0000000000000000000000000000000003C
S3150100BE00000000000000000000000000000000002B
S3150100BE10000000000000000000000000000000001B
S3150100BE20000000000000000000000000000000000B
S3150100BE3000000000000000000000000000000000FB
S3150100BE4000000000000000000000000000000000EB
S3150100BE5000000000000000000000000000000000DB
S3150100BE6000000000000000000000000000000000CB
S3150100BE7000000000000000000000000000000000BB
S3150100BE8000000000000000000000000000000000AB
S3150100BE90000000000000000000000000000000009B
S3150100BEA0000000000000000000000000000000008B
S3150100BEB0000000000000000000000000000000007B
S3150100BEC0000000000000000000000000000000006B
S3150100BED0000000000000000000000000000000005B
S3150100BEE0000000000000000000000000000000004B
S3150100BEF0000000000000000000000000000000003B
S3150100BF00000000000000000000000000000000002A
S3150100BF10000000000000000000000000000000001A
S3150100BF20000000000000000000000000000000000A
S3150100BF3000000000000000000000000000000000FA
S3150100BF4000000000000000000000000000000000EA
S3150100BF5000000000000000000000000000000000DA
S3150100BF6000000000000000000000000000000000CA
S3150100BF7000000000000000000000000000000000BA
S3150100BF8000000000000000000000000000000000AA
S3150100BF90000000000000000000000000000000009A
S3150100BFA0000000000000000000000000000000008A
S3150100BFB0000000000000000000000000000000007A
S3150100BFC0000000000000000000000000000000006A
S3150100BFD0000000000000000000000000000000005A
S3150100BFE0000000000000000000000000000000004A
S3150100BFF0000000000000000000000000000000003A
S3150100C0000000000000000000000000000000000029
S3150100C0100000000000000000000000000000000019
S3150100C0200000000000000000000000000000000009
S3150100C03000000000000000000000000000000000F9
S3150100C04000000000000000000000000000000000E9
S3150100C05000000000000000000000000000000000D9
S3150100C06000000000000000000000000000000000C9
S3150100C07000000000000000000000000000000000B9
S3150100C08000000000000000000000000000000000A9
S3150100C0900000000000000000000000000000000099
S3150100C0A00000000000000000000000000000000089
S3150100C0B00000000000000000000000000000000079
S3150100C0C00000000000000000000000000000000069
S3150100C0D00000000000000000000000000000000059
S3150100C0E00000000000000000000000000000000049
S3150100C0F00000000000000000000000000000000039
S3150100C1000000000000000000000000000000000028
S3150100C1100000000000000000000000000000000018
S3150100C1200000000000000000000000000000000008
S3150100C13000000000000000000000000000000000F8
S3150100C14000000000000000000000000000000000E8
S3150100C15000000000000000000000000000000000D8
S3150100C16000000000000000000000000000000000C8
S3150100C17000000000000000000000000000000000B8
S3150100C18000000000000000000000000000000000A8
S3150100C1900000000000000000000000000000000098
S3150100C1A00000000000000000000000000000000088
S3150100C1B00000000000000000000000000000000078
S3150100C1C00000000000000000000000000000000068
S3150100C1D00000000000000000000000000000000058
S3150100C1E00000000000000000000000000000000048
S3150100C1F00000000000000000000000000000000038
S3150100C2000000000000000000000000000000000027
S3150100C2100000000000000000000000000000000017
S3150100C2200000000000000000000000000000000007
S3150100C23000000000000000000000000000000000F7
S3150100C24000000000000000000000000000000000E7
S3150100C25000000000000000000000000000000000D7
S3150100C26000000000000000000000000000000000C7
S3150100C27000000000000000000000000000000000B7
S3150100C28000000000000000000000000000000000A7
S3150100C2900000000000000000000000000000000097
S3150100C2A00000000000000000000000000000000087
S3150100C2B00000000000000000000000000000000077
S3150100C2C00000000000000000000000000000000067
S3150100C2D00000000000000000000000000000000057
S3150100C2E00000000000000000000000000000000047
S3150100C2F00000000000000000000000000000000037
S3150100C3000000000000000000000000000000000026
S3150100C3100000000000000000000000000000000016
S3150100C3200000000000000000000000000000000006
S3150100C33000000000000000000000000000000000F6
S3150100C34000000000000000000000000000000000E6
S3150100C35000000000000000000000000000000000D6
S3150100C36000000000000000000000000000000000C6
S3150100C37000000000000000000000000000000000B6
S3150100C38000000000000000000000000000000000A6
S3150100C3900000000000000000000000000000000096
S3150100C3A00000000000000000000000000000000086
S3150100C3B00000000000000000000000000000000076
S3150100C3C00000000000000000000000000000000066
S3150100C3D00000000000000000000000000000000056
S3150100C3E00000000000000000000000000000000046
S3150100C3F00000000000000000000000000000000036
S3150100C4000000000000000000000000000000000025
S3150100C4100000000000000000000000000000000015
S3150100C4200000000000000000000000000000000005
S3150100C43000000000000000000000000000000000F5
S3150100C44000000000000000000000000000000000E5
S3150100C45000000000000000000000000000000000D5
S3150100C46000000000000000000000000000000000C5
S3150100C47000000000000000000000000000000000B5
S3150100C48000000000000000000000000000000000A5
S3150100C4900000000000000000000000000000000095
S3150100C4A00000000000000000000000000000000085
S3150100C4B00000000000000000000000000000000075
S3150100C4C00000000000000000000000000000000065
S3150100C4D00000000000000000000000000000000055
S3150100C4E00000000000000000000000000000000045
S3150100C4F00000000000000000000000000000000035
S3150100C5000000000000000000000000000000000024
S3150100C5100000000000000000000000000000000014
S3150100C5200000000000000000000000000000000004
S3150100C53000000000000000000000000000000000F4
S3150100C54000000000000000000000000000000000E4
S3150100C55000000000000000000000000000000000D4
S3150100C56000000000000000000000000000000000C4
S3150100C57000000000000000000000000000000000B4
S3150100C58000000000000000000000000000000000A4
S3150100C5900000000000000000000000000000000094
S3150100C5A00000000000000000000000000000000084
S3150100C5B00000000000000000000000000000000074
S3150100C5C00000000000000000000000000000000064
S3150100C5D00000000000000000000000000000000054
S3150100C5E00000000000000000000000000000000044
S3150100C5F00000000000000000000000000000000034
S3150100C6000000000000000000000000000000000023
S3150100C6100000000000000000000000000000000013
S3150100C6200000000000000000000000000000000003
S3150100C63000000000000000000000000000000000F3
S3150100C64000000000000000000000000000000000E3
S3150100C65000000000000000000000000000000000D3
S3150100C66000000000000000000000000000000000C3
S3150100C67000000000000000000000000000000000B3
S3150100C68000000000000000000000000000000000A3
S3150100C6900000000000000000000000000000000093
S3150100C6A00000000000000000000000000000000083
S3150100C6B00000000000000000000000000000000073
S3150100C6C00000000000000000000000000000000063
S3150100C6D00000000000000000000000000000000053
S3150100C6E00000000000000000000000000000000043
S3150100C6F00000000000000000000000000000000033
S3150100C7000000000000000000000000000000000022
S3150100C7100000000000000000000000000000000012
S3150100C7200000000000000000000000000000000002
S3150100C73000000000000000000000000000000000F2
S3150100C74000000000000000000000000000000000E2
S3150100C75000000000000000000000000000000000D2
S3150100C76000000000000000000000000000000000C2
S3150100C77000000000000000000000000000000000B2
S3150100C78000000000000000000000000000000000A2
S3150100C7900000000000000000000000000000000092
S3150100C7A00000000000000000000000000000000082
S3150100C7B00000000000000000000000000000000072
S3150100C7C00000000000000000000000000000000062
S3150100C7D00000000000000000000000000000000052
S3150100C7E00000000000000000000000000000000042
S3150100C7F00000000000000000000000000000000032
S3150100C8000000000000000000000000000000000021
S3150100C8100000000000000000000000000000000011
S3150100C8200000000000000000000000000000000001
S3150100C83000000000000000000000000000000000F1
S3150100C84000000000000000000000000000000000E1
S3150100C85000000000000000000000000000000000D1
S3150100C86000000000000000000000000000000000C1
S3150100C87000000000000000000000000000000000B1
S3150100C88000000000000000000000000000000000A1
S3150100C8900000000000000000000000000000000091
S3150100C8A00000000000000000000000000000000081
S3150100C8B00000000000000000000000000000000071
S3150100C8C00000000000000000000000000000000061
S3150100C8D00000000000000000000000000000000051
S3150100C8E00000000000000000000000000000000041
S3150100C8F00000000000000000000000000000000031
S3150100C9000000000000000000000000000000000020
S3150100C9100000000000000000000000000000000010
S3150100C9200000000000000000000000000000000000
S3150100C93000000000000000000000000000000000F0
S3150100C94000000000000000000000000000000000E0
S3150100C95000000000000000000000000000000000D0
S3150100C96000000000000000000000000000000000C0
S3150100C97000000000000000000000000000000000B0
S3150100C98000000000000000000000000000000000A0
S3150100C9900000000000000000000000000000000090
S3150100C9A00000000000000000000000000000000080
S3150100C9B00000000000000000000000000000000070
S3150100C9C00000000000000000000000000000000060
S3150100C9D00000000000000000000000000000000050
S3150100C9E00000000000000000000000000000000040
S3150100C9F00000000000000000000000000000000030
S3150100CA00000000000000000000000000000000001F
S3150100CA10000000000000000000000000000000000F
S3150100CA2000000000000000000000000000000000FF
S3150100CA3000000000000000000000000000000000EF
S3150100CA4000000000000000000000000000000000DF
S3150100CA5000000000000000000000000000000000CF
S3150100CA6000000000000000000000000000000000BF
S3150100CA7000000000000000000000000000000000AF
S3150100CA80000000000000000000000000000000009F
S3150100CA90000000000000000000000000000000008F
S3150100CAA0000000000000000000000000000000007F
S3150100CAB0000000000000000000000000000000006F
S3150100CAC0000000000000000000000000000000005F
S3150100CAD0000000000000000000000000000000004F
S3150100CAE0000000000000000000000000000000003F
S3150100CAF0000000000000000000000000000000002F
S3150100CB00000000000000000000000000000000001E
S3150100CB10000000000000000000000000000000000E
S3150100CB2000000000000000000000000000000000FE
S3150100CB3000000000000000000000000000000000EE
S3150100CB4000000000000000000000000000000000DE
S3150100CB5000000000000000000000000000000000CE
S3150100CB6000000000000000000000000000000000BE
S3150100CB7000000000000000000000000000000000AE
S3150100CB80000000000000000000000000000000009E
S3150100CB90000000000000000000000000000000008E
S3150100CBA0000000000000000000000000000000007E
S3150100CBB0000000000000000000000000000000006E
S3150100CBC0000000000000000000000000000000005E
S3150100CBD0000000000000000000000000000000004E
S3150100CBE0000000000000000000000000000000003E
S3150100CBF0000000000000000000000000000000002E
S3150100CC00000000000000000000000000000000001D
S3150100CC10000000000000000000000000000000000D
S3150100CC2000000000000000000000000000000000FD
S3150100CC3000000000000000000000000000000000ED
S3150100CC4000000000000000000000000000000000DD
S3150100CC5000000000000000000000000000000000CD
S3150100CC6000000000000000000000000000000000BD
S3150100CC7000000000000000000000000000000000AD
S3150100CC80000000000000000000000000000000009D
S3150100CC90000000000000000000000000000000008D
S3150100CCA0000000000000000000000000000000007D
S3150100CCB0000000000000000000000000000000006D
S3150100CCC0000000000000000000000000000000005D
S3150100CCD0000000000000000000000000000000004D
S3150100CCE0000000000000000000000000000000003D
S3150100CCF0000000000000000000000000000000002D
S3150100CD00000000000000000000000000000000001C
S3150100CD10000000000000000000000000000000000C
S3150100CD2000000000000000000000000000000000FC
S3150100CD3000000000000000000000000000000000EC
S3150100CD4000000000000000000000000000000000DC
S3150100CD5000000000000000000000000000000000CC
S3150100CD6000000000000000000000000000000000BC
S3150100CD7000000000000000000000000000000000AC
S3150100CD80000000000000000000000000000000009C
S3150100CD90000000000000000000000000000000008C
S3150100CDA0000000000000000000000000000000007C
S3150100CDB0000000000000000000000000000000006C
S3150100CDC0000000000000000000000000000000005C
S3150100CDD0000000000000000000000000000000004C
S3150100CDE0000000000000000000000000000000003C
S3150100CDF0000000000000000000000000000000002C
S3150100CE00000000000000000000000000000000001B
S3150100CE10000000000000000000000000000000000B
S3150100CE2000000000000000000000000000000000FB
S3150100CE3000000000000000000000000000000000EB
S3150100CE4000000000000000000000000000000000DB
S3150100CE5000000000000000000000000000000000CB
S3150100CE6000000000000000000000000000000000BB
S3150100CE7000000000000000000000000000000000AB
S3150100CE80000000000000000000000000000000009B
S3150100CE90000000000000000000000000000000008B
S3150100CEA0000000000000000000000000000000007B
S3150100CEB0000000000000000000000000000000006B
S3150100CEC0000000000000000000000000000000005B
S3150100CED0000000000000000000000000000000004B
S3150100CEE0000000000000000000000000000000003B
S3150100CEF0000000000000000000000000000000002B
S3150100CF00000000000000000000000000000000001A
S3150100CF10000000000000000000000000000000000A
S3150100CF2000000000000000000000000000000000FA
S3150100CF3000000000000000000000000000000000EA
S3150100CF4000000000000000000000000000000000DA
S3150100CF5000000000000000000000000000000000CA
S3150100CF6000000000000000000000000000000000BA
S3150100CF7000000000000000000000000000000000AA
S3150100CF80000000000000000000000000000000009A
S3150100CF90000000000000000000000000000000008A
S3150100CFA0000000000000000000000000000000007A
S3150100CFB0000000000000000000000000000000006A
S3150100CFC0000000000000000000000000000000005A
S3150100CFD0000000000000000000000000000000004A
S3150100CFE0000000000000000000000000000000003A
S3150100CFF0000000000000000000000000000000002A
S3150100D0000000000000000000000000000000000019
S3150100D0100000000000000000000000000000000009
S3150100D02000000000000000000000000000000000F9
S3150100D03000000000000000000000000000000000E9
S3150100D04000000000000000000000000000000000D9
S3150100D05000000000000000000000000000000000C9
S3150100D06000000000000000000000000000000000B9
S3150100D07000000000000000000000000000000000A9
S3150100D0800000000000000000000000000000000099
S3150100D0900000000000000000000000000000000089
S3150100D0A00000000000000000000000000000000079
S3150100D0B00000000000000000000000000000000069
S3150100D0C00000000000000000000000000000000059
S3150100D0D00000000000000000000000000000000049
S3150100D0E00000000000000000000000000000000039
S3150100D0F00000000000000000000000000000000029
S3150100D1000000000000000000000000000000000018
S3150100D1100000000000000000000000000000000008
S3150100D12000000000000000000000000000000000F8
S3150100D13000000000000000000000000000000000E8
S3150100D14000000000000000000000000000000000D8
S3150100D15000000000000000000000000000000000C8
S3150100D16000000000000000000000000000000000B8
S3150100D17000000000000000000000000000000000A8
S3150100D1800000000000000000000000000000000098
S3150100D1900000000000000000000000000000000088
S3150100D1A00000000000000000000000000000000078
S3150100D1B00000000000000000000000000000000068
S3150100D1C00000000000000000000000000000000058
S3150100D1D00000000000000000000000000000000048
S3150100D1E00000000000000000000000000000000038
S3150100D1F00000000000000000000000000000000028
S3150100D2000000000000000000000000000000000017
S3150100D2100000000000000000000000000000000007
S3150100D22000000000000000000000000000000000F7
S3150100D23000000000000000000000000000000000E7
S3150100D24000000000000000000000000000000000D7
S3150100D25000000000000000000000000000000000C7
S3150100D26000000000000000000000000000000000B7
S3150100D27000000000000000000000000000000000A7
S3150100D2800000000000000000000000000000000097
S3150100D2900000000000000000000000000000000087
S3150100D2A00000000000000000000000000000000077
S3150100D2B00000000000000000000000000000000067
S3150100D2C00000000000000000000000000000000057
S3150100D2D00000000000000000000000000000000047
S3150100D2E00000000000000000000000000000000037
S3150100D2F00000000000000000000000000000000027
S3150100D3000000000000000000000000000000000016
S3150100D3100000000000000000000000000000000006
S3150100D32000000000000000000000000000000000F6
S3150100D33000000000000000000000000000000000E6
S3150100D34000000000000000000000000000000000D6
S3150100D35000000000000000000000000000000000C6
S3150100D36000000000000000000000000000000000B6
S3150100D37000000000000000000000000000000000A6
S3150100D3800000000000000000000000000000000096
S3150100D3900000000000000000000000000000000086
S3150100D3A00000000000000000000000000000000076
S3150100D3B00000000000000000000000000000000066
S3150100D3C00000000000000000000000000000000056
S3150100D3D00000000000000000000000000000000046
S3150100D3E00000000000000000000000000000000036
S3150100D3F00000000000000000000000000000000026
S3150100D4000000000000000000000000000000000015
S3150100D4100000000000000000000000000000000005
S3150100D42000000000000000000000000000000000F5
S3150100D43000000000000000000000000000000000E5
S3150100D44000000000000000000000000000000000D5
S3150100D45000000000000000000000000000000000C5
S3150100D46000000000000000000000000000000000B5
S3150100D47000000000000000000000000000000000A5
S3150100D4800000000000000000000000000000000095
S3150100D4900000000000000000000000000000000085
S3150100D4A00000000000000000000000000000000075
S3150100D4B00000000000000000000000000000000065
S3150100D4C00000000000000000000000000000000055
S3150100D4D00000000000000000000000000000000045
S3150100D4E00000000000000000000000000000000035
S3150100D4F00000000000000000000000000000000025
S3150100D5000000000000000000000000000000000014
S3150100D5100000000000000000000000000000000004
S3150100D52000000000000000000000000000000000F4
S3150100D53000000000000000000000000000000000E4
S3150100D54000000000000000000000000000000000D4
S3150100D55000000000000000000000000000000000C4
S3150100D56000000000000000000000000000000000B4
S3150100D57000000000000000000000000000000000A4
S3150100D5800000000000000000000000000000000094
S3150100D5900000000000000000000000000000000084
S3150100D5A00000000000000000000000000000000074
S3150100D5B00000000000000000000000000000000064
S3150100D5C00000000000000000000000000000000054
S3150100D5D00000000000000000000000000000000044
S3150100D5E00000000000000000000000000000000034
S3150100D5F00000000000000000000000000000000024
S3150100D6000000000000000000000000000000000013
S3150100D6100000000000000000000000000000000003
S3150100D62000000000000000000000000000000000F3
S3150100D63000000000000000000000000000000000E3
S3150100D64000000000000000000000000000000000D3
S3150100D65000000000000000000000000000000000C3
S3150100D66000000000000000000000000000000000B3
S3150100D67000000000000000000000000000000000A3
S3150100D6800000000000000000000000000000000093
S3150100D6900000000000000000000000000000000083
S3150100D6A00000000000000000000000000000000073
S3150100D6B00000000000000000000000000000000063
S3150100D6C00000000000000000000000000000000053
S3150100D6D00000000000000000000000000000000043
S3150100D6E00000000000000000000000000000000033
S3150100D6F00000000000000000000000000000000023
S3150100D7000000000000000000000000000000000012
S3150100D7100000000000000000000000000000000002
S3150100D72000000000000000000000000000000000F2
S3150100D73000000000000000000000000000000000E2
S3150100D74000000000000000000000000000000000D2
S3150100D75000000000000000000000000000000000C2
S3150100D76000000000000000000000000000000000B2
S3150100D77000000000000000000000000000000000A2
S3150100D7800000000000000000000000000000000092
S3150100D7900000000000000000000000000000000082
S3150100D7A00000000000000000000000000000000072
S3150100D7B00000000000000000000000000000000062
S3150100D7C00000000000000000000000000000000052
S3150100D7D00000000000000000000000000000000042
S3150100D7E00000000000000000000000000000000032
S3150100D7F00000000000000000000000000000000022
S3150100D8000000000000000000000000000000000011
S3150100D8100000000000000000000000000000000001
S3150100D82000000000000000000000000000000000F1
S3150100D83000000000000000000000000000000000E1
S3150100D84000000000000000000000000000000000D1
S3150100D85000000000000000000000000000000000C1
S3150100D86000000000000000000000000000000000B1
S3150100D87000000000000000000000000000000000A1
S3150100D8800000000000000000000000000000000091
S3150100D8900000000000000000000000000000000081
S3150100D8A00000000000000000000000000000000071
S3150100D8B00000000000000000000000000000000061
S3150100D8C00000000000000000000000000000000051
S3150100D8D00000000000000000000000000000000041
S3150100D8E00000000000000000000000000000000031
S3150100D8F00000000000000000000000000000000021
S3150100D9000000000000000000000000000000000010
S3150100D9100000000000000000000000000000000000
S3150100D92000000000000000000000000000000000F0
S3150100D93000000000000000000000000000000000E0
S3150100D94000000000000000000000000000000000D0
S3150100D95000000000000000000000000000000000C0
S3150100D96000000000000000000000000000000000B0
S3150100D97000000000000000000000000000000000A0
S3150100D9800000000000000000000000000000000090
S3150100D9900000000000000000000000000000000080
S3150100D9A00000000000000000000000000000000070
S3150100D9B00000000000000000000000000000000060
S3150100D9C00000000000000000000000000000000050
S3150100D9D00000000000000000000000000000000040
S3150100D9E00000000000000000000000000000000030
S3150100D9F00000000000000000000000000000000020
S3150100DA00000000000000000000000000000000000F
S3150100DA1000000000000000000000000000000000FF
S3150100DA2000000000000000000000000000000000EF
S3150100DA3000000000000000000000000000000000DF
S3150100DA4000000000000000000000000000000000CF
S3150100DA5000000000000000000000000000000000BF
S3150100DA6000000000000000000000000000000000AF
S3150100DA70000000000000000000000000000000009F
S3150100DA80000000000000000000000000000000008F
S3150100DA90000000000000000000000000000000007F
S3150100DAA0000000000000000000000000000000006F
S3150100DAB0000000000000000000000000000000005F
S3150100DAC0000000000000000000000000000000004F
S3150100DAD0000000000000000000000000000000003F
S3150100DAE0000000000000000000000000000000002F
S3150100DAF0000000000000000000000000000000001F
S3150100DB00000000000000000000000000000000000E
S3150100DB1000000000000000000000000000000000FE
S3150100DB2000000000000000000000000000000000EE
S3150100DB3000000000000000000000000000000000DE
S3150100DB4000000000000000000000000000000000CE
S3150100DB5000000000000000000000000000000000BE
S3150100DB6000000000000000000000000000000000AE
S3150100DB70000000000000000000000000000000009E
S3150100DB80000000000000000000000000000000008E
S3150100DB90000000000000000000000000000000007E
S3150100DBA0000000000000000000000000000000006E
S3150100DBB0000000000000000000000000000000005E
S3150100DBC0000000000000000000000000000000004E
S3150100DBD0000000000000000000000000000000003E
S3150100DBE0000000000000000000000000000000002E
S3150100DBF0000000000000000000000000000000001E
S3150100DC00000000000000000000000000000000000D
S3150100DC1000000000000000000000000000000000FD
S3150100DC2000000000000000000000000000000000ED
S3150100DC3000000000000000000000000000000000DD
S3150100DC4000000000000000000000000000000000CD
S3150100DC5000000000000000000000000000000000BD
S3150100DC6000000000000000000000000000000000AD
S3150100DC70000000000000000000000000000000009D
S3150100DC80000000000000000000000000000000008D
S3150100DC90000000000000000000000000000000007D
S3150100DCA0000000000000000000000000000000006D
S3150100DCB0000000000000000000000000000000005D
S3150100DCC0000000000000000000000000000000004D
S3150100DCD0000000000000000000000000000000003D
S3150100DCE0000000000000000000000000000000002D
S3150100DCF0000000000000000000000000000000001D
S3150100DD00000000000000000000000000000000000C
S3150100DD1000000000000000000000000000000000FC
S3150100DD2000000000000000000000000000000000EC
S3150100DD3000000000000000000000000000000000DC
S3150100DD4000000000000000000000000000000000CC
S3150100DD5000000000000000000000000000000000BC
S3150100DD6000000000000000000000000000000000AC
S3150100DD70000000000000000000000000000000009C
S3150100DD80000000000000000000000000000000008C
S3150100DD90000000000000000000000000000000007C
S3150100DDA0000000000000000000000000000000006C
S3150100DDB0000000000000000000000000000000005C
S3150100DDC0000000000000000000000000000000004C
S3150100DDD0000000000000000000000000000000003C
S3150100DDE0000000000000000000000000000000002C
S3150100DDF0000000000000000000000000000000001C
S3150100DE00000000000000000000000000000000000B
S3150100DE1000000000000000000000000000000000FB
S3150100DE2000000000000000000000000000000000EB
S3150100DE3000000000000000000000000000000000DB
S3150100DE4000000000000000000000000000000000CB
S3150100DE5000000000000000000000000000000000BB
S3150100DE6000000000000000000000000000000000AB
S3150100DE70000000000000000000000000000000009B
S3150100DE80000000000000000000000000000000008B
S3150100DE90000000000000000000000000000000007B
S3150100DEA0000000000000000000000000000000006B
S3150100DEB0000000000000000000000000000000005B
S3150100DEC0000000000000000000000000000000004B
S3150100DED0000000000000000000000000000000003B
S3150100DEE0000000000000000000000000000000002B
S3150100DEF0000000000000000000000000000000001B
S3150100DF00000000000000000000000000000000000A
S3150100DF1000000000000000000000000000000000FA
S3150100DF2000000000000000000000000000000000EA
S3150100DF3000000000000000000000000000000000DA
S3150100DF4000000000000000000000000000000000CA
S3150100DF5000000000000000000000000000000000BA
S3150100DF6000000000000000000000000000000000AA
S3150100DF70000000000000000000000000000000009A
S3150100DF80000000000000000000000000000000008A
S3150100DF90000000000000000000000000000000007A
S3150100DFA0000000000000000000000000000000006A
S3150100DFB0000000000000000000000000000000005A
S3150100DFC0000000000000000000000000000000004A
S3150100DFD0000000000000000000000000000000003A
S3150100DFE0000000000000000000000000000000002A
S3150100DFF0000000000000000000000000000000001A
S3150100E0000000000000000000000000000000000009
S3150100E01000000000000000000000000000000000F9
S3150100E02000000000000000000000000000000000E9
S3150100E03000000000000000000000000000000000D9
S3150100E04000000000000000000000000000000000C9
S3150100E05000000000000000000000000000000000B9
S3150100E06000000000000000000000000000000000A9
S3150100E0700000000000000000000000000000000099
S3150100E0800000000000000000000000000000000089
S3150100E0900000000000000000000000000000000079
S3150100E0A00000000000000000000000000000000069
S3150100E0B00000000000000000000000000000000059
S3150100E0C00000000000000000000000000000000049
S3150100E0D00000000000000000000000000000000039
S3150100E0E00000000000000000000000000000000029
S3150100E0F00000000000000000000000000000000019
S3150100E1000000000000000000000000000000000008
S3150100E11000000000000000000000000000000000F8
S3150100E12000000000000000000000000000000000E8
S3150100E13000000000000000000000000000000000D8
S3150100E14000000000000000000000000000000000C8
S3150100E15000000000000000000000000000000000B8
S3150100E16000000000000000000000000000000000A8
S3150100E1700000000000000000000000000000000098
S3150100E1800000000000000000000000000000000088
S3150100E1900000000000000000000000000000000078
S3150100E1A00000000000000000000000000000000068
S3150100E1B00000000000000000000000000000000058
S3150100E1C00000000000000000000000000000000048
S3150100E1D00000000000000000000000000000000038
S3150100E1E00000000000000000000000000000000028
S3150100E1F00000000000000000000000000000000018
S3150100E2000000000000000000000000000000000007
S3150100E21000000000000000000000000000000000F7
S3150100E22000000000000000000000000000000000E7
S3150100E23000000000000000000000000000000000D7
S3150100E24000000000000000000000000000000000C7
S3150100E25000000000000000000000000000000000B7
S3150100E26000000000000000000000000000000000A7
S3150100E2700000000000000000000000000000000097
S3150100E2800000000000000000000000000000000087
S3150100E2900000000000000000000000000000000077
S3150100E2A00000000000000000000000000000000067
S3150100E2B00000000000000000000000000000000057
S3150100E2C00000000000000000000000000000000047
S3150100E2D00000000000000000000000000000000037
S3150100E2E00000000000000000000000000000000027
S3150100E2F00000000000000000000000000000000017
S3150100E3000000000000000000000000000000000006
S3150100E31000000000000000000000000000000000F6
S3150100E32000000000000000000000000000000000E6
S3150100E33000000000000000000000000000000000D6
S3150100E34000000000000000000000000000000000C6
S3150100E35000000000000000000000000000000000B6
S3150100E36000000000000000000000000000000000A6
S3150100E3700000000000000000000000000000000096
S3150100E3800000000000000000000000000000000086
S3150100E3900000000000000000000000000000000076
S3150100E3A00000000000000000000000000000000066
S3150100E3B00000000000000000000000000000000056
S3150100E3C00000000000000000000000000000000046
S3150100E3D00000000000000000000000000000000036
S3150100E3E00000000000000000000000000000000026
S3150100E3F00000000000000000000000000000000016
S3150100E4000000000000000000000000000000000005
S3150100E41000000000000000000000000000000000F5
S3150100E42000000000000000000000000000000000E5
S3150100E43000000000000000000000000000000000D5
S3150100E44000000000000000000000000000000000C5
S3150100E45000000000000000000000000000000000B5
S3150100E46000000000000000000000000000000000A5
S3150100E4700000000000000000000000000000000095
S3150100E4800000000000000000000000000000000085
S3150100E4900000000000000000000000000000000075
S3150100E4A00000000000000000000000000000000065
S3150100E4B00000000000000000000000000000000055
S3150100E4C00000000000000000000000000000000045
S3150100E4D00000000000000000000000000000000035
S3150100E4E00000000000000000000000000000000025
S3150100E4F00000000000000000000000000000000015
S3150100E5000000000000000000000000000000000004
S3150100E51000000000000000000000000000000000F4
S3150100E52000000000000000000000000000000000E4
S3150100E53000000000000000000000000000000000D4
S3150100E54000000000000000000000000000000000C4
S3150100E55000000000000000000000000000000000B4
S3150100E56000000000000000000000000000000000A4
S3150100E5700000000000000000000000000000000094
S3150100E5800000000000000000000000000000000084
S3150100E5900000000000000000000000000000000074
S3150100E5A00000000000000000000000000000000064
S3150100E5B00000000000000000000000000000000054
S3150100E5C00000000000000000000000000000000044
S3150100E5D00000000000000000000000000000000034
S3150100E5E00000000000000000000000000000000024
S3150100E5F00000000000000000000000000000000014
S3150100E6000000000000000000000000000000000003
S3150100E61000000000000000000000000000000000F3
S3150100E62000000000000000000000000000000000E3
S3150100E63000000000000000000000000000000000D3
S3150100E64000000000000000000000000000000000C3
S3150100E65000000000000000000000000000000000B3
S3150100E66000000000000000000000000000000000A3
S3150100E6700000000000000000000000000000000093
S3150100E6800000000000000000000000000000000083
S3150100E6900000000000000000000000000000000073
S3150100E6A00000000000000000000000000000000063
S3150100E6B00000000000000000000000000000000053
S3150100E6C00000000000000000000000000000000043
S3150100E6D00000000000000000000000000000000033
S3150100E6E00000000000000000000000000000000023
S3150100E6F00000000000000000000000000000000013
S3150100E7000000000000000000000000000000000002
S3150100E71000000000000000000000000000000000F2
S3150100E72000000000000000000000000000000000E2
S3150100E73000000000000000000000000000000000D2
S3150100E74000000000000000000000000000000000C2
S3150100E75000000000000000000000000000000000B2
S3150100E76000000000000000000000000000000000A2
S3150100E7700000000000000000000000000000000092
S3150100E7800000000000000000000000000000000082
S3150100E7900000000000000000000000000000000072
S3150100E7A00000000000000000000000000000000062
S3150100E7B00000000000000000000000000000000052
S3150100E7C00000000000000000000000000000000042
S3150100E7D00000000000000000000000000000000032
S3150100E7E00000000000000000000000000000000022
S3150100E7F00000000000000000000000000000000012
S3150100E8000000000000000000000000000000000001
S3150100E81000000000000000000000000000000000F1
S3150100E82000000000000000000000000000000000E1
S3150100E83000000000000000000000000000000000D1
S3150100E84000000000000000000000000000000000C1
S3150100E85000000000000000000000000000000000B1
S3150100E86000000000000000000000000000000000A1
S3150100E8700000000000000000000000000000000091
S3150100E8800000000000000000000000000000000081
S3150100E8900000000000000000000000000000000071
S3150100E8A00000000000000000000000000000000061
S3150100E8B00000000000000000000000000000000051
S3150100E8C00000000000000000000000000000000041
S3150100E8D00000000000000000000000000000000031
S3150100E8E00000000000000000000000000000000021
S3150100E8F00000000000000000000000000000000011
S3150100E9000000000000000000000000000000000000
S3150100E91000000000000000000000000000000000F0
S3150100E92000000000000000000000000000000000E0
S3150100E93000000000000000000000000000000000D0
S3150100E94000000000000000000000000000000000C0
S3150100E95000000000000000000000000000000000B0
S3150100E96000000000000000000000000000000000A0
S3150100E9700000000000000000000000000000000090
S3150100E9800000000000000000000000000000000080
S3150100E9900000000000000000000000000000000070
S3150100E9A00000000000000000000000000000000060
S3150100E9B00000000000000000000000000000000050
S3150100E9C00000000000000000000000000000000040
S3150100E9D00000000000000000000000000000000030
S3150100E9E00000000000000000000000000000000020
S3150100E9F00000000000000000000000000000000010
S3150100EA0000000000000000000000000000000000FF
S3150100EA1000000000000000000000000000000000EF
S3150100EA2000000000000000000000000000000000DF
S3150100EA3000000000000000000000000000000000CF
S3150100EA4000000000000000000000000000000000BF
S3150100EA5000000000000000000000000000000000AF
S3150100EA60000000000000000000000000000000009F
S3150100EA70000000000000000000000000000000008F
S3150100EA80000000000000000000000000000000007F
S3150100EA90000000000000000000000000000000006F
S3150100EAA0000000000000000000000000000000005F
S3150100EAB0000000000000000000000000000000004F
S3150100EAC0000000000000000000000000000000003F
S3150100EAD0000000000000000000000000000000002F
S3150100EAE0000000000000000000000000000000001F
S3150100EAF0000000000000000000000000000000000F
S3150100EB0000000000000000000000000000000000FE
S3150100EB1000000000000000000000000000000000EE
S3150100EB2000000000000000000000000000000000DE
S3150100EB3000000000000000000000000000000000CE
S3150100EB4000000000000000000000000000000000BE
S3150100EB5000000000000000000000000000000000AE
S3150100EB60000000000000000000000000000000009E
S3150100EB70000000000000000000000000000000008E
S3150100EB80000000000000000000000000000000007E
S3150100EB90000000000000000000000000000000006E
S3150100EBA0000000000000000000000000000000005E
S3150100EBB0000000000000000000000000000000004E
S3150100EBC0000000000000000000000000000000003E
S3150100EBD0000000000000000000000000000000002E
S3150100EBE0000000000000000000000000000000001E
S3150100EBF0000000000000000000000000000000000E
S3150100EC0000000000000000000000000000000000FD
S3150100EC1000000000000000000000000000000000ED
S3150100EC2000000000000000000000000000000000DD
S3150100EC3000000000000000000000000000000000CD
S3150100EC4000000000000000000000000000000000BD
S3150100EC5000000000000000000000000000000000AD
S3150100EC60000000000000000000000000000000009D
S3150100EC70000000000000000000000000000000008D
S3150100EC80000000000000000000000000000000007D
S3150100EC90000000000000000000000000000000006D
S3150100ECA0000000000000000000000000000000005D
S3150100ECB0000000000000000000000000000000004D
S3150100ECC0000000000000000000000000000000003D
S3150100ECD0000000000000000000000000000000002D
S3150100ECE0000000000000000000000000000000001D
S3150100ECF0000000000000000000000000000000000D
S3150100ED0000000000000000000000000000000000FC
S3150100ED1000000000000000000000000000000000EC
S3150100ED2000000000000000000000000000000000DC
S3150100ED3000000000000000000000000000000000CC
S3150100ED4000000000000000000000000000000000BC
S3150100ED5000000000000000000000000000000000AC
S3150100ED60000000000000000000000000000000009C
S3150100ED70000000000000000000000000000000008C
S3150100ED80000000000000000000000000000000007C
S3150100ED90000000000000000000000000000000006C
S3150100EDA0000000000000000000000000000000005C
S3150100EDB0000000000000000000000000000000004C
S3150100EDC0000000000000000000000000000000003C
S3150100EDD0000000000000000000000000000000002C
S3150100EDE0000000000000000000000000000000001C
S3150100EDF0000000000000000000000000000000000C
S3150100EE0000000000000000000000000000000000FB
S3150100EE1000000000000000000000000000000000EB
S3150100EE2000000000000000000000000000000000DB
S3150100EE3000000000000000000000000000000000CB
S3150100EE4000000000000000000000000000000000BB
S3150100EE5000000000000000000000000000000000AB
S3150100EE60000000000000000000000000000000009B
S3150100EE70000000000000000000000000000000008B
S3150100EE80000000000000000000000000000000007B
S3150100EE90000000000000000000000000000000006B
S3150100EEA0000000000000000000000000000000005B
S3150100EEB0000000000000000000000000000000004B
S3150100EEC0000000000000000000000000000000003B
S3150100EED0000000000000000000000000000000002B
S3150100EEE0000000000000000000000000000000001B
S3150100EEF0000000000000000000000000000000000B
S3150100EF0000000000000000000000000000000000FA
S3150100EF1000000000000000000000000000000000EA
S3150100EF2000000000000000000000000000000000DA
S3150100EF3000000000000000000000000000000000CA
S3150100EF4000000000000000000000000000000000BA
S3150100EF5000000000000000000000000000000000AA
S3150100EF60000000000000000000000000000000009A
S3150100EF70000000000000000000000000000000008A
S3150100EF80000000000000000000000000000000007A
S3150100EF90000000000000000000000000000000006A
S3150100EFA0000000000000000000000000000000005A
S3150100EFB0000000000000000000000000000000004A
S3150100EFC0000000000000000000000000000000003A
S3150100EFD0000000000000000000000000000000002A
S3150100EFE0000000000000000000000000000000001A
S3150100EFF0000000000000000000000000000000000A
S3150100F00000000000000000000000000000000000F9
S3150100F01000000000000000000000000000000000E9
S3150100F02000000000000000000000000000000000D9
S3150100F03000000000000000000000000000000000C9
S3150100F04000000000000000000000000000000000B9
S3150100F05000000000000000000000000000000000A9
S3150100F0600000000000000000000000000000000099
S3150100F0700000000000000000000000000000000089
S3150100F0800000000000000000000000000000000079
S3150100F0900000000000000000000000000000000069
S3150100F0A00000000000000000000000000000000059
S3150100F0B00000000000000000000000000000000049
S3150100F0C00000000000000000000000000000000039
S3150100F0D00000000000000000000000000000000029
S3150100F0E00000000000000000000000000000000019
S3150100F0F00000000000000000000000000000000009
S3150100F10000000000000000000000000000000000F8
S3150100F11000000000000000000000000000000000E8
S3150100F12000000000000000000000000000000000D8
S3150100F13000000000000000000000000000000000C8
S3150100F14000000000000000000000000000000000B8
S3150100F15000000000000000000000000000000000A8
S3150100F1600000000000000000000000000000000098
S3150100F1700000000000000000000000000000000088
S3150100F1800000000000000000000000000000000078
S3150100F1900000000000000000000000000000000068
S3150100F1A00000000000000000000000000000000058
S3150100F1B00000000000000000000000000000000048
S3150100F1C00000000000000000000000000000000038
S3150100F1D00000000000000000000000000000000028
S3150100F1E00000000000000000000000000000000018
S3150100F1F00000000000000000000000000000000008
S3150100F20000000000000000000000000000000000F7
S3150100F21000000000000000000000000000000000E7
S3150100F22000000000000000000000000000000000D7
S3150100F23000000000000000000000000000000000C7
S3150100F24000000000000000000000000000000000B7
S3150100F25000000000000000000000000000000000A7
S3150100F2600000000000000000000000000000000097
S3150100F2700000000000000000000000000000000087
S3150100F2800000000000000000000000000000000077
S3150100F2900000000000000000000000000000000067
S3150100F2A00000000000000000000000000000000057
S3150100F2B00000000000000000000000000000000047
S3150100F2C00000000000000000000000000000000037
S3150100F2D00000000000000000000000000000000027
S3150100F2E00000000000000000000000000000000017
S3150100F2F00000000000000000000000000000000007
S3150100F30000000000000000000000000000000000F6
S3150100F31000000000000000000000000000000000E6
S3150100F32000000000000000000000000000000000D6
S3150100F33000000000000000000000000000000000C6
S3150100F34000000000000000000000000000000000B6
S3150100F35000000000000000000000000000000000A6
S3150100F3600000000000000000000000000000000096
S3150100F3700000000000000000000000000000000086
S3150100F3800000000000000000000000000000000076
S3150100F3900000000000000000000000000000000066
S3150100F3A00000000000000000000000000000000056
S3150100F3B00000000000000000000000000000000046
S3150100F3C00000000000000000000000000000000036
S3150100F3D00000000000000000000000000000000026
S3150100F3E00000000000000000000000000000000016
S3150100F3F00000000000000000000000000000000006
S3150100F40000000000000000000000000000000000F5
S3150100F41000000000000000000000000000000000E5
S3150100F42000000000000000000000000000000000D5
S3150100F43000000000000000000000000000000000C5
S3150100F44000000000000000000000000000000000B5
S3150100F45000000000000000000000000000000000A5
S3150100F4600000000000000000000000000000000095
S3150100F4700000000000000000000000000000000085
S3150100F4800000000000000000000000000000000075
S3150100F4900000000000000000000000000000000065
S3150100F4A00000000000000000000000000000000055
S3150100F4B00000000000000000000000000000000045
S3150100F4C00000000000000000000000000000000035
S3150100F4D00000000000000000000000000000000025
S3150100F4E00000000000000000000000000000000015
S3150100F4F00000000000000000000000000000000005
S3150100F50000000000000000000000000000000000F4
S3150100F51000000000000000000000000000000000E4
S3150100F52000000000000000000000000000000000D4
S3150100F53000000000000000000000000000000000C4
S3150100F54000000000000000000000000000000000B4
S3150100F55000000000000000000000000000000000A4
S3150100F5600000000000000000000000000000000094
S3150100F5700000000000000000000000000000000084
S3150100F5800000000000000000000000000000000074
S3150100F5900000000000000000000000000000000064
S3150100F5A00000000000000000000000000000000054
S3150100F5B00000000000000000000000000000000044
S3150100F5C00000000000000000000000000000000034
S3150100F5D00000000000000000000000000000000024
S3150100F5E00000000000000000000000000000000014
S3150100F5F00000000000000000000000000000000004
S3150100F60000000000000000000000000000000000F3
S3150100F61000000000000000000000000000000000E3
S3150100F62000000000000000000000000000000000D3
S3150100F63000000000000000000000000000000000C3
S3150100F64000000000000000000000000000000000B3
S3150100F65000000000000000000000000000000000A3
S3150100F6600000000000000000000000000000000093
S3150100F6700000000000000000000000000000000083
S3150100F6800000000000000000000000000000000073
S3150100F6900000000000000000000000000000000063
S3150100F6A00000000000000000000000000000000053
S3150100F6B00000000000000000000000000000000043
S3150100F6C00000000000000000000000000000000033
S3150100F6D00000000000000000000000000000000023
S3150100F6E00000000000000000000000000000000013
S3150100F6F00000000000000000000000000000000003
S3150100F70000000000000000000000000000000000F2
S3150100F71000000000000000000000000000000000E2
S3150100F72000000000000000000000000000000000D2
S3150100F73000000000000000000000000000000000C2
S3150100F74000000000000000000000000000000000B2
S3150100F75000000000000000000000000000000000A2
S3150100F7600000000000000000000000000000000092
S3150100F7700000000000000000000000000000000082
S3150100F7800000000000000000000000000000000072
S3150100F7900000000000000000000000000000000062
S3150100F7A00000000000000000000000000000000052
S3150100F7B00000000000000000000000000000000042
S3150100F7C00000000000000000000000000000000032
S3150100F7D00000000000000000000000000000000022
S3150100F7E00000000000000000000000000000000012
S3150100F7F00000000000000000000000000000000002
S3150100F80000000000000000000000000000000000F1
S3150100F81000000000000000000000000000000000E1
S3150100F82000000000000000000000000000000000D1
S3150100F83000000000000000000000000000000000C1
S3150100F84000000000000000000000000000000000B1
S3150100F85000000000000000000000000000000000A1
S3150100F8600000000000000000000000000000000091
S3150100F8700000000000000000000000000000000081
S3150100F8800000000000000000000000000000000071
S3150100F8900000000000000000000000000000000061
S3150100F8A00000000000000000000000000000000051
S3150100F8B00000000000000000000000000000000041
S3150100F8C00000000000000000000000000000000031
S3150100F8D00000000000000000000000000000000021
S3150100F8E00000000000000000000000000000000011
S3150100F8F00000000000000000000000000000000001
S3150100F90000000000000000000000000000000000F0
S3150100F91000000000000000000000000000000000E0
S3150100F92000000000000000000000000000000000D0
S3150100F93000000000000000000000000000000000C0
S3150100F94000000000000000000000000000000000B0
S3150100F95000000000000000000000000000000000A0
S3150100F9600000000000000000000000000000000090
S3150100F9700000000000000000000000000000000080
S3150100F9800000000000000000000000000000000070
S3150100F9900000000000000000000000000000000060
S3150100F9A00000000000000000000000000000000050
S3150100F9B00000000000000000000000000000000040
S3150100F9C00000000000000000000000000000000030
S3150100F9D00000000000000000000000000000000020
S3150100F9E00000000000000000000000000000000010
S3150100F9F00000000000000000000000000000000000
S3150100FA0000000000000000000000000000000000EF
S3150100FA1000000000000000000000000000000000DF
S3150100FA2000000000000000000000000000000000CF
S3150100FA3000000000000000000000000000000000BF
S3150100FA4000000000000000000000000000000000AF
S3150100FA50000000000000000000000000000000009F
S3150100FA60000000000000000000000000000000008F
S3150100FA70000000000000000000000000000000007F
S3150100FA80000000000000000000000000000000006F
S3150100FA90000000000000000000000000000000005F
S3150100FAA0000000000000000000000000000000004F
S3150100FAB0000000000000000000000000000000003F
S3150100FAC0000000000000000000000000000000002F
S3150100FAD0000000000000000000000000000000001F
S3150100FAE0000000000000000000000000000000000F
S3150100FAF000000000000000000000000000000000FF
S3150100FB0000000000000000000000000000000000EE
S3150100FB1000000000000000000000000000000000DE
S3150100FB2000000000000000000000000000000000CE
S3150100FB3000000000000000000000000000000000BE
S3150100FB4000000000000000000000000000000000AE
S3150100FB50000000000000000000000000000000009E
S3150100FB60000000000000000000000000000000008E
S3150100FB70000000000000000000000000000000007E
S3150100FB80000000000000000000000000000000006E
S3150100FB90000000000000000000000000000000005E
S3150100FBA0000000000000000000000000000000004E
S3150100FBB0000000000000000000000000000000003E
S3150100FBC0000000000000000000000000000000002E
S3150100FBD0000000000000000000000000000000001E
S3150100FBE0000000000000000000000000000000000E
S3150100FBF000000000000000000000000000000000FE
S3150100FC0000000000000000000000000000000000ED
S3150100FC1000000000000000000000000000000000DD
S3150100FC2000000000000000000000000000000000CD
S3150100FC3000000000000000000000000000000000BD
S3150100FC4000000000000000000000000000000000AD
S3150100FC50000000000000000000000000000000009D
S3150100FC60000000000000000000000000000000008D
S3150100FC70000000000000000000000000000000007D
S3150100FC80000000000000000000000000000000006D
S3150100FC90000000000000000000000000000000005D
S3150100FCA0000000000000000000000000000000004D
S3150100FCB0000000000000000000000000000000003D
S3150100FCC0000000000000000000000000000000002D
S3150100FCD0000000000000000000000000000000001D
S3150100FCE0000000000000000000000000000000000D
S3150100FCF000000000000000000000000000000000FD
S3150100FD0000000000000000000000000000000000EC
S3150100FD1000000000000000000000000000000000DC
S3150100FD2000000000000000000000000000000000CC
S3150100FD3000000000000000000000000000000000BC
S3150100FD4000000000000000000000000000000000AC
S3150100FD50000000000000000000000000000000009C
S3150100FD60000000000000000000000000000000008C
S3150100FD70000000000000000000000000000000007C
S3150100FD80000000000000000000000000000000006C
S3150100FD90000000000000000000000000000000005C
S3150100FDA0000000000000000000000000000000004C
S3150100FDB0000000000000000000000000000000003C
S3150100FDC0000000000000000000000000000000002C
S3150100FDD0000000000000000000000000000000001C
S3150100FDE0000000000000000000000000000000000C
S3150100FDF000000000000000000000000000000000FC
S3150100FE0000000000000000000000000000000000EB
S3150100FE1000000000000000000000000000000000DB
S3150100FE2000000000000000000000000000000000CB
S3150100FE3000000000000000000000000000000000BB
S3150100FE4000000000000000000000000000000000AB
S3150100FE50000000000000000000000000000000009B
S3150100FE60000000000000000000000000000000008B
S3150100FE70000000000000000000000000000000007B
S3150100FE80000000000000000000000000000000006B
S3150100FE90000000000000000000000000000000005B
S3150100FEA0000000000000000000000000000000004B
S3150100FEB0000000000000000000000000000000003B
S3150100FEC0000000000000000000000000000000002B
S3150100FED0000000000000000000000000000000001B
S3150100FEE0000000000000000000000000000000000B
S3150100FEF000000000000000000000000000000000FB
S3150100FF0000000000000000000000000000000000EA
S3150100FF1000000000000000000000000000000000DA
S3150100FF2000000000000000000000000000000000CA
S3150100FF3000000000000000000000000000000000BA
S3150100FF4000000000000000000000000000000000AA
S3150100FF50000000000000000000000000000000009A
S3150100FF60000000000000000000000000000000008A
S3150100FF70000000000000000000000000000000007A
S3150100FF80000000000000000000000000000000006A
S3150100FF90000000000000000000000000000000005A
S3150100FFA0000000000000000000000000000000004A
S3150100FFB0000000000000000000000000000000003A
S3150100FFC0000000000000000000000000000000002A
S3150100FFD0000000000000000000000000000000001A
S3150100FFE0000000000000000000000000000000000A
S3150100FFF000000000000000000000000000000000FA
S315010100004077002061DE0101B5120301B912030136
S315010100101BDA0101BD120301C51203011BDA01013C
S315010100201BDA01011BDA01011BDA0101A555800069
S31501010030C9120301B88B0301495580004D5F800048
S315010100401BDA0101999602011BDA01011BDA010191
S315010100501BDA01011BDA01011BDA01011BDA0101BC
S31501010060615E03011BDA01011BDA01011BDA0101E0
S315010100701BDA01011BDA0101D7720301E9138000C1
S315010100801BDA01011BDA01011BDA01011BDA01018C
S315010100901BDA01011BDA01011BDA01011BDA01017C
S315010100A01BDA01011BDA01011BDA01011BDA01016C
S315010100B01BDA01011BDA01011BDA01011DDB010159
S315010100C021DB010125DB010129DB01012DDB010118
S315010100D031DB010135DB010139DB01011BDA0101EB
S315010100E01BDA01011BDA010195DA010171DA01015C
S315010100F01BDA01011BDA01011BDA01012973030173
S3150101010025730301953780002D730301F55D030105
S31501010110317303011D5F03011BDA01011BDA0101C1
S315010101203F730301215E03011BDA01011BDA0101A0
S315010101301BDA01011BDA01011BDA01011BDA0101DB
S315010101401BDA01011BDA0101B12202011BDA0101EC
S315010101501BDA01011BDA01011BDA01011BDA0101BB
S315010101601BDA01011BDA0101654F80001BDA01016E
S315010101701BDA01011BDA01011BDA01011BDA01019B
S315010101801BDA01011BDA01011BDA01011BDA01018B
S315010101901BDA01011BDA01011BDA01011BDA01017B
S30D010101A01BDA01011BDA010161
S315010101A8014B5868704700BFC8E400200C4B1B6F10
S315010101B803F00703013B042B04D8DFE803F00F041E
S315010101C8070D0A00FEE7074B58687047054B986803
S315010101D87047044BD868704703487047034870470E
S315010101E800408040C8E4002080D54302002D31013A
S315010101F808B5FFF7DBFF054B1B6FC3F30333013368
S31501010208B0FBF3F0024B186108BD00BF0040804006
S31501010218C8E40020014B9868704700BFC8E4002074
S315010102284FF40022074B5A66074B9B6813F4E04FBC
S31501010238C3F3023204D0012A044818BF00207047CB
S31501010248034870470050804000001040005A62027E
S31501010258002D31010020704783884BB18268013B2B
S315010102680132826042888380013A428000207047C8
S3150101027801207047084617F0D99E104617F0D69EF9
S31501010288EFF31182302383F31188084B49B1D3F86F
S31501010298B4130843C3F8B40382F31188BFF36F8F0C
S315010102A87047D3F8B41321EA0000F3E7A8840020C4
S315010102B8EFF31182302383F31188064BD3F8B43354
S315010102C882F31188BFF36F8F034214BF0120002007
S315010102D8704700BFA884002008B5064BD3F88C03E4
S315010102E836F087DA012801D02FF01CD9BDE808407C
S315010102F82FF01199A884002008B518F0A7DA20B1C2
S31501010308BDE808400820FFF7D3BF08BD08B518F0B6
S315010103189DDA38B1044BD3F8C00318B103681878CC
S31501010328C0F3401008BD00BFA884002008B5FFF737
S31501010338EDFF00B9FEE7FFF7DFFF00B9FEE701218F
S315010103484FF48060FFF79CFF00210220FFF798FF19
S3150101035800214FF48030FFF793FF00210820FFF7B2
S315010103688FFF2FF0D8D80022014B83F8C42308BD8B
S31501010378A884002008B518F069DA50B1054BD3F8FD
S31501010388C00330B10368188800F00700C31E58423C
S31501010398584108BDA8840020014610B568B1174C1B
S315010103A800210420FFF76CFF94F8C43323B12FF021
S315010103B8B2D8002384F8C43310BD18F047DA0028EF
S315010103C8FAD01020FFF75CFFFFF7A0FF044628B11A
S315010103D801210820BDE81040FFF752BF2FF09BD835
S315010103E801214FF48070FFF74BFF21460220FFF7E9
S315010103F847FF21464FF48030ECE700BFA88400206F
S315010104082DE9F04F884CEDB0804616F095DDD4F80C
S315010104188C030AA936F07BDBBDF82A70022F40F25C
S3150101042808824CAD0AAE0FCE0FC53368272F2B6054
S315010104380AD92723BDF82C20ADF83231262A82BFE5
S31501010448ADF8343100234F93D4F88C034CAA2CA967
S3150101045836F064DB9DF83251002D00F0EA810DF189
S31501010468B1000C9B18901B78ADF864300DF231136D
S3150101047822932FF05FD800F44050B0F5005F40F0A9
S315010104885F829DF8380019F0E9D8074604A918A82A
S315010104982FF032D8002F00F05E8194F8845365B1AC
S315010104A89DF818504DB1022D40F04F81384604A9E7
S315010104B816F0D8DDC543C5F3C0359DF8183094F853
S315010104C881A6012B94F9829640F04D8118F04EDEF2
S315010104D8BDF810300668002E40F03F810026222221
S315010104E800210FA805F060F8002318988DF824302B
S315010104F88DF801308DF802302FF01CD800F44053E5
S31501010508B3F5005F40F09581820640F1928107A912
S3150101051818A82FF01AD8002840F08B819DF82430AD
S31501010528002B00F08681012BBDF81C2004D14FF662
S31501010538FF739A4200F07D810DF14A0118A819F05D
S31501010548C4DD002840F075819DF85290B9F1000F7C
S3150101055800F06F81189C20462FF01FD8002840F023
S31501010568568120462EF0E6DF824616F04CDE01461C
S31501010578504619F04CDA8346002900F0628120467B
S315010105882EF0DADFBBF1000F01D00230C0B2CAF397
S31501010598812ABAF1020F00F04F81BAF1030F00F077
S315010105A84E81FF2800F04581235AADF856300123C3
S315010105B88DF859309DF866302022002124A88DF83E
S315010105C88E3004F0F1FF194B9DF801200F939DF828
S315010105D802308DF85A208DF85B309DF84830012B91
S315010105E800F03681022B0CBF03240024B9F1010F57
S315010105F84FEA843400F02E81B9F1020F14BF44F495
S31501010608005444F43054003A18BF012244F002045C
S3150101061844EAC204002B40F020819DF85930002B91
S3150101062800F0288104E000BFA88400200200002010
S315010106389DF85D3002A8DB070DF2311302934FF4E1
S31501010648FE0348BF44F48074214603932EF023DF49
S31501010658E00503D4012102A816F032DD204619F07E
S31501010668D6D920B1BDF8561002A82EF014DF02A87A
S315010106780DF14A012EF01ADF204616F0C4DD20B12C
S31501010688BDF8541002A82EF006DF10A902A82EF013
S315010106980DDFBDF80C309DF85A40ADF88C30B4B178
S315010106A89DF85B3001221C430DF1030102A88DF867
S315010106B803402EF0E0DE204616F0DADD411E89B24E
S315010106C802A816F0FDDC204616F0BDDD0446BDF88C
S315010106D83C30032B09D19DF85C3001220DF1030150
S315010106E802A88DF803302EF0C6DEA11C89B202A834
S315010106F816F0E6DCBDF80C400DF23110ADF88C4070
S315010107082EF018DF002D00F0B88040F0100080B2FD
S315010107188DF83101000A8DF832010DF231102EF0F2
S3150101072809DF002E00F0AC8040F4007080B2DDF8DC
S3150101073860908DF83101000A8DF8320148462EF094
S31501010748F9DEC10540F19F80FEE73846BDF8101074
S3150101075816F02BDCAEE63D46AFE6F2889A4200F08A
S315010107683D813668B7E6022B7FF4B8AE18F0FEDC98
S315010107780668002E3FF4B2AE082204A9B01835F076
S31501010788B5DF002800F02A813668F2E78DF804A062
S3150101079823BB110720D40126002F3FF49FAEB4F8DD
S315010107A88436324623F4FF43A4F88436331D84F88C
S315010107B884369B2384F88636B82384F88736EA2358
S315010107C884F888360023924801A9063684F88936C1
S315010107D8F6B235F00FDF82E601230DE1012194F826
S315010107E88336A9EB03035BB2002B0EDBB9F17F0F4D
S315010107F808BF00238220C3EB0323B3FBF0F301A84F
S3150101080843540029C5D00226C6E70023F2E70DF1B4
S31501010818010118A819F06ED958B99DF80130052BAF
S3150101082807D10DF1020118A819F074D900283FF46E
S3150101083898AE6DB0BDE8F08F0230C0B2B1E60830AE
S31501010848FBE700283FF4B6AE20462EF075DEA8E692
S315010108580224CBE644F42054D5E6022B03D1B9F19F
S31501010868020F3FF4DAAEBDF85420BDF856309A426C
S315010108787FF4DEAE44F04004DAE620F0100046E7E4
S3150101088820F4007052E70DF231102EF053DEC20545
S3150101089800D5FEE799F8023048468DF833312EF036
S315010108A87CDE50B102A918A819F06DD90028C0D16A
S315010108B89DF8081022A819F07AD996B10DF23110CE
S315010108C82EF038DE830539D522A819F090D90DF213
S315010108D8311332464F491844264435F08BDEADF8BB
S315010108E88C600DF231102EF058DE28B1394622A856
S315010108F819F0FCD900289CD10AA8FFF7ADFC0028FC
S3150101090897D1DDE90C43BDF82C202298002A08BFAE
S315010109181C462EF042DE18B1237843F004032370F6
S315010109281DB1237863F07F032370BDF88C204046FF
S315010109384CA98DF8302136F0F9D97AE7FF20C6E7B7
S31501010948012D94F884331ED133B340464CA936F0B0
S31501010958EAD9A0B99DF8380018F080DE00283FF4DD
S3150101096868AF9DF83831032B2CD14CA916F07ADBE7
S315010109780028FFF65EAF404636F0D3D980B102288A
S315010109883FF457AFFEE7002BDFD19DF8B13003F0F5
S315010109980703012B3FF44DAF404636F0C2D9C8B91A
S315010109A80AA8FFF759FC00287FF443AFDDE90C32A9
S315010109B8BDF82C10002908BF13461A7862F07F0288
S315010109C81A7036E7022B7FF434AFBDF8301116F0F1
S315010109D8ECDACDE702283FF42CAFD3E73279900759
S315010109E8C2F38003C2F340013FF5D0AE002B7FF479
S315010109F8F6AE10077FF572AD822209F18209C9EBBC
S31501010A080929B9FBF2F901AA5E1C02F80390C3E6AA
S31501010A18328B00202C8B002038B50C4605461AF07E
S31501010A28CDDC0023844228BF01F1FF31064A1B1997
S31501010A3825B1C2F8D034C2F8D41438BDC2F8A034ED
S31501010A48C2F8A414F9E700BFA884002010B504462A
S31501010A5817F0FCDEB0B1B4F5007F4FF001010ED1FC
S31501010A682046FFF70DFC00211020FFF709FC0021A4
S31501010A780548FFF705FCBDE810402EF04C9D4FF4E3
S31501010A888050F2E710BD00BF0A00010038B54FF6E4
S31501010A98FE730025044643818381C38AC58003F019
S31501010AA8FE0343F4FE4343F00103C3820572C0F812
S31501010AB80E50C0F8125085612C3018F06DDB04F127
S31501010AC83C0018F069DB04F14C0018F065DBE565BB
S31501010AD8A4F8605004F16400BDE8384018F0729F2B
S31501010AE810B58379044603F0FB03032B24D18188CE
S31501010AF8C269C906036805D49179D86918F082D8FB
S31501010B0800B1FEE7A379E169042B1CBF0423A37194
S31501010B182368D8691AF072DC0D280BD1E269536989
S31501010B284BB100235361E26913612368E169D8690D
S31501010B381AF064DC00B1FEE710BDC2698379516917
S31501010B4809B912692AB1072B01D007238371FFF766
S31501010B58C7BF032BFBD00323F8E700002DE9F743B1
S31501010B6800F16407044638461E460D46904618F0BC
S31501010B7829DF4CF60103F340D80700D4FEE7B4F8A0
S31501010B88049019F0200F2AD028682EF006DD30B31B
S31501010B982B7FD90723D528460DF1020118F0BADFB3
S31501010BA800B1FEE79DF80230082B18D1284601A9A4
S31501010BB818F0C0DF00B1FEE728460DF1030118F070
S31501010BC8E2DF00B1FEE79DF8031094F86020019B6E
S31501010BD8914204D1E26D934224BF0133E3650023B7
S31501010BE8E371002E4AD019F0040F47D1237A6A7EA0
S31501010BF89A4243D9013323722B7F0E2E43F0020306
S31501010C082B7735D1A37994F86110062B1CBF0623DE
S31501010C18A37118F006DE4FF0FF338B4020EA030576
S31501010C284FF4A0735D43A37DDA070AD5E269236808
S31501010C389179D86917F0E6DF16F07ED9002D03DA26
S31501010C48FEE72EF04DDCF7E70544606E3946194A91
S31501010C58E566103018F06FDE94F861300133DBB2C6
S31501010C68052B28BF052384F8613003B0BDE8F0835D
S31501010C78204603B0BDE8F043FFF75FBFA379022B16
S31501010C881CBF0223A371A97EAB798B4206D0A37D32
S31501010C98DB0703D52368D86917F0B4DF246AE76C43
S31501010CA8002FE2D0334642462946206CB847002335
S31501010CB8E364DAE7A483030170B5436A04460D4682
S31501010CC81BB111B9826A0F489847A38899060ED5AF
S31501010CD80C4BDA7D92070AD5197D94F86020914269
S31501010CE805D11B69E26D934224BF0133E365206A8D
S31501010CF8836C33B12DB92A46BDE870400149006CB0
S31501010D08184770BD4089002038B50446643018F08B
S31501010D1859DE2EF0E5DB054630B90120FFF7C8FAA1
S31501010D2810B1A37903B1A57138BD000070B50D469F
S31501010D38EFF31186302383F311881D2800F23B81D5
S31501010D48DFE810F01E002700390131003B0046009B
S31501010D5813015C00670039018100D100850091000A
S31501010D68390139019500A6003901AA003901AE00F8
S31501010D7839012901E4003901F100C20039012201D1
S31501010D88FFF714FA2860002086F31188BFF36F8FE5
S31501010D9870BDFFF72DFAF5E74FF47A70F2E7884847
S31501010DA8F0E78848EEE7884B1C6FFFF721FAC4F391
S31501010DB880240134B0FBF4F0E4E7834B1C6FFFF7A1
S31501010DC817FAC4F380240134B0FBF4F04008D9E7DB
S31501010DD87D4BD3F88000D3F88030C0F3011003F0BE
S31501010DE80303022B00F1010400F0B780032B00F085
S31501010DF8B780012B33D1FFF7D9F9DBE7FFF7D6F92D
S31501010E08714BD3F89030C3F304430133B0FBF3F0CC
S31501010E18B8E76D4BD3F8203103F00703013B052BE6
S31501010E281DD801A252F823F0A10D8000130F8000ED
S31501010E38FF0C80001B0E8000A10D8000130F80009E
S31501010E48624B18689EE7604BD3F82831E4E75E4B9D
S31501010E58D3F8403103F00303032B9DD09BB900233B
S31501010E6802202B6090E7584BD3F86031F2E7564BD5
S31501010E78D3F8002202F00703032B8DD0520705D4BC
S31501010E88013B012BEBD84FF400407BE7042BE6D15C
S31501010E98FFF7AEF9800A75E74B4BD3F84032D9E72C
S31501010EA8494BD3F8203203F00703042BD7D8022B79
S31501010EB8E9D8012B04D0022BD1D1FFF7B1F961E7AA
S31501010EC80A20FFF733FF5FE73F4BD3F8703203F090
S31501010ED80303012B05D0022BC1D100230F200B607F
S31501010EE852E70C20EDE7384BD3F8A83203F0070394
S31501010EF8013B032BB3D801A252F823F0A10D8000BF
S31501010F08130F8000FF0C80001B0E80002E4BD3F8B7
S31501010F18AC3203F00703042BA1D8022BB3D8012B5A
S31501010F28C9D10B20CDE7284BD3F8B002D3F8B0329B
S31501010F3800F03F0003F4E063B3F5407F00F10104DB
S31501010F4811D007D8B3F5807F0AD0B3F5007F86D1D2
S31501010F581F4B06E0B3F5806F81D1FFF761F929E7E8
S31501010F681A4B186826E7164824E7174BD3F8803138
S31501010F7803F00303022B3FF412AF032B9DD0012B80
S31501010F887FF46DAF08209CE74FF0E0231B695B07EF
S31501010F98A7D5012095E70C4BD3F8003103F00303DC
S31501010FA8022B3FF470AF032B3FF4FBAE012B7FF409
S31501010FB856AF074B45E7002321200B60E4E600BF46
S31501010FC8002D310180D5430200408040CCE4002048
S31501010FD8D0E4002009B1FFF7A9BE2220704700001D
S31501010FE8D8B1036813F4E07F03F03F00C3F382121B
S31501010FF80CD0012A0CD0032A0FD1094B51B103F5A3
S315010110088053012282401A6000207047054BF5E79B
S31501011018054BF3E703F50053F3E70E20704700BFCD
S31501011028B442804064408040684080400121FFF716
S31501011038D7BF00002DE9F04F514D06462B7885B0F3
S31501011048834205D040F201274E4CE36BBB4203D8DC
S31501011058002005B0BDE8F08F00286ED00B2818D105
S31501011068AB79002B40F08980EFF3118B302383F3A1
S31501011078118895F801A06F88AAF10602052A95F843
S31501011088049095F80580AB7905D98BF31188BFF3DF
S315010110986F8F2120DDE7B7F5006FF6D2B9F1050F9C
S315010110A8F3D8B8F1030FF0D813F0FD0FEDD1364897
S315010110B803A9019303F082FE019B20B18BF31188E9
S315010110C8BFF36F8FC5E740F20121039A8A4220D9FE
S315010110D82E4A1946C4E91020A06420662A4803F05D
S315010110E839FE294847EA0A4103F034FE49462648AA
S315010110F803F030FE4146244803F02CFE224803F052
S315010111088DFE8BF31188BFF36F8F0028A1D12E7045
S315010111189EE7B2F5007F05D28BF31188BFF36F8F76
S315010111280F2096E71A4A1946C4E91020A0642066D9
S31501011138154803F00FFE3946DDE7EFF31188302331
S3150101114883F3118803A904F1400003F037FE10B1B6
S3150101115888F31188B4E7039BBB4202D888F3118847
S31501011168DCE70C4BA064C4E91030206604F14000A9
S3150101117803F054FE88F31188C5E70E2069E700BF1D
S3150101118854F700200078002040780020000215FF5E
S31501011198000015FF000115FF0021FFF721BF00001F
S315010111A810B5084B0C461B785BB1072809D8064BC5
S315010111B803EB00131B7B23B10146044800F008F831
S315010111C8207010BDC0950020589200200040814032
S315010111D8EFF31183302282F31188826B83F311882D
S315010111E8BFF36F8F012303FA01F1114214BF1846A8
S315010111F8002070474FF023435A68D20702D5DA69AE
S31501011208002AF9D170474FF023435A68D20702D50C
S315010112189A6E002AF9D17047EFF31180302383F3CF
S315010112281188704780F31188BFF36F8F704710B922
S3150101123862B6BFF36F8F7047EFF3108072B67047CE
S3150101124808B5EFF31181302383F31188FFF7D2FF34
S315010112584FF02343986981F31188BFF36F8F08BD56
S3150101126838B5EFF31185302383F311884FF0234401
S31501011278FFF7C0FF074BA069D3F88411236DDB077C
S3150101128803D5FFF7B7FFA069013185F31188BFF3CC
S315010112986F8F38BD0078002038B50021044640F229
S315010112A8E730054B4FF47A721D680023E5FB04010B
S315010112B803F0EAFF38BD00BF3088002010B50F4B97
S315010112C81A689AB14FF47A71531E1342A0FB0101B0
S315010112D80ED1B2FA82F2C2F11F04531CD243E04085
S315010112E801FA03F3184321FA02F20243104610BD2B
S315010112F8002303F0C9FF0246F8E700BF3088002042
S3150101130830B5104C4161D4F888319BB9C4F88801CC
S3150101131883600EE0891A41619A681D467AB11346BE
S315010113285A698A42F6D93DB1A86083605A69521A47
S315010113385A6130BD0025F3E7C4F88801F5E79860DD
S315010113488260F6E7007800200E49D1F88831A0B10C
S315010113580022A3B1834204D183682AB9C1F888312D
S3150101136803E01A469B68F4E7936083681BB15A69DF
S3150101137841690A445A6100207047222070470220B8
S31501011388704700BF0078002038B5FFF733FF4FF0EB
S31501011398234300250A489C69D0F88C31D0F8882165
S315010113A8E31A2AB123B15169994204D3C91A516180
S315010113B8C0F88C4138BD55615B1A9268F1E700BFE7
S315010113C8007800202DE9F0412C4DD5F88831002B04
S315010113D852D05C692A4B002C42D0D5F88C214FF0AA
S315010113E82347144402225A65EFF3108872B6FFF7B0
S315010113F801FFBE69FFF707FFFB6D3A6D900704D43C
S315010114089A1B032A01D89E4210D1A31B022B98BF0E
S31501011418F41CB4F1FF3F38BF013CFFF7F4FE4FF06E
S3150101142823430222DC6503F580535A654046FFF7DB
S31501011438FEFE144B1A7D22B10121114A9165002242
S315010114481A750023D5F8882185F850322AB1D18831
S31501011458890709D5012385F850320020BDE8F081B5
S3150101146802225A651A65ECE79268002AF5D0516994
S315010114780B44012BEBD9F0E72220EFE70078002096
S31501011488001000A354F700202DE9F74FEFF3118857
S31501011498302383F311884FF023431B6D5B4903F016
S315010114A8010213F0020F03F003030B6511D14AB1CF
S315010114B8574AD2F884310133C2F88431FFF764FF00
S315010114C8FFF780FF88F31188BFF36F8F03B0BDE87B
S315010114D8F08F4F4E42B1D6F884310133C6F88431C3
S315010114E8FFF752FFFFF76EFFEFF3118A302585F3F8
S315010114F811884FF0000BFFF747FF5F464FF023496D
S31501011508D6F888410CB16369CBB10023012F86F85E
S31501011518513204D11BF0020F18BF86F85172FFF739
S3150101152851FF222806D101223A4B1A75374B9A6582
S3150101153802225A658AF31188BFF36F8FC2E72346E0
S315010115485A693AB91A792179914288BF1C469B6829
S31501011558002BF5D18AF31188BFF36F8FD4F810B038
S31501011568BBF1000F1DD0FFF745FED9F81820A36975
S31501011578A2EB030A4FEAEA72DA4572F1000211DBBC
S315010115885B44A361E36813B1204621689847B4F81F
S3150101159806B00137EFF3118A85F31188FFF7F4FED7
S315010115A8AEE7DA46EFF31183019385F311882046F5
S315010115B8FFF7CAFE019B83F31188BFF36F8F236976
S315010115C8002BDFD0A38BBBEB0A0133B1E28B1344AA
S315010115D89BB2B3F57A7F10D2E383EFF3118A85F3D0
S315010115E811882046FFF78CFEA36922691344A3617A
S315010115F88AF31188BFF36F8FC4E7A3F57A73E3837F
S31501011608A3690139013BA361E7E700BF002000A3F4
S315010116180078002054F70020F8B51F460023C0E9D9
S31501011628032303718360BDF818300760C38004463C
S315010116380D461646FFF7DEFD4FF023439B692B4402
S31501011648A3612DB9394620466561B0470020F8BD29
S31501011658EFF3108672B6FFF797FE29462046FFF784
S315010116684FFE054B1B689C4201D1FFF7ABFE304685
S31501011678FFF7DDFDEAE700BF8879002070B4BDF800
S315010116880C50B8B10024C461EFF31186302484F3F8
S3150101169811880B4C246814B1A04209D1012486F39F
S315010116A81188BFF36F8F44B9039570BCFFF7B4BFB7
S315010116B8A468F0E7222070BC70470320FBE700BF4E
S315010116C88879002038B5044600B3EFF3108572B660
S315010116D8FFF75AFE0E4B20461B689C4206D0FFF7C0
S315010116E833FE2846BDE83840FFF7A1BDFFF72CFEBA
S315010116F80028F6D1FFF766FE2228F2D10122054B11
S315010117081A70054B9A6502225A65EAE738BD00BF88
S315010117188879002068F70020002000A308461146B1
S31501011728012200F002B800F0BEB900F029BC0000A0
S3150101173813B5104A034612788DF8071082B1D3F80A
S31501011748F020B3F94A1022B1B2F912209142A8BF89
S31501011758114618469DF8072000F0B2FC02B010BDEB
S31501011768D0F80041002CEAD011460DF10703A04734
S31501011778F4E700BFBC930301D0F8F0302DE9F0413D
S3150101178805460C4613B1C38D8B424CD0D5F8EC30C6
S31501011798002B4BD09E68002E48D0D868002845D02A
S315010117A8013800B200281ADB002106E0128A591C09
S315010117B8A24217D209B2884211DB0B1803EBD37384
S315010117C85B1003EBC30206EB8202B2F80EC003F10A
S315010117D8FF3EA445EAD90FFA8EF08842EDDA2120B7
S315010117E8BDE8F0814FF6FF7299B29142F7D09BB2EB
S315010117F803EBC30306EB83062846B6F9122095F8CF
S315010118084011D5F8008123F0B7D80746B8F1000F82
S3150101181804D00023324628461946C047EC85C5F847
S31501011828F06085F849710020BDE8F0810E20BDE818
S31501011838F08100BF2DE9F04704460F46164631F0FF
S3150101184885DE002800F0938000236E4D6B602B68BE
S31501011858D4F8ECA0D4F8F08013B1534500F0978081
S315010118684FF00009AF6032F073D80128074604D05A
S31501011878012100220846FFF758FF2B68DAF8001004
S31501011888D8F800201BB11868884200F08D802046DF
S3150101189800F07EFD31462046C5F800A0C5F8048052
S315010118A8FFF746FF204600F04FFC0546B9F1000F48
S315010118B800D0A6B1B5FA85F04FF48062332140090B
S315010118C830F090DD3146204600F06EFD204631F0BC
S315010118D881DE4D4B0546414620461B6898474FF028
S315010118E820435B6903F002025B0515D41ABB94F820
S315010118F82530D4F89C206FF3041384F82530002A87
S315010119083ED1012F05D075B3404B002103205B68F9
S3150101191898472846BDE8F0873D4BD3F8D43C1E06C7
S31501011928E4D5D4F8A4305805E0D594F82530D9067C
S31501011938DCD45B07DAD501210D2033F0B9DF0122A9
S31501011948344B83F8EC2094F825306FF3410384F87E
S315010119582530CCE71007C2F3C00183D5002B4ED041
S3150101196812F0120F1DD100252846BDE8F08700F0B7
S31501011978E5FA08B3284B234DB3F8E230AB6066E7C5
S3150101198800224FF40073204600F0C6F8B9E76B68E8
S31501011998002B3FF465AF43457FF462AFAB689F42C5
S315010119A80CD04FF001095DE7696819B109689142DF
S315010119B83FF470AF59686AE7124D48E74FF0204383
S315010119C85B695805CFD5124BD3F8D43C1906CAD54C
S315010119D8124B1B6F9A06C6D40E4B94F8252093F821
S315010119E8EC90D4F8A43003F48063B9F1000FB1D1B6
S315010119F813B14FF0010935E71307B1D4D1E7894688
S31501011A0830E700BF34F8002044F800204CF80020E4
S31501011A1800C000A000CC00A000CD00A0000022A0BB
S31501011A28F8B50E460546FFF707FC3146074628462F
S31501011A38FFF7A2FE044620B13846FFF7F8FB204618
S31501011A48F8BD00F08DFD224631462846FFF7F2FE24
S31501011A5804463846FFF7EBFB2046F8BDF8B50646BE
S31501011A680D4630F05FDBD8B94FF6FF734FF0240C02
S31501011A78EF68C1B28F4208D81C4621463046FFF7A6
S31501011A88CFFF35F037DC2046F8BDAA680CFB0122E9
S31501011A98D4899C4202D2002CEFD023460130E8E7D3
S31501011AA84FF6FF74EFE738B504460D4600F023F803
S31501011AB850B129462046FFF7B3FF30B929462046DA
S31501011AC8BDE8384000F054B80E2038BD70B504465B
S31501011AD80D46164600F00FF858B129462046FFF77C
S31501011AE89FFF38B9324629462046BDE8704001F0C4
S31501011AF839BD0E2070BD0346408A18B1188A0038CF
S31501011B0818BF012070470000024BD868C0F3036073
S31501011B18704700BF000022A010B4D0E95841224005
S31501011B280B4052EA030104D003495DF8044B0968E5
S31501011B3808475DF8044B704768F800200F2938B546
S31501011B4805460C460ED831F003DF01280CD1074AA8
S31501011B582846536B23F00F032343536335F04EDBBA
S31501011B68002038BD2120FCE70220FAE700CE00A0BB
S31501011B7838B5154B0546D3F8F44314F4807421D1CD
S31501011B8800F014FD10B1012000F014FD284600F003
S31501011B98A3FC01F0B1FBFFF74FFB0C4A0121D2F877
S31501011BA8D43C054623F02003C2F8D43C0222084B53
S31501011BB808469A60074B5B6898472846FFF737FB43
S31501011BC8204638BD0E24FBE7000022A000C000A074
S31501011BD8001022A04CF80020014B1868704700BF7D
S31501011BE8B0E2002037B5FFF727FB012300220024C5
S31501011BF800930023054619461046019402F040FB5D
S31501011C08022000F0B3FE064B21461C60054B02205B
S31501011C185B6898472846FFF70AFB204603B030BDA3
S31501011C28B8E200204CF800202DE9FF4102290D46B2
S31501011C3816469846039004D1FFF7D4FF04B0BDE8D0
S31501011C48F081FFF7F9FA1E4F04463B683BB1B342EF
S31501011C5805D0FFF7ECFA002321203B60EEE7194B8B
S31501011C680022C3F800803E60002301264FF00008D8
S31501011C78104619460196009602F002FB124B022004
S31501011C8883F8008000F072FE43462A46022003A922
S31501011C9800F086FE0D4B039A1A6008B92046D8E76B
S31501011CA80B4D2B689847212804D02046FFF7BFFA28
S31501011CB80020C3E731466B6802209847F5E700BF64
S31501011CC8B8E20020B4E20020B1E40020B0E200202D
S31501011CD84CF80020044BDB6F5B074EBF0120034B19
S31501011CE8187800F00100704700C021A0B1E4002076
S31501011CF8022000F03DBF10B5002330F07FDF044616
S31501011D0808B901F019FC204610BD00002DE9F3417F
S31501011D180646884615461F46FFF78EFA04460320EE
S31501011D2800F026FF38B12046FFF781FA0E24204636
S31501011D3802B0BDE8F081042000F01AFF0028F2D1B3
S31501011D482046FFF774FA01232A464146304630F008
S31501011D5855DF04460028EAD1DFF8B8807FB388F851
S31501011D6800003946304630F061DD002848D198F83F
S31501011D780030012B20D02022224B00201A6700F0C7
S31501011D887FFC012000F09AFFFFF756FA1E4B064623
S31501011D981B680193DBB1042000F0E8FD0023012251
S31501011DA8042001A900F0FCFD88B901F0F9FC212400
S31501011DB83046FFF73CFABAE701F0BEFBB7E798F8F8
S31501011DC80030012BF8D0002BD5D12124AFE700F043
S31501011DD843FF15F0800506D1012000F04BFF284687
S31501011DE801F094FB06E00022084B0120C3F8882084
S31501011DF800F040FF064B01215B6800209847D7E7B1
S31501011E08044694E7001022A0A4E2002000C021A004
S31501011E184CF80020ADE40020054A12681AB190F881
S31501011E282E1119B91047084601F04AB801487047F9
S31501011E389CE2002000FEFFFF394B2DE9F3471C68A0
S31501011E4801F4007900F00103174653EA090206462F
S31501011E580D463FD04FF000088BB300230022012025
S31501011E680021CDF80480CDF8008002F009FA414637
S31501011E782046FFF7D1FF01224FF0FF3A414620865E
S31501011E88DFF8B0801046FFF750FCD4F8A41094F897
S31501011E98260001F073F8D8F8000000F063F8C8F8D5
S31501011EA800A0DFF89480D8F8000031F0FBDB94F844
S31501011EB82430C8F800A043F0040384F82430B9F1AA
S31501011EC8000F07D00121204602F06AFE25F40075AC
S31501011ED806430D432B4632462046FFF71DFEFB07F7
S31501011EE80FD51049104A08680021136811600121AC
S31501011EF80E4A117003B198470D4B002102205B6808
S31501011F08984717F00E0F08D040F2C7123B2100205F
S31501011F1802B0BDE8F04730F0659A02B0BDE8F08736
S31501011F286CE00020B4E20020B8E20020B1E4002010
S31501011F384CF8002064F8002060F800204FF0006298
S31501011F48034B186F03F500531A67C0F3C060704756
S31501011F58000022A0024B586900F00100704700BF3A
S31501011F6800C021A0431C07D06FF0FF02034B1040AC
S31501011F785A62A3F580535862704700BF00E020A05A
S31501011F8803282DE9F74F0C4691467FD8404B13F8A4
S31501011F9800A0404B1E5C404B13F800B0FFF74CF90B
S31501011FA8804602F04BFB074640B10023002201930C
S31501011FB8009301200023002102F062F902F046FB99
S31501011FC848B10023002201930093002000234FF416
S31501011FD8004102F055F9002E4BD0304BDD6C05F06E
S31501011FE808050AEB06002E4B23305844DD64C0B2BE
S31501011FF800F056FC3146504602F06EFB5A46314610
S31501012008504602F0E9FB274BDD649FB14FF0FF35DE
S31501012018254B1B68D3F8A41093F8260000F0AEFFF0
S3150101202822490868FFF79EFF0D602149086831F0CA
S3150101203839DB0D60B9F1000F04D01E4B00210320D5
S315010120485B689847BCB104221B4BD3F8805003F552
S315010120580053C5F38005C3F880204046FFF7E7F82A
S3150101206831F076DC012808D15DB9002003B0BDE85D
S31501012078F08F3546B5E72546EFE7002CF0D1052067
S31501012088F4E704220D4BC3F88020EEE72120EDE7A2
S31501012098609503015C95030158950301004020A051
S315010120A8006020A0005020A06CE0002064F8002008
S315010120B860F800204CF8002000C021A000D021A022
S315010120C870B5204B04461B780E46154688B00BB3EE
S315010120D8D0F8F030A3B305AAB3F912300092002261
S315010120E822F0D8DB05992046C1F3813134F09DDF11
S315010120F870B9BDF918300246009303460599C1F333
S315010121080D01204630F0F2D82946204635F000D98E
S3150101211808B070BD03A934F08FDC324620469DF81C
S315010121280C1005AB22F02ADC40B9BDF91C30BDF90A
S31501012138182000930599BDF91A30E2E70E20E7E761
S315010121481846E5E7BC9303012DE9F04105468CB034
S3150101215800F044FAD5F8AC300446012B00D018B189
S3150101216820460CB0BDE8F0817C49284632F03CDCBA
S315010121780122D5F8F010EB8D8C898DF80A204A6871
S315010121881B1B89689BB2ADF8083001FB0323744C0C
S31501012198744EC5F8F400019331F0DADB0128FBD15D
S315010121A8A36913F0240FF7D1E36913F0240FF3D1CF
S315010121B8336F13F08073EFD16B4A6C491164516423
S315010121C84FF020420793089309930A93D5F8F430FF
S315010121D80B9353695B0552D5654BD3F8D43C1F065E
S315010121E84DD595F82530DE06C3F3001447D4D5F845
S315010121F8A420500540F18F80190740F18C80E88DA4
S31501012208B5F83A11814200F0A380B5F83C21824222
S3150101221840F081809A0726D5019E564BDFF86CE17D
S31501012228D5F8F04006EB0308F045B4F80CC062682E
S31501012238A76800F29080A1EB0C04A4B207FB042263
S315010122481344734500F287804B4BA3F886104B491B
S315010122589E67DA670A68A3F88400A3F888C0C3F8F9
S31501012268802095F82530464AC3F3C00411460192E8
S3150101227895F8253064F3820385F8253000E0019944
S3150101228828469DF80A2007AB01F038F800283AD10B
S3150101229831F05EDB0128FBD1324A3149136FDF0187
S315010122A8FCD48B6913F0240FF8D1CB6913F0240FF1
S315010122B8F4D1684607A900F0CDFF044618BBEA8D9B
S315010122C8304B1A6495F8243060F3410385F82430BC
S315010122D834F0C6DFD5F8F03002465B691968431E4A
S315010122E8DBB2FD2B039113D9CE1C11D9264B013132
S315010122F81B6815D0D81C3FF633AF284603A90393AB
S3150101230834F096DF2CE7022420460CB0BDE8F081B3
S31501012318284603A9F4E7002000F0A2F90199A7E7E5
S31501012328D91C04D8284603A9039334F081DFD5F8CB
S3150101233864319B0506D495F8243043F0020385F8E8
S3150101234824300DE728464FF4803102F029FC07E7CE
S31501012358B5F83C115EE7212402E700BF1C0000A085
S3150101236800C025A0000022A0004020A000D000A0A6
S3150101237800C000A0C09CA67000CF00A0E4E2002026
S3150101238800726F91008021A088F80020C068780446
S3150101239810B514460846012100F02CFD2046BDE87A
S315010123A81040012100F026BD2DE9F04104460E46F3
S315010123B819B990F824305A065DD4618E3B4B3C4AD3
S315010123C8D3F8A034D4F8F47013F0010F0CBFD2F886
S315010123D89000D2F89400374B0BBFC3F84402C3F8F7
S315010123E84402D2F88820D2F88C203348C3F82C222B
S315010123F84FF6FF72314B91425B6AC3F303230370B4
S3150101240804D02F4B1B680BB1204698472D4D2B68DD
S31501012418BB4243D02C4B1B6833B1002F41D03968DD
S3150101242801B1B968204698474FF00708204631F0AF
S3150101243853DF4EB3254B93F90030C3F11C0317B192
S3150101244897F926209B1A062694F927001B491B1A78
S315010124580A6ADB0222F4FF2203F4FF2313430B6208
S31501012468D4F8F4201A4B2A6020469E6734F0C6DE5A
S315010124780020BDE8F0814FF6FF7266F38613114617
S31501012488428680F8243099E74FF020414346114AA4
S31501012498C96904F5847033F0A5DACBE74FF0010871
S315010124A8C4E7394620469847BEE700BF004021A048
S315010124B800CE00A0000022A0B0E4002000C020A0A8
S315010124C8ACE20020A0E20020A8E20020AEE4002050
S315010124D8006020A0BCCF00A010B50446D0F8282181
S315010124E80B4B4FF40061C3F8D82090F82420D20190
S315010124F802F4006233F080DD94F8243013F0100FF2
S315010125084FF4007314BF034A034A136710BD00BF92
S3150101251800CC00A0001022A0002022A038B5FEF7A9
S315010125288BFE4FF6FF710B4A13888B4203D1FEF7D7
S315010125387EFE0E2038BD084C084D1B04C4F8845094
S31501012548A4F58054C4F884301180FEF770FE00208A
S31501012558F0E700BFAAF80020006021A00000FFFFF4
S3150101256870470000104A30B5D368146CC3F303638E
S31501012578D56B9A1E012A8CBF00220122012B0270FA
S3150101258807D0042B07D1042C09D0022C14BF002330
S3150101259801230B7030BD072B03D1022DF6E7012369
S315010125A8F7E70023F5E700BF000022A0802102F02A
S315010125B8D5B90000024B1B6803B11847704700BF24
S315010125C838258000024B1B6803B11847704700BFC5
S315010125D834258000000000000000000010B590F8C5
S315010125E82610012903D8174BD3F8B0300BB10020B7
S315010125F810BDC28D272A23D8134B14481B68834261
S315010126081AD031241248181A434243415B000D4836
S31501012618A0F8CA4050246343282404FB01330D4919
S315010126281944895CFA31A0F8D0100B490B449A5C1C
S315010126380A4B83F8E520DAE76FF003040123E6E79D
S315010126480E20D5E700CC00A0E4E2002000F0490203
S31501012658005A6202649603017495030100CD00A034
S3150101266810B50446C0F10B000021C0B233F020D9E0
S31501012678024B002083F8EC4010BD00BF00CC00A03E
S315010126884FF0204252690346910701D5FFF7E8BF8A
S31501012698520512D5094AD2F8D42C10060DD5084A85
S315010126A81268D2F8A410490507D523B192F8250075
S315010126B8C0F38000EAE71846E8E7704700C000A0C2
S315010126C86CE00020032A2BD9436810B4846823449B
S315010126D85B4203F00303D21A002B2ED00B4411F8E7
S315010126E8014B99428461FAD1032A28D9111F21F094
S315010126F803010431194453F8044B8B424463FAD15B
S3150101270802F003024AB10B78012A836105D04B789D
S31501012718022A83611CBF8B7883615DF8044B70477C
S3150101272852B10B78012A836106D04B78022A83615B
S3150101273802D08B788361704770470B46D4E71946F7
S31501012748E1E700BF38B50446FEF776FD01211B4ACC
S31501012758638F054651674BB3B3FA83F3C3F1190383
S31501012768DBB2A069C2F8B410C2F88C300723C2F8EB
S315010127789000C2F8B0304FF4A02302F50052C2F816
S315010127881431A2F58052C2F8183100220C4B1A6095
S315010127980C4B1B6F5B0209D54FF480020A4B1A6772
S315010127A8D4F8A41094F8260000F0E8FB4FF4E023CE
S315010127B82846E363BDE83840FEF739BD000030A07D
S315010127C8C4E20020000022A0002022A0154B10B56A
S315010127D81968CA8F8B8F488F13440138073B8C6957
S315010127E8034023F007031C4402F108030E4A9BB276
S315010127F8CB87C2F8B0304FF480220C4BC3F81421B1
S315010128084FF400420A4BC3F88421A07800F007006F
S31501012818042803D1074AD3681B03FCD4064B1C6061
S3150101282810BD00BF6CE00020000030A0002030A0E0
S3150101283800E100E0000022A0C4E2002010B5064C28
S31501012848216839B1CB0703D4044B186831F05ADB37
S315010128580023236010BD00BFC4E200206CE0002004
S315010128684FF480320C4B0D49C3F81821A3F50053D7
S31501012878C1F81421D3F8AC10D3F88C20012302F046
S31501012888070206329340C1F30C01083B994201D86C
S3150101289831F09E9A704700BF002030A0001030A089
S315010128A8024B40F08070C3F888007047004020A0B1
S315010128B810B534F049DD244B244A18604FF47A7374
S315010128C8B0FBF3F07D235843214B010C0004C018DA
S315010128D841F10001002302F0D7FC1E4CA0F580321C
S315010128E8626318B94A222B212FF07CDD40F6421387
S315010128F8A3604FF0FF33A363E363174B3021C4F899
S31501012908603240F2FF134FF48060C4F8B830134ABD
S31501012918134BC4F84012C2F8A800C3F8AC00002052
S31501012928C2F8A000C3F8A400C4F820124FF09E61B2
S3150101293891604FF08A6199604FF08061C2F8A810E1
S31501012948C3F8AC1010BD00BFE4E2002040420F00FD
S3150101295820A1070000C021A00300A00100E021A0D9
S3150101296800D021A0101A63EB0101704710B50124AB
S31501012978094B42019C50844043F8844CFEF75CFCA8
S31501012988064A92F8E43023EA040382F8E430BDE802
S315010129981040FEF74CBC00BF00E121A000CD00A00C
S315010129A82DE9F04F154683B082460E469B46FEF742
S315010129B843FC022D019000F08B80644A3068516A0C
S315010129C8D2E90A8900F0F6F904460F464046494616
S315010129D800F0ECF9012D00F0858007F0070709F0F1
S315010129E80702BA42494679D3444538BF09F101017B
S315010129F83268801AB0F1804FC0F0838031230126F5
S31501012A08524A0AF1080002EB4A1C514F4001CCF81F
S31501012A180C11CCF80841135097F8E410DFF84CE192
S31501012A2806FA0AFC5FFA8CF848EA01010EEB4A102C
S31501012A38D0E9023487F8E410516AD2E90A019842C9
S31501012A48A141D76F4FEA4A19526F40D3AAF1200122
S31501012A58CAF1200306FA01F126FA03F3194307EA33
S31501012A680C040A40224332D1002D51D0394B1BF0B7
S31501012A78010FC3F87CC00AD043F63F7140F2011039
S31501012A88354AC2F88410C3F88400C2F884101BF0D1
S31501012A98020F09D0304B314A2E493148C3F88420F7
S31501012AA8C1F88400C3F884201BF0040F1EBF01225C
S31501012AB82C4B1A611BF0080F09D02120FFF7F0FEF4
S31501012AC84FF48031214A284BD1601A78A2BB01986B
S31501012AD8FEF7ADFB012003B0BDE8F08FA9EB0202B9
S31501012AE8B91885E7326814EB080402F101020244B8
S31501012AF8A0EB020047EB0901B0F1804F3260BFF448
S31501012B087DAF0198FEF793FB002003B0BDE8F08F76
S31501012B18114BF14409F50059C9F80060C3F87CC0A5
S31501012B28FEF78AFB0A4A92F8E43023EA080382F897
S31501012B38E430FEF77CFBE4E700222D201A70FFF74B
S31501012B48AFFE4FF08072034BDA67C0E700C021A0E0
S31501012B5800CD00A000D021A000E021A000003F3F48
S31501012B6800000101000022A0B7E4002000C121A054
S31501012B78034B08304001185800F00100704700BFA7
S31501012B8800C021A0024B5A6AD3E90A0100F00EB925
S31501012B9800C021A0024B40010344D3E9000170475B
S31501012BA808C121A008B5FFF7F5FFBDE8084000F007
S31501012BB8FDB800002DE9F0419DF818800D46B8F1E0
S31501012BC8000F08BF0022214EB5F5803FB1680746BF
S31501012BD821F4704141F4A041B1609DF820409DF86E
S31501012BE81C104FEA042444EA016444EA031444EA42
S31501012BF8084444EA02044FF018014FF436722CBF17
S31501012C080020012074662FF0EDDB7564B8F1000F21
S31501012C181AD00F4BBC68D3F8B830632C38BF63247C
S31501012C285B0606D532F07ED918B10A4BB3FBF0F330
S31501012C381C44204600F0BEF80130854238BF002207
S31501012C48024B34BF9A649864BDE8F08100C021A0A3
S31501012C5800C020A000093D00044B054AC3F88420A1
S31501012C6841F20142C3F88820704700BF00C021A084
S31501012C78011B011810B504462120FFF711FE1CB1ED
S31501012C884FF48032074BDA60074B1A7842B10022BA
S31501012C982D201A70FFF704FE4FF08072034BDA6795
S31501012CA810BD00BF00C021A0B7E4002000D021A0BB
S31501012CB87D230021B0FBF3F07047000038B500F021
S31501012CC879F8074B5A6AD3E90A45001941EB050117
S31501012CD85A6AD3E90A45844275EB0102F8D338BD2C
S31501012CE800C021A02DE9F0411C4D0446EB6BDB0127
S31501012CF82DD532F025D90646A0FB0447E86B4FEAE4
S31501012D081028050C10F0FF0005D140F219422B21BC
S31501012D182FF068DB0120EDB2AD01B5FBF0F55FFAE5
S31501012D2888F815EB881506D1284640F21E422B2153
S31501012D382FF058DB01252A4600232046394602F0A1
S31501012D48A3FAB6FBF5F5064A1560BDE8F08132F03E
S31501012D58E9D80546A0FB0401F5E700BF00C020A09C
S31501012D68E8E200200246012030B50B4CA0F1200310
S31501012D78C0F1200524FA05F504FA03F32B4304FAF5
S31501012D8800F595428B4100D330BD0F2801D00130A2
S31501012D98ECE7FF20F8E700BF40420F00024B5A6AF1
S31501012DA8D3E90A01704700BF00C021A0C00840EA63
S31501012DB8417070470146C000490F7047044B01F045
S31501012DC8F071083041F0030140011950704700BF05
S31501012DD800C021A008B52220FFF762FD4FF4802229
S31501012DE8034B0120DA60BDE80840FFF749BC00BF83
S31501012DF800C021A013B502460C46F0B169B1002302
S31501012E08184951F8040B904219D11BB1164A013BD5
S31501012E1832F81330154A02EB8302082314480DF1DF
S31501012E2807018DF80730826001F044FE58B140F67A
S31501012E38AD224C2100202FF0D5DA02B010BD0133A5
S31501012E48282BDED1E9E7002CF7D14FF47A719DF8E9
S31501012E58070001F07DFE0028EFD040F6B4224C218F
S31501012E682046E8E7ECE2002058E4002040D000A023
S31501012E7870F80020064BDB68C3F30363984206D159
S31501012E88044A536B23F0F00343EA01115163704776
S31501012E98000022A000CE00A00204C0F3891307D5C1
S31501012EA86FEA83536FEA935313F5007F18B206D07D
S31501012EB8A3F1C8006FF4FF739842B8BF184670476B
S31501012EC82DE9F7430646FFF75DFE00248046DFF844
S31501012ED89090FEF7B1F90DF1070105460DF10600CE
S31501012EE8FFF740FB9DF806308BB9721C29D0FFF715
S31501012EF849FEA0EB08042846FEF799F99DF8063024
S31501012F0813B99DF807303BB3A642E2D824E0D9F8B4
S31501012F180C3013F4603FE8D0D9F81800FFF7BCFF6D
S31501012F28731C074603D0FFF72DFEA0EB08042846BC
S31501012F38FEF77DF917F5007FE0D0384603B0BDE805
S31501012F48F0832846FEF773F99DF80630002BC0D1A8
S31501012F589DF80730002BBCD1004FEEE700FEFFFFBD
S31501012F6800C020A0044BD3F8B03010B1C3F303322B
S31501012F78027003F00F007047000022A0064B01F012
S31501012F8880011B6F03F480030B4302BF4FF4001248
S31501012F98024BDA65704700BF000022A0006021A03C
S31501012FA84FF0FF33054AE0FB012305498A4273F1D4
S31501012FB8000334BF01200020704700BF006CCA8896
S31501012FC8817C814A0D4B10B5994204460A4610D0B7
S31501012FD803F5122303F5F86399420CD00023002067
S31501012FE84FF0007102F050F90130A0FB043080095D
S31501012FF810BD0348F9E70348F7E700BF00F04902A6
S315010130080A3BB2DF313641DC034B420098655A6609
S31501013018024B1863704700BF00CE00A0008021A0B3
S31501013028764B2DE9F04F19684FF0FF338D898C687E
S31501013038023D54F8256044F82530714B85B0D3F823
S315010130486422022022F4600343F480036363C4F813
S315010130589C2001F05DFD28B14FF40C725621002028
S315010130682FF0C0D94FF47A71022001F071FD28B110
S315010130784FF40D72562100202FF0B4D94FF4007286
S31501013088604B44F82560C3F89820202200274FF4A5
S315010130984336C3F898225C4B5C4CD3F8A4505C4B7D
S315010130A8226DC4F888305B4BC2F30912C4F88C301F
S315010130B8594BC5F30325C4F88830584BDFF890B14D
S315010130C8C4F88C30564BC5F5CC75C4F88830554BC8
S315010130D8C4F88C30544BC4F88830544BC4F88C303E
S315010130E8534B03FB02F8534B4FEA680A0393524BBE
S315010130F802935BF8040B4246C117A0FB050305FBC6
S315010131080133002BACBF01214FF0FF31A0FB060CA7
S3150101311801FB0AF106FB03CC08184CEBE17100230C
S3150101312802F062F8C0F315030193C4F88830029BD3
S31501013138424653F8040BC1170293A0FB050305FB8D
S315010131480133002BACBF01214FF0FF31A0FB060C67
S315010131580AFB01F106FB03CC039B081833F8029B12
S315010131684CEBE1710393002302F03EF8334B344AE9
S3150101317803EAC9490199C0F3120040EA0900C4F8F2
S315010131888C0002EBC70342F8371001370C2F586040
S31501013198AFD1583292E8030020222A4B83E8030073
S315010131A8294B0220C3F898224FF40072C3F89820DC
S315010131B8264B19684FF0FF338C898D68023C55F807
S315010131C8246045F8243001F0A3FC28B140F2862297
S315010131D8562100202FF006D94FF47A71022001F009
S315010131E8B7FC28B140F28A22562100202FF0FAD8DD
S315010131F845F8246005B0BDE8F08F00BF24980301A6
S31501013208000022A0001022A000CE00A0008021A06B
S31501013218D0FF3F00FEFF873F71FF3F00FAFF373FAF
S31501013228B3FE3F00F2FFCF3E23FD3F00E1FF2F3EF4
S3150101323880320200749703018C9703010000F83F5D
S31501013248FCCE00A05CCF00A0002022A0209803019B
S31501013258BC9703014FF0204330B5DB69044687B0BB
S3150101326851B9827A41681D480593006801AB00F09E
S3150101327845F8002830D101A90868FFF7C5FE4A6853
S31501013288174D5300100DC3F3130300050343EB66F2
S31501013298144B2A665A634FF02043DB69ABB18B683D
S315010132A843B1114A114BC3F83C218A68A3F58053EE
S315010132B8C3F83C21CB6843B10C4B0D4AC3F8242111
S315010132C8CA68A3F58053C3F8242100202289094B32
S315010132D89A6203F5A033D86307B030BD6CE00020CC
S315010132E800CE00A0008021A0FFFF0F00006021A0F1
S315010132F800F0FF0F004020A0002070472DE9F0479C
S3150101330808460C46114616461D46FFF749FE002892
S3150101331800F083802F69D7F82880FCF77BFF012EFF
S3150101332801467ED100287CD0C8F31306A6FB0032DC
S31501013338DB0C18F4801943EA423307BF5A42104697
S3150101334818461A46DFF850A12244CAF81401C1EBFE
S31501013358011001EB80008442CAF81841CAF81C2100
S31501013368C8F3140C4FEA011E75D082425CD04A4C4F
S31501013378C5F804C0D4F81801FFF724FE0023286014
S31501013388D4F81C61FC6918F0807F18BF7608EB60D8
S31501013398AB60002C3ED0414AD2F83C21D20214D569
S315010133A83F48C8F38151475C19463B4ABF06D2F8E3
S315010133B814217008002AB8BF5242C7FB02013246DE
S315010133C801F062FFC0F31300A860002E52D0B6FACD
S315010133D886F2072A4EDC06FA02F3C2F1080224FA3A
S315010133E802F20132B3FBF2F35A0001324FEAD65C1B
S315010133F87002A4FB026103E00232A4FB02610133FC
S31501013408B0427CEB0101F7D2C3F30E031B0343F070
S315010134180063EB600020BDE8F087CF220E212EF074
S31501013428E1DF0220BDE8F0870E2E30D9B9F1000F90
S3150101343823D106F10F0CACFB0132DB0C43EA423313
S315010134485B42154A8442C2F814310BD0124A23440D
S31501013458C2F81C318BE70E2EE8D8B9F1000FEFD06F
S31501013468CAF814310C4AAEEB010E00EBDE44C2F880
S315010134781841EBE722463302B4E7A6F10F0349EAFD
S31501013488030CA3FB0123D20C42EA4333D9E7B9F171
S31501013498000FD5D0D5E700BF00CD00A0004021A07F
S315010134A8EC97030110B5FDF7C7FE0E21044603206B
S315010134B8FFF7E0FC40F20122034B2046BDE810402C
S315010134C8DA62FDF7B4BE00BF004020A0012370B542
S315010134D8074C2370074B1E68074B3240D3E900534B
S315010134E819402840FEF7A8FC0023237070BD00BFD0
S315010134F8C0E4002054E4002008DF0020024B58688C
S31501013508C0F3C000704700BF08DF00208023074AC7
S315010135181367082340B11367054AD2F8D43C23F04F
S315010135282003C2F8D43C7047024AF4E7001022A0EE
S3150101353800C000A0002022A010B5FDF77DFE0121E3
S3150101354804460020FFF7E2FF044B1961044B5B684F
S3150101355898472046BDE81040FDF769BE000022A044
S315010135684CF80020F0B583B014460646FFF7C4FEB1
S31501013578FEF7F0FC002800F0B980684B5B6913F08F
S31501013588060F40F0B380664BD3F8F45315F48075F2
S3150101359840F0AC80FDF750FE23790095022B0546D4
S315010135A852D1237B022B10D15E4E336898472128CD
S315010135B8044604D10121002073689847002428464E
S315010135C8FDF735FE204603B0F0BD0320FFF7D0FA1B
S315010135D820B9534BDB685B0440F18580A27BA36864
S315010135E8002A15BF012100214FF440424FF4004240
S315010135F801934D4B277B19704C4B012FC3F8F423CB
S3150101360865D000F0BBFD0420FFF7B0F90420434E55
S315010136180223D6F884103A4621F07C5121F47C1113
S3150101362841F0506141F48031C6F884100DEB000177
S31501013638FFF7B6F9044600285FD0012030223C493C
S315010136483A4B0870DA67AFE70320FFF791FA0028CA
S3150101365849D12279D6F81031012A226834D0D01AF3
S31501013668009000202D4B334A3349C3F88420C3F80F
S315010136788800637B314A23F040000028C3F3801395
S315010136880B700CBF0123002313702D4B2C4AD3F861
S31501013698D43C4FF003000CBF43F0200323F0200371
S315010136A8C2F8D43CFFF762F91C4B264A0320C3F83A
S315010136B88420694601232279FFF772F9C0B10122F3
S315010136C8214B83F8E8206CE79A42C9D3C7E72379E6
S315010136D8022B96D0DDE90013D6F810210B441344C9
S315010136E8002701938DE72846FDF7A1FD0E2469E719
S315010136F82846FDF79CFD212464E74FF44042134B0C
S315010137080320C3F8F423FFF731F90A4A0E4BC6F829
S315010137188420284683F8E840E6E700BF00C021A0D7
S31501013728000022A04CF80020C5E40020001022A0C8
S31501013738C2E4002000000101C3E40020C4E4002022
S3150101374800C000A0010C010000CD00A0002022A0AC
S3150101375810B5104B104AD3F8B8001478596A9A6A09
S3150101376800F00F0021F4706122F0E052844241EA2F
S31501013778042142EA84624FF01F04084835BF9A6260
S3150101378859625962C0F8B84034BFC0F8B8409A6264
S3150101379810BD00BF00C020A0B0E4002000E020A0B9
S315010137A838B51B4BD3F8F433DB052FD4A823194DB0
S315010137B84FF080722B671023AB60174BC3F880203B
S315010137C8DA674FF000429A675A6700F047FF134BD1
S315010137D893F8E83013B90320FFF7C8F80024104B12
S315010137E8C3F8884000F060FF0E4A0F4BD2F8001D5E
S315010137F80B40C2F8003D04232B670C4BC3F8DC4090
S31501013808FFF7A6FFFEF78AFE094B1C7038BD00BFFC
S31501013818000022A0002022A000E021A000CD00A0E6
S3150101382800C021A000C000A0DF0000FF00CC00A05D
S31501013838BFE40020984B2DE9F04F9F6EDB6E87B0F0
S315010138481F40964B9F6603F57A23D3F81461D3F883
S3150101385818311E40924BC3F81461A3F56E239A6879
S315010138681B6902EA030A8F4BC3F808A003F5204333
S31501013878DA691B6A02EA030929F40F638A4A23F002
S315010138880F03D361894BD3F80422500305D4D3F826
S3150101389804315903C3F3804246D5FDF7CDFC844B68
S315010138A8844C5A69D96F12F0060F14BF01220022FE
S315010138B80292D3F88020114021F00802E2675A6F7B
S315010138C89B6F02EA030828F0006363670191FDF71C
S315010138D8AEFC002F00F0DD8017F4004422D0FDF77D
S315010138E8ABFC014632F014DA0546734B1C6800231A
S315010138F82268082B1ED132F00BDAA84218D10846E4
S31501013908FDF795FC6D4B1D606D4B1C6F14F4E05B67
S3150101391816D125F07F4525F0DF050DB9FFF740FFE3
S315010139284FF0807400251BE0904602920192D0E780
S315010139380546DCE720689042FCD002460133D8E708
S31501013948FFF72EFF584B14F48055C3F870B040F0B9
S31501013958978014F4806F0CBF4FF080544FF0806448
S31501013968BB0714D5564B50491B6F03F460420A67CE
S31501013978002A00F088801D0400F1888013F4005F95
S315010139880CBF4FF000534FF0006300251C43C7F3EA
S3150101399840377F004B4B3340002B4AD016F4206F3A
S315010139A80AD040F2BC52062100202EF01BDD002070
S315010139B800F0E2FE26F48026F00506D5FF233A4AF1
S315010139C844F4C0649360FFF76DFD16F0090F0AD040
S315010139D840F2D152082100202EF004DD00F0C0FE8C
S315010139E80122394B5A6316F0106F0CD040F2DA52A4
S315010139F8092100202EF0F6DC00F0B2FE0022114664
S31501013A08104630F057DA16F4202F0AD040F2E25266
S31501013A18072100202EF0E6DC002000F0ADFE26F499
S31501013A288026F10301D5FEF71BFF002EB8BF47F02B
S31501013A38080772070DD5244B1B6B13F4005F4FF46E
S31501013A48005317BF164A214A136344F4000408BFF9
S31501013A581363730548BF44F0040416F480230393E2
S31501013A6800F0B080FEF7B2FE0138062830D8DFE84B
S31501013A7810F0000203020002060209020C020C02FE
S31501013A884FF080444EE74FF000737EE74FF0004355
S31501013A987BE73C463D467DE7004020A0006020A02B
S31501013AA8002030A0006021A0002022A000E100E052
S31501013AB800C021A000E021A05495030150E4002093
S31501013AC8000022A0090B0B89000030A0001030A0CC
S31501013AD840F21362032100202EF084DC0121BA4A47
S31501013AE8D2F88C30D2F8AC0003F00703063301FA99
S31501013AF803F3C0F30C001B1A9BB2072B12D9B34B64
S31501013B081B6F58020ED4B248D36CD26E406D58B1B0
S31501013B1803F0070306339940C2F30C03C91A89B2A4
S31501013B28092901D844F40074AA4B1B78002B49D002
S31501013B38A54BD3F8143113F4A02F43D1A64ADFF8C4
S31501013B48DCB21378A3B9019BDB0611D49BF80030CB
S31501013B5873B1E308A14943EA457383F00103D1F837
S31501013B68001D03F001035B0021FA03F3980729D12C
S31501013B7811789B4B9B4A0420002918BF1346944A86
S31501013B88C2F88830FEF7F2FE974B984AC3F88420AB
S31501013B9800F0F4FA9BF8003043B9954B1B782BB129
S31501013BA8944B954A1B682340134205D1884B934A86
S31501013BB844F48044C3F888204FF00008019B23F0A0
S31501013BC810030193BAF1000F27D01AF4805F18BFC9
S31501013BD844F480241AF4807F18BF44F400241AF4AB
S31501013BE8005F18BF44F010041AF4007F18BF44F0AF
S31501013BF820041AF4806F18BF44F040041AF4006FC8
S31501013C0818BF44F080041AF0805F06D07C4B00216E
S31501013C18186845F480552FF0C7DCB9F1000F3FD07C
S31501013C2819F4806F18BF45F4007519F4807F18BF20
S31501013C3844F4805419F4005F18BF45F4800519F45A
S31501013C48805F18BF44F4003419F4804F18BF44F05B
S31501013C58020419F4007F18BF44F4801419F4004FC3
S31501013C6818BF45F0100519F4006F19D05B4BD3F84D
S31501013C78D43C13F0C00F13D0544AD368C3F303637A
S31501013C88033B012B06D8536FD90603D4936F1A0741
S31501013C9840F1FE804FF400635A4A29F40069D36161
S31501013CA8019B53EA080300F04D81019B1B073DD592
S31501013CB8464BD3F8F433D80502D40320FEF756FE52
S31501013CC8434B514ADFF820A1C3F88820DAF81430AA
S31501013CD8DFF840B113F0060F00F0DD800020FEF792
S31501013CE8C9FF08234948CBF87C30DAF81430B0F813
S31501013CF88E2013F0060308BFCAF8883012F00803AC
S31501013D08434900F0CD8091F8E83022F00802A0F885
S31501013D188E2003F0FF0A002B40F0C780FFF75AF8FF
S31501013D28FFF73EFD5246202314431D43B8F1000F08
S31501013D380DDA2E20FEF7B4FD0022364B45F00805B3
S31501013D48C3F88020DA674FF000429A675A67019BE8
S31501013D584FF0000AD9010ED52B20FEF7A1FD4FF030
S31501013D6880722C4B45F40015C3F88020DA67C3F835
S31501013D7878A0C3F874A018F0305A4FF0000B0AD195
S31501013D88019B03F0100353EA0A0300F0CE80029B5C
S31501013D98002B00F0288118F0005F4DD02920FEF78D
S31501013DA87FFD0A4B1C4ADB6803F48041C3F3803368
S31501013DB81370FFF7A3FB00283CD04FF080704FF03A
S31501013DC80042144B2CE000BF000030A0000022A0E5
S31501013DD8004020A0C2E40020C1E4002000C000A0E8
S31501013DE8390000043600000400C021A000000101C9
S31501013DF8C3E4002008DF0020088D01003700000414
S31501013E086CE00020002022A03000000400CC00A0B4
S31501013E1800CD00A000E021A0BFE40020C4E40020F9
S31501013E28DFF8DCC2D867CCF880005A67CCF878206D
S31501013E3800293ED145F0040518F0006F08F000632A
S31501013E4847D00420FEF792FD2720FEF729FDFFF74B
S31501013E58A7FC4FF00062984B5A67984BD3F8002D8F
S31501013E68520600F1B8800223954A936045F002058E
S31501013E7850E044F4803431E644F400642EE644F417
S31501013E8880642BE644F4807428E644F0080425E6A8
S31501013E9844F4001404E743F63F73CBF8843020E772
S31501013EA891F8E8204FF400523EE74FF4004200230F
S31501013EB83AE7C3F88000D8679A6720205A67FEF760
S31501013EC8EFFC45F400152D2045F00C05FEF7E8FC3D
S31501013ED8B2E708F0806B53EA0B02DFF8E8A15DD07F
S31501013EE804200293FEF742FD2820FEF7D9FCDAF8F1
S31501013EF88820029B002A4ED1FFF752FC4FF08072AF
S31501013F086D4B45F00105C3F88020DA674FF0004291
S31501013F189A675A6731F010DF18F0406F02D0012015
S31501013F28FEF7AEFB0022674B9A66019B590709D535
S31501013F38654BD3F8F433DA0502D40220FEF716FDF0
S31501013F4847F001075D4BD3F8D43C1B0603D5204640
S31501013F582946FEF737FB3A4620462946FFF7B6FAC0
S31501013F68039B0BB1FEF76AFC4FF40042574B06F06F
S31501013F780436C3F81461564B19F4006FC3F884214A
S31501013F881FBF4FF4006302F1A02202F50412D361A7
S31501013F9807B0BDE8F08FCAF88830AFE7019B03F097
S31501013FA8100353EA0B03B7D00420FEF7DFFC494B94
S31501013FB8CAF88430FEF70EFFDAF87C30DAF8743085
S31501013FC803F040635BEA0303A6D12A20FEF768FCE6
S31501013FD8FFF7E6FB41E7D3F8D43C9B065EBF022215
S31501013FE83D4B9A6042E7DFF8E080D8F8F433D8050B
S31501013FF802D40420FEF7BAFCD8F8F433D90555D40E
S31501014008364B374A0320C3F88820FEF7AFFC2D4A01
S315010140183049C2F88410FDF70FF980460DF11700F2
S31501014028FEF7A0FF2F4A2D4B12785AB12E4A02905C
S31501014038C3F888204FF48043214AC2F8F433FFF7C5
S3150101404831FA0298032812D09DF81730032B234B16
S315010140581ED1264A4046C3F888200122244B1A70EC
S31501014068FDF7E5F844EA0B0445EA0A055DE71B4B4A
S31501014078204AC3F888200020FEF774FF0328E3D1FC
S31501014088114B9A6AD207F6D45A6FD003F3D4DBE7F8
S31501014098194AD2F8142112F4A02FDAD1174AC3F812
S315010140A8882000F06BF84046FDF7C1F84FF4804BC4
S315010140B84FF0000AD6E700BF00E021A000C000A02A
S315010140C8002022A000C021A0000022A0002030A0CB
S315010140D800E100E000000101001022A0004020A03B
S315010140E831000004C5E40020320000043400000454
S315010140F8C1E4002033000004000030A035000004AB
S3150101410800D021A008B5FDF797F80E4B1A78A2B988
S315010141180D4A126812F4843F0FD10C4A1021D16756
S315010141281B7863B9084B1B68DB0508D4074B2022AA
S31501014138DA67BDE80840FDF77AB8054AEEE7044BA8
S31501014148F5E700BFC2E4002008DF0020002022A015
S31501014158001022A010B5FDF76FF80E2104460320C1
S31501014168FEF788FE40F20122034B2046BDE81040C6
S31501014178DA62FDF75CB800BF004020A00022044BBB
S315010141881A70044B197811B11A70FFF7BBBF704742
S31501014198C1E40020C2E4002008B5FDF74DF84FF04F
S315010141A80072254BC3F88420BFF34F8FBFF36F8F7E
S315010141B84FF40042C3F88420BFF34F8FBFF36F8FCB
S315010141C84FF48032C3F88420BFF34F8FBFF36F8F4B
S315010141D84FF40032C3F88420BFF34F8FBFF36F8FBB
S315010141E84FF08072C3F88420BFF34F8FBFF36F8FEF
S315010141F84FF48022C3F88420BFF34F8FBFF36F8F2B
S315010142084FF40022C3F88420BFF34F8FBFF36F8F9A
S315010142184FF48012C3F88420BFF34F8FBFF36F8F1A
S315010142284FF40012C3F88420BFF34F8FBFF36F8F8A
S31501014238BDE80840FCF7FBBF00E100E008B5FCF763
S31501014248FBFF4FF000720D4B5A604FF400425A6062
S315010142584FF400325A604FF080725A604FF480224F
S315010142685A604FF400225A604FF480125A604FF493
S3150101427800125A60BDE80840FCF7D9BF00E100E029
S315010142882DE9F047DDF820A003EA0108099B064656
S315010142980D4602EA000703EA0A09BAF1000F40F0DE
S315010142A86181031F0B4300F02181052871F1000388
S315010142B880F0F78050EA010300F0BB81431E0B43EE
S315010142C800F03781FFF768FFB94AD2E9004324EACA
S315010142D8060423EA0506B74B3C431F6846EA080666
S315010142E827EA0A0747EA09071F60C2E90046FFF7F5
S315010142F809FF14F02A4F14BF48F202034FF4004391
S31501014308AD4AB807D26EAD4848BF43F4005383EAB4
S31501014318020122EA0302C266A94A0B408166D366F3
S31501014328C4F380421203210348BF42F48072E306B3
S3150101433848BF42F40052A34BA50648BF42F4007296
S31501014348600648BF42F480622106196948BF42F4F2
S31501014358006282EA010323F080539B4819401A40FF
S3150101436801618360994B16F4007F1A61984B06F433
S31501014378007200F05381012283F870204FF0404208
S315010143884FF48065934B9A60E20448BF45F4807502
S31501014398730248BF45F40055A00348BF45F480554B
S315010143A8A10748BF45F4804514F4001FDFF8688268
S315010143B806D0D8F8000033F014D808B945F40065D9
S315010143C8E20248BF45F40075F306834B48BF45F43D
S315010143D800451A6A814985EA020323F001031A4055
S315010143E80A621D40CB617E4B17F0010F1D620CBF9E
S315010143F818231C237B4D7C4AD5F88010760783EA5E
S31501014408010021EA0301C2F8801003EA0003D0671B
S315010144187648C0F88030A96F4CBF754B754B83EA56
S31501014428010521EA030191672B405567724A8367A2
S31501014438D26C724804F0010383EA020122EA0302FB
S31501014448C2646F4A0B408164D364D8F80020200204
S3150101445848BF6C4B92F8062158BF6B4B610748BFA1
S3150101446843F4806322B114F4C06F18BF43F4807317
S315010144783A07664A48BF43F00043D2F8181164481F
S3150101448883EA010222F4A0221140C0F8181113404F
S31501014498C0F814215F4ABDE8F047C2F81831FFF7A1
S315010144A8CDBEA0F580630B4306D020F48063A3F546
S315010144B800730B437FF406AFFCF7BEFE3C49D1E915
S315010144C8003223EA060322EA050242EA08023B43CD
S315010144D8C1E90032504A126892F806114C4A09B3E9
S315010144E813F4C06F1ED04FF4807311E0FCF7A4FEDC
S315010144F82F4AD2E9003123F004033B4341EA08017B
S3150101450857EA0807C2E900314FF48063404A0BD0E4
S31501014518C2F81431A2F58052C2F81831BDE8F04744
S31501014528FCF785BE4FF48073C2F81831C2F814310D
S31501014538F4E7FCF781FE1E4AD2E9003123F00103B3
S315010145483B4341EA0801C2E9003101232B4A57EAF3
S3150101455808071BBF9364A2F58052D364D36408BFCD
S315010145689364DBE750EA01037FF4ACAEBAF1010FBC
S315010145787FF4A8AEFCF760FE0E4A136823F0010327
S3150101458843EA090313600422174BB9F1000F07D057
S315010145981649DA67C1F8802000225A678A67BDE79A
S315010145A8C3F88020DA67C3F87890C3F87490B5E741
S315010145B808DF002054E40020004020A0006020A06C
S315010145C8005020A0004021A0006021A0005021A098
S315010145D800CE00A000D000A3000022A0002022A046
S315010145E8001022A000C021A000E021A000D021A036
S315010145F80400002C0400000C00C020A000E020A04B
S3150101460800D020A00D0A0A09090A0A09000030A0EA
S31501014618002030A0001030A06CE0002093F8701043
S3150101462829B183F870204FF04042034B9A60002567
S31501014638AAE6BDE8F08700BF00E000A3024B1868AF
S3150101464800F00100704700BF08DF0020024B5868DF
S31501014658C0F3C030704700BF08DF00200A4B197844
S3150101466801F0FF0229B10021197008499202C1F826
S315010146781021597801F0FF0229B1002159709302DD
S31501014688024AC2F814317047BDE40020005020A047
S315010146984FF40062034B1A674FF40042A3F5E03366
S315010146A89A667047001022A0F8B50424074D084EF2
S315010146B8084F2B6F34672B6F5B0300D4F8BD0220BB
S315010146C83C67FEF7FBFA3467F5E700BF000022A055
S315010146D8001022A0002022A01E4B10B5D3F8F42306
S315010146E8D40507D5BDE8104040F28D322C210020B2
S315010146F82DF0789E71B958B3DB681B0E13F00E0FB6
S3150101470826D1154B9A6912F0240F21D1DB6913F0D1
S31501014718240F1DD1FFF71EFD0E4C0020FEF722FCCA
S31501014728032801D0062805D1A36ADA07F5D4636FF0
S31501014738DB03F2D4FFF7B8FF4FF40072074BDA62D5
S31501014748012203F5E8335A61042203F580531A67F6
S3150101475810BD00BF000022A000C025A0004020A076
S3150101476808B503210620FEF785FB2022014B1A61B4
S3150101477808BD00BF000022A038B50546FCF75CFD5F
S31501014788104B04461868FDF7DDFF35B1FFF7F6FC56
S315010147982046BDE83840FCF74ABD0B4B1B78002B78
S315010147A8F6D00A4B1D78002DF2D1094B094AC3F8F7
S315010147B88820FFF7E3FC2A464FF480400021FEF7E3
S315010147C885FEE5E76CE00020C1E40020C0E4002095
S315010147D8004020A0380000042DE9F84F554B074643
S315010147E80E4615461B6F002A40F0A18013F0A00F53
S315010147F814BF4FF001094FF00009FDF78FFEFEF7CF
S31501014808A7FFA0234FF0000A4B4C03202367FEF7AD
S31501014818ADF80420FEF7AAF8DFF83C81FFF7AEFCF4
S31501014828464B4FF0040BC8F88430C8F888A0FFF747
S315010148383BFF434B4FF48071D3F8D42C42F020024D
S31501014848C3F8D42CFF22A2603A4A1161D3F8001D9C
S315010148583C4A0A40C3F8002DC4F870B0C3F8DCAC71
S31501014868D8F8143013F0060F04D0FEF7B3FA5846F8
S31501014878FEF77CF8B9F1000F01D0FFF709FF67B11F
S31501014888314BDB6C190701D4FFF764FCFFF768FFAD
S315010148980420FEF76BF8FFF7E1FE264B5A69D207AA
S315010148A840D5DA6812F0706FFBD1284B284A236785
S315010148B8536B23F0F003536316B12846FFF75CFFE8
S315010148C80123636175B3204BDA6E03F500539A66CA
S315010148D803F5D0331B6A23F00103E3611D4B1A6902
S315010148E803F500539A6003F50053DA6803F500539B
S315010148F89A6003F56623D3F8182103F50053C3F823
S315010149081421A3F57623DA6C03F500539A644FF063
S31501014918106203F58033DA674FF03C425A674FF666
S31501014928084323670020BDE8F84FFDF743BE4FF062
S31501014938000962E7000022A0002022A0000001016F
S3150101494800C000A0DF0000FF004020A010003000D9
S3150101495800CE00A0004021A000C021A0034BD3F83E
S31501014968D43C99430CBF01200020704700C000A028
S31501014978002800F088804368002B00F08480484AAB
S3150101498870B4D2F8F810046899427ED0454A916903
S31501014998C9B2002974D1D169C9B2002970D14FF6BA
S315010149A8FF71414D414E44F480342E61A5F5805580
S315010149B82C611C888C425DD02404C2F8D0405C88E5
S315010149C88C4257D02404C2F8D4409C888C4251D0D9
S315010149D82404C2F8D840DC888C424BD02404C2F89E
S315010149E8DC401C898C4245D02404C2F8E0405C892C
S315010149F88C423FD02404C2F8E4409C898C4239D0C8
S31501014A082404C2F8E840DC898C4233D02404C2F874
S31501014A18EC401C8A8C422DD02404C2F8F0405C8AF1
S31501014A288C4227D02404C2F8F4409C8A8C4221D0B6
S31501014A382404C2F8F840DC8A8C421BD02404C2F84B
S31501014A48FC401C8B8C4215D02404C2F800415C8BB6
S31501014A588C420FD02404C2F804419C8B8C4209D0A4
S31501014A68DB8B24048B4218BF1B04C2F8084118BF0B
S31501014A78C2F80C310E4B03C883E80300002000E09D
S31501014A88022070BC704721207047D2F8F420A24257
S31501014A98F4D0044A9169C9B200293FF47CAFEFE722
S31501014AA800CD00A000C025A000E025A0F00103006B
S31501014AB8F4CD00A0A8B1A1B1134B30B49A69550739
S31501014AC802D4DB695C070ED50F4B9A69920602D5AA
S31501014AD8022030BC7047DB699B06F9D405222024E4
S31501014AE803E021207047022204240A70D300456895
S31501014AF88168064A03F1204303F517135D65002012
S31501014B0819655461E5E700BF00C025A000D025A0BD
S31501014B18012230B40C4C8240A569154210D10346D5
S31501014B28E06910400CD1DB004D688C6803F1204324
S31501014B38064903F517135D651C654A6130BC704763
S31501014B48022030BC704700BF00C025A000D025A0B7
S31501014B58F8B50126114B86409A69324204D1DB69BF
S31501014B681E4201D10020F8BD0846FEF723F9054684
S31501014B780C46FEF713F9094F2D1844EB0104BB69DD
S31501014B881E4202D1FB691E42ECD0FEF707F98542A6
S31501014B9874EB0101F3D20220E5E700BF00C025A0AD
S31501014BA838B505460C46FCF747FBD5F8A0301C403D
S31501014BB8D5F89C302343C5F89C30FCF738FB211EF8
S31501014BC818BF01210020490238BD000010B504466D
S31501014BD859B1EFF3108072B6094B11681960526821
S31501014BE81A61FCF724FB204610BD064B5A6C112AA3
S31501014BF8F9D00028F7D111225C6C5A64F3E700BF9A
S31501014C08004000417CF700202DE9F0471D46036865
S31501014C18ADF5147D04460F461646DDF87882002B5C
S31501014C2836D101698268CDE909216068217D0B9335
S31501014C3800F06EFA002835D0142825D16468012CB4
S31501014C4822D1EFF3108072B62F4B1A6807921B69AE
S31501014C580893FCF7ECFA00230DF13009C9F8003085
S31501014C68CDE90339A09BCDE9018600939C9A0D23D1
S31501014C7809A92CA832F09CDD824600F0FDF998B10C
S31501014C88214607AAFFF7A2FF0DF5147DBDE8F087B6
S31501014C98012B37D1002283681146202B8CBF0023B3
S31501014CA80133C0E70446D6E7BAF1000F03D021461E
S31501014CB807AA0120E6E742469D992CA832F06FDF43
S31501014CC80028F4D1E5B97C222946C9F800500DA876
S31501014CD800F06AFC4B46324639462CA832F0C6DF4B
S31501014CE80028E4D19F992CA832F0C2DB0028DED135
S31501014CF82CA833F004D8214607AA0028D9D1C1E73F
S31501014D082B46E8E72120BFE7004000414FF08543E4
S31501014D185A6CD202FCD5586D1B6800F47020704795
S31501014D2808B5054800F033F928B94FF48062034BF9
S31501014D389A66BFF34F8F08BDE0BF0020005080403F
S31501014D4808B528B12822002100F02EFC002008BD53
S31501014D582120FCE7036A042B9FBF00EB8302013381
S31501014D68D16003627047036A10B5052B16D84FF057
S31501014D788542116CC902FCD505339B0013650023D5
S31501014D8813600168116041681160014651F8084FC5
S31501014D9814604FF08544026A9A4200D810BD51F851
S31501014DA8042F01332260F6E7836813B981607047DE
S31501014DB85B685A68012AFBD15960704710B50C46E0
S31501014DC8EFF3108072B60C4B0C495A6E4FF48033CF
S31501014DD8D2034B6601F5DE21D1F80C1658BF084AF4
S31501014DE8216058BF5366FCF722FA2368002023F095
S31501014DF87F43236010BD00BF0040804000508040C2
S31501014E08006080404FF48062024B03489A6600F0C5
S31501014E189FB800BF00608040E0BF002010B504467E
S31501014E28002856D0FFF77CFF00283DD12046FFF721
S31501014E389AFF94F82430002B37D04FF08544A36D9F
S31501014E4843F00203A36501F065FA02281BD0A36D9D
S31501014E5823F00203A3654FF4A022234B9C699A61AF
S31501014E68FFF7D0FF04B3B4F5E02F32D026D8B4F555
S31501014E78403F30D01DD8B4F5803F2ED0B4F5003F60
S31501014E8811D12A2010E0194B4FF0FF31D3F88408CC
S31501014E9801F0A6FBA36D23F00203A3650028DAD06E
S31501014EA82368FFF7AFFF012010BDFFF72FFF044667
S31501014EB8D6E7B4F5802FF6D14B20F5E7B4F5302FB7
S31501014EC80DD0B4F57F0F0CD0B4F5202FEBD11020FE
S31501014ED8EAE72120E8E72C20E6E74820E4E7112064
S31501014EE8E2E70620E0E700BF7CF7002070B6002064
S31501014EF870B5054640B3EFF3108672B6046E012C00
S31501014F0818D924F0010401F089F868B123688BB92D
S31501014F18A4687CB10D4B1B689C4209BF6C6D0124C9
S31501014F28E44304F0010406E000F070FD23683BB197
S31501014F3800F082FD00243046FCF779F9204670BD60
S31501014F48A46800F079FDE4E70124F7E7549100200C
S31501014F5810B50446C8B101F0DDF9022813D1EFF302
S31501014F681083DB070AD4EFF311832F2B06D8206EA2
S31501014F7801F036F9003818BF012010BD2046BDE8F9
S31501014F881040FFF7B5BF0020F4E70120F5E710B59A
S31501014F980446C8B101F0BEF9022813D1EFF3108313
S31501014FA8DB070AD4EFF311832F2B06D8206E01F004
S31501014FB8CFFC003818BF012010BD2046BDE81040BE
S31501014FC8FFF796BF0020F4E70120F5E701280CD881
S31501014FD8084B5B68C3F308034BB90C22064B074818
S31501014FE8D3F8583702FB030070470020704704487D
S31501014FF8704700BF00ED00E070B600207CF7002085
S3150101500888F700204FF082439A6A12F0340F1CBFC9
S3150101501834221A63034B1B7A13B103482BF04A9FB7
S31501015028704700BF7CF70020CCBD00200B4BD3F89D
S3150101503858270123934018400ED0094B5B68C3F3E7
S3150101504808033BB1074AD36B13F0430FFBD1012088
S31501015058FFF7BCBF1046FBE7704700BF70B60020DB
S3150101506800ED00E0004000414368BFF34F8F5A50FD
S31501015078BFF34F8F70470000044B5B68C3F3080306
S3150101508813B90348FFF764BF0020704700ED00E03C
S31501015098A8C1002010B504461648FFF729FF00BB31
S315010150A822687AB9144B197A49B14FF480601349C8
S315010150B8C1F88800BFF34F8FBFF36F8F1A7210487B
S315010150C8FCF76AF82368012B0BD10E4B5B68C3F316
S315010150D8080333B9084B5B6C112B02D10A48FCF75B
S315010150E85BF864202268094BBDE8104000FB0230D9
S315010150F8FFF72EBFA8C100207CF7002000E100E0E0
S31501015108A491030100ED00E0A89103010CC200205E
S31501015118012870B504460E463FD8224B5B68C3F396
S315010151280803CBB9204D05F63830FFF730FFE8B94A
S31501015138642005F69C3300FB0430C5F85847FFF790
S3150101514826FF98B9D5F8583733B92EB14A201DF03B
S31501015158FBDF0122154B1A72124D44B91448FBF7AC
S3150101516865FF6B68C3F30803CBB9002070BD11480D
S31501015178FBF75CFF6B68C3F30803002BF5D00E4BF5
S31501015188DA6B12F0430FFBD19B6A084A13F0240329
S3150101519818BF012314205364E8E72120E6E70F200D
S315010151A8E4E700BF00ED00E070B600207CF70020BF
S315010151B8A4910301A89103010040004108B5084BD8
S315010151C81B7A5BB101F0A6F8022807D1054B4FF00E
S315010151D8FF31186EBDE8084001F002BA08BD00BFEB
S315010151E87CF70020CCBD00207BB972B90029BEBF6E
S315010151F800204FF0004106E008BF00281CBF6FF0F0
S3150101520800414FF0FF3000F0CDB9ADF1080C6DE961
S3150101521804CE002909DB002B1ADB00F04DF8DDF875
S3150101522804E0DDE9022304B07047404261EB410124
S31501015238002B1BDB00F040F8DDF804E0DDE9022371
S3150101524804B0404261EB4101524263EB43037047AB
S31501015258524263EB430300F02FF8DDF804E0DDE980
S31501015268022304B0404261EB41017047524263EBAC
S31501015278430300F021F8DDF804E0DDE9022304B077
S31501015288524263EB4303704753B94AB9002908BF30
S3150101529800281CBF4FF0FF314FF0FF3000F082B9F3
S315010152A8ADF1080C6DE904CE00F006F8DDF804E06D
S315010152B8DDE9022304B070472DE9F04F099D0C463B
S315010152C8002B4DD18A420F4684469646B2FA82F39D
S315010152D860D94BB102FA03FEC3F120029F4000FADD
S315010152E803FC20FA02F217434FEA1E461FFA8EF40F
S315010152F84FEA1C42B7FBF6F106FB117701FB04F0F5
S3150101530842EA0742904208D91EEB020201F1FF3730
S3150101531802D2904200F231813946121A1FFA8CFCE7
S31501015328B2FBF6F006FB102200FB04F44CEA024C30
S31501015338644508D91EEB0C0C00F1FF3202D2644513
S3150101534800F21E81104640EA0140ACEB040C002133
S3150101535825B12CFA03F30022C5E90032BDE8F08F25
S315010153688B4205D90DB1C5E9000100210846F5E7CA
S31501015378B3FA83F100294DD1A342C0F0F3809042DB
S3150101538880F0F080064623460846002DE6D0C5E999
S315010153980063E3E7002B40F0A3808A1A4FEA1E4710
S315010153A81FFA8EF60121B2FBF7F407FB14204FEA27
S315010153B81C4242EA004206FB04F090420FD91EEB59
S315010153C8020204F1FF382CBF4FF001094FF0000921
S315010153D8904203D9B9F1000F00F0CC804446121A64
S315010153E81FFA8CFCB2FBF7F007FB102200FB06F64D
S315010153F84CEA024C664508D91EEB0C0C00F1FF324A
S3150101540802D2664500F2B3801046ACEB060C40EABF
S3150101541804409DE7C1F120068B4004FA01FE22FAF8
S3150101542806F720FA06FCF4408A401F434EEA0C03AC
S3150101543800FA01FE4FEA17484FEA13491FFA87FC9A
S31501015448B4FBF8F008FB104449EA044400FB0CF9E3
S31501015458A1450ED93C1900F1FF3A2CBF4FF0010BBA
S315010154684FF0000BA14503D9BBF1000F00F08B806A
S315010154785046A4EB09041FFA83F9B4FBF8F308FBB8
S31501015488134403FB0CFC49EA0444A44506D93C1917
S3150101549803F1FF3801D2A4457BD8434643EA0040CC
S315010154A8A4EB0C04A0FB02984445CC46434602D31F
S315010154B806D1CE4504D20138B9EB020C68EB0703D4
S315010154C8002D6CD0BEEB0C0264EB030422FA01F346
S315010154D804FA06F6CC4000211E43C5E900643DE7FE
S315010154E802FA03FEC3F1200104FA03F200FA03FCEE
S315010154F8CC404FEA1E4720FA01F11FFA8EF6B4FB9A
S31501015508F7F00A4307FB1044110C41EA044100FB79
S3150101551806F48C420ED91EEB010100F1FF382CBFAE
S315010155284FF001094FF000098C4202D9B9F1000F78
S315010155382CD04046091B92B2B1FBF7F407FB1411B3
S3150101554842EA014204FB06F1914207D91EEB020226
S3150101555804F1FF3801D291421ED84446521A44EA4F
S31501015568004120E7861A64EB030301200DE7F444A1
S3150101557802384AE7023C724431E702397244CCE601
S31501015588F4440238DFE602383C4472E702387144D2
S31501015598D0E7023B3C4481E7023C7244DEE72946F7
S315010155A8DCE600BF704700BF02440346934200D1BF
S315010155B8704703F8011BF9E730B50C68631C0AD17A
S315010155C803695A684A6091608B605960086103688A
S315010155D80133036030BD00F10802134652681568AC
S315010155E8A542FAD9EDE70000EFF309801EF0100F85
S315010155F808BF20ED108AEFF30B82734620E9FC0FF1
S315010156080F4A116808604FF0300080F31188BFF323
S315010156184F8FBFF36F8F00F097FC4FF0000080F3B7
S315010156281188074A11680868B0E8FC0F13F0100FD2
S3150101563808BFB0EC108A82F30B8880F309881847F2
S31501015648549100201EF0040F0CBFEFF30880EFF30D
S31501015658098001490847000009598000054B1A6864
S3150101566812681AB94FF0FF325A6070471A68D26840
S315010156781268F9E7D88C00202DE9F84349498B6866
S31501015688002B40F08880CC680134CC604CB90B689A
S315010156980B680A690A600B614B6901334B61FFF7B4
S315010156A8DDFF4B680020A34210D91422D1F87C34BE
S315010156B8DB6A02FB0313DB69022BD1F8803428BFAD
S315010156C80120002B18BF0120BDE8F88307464FF0DA
S315010156D81409DFF8D4C00B681B681BB94FF0FF33F7
S315010156E84B60E2E70B68DB68DB685A68944201D2D2
S315010156F84A60DAE7D3F814E0D3E9022595609A6896
S315010157086A60DEF804501A1D954204BFDD68CEF8B9
S3150101571804505F61DEF80050013DCEF80050D3F820
S3150101572828E0BEF1000F13D0D3E90765B560DE693C
S3150101573803F118086E60DEF80450454504BF1D6A79
S31501015748CEF804509F62DEF80050013DCEF80050B4
S31501015758DD6AD1F818E0754588BF8D6109FB051524
S315010157682D6A9D60D5F808E0C3F80CE0CEF804204F
S31501015778AA60DD6A09FB05F50CEB05025A610D44C0
S31501015788EA690132EA61D1F87C54DA6AEB6A9A422A
S3150101579888BF01209FE7D1F8843400200133C1F87D
S315010157A8843491E7D88C0020F48C0020914208B505
S315010157B8416000610BD8D21A83699A4210D2094B0A
S315010157C8011DD3F88804FFF7F7FE002008BD9A42A8
S315010157D801D2994204D2034B011DD3F88C04F2E795
S315010157E80120F3E7D88C002070B504460D4616460C
S315010157F8A1692B46324620462944FFF7D7FF00B94E
S3150101580870BDA36920461D44236A9847F0E70346FC
S315010158181A6C084610B46AB1DC68996814448C425A
S3150101582828BF1968DC6028BFD960D9685DF8044BBF
S3150101583830F0E09E5DF8044B704728B10022826082
S315010158480260C26001F070B97047000000222DE9BB
S31501015858F8430646224C0F46E568D4F80080D4F889
S315010158681090D4F87C34D4F87C0483F8562004309B
S3150101587801F048F9731C1DD1E7B1D4F80C37D4F8F6
S315010158887C2493609968D4F87C24D160D4F87C246B
S3150101589804324A60D4F87C2404329A60D4F87C3400
S315010158A804F5E1625A61D4F808370133C4F80837B7
S315010158B8BDE8F883D4F87C34D4F87C14AD195D605D
S315010158C801F1040104D34846BDE8F843FFF774BE64
S315010158D84046FFF771FE6368AB4288BF6560E7E73B
S315010158E8D88C002070B50E4B0546D3F88C340E467C
S315010158F8DB68DC68201D01F005F994F828305A07A0
S3150101590809D5324629462046FFF76EFF2046236A06
S31501015918BDE87040184723F0010384F82830F5E7FC
S31501015928D88C002010B5094CD4F88C341A6832B9D0
S31501015938D4F88824C4F88834C4F88C2410BDDB68EB
S315010159484FF0FF311868FFF7CDFFEDE7D88C00203E
S315010159584FF0FF3200F10803C0E9022343600361F6
S315010159680023036070474FF0E0234FF08052C3F8DC
S31501015978042DBFF34F8FBFF36F8F7047094A116823
S31501015988086806C881F30B88022181F3148820303F
S3150101599880F30988BFF36F8F4FF0000080F31188F8
S315010159A81047000054910020836913F8023C662BC5
S315010159B80FD14FF0E023D3F8882D42F47002C3F8D2
S315010159C8882DD3F8342F42F04042C3F8342FFFF71C
S315010159D8D5BF704706480068006880F3088862B633
S315010159E861B6BFF34F8FBFF36F8F66DF00BF00004C
S315010159F808ED00E0EFF311804FF0300181F31188D2
S31501015A08BFF34F8FBFF36F8F7047000008B5FFF7DC
S31501015A18F1FF044A536901335361BFF34F8FBFF352
S31501015A286F8F08BDC8E4002080F31188BFF34F8F3B
S31501015A38BFF36F8F70470000044B5A695A69013ADF
S31501015A485A61586908B9FFF7EFBF7047C8E40020E2
S31501015A58F8B5374C0546FFF7D9FFD4F8483704F1AD
S31501015A681C060133C4F84837D4F87C14002951D1EE
S31501015A78C4F87C54D4F84837012B1ED1304601317C
S31501015A88FFF766FF382900F11400F8D129490846BC
S31501015A9801F11407FFF75CFF3846FFF759FF01F1DA
S31501015AA82800FFF755FF01F13C00FFF751FFA1F16E
S31501015AB84400FFF74DFF21602761D4F8A037A26999
S31501015AC801332B64C4F8A037EB6A291D93424FF0C1
S31501015AD8140288BFA36102FB03431B6AAB60986882
S31501015AE8E86041609960EB6A53431E446E61234441
S31501015AF8DA690132DA61FFF79FFFD4F89C37B3B14E
S31501015B08D4F87C34DA6AEB6A9A4210D2BDE8F840D5
S31501015B18FFF729BFD4F89C27EB6A002ACDD1D4F81F
S31501015B287C24D26A9A4298BFC4F87C54C5E7F8BD69
S31501015B38D88C00202494002070B5B9B100230C4AF1
S31501015B481C4615465668864204D105EBC403C3E9CA
S31501015B5800100BE01BB91668002E08BF1346013465
S31501015B680A2C02F10802EDD1002BF0D170BD00BF5C
S31501015B787C940020002330B5094A02F2A47101EB95
S31501015B88C3056D68DC00854206D100232244C2F8AB
S31501015B98A437C2F8A83730BD01330A2BEFD1FAE78A
S31501015BA8D88C0020F8B504460127FFF72FFF94F892
S31501015BB84550184E6DB2002D14DCFF23012784F8D8
S31501015BC84530FFF739FFFFF721FF94F84450114E8D
S31501015BD86DB2002D12DCFF2384F84430BDE8F8408C
S31501015BE8FFF72ABF636A002BE7D0206B00F026FF77
S31501015BF808B1C6F88074013D6DB2DCE72369002B53
S31501015C08E9D0E06900F01AFF08B1C6F88074013DD0
S31501015C186DB2DEE7D88C00202DE9F04317465822EC
S31501015C280E46002187B005929846DDE90F94059B3A
S31501015C380546059B0491C4B1B9F1000F15D020465B
S31501015C48FFF7B2FC022384F8553004ABC4F830904F
S31501015C5801930E9B284600933A46434631460294E0
S31501015C6800F010FE2046FFF7F3FE049807B0BDE8E1
S31501015C78F0830000024A936801339360704700BFBD
S31501015C88D88C00202DE9F0413E4CFFF7BFFEA368F1
S31501015C98A368013BA360A3682BB10024FFF7CCFEDF
S31501015CA82046BDE8F081D4F84827002AF5D0984660
S31501015CB81E4614204FF0010C04F11C0744E0D4F8E8
S31501015CC88037DB68996AD3E90752AA60DD6903F16E
S31501015CD8180E55604A68724504BF1A6A4A60C3F8C4
S31501015CE828800A68013A0A605969D3E90252AA6009
S31501015CF89D6803F1040E55604A68724504BFDA6866
S31501015D084A605E610A68013A0A60DA6AA1698A42E9
S31501015D1888BFA26100FB0242126A9A609168D96042
S31501015D28C1F804E0C2F808E0DA6A4243B9185961D0
S31501015D382244D1690131D161D4F87C14DA6AC96A7C
S31501015D488A4201D9C4F880C4D4F87427002AB6D185
S31501015D580BB1FFF783FCD4F884544DB10126FFF743
S31501015D688BFC08B1C4F88064013DF8D1C4F88454A8
S31501015D78D4F88034002B90D0D4F87C34FFF7F3FDA6
S31501015D8801248BE7D88C002008B538B1FFF772FFDB
S31501015D981DF0F0D9BDE80840FFF774BF08BD10B57D
S31501015DA8FFF7E8FE90F846301BB9BDE81040FFF74A
S31501015DB8EBBF10BD10B590F8553004463BB9006BE1
S31501015DC8FFF7E2FF2046BDE81040FFF7DDBF012BD3
S31501015DD8F9D010BD70B50546254CFFF717FE0DB96B
S31501015DE8D4F87C542E1D304600F08CFEAB6A1BB1EB
S31501015DF805F1180000F086FED4F8A0370133C4F87E
S31501015E08A037D4F87C34AB42D4F89C3700D163B9B6
S31501015E18D4F84837013BC4F84837FFF71FFCFFF7A9
S31501015E280BFE2846FFF7C6FF14E0D4F88C37AB60A2
S31501015E389A68EA6056609E600E4B6B61D4F88837A2
S31501015E480133C4F88837D4F8F4370133C4F8F43781
S31501015E58FFF7F2FDD4F89C3743B1D4F87C34AB4251
S31501015E6804D1A368BDE87040FFF77DBD70BD00BFD1
S31501015E78D88C00206094002008B5114CD4F8F43769
S31501015E882BB9E369012BF9D9FFF76DFDF6E7FFF7A1
S31501015E98BDFDD4F89437DD68281D00F033FED4F82A
S31501015EA84837013BC4F84837D4F8F437013BC4F8FD
S31501015EB8F437FFF7C1FD2846FFF77CFFDEE700BF90
S31501015EC8D88C0020F8B504460D46FFF79FFD154A03
S31501015ED86168D068D2F87C3493F856304BB1D2F860
S31501015EE87C34002283F856200124FFF7A5FD2046BC
S31501015EF8F8BD2B685E1C12D056692768B74204D0D3
S31501015F08814202D800232B60EEE7461AB342F9D93A
S31501015F181B1A0B442B6053692360D3686360002401
S31501015F28E3E700BFD88C002010B50C46054BD3F822
S31501015F387C141831FFF740FB2046BDE810400121CA
S31501015F48FFF784BCD88C002030B51F4B9A681AB16B
S31501015F580122C3F8802430BDC3F88024D3F87C24F8
S31501015F68126B1168B1F1A53F0BD15168B1F1A53F8A
S31501015F7807D19168B1F1A53F03D1D268B2F1A53F25
S31501015F8803D0D3F87C24D3F87C2414259A690F4CC1
S31501015F9805FB02F10859A8B15818056A08316D6857
S31501015FA80C44A54208BF816A056208BF0162142132
S31501015FB801FB0231096AC968C3F87C149A61D3F8ED
S31501015FC87C34C8E7013AE3E7D88C0020F48C002039
S31501015FD8054BD3F89C272AB19868B0FA80F0400995
S31501015FE84000704701207047D88C002038B54FF022
S31501015FF8E0252B69FFF7ECFF01280ED0FFF7FAFC24
S315010160080446FFF739FB18B14FF08053C5F8043D33
S315010160182046BDE83840FFF707BD38BD08B5EFF39F
S31501016028058111B10121084608BDFFF7D1FF0128F4
S31501016038F9D0EFF31083002BF4D1EFF31181003975
S3150101604818BF0121EFE700232DE9F04F87B0064676
S315010160580F4615460593FFF7E1FFC8B9AC692CB19F
S31501016068631E372B03D907B0BDE8F08F18246B6877
S31501016078DB0754D46B696BB14FEA9308D5F80090E5
S31501016088D5E9021249B1572A02D92A6902B1B3BB24
S315010160980598E8E74FF0A008F0E7002AF8D1D5F806
S315010160A810B0BBF1000FF3D14FEA8800FFF7E2FD0B
S315010160B81DF056D88246FFF7E5FDBAF1000FE7D084
S315010160C85820FFF7D7FD1DF04BD80546FFF7DAFD36
S315010160D80DB3594658222846FFF766FA013C05AB26
S315010160E8C5F830A03046019342463B4649460295DA
S315010160F8009400F0C7FB2846FFF7AAFCC8E7013C54
S31501016108CDE901213B464246494630460094FFF70F
S3150101611883FD0590BCE75046FFF736FEB8E7002038
S31501016128A1E773B50546FFF779FF18B100242046A3
S3150101613802B070BD6B6813F00801F7D1D5E90242C7
S3150101614803F00103ECB14F2AF0D9502233B300927F
S31501016158009B009B01232046C4E90F3184F8463090
S31501016168246000F027FC0423204684F84C30FFF70D
S3150101617864FB296811B12046FFF7DEFC44F00104EE
S31501016188D5E7002AD2D10BB30421012000F03AFC4C
S315010161980446FFF752FB002CEBD1C7E70126019212
S315010161A82046C4E90F6384F846602460019A019A7E
S315010161B800F000FC204684F84C60FFF73EFB296895
S315010161C80029B4D02046FFF7B7FCB0E701210846FC
S315010161D800F018FC0446FFF730FB002CEFD1A5E7C8
S315010161E870B5054620F0010400F00106FFF716FF18
S315010161F8C8B9012D1AD976B10E4BA268D3F87C34E8
S315010162089A420DD1E368013BE36013B9204600F0D8
S315010162188BFC002006E0204600F086FC0128F8D018
S315010162286FF0020070BD6FF00500FBE76FF0030028
S31501016238F8E700BFD88C0020F7B505460E46174684
S31501016248FFF7ECFE38B935B1B54204D3D7E90243B4
S315010162582CB14F2B0ED80024204603B0F0BD002BDC
S31501016268F9D1012D39D10321284600F0CBFB04468A
S3150101627890B9F0E7012D4FF0500317D10093C4E906
S315010162880F5084F8465020462460009B009B00F07D
S3150101629891FB032384F84C30C6B1204600F044FC37
S315010162A8012813D02046FFF77AFDD4E70193019B14
S315010162B8019B0123C4E90F5084F846302046246026
S315010162C800F078FB022384F84C30A663396800296B
S315010162D8C2D02046FFF730FCBEE70221284600F06E
S315010162E891FB04460028F0D1B5E738B50546FFF715
S315010162F895FE044638B94DB12846FFF73BFCFFF731
S315010163084EFD204638BD6FF00500FBE76FF003002F
S31501016318F8E7000008B5FFF75BFE40B1022805D092
S31501016328044BD3F8F807431E5842584108BD0320C8
S31501016338FCE700BFD88C002008B5FFF76FFE0146C0
S3150101634840B9FFF745FE40B1022808D1FFF792FC93
S31501016358084608BD6FF00500FBE70120F9E74FF094
S31501016368FF30F6E710B50446FFF758FEB0B9FFF757
S315010163782FFE30F0020314D1012C03D1FFF77AFC69
S31501016388204610BD6CB9FFF77DFC0128F8D0FFF74F
S315010163981FFE841E18BF4FF0FF34F1E76FF00504A5
S315010163A8EEE74FF0FF34EBE72DE9FF4700250446F9
S315010163B801912E46FFF70CFEA846874FFFF726FBEC
S315010163C8A36BCBB1013BA36323683BB9824BD3F8DA
S315010163D87C3413B1DA6C0132DA64A36023692BB117
S315010163E8E06900F02BFB08B1FFF7BDFAFFF724FBC3
S315010163F8012004B0BDE8F087019B1BB9FFF71CFB1F
S315010164080020F6E71EB97B690293FB680393FFF740
S3150101641813FBFFF72FFCFFF7F9FA94F84430FF2B2A
S3150101642808BF84F8448094F84530FF2B08BF84F8E7
S315010164384580FFF701FB01A902A8FFF743FD0646BF
S31501016448002871D1FFF7E2FAA36B002B55D1FFF7AB
S31501016458F3FA2368002B42D1FFF7D8FAA568002D74
S315010164683AD05D4EEB6AD6F87C24D26A934252D26F
S31501016478AA69DFF86891002AA1BFD6F87C24D26AF5
S31501016488C2F13802AA61142202FB03936A699A428C
S315010164983CD105F1040A504600F034FBD6F87C34A8
S315010164A8B269DB6A93424FF01402EB6288BFB361AA
S315010164B802FB03631B6AAB609968E960C1F804A032
S315010164C8C3F808A0EB6A534309EB03026A61334433
S315010164D8DA690132DA610126FFF7AEFA3546019921
S315010164E804F12400FFF720FD2046FFF75BFBFFF7C8
S315010164F8C9FB48B9FFF737FA06E0FFF79DFA2046C7
S31501016508FFF750FBFFF7BEFB012657E7D6F87C34A8
S31501016518DB6AEB62DFE7D6F87C34AE6CDB6A9E4256
S315010165282CBF00260126D7E72046FFF73BFBFFF7DD
S31501016538A9FBFFF76BFAA36B13B1FFF77DFAE3E743
S31501016548FFF77AFA002D3FF45BAFFFF75FFA636A4B
S315010165581BB1236B1B68C3F13803A468002C3FF4F4
S315010165684DAFA26C934238BF1346E26A93423FF498
S3150101657845AFE16C01297FF441AF174DE362D5F8C7
S315010165887C14A169154E0029A4BFC3F13803A3617F
S31501016598142303FB0262636993427FF42FAF271D1C
S315010165A8384600F0AFFAE36AAA6993424FF014023A
S315010165B888BFAB6102FB03531B6AA3609968E1605B
S315010165C84F609F60E36A53431E4466611D44EB694C
S315010165D80133EB6112E700BFD88C0020F48C00204F
S315010165E82DE9F0410F46044618B96FF00300BDE8DD
S315010165F8F081FFF713FD00283CD0002FF5D118F0E3
S31501016608CDD9FFF7F7F9D4F838800646B8F1000F66
S3150101661804D1FFF709FA6FF00200E8E794F844504C
S3150101662839462046FFF7F3F86DB208F1FF33A36344
S315010166386B1C15D123691BB93046FFF7F5F90DE036
S31501016648E06900F0FBF90028F6D03046FFF7ECF9CE
S315010166584FF0E0234FF08052C3F8042D0020C6E71E
S315010166680A4BD3F848379D423EBF01356DB284F8CE
S315010166784450E1E739462046FFF796FE0128EDD059
S31501016688002FC8D06FF00100B1E700BFD88C0020F8
S315010166984FF000098FB57A4DD5F88C34D5F8E01845
S315010166A81F68002F49D1FFF7E5FAEE688E4252D3EA
S315010166B8D5F88834C5F8E0681B68B3FA83F84FEA58
S315010166C85818D5F8E448FFF7A1F994F84430FF2B97
S315010166D808BF84F8449094F84530FF2B08BF84F825
S315010166E84590FFF7A9F9A36BF3B9A36AD5F87C24F9
S315010166F8D3619968D5F87C241162D5F87C241832BE
S315010167084A60D5F87C2418329A60D5F87C3404F1AC
S3150101671824029A62636A01336362B8F1000F4ED1AA
S31501016728B81B4146FFF792F82046FFF73BFAFFF7F8
S31501016738A9FAB0B9FFF717F913E0DB681F68FFF784
S3150101674899FAEE688E4206D3B742C5F8E0682FD9A1
S315010167584FF00008B5E7FFF7E5F8C5F8E068FFF778
S3150101676891FA102200216846FEF71EFFD5F8E44882
S31501016778FFF72EFCFFF74AF9A66B002E7CD0694676
S315010167882046FFF744F82369013EA6632BB1E06968
S3150101679800F054F908B1FFF7E6F8FFF74DF9009E45
S315010167A8029C002E0EDA20460399019B9847DDE7E4
S315010167B8FFF768FA31463846FFF794F8D1E74FF003
S315010167C8FF30AEE7636993B9EF68D5F8E038BB42A4
S315010167D801D9FFF7A7F8013EC5F8E078082EC5D813
S315010167E8DFE806F009092C334209092C3300201D7B
S315010167F800F088F9E8E794F82830019EA16943F089
S31501016808010384F828303A46334620463144FEF7D7
S31501016818CDFF0028AAD094F82820510709D5A169E6
S315010168283A4620463144FEF7DFFF2046236A984758
S315010168389CE722F0010284F82820F6E794F828302B
S3150101684823F0010384F8283090E794F82830019958
S3150101685843F0010384F82830A1613B463A462046B4
S315010168683944FEF7A3FF81E794F828309A07E7D45C
S315010168782046FFF789FA79E7FFF7DEF80CE700BF4B
S31501016888D88C00202DE9F8430E460A9D940022462C
S31501016898A5218046286B9946089FFEF785FE296B37
S315010168A8221F0A4422F007026EB1731E05F1330055
S315010168B8093613F8014F00F8014F0CB1B342F8D16B
S315010168C8002385F83D3000236B61AB624FF080737D
S315010168D8EF62AF64C7F13807AF612D616D6242E9B5
S315010168E802831A4B4FF0123042F80C3C4FF0033336
S315010168F84FF0023442E905304FF001334FF01136BA
S3150101690842E907344FF010334FF0093742E90A36A5
S315010169184FF008334FF0073C42E90C374FF0063385
S315010169284FF0053842E90E3C4FF0043342E910387D
S315010169386FF0430342F8443C099B42F8209C42F814
S31501016948481D2A601D60BDE8F88300BF19E90101E8
S3150101695870B5054620F0010400F00106FFF75EFB5C
S3150101696800BB012D21D9BEB1114BA2681B689A4200
S3150101697804D1E3680133E36000200CE04FF0FF31F5
S315010169882046FFF711FD20B1E3680133E3600128D1
S31501016998F2D06FF0010070BD4FF0FF312046FFF7CD
S315010169A803FDF4E76FF00500F5E76FF00300F2E781
S315010169B85491002038B5044618B3C56B0DB3036C61
S315010169C8A3FB0535EDB9FFF721F8D4E90F314B439F
S315010169D82268A563D0185B1A62601A44FF23A06076
S315010169E884F84430E26084F8453004F11000FEF77A
S315010169F8AFFF04F12400FEF7ABFFBDE83840FFF70E
S31501016A081BB838BD70B50E46054640B1FFF732F9D8
S31501016A1850201CF0A5DB0446FFF734F914B900240C
S31501016A28204670BD00232046C4E90F5384F8463039
S31501016A382460FFF7BFFF84F84C60F1E730B5C368FE
S31501016A489A6AD3E907018160D8694860516803F1F7
S31501016A581800814204BF196A5160002199621168BF
S31501016A6801391160214A1268002A33D1D3E9020199
S31501016A785A698160986848605168181D814204BF46
S31501016A88D9685160002159611168013911601849A4
S31501016A98DA6A0C68A2424FF0140488BF0A601549E4
S31501016AA804FB021252689A609568DD60686090601D
S31501016AB8DA6A6243501858618858013088500E4A7B
S31501016AC81168DA6ACB6A9A4285BF01200B4B00200D
S31501016AD8186030BD0A4A5168D9618C681C626060C8
S31501016AE8886011689A6201311160E8E7E08C00203B
S31501016AF8F08C0020F48C002054910020589100203C
S31501016B084C9400200369D0E901128A6041685160F9
S31501016B185A68904204BF82685A60002202611A6863
S31501016B28013A1A6070470000F8B50446FFF750FAB2
S31501016B38FEF76CFFA26BE36B9A425AD2A66B226CE3
S31501016B480136002A44D1226862B1636AA6632BB170
S31501016B58206BFFF773FF08B1FEF705FFFEF76CFF20
S31501016B680120F8BDA568002DEFD0244BE86A1B6802
S31501016B78A96CEB6C884203F1FF33EB6400D00BB1CE
S31501016B88A260E2E7281DFFF7BDFFAB6CC3F138022E
S31501016B98AA611B4AEB6211688B424FF0140188BF47
S31501016BA81360184A01FB03235B68AB609F68EF60BA
S31501016BB878609860EB6A4B4399186961D15801313C
S31501016BC8D1500023A360636AA663002BC4D0BFE733
S31501016BD8002160682FF00EDD6368226CA6631344F9
S31501016BE8A2686360934228BF2268636A28BF62600C
S31501016BF8ADE7FEF721FF0020B3E700BF549100205E
S31501016C08F08C0020F48C002038B5044620F00105EB
S31501016C18FFF704FA48B9012C07D92846FEF7AAFF56
S31501016C282846BDE83840FFF7BAB838BD2DE9F04125
S31501016C380446FFF7F3F938BB34B3144B1B689C427E
S31501016C4818D0FEF7E3FE124BD4F828801F68114BC2
S31501016C5865691E68FEF7F0FE0F4B98450AD0BD42DD
S31501016C6808D0B54206D00D4B9D4208D1A36A0BB98E
S31501016C7894F854302046BDE8F041FFF7ABB8084B0C
S31501016C889D4201D0002DF5D1BDE8F0815491002036
S31501016C98D88C0020E88C00204C940020E093002039
S31501016CA86094002038B5044630B3FFF7B7F978B3D5
S31501016CB817F074DEFEF79EFEA26BE36B05469A4258
S31501016CC803D3BDE83840FEF7AFBE94F8451001324B
S31501016CD8FF294BB2A26310D1636A002BF1D0206B55
S31501016CE8FFF7ACFE90B12846FEF79EFE4FF0E02372
S31501016CF84FF08052C3F8042D38BD084A12689342F1
S31501016D083EBF01335BB284F84530DAE72846D8E756
S31501016D182046BDE83840FFF707BF00BF2094002091
S31501016E00014B1868704700BFA88400204FF0FF307E
S31501016E10704710B5044600B9FEE7037F1BB143690C
S31501016E2098470023237710BD094A091A891030B5FD
S31501016E3051430346002224258A4205FB023005D02F
S31501016E400BB1046A04B130BD0132F5E70020FAE75E
S31501016E50398EE338014B5B69184700BFA8840020CE
S31501016E6010B5EFF31184302282F31188094A111DFD
S31501016E705032831A1E22DB10B3FBF2F32420DBB25C
S31501016E8000FB0310FFF7C5FF84F31188BFF36F8F72
S31501016E9010BD00BFA8840020014BD3F8403218472A
S31501016EA0A884002010B5EFF31184302282F31188F2
S31501016EB0094A02F50C715032831A1E22DB10B3FB0B
S31501016EC0F2F32420DBB200FB0310FFF7A2FF84F3E8
S31501016ED01188BFF36F8F10BDA884002070B50D46D0
S31501016EE00668EFF31182302181F311880021046ACA
S31501016EF0016282F31188BFF36F8F002C00DC70BD34
S31501016F003046013CA847F8E7FEE7114B03F1500271
S31501016F10821A1E20D210B2FBF0F2D2B203EB42006A
S31501016F20B0F8780203F51F730144002089B203EB1F
S31501016F3082131A888A4201D19A783AB90130102806
S31501016F4003F10403F5D14FF0FF30704700B27047EA
S31501016F50A884002038B504460D46FFF7D6FF80B256
S31501016F600F2825D91E21154BE21AD210B2FBF1F2D7
S31501016F70D2B203EB821303F22E21002311F823006F
S31501016F80C0B10133102BF9D14FF0FF3399B20F295B
S31501016F9012D80B4903EB021301EB830301EB420107
S31501016FA0B1F8782215440122A3F87C5283F87E2296
S31501016FB0002038BD1BB2E9E70320FAE7F884002077
S31501016FC0A8840020154B30B503F15002821A1E2008
S31501016FD0D210B2FBF0F24C880D88D2B225448C88CE
S31501016FE003EB4200C988B0F878022C4421440144DC
S31501016FF0002003F53F7389B203EB82131A888A4293
S3150101700001D19A783AB90130102803F10403F5D177
S315010170104FF0FF3030BD00B2FCE700BFA88400206D
S3150101702003468288C088114481429DBF18689980B0
S31501017030801800207047A0F14103052B04D8373889
S31501017040C0B2087000207047A0F16103052B01D879
S315010170505738F5E73038C0B20928F2D90720704709
S3150101706070B5466804460D4626B9BDE870404B68C1
S31501017070006818478B689847B2680146831A002B46
S31501017080B8BF121A2B682068A8BF0022BDE870405C
S31501017090184738B50C461146E2680346944206D0B4
S315010170A04568AC420BD14260FFF7DAFFE46038BDB7
S315010170B094420DD01146D268002AF9D1F6E72A4643
S315010170C00021F9E7CB68002BF0D0DB68CB60EDE757
S315010170D00029F7D1002DE9D0EA685A60E6E770B5D3
S315010170E0466804460D467EB18B689847B368C01A57
S315010170F0002809DB20462A463146FFF7CAFF3046FA
S315010171007368BDE87040184729462046BDE87040BE
S31501017110A6E701490830E2E79883030101491030E6
S31501017120DDE700BFA483030110B50446FFF792FE14
S31501017130D4E901316269C01A9A4202D10028A8BF75
S31501017140013110BD0122024B002083F87C237047D7
S31501017150A88400200020024B83F87C03704700BFFE
S31501017160A8840020704700F44053B3F5005F04D1B1
S3150101717000F44C43B3F54C4F07D0B0F5804F04D31F
S3150101718080F04000C0F3801070470020704700F086
S315010171901800102805D0A0F1180358425841C00023
S315010171A0704704207047012300F00700834013F064
S315010171B0220F09D113F0880F08D113F0440F14BF20
S315010171C001200020C000704704207047102070473D
S315010171D008B54307024608D0FFF7D9FF12F0180F89
S315010171E00CBF05300630C0B208BDFF20FCE72DE912
S315010171F0F3470E46044608B30378302B18D143787A
S3150101720003F0DF03582B13D10127023400224FF07B
S31501017210993915464FF00A08DFF870A020784FB169
S315010172200DF10701FFF707FFA8B102B0BDE8F0872D
S315010172300027EBE73038C0B2092801D90720F4E766
S3150101724091457AEB05038DF80700F7D3A2FB0823D5
S3150101725008FB053306E0B5F1805FEFD22B0143EA66
S31501017260127312019DF807100020891853F10003CA
S3150101727028BF01200A461D460028DFD114F8010F57
S315010172800028CBD1C6E90013CFE700BF9999991917
S3150101729013B50C466946FFF7AAFF48B94FF0FF320D
S315010172A0009B9A42019A70EB020234BF07202360C8
S315010172B002B010BD10B5C38802895C1C944297BF08
S315010172C002680620D35C0B709FBFC3880133C3805C
S315010172D0002010BD13B50C460DF10701FFF7EAFFBA
S315010172E028B99DF8073023B1012B04D1237002B0CF
S315010172F010BD0346FAE70620F9E713B50C460DF171
S315010173000701FFF7D7FF10B99DF80730237002B0C7
S3150101731010BD10B5C38802899C1C94420BD8026822
S31501017320D4186478D35C43EA04230B80C3880233FF
S31501017330C380002010BD0620FCE770B5C48803890F
S31501017340221D9A4211D805682A19937856782C5D1F
S315010173501B04D27843EA0623234343EA02630B6003
S31501017360C3880433C380002070BD0620FCE770B5D5
S31501017370C288038902F108049C421CD80568AC182D
S31501017380A3786678AA5C1B0443EA06231343E278D1
S31501017390657943EA0263227942EA0522A579E4790C
S315010173A042EA054242EA0462C1E90032C38808336E
S315010173B0C380002070BD0620FCE7F0B50024C28819
S315010173C0036807899E182346BF1A9F42C3EBC30E62
S315010173D012D0052B10D016F803C001330CF07F052E
S315010173E005FA0EF51CF0800F44EA0504EDD11A44A5
S315010173F0C28000200C6000E00620F0BD30B5C488D3
S315010174000389A5189D42D7BF036806201B190B6086
S31501017410DFBFC388D218C280002030BDF7B50E4642
S315010174200DF1060105461446FFF773FF40B9BDF894
S31501017430067031463A462846FFF7E0FF00B9278034
S3150101744003B0F0BD1C282ED8DFE800F00F30111370
S315010174502D1517192D2D2D2D1B1D1F212D2D2D27D8
S315010174602D2D2D25232D2D292B00002070470E2092
S3150101747070470B2070470C20704709207047032085
S31501017480704702207047042070471120704712206F
S315010174907047132070471420704716207047172034
S315010174A070471820704700F58040704701207047EA
S315010174B0F7B504460025012700F19006B4F8962098
S315010174C0B4F898309A4204D10020C4F8B05003B000
S315010174D0F0BD30460DF10701FFF7ECFE0028F6D1AC
S315010174E09DF807301F2B03D807FA03F31D43E5E780
S315010174F00720ECE700F1B40190300AE70C20704750
S31501017500002307B590300DF107018DF80730FFF71C
S31501017510F4FE18B99DF80720024B1A7003B05DF805
S3150101752004FB00BF38F7002007B590300DF10701C4
S31501017530FFF7E3FE002808BF0C2003B05DF804FB4A
S3150101754007B590300DF10601FFF7E3FE002808BFEC
S315010175500C2003B05DF804FBFEE7FEE737B5002317
S3150101756000220446CDE90023FFF774FC694605466E
S3150101757004F19000FFF7FBFE60B9DDE90032AB4291
S3150101758072F1000108D35B1B62F10002C4F898395C
S31501017590C4F89C2903B030BD0720FBE7F0B50446CA
S315010175A00C260020013A82420DD870430A18095867
S315010175B08B4215BF0023D2E90101C4E90033C4E9B5
S315010175C000012046F0BD15186D0806FB05F7CF59D8
S315010175D09F422CBF2A46681CE5E7074BD3F8802357
S315010175E0002352F8041F884201D1D8B270470133F2
S315010175F0042BF6D100207047A884002010B590F81D
S315010176007119044601F67A1101449030FFF762FEC1
S3150101761050B9226894F87139926C32B11C4494F8CC
S315010176207A29034B83F8842310BD0D20FCE700BFA3
S31501017630A884002037B504460DF106019030FFF705
S3150101764068FE0546E0B923689A6CE2B1DC69BDF8CA
S3150101765006102046FFF759FC83B20F2B15D80C4BA8
S3150101766003F15002A41A1E22E410B4FBF2F4E4B2AF
S3150101767000EB041003EB800383F87E52A3F87C52DE
S31501017680284603B030BD0D25FAE70A25F8E700BF04
S31501017690A884002013B504460DF106019030FFF7C9
S315010176A038FE50B923689A6C32B1BDF80610D86913
S315010176B002B0BDE810404DE40D2002B010BD13B576
S315010176C004460DF106019030FFF723FE50B92368F8
S315010176D09A6C4AB1BDF80620B3F86010914201D007
S315010176E0A3F8602002B010BD0D20FBE713B50446D7
S315010176F00DF107019030FFF7DDFD50B99DF8073017
S3150101770003F0030304EB83046368002B14BF2320F6
S315010177100C2002B010BD73B50D46044600B9FEE753
S31501017720037F03F0FF0103B1FEE70D4B1A68954292
S3150101773013D840F2E730D3F888634FF47A72002305
S31501017740E5FB0601EDF750DD0123009301462346D2
S31501017750044A6068E9F742DF00B1FEE702B070BD95
S31501017760A8840020D501800010B5E9F729DD124B67
S315010177708342124B8B411ED3114BD3F88823D2B1CD
S315010177804FF47A74A0FB040304FB0131531E134227
S315010177900DD1B2FA82F2C2F11F04531CD243E04069
S315010177A001FA03F3184321FA02F2104310BD002333
S315010177B0EDF71ADDFAE7FEE7EFA7C64B3789410078
S315010177C0A884002000B9FEE74068E9F72B9F07B5B9
S315010177D00A4600B9FEE7037F03B1FEE7064B0190B6
S315010177E00093416801234FF0FF301EF0B4FF00B151
S315010177F0FEE703B05DF804FBDB0180004FF0FF30CB
S315010178001FF063B900B9FEE741684FF0FF301EF082
S31501017810B2BF38B5124C94F87C33E3B1E9B11568BE
S31501017820104928461EF0CDFE014668B9D4F88C03ED
S315010178301FF0EBF910B90024204638BD0124214679
S31501017840094816F0E1FEF7E7284608491EF0B9FE98
S3150101785018B90121EAE70D24F1E70724EFE700BF93
S31501017860A8840020B87D0301C77D0301BF7D030103
S3150101787008B5054B014683F89003D3F88C031FF035
S31501017880C4F900B1FEE708BDA8840020002337B57D
S3150101789005460DF1070190308DF80730FFF70AFD16
S315010178A0044660B99DF8073023B1013B012B09D983
S315010178B0072404E02B689B6C4BB1FFF7D9FF2046E7
S315010178C003B030BD2B689B6C0BB10120F5E70D248C
S315010178D0F5E738B5104C94F87C33ABB1D1B11568E5
S315010178E00E4928461EF06DFE014630B9D4F88C03C7
S315010178F01FF0B7F80024204638BD284608491EF076
S3150101790060FE38B90121F1E70D242146054816F03B
S315010179107BFEF0E70724F8E7A8840020B87D030180
S31501017920BF7D0301C77D030137B5094D04460DF13D
S315010179300601D5F88C031EF0DDFF38B90346224650
S315010179409DF80610D5F88C031EF023FF03B030BD58
S31501017950A88400201FB5FF238DF804300023CDE94B
S315010179600233064B014601AAD3F88C03E9F78BDEF4
S31501017970003818BF012005B05DF804FBA88400207A
S315010179801FB50023CDE901330393FF230C4C8DF879
S315010179900430D4F88C031EF0FEFE70B90DF102011C
S315010179A0D4F88C031EF0A6FF9DF80210D4F88C03BF
S315010179B001AAE9F768DE00B1FEE704B010BD00BF18
S315010179C0A884002038B5104B0D4603F15002841AE4
S315010179D01E22E410B4FBF2F4E4B203EB4402A2F872
S315010179E07812D3F88C0322461FF0FDF800B1FEE7A9
S315010179F04FF6FF739D4206D00123044A01345178A3
S31501017A00A3400B43537038BDA884002038F70020EA
S31501017A1073B505460DF106019030FFF77AFC044670
S31501017A2058B92D68AB6C5BB1BDF806606B6D31461B
S31501017A30D869FFF7C7FFA5F84660204602B070BDB9
S31501017A400D24FAE708B5084B03F15002821A1E20EC
S31501017A50D210B2FBF0F2D3F88C03D2B21FF0C9F8FF
S31501017A6000B1FEE708BD00BFA884002037B5054671
S31501017A700DF106019030FFF74CFC044650B92B6815
S31501017A809A6C52B1BDF80610A3F85E105B6DD86908
S31501017A90FFF7D8FF204603B030BD0D24FAE70139BF
S31501017AA0013811F8012F10F8013F3AB9002B14BF23
S31501017AB001200220831E5842584170479A42F0D054
S31501017AC00020F7E710B5A9B114680B492046FFF765
S31501017AD0E6FF38B10020FFF727FF08B1012010BDED
S31501017AE00020FCE720460549FFF7D9FF10B1FFF752
S31501017AF047FFF2E70720F2E7DC7D0301E27D03019F
S31501017B0010B5A1B114680B492046FFF7C8FF30B182
S31501017B100120FFF709FF003818BF012010BD2046DB
S31501017B200549FFF7BCFF10B1FFF72AFFF3E707206D
S31501017B30F4E700BFDC7D0301E27D03012DE9F34199
S31501017B40044601A99030FFF738FC60BB034606469F
S31501017B500125DDF804E0154991F80880B8F1000F17
S31501017B6019D00A68964516D1A3F12002C3F1200660
S31501017B7025FA06F605FA02F2324305FA03FCD4E9BF
S31501017B80367627EA0C0726EA0206C4E93676BEF1FD
S31501017B90000F08D1464601331F2B01F10C01DBD140
S31501017BA0002E08BF072002B0BDE8F081B0830301B2
S31501017BB02DE9F341044601A99030FFF7FEFB98BB7D
S31501017BC0034605464FF0010CDDF804E0184991F82A
S31501017BD00880B8F1000F1FD00A6896451CD1D4E977
S31501017BE03676A3F12002C3F120052CFA05F50CFA2C
S31501017BF002F22A430CFA03F52F431643C4E93676FA
S31501017C00D4E9347627EA050726EA0206C4E9347679
S31501017C10BEF1000F08D1454601331F2B01F10C01BD
S31501017C20D5D1002D08BF072002B0BDE8F08100BF04
S31501017C30B083030137B5036804469A6C6AB31848E1
S31501017C40DB69A0F50B729B1A1E22DB10B3FBF2F363
S31501017C50DBB24022002100EB8310EDF755DC04F184
S31501017C609005B4F89830B4F896209B1A9BB2012B73
S31501017C7001D800200FE028460DF10601FFF749FB67
S31501017C8048B92368BDF806109A6C32B1D869FFF775
S31501017C9061F90028E5D003B030BD0D20FBE700BF37
S31501017CA024870020012937B502D0072003B030BD52
S31501017CB010680028F9D0037869462D2B0ED10130C1
S31501017CC0FFF795FA03460028F0D14FF00042009CD8
S31501017CD0A242019A9341E8D364420DE02B2B08BFDE
S31501017CE00130FFF784FA0028E0D1009C019BB4F131
S31501017CF0004F73F10003D8D204F18003FF2BD4D8CE
S31501017D00064D04EB84014900D5F88C0309B21AF03A
S31501017D105BFA00B1FEE785F89143C7E7A884002025
S31501017D207F290B46F7B51ED9B1F5804F1DD3B1F5A4
S31501017D30001F1CD3B1F1805F2CBF052204226E46C0
S31501017D4000243146571EBC42DDB212D104F10803AB
S31501017D500DEB030405F07F0504F8085C006817F0D4
S31501017D609DFA03B0F0BD0122E9E70222E7E703220A
S31501017D70E5E765F07F0506F8015BDB090134E2E71A
S31501017D80D0F8AC106030CBE710B500F160040421E6
S31501017D902046FFF7C5FF20B92046BDE81040032163
S31501017DA0BEE710BD03216030BAE700216030B7E7B5
S31501017DB010B500F1600405212046FFF7B1FF40BB74
S31501017DC00C212046FFF7ACFF18BB18212046FFF70F
S31501017DD0A7FFF0B922212046FFF7A2FFC8B940F259
S31501017DE001212046FFF79CFF98B940212046FFF764
S31501017DF097FF70B941212046FFF792FF48B9422109
S31501017E002046FFF78DFF20B92046BDE810404321EA
S31501017E1086E710BD0B21603082E7042160307FE7E0
S31501017E2050F8603BB3F8581041F0340178E7016826
S31501017E300822006E623117F031BA08B54FF00053CE
S31501017E400D4A0E491A604FF480020D4B5A66022201
S31501017E5003F500335A60012203F580535A608A689B
S31501017E60D203FCD401225A6202225A604FF48002E3
S31501017E70044B5A6608F072FF02020FF0004082407D
S31501017E800050804000608040012B08B50DD0022BC7
S31501017E9015D0D3B98A4237BF4368511A5B1A0168B3
S31501017EA03CBF521AD11888B208BD8A4289BF4368BC
S31501017EB0891A9B1A026884BF891AC918F3E7C7216F
S31501017EC0034B044A044819F06FFA0021EBE700BF9E
S31501017ED0E77D0301ED7D0301477E03012DE9F047AE
S31501017EE00568044695F81C900E46B9F1020F25D096
S31501017EF0AB6AD0F82C80984523D14B464146EA6AB4
S31501017F002846FFF7C1FFD4F828A007464B4652463B
S31501017F1041462846FFF7B8FF874212D9C5F82CA07A
S31501017F2094F825300021204684F82430FFF7F8FE25
S31501017F3028B931462046BDE8F047F1E60D20BDE8F6
S31501017F40F0870720FBE702216030C7E710B5074B31
S31501017F50D3F8804304F58D50083007F0B2FA00B129
S31501017F60FEE704F5805484F8A60110BDA88400201B
S31501017F70054B93F8A023D3F89C0342F0010283F841
S31501017F80A023EEF73F9E00BFA884002070B50446EA
S31501017F9000B9FEE7038B428B9A420CD900220133C9
S31501017FA003830277D0E9025398472B4601462046BF
S31501017FB0BDE870401847036A01330362FEF729FFE2
S31501017FC0BDE87040D4E72DE9F8430D46144606464F
S31501017FD000B9FEE7FEF71DFF3369984700272D1902
S31501017FE047EB07032C1A63F10005012C75F1000318
S31501017FF008DA336A304601333362FEF70AFFBDE818
S31501018000F843B5E7D6E902839847A04277EB050322
S315010180101CD2F36898473B46024629462046EDF7AE
S31501018020E3D8F368914698473B46024629462046DE
S31501018030EDF7DAD84C4683B20022738321463046E6
S315010180403283C04701233377BDE8F8833B46F3E723
S3150101805070B50E4C054604F14C03C31A1E20DB1004
S31501018060B3FBF0F32420DBB24343E658E01806B92B
S31501018070E550EFF31184302383F31188FFF7A3FF52
S3150101808084F31188BFF36F8F70BD00BFAC840020EC
S3150101809070B50E4C0546A4F5F073C31A1E20DB100C
S315010180A0B3FBF0F32420DBB24343E658E01806B9EB
S315010180B0E550EFF31184302383F31188FFF783FF32
S315010180C084F31188BFF36F8F70BD00BFD88600207E
S315010180D04EE72DE9F0471F4BC2B0B3F8B023012398
S315010180E0120A934040F2A172134211D00024FC22DC
S315010180F0214603A802942646EDF706DA164D174FD7
S31501018100DFF85C80DFF85C90DFF85CA02B7813B9AF
S3150101811042B0BDE8F08706F00302032A14BF4346C5
S315010181204B46019357F8043B02A8009352462B464E
S315010181304FF48071204419F045FD15F8013B002BE0
S31501018140FBD1711CCEB211F003011CBF0019C1B2E2
S315010181500C46DBE7A8840020248503014077002033
S31501018160E07E030106800301E37E030108B5FFF703
S31501018170B0FF002008BD13B50446684615F07FFF20
S3150101818008226946206E17F089F802B010BD0EB4B7
S31501018190034617B505A951F8040B5C6901910CB1A8
S315010181A09A69A04703B0BDE8104003B0704770B5A6
S315010181B0012905461446C2B006D112681549FFF7D1
S315010181C0E6FF002042B070BD022921D11249106893
S315010181D0FFF765FCE0B1606801A9FFF759F80028CE
S315010181E0F0D1019902ACFF2928BFFF2122460A26B7
S315010181F0884204D10023074913542846DFE7B0FB1F
S31501018200F6F306FB1303303304F8013B0130EFE7C4
S315010182100720D7E71E7F0301F27E03012DE9F8430B
S31501018220064615460C46384F51B138491068FFF7D5
S3150101823036FC98B1013C14F0FF0405F104050DD19A
S3150101824097F87C13324B334A3046002918BF1A4638
S315010182503149FFF79CFF0020BDE8F88397F87C338D
S31501018260D5F8008053B940462C49FFF718FC28B9C7
S3150101827030462B49FFF78BFF0D20EDE7294FDFF83C
S31501018280B89040463968FFF70AFCA8B1BA687B681D
S31501018290511006EB6200D20748BF725804F1FF3153
S315010182A048BFD358012C08BF0022C9B218BF2A1DE5
S315010182B098472328D0D10DE00C374F45E1D14046EF
S315010182C0194937681EF07DF970B1404617491EF00C
S315010182D078F940B1012C04D030462A681449FFF7D8
S315010182E056FF2320B8E70120124B012C03EBC003F3
S315010182F004F1FF3108BF00223846D3F8D432C9B29E
S3150101830018BF2A1DD4E700BFA8840020067F0301F8
S31501018310F57E0301FD7E03010A7F0301DC7D030175
S31501018320237F0301F0850301427F03014D7F030191
S31501018330567F030198830301688603010EB433B5A1
S3150101834004468588E18805AB00688D4253F8042B04
S315010183502CBF0021491B2844019319F015FC002863
S3150101836000DAFEE7A388E288184480B2904228BF6A
S315010183702368A08028BF9B18204624BF002203F84A
S31501018380012C02B0BDE8304003B07047F8B500F1E9
S31501018390080303604FF404134360002304460D46AA
S315010183A00E8A074F03720E44B54201D12046F8BD2C
S315010183B03946204615F8012BFFF7C0FFF4E700BF48
S315010183C07B7F030113B50C4629B90F49FFF7DFFE80
S315010183D0204602B010BD012911D169461068FEF788
S315010183E006FF04460028F3D1009B019AB3F5807F6D
S315010183F072F1000203D20B3BDBB20F2B01D9072429
S31501018400E6E70C24E4E700BF807F030108B51346C4
S315010184108288232A05D90A460068012112F0A0FBA8
S3150101842000B1FEE708BD70B586B011B90C2006B0E2
S3150101843070BD14681F492046FFF731FB0028F5D1AD
S3150101844020461D49FFF72BFB0028EFD11023ADF87C
S31501018450143064B320461EF0F1F8431C212B4FEA78
S31501018460530524D801AA164600F001031544AE426C
S31501018470DCD02078CBB90DF10301FEF7DCFD002834
S31501018480D5D19DF8032001341201D2B220780DF124
S315010184900301FEF7D0FD0028C9D19DF8033001344F
S315010184A01A4306F8012B0346E1E70022EEE707200E
S315010184B0BDE700BFB87D0301BF7D03012DE9F04F83
S315010184C00646ADF5037D41BB002542A81EF083F8A2
S315010184D0A946DFF808810DF5847B0DF1840A5F4613
S315010184E01BF8014B3CBBC5F12102212DD2B221AFB3
S315010184F04FEA82024FF0000188BF002207EB850097
S31501018500EDF702D8002C4BD030463249FFF73FFE3A
S3150101851007200DF5037DBDE8F08F0023CA5C002A13
S31501018520D2D00133B3F5807FF8D130462A49FFF71E
S315010185302EFE0320EDE75C2C25D19BF80020A2F14C
S315010185400903DBB2172B0CD828FA03F3DA070AD58C
S3150101855038461EF073F85946024638461DF07FFF2C
S3150101856001E05C2AF4D01BF8013C002BB7D02DB1F8
S315010185701BF8023C002BB2D1202D0FD06B1C4AF8FF
S315010185802570DDB2ABE7093CE4B2172CEBD828FA2A
S3150101859004F4E30748BF0BF8019CE4E70724A2E7CB
S315010185A0E3B282AA02EB8303A3F5C2731B682146D8
S315010185B00134002BF4D101AADCB257F824000133AE
S315010185C020B93046C9B2FFF729FEA2E742F82400D5
S315010185D0F2E700BF078003013C800301130080001D
S315010185E00368006E93F8441016F073BE044B006ED7
S315010185F093F89013490001F0FE0116F06ABE00BF1F
S31501018600A88400203221006E16F063BEAF21006EF0
S3150101861016F05FBEF8B505460E460024012707FA96
S3150101862004F3334204D10134202CF8D10020F8BDE2
S31501018630286EE1B216F04DFE0028F4D0F7E7D0F826
S31501018640B010E7E70049E5E700F8FF070049E1E770
S3150101865000F8FF070368996C41B190F87139034439
S3150101866093F97619013118BF01214900006E16F0FF
S3150101867030BE0346002110B400F1100253F8044F35
S315010186800CB10131C9B29342F8D1006E5DF8044BC8
S3150101869016F01FBE0021006E16F01BBE0421006EEE
S315010186A016F017BE90F8E010006E16F012BE9C216E
S315010186B0006E16F00EBE024B006E197816F009BE59
S315010186C038F7002010B5064B0446D3F88C0319F090
S315010186D097FDC1B2206EBDE8104016F0FABD00BF8C
S315010186E0A8840020024608B50C20FEF7ABFEBDE8C2
S315010186F00840014602F16000FFF7F0BB0221006E5E
S3150101870016F0E7BD232070470368006E996C0039A6
S3150101871018BF012116F0C0BD90F87139034493F8D1
S315010187206A19006E16F0B8BD90F87139034493F8D1
S315010187307A19006E16F0B0BD034BC01A1E23C01084
S31501018740B0FBF3F0C0B27047F884002070470023F4
S3150101875037B505460DF1070190308DF80730FEF763
S31501018760B9FD044648B99DF807302D6843B905F1AD
S315010187705400E8F779DA2346AB64204603B030BDED
S3150101878095F85A3063B90120E7F742DD16F058FE34
S3150101879040B995F85A30012B02D0012385F85A3098
S315010187A0014BE9E7FEE700BFD7AF01010220E7F779
S315010187B02F9D08B50C4AD2F8B8335BB9D2F8BC3350
S315010187C06BB9FFF7F3FF40B9BDE808404FF4F85024
S315010187D0E7F71E9D1B68012BF0D1012008BD1B681F
S315010187E0012BEED1F9E700BFA88400201E21064B1B
S315010187F003F572725033C31ADB10B3FBF1F3302068
S31501018800DBB200FB03207047A884002038B5056858
S31501018810044675B12B68012B06D1064BD3F88C039F
S3150101882003F585611DF0A7FF28460AF053FC0023D5
S31501018830236038BDA884002008B5074BD3F88C0303
S315010188401EF056F830B1054BB3FBF0F083B20BB114
S31501018850184608BD0120FCE7A884002040420F000C
S31501018860F8B506462C4D33680C46D5F88C031BB377
S3150101887097211EF0B4F9024600B1FEE73168D5F839
S315010188808C0319F045FC00B1FEE73168D5F88C037C
S315010188901EF017F83179814200D0FEE7D5F88C0335
S315010188A019F07AFC00B1FEE70122D5F88C031146D5
S315010188B01EF0C9F920B1FEE719F048FF00B1FEE744
S315010188C00322D5F88C0311461EF0ADF97F2C20D079
S315010188D0D5F88C031EF055F8032814D104EB840452
S315010188E06400D5F88C73022138461EF04CF840F627
S315010188F0E44138461EF049F82146D5F88C0319F0B2
S3150101890063FC30B1FEE7D5F88C0319F079FC044616
S31501018910E7E7C5F84064F8BDA884002038B50446E8
S31501018920164DE7F789DC237D95F848249A4223D829
S3150101893095F849249A421FD3D5F8403405F24440AB
S31501018940834202D07F21FFF78BFF8022D5F88C036A
S3150101895011461DF0DEFF10B1012000230AE0207D42
S31501018960FEF7F8FF0028F7D1204615F00BFC002889
S31501018970F2D10123236038BD2120EEE7A88400202E
S315010189802DE9F047214E894606F15003C51A1E23EA
S31501018990ED10B5FBF3F5EDB2012D904600D9FEE7D9
S315010189A006EB8503D3F8B8A3AF00BAF1000F26D1C0
S315010189B0182015F0B3FDA0F8149045714FF0800908
S315010189C00125C0F800A0857180F80490C0F808A0BF
S315010189D00446FFF731FFC300B8EBC00F28BFB8FB50
S315010189E0F3F52046E56084F81090FFF797FF0546F9
S315010189F030B93E44C6F8B8432846BDE8F087042598
S31501018A0003483844FFF702FFF6E700BFA8840020B8
S31501018A106088002000232DE9F74304460DF1070183
S31501018A2090308DF80730FEF745FC054628B99DF8CB
S31501018A30073013B1022B04D00C25284603B0BDE83B
S31501018A40F0832668B36C002BF7D094F87119214491
S31501018A5091F97639013301D00D25EEE7D4F8B0301D
S31501018A60002B48D05A1E1A4045D15B08174602F120
S31501018A700102FAD181F87679B36CB4F8B480002B8E
S31501018A80EAD096F85A30002BE6D0033B042BE3D902
S31501018A90B6F858309B07CFD5736DFFB2D3F81C904A
S31501018AA0FFF787FEF0B10C200AF00AFB044600B974
S31501018AB0FEE701230146C0F8009003710772A0F891
S31501018AC00A800E480EF06EFF10B920460AF002FB2D
S31501018AD096F85A30052B1CBF052386F85A30084BE8
S31501018AE03365AAE74FF47A723946484602FB08F222
S31501018AF0FFF746FFECE707259FE700BFF488002053
S31501018B000DB1010108B5054B00EB80004100D3F819
S31501018B108C0319F059FB00B1FEE708BDA8840020BA
S31501018B2038B50F4B0C4693F84824824215D893F871
S31501018B304924824211D303F24445D3F84034AB426E
S31501018B4004D10846FFF7DEFF002038BD16F09AFC76
S31501018B5021462846FFF784FEF6E70720F5E700BF21
S31501018B60A884002070B504460D46FFF71FFE50BBD1
S31501018B701E22174E06F15003E31ADB10B3FBF2F383
S31501018B80DBB2012B00D9FEE706EB8303D3F8B83339
S31501018B9013B11B68012B16D015F0BCFA0146284604
S31501018BA0FFF7BEFF044660B92846FEF7D3FE044629
S31501018BB058B901462020E7F713DB86F89E5486F85B
S31501018BC0CE54204670BD0D24FBE70124F9E700BF11
S31501018BD0A884002010B5836804465BB14369017915
S31501018BE0D869FFF7BFFF20B9A37E022B01D002236B
S31501018BF0A37610BD0D20FCE7002313B5044601A998
S31501018C0090300193FEF7D9FBB0B923689DF8042092
S31501018C10996C81B183F8442023689A6C62B194F806
S31501018C207129144494F86A2932B103F1400002B062
S31501018C30BDE81040CEE70D2002B010BD002337B5C7
S31501018C4004460DF1070190308DF80730FEF742FB1E
S31501018C5070B923689DF807509A6C22B155B103F199
S31501018C604000FFF7B7FF94F871391C4484F86A593B
S31501018C7003B030BD16F0E4FBF5E701297FB511D14B
S31501018C8069461068FEF7B3FA044660B9009D019B77
S31501018C90B5F5807F73F1000304D2E8B2A0F10B03AD
S31501018CA00F2B03D90724204604B070BDFF230B4EB9
S31501018CB0CDE9004496F9911302948DF80030FFF73E
S31501018CC02FFF044600B1FEE76A46D6F88C03A9B226
S31501018CD0E8F7D9DC0028E6D0FEE700BFA88400202A
S31501018CE0002337B505460DF1070190308DF80730A0
S31501018CF0FEF703FB044690B90A4A2B6802F15001BB
S31501018D005B1A1E21DB10B3FBF1F352FA83F39DF8D3
S31501018D10072083F8F82415F0FDF9FFF7F3FE204645
S31501018D2003B030BDA884002073B500F19006054655
S31501018D300DF107013046FEF7BDFA044608BB304680
S31501018D400DF10601FEF7D9FA0446D0B99DF80710CF
S31501018D50A1F10B030F2B17D80C4A2B6802F1500016
S31501018D601B1A1E20DB10B3FBF0F3DBB202EB03127D
S31501018D709DF806300A4482F8EF3415F0CBF9FFF776
S31501018D80C1FE204602B070BD0724FAE7A88400207F
S31501018D9010B5EFF31182302383F31188084B03F1E8
S31501018DA05004001B1E24C010B0FBF4F0C0B203EB4B
S31501018DB08013C3F8201582F31188BFF36F8F10BD9D
S31501018DC0A8840020002373B500F19006044601A989
S31501018DD030468DF80330FEF7B0FA0546A0B9B4F86E
S31501018DE09620B4F898309A4238D030460DF10301F5
S31501018DF0FEF770FA002841D123689DF80300019915
S31501018E009A6C58B31AB90D25284602B070BDD3F82C
S31501018E10B0208A42B3F8582038BFC3F8B010900683
S31501018E20F2D55B6D164ADB6902F150001B1A1E2051
S31501018E30DB10B3FBF0F3EFF31180302484F31188D7
S31501018E40DBB202EB8313D3F820258A4238BFC3F87C
S31501018E50201580F31188BFF36F8FD5E72368019938
S31501018E609A6C002ACFD0B3F85820C3F8B0109206F5
S31501018E70CAD55B6DD869FFF78BFFC5E70546C3E721
S31501018E80A88400200120704708B5FEF7D6FF08B572
S31501018E9007F064FF90F8E4302BB10023543080F8D9
S31501018EA09030E7F7E19E7047024BD3F89C05EDF749
S31501018EB0FF9C00BFA8840020024BD3F89C05EDF767
S31501018EC03F9900BFA884002008B5302383F3118898
S31501018ED04FF000534FF20F0218805A80BFF35F8F94
S31501018EE007F03CFF2DE9F0416F4A704B5668704C13
S31501018EF05E65516A99656F49D1F80002D865D1F865
S31501018F0004021866D1F808125966916A9966D16AFE
S31501018F10D966116B1967516B5967596BD26B11F090
S31501018F2004009A67644A5ED00820D96B1A6501F17B
S31501018F302005D8648869C6F308061864CF69062E28
S31501018F405F6460D15D4EB0425DD35D4EB0425AD28F
S31501018F5006884DF64260864255D11868C3F89400D9
S31501018F605868C3F8980040F20170A242164604D22D
S31501018F7037680432B7F1CD3FF7D00022C3E91F228A
S31501018F80C3E92122C3E92322A41BDFF830C1DFF89B
S31501018F9030E19C648D4239D8D3E91FC7D3E92165F4
S31501018FA0D3E923414FF0000E013AD2B2FF2A47D14C
S31501018FB0BEF1000F05D0C3E91FC7C3E92165C3E9A6
S31501018FC02341B3F85430C3F308030C2B46D8022BC3
S31501018FD05FD9DA1E092A5CD8DFE802F03C624B4E02
S31501018FE05B5B5B5B5B58996BC3E91302914205D3EA
S31501018FF001F12000A04201D825469BE700212C4D15
S31501019000C3E910112C494FF42060AEE755F8044D20
S315010190106445BFD37445BDD2E607BBD50026294FAA
S3150101902057F8048FA045B5D00136062EF8D12AB1DD
S31501019030013AD2B203EB8206F467ABE70522F9E7FF
S31501019040E0464FF0010EBC4637462E4625460C46F4
S315010190504146A9E740F60120BDE8F081502B18D120
S31501019060194B9B6913F0020F40F2025318BF1846C0
S31501019070F2E740F60320EFE740F2017240F60423DE
S31501019080B0F5206F14BF10461846E5E740F60520F6
S31501019090E2E740F60722013B682B98BF1046DBE762
S315010190A040F60220D8E700BF00ED00E0407700203E
S315010190B04077002000E100E0806C0020006E010194
S315010190C0A07D0301B877002000402040084B03F53D
S315010190D0B462D2E8AF2FD20707D493F8A02522B9FB
S315010190E0C3F8A425012283F8A0250248704700BFD1
S315010190F0A88400204C8A002010220021ECF7049A52
S315010191002DE9F04F00F1900595B006460DF11101DB
S315010191102846FEF7CFF8044620B99DF81130082BF1
S3150101912004D00724204615B0BDE8F08F284604A9CE
S31501019130FEF7C0F804460028F4D128460DF11202C3
S3150101914007A9FEF76BF904460028EBD1BDF81230E9
S31501019150102BE6D128460DF1120206A9FEF75EF99A
S3150101916004460028DED1BDF81230102BD9D128468C
S315010191700DF1120205A9FEF751F904460028D1D1D4
S31501019180BDF81230102BCCD1DDE9055B079BD6F872
S31501019190009008AE30460CAF03939DF810A00DF177
S315010191A04008FFF7A9FF3846FFF7A6FF4046FFF73C
S315010191B0A3FFD9F84820002A47D0B446039B03F1FF
S315010191C0100E624618685968083303C273459446FE
S315010191D0F7D15B46BC460BF1100E62461868596819
S315010191E0083303C273459446F7D12B46454603F12D
S315010191F0100C2A4618685968083303C26345154697
S31501019200F7D196E80F0009F1800589F8B4A085E840
S315010192100F0097E80F0009F1900585E80F0098E81E
S315010192200F0009F1A00585E80F00B9F858309B0632
S315010192307FF578AFD9F85400CDF800803B46324628
S315010192405146C06914F030FF6CE70D246AE770B529
S31501019250134D05F5B563D3E8AF4F14F0010416D1EB
S3150101926095F8A8359BB9C5F8AC4505F5B66630192B
S315010192701034FFF741FFA02CF9D10B22094B013A1A
S31501019280194603F1100304D1012385F8A8350648CF
S3150101929070BDD5F8AC0543F8100CC5F8AC15EEE771
S315010192A0A8840020588A0020548A00202DE9F34120
S315010192B000F1900528460DF10201FEF72AF8044650
S315010192C090BB0822284601A9FEF798F8044658BB27
S315010192D08DF801000DF101012846FDF7EBFF04466A
S315010192E010BB9DF80130019FBDF80260C3F3C002B6
S315010192F003F0010103F00F08002F3BD019B913F058
S31501019300060F00D14AB1FFF7E1FE0568DDB9FFF7A6
S315010193109EFF0568E5B9032406E0FFF7D7FE02685B
S315010193202346154625B91724204602B0BDE8F0812A
S31501019330E988B14220D02B462D68F3E71A6802B3BA
S3150101934012681A601DE0EB88B3420BD02D68DDE788
S315010193502B6803602846FFF7CFFEFFF7B7FE0368C8
S315010193602B60056085F80480EE803B68AB607B6805
S31501019370EB60D9E70724D7E7002BDFD10AB11368E0
S315010193800360FFF764FF03682B600560CCE7037A8E
S31501019390012B04D0022B06D053B90B7270470B7205
S315010193A003880B8070470B7203680B6043684B603F
S315010193B07047C830FFF782B8C830FEF72FBF024B9E
S315010193C093F87C03704700BFA8840020034BC0E9D2
S315010193D03712C3F85016C3F854267047A8840020E3
S315010193E025289DBF034B03EB8003D3F8E002024816
S315010193F0704700BF988303015E80030101289DBF69
S31501019400034BC0EB001003EB00100020704700BFB7
S31501019410F88400200246F8B568B30768022F2AD1FD
S315010194204079154C937904EB8004FBB1FFF7E6FF14
S31501019430054620461679FFF7E9F995F8E43076B243
S3150101944083B12B6A93F85A205C6F022A18BF83F8FD
S315010194505A70A36C33B1236D23B13146206C984701
S3150101946000232365BDE8F840FEF782BD2046BDE82D
S31501019470F840FFF7CBB9F8BD608800202DE9F84324
S31501019480264E054696F89E74FFF790F9002842D1BB
S3150101949006F15003ED1A1E23ED10B5FBF3F5EDB2FE
S315010194A0012D00D9FEE706EB8503D3F8B8934FEA00
S315010194B08508B9F1000F2AD1182015F02FF88782F6
S315010194C08027C0F800904571077180F80690C0F8B1
S315010194D008900446FFF7B0F9C0001028D6BF102343
S315010194E00123B3FBF0F327742046E360FFF716FA75
S315010194F068B94644C6F8B8432368012BFCD02579DF
S3150101950020466DB2FFF786FF2846BDE8F883044879
S315010195104044FFF77BF97F25F6E700BFA8840020C9
S315010195206088002010B504460068FFF7A7FFC1B2A5
S31501019530206EBDE8104015F0CCBE38B51446002AA0
S3150101954039D0D168936801391B4D9942D5F88C03FD
S315010195504FF0FF3118BF00211DF024F910F5007FEE
S315010195600CD180232374A368E26801339A42A36074
S315010195700FD92046BDE8384014F004BE002894F9FD
S315010195801030B8BF033040F387008342B8BF20745F
S31501019590E9E794F91030237102232360A37913B10A
S315010195A02046FFF737FFD5F88C030022BDE8384086
S315010195B080211DF0AEB938BDA8840020C10715D49C
S315010195C00B4B5B7803EA000203EA101002F00F016C
S315010195D00243920708D441EA00035B0706D502203C
S315010195E00138C0B2FFF70ABF0120F9E70020704731
S315010195F038F7002010B5044621B10B68EB2B04D8CE
S31501019600EC230B600024204610BD0028FAD017F088
S31501019610A9FD012384F8E430F5E7D0F8E8007047A5
S315010196202430FDF781BD7FB5002424300C70ADF8DF
S315010196300C40ADF80E200291FDF776FD184A03465E
S3150101964082428C410BD214A3D3E90023EBF7CCDD83
S3150101965014461449024602A8FEF770FE2346124C2F
S315010196604EF66021B3FBF4F204FB1234B4FBF1F3C1
S315010196704FF47A7601FB1344B4FBF6F50B490095D9
S3150101968002A8FEF75BFE06FB1542094902A8FEF791
S3150101969055FE04B070BD00BF005C26050000000048
S315010196A0FF5B26056F80030180EE3600758003019D
S315010196B08480030100487047108703010048704701
S315010196C01087030190F844007047836C1BB180F841
S315010196D04410002070470D207047B0F846007047CE
S315010196E038B5836C04460D463BB1436DD869FEF727
S315010196F069F90020A4F8465038BD0D20FCE7623017
S315010197007047B0F85E007047084614F0B8BC836C28
S315010197103BB190F86A3061F3000380F86A300020AA
S3150101972070470D20704713B504460DF107019030BE
S31501019730FDF7D0FD38B99DF80710206802B0BDE8E4
S315010197401040FFF7E4BF02B010BD0120704770B5AC
S3150101975000254468456074B1A068844205D1A560BD
S3150101976020466368BDE8704018478368A360436873
S3150101977085609847F0E770BD4068003818BF012041
S3150101978070470A4AB2F8583603B9FEE748F24E3035
S31501019790D2F85C36A3FB003010EB530044BF20F036
S315010197A000400130C2F85C06704700BFA884002062
S315010197B08368A3B903685A6862B95860084B806027
S315010197C093F8A023D3F89C0342F0010283F8A02366
S315010197D0EDF7189A926882605A68906058607047EE
S315010197E0A884002038B5002300F58D5508350446B7
S315010197F00C221946284615F0FCFB2E2824D00428F4
S3150101980008D1124BD3F88003BDE8384000F58E50DC
S315010198100C30CDE700B1FEE7022128460C4A05F0DE
S315010198209AF8014600B1FEE728460A4A05F093F87F
S3150101983000B1FEE703212846074A05F08CF800B17D
S31501019840FEE7064BC4E9083438BD00BFA8840020F1
S31501019850A3A50101D18001016D9801017D98010145
S31501019860014BD3F88003BDE7A8840020024BD3F84E
S31501019870800300F58E509BE7A884002000F58053F4
S3150101988093F8A62132B193F8A7311BB900F58D5092
S3150101989014308DE770472DE9F041936805460C4672
S315010198A0164698473246074621462846FDF7F1FBFB
S315010198B06868002203466BB1A168D3F808E0A1EB01
S315010198C0070CAEEB070898EA0C0F14D4A1EB0E01B5
S315010198D0002908DA52B9E0606C6031462846BDE8D4
S315010198E0F041FDF7BDBB1A46DB68E4E7D368E360E7
S315010198F0D460BDE8F081BCF1000FEAE701688A6A2C
S315010199008B6B086B934208BFCA6A03F1804304BF9C
S315010199100132CA628B63024A30310830BBE700BFAC
S315010199209883030101460068014A1030FDF7B1BB76
S31501019930A48303010C4B10B50128C0EB001403EB02
S3150101994004140DD894F8E42052B903F5F0731B1BE6
S31501019950EB2B07D9204617F005FC012384F8E430E7
S31501019960204610BD1446FBE7F8840020E2E700F427
S315010199704052B2F5005F034620D148F2400220F47D
S315010199804E5020F03F0090421ED00CD8B0F5446FE6
S315010199901AD005D8C8B1B0F5046018BF01207047C7
S315010199A0B0F50040F9E703F44C43B3F5404F0BD052
S315010199B04CF64043C01A18BF0120704710F4406F9E
S315010199C014BF0120002070470020704710B583881D
S315010199D0032B12D9006815F05DFD80F480720446EF
S315010199E0C2F30021FFF7C3FF48B98A1CC4F38123DF
S315010199F0022B06D0032B17D02BB1FF2212E00A1D31
S31501019A00F4E70232D2B22046FDF7ADFB08B10232CC
S31501019A10D2B2C4F38134022C08D0032C09D0002C14
S31501019A2018BFFF22104610BD0832EBE70232D2B24F
S31501019A30F8E70832FBE710B583880446022B07D9FC
S31501019A40006815F05AFD18B12046BDE81040BDE782
S31501019A50FF2010BD38B505460C46FFF7ECFFFF2880
S31501019A6017BF2B6806201B5C00201CBF03F00703F0
S31501019A70237038BD38B505460C46FFF7DCFFFF28D4
S31501019A8017BF2B6806201B5C00201CBF03F01803BF
S31501019A90237038BD38B505460C46FFF7CCFFFF28C4
S31501019AA01FBF431C2A68DBB2D3581ABF00202360AB
S31501019AB0062038BD38B505460C46FFF7BCFFFF2821
S31501019AC000D1FEE72A68431CD9B2545452FA83F3F2
S31501019AD0220A5A70220C240E9A70DC702B7F43F0F5
S31501019AE001032B7738BD70B506460D46FFF7A3FF77
S31501019AF0FF28044609D03268105CFDF748FB224471
S31501019B000244002053792B7070BD0620FCE770B525
S31501019B1006460D46FFF78FFFFF28044600D1FEE7F3
S31501019B203268105CFDF733FB22440244557170BD66
S31501019B3010B50446FFF77FFFFF2806D02368185C9E
S31501019B40FDF731FB0230C0B210BD0220FCE770B552
S31501019B500546FFF73BFFFF28044611D02E68304624
S31501019B6015F0CBFC60B1A9888C420BDA305DFDF7AB
S31501019B702FFBFF2808D00444E4B2A142B8BFFF2459
S31501019B80204670BDFF24FBE70446F9E72DE9F041C4
S31501019B900746FFF7DCFFFF280446804644D03D68AF
S31501019BA0284615F077FC830506462ED53846FFF77C
S31501019BB0BFFFB988A21C93B210FA82F28A4205EB61
S31501019BC004072FDC2A5D02F07F0213449CB210FACE
S31501019BD083F3994226DB3A88C2F3C7127F2A01D061
S31501019BE09942E7DC2B7803F00703032B04D106F432
S31501019BF04056B6F5005F12D15FFA84F8B8F1FF0F4E
S31501019C0012D005EB0800BDE8F0812B7803F00703BC
S31501019C10032BF6D100F44056B6F5005FF1D00134BD
S31501019C20A4B2E9E7FF24E7E70020ECE770B50646B1
S31501019C308588FFF7ABFF04463046FFF779FF3368A6
S31501019C402D1AE41AE4B2281B80B270BD2DE9F04742
S31501019C500768044692B038460D4615F04EFC0028B9
S31501019C6000F0E08020460CA9FFF704FF804600289A
S31501019C7040F0D8809DF83090B9F1080F40F0D280BC
S31501019C80237FDA0600F1CE80694E97F800A006F12E
S31501019C905003ED1A1E230AF0070AED10BAF1020F5D
S31501019CA0B5FBF3F51CD18DF830000CA92046FFF761
S31501019CB01AFF9DF83010002900F0B780EBB206EBD0
S31501019CC0831393F81D355A1E914210D08B420CD045
S31501019CD00133994200F09680484612B0BDE8F087FB
S31501019CE0EBB206EB831393F81D154FF00108514BA7
S31501019CF0EDB208EB850003EB00130C33A360237F60
S31501019D00DB0719D43B78AF0103F00703022B04BF2C
S31501019D10F319D3F82025204604BF83F81C15C3F88F
S31501019D202425FFF7F4FEF319D3F8201520464A1C22
S31501019D30C3F82025FFF7BEFE00232768079338469F
S31501019D4015F0DBFB00286DD020460DF11B01FFF755
S31501019D5081FE002866D1204607A9FFF79BFE06462C
S31501019D6000285FD1079B0DF120081ABA43463249F3
S31501019D709DF81B9001EBC50C51F83500DCF8041078
S31501019D808DF82C9003C320460A92FFF7D1FE0123D9
S31501019D90A168851E0A68EDB20D938DF84460B2B3D0
S31501019DA0DFF898C030460CF56F7656F830309A4296
S31501019DB02AD10CEBC00393F8C033FF2B27D0012224
S31501019DC00E930C922046FFF7E1FE06462046FFF769
S31501019DD02DFFB9F1030F98BF0021A6EB070388BF39
S31501019DE00246DBB2304494BF0A463146CDE90173DE
S31501019DF0039033460495CDF800800CA8EAF7B4DE4A
S31501019E0060B1FEE7D04672E701301028CDD10023BB
S31501019E100C9310230E91CDE90F33D3E7237F43F042
S31501019E20100323774FF0000956E74FF0010953E775
S31501019E30A8840020C4890020088B0020988303018F
S31501019E402DE9F0475E4F804697F87C330C4616465E
S31501019E5086B09BBB0846FFF799FE054670B390F89D
S31501019E600090C9F38303032B28D119F0020F25D1E1
S31501019E70206815F00FFBB4F804A000F44050BAF1C4
S31501019E80090F1BD9D0B909F0C309B9F1010F1ED1C7
S31501019E906B78E32B16D18EB197F87036022B0DD163
S31501019EA0D4E9020445F2082103230A1887F870361A
S31501019EB007F5D06144F1000341E90223002006B010
S31501019EC0BDE8F087F32BF9D186F00100F7E7B9F187
S31501019ED0800FF3D1BAF10D0FF0D96B7803F0F802C7
S31501019EE04EB9802AEAD113F0070332D1AB79F02BAF
S31501019EF0E4D10120E3E7402AE0D113F0070328D199
S31501019F00AB79F02BDAD0E02B08D003F11C02D2B2E7
S31501019F100B2A03D95033DBB20F2BCFD897F8703602
S31501019F20022BCBD14046FEF761FC016804220931BF
S31501019F30A81C1CF08BFB0028C0D1D4E9020445F210
S31501019F40082103230A1887F870361E4944F10003D4
S31501019F50B2E7022BB2D1EB78F02BB5D0E02B08D0CA
S31501019F6003F11C02D2B20B2A03D95033DBB20F2BF8
S31501019F70A4D8002EA2D097F87036022B9ED1404666
S31501019F80FEF734FC002303A906468DF8143015F0BB
S31501019F908CFA18B9694603A8FFF7F9F9204603A90E
S31501019FA015F05AFA0822684603A91CF04FFB00284E
S31501019FB084D13368AA78DB7B9A427FF47FAFBCE711
S31501019FC0A8840020288B00201E2238B5114C054695
S31501019FD004F15003C31ADB10B3FBF2F3DBB204EB5A
S31501019FE0831393F81C25D3F8243584F8AC2404F59E
S31501019FF093610122C4F8A834FFF722FF95F8E430F2
S3150101A0003BB1286A94F880165430BDE83840E6F72A
S3150101A010039E38BDA884002001F1080313F8012D20
S3150101A0208B4200F8012BF9D17047F8B507680E4646
S3150101A030384615F02FFA0546384615F02DFA04462D
S3150101A0402846FFF794FC08B10234E4B2C5F3812333
S3150101A050022B12D0032B13D02846FDF784F808B141
S3150101A0600234E4B2FF2C06D0C5F38135022D09D0A5
S3150101A070032D0DD04DB1062009E00234E4B2EBE720
S3150101A0800834FBE701253B5B338000203572F8BDBF
S3150101A09030463919FFF7C0FF0225F6E713B5044625
S3150101A0A06846FFF7B9FF1E210D4B2268D21AD2105D
S3150101A0B0B2FBF1F2072103F5C263D2B203EBC2038C
S3150101A0C01DF80100013903F8010BF9D2054B694667
S3150101A0D0D3F88C031CF093FD00B1FEE702B010BD6D
S3150101A0E0F8840020A884002008B5826C5AB10A6858
S3150101A0F0C0F862204A68C0F86620406D1C30FFF73F
S3150101A100CDFF002008BD0D20FCE72DE9F0430446F3
S3150101A1101E2789B004ADDFF8B4902846FEF7ECFF9F
S3150101A120236809F15008A3EB0803DB10B3FBF7F32E
S3150101A1300026DBB209F51F704022314600EB831080
S3150101A14089F88463EBF7E0D9236809F53F70A3EB3E
S3150101A1500803DB10B3FBF7F3DBB24022314600EB18
S3150101A1608310EBF7D1D90120E6F752D840B115F0AA
S3150101A17067F900B1FEE70120E6F74AD800B9FEE723
S3150101A180002620684FF6FF71FDF71CFC204602A947
S3150101A190CDE90266FFF782FF4FF6FE712068FDF7F2
S3150101A1A051FC2846FEF7A8FF00952B462A46314663
S3150101A1B0206813F079FF31462068FEF7E9FD304644
S3150101A1C0FDF756FB09B0BDE8F08300BFA884002066
S3150101A1D037B50546082201A99030FDF70FF9044666
S3150101A1E068B92B689A6C6AB10199586D0A681C3075
S3150101A1F0C3F862204A68C3F86620FFF74FFF20467D
S3150101A20003B030BD0D24FAE713B504466846FFF7DE
S3150101A21003FF246869462046FCF7D4FE80B20F2865
S3150101A22030D91E211B4AA31ADB10B3FBF1F3DBB2B2
S3150101A23002EB831202F2AE21002211F8220020B3B1
S3150101A2400132102AF9D14FF0FF3291B20F291ED8EE
S3150101A250114902EB031201EB430001EB8202BDF846
S3150101A2600030BDF80210B0F878020B44BDF80410B5
S3150101A2700B44BDF806100B440344A2F8FC3201233A
S3150101A28082F8FE32002002B010BD12B2DDE70320D2
S3150101A290F9E700BFF8840020A8840020002313B544
S3150101A2A00822044601A990300193FDF7A7F848B9A0
S3150101A2B02068836C2BB101991C3002B0BDE81040B6
S3150101A2C0A2E70D2002B010BD37B5036804469A6CAA
S3150101A2D062B31748DB69A0F52B729B1A1E22DB10AC
S3150101A2E0B3FBF2F3DBB24022002100EB8310EBF763
S3150101A2F00BD904F19005B4F89830B4F896209B1A5D
S3150101A3009BB2072B01D800200EE00822284601A99D
S3150101A310FDF774F840B920680199836C33B11C309B
S3150101A320FFF772FF0028E6D003B030BD0D20FBE731
S3150101A330A487002030B585B00446082201A99030D2
S3150101A340FDF75CF80546F8B92468A36C0BB30199CE
S3150101A35002A8FFF761FEE46902A92046FCF732FE75
S3150101A36083B20F2B13D80C4B03F15002A41A1E22F0
S3150101A370E410B4FBF2F4E4B200EB041003EB800346
S3150101A38083F8FE52A3F8FC52284605B030BD0A25D2
S3150101A390FAE70D25F8E700BFA884002010B50446A9
S3150101A3A01C30FFF7B2FE0023C4E91333A3640B2368
S3150101A3B084F844304FF6FF73A4F8463004F1540093
S3150101A3C0BDE81040E6F7129B036810B55A1E114607
S3150101A3D003628B4211D84162022101770021016397
S3150101A3E0A1F58031C0E90A33C0E90D13934207D8BB
S3150101A3F0C0E90F23C0E9113310BD04892144E8E7FF
S3150101A40001890A44F2E7012B10B5044608460AD030
S3150101A410022B0FD01BB963681044834200D910BDCA
S3150101A4202289801AF9E72368881A8342F7D9228992
S3150101A4301044FAE79C21024B024A034816F0B4FF85
S3150101A440E77D03018A800301477E03012DE9F04778
S3150101A45090F8242012B90D20BDE8F087013A05686C
S3150101A460D2B280F8242095F81C90B9F1020FF2D0EE
S3150101A47000EBC204AB6AA6689E42ECD1D5F82CA0CA
S3150101A48031464B4652462846FDF7FEFC6768804633
S3150101A49031464B463A462846FDF7F6FC80450646C7
S3150101A4A0D9D94B46524639462846FDF7EDFC0128D6
S3150101A4B0D1D90236464512DC841EA4B23C702B7FEB
S3150101A4C0012239462846FFF79EFF240A04700146F8
S3150101A4D0012228462B7FFFF796FF0020BCE70720C4
S3150101A4E0BAE7134610B501220C78FFF78CFF037802
S3150101A4F02402E01880B210BD2DE9F041044694F81A
S3150101A5002460002E34D1246894F81C80B8F1020F1E
S3150101A51039D0A76A434639462046E26AFDF7B4FCBB
S3150101A520012805462DD9424639462046FFF7D9FF6E
S3150101A530023DC5F30D05284385B2C0F30720434605
S3150101A5403870012239462046FFF75DFF0570E36A3F
S3150101A550A362227FA06A04EB8203196A216318624E
S3150101A560E56815B123462069A8470223237705E04B
S3150101A5702046FFF76BFF06460028C0D03046BDE8EE
S3150101A580F081E762E5E70D26F8E7C26B436A9A4275
S3150101A59005D1836B006A1B1A584258417047002046
S3150101A5A0704710B50F4B4FF40062D3F88043002179
S3150101A5B004F6A610EAF7A8DF002204F5805383F812
S3150101A5C0A72104F11400FFF7E0FF50B9FEF76CFC77
S3150101A5D004F58D501430FFF7EBF8BDE81040FEF796
S3150101A5E06BBC10BDA884002090F8353033B9C36B1C
S3150101A5F0426A9B1A18BF012380F8343070472DE94E
S3150101A600F04F5D4B85B0D3F8804304F5805898F837
S3150101A610A63104F11407002B4FD098F8A731002B6E
S3150101A6204BD13846FFF7B1FF0646002845D1012334
S3150101A63088F8A7313846FFF7A8FF029078BB38465C
S3150101A640FFF7D2FF94F8483004EB8303DB6CC4E9CE
S3150101A650153314F08FFE4FF6FF73B4F84A509D423D
S3150101A66016D13846FFF7C0FF94F848A04FF00B0901
S3150101A67004EB8A03D3F84CB05B6B5946029D0393F5
S3150101A680039B994223D194F849300BB1A4F84A505E
S3150101A690B31CEA18B2F5006F04F6A61938D30025E2
S3150101A6A004F58D502B463246009504F6A611083065
S3150101A6B004F09BFE08B188F8A75198F8A631002B42
S3150101A6C057D1384605B0BDE8F04F14F004BE5246E5
S3150101A6D038460291FFF705FF10F4004F029901D0A8
S3150101A6E08B45D0D1C0F30D0253461544384602328B
S3150101A6F0FFF789FE09F1FF3313F0FF090146ADB2F8
S3150101A700BED140F2AE311D4B1D4A1E4816F04CFE1C
S3150101A710290A09EB060209F8061005F1020A99440C
S3150101A72055701FFA8AFA4D444D451BD094F84920BC
S3150101A730032A17D0B2B1012A11D1E16D94F848303B
S3150101A740384691F800B0FFF75EFEA36DE0659842C9
S3150101A75002D1384614F00EFE09F801BBE4E74FF0C9
S3150101A760000BF9E7B24438461FFA8AF614F0B3FD35
S3150101A77060E705B0BDE8F08FA8840020DD80030104
S3150101A780F9800301477E0301416AD0E90E2399420B
S3150101A79009D1017F012906D0531E026893420ED3C6
S3150101A7A04362C3637047016A914207D1027F2AB1AD
S3150101A7B042680133934205D203628363704701897B
S3150101A7C00B44EBE701895B1AF4E7037F022B06D001
S3150101A7D0083350F82330C0E90A3302230377D3E75C
S3150101A7E0F8B5047F0546022C0E4605D1E6210E4B2E
S3150101A7F00E4A0F4816F0D8FD2346B4FA84F4C76A07
S3150101A80001223946FFF7FFFD6409083455F8243062
S3150101A810834203D03E70E8620020F8BD2846FFF767
S3150101A820D4FF0320F9E700BF2A8103014681030111
S3150101A830477E030170B5D0E90A239A4205461DD127
S3150101A840037F0021083350F82360B31A5E425E414B
S3150101A850FFF7C6FFF603044670B901462846FFF71E
S3150101A860BFFF044640B9A96A360A2B7F0122284651
S3150101A8700E70FFF7C8FD0470204670BD0024FBE78A
S3150101A88038B5037F0446022B0D4607D0FFF7D2FFE9
S3150101A89028B929462046BDE83840A1E70D2038BD33
S3150101A8A038B504460D460068C9B2FFF7E9FF20B97C
S3150101A8B02068290ABDE83840E2E738BD50F8603B17
S3150101A8C0B3F84610ECE750F8603BB3F85E10E7E7E2
S3150101A8D0B0F8B4106030E3E7024608B50C20FCF786
S3150101A8E0B1FDBDE80840014602F16000FDF7F6BA87
S3150101A8F038B504460D460068C9B2FFF7C1FF80B9F4
S3150101A9002068C5F30721FFF7BBFF50B92068C5F3DE
S3150101A9100741FFF7B5FF20B92068290EBDE8384088
S3150101A920AEE738BD036893F8443093B10A2B08D8D2
S3150101A9304FF4FA62534303F55C2101F5346160304A
S3150101A940D6E7192B07D841F28832044902FB0311D4
S3150101A950F5E70349F3E70021F1E700BFB0DB230087
S3150101A960CC3F0D0070B5D1B20446006816461D46AE
S3150101A970FFF786FF30BB2068C6F30721FFF780FF8B
S3150101A98000BB2068C6F30741FFF77AFFD0B92068FB
S3150101A990310EFFF775FFA8B92068E9B2FFF770FF1D
S3150101A9A080B92068C5F30721FFF76AFF50B920680E
S3150101A9B0C5F30741FFF764FF20B92068290EBDE8F9
S3150101A9C070405DE770BD00F51A6353E902236030FB
S3150101A9D0C8E738B5044608460D461BF02FFE4FF66B
S3150101A9E0FF73984228BF1846294682B2206814F09F
S3150101A9F055FC014618B92068BDE8384040E738BD25
S3150101AA0001496030E5E700BF1087030170B590F891
S3150101AA1024500446032D1DD80668337F022B19D015
S3150101AA203046FFF707FFA0B9F36A04EBC5056B6072
S3150101AA30B36A0146AB602068FFF722FF48B90146B8
S3150101AA402068FFF71DFF20B994F82430013384F8FB
S3150101AA50243070BD0D20FCE72DE9F8430646174663
S3150101AA600C4600F16005D9B1AAB9B1F80480D1F853
S3150101AA70009028464146FFF713FF10B10120BDE8BA
S3150101AA80F88342464946306E14F008FC0028F5D198
S3150101AA9094F915100AE000212846FFF701FFF5E7B1
S3150101AAA02846FFF7FDFE0028E8D12146306EC9B2DE
S3150101AAB014F00FFC0028E1D18021306E14F009FC5D
S3150101AAC00028DBD1002C5BD0E37D03F001019B075C
S3150101AAD04FEA011101D541F020012846FFF7E0FEB9
S3150101AAE00028CBD12846FFF791FF01460028C5D1A1
S3150101AAF004B1A179306E14F0ECFB01460028BDD1F9
S3150101AB0004B1A17D306E14F0E4FB0028B6D1002C0E
S3150101AB1038D0D4E902232846FFF724FF0028ADD116
S3150101AB202846FFF793FC0028A8D12846FFF76EFFB8
S3150101AB300028A3D139462846FDF7F2F800289DD110
S3150101AB402846FFF783FC002898D12846FFF75EFFC8
S3150101AB500146002892D104B1217D306E14F0B9FB72
S3150101AB6000288BD18CB121692846FFF7C1FE002847
S3150101AB7084D12846FFF76AFC003818BF01207EE719
S3150101AB802146AAE700220023C5E72146ECE72DE984
S3150101AB90F04111F00F0804460E4617461D4600689E
S3150101ABA029D0002384F82430FFF70FFE0123037710
S3150101ABB0436AC0E90A333146206814F08AFB18BB9F
S3150101ABC039462046FDF7ACF8F0B92668337F022BEA
S3150101ABD019D03046FFF72EFEB0B9F36A2946A362B2
S3150101ABE0B36A2046E36294F8243084F82530BDE83F
S3150101ABF0F041FDF795B884F82480FFF7E6FD036A75
S3150101AC0080F81C80D5E70D20BDE8F08138B511F03B
S3150101AC10300F00F1600408BFC0F8AC2015460023CF
S3150101AC2006222046FFF7B3FF40B929462046FDF724
S3150101AC3077F818B92046BDE838405DE438BD2DE9FD
S3150101AC40F74304460D46164698466846134620497B
S3150101AC502B22FCF7A3FCDDE9007967B919F0010F95
S3150101AC6009D1A6F57053B3F5806F1ED3B8F1000F64
S3150101AC7027D1424626E004F16008334606222946D9
S3150101AC804046FFF784FFC8B919F0010F4FEA69037E
S3150101AC9018BFE35804EB690018BFDF59B84768B913
S3150101ACA0404603B0BDE8F04326E433460622294671
S3150101ACB004F16000FFF76BFF0028D7D003B0BDE8B0
S3150101ACC0F0830D222946204603B0BDE8F0439DE7F6
S3150101ACD0D487030170B50446002694F8ED5894F81B
S3150101ACE0EE38AB4201D1002034E005F58F7514F839
S3150101ACF035305A0616D414F835306FF3861304F835
S3150101AD00353094F8ED380133DBB20F2B84F8ED3889
S3150101AD10E3D194F8EE3884F8ED680E2B22D884F845
S3150101AD20EE38DAE7C3F30102C3F3830141EA021103
S3150101AD3004EBC5025378526803F0030361F07F0106
S3150101AD40022BC9B2C2F3170205D12046FFF75EFFF6
S3150101AD500028D0D070BDB3FA83F320465B09FFF713
S3150101AD606EFFF5E70F3BDBB2D7E72DE9F047D0E9F7
S3150101AD703432134304461ED000254FF00109344FE6
S3150101AD80DFF8D0A0C5F12001D4E93430A5F12002C4
S3150101AD90EB4000FA01F10B4320FA02F2134313F0DF
S3150101ADA0010FC5F12008A5F1200609D101351F2D95
S3150101ADB007F10C07E6D1012384F89039BDE8F08744
S3150101ADC03A68002A39D17B68772B14D1DAF894369F
S3150101ADD0D9070ED4580628D413F0180F27D199078D
S3150101ADE027D49A0627D440F2847213420CBF072254
S3150101ADF0062202F170031A4680212046FFF706FF5B
S3150101AE000028D8D1D4E9343209FA06F629FA08F824
S3150101AE1046EA080609FA05F123EA010322EA0602CE
S3150101AE20C4E934321343C1D1C5E70222E1E708225D
S3150101AE30DFE70122DDE70322DBE794F89039002BF6
S3150101AE40E0D0012380212046FFF7F9FED8E700BFB4
S3150101AE50B0830301A884002010B590F8A8300446F8
S3150101AE6033B1D0F8E430994204BF002380F8A83009
S3150101AE702046FFF72FFFC0B994F8E81089B10123E5
S3150101AE800C222046FFF7DBFE78B994F8E03084F80E
S3150101AE90E800042B1FBF636CC4F8E430012384F876
S3150101AEA0A8302046BDE810405FE710BD014BD3F83D
S3150101AEB080035AE7A8840020F0B500250446C1B0F5
S3150101AEC0FC220E4601A829460095EAF71DDBB4F8D6
S3150101AED09630B4F898205F1C974234D8D4F8901074
S3150101AEE0D21AC91892B22BD02B4601F1FF3C98B266
S3150101AEF0904228D201331CF80350002DF7D14FF4AB
S3150101AF0080733844A4F896002068C4F8A0D9A4F83F
S3150101AF10A439C830FDF7D2FAE8B904F160054FF456
S3150101AF206F53062231462846FFF731FE98B9694625
S3150101AF302846FFF74EFD70B92846FFF7DDFA0AE00C
S3150101AF400AB10846DBE70620FCF77CFA31460246E0
S3150101AF502046FFF75BFE0023C4F8A039A4F8A43903
S3150101AF6041B0F0BD30B50546D2F8A00914460B46ED
S3150101AF702A46C1B0A0B1B4F8A41916F005FE0028FD
S3150101AF800CDDB4F8A439D4F8A0299842A8BF184613
S3150101AF9002441B1AC4F8A029A4F8A43941B030BD52
S3150101AFA04FF48071684616F0EFFD0028F6DB603438
S3150101AFB04FF46F53062280212046FFF7E8FD002852
S3150101AFC0ECD169462046FFF704FD0028E6D120466B
S3150101AFD0FFF792FAE2E7F8B50F4B0C46D3F8807307
S3150101AFE01546FCF7FAFA000160F07F0007F16006E9
S3150101AFF000F0F001712306223046FFF7C8FD50B972
S3150101B0002A4621463846FFF727FD20B93046BDE8D5
S3150101B010F840FFF771BAF8BDA88400202DE9F74F72
S3150101B0200E4617469846FCF7D8FA032800D9FEE7DB
S3150101B030354BD3F8805305EB000A9AF87249002C77
S3150101B04041D044EA001464F07F04E4B297B338684E
S3150101B05014F020FAC0F3001B002396F81C908AF81D
S3150101B060723905F1600A06222146504609F00109A5
S3150101B070FFF78DFD38BB4046FCF7E4F90146504622
S3150101B080FCF74EFEF8B95946286E14F005F9D0B908
S3150101B0904946286E14F000F9A8B9B8F1000F0BD092
S3150101B0A0306814F02AFA88B9504603B0BDE8F04F6A
S3150101B0B0FFF722BABB46CFE7424639462846FFF794
S3150101B0C0CBFC0028ECD003B0BDE8F08FB9F1000F3D
S3150101B0D0EAD030460DF10301FEF705FD0028F2D154
S3150101B0E0304601A9FEF7D6FC0028ECD19DF80310E4
S3150101B0F0286E14F0EEF80028E5D150460199FFF7C4
S3150101B100F7FB0028D0D0DEE7A88400202DE9F04125
S3150101B1100F46FCF762FA0328044600D9FEE7FF222F
S3150101B1201E4B2401D3F8805364F07F042B1893F945
S3150101B130768983F8762905EB8003586805F160065F
S3150101B1404030E4B2FDF746FD392306222146304659
S3150101B150FFF71DFDF8B9286E5FFA88F114F0B9F809
S3150101B160C8B9286EF9B214F0B4F8A0B93046FFF7A0
S3150101B170C3F980B92146302306223046FFF707FD80
S3150101B180014640B9286E14F0A4F820B93046BDE84D
S3150101B190F041FFF7B1B9BDE8F08100BFA8840020F5
S3150101B1A0002330B5174A146824BB5468A14221D142
S3150101B1B0C3F12004D0E90225A3F1200105FA04F423
S3150101B1C0DA40224325FA01F10A4312F0010FC3F1D4
S3150101B1D02004A3F120020CD1012121FA04F401FA80
S3150101B1E002F222439940D0E900430C431343C0E9DB
S3150101B1F0004330BD0133DBB21F2B02F10C02D2D168
S3150101B200F7E700BFB08303012DE9F8430C4614F0BB
S3150101B2100F081746194604F00F0C06D1022A02D16E
S3150101B220D030FFF7BDFF00200CE090F8EE6890F8F2
S3150101B230EDE8A6EB0E030E2B06DDD0300E21FFF74E
S3150101B240AFFF0320BDE8F883C4F30112841894F813
S3150101B250E948134644453DD133460E2B3ED842F0CB
S3150101B260400203F58F7342EA8C0230F8334042EA19
S3150101B270072222F08002920524F45F74920D24F0D4
S3150101B2800304224320F8332000EBC3056B68013622
S3150101B29061F317036B6080F8EE68C4E70F3CE4B213
S3150101B2A00E2CFBD804F58F7410F8345015F0400FAD
S3150101B2B00CD005F003094B4508D1C5F38309C145F6
S3150101B2C004D16FF3861500F83450C5E70EF1010E6E
S3150101B2D05FFA8EFE7645BFD97446E1E70F3BDBB2D5
S3150101B2E0BBE7134602228FE74FF080739A6A02F198
S3150101B2F07F41B1F5004F03D21168074A914203D04C
S3150101B3000023037083607047012202709A6A926872
S3150101B31042609B6A9B69F5E707B0CD5E70B5EFF3B5
S3150101B320108672B64FF0FF301BF0CFFB04460A4B75
S3150101B330D3F89826C3F89806824288BFD3F89C268B
S3150101B340304684BF0132C3F89C26D3F89C56E5F7F3
S3150101B3501EDF2046294670BDA88400202DE9F0474D
S3150101B36088B080460F4612F0D5FE9B4C064694F8EE
S3150101B3707036032B1CD0002239464046FEF760FD8C
S3150101B380B0B1FFF7CBFF954D421941F1000304F529
S3150101B390D06141E90223022384F87036B8F1000F26
S3150101B3A000D1FEE7C4F8A086002008B0BDE8F08709
S3150101B3B01E238B4AA8EB0205ED10B5FBF3F5EDB2A1
S3150101B3C0012D00D9FEE730236B4302F55E71194465
S3150101B3D08F4200D0FEE7C5EBC51102F254620A4461
S3150101B3E03968914200D0FEE73A7F234412F0020FF9
S3150101B3F00BD1642283F8F423FDF7DBF920B30C208A
S3150101B40007F05EFE044680B9FEE793F8F423022AAB
S3150101B41084BF023A83F8F423302303FB054393F8EF
S3150101B420F4234F2AE8D85022E4E700230146C0F865
S3150101B4300080037187606B480CF0B4FA0028B3D120
S3150101B440204607F047FEAFE73146B879FDF768FBBD
S3150101B4500028AAD1FDF7AAF9064600B1FEE74FF089
S3150101B460300A01464FF4F850E4F7BADE0AFB054308
S3150101B470C3F8F083397F1020C1F38001C4F8C0738A
S3150101B480E4F7AEDE0C2303FB05453B7F3846C3F3E8
S3150101B490C003B96A85F8AC37FEF7D8FBEFF311891A
S3150101B4A08AF3118802200121E4F79ADEFDF77EF97C
S3150101B4B000B9FEE7D4F8C03303B9FEE79B880DF165
S3150101B4C00B018DF80B300123D4F88C031A461BF0BE
S3150101B4D0CAFA9DF80B20D4F8C013023A334692B248
S3150101B4E00968D4F88C031BF0BEFA3F4B0596069307
S3150101B4F0D4F8C033079693F82C2020208DF8142018
S3150101B5001B6805AD93F800A0CAF3401AE4F780DE83
S3150101B51050B113F0B7FF31462020E4F761DE314621
S3150101B5204FF40040E4F75CDED4F8C063D4F88C43F1
S3150101B5307369EBB91020E4F76BDEB17990B12B4B4E
S3150101B540327E20469A711A780433DA705246009592
S3150101B5501BF01BF928B34FF48050E5F727DAFCF706
S3150101B56007FD1EE02B46524620461BF00CF9F1E77A
S3150101B5700022962104923269204613441B4AA3F5FF
S3150101B5809B7391821032B1790393009201955246D0
S3150101B59003AB1BF0FCF80028DDD101214020E4F7C3
S3150101B5A01FDE89F31188BFF36F8F4FF48050E4F7E3
S3150101B5B02FDE00283FF4F8AE98F8E430002B3FF473
S3150101B5C0F3AED8F82020936F002B3FF4EDAE0121A5
S3150101B5D03846D26F9847E7E6A8840020404B4C00D5
S3150101B5E0F8840020F488002020A1070038F7002004
S3150101B5F02DE9F04190F8E47004460D461E46CFB19F
S3150101B6000D4F97F87C739FB1897EAB798B4206D03A
S3150101B6100A4BCB40DB0700D4FEE7FDF7A3FA33461D
S3150101B62000222946206A5430BDE8F041E5F7469AE1
S3150101B630006AF8E7BDE8F081A884002000F8FF0759
S3150101B64070B5046894F85A3004F15405033B042B90
S3150101B65056D8DFE803F003081B1603002846BDE8A8
S3150101B6607040E5F7ED99226F636D9179D869FDF720
S3150101B67079FA2846216F0E23BDE870400022E5F7CD
S3150101B6801D9A2846BDE87040E5F7079AB4F8583087
S3150101B6909B0700D5FEE7636DD869FDF7EFFE7F28AD
S3150101B6A007D094F96B307F2B01D0834201DA84F8FC
S3150101B6B06B00FBF7CFFBE36EC01A00280EDAD4F854
S3150101B6C0C030D4F8B8008033C4F8C03004F1B801F1
S3150101B6D00C4A1030BDE87040FEF7DDB894F85A30D7
S3150101B6E094F96B10022B1CBF022384F85A30646F44
S3150101B6F0A36C2BB1236D1BB1206C984700232365E5
S3150101B70070BD00BFA4830301F0B500F190058DB0B2
S3150101B710284602A9FBF72BFE044600284BD12846F1
S3150101B72001A9FBF70AFE0446002844D128460DF17A
S3150101B7300301FBF7BFFD044600283CD1FFF7EEFDEF
S3150101B740DDE90253A84271EB03023DD26FF001021A
S3150101B7502D1A63EB0103AA4274EB030334D39DF85B
S3150101B7600360019F12F0D6FC01461848E4F750DD4B
S3150101B77040BB3046FDF7D4F90446E0B9012120204A
S3150101B780E4F72EDDFF238DF8143001230895104DC2
S3150101B7900B9431468DF82C30D5F88C0305AB08AAEC
S3150101B7A0CDE9064409940A971AF0FAFF30B985F8EA
S3150101B7B09E6485F8CE6420460DB0F0BD2146202059
S3150101B7C0E4F70EDD0124F6E70724F4E74000010062
S3150101B7D0A884002010B50446FFF7A0FD02460B46DA
S3150101B7E004F16000BDE81040FFF7BCB82DE9F04F48
S3150101B7F095028FB014461E46009001D5E4F7B0DDDF
S3150101B800E00104F0807240F10D810020E4F774DD5E
S3150101B8102020E4F7FDDC04F400510546002800F080
S3150101B820128121B101214FF40040E4F7D9DC14F46E
S3150101B830404F06D0002148F22000E4F7D1DCE4F7BD
S3150101B840FBDC210740F1A880DFF81CA30321DAF80C
S3150101B8508C0303AA1BF009F90146002800F0378180
S3150101B8609DF80C20072A40F03281DAF88C0308AAE8
S3150101B8701BF000F9002840F02A819DF81CB01BF04D
S3150101B8801103019309D11BEA1B100BF00F0104D11E
S3150101B89019B1BBF10F0F00F21A81BDF80E500599CE
S3150101B8A005F1010909781FFA89F9494540F00F8126
S3150101B8B0E91E7B2900F20B8103A8E4F77DDC002850
S3150101B8C040F00581BDF81010002940F0D480069999
S3150101B8D058460F78FDF772FE804640B9019B33B990
S3150101B8E01BF00F0F03D0BBF10F0F00F2F0809DF893
S3150101B8F02D20002A00F0C18007F00702022A40F03C
S3150101B900E680DAF8C814DAF88C0303AA1BF0B6F854
S3150101B910AAF8CC94E4F7AADC002838D0DAF8C023D7
S3150101B920DAF8C81412688978927891422FD19DF874
S3150101B9302620002A00F0CB800235DAF88C0308A90B
S3150101B940ADF824501BF098F80546002840F0BF8059
S3150101B9509DF82E2001208AF8DD249DF82F200899D3
S3150101B9608AF8DE24CAF8F084E5F706D801214FF4F6
S3150101B9708070E4F735DC78482946E4F731DCE4F7F1
S3150101B980A9DC20B1FA0644BF01228AF8C423E4F7EF
S3150101B990A1DC08B913F06FFDA00102D50120E4F77E
S3150101B9A0ABDC14F0084F03D000210420E4F718DCC6
S3150101B9B0A10705D50820E4F72BDC08B1E4F766DC1D
S3150101B9C0F2051FD5009808AA03A91AF0C0FE9DF831
S3150101B9D00C30BBB161480021E4F702DC0420E4F735
S3150101B9E017DC18B100210420E4F7FADBFCF7DEFECF
S3150101B9F018B14FF40070E4F7D9DFE4F72DDC08B193
S3150101BA00E4F744DCB30504D500220098114616F08B
S3150101BA102DFC16F0C00F40F09C800FB0BDE8F04F31
S3150101BA20FCF7A6BA06F002031A4304D04FF40070DC
S3150101BA30E4F7BCDFECE604F0A8421A433FF4E8AEB2
S3150101BA404FF48050F4E749B101214FF48030E4F716
S3150101BA50C7DB29464020E4F7C3DBF2E606F0200303
S3150101BA600B433FF4EEAE4020E4F7BADB4FF400603E
S3150101BA70E4F79CDFE5E605992AE79AF8902312B9DE
S3150101BA80B9F1040F23D09DF8262002B30235DAF865
S3150101BA908C0308A9ADF824501AF0EEFFB8B9EFF3FB
S3150101BAA0108072B6BAF8BEB7BAF8C057E5F76FDBC0
S3150101BAB0AB450CD0EFF31182302181F31188DAF80D
S3150101BAC00C586B1C09D182F31188BFF36F8F0025C6
S3150101BAD02946234812F0E8FF5EE7294651F80C0B87
S3150101BAE0CAF80C0882F31188BFF36F8F03AADAF83B
S3150101BAF08C031AF0C3FF85F80090BDF8342029465E
S3150101BB006A709DF92E201748EA709DF82F20AA70B8
S3150101BB10089AAA609DF81C2012F0010F18BF4FF078
S3150101BB200008C5F804800BF03DFF0028D0D017F0BE
S3150101BB30200704D001210420E4F752DB2CE79AF80F
S3150101BB40C423002A3FF428AF13F095FC8AF8C47385
S3150101BB5022E70FB0BDE8F08F0A0001006000010085
S3150101BB60B08C0020648C0020A88400202DE9F04FC0
S3150101BB70AB4CB3B094F870260790022AD3B200F009
S3150101BB809080032B6DD013B9012384F87036D4F854
S3150101BB908043002C00F0AE842046FDF723FE04F518
S3150101BBA08D5001230DF126020AA9083012F0C2FCBB
S3150101BBB08046002840F08F8404F5805393F8A6212E
S3150101BBC012B9012283F8A62100230A9ABDF826702B
S3150101BBD09A4208BF1F460121C4F89020042204F1AC
S3150101BBE0900584F86F192846A4F89470A4F8963044
S3150101BBF0A4F8987084F89A30A4F89C7084F8E0202F
S3150101BC0084F8A8300DF122018DF82230FBF752FBA1
S3150101BC10E8B99DF922309DF822B0002B17DAD4F844
S3150101BC2084390133C4F88439CBF3011384F87139AA
S3150101BC30029304EB8303D3F80490C4F80090B9F19D
S3150101BC40000F4CD1062259462046FEF7DFFF00239D
S3150101BC500A9884F86F3902F096FA002800F03B84BD
S3150101BC60FEE7FFF75BFB04F5D06353E9022390423C
S3150101BC7099418CD3D4F8A05605B9FEE72846FCF7BD
S3150101BC80B5FD0026037F01466FF38203037706762E
S3150101BC902846FFF763FB0123C4F8A06684F87036D2
S3150101BCA075E7FFF73BFB04F5D06353E902239042A5
S3150101BCB09941FFF46CAFD4F8A05605B9FEE72846C1
S3150101BCC0FCF794FD0B23014600222846FFF790FC61
S3150101BCD0012384F870360023C4F8A03657E72846B5
S3150101BCE00BA9FBF76AFB002840F0F780DDF82CA0D1
S3150101BCF0BAF1010F07D040F2EC83AAF10203032B3B
S3150101BD004AD9052287E002238DF85030B4F89630DE
S3150101BD10BB4205D0284614A9FBF7CCFA00B1FEE7D0
S3150101BD209DF85030022B31D109F11C00FEF7EDF9D6
S3150101BD3000250B234FF6FF7689F8443009F15400AB
S3150101BD40C9E91355C9F84850A9F84660E4F74EDE2A
S3150101BD5094F87139234483F86A5983F8725983F83F
S3150101BD60766983F87A59206EC4F88059C4F88459E2
S3150101BD70C4F88859C4F88C59FEF726FB7022802134
S3150101BD802046FEF743FF002876D0FEE7032B01D1BB
S3150101BD90FCF753F804F0E2FF0C900CA92846FBF7D7
S3150101BDA00CFB18B1FBF74EFB024634E0BAF1030F67
S3150101BDB00C9E18D0AAF10403012B0DD8BAF1050F77
S3150101BDC040F0318333460322164914A8FBF7E6FBFB
S3150101BDD0DDE9149808232FE333460022594620460C
S3150101BDE0FFF712FA77E033460EA81C220E49FBF73C
S3150101BDF0D5FBDDE90E3000F00107002B40F0018390
S3150101BE00002F40F0FE82712E6FD0B6F56F5F5ED0C6
S3150101BE100C2E0BD00D2259462046FFF762FA5AE045
S3150101BE20A88400204C8B0301D8890301284614A953
S3150101BE30FBF740FA002840F066819DF85030022B4D
S3150101BE4039D003D9DA1E012A88BF0323002584F8D4
S3150101BE50E0300C2201235946204684F8E850FEF7CA
S3150101BE60EEFE94F8E030042B2ED0012328BB626C40
S3150101BE7084F8A830C4F8E42094F8ED2894F8EE3853
S3150101BE809A4202D02046FEF725FF94F871290BF05C
S3150101BE900F03224492F8E91831B18B421EBFD4F83F
S3150101BEA088190131C4F888190F2B0CBF01230133FD
S3150101BEB082F8E938CBE60123C8E7C4F8E45084F8EF
S3150101BEC0A83084F8E8B0D7E70028D5D0F9E7594674
S3150101BED02046FEF7F1FF0028CED0FBF7B3FA59460B
S3150101BEE002462046FFF7FDF9C6E7D9F84830002B8F
S3150101BEF000F08382D9F87060002E00F08082284616
S3150101BF0010AA14A9FBF78AFA002840F0FC80BDF8B3
S3150101BF1040207F2A00F2F680B146B28059F8060B1D
S3150101BF2014991AF017FB49462846FBF7C3F900286D
S3150101BF3040F0E980B3792846B37640F6047333833A
S3150101BF407F23F376337FC6E9047723F0170343F0A2
S3150101BF500403337706F11801FBF7ACF900284CD13C
S3150101BF60284606F11901FBF7A5F9002845D128460E
S3150101BF700DF12301FBF7AEF900283ED1337F9DF880
S3150101BF802320284662F3820333770DF12501FBF75E
S3150101BF90A1F990BB337F9DF82520284662F3000362
S3150101BFA0337709A9FBF796F938BB337F9DF824202E
S3150101BFB0284662F3410333770DA9FBF78BF9E0B903
S3150101BFC0337F9DF83420284662F30413337706F153
S3150101BFD01401FBF7B2F980B9284606F11001FBF706
S3150101BFE0ACF950B9284606F11A01FBF763F920B9F4
S3150101BFF0284606F11B01FBF780F92568AB6C002B7E
S3150101C00000F0FB8105F15403069395F85A30052B8F
S3150101C01000F0F3812E6F306813F06FFA002800F0FB
S3150101C020CD81337FD80600F1C981304609A9FDF7D3
S3150101C03021FD002840F0C281337FD90704D430465F
S3150101C04095F8B410FDF763FDB5F858309A0600F17D
S3150101C050B5819DF82430082B40F0B0812B6F05F195
S3150101C06090029A60286F037FDB070BD4D5F8B06085
S3150101C0703146FDF71FFDD5F8B0309E4224BF01368A
S3150101C080C5F8B060002128232E6F16AF2422384649
S3150101C0900D911497ADF85430E9F736DA306813F09B
S3150101C0A02CFA002800F0838130460DF12501FDF7B8
S3150101C0B0D1FC002840F07B8130460DA9FDF7EAFC51
S3150101C0C0002840F074810D9BD5F86200D5F8661001
S3150101C0D01ABA9DF825C010AB03C3129238468022C5
S3150101C0E0B1688DF84CC00DF0F5FA019098B930465A
S3150101C0F0FDF71EFD831EDAB213F0010303920493C9
S3150101C1000AD0FEE70620FBF79DF95946024620466D
S3150101C110FEF77CFDDFE6FEE70638C0B20C28F0D853
S3150101C1203046FDF783FD8146034608F10102002BE6
S3150101C13040F0C1805FFA88F8B8F1020F38BF4FF0BD
S3150101C14002083046B8F1020FC8F10F0718BFFFB256
S3150101C150FDF71CFD336808F1FF38A0EB030A5FFA0E
S3150101C16088F30593039B059A023B1AF0FF084FEAF0
S3150101C170630342EAC30314BF0122002210A943EA61
S3150101C18082130DF181003A468DF880301AF0E2F9F9
S3150101C1904A460F2324A99F42C0F0908020AA114646
S3150101C1A014A8FCF733F9B8F1000F07D09DF88130D7
S3150101C1B083EA0A038DF8813002230493059B3A46EB
S3150101C1C010A90DF191008DF890301AF0C3F914AB55
S3150101C1D007F14100C7F10F0200211844E9F794D98B
S3150101C1E0049B8DF8C470ADF8C03010230027ADF85B
S3150101C1F0C230039B3046CDE92D79CDF8B0802F971A
S3150101C2008DF8C530FDF7C2FCD6F800A0A0EB0A09EE
S3150101C2105FFA89F9C84557D3D046CA44C24554D1B4
S3150101C2202D9B2C9A4B4493422D930AD1BDF8C030D4
S3150101C23023B120AA114614A8FCF7E8F80023ADF8AA
S3150101C240C0303046FDF7A2FC80463046FDF7EEFCD4
S3150101C2502F9B2E9A03449342074650D8C14608EBB9
S3150101C26000030393039B4B454AD12F9B1F442E9BEE
S3150101C2702F979F4212D3BDF8C03023B120AA114690
S3150101C28014A8FCF7C3F89DF8C42014AB02F14100D0
S3150101C2900021C2F10F021844E9F736D93046FDF7FC
S3150101C2A047FCDDE92E32B6F804809A423768A8EBDD
S3150101C2B000086BD0FEE790461B0A36E7013B01F801
S3150101C2C0012DDBB2120A66E7FEE7BDF8C030102B7D
S3150101C2D006D120AA114614A8FCF798F8ADF8C0704A
S3150101C2E0BDF8C0305A1CC833ADF8C0206B4418F8EC
S3150101C2F0012B13F8481C4A4003F8482C8EE7FEE748
S3150101C300BDF8C230102B13D10F229DF8C40028A904
S3150101C310824205DD11F8013D0133DBB20B709BB39E
S3150101C32028AA24A914A8FCF771F80023ADF8C23094
S3150101C33019F801ABB8F1000F0CD0BDF8C2305A1C87
S3150101C340C833ADF8C2206B4413F8283C8AEA0303CB
S3150101C35009F8013CBDF8C030102B07D120AA1146BE
S3150101C36014A8FCF753F80023ADF8C030BDF8C0306E
S3150101C3705A1CC833ADF8C0206B4413F8482C8AEA1D
S3150101C380020203F8482C6DE7013AC1E728AA24A95C
S3150101C39014A8FCF73BF847440DF17F039DF8C5202E
S3150101C3A0019991421DDB337F43F010033377BDF8C9
S3150101C3B05430232B20D914980DF086F900230698C1
S3150101C3C085F85B3085F85C3085F8B530E4F765DBD7
S3150101C3D0B14B0BF00F02EB64029B234483F87229E4
S3150101C3E04AE513F8012F93F820104A4007F8012B6B
S3150101C3F0019A01320192D1E7FEE70D2083E603207E
S3150101C40081E6002284F86F29421004EB60000FB126
S3150101C410A258D3589847012284F86F2900287FF43E
S3150101C420C1AC3346DAE4334603229C4914A8FBF72F
S3150101C430B5F8DDE914980723019308F00103029386
S3150101C440B9F1000F02D1002B3FF4E4AC4FF0000229
S3150101C450B4F8963084F89B20A7EB030A1FFA8AFAEF
S3150101C4605246A4F89C302846A4F89E7010A903935D
S3150101C470FAF7C4FF039B029A9F4288BFA4F896303C
S3150101C4804FF0000304EB680084F86F394FEA680343
S3150101C49012B1E35853F80990C847012384F86F395B
S3150101C4A000287FF47FAC04F16005334659462846DE
S3150101C4B0019A109FFEF76BFB58B952463946206E19
S3150101C4C012F0ECFE28B92846FEF716F800283FF4CB
S3150101C4D0D3AC00229FE404F5805393F8A6314BB106
S3150101C4E004F11400FEF751F820B904F58D5014300A
S3150101C4F0FDF75EF900266A4C68E084F88066EFF381
S3150101C500108072B6B4F8BE2712B9E4F740DEFEE731
S3150101C510B4F8BC37013A04EB8301D1F8C857B4F832
S3150101C520C0170133B3FBF1F701FB1733A4F8BE279B
S3150101C530A4F8BC37E4F72BDE002DE8D02B7B94F869
S3150101C540AF24C3F3800363F3410284F8AF242B7B49
S3150101C550002003F0FB032B7394F8AF24DB0963F38B
S3150101C560000284F8AF242B7B03F07F032B736B78D6
S3150101C57084F89E342B4613F80C2BA4F89C24C4F89A
S3150101C580983495F9033084F8AD3484F88236AB7862
S3150101C59084F8AE3484F881366B68C4F8C034A9686E
S3150101C5A0E4F7EAD9D4F8C00440B9FCF727FF08B18A
S3150101C5B0FDF70AFD0120FCF721FF08B1FDF704FD96
S3150101C5C02946384812F070FAFBF7D2FCEFF31080D6
S3150101C5D072B6B4F8BE77E4F7DADD002F8DD14FF4E8
S3150101C5E0F850E3F715DE50B34FF48070E3F710DE30
S3150101C5F0D4F8C063054668B3336839461B784FF4EE
S3150101C600807013F0200F284D08BF0025E3F7E8DD00
S3150101C6103B460022C6E90422EFF31181302080F363
S3150101C620118884F8182881F31188BFF36F8FD4F824
S3150101C630C0132A46886AFEF7DBFFFBF799FC079AC6
S3150101C6401A4BD31A1E22DB10B3FBF2F3DBB2012B19
S3150101C6502ED9FEE74FF40070E3F7DADD074630B174
S3150101C66029464FF40070E3F7BBDD0F23D1E74FF401
S3150101C6708060E3F7CDDD054638B139464FF4806078
S3150101C680E3F7AEDD3D460E23C3E701464FF4805085
S3150101C690E3F7A6DD0B23BCE71DB00101288B0301DE
S3150101C6A0A8840020B08C002070890020F884002025
S3150101C6B004EB8303D3F8B80320B10368022B01D13C
S3150101C6C0FCF7A8FEEFF3108072B6B4F84E54E4F706
S3150101C6D05EDD6DB3FCF76DF850BBEFF3108072B6FA
S3150101C6E0B4F84E2412B9E4F752DDFEE7B4F84C343E
S3150101C6F0013A04EB8301D1F85854B4F850140133CB
S3150101C700B3FBF1F601FB1633A4F84E24A4F84C341D
S3150101C710E4F73DDD002DE8D02B7913B1012B26D0AD
S3150101C720FEE7A9682868FEF719FE284606F0D2FC3D
S3150101C7301E491E4EA1F14800FAF776FBE8B13146D2
S3150101C7401B48FAF771FB054610BB1A49194DA1F1B0
S3150101C7504800FAF769FB0446BCB120461649FAF7C7
S3150101C760BDFB20462946FAF75FFB0446F4E76A89D1
S3150101C770297A2868FCF704F9D7E706F50B7106F55E
S3150101C780F270FAF751FB0028D9D133B0BDE8F08F29
S3150101C79094F87C13094A0A4B284600290CBF114615
S3150101C7A01946FAF79BFB31462846CAE7F48400206D
S3150101C7B0AC840020208700201D7101011371010144
S3150101C7C06571010180B5FBF784FC0020FCF716FEBB
S3150101C7D007460120FCF712FE8046FEF79FFD05463E
S3150101C7E00E46224CFCF760FB3846FFF7BFF9384687
S3150101C7F0FCF7ADFF3846FCF7BFFF81464046FFF720
S3150101C800B5F94046FCF7A3FFB9F1000F02D0FCF7D9
S3150101C81053FBE7E74046FCF7AFFF8146FCF74CFBCC
S3150101C820B9F1000FDED1FEF779FDD4E9EA325B1BDE
S3150101C83062EB06021B1842EB0102C4E9EA3294F8E3
S3150101C840A03303F0010353B194F8A03303F0FE03BF
S3150101C85084F8A033FEF762FD05460E46C2E74FF0A6
S3150101C860FF31D4F89C03E9F76BDEE8E7A8840020E1
S3150101C870B0F5802F07B54FEA104382B212D20F2AC3
S3150101C88010D8002914BF042101218DF805000022C9
S3150101C89001A88DF8043004F07DFB10F0FF0002D0F1
S3150101C8A0022803D0072003B05DF804FB0D20FAE747
S3150101C8B00229F7B505460F46164618D15E49106895
S3150101C8C0FBF7EDF800285AD069467068FAF7E0FCE3
S3150101C8D0044648B90099B1F5802F4FEA11438AB24E
S3150101C8E001D20F2A30D90724204603B0F0BD03290E
S3150101C8F043D152491068FBF7D2F800283FD0694667
S3150101C9007068FAF7C5FC04460028EDD1B06801A9A3
S3150101C910FAF7BEFC04460028E6D1DDE90034B3F599
S3150101C920802F4FEA1341DED29AB20F2ADBD80122B8
S3150101C9303020DBB29A40424B00FB0133002C56D02A
S3150101C94003F582531A6016E0EFF31180302282F368
S3150101C9501188534303F1814303F570335A6C80F314
S3150101C9601188BFF36F8FC9B2CA402846354902F013
S3150101C9700102FBF70CFC0024B6E70129B3D93249C0
S3150101C9803068FBF78CF80028ADD069467068FAF774
S3150101C9907FFC04460028A7D1022F36D1009BB3F5AF
S3150101C9A0802F4FEA13449AB29DD20F2A9BD8EFF3F7
S3150101C9B01181302080F31188DBB2072B204A97BF02
S3150101C9C004FB000000FB04221218526884BFD26BDB
S3150101C9D0083B9B0022FA03F303F00F035A1E0E2AAA
S3150101C9E008D981F31188BFF36F8F184909E003F55F
S3150101C9F00153A7E781F31188BFF36F8F012BF4D19F
S3150101CA0013492846FBF7C3FBB5E7032FB3D1B56835
S3150101CA1010492846FBF743F828B12146009803B08F
S3150101CA20BDE8F04024E728460B49FBF738F8002812
S3150101CA30A1D00121F2E700BF7981030182810301BE
S3150101CA4000C083407D810301868103019081030139
S3150101CA508B810301968103011E83030100000000FE
S3150101CA602DE9F04FB348B1B0E4F790DA0124B248A9
S3150101CA70E4F78CDA0B20E4F78DDA0422AF4B42207E
S3150101CA805C671C67AE4BDFF800A3C3F8882106F08B
S3150101CA900BFBAC4BA7485C67E4F778DA9AF8643C80
S3150101CAA013F0FD0F00F0D6804FF08074A36A03F1F5
S3150101CAB07F42B2F5004FC0F0D6804FF40032A24B4F
S3150101CAC0D3F8941003F58053C8071A6700F1F38070
S3150101CAD001221446104604FA00F30B4002F1010249
S3150101CAE000F0EB80994B03EB4003B3F868304FF04C
S3150101CAF000542168062B05918AB295484FEA1141E6
S3150101CB0040F0E2804FF20F03994240F0DA80B2F52C
S3150101CB10406F28BF4FF4C06202804FF000534CF2C0
S3150101CB203C325A808B4A536A43F470235362EFF3C2
S3150101CB3008834FF0CD31884A043B934280F0D3807C
S3150101CB408649874807F0FEF900237A481E93E4F7E0
S3150101CB501DDA4FF440730122042114A8ADF85030B7
S3150101CB6004F018FA01227F4B0DF1780B5946052085
S3150101CB70C3F84424E4F78AD8002839D1754BD3F890
S3150101CB80F02042F00102C3F8F020D3F8FC2042F074
S3150101CB908072C3F8FC20744AA3F55D431A601E9B9B
S3150101CBA0724A03F5D52303F2FC43B3FBF2F3704A50
S3150101CBB0013B13610223C2F8F0304FF48073C2F8CE
S3150101CBC004334FF060436B4AC3F8B02F6A4AC3F886
S3150101CBD0802ED3F8002E42F48072C3F8002EFF2274
S3150101CBE083F82020D3F8002E22F48072C3F8002E98
S3150101CBF0534C5048E4F7CAD963685A0506D44FF431
S3150101CC0080632A20C4F8843106F04EFA63681B0555
S3150101CC1006D44FF400632B20C4F8843106F044FA9C
S3150101CC2000204FF0604102270246D1F8003E494DEE
S3150101CC3043F48073C1F8003E504BCDE91E73052ABA
S3150101CC4000F2A480DFE812F0280152006C006E00A8
S3150101CC50700072004A48E9F714DACAF8680C00282C
S3150101CC607FF422AF29E71A68464B9A427FF425AF32
S3150101CC70DAF8680CE9F71CDE00287FF41EAF9AF892
S3150101CC80643C13F0FD0F0BD1A36ADB69984738B9F0
S3150101CC900DF062F920B1DAF8680CE9F751DA0CE71F
S3150101CCA0DAF8680CE9F74CDA00287FF406AF0123BC
S3150101CCB08AF8643C01E7002014E7132A7FF40AAFDE
S3150101CCC015E74FF4C06227E740F20725AB4208D1C9
S3150101CCD04FF20F05A94204D19A4204BF4CF23C32EC
S3150101CCE0628003801EE743F8041926E70C23D1F875
S3150101CCF0804EE40710D5D5F8FC4044F08074C5F8A0
S3150101CD00FC40D1F8004E44F48074C1F8004E0C6A1F
S3150101CD10002CF0D081F820300132112A8FD142E066
S3150101CD20D123E4E78023E2E70023E0E7441C03463D
S3150101CD30E0B2DCE7A88B0301BC8E03010060104061
S3150101CD4000E100E000501040008000A3649103015E
S3150101CD505888002000ED00E0806C00209CF700203F
S3150101CD6068BF002000D08340FF030040F8590D0041
S3150101CD70000004E055CEACC509000100006A181097
S3150101CD80C4F7002007B0CD5E70B60020A2F10E03F4
S3150101CD90012B40F28380102A79D14FF06043D3F8F9
S3150101CDA0803EDE077CD44FF06042D2F8003E584CFB
S3150101CDB023F48073C2F8003E002304F58056C4E9CA
S3150101CDC00233C4E90843C4E90D43D6F8A00123613E
S3150101CDD0236484F84430A6F8183284F82830E361D4
S3150101CDE084F83C302363C4E9003306F5D2718368C4
S3150101CDF09847002856D00DF0AFF8464D464B474AA5
S3150101CE00EB61474B47481A60474A484B1A600BF09A
S3150101CE1050FDEB6946489847EB69464898479AF8A9
S3150101CE206C3C03F0FF04B3B9E9F724DA012802D90E
S3150101CE30E9F732DA04469AF86C3C2BB9EB693948C1
S3150101CE40984701238AF86C3CE9F714DA012802D9DB
S3150101CE502046E9F737DA0DF0C7F80DF07DF89AF8B3
S3150101CE606D3C002B70D03448E4F790D83348E4F791
S3150101CE708DD800242046E8F759D8002840F0BF8113
S3150101CE802D48E4F739D92D48E4F736D985E00BEB7E
S3150101CE90020313F8063C2AE75B2328E75A2326E710
S3150101CEA05D2328E7D6F8A001036898470028A2D197
S3150101CEB0D6F8A001214643689847054690B901462F
S3150101CEC0C6F8EC01C6F8140286F81002A6F8E801C4
S3150101CED020221B48E8F718DB1A4BC3E90055C3E9C1
S3150101CEE0025588E704F1180001F050F804F12C000D
S3150101CEF001F04CF8D6F89001E9F748DED6F894012D
S3150101CF00E9F7A3D9D6F89801E9F72EDE73E700BF51
S3150101CF1018E500207CF70020D388020199880201D7
S3150101CF205CF7002030BE002047AB020160F700200C
S3150101CF30A479002070B60020A4910301A8910301F0
S3150101CF4008F70020F0F60020E9F794D901280546F3
S3150101CF5040F24D81E9F7A0D9041E1EDB9AF86D3C1A
S3150101CF60ABB9B5480BF0A5FCB8B9B4480BF0A1FCB7
S3150101CF7098B9B3480BF09DFC78B9B2480BF0AFFCF8
S3150101CF8058B901239D428AF86D3C7FF66CAF204664
S3150101CF90E9F798D90028BFF666AF282200210CAC23
S3150101CFA014A8E8F7B1DA202200212046E8F7ACDA25
S3150101CFB00023CDE90734012314A80A9310AB0B937F
S3150101CFC0E7F76EDE002848D12022214614A80EF08B
S3150101CFD0FDF8002841D114A8E7F762DE04460028CE
S3150101CFE03BD106AD6B68AE68012B029335D8482259
S3150101CFF000215846E8F788DAA6F104080C36002123
S3150101D0000298E8F735D8074638BB58F8043F01209E
S3150101D01003931AF034FD00B3E7F7B8DF1E90E0B1D0
S3150101D02030231F93039B22A95846874A22930DF168
S3150101D030900946F611032191CDF880901AF0C7FCAB
S3150101D0403A4639461AF0D4FC1E9B33B1209A4A4519
S3150101D05040F036811846E7F7CDDF0CF07DFF002859
S3150101D06000F05581E9F706D902280DD1774C2368DD
S3150101D0703BB9774B0FCB8BE80F005846E9F701D83F
S3150101D08020602068E9F714DC72487349091A0AF02D
S3150101D09095FB002800F0518107F0A8FA07F006FC7C
S3150101D0A002216E4B6E48CDE91E134FF04073CDE957
S3150101D0B02003062359464FF0FF30229319F0F2FC63
S3150101D0C000214FF0FF3019F0F0FC14F0B3FE4022BD
S3150101D0D000216448E8F718DA302200216248E8F7AE
S3150101D0E013DA00215F48614B614ADFF8CCE1DFF8D1
S3150101D0F0CCC1604F604E029100F140094FF0240806
S3150101D1000021029C43E9061008FB04F85B4C43E944
S3150101D11004EC444443E90276217721621824029DF5
S3150101D12042F8181C04FB059442F8144C544C43F87C
S3150101D130241B42F8104C534C203042F80C4C524CF3
S3150101D14042F8084C514C42F8044C514C4444217765
S3150101D1502162012442F8241B002D00F0F7802046AC
S3150101D160E3F756D80390002840F0E081494F0022A9
S3150101D1703E460023E6E80B2341F60B234FF6FF79E2
S3150101D180454D2022AB80454B7F2128604448CAF892
S3150101D190E83CADF850908DF85240E8F7B5D947F61D
S3150101D1A07F72404B4FF0FF381A803F4B58461B8820
S3150101D1B0039AAAF8F83C3D4B07F108011B68CDF823
S3150101D1C07880CAF8003D3A4BCAF8086D1B88AAF85F
S3150101D1D0FA3C384B1B68CAF8043D4FF08003AAF8A4
S3150101D1E0FC3C14F093FE002800F0B280FEE79AF8A9
S3150101D1F06D3C03F0FF04002B7FF435AEB1E64368C5
S3150101D200BFF34F8FD3F80034BFF34F8F002B3FF499
S3150101D21037AE00221C21E7F7D7DE4FF0FF3230216E
S3150101D220E7F7D2DE013434221C21E7F7CDDE402CAB
S3150101D2307FF420AE24E600BFA8C100200CC2002065
S3150101D24070C20020CCBD002004000020907900208E
S3150101D250F491030100F0380100103901006A180048
S3150101D26000030500E0C2002020C30020C484002081
S3150101D270F086002069770101C5770101AC840020A0
S3150101D280CF7701010D6E0101FD77010105780101DC
S3150101D290D886002050C30020EC880020EDB701019B
S3150101D2A0A2890020A08900200A9503011095030196
S3150101D2B0089503010C95030117770101016E01011F
S3150101D2C049461AF01DFD4FF0FF377B1C0DD0002F8B
S3150101D2D07FF4C3AEE7F780DEB0457FF490AE0C353F
S3150101D2E0002C7FF4BAAE01247CE6E7F717DF1E9B1B
S3150101D2F0002B3FF4B2AE58461AF026F8421C0746F7
S3150101D300F3D01E98E7F776DE00231E93DDE7A048EA
S3150101D3100BF0CFFA00287FF4A5AE02230122AAF869
S3150101D3205C369C4BCAF858060132202A986018735C
S3150101D330587303F10803F7D194E60AF02AFA002893
S3150101D3407FF4AAAE0122944B1A70A5E60294D5E6A2
S3150101D35092491E9814F0D2FF00B1FEE702211E98F0
S3150101D36019F0C4FA00B1FEE78D491E9815F0C0F90E
S3150101D37000B1FEE721461E9819F067FC00B1FEE7F0
S3150101D38021461E9819F06FFC014600B1FEE7854B57
S3150101D39080221846E8F7B8D82146A0F83C8080F8E3
S3150101D3A03E90A0F87C9080F87E801E9814F010FEC5
S3150101D3B07D4E1E98306000B9FEE740F22223DAF86D
S3150101D3C0E01C7A68794C9A4208BFA1420DD00FF24E
S3150101D3D0B819D9E900894FF0FF324FF0FF33CDE992
S3150101D3E0008919F065FAC7E9008900217048FBF740
S3150101D3F037FA01210846E2F7F3DE306814A914F081
S3150101D400BFFD044600B1FEE76A4BDFF80C82988046
S3150101D4101860694B9880C3F80080EFF3108072B6EB
S3150101D4200223664FBB803C60BC60E3F7B0DE644B10
S3150101D43008F18402BB60634B6349DA6008F1940227
S3150101D440DA639C2219607F3119639C629C809C6519
S3150101D4509C865E4B1A70FBF739FE0460FBF7F7FEFB
S3150101D460031D00F1B402194610339A42046006D134
S3150101D4702B790B2B02D86B790A2B04D8FEE743F8DB
S3150101D480104C0C46EFE7524B1D6007F00FFA0020D6
S3150101D490FBF738FB08223068114619F03AFA0446BF
S3150101D4A000B1FEE70146306819F0FAFB1822214660
S3150101D4B04848E8F729D84848FBF7A8F94748FBF750
S3150101D4C0A5F9204619F02DF920B9012019F029F9FC
S3150101D4D0C0B1029C1E22424BC31ADB10B3FBF2F30D
S3150101D4E0DBB2012B00D9FEE70C22002153433D4A51
S3150101D4F09D1CA8185151416001814FF6FE71012C05
S3150101D500D152E2D1EFF3108072B600231025364CC9
S3150101D5102360A360A580E3F73ADE344B29468C20CC
S3150101D520334AA36006F000FF00B1FEE7314B3248F2
S3150101D530D3F89420314B1A604FF40032304B1A67FD
S3150101D540E8F79FDD2F4B18600020FCF7F3F9CAF8C5
S3150101D550300E80B10120FCF7EDF98046CAF8340E90
S3150101D56048B1DAF8307ECAF8387E002F56D16921E2
S3150101D570254B264A02E05321254B244A254813F01F
S3150101D58013FF00BFAFF300800AE020FF2202000073
S3150101D59048C00020C8BC0020A87D0020070011005A
S3150101D5A004920301C4890020348800200AE020FF87
S3150101D5B0EC8800204089002070890020F488002031
S3150101D5C0096F0101708800204C8B00202B8B0020F4
S3150101D5D0E8880020D0880020608800206488002027
S3150101D5E0F88400204A8C0020648C0020B50180005B
S3150101D5F0B08C0020008000A3309203013C8B0020F7
S3150101D600009000A3448A00202D9103014092030159
S3150101D6101991030127910301FCC30020604C0026E7
S3150101D620234643F8E97B636104F6E903A3614FF4F9
S3150101D630006304F114052846A383C4E90866FCF7CF
S3150101D640C3FE256623460425013DC3E9196603F197
S3150101D6500803F9D1C823534A0421C4E92C234FF6FF
S3150101D660FF73A4F8B830504B0022C4E930350023CA
S3150101D6704E4EC4E92255C4E92455C4E92655C4E9E7
S3150101D6803423C4E93623A4F8845084F8A850C4F895
S3150101D690AC50C4F8BC70C4F8C85084F8E010C4F8A2
S3150101D6A0E45084F8E85084F8ED5884F8EE58A4F86B
S3150101D6B06859A4F86E59A4F87059C4F88059C4F888
S3150101D6C08459C4F88859C4F88C5984F89059C4F816
S3150101D6D0945946E90223D4F800B0C4F8A059A4F834
S3150101D6E0A459BBF1000F00D1FEE7314BDFF8D4A0FD
S3150101D6F078222946A6F1B000C4E90A34CAF80040E5
S3150101D700E7F702DF4FF0FF33DFF8BC90C4F8763953
S3150101D710C4F87259274BC4F87A59C4F86A59C4F83E
S3150101D720E958CBE93794DFF8A4B07721A6F50D6066
S3150101D730C3F80090CBF80040FDF732FDA6F6E400F0
S3150101D740FCF736F81C4A1B4BC7E93794C8E93794ED
S3150101D750C6F81828194AC3F80090DAF80030C6F855
S3150101D7602428174AA342C4E90157C4F80C80CBF80F
S3150101D7700040A6F80658C6F81478C6F81C58C6F82B
S3150101D7802078C6F82858C6F82C78C6F83028C6F885
S3150101D790345800D0FEE7284631B0BDE8F08F00BF0E
S3150101D7A0F0CA002000F8FF07ADAE010190D40020B8
S3150101D7B059AE0101F88A0020FFA501014D7F010142
S3150101D7C0619801012888002065AF0101FC8A0020CA
S3150101D7D00348044B834202D0034B03B118477047F8
S3150101D7E0C4F80020C4F8002000000000064B0749D8
S3150101D7F0C91A891048BF0131491003D0044B0BB135
S3150101D80001481847704700BFC4F80020C4F800203A
S3150101D8100000000010B5064C237843B9FFF7D8FF85
S3150101D820044B13B10448AFF300800123237010BDEB
S3150101D830A8E4002000000000B43D040108B5054B31
S3150101D8401BB105490548AFF30080BDE80840FFF764
S3150101D850CDBF00BF0000000010DF0020B43D040170
S3150101D860A3F5803A704700BF174B002B08BF134B36
S3150101D8709D46FFF7F5FF00218B460F461348144AD3
S3150101D880121AE7F741DE0E4B002B00D098470D4BDC
S3150101D890002B00D098470020002104000D000D48FF
S3150101D8A0002802D00C48AFF3008013F059FD200087
S3150101D8B029000AF0A8F813F041FD00BF0000080095
S3150101D8C000000000000000004077002000780020E1
S3150101D8D0C8E4002000000000000000000246D0F864
S3150101D8E0940068B9937B73B9D2F8900050B9D2F814
S3150101D8F08C3043B9537B127B9B1A5842584170476E
S3150101D900002070471846704708B50146FFF7E6FF44
S3150101D91050B1D1F8880040B9D1F8843023B9B1F8B2
S3150101D9206800B0FA80F0400908BD0020FCE740BA62
S3150101D93080B24140C1F303135940080380B2484004
S3150101D940490101F4FF5148407047024610B5441898
S3150101D9500020A24200D110BD12F8011BFFF7E7FF1B
S3150101D960F7E770B5044606460D46002016F8011B79
S3150101D970FFF7DDFFAB1B14FA83F39BB2002BF5D145
S3150101D980131A5842584170BD21B1012300200B7071
S3150101D9904870704722207047024B1888003818BF1B
S3150101D9A001207047C8E400200020704700487047F5
S3150101D9B08096980010F1840F12DA10F1950F25DB8C
S3150101D9C09530102822D8DFE800F01D2121211B21E5
S3150101D9D021211913110F151F17230900082070475B
S3150101D9E0003818BF012070471D2070472E2070474F
S3150101D9F02D20704724207047212070471A20704737
S3150101DA002F2070472C207047252070470120704731
S3150101DA100F20704701230B747047FEE7F8B50446E2
S3150101DA200127124D0CB314F001000BD0002024F094
S3150101DA30010405EBC0021668002EF3D05168C0B28D
S3150101DA40B047EFE72246013020284FEA520201D0C2
S3150101DA50D307F8D507FA00F20F2824EA0204E8D918
S3150101DA60421E05EBC2021038E5E7F8BD68910020B8
S3150101DA70074BD3F82404D3F8202403F500531040AF
S3150101DA8000F0553020F05020C3F82004C6E700BF4E
S3150101DA9000C08340074BD3F82404D3F8202403F5AF
S3150101DAA00053104000F0AA3020F0A020C3F8200452
S3150101DAB0B4E700BF00C08340012110B4144B81407B
S3150101DAC05A6D9C6D02EA0403002CDBB206DA02F4FC
S3150101DAD07F02134311EA124215D19BB2194213D0A7
S3150101DAE00C4B59650C4B03EB0013D3F880455CB124
S3150101DAF0D3F88815D3F884250131C3F8881523464F
S3150101DB005DF8044B1847FEE75DF8044B704700BF0B
S3150101DB100040814000608140D88C00200020CBE785
S3150101DB200120C9E70220C7E70320C5E70420C3E7AF
S3150101DB300520C1E70620BFE70720BDE708B506F0C6
S3150101DB4032FE20B110F81A3C2C38013B837408BD12
S3150101DB5010B4EFF31181302383F311880346D0F812
S3150101DB600821546843F8044F536081F31188BFF3C8
S3150101DB706F8FD0F808315DF8044B03F58053D3F864
S3150101DB809401E9F73F9810B500F58050D0F8D0011E
S3150101DB900C4611F0DDF9206038B100230360184607
S3150101DBA0226813722268536010BD1A20FCE7F7B58B
S3150101DBB00D46EFF31187302686F31188154C04F5CE
S3150101DBC0C060FFF7BBFF30B987F31188BFF36F8FD1
S3150101DBD01B2003B0F0BD87F31188BFF36F8F286057
S3150101DBE0EFF3118586F31188D4F8040601A90CF027
S3150101DBF079FF48B9019B9A7C01329A74D4F80826B7
S3150101DC0043F82C2FC4F8083685F31188BFF36F8FBB
S3150101DC100020DEE7D88C002007B54022084B0948D1
S3150101DC205A610123009300F20C6200F21C61064B5A
S3150101DC30D0F8300613F0C6F8002003B05DF804FBF6
S3150101DC4000408140D88C002015E4010173B52D4CAB
S3150101DC50D4F83836D4F83C2613431FD004F5C766E9
S3150101DC6005213046B4F83D26FFF77BFEB0B1B4F885
S3150101DC703A56B5F5857F11D804F5C160FFF75EFF08
S3150101DC800346C4F84006F8B90123D4F8302684F8CE
S3150101DC90643693401C4A536502B070BD1B4BD4F8E0
S3150101DCA050269B0863F39F02C4F850260023184AA5
S3150101DCB00093A2F15C01174BD4F8300613F082F8F8
S3150101DCC01022154B1A64E7E70268D4F8380610608A
S3150101DCD0B088B17990809171002DDFD0D4F85016BA
S3150101DCE004F5CD62920862F39F01C4F850165B6890
S3150101DCF0013DC4F87036B4F8683665F30E13A4F81D
S3150101DD006836D3E7D88C0020006081402C9300202F
S3150101DD105093002015E4010100E0834037B5EFF38C
S3150101DD201185302383F311880F4CD4F8040601A918
S3150101DD300CF0D8FE28B185F31188BFF36F8F03B0BC
S3150101DD4030BD019B9A7C01329A74D4F8082643F8B6
S3150101DD502C2FC4F8083694F86436002BE5D084F8E4
S3150101DD606406FFF773FFE0E7D88C002007B5254865
S3150101DD70D0F88826A2F12C03998952F82C2CC0F8E7
S3150101DD808C36C0F8942690F8AC2679B961F3410234
S3150101DD9080F8AC2600231C4A0093D0F8040702F14F
S3150101DDA0100113F00FF803B05DF804FB42F0020213
S3150101DDB080F8AC265A68B0F8B016C0F8B4269A892C
S3150101DDC0013A62F30E119A68A0F8B0167AB1D0F849
S3150101DDD0BC1600F5D862920862F39F01C0F8BC1621
S3150101DDE09A68C0F8C4260E33C0F8D436D2E7D0F803
S3150101DDF0BC1600F5DA62920862F39F01C0F8BC16FF
S3150101DE00F1E700BFD88C0020B893002038B5EFF3B5
S3150101DE101184302383F311880F4A13882BB984F3B4
S3150101DE201188BFF36F8F032038BD013B13808B7CB3
S3150101DE300A4D01338B7405F5D1602C3106F0ACFC2A
S3150101DE40D5F88C360BB9FFF791FF84F31188BFF32F
S3150101DE506F8F0020E8E700BFC8E40020D88C0020BE
S3150101DE6008B54FF0006302211F4A936602F580420D
S3150101DE70916005219160A2F5405293661B4B83F394
S3150101DE800A881B4B1B4A1C489A60D3F8882042F426
S3150101DE907002C3F88820194BC01A80100CF0E4FDFA
S3150101DEA0174B18498B4212D30020174B17498B4246
S3150101DEB018D3FFF7D9FC186850F82240586840F882
S3150101DEC02240013298688242F5D30C33EAE70022F7
S3150101DED0F8E71C6844F8220001325C68A242F8D3D3
S3150101DEE00833E4E70022F8E700508040806C002007
S3150101DEF000ED00E000000101286D0101A801010109
S3150101DF00BC3D0401C83D0401C83D0401C83D0401ED
S3150101DF1038B50446D0F8F8000D4613F000F840B9BB
S3150101DF20E36F2BB1207A2A46D4F880109847012055
S3150101DF3038BD0020FCE7EFF31182302383F311880A
S3150101DF408368013B836082F31188BFF36F8F70474A
S3150101DF5010B508B9022010BDEFF31184302282F306
S3150101DF601188826822B984F31188BFF36F8FF1E7B3
S3150101DF700132826084F31188BFF36F8F036813B195
S3150101DF8000200B60E7E7FFF7D6FFE3E738B5044664
S3150101DF90EFF31185302383F31188037C63B1806824
S3150101DFA02146403006F007FCA26892F84430013B55
S3150101DFB082F844300023237485F31188BFF36F8FF0
S3150101DFC038BD2DE9F84300F580550646D5F8BC0163
S3150101DFD08846174610F0BCFF044610B91A20BDE861
S3150101DFE0F88334220021E7F78FDAEFF31189302321
S3150101DFF083F311887B1E042B22D8DFE803F0172156
S3150101E00003170300B5F8AC21B5F8B831013A9342CB
S3150101E01009DB2146D5F8BC0110F092FF89F311887D
S3150101E020BFF36F8FDAE70133A5F8B83189F31188A8
S3150101E030BFF36F8F0020E774A661C8F80040CEE7F1
S3150101E0402120CCE710B550F8044C011F04F580538B
S3150101E050D3F8C80110F074FF204610BDF8B5044687
S3150101E060002850D0837C002B4FD10168856911B1FD
S3150101E070284610F066FFA16805F5805519B1D5F856
S3150101E080D40110F05DFFE37C022B0BD0032B0BD0E7
S3150101E090012B0BD1606828B1FFF7D4FFD5F8A00198
S3150101E0A010F06EFF012602E06168E9B90026EFF37F
S3150101E0B01187302383F311882146D5F8BC0110F06D
S3150101E0C03FFFE37C042B14D1D5F89C01E8F79ADDD7
S3150101E0D087F31188BFF36F8F26B1D5F8A001436A83
S3150101E0E003B198470020F8BDD5F8C40110F028FF07
S3150101E0F0DCE7052B01D0032BEAD1B5F8B831013B99
S3150101E100A5F8B831E4E72220EDE70420EBE72DE994
S3150101E110F04116461F460D46D9B100F58050D0F89B
S3150101E120CC0110F015FF0146A8B100244FF00208F9
S3150101E13004606B6880F80A8043600781304606F007
S3150101E1402BFB284685F81380FFF788FF2046BDE89B
S3150101E150F0812220FBE71A20F9E738B504460D467E
S3150101E16081B1486804F5805428B1FFF76BFFD4F8F3
S3150101E170A00110F005FF2946D4F8CC01BDE83840CD
S3150101E18010F0DEBE38BD10B5A8B1FFF75BFF04463E
S3150101E19000F58D50143006F006FB04F58054014656
S3150101E1A018B1D4F8CC0110F0CBFED4F8A00110F0CF
S3150101E1B0E7FE002010BD2220FCE708B506F0F3FAC0
S3150101E1C020B110F81E3C3038013B837408BD8B7CAD
S3150101E1D03031013301F81E3C06F0DEBA38B58162F1
S3150101E1E04469EFF31185302383F31188D4F808319B
S3150101E1F0014603F11000FFF7EAFF85F31188BFF32A
S3150101E2006F8FD4F80821074902F1180012F00FFEA9
S3150101E2104FF6FF72B4F8683093421CBF0133A4F87C
S3150101E220683038BD19F7010110B50446A37C0846CB
S3150101E230013B04F13001A37406F0BDFA2046BDE8A5
S3150101E24010403321CAE72DE9F0410446EFF3118667
S3150101E250302383F31188D0F808319D681DBB04F181
S3150101E2603000E3F7DFD9D4F808315D69002D36D1E5
S3150101E270A04658F88C7F002F4DD12774274657F8B1
S3150101E280905F002D5FD1274657F8945F002D61D12C
S3150101E290D4F80831DF68002F63D186F31188BFF303
S3150101E2A06F8FBDE8F08115F8203CA5F130007F2B79
S3150101E2B04FEA9317436998BF0027A3422D68CDD131
S3150101E2C0D4F808110831FFF7AFFF1FB9637B01339A
S3150101E2D06373C3E7032F04BF0023A373BEE715F8D6
S3150101E2E0203CA5F130007F2B4FEA9317436998BF74
S3150101E2F00027A3422D68B9D1D4F808111431FFF7CB
S3150101E30093FF1FB9637B01336373AFE7032F04BF28
S3150101E3100023A373AAE73D4655F830794046AB7C05
S3150101E32005F13001013BAB7406F045FAAB7C33B91B
S3150101E330637B3321013328466373FFF74FFFE37B89
S3150101E340013BE37397E72846394650F83059FFF701
S3150101E3506BFF96E72846394650F83059FFF764FFB7
S3150101E36094E7384650F830794369A34293D1D4F8FA
S3150101E37008110C31FFF758FF84F805518BE710B5E9
S3150101E380436F044613B1816F007A9847D4F8F400BC
S3150101E39008B1E8F737DCD4F8F80012F0C0FD2046E1
S3150101E3A0BDE810404FE70B7C70B57F2B164604463E
S3150101E3B04FEA93124FF030030AD9EFF3118583F334
S3150101E3C01188032A23D1837B0BBB012383730BE0C2
S3150101E3D0EFF3118583F31188437B1BB99030FFF766
S3150101E3E0F6FE0FE0013B4373D4F808010830FFF74D
S3150101E3F0EEFE3EB1D4F8083103F58053D3F894010A
S3150101E400E8F700DC85F31188BFF36F8F70BD04F166
S3150101E4109400E4E72DE9FF476C4DC5F81C170AB9CD
S3150101E420022905D1FFF712FC002004B0BDE8F087EF
S3150101E430D5F88C36D5F84046002B57D1D4B10026F4
S3150101E440236863485B8804F12C01A381A37C013312
S3150101E450A37406F0A1F90023C5F84036D5F80436B0
S3150101E46003F58053D3F89401E8F7CCDB56B9D5F817
S3150101E4708C36D3B9D5F8883623B1D5F88C360BB994
S3150101E480FFF774FCD5F830060DF10F01E2F738DE1E
S3150101E4909DF80F30002BC7D00123D5F830269340C4
S3150101E4A04C4A5365BEE7002CC9D100274A48C5F835
S3150101E4B02077FFF743FB036806461A797F2A4FEA5D
S3150101E4C092134FF0300222D8EFF3118882F31188AB
S3150101E4D0446944BB88F31188BFF36F8F3F4A1388A0
S3150101E4E0013313800023C5F88C36C3E7D5F8040739
S3150101E4F00DF10F01E2F704DED5F820371BB19DF8C6
S3150101E5000F30002BCFD1002CBCD0012698E7EFF3B9
S3150101E510118882F311884469002C3CD1022BD9D18F
S3150101E520FFF79CFDD6E790F82490B9F1000F05D0CD
S3150101E530394680F82470FFF751FE1AE094F850002D
S3150101E54010F044FD08B33046FFF788FD042810D1C9
S3150101E550D4F814A004F130073846C4F84C90E3F717
S3150101E56061D83346514638461D4ACDF80090E3F746
S3150101E57003D8D4F808319A68002AABD003F5805341
S3150101E580D3F89401E8F73EDBA4E7637B332101333A
S3150101E59030466373CFE7032B02D0FFF75FFDE8E750
S3150101E5A0A37B002B96D03946A773FFF717FED4F844
S3150101E5B09430002BDDD004F19400FFF7FEFD01221A
S3150101E5C001462046FFF7EFFED3E700BFD88C0020B6
S3150101E5D0D89200200060814060930020C8E40020A9
S3150101E5E059E601012DE9F7438946174601A9032297
S3150101E5F006461D469DF82880FFF7E3FC48BB06F554
S3150101E6008053D3F8C401019C10F0A2FC606020B9CB
S3150101E610204603B0BDE8F04320E5012165F06F0511
S3150101E620A181C4F814906774257480F8008060682C
S3150101E630FFF78BF9E081EFF31185302383F311881D
S3150101E640214606F10800FFF7C2FD85F31188BFF3E4
S3150101E6506F8F03B0BDE8F08370B50D46EFF31186F8
S3150101E660302383F311884C6904F18C00FFF7A5FD72
S3150101E67004F13000E2F7D6DFD4F808012946143057
S3150101E680FFF7A5FDD4F80821044902F12C0012F087
S3150101E690CEFB86F31188BFF36F8F70BDEDEA0101E1
S3150101E6A010B5044618220021E6F72EDF204610BDDB
S3150101E6B00368D90444BF43F48063036003689A0481
S3150101E6C044BF43F40063036070470146044B93F86A
S3150101E6D0240783F82417D3F8283703B1184770475D
S3150101E6E0D88C00202DE9F04F744F064697F8243750
S3150101E6F08946924691B0002B00F0DC80022B08D1AD
S3150101E700007A012894BF00200120C00011B0BDE8A4
S3150101E710F08F012B00F0D080033B012B03D8037A44
S3150101E720012B00F0C98096F804010028EED0D9F832
S3150101E7300020137903F0070123F007031371337ADC
S3150101E740D7F82C078DF83430D6F8FC30079143F011
S3150101E75000430F935A4BCDF835009A889B79D7F828
S3150101E76040078DF83B300023D9E900B5ADF83920D2
S3150101E7700B934FF40072534B0CA9BAF800400BF0FE
S3150101E78027FB0746A0B9DDF830804F48D8F8043099
S3150101E790D8E908121B0A834220D019D853B3012B99
S3150101E7A059D06FF08607002C7ED10C980AF056FFDE
S3150101E7B03846FFF7FFF810B90B9BAAF80030D9F8D4
S3150101E7C000200799137923F00703194311719DE776
S3150101E7D03E4883423FD001308342E2D10BABCDE9C2
S3150101E7E004434046CDE90245CDE900B50DAB0FF035
S3150101E7F074FD3BE00BABCDE904434046CDE902454F
S3150101E800CDE900B50DABCDE908120FF066FDDDE9E5
S3150101E810081210F1860F074629D10BABCDE9044346
S3150101E8204046CDE90245CDE900B50DAB12F01CFA22
S3150101E83010F1860F07461AD10DF12A03B8F8001017
S3150101E84020480DF12B020FF094F8031E14BF1F4649
S3150101E8506FF08507A7E70BABCDE904434046CDE948
S3150101E8600245CDE900B50DAB12F0FEF90746002FC1
S3150101E87099D10C980AF0F2FE10F050FBD6F8FC2063
S3150101E8800E490132C6F8FC20D1F83C270132B2F11A
S3150101E890005FC1F83C278BD191F82427052A87D13E
S3150101E8A00320FFF712FF83E7224600212846E6F7F8
S3150101E8B02BDE7AE7032029E7002027E7D88C002001
S3150101E8C00494002000024805010080000200800036
S3150101E8D0084A13B1012382F844370121064B997085
S3150101E8E092F82437042B04D100230520C2F83C37C2
S3150101E8F0EBE67047D88C0020C8E40020EFF30583CE
S3150101E9000F2B84BF034A9B5C4FF0E023D3F80C3DE8
S3150101E910704700BFF0E300E0002307B50193054B03
S3150101E9205B69E7F717D8019B002BFCD003B05DF8B3
S3150101E93004FB00BFC8E40020EFF3148010F0010FBF
S3150101E94014BF002001207047EFF3148040F001004D
S3150101E95080F3148870472DE9F3410E46154680462A
S3150101E960002843D001A9FFF7F3FA0746F8B9019C3C
S3150101E970E7F780DC022803D1D4F8F000E7F798DF46
S3150101E980711E0A2907D8DFE801F0161C2022242668
S3150101E990292D181A1E00E565E7F76CDC022803D15B
S3150101E9A0D4F8F000E7F7CCDB4046FFF7C4FA384666
S3150101E9B002B0BDE8F0812566EEE7E566ECE725677D
S3150101E9C0EAE7A565E8E76566E6E76567E4E7A5675A
S3150101E9D0E2E7E567E0E7C4F88050DDE72B68C4F8B4
S3150101E9E09830D9E72B68C4F89C30D5E72227DEE7B2
S3150101E9F008B50023012219460A4810F0FAFA08B1AE
S3150101EA00002008BD0221084A0648FFF7A4FF002895
S3150101EA10F6D10321054A0348FFF79DFFB0FA80F0BD
S3150101EA204009EEE7D4940020D1E8010135EC01015A
S3150101EA30022838B52ED1042952D1E7F71BDC022869
S3150101EA4004D1284BD3F89801E7F732DF264B002191
S3150101EA50186810F0C1FA0446E7F70CDC022803D165
S3150101EA60D4F8F000E7F724DF012384F80431E7F74E
S3150101EA7001DC022803D1D4F8F000E7F761DBE7F7FF
S3150101EA80F9DB02282CD1174BD3F89801BDE83840A0
S3150101EA90E7F7569B032823D1042921D1E7F7EADBBE
S3150101EAA0022804D10F4BD3F89801E7F701DF0025BE
S3150101EAB00D4B1C68002CE2D0E7F7DCDB022803D101
S3150101EAC0D4F8F000E7F7F4DEC4E93F55E7F7D2DB06
S3150101EAD0022803D1D4F8F000E7F732DB2468E9E72D
S3150101EAE038BD00BF18F5002018E500202DE9F843CF
S3150101EAF006464FF0300800F1140973690BB9BDE8F8
S3150101EB00F883EFF3118488F311884846FFF755FB23
S3150101EB10054684F31188BFF36F8F4469E7F7AADBD2
S3150101EB20022803D1D4F8F000E7F7C2DE95F82430C4
S3150101EB306BB100212846FFF751FBE7F79BDB022862
S3150101EB40DBD16B69D3F8F000E7F7FADAD5E7AB7CED
S3150101EB500133AB742B46D4F88C2043F8302FC4F81B
S3150101EB608C30237C092B06D90A23204684F85030A0
S3150101EB70FFF705FCE1E7676941F288307F006761CC
S3150101EB80E2F73ADB874294BF67616061204612F082
S3150101EB9078F9D2E738B50446E7F76CDB022804D1E8
S3150101EBA0154BD3F89801E7F783DE144B21791868E1
S3150101EBB010F012FA0446E0B1E7F75CDB022803D153
S3150101EBC0D4F8F000E7F774DE94F85050E7F752DB1A
S3150101EBD0022803D1D4F8F000E7F7B2DAE7F74ADB06
S3150101EBE0022804D1044BD3F89801E7F7A9DA28469C
S3150101EBF038BD0546F2E700BF18F5002018E50020EB
S3150101EC0038B5046814B9BDE83840C3E7E7F732DB24
S3150101EC10022803D1D4F8F000E7F74ADE94F8505000
S3150101EC20E7F728DB022803D1D4F8F000E7F788DA01
S3150101EC30284638BD10B5054C04F2FC70FFF7E0FF1C
S3150101EC4005281CBF012384F8443710BDD88C002048
S3150101EC502DE9F0471E4606231370496814463029EB
S3150101EC6086B072D00ED8042905D9202967D0002390
S3150101EC7063600D2335E00139032930D8DFE801F05E
S3150101EC803358394340F2022399427DD00ED8502997
S3150101EC905ED0B1F5007F60D04029E8D1516050F8CE
S3150101ECA0380CC3699847A06008234CE040F2013350
S3150101ECB099426ED0B1F5885F70D0A1F58053FF2BD3
S3150101ECC000F28F8000238DF81010C9B241F48051F2
S3150101ECD0516003A80393FFF75DFF207207E000234C
S3150101ECE05360A360E0E701235360062313720523F2
S3150101ECF029E0042303220821C4E901230023C4E9ED
S3150101ED00031310231FE01346042243F8042F514A2B
S3150101ED10116859605168128999609A810E2363803D
S3150101ED200123437463880433336006B0BDE8F08779
S3150101ED300223536010F8333CDB000133D1E7516004
S3150101ED4050F8302C22816380ECE75160C36BC8E730
S3150101ED50516050F8380C036AA4E7516003A8FCF727
S3150101ED60C3FA049BE360002323619DF80C30012B58
S3150101ED7002D103232372C4E723B923724FF0FF3370
S3150101ED80E360BEE70423F5E7334B5160D3F8083856
S3150101ED90A7E7314B516093F82437A2E700252F46A7
S3150101EDA0516002F1070902F1870A6B1C6846CDE938
S3150101EDB00077CDE903778DF804508DF8103002976D
S3150101EDC00597FFF71DFF804603A8FFF719FF48EADC
S3150101EDD0001809F8018F0235D145EDB2E5D1842339
S3150101EDE0B1E7A1F5E063FF2B3FF641AFCDB245F4A3
S3150101EDF0E0635360E7F73EDA022804D1174BD3F8F3
S3150101EE009801E7F755DD164B2946186810F0E4F825
S3150101EE100546E0B1E7F72EDA022803D1D5F8F0006D
S3150101EE20E7F746DD95F80471E7F724DA022803D1FD
S3150101EE30D5F8F000E7F784D9E7F71CDA022804D1FF
S3150101EE40064BD3F89801E7F77BD927724FE70746B7
S3150101EE50F2E700BF748B0301D88C002018F500205E
S3150101EE6018E500202DE9F74F9846062313704D68E2
S3150101EE701446A5F58052FF2A07460E46DDF8309065
S3150101EE8000F21B810523EDB2638045F48053636073
S3150101EE900B7A9A1E012A53D8A0F58E59E7F7EAD9BA
S3150101EEA00228A9F1180603D157F8400CE7F700DD4E
S3150101EEB0294659F8180C10F08FF8022305462372DA
S3150101EEC058B9E7F7D7D9022840F0AC8006F5805644
S3150101EED0D6F89801E7F734D9A4E0E7F7CBD90228A8
S3150101EEE003D1D5F8F000E7F7E3DCE7F7C3D9022848
S3150101EEF005D106F58056D6F89801E7F721D995F897
S3150101EF005060304610F062F830B10A2385F850306E
S3150101EF102846FFF734FA0CE0042E0AD1092306210B
S3150101EF20284685F85030FEF7F3FF10B96B7ADB06F8
S3150101EF30EED4E7F79FD9022874D1D5F8F000C9E7D5
S3150101EF40052B4ED1A0F58E56E7F794D90228A6F1E5
S3150101EF50180A03D157F8400CE7F7AADC56F8180C42
S3150101EF60294610F039F802230646237240B9E7F71C
S3150101EF7081D9022856D10AF5805ADAF89801A9E70A
S3150101EF80E7F778D9022803D1D6F8F000E7F790DC44
S3150101EF90E7F770D9022805D10AF5805ADAF89801FE
S3150101EFA0E7F7CED896F85030012B01D0042B11D1B9
S3150101EFB0042386F8503005232372E7F75BD902282B
S3150101EFC003D1D6F8F000E7F7BBD8AE4B2B43C9F80E
S3150101EFD0003027E0E7F74ED9022823D1D6F8F00011
S3150101EFE078E7092B62D1A0F58E5AE7F743D90228B2
S3150101EFF0AAF1180603D157F8400CE7F759DC29465F
S3150101F0005AF8180C0FF0E8FF074690B9E7F732D91D
S3150101F010022805D106F58056D6F89801E7F790D86A
S3150101F0200923237263880433C8F8003003B0BDE8AD
S3150101F030F08FE7F71FD9022803D1D7F8F000E7F7D8
S3150101F04037DCE7F717D9022805D106F58056D6F838
S3150101F0509801E7F775D897F85030053B032B23D86C
S3150101F060DFE803F007020E07082387F85030237201
S3150101F07013E00821384687F85010FEF72FFC58B1E6
S3150101F08009232372E7F7F6D8022803D1D7F8F0004E
S3150101F090E7F756D87C4B99E72172E7F7EBD80228B7
S3150101F0A0C0D1D7F8F00015E70923E0E7042363800F
S3150101F0B0002363600323A360B4E7A5F5E062FF2A99
S3150101F0C05FD84B880C2B03D000236360032397E0A1
S3150101F0D0D1F80890D1F80CA0E7F7CCD8022804D1D1
S3150101F0E06A4BD3F89801E7F7E3DBDFF8B4B1EDB288
S3150101F0F02946DBF800000FF06FFF074678B9E7F7FD
S3150101F100B9D8022805D10BF58053D3F89801E7F751
S3150101F11017D800236360082363800423CBE7E7F74D
S3150101F120A9D8022803D1D7F8F000E7F7C1DB97F890
S3150101F1305030012B0ABFC7E93FA94FF002094FF031
S3150101F1400009E7F797D8022803D1D7F8F000E6F7C7
S3150101F150F7DFE7F78FD8022804D14C4BD3F8980192
S3150101F160E6F7EEDFB9F1000FD3D1234645F4E065A9
S3150101F17043F8045FB2685A60F2689A600C236380AF
S3150101F18050E740F20322954270D0B5F5017F21D2B5
S3150101F190602D68D007D8042D2FD9212D37D0002312
S3150101F1A063600D232CE0B5F5007F26D040F20223E2
S3150101F1B09D42F4D1042363808B681BB3012B83D158
S3150101F1C00123334AA360C2F8083840F2022363607F
S3150101F1D00823D4E7B5F5C06F21D00BD840F201332E
S3150101F1E09D420AD0B5F5A06FD9D10B7A80F8383096
S3150101F1F0656036E0B5F5885FD1D1002363601523DB
S3150101F200A360E5E7224A6560C2F80838F8E7656058
S3150101F2100A89638022810B8920F8283C02E7CB68A1
S3150101F22043611C4B8D681B689D4217D8002600F16E
S3150101F2301409314640F2E730174B4FF47A72D3F88D
S3150101F24000C00023E5FB0C01E5F7CEDF4B46014685
S3150101F250124A009607F11800E2F7C0D94FF4C063CC
S3150101F260636004238BE78B68C360C1E708220B7ACD
S3150101F2706280003B18BF012300226560A26080F80D
S3150101F2804130CFE600BAFECA00BAEFBE18F500203A
S3150101F290D88C0020A8840020308800209D1D020101
S3150101F2A018E500202DE9F347044691461E46E6F787
S3150101F2B0E1DF0228884652D1D4F8085116F0010F30
S3150101F2C005F58053D4F89C10D3F89C0118BF002191
S3150101F2D0E7F736D90330012840F285800422284612
S3150101F2E00DEB0201FEF76DFE0746C8B9E6F7C2DF6F
S3150101F2F0022803D1D4F8F000E7F7DADA16F00E0F97
S3150101F300657A2ED0AB070FD4E6F7B4DF022803D115
S3150101F310D4F8F000E6F714DF0198FEF79FFE2127E6
S3150101F320384602B0BDE8F08716F002021ED116F08A
S3150101F33004031DD116F008051DD12B4694F8502062
S3150101F340DDF804A0052A18D0E6F794DF022803D1D7
S3150101F350D4F8F000E6F7F4DE5046FEF77FFE022709
S3150101F360DEE715F00105CFD10123E7E70025E4E743
S3150101F37004251346E2E70E25E0E7CAF80480AAF858
S3150101F3800C90CAF81440227A8AF811200A9ACAF80E
S3150101F39020201BB3A37AE27A1B01DBB21343C6F326
S3150101F3A0001643EAC6038AF81030A37A013303F043
S3150101F3B00703A37249464046FEF7C7FA0122AAF896
S3150101F3C00E0051462046FEF7EEFFE6F753DF02280F
S3150101F3D0A6D1D4F8F000E6F7B3DEA1E765F03F0563
S3150101F3E08AF81050E6E71A279AE72DE9FF410F46F9
S3150101F3F003A9064615469846FEF7AAFD0446F0B945
S3150101F40035B30398D0F8083190F8042103F58053F8
S3150101F410B3F8B04140F6F773002C08BF1C460AB198
S3150101F420083CA4B2A5420ED80A9B2A460093394646
S3150101F4304346FFF737FF04463046FEF77CFD20467B
S3150101F44004B0BDE8F0813046FEF775FD2B24F6E7E1
S3150101F4502124F4E707B50022074B01469A70028879
S3150101F460064B0432009392B201230548FFF7BDFF13
S3150101F47003B05DF804FB00BFC8E40020D1E8010137
S3150101F480D4940020EFB50646A0F58E500D461838E6
S3150101F49003A91746FEF777FB88B9062303990922C3
S3150101F4A08B8105230D7245F48055CB810E600D616B
S3150101F4B00F750123009130460C31FFF796FF04B019
S3150101F4C0E0BDF8B50546EFF31183302282F31188C9
S3150101F4D0046844B1627AD2060FD483F31188BFF36B
S3150101F4E06F8F0F20F8BD8268012A72D8846083F379
S3150101F4F01188BFF36F8F0020F4E78268012A68D86B
S3150101F5000022826083F31188BFF36F8FE6F7B2DEC3
S3150101F510022803D1D4F8F000E7F7CAD994F850606C
S3150101F52030460FF053FD08B9042E0AD1217A41B1B3
S3150101F530D4F8080110B100F58E5018300222FFF7F8
S3150101F540A1FF032304F1840684F85030D4F88430F2
S3150101F550002B44D104F18807D4F88860002E47D1E5
S3150101F5602046FEF770FE64206681E1F745DE002242
S3150101F57000236061C4E906232046C4E90823C4E9DE
S3150101F5800A23C4E93F66FEF7BFF928B102232046E3
S3150101F59084F85030FEF7DCFAEFF31186302383F35A
S3150101F5A01188D4F8F40008B1E7F72CDB86F311884A
S3150101F5B0BFF36F8FD4F8F80011F0B1FCE6F75ADE0C
S3150101F5C0022803D1D4F8F000E6F7BADD00232B6057
S3150101F5D091E783F31188BFF36F8F042082E73046E9
S3150101F5E005F0E1F80146D4F80801FEF7B6FDADE7ED
S3150101F5F0384605F0D8F80146D4F80801FEF7ADFD05
S3150101F600AAE710B5074C04F2FC70FFF75AFFFFF7A2
S3150101F610EFF928B10122044B9A70002384F844378B
S3150101F62010BD00BFD88C0020C8E400207FB5A0F52D
S3150101F6308E56183E02230022314605460FF0D9FCAB
S3150101F6402E28044660D048B90B2128462F4AFFF7D8
S3150101F65082F9044628B12846FFF733FF204604B054
S3150101F66070BD02212846294AFFF775F9044600288B
S3150101F670F1D103212846264AFFF76DF904460028F0
S3150101F680E9D12A4604212846FFF765F904460028EF
S3150101F690E1D103A93046FEF776FA0398062301461E
S3150101F6A04FF4003641F80C5B83811A4B0461D3F8A0
S3150101F6B0942003F580531E67930756BF02F0010399
S3150101F6C07223773312F0030F18BF742312F0060F5A
S3150101F6D018BF732312F0070F18BF732312F0080F17
S3150101F6E018BF732312F00A0F18BF732312F00B0F01
S3150101F6F018BF7323436108230C22C381009003239E
S3150101F7002846FFF772FEA9E71224A7E7810D020138
S3150101F71015DA0101008000A32DE9F04706463027DD
S3150101F7204FF0020900F1100833697BB1EFF3118A39
S3150101F73087F311884046FEF740FD4469054694F872
S3150101F74050302BB98AF31188BFF36F8FBDE8F0876B
S3150101F750B4F86830002BF5D0013BA4F868308AF380
S3150101F7601188BFF36F8F2B7C40697F2B4FEA931270
S3150101F77035D9032A09D1D0F864A0BAF1000F04D012
S3150101F780AB6A2A6A6968007AD047E6F773DD02280F
S3150101F79003D1D4F8F000E7F78BD894F85030062B53
S3150101F7A020D0082B1ED0032B0BD12046FEF7ACF837
S3150101F7B038B1637A84F85090DB0602D52046FEF70C
S3150101F7C0C7F9E6F757DD022803D1D4F8F000E6F7C9
S3150101F7D0B7DC002328466B60FEF740FCA4E7D0F8AE
S3150101F7E058A0CAE72046FEF779F80028E9D0D4F8EF
S3150101F7F00801092200F58E50217A1830FFF742FEE1
S3150101F80030B10923D4F8F80084F8503011F087FBA0
S3150101F81094F85030062B04BF072384F85030D0E703
S3150101F8202DE9804800F58057C1B00490D7F8A001B1
S3150101F830C3689847002844D1049B03F58E531833B6
S3150101F84018460793FFF7F2FE00283AD10AF0CCFBDE
S3150101F8500446B0BB4FF484400AF0EDFA003818BFF4
S3150101F8600120B04DB04B85F80C080220C5F82837A8
S3150101F870C5F83C47FEF729FFFFF7BAF84FF0FF310C
S3150101F880D7F89401E6F75CDE97F81832BBB3E6F7D1
S3150101F890F1DC022803D1D7F89801E7F709D8049BCF
S3150101F8A01C6894B9E6F7E6DC022803D1D7F898017A
S3150101F8B0E6F746DC0023079887F81832FFF7B6FE0C
S3150101F8C01DE00020E6F736DAFEE7E6F7D3DC02288B
S3150101F8D003D1D4F8F000E6F7EBDF94F85030022BB0
S3150101F8E000F08F80E6F7C6DC022800F08580E6F796
S3150101F8F0C1DC022803D1D7F89801E6F721DCD7F854
S3150101F900A00116A903699847089090B9169C97F822
S3150101F910A4312668002B7ED105213046B6F8052093
S3150101F920FEF71FF810B13378142B74D02046FEF779
S3150101F93095FB97F8E8312BB10798FFF7C2FD002334
S3150101F94087F8E83197F8103293B1032307981AAA79
S3150101F95020A90EF0EFFD58B9BDF8683020982BB1FA
S3150101F9600278D7F814321344C7F81432FEF70BFCA8
S3150101F97095F84437002B00F02284FFF742FE95F8F3
S3150101F9804437002B00F01B84D7F8A00183699847FF
S3150101F9908146002840F0CA87049B5B68002B41F031
S3150101F9A05481049B4FF0300893F844A00026544635
S3150101F9B003F14009EFF3118B88F31188484604F0EE
S3150101F9C0F2FE8BF31188BFF36F8F002841F0B381EB
S3150101F9D0EFF31182302383F31188049B93F84430AA
S3150101F9E09A4541F2B3810023049981F8443082F3A7
S3150101F9F01188BFF36F8F41E7D4F8F000E6F7A0DB7A
S3150101FA0075E7E6F737DC022803D1D4F8F000E6F70B
S3150101FA1097DB246845E77378B6F802B00693337924
S3150101FA204FEA93187F2B0593A38998BF4FF00008DE
S3150101FA30002B4AD1BBF1000318BF01230A93D7F862
S3150101FA40A8310A339B4528BFA381E6F713DC0228B7
S3150101FA5003D1D7F89801E6F72BDF049B06991868BD
S3150101FA600FF0BAFA044690B3E6F704DC022803D193
S3150101FA70D4F8F000E6F71CDFE6F7FCDB022803D138
S3150101FA80D7F89801E6F75CDB94F85030042B06D1E0
S3150101FA90B8F1000F03D14146204611F046FA94F818
S3150101FAA0506030460FF092FA20B1082E3ED1B8F1DE
S3150101FAB0020F21D00523009300232146069AD4F88B
S3150101FAC00801FEF78FFD16983AE00023B6E7E6F73F
S3150101FAD0D1DB022803D1D7F89801E6F731DBB8F17A
S3150101FAE0020F07D0052300930023069A19460498AD
S3150101FAF0FEF778FD16981AE7169B5C611B7FD3B951
S3150101FB00059B03F00703EFF311820992302282F379
S3150101FB101188D4F88C20B2B9099B83F31188BFF3FC
S3150101FB206F8F08E0D88C002031EA0101169B18F08D
S3150101FB30FD0F5C61E2D00A9B1698002B00F0D6807E
S3150101FB40FEF78CFAA5E152F8302CE17B1279C2F36A
S3150101FB500212501C114400F0070001F0070188420E
S3150101FB6079D88342D8D38B42D6D80026934298BFFF
S3150101FB7008339B1ADBB226740B93E1F721DBD4E937
S3150101FB800632C01A9A4B61EB02011A7E002A67D02E
S3150101FB90C4E90801400840EAC1704908C4E90A01FB
S3150101FBA01E760520D4E90A96E1F726DB814576F131
S3150101FBB000063EBF0023A062E362D4E90A364FEA9A
S3150101FBC08309B60046EA937641F28830D4E90823DF
S3150101FBD019EB020946EB0306E1F70EDB4FF0000ACA
S3150101FBE048457AEB060307D30520E1F705DB4845CE
S3150101FBF07AEB060A38BF4846606104F13000E1F745
S3150101FC0011DD4FF0010904F18C069DF820300B9AA4
S3150101FC10934257D3099B83F31188BFF36F8F4FF03B
S3150101FC20300904F19006D4F89030002B83D0637B20
S3150101FC30002B80D0EFF3118A89F311883046FEF744
S3150101FC40BCFA01468AF31188BFF36F8F0022204661
S3150101FC50FEF7A9FBE7E78B4287D9834285D25BE7AA
S3150101FC60D4E90839834279EB0102D4E90A2E4FEA34
S3150101FC70920242EA8E72B4BFC61A1E1A4FEA9E0E4C
S3150101FC8012EB020C4EEB0E0AB6081CEB020C4EEB04
S3150101FC900A0A1CEB06064AF10002C4E90A620726B2
S3150101FCA0DB0843EA4973A3FB06234FEAD90906FB9D
S3150101FCB00933C00840EA4170121843EBD103C4E984
S3150101FCC008236EE73046FEF778FA817C59B9FEF7CB
S3150101FCD085FA637B01336373E37B013BE373089B22
S3150101FCE00133089391E780F82490F2E7BBF1000F05
S3150101FCF00CD04368002B3FF423AF027F42B9BBF11D
S3150101FD00020F30D80622E37A0092D6E6027F7AB153
S3150101FD10E37A0092D4F808012146069AFEF762FCBD
S3150101FD20002316980377FEF799F9BBF1000FE6D187
S3150101FD304FF0000A169EB8F1000F40F01C81ADF894
S3150101FD4060A0CDF86880CDF88080627AD4F8080188
S3150101FD50D207E37A21D50621227A00912146FEF7BF
S3150101FD6041FC3046ECE6169BABF1020B58681FFAD3
S3150101FD708BFA10FA8BFB9BF8012010F80A305146D9
S3150101FD8043EA0222FDF7EDFD0028D3D1B8F1000FB8
S3150101FD907FF499AE0122E37AB6E7059AC2F302111D
S3150101FDA099420CD05A1E8A4205D00BB9072902D0B5
S3150101FDB00221227AD1E720460FF0E6F8D1E7059B29
S3150101FDC01B070FD43146204618AAFEF78BFC0028E3
S3150101FDD000F082800421E37A227A0091D4F80801A5
S3150101FDE02146BCE7227A2AB1062300930B46B5E7E1
S3150101FDF0C8E400203146204618AAFEF773FC002804
S3150101FE00E8D1BDF86020032A63D9D6F804B0BBF85E
S3150101FE10023004339A425CD1D4F808311AA9184642
S3150101FE2003F58E5A0593FDF7AEFE0AF1180A8146CE
S3150101FE3098B91A99884648F80CAB9BF801204A7380
S3150101FE409BF80020022A2ED0032A33D0059B002AD3
S3150101FE5039D104230A73CA812093706848B1D4F851
S3150101FE6008A1FEF7EFF80AF5805ADAF8A0010FF0BA
S3150101FE7087F8002330467360FEF7F0F8E37A2046EF
S3150101FE80013303F00703E3720FF07EF8B9F1000FB6
S3150101FE905BD0E6F7EFD902287FF44BADD4F8F00039
S3150101FEA0E6F74ED945E542465946504620ABFEF79F
S3150101FEB0CFFED2E70431009142465946504620AB66
S3150101FEC0FEF7D0FFC9E703F58053D3F8D0010FF050
S3150101FED037F84FF02109C0E73146BDF86030D4F853
S3150101FEE0080104F18402FEF712F9D0B10321E37A84
S3150101FEF0227A0091D4F808012146FEF773FB3046B8
S3150101FF00FEF7ACF895F82437052BC2D1D4F8FC30AD
S3150101FF10013BC4F8FC30D5F83C37013BC5F83C3709
S3150101FF20B7E7D4F8F40008B1E6F76CDEE36D43B93F
S3150101FF30E37A2046013303F00703E3720FF024F855
S3150101FF40A7E7216E207A9847F2E7DDF86890112339
S3150101FF5041462046BDF88020CDF80090FFF7A2F971
S3150101FF60002896D0A66D002E93D033234A464146EA
S3150101FF70207AB0478DE7B8F1020F38D1059BC3F35B
S3150101FF800113012B7FF4EDAE73681B78013B042B42
S3150101FF9015D801A252F823F0ADFF010163FD01015C
S3150101FFA063FD0101E5FF0101DBFF0101D4F88C309D
S3150101FFB0002B3FF4D6AE204610F063FFD1E6304662
S3150101FFC0FEF74CF80C2604F13000E1F72BDB204655
S3150101FFD084F85060FEF7D3F95BE73046FEF73EF849
S3150101FFE00A26F0E73046FEF739F80B26EBE7002340
S3150101FFF018931A93627A91077FF5B3AE059B13F0B5
S31501020000370320D153073FF5ACAEB389BBB1534693
S315010200103146D4F8080104F18802FEF778F800287F
S315010200207FF49FAEE36E13B1216F207A9847D4F81D
S31501020030F40000283FF42DAFE6F7E4DD29E7304668
S31501020040FEF70CF8EEE7042B40F0A780237A002B8B
S315010200507FF487AEBAF1030FD4F80831D6F80490CB
S315010200607FF67FAEB9F80220043292457FF479AE6B
S3150102007003F58E5B18461AA90BF1180B0593FDF7CA
S3150102008082FD00287FF46DAEDDF86880C2464AF82B
S315010200900CBB99F8012088F80D2099F80020022A54
S315010200A040D0032A53D0012A059B6ED10423A8F816
S315010200B00E30082388F80C201893D5F808383BB17E
S315010200C0012B2AD120A8FBF70FF99DF8803023B323
S315010200D00023C8F81030A74BC8F80430DDF8609049
S315010200E0052351462046CDF800801FFA89F2FFF713
S315010200F0D9F883463046FDF7B1FFB9F1000F3FF457
S31501020100C8AEBBF1000F3FF4C4AE666E002E3FF4DB
S31501020110C0AE3323424651462AE70123C8F81030BE
S315010201200023D9E7D9F80430202B09D05A1E032A15
S3150102013006D923F01002402A02D0B3F5007F1AD164
S3150102014052464946584618ABFEF782FDC6E7D9F82C
S315010201500430A3F20222012A03D9212B01D0602BFA
S3150102016009D108F10403009352464946584618AB91
S31501020170FEF778FEB2E70D230020C8E9040308233F
S31501020180A8F80E300C231893A8E703F580534146CD
S31501020190D3F8D0010EF0D4FEE3E5312B7FF4E1ADC5
S315010201A03046FDF75BFF227A002A7FF472AE628146
S315010201B00923114620460092FFF774F869E66E4B51
S315010201C09B78002B3FF4E0AB01236C480DF1320220
S315010201D00DA90EF0AFF90646002840F094830D9B57
S315010201E005935B885A1E042A2AD806225A43644C6E
S315010201F00599A25A0988914222D1023B032B05D8BD
S31501020200DFE813F02500360046036C03042285F865
S315010202100D28002285F80E28012285F80F286FF095
S315010202207F02059B1B7985F8102895F80C2862B97F
S31501020230012B18BF2426C5F811685248FFF70AF99F
S315010202400D98FDF7A0FFFFF79FBB1226F3E70423E4
S3150102025085F80D38002385F80E38022385F80F3804
S315010202606FF07F0385F810382423C5F81138E4E7C7
S31501020270059B0599444A0433243153F8040B8B42F6
S3150102028042F8040BF9D1012300242020CDE91443BD
S31501020290CDE91643CDE9184311F084FC06900028F6
S315010202A000F0F482202011F07DFC8346002800F044
S315010202B0EB821AA8FEF7F4F94FF4804320A82093A3
S315010202C0FEF7F6F9209B10AA1C93304B0FA91D933A
S315010202D02F4B1AA8CDE90F441A930E940DF062FB27
S315010202E0814600285DD10F9C636AD3B10F9CA0465B
S315010202F0236A58F824AF089363681A0AC3F31623CC
S31501020300012B00F05A81002A77D06FF086090F9CE3
S31501020310206A10B1616A04F06BFD0023C4E9083357
S315010203203FE01B9B1B0A35D1BDF86800BDF86A8008
S3150102033000F4E043B3F5805F10D1414608F0EBFBD0
S31501020340814670BB08F10701C9081191204611992E
S3150102035008F010FC81460028C8D022E0B3F5005F00
S31501020360EBD020F0FF00B0F5E24FEBD06FF085093C
S3150102037017E000BFEFBEADDEC8E40020D494002032
S31501020380808B0301E59400202D95002000000209CF
S315010203904171FF0011A91AA808F055FC81460028EF
S315010203A0D4D00F980DF06BFD4846FDF703FB0646C8
S315010203B02021069804F012FD5846202104F00EFD74
S315010203C0584611F0F7FB069811F0F4FBA14BA2492E
S315010203D0DA69A1F1600016F0BDF80621059B9F4A74
S315010203E05B8801FB03226FEA43436FEA5343528858
S315010203F0A5F80F38A5F80D281DE723885A040BD452
S31501020400238803F4E042B2F5805F40D15146089851
S3150102041008F0F7FB814611E003F4E043B3F5805F90
S31501020420EED0B3F5005FEBD043465246204608991B
S315010204300BF074FC10F1860F8146E1D00F98B9F1E9
S31501020440000F7FF464AF0EA90EF0C8FB81460028A7
S31501020450A7D1DDF838A07F4B0246D86111A9034620
S31501020460504609F0B5FC044660B9DDF84480B8F897
S315010204700030590400F1A880404609F0EFF86FF008
S3150102048086094C4650460AF0D7FB20468DE7B2F55F
S31501020490005FBBD023F0FF02B2F5E24F05D1DBB21A
S315010204A0122B628804D0412B6CD06FF085092EE79E
S315010204B0B2F5807FF9D1032420A804F009FC0123B7
S315010204C00020CDE938033AA804F0F9FB214620A819
S315010204D006F0ABFE0246002845D120A804F0E6FB51
S315010204E0022804465AD1DDF8C09038A84FEAD9034A
S315010204F0013313F0030118BF012101EB93010993A3
S3150102050004F062FD024670BB099BBDF8E6101A466D
S3150102051038980DF085FC024628BB099B38A8C9EB21
S31501020520C301013904F023FB0246E0B9012249461F
S3150102053038A804F034FE0246A8B9014638A804F0E8
S315010205402EFE024678B9012138A804F028FE024699
S3150102055048B9B9F1FE0F19D0089A5346414620A867
S3150102056004F010FC024620A8089206F01EFE38A8E6
S3150102057004F049FC3AA804F061FC089A104608F016
S31501020580C1F947E7FF2A90D1092495E7214638A800
S3150102059004F005FE0246002ADED0E4E701280AD16C
S315010205A001462DAA38A810F0EBFC10F10E0F0246F7
S315010205B0F1D12B4AD7E72B4AD5E743465246204685
S315010205C008990BF029FC25E7D8F80420D8E9081484
S315010205D0120A08D0012A7FF44FAF224640460BF099
S315010205E0D1FF81462EE003F4E043B3F5804F1FD1DC
S315010205F0B8F8000000F4E043B3F5804F20F440520E
S3150102060044F2010340F088809A4207D000F44F4039
S31501020610B0F5824F02D0B0F5844F7FD1202CDDF8A0
S31501020620448021D9404609F019F86FF0890928E773
S315010206302246404608910BF0A5FF10F1860F81462E
S315010206400899D5D0119809F009F80446B9F1000FB5
S315010206501BD016E7C8E400204D950020808B0301CC
S3150102066000B3FFFF80B0FFFFBC4B2246184615F0D0
S3150102067071FFC4F1200200212044E4F745DFB84BA3
S315010206804046DC6108F0EAFF0446002C7FF4FAAE2C
S315010206902022B24916A804F0B1FC2022AF4916A8BD
S315010206A004F071F92022AF4914A804F0D9FC2022E2
S315010206B0AC4914A804F034F94FF480425046AA4BCF
S315010206C020A9209409F084FB8046D8B9DDF88090F0
S315010206D0B9F8003023F0FF03B3F5E24F02D0B3F5C8
S315010206E0E44F05D1B9F802300733B3F5847F70D2EE
S315010206F0D9E90812D9F804301B0A3AD0012B5DD088
S315010207006FF085082021584608F07BFA20232098AD
S31501020710109308F0A3FF4CE09A4205D1119808F014
S315010207209DFF6FF08509ACE600F44F43B3F5824FA6
S31501020730F4D100232093B8F802C020AB0A460093F5
S31501020740614623460DF082F9814618B1119808F0E7
S3150102075085FF96E6209C2022844B8049204608F09C
S3150102076041FB8146204606F050FD204602F0B2FCCE
S3150102077068E7202310ACCDE901B300934846794BD3
S315010207800394CDE908120BF065F8DDE9081210F1C0
S31501020790860F804605D15B46484600940BF0FCF86D
S315010207A08046B8F1000FADD1209808F057FF804678
S315010207B090B150460AF040FA4046F6E510AB039373
S315010207C020234846CDE901B30093664B0BF042F86C
S315010207D0E6E76FF0890895E72022594618A804F042
S315010207E03FFC2022594618A804F09AF820215846BF
S315010207F0069A0FAB0CF01AFB04465046002C7FF406
S3150102080042AEDDF83C90B9F1200F7FF43CAE0AF01E
S3150102081013FA044620B14946069804F0DFFA34E693
S31501020820534CCDF8388094F80C380BB10126BFE54C
S3150102083020A8FDF735FFCDF88C804FF0010811A8ED
S31501020840CDF84480FDF734FF119B069922934FF4AC
S3150102085084432593474B1022CDE92038034620A82D
S315010208600BF0E2FB81461021069804F0B7FAB9F1C2
S31501020870000F02D184F80C889AE54846FDF79AF8EA
S31501020880061E18BF012693E519269CE519269DE544
S3150102089095F80C38A3B1059B181D0CF015FBC5F88C
S315010208A011080622059B5B8802FB03446FEA434358
S315010208B06FEA53436288A5F80F38A5F80D28BCE400
S315010208C0112240212C4885F8112885F8123885F81D
S315010208D0133885F8143804F081FAE2E74FF0AA33A7
S315010208E04FF0AA32CDE91223042385F80D380023ED
S315010208F085F80E38052385F80F386FF07F0385F8E2
S3150102090010380823B1E41B280CD195F89538002B31
S315010209103FF43AA81948FEF79DFD002385F895385C
S31501020920FFF732B8FEF76DFEFFF72EB8049BDB68C0
S3150102093033BB049B9B68002B3FF42EA8EFF3118671
S31501020940302383F31188049B03F10800FDF735FC7C
S31501020950044686F31188BFF36F8F28E04D95002078
S31501020960C8E400202D95002000000209E4E40020DD
S31501020970D88C002001108000ED9400206E95002095
S3150102098095F8243703F0FB03012BD2D1EFF311863D
S31501020990302383F31188049B03F10C00FDF70DFC50
S315010209A0044686F31188BFF36F8F0028C1D0237CDA
S315010209B04FEA931A7F2BA36898BF4FF0000ACBB96F
S315010209C0D7F8C0010EF0C4FA2060A8B9EFF311827C
S315010209D0302383F31188A37C0133A374049B9B68A0
S315010209E044F8303F049B9C6082F31188BFF36F8FFA
S315010209F0FEF7D2BF4FF00009A6890EB10236B6B292
S31501020A00BAF1000F17D1E5F735DC022804D1636983
S31501020A10D3F8F000E5F74CDF6169237CCA7A23F04B
S31501020A20070313432374E5F725DC022803D1D1F822
S31501020A30F000E5F785DB217CD4F814B07F29A28981
S31501020A40A36836D8AAB323B14FF000080836B6B266
S31501020A5033E0E5F70FDC022803D1DBF8F000E5F716
S31501020A6027DF9BF80481E5F705DC022803D1DBF8D1
S31501020A70F000E5F765DB2168B8F1000F19D095F8AA
S31501020A80243703F0FB03012BE0D004980EF059FA48
S31501020A9000232360EFF31182302383F31188A37CB1
S31501020AA00133A374049BDB6844F8303F049BDC608A
S31501020AB09AE7A368002BC7D198461421D4F800B04F
S31501020AC0627C237C8BF80260360A8BF8001058464A
S31501020AD005218BF801208BF803608BF80430FCF7B3
S31501020AE034FF8BF80500000A8BF80600B8F1000FF7
S31501020AF06ED0D7F8D4010EF02BFA0646A06030B9B3
S31501020B00216804980EF01DFA2660FEF745BF226899
S31501020B10137903F0070623F007031371D4F814803F
S31501020B20A38998F80800D4F808C0D4E900128DF810
S31501020B308000D8F8000122908748D0F800E0CDF86D
S31501020B4081E0B0F804E08079CDF800C08DF8870025
S31501020B5020A8ADF885E00FF0B1FA814698B9D8F828
S31501020B6000310133C8F80031D5F83C370133B3F10E
S31501020B70005FC5F83C3706D195F82437052B02D11B
S31501020B800320FDF7A2FD4846FCF714FF22681379FC
S31501020B9023F007031E431671A26840B122B1114622
S31501020BA0D7F8D4010EF0CCF90026A660A8E7904644
S31501020BB06668B4F80C90B144B1452AD1083218F8E6
S31501020BC0011BFCF7B4FE4245F9D14FF00009E08161
S31501020BD0EFF31186302383F31188D7F8A00121465A
S31501020BE043699847D0B1A37C0133A374049B9A68E5
S31501020BF0234643F8302F049A9360B9F1000F05D0CA
S31501020C00104621680EF09DF90023236086F31188B0
S31501020C10ECE616F8011BFCF78AFECDE760690028AF
S31501020C20F4D0BAF1000FF1D121468C30FDF7CFFA9B
S31501020C306269D37B0133D3736469237C002BE5D1CB
S31501020C40E0F7BEDAC4E90601E0E7EFF311843026E4
S31501020C5086F31188049B03F10408404603F0A3FDC1
S31501020C60814684F31188BFF36F8FE5F703DB022810
S31501020C70A9F1040403D1D4F8F000E5F719DE94F8DA
S31501020C805030022B07D1D4F8F4A02046FCF73CFEE3
S31501020C90BAF1000F14D0EFF3118A86F31188404698
S31501020CA003F081FD81468AF31188BFF36F8FE5F761
S31501020CB0E1DA02283AD1D4F8F000E5F741DA35E073
S31501020CC00028E8D004F13000D4F80891E0F7AADC54
S31501020CD084F850A0E5F7CEDA022805D109F580534A
S31501020CE0D3F89801E5F7E4DD4846214603F063FDB2
S31501020CF0E5F7C0DA022805D109F58059D9F8980134
S31501020D00E5F71EDAD4F8F000E5F72EDF204602F009
S31501020D10E1F9EFF31184302383F31188404603F09E
S31501020D2042FD814684F31188BFF36F8FB9F1000F3B
S31501020D309BD1FEF736BE43680674013CC0689847EC
S31501020D4014F0FF047EF436AEFEF742BEA3EB0A03AD
S31501020D50DBB2FEF749BE00BF0B940020BFF34F8FF3
S31501020D600549064BCA6802F4E0621343CB60BFF33E
S31501020D704F8F00BFFDE700BF00ED00E00400FA055A
S31501020D802DE9F84317681546A7F58E599846A9F134
S31501020D901804002900F0F2805668794B9E4275D1FB
S31501020DA0784B97F84120D3F80838002A5AD0002BFD
S31501020DB04BD1012387F84030E5F75CDA022803D1EB
S31501020DC057F8400CE5F774DD02274FF00A0859F887
S31501020DD0186C8EB9E5F74EDA022800F0CA802C6843
S31501020DE0A4F58E54183C04F580542946D4F8D00152
S31501020DF0BDE8F8430EF0A4B8E5F73CDA022803D1C0
S31501020E00D6F8F000E5F754DD96F85030042B15D0EC
S31501020E100BD8012B12D0E5F72DDA022803D1D6F829
S31501020E20F000E5F78DD93668D3E7053B032BF2D8F7
S31501020E30304686F85080FDF7A2FAECE706213046E5
S31501020E4086F85070FDF764F8E5E74FF000524FF26D
S31501020E500F015180012B4FF0005313D04CF23C325B
S31501020E605A8009E04FF000524FF20F015180002BD8
S31501020E70F0D140F2012313804FF40032424B1A673C
S31501020E80FFF76CFF40F202221A80F5E73F4926F08E
S31501020E90FF038B4230D1E5F7EDD90228F6B203D131
S31501020EA057F8400CE5F704DD314659F8180C0EF0F7
S31501020EB093F8064600288DD0E5F7DCD9022803D13E
S31501020EC0D6F8F000E5F7F4DCE5F7D4D9022805D126
S31501020ED004F58054D4F89801E5F732D930464146F3
S31501020EE010F023F8E5F7C6D902287FF478AFD6F8D1
S31501020EF0F000E5F725D972E725498B427FF473AFF6
S31501020F00E5F7B8D90228F6B203D157F8400CE5F74E
S31501020F10CFDC314659F8180C0EF05EF80646002869
S31501020F203FF458AFE5F7A6D9022803D1D6F8F00067
S31501020F30E5F7BEDCE5F79ED9022805D104F5805412
S31501020F40D4F89801E5F7FCD896F85030073B012B07
S31501020F509CBF092386F85030E5F78CD9022803D1C4
S31501020F60D6F8F000E5F7ECD8D6F8F8000FF0D7FF7F
S31501020F7035E704F58054D4F89801BAE7BDE8F88359
S31501020F80EFBEADDED88C0020009000A300BAFECAE7
S31501020F9000BAEFBE10B560B1EFF31184302383F3CB
S31501020FA0118806F0B5FC84F31188BFF36F8F002018
S31501020FB010BD2220FCE748B10122437801789A400C
S31501020FC030235943024B00205A5070472220704762
S31501020FD040D0834048B10122437801789A403023B8
S31501020FE05943034B00205A5070472220704700BFD5
S31501020FF040E0834010B5C16C8369A1F11404DA1C87
S31501021000B2FBF4F203EBC2000330B0FBF4F0B1F52C
S31501021010805F00F1010002D1012828BF01200130C1
S3150102102010BD38B505460C46FFF7E4FFE96CA1F1A0
S315010210301402B1F5805F02FB00F304D1A969B1F58F
S315010210407E6F88BFCC3304B10834E01DB0FBF2F0E9
S315010210501C44013004EBC00038BD38B5054684692D
S315010210602146FFF7DEFFEA6C04F10F03143AB3FBE4
S31501021070F2F3EA69144404EBC3041434204438BD80
S31501021080F0B50546002687B02C6A013CB44203D866
S315010210900C46204607B0F0BD01B14C1EEF6C286824
S315010210A02B6C05225B6901A907FB0400984701A87D
S315010210B001F0A8FD0128ECD921460136E4E7F0B595
S315010210C003680646CC1AC36C0025B4FBF3F487B059
S315010210D0336A37685A1E9542F06C06D3F36C306850
S315010210E003FB0400143007B0F0BD0134B4FBF3F284
S315010210F003FB1244336C05225B6901A900FB0470F0
S31501021100984701A801F07EFD0128E7D90135DFE7FD
S315010211102DE9F041D0E90B369E42044686B028D12C
S315010211201422036A456802FB1355284606B0BDE838
S31501021130F0812068E76C331AB3FBF7F3226C07FBE5
S315010211400300D2F8148001A90522C04701A801F0C3
S3150102115059FD012804D0E36C1D44013B3340ED1ACD
S3150102116031462046FFF7ABFF0646E36AB342E0D1BA
S31501021170DBE70025F9E7F7B506460D460C4601F110
S315010211800807336C01225B69204601A99847019B36
S3150102119001330CD1A742F36C03D1A3F1140003B0BE
S315010211A0F0BD043485EA04025B421A42E9D000200A
S315010211B0F5E710B423F0030422449B070A44C36CE7
S315010211C018BF04325B4282EA0104234202D05DF86F
S315010211D0044B74E710465DF8044B70472DE9F04F56
S315010211E09FB09B469DF8A030044609939DF8A43012
S315010211F00D460893D1E903360793089B1746022B3E
S3150102120040F0E280CC2E40F0B682099B002B00F022
S31501021210D8804FF000084868236CCDF8448001223B
S315010212205B6911A908309847C14694F84A30012BE7
S3150102123040F09080B8F1630F0BD9119B0E932B6886
S315010212404FF0080A3B60CC233B610123059300233F
S3150102125015E1B8F1610F08D819AB42462946204675
S3150102126001F01AF99DF8643023B319AB42462946B7
S3150102127020468DF8589001F00FF994F84A30DDF8BE
S3150102128064A0012B55D14FF6FF739A4500F0968063
S31501021290082219A916A801F08FF99DF85820CAF358
S315010212A007239A4240F08A805FFA8AFA119B5344D5
S315010212B0119383E094F84A30012B2FD142462946F5
S315010212C0204613AB01F0E8F82946204616AB08F191
S315010212D0010201F0E1F82946204619AB08F10202A2
S315010212E001F0DAF80823102216A90FA88DF83C306E
S315010212F001F062F9102219A90FA801F05DF9139BF9
S31501021300DAB2002A53D19DF83C20B2EB132F4ED10B
S31501021310199A169B03EB0243119348E0B8F1300F79
S315010213202CD944E09DF83C20B2EB134F3FD1169BDA
S31501021330F2E7BAF1FF3F41D0102219A916A801F02E
S315010213403BF99DF85820CAF307439A4236D11FFA50
S315010213508AFAABE7B8F1310F3FF66FAF85D019AB19
S3150102136042462946204601F097F8BDF86430002B23
S315010213707FF47BAF94F84A30012B9FD0424629462F
S31501021380204613AB01F088F82946204616AB08F130
S31501021390010201F081F81023202216A90FA88DF867
S315010213A03C3001F009F9139B9AB2002ABAD094F89B
S315010213B04A30012B14BF01230223984408F1010884
S315010213C033E7079B1B6839E7099B03B3089B012B8C
S315010213D01DD100223346CDE90012814901F016FBE7
S315010213E0804648B92B6993B1EB7D83B194F8743089
S315010213F0022B05D04FF0260840461FB0BDE8F08FFC
S315010214002B7E013BDA00B6EBC30F28BFB61A782E44
S31501021410E36C09D85A1E0BEA02029B1A321D9A4242
S3150102142018D9E6B1082B1DD9012200234FF0080A6B
S315010214300592089A012A1AD194F87420022AD9D15E
S315010214402A6808333A603E61059A002A14BF0022CF
S31501021450072218E0002305934FF0040AE9E7042363
S315010214600596F9E7042300229A460592E1E72A68DE
S315010214703E613A60089A032A22D0022AE4D1059AE9
S31501021480C2F10202D2B23A754FEA9A020D92544A57
S31501021490B0460C920022CDE90A220692E06C411E68
S315010214A00BEA0101421AB8F1000F0BD053449342E1
S315010214B013D3636BCDF810B01B1A0B4463637FE041
S315010214C0089AE0E75245F4D346460BEB0A03049326
S315010214D0069B002B18BF032311E0A2EB0A029045DB
S315010214E046460BEB0A0328BF164690450493EFD9ED
S315010214F001233A69FB7542456DD1C7F804B00693DB
S31501021500FB7D002B69D03A7E069907EBC203C3F82D
S315010215101CB01E8483F82210531C3B769EB1089B95
S31501021520022B5FD10A9B73B90B9B3344032B0AD956
S31501021530236C01229B6904980EA99847002840F062
S31501021540238101230A93069B0FA80193059B00930E
S315010215503A7D334629680DF0C0FA236C58469B69D9
S315010215600D9A0FA998478146002840F0008133461B
S31501021570524659462046FFF71CFEB860636BF21CC1
S31501021580A3EB0A0322F003029B1A6363B9F1000F6C
S3150102159040F0F4800B9BA8EB060833440B932B69AE
S315010215A073B1089B012B0BD1069B013BDBB2012BCD
S315010215B006D894F87430022B7FF41CAF08F10808A0
S315010215C020460499FFF77BFD00238346B8F1000FFD
S315010215D07FF464AF10E7022391E7C7F804B09DE7F1
S315010215E070A60020032E40F2BD80069B0FA8019330
S315010215F0059B0DF14C0900933A7D334629680DF09E
S315010216006CFA0FA9524611A814F0A4FF0023CDE9E2
S3150102161013331593236F04215B6816A89847E0B923
S31501021620049B226C1BBA20681793049BD4F84CC006
S3150102163052691B1AB3FBFCF396460CFB0300052207
S31501021640734619A9984719A801F0B8F900BA189072
S3150102165016AB93E8070089E80700099A94F87430F3
S31501021660002A40D1022B40F08E800122236F039281
S3150102167019AA0292454A0192A6F108020092D3F8EA
S315010216800890079B524611A913A8C84700287BD187
S31501021690139B3F4A136094F87430022B70D13D4B71
S315010216A0199A9A51099B43B194F87430022B6AD163
S315010216B00C9AA6F108031A440C92236C34499B69CD
S315010216C00498B20898478146E8B194F87430022B1F
S315010216D07FF490AE079AA6F108031A4407922A9B51
S315010216E0049A1A6043E7022B4DD10122236F03921A
S315010216F019AA0292254A0192A6F108020092D3F88A
S3150102170008900C9BBEE716F0030220D0204B26F070
S31501021710030903EB0901049B99444FF0FF3319A80E
S31501021720199314F017FF236C48469B69012219A9E4
S31501021730984794F874308146022B7FF45BAE079A80
S31501021740A6F108031A4407920028C8D1FBE694F8C9
S315010217507430022B7FF44EAE079AA6F108031A449F
S315010217600792F0E63246DDF810900799D5E72A9BF3
S31501021770C3F800B0FBE64FF070083DE6C8463BE60B
S31501021780099B002B99D02620804635E66C960020CF
S31501021790689600206496002013B502243148DFF7CB
S315010217A0F5DB3148DFF7F2DB3048DFF7EFDB00220A
S315010217B0012101A8ADF8044006F0AAF804214FF46C
S315010217C081730DEB01000022ADF8043006F0A0F89A
S315010217D040F202230022012101A8ADF8043006F0ED
S315010217E097F840F202330122214601A8ADF80430EE
S315010217F006F08EF804214FF4806301220DEB0100FD
S31501021800ADF8043006F084F8194B1A4AC3F8A0441D
S31501021810C3F898244FF00212C3F89C2402F58032D1
S31501021820C3F88C241D22C3F8882440F2014203F531
S3150102183090239A6080210022DA6019615C619A61C3
S315010218404FF4A0225A6201225A6005229A634FF48A
S3150102185004621A65586DC0F30B000028FAD102B072
S3150102186010BD00BFA48B0301A88B0301AC8B03013E
S3150102187000C083400200010000232DE9F04F0E460D
S315010218800A253F4C85B0C4F80836C4F80036C4F8B8
S315010218908836C4F80416304603A909F023F900BBB9
S315010218A0039B013D9A7C02F101029A74D4F808263F
S315010218B043F82C2FC4F80836EDD10A22314B1A808F
S315010218C0EFF31183302282F3118894F8E82872B17A
S315010218D083F31188BFF36F8F2B4809F0D3F80028E1
S315010218E05ED019230093009805B0BDE8F08F01265A
S315010218F084F8E86883F31188BFF36F8F234884F86D
S315010219008C5584F89C5584F8AC5584F8BC5584F8FA
S31501021910CC5584F8DC5584F8EC5584F8FC55DFF790
S3150102192035DB1B48DFF732DBFF221A4B1A4FDD602C
S31501021930DD61DA624FF0FF32DD635D641F2503F577
S3150102194000535A656B0905F01F0206FA02F260336B
S3150102195068B2062147F8232001F092FB2846013599
S3150102196001F0A2FB272DEDD10A4B9A689107FCD40F
S315010219705A689207FCD40122084B5A60ACE700BFB1
S31501021980D88C0020C8E4002008930020B08B030104
S31501021990B48B03010040814000E100E00050814028
S315010219A0EA4809F06FF8009000289AD1D4F8303647
S315010219B0D4F804274FF01008934288BFC4F83026A2
S315010219C04FF0201288BFC4F80437E14BE149C3F84E
S315010219D01C80DA614FF400121A6203F50C339A6A1B
S315010219E09A6ADD480A409A629A6A022642F44C527F
S315010219F042F005029A62DA6ADA6A4FF000090A408F
S31501021A00DA62DA6A002142F44C52DA624246E3F7BA
S31501021A107BDD4FF4002342460021D048C4F81C3630
S31501021A20E3F772DDCE4B0127C4F8F03642F220030A
S31501021A30CC4D84F88466D4F8842625FA06F060F340
S31501021A409F024946C4F8842628460D22C4F88036E8
S31501021A5084F8257684F8F97684F82976C4F87876B6
S31501021A60C4F87C96E3F750DDBF4B4FF0200BC4F868
S31501021A704C3642F2200384F8F868D4F8F808A5F542
S31501021A802A72F24062F39F00B84A84F87466C4F877
S31501021A90F808C4F86826D4F87406A5F52672F24049
S31501021AA062F39F00B24A84F86066C4F87406C4F809
S31501021AB05C26D4F8600605EB0802F24062F39F0049
S31501021AC0AC4A84F80869C4F86006C4F8FC2805EB38
S31501021AD00B00D4F80829C4F8043940FA06F3DFF8F2
S31501021AE0B8A263F39F024946C4F808290D22C4F835
S31501021AF06CA6019384F8EC7884F8F4B8C4F84466C9
S31501021B00C4F84886C4F85066C4F87096C4F8546698
S31501021B10C4F85886C4F80099E3F7F6DC964A84F8C5
S31501021B201869C4F80C2905F14002C4F81429602287
S31501021B30019B84F80E29D4F81829494663F39F02BA
S31501021B40C4F8182905F130000D22C4F810A9E3F7EB
S31501021B50DBDC4023D4F8280905F1440222F0030212
S31501021B60384032430243C4F82829844A84F83C693E
S31501021B70C4F83829A5F53870D4F83C2920FA06FCB0
S31501021B806CF39F024946C4F83C290D2284F8203998
S31501021B9084F81C79C4F83069C4F834B9E3F7B4DCC3
S31501021BA084F81866D4F8182605F1540020FA06FCC2
S31501021BB06CF39F024946C4F818260D2284F80C7666
S31501021BC084F814B6E3F7A0DC402384F84C69D4F810
S31501021BD04C2984F8453905F16403F34063F39F0206
S31501021BE0614B84F85C69C4F8583905F17400D4F87C
S31501021BF05C39C4F84C2920FA06F262F39F0349467E
S31501021C004246C4F85C3984F84079C4F85069C4F88C
S31501021C105489E3F779DC5A4B84F8EC66C4F86039E7
S31501021C20A5F52D73C4F8683944F24003D4F8EC26BD
S31501021C30C4F8E83605F18403F34063F39F02514B7E
S31501021C4084F87C69C4F8EC26C4F87839D4F87C297E
S31501021C50A5F51773F34063F39F024B4B84F89C6619
S31501021C60C4F87C29C4F89036D4F89C2605F194036D
S31501021C70F34063F39F024FF48053C4F8843941F26F
S31501021C80100384F88C69C4F88839A5F51370D4F861
S31501021C908C39C4F89C2620FA06F262F39F03494660
S31501021CA00D22C4F864A90AF1080AC4F88C39C4F8E9
S31501021CB0E076C4F8E496C4F87069C4F87489C4F885
S31501021CC09496C4F898A6C4F88079E3F71DDCA5F5C5
S31501021CD0E673D4F8AC26C4F8A836A5F50F7323F03B
S31501021CE003033A4033431343C4F8AC36274B84F813
S31501021CF0BC66C4F8B036A5F50770D4F8BC3640FA0E
S31501021D0006F262F39F03C4F8BC36214B84F8CC6613
S31501021D10C4F8C036D4F8CC36494662F39F0342462C
S31501021D20C4F8CC3684F8A066C4F8A476C4F8B4968E
S31501021D30C4F8B8A6C4F8C496C4F8C8A6E3F7E4DBA7
S31501021D40144BC4F8D8A6C4F8D036CCE5DC930020EF
S31501021D5000508140F880FFFFF8920020CC930020CA
S31501021D6001000800C495002040D08340F07F0003A3
S31501021D703850884001001000080020003840884091
S31501021D806000100340E0834060000030F07F0030C5
S31501021D9070000030100000303C40884038B50D46D6
S31501021DA0DFF7FED9DFF73ADA04462D68DFF7F8D90D
S31501021DB0DFF734DA031BAB42F8D938BDD01E009BDC
S31501021DC042424241187E824212D11A688A420FD891
S31501021DD05A688A420CD35A6901325A61D3E903021B
S31501021DE0824205D2986840F822101A6901321A61B4
S31501021DF00120704700234FF0FF3142689A4203D80F
S31501021E0000230372C3607047026842F83310026806
S31501021E1002EBC30251600133EFE700BF2DE9F04146
S31501021E20C668476846B3BE4234D9032B2ED06FB378
S31501021E3005684FF0000EF44603E0BC450EF1080EAC
S31501021E4024D055F83C400CF1010CC4F30756032E7D
S31501021E50F3D1240D2405214345F80E10046854F8E4
S31501021E600E10C1F3130141EA035144F80E1003683F
S31501021E7073445A60BDE8F08147B105684FEAC60C62
S31501021E8055F8364001341FD0032BD2D101230372F8
S31501021E90BDE8F08105684FF0000CAE4655F83C40AE
S31501021EA0C4F31308013401D0414524D00CF1010CCD
S31501021EB066450EF1080EF1D1BE42B6D255F836404C
S31501021EC04FEAC60C0134DFD16FEA01316FEA1131F3
S31501021ED045F83610046854F83610C1F3130141EA85
S31501021EE0035144F83610036863445A60C3680133E8
S31501021EF0C360BDE8F08141EA0351CEF800100368E0
S31501021F0003EBCC03B5E708B508301346D1E9001255
S31501021F10FFF784FF012008BD30B5DDE9035450B156
S31501021F2001B942B903B935B92CB1059B002B14BFCE
S31501021F300020212030BD2120FCE77047036813F001
S31501021F407E0F03D1406820F07C40704713F0780081
S31501021F501CBF03F07F03D81F704737B5054601F151
S31501021F600C04436901A9012220469847BDF80430B1
S31501021F700122009369462046AB69984703B030BDFA
S31501021F804FF023439A689107FCD45A689207F9D411
S31501021F90DA69002AF6D1704710B5C38823B9CA880F
S31501021FA05AB9ABB1012017E0026802EB830252F87B
S31501021FB0042C002AF3D1013BF0E70C6804EB8204FE
S31501021FC054F8044C0CB9013AEAE79342EAD80FD322
S31501021FD0013B5A1C01D1002010BD026852F8234070
S31501021FE00A6852F823209442DCD803F1FF33F0D277
S31501021FF04FF0FF30F0E70022144BB3F9001088428C
S3150102200002D1B3F9020070470132042A03F1040333
S31501022010F3D110F1860F13D010F1850F0BDA20F0F0
S31501022020020393330FD010F1970F0CBF6FF06D00BF
S315010220304FF0FF307047003818BF01204042704709
S315010220406FF0710070476FF06F007047308D0301BA
S3150102205003685B180360137843F10003137070473A
S31501022060137810B504688C4238BF013B13700368BC
S315010220705B1A036010BD38B5282204460D460C30A2
S315010220800021E3F741DA4FF0FF33C4E90035A360DB
S3150102209038BD10B5044644EA010313F003030846AA
S315010220A009D1934201D1002010BD54F8231040F802
S315010220B023100133F5E72146920014F04BFAF2E7B9
S315010220C008B50B460146184614F044FA002008BD2D
S315010220D0F7B51E4600230193C3680446154613B994
S315010220E0002003B0F0BD42689342F9D801AA0BF071
S315010220F0ABFF0028F4D101992068CF0050F83130A6
S315010221000133EDD032460CF02BFD236801203B440E
S315010221105D60E6E7002373B50193C36804460D4685
S3150102212003B3426893421DD801AA0BF08DFFC8B9C9
S31501022130019B2068DE0050F83320511C12D0C2F3F5
S31501022140130295420ED14FF0FF3140F83310226847
S3150102215032445160E2685018984205D8E3680BB1DF
S31501022160013BE36002B070BD2268013352F833606D
S31501022170D900A1F1080556512268114449682A4439
S315010221805160E9E710B5032A029C07D1E26A53407E
S31501022190E26C5242134201D1FFF7BCFF012010BD8E
S315010221A0002337B50193C368044615461BB94FF0A0
S315010221B0FF3003B030BD42689342F8D801AA0BF052
S315010221C043FF0028F3D1019B2168DA0051F833302D
S315010221D0591CECD01B0D2B70236813445868E8E791
S315010221E0F7B516460F6800F108040D462046394632
S315010221F00DF10702FFF7D4FF032E06D16B68834266
S3150102220003D139462046FFF785FF012003B0F0BD11
S315010222102DE9F04F85B09DF844800546DDE90E9A19
S31501022220B8F1010F1C46DDF840B016D1CDE901AB7C
S31501022230CDF80090FFF770FE78B9CDE9022BCDE912
S31501022240005153464A46214640460AF00BFD0028F4
S3150102225018BF722005B0BDE8F08F2120FAE72DE9FB
S31501022260FF479DF83CC00546DDE90C89BCF1010F2B
S315010222701C46DDF838A015D1CDE9019ACDF80080CA
S31501022280FFF74AFE70B9CDE9022ACDE900514B4664
S31501022290424621460AF0E6FC002818BF472004B050
S315010222A0BDE8F0872120FAE70CF0FABD0CF0F8BD83
S315010222B008B5054B1B6FDB0704D50122034B1A67D1
S315010222C0AFF3008008BD00BF00401040006010401F
S315010222D008B5FAF7C5FB034B1868BDE80840E4F7F1
S315010222E0559C00BF007800200022C188914201D886
S315010222F000207047036853F8223033B193FAA3F0F2
S31501022300B0FA80F000EB421070470132EEE7F0B509
S31501022310C4880546082C8BB017D9083C082C17D857
S315010223200668A70020363A46314602A814F012F989
S315010223303A4600213046E3F7E7D8262300930921DE
S315010223402346286802AA0CF0F2FA00200BB0F0BD6F
S315010223500048FBE780B0FFFF08F002BC2DE9F0431D
S31501022360012906460F4615469846A9B07ED8130797
S315010223707FD1046824F04003802B02D0B4F5807F1C
S315010223807AD12022002120A8E3F7BED83D4A3E4B4E
S31501022390E408012F08BF134601271F9344F0005496
S315010223A0331D1C931D971E94384C0DF1040C1CAB66
S315010223B093E807000DF110098CE8070019ABCDF877
S315010223C064801A971B9493E8070016AB89E8070005
S315010223D0CDF858801797189493E80700309B45F07B
S315010223E0005E07AC84E807001393149713ABCDF88C
S315010223F054E093E80700319B0DF1280888E80700AD
S31501022400109310AB1197CDF848E00DAF93E8070092
S3150102241087E8070061461FA808F0D8F949461FA8B0
S3150102242008F0D4F941461FA808F0D0F939461FA889
S31501022430E2F76ADC21461FA8E2F766DC31681FA8CB
S31501022440C908E2F737DC29461FA8E2F733DCE2F7CF
S3150102245017DCA0B91FA8E2F736DCE2F707DC04466F
S31501022460E2F780DC204629B0BDE8F0836FF0200058
S31501022470F9E76FF02100F6E76FF01F00F3E74FF07F
S31501022480FF30F0E7030200040302010410000020FA
S3150102249007F020B907F01EB92DE9F341154690F868
S315010224A04A201E46012A0CBF022304235D43CF7D27
S315010224B02C1D844605F00205BFB915B1012724F08A
S315010224C00304486808342044DCF84030012A5B6979
S315010224D027D101A9984717B1BDF806300193BDF876
S315010224E00430336002B0BDE8F08155B124F0030433
S315010224F000230D7E01F1200ED8B2854203D80020B9
S31501022500E2E72F46F4E73EF8330003F10108A04261
S3150102251004D901EBC303D8690834D4E74346241A24
S31501022520EAE70122314602B0BDE8F0411847F0B5AB
S3150102253085B006460D46E3F79DDE02280ED10B4F06
S315010225407B6843B96C460A4B0FCB84E80F002046E1
S31501022550E3F797DD78607868E4F7AAD92846336C01
S31501022560DB6805B0BDE8F040184700BF00780020DF
S31501022570408D03012DE9F0410646406882B0C0B1A3
S315010225800F4690460024336853F8345003EBC403D4
S31501022590C5F30752C5F31301013504F1010406D04F
S315010225A05B683046CDF80080B84710B17068844246
S315010225B0E9D302B0BDE8F081202A0B681EBF4FF0B5
S315010225C0FF3191408B43590801F055315B1A03F0F3
S315010225D033319B0803F033330B44017803EB1313B6
S315010225E00A444FF0013103F00F334B43A2EB13625E
S315010225F0027070472DE9F04F144606460F468BB01E
S315010226000393036C01225B6907A960689847336CDF
S3150102261001225B69384606A99847079B5D1C07D1CB
S315010226200022A360A275627500200BB0BDE8F08F8F
S315010226300122A2750022217E069D04EBC101CF6112
S315010226400A846068C5F3D31CB84205F07F010CD138
S315010226504FF0FF33C4F800C02175A360237D043B0C
S31501022660022B26D80023A375DEE794F814E020682E
S315010226708E4503D1A0EB0C004242424103F07F009A
S3150102268001288CBF0020012001298CBF00210121D4
S31501022690884218BF002215F07E0FA27503F07E0351
S315010226A004D1002BDAD00023A375D7E7002BD5D1AD
S315010226B0F9E715F07E0F0FD1336C022238465B69BA
S315010226C008A9984708A8FFF739FC237D032B51D89F
S315010226D0DFE803F0150F045906A8F4E7CC22237E9E
S315010226E004EBC3031A8401236A4A134493F8203084
S315010226F00AE0237E04EBC30318840023F4E7237E56
S3150102270004EBC30318840123149A1370069A12F078
S315010227107E084FEAD26A227E37D104EBC2020AF060
S31501022720030582F82250336CB2F820905B690222CB
S3150102273008A93846984720220DF117000DEB020130
S315010227408DF81780FFF738FF1A2209A9FFF734FF20
S315010227509DF81730099A4FF0080BB3EB926F0CBF35
S31501022760012300236375637D33BB0023A3754FF0F9
S31501022770000852E0227E013BDBB204EBC202052BCA
S315010227801084C0D8B0E70223AEE7002504EBC202EB
S31501022790B2F8209082F8225006A91B2208A88DF8C9
S315010227A02050FFF709FF9DF820204FF0040BA2EB02
S315010227B00A0253425341D5E794F81680B8F1000F45
S315010227C0D5D0B9F1000F09D1E5B10123E375637ED5
S315010227D0002B36D1012D29D1657615E0F36C07EB75
S315010227E00B025B4287EA02010B421CBF0023A3755F
S315010227F0F36C591E0A409B1A4B45B6D3A37D002B97
S31501022800E2D1B4E7E37D43B94FF000084B465A469D
S3150102281039463046FEF7CDFCA060A27D237EBAB9C9
S31501022820022B33D801332376A07DFEE696F83830A3
S3150102283063B9336B0133E9D1032DE7D10123A376C2
S31501022840E2E7012DE9D0032DDED1F7E79846DDE770
S315010228502269022B4A44226118D801332376039B4B
S31501022860002BE1D0E37D002BDED0B8F1000FDBD1E6
S31501022870032DD9D0A1684B1CD6D0149B22460093B6
S3150102288030460123FFF7B6FEA075CDE70023A375F7
S31501022890CAE700BF308D030113B50C46002121762C
S315010228A00093616813462246FFF7A4FE18B1E37D41
S315010228B003B1A07EA075A07D02B010BD2DE9F7433C
S315010228C0044616461F460D46DFF87480C16A236B1D
S315010228D08B421ED04B1C1CD0DFF860904846FFF796
S315010228E0CAFB0122494620460DF10703FFF7D4FF31
S315010228F030B13B4620469DF807201049B04740B10A
S31501022900D8F810104A1C07D0012D0DD0236B99421D
S31501022910E4D103B0BDE8F083D8F80C102046FEF7E7
S31501022920CEFB012D0146D2D1D8F80C3081EA030241
S31501022930E36C5B421A42ECD1C9E700BF087800207A
S31501022940007800202DE9F0410F46164698460446C6
S3150102295088B060B390F83850FDB10121FFF7E7FD69
S3150102296000210E9BCDE90511CDE902379DF83C30D8
S31501022970CDF804808DF81C30237C04968BB90D4961
S3150102298001AA04F10800FFF7F5FDDDE90553206C04
S31501022990002E08BF1D460CF00FF9284608B0BDE807
S315010229A0F0812046044A01ABFFF788FFEDE70546B1
S315010229B0F3E700BFBD1D0201DD41020137B5044641
S315010229C000251B22011D0DF107008DF80750FFF7A7
S315010229D0F3FD63689DF80720B2EBD36F03D123F0B1
S315010229E0784003B030BD1B2204F108018DF807506F
S315010229F0FFF7E2FDA0689DF80730B3EBD06F0ABF7F
S31501022A00C0434FF0FF3020F07840EAE72DE9F04F5E
S31501022A109BB01F469DF89430DDF890B0022B054617
S31501022A20DBF8108005910992079303D0474500F21E
S31501022A30DF80B846DBF80430704E0493704B069380
S31501022A40B8F1000F18D1DBF810309BB1079B002BB0
S31501022A5040F0C58095F87430022B7DD19BF8183071
S31501022A606749DA00B7EBC30F28BFBF1A3A46059882
S31501022A7013F070FD002070E02B6C01225B690AA93C
S31501022A80049898470A9ADBF80010C2F3D3139942C5
S31501022A9040F0B08012F07E0F62D12B6C0DF1340939
S31501022AA05B6949460222049898474846FFF746FA67
S31501022AB00BAB044699E8030083E803000823089355
S31501022AC0002CD7D0049B089A12A903EB0209002312
S31501022AD0CDE90F3311932B6C01225B694846984766
S31501022AE02868D5F84CE0A9EB000CBCFBFEFC99FA70
S31501022AF089F313932B6C05225B6915A90EFB0C0056
S31501022B00984715A8FFF75AFF00BA0DF13C0A14902F
S31501022B1012AB032C93E807008AE8070027D92B6C2E
S31501022B2031465B694846A208984724F0030314F02C
S31501022B30030A1E440CD099442B6C01225B6915A928
S31501022B40484698473046524615A913F003FD5644A6
S31501022B5095F87430022B0CD026201BB0BDE8F08FFD
S31501022B600AA8FFF7EBF9042304460B92A7E7A2464C
S31501022B70E2E7012321492A6F0393231F0B440293A0
S31501022B80069BA4F10809CDE900930FA8D2F80CA07F
S31501022B900B1D089A0BA9D0470028DED1079B012BF2
S31501022BA00CD195F87430022BD6D1DDE905014A46DE
S31501022BB013F04CFD00BB059B4B440593B8EB04088F
S31501022BC007D095F87430022BC6D1069B361B4B44AF
S31501022BD0069328460499FEF772FA049030E7079B9A
S31501022BE0022B7FF447AF0649099B3A4619443EE751
S31501022BF06320B2E76F20B0E73620AEE76896002081
S31501022C0070A600204BF29A2210B503680446B2EB75
S31501022C10134F13D19BB2012B15D1FFF7CFFE013012
S31501022C2011D04FF6FF72E068B2EB104F4FEA104334
S31501022C300BD180B2C01A18BF012010BD013314BFD7
S31501022C4004200320F9E70420F7E70220F5E770B52F
S31501022C500025044686B04562236AAB4202D8606A01
S31501022C6006B070BDE66C2068236C05225B6906FB23
S31501022C70050001A9984701A8FFF7C4FF012898BFDB
S31501022C80636A05F101059CBF01336362E4E72DE93D
S31501022C90F04100254FF0FF384FF6FF7304464746D1
S31501022CA02E46C0E9095386B0236AB3420DD8A5EB75
S31501022CB00805012D06D94FF6FF730025A362236A83
S31501022CC0AB4223D806B0BDE8F081226C2368E06CE2
S31501022CD0D2F814C000FB0630052201A9E04701A87B
S31501022CE0FFF790FF01280FD801A8FFF767FE874279
S31501022CF088BFA662804528BF8046854238BF054601
S31501022D000746636A013363620136CDE7E66C2068E2
S31501022D10236C06FB050005225B6901A9984701356B
S31501022D20CDE7F0B504460D46C66C236C006887B044
S31501022D3005225B6901A906FB0500984701A8FFF771
S31501022D4061FF012804D801A8FFF738FE07B0F0BDDC
S31501022D5029462046FEF794F90646E76C2068236C5D
S31501022D6005225B6901A907FB0600984701A8FFF73F
S31501022D7025FE431CEAD0B54238BF0130E6E72DE90C
S31501022D80F0470646984688B0036908460F46154637
S31501022D909847044600286ED1D8F80420520A012A1F
S31501022DA023464FEA520204F10104F8D898F8034087
S31501022DB098F802202403D20202F4006204F4805439
S31501022DC01443B8F800205B03C2F30A0214449BB20F
S31501022DD01C444FF6FE794FF6FF734FF0000A25F0B9
S31501022DE07848ED439DF840200DF10700022A18BFED
S31501022DF09946264B1B2202A90393CDF808808DF82A
S31501022E0007A0FFF7D9FB9DF807301B2248EAC363E7
S31501022E1025F0784502A9049302958DF807A0FFF7DC
S31501022E20CBFB9DF8073044EA094445EAC3654FF0F6
S31501022E30FF33012206930794B36907A9059507F1A2
S31501022E401000984701220446B36905A907F1080053
S31501022E5098470122504518BF0446B36904A9381D93
S31501022E6098470122504518BF0446B369384603A95B
S31501022E70984728B1044639463046FFF76EF801E015
S31501022E80002CF8D1204608B0BDE8F08701009AB2BD
S31501022E9037B5044694F87430C56C0068009305FB97
S31501022EA0010104F14803206CFFF769FF054620463C
S31501022EB0FFF7CDFE284603B030BDF0B5EFF311861C
S31501022EC04FF0300C8CF31188214CA0424FEA810459
S31501022ED03BD10125176804F1402404F504048D4011
S31501022EE00CFB01016760547B23F003034C67947B5F
S31501022EF0977AA40544EA0744D77B44EAC754177C68
S31501022F0044EA0764D77A44EA0754177B44EA4754EA
S31501022F100C67C1F884301179937943EA014300F5CC
S31501022F200051CB615479D37900F5805043EA0443C9
S31501022F30C361137A03B14564537A03B1C5638D63E1
S31501022F4086F31188BFF36F8FF0BD00236360FFDE46
S31501022F500040814001238B40BFF34F8F00F5805023
S31501022F60C364704710B5037842789B0003F181432D
S31501022F7003F5603399698478120621F0706121F4B0
S31501022F80702142EA04420A439A61037841689B002E
S31501022F9003F1814303F560339A6922F4FE4222F07A
S31501022FA007029A619A690A439A6183683BB123F0DF
S31501022FB00303027803F1814303F560331A6010BDFE
S31501022FC010B581B947F607720F4B8C1D53F8244091
S31501022FD0144203D1CBB20370002010BD01310C297A
S31501022FE0F3D10120F9E7002347F60771064A03F1F7
S31501022FF0160452F824400C4201D1DBB2EBE701334D
S31501023000042BF4D1EDE700BF008083404FF48032F8
S315010230100A4B5A6603F5DE239B69C3F30332027038
S31501023020C3F303424270C3F3461203F00F03134381
S3150102303043804FF6FF738380704700BF0050804084
S3150102304007B501466846FFF7E1FFBDF802300020E9
S315010230500B804FF480734B80024B4B6003B05DF8DB
S3150102306004FB00BF0010000030B1044B9B69C3F39F
S31501023070472303600020704722207047004010401A
S315010230800028ACBF00F16040064B4FEA0111C9B2FC
S31501023090ABBF00F5614000F00F0080F80013195430
S315010230A0704700BF14ED00E001234109034A00F015
S315010230B01F00834042F82130704700BF00E100E063
S315010230C0002307B501A901930BF08AF9019803B010
S315010230D05DF804FB2DE9F74F002800F0EE807949EF
S315010230E08B6E9842C0F0EB80CA6E1344984280F010
S315010230F0E680D1E91F4CEFF3118B302383F311885C
S3150102310010F8083C30F8067CDB07A0F1080500D56B
S315010231103FB98BF31188BFF36F8F012003B0BDE86E
S31501023120F08F0E6FD1F87890A6EBC7030B67009369
S3150102313009F101038B6730F8048C7A1CB8F1000F90
S3150102314040D0A5EBC803DE8810F808EC01961E787C
S31501023150B3F802A0F6070EF0020E26D4BEF1000F56
S3150102316026D1019EA6EB0A0EBEF1010F2AD1009EBF
S315010231700237083E07EB0A02C1F878900E6730F86B
S3150102318002ECBEF1000F1FD110F8085C20F806EC24
S315010231906EF3000500F8085C013A5A801A786EF35C
S315010231A000021A700022DA8043E0BEF1000F09D054
S315010231B010F8086C42446FF3410600F8086C0026C9
S315010231C09E80DCE72B46DAE705EBCE08D1E91A67E2
S315010231D03744B8450ED310F8085C013A6FF300057F
S315010231E000F8085C002520F8065C5A801A7865F317
S315010231F00002D6E715F83E50464615F0010530F8AD
S31501023200067C30D010F8085C013A6FF3000500F82D
S31501023210085C002592B220F8065C5A801A7865F39A
S3150102322000021A70C3F107023244C2F3CF02DA80F6
S31501023230B280002C3FD09C423DD86288002A08BF4A
S315010232401C46BCF1000F06D09C4504D3BCF80220F3
S31501023250002A18BF6346C1E91F438BF31188BFF3E6
S315010232606F8F00205AE7AEEB070EBEF1010FC9D1EF
S31501023270B8F80270A8F802501744B8F80620C2B18D
S3150102328008EBC20600258A6F013A8A670A6F083A75
S315010232900A6710F8082C20F8065C6FF3000200F8A2
S315010232A0082C1A785F8065F300021A70002EB9D1D4
S315010232B078E71646E6E71C46C3E722202EE70023F7
S315010232C05B69FFDE007800202DE9F04FD0F80CA0F3
S315010232D089B04FEA8A0504462846FFF7F1FE884F70
S315010232E08346C7F890002846FFF7EAFEC7F894001E
S315010232F001902846FFF7E4FEC7F8980006462846DD
S31501023300FFF7DEFEC7F89C0081462846FFF7D8FE86
S31501023310C7F8A00080462846FFF7D2FE0123C7F868
S31501023320A40000270AF1FF3200900392039A9A42FF
S31501023330C0F0D0805A0002920122013B0693029B01
S315010233404FF0000A013B0592079368E0069B03EBE7
S315010233500A01039B994228BF1946079B03EB0A07F9
S31501023360039B9F4228BF1F465145C0F0AF80B94219
S3150102337080F0AC80BBF1000F00F0AA80019B002B0C
S3150102338000F0A680002E00F0A380B9F1000F00F034
S315010233909F80B8F1000F00F09B80009B002B00F08C
S315010233A097800022059B4FEACA0001EB030C944564
S315010233B0236839D100207B1A01310493C90023689D
S315010233C0019F5B58009DC3F3130347F8203023681E
S315010233D00B445B6849F8203023685B58083145F88D
S315010233E02030049B01308342E9D10023D446194699
S315010233F08A4236D80F464FEACC0EBA424BD8501AF9
S315010234008A4238BF00206044C000049A9A4250D8CA
S315010234100027029B029A9A44059B9B1A0593039BDA
S31501023420534593D8029B81E71B58C3F313034BF809
S315010234302230236803445B6846F8223023681B580E
S31501023440083048F822300132B1E7009850F823706B
S3150102345045F83C70206859F823707044476001337F
S3150102346016E004989842C5D9019F5BF8210057F8E6
S3150102347023702568B8424FEACC0EE6D858F8217077
S3150102348045F83C70276856F8210077447860013187
S315010234900CF1010CACE758F82750206840F80E50A1
S315010234A0206856F827507044456001370EF1080E20
S315010234B0A3E7009A52F8231022681150226859F89C
S315010234C0231002445160013308309EE72127A0E709
S315010234D019279EE75846FFF7FDFD0198FFF7FAFD0A
S315010234E04046FFF7F7FD3046FFF7F4FD0098FFF778
S315010234F0F1FD4846FFF7EEFD384609B0BDE8F08F0B
S31501023500007800202DE9F04104461646C0681A46A5
S3150102351063680D46984205D3032A40F09180012340
S31501023520237236E0C8B1013803460021D4F800E01F
S315010235308B4231D85EF83130C3F313039D4200D971
S3150102354001318142236801D800284AD1084305D1B5
S315010235501968996023685968D96000214FF0FF30D4
S315010235602368CF0043F83100236803EBC103586097
S31501023570236853F83100000D0005284343F8310052
S3150102358020680BF0EDFA23683B445E60E368013381
S31501023590E3600020BDE8F0815EF83370C7F31307DC
S315010235A0BD4201D9591CCCE75EF83170C7F3130746
S315010235B0BD42C6D303EB01084FEA580C5EF83C70D4
S315010235C0C7F31307BD4202D10CF10101B9E702D9D2
S315010235D00CF10101ACE7B8F1010FBED90CF1FF33D1
S315010235E0A6E753F830704FEAC00C0CF1080E43F807
S315010235F00E70236801389C44DCF8047073445F60E2
S315010236009FE701318B428AD0D4F800C0CF005CF823
S315010236103100C0F3075EBEF1030FF2D1000D0005C2
S3150102362028434CF8310020680BF09AFA23683B4490
S315010236305E60E368012BACD92046BDE8F04143E662
S315010236400021DFE72DE9F04F0F469A46002389B0A4
S3150102365004464FF0FF31104690468DF80B30FEF7C7
S315010236600AFDB7F5801F20D2394603AA04F10800E4
S31501023670FEF796FD451C014605D1237CBBB92D20DB
S3150102368009B0BDE8F08F4046FEF7F5FC012241463E
S3150102369020460DF10B03FFF7FFF80028EDD09DF848
S315010236A00B308AF800300020EAE7B81CE5D1266B18
S315010236B0711C2CD12046A16AFDF7E2FC0646BB1C11
S315010236C018BF0123DFF8DCB00093A36AE26C019311
S315010236D0236803A902FB0639236C484605225B6966
S315010236E009F114099847002549464B1C05D0E36C9C
S315010236F081EA09025B4213420FD031462046FDF7A9
S31501023700BFFC019BB34231D095BB0646DDE7236878
S31501023710F61AE36CB6FBF3F6D1E72148FEF7ABFCEA
S315010237202046009A1E490DF10B03FFF7B5F88446B0
S31501023730C8B1BA1C03D0DBF8A830BB4213D1454647
S315010237409DF80B30DFF858E08AF80030BEE80F002A
S315010237500FC5BEE80F000FC5BEE80F000FC5DEF8A4
S3150102376000302B606546DBF8B010BEE7002D86D02F
S31501023770B7F5801F97D20834394620469AF80030A9
S31501023780D8F80420FEF7A4FC00288CD1394620463D
S315010237909AF80030D8F80420FFF7B4FE70E700BFAC
S315010237A0A8780020007800202DE9F04F8FB007930A
S315010237B00023884609920A69C16C0C931439D31DF8
S315010237C0B3FBF1F3013302EBC302436B04469342AB
S315010237D0C0F0EC80774F256B77482946FEF74BFC04
S315010237E00CAB0293079B41460193099B204600932A
S315010237F0714A2B46FDF7F2FC8246C0B9D7F8B030C2
S315010238000834A362D7F8AC202046079BD8F80010EB
S31501023810FEF75EFC002840F0C5802046079BD7F8DC
S31501023820AC20D8F800100FB0BDE8F04F6AE63D288B
S3150102383040F0B8802046216B2668D4F84C90FDF7FB
S315010238403EFCE36A834200F097802063E06CD7F87E
S31501023850B030421E1A40636BA91B1B1A13446363E1
S3150102386022680C9BB1FBF9F19B1AB3FBF0F3994267
S31501023870069368D103FB09661436AD1B63D04F4B21
S31501023880A3F10809D43308934FF0FF314B48FEF7F1
S31501023890F2FB236C01225B690DA9304698470D990B
S315010238A02046464A0DF12F03C1F3D311FFF7CAFE93
S315010238B0002876D1FB7F4BB197F82030BA6907EB26
S315010238C0C3031B8CD21A083315441E44D4F830B0F4
S315010238D008985946FEF7CFFB9DF82F3020460593EF
S315010238E00CAB0293059B089A01930123334900937A
S315010238F05B46FDF773FC002853D1D9E93712D9F893
S31501023900E43004F1080B23635846059BFEF7E0FBFE
S3150102391028B9D9E937125846059BFFF7F3FDD9F8BD
S31501023920183099F81F20782B06D908339D4200D307
S31501023930ED1A002A33D004E06AB308339D4200D35C
S31501023940ED1A002DA0D12368069AE16C206C01FBC9
S315010239500231FEF702FB2046FFF779F92046FFF70F
S3150102396096F9A26AE16C2368204601FB02331433FD
S31501023970E362FDF7CDFB6063D8F81020E16CD31D3D
S315010239801439B3FBF1F3013302EBC302636B9342C6
S31501023990BFF421AF06E004339D4200D3ED1A1E4463
S315010239A0CFE7824650460FB0BDE8F08F4FF01C0AB2
S315010239B0F8E700BF00780020A878002008780020E8
S315010239C02DE9F74388461D46344E9DF82890044654
S315010239D04FF0FF3106F588701746FEF74CFBB9F139
S315010239E0010FC6F81081C6F8205107D135B194F8F6
S315010239F07430022B50D10835C6F820514B460022AD
S31501023A0020462749C6F81C71FFF7CEFEA36E07466C
S31501023A10002B3DD02046A169FDF703FBE26E636BE5
S31501023A20024493422CBF00220122984228BF00235E
S31501023A30257C38BF1B1A002684F85820E36584F8D2
S31501023A406050D5B1DFF85C803346324631462046B6
S31501023A500196CDF80080FEF775FF01230546CDE9F3
S31501023A6000833246334631462046FEF76BFFE36852
S31501023A7005449D4294BF3546ED1A94F85830656661
S31501023A8013B994F860301BB1A36E04F1580098473C
S31501023A90384603B0BDE8F0832627F9E7007800200F
S31501023AA010790020FFFF0F002DE9F341089C032A3C
S31501023AB01746256806D1237A012B37D0012002B099
S31501023AC0BDE8F081304E28460DF1070306F58872EE
S31501023AD0FFF7B8FD60600028EDD1D4F800C0D6F832
S31501023AE01431DCF82C00DCF84C20434051420B40E7
S31501023AF0E1D1D6F8201179B19DF807E0BEF1010FA7
S31501023B000AD196F828E1B1EBCE0F38BF19464FEA32
S31501023B10CE0828BFA1EB0801237A012B08D1E3685D
S31501023B201944AB69994203D900232374207CC6E761
S31501023B30DCF80010DCF83030401A5B1AB3FBF2F302
S31501023B40B0FBF2F083420DD1E96C2B6B4A1E134096
S31501023B506A6B521A13446B6325682846E96AFDF7B4
S31501023B60AEFA2863D6F82021E36808321344E360EB
S31501023B7001223B4605492068FFF716FE60600028D0
S31501023B8099D000209BE700BF007800201079002021
S31501023B90032A2DE9F34107460E4690461C4606D1F5
S31501023BA0237A012B2CD0012002B0BDE8F0811D4DF4
S31501023BB009680DF1070305F58872FFF743FD606099
S31501023BC00028EDD19DF80730032BE9D0D5F8141161
S31501023BD072689142E4D1356945B1012B12D1337E26
S31501023BE0B5EBC30F4FEAC30200D3A81A227AE368E0
S31501023BF0012A09D1BA691844904205D900232374CE
S31501023C00207CD1E72846F1E708351D4401224346C7
S31501023C1031463846E560FFF7C7FD60600028BFD030
S31501023C200020C1E7007800202DE9F04F4FF0FF3365
S31501023C304FF6FF720025044600F10806C0E90A2381
S31501023C408FB003634562456330468B46FEF7D2F871
S31501023C502046FEF7FCFF002840F0CF804FF6FF79A1
S31501023C60D4F828800027C84514BF45460025236A93
S31501023C709F42C0F0EB802046FEF7E9FF074625E0AA
S31501023C802368226CE06C576900FB0530052209A9FD
S31501023C90B84709A8FEF7B6FF012800F2AD80BDF8C4
S31501023CA0363083F0010303F001035B0094F87420BC
S31501023CB09A4240F03C810025236A9D42C0F0A380CE
S31501023CC02046FEF7C4FF07460028C7D0236F1B68AC
S31501023CD098470546002840F08B80002F00F0298185
S31501023CE02046FEF7D4FF4FF6FF72A36A934200F015
S31501023CF02281226CE76C2068D2F814C007FB03000C
S31501023D00052204A9E047A26AE16C23688B4F01FBF5
S31501023D1002331433E3624FF0FF336FF00101236381
S31501023D2020460DF10F0307F58872FFF78BFC002879
S31501023D3040F0B680D7F818810027C4F83080236C8A
S31501023D4001225B6909A908EB07009847099B013320
S31501023D5040F0A980E36C043707EB080288EA020205
S31501023D605B421A42EBD0676327B92046216BFDF706
S31501023D70A6F9206341462046FDF7A1F90746E36A03
S31501023D809F4240F092802046FDF734F90027804693
S31501023D90B946236A9945C0F09C80B84540F2B58080
S31501023DA02046A16AFDF76CF9064604F1480AAF42BC
S31501023DB015D8E26C236804A902FB0639236C052295
S31501023DC05B694846984704A8FEF7F8FD94F87430F3
S31501023DD00246009349465346206CFEF7D0FF314610
S31501023DE02046FDF74DF90135A8450646DFD1642582
S31501023DF028460FB0BDE8F08F0135236A9D42FFF4D4
S31501023E003FAF002352E72368226CE06C576900FB3F
S31501023E100530052209A9B84709A8FEF7F3FE0128CC
S31501023E200AD129462046FEF77CFF421C2946204636
S31501023E30FFF72EF801353FE70338C0B20128F9D85A
S31501023E4029462046FEF76DFF0246EFE7226C2368FC
S31501023E50E06CD2F814C000FB0530052209A9E0473F
S31501023E6009A8FEF7CFFE022807D0C8450DD10BF1EE
S31501023E70010229462046FFF70BF8236A0135B5FBF5
S31501023E80F3F2013703FB1255F1E629462046FEF706
S31501023E9048FFB0F1FF3F14BF02465A460132E8E736
S31501023EA0D4F82C8048E700275DE739462046FDF71E
S31501023EB062F9636B39460344804663632046FDF724
S31501023EC0FEF80746B8F1000F7FF459AFC4E90C08B2
S31501023ED055E7E26C236809A902FB093A236C05221C
S31501023EE05B695046984709A8FEF78CFE012809D856
S31501023EF020460AF11401FDF73EF9E36C143B9842A0
S31501023F0008BF013709F1010943E73046FDF772FFA0
S31501023F100023204619460A4AFEF7D0FC6369012BA3
S31501023F207FF666AF3046FFF7CFF9054660E72625ED
S31501023F305EE75E255CE767255AE700BF0078002049
S31501023F40071F02012DE9F84300236F4F0D46D7F8EB
S31501023F5044810446C7F8443118B921252846BDE8EB
S31501023F60F88390F838606EB30A6803689A4240F0A3
S31501023F70BE804A6843689A4240F0B9808A6883687B
S31501023F809A4240F0B480CA68C3689A4240F0AF8050
S31501023F900A6983699A4240F0AA808A69036C9A4245
S31501023FA040F0A580CA69036F9A4240F0A08091F859
S31501023FB0202090F874309A4240F099804B6900258E
S31501023FC0C361CBE7D0F83C9078223146E1F79CDA1F
S31501023FD0C4F83C902B6804F1080023606B686360A7
S31501023FE02B69A3616B69E361D5E90223C4E9022363
S31501023FF0FDF700FFAB6904F1480023649B6898470B
S3150102400000284AD1E16C11B16368B3FBF1F194F86E
S315010240104B302162002BA0D00023A366EB692367F4
S3150102402095F82060E56C84F87460002D67D000294C
S3150102403065D02368B3FBF5F205FB1233002B58D189
S31501024040D4F80490B9FBF5F305FB1393002B50D179
S315010240502046FDF702F881454DD340F63472A36935
S31501024060CC3B934249D8B5F5805F48D3012E48D956
S31501024070032E46D003212046FEF759FAD4E9000160
S31501024080236C1B6898470546236C0220DB68984718
S315010240902DB1002384F8383025E03146B7E7414691
S315010240A02046FFF7C1FD6428054604D14146204654
S315010240B0FFF7BAFD0546E36C143B002DE9D1626AAE
S315010240C0204602FB03F6FCF7C8FF86422DBF0123F9
S315010240D084F838505A2584F8383022BFD7F8483147
S315010240E00133C7F84831206C0AF066FD36E75D25D3
S315010240F034E7592532E75A2530E75F252EE75B2556
S315010241002CE726252AE700BF007800202DE9F04397
S3150102411085B00C4690461E4605460C9F002851D096
S3150102412090F83830002B4FD0B1F5801F4ED2DFF810
S31501024130A8900121FEF7FBF9214628460DF10F034E
S3150102414009F5A672FFF77EFA0446F0B99DF80F301B
S31501024150012B30D195F87430022B1AD1D9F85C01B2
S31501024160F8B9F31983422BD802230193184B32462D
S31501024170009341463B462846FEF748FC044620B9D1
S3150102418001463A461348E1F7BFD9286C0AF014FDF5
S3150102419003E0286C0AF010FD2624204605B0BDE88E
S315010241A0F08399F86431B0EBC30F4FEAC30234BF0F
S315010241B02046801AD5E7022B14BF2D246024E4E79A
S315010241C06324E2E72124E8E71124E6E72924E4E768
S315010241D04C79002070A600200078002073B50D46A8
S315010241E0D11E4A421C461B7E4A419A4229D129685E
S315010241F02368994225D36368994222D8124E0DF15A
S31501024200070306F58872FFF71DFAD0B9D6F814210D
S315010242106B689A4215D19DF80730DA1E5342534113
S31501024220227E93420DD1636901336361D4E903238B
S31501024230934206D22968A26842F823102369013300
S315010242402361012002B070BD007800207FB50C46C3
S31501024250054648B390F8383043B3B1F5801F27D2EB
S315010242600221FEF764F921462846124A0DF10F038F
S31501024270FFF7E8F90646A8B99DF80F30032B11D0CE
S3150102428028460AF076FC032321460093324633463A
S315010242902846FFF795FB0446286C0AF08DFC20465A
S315010242A004B070BD2D24F7E72124F8E71124F6E7BF
S315010242B02924F4E74C79002010B5044605F004FAE6
S315010242C02046BDE81040FEF705BF002313B5019352
S315010242D069B160B101FB00F401A920460AF080F838
S315010242E0014620B9019810B12246E1F70DD901988C
S315010242F002B010BD10B568210120FFF7E6FF0446A2
S3150102430018B168220021E1F7FFD8204610BD10B589
S3150102431024210120FFF7D9FF044618B124220021E6
S31501024320E1F7F2D8204610BD002337B50D461446F3
S315010243300193FAB1434203F003031844C2E902109E
S31501024340684301A90AF04CF860B90246019B013D96
S31501024350C4E9003391B28D4202F1010204D84FF051
S31501024360FF321A6003B030BDE16819441960E16891
S315010243700B44EFE72220F5E7FEE70846FEF7A0BE6B
S315010243800846FEF7A7BE084611469EE700230360CC
S315010243904360704710B50E4A92F88031BBB90224C8
S315010243A00C480D49C2F88C30091AC2E91A010139C1
S315010243B0C908C2E91F0082F88440FFF7E7FF41807E
S315010243C008210123C2E91C11936782F8803110BDCD
S315010243D000780020C8F800200000082000232DE9FB
S315010243E0F347814F0193FB6E0C469A42104604D263
S315010243F039B912B101A909F0F3FF019802B0BDE87A
S31501024400F0871AB90846FEF765FEF6E7EFF311885B
S31501024410302383F31188A1F1080C31F8061C073009
S315010244204FEAC10920F00705A94575D234F8023CC5
S31501024430002B60D0591A01295DD10CEBC3061CF879
S315010244403330DA0757D47388A9EB050212EBC3029C
S3150102445051D41F2A31DDC5F3CF0324F8063C0133BB
S31501024460601924F8023CD208FFF790FF428034F823
S31501024470023C8380F388EBB17188591A11FA82F2F0
S3150102448092B206EBC303C2809A800022314609F03A
S3150102449064FF3046FFF77AFF3B6F7A6F2B44A3EB3B
S315010244A00903934201943B6734D888F31188BFF319
S315010244B06F8FA2E70023C380E7E7BB6F013BBB67B0
S315010244C034F8063C72880133134424F8063CF28818
S315010244D06AB17188511A11FA83F39BB206EBC202D1
S315010244E024F8023C9380012231466046CFE700233D
S315010244F024F8023CF7E7284601A909F071FF0028D2
S31501024500D3D14A462146019812F024F82046FEF7F5
S31501024510E1FDCAE77B67C8E764D934F8023CA9EB37
S3150102452005065A1E521AABB30CEBC30A1CF83330FA
S31501024530DB0730D47ABBC5F3CF0324F8063C01333B
S31501024540601924F8023CFFF721FFBAF8023003EBA7
S31501024550D603438034F8022C8280BAF80620BAB117
S31501024560BAF80210511A11FA83F39BB20AEBC2028C
S31501024570C38093800022514609F0EFFE5046FFF7B1
S3150102458005FF3B6F01941D44A5EB09053D678CE7C9
S31501024590C280EFE79A46272EF3D9C5F3CF0324F853
S315010245A0063C013E0133601924F8023CF608FFF786
S315010245B0EDFE468034F8023C8380BAF1000F0ED03C
S315010245C0013212FA86F6B6B2C680AAF80460002251
S315010245D0BB6F11460133BB6709F0BFFED1E7A0F8F5
S315010245E006A0F4E7019460E70078002008B5E1F738
S315010245F041DE022806D1044BD3F89001BDE80840FA
S31501024600E1F79E9D08BD00BF007800202DE9F04F1D
S315010246108FB0059383680546904643B34FF6FF7202
S31501024620934224D00768974221D00E68DFF864913D
S315010246304E4509D14FF0080E0C1D4FF6FF7ABFB257
S31501024640444509D32D2462E0504A964240F09C80AB
S315010246504FF0000E0C1DF0E7D4E900120131F1D042
S315010246600132EFD044F6563122888A4201D0212402
S315010246704DE0A2885245FAD0B4F806B0D345F6D039
S31501024680206861680DF1180CBB45ACE8030074D1D2
S315010246906868114618448242E9D34E4504F1080777
S315010246A048D100231046CDE908330A93FEF708FDE7
S315010246B0064600283CD00DF12C090422494638460B
S315010246C0FDF7FEFC3BBA0C93079BBDF81CE01BBA37
S315010246D00D930EF103039B08013357F8233099E832
S315010246E007000B9301230DF1200C8CE80700CDE99D
S315010246F00293082204F10C036046CDE900E606A9FD
S3150102470002F09CFF044630B13046FEF7E3FC204638
S315010247100FB0BDE8F08F3446D5E901120598314450
S3150102472011F018FF14B12046FEF7D4FC0024EEE77F
S315010247301924ECE7154B9E4202D03E460024EBE7D4
S315010247400822134B41F221005A66012203F5EE2398
S315010247505A6098604FF6FF701861DA603A4601397D
S3150102476007D25B6ABDF81A209BB29A427FF47FAFE9
S31501024770E3E712F8010B1862F1E7033222F00302B2
S315010247800832724414445BE71124C0E750544D4485
S315010247900050804043545353036813B90B600160C0
S315010247A070471846F8E70346006818B102681A60AE
S315010247B0002303607047036803B970478B4204D133
S315010247C00B68036000230B6070471846F3E74FF04E
S315010247D0FF307047FEE70020704701207047012035
S315010247E070474FF0FF307047002070470020704736
S315010247F0002070472DE9F0432B48079F90F89E4110
S3150102480094424DD9D0F8946102EB42024FEA820CEE
S3150102481016EB820246D05089002843D0B2F90440F1
S31501024820B2F906508C42B2F908E02FDCA942A8BFC0
S315010248302946BEF1000F35D000F1FF381FFA88F87C
S315010248400EFB08490A1B92FBFEF24D45D8BF4046B4
S3150102485092B2904202D3A94218BF104656F80C20D2
S3150102486052F8206002EB800C18B15CF8048D4645C3
S315010248700ED08D421EBF1EFB00F1091909B29942E3
S3150102488009DC00203E60B980BDE8F0832146D0E70D
S31501024890013880B2E8E70028F3D0013880B2DFE7B9
S315010248A00E20F1E70220EFE70078002010B5084C50
S315010248B0204612F06CF820B994E80700054B83E80C
S315010248C00700BDE8104001214FF0FF3012F061B838
S315010248D0588D030194790020FF2070470E207047FE
S315010248E0004870470080FFFF044BD3F8A0315840BF
S315010248F043085B4240421843C017704700780020C4
S31501024900C388B1EB431F3FBF03684A0953F822002C
S3150102491001F01F013ABFC84000F0010000207047B4
S31501024920F8B5C3880E46B2EB830F07684FEA8304D4
S315010249301AD813469C420CD115460023AB4215D117
S31501024940A24204D90021121B3019E0F7DDDD002055
S31501024950F8BD23F003003D5803F00301C900CD4021
S31501024960EDB26DB90133E5E72546E6E723F003012A
S31501024970795803F00300C000C140F1540133DDE769
S315010249806FF00700E4E7034670B51C68DB8808464A
S31501024990B2EB830F4FEA830519D9521B8E180021F8
S315010249A0E0F7B2DD30462A4600231044934210D185
S315010249B0002070BD23F00301615803F00306F600DF
S315010249C0F140C9B281B901339D42F3D1ECE71346F5
S315010249D0FAE723F00301615803F00305ED00E9400C
S315010249E000F8011D0133E1E76FF00700E1E730B599
S315010249F0C38823B9CA885AB9002B3DD136E0026869
S31501024A0002EB830252F8042C002AF3D1013BF0E7B0
S31501024A100C6804EB820555F8045C4DBB013AEAE7E2
S31501024A20B1F9045003D2B1F90400404226E0B0F9CB
S31501024A300420002A03DD002D0CDA01201EE0002DE0
S31501024A4008DD3AB14FF0FF3018E003F1FF330BD224
S31501024A50504213E0013B016851F8235054F82310E8
S31501024A608D42F2D9104609E0591CF4D1002005E025
S31501024A70002BD8D09342D3D9B0F9040030BD1FB56B
S31501024A804FF001130191039302A901AB0293FFF7C0
S31501024A90AEFF05B05DF804FB10B50C4CD4F8A021AD
S31501024AA0D4F8A0314240594081EA0200C00FFFF713
S31501024AB01BFFD4F8A031521A434022EA03020840EE
S31501024AC01043C00FBDE810400EE700BF007800207A
S31501024AD0013901D20020704750F82130002BF7D05E
S31501024AE0B3FA83F00131C0EB41107047C188006807
S31501024AF0EEE7F8B50546500988420C4602F01F0654
S31501024B0001D80AD136B12846A2000021BDE8F840F3
S31501024B10E0F7FA9C1F2A02D8F8BD1F2A0FD9820094
S31501024B2005EB8003291F05EB8407BB421AD1201A24
S31501024B3038BF0022002105EB8000E0F7E5DC002EFC
S31501024B40EAD0002205EB8404C6F12000AC42E3D090
S31501024B5054F8041C21FA06F3134344F8043D01FAFE
S31501024B6000F2F3E753F804CB41F804CFDDE708B5C9
S31501024B700A46C18811B10068FFF7BBFF002008BDD4
S31501024B8001F18041013900EB81018142034600D2E4
S31501024B9070471B680A681BBA12BA40F8042B41F81F
S31501024BA00439F2E710B5044678B14378012B04D1F2
S31501024BB0BDE81040406806F03FB80378012B02D1E8
S31501024BC0083004F081FD0023237010BD2DE9F04762
S31501024BD004464FF00109DFF8CC80DFF8CCA088B09B
S31501024BE038300F461546FFF7DDFFDAF8083084F84C
S31501024BF0389008F5D270984798F80862DAF80C30BE
S31501024C0006EA090608F5D270984776B300211422FE
S31501024C1084F8399003A8E0F777DC94F838304FF638
S31501024C20F8724B4514BF00234FF41053ADF8083008
S31501024C304FF6FF73954298BF2B46ADF80A30184BD3
S31501024C4001A805934FF480730193F9F731FD019B96
S31501024C50EA1D0493394604F13C03D20802A807F07F
S31501024C60E3F9A0B1FDF7C7F910E094F8383084F8FA
S31501024C703960012B0DD14034242231462046E0F71A
S31501024C8043DC2A463946204604F024FD18B90020A1
S31501024C9003E084F838606FF00C0008B0BDE8F087D5
S31501024CA0004440040078002054F700200346C069FE
S31501024CB020B15B6A002B14BF01200220704700223B
S31501024CC00123C0E90023C0E90223C0E90423704796
S31501024CD038B5002401250146C0E90254C0E904544D
S31501024CE00470446085611C30FFF7E9FFC1E90D4597
S31501024CF0C1E90F44C1E91144C1E91344C1E91544AB
S31501024D00CC6538BD70B50646FFF7D0FF02280C46C2
S31501024D1005461DD100212046FFF7F2FD60BB0121A8
S31501024D202046FFF7EDFD024630BB2046FFF7DEFEC9
S31501024D30336C591C88421FD1FE2B07D129462046C6
S31501024D40FFF7DEFD0D4B021E18BF1A46104670BD57
S31501024D5001280FD101462046FFF791FE00280BDB01
S31501024D60204606F13401FFF742FE0028034AB8BF86
S31501024D700022EBE7024AE9E7004AE7E780B3FFFFD1
S31501024D8080B0FFFF70B5066C0D460736B3EBD60F42
S31501024D90114604464FEAD60203D200230D482B6080
S31501024DA070BD2A60B0F866307BB1FFF77FFF02283B
S31501024DB004D104F16000BDE87040B1E5012806D1D5
S31501024DC004F16000BDE87040DDE50348E8E76FF0F5
S31501024DD06D00E5E700B1FFFF80B0FFFF10B5034BA1
S31501024DE00A461B6900210446984710BD54F7002064
S31501024DF010B5044610B109B1FFF7F0FF2046BDE830
S31501024E001040FEF767B910B5044648B1006818B1FB
S31501024E10E1888900FFF7ECFF00220123C4E90023A0
S31501024E2010BD10B50446FFF7EEFF04F10800FFF7C7
S31501024E30EAFF04F11000BDE81040E4E700B1F0E733
S31501024E40704742F21073994270B504460D4602D973
S31501024E506FF00F0070BDC3888B4213D2042128461E
S31501024E60FFF733FA06460028F2D0216841B1E288FB
S31501024E70920011F06FFBE18820688900FFF7B8FF05
S31501024E80E58026600020E5E72DE9F0410D46C98857
S31501024E9004461646FFF7D5FF014618BB3046FFF713
S31501024EA023FD03461C4EB4F90420D6F8A0010132B3
S31501024EB0584022EA0002B5F90400013018400243C3
S31501024EC0013AA280D5F800E02268B5F8068072455B
S31501024ED003D08C46043AE04507D8DB43EA88E088EA
S31501024EE0824211D30846BDE8F081D6F8A07152F884
S31501024EF0040F5F4020EA07005EF82C700CF1010CEA
S31501024F001F4038431060E6E7256855F8220018402D
S31501024F1045F822000132E2E700780020F8B505469D
S31501024F208D420E46104601D10020F8BDFFF7DCFC8A
S31501024F30C98804462846FFF784FF0028F5D1304682
S31501024F40E988FFF77EFF0028EFD11E4AB6F9043041
S31501024F50B5F90410D2F8A00101310133604021EA0A
S31501024F60000023400343013BAB80B6F90430D2F87B
S31501024F70A00101336040214023EA00030B43013BB8
S31501024F80B38031682B68EE888B42CDD0043903EBAE
S31501024F9086069E42C8D0D2F8A0011D6851F8047F48
S31501024FA0604025EA00002740384343F8040BD2F853
S31501024FB0A0710868674020EA070025402843086077
S31501024FC0E7E700BF0078002038B504460D4619B957
S31501024FD0FFF719FF002038BDC2888A4207D1002196
S31501024FE000689200E0F790DA0123A380F2E7FFF767
S31501024FF00AFF29462046BDE8384022E72DE9F84353
S3150102500012F0030318BF012303EB920689463146C8
S3150102501080461546FFF7D8FF044670B9B8F8062050
S31501025020D8F80070964218D83FB101469200384628
S31501025030E0F76ADA23469D4202D12046BDE8F883AB
S3150102504019F80310DA0023F0030002F01802914066
S315010250503A5801330A433A50EDE76FF00704ECE799
S315010250602DE9F84312F0030318BF012303EB92065D
S315010250708846314681461446FFF7A6FF0546B8B96A
S31501025080B9F80670BE4216D897B1D9F80090BE009B
S31501025090014632464846E0F737DA2CB1301B224642
S315010250A04146484411F056FA39464846FFF768FD2B
S315010250B02846BDE8F8836FF00705F9E7884270B51F
S315010250C005460E4609D0C988C28841B92AB10123CB
S315010250D0920083800068E0F717DA002070BD4C1E4B
S315010250E08CB9B6F904300134A242AB8012D2214600
S315010250F02846FFF7A6FE0028F0D131682868A200EB
S3150102510011F028FAE9E7336853F82430002BE8D185
S31501025110013CE5E72868121B0021920000EB84009E
S31501025120E0F7F2D9E9E738B504460D46FFF7C6FFBF
S3150102513068B905F1080104F10800FFF7BFFF30B9AC
S3150102514005F1100104F11000BDE83840B6E738BD9B
S3150102515070B50E4601210446FFF773FE054648B9AE
S31501025160E288014692002068E0F7CED923681E60E4
S315010251700123A380284670BD10B501210446FFF71D
S31501025180E7FF58B9012104F10800FFF7E1FF28B949
S31501025190014604F11000BDE81040D9E710BDF8B58B
S315010251A0C3880646B1EB431F0C4617464FEA511513
S315010251B014D20122316804F01F0451F82530A240AD
S315010251C023EA020341F82530326807FA04F452F859
S315010251D02530234342F825300020F8BD002AFBD0B2
S315010251E0691CFFF72EFE0028E3D0F6E7F8B5044660
S315010251F00D46FFF77BFCE3882844B0EB431F25D815
S315010252001F2D2368E68805F01F074FEA551413D9A7
S315010252106FF00300324600FB0430944202F1FF3183
S3150102522020D3A21BA64238BF0022324418460021CF
S315010252309200E0F769D9034637B1002103EB8403F3
S31501025240C7F12005A64213D800200AE010F01F017B
S3150102525018BF012101EB50112046FFF7F2FD00288C
S31501025260CED0F8BD50F8212043F821200A46D4E7D2
S315010252701868013400FA07F20A4343F8042B20FAAC
S3150102528005F1DFE72DE9F84305460E469046D48837
S315010252903CB9F188A1420ED26FF009073846BDE842
S315010252A0F883D8F8003003EB840353F8043C002B4F
S315010252B0EFD1013CECE72846FFF7C3FD074600287C
S315010252C0ECD1F28894420BD2AE4209D028683168F9
S315010252D0121B920001EB840100EB840011F03AF9F2
S315010252E0EA88F088824207D92B68121A00219200B5
S315010252F003EB8000E0F708D900221346D5F800C077
S31501025300D6F800E0D8F80080944203D1BBB9012354
S31501025310AB80C3E75EF8226058F82200F11A814297
S315010253202CBF4FF000094FF00109091A4CF822105F
S315010253309E422CBF4B4609F101030132E4E72A687A
S31501025340E98802EB840402EB8102944202D1002B2A
S31501025350DDD0A1E72168C91A34BF0123002344F82D
S31501025360041BF2E738B50C46051D29462046FFF710
S315010253703EFB002801DA002006E02A4621462046A5
S31501025380FFF780FF0028F0D038BD2DE9F04117461E
S31501025390B1F904509288044612FB05F253430E46B4
S315010253A01DD539463046FCF7F7FDB0F100080DDB95
S315010253B03A4631462046FFF765FF28B9B8F1000F94
S315010253C008BF01250020A580BDE8F08132462046AE
S315010253D0FFF758FF0028F7D16D42A580F4E787420F
S315010253E002D0814210D13E460123A380B6F806803F
S315010253F0B8F1000FE6D0336803EB880353F8043C97
S315010254003BB908F1FF38F3E7FFF758FE0028EAD067
S31501025410DAE741462046FFF714FD0028D4D1D6F833
S3150102542000C0074606462368191F51F8042F5CF887
S315010254302700B2182CBF012600260137121846F1A1
S315010254400006B8450A60F0D103EB8703002EB9D0F6
S31501025450E28807F10108BA4208D841462046FFF719
S31501025460F0FC0028B0D1236803EB87031A6847468C
S3150102547092192CBF0126002643F8042BE6E70123E5
S3150102548083E770B50C460546114620461A46FFF7D4
S31501025490F6FF064630B9043529462046FFF7A7FA34
S315010254A0002801DA304670BD2A4621462046FFF71A
S315010254B0E9FE0028F0D00646F4E74FF0FF3364E731
S315010254C070B50C460646114620461A46FFF7F5FF09
S315010254D0054688B90436B4F90430002B0CDA0021EA
S315010254E02046FFF7CCFA30B1324621462046FFF775
S315010254F0C6FF0028EFD00546284670BDF7B50D4612
S3150102550001230021083504462846CDE90013164633
S31501025510FFF7B5FA211D07462A466846FFF7CDFF72
S31501025520044648B9002F0CBF002206F00102694663
S315010255302846FFF7A9FC04466846FFF764FC2046A5
S3150102554003B0F0BD2DE9F341054688461646CF88DC
S315010255503FB1D8F8003003EB870353F8043C33B16B
S315010255603EB90021284602B0BDE8F041F0E5013F0F
S31501025570EEE72846791CFFF764FC044670B94146FA
S315010255802846FFF79BFD044640B9013E00963B467D
S31501025590D8F80020E988286809F0C9F9204602B03E
S315010255A0BDE8F0810023F7B5112104468DF80330D9
S315010255B0FFF747FC0646002840F04D8125680DF1AC
S315010255C003022B6801A8296A0193FCF741FD696A66
S315010255D0FCF73EFDE96AFCF743FD296BFCF740FD4A
S315010255E0696BFCF73DFDA96BFCF73AFD019B9DF941
S315010255F003102B60256800296B688DF803600193FF
S3150102560080F22C814942FCF72BFD0DF1030201A820
S31501025610696AFCF71DFDA96AFCF71AFD296BFCF7FD
S315010256201FFD696BFCF71CFDA96BFCF719FDE96B04
S31501025630FCF716FD019B9DF903106B602568AB68AB
S315010256400193002399428DF8033080F20A8149427F
S31501025650FCF706FD0DF1030201A8A96AFCF7F8FCA5
S31501025660E96AFCF7F5FC696BFCF7FAFCA96BFCF736
S31501025670F7FCE96BFCF7F4FC019B9DF90310AB60A7
S315010256802568EB680193002399428DF8033080F275
S31501025690EB804942FCF7E4FC0DF1030201A8E96A39
S315010256A0FCF7D6FCFCF7D4FC296BFCF7D1FCFCF722
S315010256B0CFFC696BFCF7CCFCE96BFCF7D1FC296AE0
S315010256C0FCF7CEFC696AFCF7CBFC019B9DF9031042
S315010256D0EB6025682B690193002399428DF803300B
S315010256E080F2C5804942FCF7BBFC0DF1030201A819
S315010256F0296BFCF7ADFCFCF7ABFC696BFCF7A8FC6C
S31501025700FCF7A6FCA96BFCF7A3FC696AFCF7A8FCEB
S31501025710A96AFCF7A5FC019B9DF903102B6125687B
S315010257206B690193002399428DF8033080F2A280BE
S315010257304942FCF795FC0DF1030201A8696BFCF7DE
S3150102574087FCFCF785FCA96BFCF782FCFCF780FC65
S31501025750E96BFCF77DFCA96AFCF782FCE96AFCF7B6
S315010257607FFC019B9DF903106B612568AB6901936F
S31501025770002399428DF803307FDA4942FCF770FC27
S31501025780AF6B0DF1030201A83946FCF761FCFCF788
S315010257905FFCE96BFCF75CFCFCF75AFC3946FCF74B
S315010257A057FC696BFCF754FC296AFCF759FC696AD8
S315010257B0FCF756FC019B9DF90310AB612568EB6969
S315010257C00193002399428DF8033059DA4942FCF7D5
S315010257D047FC0DF1030201A8E96BFCF739FCFCF762
S315010257E037FCFCF735FC296AFCF732FCA96AFCF79F
S315010257F037FCE96AFCF734FC296BFCF731FC696B6F
S31501025800FCF72EFC019B9DF90310EB61236821EA4B
S31501025810E1721A6200200823E28801339A4232D8E1
S31501025820002918DA00232068C258D243C250043331
S31501025830242BF8D100232068C2580132C2502268B3
S31501025840D05810B90433242BF5D14FF6FF73A38038
S31501025850136A5B1A1362304603B0F0BDFCF7F8FB1C
S31501025860D3E6FCF7F5FBF5E6FCF7F2FB14E7FCF7EA
S31501025870EFFB3AE7FCF7ECFB5DE7FCF7E9FB7FE7B9
S31501025880FCF7E6FBA5E7226842F82300C4E72DE907
S31501025890F04F05460F461046002197B09346FFF793
S315010258A0EEF80028C0F2868105D16FF00B0420467E
S315010258B017B0BDE8F08F00230126CDE90936CDE9FF
S315010258C00B36CDE90D36CDE90F36674B59461293A4
S315010258D0384613AB1193FCF75FFB002817DA35B193
S315010258E039462846FFF7EAFB0446002849D100213A
S315010258F02846FFF7C4F80028C0F24B8159462846CC
S31501025900FFF775F8002880F24B810024CFE739466C
S3150102591009A8FFF7D3FB044698BB59460BA8FFF724
S31501025920CDFB044668BBF9880DA80231ADF830609B
S31501025930ADF82860FFF785FA044610BB01460DA8AB
S31501025940FFF706FC0446E0B9F9880FA80231FFF712
S3150102595078FA0446A8B90BA8FFF7C8F800F01F00A9
S315010259601F2821D0C0F11F03194609A80093FFF78A
S315010259703DFC044628B900990BA8FFF737FC0446FB
S3150102598098B109A8FFF73FFA0BA8FFF73CFA0DA851
S31501025990FFF739FA0FA8FFF736FA0C2113A8FFF71A
S315010259A01DFA002CA3D082E70094BDF82A60BDF847
S315010259B032900BA8A6EB090A4FEA4A184146FFF7AD
S315010259C015FC04460028DCD14FEA8A0A0BA909A86C
S315010259D0FFF70DF8002838DA41460BA8FFF7C7F89A
S315010259E004460028CDD109F1FF3301939B0006F14C
S315010259F0FF38049306F1804609F18043023B013EDA
S31501025A009B00A6EB09060793B3000293019B43454C
S31501025A102CD3002DB5D0009909A8FFF7A8F80028C4
S31501025A2040F0B380BB8809A92846ADF82830FFF7B4
S31501025A3045FB0146002840F0AA802846FFF71FF8D9
S31501025A4000289ED10123AB809BE70D9A09A952F842
S31501025A500A300846013342F80A300BAAFFF72DFD38
S31501025A6004460028B2D08CE7010003000B9B049A7E
S31501025A7003931344DDF824900693039B4FEA880AA5
S31501025A809A5859F82810AAF104030D9E0593029B10
S31501025A9091421E4474D20598002359F80000DFF79B
S31501025AA0A3DB002914BF4FF0FF330346B8F1010F00
S31501025AB033600EBF002309EB0A0353F8083C079A29
S31501025AC01393059B59F80330149359F80A30159329
S31501025AD0336801333360039B1344994633680021CB
S31501025AE0013B33600FA8FFF733FB00284DD1019B21
S31501025AF0002B48D0D9F800200F9B0FA91A60069AED
S31501025B00084612685A603268FFF71CFD00283CD12C
S31501025B1011A90FA8FEF76BFF0028DFDC32680BA97B
S31501025B200FA8FFF70FFD80BB029B0FA84FEAC3091F
S31501025B304946FFF75BFB40BB09A908460FAAFFF7D7
S31501025B40BCFC014618BB09A8FEF799FF002812DA28
S31501025B500BA90FA8FFF7B2FAB8B949460FA8FFF782
S31501025B6045FB90B909A908460FAAFFF788FC60B957
S31501025B703368013B3360029B08F1FF38043B44E77B
S31501025B804FF0FF3392E7019AB6E70446F9E60C466F
S31501025B90F7E65A4629462846FFF771FC044600E70E
S31501025BA05A4629462846FFF788FC044600283FF450
S31501025BB0A5AE7CE66FF0090479E62DE9F0430646C7
S31501025BC00F461046012197B01546FEF758FF0028E9
S31501025BD040F3CA8100220123394612A8CDE90E23D8
S31501025BE0CDE90C23CDE90A23CDE90823CDE910231A
S31501025BF0CDE90623CDE90423CDE90223CDE900232C
S31501025C00CDE91223CDE91423FFF758FA044608B168
S31501025C1012A806E0294614A8FFF750FA044612A86C
S31501025C201CB3FFF7F0F814A8FFF7EDF80EA8FFF77B
S31501025C30EAF80CA8FFF7E7F80AA8FFF7E4F808A8BC
S31501025C40FFF7E1F810A8FFF7DEF806A8FFF7DBF881
S31501025C5004A8FFF7D8F802A8FFF7D5F86846FFF7B8
S31501025C60D2F8204617B0BDE8F083FCF73DFB81462A
S31501025C7014A8FCF739FB804650B9214614A8FEF751
S31501025C803FFE28B9394610A8FFF718FA04463CE048
S31501025C900123ADF85430ADF84C30002112A8FEF7BD
S31501025CA0EEFE58B9C145494614A828BF4146FFF739
S31501025CB09DFA04460028ABD114A9E4E712A8FCF721
S31501025CC013FB014612A8FEF752FF0446E8B914A8CF
S31501025CD0FCF70AFB014614A8FEF749FF0446A0B9E0
S31501025CE014A912A8FEF783FE0028C0F2A28012A907
S31501025CF0084614AAFFF7C6FA044630B9012112A8CA
S31501025D00FEF735FF04460028C7D012A8FFF77BF835
S31501025D1014A8FFF778F8002C88D1012110A8FEF704
S31501025D20AEFE002840F01D812A4639460EA8FFF72D
S31501025D30AEFD044600287FF479AF0EA90CA8FFF741
S31501025D40BDF9044600287FF471AF294606A8FFF77C
S31501025D50B5F9044600287FF469AF294604A8FFF77E
S31501025D60ADF9044600287FF461AF01210AA8FFF7C5
S31501025D70EFF9044600287FF459AF014608A8FFF758
S31501025D80E7F9044600287FF451AF014602A8FFF75E
S31501025D90DFF9044600287FF449AF01216846FFF77F
S31501025DA0D7F9044600287FF441AF0C9B1B68D8073C
S31501025DB04BD5049B1B68DB0776D504A90CA8FEF715
S31501025DC016FE0028C0F2A3800CA9084604AAFFF712
S31501025DD074FB044600287FF429AF0AA9084602AAE1
S31501025DE0FFF76BFB044600287FF420AF08A96A4639
S31501025DF00846FFF762FB044600287FF417AF00212D
S31501025E000CA8FEF73CFE0028CFD1002102A8FEF71E
S31501025E1036FE0028C0F29180294602A8FEF7E7FD68
S31501025E20002880F29480304602A9FFF747F904461A
S31501025E30FCE614A9084612AAFFF724FA044600282A
S31501025E407FF463AF012114A85AE701210CA8FEF7DA
S31501025E508EFE044600287FF4E9AE0A9B1B68DF0723
S31501025E6010D4089B1B68DC070CD401210AA8FEF793
S31501025E707EFE044600287FF4D9AE012108A8FEF76A
S31501025E8076FE8EE70AA9084606AAFFF7F8FA04463D
S31501025E9000287FF4CBAE08A908460EAAFFF70DFB30
S31501025EA004460028E1D0C1E6012104A8FEF75FFEFF
S31501025EB0044600287FF4BAAE029B1B68D90714D4A4
S31501025EC0009B1B68DA0710D4012102A8FEF74FFED8
S31501025ED0044600287FF4AAAE01216846FEF747FE72
S31501025EE0044600283FF465AFA0E602A9084606AAC1
S31501025EF0FFF7C5FA044600287FF498AE694668465C
S31501025F000EAAFFF7DAFA04460028DDD08EE604A9C6
S31501025F1008460CAAFFF7D1FA044600287FF486AE9A
S31501025F2002A908460AAAFFF7C8FA044600287FF41E
S31501025F307DAE6946684608AA5BE702A92A46084673
S31501025F40FFF79DFA044600283FF45FAF6EE602A909
S31501025F502A460846FFF7B1FA044600283FF45CAF29
S31501025F6064E66FF00D0461E66FF0030479E62DE94C
S31501025F70F04F16461F46002201238BB0B1428046DE
S31501025F800D46CDE90623CDE908230FD106A8FFF771
S31501025F9095F8044648B108A8FEF735FF06A8FEF7AC
S31501025FA032FF20460BB0BDE8F08F06AEBD4207D1E7
S31501025FB0294608A8FFF782F804460028EBD108AF64
S31501025FC0B6F80690B9F1000F40D1B7F806A0BAF1BA
S31501025FD0000F45D1012309EB0A0B594628460393C3
S31501025FE0FEF72FFF04460028D5D101462846FFF7C2
S31501025FF0AFF804460028CED132682B6804923A687B
S315010260000146059218464FEA8B02DFF77DDA83468F
S31501026010059A00EB8A0A141F09F10101DA4529D111
S31501026020039B002B33D00123AB8008A8FEF7EBFEBE
S3150102603006A8FEF7E8FED8F848406CBB2946284672
S3150102604008F104020BB0BDE8F04F20E4336803EB1C
S31501026050890353F8043C002BB7D109F1FF39B1E7A3
S315010260603B6803EB8A0353F8043C002B50D10AF137
S31501026070FF3AACE754F8043F58460093049A4B465C
S3150102608005910BF1040B08F052FC0599C6E7B3889A
S31501026090BA8813FB02F3C7E7B5F90430002B04DA19
S315010260A000212846FEF7EBFC80BB2846FEF71EFDC3
S315010260B0D8F83C30B0EB430F28D82846A04704460F
S315010260C000287FF46EAF08F10408B5F90430002BFD
S315010260D004DA00212846FEF7D2FC70B94146284669
S315010260E0FEF785FC0028FFF65CAF424629462846A4
S315010260F0FFF7C8F80028F1D006E0424629462846AD
S31501026100FFF7BDF90028E0D004464AE7024C48E70A
S31501026110B9FA89F35B095EE780B0FFFF2DE9F74320
S3150102612001F110060546894630460021FEF7A7FC15
S315010261300446A0B300230127314668462A1DCDE94C
S315010261400037FFF73AFD044630BB09F108086B46F2
S31501026150424641462846FFF70AFF0446E0B96B4626
S315010261606A4669462846FFF702FF0446A0B96B460E
S315010261704A4649462846FFF7FAFE044660B96B4687
S31501026180424641462846FFF7F2FE044620B9394601
S315010261903046FEF7DDFF04466846FEF734FE20462A
S315010261A003B0BDE8F0832DE9F84F1E4603F1080559
S315010261B0C36804468A469046002B40F0C08002F12D
S315010261C010031A462946FFF7D2FE002840F0EF8057
S315010261D006F110072B46424639462046FFF751F98A
S315010261E0002840F0E48006F118092B46424649464A
S315010261F02046FFF765F9002840F0D9804B463A461A
S3150102620029462046FFF7B3FE002840F0D08003223C
S3150102621029463046FFF796F9002840F0C8803146F4
S315010262202046FFF79FF8002840F0C18008F1080BCD
S3150102623006F110075B465A4639462046FFF797FE96
S31501026240002840F0B4803946204607F0DAFD0028DE
S3150102625040F0AD803B46424629462046FFF787FE7F
S31501026260002840F0A4802946204607F0CAFD0028EE
S3150102627040F09D8006F118093B463A4649462046BA
S31501026280FFF775FE002840F092804946204607F046
S31501026290B8FD002840F08B80334632463946204607
S315010262A0FFF765FE002840F082802B463A463946C2
S315010262B02046FFF705F9002879D12B463A46394699
S315010262C02046FFF7FDF8002871D13B462A462946AA
S315010262D02046FFF7F5F8002869D133462A462946B2
S315010262E02046FFF744FE002861D14B462A4629463D
S315010262F02046FFF7E5F8002859D15A464946204675
S3150102630008F11003FFF733FE002850D14946204613
S3150102631007F077FD00284AD139465046FEF7CEFEF0
S31501026320002844D129460AF10800FEF7C7FEF0BB50
S3150102633049460AF11000BDE8F84FFEF7BFBE134603
S315010263402946FFF714FE90BB032229463046FFF782
S31501026350F9F860BB31462046FFF704F838BB04F171
S315010263600C0701463846FEF78AFB00283FF45EAF6A
S3150102637008F110031A4629462046FFF7F8FDB0B97F
S3150102638006F110092B462A4649462046FFF7EFFD3C
S3150102639068B93B464A4629462046FFF7E8FD30B929
S315010263A02B46324631462046FFF76BF83BE7BDE8FE
S315010263B0F88F2DE9F14F9A461B6904460E4691461E
S315010263C00A9D002B00F0D38002F110070021384606
S315010263D0FEF755FB30B95146304601B0BDE8F04FE4
S315010263E0FEF7A1BE0AF1100800214046FEF747FB5F
S315010263F008B94946F0E701214046FEF740FB00286D
S3150102640040F0B5803B463A4629462046FFF7AFFDA6
S31501026410002840F0AD8005F108083B462A46414670
S315010264202046FFF7A4FD002840F0A28053462A46E3
S3150102643029462046FFF79BFD002840F099804246F7
S31501026440414620460AF10803FFF791FD002840F074
S315010264508F804B462A4629462046FFF731F8002807
S3150102646040F0868009F1080B5B46424641462046CA
S31501026470FFF726F800287BD100212846FEF7FFFA0E
S31501026480014688B94046FEF7FAFA38B92B464A461A
S315010264903146204601B0BDE8F04F84E6304601B0F0
S315010264A0BDE8F04FFEF768BE2B463A46204606F196
S315010264B01001FFF75CFD00285AD105F110072B46A2
S315010264C02A4639462046FFF752FD002850D105F1EA
S315010264D0180A2B463A4651462046FFF748FD002840
S315010264E046D14B463A4639462046FFF740FD00283B
S315010264F03ED139462846FEF7E1FDC8BB294620466C
S3150102650007F07FFCA0BB4346424631462046FFF7D1
S315010265102EFD68BB2B46324631462046FEF7D0FF9A
S3150102652030BB5346324631462046FEF7C9FFF8B91B
S3150102653033463A4639462046FEF7C2FFC0B94346BC
S315010265403A4639462046FFF712FD88B95B4652465E
S3150102655051462046FFF70BFD50B953463A462046AF
S3150102656006F1080101B0BDE8F04FFEF7A9BF0248E6
S3150102657001B0BDE8F08F00BF80B0FFFF2DE9F04307
S315010265800E460546012189B006F11000FEF777FA9B
S315010265900446002840F0DF802846FEF787FB0228E2
S315010265A080465DD13046FEF7A1FA2B6C07300733E0
S315010265B0C008B0EBD30F00F2CE8021463046FEF77B
S315010265C05EFA0028C0F2C7800123314604A804946A
S315010265D02F780593FEF772FD0446B0B904352946B4
S315010265E004A8FEF704FA002807DA012104A8FEF737
S315010265F046FA002810DC5A4C07E004A92A46084646
S31501026600FEF75BFF04460028E9D004A8FEF7FBFB70
S31501026610204609B0BDE8F083092F0BD1514904A8E0
S31501026620FEF7E5F90028E6D04F4904A8FEF7DFF99F
S315010266300028E0D0012302934FF0011304A9079326
S31501026640084602AB06AA0693FEF719FF044600287E
S31501026650DBD1294604A8FEF7CAF90028D5D1CAE733
S3150102666001287AD121463046FEF709FA002872DB63
S3150102667006F1080921464846FEF701FA00286ADBB7
S315010266802F1D39463046FEF7B2F9002863DA39463C
S315010266904846FEF7ACF900285DDA4B464A462846DB
S315010266A002A9CDE90248CDE90448FFF760FC044698
S315010266B000284CD133463246284604A9FFF757FC37
S315010266C00446002843D1EB68002B36D103230193FC
S315010266D04FF0011304A90793084601AB06AA0693D4
S315010266E0FEF7EBFE044690BBBDF91430002B04DA2B
S315010266F0002104A8FEF7C3F9C8B904AA3346114614
S315010267002846FFF734FC044608BB04AA114628466C
S3150102671005F11403FEF7B5FE0446C0B904A902A8A1
S31501026720FEF765F90E4B041E18BF1C460FE004A9BD
S315010267303A460846FEF7A3FED4E704AA11462846BE
S3150102674005F10C03FEF79DFE04460028D5D002A8EA
S31501026750FEF759FB59E7024C5AE7044C58E700BFCA
S3150102676080B3FFFF648D03016C8D030180B0FFFFCF
S3150102677038B590F844300446012B11D1C56B4DB1A1
S315010267802B7A012B02D1686804F056FA0C212846AD
S31501026790FEF72EFB2046BDE838404821FEF71EBB18
S315010267A0006C10B15C21FEF723FBE06B0028F1D0EF
S315010267B02368DA79034B02F07C0213445B6C9B6912
S315010267C09847E7E7308D03012DE9F04F43780D46EF
S315010267D0012B9046ABB040F0D3820023DFF8ECB236
S315010267E009934FF480725B46406809A903F0F0FAF7
S315010267F0064640B1099802F031FF30462BB0BDE89A
S31501026800F04FFBF7F8BBDDF82490A94BD9F80460E9
S31501026810D9E908A2360A9E4211D009D8EEB1012E53
S3150102682000F09982484602F019FF6FF08606E4E706
S31501026830A04B9E4200F08F8201339E42F2D108ABF9
S3150102684004931023CDE9028300235146009348465F
S3150102685001950CAB07F0EEFE8AE2102308AFCDE9F3
S31501026860028351464846CDE9006504970CAB07926F
S3150102687007F0E0FE10F1860F0446079A40F079828E
S3150102688010235146CDE902834846CDE900650497B6
S315010268900CAB0AF021F910F1860F044640F0698229
S315010268A05022314616A8DEF72FDEB9F800305846D7
S315010268B00793CDF858B0079910AB0BAAB9F8029015
S315010268C08DF8406007F055F840B97B499DF84000C4
S315010268D09DF82CC0A1F1540B4F685FB9169B03F0CA
S315010268E0FE43B3F1806F00F03282099802F0B6FEE0
S315010268F0264682E7FA7902F07C025A44526C1278F1
S31501026900824209D17A7902F00F0EB9EB8E1F03D1B9
S31501026910BCEB121F00F041820831DDE79047279058
S31501026920002840F04882654801F0ECFF169B0446B8
S315010269300028D3D103F0FF43B3F1906F09D0219B15
S315010269409DF85D201033B3FBF2F35343102B00F293
S31501026950E081189A002A7CD1594801F0D3FF0A9F97
S315010269600446102F00F2F0810028B7D1B8F1000FCA
S3150102697000D0B844219A10AD002A00F03481169B4A
S31501026980504923F480638B4240F02D811021284621
S31501026990FEF724FA6FF08604A0E7263B27E24FF4BE
S315010269A01053ADF840304FF440730BA80B93F7F731
S315010269B07FFE0B9B51461293234653F8042B10A8D4
S315010269C0139209F10702D20805F02EFB10F1860F88
S315010269D000F0108220B18D30A5D06FF06F00A3E7D1
S315010269E001232372CDF864908DF86830079B00204D
S315010269F003F4E043B3F5005F09BF079B0023C3F32A
S31501026A000227012304BFBB40DBB28DF85D308DF84E
S31501026A105C0089E7FA7902F00302012A07D87A793A
S31501026A2002F00F02B9EB821F01D025487CE7012251
S31501026A30CDF864908DF86820FB794A4603F07C0311
S31501026A405B445B6C5146DB68279898470028CDD09A
S31501026A506AE79DF8A430012B01D11B487DE700238B
S31501026A6017790A9317F01F0700F0B980537903F0DB
S31501026A70F003102B10D1102F40F0B380D3799DF97A
S31501026A80681003F07C035B445B6C2A465C682798BA
S31501026A9043460A97A04760E7902B19D110220AAB09
S31501026AA00193294643462798009200F09BFA54E740
S31501026AB00100800002008000848D0301809EFFFF99
S31501026AC0009FFFFF00404004809FFFFF00444004F7
S31501026AD045450AD1219A002A7FF43EAF1022B2FB24
S31501026AE0F7F27A43102A7FF437AF202BB5D19DF9FD
S31501026AF06830219CA3B91B9A3B1BA2B10F2B14D957
S31501026B0016AB1C341C4405F1100355F8042B9D42A7
S31501026B1044F8042BF9D1219B1033219300201CE761
S31501026B20012B02D13B1B102BE9E7002C54D016ABEB
S31501026B30A7EB040904F11C004A46294618440FF042
S31501026B4009FD189B1DAADB79009203F07C035B44C5
S31501026B505B6CCDF80480D3F808A03A469DF968101B
S31501026B60279822ABD04700287FF4F7AE1034E41BF6
S31501026B700A972190D2D008EB070A4D44B4FBF7F2EB
S31501026B8007FB124232B99DF968301BB91B9B002BD8
S31501026B9018BF3A46A41A29191DA807920FF0DAFC62
S31501026BA0219B079A0A9F13442193002CB6D0189B66
S31501026BB02246DB79CDE9005A03F07C035B445B6C28
S31501026BC09DF968109D68279822ABA84700287FF493
S31501026BD0C4AE3C440A94C0E6C2461024CEE78648B7
S31501026BE0BBE68648B9E61898F0B9854801F08AFEEF
S31501026BF00446002840F095800B9A002A40F08180D5
S31501026C0010212846FEF7EAF80B9B3B440893169B94
S31501026C1003F0FE43B3F1806F00F08880099802F019
S31501026C201DFD6FF08806E8E59DF8A430012B01D120
S31501026C307448DBE700230B93417901F0F003202B23
S31501026C4008D11C9B002BD0D083794C3B012B18D841
S31501026C500020CBE701F0B004302CF9D001F0E001BD
S31501026C604029F5D0602BF3D0902BF1D0A02BEFD099
S31501026C7081794C390129EBD9102BD9D1002AE7D0D8
S31501026C8037E09DF96830012B2BD11B9B002BF5D0E8
S31501026C90269911B90179490989001DA89847189BB6
S31501026CA01DA91A79DB79009103F07C035B445B6CC5
S31501026CB001959C689DF96810279822AB02F01F0284
S31501026CC0A047002892D19DF96820189B9AB91C9C6D
S31501026CD013B11E7906F01F06314628460BAAA047B4
S31501026CE084E7037903F01F039A42D8D01B9B002B3A
S31501026CF0C4D042487AE713B11E7906F01F060B96F5
S31501026D00A6E7C7F11003934206D210212846FEF7E1
S31501026D1065F86FF08904E1E5294640460FF01AFC51
S31501026D206EE710212846FEF759F8D7E518A8FFF7AE
S31501026D301FFD099802F092FC0646002E7FF45DAD16
S31501026D4030462BB0BDE8F08F6FF09604C6E518A861
S31501026D50FFF70EFDC9E508AB04931023CDE90283C3
S31501026D60002351460093484601950CAB09F0B4FE47
S31501026D700446099802F072FC0646002CDDD0B7E5FE
S31501026D800178012907D113462A4608302BB0BDE8FE
S31501026D90F04F03F0E5BE184ED2E74822002118A8AB
S31501026DA0DEF7B2DBFA7902F07C025A44526C52697E
S31501026DB0002A7FF4B3AD9DF8A4201897012A7FF427
S31501026DC029AE1822002110A8279CDEF79DDB19F0B7
S31501026DD0070F7FF42AAE227A002A7FF426AEBB7908
S31501026DE0102B3FF6DAAD0D2B3FF6D9AD023B052B43
S31501026DF07FF6D5AD034897E5809CFFFF809DFFFF97
S31501026E00009FFFFF809FFFFF2DE9F0439846002375
S31501026E1085B005460C46174600F110016A46383020
S31501026E20CDE90033CDE90233DDF83090FFF7CCFC32
S31501026E30064658B16B6E43F010036B666846102125
S31501026E40FDF7CCFF304605B0BDE8F0830DEB04013A
S31501026E500446221D974209D2A742EFD918F80430F7
S31501026E600A5D534009F804300134F5E758F8043055
S31501026E700859434049F804301446EAE7F7B5436E28
S31501026E801746DA0604460E4636D4426A0AB11B078B
S31501026E902AD5236A2BBB00221046216BD3B2994213
S31501026EA002F1010223D82346102200212046009432
S31501026EB0FFF7AAFF054688B926B13A46214630466A
S31501026EC00FF048FB00261022314620466666DEF7A1
S31501026ED01BDB10223146A018DEF716DB284603B06B
S31501026EE0F0BDE26A9342D6D06FF00C05F6E7C3F124
S31501026EF00F0323441874D1E76FF06D05EEE738B539
S31501026F00416E044601F00303032B06D1826A32B9AC
S31501026F10436B023B012B1CD80262002038BD056B74
S31501026F202378681E0343606A023A003818BF0120BB
S31501026F3043EA80130020520843EAC2032370236AFC
S31501026F40C2B2954200F1010006D853B141F01001D7
S31501026F5061666FF00C00E1E7C2F10F02A3541B0A4E
S31501026F60EEE72246214604F13800FFF72DFC002800
S31501026F70D4D0636E43F010036366CFE72DE9F04187
S31501026F801D46073B062B0446164627D8A04600F1A6
S31501026F901103C5F10F07416307630F22184600214A
S31501026FA0013FDEF7B1DA2A46314608F8107F0FF0C3
S31501026FB0D1FA681C226B00214044DEF7A5DA0123CF
S31501026FC02A46E377E01831460FF0C4FA636E20468B
S31501026FD043F001036366BDE8F04190E76FF00C00F0
S31501026FE0BDE8F0812DE9F04F9B46436E0446DB0670
S31501026FF08A46164689B000F1C680836A2BB1C36AF6
S315010270001344026A934200F2BE80129B9E4200F230
S31501027010BA80139B04AF1E6004F1380303930EB9C1
S3150102702033468AE0E36A03F00F08C8F11005B54258
S3150102703028BF35462B44E362636B23F00203012B1F
S3150102704041D0636B33F0020929D153462A464146A0
S3150102705020460097FFF7D8FE034600286DD1384631
S3150102706004EB0803A3F1040C09F1040295426FD261
S315010270704B444D4576D82A46394658460FF06AFAA8
S3150102708008EB0503102B03D0E26A236A9A4276D1F2
S31501027090224621460398FFF797FB034660BBA844A5
S315010270A0B8F1100F67D10021206BCBB2984266D995
S315010270B0C3F10F0323441A7C01310132D2B21A748D
S315010270C0002AF2D05BE0002304EB0801181D854279
S315010270D001EB030215D29D421CD808EB0503102BC6
S315010270E003D0E26A236A9A421CD1224621460398B8
S315010270F0FFF76AFB0346A8B1626E42F010026266AE
S315010271001BE05AF8032051F803C082EA0C02CA5066
S315010271100346DBE71AF8030011780133414002F80E
S31501027120011BD8E753462A4641462046CDF800B010
S31501027130FFF76AFE0346002883D010210DEB0100FA
S315010271400393FDF74BFE039B184609B0BDE8F08F8A
S315010271505CF8021050F804EB914681EA0E014CF8F4
S31501027160021081E71A7817F8091009F101094A4054
S3150102717003F8012B7DE7E26A236A9A4293D0761BD2
S31501027180AA44AB444BE76FF00C03DDE710B50446A6
S3150102719030B13830FDF706FD68212046FDF71EFEA7
S315010271A02046BDE81040FBF795BF70B5044658B3BB
S315010271B0436C012B11D00C30FDF725FE04F11400AE
S315010271C0FDF721FE04F11C00FDF738FE04F134003F
S315010271D0FDF719FE201DFDF716FEA36D8BB920469C
S315010271E0BDE870406021FDF7F9BD06FB0500FDF71C
S315010271F025FE0135D4E91603AB42F6D8FBF76AFF41
S31501027200EDE700251826F5E770BD10B5044658B11D
S31501027210FFF7CBFF04F16000FDF7F5FD04F168000D
S31501027220BDE81040FDF70ABE10BDF0B504460E4694
S3150102723085B0FFF7BAFF2046FDF74AFD032E2670F9
S3150102724005D0092E30D00023414D237029E0414B50
S31501027250414AA364414BA260A261A2632262A26275
S3150102726003F1800262624FF0011203F120016161B2
S3150102727003F140016360616303F16001A033E362DC
S31501027280E1612263201DFDF731FCE06304F1340064
S31501027290FDF72CFC012363640023C4E91633206441
S315010272A00025284605B0F0BD2D4B2E49A36404F1F5
S315010272B00C00FDF74DFF0546002844D1271D01218B
S315010272C03846FDF745FF054600283CD1FF213846E1
S315010272D0FDF78CFF0546B0BB132301934FF0011353
S315010272E039460393384601AB02AA0293FEF7E5F843
S315010272F0054640BB3846FDF7F9FB04F13407E06366
S31501027300102238461849FDF7ABFE0546D8B90122C7
S31501027310FC213846FDF743FF0546A0B9314604F183
S315010273201C00FDF715FF054668B9012104F12C0081
S31501027330FDF70EFF054630B904F12400FDF763FDA2
S31501027340FE232364ACE72046FFF72FFFA9E700BF20
S3150102735080B1FFFFA555020101000800048E030159
S315010273600F23020142DB0100A88E03012DE9F0473A
S31501027370467804460D46174691F8008016BB4FF033
S31501027380010900F1040A067080F8029080F8018072
S315010273905046FDF79DFC04F16C00C4E91969FDF73D
S315010273A08EFC04F18400FDF78AFC41465046C4E98D
S315010273B02769FFF73AFF00BBA378012B05D01048D6
S315010273C0BDE8F0874645F7D0F9E7012F05F16801D7
S315010273D005D104F18400BDE8F047FDF7A4BE04F12E
S315010273E06C00FDF7A0FE0028EAD105F1600104F167
S315010273F06400BDE8F047FDF761BE0248E0E700BF61
S3150102740080B0FFFF80B1FFFF70B5464CA8B094F87B
S315010274101452002D40F083804FF000720323102690
S31501027420CDE91023F6231C22294617A81293CDE98A
S315010274301355CDE90E661595DEF766D804231EA807
S3150102744019931696DDF72CDC2B46012216A90EA8F6
S3150102745003F011F800284DD14FF083732090CDE946
S315010274601E3026900BA90EA803F05EF8002841D122
S315010274700B991EA8DDF71EDC01A916A803F054F824
S31501027480002837D1019A1EA8D10822F44F6323F0AE
S315010274900F0301F4E0411943C2F385431943920CE8
S315010274A002F4407221F440711143C1F314010191B6
S315010274B0DDF700DC05A90EA803F04CF9D0B905A940
S315010274C01EA803F083F908A90EA803F059F988B991
S315010274D008A91EA803F07AF902A916A803F03AF937
S315010274E040B902A91EA803F071F90BA916A803F067
S315010274F047F910B1732028B070BD1EA80BA9DDF79C
S3150102750003DC1EA8DDF73ADC0028F3D10123C4E926
S315010275108630C4F8200284F82C0284F81432002042
S31501027520E9E700BF0078002030B50D4604468BB06E
S315010275306846DDF7B5DB2A462146684603F046FE74
S31501027540002818BF74200BB030BDEDE7F0B50E462A
S3150102755005468BB097006846DDF7A2DB3B4632460D
S315010275602946684603F0A2FE044638B93A46314630
S3150102757028460FF06BF8002818BF3D2420460BB0B1
S31501027580F0BD10B58AB004466846DDF789DB0023F3
S315010275900F4A21466846CDE9002302930893DDF797
S315010275A089DB68460121DDF785DB6846DDF7E6DB27
S315010275B028B9084B23F003032344A34201D10AB09D
S315010275C010BD54F8042B0132F7D03E20F7E700BF75
S315010275D0000062FF001000002DE9F04790B09DF80F
S315010275E06CC00446DDE91889BCF1010F0D46164649
S315010275F01F46DDF868A01DD1CDE9019ACDF80080BC
S31501027600FAF78AFCB0B906A8DDF74ADB042342463B
S31501027610CDE90393CDE9016723460749CDF814A0C5
S31501027620009506A806F06AF8002818BF722010B065
S31501027630BDE8F0872120FAE7307A00202DE9F047EC
S3150102764090B09DF86CC00446DDE91889BCF1010FC2
S315010276500D4616461F46DDF868A01DD1CDE9019AF1
S31501027660CDF80080FAF758FCB0B906A8DDF718DBA9
S3150102767004234246CDE90393CDE90167234607492F
S31501027680CDF814A0009506A806F010FC002818BF34
S31501027690472010B0BDE8F0872120FAE7307A0020B2
S315010276A0F0B50E46174605468BB06846DDF7F8DAA1
S315010276B03B4632462946684603F0F8FD044638B988
S315010276C03A46314628460EF0C1FF002818BF3C242F
S315010276D020460BB0F0BD70B505461C4E8AB00C466D
S315010276E0282200216846DDF70FDFB5FBF6F306FB1C
S315010276F013533BB1B4FBF6F306FB134313B13E201E
S315010277000AB070BD6846DDF7CBDAB4421BD300235B
S315010277100F4A29466846CDE9002302930893DDF70D
S31501027720C9DA6846B4FBF6F1DDF7C4DA6846DDF775
S3150102773025DB0028E4D103465A590132DFD104334D
S315010277409C42F9D8DCE72120DAE700BF00100000ED
S31501027750000062FF30B58DB005460C4602F0FCFB17
S31501027760A8B902A8DDF79CDA694601AA02A803F0C4
S31501027770CDFD40B9009B9D4207D3019A2C44134487
S315010277809C4288BF6E200DB030BD6E20FBE71020F3
S31501027790F9E708B502F0E0FB102258B9064B0321BE
S315010277A0C3E98C224FF00072C3E98E21F622C3F897
S315010277B0402208BD1046FCE70078002030B58DB0A6
S315010277C004460D4602F0C8FBB8B902A8DDF768DA2D
S315010277D0694601AA02A803F099FD50B9009B9C4291
S315010277E009D3019A2C4413449C4288BF21200DB02F
S315010277F030BD0220FBE72120F9E71120F7E730B47B
S315010278000446EFF3108072B6256885EA02030B403F
S315010278106B40236030BCD9F7BA9C2DE9F047DFF8FB
S31501027820E890344C99F8005007460C2D266B02D18C
S315010278300E20BDE8F0870020D9F7ACDB0028F8D18D
S315010278404FF48033DFF8C480C8F83030A36D03F0FB
S315010278500303032BFAD14FF08073274AC8F830305D
S31501027860A36D32EA0303FBD199F80090B9F10C0F2B
S31501027870DED00020D9F78EDB0028DAD1FF2F36D8E9
S31501027880EFF3118A302383F3118845F60E03A26DB5
S31501027890C4F88030A36907EB072723F0FF7323F4AB
S315010278A0FF3343EA4723002AA361B8BF134B484675
S315010278B0B8BFC4F88030D9F76DDB8AF31188BFF3FC
S315010278C06F8F0028B5D10123C8F85430094B9A6D40
S315010278D09107FCD49A6D9207FCD5324608480949AC
S315010278E0FFF78DFF2846BDE8F047D9F7539B2120C4
S315010278F09FE700BF0040104003000100F1A7FFFF10
S31501027900304010400000010154F7002000501040A1
S31501027910F8B5224B0546D3F810334B1E0E2B0F46F4
S31501027920164631D9002934D00022012130246B7840
S3150102793028789940194B04FB00333EB303F5825371
S3150102794019600F216C782B78072C03EB430388BF50
S31501027950083C4FEA0313124895BFA400A40004335E
S315010279600C33A240A1401844FFF749FF5FB9012237
S3150102797030206B7829789A40084B00FB013356B1C7
S3150102798003F582531A60F8BD0A46CEE703F50153A1
S31501027990D6E70A46D5E703F50153F3E700C083406C
S315010279A030C08340F8B504460F46EFF3108572B630
S315010279B04288818803888A420FD21344B3FBF1F0CD
S315010279C001FB1033013204EB8303DF60628001267F
S315010279D02846D9F7DCDB3046F8BD82685AB92388D6
S315010279E004EB8302D760A2880133B3FBF2F102FBF7
S315010279F011332380EBE700EB8303D96890470646F0
S31501027A000028ECD1E4E780B596B0EFF3118230237A
S31501027A1083F31188164D95F852326BBB012185F815
S31501027A20521282F31188BFF36F8FEFF3108072B691
S31501027A3005F580610C460F4A9768FE580433B3F583
S31501027A40D47F44F8046BF8D172B693689160BFF3A0
S31501027A504F8F62B6D9F79BDB6FF0040210460132F3
S31501027A60052152B2FBF70CFB5A2AF7D108E000BFF7
S31501027A700078002000ED00E082F31188BFF36F8FDA
S31501027A80BC4CBD48236FBD4E23F0070343F00103EF
S31501027A902367D9F77BDABA48DDF702D9B949081D56
S31501027AA0DDF73CD90020D9F775DAB748D9F76EDA8E
S31501027AB0236F45F60E03B54A4FF48031C2F8803082
S31501027AC04FF080733363B24B1963936DDC03FCD4BD
S31501027AD0936D13F08043F8D1ADF8303095F8A8359F
S31501027AE043B9AC490CA804F029FD18B9BDF83040D8
S31501027AF0FF2C00D9E1244FF03C62A749A74804EBC9
S31501027B000424FFF77CFE62026FF07E41A44842F034
S31501027B103C02FFF774FE00220721A248FFF76FFE1F
S31501027B204FF48033994AA0493363936D31EA0303D3
S31501027B30FBD1136923F4700343F4401313614FF02D
S31501027B4000434FF48032B361914B1A634FF0807256
S31501027B501A63964B964A1A60864B1B6F03F007030C
S31501027B60032B01D1D8F7F4DA40F20123EA6B9A42E8
S31501027B700DD900228F4B9A710A225A706FF0670251
S31501027B809A700622DA7001225A7104221A710B20A6
S31501027B90D9F700DA884B8948D3F81041D9F7F6D9D3
S31501027BA08748D9F7F3D9874B85485B68D9F7A4DAB1
S31501027BB0854BDA6812F0060FFBD1844A9C60844B2E
S31501027BC084481A60D9F7E2D948F2A6124FF08143E6
S31501027BD002215A62804A5160012102F580525160A6
S31501027BE09C6914F48074FBD15A687C4911407C4A21
S31501027BF00A435A600122784B4FF081415A6040F2A2
S31501027C0003128B6932EA0303FBD1764B764A1A6079
S31501027C10584B1B6F03F00703052B01D1D8F798DAEE
S31501027C200222724B0CA85A6001225A600023089361
S31501027C30DDF736D840B93022112108AB0DEB02002F
S31501027C4004F02AFC00B9089C6948D9F79FD9694B07
S31501027C5024F4C0049C606848D9F798D90222674B7C
S31501027C6067495A60012203F580535A608A68D00334
S31501027C70FCD401225A6202223E4C5A60236F23F03F
S31501027C80070343F005032367236F23F4744343F485
S31501027C9080632367D8F75CDA5A4BD3F8FC20D1010B
S31501027CA040F12983D3F8FC2022F08072C3F8FC202C
S31501027CB0D4F8802022F0030242F00102C4F88020A7
S31501027CC0D4F88020C4F88020BFF36F8FD3F8FC204C
S31501027CD042F08072C3F8FC20264B4B48D3F8202190
S31501027CE022F0070242F00202C3F82021D3F828212A
S31501027CF022F0070242F00202C3F82821D3F8A82291
S31501027D0022F0070242F00202C3F8A822D3F8402168
S31501027D1022F0030242F00102C3F84021D3F86021A6
S31501027D2022F0030242F00102C3F86021D3F8802156
S31501027D3022F0030242F00102C3F88021D3F8B022F5
S31501027D4022F4E06242F48072C3F8B022D3F8B02280
S31501027D5022F03F0242F00902C3F8B022D3F84022D0
S31501027D6022F0030242F00102C3F84022D3F80022B4
S31501027D704CE000BF00408040B88E03010050104025
S31501027D80407800203C780020BC8E03010040104060
S31501027D9000601040001102C00070F70F1040104041
S31501027DA0184010402040104003000100D0E400209A
S31501027DB000F0490254F700200080E00FC08E030153
S31501027DC0C48E030100C081400000814080D5430278
S31501027DD0CCE40020C88E030100108040CBE000FCF9
S31501027DE00415C001D4E4002080D1F00800208040AF
S31501027DF0CC8E030100001040D08E03010050824058
S31501027E000040824000ED00E0D48E030122F0070219
S31501027E1042F00102C3F80022D3F8702222F00302D3
S31501027E2042F00102C3F87022D3F8202222F007029F
S31501027E3042F00102C3F82022D3F8AC2222F0070253
S31501027E4042F00102C3F8AC22D9F7A0D8CE4A536A4E
S31501027E5023F0010353624FF0E022136943F0040356
S31501027E601361EFF31187302383F3118895F8A9453E
S31501027E70002C3ED1C548C5F88C41C5F88841C5F8E4
S31501027E808441D9F783D8BFF34F8F4FF02340FAF7D6
S31501027E9077F84368012B00F03B82C460D9F763D9B6
S31501027EA04FF023480F2000260124B94BDFF8349303
S31501027EB0C8F8586058651865FAF762F8C9F80440B7
S31501027EC0C8F81040D9F746D94FF40042B14BC8F869
S31501027ED01860C3F88021FBF7E7F81320C9F854406C
S31501027EE00CA9D9F727D80C9AAB4B1A60002A40F095
S31501027EF01D8287F31188BFF36F8FDEF73FD838B93A
S31501027F00DEF716D8012803D1A44B1A6802B9186004
S31501027F1000274FF05008A24E0CAAB6F86E10CDE912
S31501027F200C7708460E96CDF83C80DEF735D9A6F5D4
S31501027F30A074C4F89C01002800F0A78006F17C0019
S31501027F4006F0AFFDB4F8AC31B4F8AE11D4F8BC21E9
S31501027F5001EB430101393420FCF7E6F906F1800011
S31501027F6006F09FFDB4F8AC31B4F8AE11D4F8C021D5
S31501027F7001EB430101390720FCF7D6F906F184002A
S31501027F8006F08FFDB4F8AC11D4F8C42149080131C9
S31501027F900120FCF7C9F906F1880006F082FDD4F842
S31501027FA0A801D4F8C821113080B2B4F8AC1104305A
S31501027FB0FCF7BAF906F18C0006F073FDB4F8AC11C0
S31501027FC0D4F8CC2101390C20FCF7AEF906F1900068
S31501027FD006F067FD0521D4F8D0219420FCF7A4F917
S31501027FE006F1940006F05DFDD4F8D421B4F8AE1181
S31501027FF00820FCF799F9202239460DA8C4F8B47174
S31501028000A4F8B871DDF780DA664B4FF480520C930F
S31501028010A4F618730E9358230F93A6F58053109363
S315010280202323CDE91123604B04A80493012305936D
S31501028030A4F6B873CDE90638A4F66873CDE90877D4
S31501028040CDE90A38DEF71DD8C4F89801E8B1B4F8CB
S31501028050AE01B4F8AC313946184408AAFF30DEF74E
S315010280609BD8C4F8940160B150480CAAA6F58A516E
S31501028070DDF799DFC4F8900138B9D4F89401DEF737
S31501028080E4D8D4F89801DEF76FDD4FF49050FBF790
S3150102809017F80446C5F8B0055820FBF711F8444B0A
S315010280A00027C5F8B4354FF49053C5F8C83558239F
S315010280B0C5F8C0351823C5F8C4453E4C39463E4A73
S315010280C0C5F8BC050120C5F8CC352772C5F8B875C7
S315010280D0DEF762D83946394A60603948DDF763DF2F
S315010280E0384E20604FF0FF300CAC0EF0E3FB0FCEA2
S315010280F00FC40FCE0FC43368394623600CAA324827
S31501028100DDF751DF2860DDF739DF0446002840F04C
S31501028110F180DDF70DDF012840F0EC801F4B1A6874
S31501028120012A40F0E780022228491A600CAA11F8B6
S31501028130013B02F8013B002BF9D1254E254806F1F8
S315010281405802CDE900320296A0220CA9DDF714DD10
S31501028150002800F0CD80204FDDF708DCD7F800803B
S31501028160B8F1000F5DD106F5367A06F53B79504630
S31501028170DDF79EDB4846DDF79BDB184BC3F800A013
S31501028180174BC3F800902FE000408740B88E0301D9
S31501028190002000A300E100E030880020D0940020F6
S315010281A058F60020088C0301118C030121F8010104
S315010281B0298C030140880020D88E0301B47D00205A
S315010281C0C5C70101E88E0301D1220201328C0301E6
S315010281D0D87D0020D95D8000BC95002064910020E5
S315010281E060910020001000A350230893089B089B6E
S315010281F0012385F81E3906F55473C5F8D8380A23C2
S31501028200C5F81439102306F540763046C5F81839F3
S31501028210DEF780DB30464F4985F824893E60DDF77B
S315010282203BDCDDF7B9DB3B68002B61D04A4BA02270
S31501028230029358330193282348490093484800235F
S31501028240DDF79ADC002853D0DDF784DB4FF0FF32ED
S31501028250444B1A600122444B1A600023434A1360BD
S315010282600C934FF07F424FF0E023C3F81C2DD3F855
S315010282701C3D1B0E8DF810309DF810309DF8103004
S315010282809DF8103013F0800F0C9B5AD1082B18BFA2
S315010282900C9C374B18BFC4F10704240204F4E064B2
S315010282A0C3F8A04C4FF0E023D3F8202D002142F46D
S315010282B07F02C3F8202DD3F8202D4FF47A7042F0B5
S315010282C07F42C3F8202D0422C3F81C1D1A61294AD4
S315010282D099611268B2FBF0F2013A5A6107221A61F8
S315010282E0254B1960DDF726DBDDF7DEDDF6F714FB3C
S315010282F0224B9B69FEE7D4F8803023F0030343F057
S315010283000103C4F88030D4F88030C4F88030E3E445
S315010283104168012902D0F9F733FEBEE54368D8F771
S3150102832019DF02230361164B5960F4E7334640F223
S31501028330E7311448DCF758DF134B85F8A945186075
S31501028340D7E501330C939DF810305B00DBB28DF853
S31501028350103095E7378C0301C88100203C8C03015C
S31501028360F1658000DC8C002074940020E48C0020EE
S3150102837000780020D8E40020DCE4002054F7002035
S31501028380002000A318FCFFFFA8840020F8B50D4EBB
S315010283900D4C0E4D33680E48984767782B680C488A
S315010283A0984733680B489847022F08D12478E31F70
S315010283B05C425C412B68074898472046F8BD002479
S315010283C0F8E700BF5CF70020087A002060F700207A
S315010283D070B60020A47900208A422FD001F0FE4314
S315010283E0B3F1A06F15D102F0FE43B3F1A06F27D10D
S315010283F082EA010333F47E1322D111F4004020D024
S31501028400C1F30541C2F3054291428CBF002001200E
S315010284107047B3F1106F13D121F01F6020F4702061
S3150102842070B902F0FE43B3F1106F0AD1054810404C
S3150102843040F01060431A5842584170470120704774
S31501028440002070470000FFF6037E022B06D1C369A6
S315010284505A1C03D00133C361002070476FF09600A6
S31501028460704738B5064C074B20461B689847064BA2
S31501028470204693F82C56054B1B689847284638BD6B
S31501028480A47900205CF7002070B6002060F7002076
S315010284906FF01B00704710F1860F12D010F1850F95
S315010284A00ADA10F1950F0FD010F1930F0CBF6FF08E
S315010284B06F004FF0FF307047003818BF012040426D
S315010284C070476FF0710070470048704700B2FFFFB6
S315010284D000F01F03A0F50620A0F55060812810B513
S315010284E024D80121134A400902EB80049940D4F8A9
S315010284F030360B43C4F83036D2F84416D2F8483631
S315010285000B44D2F84C160B44D2F850160B44D2F84F
S3150102851054165B1809D1C2F83036C2F83436C2F89D
S315010285203836C2F83C36C2F8403610BD4FF0FF303D
S31501028530FBE700BF70B6002020F0FF03B3F5824FC0
S3150102854006D14138C0B2012894BF002001207047EC
S315010285500020704710B50024436814601B0A012BE2
S315010285600DD0094CA34208D05BB90088FFF7E4FF9E
S3150102857000B101310020116010BD0121FAE72C3151
S31501028580F8E76FF08500F7E70100800070B54568EE
S31501028590049C2D0A012D1ED0194EB54206D01DBBD3
S315010285A09A422AD3C4E90412002070BD2AB30022DA
S315010285B062740188B1F5885F04D0B1F5105F16D1F6
S315010285C0A274F1E7B3F5007F02D0B3F5806F11D142
S315010285D00123A374E8E703F12C0090420DD8103170
S315010285E01C3321616361DFE76FF08B00DDE76FF01A
S315010285F08600DAE76FF08500D7E76FF08C00D4E7E3
S315010286000100800010B50446B9B101230D4A52F8A2
S315010286103300814213D00133202BF8D10123094AB9
S31501028620916819B9107B08B9237410BD0133202B47
S3150102863002F10802F4D11C20F7E72120F5E72E20EA
S31501028640F3E700BFC8BC0020704710F1860F12D0B5
S3150102865010F1850F0ADA10F1930F0FD010F1870F7F
S315010286600CBF6FF073004FF0FF307047003818BF30
S315010286700120404270476FF0710070476FF06F0042
S31501028680704710B5036804463BB1074A934207D1C6
S31501028690D82200210430DCF737DF0020206010BD2C
S315010286A06FF08800FBE700BF09000002F8B5134628
S315010286B042880D460732072A4FEAD20101D0A94262
S315010286C012D1D0E901670488202218460021DCF77D
S315010286D01BDF360A012E03460CD0494A964206D0C2
S315010286E0002E40F08A80EDB96FF08600F8BD0422B3
S315010286F0C260F8E7C660002DF6D041F2010294424B
S3150102870002D0B4F5885F1AD1B8075D6007F001029D
S315010287101FD4002A6CD062040FD49A6842F4807284
S315010287209A600AE041F20102944205D0B4F5885FEB
S3150102873002D0B4F5905F18D15D600020D6E7B4F59A
S31501028740905F12D14560B90707F001024CD5012E9F
S3150102875021D104F480441AB99A6842F080729A606F
S31501028760002CEAD1002FE8DAD7E7B4F5105F0DD174
S31501028770182D03D0202D01D0102DB5D1C3E90055F6
S31501028780002EDAD01E4A9642DDD1D6E704F44F42D4
S31501028790B2F5824F02D06FF08500A7E7E2B2122A44
S315010287A003D1202DF7D1174A04E0412AF3D1202D16
S315010287B0F1D1154A1A6024F0FF02B2F5E24F0CD04C
S315010287C0B2F5824F90D14FF4005217F4705F09D07F
S315010287D017F4864F04D09A60DDE74FF48042F4E73E
S315010287E042F480629A60CBE712B1012EA5D192E7DB
S315010287F09A6842F080729A60F7E76FF08B0075E72C
S315010288000100800020000080200000B0F0B50B4678
S31501028810C168044601298DB035D12B2A39D913F005
S3150102882003071A460DD001AD03F1280C2E46106836
S315010288305168083203C662453546F7D1106801AA66
S3150102884030600121118000215180216851606168E7
S315010288509160A168D1609FB101AA15460BAE14467B
S3150102886003CCB44218605960224603F10803F6D1DB
S315010288702068186000231A46EA5401332C2BFBD1D7
S3150102888000200DB0F0BD0429FAD112B1027C1A7092
S31501028890F6E76FF08900F4E708B538B1DCF727DBB4
S315010288A0002814BF6FF01D00002008BD6FF01B00E9
S315010288B0FBE710B5044650B150238065C3651844E1
S315010288C0DDF7DFDB2066B0FA80F0400910BD01203A
S315010288D0FCE7EEE710B1006EDEF74699704700F14C
S315010288E0100310B500218360502304460246C0E9F5
S315010288F00011C3600120DDF74FDC2066B0FA80F07B
S31501028900400910BD434213F07F031CD05F2BC3F114
S31501028910000000F3B48010F10E0F31DA10F13B0FB3
S31501028920C0F2DB8010F1100F00F0F28010F10F0F90
S3150102893000F0898010F1210F1FD010F1200F67D0AE
S3150102894010F1220FBBE010F56E5F00F0D88000F344
S31501028950938010F59C4F76D05DDC10F5C44F00F084
S31501028960C58031DC10F5C74F00F0C3803FDB10F53F
S31501028970C64F68D010F5C54F39D16FF086007047E2
S31501028980012300F10E02934040F217521342F4D131
S3150102899000283FD010F1080F08BF6FF0890018BFF9
S315010289A06FF083007047012300F16C02934041F29C
S315010289B050521342E1D1DB0700F1A78010F16A0F91
S315010289C008BF6FF08C00EAE710F5A24FD5D011DC93
S315010289D010F5C14F1CD006DC10F5C34F00F098808C
S315010289E010F5C24FC8E710F5A34F00F091806FF062
S315010289F08300704710F59E4F00F0878005DC10F565
S31501028A00A14F05D010F59F4FB6E710F59D4FEED158
S31501028A106FF08500704710F5785F6DD01EDC10F59A
S31501028A20994FAAD008DC10F59B4F71D010F59A4FD9
S31501028A30DDD16FF09300704710F57E5F68D005DCDB
S31501028A4010F5984FD3D16FF09400704720F0800053
S31501028A5010F57C5F08BF6FF08600A0E710F5705F26
S31501028A604DD0C4DC10F5725FD2D0C0DC10F5765F52
S31501028A7083D010F5745F7FE710F15F0F29DA10F1E9
S31501028A806C0F90DA10F1700F3CD010F16F0F1ADAF9
S31501028A9010F5645FD7D00DDC10F5685FB8D006DC3F
S31501028AA010F56C5F3FF469AF10F56A5FAFE710F539
S31501028AB0665FACE710F5625F27D010F1720F08BF4F
S31501028AC06FF085006BE710F16E0F08BF6FF096002D
S31501028AD065E700287FF71FAF89E710F13D0FA8DA96
S31501028AE010F1400F08BF6FF0930058E76FF0950041
S31501028AF070476FF0960070476FF0910070476FF004
S31501028B00840070476FF0920070476FF089007047DA
S31501028B106FF08C00704741F2052398421AD8B0F5DE
S31501028B20905F09D241F2010398420CD0B0F5885FF9
S31501028B3009D06FF0850070472923A0F5905080B2C5
S31501028B40C340DB07F5D511F0070F0CBF00206FF00C
S31501028B5086007047B0F5105FEBD121F04003802B00
S31501028B6006D0B1F5807F0CBF00206FF086007047FA
S31501028B700020704770B5046A05460E463CB90120CD
S31501028B80FBF7A3FB286228B120466E6270BD6FF027
S31501028B908A00FBE76FF08C00F8E738B50446006AF5
S31501028BA010B1616AFCF724F9237E012B0FD0023B37
S31501028BB0012B0FD8E369012B0CBF00256FF0960537
S31501028BC0282200212046DCF79FDC284638BDE369CE
S31501028BD0002BF1E76FF09605F2E7034660B1017EDD
S31501028BE08A1E012A0AD80329C26902D1012A00D1A1
S31501028BF0D3E71AB1013ADA61002070476FF09600A5
S31501028C00704737B505460C46FFF7C0FB70B1002326
S31501028C102146284601AA019308F0BAF820B9019B18
S31501028C20A34218BF6FF0930003B030BD6FF0880006
S31501028C30FAE7084608B51146FFF7E3FF002818BF11
S31501028C406FF03B0008BD70B542680588120A012A19
S31501028C50438858D06248824200F0BB80002A40F025
S31501028C60BA8005F4E042B2F5805F02D0B2F5005F48
S31501028C7005D10733DB0840D16FF0850014E005F416
S31501028C804F42B2F5844F03D10733DB080AD1F3E72A
S31501028C9047F20102954208D15B080133DB0803EB77
S31501028CA0C3033B3300200B6070BD44F201029542BF
S31501028CB002D1DB081033F5E747F20202954204D1ED
S31501028CC0DB0803EB43035A33ECE744F20202954213
S31501028CD004D1DB0803EB43034A33E3E725F0FF053F
S31501028CE0B5F5E24FD0D0B5F5824FC5D10733DB08D2
S31501028CF05B000133012BD5D1BEE725F0FF05B5F5A2
S31501028D00824FCFD1F6E705F4E046DC1DB6F5805F6A
S31501028D1025F0FF004FEAD40202D0B6F5005F06D174
S31501028D20002A4DD0B0F5824F07D1134643E005F430
S31501028D304F46B6F5844F05D1C2B3D31C23F00303C4
S31501028D402C33AFE747F20106B54210D15B08013376
S31501028D50DB0803EBC3033B330333920723F003031D
S31501028D6001D1072CECD1B0F5824F30D0E8E744F2BD
S31501028D700106B54202D1DB081033EDE747F20206DE
S31501028D80B54204D1DB0803EB43035A33E4E744F269
S31501028D900206B54204D1DB0803EB43034A33DBE7A0
S31501028DA0B0F5E24FC8D0B0F5824F02D00B6803335B
S31501028DB0C4E753000133012B00D10B68013BCBE71A
S31501028DC0B0F5824F0B68F2D1023323F00303043369
S31501028DD0B6E7012366E700236FF086000B6063E7BF
S31501028DE0010080002DE9F04F00F17808BBB005467D
S31501028DF0CDE9061200F16807002140460893FBF708
S31501028E003EFE28B3281DFBF771FEC61D2846FBF759
S31501028E104DFF02284FEAD60600F02A835B4C28460C
S31501028E20FBF744FF0128814640F028830021404692
S31501028E30FBF725FE0446002840F03783079B002BEB
S31501028E4000F01B83069B1870089BC3F8009015E37C
S31501028E5005F16003194628460593FBF753FF0446BD
S31501028E60002840F0878005F11C0A51462846FDF785
S31501028E7085FB044600287DD12846FBF717FF022809
S31501028E8040F05D8111A8FBF71AFF012103220B9421
S31501028E900C9119AB013A03F1080323F8041C23F8D8
S31501028EA0024C43F8084CF5D251460BA8FCF706F9D9
S31501028EB0044600284DD1514611A8FCF734F904465F
S31501028EC0002846D101213846FCF742F9044600281A
S31501028ED03FD101464046FCF73BF90446C8BB05F1C2
S31501028EE07000FBF790FF05F1040B594611A8FBF739
S31501028EF07EFD002825DA284611A908F009F904465B
S31501028F0038BBD5F84090B9F1FF3F41D139462846E1
S31501028F1008F0FEF80446E0B95A4641464046FCF7D7
S31501028F204CFE0446A8B943463A4639462846FDF759
S31501028F301EF8044668B901214046FCF709F90446C0
S31501028F4007E011A95A460846FCF79CF9044600288F
S31501028F50CBD011A8FBF765FF0BA8FBF754FF002640
S31501028F6019AB98190836FBF74EFF202EF8D1002CC3
S31501028F7000F0E6802046FFF7C5FC044600283FF4D0
S31501028F8041AF20463BB0BDE8F08F00BF80B1FFFF85
S31501028F9049460598FBF7B4FCC6B23246384611A9D2
S31501028FA0FBF7BCFF04460028D3D13246404615A939
S31501028FB0FBF7B4FF04460028CBD143463A4628467E
S31501028FC019A9FCF75EFA04460028C2D143463A467D
S31501028FD028461BA9FCF774FA04460028B9D128468B
S31501028FE015AB11AA1DA9FCF74CFA04460028B0D10B
S31501028FF0284615AB11AA1FA9FCF762FA04460028F6
S31501029000A7D11FAA1146284619ABFCF7B0FF0446A1
S3150102901000289ED11DAA114628461BABFCF7A7FFC5
S315010290200446002895D119AB1A4619462846FCF77B
S315010290309EFF044600288CD11BAB1A4619462846C8
S31501029040FCF795FF0446002883D1394628461BAB17
S3150102905019AAFCF78CFF044600287FF47AAF19AAF5
S31501029060114628461BABFCF72BFA044600287FF46F
S3150102907070AF4146284619AB05F10C02FCF777FFA2
S31501029080044600287FF465AF4346414628461BAA9B
S31501029090FCF7F7F9044600287FF45BAF28461DABBF
S315010290A01FAA11A9FCF7EDF9044600287FF451AF76
S315010290B011AB1A4619462846FCF759FF0446002801
S315010290C07FF447AF28461DAB1FAA15A9FCF7F8F98D
S315010290D0044600287FF43DAF15AB1A4619462846C9
S315010290E0FCF745FF044600287FF433AF15AB19465A
S315010290F028460BAAFCF73BFF044600287FF429AF5A
S3150102910043464146284619AAFCF731FF0446002880
S315010291107FF41FAF3246384611A9FBF7FFFE04461C
S3150102912000287FF416AF3246404615A9FBF7F6FE34
S3150102913009F1FF39044600283FF4E5AE09E7AD4CD3
S315010291402846FBF7B3FD012883467FF413AF2B6C48
S31501029150182101335B0802200493FBF7B6F8064691
S31501029160002800F0838106F11809FBF7A8FD48469D
S31501029170FBF7A5FD04230022039319AB03990833D8
S315010291800139039123F804BC23F8022C43F8082C75
S31501029190F4D151463046FBF7C6FF0446C0BB4FF039
S315010291A0180BDDF80CA0049B53451ED149462846EF
S315010291B0FCF7B4FF044658BB19AB009332464B4643
S315010291C049462846FDF7F5F8044608BB49462846AE
S315010291D0FCF7A4FF0446D8B906F11000FBF713FE0B
S315010291E006F12800FBF70FFE12E0049B0498BAFB76
S315010291F0F3F101238B4000FB11A1DBB20BFB0362EE
S3150102920019B31146284619ABFCF7CDFF044658B3EC
S315010292104FF0000A19AB03EB0A000AF1080AFBF741
S31501029220F2FDBAF1200FF5D10CB3AB6D9E4208D017
S315010292303046FBF703FE4846FBF700FE3046F9F7D8
S3150102924049FF3846FBF7FAFD94E603F0FE0101EB0E
S315010292505301104606EBC1010992FBF764FF099A15
S3150102926004460028CDD0D3E70AF1010A9BE7012380
S3150102927005F1340B21465846CDE911430B940C9363
S31501029280FBF73EFB012840F0B28021460598FBF729
S3150102929037FB059982460BA8FBF710FF044630B14E
S315010292A011A8FBF7B0FD0BA8FBF7ADFDBDE75946CB
S315010292B0059A11A8FCF701F904460028F0D1BAFA79
S315010292C08AF35B091A4611A90BA80593FBF7DCFD84
S315010292D004460028E4D1049B01465A1C19A80DF143
S315010292E0640BDCF711D9A2465B460993049B5345ED
S315010292F07AD051460BA8FBF703FB099B1C78049B0A
S31501029300044303EB0A010BA8FBF7FAFAE4B2099B41
S3150102931044EA400403F8014B0AF1010AE5E79BF826
S3150102932001009BF8003080EA020C6FEA0C0101F0A1
S31501029330010113FB01F3104003EA0C0283EA0C0359
S315010293400BF8013F1BF8013C024343EAC1130BF838
S31501029350013C0134A245E2D211A8FBF754FD0BA848
S31501029360FBF751FD0BA8FBF7AAFC03220120002102
S3150102937011AB013A03F1080323F8040C23F8021C8A
S3150102938043F8081CF5D20AF1E8036B443246394622
S31501029390284613F8843C04F0F3FC044650B93946D6
S315010293A0284607F071FE044620B90DF1440BBAF1C5
S315010293B0000F21D10BA8FBF734FD039A11AB9818C4
S315010293C0FBF721FD039B0833202B0393F5D1002CD8
S315010293D07FF42BAF39462846059AFCF78FF80446E7
S315010293E040B3AB6DB34222E700220124B2E7014C3E
S315010293F01BE700BF80B0FFFF5B463A463946284667
S315010294000AF1FF3AFCF7CFFE90B919AB324628466C
S3150102941013F80A300BA904F0B3FC48B93A463946A7
S315010294202846CDF800B00BABFCF7C3FF0028BED02F
S315010294300446BFE73946284607F026FE04460028B9
S31501029440CFD139462846FCF769FEAB6D04469E42EA
S3150102945008D03046FBF7F2FC4846FBF7EFFC3046F4
S31501029460F9F738FE002C3FF485ADEAE61D4CE8E635
S31501029470089B1E60079BB3420DD21B4C2046FFF789
S3150102948041FA044600283FF47CAD0021079A06986A
S31501029490DCF73AD875E5324638460699FBF740FAC3
S315010294A0044600283FF4BBACE8E7089A730001338F
S315010294B01360079A9A42E0D3042306993246384644
S315010294C001F8013BFBF75FFA04460028D6D1069B59
S315010294D0711C3246194405F17000FBF754FA044631
S315010294E0CCE700BF80B2FFFF00B1FFFF2DE9F04FCD
S315010294F085B00546DDE90EBA89461E46109F0088EB
S315010295004AB100F4E043B3F5805F07D0B3F5005FDB
S3150102951004D043041FD46FF0850418E03B680BB9ED
S31501029520D3003B6039682888FFF7F5FA044670B91B
S315010295300731B2EBD10F49D15A454AD8494630468D
S315010295400DF008F83B680733DB08CAF800302046FD
S3150102955005B0BDE8F08FDFF8808000EA0803B3F5B5
S31501029560824FD8D10023039303AB009313460A46D5
S31501029570698804F06BFA0446C0B92B88039803EA9A
S315010295800808B8F5824F026C03D1DBB2412B08BF42
S3150102959001323A602B8803F4E043B3F5804F0DD1D3
S315010295A053465A463146FFF71DFC0446039D28469B
S315010295B0FDF72BFE2846F9F78DFDC8E75B463246D5
S315010295C05146FBF7DFFBFFF79DF9EEE76FF08604E5
S315010295D0BDE76FF08904BAE700CFFFFFF8B506468B
S315010295E00F46FEF73EFF88B300241B4B22461D465B
S315010295F0197ED1B13CB9022905D1D96919B91979AD
S31501029600002918BF1C460132252A03F12803EFD18E
S3150102961014B96FF08C0006E02046FEF715FF2046CE
S31501029620FFF7BBFA10B100240EE01C46237E83B974
S31501029630012323763EB1651BED1003F1CC335D4365
S3150102964005F18045356000203C60F8BD6FF0880069
S31501029650E9E76FF09600E6E7D4B6002010B50B4BAA
S3150102966004461B680A48984718B16FF08F042046D2
S3150102967010BD2046FFF7B1FA064B04461B680448A3
S3150102968098470028F3D0002CF1D1EEE75CF70020D1
S3150102969030BE002060F7002008B54FF085435B6CB1
S315010296A0DB0202D5054807F0B5FBDBF7DFDA02225A
S315010296B0034B9861034BC3F8802108BD94BE002079
S315010296C07CF7002000E100E018B124220021DBF73B
S315010296D01B9F704770B515460E462422002104468B
S315010296E0DBF712DF25F04003802B02D0B5F5807F30
S315010296F008D12046314640F8045BEA080CF02AFFFD
S31501029700002070BD6FF01F00FBE770B5144D95F890
S31501029710883803F0FF04EBB9DCF7ACDD012802D986
S31501029720DCF7BADD044695F8883863B9D5F8E0382E
S315010297300C4843F00103C5F8E0380B4BDB69984747
S31501029740012385F88838DCF795DD012802D9204600
S31501029750DCF7B8DDBDE87040044B02481B681847C8
S3150102976070B60020FCBE00207CF700205CF70020CA
S31501029770044890F8883823B1034B00F68C001B6825
S315010297801847704770B6002060F7002000F01F03EB
S31501029790A0F50620A0F55060812811D801229A4031
S315010297A0094B400903EB8003D3F844161143C3F86E
S315010297B04416D3F8301621EA0201C3F8301670476F
S315010297C04FF0FF30704700BF70B600202DE9F04F11
S315010297D0A9B0CDE9032180461E4604460822339DDF
S315010297E028FA02F383EA08039F0702F1080218BF67
S315010297F09B00202A1C44F3D18123B4FBF3F39C4F33
S3150102980003EBC313E41A97F8F03804F5062404F5BA
S315010298105064002B42D1974907F6F800FAF792FBFA
S31501029820814600287CD10146402208A8DBF76CDE7E
S315010298304946402218A8DBF767DEDFF8549207F69D
S31501029840F80305938C4BCB4609F110094B4528BF0A
S315010298504B46002703F1FF3A10225B46CDE900A7EA
S31501029860059808A9F9F76EF8034608AA9F4244D15A
S3150102987001231022CDE900A380485B4618A9F9F716
S3150102988061F84FF0000B824618AFD3454DD17C4BA0
S315010298909945D7D10122764B83F8F0284FF0810AF8
S315010298A00027DFF8CC91A4F50623A3F550625209ED
S315010298B009EB8202D2F8440604F01F01C840C00730
S315010298C04AD4D2F83026CA40D20737D58122A3F626
S315010298D0FF43B3FBF2F202EBC2129B1A002F08BF3F
S315010298E0274603F50624BAF1010A04F55064DAD1D2
S315010298F0039B2BB327B33C462AE052F8040B07938A
S315010299000692FFF743FFDDE9062301300BD1002260
S31501029910574B83F8F028564B93F8F038002BBDD1FC
S315010299206FF091000EE00137A0E757F8040BFEF73E
S31501029930CFFD0130EFD00BF1010BA6E7039B23B953
S315010299406FF08B0029B0BDE8F08F002F18BF3C469F
S31501029950349B00201C60F5E7329B13B10023329A37
S3150102996013600DB100232B604FF0100B002332461A
S3150102997021464248CDF800B0FAF7C8FB50B1414B37
S31501029980984201D0632864D121463C48FAF75EFC2D
S3150102999050B3D5E7329A3C4B1AB3C2F800B03268DB
S315010299A09A42F1D105B3286099F83039002BB7D024
S315010299B0DFF8E0B001213148F8F7B9FD5A462146F0
S315010299C02E4818ABF9F73EFE00283CD19DF86030CF
S315010299D0032B38D0022B1BD104232B60D9F838096B
S315010299E026E032689A42CFD1D6E9022304998B4204
S315010299F008BF424531D08123A4F50624A4F6FF44CB
S31501029A00B4FBF3F303EBC313E41A04F506246AE782
S31501029A10DBF81030002BE0D099F86C29022A12D11A
S31501029A209BF81820A3EBC2032B60114BD3F838091C
S31501029A3005F0C2F8329A2B6812689342FFF470AFAE
S31501029A409B1A2B60D0E70A4BD3F8380905F0B4F814
S31501029A5066E70E4B9842C7D062E7039B002B3FF4A1
S31501029A6077AF7368012B7FF473AF6FF0840069E7F8
S31501029A7070B600209CF70020816D080068BF0020A7
S31501029A80906D0800FFDF00F0105D175EFEDF00F04B
S31501029A90006D08004C790020F0B500270C460646F9
S31501029AA08DB00021154608A81022DBF72DDDCDE980
S31501029AB00677FFF72AFE05AB029307AB019306ABC6
S31501029AC0214600933A46304608ABFFF77FFE04462D
S31501029AD020B1FFF74DFE20460DB0F0BD099B6B602C
S31501029AE0079B2B60F5E700232DE9F04F0B608FB042
S31501029AF005460F46FEF7B5FC002800F05A81AE4C2A
S31501029B00AE4B04F5F8601B689847024600283DD122
S31501029B1005F14043242B19D82822534304F1640149
S31501029B201944234493F87C20022A02D19B6F9D4259
S31501029B3020D039460020FFF751FDDFF888B20446EE
S31501029B4088B3DBF800309E48984721E0002D27DDD7
S31501029B5004F164031946187E022802D15869854226
S31501029B6005D00132252A03F12803F4D1E1E728239E
S31501029B7003FB02110846FEF767FC044660B9396029
S31501029B80904B1B688E48984710B10CB96FF08F0441
S31501029B9020460FB0BDE8F08F10F18C0FF0D1C8E767
S31501029BA06FF08704ECE73B6821465D6101253B685E
S31501029BB006465D60D7F800A00AAADAF8149048466C
S31501029BC0FFF76AFF0446002862D1DDF8288028469D
S31501029BD04146FAF77AFB0546002800F0DE80484640
S31501029BE0314608AAFFF758FF044600284CD1B8F1BE
S31501029BF0000F08D0B5F1005F52D3C8F1005303F547
S31501029C0000239D424CD80024102200210AA8DBF72A
S31501029C107BDCCDE90544FFF778FD07AB029305AB83
S31501029C20019306AB22460093484631460AABFFF73B
S31501029C30CDFD044678BB059C2A46069B07996248D8
S31501029C40A04594BFCDF800800094FAF75FFA064664
S31501029C50A0B9FFF78DFDA04522D8B8F1230F22D86E
S31501029C606FF0980441462846FBF7C2F831460020B8
S31501029C70FBF7BEF83868FEF790FF56E0FFF778FD6E
S31501029C80A0450DD86FF0910441462846FBF7B0F87E
S31501029C900021084676E0FFF76BFDB8F1000FF3D01D
S31501029CA06FF09804F0E70822284648490CF0CEFCEA
S31501029CB00028D5D1AB68002BD2D12E6AA8F1240394
S31501029CC09E42CDD8B6F5005FCAD28EB33146012087
S31501029CD0FAF7FBFA814600284FD0324605F12401F4
S31501029CE00CF038FCEB684146CAF804302B8A284648
S31501029CF0AAF800306B8AAAF802306B69CAF80830F2
S31501029D00AB69CAF80C30EB69CAF81030B9F1000F29
S31501029D1000D07EB9FBF76CF831464846FBF768F886
S31501029D203868FEF73AFF6FF0910400233B6021E0A9
S31501029D30B146D7E7FBF75CF831465046FEF71AFF04
S31501029D400446E8B932464946DAF820000CF002FC2C
S31501029D5031464846FBF74CF838680830F4F7A8FC58
S31501029D603B681A7E012A21D03868FEF76DFB04464C
S31501029D700028DAD1DBF8003004E76FF08C0471E7D2
S31501029D8031464846FBF734F83868FEF706FF14F108
S31501029D908C0F08BF6FF08704C7E72146FBF728F847
S31501029DA03868FEF7FAFE6FF08C04BEE702221A76D5
S31501029DB0DAE76FF08804EBE670B600205CF7002064
S31501029DC030BE002060F7002068BF002064910301C5
S31501029DD02DE9F843884617461E46FFF784FE0446D8
S31501029DE020BBD8F80050B5F8009009F4E043B3F56A
S31501029DF0804FAB6808BF27F0010737EA03030DD18D
S31501029E00A6B132464846E968FEF7E6FA074668B958
S31501029E10324648462969FEF7DFFA50B90023284639
S31501029E20C8F80030FFF71AFC6FF084042046BDE83B
S31501029E30F8833C46FAE707B500216A46FFF72CFE8E
S31501029E408C3018BF012003B05DF804FB70B5002603
S31501029E500C4605468CB01022002108A8DBF754DB1C
S31501029E60CDE90666FFF751FC05AB029307AB0193F9
S31501029E7006AB214600933246284608ABFFF7A6FCFD
S31501029E80044618BB099B012B25D0059E154D31466B
S31501029E9005F6F800FAF7DAF900BBA6F50623A3F5EB
S31501029EA05063812B06F01F010ED801225B0905EBD7
S31501029EB08305D5F844368A4053403046C5F84436C0
S31501029EC0FEF706FB013001D16FF08604FFF750FC65
S31501029ED020460CB070BD6FF08404F7E76FF0910471
S31501029EE0F4E700BF70B6002013B500216A460446A6
S31501029EF0FFF7D2FD8C3002D1002002B010BD002145
S31501029F002046FFF7A3FF014610B16FF09800F4E770
S31501029F106A462046FFF7C0FD8C30EDD0F5E7B2B1B7
S31501029F204B681B0A07D149880731C908C0E90021D4
S31501029F3083600020704707498B4208D113780022BB
S31501029F40202B88BF0023114698BF0133EEE76FF03D
S31501029F508600704701008000F8B5214B9B69DCF74A
S31501029F6089D90128064606D9DCF796D9051E0FDAE4
S31501029F7001242046F8BD1B4890F8D4396BBB00F585
S31501029F801760FEF796FC04460028F2D1054609E061
S31501029F90144890F8D439F3B900F51760FEF789FC35
S31501029FA0044690B90F4F07F62400FEF798FC0446C3
S31501029FB048B903210120F9F763F80120F9F774F88A
S31501029FC0012387F8D439012ED3D92846DCF77AD969
S31501029FD00028CEDACCE70024F7E70024C9E700BF60
S31501029FE07CF7002070B600202DE9F047FEF7CEF986
S31501029FF018B100273846BDE8F0875D4D5D482B68EC
S3150102A00098475D4C0646A8B92378D90709D4FFF7C4
S3150102A010A3FF00285BD06FF09206237843F0010379
S3150102A0202370564F53483B689847002854D0002E58
S3150102A03040F09A806FF08F072B684E489847237835
S3150102A040580744BF23F004032370237899071CD5CC
S3150102A0504FF000084FF0010A4FF00309484E30460F
S3150102A060C6F81CA086F8189008F10108FEF795FDBE
S3150102A070B8F1250F06F12806F1D10022414B83F8EA
S3150102A0802C26237823F0020323703C4E3948336889
S3150102A09098472B683B489847637813B13A48FAF7D1
S3150102A0A075F90023082138486370FAF797FE336879
S3150102A0B0344898472B682F48984723782D48DA0762
S3150102A0C044BF23F0010323703368984792E7FFF7F1
S3150102A0D043FF0028A1D09EE72B68002E44D12548D4
S3150102A0E098470028A6D123789A0706D40121254A42
S3150102A0F043F0020382F82C1623703B681D489847E9
S3150102A100002897D12B681B489847002892D13B68B3
S3150102A11018482678984700288CD12B681948984701
S3150102A120002887D1637833B9F30704D51648FAF7BD
S3150102A1302DF9022363703B681248984700287FF481
S3150102A14079AF2B680B48984700287FF473AF2378C1
S3150102A15008485E075CBF43F0040323703B689847D7
S3150102A16000283FF446AF65E76FF0920764E700BF48
S3150102A1705CF70020A4790020087A002060F700200D
S3150102A180D4B6002070B600200C7A0020036813F0C2
S3150102A190704205D1C3F309030B60D3B100207047A6
S3150102A1A0B2F1004F0AD0B2F1204F07D0B2F1304FCF
S3150102A1B004D0B2F1404F01D0212070478268D20407
S3150102A1C004D5C369002BF7D01B68E5E703F07F03CB
S3150102A1D0E2E74368002BEFD00B60DFE72DE9F041A0
S3150102A1E0174600221C4643688CB01B0A012B804687
S3150102A1F00E4600923FD0834A934200F0B580002B6F
S3150102A20040F0F680018821F0FF03B3F5824F30D189
S3150102A210428808460732D2080092FEF78DF958B1F4
S3150102A2203378042B05D1013FB7EB420F06F1010644
S3150102A2300DD06FF0860005E04139C9B2012904D972
S3150102A2406FF085000CB0BDE8F081BA42F1D1009DF4
S3150102A250224629464046FEF729FA0028F2D103375B
S3150102A260C4E9030627F003076761002D40F09E80CB
S3150102A2705DE00097EBE7032FDBD90B78012B40F06A
S3150102A280BA80497859B3F739052900F2B180DFE876
S3150102A29001F01F03AF08AF24F8254FF410565A4FA9
S3150102A2A003E0FA254FF0807610271C22002102A82E
S3150102A2B0DBF72AD90323CDE904350197039601ADCC
S3150102A2C00FCD0FC495E80F0084E80F000020B9E70F
S3150102A2D0F7254FF000762027E7E7FC25DDE72B2F50
S3150102A2E0A7D920222046DBF70FD906F110032361F5
S3150102A2F0B3070DD001AB06F128051A46306871681D
S3150102A300083603C2AE421346F7D1306801AE106079
S3150102A3107368103F2360B36869466360F368204639
S3150102A320A36001236761E360FFF730FF28B12022B2
S3150102A33000212046DBF7E8D87BE7B8F80030009D1C
S3150102A34003F44F42B2F5824F0CD1DAB2122A09D185
S3150102A35023F0FF03B3F5824F04D16B001C339F42F6
S3150102A36083D2E4E72B46F9E7002F47D045882246F8
S3150102A3700735ED0829460095FEF798F900287FF47E
S3150102A38061AF6074B8F80030B3F5885F05D0B3F5F4
S3150102A390105F7FF44EAFA07467E7B5F5007F03D077
S3150102A3A0B5F5806F7FF44CAF0123A37420220021FF
S3150102A3B001A8DBF7A9D82946404601AAFEF776F994
S3150102A3C00028B4D12368019A9A42B0D16368029AED
S3150102A3D09A42ACD1A368039A9A42A8D1A369079A71
S3150102A3E09A42A4D1E369089A9A423FF42BAF9EE7B7
S3150102A3F06FF08B0026E76FF0910023E76FF08C0078
S3150102A40020E700BF0100800020000080002337B54D
S3150102A4100C4601A905460193FFF7B8FE28B929683A
S3150102A42011F0704103D1019B236003B030BDAA68CC
S3150102A430B1F1004FC2F38033C2F34035C2F30032A9
S3150102A44007D1062103EB450301FB0233019A53436C
S3150102A450EAE7B1F1204F04D12B4402EB8202134405
S3150102A460F4E7B1F1304F02D0B1F1404F01D12B44A3
S3150102A470ECE72120D9E72DE9F34705680F68044681
S3150102A480BD420E4690469A4605F070492AD0B9F168
S3150102A490004F06D0B9F1404F03D0212002B0BDE8EA
S3150102A4A0F08785EA0703B3F1805F0CD3BAF1000F97
S3150102A4B02FD1B8F1000F18D0A368B268534013F434
S3150102A4C0E04F12D0E9E70023204601A90193FFF7E5
S3150102A4D05DFE0028E1D1019AC2F30E02154317432C
S3150102A4E0BD42DAD1B9F1000FE0DB0023204601A912
S3150102A4F00193FFF74BFE0028D0D100906946304602
S3150102A500FFF744FE0028C9D1DDE900329A42C5D0DF
S3150102A510C3E7B268B8F1000F03D0A3685340D90468
S3150102A520BBD49304E1D4B8E70023F7B50B60036803
S3150102A530054603F070430B60C2680C46042A27D80D
S3150102A540DFE802F0060328282B0043F000632360AC
S3150102A550EB68042B24D16A7C032A19D8236823F0D9
S3150102A560407343EA026323602A7C1F2A10D823F42C
S3150102A5707C0343EA82432360AA7C072A08D823F490
S3150102A580603343EAC2332360AB6813F0407F31D0B4
S3150102A590212075E043F08063D9E743F04063D6E7B3
S3150102A5A0AA68960102F040716CD5B1F1407F6CD078
S3150102A5B0002BEDD04FF00072236823F04073134352
S3150102A5C02360EA68022A07D12A69032AE0D823F41A
S3150102A5D07F0343EA02432360EB68032B03D12B6912
S3150102A5E0F52BD5D9A370AB68180442BF236843F48F
S3150102A5F000432360EB68032B09D023682A6823F4FE
S3150102A600FF4323F07F03C2F30E02134323602B6839
S3150102A610AE68002B06F4805743DB16F4E84FB7D138
S3150102A6202B6806F4806603F0704303F10043B3F12D
S3150102A630804F04D21EB1236843F4806323602A68E3
S3150102A640AB68002A46DA13F4407FA1D100232846DB
S3150102A65001A90193FFF79AFD90B92B6813F0704196
S3150102A66045D12368019A23F47F7323F00303C2F3CE
S3150102A6700902134323601FB1EB69002B88D00F2017
S3150102A68003B0F0BDB1F1407F04D1002B80D04FF071
S3150102A690407291E702F08072002B8DD1002A8BD095
S3150102A6A076E7710406F400520DD4002A3FF470AF26
S3150102A6B0236843F400532360002FB1D0236843F487
S3150102A6C080532360ACE7236843F480432360002A66
S3150102A6D0F2D0EDE79A0542BF226842F48062226017
S3150102A6E0DB0542BF236843F400632360AEE703F050
S3150102A6F05043B3F1004F06D0B1F1304F03D0B1F15F
S3150102A700404F7FF445AF019B2268013B03F07F0373
S3150102A71022F07F0213432360002FB1D0EA69002A97
S3150102A7203FF436AFB1F1004FA9D1117F61B1002ECD
S3150102A730A6D043F400732360537F002BA0D0236875
S3150102A74043F4807323609BE7537F002B98D0002E3E
S3150102A750F5D195E701234B60C368013B012B08D86C
S3150102A7608269054B1AB10A6000208B607047034A61
S3150102A770F9E74FF00053F7E7080000206C91030157
S3150102A780012373B54B60C56806469D420C4616D831
S3150102A790002301A90193FFF739FE70B9019B05B1A7
S3150102A7A01C3372699A4207D332696AB1226043F055
S3150102A7B000530020A36000E01D2002B070BD023DDF
S3150102A7C0022D01D80023F4E72120F6E7436813B9E5
S3150102A7D0416070475B685A68012AFBD1596070472C
S3150102A7E0002310B5934200D110BDCC5CC454013391
S3150102A7F0F8E770B500249C4200D170BD0D5D165D6F
S3150102A800754005550134F6E710B40368846E596A3A
S3150102A8109A68C1F5977193682144034A5DF8044B1E
S3150102A8205C300DF0D4B800BF0C000020F8B5C36847
S3150102A83004460E4600F1180543B94368416ADB68CE
S3150102A8402846374A43F480630DF0C1F8A36A9B0593
S3150102A85029D42268E368D06804F1C001302834BFE4
S3150102A8600827102710690137421E1A40821ABA4276
S3150102A87038BF12181144D80001F8010C02F1BF01C8
S3150102A8805B09214404F1C100884243D18023616AF4
S3150102A89084F8C03063682846DB6898310DF097F872
S3150102A8A023691A44226122692846D31C23F0030331
S3150102A8B09B1A226A52F8041C41EA032142F8041C3B
S3150102A8C052F8081C0B4443F0005342F8083C236833
S3150102A8D03146DA680DF08CF82368D71CDA6827F05E
S3150102A8E00307BA4205D0BA1A002142F080420DF09E
S3150102A8F07FF8A16A11F4806110D123685A69DB6875
S3150102A9009A420BD0D21A2846BDE8F84042F080425C
S3150102A9100DF06EB801F8013D1B0AB5E7F8BD00BF9F
S3150102A9200400002038B5C36D0446002B4ED1406D9C
S3150102A93000284ED0DAF72ADBE06500284CD02268DF
S3150102A940E36E916923EA0103D4E908100143E36640
S3150102A95003D1D4E90610014302D0D1691943E16654
S3150102A960936804F174021B686266E02204F16C01C9
S3150102A97004F15C052266A1662846194A0DF027F8FC
S3150102A980A16D8B6843B923684A689B6809685B684D
S3150102A99042F000520DF01BF82368E16EDA691142AA
S3150102A9A010D05A6AA06E9B68C2F5977101449B68E2
S3150102A9B0284642F000520DF00AF80020C4E90300CD
S3150102A9C0E06238BD20465B699847F6E76FF02000E2
S3150102A9D0F7E76FF04700F4E76FF00100F1E700BF18
S3150102A9E004000020B1F5067F10B504462FD31020CE
S3150102A9F00DF045F810B96FF0020010BD236840F260
S3150102AA000C411A6802F07F020DF055F80028F2D0C7
S3150102AA10DAF7BCDAA061E8B1104B04F128016360F0
S3150102AA20234653F8302B04F118001268236290234F
S3150102AA30C4E90912E3610A4A13230CF0C8FF094B60
S3150102AA40002063610123C4E90300A360D5E76FF027
S3150102AA502200D2E76FF00100CFE700BF7491030134
S3150102AA60040000202DA80201044A054B013800D238
S3150102AA70704753F8041B42F8041BF7E70001002054
S3150102AA80A801010130B5134B01461B7803B3EFF35D
S3150102AA901184302383F311880F4A00231546107B54
S3150102AAA058B90B6001211A0105EB03131973A8505A
S3150102AAB084F31188BFF36F8F30BD0133082B02F186
S3150102AAC01002ECD184F31188BFF36F8F0348F3E7C9
S3150102AAD00348F1E7C095002058920020048000F057
S3150102AAE0028000F02DE9F34100F580558046D5F844
S3150102AAF0C8010F4604F02CFA044610B344F8048B3D
S3150102AB00D5F8C00104F024FA0646C0B10122404636
S3150102AB1001A9F3F756FA054638B13146404604F023
S3150102AB2010FA2046F3F78EFA05E0019BC3E90064A9
S3150102AB30988118773B60284602B0BDE8F0811A2554
S3150102AB40EFE71A25F7E708B538B1DAF7B1D90028E0
S3150102AB5014BF6FF01D00002008BD6FF01B00FBE75C
S3150102AB602DE9F043012905460E46914698469DB0C8
S3150102AB7053D8046824F04003802B02D0B4F5807FB9
S3150102AB804ED12022002114A8DAF7BEDC274A284B2F
S3150102AB90E408012E08BF134613932B1D0A930123C2
S3150102ABA044F000540B930C94224C07AF0AAA07CA2D
S3150102ABB004AE87E80700CDF834900DAA0E930F94E0
S3150102ABC007CA86E80700CDF84080119310AB1294AC
S3150102ABD001AC93E8070084E8070013A83946FFF79A
S3150102ABE0F5FD3146FFF7F2FD2146DAF78DD82968E0
S3150102ABF0C908DAF75FD81021DAF75CD8DAF740D854
S3150102AC0088B913A8DAF75FD8DAF730D80446DAF743
S3150102AC10A9D820461DB0BDE8F0836FF02000F9E700
S3150102AC206FF07100F6E74FF0FF30F3E70001000421
S3150102AC3000010104100000202DE9F043054697B0FA
S3150102AC40D0B16946FEF74FFF0546A8B9654B66487E
S3150102AC501B689847009E00285DD1337E032B14D1D1
S3150102AC603046FDF7BAFF614B05461B685E489847B9
S3150102AC7030B10DB96FF08F05284617B0BDE8F083E4
S3150102AC80002D08BF6FF08705F6E7022B40F0A6807C
S3150102AC90032333767368DAB2FF2A6AD0544AB2EBD7
S3150102ACA0132F40F090802022294604A87788DAF7EC
S3150102ACB02BDCD6F81480FF08B8F1000F29D0012445
S3150102ACC0DFF83C9159F8343098451FD13946304660
S3150102ACD004AAFDF7EBFC00287BD10123454F8DF831
S3150102ACE0204059F83320904522D107EBC30393F84C
S3150102ACF05D3607EBC4078DF8223000238DF821302B
S3150102AD0097F85C36C3B96FF08B0504E00134202C49
S3150102AD10D8D16FF086053046FDF75FFF334B002829
S3150102AD2018BF05461B68304898470028A4D0A0E7FB
S3150102AD300133202BD5D1ECE7022B1AD02E48DAF7B4
S3150102AD40D6D8044678B901462822C7F85806A7F884
S3150102AD505C060CA8DAF7D8DB0CA8D9F7A1DF044602
S3150102AD6050B103F0C9FD132CCDD0212CD1D0082C22
S3150102AD7031D16FF08405CEE7204B0E90CDE90C3030
S3150102AD80149001A904A8FFF7CFFB04460028E8D1D5
S3150102AD9001990CA8D9F78EDF01A904A8FFF7DAFCFD
S3150102ADA004460028DDD10CA8FFF710FDD9F7E6DF2E
S3150102ADB004460028D5D10CA8D9F772DF044600282B
S3150102ADC0CFD103F099FD3379002BA4D07069FFF737
S3150102ADD08BF805469FE76FF092059CE76FF09605A3
S3150102ADE099E700BF5CF7002030BE002060F7002023
S3150102ADF00100800070B6002048C000200000050155
S3150102AE00C8BC00202DE9F04FE3B050AE00F1300787
S3150102AE1004468A4615460FCF0FC697E80F0086E805
S3150102AE200F002822002158A8DAF76EDB58A8D9F7B5
S3150102AE3037DF034604F13000002B40F0A980266873
S3150102AE40904A26F47E13934240F02881529F9DF840
S3150102AE5040B1DDF85C914A971DB1BAF1000F00F0DD
S3150102AE609780C6F30743C6F30546022E00F090808B
S3150102AE70102E00F28D80DB0700F18A80A9F107030B
S3150102AE80062B00F28580C9F10F03DBB2032B03D82F
S3150102AE90626BDB00DA407BD150220021DAF734DB28
S3150102AEA04A4653A984F84CB06763A66404F1380094
S3150102AEB00BF050FB04F10408012349F0005245F05E
S3150102AEC0005C53A9002F66D135910DF1500B3693D3
S3150102AED0379235AA07CA8BE80700CDF8C8A032AA6D
S3150102AEE033930DF15C0ACDF8D0C007CA8AE8070090
S3150102AEF004F16D022F92309346F0005331932FAB3A
S3150102AF00009293E807001AAB83E807005E4B4046BE
S3150102AF104DA9CDE958375A976097FFF705FB0028E7
S3150102AF2036D158A84D99D9F7C5DE46EA0941D9F76E
S3150102AF30C1DE2946D9F7BEDE3946D9F7BBDE404620
S3150102AF401DA9FFF707FC18BB58A8FFF73FFC4046AF
S3150102AF5020A9FFF715FCD8B958A820A9FFF736FC96
S3150102AF605946FFF733FC5146FFF730FC1AA9D9F7C8
S3150102AF70CBDED9F703DF30B90020636A1D4465626F
S3150102AF8063B0BDE8F08F102239460098DAF7BCDAD1
S3150102AF906FF09200F4E72C910DF1080B2D932E928E
S3150102AFA02CAA07CA05AF8BE80700CDF8A4A029AAE7
S3150102AFB02A93CDF8ACC007CA87E8070004F14D020F
S3150102AFC026920092314A27930DF1200C289226AA45
S3150102AFD007CA8CE807004AAA239224932C4B0DF147
S3150102AFE02C0A259323AB93E807002A4B8AE807002C
S3150102AFF094F84C10284A4046012908BF1346589333
S3150102B00000234DA9CDE959336093FFF78DFA0190DB
S3150102B0100028BDD158A84D99D9F74CDE46EA094117
S3150102B020D9F748DE2946D9F745DE019B1946D9F7F4
S3150102B03041DE40460EA9FFF78DFB0028A8D158A88C
S3150102B040FFF7C4FB404611A9FFF79AFB0646002803
S3150102B0509ED158A811A9FFF7B9FB5146FFF7B6FBD6
S3150102B0605946FFF7B3FB3946FFF7B0FB08A9D9F7F3
S3150102B0704BDED9F783DE00283FF47EAF202231462C
S3150102B08083E700BF000140050000050420000020FF
S3150102B090040000200100050401000604464A934209
S3150102B0A040F087809DF84071579B1DB1BAF1000FA0
S3150102B0B03FF46EAF0C2B7FF46BAF48220021DAF717
S3150102B0C023DA4FF0000C0123C4E90E5C84F8717097
S3150102B0D004F1400653AA002D65D04792374A489398
S3150102B0E00DF1E008499247AA07CA88E8070045F028
S3150102B0F00052CDF828A10DF1EC094B934C924AAAC4
S3150102B10007CA89E807004D964E932D4B0DF1F80AB1
S3150102B1104F934DAB93E807002A4B8AE807002A4A68
S3150102B12044A9012F08BF1346271D3846CDE9583CCD
S3150102B130CDF868C1CDF880C1FFF7F6F9834600283C
S3150102B1407FF426AF58A84499D9F7B4DD2946D9F731
S3150102B150B1DD5946D9F7AEDD384641A9FFF7FAFA0C
S3150102B16000287FF415AF58A8FFF730FB384644A9EB
S3150102B170FFF706FB074600287FF40AAF58A844A941
S3150102B180FFF724FB4146FFF721FB4946FFF71EFB6A
S3150102B1905146D9F7B9DDD9F7F1DD034630B120229F
S3150102B1A039463046F2E607CA86E8070084F8723065
S3150102B1B0E2E66FF08500E3E6000240050C0000209E
S3150102B1C02000002001000204010003042DE9F047DA
S3150102B1D04FF000088EB005460E461746CDF804809C
S3150102B1E0002A5DD000295DD032F0030902F0030A7C
S3150102B1F026D04FF0E063C0E9003801230891099394
S3150102B20049F000530A9308AA02ABC0F80880C0F8B5
S3150102B210208007CA83E8070019462846D9F774DD54
S3150102B2204946D9F747DDD9F7A9DD044640B14A4671
S3150102B23041463046DAF768D920460EB0BDE8F087B6
S3150102B240BAF1000F2CD04FF000084FF0E063C5E9C8
S3150102B250003801AB0B9301230C93134B0EAA0D93EA
S3150102B26005AB12E90700C5F8088083E80700C5F8AF
S3150102B270208019462846D9F747DD0421D9F71ADD78
S3150102B280D9F77CDD044608B13A46D1E7019A4E4424
S3150102B290E300013422FA03F3A24506F8013BF7D192
S3150102B2A00024C9E72124C7E70400002070B505463A
S3150102B2B00E461C4686B00BB31AB313F0030320D114
S3150102B2C011498360C0E900130362012303920493C7
S3150102B2D044F0005305936B4606AA12E9070083E878
S3150102B2E0070019462846FFF771FA3146D9F7E2DC1B
S3150102B2F02146D9F7DFDCD9F741DD0446204606B0FF
S3150102B30070BD2124FAE700BF000063FF2DE9F04179
S3150102B31000234FF0010816460546464C464AB0B090
S3150102B3200B91C0E90023CDF8308083600D9403624E
S3150102B3300BAA05AB07CA83E80700089608AACDF847
S3150102B34024800A9402AC07CA84E8070019462846F3
S3150102B350D9F7DADC2146D9F7D7DCD9F70FDD04466E
S3150102B36000285FD1019001A92846D9F7D7DC044606
S3150102B370002857D140F20223019A9A4252D86022FA
S3150102B38001460DEB0200DAF7BFD82C4B14AFC5E923
S3150102B39000342B4B119711AACDF8488013930EABAB
S3150102B3A007CAAC6083E807002C6219462846D9F71A
S3150102B3B0ABDCD9F7E3DC002839D118AB1A460546CE
S3150102B3C037F8021B156001F4405CBCF5405F2DD0D5
S3150102B3D011F4005F14BF4FF0020CC1F3003C82F876
S3150102B3E008C0C1F30B0C4FEACC3C0135C2F804C0CC
S3150102B3F0082DC1F3803C4FEAD13182F809C091721E
S3150102B40002F10C02DCD11A7A0C33022A04BF53F878
S3150102B410082C00EBD200013DF5D13368834205D3F6
S3150102B4201B1A3360204630B0BDE8F0810220044683
S3150102B430F8E700BF04000020000064FF000053FF8C
S3150102B44010000020F0B50E46017804460139174670
S3150102B45093B0042956D8DFE801F00341464B500068
S3150102B4604021142528480C3400225943C6E90122F9
S3150102B470306032623046D9F71DDC4FF0010C41F0E3
S3150102B4800051099709ABCDF828C006AF0B9145F0DB
S3150102B490005593E8070003AB87E807000C940CAA52
S3150102B4A0CDF834C00E9507CA83E807000F946C469F
S3150102B4B0CDF840C012AA119512E9070084E80700E7
S3150102B4C019463046FFF782F93946FFF77FF92146D9
S3150102B4D0D9F71ADCD9F752DC13B0F0BD4021202589
S3150102B4E00A480C34C0E74021202509480C34BBE741
S3150102B4F08021402507481434B6E7802140250648B5
S3150102B5001434B1E72120E7E7000201030003010336
S3150102B510000401030005010300060103F0B50F460D
S3150102B52016461D460023044693B01A46314638464E
S3150102B530FEF7A1FF00287FD169463046FEF726FEB7
S3150102B540002879D1EB68022B0FD039683C48009A62
S3150102B55081426B6902D01830814203D19A4204D9E1
S3150102B560212069E0B3EB420FFAD32B68002BF7D106
S3150102B5704FF060623846C4E90023A360236201A941
S3150102B580FEF7D2FF002857D10199204621F4F06136
S3150102B5900191D9F78FDB284602A9FEF7C5FF0028DC
S3150102B5A04AD120460299D9F785DB384609A9FFF720
S3150102B5B0D1F8002840D12046FFF708F9384606A9F6
S3150102B5C0FFF7DEF8002837D1204606A9FFF7FEF875
S3150102B5D0EB683BB128460CA9FFF7BCF860BB2046D5
S3150102B5E0FFF7F4F830460FA9FFF7CAF820BBB36894
S3150102B5F0DA040CD59B0421D50621F36932691B684D
S3150102B60001FB03225B0043F000530F921193204684
S3150102B6100FA9FFF7DBF8284603A9FFF7B1F858B9D6
S3150102B620204603A9D9F770DB03252046D9F7A6DB05
S3150102B630012801D1013DF8D113B0F0BD2920FBE764
S3150102B640200000B02DE9F0410D4614461E46C4B055
S3150102B65010B96FF0860043E00029FAD0002AF8D02B
S3150102B660038803F44F42B2F5824F40F0AA80DAB260
S3150102B670122A0DD0413A012A00F2A3803368002B27
S3150102B68000F0A5800733B4EBD30F00F0A280E0E708
S3150102B69023F0FF03B3F5E24F2AD14388336013BB8C
S3150102B6A0E3003360B3F5807F40F08B8000231846B8
S3150102B6B050492E19214411F8014D16F8012D104356
S3150102B6C0121B0CBF4FF0FF340024B54203EA0403F8
S3150102B6D043EA0203EFD10028BBD0002BB9DA0020DE
S3150102B6E044B0BDE8F081DA1DB4EBD20FDAD0B0E78F
S3150102B6F0B3F5824F7AD10B78042BAAD128220021E5
S3150102B70018A8D9F701DF18A8D9F7CADA0746002817
S3150102B7105AD101468422229023A8D9F7F5DE0123C4
S3150102B7202022394610A88DF88830D9F7EDDE20227D
S3150102B7304FF08808013C3946013515940DEB02009C
S3150102B740E40014956408D9F7DFDE22AD20223946DA
S3150102B75068460C95CDF83480D9F7D6DEB4F5C07FAC
S3150102B760CDE9045834602CD027D8E02C03D0B4F5A7
S3150102B770807F7FF46EAF204B0734109308934FF40A
S3150102B780005312934FF48043E4080A9310AA6B46BE
S3150102B790640008A918A80194FFF7C0FE33680733AD
S3150102B7A0DB085A0033B10021531E013B297005F112
S3150102B7B00105FAD2002892D04BE7B4F5047F7FF453
S3150102B7C048AF6FF085008BE76FF0920088E7E400DF
S3150102B7D034603368FF2B82D0B3F5807FF1D1438881
S3150102B7E0B3F5807FEDD0FF23336078E76FF09600E3
S3150102B7F076E700BF84910301200000802DE9F8431A
S3150102B8001F460388064603F44F43B3F5824F884623
S3150102B8101546DDF8289017D14B46FFF713FF04466C
S3150102B82078B9089B9D4212D82A46414638460AF003
S3150102B83091FE3946D9F80020308803F063F8099B56
S3150102B8401D602046BDE8F8836FF08504F9E76FF0C5
S3150102B8508904F6E72DE9F04FC5B0074689469246B7
S3150102B8600021202201A89B464E9C509DD9F74CDE11
S3150102B8702022002109A8D9F747DE2022002111A89A
S3150102B880D9F742DE2822002119A8D9F73DDE002187
S3150102B890802224A82391D9F737DE002F4FD0B9F1A0
S3150102B8A0000F4CD04F9B002B49D0B7F800807A8805
S3150102B8B008F4E041B1F5804F41D0D11DBAEBD10F69
S3150102B8C04FEAD1063BD3AE425CD847F21211884504
S3150102B8D009D047F24111884534D06FF085052846D3
S3150102B8E045B0BDE8F08FB2F5807FF6D184250234EA
S3150102B8F027480BF1010B24F00304720023A9CDE9B9
S3150102B90015150990129249465246384601ABCDE9C0
S3150102B9100DB4FEF763FC05460028E0D14FF400534F
S3150102B92019A80B93D9F7BCD978BB11AB09AA01A9FE
S3150102B93019A8FFF7F3FD044690B14828CDD06FF060
S3150102B9408605CCE7A642FAD8FF2AC6D103340335C7
S3150102B95032464F990F4824F0030425F00305CEE73A
S3150102B96047F2121398450AD123AF324639464F9808
S3150102B9700AF0F0FD23463B550134842CFBD1519B41
S3150102B9801E60ACE76FF08905A9E76FF09205A6E79D
S3150102B99020000080200000B02DE9F04F0446008807
S3150102B9A01E4620F0FF03B3F5E24FDBB040F04781BC
S3150102B9B0002307AD0095079313460A46618802F0F4
S3150102B9C045F80446002868D1079F0DF120083B7807
S3150102B9D0C8F80000032B64D0092B66D00546A422C1
S3150102B9E0002131A8D9F790DD44F48240202329466B
S3150102B9F0944ACDF8008002F029F8044618BB0122C8
S3150102BA00D8F8001031A8FBF7B1FCFCF77BFF04461E
S3150102BA10C8B90246394631A8FBF7A8FCFCF772FF02
S3150102BA20044680B99DF8C630012B41D08648FCF701
S3150102BA3069FF044638B9649B07351B68B3EBD50F1A
S3150102BA4005D06FF0960420213046F9F7C7F99DF823
S3150102BA50C630012B0ED132A8FBF7A7FB4AA8F9F78C
S3150102BA60D2F94CA8F9F7DDF952A8F9F7DAF958A88B
S3150102BA70F9F7C9F90023D8F80050ADF8C4302846C1
S3150102BA808DF8C630FBF7C1FB2846F7F723FB38468C
S3150102BA90FBF7BBFB3846F7F71DFB20465BB0BDE85B
S3150102BAA0F08F4FF48075122499E7FF25412496E71A
S3150102BAB0419B002BBAD001463D22209021A89DF838
S3150102BAC0C890D9F721DD3C22214611A81094D9F755
S3150102BAD01BDD182221460AA8D9F716DD09F1FF3323
S3150102BAE0082B00F28880DFE803F0058673787D86ED
S3150102BAF08686820047F21212C023ADF82820ADF8DD
S3150102BB002A302046FCF7C7FC002890D14FF4804327
S3150102BB1009A80993F2F7CCFD099BBDF82840BDF8A7
S3150102BB202A200C9304F44F430732B3F5824F4FEAAE
S3150102BB30D20B059362D1E3B2412B5FD15A4610A9CA
S3150102BB404AA8CDF824B0F8F7EBFE5A4620A952A826
S3150102BB50F8F7E6FE41210DF1800ACDE901A1099925
S3150102BB600DF12409009153465A46CDF80C9010A9BD
S3150102BB700AA8FFF76FFEFCF78EFC00287FF457AF89
S3150102BB80059B5146B3F5824F099A58A851D1E4B2A1
S3150102BB90412C4ED1F9F732FA58A8F8F7A7FF073028
S3150102BBA0B0F5847FBFF442AF419B32A813F007047C
S3150102BBB018BF012404EBD304649B1C60F9F776F8E1
S3150102BBC002282246314658A836D1F8F7A9FE2EE7B1
S3150102BBD047F212124FF480738FE747F212124FF4B3
S3150102BBE0C0738AE747F2121240F2092385E747F248
S3150102BBF04112FF2381E76FF0710482E74FEA4B039B
S3150102BC005A46013310A94AA80993F8F7BCFE042340
S3150102BC105A460DF1810152A88DF88030F8F7B3FE2C
S3150102BC200BF1010120AB5A46194454A8F8F7ABFEB1
S3150102BC3090E7F9F715FAAFE7F8F7A5FEF7E66FF021
S3150102BC4086042AE72D95002080B0FFFF2DE9F041F9
S3150102BC5000230D464FF0007298B00446C0E9002356
S3150102BC608360036215A92846FEF75EFC002850D1BF
S3150102BC7020461599D9F71ED8AB68DB0436D52B6851
S3150102BC80002B49DA4FF00108EE6915A93768CDF89C
S3150102BC905880736815931797FEF798FDB36812A932
S3150102BCA0CDF84C8012931497FEF790FDF3680FA915
S3150102BCB0CDF840800F931197FEF788FD33690CA9E1
S3150102BCC0CDF834800C930E97FEF780FD736909A9AE
S3150102BCD0CDF8288009930B97FEF778FDB36906A97B
S3150102BCE0CDF81C8006930897FEF770FD284603A936
S3150102BCF0FEF730FD68B92046FEF768FD694628461B
S3150102BD00FEF73EFD28B969462046D8F7FDDFD9F789
S3150102BD1035D818B0BDE8F0810F20FAE72DE9F04FCA
S3150102BD200E4692469946054695B090B189B182B1C1
S3150102BD30B0F802B00BF10703072B4FEAD30866D01E
S3150102BD40038803F4E043B3F5805F05D11BF0070FC7
S3150102BD5008D06FF0860427E0B3F5005FF6D0B3F59D
S3150102BD60804F54D002AF202200213846D9F7CCDBCE
S3150102BD703A4641462846FCF799FC0446A0B9434691
S3150102BD805246314628460097FCF700FC044658B94C
S3150102BD90282201460DEB0200D9F7B6DB0AA8D8F72D
S3150102BDA07FDF28B16FF09204204615B0BDE8F08F0F
S3150102BDB039460AA8FFF74AFF58B1482814BF6FF05F
S3150102BDC092046FF085040AA8D8F76ADF0028EBD03F
S3150102BDD0E8E76B681B0A0BD15A463146288802F0FE
S3150102BDE091FD4A4641462846FCF7B4FB0446EAE77A
S3150102BDF0084A934208D1524631463846FCF706FDB7
S3150102BE0004460028EDD0DEE7012BEAD1F3E76FF015
S3150102BE108504C9E7010080002DE9F047DFF8788142
S3150102BE20D0F804C00446B8EB1C2F0F461E4692B04A
S3150102BE304FEA1C2E40F0AA8029B96FF086052846E2
S3150102BE4012B0BDE8F087002AF7D0002333604368B9
S3150102BE50BEEB132FF1D1DBB2002BEED14588B0F840
S3150102BE6000800735B8F5105F4FEAD5050AD1A5F16D
S3150102BE701002102A03D8474BD340DB0709D46FF0CF
S3150102BE808505DCE7B8F5885FF9D1402D01D0802D13
S3150102BE90F5D1A368002BD0DB202200216846D9F711
S3150102BEA033DB29466A462046FCF700FC0546002894
S3150102BEB0C5D10423B8F5105F03938DF8110009D19A
S3150102BEC08DF81200D4F81490B9F1000F09D16FF070
S3150102BED09205B4E7B8F5885F04BF01238DF81230E5
S3150102BEE0F0E7DFF8B88008F6D810D9F700D804468B
S3150102BEF068BB0146282208A8D9F706DB49466846E7
S3150102BF00FCF780FB0446E8B908A8D8F7C9DE9DF814
S3150102BF1010A00446B0B9694608A8FFF797FE044681
S3150102BF2080B908EBCA03C3F858964FF001099DF888
S3150102BF30122008A883F85C9683F85D26D8F7B0DE4E
S3150102BF400446C8B19DF8103043B902F0D5FC1C2C49
S3150102BF5019D02E2CBBD16FF08A0570E71F2BF4D8AE
S3150102BF6008EBC30898F85C36012B02BF0023C8F818
S3150102BF705836A8F85C36E8E702F0BEFC87F800A05E
S3150102BF80C6F800905BE76FF08D0558E712B0BDE881
S3150102BF90F047C3E6010101000100800070B60020EE
S3150102BFA070B50E46154604468AB00023012229467B
S3150102BFB03046FEF760FA98BBF3689BBBEB685A1EE4
S3150102BFC0012A01D9042B2DD100234FF08072284674
S3150102BFD0C4E90023A360236207A9FEF7A5FAF8B90B
S3150102BFE020460799D8F766DE304601A9FEF7C8FB57
S3150102BFF0B0B9204601A9FEF7E9FB284604A9FEF7D6
S3150102C000A9FB68B92046FEF7E1FB284607A9FEF718
S3150102C010B7FB28B9204607A9D8F776DED8F7AEDEF0
S3150102C0200AB070BD2120FBE72DE9F04FA7B00593B9
S3150102C030154600230792059A8846CDE909330490ED
S3150102C0401360002D00F0F48109AA0AA901F0AAFCE5
S3150102C050044600283ED10A9E736AEBB10A9E8149C3
S3150102C060B246738872680893130A8B42D6F820B0D7
S3150102C0705AF8249F00F0FC8005D87BB3012B56D0D9
S3150102C0806FF0860426E0784A934244D00132934205
S3150102C090F6D108AB029331E0049B5B681B0A12D00E
S3150102C0A0724A9342ECD8023A93420CD8012B04D03D
S3150102C0B09342E5D10123079305E0049807A9FCF70A
S3150102C0C0C2FD044630B930460799FCF753FD0446D2
S3150102C0D00028C3D00A9801F0D2FE9FE108AF5B4661
S3150102C0E02A4641463046CDE901A7CDF80090FFF731
S3150102C0F085FB10F1860F044609D102975B462A4653
S3150102C10041463046CDE9009AFDF7F0F90446002C86
S3150102C11000F06581DEE708ABCDE901A32A465B465D
S3150102C12041463046CDF80090FFF768FBEEE7BBF1DA
S3150102C130000FA5D0B9F1000FA2D0B8F1000F9FD020
S3150102C14000233788736207F44F42EB00B2F5824F40
S3150102C150089364D1FAB2122A06D0413A012A12D8B8
S3150102C160202D10D1FF230DE027F0FF02B2F5824FF9
S3150102C17002BF083B5B080893089BB3F5047F02D113
S3150102C18040F20923089300232A460B93414630467F
S3150102C1900BABFFF757FA044600289BD10B9C384696
S3150102C1A00734E408FCF7C8F910B1013D08F10108AA
S3150102C1B00CAF2022002138460B94D9F7A5D9214686
S3150102C1C03A463046FCF772FA0446002882D1BE4648
S3150102C1D00DF1500CBEE80F00ACE80F009EE80F000F
S3150102C1E08CE80F00EB1C214623F0030328221CA82E
S3150102C1F0CDE917481993D9F787D92B464A465946A5
S3150102C20030460097FCF7C2F9044600287FF462AF74
S3150102C2101CA8D8F745DD20B16FF092045AE72C46E7
S3150102C220C6E73A4614A91CA8FFF7BAFE18B11CA81C
S3150102C230D8F736DDF0E74A4659463846FCF7E6FABC
S3150102C240044600287FF446AF524629463046FCF79B
S3150102C25081F904461CA8D8F723DD00283FF457AF1D
S3150102C260DAE700BF010080000200800003008000BF
S3150102C270B8F1000F3FF404AFBBF1000F3FF400AF7A
S3150102C280B9F1000F3FF4FCAE0023D2B27362EB00A8
S3150102C2900893002A7FF4F4AE3788B7F5105F78D198
S3150102C2A0A5F11002102A7BD8634BD340DB0777D561
S3150102C2B0B368002BFFF6E4AE202200210CA8D9F7C1
S3150102C2C023D9294630460CAAFCF7F0F90446002880
S3150102C2D07FF400AF0423B7F5105F0F938DF8410089
S3150102C2E061D18DF84200D6F81490B9F1000F93D0BE
S3150102C2F0524F07F6D810D8F7FADD0446002840D186
S3150102C3000DF1500C0DF1300EBEE80F00ACE80F0036
S3150102C3109EE80F0003358CE80F0025F00305214640
S3150102C32028221CA8CDE917481995D9F7EDD849460F
S3150102C3300CA8FCF767F90446F0B91CA8D8F7B0DCDB
S3150102C3409DF840500446B8B90CAA14A91CA8FFF7D7
S3150102C35027FE044680B94FF001089DF8423007EBEB
S3150102C360C5071CA8C7F8589687F85C8687F85D3614
S3150102C370D8F796DC044660B39DF84020D2B902F0A4
S3150102C380BBFA1C2C4ED02E2C7FF446AF6FF08A04DA
S3150102C390A0E6B7F5885F03D1402D89D0802D87D0DD
S3150102C3A06FF0850496E6B7F5885F04BF01238DF821
S3150102C3B0423098E71F2AE2D8204B03EBC20393F8D7
S3150102C3C05C26012A02BF0022C3F85826A3F85C267E
S3150102C3D0D5E702F091FA8BF80050C6F824800A9943
S3150102C3E0089B4A880ABB4B804FF6F87293420A9819
S3150102C3F0D6D8049B1B881BB102889A427FF440AEB1
S3150102C400049B5B881BB142889A427FF439AE059937
S3150102C41002F0E4FB044600287FF45CAE204627B016
S3150102C420BDE8F08F6FF08D0454E69A42DCD027E620
S3150102C4306FF08604F2E700BF0101010070B6002029
S3150102C440F0B585B017461E460A9AF8B1F2B143EA2B
S3150102C450070515F003051BD10E4B019243EA012193
S3150102C4600123C0E900150293856046F00053056277
S3150102C47001A90393D8F748DC3946D8F71BDC3146C4
S3150102C480D8F718DCD8F77ADC05B0F0BD2220FBE735
S3150102C4902120F9E7010030437FB51546C8B1C3B182
S3150102C4A012F0030217D1019301230C4E029346EABD
S3150102C4B001210B4BC0E900128260026201A90393BA
S3150102C4C0D8F722DC2946D8F7F5DBD8F757DC04B0D2
S3150102C4D070BD2220FBE72120F9E700BF02003043AD
S3150102C4E00400002070B50223002490B0009006A833
S3150102C4F00E46CDE90143D8F7D3DB01230C4D03A93F
S3150102C500039504930B4B06A805930B4B0894CDE9AF
S3150102C51006340E94D8F7F8DBD8F730DC30B9334657
S3150102C5202946684605F1FC02F8F770F810B070BDAD
S3150102C530ACC00020FC0000200000FD430346084673
S3150102C540B0F1006F41F2F01210B489B203D29142F6
S3150102C55008D001200DE000F06044B4F1404FF6D15D
S3150102C560914209D10020064AD2F81811D2F81C21AB
S3150102C57019805DF8044B704719465DF8044BB1E723
S3150102C5800080E00F2DE9F043054616460C46A9B098
S3150102C590002900F0B680002A00F0B3802022002193
S3150102C5A00EA8D8F7B1DF2146324628460EABFDF773
S3150102C5B015FE044668BB2D8805F44F43B3F5824F39
S3150102C5C02BD1413DEDB2012D94BF0025012516AEB9
S3150102C5D00EAF0FCF0FC697E80F0086E80F00202394
S3150102C5E000221B93189BDFF83C8123F0807323F40E
S3150102C5F08043694643F4005305EB080916A8CDE9C1
S3150102C600192918930092FDF701FF014638B16FF01F
S3150102C6109204204629B0BDE8F0830125D7E7009EA2
S3150102C6202E44202E00966FD828221EA8D8F76CDF3A
S3150102C6301EA8D8F735DB0028E9D1012316A91A4627
S3150102C6400EA8FDF718FF48B1012862D16FF08B04DD
S3150102C6501EA8D8F725DB0028DBD0D8E7109B13F4F8
S3150102C660C04F58D02D4B0BAFCDE91E3020902690EE
S3150102C67039460EA8FDF758FF0028E5D10B991EA8E9
S3150102C680D8F718DB02A90EA8FEF764F80028DBD159
S3150102C6901EA8FEF79BF805A90EA8FEF771F8002859
S3150102C6A0D2D105A91EA8FEF791F801A916A8FDF790
S3150102C6B0ADFE0028C8D1019B202B2CD8012243F0C4
S3150102C6C00053CDF82C900C920D9308AB97E8070016
S3150102C6D083E8070019461EA8D8F716DB03271EA80A
S3150102C6E0D8F74CDB012812D1013FF8D1AEE715B1DB
S3150102C6F0042388F800300A4B1E60A9E76FF085040F
S3150102C700A6E76FF0860484E76FF0890481E70028C3
S3150102C710EDD04828F2D06FF0920499E700000102A9
S3150102C720E4E400204D9500202DE9F04F1F46202319
S3150102C7300D460021D7B03B608046914620A8D822FB
S3150102C7401F91D8F7E1DE03238DF880309F4B24AA8F
S3150102C75003F12006144618685968083303C4B34224
S3150102C7602246F7D1032300208DF88430FBF76DFFB3
S3150102C7700446E8B9964B1F932046FCF7C3F80446D4
S3150102C780002840F0F280924B1F9A9A4240F095811E
S3150102C790B8F1000F00F0988015A8D8F781DA20B910
S3150102C7A09DF88430032B07D873B96FF0920469E0C0
S3150102C7B01FA8FBF766FFDFE7043B012BF5D836AA74
S3150102C7C08026229B019203E040262CAA229B0192FB
S3150102C7D0EA184FEA561C229222D2012222A951F8C4
S3150102C7E0040F0028E1D101329445F8D106F1FF3A4E
S3150102C7F00AEA030AA6EB0A0BBAF1000F22D15D453A
S3150102C8003AD3B5FBF6FB42465B4615A921A8FEF7CC
S3150102C81019FE0028C9D10BFB06F6B044AD1B2AE06E
S3150102C8200121239A0CF1FF3E0132239223AA71457B
S3150102C830D3D252F8040B01310028F8D11068013025
S3150102C8401060F4E75D4501D2B542D9E7019B5A462C
S3150102C850414603EB0A0009F07DFE0123019A15A95F
S3150102C86021A8FEF7EFFD00289FD1AD1B5544AE422C
S3150102C8708246D844C5D92DB101982A46414650442B
S3150102C88009F068FE2046FBF7E0FEFCF73BF804469A
S3150102C89000286AD11F9D4F49EBB243F000738B42C8
S3150102C8A031D04D4A934207D80C3A93420FD84B489E
S3150102C8B0834226D88B425CD82022212148463A60FF
S3150102C8C0D8F722DE00263CE06FF08604DAE7012281
S3150102C8D003F17E43083B02FA03F340F60C4213428C
S3150102C8E019D140F22222134224D140F211121342EB
S3150102C8F0E2D02022212148463A60D8F705DE1C26DD
S3150102C9001FE09342D8D12022212148463A60D8F726
S3150102C910FBDD102615E0202221213A604846D8F790
S3150102C920F3DD1FA8FBF7ADFE6FF08904204657B071
S3150102C930BDE8F08F20262121324648463E60D8F7CF
S3150102C940E3DD234B9D4240F0B28015A8D8F7A8D962
S3150102C9500146B0B16FF092042046FBF776FEFBF773
S3150102C960D1FF0446002800F09C801FA8FBF789FE30
S3150102C970DCE72022212148463A60D8F7C5DD142694
S3150102C980DFE79DF88430022B0AD0032B17D0012B47
S3150102C99019D0D42221A8D8F7B7DD6FF08904DBE7D5
S3150102C9A020254FF01C0A0E4ADDF88C80B8F1000FE3
S3150102C9B01CD0D422002121A8D8F7A6DDCAE720255A
S3150102C9C0084AAA46F0E71425074AFAE7F89003014E
S3150102C9D00900000203000002130000020500000222
S3150102C9E0000303030004030300020303229B15A8A9
S3150102C9F003F03F0B5946CDE915280193CDF85C802A
S3150102CA00CDF87480D8F756D9019B45F000551946E1
S3150102CA10D8F750D94FF0010C24AA0C920DF10C0E45
S3150102CA20CDF834C00CAB0E9593E807008EE80700EB
S3150102CA302CAA0F924BF00052CDF840C006AD1192CE
S3150102CA400FAB93E8070085E807004AF00052CDF8DC
S3150102CA50489012ABCDF84CC00DF12409149293E81B
S3150102CA60070089E80700714615A8FDF7AFFE2946BA
S3150102CA70FDF7ACFE4946D8F747D9D8F77FD905461F
S3150102CA80D422414621A8D8F73FDD35B99DF8803039
S3150102CA90032B18BF6FF088045EE7212D7FF45AAF8E
S3150102CAA07BE73E601FA8FBF7ECFD04463EE71FA8A5
S3150102CAB0FBF7E7FD6FF0880438E76FF0880454E767
S3150102CAC070B5C36D0446002B44D003685A6A22B975
S3150102CAD00BF00DF86FF0470070BD1A6AD0E9060136
S3150102CAE0D317D8F781DB1A4305D020460AF0FFFF98
S3150102CAF06FF04500F0E7E3682BB923691BB90123FF
S3150102CB00E3620020E8E7264620460AF080FF56F84F
S3150102CB105C3BA16E5A6A3046C2F5977319440AF014
S3150102CB2067FF236802F10F055A6A25F00F05AA422B
S3150102CB3005D0AA1A002142F080420AF059FF226862
S3150102CB40E36E926930461343E36604F174010BF016
S3150102CB50D7F8D6E76FF02000BEE730B5436F04463B
S3150102CB6089B01BB1D0F884309B0676D463683C4AFF
S3150102CB7023F47E13934236D002F58072934266D134
S3150102CB8094F8D4310C2B62D100210846D8F770DA19
S3150102CB9018B16FF08F0009B030BD23788BB90793B6
S3150102CBA004F5E27207AB04F1080104F118000AF078
S3150102CBB0DDFC0446D8F710DA0028EAD13CB9002098
S3150102CBC0E9E7012B06D0D8F707DA0028E1D16FF0A1
S3150102CBD09200E0E704F5E27204F1080104F118009B
S3150102CBE00AF0DDFEE5E794F8D431073B062B31D88E
S3150102CBF094F8B8318BB300210846D8F739DA002800
S3150102CC00C7D12378B3B9D4E96F1007ADE288CDE96C
S3150102CC10033502F03F0207930290CDE9002104F1A8
S3150102CC20180094F8D43104F5E27204F108010AF00D
S3150102CC306FFDBEE7012BC6D1D4E96F15E2880790D5
S3150102CC4007A8CDE9033002F03F020295E5E76FF04E
S3150102CC508500A0E76FF086009DE76FF088009AE7EE
S3150102CC60000140052DE9F0479846324BECB01C68AD
S3150102CC7005460E461746DDF8D0A1DDF8DC91FCB972
S3150102CC8019699A68CDE901215868197D0394D8F783
S3150102CC90EFD9044680B9EDB100906B46524601A91F
S3150102CCA004A80AF063FC8246D8F796D9044618B955
S3150102CCB0BAF1000F14D0012420466CB0BDE8F0870A
S3150102CCC0012C35D100229C681146202C8CBF0024F0
S3150102CCD00134D7E7524601A904A80AF060FEE2E749
S3150102CCE004A8DDE975120AF00AFF0028E3D14346DA
S3150102CCF03A46314604A80AF069FF0028DBD104212D
S3150102CD0004A80AF0E5FF0028D5D1494604A865B171
S3150102CD100AF05EFB0028CED104A80AF0A0FF002883
S3150102CD20CAD0002DC7D12C24C6E70AF09DFBF1E734
S3150102CD302124C1E7187A00202DE9F0410F46144655
S3150102CD401D460646ADF5067D002869D0002A67D044
S3150102CD50002108461960D8F78BD930B16FF08F04DC
S3150102CD6020460DF5067DBDE8F0812F4B4FF4067185
S3150102CD7068460093FDF736FE8046D8F72DD900287E
S3150102CD80ECD1B8F1000F02D06FF09204E8E70698F1
S3150102CD900028F9D0029B079A0233B2EB031F02D293
S3150102CDA0D8F728D9F0E73A46019B3146DB6806A84F
S3150102CDB00AF00DFE049803993B180493029B0A4458
S3150102CDC001330293069B0392002BDDD0884204D0E5
S3150102CDD0009B0A9A5B6853400A9321466846059B63
S3150102CDE098470CA906A80AF08BFF4FF0FF340026DC
S3150102CDF0631C05D0002CC7D1009BDB682B60AFE713
S3150102CE00D8F78CD9069B002BBED006A80AF09CFA4D
S3150102CE10421C0446F4D00698D8F7ECD80696E7E702
S3150102CE206FF086049CE700BFAC9103012DE9F04146
S3150102CE30002496B01C600746884616461D46FFF733
S3150102CE407BFF10F1860F34D1002F35D0002E33D05F
S3150102CE5020230CA82B60D7F723DF044638BB184BD7
S3150102CE604146CDE90C300E9014900CA8D7F722DF7B
S3150102CE70069701276B4648F00051079706AA0891C3
S3150102CE8007CA83E807000F4A09960A9703AE0B926F
S3150102CE9009AA07CA86E8070019460CA8FDF796FCF7
S3150102CEA03146D7F731DFD7F769DF10B12C606FF062
S3150102CEB0920016B0BDE8F0816FF08600F9E700BF77
S3150102CEC0000400032000002000212DE9F043A74FB2
S3150102CED0DBB004461C2215A81491D8F715DB3B7862
S3150102CEE0052B02D10320F1F7F0FB234636AD2034A0
S3150102CEF02A4618685968083303C2A3421546F7D170
S3150102CF0040219B48FBF77DFE98B9994B3EAD03F153
S3150102CF1020062A4618685968083303C2B3421546E1
S3150102CF20F7D10CAD2A46402146AB36A8FFF77EFF64
S3150102CF3018B101205BB0BDE8F0838E4B95E8030082
S3150102CF409980090C186099710E98BDF83C109DF8EC
S3150102CF503E20C3F80700A3F80B105A73234646ACCA
S3150102CF6003F12005224618685968083303C2AB4209
S3150102CF701446F7D1804B4EAC03F1200522461868C0
S3150102CF805968083303C2AB421446F7D101A90023FB
S3150102CF9001224FF48440FCF71BFF014650B9019C64
S3150102CFA06368D4E908651B0A09D0012B42D02046E1
S3150102CFB0FCF754FB502146A8F7F710FFB9E723887F
S3150102CFC003F4E042B2F5805F10D0B2F5005F0DD0F6
S3150102CFD044F2010223F44051914207D003F44F4334
S3150102CFE0B3F5824F02D0B3F5844FE0D1102DDED8CE
S3150102CFF02A46314656A809F0ADFA56AB0021C5F1CB
S3150102D00010025819D8F780DA2046FCF727FB0028C8
S3150102D010D0D150212CAB14AA46A8FFF707FF04462C
S3150102D020502146A8F7F7DAFE002C00F0A78020214E
S3150102D03014A8C1E7002EBAD0002DB8D0A368D8072C
S3150102D040B5D520221CA8D8F75FDA2A4631462046F2
S3150102D0501CABFDF7C3F880460028A8D124AD1CAE4F
S3150102D0600FCE0FC596E80F0085E80F0002A924A886
S3150102D0702688CDF80880FDF7C9F905463046FBF743
S3150102D0805BFA0022012806BF04230DF2591656AE99
S3150102D090CDE927264FF010020ABF8DF85831102329
S3150102D0A00F23B4F802902992002D80D1029A93425D
S3150102D0B0FFF47DAF282229462CA8D8F725DA2CA819
S3150102D0C0D7F7EEDD00287FF472AF2B46012224A9A1
S3150102D0D01CA8FDF7D0F970B91F9B013B012B0AD899
S3150102D0E04FF0817309A91CA8CDE92C352E953495EB
S3150102D0F0FDF71AFA78B16FF092082CA8D7F7D0DDAE
S3150102D10000287FF454AF2046FCF7A8FAB8F1000FC5
S3150102D1103FF47DAF4EE709992CA8D7F7CBDD03A9DA
S3150102D1201CA8FDF717FB0028E5D12CA8FDF74EFB3D
S3150102D13006A91CA8FDF724FB0028DCD106A92CA808
S3150102D140FDF744FB09A924A8FDF71AFB0028D2D151
S3150102D15009A92CA8D7F7D8DDD7F710DE0028CAD13E
S3150102D1604A463146208801F0CDFBC6E7FC930020F2
S3150102D170ED940020049400200D9500203B78032BAA
S3150102D18003D1144B1868FDF757FD2CA8F1F788FA5D
S3150102D190114B24A82F934FF440732493F1F788FA85
S3150102D1A0249B0E492E9300232022CDE92C13319381
S3150102D1B014A9084B2CA8FEF737FF0446202114A810
S3150102D1C0F7F70CFE002C7FF4B4AE0420F1F77DFADA
S3150102D1D02046AFE61894002000024805002400010B
S3150102D1E010B50368114C024623F47E10A04206D004
S3150102D1F004F58074A04204D06FF0880012E0D803CF
S3150102D20011D41B0C13F03C0F0DD003F03F03102B6E
S3150102D21009D8536A002BEFD1906A0028ECD1052375
S3150102D220C2E90D3110BD6FF08600FBE70001400532
S3150102D230C0B10388B3F5105F14D143681B0A08D144
S3150102D24043880733B1EBD30F2CBF00206FF0860062
S3150102D2507047064A934205D1002914BF00206FF098
S3150102D260860070476FF08600704700BF010080009C
S3150102D270C30603D5012907D0042905D00539022998
S3150102D2808CBF00200120704701207047F8B5054682
S3150102D29016461F460C46A1B19AB100214FF4F87207
S3150102D2A0D8F732D939462046FFF7C2FF58B9064B9D
S3150102D2B032466B60214605F10800BDE8F840FCF7ED
S3150102D2C02EBE6FF08600F8BD000248052DE9F74330
S3150102D2D0DDF82C80054616461F460C4629B96FF025
S3150102D2E08604204603B0BDE8F083002AF7D04B88B6
S3150102D2F00733B7EBD30FF2D30B88B3F5105F30D1F7
S3150102D30000F104097C2200214846D8F7FDD8184BC2
S3150102D31020462B603A464B463146FCF75FFF0446F0
S3150102D3200028DED1019001A94846FCF72FFFD8B9A2
S3150102D330019AA2F110011029D1D80E4BCB40DB077D
S3150102D340CDD50D9B1A440C9B9A42C8D840466969B1
S3150102D35009F000F99DF82830C5F8148085F83030B7
S3150102D360BFE76FF08504BCE76FF09204B9E700BF2F
S3150102D37000024805010101002DE9F84F0E689846A1
S3150102D38004460D4691468B68002E71D1002B00F0A2
S3150102D390878001200AF073FB012298F8073040F2D8
S3150102D3A004419A4032430AF086FB0A9B07461B68F0
S3150102D3B013F0010B08D04FF080524FF481610AF04D
S3150102D3C07AFB4FF0020B0746002F6FD03846D7F78C
S3150102D3D0DDDDE06600286CD0A2464AF86C8BAB68AC
S3150102D3E098F807209E01F6B29B0846EA03760123C6
S3150102D3F0083293401E43D8F8003004F184021B68B8
S3150102D4006267B02204F17C0146EA0B0622675046A6
S3150102D410C4E91E16284A0AF0DAFAAB684BB9236840
S3150102D4206A681B6850465B68296842F000520AF036
S3150102D430CEFAB9F1000F07D0236849461B68504658
S3150102D440DB681E4A0AF0C3FA0023C4E90175C4E97E
S3150102D4500333E363636604F14402236822641A7A9E
S3150102D460012A16D05B7A012B13D00020BDE8F88F72
S3150102D4706BB94A68102A04D0182A06D0202A12D17A
S3150102D48010230F4A52F8236083E70823F9E700269F
S3150102D4907FE71022494604F11C00FDF7A1F9E4E7F2
S3150102D4A06FF02100E2E76FF04100DFE76FF0020063
S3150102D4B0DCE76FF00100D9E704000020100000202C
S3150102D4C0C89203012DE9F041436BC26B07689A4288
S3150102D4D088BFC363C26C836A92B002FB0377036C93
S3150102D4E00E46052203A95B6904463846984703A8F6
S3150102D4F0F5F788FB01280146307070D0E56C226C85
S3150102D5002368A06AD2F814C005FB0030052208A9D7
S3150102D510E04708A8F5F776FB01284FF000053CD055
S3150102D520D4E90B3201219342CDE90D458DF83C50E8
S3150102D53010958DF8441043D119462046F3F7BFFDE5
S3150102D540636BE26C14339B1A206363630E9B1BBBF2
S3150102D5509DF8443003B3A36AE26C2568D4F840808F
S3150102D56002FB03550C350122D8F8143001A92846CD
S3150102D57098474FF6FF72019B99B291420CD11B0C4F
S3150102D5801B0443F4254343F0A503029301222846D3
S3150102D590D8F8183002A998470E9D236C05225B69BB
S3150102D5A003A93846984703A8F5F72CFB307028469D
S3150102D5B0636BE26B9A4288BFE36312B0BDE8F08106
S3150102D5C0237C33B91C490DAA04F10800F4F7D2FFF2
S3150102D5D0BCE72046194A0DABF5F770F9B6E7237C8D
S3150102D5E023BB2246164904F10800F4F7C3FFA16AD8
S3150102D5F02046F5F796FBA16A421C2046F5F748FC40
S3150102D600054620B9636BE26C1344143B63632046FF
S3150102D610E16AF3F754FD2368E062C01AE36CB0FBDA
S3150102D620F3F0A0622046F3F773FDB6E70023204626
S3150102D630044AF5F743F9DAE7A93A0201913B0201F5
S3150102D64085210201E1210201F8B504464518073593
S3150102D65049420D40A5F108063046F6F797FE628863
S3150102D660301BA2EBE00225F8062CA188C31001EBC0
S3150102D670E00189B225F8041CA288A2B1A4EBC20278
S3150102D6805788D180D9195180E2889AB1D31A9BB2AF
S3150102D69004EBC20425F8023CA380084A93680344BA
S3150102D6A093603046F8BD15F8082C42F0020205F8DF
S3150102D6B0082CE9E725F8022CEFE700BF687800207D
S3150102D6C038B503680446B3B1012B0CD182690A4B02
S3150102D6D09A4208D100F120055830F7F763FA68211A
S3150102D6E02846F7F77BFB2046BDE838404FF4027225
S3150102D6F00021D7F7099F38BD000150052DE9F04FEA
S3150102D700A9B004460E4615469946339FDDF8D480E4
S3150102D710002B00F0B280379B002B00F0AE801FB1C8
S3150102D720329B002B00F0A9803DB1349B002B00F007
S3150102D730A480B8F1000F00F0A0803368103B102BD3
S3150102D74000F29B804E4A22FA03F3D90740F19580F3
S3150102D75000234C4A0DF1900A51463046C4E9002392
S3150102D760A3602362FCF7E0FE834600287BD12046B4
S3150102D7702499D7F79FDA39462046D7F79BDA294605
S3150102D7802046D7F797DA69463046FCF7E3FF834628
S3150102D790002868D169462046FDF718F8304603A9E4
S3150102D7A0FCF7EEFF834600285DD10126204603A938
S3150102D7B0FDF70CF8344BCDF8849021AA22962393D7
S3150102D7C006AB07CA83E8070019462046FCF7FEFFA7
S3150102D7D0329B47F000571E931EAA1F9609AB20974C
S3150102D7E007CA83E8070019462046FCF7EFFF349B78
S3150102D7F045F000571B931BAA1C960CAB1D9707CA33
S3150102D80083E8070019462046FCF7E0FFCDF8608061
S3150102D8100FAB199618AA1A9707CA83E80700B8F137
S3150102D820000F03D1119A42F0804211921946204605
S3150102D830D7F76ADA0123CDF854A01693134B15AA2A
S3150102D840179312AB07CA83E8070019462046D7F792
S3150102D8505BDA2046D7F792DA834640B95146369AC1
S3150102D860379808F077FE584629B0BDE8F08F2A4668
S3150102D87000214046D7F748DEF5E74FF0210BF2E7E4
S3150102D88001010100000002040C000020100000202A
S3150102D8902DE9F843436E044613F018060D4644D1AA
S3150102D8A05907426A3DD4042A3FD9017843F0040359
S3150102D8B081EA12210170417843664A4042704FF073
S3150102D8C0050804F13807E26A0023023202F00F0268
S3150102D8D0C2F11000404528BF404604EB020C03F199
S3150102D8E0040E70450CEB030122D2984229D8E36A51
S3150102D8F002440344102AE362A8EB0008054402D05D
S3150102D900626A934227D1224621463846F8F75CFFDE
S3150102D91008B30646636E43F0100363663046BDE8FC
S3150102D920F883C36A05339342C9D96FF00C06F5E74A
S3150102D930E9585CF8039081EA09014CF80310734631
S3150102D940CDE715F803E091F800C001338CEA0E0C1D
S3150102D95001F801CBC9E7B8F1000FB4D1E26A636AF3
S3150102D9609A42DBD1636EC4F82C8043F008036366E6
S3150102D970D4E710B500F0FE44B4F1A06F084C08BF1D
S3150102D98020F47E10A04204D10220B1F5105F10707E
S3150102D99002D06FF0850010BD18700020FBE700BFB2
S3150102D9A0004040040023F7B51360077904460E468A
S3150102D9B0436927B1FF2F18D16FF0860512E0002BBC
S3150102D9C0FAD1A2681D4B1340002BF5D14FF6F8731D
S3150102D9D062889A422ED81A4B1A481B68984750B148
S3150102D9E06FF08F05284603B0F0BD6FF04042013B50
S3150102D9F09342E1D2E5E707B901A83146FBF7EEFD0D
S3150102DA00114B05461B680F48984710B1002DE9D105
S3150102DA10E6E7002DE6D10FCCD6F800C066460FC662
S3150102DA2094E8030086E80300002FDBD1019BCCF8C2
S3150102DA301430D7E76FF08505D4E700BFFC00FF7FFE
S3150102DA405CF7002030BE002060F700202DE9F74F79
S3150102DA5000F4E04ABAF5804F80460F4616461D4647
S3150102DA6012D100F44F43B3F5824F02D1C3B2412B17
S3150102DA700AD0E90705D56B0847B1FA1DB3EBD20FF8
S3150102DA8005D06FF0860787E02B46F5E7DF00802198
S3150102DA900120F6F71AFC0446002800F06881F7F720
S3150102DAA017F90123002204F16809C4E9182348463B
S3150102DAB0F7F705F908F44F43B3F5824F0BD15FFA35
S3150102DAC088F8B8F1300F37D008D8B8F1120F13D051
S3150102DAD0B8F1170F39D06FF086051FE0B8F1410F83
S3150102DAE0F9D1B7F5807F05D0B7F5E07F00F03A812D
S3150102DAF0FF2FF0D109212FE040F209239F4200F0C6
S3150102DB00318116D8B7F5807F25D00FD827F02007A7
S3150102DB10C02F0CBF6FF085056FF086052046F9F719
S3150102DB2074FB2046F5F7D6FA2F4635E0B7F5C07FE6
S3150102DB30EFE7B7F5047FECE727F08003B3F5807FC3
S3150102DB4000F01081B7F5007FE3E7C02F00F00A81EC
S3150102DB50B7F5807FDDE703212046F9F766FBFAF781
S3150102DB60D1FE0746002840F00081BAF5804F7DD1EB
S3150102DB70B5B9DFF808824046FAF7C4FE0546002821
S3150102DB80CCD149462046F8F7F9FCFAF7BBFE054621
S3150102DB900028C3D10C9B1C60384603B0BDE8F08F48
S3150102DBA0201DF6F7A3FF00F1070A2046F7F77EF8D4
S3150102DBB002284FEADA0A30D15545DAD12A463146E8
S3150102DBC04846F7F71BFA80460028D4D104F17000C3
S3150102DBD0F7F719F92378092B15D0012104F17800F9
S3150102DBE0F7F7B6FA80460028C5D12046F7F75EF860
S3150102DBF00128C0D132789AB9012DBAD14846F7F730
S3150102DC00BBFA8046B7E7E900424648460139F7F7CB
S3150102DC10C6FA80460028E0D0ADE7DFF85881E4E78E
S3150102DC200AF1010B5D450190A3D352464846711C88
S3150102DC30F7F716FA804600289DD1019B04F1780078
S3150102DC401946F7F785FA8046002894D13378042BD2
S3150102DC508FD14FEA4A0301339D428AD1524606EBDE
S3150102DC600B0104F17000F7F7FBF9CAE794F800A07B
S3150102DC7020465146F9F7D9FA0246002842D12046F2
S3150102DC80F7F714F80228814604F1600864D1BAF163
S3150102DC90090F42D1202D63D12A4631464046F7F774
S3150102DCA0ADF9024648BB01464046F7F778FA024605
S3150102DCB018BB01214046F7F772FA0246E8B949460E
S3150102DCC04046F7F76CFA0246B8B9FF214046F7F724
S3150102DCD066FA024688B90122FE214046F7F75FFA43
S3150102DCE0024650B92046F6F7E1FF01280CD041461B
S3150102DCF02046F7F707F8024620B140460192F7F7A8
S3150102DD0082F8019A104640E72A4631464046F7F71D
S3150102DD10A7F902460028EAD0EFE7BAF10D0F1DD1A5
S3150102DD20382D1DD12A4631464046F7F767F9024694
S3150102DD300028E2D101464046F7F731FA02460028A9
S3150102DD40DBD101214046F7F72AFA02460028D4D14F
S3150102DD50012240F2BF11C0E70128D5D0054ACCE71E
S3150102DD60054ACFE76FF08505D8E60546D6E66FF098
S3150102DD708C0711E780B1FFFF80B3FFFF80B0FFFF81
S3150102DD8013F07E0F2DE9F0470C4615460CBF4FF0F6
S3150102DD90010A4FF0000A07465246294620461E4608
S3150102DDA0C3F34508F7F770F848BB04F10809524670
S3150102DDB0484605F10801F7F767F800BB08F1FF339A
S3150102DDC0D3F1000848EB03084246204605F1180143
S3150102DDD0F7F75AF898B94246484605F12001F7F78E
S3150102DDE053F860B921463846F209F7F787FB30B98D
S3150102DDF004F110000121BDE8F047F7F7A9B9BDE822
S3150102DE00F08738B50C46054601212046F7F7EEF9AB
S3150102DE1028B921462846BDE83840F7F7A3BA38BDE6
S3150102DE202DE9F84312F0030418BF012404EB92040E
S3150102DE308C4207460E4615464FEA8409C2EB840810
S3150102DE401AD842460021D7F75FDB321B0021920026
S3150102DE5007EB0900D7F758DB2A46002007EB080132
S3150102DE60FAF7E7FE054620B91CB121463846F6F710
S3150102DE7087FE2846BDE8F8836FF00305F9E710B57A
S3150102DE80044660B1064B07481B6898472046FAF7D5
S3150102DE9084FEBDE81040044B02481B68184710BDBA
S3150102DEA05CF7002030BE002060F700202DE9F04F1C
S3150102DEB0A7B00446DDE933970E4615469B46DDF8C3
S3150102DEC0C480002B00F0B880359B002B00F0B48093
S3150102DED0B8F1000F03D0309B002B00F0AD803DB1AD
S3150102DEE0329B002B00F0A880B9F1000F00F0A4804C
S3150102DEF03B1F0C2B00F2A0803368103B102B00F263
S3150102DF009B804E4A22FA03F3DB0740F195804C4B84
S3150102DF100DF18C0A43EA0723236000235146C4E923
S3150102DF20013323623046FCF7FFFA034600287FD10C
S3150102DF3020462399D6F7BEDE41462046D6F7BADEFB
S3150102DF4029462046D6F7B6DE304602A9FCF702FC80
S3150102DF50034600286CD1204602A9FCF737FC30465D
S3150102DF6005A9FCF70DFC0346002861D101262046CE
S3150102DF7005A9FCF72BFC334BCDF88CB024962593DF
S3150102DF8008AB9AE8070083E8070019462046FCF722
S3150102DF901DFC309B20AA209348F000532196229320
S3150102DFA00BAB07CA83E8070019462046FCF70EFCAD
S3150102DFB0329B45F000581D931DAA1E960EABCDF855
S3150102DFC07C8007CA83E8070019462046FCF7FEFB58
S3150102DFD0359B47F000571A931AAA1B9611AB1C9749
S3150102DFE007CA83E8070019462046FCF7EFFBCDF87E
S3150102DFF05C9014AB189617AACDF8648007CA83E819
S3150102E0000700B9F1000F03D1169A42F08042169227
S3150102E01019462046D6F778DE2046D6F7AFDE034606
S3150102E02030B101902A4600214846D7F76DDA019BA5
S3150102E030184627B0BDE8F08F2123F9E70101010057
S3150102E040000003040C000020F0B5C3688BB1002464
S3150102E0500768013B1E19700857F83050C5F31305BE
S3150102E060A94202D110600020F0BD04D9441C9C4291
S3150102E070F0D92D20F8E7012EFBD9431EF7E7094B0C
S3150102E08082B0D3F81821D3F81C31CDE90023431EFF
S3150102E09002AA073012F8011D03F8011F8342F9D1C2
S3150102E0A002B070470080E00F2DE9F8430446884626
S3150102E0B000211F469146EAF76BFE144B144EE41AF1
S3150102E0C01E23E410B4FBF3F4E4B2A50105F10C0C32
S3150102E0D006EB841484F80180B44499E80F008CE8B5
S3150102E0E00F0005F11C0CB44497E80F008CE80F00F1
S3150102E0F02C35089B35440FCB85E80F004FF6FF738D
S3150102E100A38784F83E30BDE8F88300BFF884002077
S3150102E110C489002013B5184B0DF10601186808F0E1
S3150102E120E9FB1648BDF80610154A90F900300B397D
S3150102E13054567F2B0A4490F9011092F9100008D126
S3150102E140A042A8BF20467F2911D17F2808BF0020FF
S3150102E15007E0A042A8BF20467F2904D19842A8BF62
S3150102E160184602B010BD8B42B8BF0B46F6E788428D
S3150102E170A8BF084640B2F4E734880020A0890020EF
S3150102E180A289002073B50A4E0A4D31460446286813
S3150102E19008F0F1FAEAF750FB074B01940093C2002B
S3150102E1A001233146286808F0D6FA02B070BD00BFD5
S3150102E1B0D0880020348800203B9501012DE9F04FDB
S3150102E1C0EDB00F46DDE97695DDE97B6A11469846A3
S3150102E1D08346789C00287AD0002F78D0B9F1000FB7
S3150102E1E075D00DB9002C72D116B9BAF1000F6ED1E4
S3150102E1F0BBF8003003F4E042B2F5005F67D1C3F326
S3150102E2000222042A63D1B3F5105F60D1BBF8023052
S3150102E21023F04002802A02D0B3F5807F57D15846B7
S3150102E220FFF706F80146C0B9544553D8B54208D29C
S3150102E2302B199E4205D229462246304608F00FF98D
S3150102E240354659463A4601A8FBF769FE014620B909
S3150102E250D6F70EDF28B16FF08F0108466DB0BDE823
S3150102E260F08F424601A904A809F099FB0746D6F7A1
S3150102E270B3DE0028EFD117B16FF09201EDE77A997B
S3150102E28004A809F025FD0028F6D10522494604A86D
S3150102E29009F035FC0028EFD133462246294604A867
S3150102E2A009F094FC0028E7D1799904A809F0DCF871
S3150102E2B00028E1D104A809F0D2FC014620B11031AF
S3150102E2C0DAD16FF09401C8E77D9B1C60C5E76FF058
S3150102E2D08601C2E76FF08901BFE72DE9F0478CB0ED
S3150102E2E00E46DDE9159517469846044690B3008811
S3150102E2F000F4E043B3F5005F29D1C0F302200428FC
S3150102E30025D1072D26D94FF0080AB9F1000F21D0E0
S3150102E31008ABA5EB0A055246184609EB050108F0BA
S3150102E32019F9199A149B0792189ACDE90250069285
S3150102E330179A0093CDE904A243463A46314620464E
S3150102E340CDF80490FFF73AFF0CB0BDE8F0874FF025
S3150102E350000ADAE76FF08600F6E730B51F4DD5E918
S3150102E360053452B38B420FD0E1B92B6973B92A69CD
S3150102E37082B3002818BF04462278D20714D5A28890
S3150102E38042B3A4EBC204F7E72B698BB140B92B6800
S3150102E3901A78D2070CD5DA884AB103EBC203F7E73A
S3150102E3A00346F5E78C42E2D0C5E9053430BD134692
S3150102E3B08C42DCD00029DAD0F6E78B4208D08342C0
S3150102E3C028BF03468C4207D0844238BF0446EBE796
S3150102E3D00346F7E71446E7E70446E5E768780020CF
S3150102E3E000232DE9F04789460B60002800F0928050
S3150102E3F0494F7B68984280F08D80073020F00705EF
S3150102E400EFF3118A302383F311887E69AEB1337833
S3150102E4107288DB074FEAC20204D5F3886BB106EBB9
S3150102E420C306F4E79542F8D816F0070303D045EA86
S3150102E43003018A42F1D3EB1806D18AF31188BFF39D
S3150102E4406F8F1920BDE8F08772883969C3EBC20262
S3150102E4500139272A39614AD99D4205F1080841D075
S3150102E46008213046FFF7F0F80446A0444046F5F786
S3150102E4708DFF628805F10F01A2EBD102CB08A8F844
S3150102E4800220A8F80430E28872B3D31A9BB204EBD5
S3150102E490C202A8F806309380ED086580B8F8043008
S3150102E4A00022E38031464046FFF757FFBB68083337
S3150102E4B0BB60237843F0010323703B6901333B615F
S3150102E4C06288BB6803EBC203FA68BB60934288BFEA
S3150102E4D0FB608AF31188BFF36F8F08340020C9F8F5
S3150102E4E00040AFE73446C0E7A8F80620D4E79D42CC
S3150102E4F00ED008213046FFF7A7F8044623780122F9
S3150102E50043F00103314620462370FFF726FFD7E782
S3150102E5103446F3E7212095E76878002007B51820ED
S3150102E52001A9FFF75DFF08B100230193019803B02A
S3150102E5305DF804FB2DE9F743994600230646884612
S3150102E54017460193D7F796DE02282BD1304601A949
S3150102E550EFF7FEFC054630BB019CD7F78BDE02289E
S3150102E56003D1D4F8F000D8F7A3D919F0020F15BFD9
S3150102E570D4F88830D4F8843004F1880004F1840098
S3150102E580ABB994F85010607AFEF772FE78BBD7F7F2
S3150102E59071DE022803D1D4F8F000D7F7D1DD304677
S3150102E5A0EFF7C9FC0225284603B0BDE8F083F6F76A
S3150102E5B0FAF8C8B14168D4F80821C8F800100189EF
S3150102E5C002F580523980D2F8B4110160C2F8B40161
S3150102E5D0D7F750DE022803D1D4F8F000D7F7B0DD21
S3150102E5E03046EFF7A8FCDEE7C8F800003880D7F717
S3150102E5F041DE022803D1D4F8F000D7F7A1DD304677
S3150102E600EFF799FC1B25CEE70FB407B5064B05A913
S3150102E6101B6801911BB1054A05481268984703B068
S3150102E6205DF804EB04B07047F88A0020FC8A0020EA
S3150102E630C77D03012DE9F043D9B08946DDE961675A
S3150102E640DDE963850446002800F04C81002900F0CB
S3150102E6504981002A00F04681002E00F043811FB94C
S3150102E660B8F1000F40F03E81002D00F03B81238876
S3150102E670B3F5105F40F0338163681B0A36D16388B4
S3150102E680B2EBD30FC0F02E8123F04002802A03D0D1
S3150102E690B3F5807F40F02681BE420DD206F110030A
S3150102E6A09F4209D2B8F10F0F40F21C813146102266
S3150102E6B0384607F0D4FE3E4621464A4604A8FBF7F1
S3150102E6C02EFC044670B90146D6F7D2DC024638B9A9
S3150102E6D0B8F10F0F0DD8D6F77FDC002800F00581BF
S3150102E6E06FF08F04204659B0BDE8F083804A934209
S3150102E6F0D0E703AB0390009304A97E4B07A8FEF76C
S3150102E7003BFE0446D6F768DC0028E9D134B92298E3
S3150102E71020B1BDF82C3023B1D6F76CDC6FF0920430
S3150102E720E0E70A9B10221033394622A80A93CDE963
S3150102E7300C6709F05DF9079B22A81B681022314676
S3150102E7401B6909F044F922980028E7D007990A9A29
S3150102E7500B7A9A42E0D34C7AB2FBF4F304FB13230D
S3150102E760002BD9D14979269B194218BF8B43BDF893
S3150102E7702C1018BF2693F9B902F10F0323F00F03E8
S3150102E7809A4219D09B1A249A52F8040C40EA0320A1
S3150102E79042F8040C52F8080C034443F0005342F8C1
S3150102E7A0083C0A9B22A803F10F0222F00F02D21A99
S3150102E7B042F0804209F01CF928A922A809F0A0FA20
S3150102E7C04FF0FF340026631C04D0002CA6D110237F
S3150102E7D02B6087E7D6F7A2DC229B002B9ED022A8CC
S3150102E7E008F0B2FD421C0446F4D0209B9BB1079B64
S3150102E7F0DA79032A44D0042A12D0022A6CD10F22D2
S3150102E80058A911F8013D013BDBB2FF2B0B7001D177
S3150102E810013AF6D100242298D6F7ECDB2296D2E70A
S3150102E820BDF82E20002AF5D00A9A997AB2EB410F49
S3150102E8300AD9DDE90C021023219910390A4401444F
S3150102E84054A8FBF7D6FFE5E78A4213D9179918AA06
S3150102E8508A1A5200C2F110020A44169B12A954A83E
S3150102E860FBF7C7FFDDE90C21169854ACC0F1100382
S3150102E8702044E6E710220EA954A8FBF7B1FFC9E727
S3150102E880BDF82E20002AC5D0DDE90C04269A12F025
S3150102E890010118BF04460A9A987AB2EB400F04D9CD
S3150102E8A02199102210392144E6E78242E2D9169AC9
S3150102E8B081B1179918ABCB1A5B00C3F11003194446
S3150102E8C054A8FBF78DFF169854ABC0F110022146EE
S3150102E8D01844D2E712A9F3E76FF002049BE76FF03F
S3150102E8E08504FFE66FF08604FCE66FF08904F9E61B
S3150102E8F001008000A89303010148D6F7D99A00BF07
S3150102E90048C0002020F0FF03B3F5E24F0ED1C0B29A
S3150102E91041280BD1FF2A09D10B7823F007030B708B
S3150102E920CB7F03F07F0343F04003CB7770478B42E3
S3150102E93028BF0B462DE9F04705464FF0000EA1EB25
S3150102E940030A03F00707089CDB084FEA431C02EBA4
S3150102E95043139A4205F120050FD1604405464FEA59
S3150102E960870C03EB8707BB4240F081806044BAF112
S3150102E970010A80F08B80BDE8F087166855F8201CE5
S3150102E980A4FB066816EB0E0648F10008761845F850
S3150102E990206C566855F81C1CA4FB069E48F100061D
S3150102E9A016EB09064EF1000E761845F81C6C9668B0
S3150102E9B04EF1000EA4FB06961EEB090E46F1000867
S3150102E9C055F8186C55F8141C1EEB060645F8186C1A
S3150102E9D0D66802F12002A4FB069E48F1000616EB58
S3150102E9E009064EF1000E761845F8146C52F8106CB1
S3150102E9F04EF1000EA4FB06961EEB090E46F1000827
S3150102EA0055F8106C55F80C1C1EEB060645F8106CF1
S3150102EA1052F80C6CA4FB069E48F1000616EB090699
S3150102EA204EF1000E761845F80C6C52F8086C4EF150
S3150102EA30000EA4FB06961EEB090E46F1000855F8D8
S3150102EA40086C55F8041C1EEB060645F8086C52F8CC
S3150102EA50046CA4FB069E48F1000616EB09064EF16C
S3150102EA60000E76184EF1000E45F8046C71E753F864
S3150102EA70042B2968A4FB022612EB0E0246F10006BC
S3150102EA80521846F1000E45F8042B6CE7036813EBA6
S3150102EA900E032CBF4FF0010E4FF0000E40F8043B5F
S3150102EAA065E7014610209BE410B5A8B1A1B1036840
S3150102EAB0994211D3D0E9024204FB023399420BD2A5
S3150102EAC0EFF31183302282F3118842680A604160B2
S3150102EAD083F31188BFF36F8F10BD73B51F4C012AE3
S3150102EAE0054604EAC1149DF8180023F07C4607D9AD
S3150102EAF0911E012924D9073303F07F031C4306E043
S3150102EB009DF81C3042EAC362224342F0604400236C
S3150102EB10C5E900468DF80730A0B1202229460DF13C
S3150102EB200700F3F749FD1A22291D0DF10700F3F734
S3150102EB3043FD9DF8073046EA83666E6002B070BDFA
S3150102EB401443E4E71B2229460DF10700F3F734FDCE
S3150102EB509DF8073044EAC3642C60EFE780FFFF07A4
S3150102EB6050F83130C3F3130343EA025340F831300C
S3150102EB70704773B5002504468DF807502046A169F2
S3150102EB80F2F74FFA666B864209D2636AB5EB430F17
S3150102EB9005D220460DF10701FEF794FC50B19DF80E
S3150102EBA00730012B04D120460DF10701FEF78AFC3D
S3150102EBB002B070BD0135E1E708B5C3680020984788
S3150102EBC0D7F758DB022805D1034B1868BDE8084080
S3150102EBD0D7F7B69A08BD00BF047800202DE9F04F99
S3150102EBE0A74B8DB080461B68A648069198470446F6
S3150102EBF028B16FF08F0420460DB0BDE8F08F98F86A
S3150102EC000430002B00F01A81D8E90857002D00F0D4
S3150102EC102E81002F00F02B81B7F5005F80F02A814B
S3150102EC2007F1240949460120F5F74FFB064600285C
S3150102EC3000F02381944A8460D2F8EC3029460360BD
S3150102EC40D2F8F030243040F8203CD8F804303A4665
S3150102EC5040F8183CB8F8003020F8143CB8F80230F5
S3150102EC6020F8123CD8F8083040F8103CD8F80C309D
S3150102EC7040F80C3CD8F8103040F8047C40F8083CC7
S3150102EC8007F068FCD8F814B05846FBF7D4F8012807
S3150102EC9000F0E68040F26C73994573D834373946F1
S3150102ECA001200A94F5F711FB054600286AD03A4677
S3150102ECB02146D6F729DCFAF728FD0AABCDE901434D
S3150102ECC001222B46584621460094FAF77FFD18B1D8
S3150102ECD03A46002128464EE06C4B4A462B600023F9
S3150102ECE031466B60C5E902B405F1100007F032FC4A
S3150102ECF0DFF8A8A10A9B05939AF83830002BE7D0D2
S3150102ED00059BB3F5801FE3D202215046F3F70FFCB0
S3150102ED1050465F4A05990DF12703F4F793FCC0BBF0
S3150102ED205B4A1369ABB39AF87410022937D19DF87D
S3150102ED3027C0117EBCF1010F2BD107EBC1018B421A
S3150102ED4027D12946CDE9002C02465046F3F75EFE4D
S3150102ED500146F0B93A464F48D6F7D6DBDAF8400013
S3150102ED60FFF72AFF0598FAF711FD01303A464FF0EF
S3150102ED700001284636D1D6F7C7DB2846F4F7AAF9A9
S3150102ED80FAF7F6FC49463046F6F732F86FF0980480
S3150102ED903FE0DFF808A1DAF818309F4204D9DAF821
S3150102EDA04000FFF709FF93E75046FFF7E2FEDAF864
S3150102EDB03430394650460793F2F733F9079B8342BB
S3150102EDC0EDD301232A460599009350463B46F4F7B3
S3150102EDD0F7FD0790DAF84000FFF7EEFE079B002BDE
S3150102EDE0C0D075E7D6F790DB2846F4F773F9FAF740
S3150102EDF0BFFC584600210AAAFAF74EFE054698B10B
S3150102EE0000215846FBF722F849463046F5F7F0FF4E
S3150102EE102C46214B1B481B68984700283FF4EBAE52
S3150102EE20002C7FF4E8AEE4E60A9B994502D06FF026
S3150102EE309805E5E749463046F5F7DAFFD8F8143082
S3150102EE40069A136098F81830012B0FBF022300238C
S3150102EE50069A6FF096040CBF88F818301360D8E74B
S3150102EE6049463046F5F7C4FF6FF08A04D1E76FF0E1
S3150102EE708604CEE76FF08D04CBE76FF08C04C8E70A
S3150102EE805CF7002030BE0020C8920301105D175EB8
S3150102EE904C79002070A6002060F7002068BF002090
S3150102EEA008B5D7F7E7D9012804D9D7F7F5D9002844
S3150102EEB01FDA08BD154B1B78002BFAD0D5F7E0DE19
S3150102EEC00028F6D10222124BC3F88021C3F8802012
S3150102EED0BFF34F8FBFF36F8F0E4B186ED7F7B5D9AE
S3150102EEE018B90D4B186ED7F73FDE0022074B1A7081
S3150102EEF0DFE7064B1B7823B1D7F7E4D90028DDDA21
S3150102EF00D7E7BDE80840D7F7DD9900BF44C0002026
S3150102EF1000E100E094BE0020E0BF0020002307B517
S3150102EF2006481A46006801A9FAF752FF10B9019874
S3150102EF30FAF794FB03B05DF804FB00BF18940020B6
S3150102EF40B2E521B100F58050D0F8C001F8E770476B
S3150102EF50034608B900207047EFF31182302181F38D
S3150102EF6011884068411C04D182F31188BFF36F8F67
S3150102EF70F0E70168596082F31188BFF36F8F70471A
S3150102EF80836A03B11847704737B504460522D0F89C
S3150102EF90080101A9EFF715F8B0B9019B5C61227A64
S3150102EFA05A74E27A62F07F021A74EFF31185302302
S3150102EFB083F31188D4F8080101990830EFF707F9AC
S3150102EFC085F31188BFF36F8F03B030BD053803286F
S3150102EFD08CBF00200120704700B97047037A8B422B
S3150102EFE005D190F85030002B08BF00207047006809
S3150102EFF0F2E72DE9FF479A46A54B0546002914BFBC
S3150102F0008846984608F5805797F81832914623B1F3
S3150102F0100424204604B0BDE8F087D7F72BD902288D
S3150102F02003D1D7F89801D7F743DC4946D8F800004F
S3150102F030FFF7D2FF064698B3D7F71CD9022803D1A8
S3150102F040D7F89801D7F77CD8D7F714D9022803D174
S3150102F050D7F89801D7F72CDC4946D8F80000FFF714
S3150102F060BBFF0446D7F706D9022803D1D4F8F0002C
S3150102F070D7F71EDC94F85050D7F7FCD8022803D1F3
S3150102F080D4F8F000D7F75CD8D7F7F4D8022803D121
S3150102F090D7F89801D7F754D8012DB9D12E24B8E75C
S3150102F0A04FF48871012002F0C1FD044648B9D7F731
S3150102F0B0E1D8022803D1D7F89801D7F741D8192404
S3150102F0C0A7E740F201138381022380F809A080F8A1
S3150102F0D0503080F808904681C67306606420D2F7E4
S3150102F0E08BD8B9F1010F94BF0023012384F80431AF
S3150102F0F04FF0FF33C4E9263301230193654B606167
S3150102F100009304F1A003029350236846C4E93F66C3
S3150102F110C4F808810393D6F7B4DFC4F8F00028B91E
S3150102F12084F850002046F3F7D5FFC0E7D8F800303F
S3150102F130C4E92166C4E92366C4F894602360C8F869
S3150102F1400040414600200A6812B11368002B37D1EC
S3150102F1500028F6D1C4F8F400EFF31183302282F3CA
S3150102F1601188012285F80490AA602C6083F3118824
S3150102F170BFF36F8FD7F77ED8022803D1D7F898014C
S3150102F180D6F7DEDF40F201132F6869462846BB81B6
S3150102F190EEF7DEFE0446002869D1009E327B737BC0
S3150102F1A0934201D1012B19D02846EEF7C4FE212440
S3150102F1B0D7F8F000D7F7D8DC3846F3F78BFF28E704
S3150102F1C092F808C01E7AB44529BF186811461A601A
S3150102F1D0106022BF0B6001201946B4E7D7F74AD85F
S3150102F1E0022803D1D6F8F000D7F762DB96F8503041
S3150102F1F0012B01D0042B10D1D7F73CD8022803D119
S3150102F200D6F8F000D6F79CDF2846EEF794FE7B7A15
S3150102F210002443F010037B72FBE6052BECD0022B94
S3150102F22008D0D7F727D8022826D02846EEF783FE3C
S3150102F2300224BDE7317A19B9052386F85030DBE796
S3150102F240D6F8080110B300F5805393F8E9318BB172
S3150102F25000F58E5001221830F0F714F9044648B130
S3150102F260D7F708D802280CD02846EEF764FE052CFB
S3150102F270CDD09DE70123E0E7D6F8F000D6F760DFAF
S3150102F280D3E7D6F8F000D6F75BDFEDE7437CFFDE86
S3150102F29018E5002088920301EBF7F2BAF8B5037F6D
S3150102F2A00746022B0D46164611D0EBF7C3FA044662
S3150102F2B010B92E44AE4201D12046F8BD384615F8A2
S3150102F2C0011BEBF78DFA0028F4D00446F4E70D246E
S3150102F2D0F2E7EBF7D5BA2DE9F0470446EBF755F914
S3150102F2E020BB2046EBF780F994F834700B2604EB29
S3150102F2F08709D9F83880D9F820A04546554508D05E
S3150102F3003A4629462046EBF7ECF8030410D5A84500
S3150102F3100ED0C9F838502046EBF736FA002384F8A6
S3150102F32035304FF6FF736569E386ADB9BDE8F087FF
S3150102F330C0F30D002946821C3B462046EBF763F8D3
S3150102F340013E16F0FF060546D8D140F24531064B7D
S3150102F350064A074802F028F823463A464146AC4691
S3150102F360A069BDE8F0476047DD8003019A92030177
S3150102F370477E03012DE9F843044690F8346000EB19
S3150102F3808607D7F82080656C4545256421D032462B
S3150102F39029462046EBF7A5F8030402D5BB6B9D422D
S3150102F3A017D1C0F30D00821C334629462046EBF7DE
S3150102F3B02AF8334681466064022229462046EBF743
S3150102F3C022F88145A064DED0012384F83530BDE8F8
S3150102F3D0F8830323F9E770B583880446C0889E182B
S3150102F3E08642154606D82068184407F0B3F8A38862
S3150102F3F01D44A58070BD07B50222ADF806100DF1B8
S3150102F4000601FFF7E8FF03B05DF804FB10B50A7ABF
S3150102F4100446012A02D0022A04D010BD0988BDE899
S3150102F4201040E8E78388E28803F108009042F4D8A5
S3150102F43020681844EAF7F0FDA3880833A380ECE7B5
S3150102F44008B5E9F7B3F9014620B92020D0F7C8DE9D
S3150102F450D0F7F2DE002008BD1FB500230C4601A934
S3150102F4608DF80C30EAF7E1FD18B9214601A8E9F752
S3150102F4708EFF04B010BD024B186802F09FBD00BF9B
S3150102F48034880020024B012200211868D2F7F6982F
S3150102F490348800200088704708B5FFF7FBFF10F497
S3150102F4A0807F0CBF0320022008BDF8B507680E460F
S3150102F4B03846FFF7F1FF04463846FFF7EBFF0546EC
S3150102F4C0EAF755FA04EB4003DBB2FF2B13D0C5F37F
S3150102F4D08120022805D0032807D000230020337299
S3150102F4E0F8BDFB5A33800123F8E7F9183046EAF7EB
S3150102F4F093FD0223F2E70620F2E708B5FFF7CAFFFA
S3150102F500C0F3C00008BD2DE9F04FADF5057D0446F7
S3150102F5108A461546002128227AA8DDF83CB20093D4
S3150102F520D5F7F2DF7AA8D5F7BBDB002840F09E813A
S3150102F53022688D4922F47E138B4213D194F87D30D1
S3150102F5408A4E8E992B448B4200F28A83BAF1000FBE
S3150102F55001D0009B73B9002D40F085836AB96FF023
S3150102F56088000BE082498B4240F0778394F8703031
S3150102F570804EE6E7002AF2D025B900200DF5057D79
S3150102F580BDE8F08F636A3BB9A26A2AB911462046E1
S3150102F590FBF738FC0028F1D1744B9E4200F0B7818B
S3150102F5A00027CBF80070D4E90C325B1952F1000244
S3150102F5B028BF0127002F40F059816FF01F019942A0
S3150102F5C04FF00F039341C0F0518194F87090231DBF
S3150102F5D00193B9F1000F00F04C8104F1600301932C
S3150102F5E003EB090005EB09030F2B0ED82A465146F8
S3150102F5F006F0B0FF94F870302B4484F87030CBF8E3
S3150102F6000070A36A2B44A362B7E7C9F110035FFA3C
S3150102F61083F84246514606F09DFF94F872E0564839
S3150102F62056490123BEF1000F08BF014604F1400607
S3150102F6303B960DF1500C3C933BAA3D9107CA8CE8CF
S3150102F640070001990DF15C0C38914D49399338AA9D
S3150102F6503A9107CA8CE8070000984949359035AABC
S3150102F66036930DF1680C379107CA8CE807004248B8
S3150102F670329632AA33931DAB349007CA83E8070048
S3150102F680404A94F87110404B201D012908BF1346C8
S3150102F690BEF1000F0CBF0322012277A91343CDE964
S3150102F6A07A377C978297FAF73FFF002840F0DE808F
S3150102F6B077997AA8D5F7FEDA39467AA8D5F7FADA2A
S3150102F6C010217AA8D5F7F6DA20A9201DFBF742F810
S3150102F6D0002840F0CB8020A97AA8FBF777F823A966
S3150102F6E0201DFBF74DF8002840F0C08023A97AA817
S3150102F6F0FBF76CF814A97AA8FBF768F817A97AA898
S3150102F700FBF764F81AA97AA8D5F7FEDA7AA81DA931
S3150102F710D5F7FADA7AA8D5F731DB28B120223946AC
S3150102F7203046D5F7F1DEA1E0D4E90C32103342F1CD
S3150102F7300002C4E90C32009BA5EB080610330F2E1A
S3150102F74084F87270009321D8324601980AEB0801B7
S3150102F75006F000FFA5F110034B4484F87030102324
S3150102F760CBF800304DE700BF00014005000150050E
S3150102F7700002400500025005200000200C00002076
S3150102F780100000200000030400000204C14684F8B0
S3150102F7907070DBF800301033CBF8003016F00F0230
S3150102F7A00AEB090710D0102E04F160005FFA86F801
S3150102F7B061D926F00F0606EB0901514408F00F083C
S3150102F7C006F0C8FE84F87080D4E90C3294F872C04F
S3150102F7D09B19DFF8CCE2AC4942F10002C4E90C32D2
S3150102F7E0BCF1000F08BF7146012304F14008CDF8B0
S3150102F7F0BC802FAA30930DF1080A319107CA8AE813
S3150102F80007002C9746F000572D932CAA2E970DF13F
S3150102F810140907CA89E80700009929AA29912A9396
S3150102F8202B9708AF07CA87E80700CDF8988026AA62
S3150102F83027930BAFCDF8A0E007CA944B87E80700E0
S3150102F840934A94F87110201D012908BF1346BCF191
S3150102F850000F0CBF0322012213437A93002377A9D7
S3150102F860CDE97B338293FAF75FFE60B16FF09200C6
S3150102F87084E62E4692E73246394606F06BFE0023AF
S3150102F88084F870806CE7779900907AA8D5F712DA36
S3150102F890009B7AA81946D5F70DDA31467AA8D5F72B
S3150102F8A009DA0EA9201DFAF755FF0028DED10EA9A5
S3150102F8B07AA8FAF78BFF11A9201DFAF761FF0090CA
S3150102F8C00028D3D111A97AA8FAF780FF51467AA85E
S3150102F8D0FAF77CFF49467AA8FAF778FF08A97AA8C7
S3150102F8E0D5F712DA39467AA8D5F70EDA7AA8D5F714
S3150102F8F045DA009B18B120221946404611E7DBF88A
S3150102F90000303344CBF8003084F8720079E6236B79
S3150102F910626BE9189142A9D8EB184FF00007A5D2FC
S3150102F920009B5A195B4B9A42A0D8CBF8007094F807
S3150102F9307D30EA180F2A0CD804F16D0018442A46C4
S3150102F940514606F007FE94F87D302B4484F87D304B
S3150102F95057E6261D002B00F0CB80102B86D804F12A
S3150102F9606D08C3F1100208EB0300514606F0F2FDE1
S3150102F970236B626B1033934201D11023E6E7012315
S3150102F980DFF81CC104F14D09CDF8DC910DF5A07E1D
S3150102F990789377AACDF8E4C107CA8EE80700DFF8A3
S3150102F9A004E1CDF8D08174AA75930DF5A678CDF848
S3150102F9B0D8E107CA88E80700009A0DF5AC7871927A
S3150102F9C0729371AACDF8CCE107CA88E80700CDF88F
S3150102F9D0B8916EAA6F9359ABCDF8C0C107CA83E835
S3150102F9E0070094F84C102C4B2C4A3046012908BFCB
S3150102F9F013466BA9CDE97A377C978297FAF794FD7C
S3150102FA0000287FF433AF6B997AA8D5F753D9102121
S3150102FA107AA8D5F74FD930465CA9FAF79BFE00289A
S3150102FA207FF424AF5CA97AA8FAF7D0FE30465FA923
S3150102FA30FAF7A6FE074600287FF418AF5FA97AA84F
S3150102FA40FAF7C4FE50A97AA8FAF7C0FE53A97AA812
S3150102FA50FAF7BCFE41467AA8D5F756D97AA859A92A
S3150102FA60D5F752D97AA8D5F789D9E8B12A463946BE
S3150102FA700098D5F749DD202239464846D5F744DDB7
S3150102FA80CBF80070F2E600BF0C0000200000020471
S3150102FA900000030400000820030005040300060415
S3150102FAA02000002010000020236B94F87D201033E3
S3150102FAB02363009B84F87D0010330093A5F11003A4
S3150102FAC003EB0208C2F110029244DBF80020103265
S3150102FAD0CBF80020B8F10F0F0CD84246514604F17B
S3150102FAE06D0006F037FD94F87D2002EB08032DE741
S3150102FAF0A846EFE718F00F020BD0D7B2A8EB02081F
S3150102FB000AEB08013A4604F16D0006F023FD84F87A
S3150102FB107D70226B616B4244914217D194F87D202C
S3150102FB20A2B9A8F110080AEB080204F16D0102F16B
S3150102FB30100052F8047B824241F8047BF9D110226B
S3150102FB4084F87D20B8F1000F3FF45BAD012704F183
S3150102FB504D036B930193454B6C9748F0005E6D9391
S3150102FB600DF1F8096BAA07CA0DF5827C89E807002F
S3150102FB70CDF8A0A168AA6997CDF8A8E107CA8CE8D1
S3150102FB800700009A0DF5887A6592669765AACDF8FF
S3150102FB909CE107CA8AE80700019A6292639762AA00
S3150102FBA047AF649307CA87E8070094F84C003049C7
S3150102FBB0304A012808BF0A467A92002230464DA9E8
S3150102FBC0CDE97B228292FAF7AFFC00287FF44EAE92
S3150102FBD04D997AA8D5F76ED841467AA8D5F76AD84B
S3150102FBE030464AA9FAF7B6FD00287FF43FAE4AA984
S3150102FBF07AA8FAF7EBFD30464DA9FAF7C1FD06469A
S3150102FC0000287FF433AE4DA97AA8FAF7DFFD4946FB
S3150102FC107AA8FAF7DBFD41A97AA8FAF7D7FD514688
S3150102FC207AA8D5F771D87AA83946D5F76DD87AA8C0
S3150102FC30D5F7A4D840B1424631460098D5F764DCDF
S3150102FC402022314601986CE5DBF800204244CBF8CC
S3150102FC500020226B42442263D3E46FF085008DE4D7
S3150102FC606FF089008AE46FF0860087E420000020A5
S3150102FC7003000604030005042DE9F04F0546D7B03B
S3150102FC8007911446002128224CA81E46D5F73CDCD2
S3150102FC906F8807F03F08B8F1080F00F20182FF2CC6
S3150102FCA000F20182609B002B00F0FD81002333608C
S3150102FCB02B68002B00F0FA816B6A2BB32B68B04AD2
S3150102FCC023F47E1393422DD14CA8D4F7E9DF002801
S3150102FCD031D195F84C30002B3DD1D5F84890C84525
S3150102FCE036D395F87DB0E4B2A34531D86A6B05F1F6
S3150102FCF06D07002A40F04E814A463946609806F061
S3150102FD0029FCD5F8488034E1AA6A002AD6D11146DF
S3150102FD102846FBF777F881460028CFD0484657B0E8
S3150102FD20BDE8F08F974A4CA8934207D0D4F7B8DFC3
S3150102FD30002800F0B2816FF09209EFE7D4F7B0DF45
S3150102FD400028F8D195F871202AB917F03C0F0AD18B
S3150102FD500023619A13606FF086094CA8D4F7A0DFDD
S3150102FD600028DBD0E7E795F87070102F05D0E4B2D2
S3150102FD70A74238D9619B1A60EDE7D5E90C31D21851
S3150102FD8095F872E041F10001C5E90C2105F1040A79
S3150102FD9005F1600C05F14003BEF1000F2AD00025E2
S3150102FDA00F2F84BF48AA0792609A5146CDE9048271
S3150102FDB0079ACDE90055CDE902C24CA83A46FDF7AC
S3150102FDC09DFC0446002800F0D080424629466098F0
S3150102FDD03570D5F799DB0023619A212C1360BAD0CD
S3150102FDE06FF09209B9E717F00F0218BF3A46D5E943
S3150102FDF00C31C4E7D5F83890E86B4FEA597444EAF6
S3150102FE00C00424BA489401244FEAC90999FA89F02F
S3150102FE104990500FD200CDF878C040EAC10047F0B0
S3150102FE20005C12BA1F9400BACDF880C04B920DF154
S3150102FE3024091EAA4A9007CA89E807002193524B50
S3150102FE402294239321AB93E807000DF1300B48ABC3
S3150102FE508BE8070024934D4B259424AA26930FABD6
S3150102FE6007CA83E80700079B27AA2793289412ABA0
S3150102FE70CDF8A4C007CA83E80700102F04BFC3F850
S3150102FE8000E09A680DF1540904BF42F080429A607B
S3150102FE90609B2A9301232B9348F000532C932AABA0
S3150102FEA093E807003A4B89E8070043EA08234C9393
S3150102FEB00023504645A9CDE94D335493FAF734FB55
S3150102FEC00446002887D145994CA8D4F7F3DE21468A
S3150102FED04CA8D4F7EFDE39464CA8D4F7EBDE5046F0
S3150102FEE018A9FAF737FC044600287FF474AF18A95B
S3150102FEF04CA8FAF76BFC50461BA9FAF741FC0446DB
S3150102FF0000287FF468AF1BA94CA8FAF75FFC594693
S3150102FF104CA8FAF75BFC09A94CA8FAF757FC0FA9FA
S3150102FF204CA8FAF753FC95F87130012B03D14946D7
S3150102FF304CA8FAF74BFC12A94CA8D4F7E5DE95F8C2
S3150102FF4071301BB915A94CA8D4F7DEDE4CA8D4F73B
S3150102FF5015DF044648B195F8711019B94246609801
S3150102FF60D5F7D2DA0023337035E70F2F94BF3770F6
S3150102FF703470619B4FF00009C3F80080EDE600BFC3
S3150102FF80000140050002400520000020100000206B
S3150102FF9002000204012405F14D023F92454A4094B2
S3150102FFA00DF1B40C41923FAA07CA8CE807004297A9
S3150102FFB04BF0005743940DF1C00C449742AA07CA6D
S3150102FFC08CE80700079A0DF1CC084592469445AA9A
S3150102FFD0479707CA88E80700609A36AF489249F000
S3150102FFE0005249944A9248AA07CA05F1040A87E8C7
S3150102FFF00700314A50463CA9CDE94C234E9354930E
S31501030000FAF792FA044600287FF4E5AE3C994CA828
S31501030010D4F750DE49464CA8D4F74CDE59464CA8D2
S31501030020D4F748DE504639A9FAF794FB044600286B
S315010300307FF4D1AE39A94CA8FAF7C8FB50463CA9BF
S31501030040FAF79EFB044600287FF4C5AE3CA94CA8EB
S31501030050FAF7BCFB2DA94CA8FAF7B8FB30A94CA8B3
S31501030060FAF7B4FB41464CA8D4F74EDE95F84C306B
S315010300703946012B4CA809D1FAF7A8FB4CA8D4F7AA
S315010300807DDE044628B10021AA6C68E7D4F73CDE7D
S31501030090F4E795F87D30337033E66FF085095CE656
S315010300A06FF089093AE66FF0860937E66FF088093A
S315010300B034E600BF20000020020005042DE9F04FBD
S315010300C0ADF50D7D80468A46164600214FF4027230
S315010300D00AA81D46D5F718DA0021A24B4FF4F87288
S315010300E01C6810A80991D5F70FDA20464FF48072E0
S315010300F09D4B09A9F9F76CFE044630B10998F9F746
S31501030100ADFA0AA8FDF7DCFA91E0099F7A68D7E907
S3150103011008B34FEA1229954A914510D009D8B9F186
S31501030120000F14D0B9F1010F58D06FF08604384689
S31501030130E5E78F4A91453AD001329145F5D1082237
S3150103014039460A9210A85A46FDF7A0F843E0082259
S3150103015039460A9210A85A460593FDF797F810F106
S31501030160860F044638D1042249460A9210A8A822CA
S31501030170D5F7CAD9202210ABCDE9009302923946AD
S315010301805A46059BCDF80C901AA8FDF79FF810F176
S31501030190860F044620D101230A933988724807AB97
S315010301A008AAFDF7E6FB002818BF0446BFE70422A9
S315010301B001460A9210A8A8220593D5F7A5D92022AC
S315010301C010ABCDE90043029239465A46059B039487
S315010301D01AA8FDF77BF80446CCB1A8E70146C0226D
S315010301E010A80593D5F790D93C224FF01C0C10AB00
S315010301F0CDE90043CDE9022C39465A46059B20A891
S31501030200FDF764F80446002891D105230A933B8838
S315010302103846ADF83030F9F721FA564B04460B93BD
S315010302209DF83C3043F010038DF83C3020B1204655
S315010302300DF50D7DBDE8F08F0A9B002B44D09DF88B
S315010302403C2012F00E0F3FD1013B072B00F27F81B9
S31501030250DFE813F008007D017D017F0084007D0145
S315010302607D012C00109A444B9A4244D19DF84730A4
S31501030270022B18D0102B16D813F0010213D1052126
S31501030280CDE91B132B9B12A843F002031A951D926A
S315010302902B93F6F734FEF8F735FB044658B30AA851
S315010302A0FDF70EFA2DE76FF00C00F4E77F9B879AB3
S315010302B0134309D1119B314923F47E128A4206D095
S315010302C001F580718A423FD06FF08804E7E7D803CE
S315010302D04FEA1341C3F3054200F1398111F03C0F93
S315010302E000F03581102A00F232810523CDE97F35ED
S315010302F001238DF8F8310523CDE90D359DF83C3001
S3150103030043F002038DF83C300A9B002BDCD09DF8A9
S315010303103C20D107D8D40B9A184922F47E128A427B
S3150103032004D001F580718A4240F01181013B072B0C
S3150103033000F20D81DFE813F024000B010B017E00AF
S315010303408E000B010B015D00C3F30543043B0C2B2C
S31501030350C9E729461AA8FCF743FF9EE7294620A8C1
S31501030360F9E700BF18940020000248050100800048
S3150103037002008000000250050001500500014005FE
S31501030380109A9D4B9A4240F067819DF846100C23C3
S31501030390424601F0010112A8F6F7F0FDF8F7B2FAA9
S315010303A0044600287FF47BAF9DF83C3043F00103FC
S315010303B08DF83C300A9B002B86D09DF83C2002F039
S315010303C00901012980D1920754D50D9A042A40F2D5
S315010303D0BE80053A0D92013B072B00F2B880DFE898
S315010303E013F04E00B600B600C800DA00B600B60038
S315010303F05D002D9B002B7FF467AF9DF81432002B14
S315010304007FF462AF119B7D4A23F47E13934204D09A
S3150103041002F58072934240F01F81D8F80000D8F8A4
S31501030420041081AB03C3D8F8080018600C238DF8B8
S315010304301432B9E72D9B002B7FF446AFD8F80000A1
S31501030440D8F8041029AB03C3D8F8080018600C23A5
S315010304502D93A9E7339B002B7FF436AFD8F8000021
S31501030460D8F804102FAB03C3D8F8080018600C237F
S31501030470339399E70B99604A9142ACD124E7109AD9
S315010304805D4B9A4240F0E880514612A8FDF700FA07
S31501030490F8F738FA0446002842D000E7BAF1000F0C
S315010304A055D0119B002B3FF40FAF879B002B7FF495
S315010304B00BAF9DF8F831869A1BB17F99531D8B4279
S315010304C045D85AB1319B9F060FD40522514616A82A
S315010304D007F015FBE0B16FF09204E0E610A8FCF714
S315010304E03CFB04460028EDD0D9E600210846D4F7A3
S315010304F0BFDD10B16FF08F04D1E616A8FAF712FA31
S315010305000446D4F769DD0028F4D1002CDDD0E2E7F7
S31501030510869B809A0533EAB97F9A93421AD18693C9
S315010305209DF83C3008AF43F004038DF83C300023BB
S315010305303B600A9B002B3FF4C7AE9DF83C20D407D2
S315010305407FF5C2AE900751D50D9A002A33D06FF0CD
S315010305508604A4E60F2BE2D916A8FCF7B1FA002804
S31501030560B9D116A807F07BFB0028B4D1869B0533C6
S31501030570D5E7BAF1000FEAD01A9B002B3FF4A4AEDC
S31501030580DDE9233213437FF49FAE052251461AA8B0
S31501030590FAF738FC7EE7BAF1000FD8D0209B002B7F
S315010305A03FF492AEDDE9293213437FF48DAE052282
S315010305B0514620A8ECE70E9A9542C8D8521B0E92D3
S315010305C0013B072BC3D801A252F823F0010603010D
S315010305D04F0503014F05030197080301B108030101
S315010305E04F0503014F0503015F0603010B99024AF8
S315010305F09142E5D168E600BF0001500500014005BF
S31501030600109AB04B0DF124089A42099524D1334629
S315010306102A463146CDE9005812A8F6F7E3FCF8F766
S3150103062071F9044600287FF43AAE099B3B609DF8B5
S315010306303C30002043F008038DF83C300823DDF8F5
S3150103064028803C68079009AF3B60B8F1000F40F082
S315010306503D816FF0880479E16FF085041FE616B9D1
S31501030660002D7FF474AF119B002B3FF42DAE9DF843
S31501030670F83153B1869A7F9B9A427FF468AF879B81
S31501030680809A2B4493423FF662AF879BEA182CBFAD
S315010306904FF0010A4FF0000ABFF459AF002DC6D03F
S315010306A0869A134312D0879A02F00F09C9F11004EF
S315010306B0A54212D288AB03EB09002A46314605F05F
S315010306C049FF879B2B4487930023AFE710A8FCF7C9
S315010306D044FA04460028E6D0E1E539D8102D40F066
S315010306E0EE80102C51D1B346B046119B764A23F4C2
S315010306F07E13934240F09D80879B80991A198A4203
S3150103070040F09780120740F09480103C08EB0402F6
S315010307100DF5087E02F11009F44610685168083296
S31501030720ACE803004A45E646F6D110338793002C1D
S315010307303FF47DAF34F00F097DD1879BC8444B4409
S31501030740A4EB09028793CA448AB9CDF820A06EE7C0
S31501030750A9F110032B4423F00F0310339D42C0F07C
S31501030760AE80102C11D10F2D5FD8B0462A4687983B
S3150103077088AB00F00F0018444146059205F0EAFEE6
S31501030780879B059A13448793DFE788AB224603EBDE
S315010307900900314605F0DEFE119B4B4A23F47E1315
S315010307A0934206D1879B809A2344934201D187932F
S315010307B03DE7319B990624D43346102288A916A80E
S315010307C007F004FA00287FF486AE16A8FCF778F939
S315010307D000287FF480AE16A807F041FA00287FF4BB
S315010307E07AAE879BA9F110022A4423440F2A06EB0A
S315010307F0040887934CD914464FF0100A06F1100BDF
S3150103080073E700210846D4F733DC00287FF472AE80
S3150103081016A8FAF787F88046D4F7DEDB00287FF4BB
S3150103082069AEB8F1000FC7D055E6B346B0462C46BC
S315010308305BE724F00F09319B9B0615D45B464A46B9
S31501030840414616A807F0C2F900287FF444AE16A85C
S31501030850FCF736F900287FF43EAE16A807F0FFF938
S3150103086000283FF46AAF36E600210846D4F700DCD8
S3150103087000287FF43FAE16A8FAF754F80590D4F78B
S31501030880ABDB00287FF436AE059B002BD6D022E6E0
S315010308904FF0100A58E733462A463146CDE9005749
S315010308A01AA8FEF730FE044600283FF4C0AEF6E46C
S315010308B033462A463146CDE9005720A8F1E76FF0C2
S315010308C08904ECE400015005000140059DF83C3024
S315010308D013F0010200F0ED80980704D5DDE90D124E
S315010308E00A4340F0E98013F0100300F0E28008F1B7
S315010308F0FF382644A5EB0409B8F1070F00F2DC80A3
S31501030900DFE818F00800DA00DA00BE00CF00DA00EB
S31501030910DA0035009DF84720082A04D96FF08904C7
S315010309204FF0000812E01099684B994240F0C780D6
S31501030930969912A8F6F7A2FAF7F7E4FF04460028F8
S31501030940EED19DF847800790C7F80080969B212139
S31501030950C8F1080203EB0800D4F7D6DD0AA8FCF7B1
S31501030960AFFE002C7FF4CDABFEF7D8FA5FE4119B03
S31501030970C3F30545082DD1D89DF84080B8F1000F82
S3150103098040F09A80879A02F00F018945C6D39DF8F4
S31501030990F811869839B17F99814240F09380809905
S315010309A08A4240F08F8052EA00080AD0319B9906A9
S315010309B019D500210846D4F75BDB50B36FF08F04DA
S315010309C0AEE7434A23F47E13934208BF012310A8DB
S315010309D004BFCDE97F888DF8F831FCF7BEF80446EC
S315010309E00028E3D0B2E7879B13F00F021ED03346EC
S315010309F088A916A807F0EAF8A8B9119B354A23F482
S31501030A007E13934219D1294616A807F061F9A0B1BD
S31501030A1009E016A8F9F786FF0446D4F7DDDA0028BC
S31501030A20CCD1002CDFD06FF0920479E7119A2849D3
S31501030A3022F47E128A42E0D1DBB9969916A806F012
S31501030A40C7FC0028EFD116A807F009F904460028C8
S31501030A50E9D1879B13F00F0307D1119B1C4A23F49A
S31501030A607E139A1A534253411B01A84607933D60CD
S31501030A706CE7B9F10F0F7FF651AF33461022B7E793
S31501030A804A463146969B019700931AA807ABFFF78F
S31501030A90F3F80028D7F80080044618BF4FF0000882
S31501030AA054E7969B4A4600933146019707AB20A824
S31501030AB0EDE76FF0880433E76FF0860430E76FF0F4
S31501030AC085042DE76FF0860440E700BF000150055A
S31501030AD000014005000240052DE9F047A4B0044694
S31501030AE0DDE92D85DDE92F7992460E4629B96FF0A9
S31501030AF08606304624B0BDE8F087002AF7D0B8F160
S31501030B00000FF4D00DB9002FF1D1B9F1000FEED0DA
S31501030B102388B3F5105F40F0A080282200211AA88C
S31501030B20D4F7F2DC2022002112A8D4F7EDDC1AA8AF
S31501030B30D4F7B6D8002840F089803146524620467C
S31501030B4012ABF9F74BFB06460028D2D1129B23F0D1
S31501030B500802102A01D0202BC9D1A8456AD208F16F
S31501030B6010039D4263D20F2FC1D941461022284655
S31501030B7005F075FCA8460023394A0DF13C0A514696
S31501030B8012A8CDE91A231C932293F9F7CDFC044647
S31501030B9000283FD10F991AA8D4F78CD810211AA887
S31501030BA0D4F788D8694612A8F9F7D4FD0446002874
S31501030BB030D169461AA8F9F709FE03A912A8F9F76C
S31501030BC0DFFD044630BB03A91AA8F9F7FFFDCDF8EB
S31501030BD03C804FF00108234CCDF8408006AB1194BD
S31501030BE09AE8070083E8070019461AA8F9F7EEFD04
S31501030BF00C9509ABCDF834800CAA0E9407CA83E889
S31501030C00070019461AA8D4F77FD81AA8D4F7B6D875
S31501030C100446F0B13A4600212846D4F775DC002391
S31501030C20012CC9F8003011D16FF08B0661E70F2F44
S31501030C30A1D85CE70F2F7FF65AAF002D9BD13A4619
S31501030C4029462846D4F760DCC9F800506FF09206AE
S31501030C504FE71023C9F800304BE76FF0850648E7E5
S31501030C6000010004100000202DE9F04FA1B08946D0
S31501030C70DDE92B540746CDE907232D9EB0B3B0F822
S31501030C8000A00AF4E043B3F5005F32D1CAF30222AE
S31501030C90042A2ED1072C29D94FF0080809932DB31D
S31501030CA0A4EB080405EB040B424659460AA805F0D2
S31501030CB051FCB9F1000F19D02A9BBBB1099B0EB99F
S31501030CC02E9A9AB9B3F5005F16D1CAF302231A1FF6
S31501030CD053425341DB00BAF5105F07D17A8822F0FC
S31501030CE0400180290AD0B2F5807F07D06FF08607CD
S31501030CF016E04FF00008D1E70023ECE7002BF5D00F
S31501030D002822002116A8D4F7FFDB202200210EA8F2
S31501030D10D4F7FADB16A8D3F7C3DF28B16FF092072E
S31501030D20384621B0BDE8F08F38464946079A0EABDF
S31501030D30F9F754FA07460028F2D12E9B9C4221D893
S31501030D40B54207D2B34505D929462246304605F0B1
S31501030D5086FB35460AABCDE90483052301932A9B1A
S31501030D6022460093CDE90256089B0EA916A8FDF764
S31501030D709DF82128BAD02C2807D00028CED12F9B45
S31501030D801C60CDE76FF08907CAE76FF09407C7E7E1
S31501030D90F0B58BB007460E461446F9F7DDF870B980
S31501030DA06846D3F77DDF054648B932463946684674
S31501030DB0FAF70CFA10B926600BB0F0BD25606FF097
S31501030DC09200F9E7F8B504460E480078C8B1072C36
S31501030DD017DC0D4D260105EB0410077B8FB1AB51D3
S31501030DE0069B436000238360134608480A4621464F
S31501030DF0F2F763F80123064AA3409365BFF34F8FC6
S31501030E00D364F8BDC095002058920020004081406C
S31501030E100050814010B50446D5F72CDA0238012873
S31501030E2004D8206EBDE81040D5F7EC9E10BD38B549
S31501030E300446EFF31185302383F31188037C23B131
S31501030E4085F31188BFF36F8F38BD4160C260806837
S31501030E5021464030F3F7A0FCA26892F844300133EF
S31501030E6082F844300123237485F31188BFF36F8F0E
S31501030E70A36803F58053D3F89401BDE83840D5F749
S31501030E80C19EF8B50446EFF31186302383F3118827
S31501030E908C30EDF792F9054620B986F31188BFF335
S31501030EA06F8FF8BD837C00F130073BB10133837447
S31501030EB0D4F88C300363C4F88C70EEE704F1300088
S31501030EC0D0F7B0DB86F31188BFF36F8FAE682EB907
S31501030ED02968D4F80801FEF734F82E60EFF311817F
S31501030EE0302383F31188AB7CD4F808210133AB7427
S31501030EF093682B639760237C01332374E37B013B64
S31501030F00E37381F31188BFF36F8FD4F8083103F5C7
S31501030F108053D3F89401BDE8F840D5F7739E08B51D
S31501030F2010B1D5F76FDE012008BD38B590F8503002
S31501030F300446042B0D4622D1002914BF022305239F
S31501030F4080F85030D0F8F800FFF7E9FFB8B9E36F3E
S31501030F50ABB1D5F78FD9022803D1D4F8F000D5F771
S31501030F60EFD829462046ECF7D3FFD5F783D90228D4
S31501030F7005D1D4F8F000BDE83840D5F7999C38BDC2
S31501030F802DE9F04F054689B0104616460491F3F74D
S31501030F9076FD002870DD2846F188F4F715F8044636
S31501030FA0002845D13368B5F806900093D5F800803B
S31501030FB0344D494600982B682B68F3F789FD0346A0
S31501030FC00733272B8CBF4FF01E0A4FF0FA0ADA08B4
S31501030FD023F0070301900292059349464046029A7C
S31501030FE0FCF71EFF044618BB059B019A494640467A
S31501030FF09A1AF3F77EFDBAF1010A40D00499D8F89B
S315010310000000F3F749FD0126C743D5F800B0B14502
S3150103101012D84BEA070303932F682B684B462E68B6
S3150103102003F1FF3B83B9039A2B6817409F42D4D040
S31501031030204609B0BDE8F08F58F82600F3F754FCB3
S3150103104001364BEA000BE2E7009B53F82B2058F8D5
S315010310502B301046194607930692F3F71DFD079B9E
S31501031060069A064311461846F3F716FD20EA0603C8
S315010310701F4306435B46D3E76FF00304D8E76FF0DC
S315010310800D04D5E7A0790020F7B501230022054613
S31501031090CDE900230E46021D02216846FFF770FFC4
S315010310A0044648BB06F110026B4611462846F4F77F
S315010310B05EFF044600BB06F108076B463A4639460E
S315010310C02846F4F754FF0446B0B96B466A466946A7
S315010310D02846F4F74CFF044670B96B46324631464F
S315010310E02846F4F744FF044630B96B463A46394677
S315010310F02846F4F73CFF04466846F3F784FE0348A3
S3150103110014F10E0F18BF204603B0F0BD00B3FFFF65
S315010311100022012373B50646CDE900230D46021DC0
S3150103112002216846FFF72CFF044678B96B462A4627
S3150103113029463046F4F71BFF044638B905F1100278
S315010311406B4611463046F4F712FF04466846F3F739
S315010311505AFE034814F10E0F18BF204602B070BDA4
S3150103116000B3FFFF00232DE9F341C0E90130C0E9D4
S31501031170033043614FF6FF73494E044635889D425A
S3150103118000D1FEE7CDB92F46C5F1040101AA89B203
S315010311900DEB05000197FFF7FBFD00287CD1019BB1
S315010311A01D44032DF0D9009B002B76D06FF000422E
S315010311B0934208BF01233B4A13603388C4E90744BA
S315010311C0013364623380E5F745FE0025364B04F1AE
S315010311D03001A06200F18040344AE1636363A06396
S315010311E0E56204F108002463E8F755FB4FF00B08A9
S315010311F0FB234FF6FF77A4F85830E069C4E912558B
S31501031200246484F84480A4F8467025656465E7F789
S31501031210EDFAC4E91E55C4E91C0404F18000E7F79D
S315010312206BFF04F19000E7F767FF04F1A000E7F70E
S3150103123063FF1F4B04F15406C4F8BC3004F1B80331
S31501031240C4F8C4303046C4F8B840CFF7CFDB3046D4
S31501031250C4E91355A56484F84480A4F84670CFF70E
S31501031260C5DB94F8CC30C4E9375523F03F0343F08B
S315010312700C03C4F8C84084F8CC30A4F8CE50A4F8C3
S31501031280D05084F8DA5084F8E450E8F77AFAC4F8CF
S31501031290E80002B0BDE8F081FEE701238BE700BF5A
S315010312A0008B0020048B0020FD9801019883030124
S315010312B041B6010100F00CB800F00AB800F008B815
S315010312C000F006B800F004B800F002B800F000B868
S315010312D072B61EF0080F09D01EF0040F0DD0DFF809
S315010312E050E0AEE8FF1F6FF002000CE0DFF840E0CC
S315010312F0AEE8FF1F6FF00E0005E0DFF834E0AEE85D
S31501031300FF1F6FF006006946EFF309828EE80700B7
S3150103131086460848084C854501D3A54501D384F380
S315010313200888E7F7DFFD84F30888E7F7CDFD0000BA
S3150103133040770020C06C00204077002008B5064B9B
S31501031340044613B10021AFF30080044B1B6803B1BC
S3150103135098472046F3F73EFA0000000060E00020BC
S3150103136070B50D4D00260D4C641BA410A64209D180
S315010313700B4D00260B4C06F013FD641BA410A6426D
S3150103138005D170BD55F8043B01369847EEE755F88C
S31501031390043B01369847F2E7B8F80020BCF8002071
S315010313A0BCF80020C0F800201FB514461A46094BA5
S315010313B005461B68D86854B9074B1C460091074973
S315010313C0CDE901342B4600F0B1F805F041F8044BA1
S315010313D0F4E700BFD4F70020068003012994030133
S315010313E01C940301002310B50446836081811946C9
S315010313F04366C28108228361C0E90033C0E904332D
S315010314005C30D4F781D80D4B246263620C4BA36223
S315010314100C4BE3620C4B23630C4B9C4206D003F14A
S315010314206802944202D0D0339C4205D104F158009C
S31501031430BDE8104004F077BE10BD00BF656003012F
S3150103144087600301BF600301E360030128DF002016
S31501031450024A0349034804F048BE00BF24F80020AA
S31501031460E5630301D8F7002041680C4B994210B597
S31501031470044601D004F0B6FFA168094B994202D094
S31501031480204604F0AFFFE168064B994204D020469B
S31501031490BDE8104004F0A6BF10BD00BF28DF002041
S315010314A090DF0020F8DF002010B50B4B04210B4C15
S315010314B00B4A20461A600022FFF794FF04F16800E5
S315010314C001220921FFF78EFF04F1D0000222122126
S315010314D0BDE81040FFF786BF60E0002028DF00204B
S315010314E051140301014804F01FBE00BFA9E4002003
S315010314F0014804F01ABE00BFA9E4002010B5044652
S31501031500FFF7F0FF236A1BB1BDE81040FFF7F0BFF9
S31501031510044B2362044B1B68002BF5D1FFF7C4FF71
S31501031520F2E700BF6914030160E000200EB403B5BE
S3150103153003AB0146054853F8042B0068019300F0F9
S3150103154019F802B05DF804EB03B07047D4F7002035
S3150103155038B50446064D0846114600222A601A4646
S31501031560F3F746F9431C02D12B6803B1236038BD57
S3150103157064E000202DE9F04F0D469DB014469846D0
S31501031580064618B1036A0BB9FFF7B8FF6B6ED907A5
S3150103159005D4AB899A0502D4A86D04F0C5FDAB89C0
S315010315A01B0701D52B699BB92946304600F0FAF88A
S315010315B070B16B6EDC0704D54FF0FF301DB0BDE88B
S315010315C0F08FAB899805F7D4A86D04F0AEFDF3E768
S315010315D00023CDF80C804FF00109DFF8B48109939C
S315010315E020238DF8293030238DF82A3023469A4655
S315010315F013F8012B0AB1252AF9D1BAEB040B0BD047
S315010316005B4622462946304604F0A7FD013000F029
S31501031610A780099A5A4409929AF80030002B00F0E0
S315010316209F8000234FF0FF320AF1010A04930793C7
S315010316308DF853301A93CDE90523544605225448B0
S3150103164014F8011B04F0F6FE049AD8B9D10644BF77
S3150103165020238DF85330130744BF2B238DF85330C2
S315010316609AF800302A2B15D0079A544600204FF0DA
S315010316700A0C214611F8013B303B092B4BD9B0B17A
S31501031680079214E0A0EB0803A24609FA03F31343F6
S315010316900493D2E7039B191D1B68002B0391BBBF60
S315010316A05B4242F0020207930793B8BF0492237881
S315010316B02E2B0AD163782A2B32D1039B02341A1DAE
S315010316C01B6843EAE37303920593DFF8D4A003226D
S315010316D02178504604F0AEFE38B1A0EB0A00402251
S315010316E0049B013482401343049314F8011B06221D
S315010316F028488DF8281004F09DFE00283FD0264B7C
S315010317001BBB039B073323F0070308330393099B8F
S315010317103B4409936AE70CFB02320C460120A8E716
S31501031720002301344FF00A0C19460593204610F89D
S31501031730012B303A092A03D9002BC6D00591C4E7F8
S315010317400CFB012104460123F0E703AB2A4604A956
S3150103175030460093114BAFF300800746781CD6D170
S315010317606B6ED90705D4AB899A0502D4A86D04F02B
S31501031770DCFCAB895B063FF51FAF09981EE703AB9C
S315010317802A4604A930460093044B00F061F8E4E7C6
S315010317905894030162940301000000005B61030195
S315010317A05E94030138B5294B05460C46186818B1F2
S315010317B0036A0BB9FFF7A2FEB4F90C30190722D459
S315010317C0DA0607D409222A6043F040034FF0FF30BB
S315010317D0A38133E0580712D5616B41B104F1440388
S315010317E0994202D02846F2F7CBFD00236363A3890E
S315010317F023F02403A3810023636023692360A38960
S3150103180043F00803A38123694BB9A38903F4207326
S31501031810B3F5007F03D02146284604F05FFEB4F9F1
S315010318200C3013F001020AD00022A260626952420F
S31501031830A261226942B913F08000C5D138BD990767
S3150103184058BF6269A260F4E70020F7E7D4F70020E6
S315010318502DE9FF470F7E914680460C46782F9A461F
S315010318600C9E01F1430207D8622F0AD8002F00F01C
S31501031870DD80582F00F0C38004F1420684F84270DC
S315010318803AE0A7F16303152BF6D801A151F823F02A
S31501031890E9180301FD1803017918030179180301F6
S315010318A07918030179180301FD1803017918030156
S315010318B0791803017918030179180301131A03012E
S315010318C08B190301CB190301791803017918030154
S315010318D0351A0301791803018B19030179180301D9
S315010318E079180301D319030133681A1D1B68326082
S315010318F004F1420684F842300123A8E031682368E3
S31501031900081D30601E0601D50D6803E05D06FBD593
S31501031910B1F90050002D616878DA2D200029A16004
S3150103192084F843002DDA6D425D480A231646B5FB5A
S31501031930F3F103FB1157C75D06F8017D2F460D46EB
S31501031940BB42F4D9082B0BD12368DF0708D52369DA
S3150103195061689942DEBF302306F8013C06F1FF3682
S31501031960921B22614B4603AA21464046CDF800A0AD
S3150103197004F043FC01306FD14FF0FF3004B0BDE8F2
S31501031980F08723F004032360CDE721683368080653
S3150103199053F8045B02D4490648BFADB26F2F3360D7
S315010319A03F4814BF0A230823002184F843106668BD
S315010319B0002EA660BADB216821F004012160002D07
S315010319C0B4D1002EB2D11646BCE7236843F02003F7
S315010319D0236078273348236884F845701F063168E6
S315010319E051F8045B02D45F0648BFADB23160D90733
S315010319F044BF43F0200323601DB11023D4E72848D5
S31501031A00E9E7236823F020032360F6E724480A2342
S31501031A10CDE733682568181D616930602E061B689A
S31501031A2001D5196002E06806FBD519800023164625
S31501031A30236197E7336800211A1D32601E686268C5
S31501031A40304604F0F7FC08B1801B606063682361CC
S31501031A50002384F8433085E72369324649464046E5
S31501031A60D047013088D023689B0714D4E068039BD1
S31501031A709842B8BF184681E7012332464946404694
S31501031A80D04701303FF478AF0135E36803995B1A18
S31501031A90AB42F1DCEAE7002504F11906F5E700BFDD
S31501031AA0699403017A94030138B50023054D04466D
S31501031AB008462B60F2F78BFE431C02D12B6803B158
S31501031AC0236038BD64E0002038B50446064D084658
S31501031AD0114600222A601A46F2F786FE431C02D1FA
S31501031AE02B6803B1236038BD64E0002038B5044692
S31501031AF0064D0846114600222A601A46F2F776FE7B
S31501031B00431C02D12B6803B1236038BD64E0002076
S31501031B10024B0146186804F02ABD00BFD4F7002022
S31501031B2038B50023064D0446084611462B60F2F7E5
S31501031B3052FE431C02D12B6803B1236038BD00BF9B
S31501031B4064E0002038B50023054D044608462B60A2
S31501031B50F2F745FE431C02D12B6803B1236038BD5E
S31501031B6064E0002038B50023064D044608461146B5
S31501031B702B60F2F736FE431C02D12B6803B12360B7
S31501031B8038BD00BF64E0002007B5009313460A463B
S31501031B9001460348006804F026FD03B05DF804FB23
S31501031BA0D4F70020024B01461868F2F7E6BB00BFE3
S31501031BB0D4F70020024B01461868F2F7E1BB00BFD8
S31501031BC0D4F700200CB4184B30B50C1E9DB01D681C
S31501031BD008DA8B234FF0FF302B601DB0BDE8304090
S31501031BE002B070474FF402730290069002A9ADF852
S31501031BF0143014BF04F1FF332346209A2846049375
S31501031C0007934FF6FF73ADF8163021AB019300F03E
S31501031C1015F8431CBCBF8B232B60002CDDD0029B24
S31501031C2000221A70D9E700BFD4F70020024B0A46F7
S31501031C3001461868F2F7A7BBD4F700202DE9F04F48
S31501031C4098468B899DB007461B060D46144610D54B
S31501031C500B6973B94021F2F790FB2860286130B90B
S31501031C600C233B604FF0FF301DB0BDE8F08F4023DE
S31501031C706B610023CDF80C804FF00109DFF8A081D9
S31501031C80099320238DF8293030238DF82A302346F2
S31501031C909A4613F8012B0AB1252AF9D1BAEB040B9B
S31501031CA00BD05B4622462946384604F0DFFC013059
S31501031CB000F0A780099A5A4409929AF80030002B3A
S31501031CC000F09F8000234FF0FF320AF1010A0493CB
S31501031CD007938DF853301A93CDE90523544605220C
S31501031CE04F4814F8011B04F0A5FB049AD8B9D00692
S31501031CF044BF20238DF85330110744BF2B238DF89E
S31501031D0053309AF800302A2B15D0079A54460020EF
S31501031D104FF00A0C214611F8013B303B092B4BD9F5
S31501031D20B0B1079214E0A0EB0803A24609FA03F344
S31501031D3013430493D2E7039B191D1B68002B0391DD
S31501031D40BBBF5B4242F0020207930793B8BF0492FB
S31501031D5023782E2B0AD163782A2B32D1039B0234A3
S31501031D601A1D1B6843EAE37303920593DFF8C0A0C8
S31501031D7003222178504604F05DFB38B1A0EB0A003B
S31501031D804022049B013482401343049314F8011B3C
S31501031D90062224488DF8281004F04CFB002836D07F
S31501031DA0214B1BBB039B073323F007030833039321
S31501031DB0099B334409936AE70CFB02320C46012063
S31501031DC0A8E7002301344FF00A0C19460593204670
S31501031DD010F8012B303A092A03D9002BC6D00591F5
S31501031DE0C4E70CFB012104460123F0E703AB2A46B2
S31501031DF004A9384600930D4BAFF30080421C0646F7
S31501031E00D6D1AB895B063FF52DAF09982CE703AB1A
S31501031E102A4604A938460093044BFFF719FDEDE75B
S31501031E205894030162940301000000006D660301E7
S31501031E305E940301014804F0CFBC00BF690345EC7E
S31501031E401046044A1368591E033102D80021116052
S31501031E501847704730F80020034B1868034B0028D6
S31501031E6008BF1846704700BF68E00020B494030119
S31501031E7010B5044C206000F039F92268024BC3F80F
S31501031E80202110BD6CE0002000CD00A0014804F024
S31501031E903DBE00BF70E0002013B50B4C0229226042
S31501031EA005D10A4804F032FE002002B010BD0A46ED
S31501031EB000930146064B054804F009FE003818BF96
S31501031EC001204000F1E700BF30F8002070E0002058
S31501031ED0411E0301014804F02ABE00BF70E0002041
S31501031EE00021014804F045BE70E0002008B5064B09
S31501031EF01B68013305D0FFF7EDFF80F00100C0B287
S31501031F0008BD0020FCE700BF30F80020174B2DE980
S31501031F10F041D3F80080064617460846B8F1000F8C
S31501031F2003D00E242046BDE8F081E6B133680133C0
S31501031F3019D1C1B100F072F805460028F1D0FFF7B7
S31501031F4097FF284604F04FFC044630B14046FFF79D
S31501031F508FFF284604F042FCE4E73560002FE1D009
S31501031F602846B847DEE72124DCE700BF6CE0002002
S31501031F70024B1868003818BF012070476CE0002037
S31501031F8038B50C4601F08CFAA3780B4A13705A1E26
S31501031F9055425541A8420CD0012B04D02846BDE831
S31501031FA0384001F05FBA204601F04CFA0028F5D01B
S31501031FB038BD0020FCE700BFAAE40020002108B5D4
S31501031FC0024B08465B689847002008BD4CF8002081
S31501031FD010B5FFF741FF0D4B0C461A1A53425341F5
S31501031FE08B4201D1002010BD094B1B683BB9094A3D
S31501031FF0064B002C08BF1346074A1360F2E7CFF7D7
S3150103200027DE0028F3D00220EDE700BF8C940301FD
S315010320106CE00020B494030168E00020F8B504469F
S31501032020CFF7BAD8002607460E4B1B6893B19E68B5
S31501032030AEB196F82420D20711D435460FCC0FC57D
S315010320400FCC0FC523682B6096F8243043F00103A8
S3150103205086F824303846CFF79AD83046F8BD1B6840
S31501032060E4E700BF40F80020431E033306D8044BC0
S31501032070984228BF18464B2838BF4B20704700BFEC
S3150103208040420F0038B505460C4641B10B6833B1E2
S315010320901B68013303D0CB680BB18B6843B905F0D9
S315010320A0CEF800209122412100F04CF9212038BDC0
S315010320B0084605F0CAF800230A4A85F84C31C5F8E3
S315010320C0F030136053606369C5F8EC4043B1064AC7
S315010320D042211068B322C31A5842584100F032F91B
S315010320E00020E4E734F80020E4E2002010B50446BA
S315010320F018B9054B054A136010BD00F01DFCD4F851
S31501032100F830002BF6D1F4E7C168030144F8002047
S31501032110084B10B4002A14BF14461C46064B1C6018
S3150103212019B15DF8044B04F0D8BB08465DF8044BBE
S31501032130704700BFC168030144F8002008B5024691
S315010321400868FFF791FF08604868FFF78DFF48604D
S315010321508868FFF789FF8860C868FFF785FF0B6901
S31501032160C860581C03D00B48834228BF03460B6142
S315010321704B69581C03D00748834228BF0346886925
S315010321804B61FFF771FFBDE808408861104601F016
S31501032190F1B800BF40420F0070B504460E46CEF7B4
S315010321A0FBDF314605462046CFF7EADB044620B975
S315010321B0044B01465B68032098472846CEF7E7DFC1
S315010321C0204670BD4CF8002070B5044600200D462C
S315010321D005F039F8094B1B784BB9D4F8006136B1D0
S315010321E029462046B446BDE870401A46604729464B
S315010321F02046BDE8704004F0ECBE00BFBC9303016A
S3150103220013B56946044604F0C7FB0E4B1A789DF8CD
S3150103221000306AB10C2B0ED1204604F0D0FDFF2805
S3150103222002460CD020469DF80010F2F759FB04E054
S3150103223013F0FD0FF0D1B4F9500002B010BD0248FE
S31501032240FBE700BFBC9303010080FFFF30B4064DDB
S31501032250BDF908402D781DB1029430BC04F0BCBE13
S315010322600E2030BC704700BFB2F800202DE9FF41B4
S3150103227005460F4690460AB9D0F89C804146284642
S3150103228004F09AFB18F0010F02D0284603F0F0FA86
S3150103229004F096FF6E46184B04460FCB86E80F00F3
S315010322A037B157F8242004AB03EB840343F8102C0E
S315010322B018F4803F10D122463146284604F058FFD0
S315010322C038B937B104AB03EB840353F8103C47F831
S315010322D0243004B0BDE8F08104AB03EB840353F867
S315010322E0103C224601333146284602D004F050FF02
S315010322F0E6E704F059FAE3E7E894030108B50B4668
S315010323000249194004F04AFB002008BD07001100E9
S31501032310024B1860024B1960FEE700BF88E20020FA
S3150103232048F8002038B5044D044C054B286021605C
S315010323301A60FFF7EDFF38BD88E2002048F8002058
S315010323408CE2002010B550B90548064B01600648DA
S3150103235002601868054B18601868FFF7E3FF10BDA4
S3150103236048F800206CE000208CE2002088E200207F
S31501032370054B1B680BB918467047834201D01B698D
S31501032380F8E70120704700BF94E20020094A136869
S315010323900BB918467047834207D11B6901201360A5
S315010323A0054A1368013B1360704703F110021B6969
S315010323B0EEE700BF94E2002090E200202DE9F74FFB
S315010323C00646CEF7D9DEDFF82881012398F800B057
S315010323D0DFF820910190BBF1000F06D089F8003098
S315010323E003B0BDE8F04FCEF7CD9E3F4F88F80030DE
S315010323F089F800B004F0F1FB08B104F0ECFB3D6889
S315010324003A495DB9DFF8F0A0DAF800200024AA42C0
S315010324103B682ED84FF0FF3134483AE06B7D8BB1E0
S315010324202B68B34202D09A1B8A420BD96A681344BA
S315010324302B60AB68003A18BF0122003B18BF01238A
S315010324406A75AB752D69DCE7907D20B1107D8842F5
S315010324509CBF014614461269002AF5D1002CD9D036
S3150103246094E80B00A275411AE268204698470135A4
S31501032470CAE71A46FF21EFE75A7D4AB11A68B24203
S3150103248024D0921B824221D8914201D311461C4684
S315010324901B69002BF0D15CB12046FFF777FF38B1FA
S315010324A03B683C602361DAF800300133CAF8003037
S315010324B03B685A7D6AB904F08CFB064699F80030ED
S315010324C0002B95D1019888F8003089E71C46002135
S315010324D0DEE7186800F0D2F8044604F07AFB0646F4
S315010324E0002C85D1EAE700BF94E20020FCFFFFBF81
S315010324F0ACE40020ABE4002090E2002038B50546A9
S3150103250008B318220021D2F7FFDFCEF735DE0246E4
S315010325102846FFF72DFF20B11046CEF733DE022002
S3150103252038BD0A4B1C6854B909491D600B6810462E
S3150103253001332C610B60CEF725DE2046F0E704F16B
S3150103254010032469EFE72120EAE700BF94E20020A4
S3150103255090E2002038B50446FFF70AFFCEF70CDEFA
S3150103256005462046FFF704FF637D23B92846CEF7C8
S3150103257009DE0E2038BD00236375064B1B68A34293
S3150103258003D104F026FBFFF719FF2846CEF7FADD40
S315010325900020EFE794E200202DE9F84FDDF82890BB
S315010325A0984604460D469246FFF7E2FEDDF830B043
S315010325B0CEF7E2DD074604F00CFB06462046FFF79D
S315010325C0D7FE637D23B12046FFF7C4FF0023A3751E
S315010325D0BAF1010F21D175B9B8F1000F1FD1B9F1C4
S315010325E0000F03D05A4631462046C8473846CEF730
S315010325F0C9DD002017E035440C4BAA1B9A420ED8BD
S31501032600012363759DF82C30304684E82003237536
S31501032610C4F80CB0FFF7D2FEE8E7AE42ECD1384678
S31501032620CEF7B0DD2120BDE8F88F00BFFCFFFFBF69
S315010326302DE9F04107468846FFF79AFECEF79CDD62
S315010326403D68064604F0C5FA7B7D7BB185420DD014
S31501032650094B2C1A9C4209D83046CEF793DDB8F1C3
S31501032660010F08BF25462846BDE8F0813046CEF75F
S3150103267089DD0025F7E700BFFCFFFFBF0023024A00
S315010326801946CFF7819A00BF9D6B03012DE9F041EE
S315010326908AB001AB0C46054624221846134903F0BA
S315010326A059FF0027002C08BF0446384604F10C06DF
S315010326B090B95FFA87F842462846218804F0BDFCA3
S315010326C050B942462846E18804F0C8FC20B942467F
S315010326D03146284604F0D5FC0137032F06F10806D7
S315010326E004F10204E4D10AB0BDE8F0811C950301AB
S315010326F0F0B589B005460E4604F0DBFC044600BB83
S3150103270001AC06F10C070FCF0FC497E8070084E865
S31501032710070001A92846FFF711FD2846311D04F0DC
S315010327205DF9044648B92846074900F0E5FD044624
S3150103273018B9284601F01CF9044628463168FFF703
S31501032740A5FF204609B0F0BD14950301024B0022F3
S31501032750196804F046BA00BF7097030110B5054C1A
S31501032760237823B102F02EFE0020207010BD0E2027
S31501032770FCE700BFAFE4002008B502F0F1FD01223A
S31501032780014B00201A7008BDAFE400202DE9FF4775
S315010327908E7807460F2E0D4603D9212004B0BDE8D6
S315010327A0F08726B901224C4B1A700020F6E791F8FF
S315010327B000904C78B9F1000F24D1002CEDD1E888B3
S315010327C0D0F740DAC30943EA4163C01A61EBD11179
S315010327D0D0F778DAFF288046DFD059EA0403A888C0
S315010327E0DFF80CA114D0D0F795DA4FF60403BAF843
S315010327F0002001469A4269D14C45234638BF4B46D0
S31501032800002431E0B9F1080FC7D8082CC5D8D6E79B
S31501032810D0F780DA4FF60403BAF8002001469A424C
S3150103282008D12E4B1B6F9BB2934208BF4FF605038C
S31501032830AAF80030B1F5803F284A0ED90823802033
S31501032840012499461367C908C2F890004FF6FF722F
S315010328500139914228BF114608E0802301241467F8
S31501032860C2F89030082399460029EFD1002202923B
S315010328700122013EF6B2009201964A4607F584709B
S31501032880D0F748D91CB14FF48012154B5A6695F906
S315010328900310404601F042FF0221124BAA681A6057
S315010328A00D4B197097F82D30013B8B423FF67DAFE7
S315010328B0032301200C4AC2F854320C4BC3F85402C9
S315010328C0C2F864120422C3F864226EE7034802675E
S315010328D0AAF8003090E700BFADE4002000C021A0B4
S315010328E000D021A0A4E20020006021A0005021A075
S315010328F0A8F80020F8B504460F461646CEF74CDC79
S315010329000546A047044620B12846CEF740DC2046BB
S31501032910F8BDD1F779DE04220549D1F8003D23EA52
S3150103292007033343C1F8003D024B1A67ECE700BFC7
S3150103293000C000A0002022A038B10368044A002B7E
S3150103294008BF1346034A13607047014BFAE700BFFA
S31501032950AD6C030168F8002008B501F0F7FB0B28FD
S3150103296001D9002008BD104A136F13F0A00FF8D147
S31501032970516F0E4B4907D3F8003D01D50120F1E70D
S3150103298023F07F4323F0FF03002BF7D0CFF76CD857
S315010329900628D36BE5D00728F0D133F002030CBF29
S315010329A001200020DEE700BF000022A000C000A036
S315010329B0074A084B30B10221C2F864120422C3F854
S315010329C0642270470421C2F864120222F7E700BFAA
S315010329D0006021A0005021A070B50D46064620B91E
S315010329E01C4B1B68CBB10E2016E000F061FF0128DA
S315010329F02DD1194BD6F8F40093F9004004F0B4FA3B
S31501032A00C4F11C04241A641BC4F12B03002BB8BFA5
S31501032A105B42232B0FDD212070BD01F10F03002B38
S31501032A20B8BF5B42232BF6DC0B4B19700B4B83F8B8
S31501032A30E6100020F0E786F82750CEF7ADDB054612
S31501032A4060B200F0F7FD2846CEF7A1DBF1E70220DD
S31501032A50E2E700BF6CE00020AEE4002000CD00A059
S31501032A6090F82630023B022B05D84B7C9BB1012BF8
S31501032A7013D0022B13D0D0F868311B0609D5D0F831
S31501032A80A8300D2B02D00F3B022B02D88B8A1A2BAF
S31501032A9007D804F06CB904487047044870470448E2
S31501032AA070470448704700BF20A1070048E80100AA
S31501032AB040420F0080841E000A78022A11D0101F9B
S31501032AC04242424152004B781201022B0BD0191F8D
S31501032AD04B424B415B000549054842EA8312FFF726
S31501032AE009BF0122EFE70123F5E700BFF0FFFF006E
S31501032AF0F13803010B78022B10D0181F43424341CF
S31501032B005B004A78022A0BD0111F4A424A415200FE
S31501032B100F21044843EA8202FFF7ECBE0123F0E7E3
S31501032B200122F5E71D390301D0F8B43010B59942F6
S31501032B3004460ED0C0F8B41001F07EFB4FF02041DD
S31501032B40A4F844010123044AC96904F5847002F017
S31501032B50F9FE002010BD00BFBCCF00A02DE9F7434D
S31501032B601E467C4B0446D3F8F4330F46DB05154664
S31501032B7003D50E2003B0BDE8F083FFF7EDFE20B3C6
S31501032B80A38A13B32046CEF766DF60B9724BD3F837
S31501032B90002D002EEDD102F03003102BE9D002F007
S31501032BA0C002402AE5D0DFF8D881D0F755DBD8F843
S31501032BB01430DE07DDD5CEF7EFDA06460320CFF76D
S31501032BC087DF20B13046CEF7E2DA0220D2E7D8F822
S31501032BD0142012F00609F5D13046CEF7D8DA5E4B4A
S31501032BE04FF400612046D3F8008DD3F8DC6CD1F79E
S31501032BF065DE40B14FF400720121584B08461A674E
S31501032C004A46CEF742DD94F82530394643F01003A0
S31501032C1084F825302046CEF7B3DE4F4BC3F8008D3B
S31501032C20C3F8DC6C0028A5D194F82430980601D4A6
S31501032C30002D4FD0C5F3400003F09AF815F4807FB9
S31501032C404FF002031CBF0021454A444E1DBF1367C3
S31501032C5002F55F229161336718BF5363D1F7D4DC61
S31501032C604FF4806315F0040F14BF3E4A3E4A2046D3
S31501032C7013660423336704F0CFF838B14FF4807336
S31501032C8015F0010F16BF364A33671367A9064AD5EE
S31501032C904FF6FF72B4F84030934212D0334A3449A7
S31501032CA0D2F88420100CC2F301120132B3FBF2F302
S31501032CB008802C4A2C492F481B04C1F88400C2F80A
S31501032CC08430003D18BF012594F8243065F345137C
S31501032CD084F824302046CFF719DCF0B1204604F0FE
S31501032CE09BF8D0B14FF400312046D1F7E7DD431C01
S31501032CF003229BB2204801A904F098FA9DF8042007
S31501032D0002F00703052B9DF8053015D112070DD4E3
S31501032D1043F48073194AC2F8E430002003B0BDE8D6
S31501032D20F04304F090BACFF7A9DBCAE713F0040F17
S31501032D3009D19DF80630EBE703F03002202A05D1CD
S31501032D4013F0010FF4E74FF48073E3E79DF80630C0
S31501032D50E0E700BF000022A000C000A0002022A0DF
S31501032D60001022A0005021A0006021A0004021A054
S31501032D70AAF800200000FFFF0C0030A000CC00A041
S31501032D8000C021A010B50C4619B1CFF7BFDB00B1C6
S31501032D9001342046CFF7BEDF024B4042C3F8F00CA5
S31501032DA0002010BD00C000A0F8B5838E0C469342E7
S31501032DB0154628D3436D8B4208BF0024CEF7ECD9C1
S31501032DC00646CEF751DE471F104BFFB2012F196C92
S31501032DD0DA6B05D904280BD121F00202042A0CD19E
S31501032DE01B6F9B0309D53046CEF7D1D90020F8BD19
S31501032DF0072802D1063A012AF2D901222946204699
S31501032E0001F008F8EFE72120F1E700BF000022A057
S31501032E102DE9F3410B460646154619B9212002B0A1
S31501032E20BDE8F081002AF9D0032905D8002201F073
S31501032E30ADF803460028F1D01C889A78B4F5804F83
S31501032E4002F0070180F08E80A1F107081F79B3F81C
S31501032E5006C0D8F1000343EB080305292B7394BF7E
S31501032E600023C2F300136B739309C2F3801003F0BB
S31501032E700203C2F3C00213432874A8746B74EF747C
S31501032E80D6F8A430A5F814C0D80657D406390129B3
S31501032E9054D8778AD6F81C80013F0A3C3C4018F87F
S31501032EA00410002080290CBF6FF07F0132392E4BAD
S31501032EB018BF49B25B6DA973A86096F82630013431
S31501032EC0FF2B04EA07040CD118F804305B0103F461
S31501032ED07E63FF2B9CBFDB43D8B2D6F8FC3003B12C
S31501032EE09847611CE873394018F8012001313940CC
S31501032EF018F801300131394042EA032218F801304A
S31501032F0001313940481C384042EA0342431C3B40E5
S31501032F1018F8034018F80030002018F80110019042
S31501032F20687C43EA0423009042EA0162304602F0D8
S31501032F30C5FD06232860AB71002070E7002300203E
S31501032F40EB730A4BDA69C2F30723120448BF63F032
S31501032F50FF035AB212F1800F1CBF323B5AB2AA7356
S31501032F600346E7E702205AE7004020A000C020A05D
S31501032F7070B506460C468D88FFF772FD96F8262036
S31501032F80617C042A4FEAC5031DD1012998BF033386
S31501032F90E0B1B3F5803F19D84FF22441420901FB51
S31501032FA003220009B2FBF0F2236800209B1A084AA8
S31501032FB02360D2F8C02002F01F02A3EBC2032360F1
S31501032FC00523A37170BD023A012ADFE70220F9E75F
S31501032FD000CC00A038B50546084B808ADC6A41F26D
S31501032FE01642C4F30C04A04234BF00200120082179
S31501032FF0FFF7A8F9A88A001B80B238BD000030A0EC
S31501033000F8B507460D4614468BB103F0F1FF294681
S315010330103846BE8A00F0FEFDB44228BF3446A4B248
S31501033020224629460448CFF7FDDA2046F8BDFFF7C5
S31501033030D1FF0646F0E700BF0C0030A0082310B10C
S31501033040024A13677047024AFBE700BF001022A03A
S31501033050002022A02DE9F743DDF8289080460F468C
S3150103306016461D46CEF798D804460320CFF730DD22
S3150103307038B12046CEF78BD80E24204603B0BDE8DF
S31501033080F0834C4B20465B6913F0060FF2D1CEF762
S315010330907ED80123324639464046FFF75FFD044693
S315010330A00028EAD1002D71D0B9F1000F6ED0424F3D
S315010330B03B78FF2B3CD042F604637B60E4233E4816
S315010330C0BB60EFF74FFF4FF480723A4B49464046D8
S315010330D09A66FFF75BFB04460028CED1374B1B7874
S315010330E0012B53D02022364B1A67CFF779DA012009
S315010330F0CFF794DDCEF750D8324B0746196809B39B
S315010331002A6895F80490114419600191D1B10420FC
S31501033110CFF7DCDB23464A46042001A9CFF7F0DBD0
S3150103312080B9D0F7EDDA21243846CEF730D8A4E7B3
S315010331302548CDF72BDF21463846EFF741FF002817
S31501033140B9D099E7CFF738DD16F0800020D00022F9
S31501033150184BC3F888206879431E58425841FFF734
S315010331606DFF2A792B68012AD8F8181101D18B42F0
S3150103317011D35B1A01930320082301A9CFF7C0DBFF
S3150103318058B9D0F7BDDA3846CEF701D8212474E70A
S31501033190D0F76CD9DFE70023ECE70C4D2B68984792
S315010331A021280446C0D1012100206B6898470024D9
S315010331B0BAE700BF00C021A054F80020ADE4002007
S315010331C0001022A0A4E20020A48B03014CF80020E6
S315010331D008B5582200210648D2F796D91022FF21B5
S315010331E00448D2F791D902F005FF002008BD00BFBC
S315010331F004CD00A048CD00A037B5374A3749137827
S3150103320009784FF0FF350B4313706322C0F8102181
S31501033210C0F818214B22C0F81C21C0F82021032233
S3150103322080F82C204FF40042A0F84A2007220C23F1
S315010332304C21C28700F158024265FF2280F84031D2
S31501033240A0F824114FF6FF7382210446C284244A4F
S31501033250C0F81411C385A0F84030C0F8B45080F803
S315010332602930458543864263038702F02DFD1D4BB5
S3150103327020461A781C4B83F8E620FFF7A9FF0122A3
S315010332801A4B2046C3F8382294F92710FFF7A4FBFB
S31501033290602341F6FF71164A2046D36402F57C2268
S315010332A011631167A2F57B22D3644022114B294690
S315010332B01A67D4F8A42003F038FD0E2300220193E4
S315010332C0009340F2022310461946D0F789DF00F036
S315010332D043FF002003B030BDB2F80020BC930301C5
S315010332E04000FFFFAEE4002000CD00A0005021A066
S315010332F0004020A0002022A010B50C46FFF768FF6E
S31501033300C4B1A378082B17D8E278082A14D843EA5C
S31501033310021313F0FF030CBF19466168074A516094
S31501033320217882F85810617882F85B3082F8591057
S3150103333002F060FE002010BD2120FCE700CD00A0B5
S31501033340012A10B512D8032B10D803EB82020123ED
S31501033350074C934094F85A00DBB221B10343002092
S3150103336084F85A3010BD20EA0303F8E72120F9E770
S3150103337000CD00A0034670B50C68B0F844210134B2
S3150103338008BFD3F810418D6808BF0C604C6800F57F
S315010333908470013404BFD3F81C414C606E1C40D1C8
S315010333A0D3F81841CE688C60751C40D1D3F81451FB
S315010333B00E69CD60013604BFD3F808610E614E690B
S315010333C0013604BFD3F80C614E618E69013604BF21
S315010333D0D3F820618E618E697EB36332B24238BF00
S315010333E032460E688A6116B1632E38BF6326C3F867
S315010333F018414C68C3F820210A69C3F81061C3F860
S3150103340008214A694FF02041C3F81451C3F81C41FE
S31501033410C3F80C21C9690723094A02F093FA00206C
S3150103342070BD02F16304AC4238BF2C46BAE702F120
S315010334304C05B54238BF3546BAE74B22D1E700BF43
S31501033440BCCF00A038B5054C054B417800782568FB
S31501033450236001F003FF00B1256038BDBCE2002003
S31501033460489503010A4B10B51B68044673B1094B12
S3150103347048B10121084A1A60022002F0C9F9002065
S31501033480064B1C7010BD01461860F5E70220F9E7EB
S31501033490BCE20020C0E2002040950301B2E4002013
S315010334A0014B1878704700BFB2E40020C021054BD9
S315010334B0054AD3F8F433C2F8F4130B4214BF0120BF
S315010334C000207047000022A0002022A070B54FF013
S315010334D0FF360B4D0B4CC5F85462C4F85402C5F8BC
S315010334E05862C4F85812C5F86462C4F864226FF0CE
S315010334F000421340C5F850220020C4F8503270BD73
S31501033500006021A0005021A090F92430002B0CDA91
S315010335104FF08053064A29B19360A2F58052136195
S315010335200020704713619360FAE70E20704700BFCE
S31501033530006021A0F8B50446D0F8EC0001F034FC94
S315010335402D4DD4F8F060C5F8C400D4F8EC2088BB3F
S315010335504FF02043C5E93062DB69C5F8BC30264D1F
S31501033560E38DA5F8E23094F8263085F8E730D4F8F0
S31501033570A430A5F8E030CCF7FDDDC5F81001CCF792
S31501033580BFDD1E4BC5F8D0001B681D49C5F8D430F5
S315010335901320CDF7CFDCD4F8AC3000205A1E5342AA
S315010335A0534194F82420510648BF43F0020385F89A
S315010335B0DC30F8BD9068361A01F0F6FB0746003891
S315010335C018BF012041F6EF523621FEF7BBFE4FF03D
S315010335D020433E44D869C5F8C06001F0E5FBC5F850
S315010335E0BC00003841F6F3524FF0360118BF0120F3
S315010335F0FEF7A8FEB3E700BF00CD00A0E4E200207A
S31501033600D8CD00A0431C06D06FF07E42024BDA638D
S31501033610A3F58053D863704700E020A0014B986B54
S31501033620704700BF00CE00A0014B0020996370478D
S3150103363000CE00A0054AC002136A00F4FF2023F45A
S31501033640FF23184310620020704700BF00C020A06B
S31501033650064B1A6E920207D4D3F8883013F4706FAF
S3150103366014BF01200020704701207047004021A0AC
S31501033670F8B50D46144601F00B0323EA0201294A64
S315010336802340D164A2F5805269070646D36411D556
S315010336900121FFF7DDFF68B1D0F7B6DF4FF08043B5
S315010336A014F0040F14BF204A204AC2F890340422AE
S315010336B01F4B1A67EA0606D514F0100F14BF002232
S315010336C01F221C4B5A652B0618D5270611D54FF415
S315010336D00012154BDA65CDF75FDD0E210746032090
S315010336E0CFF778DB40F20122124B3846DA62CDF787
S315010336F04EDD214696F82600CFF7F0DBE80503D524
S31501033700E10509D501F0F6FBAA0503D5A30506D5FF
S3150103371001F0FCFB0020F8BD01F0E6FBF4E701F044
S31501033720EFFBF7E7006020A0005021A0006021A075
S31501033730002022A0004020A070B5054690F8400164
S315010337400C460C2822D0FF2901D1212070BD1AB1C4
S315010337504FF0FF320F4B1A6003F080FD064695F8D2
S31501033760400100F05BFD844228BF0446E4B2B44243
S3150103377038BF3446E0B285F82A0000F027FE064A30
S315010337800346107820B9FF2BE0D1DEE70220DDE7FF
S315010337900020DBE76CF80020BC930301F8B50D4666
S315010337A090F8401104460C29174603D12E4B1B787A
S315010337B0002B51D02A462046A4F84A50F1F78CF83B
S315010337C0D4F8F03084F82900002B41D0274A167823
S315010337D0D4F800214EB1002A40D1B4F94A00B3F915
S315010337E01210884206DC002607E0BABB94F8492189
S315010337F0824202D20126B3F91250002229462046FB
S3150103380084F82C70CEF70CDC08BB76B1C4F8F00053
S31501033810204603F07CF84FF6FF739842014615D014
S315010338202046BDE8F840CEF7AB98114B1B7813F051
S31501033830FD0F0BD1204600F0FFFC4FF02041012381
S315010338400C4AC96904F5847002F07CF80020F8BDBE
S31501033850FF2384F82A30F9E70220F8E7B4F9461082
S31501033860B3F912209142BDE7BC930301B2F80020DC
S31501033870ACF80020BCCF00A010B5042301240A4AEA
S315010338800A49D1F81801C2F81831C2F814314C6348
S315010338904FF400511163410742BFC2F81431A2F537
S315010338A08052C2F8183110BD002030A0000030A0AC
S315010338B00D4BD868C0F30360431E062B09D8DFE816
S315010338C003F00404110410061000022070470520BA
S315010338D07047064B5B6913F0060F0CBF01200420EA
S315010338E070470420704700BF000022A000C021A03A
S315010338F0094AD368C3F30363062B0BD0072B07D1FE
S31501033900D36B062B06D0106F10F48030F1D17047BC
S315010339100020704702207047000022A0094AD3689D
S31501033920C3F30363032B09D0042B09D1106C0228BB
S3150103393007D0D2F86C010028F1D1704702207047F5
S3150103394000207047000022A0084AD368C3F303632B
S31501033950033B012B08D8536FDB0605D4906F80F028
S315010339600800C0F3C000704700207047000022A082
S3150103397010B5FF224FF6FF71044603F05EFB68B9EB
S31501033980FF224FF6FF71204603F068FB30B920464C
S31501033990BDE81040FF22024903F073BB10BD00BF0F
S315010339A06C9503012DE9F0411C461A4B05461E6829
S315010339B00F46904656B10021306801F015FAF368B7
S315010339C023B1B3680021186801F00EFA124B1B6884
S315010339D033B1DA6822B19B680021186801F004FA51
S315010339E09DF81830640744EA08425B0503F0BC639B
S315010339F042EAC7621A432846084942F4C87202F0EA
S31501033A00ABFA002228461146FFF7CEF90020BDE89E
S31501033A10F08100BF6C970301709703019007E12DB5
S31501033A2008B5FFF791FF88B1094BDA6912050DD580
S31501033A30186F10F4003009D19B6F13F0100F4FF07C
S31501033A4010030CBF034A044A936708BD0220FCE72F
S31501033A50000022A0001022A0002022A0034610B5D8
S31501033A60E8B1114AD16909051BD5546FC4F3811411
S31501033A70032C12D0022C14D122460C49B1F8E000D2
S31501033A800B49801A0144184602F064FD064A047282
S31501033A90926F120A4272002010BD0822EDE721201F
S31501033AA0FAE70220F8E700BF000022A000CC00A03D
S31501033AB0D84020A038B50546FFF746FF98B10B4B12
S31501033AC01C6F14F400340ED10220094B094A1B68FA
S31501033AD05B6D90672246AB4214BF2846002000F077
S31501033AE099F9204638BD0224FBE700BF000022A056
S31501033AF06CE00020001022A038B54B1E012B0546B1
S31501033B000C461FD8022915BF0022012202230023D6
S31501033B10124813434FF0204240F2024152691142C7
S31501033B2014D10F4A0F491A430F4BFFF7CFFC003C41
S31501033B3018BF012495F82430002064F3C71385F8D0
S31501033B40243038BD002209481346E2E7084A03F048
S31501033B5001031A430749084B0848E6E7FD2BA13F32
S31501033B60E0803F03261D081927719F6DFC2BA13F9A
S31501033B70E0803F33267D081932719F6D812AA1BFEB
S31501033B8004292DE9F04104460F4639D84E1EF6B2F3
S31501033B90032E8BBF00251B4BA84613F806809CBF3B
S31501033BA0194B9D5DCEF7B2DC28B32046FFF736FDF0
S31501033BB080B284281FD8022E05D894F824102046F3
S31501033BC0C909FFF799FF08F1FF33012B15D840F611
S31501033BD001020E4BC3F82C214FF4603200200C4B2B
S31501033BE06D045A6245EAC835A3F580535D6284F8CC
S31501033BF02D70BDE8F0814FF000080022034BE9E781
S31501033C002120F6E76895030164950301004021A08D
S31501033C1000E020A070B590F82600FF2813D02E4BA4
S31501033C202E4DD3F8B8202E4C12F0060F01D00128E1
S31501033C300AD94FF47063EB604FF480730022E3609B
S31501033C40254BC3F8B42070BD02F0020612F004023C
S31501033C5002D00B789B0634D4002E36D00B7803F0B2
S31501033C600F03072B31D14B78022B2ED98B7813F007
S31501033C703E0F2AD0CE7816F0040F26D016F0010F88
S31501033C800CBF04230A23B60748BF0633CB5CE3B153
S31501033C90002A14BF02220122012840F6FF7003F015
S31501033CA01F0108BF4900013940EA01310D48016589
S31501033CB04FF470611202E960E260074AC2F8B43058
S31501033CC0C1E7002ECAD18B7823B90023054A1365B0
S31501033CD00122EDE70222DFE700CC00A0006020A06D
S31501033CE0005020A0004020A07FB56C460D460A4B2C
S31501033CF006460FCB84E80F00084AD2F898300093A2
S31501033D00D2F89C20019205B12B6000222146304650
S31501033D1003F03EFA04B070BD5497030100CE00A030
S31501033D2019B10A68014BC3F898227047004021A0D4
S31501033D30124BD3F81421D2031ED54FF48032104906
S31501033D40C1F81421A1F58051C1F818215A6DD1B2D8
S31501033D50C2F30722C3F8A410C3F8A4200422C3F8AC
S31501033D60A4200022C3F8A420C3F8A420C3F8A420E6
S31501033D70C3F8A420C3F8A420704700BF000030A0F5
S31501033D80002030A0F0220B4B01219A64A022A3F557
S31501033D9080539A6403F57B23426DC3F8F410FC2127
S31501033DA0C3F8CC10C3F8D0204FF40052C3F8F02067
S31501033DB0704700BF006020A0F8B50D4617460646BA
S31501033DC0CDF7EAD901230422094C6363094BE76062
S31501033DD026616561C3F814214FF40042064BC3F80B
S31501033DE08421CDF7D4D90DB102236363F8BD00BF96
S31501033DF0000030A0002030A000E100E00122044BC6
S31501033E005A6741F6FF72D96418651A67704700BF8E
S31501033E10000030A038B50C46154601460F4B60B17C
S31501033E2001220F48C3F8F4202246CEF7FBDB1DB16E
S31501033E3004220A4BC3F8F42038BD64B1D3F8D82061
S31501033E40A24284BF0122C3F8F4200222C3F8D4405C
S31501033E50C3F8F420EBE70122FAE700BF000030A024
S31501033E60CC0030A02DE9F84305460C46B1B1D0F894
S31501033E701880478FCDF790D9B5F83CC0791E01EA72
S31501033E800C0323F00702032C0646DFF8FCE0424449
S31501033E905ED1DEF8004024B9CDF779D90E20BDE80D
S31501033EA0F88324F00104DEF8000020F00100A042AB
S31501033EB053D10023CEF80030238894426FEA43435B
S31501033EC06FEA534323803ED1EB8F08EB070918466C
S31501033ED0083880B202F108044C4528BF4446082835
S31501033EE004D9B4F800E0BEF5804F40D263440F43D2
S31501033EF01B1A3B409BB2AB87E887118894781D4A0E
S31501033F00C1F30C019165C2F89830C2F8B0004FF4C1
S31501033F108022194B04F00704C3F814214FF400421D
S31501033F20164BC3F88421FFF703FF042C0BD14FF47F
S31501033F308002134B1B6F134B1A67D5F8A41095F820
S31501033F402600CEF7CBDF3046CDF721D90020A6E7F1
S31501033F50601E012898BF1446A5E7E88F4344E31A78
S31501033F6048BFDB1908389842A6DC304694E7224657
S31501033F70AEE700BF000030A0002030A000E100E062
S31501033F80000022A0002022A0C4E200202DE9F04770
S31501033F9080460C4616468769458FCDF7FDD8B8F896
S31501033FA03C2005F1FF3C02EA0C0323F00701032C35
S31501033FB082463944B8F83E0019D1494C24689CB964
S31501033FC00244073A02EA0C0222F00702BC183B44F8
S31501033FD0E31A48BF5B19834210DB5046CDF7D7D8A6
S31501033FE000242046BDE8F08724F00104EFE7012C05
S31501033FF002D0022CEBD108380C46E8E7002E3DD05F
S315010340008C423FD1374AD2F858903649B8F81270E4
S31501034010D1F8AC20C2F30C02934247DA2588B5F5F1
S31501034020804FDAD2A378C5F30C0503F007037A1E92
S31501034030A5EB09053A43052B337005EA02052DD88D
S315010340402DB2E84340F245420421C00FFEF77AF947
S315010340507580E3783374D8F81C207B1E03EA0903C1
S31501034060D118B160A9B213FA85F5AF422FBF002368
S31501034070FF1AB780F26024BFB180F3605046CDF7D3
S3150103408086D8AEE7A4F10802974284BFED0802EB96
S31501034090C502B2F80090C9F30C09B6E7124B5B6D82
S315010340A0002B14BF0A230023ED1AC9E74B6D7A1EB1
S315010340B0A3EB09033A431A400C4915B2002DCB6809
S315010340C00BDCC3F30363D81E43424341DB00337066
S315010340D08B6F72801B0A3374BDE70823F7E700BFB2
S315010340E0C4E20020000030A0004020A0000022A06E
S315010340F0134B70B51E68134B748ADD6D621E5B6DBF
S31501034100ADB292B242EA04015B1B0B40191E18BF02
S315010341100121C90001700C492A40896F4380090AAC
S315010341200174F169D618A64201EB0205D2BF00213B
S31501034130A31A9BB285608380C160002070BD00BF56
S315010341406CE00020000030A0000022A0014B18788B
S31501034150704700BFACF8002040F6FF720C4BD3F852
S31501034160FC1791420BD0D3F8FC270A49C2F3461236
S315010341700A70D3F8FC37084A03F01F03137041F69C
S315010341806A02064B1B68B3FBF2F3054A13607047D9
S31501034190000022A0B6F80020B5F80020E4E20020D2
S315010341A0C8E20020014B588000207047ACF800207C
S315010341B010B50446182200211148D1F7A5D94FF4A9
S315010341C07F71002022780F4B022A1A700E4B0F4A79
S315010341D0C3F870110E49C1F8E4004FF0FF000D4911
S315010341E008704FF00701C3F8FC130CBF0423012326
S315010341F0C2F8FC330122084B00201A7010BD00BF20
S31501034200E8CF00A0ACF80020002022A0001022A0D5
S31501034210004021A0B4F80020B3E40020022802D113
S31501034220034B1878704708B9024BFAE7FF2070472A
S31501034230B5F80020B6F800202DE9F74FD0F8B420E1
S315010342404C21B2F57A7F28BF4FF47A72022A38BF1E
S315010342500222054690F840A15248013AC36DD0F8AF
S31501034260E4605148C3F38213D9400368DFF85091E0
S315010342709342DFF850814D4B01F0010110D11C78B7
S315010342808C420DD199F80040544509D1D5F8B8406F
S3150103429034B1B44204D1B8F8040003B0BDE8F08FD9
S315010342A0026098F800001970FFF7B8FF002940F281
S315010342B071213F4B18BF00201B680404B3FBF1F3C4
S315010342C019215343182BB3FBF1F15FD8002C67D0A7
S315010342D0B4FA84F3C3F12003C3F10F02012A38BFF1
S315010342E00122DC40A14201D2013A6408160246EAE0
S315010342F00216431C16435B0002F01F029340C4F1EE
S31501034300020213440522B3FBF2F3DFF8BCB000EB60
S315010343100027CBF8C030274B00EB0727186840F27C
S315010343207122003818BF01202B21FEF70BF8FA2260
S31501034330204B54431B6840F6FF71B4FBF3F40A2385
S315010343401D4A5C43C2F8E010A2F58052C2F8E06050
S31501034350A2F58052C2F8E470C5F8B870174D04F59A
S315010343607A7304F5AF602B600193CEF751DC4FF4FA
S315010343707A71CBF8BC002A68019BB2FBF1F2B3FB5D
S31501034380F1F0A8F8042089F800A086E7B1FA81F3D1
S3150103439034B1B4FA84F29B1A002B9DDC0F22A1E7F8
S315010343A00F22A3E7004021A06CF80020B4E400200B
S315010343B0E4E20020C8E20020006021A0CCE2002054
S315010343C0B3F80020ACF8002000CF00A038B51D4B90
S315010343D002461B781C4D0C2B02D1FF20287038BDD9
S315010343E0184602F03BFF01461846FFF717FF8242C4
S315010343F028BF0246D2B28A4238BF0A462B78044600
S31501034400D0B28342EBD0114B28701868FFF714FF23
S315010344104FF47F7228780E4B83F8FC0003F50513DE
S3150103442003F58853C3F87021C4F3470303EBC013A1
S31501034430B3FBF4F3802B28BF8023064A9B00C2F803
S315010344407031CCE7ACF80020B4F800206CE0002012
S3150103445000CF00A0001022A010B50446FDF788FD89
S3150103446078B1174B1B786BB964B1164B1B784BB1FB
S31501034470154B1B78013B012B04D84FF40042134B18
S31501034480DA6710BD124BDB6F1B04FAD4CCF784DE5B
S315010344904FF400420F4B0446DA67A3F5A0435B686A
S315010344A02BB1CDF707DD10B10220CEF7B7DB022220
S315010344B0094B2046BDE81040C3F8C824CCF7679ED4
S315010344C0B5E40020B6E40020D0E20020002022A0BB
S315010344D0000022A0001022A000D083402DE9F7435B
S315010344E080464E4E00F06AFB4D48CCF74FDD4D4BEF
S315010344F03778DFF840914C4D4C4C83F8008047BB2D
S315010345003846FFF7A9FF3378013B012B15D8F37B17
S3150103451001A88DF80430337C8DF80530ECF75AFD8C
S31501034520C9F8C874424B0022C5F88430F823C4F88D
S315010345308430404BC3F8C82409E03D4BC9F8C8741D
S31501034540C5F88430F823C4F88430C9F8C8743A4BE3
S3150103455057E00020FFF780FF3378013B012B08D892
S31501034560F37B01A88DF80430337C8DF80530ECF725
S3150103457031FD0023C9F8C834B8F1000FD2D07268EF
S3150103458042B32E4B1B6803EB5203B3FBF2F3013B1E
S315010345901B0643F0F8033078254A02281CD003286A
S315010345A0244924D0012833D143F00203C5F88420DA
S315010345B0C4F884300723C1F8C834F37B01A88DF806
S315010345C00430337C8DF80530ECF7F5FC0120FFF759
S315010345D043FF15E0F823DEE7C5F88420062243F0FE
S315010345E00103C4F88430134BC3F8C824E5E743F049
S315010345F00503C5F88420C4F884300423C1F8C834FC
S315010346000F4B4FF080420020DA6703B0BDE8F08319
S31501034610C5F88420C4F884300023EFE7D0E20020F4
S31501034620A88B0301B6E40020006020A0005020A05F
S31501034630FF0000FF00C08340002022A0E4E2002027
S31501034640001022A0F0B52A4F06463D4604460FCE7A
S315010346500FC5336885B02B6000F0B0FA2548CCF757
S3150103466095DC0022244BC3F8C824A17A627A42EA74
S315010346700142C3F8D424217CE27B42EA0142C3F816
S31501034680D024217B627B41EA0240C3F8CC043B7808
S31501034690032B2AD8DFE803F022020C178DF8041046
S315010346A004218DF805200DEB01000022ECF772FCC5
S315010346B0E37B00228DF80830237C042102A88DF8C0
S315010346C00930ECF767FC637A01228DF80C30A37A83
S315010346D0042103A88DF80D30ECF75CFC074B187821
S315010346E005B0BDE8F040FFF7F9BE212005B0F0BDE6
S315010346F0D0E20020A88B030100C08340B6E400206A
S315010347004FF48022034BC3F884215A600122024BE2
S31501034710DA60704700E100E000C021A000232DE923
S31501034720F74FDFF89CB15A4F8BF80030594B019183
S315010347301B680446B7FBF3F30093CCF72DDD564E06
S315010347408046D6F870A0CEF789DE736C0546282B12
S3150103475040F28F804FF0FF33726E02F00F029340E7
S315010347603AEA03030CBF4FF001094FF000094A4B24
S3150103477020209E6CCEF744D81022484B9A60ADB1E7
S31501034780002208210020CDF707DB4FF08072444950
S31501034790444BCA67C3F8802000224A679A6716B159
S315010347A0B9F1000F02D080223F4B1A6101F022FBBF
S315010347B04FF4002233263D4B3B4FC3F88421F9685E
S315010347C001F07061B1F1807F03D8731E13F0FF0608
S315010347D052D12DB1B9F1000F02D001238BF800306C
S315010347E02D4B4046C3F870A0CCF7D1DC4FF033080C
S315010347F02F4DEB6813F4603F04D108F1FF3818F02D
S31501034800FF083DD1012300982B65CEF707DACCF7D4
S31501034810C3DC072C214628BF07210F276B6A621EBB
S3150103482023F4706343EA0223AA6A22F0E05242EABE
S3150103483081622049C1F8B8701F4944F0100709780D
S31501034840A1421E492BBFAA62C1F8B870C1F8B8705C
S315010348506B622CBF6B62AA62CCF799DC144B5B6A61
S31501034860DBB2802B10D0019803B0BDE8F04F00F006
S3150103487053BB4FF001097AE70A20CEF7CFD99EE75A
S315010348800A20CEF7CBD9B4E703B0BDE8F08F00BF5A
S3150103489040420F00E8E2002000C021A0001022A040
S315010348A000E021A000D021A0000022A000E100E049
S315010348B000C020A000E020A0B0E4002000D020A08A
S315010348C0B7E4002070B50C68651C15D0C4F3036604
S315010348D09E42C4F3074530D1A4B294422DD804EBCA
S315010348E08506B24229D2141BA50824F003040E59E6
S315010348F0340F04D0012C08D00022212402E06B1CC2
S3150103490051F82320C0E9002470BD0E4C34F813304E
S3150103491042EA03431A686B1C51F8234001EB8301F6
S315010349204B6822405E4036F0704404D11B0F032BC3
S3150103493004BF8B681A430024E4E7013501EB8501C3
S31501034940C1E700BF10980301F7B506460D460024DB
S315010349500B0C23F48053174A8FB29BB232F8021B16
S3150103496021F480518B4202D00134072CF6D1D6F8BB
S31501034970F0300BB1196821B9D6F8EC3063B9286860
S3150103498008E0234668463A46FFF79CFFDDE9000344
S31501034990002BF1D103B0F0BD19680029EFD02346EE
S315010349A068463A46FFF78EFFDDE90003002BE6D1A1
S315010349B0F0E700BF1098030107B56846EEF726FB3B
S315010349C04FF040421B4B40F60841C3F8A0204FF479
S315010349D0F053A2F1FE52A2F5EF12C2F8E031164BE3
S315010349E0C3F8E0111021C3F824124FF48071C3F800
S315010349F034120F21C2F8C8124FF4A071C2F8FC1188
S31501034A000721C2F890120321C3F890120121C3F8BA
S31501034A10E8114FF4C071C3F8D0124FF4E071C2F834
S31501034A2018120C21C2F87C110822C3F87C2103B0A9
S31501034A305DF804FB00601040001022A008B5084B86
S31501034A4008491868084B1A68121A01F083FD074BC7
S31501034A501868074B1968BDE80840091A02F020BC1B
S31501034A604498030148980301409803013C980301C4
S31501034A703898030108B5064B06491A680648920099
S31501034A8001F068FDFFF7DAFFBDE8084001F094B8CD
S31501034A9048AD03014CAD0301A00000A038B50023C6
S31501034AA01E4C1F4823676367A367CCF76FDA4FF47E
S31501034AB000721C4B1C4DDA6201236B61E368C3F37D
S31501034AC00363082B01D0002BF8D1184B1B689847B9
S31501034AD0174BDB682BB140F2E75202210020FDF7A9
S31501034AE031FC4FF4FD33134CC4F8F4334FF48063B4
S31501034AF0C5F8F433CBF73EDB0F4A104B1268C3F804
S31501034B001001C3F820210E4AA3F54A435362012338
S31501034B1013624FF080626A61636138BD000022A0AF
S31501034B20A88B0301004020A0001022A084F80020D6
S31501034B30008001A3002022A06CE0002000CD00A08C
S31501034B40009024A038B50125124C134904F50053EE
S31501034B501D62A4F52833C3F80056104B10481A6892
S31501034B60920001F0F7FC0F4B0F4918680F4B1A68B7
S31501034B70121A01F0EFFC0E4B002118680D4B1A684F
S31501034B80121AD0F7C1DC0C4B636204F5805425621B
S31501034B9038BD00BF00C024A0002A0401C0290401B6
S31501034BA000F000A0B0290401B4290401AC290401D1
S31501034BB0A8290401A429040100F100A038B5224D56
S31501034BC0287800283ED14FF40051204A204B012476
S31501034BD0C2F880321F4B596159614FF00861A3F541
S31501034BE008335961C3F8004690665961C3F8004614
S31501034BF0F523C2F8B4320222174B99219C60A3F51F
S31501034C0080539A60154B4FF480301B689847144BB9
S31501034C102C705C6003F574235C60A3F56C235C6004
S31501034C20A3F580435C60A3F540435C6003F5C033A1
S31501034C305C6003F580435C60A3F500435C6003F5A8
S31501034C4088235C6038BD00BFB8E400200050804073
S31501034C5001000080004024A0002024A080F8002049
S31501034C6000D020A008B5FFF7A9FF134B134ADA6753
S31501034C70FFF7A2FE0322124BC3F8182100F034F901
S31501034C80CEF7EADA4FF460720E4B5A614FF40072B3
S31501034C90DA6702F095FA002102F091FA07230A4A2C
S31501034CA0D360A2F5805213614FF48072074BC3F8A8
S31501034CB080211A6008BD00BF000022A00049F00050
S31501034CC0005021A0001022A0006001A300E100E032
S31501034CD02DE9F84F80460E4692460446B14659F8E9
S31501034CE0045B6B1C05D1A4EB080025608010BDE8AD
S31501034CF0F88F2B492B0FC5F3036218BF012731F830
S31501034D0012B008BFC5F30747BAF1000F1FD001213F
S31501034D1001FA03F313F0940F27D1372013F0420F4F
S31501034D2020FA02F000EA01002ED113F0280F23D155
S31501034D300021A8B240EA0B4002F0A4FA194B084439
S31501034D40984204D1706802F09DFACAF8000023461E
S31501034D504A46BE00256004EB8707BB4252F8041B93
S31501034D601AD1331D1C444E44B8E740F6B70232212B
S31501034D700020FDF7E7FADBE7322140F6BB02FDF738
S31501034D80E1FA4FF48051D4E732214FF40C62FDF777
S31501034D90D9FA4FF40051CCE743F8041FDDE700BF0E
S31501034DA0109803011C0000A00C4A52F8043B8342ED
S31501034DB00AD100230A4800EB830002F063BA0133E8
S31501034DC0282B02D100207047012352F8041B81428C
S31501034DD0F5D1044A32F81330ECE700BFECE20020C8
S31501034DE040D000A056E400202DE9F0410A460646CC
S31501034DF0A0B10027184B3D469846184853F8041BA3
S31501034E00C1B9174C314604EB85042046FFF760FF11
S31501034E1040B940F66C223621FDF794FA0024204668
S31501034E20BDE8F0810F4B0135054448F8276023F8A7
S31501034E301750F4E7B14203D1094C04EB8504EEE7BD
S31501034E400137282F02D030F81750D7E740F68622CC
S31501034E5036210020E0E700BFECE2002056E4002003
S31501034E6040D000A058E40020054B1B68D3F8F4009A
S31501034E7028B10368022B01D9006A704700207047E5
S31501034E806CE00020054B1B68D3F8F43013B11A68A4
S31501034E900A2A01D8FFF7E8BF186C70476CE00020B7
S31501034EA00E4A10B5D2F880300D4CD2F8800003F0CB
S31501034EB00703E35CC0F3CD000A4900FB033309682A
S31501034EC0D2F824218901B1FBF3F1C2F30E32002397
S31501034ED08803890CD0F788D910BD00BF004021A0F3
S31501034EE064970301E4E200200122014BDA6770476C
S31501034EF0001022A00122014BDA677047002022A08D
S31501034F004022014BDA677047002022A04022014B61
S31501034F10DA677047001022A010F1800F04D04D28E4
S31501034F20CEBF7F20323040B2FF22034BC0B25A625A
S31501034F30A3F580535862704700E020A0134B1978FC
S31501034F4019BB134AD06D58604FF020408068D86072
S31501034F50D2F884201A610F4AD0689861D06BD86160
S31501034F60D2F810011862D2F814015862106B9862D4
S31501034F70506BD862926B1A6301221A70064B074A69
S31501034F80D3F8D40C1060C3F8D41C704790E3002007
S31501034F90004021A0004020A000C000A08CE3002017
S31501034FA0194B1A78002A2DD04FF020405A68174919
S31501034FB0CA65DA68826002F58072C2601A69C1F84D
S31501034FC084209969124AD160D969D163196AC2F8F1
S31501034FD01011596AC2F81411996A1163D96A516396
S31501034FE0196B9163012102F5005291641021A2F517
S31501034FF08052C2F8841000221A70064B1A68064BB7
S31501035000C3F8D42C704700BF90E30020004021A0D1
S31501035010004020A08CE3002000C000A01B4A38B545
S31501035020D36D03F4E071C02923D003F0C003802BB1
S3150103503025D1174B174A0125C3F88420302203F5DE
S315010350408053C3F884200522A3F59033DA6003F570
S3150103505080539D64CCF7A0D804460F4B29461D61A6
S315010350600E4B00205B6898472046BDE83840CCF7D5
S315010350708E9823F4E07343F08003D365D9E74FF0A9
S3150103508020430022C3E90222D3E700BF004021A047
S31501035090005021A00F00FFFF000022A04CF80020C2
S315010350A0012838B501D0042831D11E4BD3F810217C
S315010350B022F48042C3F81021D3F8142122F480424A
S315010350C0C3F814210122DA6324221A634FF480728E
S315010350D05A634FF49C729A63102203F50053C3F883
S315010350E08420052201250F4BDA6003F580539D6465
S315010350F0CCF752D804460C4B29461D610B4B0020B5
S315010351005B6898472046BDE83840CCF740983F2274
S31501035110074B0628C3F884200CBF064A064AA3F5A3
S315010351208053DCE7004020A0000022A04CF80020B9
S31501035130006021A03800FFFF1200FFFF4FF60401B4
S315010351404FF60502054B0120D3F818319BB28B426A
S3150103515008BF1346024A1367704700BF0080E00F7A
S3150103516000C021A02DE9F74F81460F464FF0FF35C9
S31501035170CDF7C4DD002601908A462C463046DFF87A
S3150103518080B006F108035B015BF8033003F00708FF
S31501035190B8F1010F12D13046CDF7ACDC0B4602460E
S315010351A051460198CDF78EDBDBF87C30F340DB0704
S315010351B01AD517B300252C463E60404601360C2E00
S315010351C0DFD170B10E4B5B6B13F580332CBF01221C
S315010351D000225C4305FB0244A3FB05352C44C9E9C4
S315010351E0003403B0BDE8F08FA84271EB0403E4D2A7
S315010351F007B13E6005460C46DFE73D463C46DCE724
S3150103520000C021A0F8B50620CDF77CDC0446CDF716
S3150103521069DC42F21073041B9C42054618D94FF010
S3150103522080624F240B4B1A6741F26F770A4E0BE0EC
S31501035230CDF758DC401BB8424FF4837221468CBF2D
S3150103524000200120FDF77EF8336F5B01F0D5F8BD31
S315010352501A24E9E7002022A0000022A0FF28F8B5BE
S3150103526006D1FF294FF0070006D0002968D103E0D4
S31501035270FF2963D10B2863D800264FF02345314C10
S3150103528040F25D1284F88C0084F88D6068694B21C5
S3150103529000F00100FDF756F811234FF48042C5F8DB
S315010352A08830294BC5F88460C3F880211A602748E2
S315010352B0CBF76CDE94F88D10254A94F88C300A43AB
S315010352C02449063341F82320234B1D6801F0F8FFD7
S315010352D06F08ED070246334628463946CFF784DF82
S315010352E0090441EA1041C0F3C03040EA41001B4BB7
S315010352F0A067586B10F5803005D14FF4D6722B2178
S31501035300FDF720F802200246002300200121CFF7F2
S315010353106BDFE06701F0D4FF40F649435843000DC4
S31501035320FF2828BFFF20022838BF0220002184F866
S315010353309000012000F06CFA0020F8BD0B2894D9E7
S315010353402120FAE700CC00A000E100E0A48B0301D1
S31501035350020C0C0000808340E4E2002000C021A07F
S3150103536070B5FFF74FFF0021022000F051FACDF788
S31501035370B9DB04460F4D104ED5F8F4331B070BD595
S31501035380CBF70ADFBDE8704002220C4BDA6001223B
S315010353900B4B1A70CBF7FB9ECDF7A4DB001BB04278
S315010353A04FF405724FF045018CBF00200120FCF735
S315010353B0C9FFE1E7000022A03F420F0000C021A080
S315010353C0B9E40020224910B50B78002B3ED0012207
S315010353D0204C94F88D300133DBB202FA03F31E4AF3
S315010353E0C2F88430C2F880304FF400421B4BC3F835
S315010353F0802100230B701A4B40F2C322186F392107
S31501035400C0F38060FCF79EFF4021164A164BC2F893
S31501035410AC104FF02342D4F88010D2F88C2091427D
S3150103542002BFD3F8CC21C4F88820D3F8C831D4F805
S31501035430880008BFC4F88430D4F8841000F0D8F883
S31501035440BDE810400121022000F0E2B910BD00BF02
S31501035450B9E4002000CC00A0002000A300E100E095
S31501035460000022A000E021A000C021A010B504463F
S3150103547001F026FF6043044B00F5F42000F590701C
S31501035480B0FBF3F010BD00BF40420F002DE9F74F0B
S31501035490FFF7ECFF0446FFF7B5FECBF77DDE0021F0
S315010354A04B4F054668463970FFF75CFE4FF02343C1
S315010354B09E69484B8046DB6813F0706F1BD1464BE0
S315010354C05B6913F0060A16D1D8B1444B611D1868FE
S315010354D0A1FB00B901F0F4FE53460246494658467C
S315010354E0CFF782DE009B090441EA1041000498428A
S315010354F0019B994105D3284603B0BDE8F04FCBF78D
S31501035500469E0021022000F083F9CDF7EBDA8146AE
S31501035510DFF8C0B0DFF8D0A0DBF8F4331B0741D5C1
S31501035520B8F1000F4DD0DDE9008901F0C9FE4FEA5C
S31501035530184141EA09414FEA1943A0FB019800FBCF
S315010355400388264B1A6812B901F0AEFE0246002300
S3150103555048464146CFF748DE01214FF0234C204B05
S31501035560013493F88D301F4A0133361BDFF87CE093
S31501035570DBB201FA03F30644CEF88030CCF88C6033
S31501035580C2F88430DCF81820DCF88C60241A921BEC
S31501035590A24216D2CEF884300220CEF8803000F033
S315010355A037F9A8E7CDF79EDAA0EB0900504540F29B
S315010355B06A224FF045018CBF00200120FCF7C2FE91
S315010355C0AAE70222044BDA6001233B7093E700BF8B
S315010355D0B9E40020000022A000C021A0E4E20020DB
S315010355E000CC00A0001000A33F420F00002000A33F
S315010355F001232DE9F74FDFF80082019198F88D20F9
S3150103560079499340C1F8883098F88C20774BDFF8B5
S31501035610FC91C3F8EC204FF400330222C9F8103091
S31501035620734B0646DA604FF0234305464FF0000BF2
S315010356309B69019C5F1EDB1B002B40F398800BF1DA
S31501035640010BBBF1020F5AD9EC220D210020FCF705
S3150103565079FE4FF08042674BDFF894815A674FF426
S315010356600031654AC8F8CC51C2F880700027C2F8E8
S315010356708850C8F8C841C2F8844019615B4BC3F826
S31501035680EC7092F88D3001229A40574BC3F888206B
S31501035690CBF782DD3B463A46D8F82040D8F87C5012
S315010356A003F10801490158F8011001F00701012925
S315010356B010D125FA03F7FF070CD408EB4317A642CB
S315010356C0D7F80C7164D8BE4204D2BC4202D39940C6
S315010356D011438AB201330C2BE2D1484D2C68012CBC
S315010356E05FD93AB14449B1F88E301343A1F88E30EC
S315010356F0C9F87C2003B0BDE8F04FCBF7489D4FF0C6
S31501035700010A98F88D304FF023440AFA03F3C1F8DE
S315010357108830CBF741DD4FF08043364A0199536711
S31501035720A769DFF8CCC05744C4F88C70D8F8803029
S31501035730D8F87820FC1AA4FB0224D8F87C30A4FB01
S315010357400345A2FB0332641845F10005A41846EB91
S315010357500505CCF81C40CCF8205098F88D30284A22
S315010357600AFA03F3C2F88830CBF711DD1E494FF06D
S3150103577023439B6900BF00BF00BF00BF00BF00BF3B
S3150103578000BF00BF1A4A526F52007FF554AF60E75C
S31501035790BE4201D3BC429DD3012199400A4392B231
S315010357A098E718490B78142B01BF0023164E0B708B
S315010357B033700B7801330B70002A9BD00E4EB6F86B
S315010357C08E301343A6F88E30C9F87C200E4A13781F
S315010357D00133DBB2022B13708CD1002301342C600D
S315010357E00B70137086E700BF002000A3008083407F
S315010357F000C021A000E021A000CC00A098E2002077
S31501035800001000A3BBE40020BAE4002000D021A0CD
S31501035810064BDA689207FCD4022240EA012098611A
S31501035820034BDA600122034B1A707047008001A310
S31501035830009001A3BCE400200B4903460A78012A20
S3150103584010D10A4A13F47F4F9269C0F3072007D197
S31501035850D2B2DBB29A4214BF032302230B70704701
S315010358600323FBE702207047BCE40020008001A369
S31501035870F8B52E4EF368C3F30363022B53D1CDF769
S3150103588031D905462A4FB46A14F4802439D1CBF7AA
S3150103589083DCF3680546C3F30363022B2CD1336F11
S315010358A098053CD5234BD3F8D83059889A68C9074C
S315010358B048BF1821D66848BF927806F4000044BF52
S315010358C001FB023303F10C021B4B06F008069B692D
S315010358D093608022194BDA6038B14FF4007203F5F5
S315010358E0A043CF20DA61CCF78BDFC6B14FF4007248
S315010358F0134B1A6702229A602846CBF748DC2046E7
S31501035900F8BDCDF7EFD8401BB8424FF064024FF014
S3150103591047018CBF00200120FCF714FDB3E7802269
S31501035920024B1A61E8E70224E9E700BF000022A05F
S315010359303F420F0000CC00A000C020A000C021A060
S31501035940002022A02DE9F047054614461E460846C7
S3150103595029B92046BDE8F0472C22CFF7D59D00F0A3
S31501035960CDF80746ADB106F0020816F0040612D1CA
S31501035970B8F1000F0DD0284600F0C8F86B696062D4
S31501035980002B7FD147F23050CDF742D92062002E4A
S3150103599054D1BDE8F0872B69002B6AD04FF0204321
S315010359A0D86900F0ABF84FF47A722B6980685343D8
S315010359B0A3F5AF73181ACDF72BD94FF02043E06146
S315010359C0D86900F09BF8AB8B002B55D04FF47A7254
S315010359D053438068A3F5AF73181ACDF719D920611C
S315010359E0334BE868D3F80090002848D04FF47A7314
S315010359F05843BB68A0F5AF70C01A7B68C01ACDF7D0
S31501035A0007D92C4B6061D3F8D030DFF8ACA0A36182
S31501035A10DAF8003053B14846CCF778DD30B1224687
S31501035A203946DAF80030D9F8E80098470021A86921
S31501035A3001F061FCA062B8F1000F9CD1A86880BB9C
S31501035A4047F23050CDF7E4D8A0602B684FF47A754E
S31501035A505D434BB14FF02043D86900F04FF803681B
S31501035A6003F51C5310331D442846CDF7D1D8E06006
S31501035A708FE743F2AA709EE743F2AA70ADE743F2BA
S31501035A80AA70BCE74FF02043D86900F037F84FF40A
S31501035A907A726B69C06802FB0300A0F514501C38C7
S31501035AA072E74FF47A735843A0F514501C38C9E7CB
S31501035AB06CE0002000CF00A0C4E3002038B51946EE
S31501035AC005461046CDF722D90446D5F8F40000F071
S31501035AD015F842689DF91430002A03EB0400054BBF
S31501035AE0A8BF4FF4FA731344034A93FBF2F3184422
S31501035AF038BD00BF0CFEFFFF18FCFFFF08B10069AC
S31501035B0070470148704700BFF497030108B543681E
S31501035B104FF47A7058434BB14FF02043DB6943B1DD
S31501035B201B691B6803F51C5310331844CDF770D852
S31501035B3008BD014BF5E700BFF497030100B58DB02E
S31501035B40F4F70AFA98B902A8CFF7AAD878B95C226A
S31501035B5020210D4B02A8F6F79FFC024638B90B4BE1
S31501035B601221009302A88423F6F76AFC40B140F29E
S31501035B7023222E2100200DB05DF804EBFCF7E2BBD6
S31501035B800DB05DF804FB00BFC8E30020CCE30020A1
S31501035B9000F00F030B2B04D8031D064A106553654A
S31501035BA07047830F032B1ABF00F18043033B40F079
S31501035BB00F03F2E700CE00A070B586B06D46204C08
S31501035BC00FCC0FC51F4B94E8030085E80300186843
S31501035BD01D4B00211A68121ACFF796DC1B4B0021C5
S31501035BE018681B4B1A68121ACFF78EDC4FF48072B2
S31501035BF0184B0021A3F85C204FF020402022CFF759
S31501035C0083DC01F076FB144B1B783BB16D460C4EDE
S31501035C100FCD0FC695E8030084E803000C220F4954
S31501035C200F4800F097FC88220E490F4800F092FCBA
S31501035C300E4BD3F8B80206B0BDE87040FFF7A8BF14
S31501035C40E8CF00A034980301309803012C9803018F
S31501035C502898030100CD00A0B3E4002004980301B2
S31501035C60C4CC00A0C8E3002074CE00A0000022A08B
S31501035C70074BD3F8000D03F505135B6F1A0103D424
S31501035C80044B9B6E1B0401D500F58070704700BF62
S31501035C9000C000A0004020A0094B1B6893F82430E4
S31501035CA0DB090AD14FF0204340F202425B691A42F3
S31501035CB002BF0322034BC3F854220020FCF778BE2C
S31501035CC06CE00020006021A010B50446FEF7CAFF70
S31501035CD0CEF712DA2046FEF755F8FEF7DFFEFEF79A
S31501035CE031FFCCF795DDFEF70BFD01F003FB4FF01A
S31501035CF020410723184AC96904F58470FFF722FE78
S31501035D004FF480010020CDF709D84FF4001101208B
S31501035D10CDF704D8FFF712FA20B940F22312142162
S31501035D20FCF710FB0D4C01F0E2FA0120FEF7D6FB5E
S31501035D300E2220460A4900F00DFC0A4A0A4B126854
S31501035D400A48C3F8F040C3F8EC20CEF7C1DDBDE83D
S31501035D501040CDF7159900BFBCCF00A000CE00A01F
S31501035D601098030198F8002000CD00A0ECCD00A007
S31501035D70F8B5194C0546207840F27D22B0FA80F039
S31501035D803E214009FCF7DEFA55B9607840F27D22DF
S31501035D90BDE8F840B0FA80F03E214009FCF7D2BADB
S31501035DA04FF440660D4F0E4DD7F8103140F27D2268
S31501035DB0C3F381232370C5F8106160783E21B0FADD
S31501035DC080F04009FCF7BEFAD7F81431C3F38123F7
S31501035DD06370C5F81461F8BDBDE40020004020A03E
S31501035DE0006020A00122024B1A62DA61704700BFEC
S31501035DF0002022A0084A08B5D369116A0B40074956
S31501035E00D8B2DB07C86106D5D1684FF0FF30C1F3BD
S31501035E10036101F08FFA08BD000022A0002022A031
S31501035E200C4A08B5936CD26C13400B4A9364DB0797
S31501035E300FD50A4B40F66D021878122100F00100C6
S31501035E40FCF780FABDE80840002201200021CDF7C6
S31501035E50ED9A08BD00C020A000E020A008DF0020C5
S31501035E6070B52A4CE56823691D40294B25F00202CA
S31501035E70EE07DA6005D540F6D40200206169FCF726
S31501035E8061FAA80711D50222A069214BDA60C3B2D0
S31501035E90072B20D11F4B1868D0F86431990515D407
S31501035EA090F82430134380F824306B072DD51A4B11
S31501035EB093F8782093F879309A4226D0BDE870405A
S31501035EC0002200204FF48011CDF7B09A4FF48031B0
S31501035ED0CEF716DEE9E7082B05D00A3B022BE4D8F9
S31501035EE0FFF7AAFCE1E70C4ED6F8A040002CDCD064
S31501035EF0A37B13F00A0FD8D0236913B100212046DF
S31501035F0098472468C6F8A040F0E770BD004001A396
S31501035F10006001A36CE0002000CD00A038B50B4C56
S31501035F200B4DE368DB0705D4A368E2681340094A0E
S31501035F30936038BDD5F80031DA05F2D5FFF790FF46
S31501035F404FF48073C5F88031EBE700BF008021A0D1
S31501035F5000E100E000A021A038B514460D46CBF7B9
S31501035F601BD9064BD3F8D42C54402C405440C3F8C8
S31501035F70D44CBDE83840CBF70A9900BF00C000A056
S31501035F802DE9F04117460A43012A1D469DF818409B
S31501035F909DF81C60DDF8208027D8B44225D2082E4F
S31501035FA023D8032B21D8B8F1000F1ED00A460021AE
S31501035FB0FDF7C6F9FF21EB009940C943DFF830C06D
S31501035FC008F1FF38FF00E2B2964202D80020BDE88D
S31501035FD0F0813D190CEB8505AA6818F8010F0A40F3
S31501035FE098401043A8600134EDE72120EFE700BF95
S31501035FF000CD00A0164B1749D3F8D42C12F0010398
S3150103600010D0154B93F82430144A43F08073C2F829
S31501036010D0304FF4801302F58052C1F8B430C2F880
S31501036020B83070471006EFD40D4B93F85B0020B1DF
S31501036030D20602D593F85830E6E74FF480130020D1
S31501036040064AC1F8B830C2F8D000C1F8B430704777
S3150103605000C000A0006020A000CE00A0004020A048
S3150103606000CD00A010B50C46B1F90E10FBF73EFDAD
S315010360700028ABBF636DA3891B1823F48053ACBF00
S315010360806365A38110BD2DE9F0411F468B89054642
S315010360900C46DB05164605D502230022B1F90E107F
S315010360A0FBF712FDA3893246B4F90E10284623F4F1
S315010360B08053A3813B46BDE8F041FBF749BA10B5CE
S315010360C00C46B1F90E10FBF7FFFC431CA38915BF60
S315010360D0606523F4805343F48053A38118BFA381DE
S315010360E010BDB1F90E10FBF7DFBC2DE9F8430746E6
S315010360F0884614460026D4E90195B9F1010905D567
S315010361002468002CF7D13046BDE8F883AB89012B0F
S3150103611007D9B5F90E30013303D029463846C047AE
S3150103612006436835E9E77047704770479368013B53
S31501036130002B936010B408DA9469A34201DB0A29A0
S3150103614003D15DF8044B00F01AB81368581C1060AC
S31501036150084619705DF8044B7047F8B506460F46B5
S315010361601446D518AC4201D1002007E03A4614F88B
S31501036170011B3046FFF7DAFF431CF3D1F8BDF8B52F
S315010361800E461446054618B1036A0BB9FBF7B6F971
S31501036190A369A360A3891A0701D5236943B92146D4
S315010361A02846FBF7FFFA18B14FF0FF373846F8BD1B
S315010361B02368F6B222693746981A6369834205DC76
S315010361C02146284600F00EF90028EDD1A368013BCC
S315010361D0A36023685A1C22601E70431C62699A429B
S315010361E004D0A389DB07E1D50A2EDFD12146284650
S315010361F000F0F8F80028D9D0D6E72DE9F04716467E
S3150103620098468A6807460B690C46DDF82090934247
S31501036210B8BF1346336091F843200AB101333360A3
S315010362202368990642BF336802333360256815F044
S31501036230060506D104F1190AE36832689B1AAB42D3
S315010362402BDC94F843302268003B18BF01239206E6
S3150103625030D404F1430241463846C847013023D0BE
S3150103626023681A3454F80A2C03F00603042B0ABFD5
S3150103627054F80E5C002533684FF0000608BFED1A8B
S3150103628054F8123C08BF25EAE5759342C4BF9B1A2D
S31501036290ED18B5421AD1002008E0012352464146C2
S315010362A03846C847013003D14FF0FF30BDE8F087C8
S315010362B00135C1E7E1185A1C30200233224481F823
S315010362C0430094F8451082F84310C2E7012322469E
S315010362D041463846C8470130E6D00136D9E7B1F918
S315010362E00C202DE9F041170705460C4656D44B6899
S315010362F0002B02DC0B6C002B3DDDE66A002E3AD047
S31501036300002312F480522F68216A2B6025D0626D17
S31501036310A389580705D56368D21A636B0BB1236C3E
S31501036320D21A216A0023E66A2846B047411C24D0C3
S315010363300023636023692360A389DA0400D56065BA
S31501036340616B2F60B9B104F14403994202D0284627
S31501036350EEF716F8002363630DE001232846B047E1
S31501036360461C0246D4D12B68002BD1D01D2B01D05C
S31501036370162B2AD12F6000202EE02A68B4F90C309F
S3150103638042B11D2A01D0162A21D100236360236954
S315010363902360D5E7626022692260CEE70F69002F89
S315010363A0E9D093070E680F600CBF4B690023A6EB78
S315010363B007088B60B8F1000FDDDD43463A46216AD3
S315010363C02846A66AB047002808DCB4F90C3043F026
S315010363D040034FF0FF30A381BDE8F0810744A8EBEA
S315010363E00008E7E738B50B6905460C4613B90025DE
S315010363F0284638BD18B1036A0BB9FBF77FF8B4F920
S315010364000C30002BF3D0626ED00704D4990502D465
S31501036410A06DFFF789FE28462146FFF760FF636EED
S315010364200546DA07E4D4A3899B05E1D4A06DFFF7FA
S315010364307CFEDDE7C9B20346024410B59342184612
S3150103644001D1002003E0047801338C42F6D110BD5B
S31501036450062008B5FBF75CFB0120EEF7BBF9884282
S3150103646010B501EB020402D98442234607D8431E21
S31501036470A14208D011F8012B03F8012FF8E70244D2
S3150103648001468A4200D110BD13F8014D02F8014DB0
S31501036490F7E770B50C46B1F90E1096B0154600290B
S315010364A01E460CDAA389002113F0800F14BF402383
S315010364B04FF48063002031602B6016B070BD6A46CD
S315010364C0FBF72EFB0028EDDB019901F47041A1F5E1
S315010364D00053594259414FF48063EBE78B89F7B572
S315010364E09D0706460C4607D504F14703236023613E
S315010364F00123636103B0F0BD01AB6A46FFF7C9FF30
S31501036500009F054630463946EDF737FF48B9B4F9DA
S315010365100C309A05EED423F0030343F00203A3815F
S31501036520E2E7A389206043F08003A381019BC4E9C9
S3150103653004075BB1B4F90E103046FBF703FB28B130
S31501036540A38923F0030343F00103A381A3891D4315
S31501036550A581CFE70A44431E914200D1704710B586
S3150103656011F8014B914203F8014FF9D110BD1F29CF
S3150103657038B505460C4604D9162303604FF0FF30A0
S3150103658038BDC26B12B152F821304BB9284600F01F
S3150103659016F8224601462846BDE83840FBF7E2BA1B
S315010365A0012B0AD0591C03D1162303600120E7E707
S315010365B00021204642F8241098470020E0E7EEF731
S315010365C00CB910F8012B11F8013B012A28BF9A4295
S315010365D0F7D0D01A7047034611F8012B03F8012BA4
S315010365E0002AF9D1704730B514469BB005461A46C1
S315010365F0002C05DA8B2303604FF0FF301BB030BD4F
S315010366004FF40273009104916946ADF80C3014BF3F
S3150103661004F1FF332346029305934FF6FF73ADF857
S315010366200E301E9BFBF70AFB431CBCBF8B232B605F
S31501036630002CE3D0009B00221A70DFE7034613F810
S31501036640012B002AFBD1181A01387047013902447C
S3150103665010B5904201D1002005E0037811F8014FEE
S31501036660A34201D0181B10BD0130F2E72DE9F04713
S315010366701F468E6882460C46BE4290460B682DD84D
S31501036680B1F90C2012F4906F26D06569096905EBFF
S315010366904505A3EB01097B1C05EBD5754B446D1031
S315010366A09D4238BF1D46530527D52946EDF765FE9D
S315010366B0064660B34A462169FFF74CFFA38923F4D3
S315010366C0906343F08003A38126614E446561A5EB84
S315010366D0090526603E46A560BE4200D93E463246BE
S315010366E041462068FFF7BBFEA36800209B1BA360FE
S315010366F0236833442360BDE8F0872A46EDF76EFE2F
S3150103670006460028E0D121695046EDF739FE0C23F0
S315010367104FF0FF30CAF80030A38943F04003A38149
S31501036720E9E710B50446E2F7BFFB2046E2F766FE4A
S315010367300446E2F7C1FB204610BD02207047022042
S3150103674070470020704701207047002070470E20D4
S315010367507047FDF7ADB870B50C4611461A46FBF7FF
S315010367607BFB059B049E0493456933462046AC4651
S31501036770BDE87040604710B5FBF76EFBBDE81040FE
S31501036780836908461847CBF7669ACBF76F9AFCF7E6
S3150103679061BC00F0C0B808B500F01DFB002008BDC0
S315010367A0CBF74499CBF7E89A70B504460D461646DE
S315010367B04FF4881100F000F9324629462046BDE818
S315010367C07040FDF791BA431E012B03D9031F5842AB
S315010367D0584170470120704700F033BD4FF4E07212
S315010367E00021CEF7919E70B50446FCF705FD0546DB
S315010367F0A8B9A169F1B1238AD3B1204604F11002E4
S3150103680000F08AFB38BBE16919B3638AA3B1204659
S3150103681004F1120200F055FB78B1054603E00023AB
S31501036820A3612361E361002328466361236270BD8B
S31501036830A061E8E72082E6E7E361216A0029F2D055
S31501036840A28A002AEFD02046E38ABDE8704000F011
S31501036850F7BA6182F1E76582E561DEE70A7838B561
S3150103686005461046FFF7AFFF60B14C782046FFF7A8
S31501036870AAFF38B12243530704D42846BDE838405A
S31501036880FCF71AB9212038BD10B504460878FFF77D
S315010368909AFF58B14A781046FFF795FF30B1042A9B
S315010368A004D02046BDE81040FCF724B9212010BDD1
S315010368B000F0FEB9013001D100F0F8BC2120704788
S315010368C0704711B9D0F8EC1021B1CB6813B18B68BD
S315010368D0D88970474FF6FF70704710B5FBF7D2FBA7
S315010368E0044608B900F0B6FC204610BDCBF7D6988E
S315010368F000F027BAD0F8F0300BB90E2070474FF6E7
S31501036900FF72C38D93420B80F7D000207047C08D71
S31501036910704700F00ABA062AF8B504460F4615462B
S315010369201E462AD8FCF718F848B394F825302046B2
S3150103693043F0100384F825303946CBF721D80446B2
S31501036940B0B9012102460846CAF79FDE204600F088
S315010369507AFCFEF7F3FA304600F0A9F9062D28462C
S3150103696008D06FF029032B41DB0703D4FEF756FB4F
S315010369702046F8BDFEF794FBFAE72124F8E7022443
S31501036980F6E700F0F5BAFCF7CFB800F00CBA002031
S315010369907047084600F075BC00F0EDBA38B50446F9
S315010369A00D46CAF7F9DB0023C4F8A050C4F89C309E
S315010369B0BDE83840CAF7EB9B38B504460D46CAF71E
S315010369C0EBDBD4F8A0301D40D4F89C3023EA05054F
S315010369D0C4F89C50CAF7DBDB284638BD73B50D787E
S315010369E006460C4635B304238DF804302379304625
S315010369F001A98DF80530FFF747FF0546B8B9227897
S31501036A00A37952BB8DF80430E379304601A98DF899
S31501036A100530FFF723FF054648B923783BB1618863
S31501036A203046FCF7AFF90121304600F0DBF9284681
S31501036A3002B070BD294600F0D5F92946304600F06B
S31501036A40EFF92946304600F0F3F92378002BCAD132
S31501036A5023798DF804306379C9E702228DF804207E
S31501036A60D3E700F0DDB9FCF7CBBAFDF78FBA0846D9
S31501036A70FDF73EBBFCF7CCB9FCF77ABA0B4610B56A
S31501036A8014461846A1689288FFF764FDE168034638
S31501036A9031B1A0886288121A92B21844FFF75AFDDF
S31501036AA0002010BD0846FDF7CDBD431C08BF0020DD
S31501036AB0FBF792BF10B5044600F06EF820B92046E5
S31501036AC0BDE81040FBF71ABD10BDCCF70B982DE9B5
S31501036AD0FF41984604460E461746CAF74DDB05465F
S31501036AE02046FFF7E7FF0A9B3A4602930023314606
S31501036AF001932046CDF80080FBF74EFD0446284658
S31501036B00CAF740DB204604B0BDE8F08138B5044638
S31501036B10CAF732DB05462046FFF7CCFF2046FBF7D3
S31501036B2019FD04462846CAF72DDB204638BD38B57C
S31501036B300446CAF721DB05462046FFF7BBFF20467D
S31501036B4000F039F804462846CAF71CDB204638BD4F
S31501036B5038B50446CAF710DB05462046FFF7AAFFF8
S31501036B60204600F02EF804462846CAF70BDB2046DA
S31501036B7038BD70B504460E46CAF7FEDA0546204609
S31501036B80FFF798FF31462046FBF752FD0446284698
S31501036B90CAF7F8DA204670BDFBF7EABB10B5CAF7A8
S31501036BA0EBDA044600F015F8FBF708FC2046BDE8CE
S31501036BB01040CAF7E79A024608B5FBF7D9FB507DA1
S31501036BC008BD024608B5FBF7D3FB507D80F00100F3
S31501036BD008BDCBF7879FCAF7B59FCBF7399800F066
S31501036BE0B8BA00F007BA022A01D800F026BA212062
S31501036BF07047022A01D800F031BA21207047022AD0
S31501036C0001D800F03EBA2120704738B504460D4637
S31501036C10CBF77CDC28B129462046BDE8384000F095
S31501036C2040BA022038BD70B504460D461646CBF769
S31501036C306DDC30B1324629462046BDE8704000F08E
S31501036C4047BA022070BD0E20704738B504460D467B
S31501036C50CBF75CDC28B129462046BDE8384000F075
S31501036C6068BA022038BD38B504460D46CBF74EDC6B
S31501036C7028B129462046BDE8384000F062BA022011
S31501036C8038BDFCF7CDBE0846FCF7E8BE03469B8E2E
S31501036C9008469342114601D3FCF70CBF21207047E6
S31501036CA0FCF76EBF0020704700207047704770479E
S31501036CB0F7B504461046D4E958C7DDE908268CEA38
S31501036CC0020587EA06010540194085EA0C05794064
S31501036CD0C4E95851002523F4004106EA010320F0D3
S31501036CE0010043F40073024043F00203019500954A
S31501036CF0CDF776DA94F824309A0713D5D4F86431AC
S31501036D009B050FD54FF488112046CDF7F9DE94F88C
S31501036D102430024665F3410384F8243020460B46AA
S31501036D20CAF7AADE002003B0F0BD30B4D0F8A43010
S31501036D300A4023EA01031343C0F8A43030BCFCF72D
S31501036D4097BC08B5D0F8F4304BB11A68022A06D9B4
S31501036D5093F825204AB1186AB0FBF2F008BD40F654
S31501036D60E8224C210020FBF7EDFA0020F6E7D0F8E4
S31501036D70F42008B57AB11368022B0CD9536A13F4BC
S31501036D807F4FC3F3072106D0126ADBB253438B420B
S31501036D90B3FBF1F006D2002040F607324C21FBF794
S31501036DA0D1FA002008BD0346B3F8422108468A42B8
S31501036DB003D0A3F84211FDF7F5B90020704790F807
S31501036DC040310C2B05D013F0FD0F02D190F82A00A8
S31501036DD07047FF20704708B500F06DFABDE808401B
S31501036DE0FEF7DEB838B50C464FF400610546CDF71C
S31501036DF065DD60B16CB195F82E3163B94FF48072DC
S31501036E002846BDE838404FF48071FFF7A5B8220242
S31501036E10F6E72246F4E738BD4FF48071CDF74E9D70
S31501036E2008B54A024FF40071FFF796F8002008BD32
S31501036E3008B58A024FF48061FFF78EF8002008BD7A
S31501036E402DE9F041884618F003070646154619460B
S31501036E5033D1B2F5805F30D89A422ED33F2A28D94F
S31501036E60B2FA82F401220120C4F11F03DBB29A4074
S31501036E7092B2AA422CBFC4F11904C4F11A04E2B2B4
S31501036E80931DDBB2984080B2A84214D096F805311F
S31501036E90ABB9012096F8253060F3000386F8253057
S31501036EA04046FCF789FFC6F82080B5823846BDE81F
S31501036EB0F0813A46EAE70020ECE72127F6E70E27B9
S31501036EC0F4E7F8B511F0030607460D46144621D13A
S31501036ED002B313883F2B1DD9B3FA83F3C3F1190107
S31501036EE0C9B2062901D8192B12D0062928BF0621B2
S31501036EF001238A1DD2B2934028462380FCF77EFFE5
S31501036F0023883846FD617B82CBF7CCDB3046F8BD5F
S31501036F103146EDE72126F9E738B5148811F0030563
S31501036F204FEAC4041ED13F2C1CD9B4FA84F4C4F12C
S31501036F301903DBB2052B01D8192C11D0052B28BF58
S31501036F40052301240633DBB204FA03F3C3F3CF04A7
S31501036F501480816104824387CBF7A4DB284638BDBD
S31501036F602B46EEE72125F9E708B190F9260070478C
S31501036F7090F82C00704708B50B46062200F5A07160
S31501036F801846FFF7E7FA002008BD0429F8B50546B8
S31501036F900C460AD10026F7B2384600F05DF908B16E
S31501036FA03C4602E00136042EF5D1204600F054F9A1
S31501036FB058B195F84031A34209D085F8404105F50A
S31501036FC0A070BDE8F840FDF7F3B82120F8BD002015
S31501036FD0FCE70022FCF7E2BBA0F84E30BDF9003016
S31501036FE0C0F89810A0F84C20A0F850300020704744
S31501036FF0FCF742BC70B5044615460E4609B9212075
S3150103700070BD130617D400F026F931462046CAF798
S31501037010D5DC4FF6FF739842F1D000F01CF92046F8
S315010370204FF400310022FEF797FF29462046BDE8BB
S315010370307040FCF7F9BA0E20E2E77FB5531C05AAA7
S315010370400292022201920022ADF814100092114617
S31501037050DBB2FEF795FF07B05DF804FB7FB5531C62
S3150103706005AA4FF0040C02920222ADF81410CDE9E1
S31501037070002C01210022DBB2FEF782FF07B05DF887
S3150103708004FB1FB54FF0080C531C0022CDE9002C5D
S3150103709001220291DBB21146FEF772FF05B05DF8DC
S315010370A004FB08B50A044FF48031FEF755FF0020AF
S315010370B008BD07B591F82830009391F82B3091F864
S315010370C0292091F82A10FCF76DFC03B05DF804FB47
S315010370D0F8B514468A0707460E4601F0010309D49B
S315010370E0D3B1A2044FF48021384602F48022FEF77D
S315010370F033FF11E065083BB104F0010305F0010517
S31501037100AB42EED021200AE04FF48021CDF7D6DB46
S3150103711005F00105A842F5D1730701D40020F8BD96
S31501037120A2064FF08051384602F08052FEF714FF53
S31501037130F4E708B50A054FF48011FEF70DFF0020A9
S3150103714008BD08B5CA044FF40021FEF705FF002068
S3150103715008BD09B141F01001FCF766BA10B5044642
S31501037160FCF75CFA01462046BDE81040FCF75CBA21
S3150103717060B1D0F8F0304BB15B693BB11B680020BD
S315010371809A1C08BF4FF0FF330B607047022070470C
S3150103719038B505460020FCF7C3FD75B1D5F8F030C7
S315010371A05BB15B694BB10A680020013204BF6FF022
S315010371B001020A600A681A6038BD0220FCE77047BB
S315010371C0002070472DE9F74F01251C469DF8303005
S315010371D0064601930368174603F0070306339D40EA
S315010371E005F1FF380B46A1B1416804EA080BA5EB8B
S315010371F00B0A41F00059524509EB0B0114D95246CA
S315010372001846FFF7A7F949467A1B5A445044FFF734
S31501037210A1F9019B2BB13C4448EA050804EA080499
S31501037220F46003B0BDE8F08F1846F0E737B50025E3
S3150103723014460095FFF7C6FF204603B030BDCBF7D2
S315010372403F990020704700207047A8223121012071
S31501037250FBF778B87047704701207047022805D0BD
S31501037260003818BF01204042C0B270470020704762
S315010372700A4690F898105F2901D8FCF75DBA2120D8
S31501037280704770474FF40263020FD340DB0748BFD1
S3150103729080F08050704702464FF02040CEF7349974
S315010372A00A460021CEF73099C8F7649F08B5FEF761
S315010372B045FC002008BD012200210320CAF7109EC8
S315010372C0002307B5132001A90193C9F733DE0198FA
S315010372D003B05DF804FB4FF02343D3F88020D3F8C2
S315010372E0841003F500530A40C3F8802070470E202B
S315010372F070477047704710B5044680B14FF020437D
S31501037300D869FEF7FBFB4FF47A735C43C368A4F5B4
S31501037310AF7480681C44201ACBF77ADC10BD43F2A4
S31501037320AA70F9E7CCF7369ACCF7349ACCF7329AA6
S31501037330CCF7309A08B50846FEF754FD08BDCCF7DD
S31501037340299A00207047000010B503685B68BFF3F4
S315010373504F8F9B6ABFF34F8F02685268BFF34F8FFC
S31501037360D46BBFF34F8F13F0240F04F0230421D002
S315010373700122164BC3F8FC2F00684368BFF34F8FF6
S31501037380DC69BFF34F8F10223421CDF71DDE0022B6
S31501037390CDF71ADE4368BFF34F8FDB6BBFF34F8F16
S315010373A05B06F7D41CB122461C21CDF70DDE6FF027
S315010373B01F0010BD3CB900684FF0FF323021CDF7F5
S315010373C003DE2046F5E74FF0FF30F2E700F0FFFF5B
S315010373D0F8B5C36D04460E46002B3FD000F029FBDA
S315010373E0D4E90805D4E9061322680F1843EB05030C
S315010373F0956AAF4273F1000305D2204600F077FB8D
S315010374006FF00200F8BD136904F5AA72984704F1F7
S315010374105C0740B12368A16E9B6838465B69114AD4
S31501037420E83100F0D4FA227A3146384600F0E0FA20
S3150103743002F10F05237A25F00F05AB4205D0EA1AAF
S31501037440002142F0804200F0D3FA002538466560F8
S3150103745004F1740100F054FC2846D3E76FF02000D1
S31501037460D0E700BF10000020F8B5C36D04460E46F1
S31501037470002B76D003685A68052A0AD1C26EDB69E6
S315010374801A4206D0036923B900F031FB6FF04000BD
S31501037490F8BD204600F0CDFAD4E90805D4E9061370
S315010374A022680F1843EB0503956AAF4273F1000394
S315010374B005D2204600F01BFB6FF00200E8E71369D3
S315010374C004F5AA729847254655F85C3B10B39B68A9
S315010374D0A16E28465B69244AE83100F078FA6660B2
S315010374E0A16E227A2846E83100F082FA02F10F06EC
S315010374F0237A26F00F06B34205D0F21A002142F091
S31501037500804200F075FA284604F1740100F0F8FB95
S315010375100020BDE71A6B002AE1D09B689B6903F043
S31501037520C003C02B09D1636E53F80C2C103B002A00
S31501037530FAD1DA6842F02002DA60237A002BCFD03F
S31501037540216803F10F02896822F00F028969D31AB0
S3150103755041EA03232846314642F0005200F037FA46
S31501037560BEE76FF0200093E7100000202DE9F047F6
S3150103757017460022C265426599460B6804460E46C4
S315010375808D682BB9002D00F0AD80984645460EE077
S31501037590002D51D14B68102B49D0182B49D0202BE4
S315010375A040F0A38010220425544B53F822807368BC
S315010375B0182B43D0D9F80030DB073FD4022000F063
S315010375C05EFA8246CDF7E2DC4D4BE0652360E36D5F
S315010375D0BBBB012000F053FA40F2044148F04002DC
S315010375E000F069FAD9F80030054613F0010908D00D
S315010375F04FF080524FF4816100F05DFA4FF00209BA
S3150103760005462846CDF7C2DC3E4BE0650C223946DA
S315010376102360656504F5BD7000F0D0F9BAF1000F7A
S3150103762001D0E36D0BB9002D62D000250BE02A468C
S31501037630BAE708221546B7E79046A7E74FF0FF3AA0
S31501037640C5E74FF00009E36D002B54D02146B2681C
S3150103765051F8740B9301DBB2920843EA0273426851
S3150103766004F15C0802F1080C012202FA0CF213433D
S31501037670E02243EA09031D43836840461B686166AA
S3150103768004F16C012266C4E91A151F4A00F09FF939
S31501037690B3684BB9236872689B6840465B68316877
S315010376A042F0005200F093F9236840469B68174A5B
S315010376B09B68394600F08BF9002300220020C4E9B8
S315010376C00823C4E9062304F13403C4E90B03102395
S315010376D0C4E9030023722368A062DB68A6656360BD
S315010376E0BDE8F0876FF02100FAE76FF04100F7E795
S315010376F06FF00200F4E76FF00100F1E7C8920301AE
S315010377000C93030140930301040000200C000020A5
S315010377102DE9F04F0F6885B09946DDE90E58044609
S315010377200E468B680292002F40F0DB80002B00F09F
S31501037730038115F0010B40F00581022D00F0028152
S31501037740102D00F2FF80A9F10703062B00F2FD803D
S31501037750C9F10F03DBB2082B05D0109ADB0032FA0D
S3150103776003F340F0F580012000F089F947F0200288
S3150103777040F2044100F09FF9129B07461A6812F082
S31501037780010207D04FF080524FF4816100F093F963
S31501037790022207460192002F00F0DD803846CDF71D
S315010377A0F5DBE065002800F0D980A2466D4B019A0E
S315010377B04AF85C3B04F17403D6F808C06366E02318
S315010377C0119823664FEA8C131043DBB203434FEA46
S315010377D09C0C43EA0C7304F16C0143F40053E36616
S315010377E050461123604AA16600F0F1F8B3684BB91C
S315010377F0236872689B6850465B68316842F00052A1
S3150103780000F0E5F8B8F1000218BF0122EBB20193CB
S315010378109201C9F10F031DB1023D05EBD5756D103B
S31501037820591E0A4342EAC50284F8542102994A467B
S3150103783004F2551004F5B275039300F0BFF8AC4694
S31501037840039B1FFA83FE109B4FEACB02C2F1200072
S31501037850A2F1200123FA02F2002303FA00F0024304
S3150103786023FA01F10A430BF1010B0CF8012D1FFA5F
S315010378708BF27245E7D3B8F1000F54D0B8F57F4FB9
S3150103788098FA98F33ED24FF01208A4F864312368AC
S31501037890A16E9B68102250461B69E83100F097F8E8
S315010378A01022002300200021C4E90823002310220B
S315010378B0C4E9060104F13400C4E90323C4E90B3026
S315010378C0A362019BC4E9157623722368A8F1100804
S315010378D0DB6818F0FF06636028D1002005B0BDE818
S315010378E0F08F6BB94A68102A04D0182A06D0202AC9
S315010378F025D110231D4A52F823701AE70823F9E705
S31501037900002716E74FF6FF62A4F868314FEA1843DA
S315010379104FEA186884F86681A4F864214FF01608C3
S3150103792084F86731B3E74FF01008B0E732462946CA
S3150103793000F044F8A662D0E76FF02100CEE76FF0BE
S315010379404100CBE76FF04200C8E76FF04300C5E79C
S315010379506FF03F00C2E76FF00200BFE76FF001006F
S31501037960BCE700BF7493030104000020C89203011E
S31501037970C000C90002F1080303F8010D93424FEA5F
S315010379801020F9D103F11002083302F8011D9A42BE
S315010379904FEA1121F9D101207047002070470023D6
S315010379A013B5019301AB0446FFF7E0FD20B9226845
S315010379B0E36E12681343E36602B010BD002310B5EC
S315010379C0934200D110BDCC5CC4540133F8E710B522
S315010379D08468216081680C1D846000244C60816881
S315010379E00C1D8460C1E9012383680833836010BDDC
S315010379F0836819608368191D816001215960836851
S31501037A00191D81605A60836808338360704710B516
S31501037A10C268044662B10F3222F0804222F00F029D
S31501037A20002142F080425C30FFF7E2FF0023E3606E
S31501037A3010BD10B5836A0446E3B150F85C1B03F12C
S31501037A400F02896822F00F020969D31A41EA032357
S31501037A5042F00052216BFFF7BAFFA16AE3680B44B8
S31501037A60E360D4E908325B1842F10002C4E9083243
S31501037A700023A3622046BDE81040FFF7C8BF70B5D7
S31501037A8000240546214601260846CDF74FDA80B183
S31501037A904368BFF34F8FD3F80034BFF34F8F1D42B3
S31501037AA018BF06FA01F301F1010118BF1C4320298E
S31501037AB0EAD1204670BDF8B50025044617462E4681
S31501037AC00CB92846F8BDE3070ED53046CDF72EDAB5
S31501037AD04368BFF34F8F5B58BFF34F8F37EA0303F7
S31501037AE002BF0123B3401D4301366408E8E710B51D
S31501037AF00446C06DCDF77EDA0023E36510BD2DE99B
S31501037B00F843C36D04460F461646002B5BD0B2F10C
S31501037B10807F05D3FFF7EBFF6FF03F00BDE8F883E6
S31501037B20D0E906352B4304D0FFF7E1FF6FF0480098
S31501037B30F4E7856AAB180F2B08D8006B2844FFF7C7
S31501037B403DFFA36A1344A3620020E7E75C309DB1BE
S31501037B5023682A469B68216B1B69FFF738FFA16AD5
S31501037B60E3680B44E360D4E908325B1842F100028F
S31501037B70C4E908320023A362E568236805EB060816
S31501037B809B6828F00F09A9EB05052A461B693946A7
S31501037B90FFF71DFFE3682B44E360D4E908325B1961
S31501037BA042F10002AE42C4E90832CDD0206BA8EB04
S31501037BB00902231A3C3300EB430020637919FFF7CB
S31501037BC0FDFEA262C0E76FF02000A7E72DE9F047AB
S31501037BD01F46C36D05468A461446002B3CD0B2F1B7
S31501037BE0807F05D3FFF783FF6FF03F00BDE8F08782
S31501037BF0D0F81080B8F1000F04D0FFF778FF6FF0CB
S31501037C004A00F3E7FFF715FF24B3284650F85C3B18
S31501037C1004F10F069B6826F00F065B69A6EB0409C0
S31501037C20514643EA092346F00052FFF7D0FED5E950
S31501037C300623121943F10003C5E9062339462246F1
S31501037C402C61FFF7D5FEB44204D0414649F0804288
S31501037C50FFF7CEFE0020C9E76FF02000C6E7F8B5AF
S31501037C6005464FF0FF3400F15C06631C01D0204644
S31501037C70F8BDCDF753DAEB6D3BB33046FFF764FB43
S31501037C80421C0446F5D018B12846FFF730FFECE74E
S31501037C90EB6A002BF8D12B68EA6E9B691340F3D18B
S31501037CA069680029F0D02F7A05F5AA709F4204D896
S31501037CB0002C18BF6FF00F04E6E7CA5C10F801CB7E
S31501037CC0013382EA0C021443F0E76FF02004CEE796
S31501037CD008B5C36D8BB103685A68052A07D1027AC1
S31501037CE08A4204D0FFF703FF6FF0420008BDDB6A47
S31501037CF08B42F7D801720020F8E76FF02000F5E711
S31501037D00F0B50C46C668836885B010220021054686
S31501037D1008366846A3F11007CDF7F6DB224631464E
S31501037D206B4697422AD20121E268616042F0200242
S31501037D30E260A26842F00052A2609A68596042F07A
S31501037D4000529A602B68019A5B68BFF34F8F1E60DE
S31501037D50BFF34F8F2B685B68BFF34F8F1A61BFF376
S31501037D604F8F032228683421CDF72ED903223821D8
S31501037D70286805B0BDE8F040CDF72699506820B1D3
S31501037D805960134610311032CBE761601446F9E7A7
S31501037D9000000000000000000000000000000000D9
S31501037DA0F8B500BFF8BC08BC9E467047F8B500BFDE
S31501037DB0F8BC08BC9E467047656E61626C650064DB
S31501037DC0697361626C65006661696C65640D0A734A
S31501037DD07461747573202523780D0A0073746172B7
S31501037DE0740073746F700066616C73650075696EF8
S31501037DF07431365F74206F743A3A5370696E656CE9
S31501037E003A3A4275666665723A3A476574446973E6
S31501037E1074616E636528636F6E73742075696E741E
S31501037E20385F742A2C20636F6E73742075696E74C0
S31501037E30385F742A2C20446972656374696F6E29ED
S31501037E4020636F6E7374002F6769746875622F6898
S31501037E506F6D652F2E73696C6162732F736C742F4B
S31501037E60696E7374616C6C732F636F6E616E2F70C1
S31501037E702F626173655F3035303430376330636445
S31501037E806234352F702F2E2E2F2E2E2F622F6F70C9
S31501037E90656E746131396534363439643832633029
S31501037EA02F702F7574696C2F74686972645F7061C2
S31501037EB07274792F6F70656E7468726561642F735E
S31501037EC072632F6C69622F7370696E656C2F7370A1
S31501037ED0696E656C5F6275666665722E63707000A6
S31501037EE02C20002573203D2030782530386C7825E9
S31501037EF073002D6E00656E61626C6564006469735F
S31501037F0061626C65640072637000646961676E6FB8
S31501037F107374696373206D6F6465206973202573B8
S31501037F200D0A00646961676E6F7374696373206D0B
S31501037F306F64652069732064697361626C65640D9E
S31501037F400A00616464722D6D6174636800617574FE
S31501037F506F2D61636B006469616720666561747582
S31501037F6072652027257327206973206E6F7420732A
S31501037F707570706F727465640D0A0025303278006E
S31501037F807C2053746172744368207C20456E64437C
S31501037F9068207C20546172676574506F776572201F
S31501037FA07C2041637475616C506F776572207C2008
S31501037FB0526177506F77657253657474696E672082
S31501037FC07C0D0A2B2D2D2D2D2D2D2D2D2D2B2D2DCF
S31501037FD02D2D2D2D2D2B2D2D2D2D2D2D2D2D2D2DC9
S31501037FE02D2D2D2B2D2D2D2D2D2D2D2D2D2D2D2DB9
S31501037FF02D2B2D2D2D2D2D2D2D2D2D2D2D2D2D2DA9
S315010380002D2D2D2B0D0A006661696C65643A20637B
S315010380106F6D6D616E6420737472696E6720636F31
S315010380206E7461696E7320746F6F206D616E792052
S31501038030617267756D656E74730D0A006661696CAD
S3150103804065643A20636F6D6D616E64207374726942
S315010380506E6720746F6F206C6F6E670D0A00556E25
S315010380606B6E6F776E4572726F7254797065002508
S315010380706C75642E00253032753A253032753A25F2
S31501038080303275002E253033750075696E74385F8D
S31501038090742A206F743A3A5370696E656C3A3A42A0
S315010380A075666665723A3A476574557064617465B7
S315010380B0644275665074722875696E74385F742AE2
S315010380C02C2075696E7431365F742C204469726590
S315010380D06374696F6E2920636F6E7374006E756DB9
S315010380E05365676D656E7473203C3D206B4D6178F6
S315010380F05365676D656E74730075696E7431365FAA
S3150103810074206F743A3A5370696E656C3A3A4275E4
S31501038110666665723A3A4F75744672616D6547656F
S31501038120744C656E6774682829006D5772697465A6
S31501038130446972656374696F6E20213D206B556EC8
S315010381406B6E6F776E006F744572726F72206F7408
S315010381503A3A5370696E656C3A3A42756666657268
S315010381603A3A496E4672616D65417070656E64286F
S3150103817075696E74385F7429006765740025640D2B
S315010381800A00736574006D6F646500696E0D0A00FC
S315010381906F75740D0A00696E006368616E6E656CB6
S315010381A0006377006563686F006770696F00706FBE
S315010381B077657200706F77657273657474696E673C
S315010381C07300726177706F77657273657474696E24
S315010381D0670073747265616D004F4B004661696C8C
S315010381E065640044726F70004E6F42756673004E8C
S315010381F06F526F75746500427573790050617273BE
S315010382006500496E76616C696441726773005365F3
S315010382106375726974790041646472657373517528
S31501038220657279004E6F41646472657373004162CE
S315010382306F7274004E6F74496D706C656D656E7403
S31501038240656400496E76616C696453746174650093
S315010382504E6F41636B004368616E6E656C41636388
S315010382606573734661696C75726500446574616310
S3150103827068656400466373457272004E6F467261A8
S315010382806D65526563656976656400556E6B6E6FE0
S31501038290776E4E65696768626F7200496E76616CC7
S315010382A06964536F757263654164647265737300C0
S315010382B044657374696E6174696F6E416464726552
S315010382C0737346696C7465726564004E6F74466FA9
S315010382D0756E6400416C72656164790052657365FC
S315010382E0727665644572726F7232350049707636FD
S315010382F0416464726573734372656174696F6E4633
S3150103830061696C757265004E6F7443617061626C6D
S315010383106500526573706F6E736554696D656F752C
S3150103832074004475706C69636174656400526561B8
S315010383307373656D626C7954696D656F7574004EFF
S315010383406F74546D66004E6F6E4C6F7770616E4439
S315010383506174614672616D65005265736572766516
S31501038360644572726F723333004C696E6B4D617281
S3150103837067696E4C6F7700496E76616C6964436F0A
S315010383806D6D616E640050656E64696E670052655A
S315010383906A6563746564000051800101616E0101C0
S315010383A0556E010191800101A56E0101996E0101CD
S315010383B000000000770000000000000070000000CC
S315010383C00000000001000000600000000000000042
S315010383D00100000061000000000000000100000030
S315010383E063000000000000000100000041000000DE
S315010383F0000000000100000043000000000000002F
S315010384000100000048000000000000000100000018
S315010384104700000000000000010000000D150000E8
S3150103842000000000010000005200000000000000EF
S31501038430010000005A0000000000000001000000D6
S315010384405B00000000000000010000004200000084
S3150103845000000000010000004900000000000000C8
S3150103846001000000000000000B00000001000000F5
S31501038470000000000E0000000100000000000000E3
S31501038480680000000000000030000000000000004A
S31501038490000000006600000000000000010000006B
S315010384A0210000000000000001000000360000006A
S315010384B0000000000100000044000000000000006D
S315010384C0010000004500000000000000010000005B
S315010384D04600000000000000010000004B00000000
S315010384E000000000010000004C0000000000000035
S315010384F0000000002200000000000000010000004F
S315010385000D19000000000000010000003E150000E7
S3150103851000000000000000007109000000000000D7
S315010385200000000052300052310052320052330033
S315010385305234005235005236005237005238005237
S315010385403900523130005231310052313200523149
S3150103855033284C5229004D53500050535000504379
S315010385600078505352004D53502075736564005083
S31501038570535020757365640043535441434B206242
S315010385806F74746F6D0049435352005348435352FA
S3150103859000494E545F4143544956453000494E54B0
S315010385A05F414354495645310043465352004846B9
S315010385B053520044465352004D4D41522F424641B8
S315010385C0520041465352005265743000526574316C
S315010385D00052657432005265743300526574340077
S315010385E0526574350044617430004461743100008E
S315010385F0998103017B8C010100000000A181030124
S31501038600C57A010100000000A4810301AF810101C4
S3150103861000000000A9810301B1C8010100000000A7
S31501038620AE810301A57C010100000000B4810301B1
S31501038630C583010100000000C281030127840101F2
S3150103864000000000DC7D030145710101000000000B
S31501038650E27D03015571010100000000D28103018E
S31501038660017B010100000000427F03011378010130
S315010386704D7F0301D3780101D9810301DC81030114
S31501038680E3810301E8810301EF810301F78103011B
S31501038690FC810301028203010E8203011782030196
S315010386A0248203012E8203013482030143820301DF
S315010386B050820301568203016B8203017482030113
S315010386C07B8203018B8203019B820301BB8203012C
S315010386D0B0820301CB820301D4820301DC8203014D
S315010386E0EC8203010783030112830301228303013E
S315010386F02D8303013F830301468303015983030149
S315010387006983030177830301868303018E8303014F
S31501038710534C2D4F50454E5448524541442F332E09
S31501038720302E302E305F4769744875622D363165B8
S315010387303433636666623B2045465233323B2044FB
S31501038740656320313620323032352031393A3235BC
S315010387503A3138000000000000000000000000006C
S3150103876000000000000000000000000000000000FF
S3150103877000000000000000000000000000000000EF
S3150103878000000000000000000000000000000000DF
S3150103879000000000000000000000000000000000CF
S315010387A000000000000000000000000000000000BF
S315010387B000000000000000000000000000000000AF
S315010387C0000000000000000000000000000000009F
S315010387D00000000000000000817D0101000000008F
S315010387E001000000897D0101000000000200000074
S315010387F001AA01010000000003000000A57D01019B
S315010388000000000004000000AB7D01010000000030
S3150103881005000000B17D0101000000000600000013
S315010388207386010100000000070000009D86010117
S31501038830000000000800000077810101000000002C
S3150103884009000000477F0101000000000C00000041
S31501038850A5860101000000000D00000095860101B7
S31501038860000000002000000009870101000000004C
S3150103887021000000E1850101000000002200000043
S3150103888045860101000000002300000025A901011E
S315010388900000000024000000B7860101000000006B
S315010388A025000000C5860101000000002600000026
S315010388B0259501010000000027000000AF86010194
S315010388C000000000290000004D86010100000000A0
S315010388D02A000000E5860101000000002C000000CB
S315010388E0D9A80101000000003000000055860101EE
S315010388F000000000310000003F8601010000000076
S3150103890032000000D1A8010100000000340000007C
S315010389102F7E01010000000035000000C7A80101F8
S315010389200000000036000000BDA8010100000000A0
S31501038930370000001987010100000000380000001C
S31501038940ED85010100000000B0000000157E010164
S3150103895000000000B10000001B7E010100000000C1
S3150103896002080000D5B70101000000000408000059
S315010389700586010100000000050800000D860101BE
S315010389800000000000090000058701010000000046
S315010389900B120000217E01010000000003130000F9
S315010389A029870101000000000040000059750101FB
S315010389B00000000001400000FD86010100000000E7
S315010389C0024000005B750101000000000340000046
S315010389D0C7A901010000000007000000FD740101A1
S315010389E000000000200000004F8701010000000085
S315010389F021000000F98B01010000000024000000A2
S31501038A00017501010000000025000000E18C010150
S31501038A10000000002A000000297501010000000082
S31501038A202B000000298D0101000000002C0000002D
S31501038A30417501010000000030000000158A0101A3
S31501038A400000000031000000B174010100000000C4
S31501038A5032000000F574010100000000340000003B
S31501038A60D1A1010100000000350000006D7A01016A
S31501038A700000000036000000117A01010000000029
S31501038A80370000003D8C01010000000038000000A2
S31501038A908D780101000000003B00000027970101CA
S31501038AA0000000003C000000BF7601010000000049
S31501038AB03D00000009B7010100000000B2000000FB
S31501038AC06D81010100000000000800000191010110
S31501038AD00000000001080000C58D0101000000002F
S31501038AE003080000AD920101000000000009000027
S31501038AF0ED7601010000000003130000FD7501017D
S31501038B000000000004130000357C01010000000091
S31501038B1005130000C9A20101000000000340000083
S31501038B205D7501010000000008100000B17B010121
S31501038B300000000004130000957601010000000007
S31501038B40051300009DA201010000000008100000AA
S31501038B503D7B01010000000004130000357601018D
S31501038B60000000000513000035A301010000000009
S31501038B7000000000554E444546494E454400000059
S31501038B8000000000000001000400010010000400C1
S31501038B9002002000240003004000440004000000FA
S31501038BA0040005001B0000001A0000005700000026
S31501038BB0000000000100000013B779FAC925DDB7EB
S31501038BC0ADF3CFE0F1B614B80102000000000000D6
S31501038BD0FFFFFFFF0200000001000000000000008C
S31501038BE0000000000000000000000000000000007B
S31501038BF0000000000000000000000000000000006B
S31501038C00000000000000000043504320436F7265DB
S31501038C100043504320456E64706F696E7473204C34
S31501038C20697374204C6F636B004F542053746163F3
S31501038C306B0049444C4500546D725100546D7220CA
S31501038C40537663004145532D3235362D43434D2A21
S31501038C502D4E4F2D544147004145532D3139322D68
S31501038C6043434D2A2D4E4F2D544147004145532D24
S31501038C703132382D43434D2A2D4E4F2D5441470052
S31501038C804145532D3235362D43434D004145532D31
S31501038C903139322D43434D004145532D3132382D60
S31501038CA043434D004145532D3235362D47434D0040
S31501038CB04145532D3139322D47434D004145532DFE
S31501038CC03132382D47434D004145532D3235362D2B
S31501038CD0434243004145532D3139322D434243002B
S31501038CE04145532D3132382D434243004145532DDE
S31501038CF03235362D454342004145532D3139322D07
S31501038D00454342004145532D3132382D45434200F7
S31501038D104F5420537461636B2053656D6170686FA3
S31501038D20726500204E564D33204D757465780000EB
S31501038D30000000007AFF809F79FF009F73FF809EEA
S31501038D40238D030103000000000000000000000062
S31501038D50020203000000000070F70020000000007B
S31501038D60000001002C8F0301010008000C8F030191
S31501038D7001000800FC8F0301E08F0301C48F030187
S31501038D800000000002000000BC8F03010300000085
S31501038D90B48F030104000000AC8F0301050000003A
S31501038DA0A48F0301060000009C8F03010700000046
S31501038DB0948F03010E0000008C8F03010F00000046
S31501038DC0848F0301100000007C8F0301260000003D
S31501038DD0748F0301270000006C8F03012800000034
S31501038DE0648F0301290000005C8F03012A00000040
S31501038DF0548F03012B0000004C8F03010000000078
S31501038E0000000000FFFFFFFFFFFFFFFFFFFFFFFF64
S31501038E100000000000000000000000000100000047
S31501038E20FFFFFFFF4B60D2273E3CCE3BF6B053CC50
S31501038E30B0061D65BC86987655BDEBB3E7933AAA92
S31501038E40D835C65A512563FCC2CAB9F3849E17A7FE
S31501038E50ADFAE6BCFFFFFFFFFFFFFFFF00000000C7
S31501038E60FFFFFFFF96C298D84539A1F4A033EB2D36
S31501038E70817D0377F240A463E5E6BCF847422CE122
S31501038E80F2D1176BF551BF376840B6CBCE5E316B66
S31501038E905733CE2B169E0F7C4AEBE78E9B7F1AFE2A
S31501038EA0E242E34F0100000014DEF9DEA2F79CD68D
S31501038EB05812631A5CF5D3EDC000000014000000DC
S31501038EC0120000001100000043000000130000001F
S31501038ED01600000010000000108D030100000000C1
S31501038EE000000000000000000680030100000000EE
S31501038EF0000000000000000000000000C00A00009E
S31501038F003700000000000000000000005F9C95BCD4
S31501038F10A3508C24B1D0B1559C83EF5B04445CC44C
S31501038F20581C8E86D8224EDDD09F1157E0EB7A7CF2
S31501038F303B41B8AE1656E3FAF19FC46ADA098DEBE3
S31501038F409C32B1FD866205165F49B800448C030164
S31501038F5070942B05588C030170932A056C8C0301BD
S31501038F6070922905808C0301708428058C8C03017A
S31501038F7070832705988C030170822605A48C03014F
S31501038F8070641009B08C030170630F09BC8C030173
S31501038F9070620E09C88C030190240700D48C030167
S31501038FA090230600E08C030190220500EC8C03015B
S31501038FB010140400F88C030110130300048D03013C
S31501038FC01012020002000000000000000000000071
S31501038FD00000000000000000000000000000000087
S31501038FE0020000000000000000000000CD4B02015A
S31501038FF0CD4B0201F54202018D710201020000000F
S31501039000592302015D2302019124020195240201E0
S315010390100F430201B94202010000000000000000F3
S315010390200000000000000000000000000000000036
S3150103903000000000008000000080000000800000A6
S315010390400080000000800000018000000180000014
S315010390500180000001800000018000000280000001
S3150103906002800000028000000380000003800000EC
S3150103907003800000048000000580000005800000D5
S315010390800680000007800000098000000B800000B5
S315010390900D8000001080000014800000060000000F
S315010390A00700000008000000090000000B00000093
S315010390B00D0000001000000013000000190000005D
S315010390C022000000370000005F000000BD770201A7
S315010390D0AD220201C1200201A1760201D776020166
S315010390E0937702014B750201D97502013D7602019F
S315010390F00100000018E500206A09E667BB67AE8533
S315010391003C6EF372A54FF53A510E527F9B05688C5F
S315010391101F83D9AB5BE0CD190073496E7374616E1E
S315010391206365735B695D006170702E630073496EDD
S315010391307374616E63650062746C496E74657266FD
S315010391406163654C6F636B0043544D204D757465C4
S3150103915078004F5420537461636B204D75746578A1
S3150103916000000000505341004B4559000000000028
S31501039170000000001300000063000000A3000000CC
S3150103918003000000FFFFFFFF00000000FFFFFFFFDA
S31501039190FFFFFFFFBCE6FAADA7179E84F3B9CAC268
S315010391A0FC6325515F000000020000000806000071
S315010391B0000200000004000020000000400000003F
S315010391C02000000048000000E5A902010104010393
S315010391D003060105010501090600060B0000070B3D
S315010391E0050B000000000000000000000000000065
S315010391F00000000048910301030000000000000085
S3150103920000000000000000000100A00202020202A9
S3150103921064000000B60000006400000000010000C5
S315010392200000000000000000000000000B00000029
S31501039230529103010300000000000000000000003A
S31501039240736C5F6F745F6372656174655F696E7377
S3150103925074616E63650000000974020129750201D8
S31501039260112202015F22020155770201A92202019D
S31501039270413002013B1F0201837502019320020162
S315010392804D75020168BF002043504320456E64704B
S315010392906F696E74204C6F636B006F744572726FE6
S315010392A072206F743A3A5370696E656C3A3A427535
S315010392B0666665723A3A4F75744672616D655265B3
S315010392C06D6F76652829000000000001FFFFFFFF8F
S315010392D0FFFFFFFFFFFFFFFFFFFFFFFFFFFFFFFF94
S315010392E0FFFFFFFFFFFFFFFF00000002FFFFFFFF7E
S315010392F0FFFFFFFFFFFFFFFFFFFFFFFFFFFFFFFF74
S31501039300FFFFFFFFFFFFFFFF000000040100000056
S3150103931000000000EC930301DC9303019B79030135
S315010393200000000000000000000000001000000023
S315010393300000000001000000100000000100000011
S315010393400100000006000000C093030100000000B5
S315010393507179030109A80201200000001000000031
S3150103936010000000200000000000000001000000C2
S31501039370000000000100000005000000C093030186
S31501039380DC9303019B790301498602012000000056
S315010393901000000010000000200000000000000083
S315010393A0040000000100000008940301010000000D
S315010393B010101000505341004B45590001000000A5
S315010393C01100000011080000112800000000000030
S315010393D04100000001000000010000000000000040
S315010393E0000000000000000000000000160000005D
S315010393F01610000036300000000000004600000091
S3150103940006000000C600000011000000110800005C
S315010394101148000011280000010000002C20667588
S315010394206E6374696F6E3A20006173736572746952
S315010394306F6E2022257322206661696C65643A206A
S3150103944066696C6520222573222C206C696E652062
S315010394502564257325730A00232D302B2000686CA0
S315010394604C0065666745464700303132333435363D
S315010394703738394142434445460030313233343576
S31501039480363738396162636465660000991E0301E4
S31501039490E11E03018D1E0301ED1E0301D51E03010A
S315010394A0CF6A03010D6B03012F6B0301516B03019B
S315010394B0736B0301891B8000391B8000451B8000E8
S315010394C0351C8000511C80003B6703013F67030184
S315010394D043670301476703014B670301000000006C
S315010394E0C0010000C8DC0020FFFFFFFFFFFFFFFFF5
S315010394F0FFFFFFFFFFFFFFFFFFFFFFFFFFFFFFFF72
S31501039500FFFFFFFFFFFFFFFF0002100088E00020BF
S3150103951088DE00200000020800000000FFFFFFFFB5
S31501039520FFFFFFFFFFFFFFFF000000000000000039
S315010395300000000000000000000000000000000021
S31501039540792703015D2703015D5203018D5403014D
S31501039550C55303011CC021A0000000010000010145
S3150103956000010101000100000102020300000000E5
S3150103957000000000020303030304040404050500B9
S3150103958000000001010101020202020303030303B6
S31501039590040404040400000001010101070708088B
S315010395A00303030504040405050506060607070761
S315010395B00803020204040403040505060606060756
S315010395C00707020202030303030404040405050552
S315010395D00505060606060102020202030303030347
S315010395E00404040404050505050606060C0C0C0C07
S315010395F00B0B0B0B0B0B0B0B0B0B0B0B0B0B0B0BB1
S315010396000B0B0C0C0C0C0C0C0C0C0C0C0B0B0B0B96
S315010396100B0B0B0B030404040405050505060606DB
S3150103962006060702020202030303030404040404F5
S3150103963005050505050606060202020207070304D8
S3150103964006070404030303030405060303050607C8
S3150103965008040506040304040303040506060304B8
S3150103966005060708C7BFBEBEBEB5B5B4B4ABABDC12
S31501039670DCDBDBD2D2D1D1C8C8C8C7BFBEBEBEBD33
S31501039680B5B5B4B4B4DCDBDBD2D2D2D11B1B16160F
S315010396902E2D2D2A29292925242420201F1B1B1B76
S315010396A0162E2D2D2A2A29292524242020201F1B65
S315010396B01B1B2D2DBEB5B5B4B4ABABABAAA2A1A1F1
S315010396C0A1A099999898C7BFBEBEBDB5B5B4B4B4A8
S315010396D0ABABABAAAAA2A1A1A199999900000000DB
S315010396E00303030303020202020202020303020249
S315010396F0020201010101010100000000030303034A
S3150103970003020202D0C7C6C6C6BDBDBCBCB3B3B253
S31501039710B2B2A9DBDBDADAD1D1D0D0C7C7C6C6C6A6
S31501039720BDBDBCBCBCB3B3B2DBDBDADA1F1F2D2B69
S31501039730221E2E2E323232312D2624303028231F7B
S315010397401B2B26222E322E2E31312D282424302C6A
S3150103975027231E1AFFFFFFFFFFFFFFFFFFFFFFFF89
S31501039760FFFFFFFF030404080808080800000000C0
S3150103977098370401A60778073307CF060406590568
S31501039780870493030B036402F401AA01B4FFFFFFE9
S3150103979052FFFFFF62FEFFFF3CFCFFFF33F4FFFFB7
S315010397A075E8FFFFEDD0FFFFD2A1FFFF6278FFFF50
S315010397B0192CFFFF94DFFEFFE399FEFF09F9FFFF73
S315010397C03CF0FFFF2ADBFFFF88ACFFFF9509FFFF94
S315010397D0E72EFEFFA7A2FCFFDFEFF9FF96D9F7FFFE
S315010397E04D78F4FFD280F1FFDC11EFFF0304040887
S315010397F00800000000000000000000000000000057
S3150103980000000000040008007C0031003B001B003F
S3150103981020A021A022A000A000A325A0FFFF0000F5
S31501039820C08900A0D08900A000D000A02CCE00A042
S315010398302CCE00A078CC00A0549800A0009400A0E0
S31501039840009400A0007F00A008003008DC9300A06C
S31501039850681022A00000000000404000FFFFFFFF48
S3150103986000000000000000000000000000000000EE
S3150103987000000000000000000000000000000000DE
S3150103988000000000ECCD00A010000000CC7F00A07A
S3150103989003000000ECCD00A010000000D87F00A05B
S315010398A030000000ECCD00A010000000988000A05D
S315010398B00F000000ECCD00A010000000D48000A032
S315010398C005000000ECCD00A010000000E88000A018
S315010398D05C000000ECCD00A010000000588200A03F
S315010398E011000000ECCD00A0100000009C8200A036
S315010398F003000000ECCD00A010000000A88200A028
S3150103990005000000ECCD00A010000000BC8200A001
S31501039910180000002480010106000000FFFFFFFF7D
S31501039920000001A0A88200A06822010240000000F5
S31501039930702201024D000000DC2001022EF08B0192
S31501039940DC10010201000000DC220102020000001A
S3150103995010220102800000005C2201020C000000BB
S3150103996010220102C000000034220102000200009D
S31501039970682102020300000004000000FC21010229
S31501039980D161000000000040040000001022010222
S315010399900200000070220102A00000000000004046
S315010399A004000000702201021000000010000102F1
S315010399B0008000000C0002D200000040000000A05D
S315010399C018000000FCCD02D310000000000000A027
S315010399D00800000000C001040000FF01FFFFFFFFB4
S315010399E04C800101004000009022010207000000A3
S315010399F04C9001014C200800901201020100000065
S31501039A004CA0010100400000700002720000000238
S31501039A10B4CF01531CC021A0FFFFFFFFB4600100B7
S31501039A20FFFFFFFF000001A0588200A0FFFFFFFF19
S31501039A30E822010201000000680200D204000000CE
S31501039A40000000A038000000DC2001020100000034
S31501039A50A822010201000000DC120102020000003B
S31501039A60DC10010200008000000000400400000039
S31501039A70DC1001022EF00B01000000401000000073
S31501039A8010000102004000007012010210000000E4
S31501039A905C2201020C0000005C12010204000000BA
S31501039AA034120102000200006401010201000000F8
S31501039AB0FC110102300000006822010202000000CD
S31501039AC010120102020000008012010201000000CF
S31501039AD00000004005000000701201028000000032
S31501039AE00000004001000000FC110102010000001A
S31501039AF00000004004000000FC11010200600000A8
S31501039B007012010220000000000000400500000061
S31501039B106812010240000000701201024D000000AC
S31501039B200000004007000000FC21010220000000A4
S31501039B300000004004000000FC110102C001000006
S31501039B4068110202010000000400000080220102E4
S31501039B500100000000000040040000001022010281
S31501039B604000000028C002D000000080000000A0D1
S31501039B7010000000101201028000000068110102AA
S31501039B80020000001012010240000000A02201029F
S31501039B90000E0000CC220102000E0000FFFFFFFFB2
S31501039BA07C0000D202000000000000A02800000093
S31501039BB09C0101D2C0010000000000A018000000B2
S31501039BC098120102000000009C110102040000002A
S31501039BD09C11010201000000000001A0588200A0AF
S31501039BE0FFFFFFFF000001A09C8200A0FFFFFFFF14
S31501039BF09C21010201000000000001A0A88200A02F
S31501039C00FFFFFFFF20E0010000000006A40102029E
S31501039C1007000000FF3FFF3F681101020400000037
S31501039C20A401010200000200E80201021100000082
S31501039C30FC11010200000008C4000102B812000071
S31501039C400000004008000000C410010201000000EA
S31501039C50C400007204000000682101020400000030
S31501039C60FFFFFFFFECCD00A010000000B48400A0AD
S31501039C7014000000ECCD00A0701500008C8600A036
S31501039C80A5000000ECCD00A010000000548900A03F
S31501039C90030000006401020201000000000000004D
S31501039CA07021010201000080000000400100000054
S31501039CB04C80010103000000102201020200000092
S31501039CC08022010201000000A4010102000000003C
S31501039CD0A801010200000000142201020508000088
S31501039CE00000004001000000A04400D10100000073
S31501039CF0000000A038000000142201021000000039
S31501039D00141201024000010000000040010000009E
S31501039D101422010240030300000000400100000079
S31501039D201422010282000000000000A0300000009E
S31501039D30142201020820000014120102400000004F
S31501039D40000000400100000014220102400200004D
S31501039D50000000400100000014220102020000007D
S31501039D60DC20010201A08701E420010204000000B6
S31501039D70D822010201000000DC10010201000000EB
S31501039D80DC22010202000000100001020020000093
S31501039D907420010200000200FFFFFFFF00000040E4
S31501039DA0010000002422010204000000000000401B
S31501039DB00100000024220102230000005C220102AB
S31501039DC00C00000030220102C00F0000000001A0B8
S31501039DD04C8300A000000040010000003422010270
S31501039DE008000000000000400100000034220102C7
S31501039DF016000000000001A04C8300A034120102EA
S31501039E0000000200B82001020100000074C0010530
S31501039E1010000000186001010800000018400071DD
S31501039E20080000000000004004000000FCCD00D340
S31501039E3002000000000000A008000000000001A0CD
S31501039E408C8400A0000001A0548400A0844000D0AB
S31501039E5010000000000000A008000000845001006B
S31501039E600000100020E2010101000000740000D28D
S31501039E7004000000000000A020000000D4CC00D3A1
S31501039E8080000000000000A0080000001C20010261
S31501039E9000080000000000A010000000F4CC0153EC
S31501039EA0B0CF00A01C1001020080000000C0010415
S31501039EB00000FF01FFFFFFFF784000D00100000013
S31501039EC0000000A010000000B4600100FEFFFFFFC8
S31501039ED0000000A008000000B4600100FFFFFFFFBF
S31501039EE0A0220102000E0000CC220102000E000096
S31501039EF088400100B700000200000140FFFFFFFF99
S31501039F0088400100B8000002B8CF01531CC021A04C
S31501039F10B81001020100000000000140FFFFFFFF2E
S31501039F20B0CF01531CC021A070C00205B48400A0A8
S31501039F3010120000442001020000B200000001A03B
S31501039F40048500A088400100B60000022412010224
S31501039F50200000000000004004000000241201025A
S31501039F6082000000000000401400000024120102D8
S31501039F700400000024220102C0000000282201027D
S31501039F8020000000000001A0708500A088400100A8
S31501039F90B600000234120102020000000000004074
S31501039FA00400000034120102100400000000004006
S31501039FB014000000341201020800000034220102D9
S31501039FC0400400003822010200100000000001A035
S31501039FD0708500A088400100B50000027C0001D213
S31501039FE000000025000000A010000000E413010298
S31501039FF001000000000001A0208900A0740000D226
S3150103A00004000000000000A04800000070100102D7
S3150103A01000000200780000D220000000000000A02A
S3150103A02018000000E413010202000000000001A071
S3150103A030208900A0000000A018000000780000D2CB
S3150103A04000000080000000A008000000702001024B
S3150103A0500000020074100102000002001000010258
S3150103A060001000007011010201000080B810010206
S3150103A07002000000A04400D101000000000000A07E
S3150103A08078000000DC12010202000000DC2001025C
S3150103A09001000000DC100102000080000000004006
S3150103A0A004000000DC10010200A00701D81201021E
S3150103A0B001000000E4100102040000001412010271
S3150103A0C08200000000000040040000001412010297
S3150103A0D0400303000000004019000000142201029E
S3150103A0E040000100141201021000000000000040AC
S3150103A0F010000000000000A0380000001412010245
S3150103A10002000000000000400400000014120102D6
S3150103A1104002000000000040190000001422010261
S3150103A120400000001412010200200000000000405C
S3150103A130080000005C2201020C0000005C1201020F
S3150103A14008000000FCCD00D302000000000000A0BF
S3150103A150880000001412010204000000C812010263
S3150103A160A0000000640102020100000004000000D7
S3150103A170A4010202030000000000FF001012010205
S3150103A18002000000801201020100000000000040ED
S3150103A1901000000038120102001000000000004008
S3150103A1A001000000341201024400000034220102BE
S3150103A1B000000200608002D101000000000000A03F
S3150103A1C0100000000000004018000000000001A07C
S3150103A1D0448600A0000000A08400000014120102BE
S3150103A1E00100000030120102C00F0000C822010263
S3150103A1F0F0000000640102020000000000000000FC
S3150103A200A401010200000000101201020200000075
S3150103A210801201020100000000000040100000004E
S3150103A2202812010220000000000000400100000086
S3150103A230241201024100000034120102000002004F
S3150103A240608002D101000000000000A010000000A0
S3150103A2500000004018000000000001A0FC8500A0DA
S3150103A260000001A0BC8D00A088400100B9000002D6
S3150103A270108002D100040000000000A010000000BD
S3150103A280A08001010000000160A00101010000009E
S3150103A2906810010200000002FFFFFFFF2480010195
S3150103A2A00A000000FFFFFFFFECCD00A01000000035
S3150103A2B0008A00A02F000000ECCD00A010000000D2
S3150103A2C0588B00A03F000000ECCD00A070150000E4
S3150103A2D0D48D00A0C6000000ECCD00A01000000044
S3150103A2E0EC9000A01F000000ECCD00A010000000C0
S3150103A2F0689100A022000000ECCD00A01000000030
S3150103A300F09100A038000000ECCD00A01000000081
S3150103A310D09200A00E000000ECCD00A010000000BA
S3150103A320089300A03400000098900101809B04006B
S3150103A3304CA00101030000004C9001010300000041
S3150103A340000001A0588B00A0000001A0A88200A074
S3150103A350000001A09C8200A0FCCD00D310000000E8
S3150103A360000000A01000000098A001017E0000007B
S3150103A37098900101400000002480010102000000C1
S3150103A38098220102A0000000000001A0689100A02C
S3150103A3904C8001010300000060A0010101000000DF
S3150103A3A000000040040000002CA001018000000011
S3150103A3B09820010200020000FCCD02D31000000028
S3150103A3C0000000A008000000000001A0D09200A038
S3150103A3D0ACCF01531CC021A078A0010102000000EB
S3150103A3E01822010222000000AC2201027AC09F1F3B
S3150103A3F09820010200001000FCCD0113FBFFFFFFB3
S3150103A400FFFFFFFF84A0010100800000849001018A
S3150103A41000400000888002515CCF00A060CF00A0FD
S3150103A42088400100B10000022480010101000000FF
S3150103A430849001010080000084A0010100800000D6
S3150103A44000000040120000008880025164CF00A082
S3150103A45068CF00A0849001010080000084A001015F
S3150103A46000800000000000401200000088800251B5
S3150103A4706CCF00A070CF00A0849001010080000082
S3150103A48084A00101008000000000004002000000DA
S3150103A49084A0010100400000000001A0808B00A000
S3150103A4A074CF00D301000000000000A008000000E3
S3150103A4B0000001A0BC8A00A0248001010100000064
S3150103A4C088400100B10000027C0000D24000000078
S3150103A4D0000000A0180000009822010208000000F5
S3150103A4E000000040170000001822010210000000BE
S3150103A4F0FCCD02D301000000000000A058000000BB
S3150103A500B8CF01531CC021A088400100B40000024A
S3150103A510000001A0588200A0FCCD00D3100000006A
S3150103A520000000A02800000074CF00D30100000042
S3150103A530000000A010000000000000401000000011
S3150103A540000000A0080000000000004038000000E1
S3150103A550000000A040000000A8CF01531CC021A0A9
S3150103A56088400100B400000200000140FFFFFFFF25
S3150103A570FCCD01D302000000000000A01000000082
S3150103A580000001A0448600A0000000A0080000000E
S3150103A590000001A0FC8500A0FFFFFFFF9812010246
S3150103A5A0A0000000A0120102000E0000CC1201025D
S3150103A5B0000E0000AC2201020400801F4CCE01D321
S3150103A5C048000000000000A024000000AC120102B4
S3150103A5D00000800C18120102220000003080025193
S3150103A5E064CE00A06CCE00A0000000A01C000000F9
S3150103A5F0AC120102000080081822010222000000A9
S3150103A6003080025158CE00A060CE00A00000004069
S3150103A61004000000140001D380040000000000A020
S3150103A62010000000000001A0E08900A0000000A0C6
S3150103A63008000000000001A0588B00A07C0000D296
S3150103A64040000000000000A01800000000000040C8
S3150103A6500C0000001822010210000000000001A0F6
S3150103A660548C00A01812010222000000AC12010250
S3150103A670040000003080015164CE00A048A001010E
S3150103A680FF7F000048900101000400002C900101A6
S3150103A6908000000098A001017E0004002CA00101A6
S3150103A6A07F0000002C900101240000009890010115
S3150103A6B0400000004890010100400000A0A00101F4
S3150103A6C00000800060900101010000002480010167
S3150103A6D01000000010A00101000600000000004068
S3150103A6E0080000001822010210000000FCCD01D36E
S3150103A6F001000000000000A008000000000001A006
S3150103A7008C8600A0108000710004000060A0010186
S3150103A71001000000000001A0548C00A08840010044
S3150103A720B0000002E821010207000000A022010295
S3150103A73010000000E8110102010000004C80010134
S3150103A740030000008C210102380007009022010258
S3150103A750FF0700009C22010201000000A42201025E
S3150103A76001010000AC22010279C09F1F9012010270
S3150103A77003000000AC1201020000001290400151D7
S3150103A780080000A0448001515CCE00A06C800151F9
S3150103A790000000A0B802015250CE00A0FCCD00D3A8
S3150103A7A001000000000000A05C01000094A001016B
S3150103A7B080FF3F009810010200001000E82101020A
S3150103A7C0000E000018220102000007009422010274
S3150103A7D010000000CC220302001008387BC01F00C2
S3150103A7E04B020000A04400D101000000000000A0BC
S3150103A7F05800000094900101003B1A005402010223
S3150103A800100110008C110102180004001812010234
S3150103A810000002009C12010201000000A4120102C1
S3150103A82000010000CC1203020010081043801E0031
S3150103A8304B000000B802015254CE00A04CCE0103D6
S3150103A84001000000000000A0B4000000789001019F
S3150103A85002000000D412010200020000FCCD01D364
S3150103A8600A000000000000A05800000094900101B6
S3150103A870001F0D0054020102100110008C11010288
S3150103A8800000050018120102000003009C120102D8
S3150103A89001000000CC120102000008109040015192
S3150103A8A00C0000A04480015168CE00A06C800151C8
S3150103A8B0040000A04CCE010308000000000000A024
S3150103A8C03C000000949001018090060054020102AD
S3150103A8D010011001E8110102000200001812010221
S3150103A8E00000020090120202B801000010000000ED
S3150103A8F0CC120102001000204CCE0103040000001B
S3150103A900000000A0DC000000AC12010242000000BE
S3150103A9109820010200001000B02201023F0000004E
S3150103A920A04400D101000000000000A02C0000009B
S3150103A9308C11010218000000A4120102010000009B
S3150103A940AC12020201801E00470000004CCE010337
S3150103A95002000000000000A08800000078900101B9
S3150103A96002000000A8120302010000000000170004
S3150103A970700000006C0200D202000000000000A07B
S3150103A980100000004CCE010320000000000000A0CF
S3150103A990080000004CCE010310000000FCCD00D3DB
S3150103A9A020000000000000A0380000008C11010205
S3150103A9B020000000A012010210000000E82101029C
S3150103A9C007000000904001510C0000A04480015192
S3150103A9D068CE00A06C800151040000A04CCE013367
S3150103A9E040000000FCCD00D310000000000000A0D1
S3150103A9F010000000000001A0F09100A0000000A0DB
S3150103AA0018000000FCCD02D304000000000000A0E2
S3150103AA1008000000000001A0089300A0981001029D
S3150103AA2000020000000001A09C8200A0000001A01A
S3150103AA30F48C00A098220102A000000024800101E9
S3150103AA400A000000FCCD01D30A000000000000A0AB
S3150103AA5020000000981201020020000000000040BF
S3150103AA60100000009812010200100000000000A06F
S3150103AA70080000009822010200300000FCCD01D33A
S3150103AA8001000000000000A0100000000C220102DA
S3150103AA9004000000000000A0100000000C120102D7
S3150103AAA0040000002480010104000000FFFFFFFFF2
S3150103AAB09812010208000000000000400200000095
S3150103AAC0A422010207010000A0220102000E0400D4
S3150103AAD0CC220102000E0000882101020040000081
S3150103AAE0A822010211000000D42201027F03000003
S3150103AAF0B0220102FF0100009822010255FB00006A
S3150103AB009C22010201000000000000400700000032
S3150103AB109822010208000000FCCD03D301000000C6
S3150103AB20000000A0080000000C220102040000003E
S3150103AB30000001A0488A00A0FCCD02D30100000059
S3150103AB40000000A0080000000C120102040000002E
S3150103AB504CCE01D309000000000000A01000000044
S3150103AB60981201024DA70000000000A00800000092
S3150103AB70981201024D87000018120102100000000D
S3150103AB80A4120102020000000000004004000000BC
S3150103AB90A41201020C00000098120102020800002F
S3150103ABA0B012010280000000A0120102000004009D
S3150103ABB0881101020040000000000040040000006B
S3150103ABC09822010202040000A422010208000000E7
S3150103ABD098120102004000004CCE01D30900000087
S3150103ABE0000000A0080000009812010200100000F6
S3150103ABF00000004008000000981201021000000046
S3150103AC000000004002000000982201020800000033
S3150103AC10000001A0D49000A0202101024000000001
S3150103AC20002201029700000064020152A49300A0CE
S3150103AC30202101021C0000008822010201000000FC
S3150103AC406021010201000000000001A0888A00A022
S3150103AC50600102D201000000000000A020000000F4
S3150103AC606011010201000000201101021C00000015
S3150103AC7088120102010000000000004020000000CC
S3150103AC8064020102000040000012010202000000FA
S3150103AC9000000040030000000012010280000000D2
S3150103ACA00000004003000000001201021000000032
S3150103ACB0000000400300000000120102040000002E
S3150103ACC0000000400500000000220102040000000C
S3150103ACD0000000400E000000001201020100000006
S3150103ACE000000040030000006402010200000000AE
S3150103ACF0202101021C0000000000004008000000A2
S3150103AD00201101024000000000000040080000007D
S3150103AD108822010201000000000001A0F09100A0B9
S3150103AD2001000000000000011C1600A05E1C00A02B
S3150103AD30421D00A0041E00A09A1C00A0D61C00A060
S3150103AD40881F00A0FF000000161F0000C45400A0C6
S3150103AD50805400A0DE5300A0DE4E00A0004F00A0E9
S3150103AD60EC5300A0144F00A04C5300A05A4F00A06F
S3150103AD70AE5600A0D45500A0A25600A0744F00A061
S3150103AD80B44F00A0C65300A0965300A01C5B00A0BD
S3150103AD90145500A05A5A00A0345700A0C65E00A05D
S3150103ADA0365D00A06E5200A00C5000A0865C00A088
S3150103ADB01C5100A0DE4F00A0B85000A0805000A097
S3150103ADC0885000A0CE4F00A02E5000A0CA4F00A06D
S3150103ADD00000000000000000000000000000000069
S3150103ADE00000000000000000000000000000000059
S3150103ADF00000000000000000000000000000000049
S3150103AE000000000000000000000000000000000038
S3150103AE100000000000000000000000000000000028
S3150103AE200000000000000000000000000000000018
S3150103AE300000000000000000000000000000000008
S3150103AE4000000000000000000000000000000000F8
S3150103AE5000000000000000000000000000000000E8
S3150103AE6000000000000000000000000000000000D8
S3150103AE7000000000000000000000000000000000C8
S3150103AE8000000000000000000000000000000000B8
S3150103AE9000000000000000000000000000000000A8
S3150103AEA0000000000000000000000000700300A085
S3150103AEB0700300A0700300A0AA0B00A0505F00A0BE
S3150103AEC0700300A0700300A0140C00A0380900A0B1
S3150103AED0700300A0B60800A0500700A02E0800A02A
S3150103AEE0700300A08E0600A0700300A0FE3000A030
S3150103AEF0740600A07A2200A0142B00A0242600A029
S3150103AF008C2500A0B82600A0F02400A0742400A07C
S3150103AF10482300A0F82200A0700B00A0700300A034
S3150103AF20700300A0700300A0700300A0700300A0CB
S3150103AF30700300A0580B00A00000000000000000F1
S3150103AF4000000000000000000000000000000000F7
S3150103AF5000000000000000000000000000000000E7
S3150103AF6000000000000000000000000000000000D7
S3150103AF7000000000000000000000000000000000C7
S3150103AF8000000000000000000000000000000000B7
S3150103AF9000000000000000000000000000000000A7
S3150103AFA000000000000000000000000097020000FE
S3150103AFB0938202F07390723097720000938242E794
S3150103AFC073905230978100009381011E17910000FF
S3150103AFD01301415397100000E780209917330000AE
S3150103AFE0670063F797020000938282EC73907230D5
S3150103AFF0977200009382C2E37390523097810000E7
S3150103B0009381811A179100001301C14F9710000014
S3150103B010E780A09517330000670043F301A0B7D774
S3150103B02000A00547938787C789456304E50083C560
S3150103B030870183C7570137086001372500A3139793
S3150103B04057014297B316F028136737002324D5080F
S3150103B05037C821A02320E81C9507371700A3B31788
S3150103B060F0282320F5082322F708370600A31C4EF0
S3150103B070AE972326F608B72722A02324D70893875A
S3150103B080473F214798C38280411106C622C4F377FD
S3150103B0900430735470348547B70622A0DCC2B70562
S3150103B0A0FF01372722A00CD73706B20070C3371723
S3150103B0B022A04CD730C7371700F1A304F708A30022
S3150103B0C0F70237E622A02320F60837D622A0232249
S3150103B0D0F608A306F706370700E0410737E625A07A
S3150103B0E018D637D625A058D637C721A05CC337470C
S3150103B0F021A05CC3B7076006375721A093870702D0
S3150103B1001CD3C547BCD697400000E780C0CBB787A1
S3150103B11021A0DC57379700A093F7F707230CF742D3
S3150103B120379700A0A30CF742F36704307314743402
S3150103B130B240224441018280B7D700A09387C7D585
S3150103B14009CD37F7CDAB7D17D8C37D57D8DF378701
S3150103B15000A0130707F0B8CF8280DC4781C79C4361
S3150103B16091C382878280797126D206D622D44AD0A8
S3150103B1704ECE52CC56CA5AC85EC662C466C2AA84A9
S3150103B180F3770430F359703497100000E780A0F881
S3150103B190B71722A03707FF01D8D749446D4922853E
S3150103B1A001468D45050497000000E780A078E31862
S3150103B1B024FF378900A00144130989B1930AF00FCB
S3150103B1C0114B130A3002B307240183C50700638AAF
S3150103B1D055010146B305BB40228597000000E78070
S3150103B1E060750504E31144FF8547370722A05CC355
S3150103B1F037C721A05CC3374721A05CC33707600665
S3150103B20013070702B75621A098D2372722A013079F
S3150103B210C708894614C3371722A01307C7081CC3D7
S3150103B220F3670430F399793491C405459700000017
S3150103B230E780C0F0379900A023200940B79701A3FF
S3150103B2401D4798CBB72722A09387473F1307004093
S3150103B250372422A0B71422A098C3B79A00A0B79B9C
S3150103B26000A0379B00A0379A00A0379C00A01304C7
S3150103B270C40885499384C408B70700F183C7070047
S3150103B280370722A0BD6693F7F70F23A4FA4083A7D6
S3150103B2908A408327094085072320F9408327070B23
S3150103B2A0F58F8966639ED70083C74B4191C7238A6E
S3150103B2B00B40930700081CCB97300000E780607BA7
S3150103B2C097500000E7808058F3770430F35C7034BD
S3150103B2D097100000E780E0F28347CB4005CD91E765
S3150103B2E0014597100000E780A0F18347DA4081EB1F
S3150103B2F083474C4099E32320340173005010A3067E
S3150103B3000A4089471CC023A03401F3670430F39C28
S3150103B3107C349DB7F9DB97100000E780C0EDF1B7E8
S3150103B320B70722A09857DC57F98F370701FE7D1718
S3150103B330F98F372722A01CD78280B74721A0411155
S3150103B34022C4804F9853B707060006C6798C89072E
S3150103B350376721A000CFE18FB9E7B79700A003C7ED
S3150103B3605741954763EBE7009357840093F73703F8
S3150103B370B9E7B240224441018280B70722A0BC5BF0
S3150103B38093F70720FDD7B7174006E18FA1EF931770
S3150103B390A400E3D007FE8567376721A01CCF375783
S3150103B3A021A01CD3F9B797100000E780E0E655D535
S3150103B3B0B79700A083A7873F2285829779BF26C2C5
S3150103B3C0F3770430F3547034228597100000E78035
S3150103B3D0C099F3670430F3947434B240224492441F
S3150103B3E04101828097300000E780A0142285224420
S3150103B3F0B240410117130000670023974111B7C7F4
S3150103B40021A022C403A4870A03A7C70A06C626C224
S3150103B410798C4AC037E721A02324870A931634007F
S3150103B42063DE0600B70600102326D70A13070008B2
S3150103B430D8C7014597100000E780209393778400CE
S3150103B44091C70D4597600000E780C0139377040108
S3150103B450B1CF114597600000E780C012B70722A05C
S3150103B46083A7473F1397170163520704B7070004DE
S3150103B470374920A0938727032324F908F377043058
S3150103B480F3547034B9450D4597700000E780608326
S3150103B490930710202326F902F3670430F3947434D7
S3150103B4A0B72722A09387473F116798C313740410E4
S3150103B4B019CCB7D700A09387C7D5DC4789CBDC4F17
S3150103B4C099C72244B2409244024941018287B2405C
S3150103B4D02244924402494101828037C720A083272F
S3150103B4E0070C0327470CF98F37E720A02320F70C16
S3150103B4F0858B85C7411106C622C4F377043073547D
S3150103B500703497100000E780A09CF367043073142E
S3150103B5107434B24022444101828082804111130571
S3150103B520000D06C697200000E7808083B71722A087
S3150103B53005479387C70898C3370722A08327C708F8
S3150103B5409396E700E3DC06FEB240B79700A00547F2
S3150103B5502382E7401305100D4101172300006700FD
S3150103B5602380411122C437D400A006C626C28347CD
S3150103B570D4C8372700A3130484C79507B317F02844
S3150103B5802320F70897100000E780E0C6F37704301D
S3150103B590F3567034B7C721A003A7071C058B1DC734
S3150103B5A0B70400A303A6C408984C10C403A6C71C7A
S3150103B5B010C883A7871C370600045CC4B71722A0EB
S3150103B5C0B0DB83478401BA9723A6F408F3670430F3
S3150103B5D0F39676342244B240924441011713000094
S3150103B5E0670003C24111B7C722A022C403A40708F7
S3150103B5F083A7470806C67D8C9377140089C79740AE
S3150103B6000000E7800056B7E722A0B24023A08708CF
S3150103B610224441018280411122C44AC006C626C280
S3150103B62093F715002A892E84B9C3B71722A03707C2
S3150103B6300001B8DB0841B7A701A30547D8C711C560
S3150103B640814597100000E780E0A7B74720A0BC43D8
S3150103B65037F700A0B3B7E70093C71700379700A0E2
S3150103B6602306F740B72722A037070001B8DB971057
S3150103B6700000E78040B893772400AA8495C78327FF
S3150103B6804900054713F5F70FA1836307E5008946CB
S3150103B690631FD506639EE70297000000E780609863
S3150103B6A0B7A701A30947D8C7118809C8B7A701A333
S3150103B6B01147D8C797500000E78040182244B2408B
S3150103B6C0024926859244410117130000670043B3DB
S3150103B6D0E1FBB7E721A023A0E71CB70700A323A635
S3150103B6E00708B7D700A0938787C783C757013727AB
S3150103B6F000A39507B317F0282322F7082320F70899
S3150103B700B71722A09387473F214798C351BF130712
S3150103B710D5FF1377F70FA946E3E4E6F8B78600A04A
S3150103B7209386C6AE3347D7201843028705476397E7
S3150103B730E70097000000E780A0DE9DB7B79700A05A
S3150103B74023820740B1BFB71722A03709000123A8F7
S3150103B750270797600000E780C0A4B7D700A09387A7
S3150103B760C7D5C8C3B72722A023A8270715BFB7D7AD
S3150103B77000A037D700A09387C7DE1307C7D518479D
S3150103B780C85B029731BF37D900A0832789D613092E
S3150103B790C9D581C79C5391C38297B72722A0232674
S3150103B7A009009387473F1317B02885B731476314B9
S3150103B7B0E5023335F00097400000E7808018B7872C
S3150103B7C001A3E1079C43B335A0003E8597400000E2
S3150103B7D0E7806011F1B535476319E5003335F000AC
S3150103B7E097400000E780601CD9BFA9476317F5009E
S3150103B7F097400000E7802015D9B797400000E780FE
S3150103B800601775BFB78701A3CC479C4B378501A347
S3150103B8105105FD8D17030000670023E037C725A0F7
S3150103B8201C5758578546F98F379700A00346574447
S3150103B8306318D60093F6070181CA8946A302D74442
S3150103B84037E725A01CD78280B7060020E3EAD7FE97
S3150103B850A3020744F5B7411122C406C6B72722A09E
S3150103B86037070002B8D7B70722A003A4473EB72775
S3150103B87022A09387473E80C39377140089CF05455A
S3150103B880814597400000E78000D23705B200971043
S3150103B8900000E780C095098805C0014581459740A9
S3150103B8A00000E78040D02244B2403705B20041018F
S3150103B8B0171300006700A393B2402244410182801B
S3150103B8C0B7C700A33707FF0198C3B7E700A3370735
S3150103B8D000C0D8C3B71722A013070040D8CF828070
S3150103B8E011E5054617430000670063FA828037179F
S3150103B8F000F1B71700F1370600FF13078709BE8664
S3150103B90090C29107E39DE7FE73507034F3E751301C
S3150103B91082809D47B3D5F50A960593F5F50F130571
S3150103B9200540B70700F13345F520A301B500828031
S3150103B930411122C4B70700F1130405403344F4202F
S3150103B94083472400058A06C6F99BD18F2301F40098
S3150103B95097000000E78020FC8547A300F400B2406E
S3150103B960224441018280411106C697000000E78007
S3150103B97040F8F3670430B24041018280370722A0C1
S3150103B9803C5B014593F7072089CB0325070BBD676D
S3150103B9907D8DF9773E95133515008280B79700A003
S3150103B9A083A7074113978700635D0700B71722A093
S3150103B9B013070020D8CF1305F00C171300006700F7
S3150103B9C0233A8280372722A037062000B70622A012
S3150103B9D0BC5A30DB37D700A0130747CD18431316DC
S3150103B9E04701635D060013F7070A01E7D846418B52
S3150103B9F001CBB72722A013070020B8DB01458280BC
S3150103BA00411106C622C426C21397A7006341070E36
S3150103BA1037C721A09306000854C737E721A0B70605
S3150103BA2000102324D70A93F70720F1C3B79700A081
S3150103BA3083A70741918B99CBB7D720A0054723A2AB
S3150103BA40E70CB75721A01307001098D3B79400A0AA
S3150103BA5083C754411147FD1793F7F70F6363F7083C
S3150103BA6097000000E7802079B7D700A0938787CD99
S3150103BA709C4303C754419C47C04395476312F7024E
S3150103BA80B72722A037070020B8DFB79700A023AC5A
S3150103BA9087408D6793870730375721A000441CD30E
S3150103BAA097000000E780C075634380000944B7E748
S3150103BAB021A037070F0298C7B7D721A03707050279
S3150103BAC098C7B7C721A07D57B8CB33048040E0CBD5
S3150103BAD037D721A0B70600102326D70A1307000478
S3150103BAE0D8C70145B2402244924441018280B71727
S3150103BAF022A013070020B8DB0544B79700A0238AC9
S3150103BB00874097000000E780A0E9B79700A0A386C6
S3150103BB1087400545C1BF01114EC606CE22CC26CAB2
S3150103BB204AC852C456C25AC093F7050AAA8991E76D
S3150103BB30B70722A0DC47C18B8DC3B72722A0130702
S3150103BB400020B8DBF2406244D2444249224A924A77
S3150103BB50024B4E85B249056182802E84970000000F
S3150103BB60E7806069B7D700A0938787CD8443370BF6
S3150103BB701000337B64019C442A8A63040B0083A966
S3150103BB80070197200000E7806074C8409305000C05
S3150103BB9097000000E780005383C5140003C904001E
S3150103BBA061469D46050963F325010149B307C902A8
S3150103BBB03387F4000347C700E3E6E6FEB107A6971A
S3150103BBC0937AF90F238054019CC4B79700A0A38AE3
S3150103BBD0E7409375042081CDB7D700A0938787CD1E
S3150103BBE09C439C47CC4763140B00F999F599B79786
S3150103BBF000A023A8B740858989E997300000E7802B
S3150103BC00201697300000E780601EE1473309F902E9
S3150103BC109305000C26990325090297000000E78086
S3150103BC20604A1305C00397100000E7806013568529
S3150103BC3097100000E780C01283D724005285F99B31
S3150103BC402391F40097000000E780805BB72722A0C9
S3150103BC5037071000B8DBB7E720A0054723A0E70C99
S3150103BC60B76721A01307001098CFE9BDB70722A034
S3150103BC70BC5B411122C406C693F707201304E00FE8
S3150103BC8095CBB71722A037073000B8DB9700000022
S3150103BC90E7806056B7D700A0938787CD9C4303D728
S3150103BCA02700058B09CF9C4703C427009700000093
S3150103BCB0E7800055B240228522444101828003C4B4
S3150103BCC00700EDB7B7D700A0938787CD984383566F
S3150103BCD027001C47858A81CA83C72700E146B387A4
S3150103BCE0D702B107BA9788C78280411106C622C413
S3150103BCF026C2B7C721A093040008C4C79700000052
S3150103BD00E780604FB7C720A02A84884F97000000B9
S3150103BD10E78080FB228597000000E780604E97004D
S3150103BD200000E780E0C7B79700A083A70741A18B6F
S3150103BD3091CF2244B2409244B72722A01307002091
S3150103BD40B8DB4101172300006700433AB24022449E
S3150103BD50B71722A037071000B8DBB70722A084CB99
S3150103BD6092444101828041118D6726C206C622C4CF
S3150103BD704AC093870730376721A01CD3B7E720A0B2
S3150103BD80054723A2E70CAA8497000000E78040BF7A
S3150103BD9031CDB79700A003C7574129CB9547630513
S3150103BDA0F70093F70410B9E38D6793870730B766F6
S3150103BDB021A09CCEB74721A09C578946631ED70075
S3150103BDC0998B05678DE32244B240924402494101AE
S3150103BDD0170300006700A3F10D46631FC7009D8B80
S3150103BDE0E3F3F6FE0967B75721A098D3B24022447D
S3150103BDF0924402494101828091466316D70093F723
S3150103BE000720F1D3E5B79547E31FF7FACDDC970092
S3150103BE100000E780403E056993F7041033F92401D6
S3150103BE20D5C3B79700A083A787413707001080437F
S3150103BE30B7E721A023A4E70A63050902B79700A080
S3150103BE4003A78741B7C721A0F4475C47958FB70678
S3150103BE5022A0B45E139626006352060600433344BA
S3150103BE60F40A93D78400C58B89CF37C721A07C47B2
S3150103BE709306E4FFB307F04063D4D704B3078040C6
S3150103BE807CCB97000000E780A03793F7042091C786
S3150103BE90B71722A037070020B8DF9397240163D78A
S3150103BEA00700B72722A037070020B8DF09DC8D6713
S3150103BEB093870730375721A01CD30DBF404345B79E
S3150103BEC00144C1B70544E31B09F665BF411106C623
S3150103BED0B7E721A03707001023A6E70AB7E720A093
S3150103BEE0054723A2E70CB79700A003C75741954718
S3150103BEF06307F700B76721A01307001098D39700CC
S3150103BF000000E780E0A715C9B7C720A09C4F379764
S3150103BF1000A003473741A18393C707F893F7F70FA8
S3150103BF2063FDE700B74721A09C57998B99E7B24078
S3150103BF30410117030000670083DB37C721A05C4B70
S3150103BF4093F7070C99E78327870A139737006358F3
S3150103BF500700B7D721A03707001023A6E70AB24087
S3150103BF6041018280B7D700A07971938787CD22D407
S3150103BF70C04306D626D24AD04ECE52CC56CA5AC84A
S3150103BF805EC6B70700106372F40285462285225402
S3150103BF90B25092540259F249624AD24A424BB24BC7
S3150103BFA045611733000067004365B74720A0BC5FAF
S3150103BFB0AE893289858B054A91E797300000E78080
S3150103BFC0E0E2014A97000000E780E022AA8A48409E
S3150103BFD09305000C97000000E780C00E834404001C
S3150103BFE083471400850463F39700814493973400D0
S3150103BFF0138BC700A297884B9305000C83ABC7002D
S3150103C000229B97000000E780E00B63000A02B70753
S3150103C01022A083A7872193F70702B9E3B70700A0F5
S3150103C0209847B74721A023A8E7081305D00397101C
S3150103C0300000E780E0D293F4F40F26859710000001
S3150103C040E78000D2568523009400232464019700D8
S3150103C0500000E780E01AD286CE854A865E8505BF53
S3150103C060B70700A0D84775BFB7D700A001119387BB
S3150103C070C7DE2A873EC08A85C147114506CE3EC221
S3150103C0803AC497600000E780605701ED9305803E4F
S3150103C090114597600000E780806705E1F24005617D
S3150103C0A082801306B00293056005014597000000DF
S3150103C0B0E7804083F2400561828013061003E5B7EA
S3150103C0C0B71722A09387473F8CC317030000670066
S3150103C0D0E3F92A871305100205CF9DC9B307D600D5
S3150103C0E01305B016B306D640B3C70708B3C6060889
S3150103C0F06364C500B3D7A70A2310F7009307101685
S3150103C10063F4C700B3F6F60A2390D500014582808E
S3150103C110828037D700A0834717E71307C7E289EB66
S3150103C120B7C700A3DC4B898393F7F71F2313F704E0
S3150103C1308280B7D700A09387C7E283C74704C1C3E9
S3150103C140B70700A0DC4B797106D693F70748930628
S3150103C150600491C3D14636C697000000E780A0FB71
S3150103C160B7D700A003D627E71307400D9387C7E286
S3150103C170B2466367C7001307500D2393E70429A04B
S3150103C1801307201AE36BC7FE03D667049305E10180
S3150103C190680897000000E78000F419ED8357C10191
S3150103C1A03707FF01C207F98F0357E1011377F71F1A
S3150103C1B0D98F37C700A31CC3B250456182808280E1
S3150103C1C037070400B71722A0B8DB370722A03C5B69
S3150103C1D0918BF5FF8280B72722A037070400B8DBCE
S3150103C1E08280B72722A088D78280B72722A0E8C3F7
S3150103C1F08280B70722A003A5C708828082800545EE
S3150103C2008280B7D700A09387C7E2C847791513354C
S3150103C21025008280B7D700A0938747C9DC53998B42
S3150103C22091CF411106C697000000E780C0FDB240D9
S3150103C230134515001375F50F41018280014582806F
S3150103C240B78500A041119385C5FB054506C622C4E2
S3150103C25097600000E780803A05C12A8413066002CD
S3150103C26093056005014597F0FFFFE780A067B2409C
S3150103C27022852244410182809305803E05459760CC
S3150103C2800000E780C0482A8401C51306E002C9BF3E
S3150103C290B70722A083A6C72B03A7470C93F60680ED
S3150103C2A051839396B648558F23AEE72A372722A0A3
S3150103C2B01307C71FB706000814C323A2071A23A42B
S3150103C2C0071A23A4072E65B7B71722A02147B8DF9C
S3150103C2D0B7D700A0938747CD83A807009397F800A4
S3150103C2E063D60700239005000145828003D6050026
S3150103C2F0379700A0154832958347F5FF0D45230E61
S3150103C300F740130716002390E50093F67700E36ED3
S3150103C310D8FC370722A0785B418B09C7894763811C
S3150103C320F6028280370720003317D70033771701C8
S3150103C330214545DF63960601A18B99E32390C50049
S3150103C340B71700A09387076ADCC179BFB79700A027
S3150103C35003C7C74203D80500AA8805071377F70F52
S3150103C360814763760701B307050183C7F7FF379350
S3150103C37000A00347C341379E00A0A30EFE401375D9
S3150103C380770095466313D50693F6070399C21545B8
S3150103C39082801356370093F61700798A558EB706AE
S3150103C3A0A3E39386360FB3D6C64899E21D45828029
S3150103C3B0B716406893868649B3D6C66013F6070453
S3150103C3C093F6060493EE560219E293EE560093761C
S3150103C3D007FC0983318B93D72748D58FD98F93E7E9
S3150103C3E00702230ED341A30EFE400347DE41B7D70F
S3150103C3F000A0938747CD90439377370299CF93173D
S3150103C400D600E3D607F89377070393060002E39072
S3150103C410D7F8B71722A08946B4DF8346C34193F7FA
S3150103C4200602A9EBB71722A01303000223AC670682
S3150103C430B70722A0BC5F898B89E79307F00363F1F2
S3150103C440E70293F7760213033002639D670293179C
S3150103C450B60063C50704B71722A0054323AC6706D5
S3150103C460B70722A0BC5F1DED93F807020D45639E36
S3150103C4700808828093F78600C5DFB71722A0130346
S3150103C48000046DB713035002638A67001303100296
S3150103C490E39867FC9317C600E3D407FCB71722A0FA
S3150103C4A011436DBF09436312650613F307020D4575
S3150103C4B06300030413F5270029E913F506049377AB
S3150103C4C0C7FCC98F0D458DE79317E60063DC0702A9
S3150103C4D0374520A01C514845D2079318B500D1838F
S3150103C4E063C908008507ED1793B71700B9E3194523
S3150103C4F08280370521A0084509810D89898FB3C734
S3150103C5000708D5B783C70800F9BF1375070C930846
S3150103C5100004E30D15E91375C7009148E30815E90E
S3150103C5201375870015E1898B89C79317360063CD88
S3150103C5300700858A91CA93174600E3D907E6B71719
S3150103C54022A093060008B4DF058B01E705082390B3
S3150103C5500501B72700A0938787ABDCC1014582801C
S3150103C56003D705003A958347F5FF93F6070281E65C
S3150103C57011072390E500E18B81CB03D70500858362
S3150103C5807517BA972390F500B70722A0BC5F858B71
S3150103C59091C783D7050085072390F500B72700A028
S3150103C5A09387E78FDCC101458280370722A03C5F71
S3150103C5B0858B81CF3C5F898B89EB83D705003E95BC
S3150103C5C00347F5FF91476315F702B72722A04147B2
S3150103C5D0B8DFB7D700A0938747CD9C43371722A06F
S3150103C5E0E583C18B3CDFB71722A01317B028D8CF39
S3150103C5F02390050001458280B79700A003C6E74152
S3150103C600B7871000938707421377C60009CBA14763
S3150103C6106306F7062147B72725019387E7BD937677
S3150103C620160081C693C7E7018946098A01CEB70772
S3150103C63022A0B05FFD571376060809C6B7070002A5
S3150103C640938707C037D600A0130646D01CC2FD57F1
S3150103C650230BF60493174700D58FA30BF604230A7E
S3150103C6600604835705003E97B72700A0BA9693871A
S3150103C67087BE2310D5005CC101458280094761BF8E
S3150103C6804111B70722A04AC0379900A026C2A45F69
S3150103C6908347E94122C406C613F7070D2A8419C342
S3150103C6A0B58B99CBB72722A02147B8DF1305F00E27
S3150103C6B097100000E780404F8347E94113F7070DC1
S3150103C6C011CF918322852244B2409244230FF9402C
S3150103C6D00249410117030000670043F293F754002F
S3150103C6E0BDCF8357040037D700A0130707CE1CC35A
S3150103C6F013F7140005CB85072310F40093F4040400
S3150103C70091C4B72700A09387478B29A0B72700A019
S3150103C7109387E78F5CC0B2402244924402490145A4
S3150103C7204101828093F43404130720046396E400E1
S3150103C73085072310F400F1B7B72722A04147B8DFD5
S3150103C740B7D700A0938747CD9C43371722A0E5832C
S3150103C750C18B3CDFB71722A01317B028D8CF2310FC
S3150103C760040055BFB79700A083C6D7412A878147DF
S3150103C77013F616002E8511E683D705003E978347E8
S3150103C780F7FF37D700A0130747CD370622A00328A3
S3150103C7900700785A418B05CF37D700A0130707CE79
S3150103C7A05843B98F93F7F70F81EB3C5E1D833D8F9A
S3150103C7B09377270081CB89471317880063490700BD
S3150103C7C029458280371722A03706001070DB13F73D
S3150103C7D0060CA207D98F371722A07CDBB79700A0D7
S3150103C7E083C5C741894713F77500631BF700B7076D
S3150103C7F022A0BC5F898B89E723100500014582804E
S3150103C80013D72500418B93F7060AD98F13F78600B1
S3150103C810918319E393E7070113F6A701A94813F7D0
S3150103C820C60C631816011306C00C6304C70093F7FD
S3150103C830D70F37160C0D1306D6F03356F64815E205
S3150103C8401316080163590600130610046397C500FE
S3150103C85021466388C6001D4582802D46E39DC5FE9C
S3150103C860FDFAB716085093867670B3D6F640C58A95
S3150103C870B367D70093E60702379700A0230FD74084
S3150103C880B58B89C717030000670043D71703000059
S3150103C890670043DF4111B7D700A022C406C69387B9
S3150103C8A047D083C777052E840357040093D54700E2
S3150103C8B0BD8BAE97B7D600A0B307F740938686D054
S3150103C8C03E95B3C5D52097100000E780803309E96B
S3150103C8D022852244B240410117030000670083DA2F
S3150103C8E0B240224441018280B74520A0370622A0E7
S3150103C8F0B706000F3707000383A7450D63F6A700A5
S3150103C9005C46F58FE38AE7FE8280B76721A09946E5
S3150103C91023A8D746B74720A023A80704856793878B
S3150103C92007F0B76620A0DCC6B75720A09306001010
S3150103C930D4C7B7070400374721A0FD172324F71CE3
S3150103C9402326F71C8280411106C697000000E78063
S3150103C950808AB79700A0054709452386E7409700D4
S3150103C9600000E780A0F8B74720A09C53B24037F7F1
S3150103C970FF3F8D07D98F374721A0232CF71A410192
S3150103C9808280374721A08327071C9396070163D12A
S3150103C9900602B7D700A0938747C99047B79600A069
S3150103C9A023A0C642D447232ED71C9C4B2320F7260C
S3150103C9B0828037D600A0B79500A0130646C983A780
S3150103C9C0054283284600014581467948850763E385
S3150103C9D017011C4203C707001377F7033317D70061
S3150103C9E09906598DE39406FF23A0F5428280B796F3
S3150103C9F000A083C7C6409DCBB7F7FF3F374721A0AA
S3150103CA009387F73F232CF71AB74720A023A2070CD6
S3150103CA1037060200B76721A090CFB7070400238624
S3150103CA200640FD172324F71C2326F71C82809377E0
S3150103CA30F5018E07138707FF1377F70F930600098F
S3150103CA4063E4E606374721A00327071C931607016C
S3150103CA5063DC0604B7D600A01981938646C931C59E
S3150103CA607915133515000397060303A886028396E2
S3150103CA7026032E97AE97369733070703B74621A0AA
S3150103CA803205B38707033983329723A4E61C0D675F
S3150103CA90B9833E9623A6C61CB76721A023A0E71C2C
S3150103CAA0B75721A023A0A71C8280C852058965BF59
S3150103CAB0B7D700A04111938747C926C2C45306C6F7
S3150103CAC022C493F74400B9CBB74720A09387870DB8
S3150103CAD083C70700094493F70702D9EBB7F7FF3F6B
S3150103CAE09387F73F374721A0232CF71AB74720A08F
S3150103CAF023A2070C37070200B76721A098CFB79780
S3150103CB0000A023860740B7D700A0938747C923A66A
S3150103CB100702B240224492444101828093F72400E2
S3150103CB20D5DF114597000000E78040DCB74720A019
S3150103CB3003C7870D9D469387870D3D8BE310D7FA70
S3150103CB4083C617000947E37BD7F803C72700137783
S3150103CB50E70349D703C7370093774700C1D39376D2
S3150103CB601700A94791E29147098B11C399073E849F
S3150103CB701305140097000000E78040D7B74620A0AD
S3150103CB80B387860003C5870DB7D700A0938747C927
S3150103CB90C8D79377F5011397370089C7370600047A
S3150103CBA023A2C60CB7D600A09386C6E2CC469386CB
S3150103CBB0F5FF93B616003317D700B74620A023A473
S3150103CBC0E60C37D700A0130747C9504F39F2504B2C
S3150103CBD0A207F0C2832887011308C6FFF0C2B3D7A1
S3150103CBE0170BC297BCC2374821A00326881B83179C
S3150103CBF0C7031376F63FB207D18F232CF81A85673D
S3150103CC00DCD69307F00363EAA70095E1031647030E
S3150103CC10814597000000E780C0E1A188E39B04EE0C
S3150103CC20B7D700A0938747C90547D8CFDDB5031604
S3150103CC306703F9BF411122C406C626C29317E5004D
S3150103CC402A8463D00704B7D700A003A787E329EB98
S3150103CC50594597100000E7802050B74720A003A746
S3150103CC604708B79600A0B76720A013573748238C08
S3150103CC70E63C214723A2E708B76721A0370704004B
S3150103CC8098CFB74421A083A7041C139707016348D0
S3150103CC900708098801ECB24022449244410182808B
S3150103CCA0314597100000E780604645BFB76721A06D
S3150103CCB03707040098CF97F0FFFFE780E05561DD62
S3150103CCC0B7D700A003A547CB9377F50F91C7B757FE
S3150103CCD021A0194723A8E7461375F50F9357650056
S3150103CCE0DDDBB74620A00547DC4EE37FF7FE9C520A
S3150103CCF037D600A0832686E3D207C5839385070229
S3150103CD006388E604B9E6B7D700A00396C7CC2244E5
S3150103CD10B2409244410117030000670083D14AC020
S3150103CD2097F0FFFFE780204D2A8997000000E780EF
S3150103CD3080C823AEA41C97000000E780C0C723A0C8
S3150103CD40A4264A8597F0FFFFE780804B024991B7F6
S3150103CD508581B7D700A00396E7CC55BFB74720A077
S3150103CD601315852923A4A708828037D700A01307A3
S3150103CD70C7E21C47120593F7F7F05D8D08C71375D4
S3150103CD80F50F8280B70722A0FC5F13971700635341
S3150103CD90071241114AC006C622C426C21397470089
S3150103CDA01309100263430700054937D700A0130788
S3150103CDB0C7E21C474047374720A00457354793E44A
S3150103CDC004106307E400130714FF894663E2E602CE
S3150103CDD037D700A0130747CD18431377070809CBA5
S3150103CDE0378721A0344369476374D7001364040862
S3150103CDF04DC91375050259C9054597000000E7801A
S3150103CE0000F7AA87374721A0032787169316070139
S3150103CE1063DC0600370722A0605B21883DEC785B63
S3150103CE209316D70063DD0606B74621A09856945696
S3150103CE30130989040607137707088A0693F6060476
S3150103CE40558FD98C09C8374720A0136404101307DB
S3150103CE50870800C32109374720A01307870804C39E
S3150103CE6093E707101CC32244B76720A02320270199
S3150103CE70938747083707100098C3B2409244024983
S3150103CE800145410117030000670063EE13F7070F1E
S3150103CE9035FBB189A5D909458DB7094471B70D4448
S3150103CEA061B7B74621A09856B4520E0713770720E8
S3150103CEB0918269B7B76720A09387470837071000A0
S3150103CEC098C30145C1B711CDB71722A0370700088B
S3150103CED0F8DFB75720A0938747083707020098C39F
S3150103CEE08280B72722A037070008F8DFB76720A09B
S3150103CEF0DDB7B71722A04167F8DBB72722A005479D
S3150103CF0098D78280411106C697F0FFFFE780C030AC
S3150103CF1001C9B79700A0B24083A7473F4101828762
S3150103CF20B24041018280411106C697000000E780A5
S3150103CF3080FC054597500000E780807A3705B200EB
S3150103CF4097F0FFFFE780A02A054597100000E780C9
S3150103CF50E00A97100000E780E004B72722A04167A3
S3150103CF60F8DB97100000E780C05B97200000E7809D
S3150103CF70603309E597200000E780E0399720000038
S3150103CF80E78000DE97200000E780402D9720000010
S3150103CF90E780C0E5B24037050001410117F3FFFF02
S3150103CFA06700632441110D4506C697400000E780DB
S3150103CFB0605C11ED114597400000E780A05B01E934
S3150103CFC0B72722A09387473F1307001098C39700FB
S3150103CFD00000E78040F297100000E78040FBB24073
S3150103CFE0B72722A04167F8DB4165410117F3FFFF2C
S3150103CFF06700631F797106D622D497100000E78074
S3150103D000602797000000E78000EF054597100000B1
S3150103D010E780C0FEB72722A04167F8DBB71722A036
S3150103D02005479387071698C3B71722A09387071255
S3150103D030F14694C3B71722A09387872898C3B7D716
S3150103D04000A09387C7FB98473ACEDC47379700A0E2
S3150103D050232AF742B70722A0AC5B93F7150013F80F
S3150103D06005208DCBB7D700A0938707CE02CED44335
S3150103D07037C521A0232AD7429043C167938707F077
S3150103D080544D3387C6406365D600145D85063697CE
S3150103D090E3F8E7FE379400A0232804406308080059
S3150103D0A0724597F0FFFFE78040A72ACE2D4597509B
S3150103D0B00000E780E0BF832704412E86AA85858B7E
S3150103D0C0A9C7724597200000E78080B7B72722A03A
S3150103D0D00547B8DBB75721A093870723094798C3A9
S3150103D0E0B76721A03707400698CF3705020097F0A7
S3150103D0F0FFFFE780C00F3705020097F0FFFFE780C8
S3150103D100800EB2502254456182802AC6680832C411
S3150103D11097100000E780403B2246B2455DD17DB7BB
S3150103D120B70722A0F85F411106C61377071009CB8B
S3150103D1303707008098CB010001003707004098CBE1
S3150103D14097200000E78040A997000000E780A0DA56
S3150103D150054597100000E78060EAB72722A04167DB
S3150103D160F8DB97F0FFFFE7802086B76720A0938758
S3150103D170470B3707200098C397000000E780C0D804
S3150103D1803705040097F0FFFFE780E005B240B79744
S3150103D19000A00547A386E74041018280411106C6E7
S3150103D1A097000000E78020D5014597100000E7802E
S3150103D1B0E0E4B72722A04167F8DB374720A003271E
S3150103D1C0470893874707218B01CB375720A01307BE
S3150103D1D04708B706100014C33D5798C3B70722A0E3
S3150103D1E023AC0706B79700A023A8074297F0FFFFD2
S3150103D1F0E78080021DC5B79700A083A7073F8297E3
S3150103D20097100000E78040AFB79700A083A7C73EFA
S3150103D2108297B24037050800410117F3FFFF670004
S3150103D22083FCB7D700A0938747C923A607029710A4
S3150103D2300000E78060ACF1BF011106CE22CC970056
S3150103D2400000E78040CB97100000E780A0D5B72701
S3150103D25022A04167F8DBB71722A005479387071674
S3150103D26098C3B71722A0F1469387071294C3B7173A
S3150103D27022A09387872898C397200000E780805EC2
S3150103D280B7D700A09387C7FB2D45C04F9750000022
S3150103D290E78000A22AC62EC497000000E780C0C615
S3150103D2A0B24522468146228597200000E780E03475
S3150103D2B019C53705200097F0FFFFE78040F3624465
S3150103D2C0F24037052000056117F3FFFF6700A3F15D
S3150103D2D0411106C622C497000000E780C0C197101A
S3150103D2E00000E78020CCB72722A04167F8DB370788
S3150103D2F022A07C5B918BB1EF37D400A0130404D039
S3150103D300385B1C408966938606C093F70702758FBF
S3150103D310D98FA1E397F0FFFFE780C0EA1C4013977B
S3150103D320870041831DC3938707F0371722A01CC0CB
S3150103D330B706000874DB13978700418319E7B7D74C
S3150103D34000A0938787CD23A2070097F0FFFFE7800D
S3150103D350C0E82244B24037054000410117F3FFFFFD
S3150103D360670063E83971FD574AD8379900A0230E40
S3150103D370F93E06DE22DC26DA4ED652D456D25AD0EE
S3150103D38097000000E78020B7054597100000E78066
S3150103D390E0C6B72722A0C166F4DB37070080B707CB
S3150103D3A022A098CB03A7070B09462A843D8B631F4B
S3150103D3B0C70683A7473F1397F70063560702B727A5
S3150103D3C022A09387473F94C3B7D700A09387C7D5B6
S3150103D3D0DC4791CB9C47371722A09306001054CF05
S3150103D3E099C309458297B70722A083A7473F139796
S3150103D3F00701635D0702B7C721A083A7470837075C
S3150103D4003F3FF98F3707010D6392E702B72722A042
S3150103D4109387473F216798C3B7D700A09387C7D59B
S3150103D420DC4789C79C4799C30D458297B7D700A0A7
S3150103D430938707D083A907008347C93F1307F00FD3
S3150103D440639EE704B70422A003A7040B89473D8B18
S3150103D450630EF7188D4681476312D70497100000B0
S3150103D460E780C0C8937704106381071697200000ED
S3150103D470E780400701CDBC58A18B81CF97200000DF
S3150103D480E780403E97200000E78020DB93070002F8
S3150103D4909CC893F7C900F11793B71700B7D600A035
S3150103D4A09386C6DE984A418B75FF09478144639A81
S3150103D4B0E728B72722A08D46034BC93F370722A08A
S3150103D4C0F4DB8327070BB7DA00A0938ACAFBBD8B6C
S3150103D4D06394D71A3C5F03AA4A01898B99C303AAAA
S3150103D4E08A01014597400000E780807CB7D700A0F9
S3150103D4F0938707D09C43B70622A083AA06078D8B81
S3150103D5000947AA842E89336A0A0A93DA3A48639841
S3150103D510E70241880DC4B7D700A0938747CD9C4343
S3150103D52013F7071063050714F05A3707001041076D
S3150103D530798E6315E60EB72722A04147F8DB372418
S3150103D54022A097200000E780E0F921046305051472
S3150103D55097200000E7800031639B0A1289471CC0AC
S3150103D560B70722A0054798CB97100000E780407FB5
S3150103D570B76720A07D5723AAE70A97000000E78033
S3150103D580A0988146A6854A86528597200000E780A2
S3150103D590C00611C11945B70722A01947B8C319C552
S3150103D5A03705100097F0FFFFE78060C46254F2501D
S3150103D5B0D2544259B259225A925A025B3705100084
S3150103D5C0216117F3FFFF670003C2DC4413971700BA
S3150103D5D0635407008947D9B59377040181C793F744
S3150103D5E039006DBD93D729008D8B4DBDD844931654
S3150103D5F017009357F701E3D306EAB70600A0D84A03
S3150103D600814713762700E31B06E81377074079D38F
S3150103D6109C4A4167B3B7E700860749B513F7072065
S3150103D62019FFB85E1377870219FB371722A08D46B8
S3150103D63074DB370700A0584B1377074005C793F7E9
S3150103D64007088DC3B7D700A0938707CE83C7C70043
S3150103D65091CBB78700A0938707F1884797400000CE
S3150103D660E780C088B72722A0094798C7D5BD930786
S3150103D670F00FE309FBFEE1B52D4597400000E78076
S3150103D6802063AA8403AA0A012E89814A4DBD9720E4
S3150103D6900000E78080BA89471CC09307F00FE311A6
S3150103D6A0FBEC13070002B70722A098CB93F9C90035
S3150103D6B011476394E908854497200000E78000BA7F
S3150103D6C0B70700A0DC4B93F70740C9C3B7D700A040
S3150103D6D0938747CD9C4393F70708ADCBB7D700A0F4
S3150103D6E0938707CE83C7C700B5C3B78700A09387C0
S3150103D6F007F1C84397300000E780407FB7D700A002
S3150103D70005472388E7E29307800B2D453ECE9740D5
S3150103D7100000E780E0592E862AC6AA85680832C426
S3150103D72097100000E78040DA2246B2451DE57245AF
S3150103D73097100000E780C0500DA0E45B93D44448E2
S3150103D740A687B1CB0547E389E7F699BDB7D700A00D
S3150103D7509387C7E283C74700DDF797100000E78089
S3150103D760E095B7D700A09387C7FBD847B79700A023
S3150103D77023AAE74297F0FFFFE780007981C83707BD
S3150103D78022A03C5B93962700E3CD06FEB70722A0B2
S3150103D7900947B8C331B597200000E78020AC97103D
S3150103D7A00000E780E05B97100000E780206497F0B4
S3150103D7B0FFFFE7806075B70722A023A00704CDB357
S3150103D7C03971FD5722DC379400A006DE26DA4AD8E2
S3150103D7D08344C43F4ED6230EF43E97F0FFFFE78002
S3150103D7E0807197000000E780E07BB72722A041679D
S3150103D7F0F8DB0344C43F9307F00F631EF418B7061F
S3150103D80022A083A7060B37D700A0130707D0032946
S3150103D8100700BD8B1947639CE716B74720A083A76B
S3150103D820470B858B91EB93070002135469009CCA3E
S3150103D8300D888544814945A88947639CF406B70643
S3150103D84022A0F85AB7070001938707F2B377F900C5
S3150103D850118BB339F000630D0710135449000D887A
S3150103D860854781446310F404B7D700A0938747CD56
S3150103D870984385479376074081EAB70722A0BC5BA5
S3150103D88093C7071093D78748B70622A0F45A918AFC
S3150103D89091E613770710814439C7EDC7135469001D
S3150103D8A00D88854475ECB70722A0E05B1354444801
S3150103D8B01DA897200000E780E0C251D181493704B2
S3150103D8C022A03C58A18BF1CB97200000E78080F979
S3150103D8D097200000E7806096930700021CC8135443
S3150103D8E069000D88814497200000E780209705474A
S3150103D8F06301E40C89476315F416B70722A098CB95
S3150103D900BC5B898B91C7B70730A023AC0700C0DB8B
S3150103D910B7D700A09387C7FB2D45805797400000D3
S3150103D920E78000392EC42AC697200000E78080F3DA
S3150103D9302246B24563880906228597E0FFFFE78001
S3150103D940A062B70722A01947D8DF19C5370580009A
S3150103D95097F0FFFFE780A0896254F250D2544259EF
S3150103D960B25937058000216117F3FFFF6700A387CB
S3150103D970B85A9356A7009D8AE39106EEE38F07EC07
S3150103D980854935BFB71722A04147F8DBA9BF13590C
S3150103D990690013743900814471BD81440944A1B7F7
S3150103D9A0054491B78146228597200000E780E0C4AC
S3150103D9B049BF97000000E780607097F0FFFFE7809B
S3150103D9C0A0542D4591E0054597400000E780402E80
S3150103D9D0B7D700A09387C7FB9C53AA842E843ECE58
S3150103D9E0B70700A0DC4B93F7074095CFB7D700A045
S3150103D9F0938747CD9C4393F7070895C7B7D700A0ED
S3150103DA00938707CE83C7C70099CFB70722A0FC5BCD
S3150103DA10C18B91EBB78700A0938707F1C843973072
S3150103DA200000E780A04CA6852286680897100000AF
S3150103DA30E78080A90DE17245A6852286971000002D
S3150103DA40E7800020B7D700A09387C7FBD853B797C2
S3150103DA5000A023AAE742B70722A00947D8DFFDB5ED
S3150103DA6097000000E780806897100000E780003880
S3150103DA70B70722A023AE0702D1BD3708010101472B
S3150103DA80814813081810B307E50083C7070033431A
S3150103DA90C72003230300B3870703B3C76700338391
S3150103DAA0E50003430300050733030303B3F76700E5
S3150103DAB0B3E8F800E399E6FC93D74800B3E7170107
S3150103DAC013D727005D8F93571700D98FB3F7070134
S3150103DAD013D77700D98F13D5E7005D8D1345F5FF6E
S3150103DAE03D89828037D700A0834657E283470500E5
S3150103DAF0130747E213F6F600B3D7C7409182F58FB2
S3150103DB0083462700B3D6F648BDCEB7D600A0938683
S3150103DB1046CD90429376160091CA5843B74620A044
S3150103DB2033A7E720035707007D1798D237D500A0FF
S3150103DB30130545E203453500B7D600A003C7B6D59D
S3150103DB40B357F548938646D085CF418A15CA0DCB7F
S3150103DB5003D60500B73700A09387E7022391C500D3
S3150103DB60DCC183C7460583C65605B6979376F70088
S3150103DB70B6971183BA973E962390C50001458280D5
S3150103DB8023900500E5BF0D458280411106C697F036
S3150103DB90FFFFE780C01DB240B74720A00547D8D78E
S3150103DBA041018280B7D700A09387C7E29C4B7D8D45
S3150103DBB0C18B95CBB7D700A0938747CD9C43C18B28
S3150103DBC099CFB79600A083A706434167130707F0CA
S3150103DBD0A207F98F371722A03CDF23A80642B717FE
S3150103DBE022A00567D8CFB7D700A09387C7E288CB12
S3150103DBF082801305B00E170300006700E3FA0111D3
S3150103DC004EC6B79900A052C456C25AC006CE22CCFC
S3150103DC1026CA4AC823A80942B7D700A003C9B7D55C
S3150103DC2083C4A7D5AA8A137BF9002E8A63120B0430
S3150103DC300544B7D700A0938747D09356490083C7B6
S3150103DC405705A5E605453305A402B7D700A0938773
S3150103DC5047D09C43F2406244D2444249B249224AE4
S3150103DC607D8D13351500924A024B0A0505618280A3
S3150103DC7037D600A0B7D500A0DA86130686D09385DA
S3150103DC8085D497000000E78080DF856733F4A4001D
S3150103DC909387171123A889423304F402A167938753
S3150103DCA017427D8C51D4160469B7DA97B7D500A00C
S3150103DCB03385FA005286938505D597000000E780E0
S3150103DCC000DC03A709439180658D93174500D98F1E
S3150103DCD023A8F94225D90605BDB783D72500239085
S3150103DCE00500B7D500A0938585D23E95170300009D
S3150103DCF0670023F1B70700A09C4FA18B81CBB72700
S3150103DD0022A0938707211307000898C3B74721A0C9
S3150103DD1003A787169316070163DC0600DC571397DF
S3150103DD20170163580706B71722A037070400F8DB64
S3150103DD30374721A01C57A18B81CF8327C72413D72C
S3150103DD4057011377172009C7B71722A02147F8DB15
S3150103DD50B7D700A0938747CD9C4393F7070C91E769
S3150103DD60B71722A037070010F8DBB74721A098574A
S3150103DD70B71722A013770702F8DBB74720A083A7BB
S3150103DD80070D139777006341070217030000670026
S3150103DD9083E613D7C74893D6D748B376D740C9FA8C
S3150103DDA0B71722A0214761B782804111B74720A047
S3150103DDB026C283A4470B83A7870B06C622C4FD8C01
S3150103DDC0B76720A09387470B4AC013F7F4FF1317CE
S3150103DDD0574998C39397B40063D6070AB7D700A0E8
S3150103DDE0938747CD9C43379500A01304454213F708
S3150103DDF007080DC3B79700A083A7073E05475CC075
S3150103DE00B79700A02386E74289472310F40093942A
S3150103DE1054298DA813F7170001CBB73700A09387B1
S3150103DE2087E35CC08547D5B713F707011DCBB73722
S3150103DE3000A09387E7025CC037D700A08346B7D516
S3150103DE40130747D00347570593F7F6009182B69711
S3150103DE50BA972310F400231104008357040099CFC2
S3150103DE607DB713971700635907001305454297308A
S3150103DE700000E78040A4D5B72310040097000000F3
S3150103DE80E78060D79397A4003707200063DB070673
S3150103DE90B76720A09387870B98C3B76720A093879B
S3150103DEA0470B379400A0B74420A098C313044442F8
S3150103DEB0374920A09384840D83570400BDC70327E4
S3150103DEC0490D6376F704376720A01307070DB7F6E5
S3150103DED0030014C3375720A09396C7001307070DF2
S3150103DEE014C3B76620A09386460B3707200098C252
S3150103DEF0B75620A09386860B98C28326490D63FFE6
S3150103DF00F602B240224492440249410182805C40B6
S3150103DF10A285268582974DD12244B2409244024975
S3150103DF20410117030000670083C62244B2409244AD
S3150103DF3002494101170300006700E3CBB75720A04D
S3150103DF409387470B98C375BF014597D0FFFFE780BA
S3150103DF50C02197D0FFFFE7806013B70722A00547CB
S3150103DF60D8C3B707FF01372722A01CD7371722A02B
S3150103DF705CD7B70700A093878733378724A05CD381
S3150103DF80054597D0FFFFE780401EB70722A003A7E9
S3150103DF90070B9356C700BD8A99E223AA0706828017
S3150103DFA0370722A08327070B994613F6F700630267
S3150103DFB0D602BD66F58F9966638FD7027C5B93960E
S3150103DFC0E70063C806008327473F1397C7006354D7
S3150103DFD00702411106C697E0FFFFE780E02311C55B
S3150103DFE0B79700A083A7473E8297B2404101171313
S3150103DFF00000670083358280411122C406C626C20A
S3150103E000B7E721A03707000223A6E70AB7C721A06E
S3150103E01013070008D8C78D6793870730376721A091
S3150103E0201CD3B7E720A0054723A2E70C01443DCD46
S3150103E030B70722A083A7070B374720A00324470B63
S3150103E04093D4C7000D47BD8BBD886398E70497003A
S3150103E0500000E780004DB71700F183C7070489C79E
S3150103E06097000000E780A0D4A285268597000000CB
S3150103E070E780404CB76720A09387870B37072000BB
S3150103E08098C32A8497E0FFFFE780001905C1B79774
S3150103E09000A083A7873E829711A889466398D70074
S3150103E0A06386E40097000000E780A047B24022851B
S3150103E0B02244924441018280411106C697E0FFFF43
S3150103E0C0E7804010B7D700A0938747CD9C4393F7CA
S3150103E0D0070289E7B71722A0094798C7B24041014A
S3150103E0E017E3FFFF6700630FB72722A0094798C706
S3150103E0F08280B7C721A083A7C70BB7C721A003A5F2
S3150103E100070C83A5470C8280411122C406C62A84C3
S3150103E11097400000E780E048B7C721A04A041307E8
S3150103E1200010E0CFD8C737C721A08327870A939664
S3150103E1305700E3DC06FE37070004B7E721A023A453
S3150103E140E70A97400000E7802045B2402244014593
S3150103E15041018280411122C406C62A8497400000E8
S3150103E160E7802044B7C721A04A0413070010E0CF74
S3150103E170D8C737C721A08327870A9396570063D148
S3150103E180060237070004B7E721A023A4E70A97404D
S3150103E1900000E7806040B24022440145410182808C
S3150103E1A073005010C9BF411122C426C22E84AA840A
S3150103E1B006C697400000E780C03EB7C721A023A645
S3150103E1C0872423A4972437D721A085462320D72440
S3150103E1D083A7C70BB7C721A09387070C9843DC43D3
S3150103E1E063E687006312F406637097060547B7175C
S3150103E1F022A0D8D7B7C621A0370722A07300501093
S3150103E2001C57858BA1E3404B05880DEC83A7860A32
S3150103E21093F70740E5D7B72722A00547D8D7B7E72E
S3150103E22021A0054723A0E7241307004023A4E70AF7
S3150103E23097400000E7804036B2402285224492444B
S3150103E240410182800944C1BF0144D1BFB78700A000
S3150103E250378700A09387470E232AF7288280B7873B
S3150103E26000A0378700A0938707FE232AF72A828017
S3150103E270B78700A0B78500A04111378700A0938710
S3150103E280872B9385C5FA054506C6232AF72A9740A0
S3150103E2900000E780A0361306B00519E99305803E11
S3150103E2A0054597400000E780804601CD1306000629
S3150103E2B0B240930560050145410117D3FFFF67008E
S3150103E2C06362B240410182808280B79700A037879B
S3150103E2D000A09387470E2320F72AB79700A0378715
S3150103E2E000A0938707BD232AF728B7D700A083D6B3
S3150103E2F027E7379700A0B79700A013061010938757
S3150103E30047C51307C743636AD600B7060011D4DBB3
S3150103E310B7060009B4CF184321A83706800CD0DB12
S3150103E32037068008B0CF9307B016E3F6D7FE5843F6
S3150103E330B70722A023AEE7168280B79700A03787D7
S3150103E34000A0938787A0232AF72AB79700A03787C8
S3150103E35000A0938707A12320F72A8280B70700A08D
S3150103E360DC4B93F707408DC3B7D700A0938747CDFF
S3150103E3709C4393F7070889CBB7D700A0938707CEAA
S3150103E38083C7C700014599E7B70722A003A507126B
S3150103E390135565488280B70722A0FC5F1397B70020
S3150103E3A06350070AB7D700A09387C7DE9C4B898BB7
S3150103E3B0C1CBB7D700A083D627E7B7D700A003C73A
S3150103E3C0C7FF9307F004254663E4E70013563700B6
S3150103E3D0938666EDB385D602B78700A09387C7B345
S3150103E3E03346F6208357260003560600B387B70242
S3150103E3F0B306D602B69763D60704E176B697C16626
S3150103E400B3C7D702BA978D66B3E7070A9E07938701
S3150103E410F7029386E6FD1307000863E6F600130782
S3150103E420F00533D7E702B72722A093870717930689
S3150103E430C03F94C3B71722A00A079387071798C348
S3150103E4408280A166B697C18775BF8567938707F0F3
S3150103E450376721A03CD77D8DB75721A0A8D7B747EA
S3150103E46021A09C5793F7070499E7B72722A013071F
S3150103E4700002F8DB8280B71722A0D5BFB7D700A069
S3150103E4809387C7E2C84B9377150085CF93770570BA
S3150103E490130700106370F702370722A03C5B93F75B
S3150103E4A0070281E75C47C18B91C7B7D700A0938762
S3150103E4B0C7E2884F9377150089C7170300006700E2
S3150103E4C003F98280B78621A0D856B79700A083C7E0
S3150103E4D097430111137707F806CE22CC26CA2EC617
S3150103E4E032C4D98FDCD62A8497000000E78040F92D
S3150103E4F01C40B24522469304800BB3D4970A858FF9
S3150103E5001CC02285854697100000E78060941C4055
S3150103E510F240A6971CC06244D24405618280B76764
S3150103E52021A0096793870729050798C382808280FB
S3150103E530B74720A09C47757122C54AC106C726C3A2
S3150103E540CEDED2DCD6DADAD8DED6E2D4E6D2EAD029
S3150103E550EECE139757002A842E896354070013E9D5
S3150103E5600504B70722A0A45B97E0FFFFE780A0C8D5
S3150103E5702AC093F7042081CBB7C720A0C84F97D0F1
S3150103E580FFFFE7806074B7D700A083C9C7E393870A
S3150103E590C7E223A80700B76620A01306001723AA1C
S3150103E5A0C60A9C4713F704049306000493541900FF
S3150103E5B093F7070F93F4840B6394D70093E404044E
S3150103E5C0A1476314F40093E9490093F7490089C706
S3150103E5D093E444011379F9FEB70730A083A7C71162
S3150103E5E0370630A00965378800A0814A372E30A047
S3150103E5F0930E0010214FB70F22A01306C6087D15EF
S3150103E6009D42130848B69543B74820A0374321A036
S3150103E610B70530A093F7071089C7232EDE1193E4BC
S3150103E620140049EF93F7C400638AE70983A6CF076A
S3150103E63093F7F40F13F4060119E093F7F70E93F624
S3150103E640060299E293F7F70D93F7170BA5EBB707B5
S3150103E65030A02147F8DB024597E0FFFFE78040BA88
S3150103E6609377090489C7B71722A02147B8DF97E033
S3150103E670FFFFE78060BA01CDB79700A083C7873D47
S3150103E68099C7B75720A093874708214798C313F51E
S3150103E690F40FCE8597E0FFFFE780006FBA402A4467
S3150103E6A09A44F659665AD65A465BB65B265C965C1D
S3150103E6B0065DF64D4A850A49496182801C42145218
S3150103E6C09D8B9907E98EB317F028958FB3C7070872
S3150103E6D063E2F204C166B71730A023AAD710136900
S3150103E6E0091093040008814609E7B70730A02147BB
S3150103E6F0F8DBB71722A037074000B8DBB75721A0CD
S3150103E70037072000F8CF93E989001379F9FEA1D6DB
S3150103E710914689A893F7140899C38546F1B793D708
S3150103E7202400C29783C6070063FED30283A7480565
S3150103E730A18B8DCB832A830283A7C80103244306B6
S3150103E74093DA8A01B3C707081374F40F19C09397B1
S3150103E750C728FCD1A183FCD183A7C51113F40710E4
S3150103E760E31A04EAB70522A0FC59374721A0185733
S3150103E77013D6870113DBB7007D8E418A137B0B0802
S3150103E780336BCB0093F78702336BFB009317270099
S3150103E79093F70704336BFB00336DDB00B70730A038
S3150103E7A0E04B230FA10183AD8507B34B0408231E59
S3150103E7B0710193DD8D0093FDFD0FA30FB10197D079
S3150103E7C0FFFFE780E04A2300A102A3005103B787B5
S3150103E7D021A037CA21A083AC070483274A016A8B88
S3150103E7E0B3CC0C08998B231191032A8C9DEBB7DAD1
S3150103E7F000A083C78ADE938A8ADB85C7B7D700A0C1
S3150103E800938747CD9C4393F7070281EF11459730D1
S3150103E8100000E78020D7B70701012322FA082388DE
S3150103E8200A02B7D700A09387C7D5DC47B79A00A0DA
S3150103E83063880720DC436385072013767B00230265
S3150103E840C102230AB103B70530A0B70730A0F847C1
S3150103E850F44D03AA0505954702D863F4C7201D8B1A
S3150103E860190709663317E028B34807089387F8FFA2
S3150103E8707D16B3CD0708B74720A0F18EB3FBCB00B6
S3150103E880F04BB3C60608B38BDB40B3FB7D01A94747
S3150103E89011E28147B38BFB40B3CB0B081306C03997
S3150103E8A09145333570013AC436C246C697D0FFFF48
S3150103E8B0E78040039246224723137103B3F7DD0032
S3150103E8C0B3867701637CD718B24852D8B388F84028
S3150103E8D023141103D2973ED68347410295461387E4
S3150103E8E097FF133717002302E104014763F4F60088
S3150103E8F013574B4813566B00098AA302E104135BB2
S3150103E9003B4813070008336666012313E104135DCD
S3150103E9106D48374720A02304A105A304C104230599
S3150103E920A105A305810502DC230F0102744B2316FE
S3150103E93091057D476397E60AE91793F7F70F0547AD
S3150103E9406361F70AB70730A0B44BF84733440408A9
S3150103E950930764FF1D8B19073317E0287D17F98F7A
S3150103E960B69783C7070061149387E7FC2303F10472
S3150103E970B377E400B385F6008507F98F03C5050070
S3150103E980B385F60083C505008507F98FA205C98DF1
S3150103E9903385F600834805008507F98F1388170029
S3150103E9A03378E800C208B3E8B800930518006D8F01
S3150103E9B0B69736978345070003C50700369803477D
S3150103E9C00800A2056205D98D814633651501B3C5D4
S3150103E9D0050897200000E780E03599472ADC230FD5
S3150103E9E0F102B72722A09387473F216798C30347BD
S3150103E9F041028D4763F6E7048547379400A023094F
S3150103EA00F444B7D700A09387C7D5DC472C18481021
S3150103EA10DC43829783C73A4595C3B70730A021479D
S3150103EA20F8DBB7D700A09387C7E29C4793F7070F95
S3150103EA3091E7354597E0FFFFE780603323090444F7
S3150103EA4083C73A4589EB7247B70730A023A0E70C82
S3150103EA50025723A0E70CA3890A44F5BE23147103C5
S3150103EA6095BD23130102231401028147ADB541115B
S3150103EA7026C2B70422A0FC5806C622C4C18BC1CB49
S3150103EA80B79700A005470545A386E74097300000E1
S3150103EA90E7800022AA842E8497F0FFFFE780A06512
S3150103EAA02A86AE862685A28597300000E780C0B008
S3150103EAB0B7D700A0938707CF9C4313D7F7413E955A
S3150103EAC0B337F5002E97BA976344F000F5E76DC5A2
S3150103EAD097400000E780E0AC370722A08327070BA6
S3150103EAE0BD66F58F8966639CD700B71722A0916629
S3150103EAF0D4CFB72722A0C146F4DB85471CCB2244DA
S3150103EB00B24092444101174300006700E3A83794DA
S3150103EB1000A083274443CDC3B79700A005472D45DE
S3150103EB20A386E74097300000E78080188327444394
S3150103EB303E95B337F500BE9597F0FFFFE780E06694
S3150103EB4025ED97400000E780C0A583A7040B3D6729
S3150103EB50F98F0967E395E7FAB72722A0094798C70B
S3150103EB60B7C721A01317B028D8C7930700109CC8AD
S3150103EB70B70622A03D67096683A7060BF98FE38DC6
S3150103EB80C7FE83A7060BF98F0D67638DE700B7D71A
S3150103EB9000A09387C7D5DC4789EBB71722A01307D4
S3150103EBA00010D8CF232A044299BFB71722A093870F
S3150103EBB0473F416798C3FDB7B2402244924441019E
S3150103EBC08280374720A05C479D8B81C79307F00F4F
S3150103EBD01CD38280B74621A083A786293787008065
S3150103EBE0F98F89E783A7C629F98F99C789678507A6
S3150103EBF0374721A02328F728B70700A09C4FA18BED
S3150103EC0081CBB71722A0938707211307000898C35F
S3150103EC10B70700A09C4FC18B81CBB71722A093875F
S3150103EC20C71F1307101C98C3B7D700A09387C7E262
S3150103EC30514798CB170300006700E3F8011106CE8D
S3150103EC4022CC26CA4AC82A843289AE844EC697F094
S3150103EC50FFFFE780E05FB78500A09385C5F705450C
S3150103EC6097400000E78080991306F01261E597D07B
S3150103EC70FFFFE780404C9305803E05459740000022
S3150103EC80E780E0A81306B01355E5370722A07C5F9A
S3150103EC90858B91CFB79700A0385B83A70741058B77
S3150103ECA0898BD98F89E797D0FFFFE780A059B7856D
S3150103ECB000A09385C5F6054597400000E7800094BB
S3150103ECC01306701425E99305803E05459740000018
S3150103ECD0E780E0A31306C01431ED33059400B707AB
S3150103ECE000029387270BB74920A0B335850023A4D8
S3150103ECF0F908CA9597F0FFFFE780204BB707000293
S3150103ED009387370BB78500A023A4F9089385C5F527
S3150103ED10054597400000E780608E1306A01519E9A3
S3150103ED209305803E054597400000E780409E05C157
S3150103ED301306F0156244F240D2444249B24993059F
S3150103ED4060050145056117D3FFFF6700A3B9F240CB
S3150103ED506244D2444249B24905618280B78621A001
S3150103ED60D856B79700A083C787434111137707F88E
S3150103ED7006C6D98FDCD697F0FFFFE780804EB785AD
S3150103ED8000A09385C5F4054597400000E7800087F9
S3150103ED901306C01619E99305803E05459740000001
S3150103EDA0E780E09601CD13061017B240930560057F
S3150103EDB00145410117D3FFFF6700C3B2B2404101C9
S3150103EDC08280B70722A083A7C717379700A093D6D8
S3150103EDD09701232EF7429D8A1307C74381C6B706B8
S3150103EDE000FEB6975CC38280411106C697F0FFFF0A
S3150103EDF0E780E0549305803E054597400000E78090
S3150103EE0000911306100F1DE5B79500A0938505968E
S3150103EE10054597300000E780607E1306600F19E908
S3150103EE209305803E054597400000E780408E01CD5E
S3150103EE301306B00FB240930560050145410117D38F
S3150103EE40FFFF670023AAB24041018280397156D27E
S3150103EE50AA8A22DC26DA4ED65AD05ECE06DE4AD8F6
S3150103EE6052D4AE84328BB68997F0FFFFE780804098
S3150103EE7083AB0A0005641304342C637B741B33844C
S3150103EE808440B33794001307FBFFA29BBA9733B4AD
S3150103EE908B003E9497F0FFFFE780E02563E685004C
S3150103EEA06319B41A6377751B97F0FFFFE780004276
S3150103EEB097000000E78080F3638F0918A2855E85BA
S3150103EEC097F0FFFFE780602E2A846316051697D015
S3150103EED0FFFFE7804024B7D700A003D427E7B78510
S3150103EEE000A09385C5F31334B41613341400160422
S3150103EEF02EC697F0FFFFE780A046B24563010518CA
S3150103EF00B79500A01364440093850599B7DB00A068
S3150103EF1023AE8BDE054597300000E780206E938B89
S3150103EF20CBDE2A841306400863120524B7C721A042
S3150103EF30D84FB7D700A0938747FA98C397F0FFFF37
S3150103EF40E780E03803A70B019307E010118B19EB58
S3150103EF50B70722A003A7071693074016058B19E3E4
S3150103EF6093079018379700A02322F7C263920914D7
S3150103EF70B78600A01387270293860657F8C237D7A9
S3150103EF8000A01307C7FB1843130727023E97F8D2BE
S3150103EF9003A90A00370700F0CA94B387F44033B9CB
S3150103EFA024013E8AB3B4F400B78721A0FC5F5A99C2
S3150103EFB033099940F98F370700B06383E716636511
S3150103EFC0F70C370700906385E712370700A0638DB7
S3150103EFD0E7129305803E054597300000E7802073CD
S3150103EFE02A841306300C63130518B79500A06381B1
S3150103EFF0091693850598054597300000E78000605B
S3150103F0002A841306B00C631305169305803E054542
S3150103F01097300000E780A06F2A8405C11306300DDF
S3150103F02093050004014597D0FFFFE780A08B31A02C
S3150103F030814B014485B523A00A00F250228562540F
S3150103F040D2544259B259225A925A025BF24B216166
S3150103F0508280E39E09E6B70722A083A7C73FB78548
S3150103F06000A00D44858B89EBB70700A09C4F05448F
S3150103F07093F7070291E325449385C53395BDB7D726
S3150103F08000A0238807E259B5370700C06386E70A5C
S3150103F090370700D0E39FE7F2B7D700A09387C7EFFF
S3150103F0A0B84BB8D7F84BF8D7B847B8DBF8473DA004
S3150103F0B0B78721A003A70708B70700F0B7060080A3
S3150103F0C07D8FB7D700A09387C7EF631BD700B843DC
S3150103F0D0B8D7F843F8D79853B8DBD853F8DBD5BD7F
S3150103F0E0985FB8D7D85FF8D7984BB8DBD84BFDB73D
S3150103F0F0B7D700A09387C7EFB843B8D7F843F8D774
S3150103F1009857B8DBD857D9BFB7D700A09387C7EFAE
S3150103F110B843B8D7F843F8D7985BB8DBD85B7DBF5C
S3150103F120B7D700A09387C7EFB847B8D7F847F8D73B
S3150103F130985FB8DBD85F5DB7B7D700A09387C7EFF2
S3150103F140B847B8D7F847F8D7B843B8DBF84379B720
S3150103F1505286CA8693850598054597300000E78050
S3150103F160004D2A84E30B05EC1306B00D93056005E8
S3150103F17055BDB70722A003A5C73F15893335A0009F
S3150103F1808280011122CC26CA4AC806CE2AC62E84FB
S3150103F1903289B68497000000E780E0FD09E913068A
S3150103F1A0F0179305000497C0FFFFE780A073B7D755
S3150103F1B000A09387C7FB9C439385270299C0938538
S3150103F1C0A708324781476364B700B307B7403EC612
S3150103F1D0A9C8378700A01307075733868700930605
S3150103F1E0A00874C36CD3B336F600B78500A0CA96DC
S3150103F1F09385C532054597300000E78040432A844D
S3150103F20011C91306A01993050004014597C0FFFF11
S3150103F210E780406DF24022856244D244424905614A
S3150103F2208280A28581464A86680097000000E780AE
S3150103F23020C22A84C5B7B71722A01317B028B8DB93
S3150103F240B71722A09387473F3707080098C3B757D5
S3150103F25020A02167B8D78280411106C697D0FFFF48
S3150103F260E78060F9B70730A023AC070C294723AA27
S3150103F270E70E97D0FFFFE780A0F8B72722A037074D
S3150103F2800300B8DBB72722A01147F8DBB240B72743
S3150103F29022A09387473F3707080098C3410182801D
S3150103F2A04111B70722A022C4E05B3707020006C655
S3150103F2B0798C15C483A7070B19470144BD8B63805A
S3150103F2C0E70297000000E78000EB19ED13064022E1
S3150103F2D09305000497C0FFFFE780C0600944B2406D
S3150103F2E02285224441018280B78500A09385C531D9
S3150103F2F0054597300000E78060302A846DD11306F7
S3150103F300A02293056005014597C0FFFFE780805D55
S3150103F310F9B741119305803E054522C406C69730C8
S3150103F3200000E780C03E2A8411C9130640239305D2
S3150103F3306005014597C0FFFFE780C05AB2402285A9
S3150103F340224441018280B74720A0797103A7470B65
S3150103F350B70622A04AD003A9463F06D6B706080038
S3150103F36022D426D29377D7003379D900D5EF9337B1
S3150103F37019008A07370722A0745B13F4870093F4F5
S3150103F3804700B7C721A083A7871237D700A0918A61
S3150103F390130747CFD5C61CC719C8094597E0FFFF11
S3150103F3A0E780E09CB71722A02167B8DB216499CCDB
S3150103F3B0B7D700A09387C7E298471314D4281367D6
S3150103F3C0070198C7B71722A00967B8DB63050906C2
S3150103F3D01314E42897000000E780C0ECAA84814552
S3150103F3E0014597E0FFFFE780209AB7D700A09387EF
S3150103F3F0C7D5DC4785C3DC4791CF29802304810028
S3150103F40059C802C6B7D700A09387C7D5DC472800DA
S3150103F410DC478297E1E02254B25092540259456186
S3150103F42017030000670023EF258BA546E314D7F4E2
S3150103F43093C7870081B7B75720A00947B8D759BFE4
S3150103F4405CC319C8094597E0FFFFE7804092B717E8
S3150103F45022A00567B8DB056485C0B7D700A09387EB
S3150103F460C7E29847136404401367070198C7B717A0
S3150103F47022A013070040B8DB630509001314B4285F
S3150103F48091BFB75720A02167B8D7B72722A037075F
S3150103F4900008F8DB81B71C083EC6B70722A0FC5B50
S3150103F4A013F7470093D72748230EF100B7D700A0D8
S3150103F4B0938747CF11CF8847814597200000E7807F
S3150103F4C0408C99472AC8230BF100231A01001DBF5B
S3150103F4D0C843DDB7B2502254925402594561828022
S3150103F4E0370622A03C5A014593F70708B1C7B7C7A8
S3150103F4F021A0D84B198B29E383A68708F85FFC5B08
S3150103F5009395470063CA05023C5A93F707088DC7CB
S3150103F51091679387F7F3FD8E8567938717C0639684
S3150103F520F60093778700054581EBB7C721A003A5AD
S3150103F53007161345F5FF05898280B70722A0FC5BF1
S3150103F540411106C6918B8DEBB72722A01147F8DB34
S3150103F55097000000E78060CEB7D700A0938747CD19
S3150103F5609C4393F7070891C7B72722A01317B0281F
S3150103F570D8CFB24041018280B71722A01167B8DB09
S3150103F580B75720A00947B8D797000000E78080F551
S3150103F590B71722A09387473F3707080098C34DF54E
S3150103F5A065BF411122C406C62A8485E1B7D700A0E7
S3150103F5B0938707D09C431307000493F7070C6393C0
S3150103F5C0E70297F0FFFFE78060AFB70722A01307B3
S3150103F5D0000298CB09CC2244B24041011703000033
S3150103F5E06700E3F597F0FFFFE78040B0F9BFB2404C
S3150103F5F0224441018280011106CE26CA4AC84EC65B
S3150103F60052C4AA84AE893289368A22CC56C297F06D
S3150103F610FFFFE780A0CB97D0FFFFE780C0AFB70717
S3150103F62022A0D84B058B49E3B72622A01147F8DA66
S3150103F630371722A0416630DBE05B37D600A01306FD
S3150103F64046CD832A06000D880D46130707079386C1
S3150103F65046076302C402C1479CC2370722A07C5BEB
S3150103F660918BC5C3685B0E051375051097F0FFFFF4
S3150103F670E780E0DD79A8B45F93F60602A9C2B7076E
S3150103F68002001CC38147B70A22A003A5CA0737078D
S3150103F6900025798D99C3630E051481453335A00081
S3150103F6A097000000E78020F00944F2402285624476
S3150103F6B0D2444249B249224A924A0561828013F7EA
S3150103F6C00A080DC7B85F098B15E3B70630A01547BE
S3150103F6D023A2E60EB85F418B1367270023A2E60E2A
S3150103F6E023A2060EFC5BA18323A2F60EB71722A063
S3150103F6F01147F8DBB70722A0BC5FE3D007F6014445
S3150103F700A9BFB7D700A09387C7E2884F93771500A0
S3150103F710B1FF93FA1A00638E0A0013176400B70741
S3150103F72030A0BA97DC57374720A0CE07CD83FD1704
S3150103F7301CD3B74721A003A78716220493160701F3
S3150103F74063CA0600B76720A01307003023A8E71092
S3150103F750A28729A803A7071E93060030B76720A02F
S3150103F76023A8D71093070030E34407FE375720A099
S3150103F7702328F71093060030B76720A023AAD710D2
S3150103F780232A87107D5723AAE70AB7D700A09387B1
S3150103F79047CD9C4393F70708A1CBB70722A0FC5B90
S3150103F7A0918BB9E3B7D700A09387C7E2DC47354707
S3150103F7B06386E700C51709476368F702B74721A0C0
S3150103F7C0BC5393F707408DC3B78721A0B843E947D5
S3150103F7D063ECE700B75720A00547B8DFB75720A06A
S3150103F7E023AAE70A854745B5B76720A00547B8DFCA
S3150103F7F0D5BFD286CE854A86268597000000E78047
S3150103F80080982A84E31305EA97F0FFFFE780E0B8BF
S3150103F810B7D700A09387C7D5DC47E38807E89C4B96
S3150103F820E38507E88297E30205E80545973000007B
S3150103F830E78000EB9305803E054597300000E7809E
S3150103F84000ED83A74A071397E7009307000223A84E
S3150103F850FA00E34B07E497000000E78040CEA9B521
S3150103F860B72722A00D47F8DBB72722A09387473F87
S3150103F8703707080098C3B72722A01307800AB8DB06
S3150103F880B72722A0414798C78280B74601A33317FA
S3150103F890A028DC46F98FF5FFB75701A33345D520D9
S3150103F8A04CC9D8C711C6B74601A3DC46F98FF5FF84
S3150103F8B08280374701A35C47898BF5FF1397850040
S3150103F8C0B74701A3598D88CFB74701A38CDB0947F6
S3150103F8D0B75701A3D8C7B79700A005472382E744C3
S3150103F8E08280A2051375F50FB74701A3C98D8CCF86
S3150103F8F00947B75701A3D8C78280B797906E9387F5
S3150103F90007E03E9515C9B7470F0093870724B34709
S3150103F910F50293F7F70F634EA0009387A70237D734
S3150103F92000A093F7F70F130747E73E9703454703EE
S3150103F930828093879702E5B713050002828001450A
S3150103F9408280411122C4379400A08347544406C6DA
S3150103F9500945639BA700814597000000E780401B8B
S3150103F9608D47A302F4440145B240224441018280FA
S3150103F970411126C2B79400A003C7544422C406C644
S3150103F9808D470944631BF70081450D459700000028
S3150103F990E7800018A38284440144B24022852244AD
S3150103F9A09244410182805D71A2C4A6C24EDE52DC3D
S3150103F9B086C6CAC0AA8997000000E780A0FBB707DD
S3150103F9C000A0C44B378A00A013040AF193F4044040
S3150103F9D063820410B7D400A09384C4DE37D900A090
S3150103F9E0832589F7C8583400054697100000E78038
S3150103F9F06051C8588325C9F7740805469710000056
S3150103FA00E7804050A247AA845CC4F2471CC8B707E3
S3150103FA1022A083A78726918BC9EBC2475CC892575D
S3150103FA201CCCD2475CCCA25737D900A01CD00325E6
S3150103FA3089F797000000E78080ECA300A400032563
S3150103FA40C9F797000000E78080EB2301A400B7877D
S3150103FA5021A09C5B5CC0835749F82312F4028357A8
S3150103FA6069F82313F402835789F82314F4028D47A3
S3150103FA702300F40093050AF1054597000000E7808A
S3150103FA802009B79700A00947A382E74463860900C3
S3150103FA9097000000E78020EBB64026440649F25959
S3150103FAA0625A2685964461618280B74721A093876E
S3150103FAB00710D45F370710007D17F98E54C8D45F3A
S3150103FAC0758F18CCD853B7F6FF0F758F58CCDC5307
S3150103FAD0F58F99BF2300040071BF379700A08346B2
S3150103FAE00745854701456392F602B78622A083A798
S3150103FAF00608858BEDFFB79700A093878744C84314
S3150103FB00B337A00089072308F7448280411122C431
S3150103FB1026C22A8406C6AE8497000000E78020FC2D
S3150103FB20B79700A0138787442300870093878744E9
S3150103FB300DC405476303E402378722A01CC3B24001
S3150103FB4022448547379722A02320F708379700A039
S3150103FB502308F744924441018280C4C3F1BFB7C766
S3150103FB6022A09C431947394583C607006398E600DB
S3150103FB70D443378700A00145232CD7F0C8C30547D3
S3150103FB80B7E722A023A0E7088280B7D700A093870F
S3150103FB90C7D5C8C7B71722A019E1B72722A09387EC
S3150103FBA0473F1317B02898C30145828019C5B78704
S3150103FBB021A0BC431CC1014582801305100282802A
S3150103FBC0B7F70300B2055205FD8D5181C98DB747BC
S3150103FBD020A09395852923A8B70CB76720A03707DB
S3150103FBE010009387470B98C3B75720A09387870BBA
S3150103FBF098C3B7D700A0938747CD984301451317F9
S3150103FC00E72998C38280B79700A083C7274509458B
S3150103FC1099C7B79700A00547A389E74401458280A1
S3150103FC20B7D700A09387C7DEDC5B2A8703D64701D4
S3150103FC3083D747029316160093F7071099C39306C2
S3150103FC40160013051002637CD700B70730A083A7FC
S3150103FC5087110145B70730A098CF0947D8DB8280C2
S3150103FC60B70730A0D84BB107DC472310E5000145A0
S3150103FC702390F50082803D45828062054D8DB7470D
S3150103FC8020A023A4A70801458280935715003E8728
S3150103FC9011EF93970760FD173315F5002181B70718
S3150103FCA021A088CF054798CB01458280937617001B
S3150103FCB00605558D0583E9BF1841B707BF419387EC
S3150103FCC017F06319F700B707BF01938717F01CC134
S3150103FCD001458280130510028280B7D700A093875E
S3150103FCE087DBC843411106C622C426C24AC09720F0
S3150103FCF00000E78040FF2A89014597200000E7803D
S3150103FD0020FB2A8403250900AE8497200000E7809F
S3150103FD10E0893305A4403334A400B385B440B2402B
S3150103FD20818D2244924402494101828017E3FFFFF8
S3150103FD306700633C411122C426C206C62A84AE84E7
S3150103FD4097E0FFFFE780203BAA8722952244B24032
S3150103FD50A6959244B337F500BE95410117E3FFFF1C
S3150103FD606700A344411122C406C6376720A09D46F6
S3150103FD7054DF2A84B75720A019CD374720A093060D
S3150103FD80400454DB93E505040CDF8546375720A071
S3150103FD90B76720A054DF116723AAE71023ACE71046
S3150103FDA023AEE71097C0FFFFE780E04501E5B7679C
S3150103FDB020A019E0B75720A0B2402244116723A817
S3150103FDC0E710014541018280B7D700A0011193874E
S3150103FDD0C7DE22CC06CEC05B2AC697C0FFFFE780EB
S3150103FDE0804232461377160011CB9307500511CD86
S3150103FDF0B757351201479387776B81A8B7573512E2
S3150103FE009387776B39E19307A00A935616003287D6
S3150103FE10B685EDED93960660FD163317D70093D697
S3150103FE201700B68513F8150086078581B367F800B1
S3150103FE30F5F993960660FD16B397D700F1839356AA
S3150103FE401700FE070607D58F098B930600022306C3
S3150103FE50D4142328C414232A04147D46B76621A087
S3150103FE60B0D2B75621A0B0D23246B74621A023A0BD
S3150103FE70C64823A2064837060002B71622A0B0DAFF
S3150103FE80B76621A0938646083D4690C23246B756C9
S3150103FE9021A093864608058A19C2054611C109465A
S3150103FEA090C2B76621A0938646507D5690C2B75637
S3150103FEB021A0938646509CC2B76721A0938787509A
S3150103FEC0B70600F094C3B75721A0720793878750EB
S3150103FED098C311CD370430A00325040D11466C00D8
S3150103FEE097200000E78000518947232AF40EF24048
S3150103FEF06244B70722A01307000898CBB72722A0AD
S3150103FF0037070002B8DB01450561828013F8150046
S3150103FF1006073367E8008581EDBD01114AC8032948
S3150103FF200500B70600401387F6FFB707BF0122CCCA
S3150103FF3006CE26CA4EC652C456C25AC03377E90004
S3150103FF40938717F0130410026310F704370400C0F4
S3150103FF5033748900630FD404B709BF41AA84094ADC
S3150103FF60938919F0B70A00C0054B31E4268597201A
S3150103FF700000E780C0EA6306A90203A904003374FB
S3150103FF805901631E6A011544F24022856244D24433
S3150103FF904249B249224A924A024B05618280054A85
S3150103FFA0E9B7CE85268597200000E780A0E771F59E
S3150103FFB0E1BF0944D1BF3944C1BFB70722A003A793
S3150103FFC0473F8147137707100DE741110D4506C6D4
S3150103FFD097100000E780005A854719E511459710E8
S3150103FFE00000E7802059AA87B24013F517004101A3
S3150103FFF0828013F517008280411106C6970000001F
S31501040000E780E0FBB94715E9B71722A09387473F75
S315010400101307001098C3B7D700A0938747CD984319
S315010400201377F7FD98C3B79700A00547238EE73EDC
S31501040030B71722A0094798C78147B2403E854101B7
S3150104004082804111014606C697100000E780A07E12
S3150104005009E5B79700A0238E073EB70722A083A719
S31501040060473F1397E700635307006945B2404101CF
S315010400708280411106C697E0FFFFE780C007B240C0
S3150104008041011723000067006370AA8501460145F3
S315010400901723000067002381011126CA06CE22CC4C
S315010400A04AC891479304100263EBA706B7D700A089
S315010400B09387C7D5B347F5208457B7D700A093874D
S315010400C0C7DE03A947039307E5FF93F7F70F8946AD
S315010400D0904C2A841307800263E4F6001307801701
S315010400E02326E910130589102EC632C49720000071
S315010400F0E780A0BF2246B245B7D700A09387C7FBC6
S31501040100C8D3268597100000E780E079AA8401E91F
S3150104011023038902228597100000E7804072F2408A
S31501040120624442492685D2440561828037D700A0BC
S31501040130834687D7834797D7FD16858A6387F60251
S315010401404111130787D706C6B3C6E7208507CCC274
S31501040150858B0945A300F700014697F0FFFFE78069
S315010401600073B24001454101828013051002828069
S31501040170B7D700A09387C7DEAA85C85B170300001B
S31501040180670003FB83D70500011106CE3EC6B7D728
S3150104019000A09387C7D5DC4722CC89CF9C4F99CB46
S315010401A02E846C008297B2472310F400F240624415
S315010401B00561828097E0FFFFE780E0A30145FDB773
S315010401C0411122C426C206C64AC0AA849700000069
S315010401D0E780E0DE394421E9B71722A09387473F38
S315010401E01309001023A0270197200000E7808090BF
S315010401F02A8429C1B70722A0DC4713D787013D8B7F
S315010402001DE30D4597100000E780C03609ED114541
S3150104021097100000E780003619E5B72722A09387D7
S31501040220473F23A02701B240228522449244024932
S3150104023041018280268597200000E780208F2A8449
S3150104024009E5B79700A0238E073EB70722A0DC472E
S3150104025013D787013D8B61FB0D4597100000E7809D
S31501040260603171F1114597100000E780A03045FD1A
S31501040270B72722A09387473F1307001098C365B792
S31501040280AA880D8961E1856763EEB70A63ECC50A3D
S3150104029063FAB60A6368D60A1307F00381476370E3
S315010402A0B702FD4713970560998FB317F028B3C7B3
S315010402B0070863E7B708E547998F93F7F70F37D729
S315010402C000A0138867001307C7DE331800293348D3
S315010402D0080833830541585B33336000638605019F
S315010402E00348571063130806035847022203231AC7
S315010402F0B7001378F8EF3368680023120703231154
S31501040300D7042312C704232017038545370730A0D2
S315010403104CDB5CC723281701B70730A083A78711D5
S31501040320B72530A0A14723ACF51050CB14CF89468D
S3150104033054DB23AAF510371730A0232CF71082803B
S31501040340E9479DBF130510028280394582802E86B6
S315010403508146170300006700E3F2411122C406C671
S3150104036026C297000000E78080C5394431E5B717F6
S3150104037022A09387473F9304001084C3971000007B
S31501040380E78040772A841DCDB70722A0DC4713D71F
S3150104039087013D8B15E30D4597100000E780801D0D
S315010403A001ED114597100000E780C01C11E5B72740
S315010403B022A09387473F84C3B240228522449244B4
S315010403C04101828097100000E780606BB79700A017
S315010403D00947238EE73EB70722A0054798CBE9BF15
S315010403E0797126D206D622D4AA8497100000E78012
S315010403F0006C79C1B7C721A0C04B198855ECB70762
S3150104040022A083A7473F93F70710D9CBB7D700A0FC
S3150104041083A607E24AD04ECE52CC371722A013093F
S315010404200010232A273F03A50611814701483EC42C
S3150104043042C697200000E780E03503C78400894758
S315010404402A8AAE896311F70883C784010947638140
S31501040450E71285466380D7160D4597100000E7809D
S31501040460601101E9B70722A0D8479316170163D98A
S31501040470061E268597100000E780E07875C92A8450
S31501040480B70722A0DC4713D787013D8B7DC7B2503E
S31501040490228522540259F249624A92544561828064
S315010404A00D4597100000E780E00C19E511459710FA
S315010404B00000E780200C39D93944B25022852254F0
S315010404C09254456182800D4597100000E780800AA9
S315010404D069E903C68400814701483EC442C685468C
S315010404E09840DC406308D612B30647413337D70038
S315010404F0B3873741998F36C43EC6B7C721A037079C
S31501040500010123A2E70823A4070837D700A08327FC
S3150104051047CD83C6940193F7F7FD99E293E7070262
S3150104052037D800A04567130717C0232AF8CCB7C7E5
S3150104053021A023A2E7088546130771002C000D4567
S3150104054097100000E780400869ED83477100D9CB15
S315010405501167B7E721A01307F7F323A2E708B7D674
S3150104056021A01306101023A2C60823A2E708E9BD99
S31501040570B79700A0238E073E21B70D4597100000BB
S31501040580E78040FF09F5114597100000E78080FEDA
S31501040590E31F05EEB72722A01307001023AAE73E9F
S315010405A0FDB5B70722A0DC4713D787013D8B29C3C5
S315010405B03944F1BD83C78400E380E7EA9848A2473A
S315010405C0D4483246BA9733B7E700B2963385470122
S315010405D03697B337F5004E97BA9788C8DCC8238C8B
S315010405E004009DBDB7D700A005472384E7DEA9BD56
S315010405F00D4597100000E780E0F75DF91145971066
S315010406000000E78020F74DF5B72722A023AA273F4C
S315010406103944B5BDE3E337EFE398F9ECE36F47ED0E
S31501040620E1B5B70722A0DC4713D787013D8B01C784
S3150104063013041002A9BD0D4597100000E78080F34D
S3150104064065F9114597100000E780C0F275F1B727E7
S3150104065022A01307001023AAE73E1304100205BDC6
S31501040660DC4713D787013D8B09C70259F249624A10
S31501040670A1B50D4597100000E780C0EF7DF5114542
S3150104068097100000E78000EF6DF1B72722A013074A
S31501040690001023AAE73ED1BF011106CE22CC26CAF9
S315010406A04AC84EC652C42A8A97200000E780800EA3
S315010406B0AA842E8997E0FFFFE780E0A3AA892E8406
S315010406C097200000E780800C33054541B7070040B9
S315010406D06368F50293777400A28563FE2701B30567
S315010406E024019D8D2685F2406244D2444249B24991
S315010406F0224A05618280E3F734FF93051400DDB7CE
S3150104070001458145CDB7797126D206D6AA8422D46C
S315010407104AD003C7440085470841631CF70897205C
S315010407200000E78020072A842E8997E0FFFFE780EF
S31501040730809C2295333485002E99B305240103C781
S31501040740C4002AC02EC223040100854788446317C6
S31501040750F70697200000E780E0032A842E8997E0B4
S31501040760FFFFE7804099B307A40033B487002E99AD
S31501040770B305240103C7D40092463EC8A30CE10085
S3150104078003C7E4002ECA230C0100230DE10002472E
S3150104079013051002558F01CBCD8F91C70A8597009A
S315010407A00000E78020C4B250225492540259456194
S315010407B0828097000000E78060EE51B79700000041
S315010407C0E780C0EDAA877DB7011126CA06CEAA84A1
S315010407D022CC4AC803C74400854708416319F70474
S315010407E097200000E78000FB2A842E8997E0FFFF0B
S315010407F0E78060902295333485002E99B305240150
S3150104080083C754002AC02EC223040100C98DA30440
S31501040810F1001305100291C50A8597000000E780CF
S31501040820609AF2406244D24442490561828097004B
S315010408300000E780A0E6E9B7B71722A09387473FF0
S315010408401307002098C38280B70722A083A7473FD6
S3150104085093F70720B1CF37D700A08347C7D60346FE
S31501040860D7D61307C7D66385C704B7D600A0938620
S31501040870C6D5D44695CED44A85CEB3C5E720411113
S31501040880850706C6858BC8412300F7006319F60060
S31501040890B72722A09387473F1307002098C3829660
S315010408A0B240B79700A00547A386E740410182807D
S315010408B08280B7D700A09387C7D5DC47A9CF9C4FC1
S315010408C0B9CBB74720A083A7070D375700A0130755
S315010408D0874DB18393F7F7032310F50058C1AA8511
S315010408E0B1E3374520A041111305850D06C69700CE
S315010408F00000E780608905C5B70722A083A7070B17
S315010409003D67F98F0D67639CE700B240410117D338
S31501040910FFFF6700C32717D3FFFF6700C32DB2404C
S31501040920410182808280379700A083471745F5DF0E
S315010409308280411126C2B7D400A09384C4D522C4AF
S315010409402A84A8404AC006C62E8997F0FFFFE7808D
S31501040950005D05E1FC4891E3E0C8B840B707BF4133
S31501040960938717F014436382F60497000000E78027
S31501040970C0FBB7D400A09384C4D5FC48639D870209
S3150104098085472307F400D45C0356C4004C4008444D
S3150104099097100000E780603C19CD23AA0404B240F5
S315010409A022449244024941018280B707BF019387D9
S315010409B017F01CC37DBF97200000E78080BEB7D720
S315010409C000A09387C7D5F84711EBE0C723A82705ED
S315010409D097200000E78040BC0145D1B7B84B00C35E
S315010409E0F5B7397106DE22DC26DA4AD805E62AC8C5
S315010409F09307001008082ECA231CF10097F0FFFF85
S31501040A00E780407C2A84F25022856254D2544259AA
S31501040A10216182808547B2846316F60281472AC81A
S31501040A2001483ED00808930720102ECA230C010062
S31501040A3042D22314F1022305010297000000E78044
S31501040A40609AC9B709446318860A8147014813099C
S31501040A5000103EC842CA230CC1002AD02ED2231448
S31501040A6021032305010297100000E780400419E1E0
S31501040A70394451BFB7C721A0C04B198875F897F0FF
S31501040A80FFFFE780C0536DF5B71722A09387473F51
S31501040A9023A0270183478102638497021145971096
S31501040AA00000E78020AD394401ED080897100000E5
S31501040AB0E78060152A8409E5B79700A0238E073ECF
S31501040AC0B70722A0DC4713D787013D8B0DFF0D45E0
S31501040AD097100000E78000AA1DF511459710000044
S31501040AE0E78040A90DF1B72722A09387473F130753
S31501040AF0001098C309BF8D476316F6062AC82ECA85
S31501040B00230C010097100000E78060FA35D12145D6
S31501040B1097100000E78000A703468101630286045B
S31501040B2037E921A0130400102324890AB7D421A08C
S31501040B3023A6840A2320090A23A2040A1307F1001F
S31501040B4081460C08214597100000E780E0A701C5FE
S31501040B502326890A31BF8347F10099C323A4840A52
S31501040B60014455B597000000E78020DC1304100208
S31501040B7059BD011106CE2EC697000000E78000B2CA
S31501040B80B367B50081CB3246F24005611703000015
S31501040B90670063E5F240130510020561828083470D
S31501040BA0E500918B99C78145214517F3FFFF67003E
S31501040BB083D01C49411122C406C626C24AC02A84CE
S31501040BC091C38297B7D400A09384C4D503A9C4045E
S31501040BD06306240197000000E78020D597200000D2
S31501040BE0E780209C832709002244B2400249FCC4C1
S31501040BF092444101172300006700039A41114AC038
S31501040C0037D900A01309C9D522C40324490506C648
S31501040C1026C2B72722A037070001B8D735E0814499
S31501040C20B7D700A09387C7D5E04309C48347E40037
S31501040C30858BF1CFB7D700A09387C7D5E04771C09D
S31501040C408347E400858BD5EF37D900A00325C9D99D
S31501040C501309C9D597F0FFFFE780602C5DE10327EF
S31501040C600904B707BF41232A89041443938717F05C
S31501040C706391F60AB707BF01938717F01CC33DA812
S31501040C808347E400858BC1DF0325C9039710000060
S31501040C90E780E00849D58347E4002285814593E747
S31501040CA027002307F4008344E40097000000E7804B
S31501040CB040EF00409188232A89043DD0B7D700A08C
S31501040CC09387C7D5D45F0356C4004C400844971094
S31501040CD00000E780800893E7940019E193E7140084
S31501040CE02307F400A18B91CF930510022285970067
S31501040CF00000E78000EBB7D700A09387C7D523AAE6
S31501040D000704B2402244924402494101828091443B
S31501040D1025BF97000000E78040C14DB7B7D700A0B3
S31501040D209387C7D5DC4781C7DC5391C38287828009
S31501040D30411106C622C426C2368497200000E780E4
S31501040D40E0A4B7D700A0938787DBAA84C84397108A
S31501040D500000E78040F958419307401F330594008A
S31501040D60635407009307C0E0BA97130780C1B3C75A
S31501040D70E702B2402244924441013E958280B7D7AC
S31501040D8000A00111938787DB26CAAA84C84306CE2D
S31501040D9022CC2EC697100000E780E0F4B2452A84DF
S31501040DA0268597200000E780609E5C441307803EF9
S31501040DB0F2409387471FB3C7E7026244D2440561F1
S31501040DC03E958280B78700A059810D89938707CA0A
S31501040DD0AA9737D700A083C707001307C7DE14579E
S31501040DE0EA0713D515003387D70241112E8606C6A5
S31501040DF0B397D7023A953337E5008146B305F70031
S31501040E0097100000E7800016B2404101828001116B
S31501040E1022CC26CA4AC84EC62E8906CE1D47B335EC
S31501040E20B502AA84328493198600931706603305A2
S31501040E302503634FF700B319F60021461D8E97105B
S31501040E400000E780E00EAA870505B337F500BE95D5
S31501040E50014799E133D7A9029317170085079356DA
S31501040E6074012604B387970286043336F902B3055F
S31501040E70F90263E6C600631DD600637BB400F24043
S31501040E806244D2444249B249334507080561828026
S31501040E900507A697D9BF411122C406C6B7F7490269
S31501040EA02A84638EF50237175302B73741DC1307D9
S31501040EB0077C2E8693871763638CE500814601457B
S31501040EC0B705000297100000E780C00993071500D3
S31501040ED03335F402B2402244410119818280B74775
S31501040EE0B2DF9387A7B0EDB7B7D700A09387C7E260
S31501040EF013171500C8D798DFB78721A088DB82802E
S31501040F0001113307B60226CAB684B777CA8893870E
S31501040F1007C006CE22CC4AC84EC6B336B602BA9725
S31501040F2033B7E700FD16369719E73787814A130762
S31501040F3007C8637CF70013069026B945014597B0A7
S31501040F40FFFFE780209A0945BDA08547E31DF6FE0C
S31501040F50B7D700A09387C7DE2E85CC53EDD5B7D777
S31501040F6000A0938787DB83A9470003A98902131489
S31501040F70C9003180B307B4023334B402CD833604D5
S31501040F805D8C9317B90063C4070033048040B7D757
S31501040F9000A09387C7DE80D72A94C8D780DB970041
S31501040FA00000E78080EF9317B900AD8388C0DCC0E9
S31501040FB0639A09000145F2406244D2444249B24966
S31501040FC0056182809317790063D30700058083A99D
S31501040FD0C90123A6040023A40400E38D09FCB74731
S31501040FE021A09387C7139C431397B700635D07003A
S31501040FF0A2854A8597000000E78000DDB707100047
S31501041000FD177D8D88C42286CE850545970000008F
S31501041010E78020E0460515811315B529C8C459BFD3
S31501041020411122C426C206C6AA842E8489E59700E4
S315010410300000E780808F084097000000E78000EBFE
S31501041040584037D600A0B70610001306C6E2931718
S315010410501700FD16B705F0FF58DAF58F6D8FD98F96
S315010410603CC2B7D700A0938787DBDC438DCF1C44F2
S3150104107081CFB76721A09387C71394C31844B75781
S3150104108021A09387C71398C35C4491CFB76721A066
S315010410909387471237F7FF0F98C35844B75721A0D0
S315010410A09387471298C303D78400B2402244B747B3
S315010410B020A098D7B78721A023AE07029244014501
S315010410C041018280B70722A0DC471947E183BD8B22
S315010410D0FD176360F702378700A0130747B8B3C744
S315010410E0E7209C4382871145828009458280154504
S315010410F08280B7C721A0DC4B1145998B81E7054551
S3150104110082800D45828037D700A0834777DE8546E6
S31501041110130787DB63E8F600B7D600A0938646C9B2
S31501041120D44E99C2014582800356A70293067002E2
S31501041130394563E5C606584FB7F64902630DD70428
S31501041140B7A69DFD938606603697133717000607E3
S3150104115093051003B307F04093F78702B29713067A
S3150104116000053307C702B7D600A02395B6CCBA97B4
S3150104117037D700A0130787DB104B3E9603460600BC
S315010411801306A60F2398C6CC544BB69783C70700FC
S31501041190A306F70241BFF15505476DBF82807971F8
S315010411A022D406D637D400A08347C4DD858BA9E7AC
S315010411B0130484DB0C440355A4020A869710000029
S315010411C0E780C03EB7D700A09387C7DE0346A100D8
S315010411D09245C85B740097000000E780A0D20DE930
S315010411E06C000A8597000000E780C0E315E1035708
S315010411F0A402B78721A0B8C3B7D700A02254938706
S31501041200C7DEB250C85B4561170300006700E3EF10
S31501041210B2502254094545618280011126CAAA8425
S315010412202E8522CC52C406CE4AC84EC63284368A8C
S3150104123097100000E78020AB6388041493794A0071
S315010412402A89638E090A98488D679387A77A11CBF1
S315010412509307803E3307F7021C45130727EAB307B2
S31501041260F7401307D007B3D7E70203D7C4015CCC11
S315010412708D679387A77A19CB9307803E3307F702C5
S3150104128083278900130727EAB307F7401307D00713
S31501041290B3D7E7021CC8D8448D679387A77A11CFC1
S315010412A09307803E3307F70283278900130727EA4A
S315010412B01D8F83274900B307F7401307D007B3D718
S315010412C0E7025CC8B7D700A09387C7FBDC4B1CCCED
S315010412D0984C8D679387A77A11CF9307803E33077E
S315010412E0F7028327C900130727EA3E978327890054
S315010412F0B307F7401307D007B3D7E7021CD4137A11
S315010413002A00630D0A02268597100000E780E09DF6
S3150104131048D0D8489D679387075301CF9307803EEA
S315010413203307F702F977938747AE3E978327C900B8
S31501041330BA971307D007B3D7E7021CD0638609040B
S3150104134098449D679387075309CB9307803E3307D8
S31501041350F702F977938747AEBA971307D007B3D73E
S31501041360E7021CC49C4081CF1307803EB387E70282
S31501041370096713070771BA9703270900BA97130771
S31501041380D007B3D7E7025CC4F2406244D24442496F
S31501041390B249224A05618280411122C426C206C687
S315010413A02A84AE8405E5B7D700A003C7C7DD9387B2
S315010413B087DB9376270099CAFD56759B2393D7023B
S315010413C02382E70297F0FFFFE7802056B74721A063
S315010413D003A7074AB7D700A0938747E7058B5DEFB5
S315010413E0D44F370722A02322D724DC4B2326F72206
S315010413F0854689CCB7D700A0938787DBDC439C4716
S3150104140089C797F0FFFFE78040529D461DE0B7D795
S3150104141000A09387C7DEC85BB70700A0CC4F37D6B9
S3150104142000A01306C6FB1305851097000000E7808C
S3150104143000DFB7D700A0938787DB83C6E702D843CB
S31501041440F1473384D74035E397F0FFFFE780E04D5A
S315010414508147B7D600A0938686DB83865602B307F7
S31501041460F44037C620A0958FB70608001852938614
S31501041470068093974760AE07F58FB706F8FF938604
S31501041480F67F758FD98FB24022441CD21947B767AC
S3150104149020A0B8DF92440145410182809453370765
S315010414A022A02322D7249C4F91B78307670255B7FD
S315010414B0411122C426C24AC006C62A89B2849700AB
S315010414C00000E78000CE2A84630C09021306B05F8C
S315010414D0930530031335150097A0FFFFE78080407D
S315010414E08545268597000000E78040EBB7D700A025
S315010414F0938787DB2A84884797000000E780408228
S31501041500B24022852244924402494101828015C592
S31501041510411122C406C6B71722A037040001A0DB75
S315010415209305000C97B0FFFFE780C0B9B72722A047
S31501041530B240A0DB2244410182808280411122C44F
S315010415402E84814506C697000000E78080FC22852B
S31501041550814597000000E780C0FBB2402244B747AB
S3150104156020A037D700A0B8C3F8C301454101828042
S3150104157021051605B7C721A0AA9788430589828044
S3150104158037E721A09317550013070710BA970547A4
S3150104159098C3B7E721A03317A0280505F8DF23A6CA
S315010415A0A70A23A4E70A82809307D0073355F502D5
S315010415B0814582803305A6403336A600B385B640FD
S315010415C0918D8280797122D426D24AD052CC06D604
S315010415D0230007003A8A2A842E89B28497100000D0
S315010415E0E78020FC89476383F41056CA5AC84ECE55
S315010415F05EC662C437E721A0B7D721A0331B802872
S315010416002324670B23A6670B2320070A23A2070AB1
S315010416100547AA8A638AE40A832B090083294900B8
S3150104162037CC21A013195400B3072C0123A6371173
S3150104163023A477111307100323A0E71097D0FFFF04
S31501041640E78060AB83278C0A63E735016388B906B3
S31501041650B3D787489DC3568597100000E780C0F32A
S31501041660F249D24A424BB24B224C0145B250225462
S3150104167092540259624A45618280B7E721A005471F
S31501041680938707102300EA003E992320E900B7E770
S3150104169021A023AE6707050423A6870A23A4670BA3
S315010416A0DDF8568597100000E78000EF1305100258
S315010416B0F249D24A424BB24B224C4DBFE36D75F906
S315010416C0B3D78748C9FB55BF97D0FFFFE780A0A2D0
S315010416D0832B090083274900AA9BB3B9AB00BE95A6
S315010416E0AE9923207901232239011DBF97100000E9
S315010416F0E78080EA1305100295BF011122CC26CAA0
S315010417004AC84EC606CE2E8997100000E78060E9C6
S31501041710B70722A083A9C700B7C721A083A70716C5
S3150104172013D48901AA84858B3D888DC30D45970001
S315010417300000E78020E5114597000000E78080E47A
S31501041740B72722A09387473F316798C355C897D0D7
S31501041750FFFFE780A099B70722A01307001298CBD1
S31501041760B74720A013071020D8D7B7C721A037073A
S31501041770010123A2E70823A40708630B090093D7F1
S31501041780A9018D8B9DE38547370722A06315F404D0
S31501041790268597100000E78020E0F2406244D24497
S315010417A04249B2490145056182809947370722A01A
S315010417B0E310F4FE1C5793969700E3DD06FE97C0EB
S315010417C0FFFFE78020B1370722A01C579396F70045
S315010417D0E3DD06FE0DA01C579396B700E3DD06FE76
S315010417E097C0FFFFE78040B8370722A01C5793969E
S315010417F0F700E3DD06FE97B0FFFFE780E07A49BF15
S31501041800B70722A0DC4713D787013D8B51F337C7AE
S3150104181021A083270716858BA5FF83270718858BA8
S31501041820A5FBB72722A09387473F1307001098C348
S3150104183085B717030000670083EC411106C6B7D7C5
S3150104184000A0A383A7DEB7D700A09387C7E2C8C7C2
S31501041850054597B0FFFFE7804067B76720A01307E8
S315010418600078F8C7B75720A013070020F8C73747F1
S3150104187021A0832787169396070163D1060283273E
S31501041880071E63CD0700B70730A09387C70C8546AB
S3150104189094D703270748D8DB114798D7B2404101AB
S315010418A0828001114AC84EC652C456C206CE22CC03
S315010418B026CA2A89AE89328A97100000E78060CE4B
S315010418C0B7D700A0938787DB83D7A702AA8A630FBA
S315010418D009008326C9008147130640026399D7028A
S315010418E097F0FFFFE7806004814491A06393371961
S315010418F097100000E78040CA0144F2402285624401
S31501041900D2444249B249224A924A056182803387C6
S31501041910C70283248900BA9403D7E40063E6E90085
S3150104192003D704016374370185074DBFD5D8630D09
S315010419300A0CB7D700A0938787DBDC436306FA0C4E
S31501041940B71722A09387473F1307000C98C3B7D74D
S3150104195000A0938787DBD4479847630C0900631A71
S31501041960D90081C86317970083D7A7020144638707
S31501041970370997F0FFFFE780207585476309F5006E
S3150104198001468145054597000000E780C0EA630BDF
S315010419900908B70722A083A7070B3D67F98F1167CB
S315010419A06396E70097D0FFFFE780803B97D0FFFF60
S315010419B0E780C04383278900032509008C439700E8
S315010419C00000E780E0B72A8415E9B7D700A093871A
S315010419D087DB23A6270123A24701C1E40545B7D71F
S315010419E000A0239137DFB7D700A02388A7E20146D9
S315010419F0814597000000E780E0AB2A84568597105D
S31501041A000000E78060B9D5BDB7D700A0938787DB0F
S31501041A1083D7A702E38D37F3B71722A03707000848
S31501041A20B8DB35B7A9C4B7D700A0938787DBC0470E
S31501041A30B70722A083A7070B3D67F98F1167639642
S31501041A40E70097D0FFFFE780A03197D0FFFFE7803B
S31501041A50E03908408C4097000000E78060AE2A8494
S31501041A6051FDB7D700A0938787DB84C785BF01459E
S31501041A70BDB78144E31F0AEA45B7B71722A0130786
S31501041A800008B8DB9387070701CD214798C3B7D769
S31501041A9000A0938747CD98431377F7FD98C38280B7
S31501041AA0B72722A02147B8DBDDB7B7C721A0C84BAA
S31501041AB005898280B70722A0B85B01451377070A17
S31501041AC01DE7F85B0545118B1DE337D700A0130706
S31501041AD007D0184393168700C18291CAC847B7072E
S31501041AE0000F7D8DB70700FA3E953335A00082803D
S31501041AF0411106C697000000E78000FC89470DC125
S31501041B0037C721A0544BB947858A99CA8326071634
S31501041B108947858A91E65C4B998BB337F000860732
S31501041B20B2403E8541018280011106CE22CC26CAED
S31501041B304AC8B7D400A0238404DE2A840345950049
S31501041B40938484DB7D151335150097000000E78027
S31501041B5000F3B7C721A03707010123A2E7080567E8
S31501041B6023A40708130717C023A4E70881473EC423
S31501041B70B7D700A09387C7DEC84003A94703014826
S31501041B8042C697000000E7800016032789119307D0
S31501041B90803E03468400B387E702184585455440D1
S31501041BA0BA971307D007B3D7E70218406315B600EF
S31501041BB099E26369F700B307F7403337F700998E63
S31501041BC03EC436C61307710091462C000D45970095
S31501041BD00000E780609F11CDB72722A01307800874
S31501041BE0B8DB13051002F2406244D244424905614E
S31501041BF0828083477100E5DBB70722A0054798CBAE
S31501041C00DDB75C490111184906CE22CC3EC683478D
S31501041C10A5013AC403468501216791C33167B71704
S31501041C2022A09387473F98C337C421A0832744083A
S31501041C303707C1C07D17F98F3707010DD98F2322C5
S31501041C40F4081307710089462C001145970000001A
S31501041C50E78080970DC9B72722A09387473F31674D
S31501041C6098C30D4597000000E780C091B7070101AD
S31501041C702322F408B7D700A0238407DE3945F240AE
S31501041C8062440561828083477100F5DBB7E721A0D1
S31501041C9093874708B7063F3F37D721A094C3130755
S31501041CA047083706010110C394C3D1BFB7C721A0A2
S31501041CB09387871016053E954C4108418280B707E4
S31501041CC022A0DC47E183BD8B631CF500B7D700A0D6
S31501041CD09387C7E2984792051377F7F0D98D8CC796
S31501041CE08280084982805C41411106C6014599CF2B
S31501041CF01307803EB387E702370700A0584F184BF6
S31501041D0008430967130707713A953E959700000042
S31501041D10E780C089B24041018280411122C406C6CE
S31501041D209D473314A02863F6A70097F0FFFFE780C9
S31501041D30C0BF374781401C5B0145E18F89EB1C5FBE
S31501041D40E18F63968700B767814080DF0545B2401E
S31501041D50224441018280B347B5008D8B2A88D1E79D
S31501041D60B307B0408D8B1D8E93783600B70E0008ED
S31501041D7009821317B028130510026367C70621CE1B
S31501041D80130E00033313D028B386C60337458140A7
S31501041D9037678140232A67043387F500AA96F8DE5C
S31501041DA03307F80023A0E6081307F6FF1207336783
S31501041DB0D7011317472913175729B8DE37D700A0B8
S31501041DC01307C7D5384F1367270023A2E608232430
S31501041DD06502232065040147639DE7003346F62027
S31501041DE0B2986312160301458280814E8148814768
S31501041DF049B7B386E50003C50600B306E80005073F
S31501041E002380A600D1BFB387C50003C70700B30764
S31501041E10C80005062380E700E9B72F250516828049
S31501041E202F25B51E82800000000000005D712EC0C2
S31501041E30F32520342AC27325103463DC05082AC429
S31501041E402EC693F50540BDE932C836CA3ACC3ECE14
S31501041E5042D046D216D41AD61ED872DA76DC7ADE87
S31501041E60FEC086C29303004073B0033173655434D4
S31501041E701DC50C417360043082957365543475F93C
S31501041E809640864F725FE25E525EC2533253A2524D
S31501041E9092580258F2476247D2464246B245224513
S31501041EA07370043073902534824573101534737539
S31501041EB0543461F112456161730020307325103485
S31501041EC0F32520347326003097000000E780400292
S31501041ED001A02E858A8597000000E780200112451E
S31501041EE0824561617300203001A0010082800000F7
S31501041EF000000000000000000000000000000000D7
S31501041F0000000000000000000000000000000000C6
S31501041F1000000000000000000000000000000000B6
S31501041F20000000000000000000000000630006023B
S31501041F3093070002B387C740635CF000B397F500CB
S31501041F403355C500B3D5C5003365F5006780000078
S31501041F50130606FE33D5C50093050000678000000D
S31501041F601308060093080500138705006390060EFF
S31501041F7063FEC512B7070100636EF61EB7070001BB
S31501041F80930680016374F60093060001B78700A0E7
S31501041F903353D600938707BAB387670083C707000D
S31501041FA013030002B387D700B306F340630CF300AF
S31501041FB03397D500B357F5003318D60033E7E70056
S31501041FC0B318D500135608013355C70293160801F1
S31501041FD093D6060193D708013377C702B385A602C0
S31501041FE013170701B3E7E70063FCB700B307F8006B
S31501041FF01307F5FF63E4070163E0B73E1305070022
S31501042000B387B74033D7C7029398080193D8080119
S31501042010B3F7C702B386E60293970701B3E8F8005C
S3150104202063FED800B30818019307F7FF63E60801B6
S315010420301307E7FF63E4D8001387070013150501A7
S315010420403365E500930500006780000063F8D50059
S31501042050930500001305000067800000B70701001F
S3150104206063E8F61EB70700011308800163F4F6005E
S3150104207013080001B78700A033D70601938707BA6F
S31501042080B387E70003C70700930700023307070175
S315010420903388E7406396E71C63E4B6303335C500FD
S315010420A0133515009305000067800000630C060CC8
S315010420B0B7070100637CF62C133706101337170094
S315010420C013173700B356E600B78700A0938707BAFC
S315010420D0B387D70083C7070093060002B387E700D7
S315010420E0B38EF6406394F60CB387C5409356060146
S315010420F013160601135606019305100033D5D702AC
S3150104210013D70801B3F7D7023303C502939707011F
S31501042110B367F70063FC6700B307F8001307F5FF1D
S3150104212063E4070163E4672A13050700B38767407D
S3150104213033D7D7029398080193D80801B3F7D70286
S315010421403306C70293970701B3E8F80063FEC80094
S31501042150B30818019307F7FF63E608011307E7FFBE
S3150104216063E4C80013870700131505013365E50009
S31501042170678000009336061093B6160093963600D0
S315010421806FF0DFE0B78700A093060000938707BAD4
S31501042190B387D70083C7070013070000930600021D
S315010421A0B387E700B38EF640E380F6F43318D6011D
S315010421B033D3F50093560801335ED302131608018F
S315010421C0B395D50113560601B357F500B3E7B70026
S315010421D013D70701B318D5013373D302B305C60365
S315010421E01313030133676700637EB7003307E800FF
S315010421F01305FEFF6364071D6372B71C130EEEFF1E
S31501042200330707013307B7403355D70293970701BD
S3150104221093D707013377D7023303A60213170701AE
S31501042220B3E7E70063FE6700B307F8001307F5FF9A
S3150104223063EE071763FC67161305E5FFB38707010A
S3150104224093150E01B3876740B3E5A5006FF01FEB45
S3150104225013B8061013381800131838006FF09FE1ED
S31501042260335EE600B3960601336EDE00B3D8E500AD
S31501042270935E0E01B3D7D80313130E01B39505016B
S31501042280135303013357E5003367B7009356070128
S3150104229033160601B3F8D803B305F302939808017C
S315010422A0B3E6160163FEB600B306DE009388F7FFB4
S315010422B063EAC61163F8B6109387E7FFB386C601CE
S315010422C0B386B640B3D5D6031317070113570701CF
S315010422D0B3F6D603B308B302939606013367D70060
S315010422E0637E17013307EE009386F5FF6364C70D1A
S315010422F06372170D9385E5FF3307C70193970701AA
S31501042300B70E0100B3E7B7009386FEFFB3F5D70016
S3150104231013D30701B376D60013560601338ED502BD
S3150104232033071741B306D30293580E01B385C50289
S31501042330B385D500B385B8003303C30263F4D5006E
S315010423403303D30193D60501B3866600636AD702C4
S315010423506308D70013850700930500006780000012
S31501042360B70601009386F6FF33F7D5001317070165
S31501042370337EDE00331505013307C701E37CE5FC33
S315010423801385F7FF9305000067800000B707000176
S31501042390637AF60493560601130700016FF0DFD240
S315010423A0930500001305100067800000130507005C
S315010423B06FF01FE9938506006FF05FF4130E0500B5
S315010423C06FF05FE4938708006FF09FEF1305E5FF55
S315010423D0B38707016FF09FD51305E5FFB38707019F
S315010423E06FF01FC293568601130780016FF0DFCD8C
S315010423F0B3C7A50093F73700B308C500639407066E
S315010424009307300063F0C706937735001307050079
S31501042410639A070613F6C8FFB306E640930700025C
S3150104242063CED70893860500930707006378C7022E
S3150104243003A80600938747009386460023AE07FF49
S31501042440E3E8C7FE9307F6FFB387E74093F7C7FFB1
S31501042450938747003307F700B385F50063681701CF
S3150104246067800000130705006378150583C7050017
S315010424701307170093851500A30FF7FEE398E8FEEB
S315010424806780000083C6050013071700937737009A
S31501042490A30FD7FE93851500E38E07F683C60500C1
S315010424A01307170093773700A30FD7FE93851500FB
S315010424B0E39A07FC6FF01FF667800000130101FF22
S315010424C0232681001304000283A3050083A2450089
S315010424D083AF850003AFC50083AE050103AE450195
S315010424E003A3850103A8C50183A6050213074702B1
S315010424F0B307E640232E77FC232057FE2322F7FF5A
S315010425002324E7FF2326D7FF2328C7FF232A67FEB1
S31501042510232C07FF232ED7FE93854502E346F4FABF
S3150104252093860500930707006378C70203A806008C
S31501042530938747009386460023AE07FFE3E8C7FE69
S315010425409307F6FFB387E74093F7C7FF93874700DF
S315010425503307F700B385F500636817010324C10047
S31501042560130101016780000083C7050013071700E3
S3150104257093851500A30FF7FEE382E8FE83C70500E2
S315010425801307170093851500A30FF7FEE39EE8FCD6
S315010425906FF0DFFCF3670430731575348280F377CB
S315010425A004307355703482800111B7D700A022CC50
S315010425B003A4C7DB06CE15C41C54E5832305F60024
S315010425C083D6C5009C45D841158D33450508B30707
S315010425D0F502F24062442314A600BA975CC205616F
S315010425E0828032C62EC42AC297E0FFFFE780E03319
S315010425F03246A2451245C9B737C625A0184EB316A9
S31501042600A028AA87758F05E3484E758D09ED03A8A1
S3150104261045009845B3E7C72023AA0705B8CBB7D722
S3150104262025A0D4CB82800945828037C725A01C4FBB
S31501042630011126CA06CEB314A02822CC4AC84EC616
S31501042640E58FC9E3404F658C35ECB689B7E721A020
S31501042650854623A0D722328913060020F0DF03A87A
S31501042660450090453365E520232A050530C9B7C7DA
S3150104267021A023A4272323A6372337D721A0232048
S31501042680D72297C0FFFFE78000A763FA3501F2401E
S3150104269022856244D2444249B24905618280638CEF
S315010426A0B902B7C721A0FC5F93F70720EDF3F24007
S315010426B022856244B7D725A0C4CB4249D244B24944
S315010426C0056182800944F24022856244D24442492A
S315010426D0B24905618280E36C25FBE1B7B7E721A026
S315010426E0054723A0E72293060020F4DFB7D625A0E9
S315010426F0B317A028C207DCCA6318E500B72722A0CE
S315010427009387473E1D4798C3828037C725A01C4F30
S31501042710011126CA06CEB314A02822CC4AC84EC635
S31501042720E58F81EF5C4FE58F89EB0145F240624409
S31501042730D2444249B249056182802E859700000040
S31501042740E78040052A842E8997C0FFFFE780A09A77
S31501042750B309A4002E9933B489004A9437C925A034
S3150104276083278901E58F89E78327C901E58FD5DFAA
S3150104277097C0FFFFE78020986366B400E39285FE65
S31501042780E3F0A9FE09455DB7F6050D814D8D8280FD
S31501042790AA85F5810E058280800A00A09A0A00A006
S315010427A0C20A00A0DA0A00A0F40900A0F40900A0F4
S315010427B0F40900A0000B00A0000B00A0000B00A070
S315010427C0000B00A0FFFFFF0101FFFF0101FF030052
S315010427D000FF01000100010101010101010101FFE5
S315010427E0FFFFFFFFFFFFFF000000000000000000E5
S315010427F07A140D000A170D006626200033333400BF
S315010428003D4A410099594E003D8A6800F5A8830066
S315010428100301070603010706050106060501060667
S315010428200302070603020706050206060502060653
S315010428303E6400A03E6400A0566400A03E6400A06D
S315010428403A6400A0426400A03A6400A000010202B6
S31501042850030303030404040404040404050505052D
S315010428600505050505050505050505050606060609
S3150104287006060606060606060606060606060606ED
S3150104288006060606060606060606060607070707D9
S3150104289007070707070707070707070707070707BD
S315010428A007070707070707070707070707070707AD
S315010428B0070707070707070707070707070707079D
S315010428C00707070707070707070707070808080889
S315010428D0080808080808080808080808080808086D
S315010428E0080808080808080808080808080808085D
S315010428F0080808080808080808080808080808084D
S31501042900080808080808080808080808080808083C
S31501042910080808080808080808080808080808082C
S31501042920080808080808080808080808080808081C
S31501042930080808080808080808080808080808080C
S315010429400808080808080808080808080304040809
S31501042950080000001000000000000000037A520085
S31501042960017C01011B0D020010000000180000008B
S31501042970000000000000000000000000100000003C
S3150104298000000000037A5200017C01011B0D0200C4
S315010429901000000018000000C8F5FFFF90040000B5
S315010429A00000000010FE00A0A4FD00A0A4FD00A0EC
S315010429B098FD00A0FCF800A0FCF800A0FCF800A01B
S315010429C06603000000000000000000000000000093
S315010429D000000000000000000000000000000000EC
S315010429E000000000000000000000000000000000DC
S315010429F000000000000000000000000000000000CC
S31501042A0028F100A0D6FA00A028F100A028F100A020
S31501042A1028F100A028F100A028F100A028F100A0C7
S31501042A20FCFA00A028F100A028F100A028F100A0DA
S31501042A3028F100A028F100A010F900A028F100A0B7
S31501042A4028F100A04AFA00A028F100A028F100A06C
S31501042A5028F100A028F100A028F100A028F100A087
S31501042A6028F100A028F100A028F100A028F100A077
S31501042A7028F100A028F100A028F100A028F100A067
S31501042A8028F100A028F100A028F100A028F100A057
S31501042A9028F100A028F100A00000000000000000B9
S31501042AA0000000000000000000000000000000001B
S31501042AB0000000000000000000000000000000000B
S31501042AC000000000000000000000000000000000FB
S31501042AD000000000000000000000000000000000EB
S31501042AE000000000000000000000000000000000DB
S31501042AF000000000000000000000000000000000CB
S31501042B0097020000938202F07390723097120000CC
S31501042B10938242B77390523097110000938101E872
S31501042B20138171062D2825A001A0371700F1B717C7
S31501042B3000F1370600FF13078709BE8690C2910785
S31501042B40E39DE7FE73507034F3E751308280938737
S31501042B50A1BB37C724A05CD3EF00B01F01A051115C
S31501042B6006C4E137F3670430A2403101828083C78A
S31501042B70C1E31387C1E03345A520AA97B3C7E7206C
S31501042B80DC43B78621A03345E5209CDA03A68609F2
S31501042B9083472500137716F88607D98F23ACF608E1
S31501042BA0B74721A093870710D85FB706F0FF758F43
S31501042BB05445558FD8DFD853B71600F0FD16758FD7
S31501042BC01449558FD8D38280B70725A0054798C7DE
S31501042BD09847098B75FF4147B72625A098CEB716A6
S31501042BE025A0D8CE23A607000547D8C323A20702EA
S31501042BF0C8D78280094683C741E7638BC700B707F5
S31501042C0025A0094798CBB74721A023AE0726828082
S31501042C1083C751E7EDD773005010F1BFB7D700A0B2
S31501042C209387C7DE984B42053D9B98CBB76721A096
S31501042C303707008023A6E724B7D725A0C8CB0947C1
S31501042C40B70725A098CB23A20702238A01E682802F
S31501042C5037C725A01C4F411122C426C206C6E98FD7
S31501042C602A84AE8491EB5C4FE98F99E70145B24022
S31501042C702244924441018280EF00606893973400B4
S31501042C80B3E4A420B3B7F400AE97B7C625A0984E13
S31501042C90618F01E7D84E618F71DB3EC0EF0020667C
S31501042CA0824763E6B700E392F5FEE3F0A4FE2285CC
S31501042CB0B53709456DBFB70722A083A7070B3D6743
S31501042CC0F98F0D676390E702B74620A0FC46376685
S31501042CD020A0214778C60546D0D6A18B81C7B75710
S31501042CE020A0F8C78280511126C006C422C203C798
S31501042CF041E78947630FF700A2401244B70725A0AD
S31501042D00094798CBB74721A023AE07268244310150
S31501042D10828083C751E7EDD383C731E799CF03C5D2
S31501042D20D1E3238FA1E213351500A38EA1E28135E8
S31501042D30A38901E64937F36704307300501045BF90
S31501042D4083A781E5511106C4C10737C725A03CCB2A
S31501042D50B7D725A00547D8CBF9450545D53DA240AA
S31501042D60310191BFB7C725A09C4FA18B99E30145BA
S31501042D708280511122C226C006C451239304050A36
S31501042D8033B5A4003304B500B7C725A09C4FA18B66
S31501042D9099E70145A2401244824431018280852388
S31501042DA06366B400E39285FEE3F0A4FE2145BD35D6
S31501042DB00945CDB7511106C422C226C00D47631F6A
S31501042DC0E50AB78721A01947D8D3B7061000B72754
S31501042DD022A023ACD708370722A0B71722A093064F
S31501042DE00004605FF4DF0326472683A641E6B7079E
S31501042DF020FFFD17F18F93976729DCDA83A741E456
S31501042E0023AEC6081374040493860701D4C783A6A4
S31501042E1001E683A781E413860631D0C303A6C1E57F
S31501042E2083A7C1E413058607C8DF8327071613079B
S31501042E304016858B99E3130790182326E60C03A7FE
S31501042E4041E5B7C725A0B4D7B8CBB7D425A0A147C8
S31501042E50DCC889E5013F39E58547DCC89305C0032C
S31501042E602545FD33133414001A04B72722A0E0DFE5
S31501042E70B70722A03707004098CB2DA00947AA8798
S31501042E806310E50203A741E5B7C725A09305C0036F
S31501042E90B8CBB7D725A00547D8CB0545553BC9BF00
S31501042EA00145F9F7A240124482443101828051114D
S31501042EB006C422C2F3770430B7D725A0054798CBB9
S31501042EC0B7D700A09387C7DE984B374421A0136771
S31501042ED0070198CB03D501E4C5399D35B7070080B1
S31501042EE0232AF426232CF418232A042685450D4582
S31501042EF0D135B7170080232C0426938707C0232EC8
S31501042F00F426375721A0B70720007CCF376721A0C5
S31501042F107CCF0947238AE1E6F3670430A2401244D1
S31501042F203101828003D501E4511106C422C226C0AF
S31501042F306139238901E68547238FF1E2A389F1E605
S31501042F40A38E01E237D725A01CCB83C721E489CB05
S31501042F50B7D700A09387C7DE984B1367070198CBB1
S31501042F60F3770430F13B85450D45A935F367043004
S31501042F70B7D700A09387C7E283D76704054493B7FD
S31501042F80B71693B71700238EF1E2374721A0B71777
S31501042F900040232C0726938707C0232EF726B76400
S31501042FA021A023AA8440B706008023A6D424B7A768
S31501042FB021A023AC8708B79721A023AC870803C5B2
S31501042FC0D1E37536B75721A0B706008023A6D724C7
S31501042FD0374721A0232CD71837D700A0230A87F611
S31501042FE023AA874037072000F8CFA2401244F8CC21
S31501042FF00947238AE1E6824431018280511126C0C0
S3150104300083C721E406C422C273770430374721A05B
S31501043010232E0726B76621A03707008023A6E624B8
S315010430200544B7A621A023AC860895EBF3670430C3
S3150104303003D701E4B70725A00544D8D723A207027D
S3150104304080CB73005010B70722A083A7070B3D67F7
S31501043050F98F0967638FE706238A01E63DA0B70660
S3150104306022A098CA09476397E70283A701E537C7F0
S3150104307025A0F945A1073CCBB7D725A0C0CB05456B
S31501043080C13E2A84F367043045D4A24012448244E3
S31501043090310182800D47E39BE7F883A701E537C732
S315010430A025A0A1073CD783A781E5C1073CCBB7D7A8
S315010430B025A02147D8CB7D31B7D725A001C5F36714
S315010430C00430E1B7C0CBF945254559362A84E5369E
S315010430D055BFF377043003C521E48145E13965F130
S315010430E0B70700A0DC4B13F707400DCFA38981E690
S315010430F0B79721A023AC8708B7040080B75721A04E
S3150104310023A6972403C5D1E3374421A08D34B717E9
S315010431100040938707C0232EF426F3670430232C3B
S315010431209418A5B7898BB5D3B7170080938707C0C1
S31501043130374721A0232EF7260947238AE1E641B71B
S31501043140630E050C83A7C1DFB70600A0984723A227
S31501043150E1E603A701DF23A0E1E603A7C1DE23AE6F
S31501043160E1E403A781DE23ACE1E403A781DF23AA1B
S31501043170E1E403A741DF23A8E1E403A741DE23A693
S31501043180E1E403A701DE23A4E1E403A7C1DD23A24D
S31501043190E1E4B7F700A09387C75F23A0F1E09C4A57
S315010431A033C7F7200E07C1832390E1E42381F1E4B9
S315010431B0DC4A13F7074025C754459387C1E0D4C3B6
S315010431C0034715000D4686062381E70058492380E7
S315010431D0C700D8C7584D98CB184998CF83452500C1
S315010431E00607238AC700238BB7000C4DD8CF585145
S315010431F08CD30C5194C7CCD323ACE1E2035785029B
S31501043200239AE1E2B7F700A09387475223A4F1E09A
S31501043210B7F700A09387672E23A2F1E08280898BFA
S31501043220F5DF9387C1E023800700238A0700B7F7F8
S3150104323000A09387E74A23A4F1E0B7F700A0938798
S31501043240471FD9BF83C601E7854701456390F60247
S31501043250B7C622A083A70608858BEDFF938781E66F
S31501043260C843B337A00089072388F1E68280511148
S3150104327022C226C02A8406C4AE84E937138781E6AE
S31501043280230087001947938781E66313E400C4C3C7
S3150104329037C722A01CC3A2401244854737D722A0B0
S315010432A02320F7082388F1E68244310182805111F3
S315010432B0B78722A022C2804306C409478347040074
S315010432C06387E702636EF7009DE7014548C0A240A4
S315010432D01244B7A722A0054723A0E708310182803B
S315010432E00D473945E394E7FEA38A01E6F9BF05478D
S315010432F0A38AE1E6D9BF4840A135C1BF8280B7C7D9
S3150104330021A09853C84F8C536303B700C84F8280DA
S31501043310130141FD3EC0B74721A022CC03A4872750
S3150104332083A7C72706D416D21AD01ECE2ACA2EC8F8
S3150104333032C636C43AC27D8C635F040003C741E7D3
S3150104334009469376F70F6318C7000D47238AE1E60A
S31501043350B70725A094CB9317140063D1070C83C632
S3150104336041E705476387E60083C641E70D47639155
S31501043370E6060947238AE1E683C7D1E3A388F1E692
S31501043380370700A0584B1377074005C3138781E31A
S31501043390B3A7E72083D70700378721A03CC303D708
S315010433A041E3998F374720A01CD7B76721A023ACE7
S315010433B087266244A25092520253F2435245C245B1
S315010433C03246A246124782471301C10273002030D6
S315010433D083C641E70947E391E6FA03C721E401CB32
S315010433E003C721E705071377F70F2389E1E603C628
S315010433F021E70947631EE600376721A037060080E7
S315010434002326C7240D47238AE1E6238901E6ADB7BE
S31501043410F37704300547A389E1E6B9BF9357A400BE
S315010434208D8BC1D7B70725A0094798CB83C6C1E3BE
S3150104343083C711E71387C1E0B3C7F720B697B3C7AC
S31501043440E720CC43194525358DB731113EC0B70761
S3150104345022A036C43AC2D85B945F2EC832C6758F91
S31501043460937617009DCA83A6070B3D668965F18E7F
S315010434706390B604B70600A0D44A93F62648A9CAAF
S31501043480F45BC18AB1E6B45B93F60602B1E2DC47AA
S31501043490E18B9DEF8547238AF1E6B72722A0D8DB86
S315010434A0C2453246A2461247824751017300203073
S315010434B09167639FF600B76721A0B706008023A62C
S315010434C0D724B7D700A09387C7DE944BBD9A94CB74
S315010434D0238A01E6D9B761113AC2370725A03EC04E
S315010434E01C4F584FF98F374721A01857372725A066
S315010434F01CCF12478247210173002030130141FD7D
S315010435003EC0B78722A022CC03A4070883A7470895
S3150104351006D416D27D8C1AD01ECE2ACA2EC832C61D
S3150104352036C43AC29377140091C35133B7A722A084
S3150104353023A087086244A25092520253F243524591
S31501043540C2453246A246124782471301C10273009D
S315010435502030A38A01E65111A38901E622C2238AF6
S3150104356001E6238901E606C426C0B74721A023AE96
S3150104357007260547B72722A0D8DBB70722A098DF7D
S31501043580B78722A023A2E708F3770430B71700F11F
S3150104359083C6A70393E61600238DD702A38CE702FD
S315010435A083C6670493E616002383D704A382E7043C
S315010435B083C6670093E616002383D700A382E70038
S315010435C083C6270293E616002381D702A380E70266
S315010435D0F367043083C751E795CB03C741E78547B2
S315010435E06316F70083A781E08297EDB703C741E726
S315010435F089476315F70083A741E0FDB703C741E790
S315010436008D476315F70083A701E0F9BF73005010D6
S31501043610D1B7000000000000000000000000000017
S31501043620000000000000000000000000000000008F
S31501043630000000000000000000000000000000007F
S31501043640000000000000000000000000000000006F
S31501043650000000000000000000000000000000005F
S31501043660000000000000000000000000000000004F
S31501043670000000000000000000000000000000003F
S3150104368079712EC0F32520342AC27325103463DDE3
S3150104369005062AC42EC693F50540B9ED32C836CAC5
S315010436A03ACC3ECE16D41AD61ED886C2930300400F
S315010436B073B00331736554340DC10C417360043026
S315010436C082957365543475F99640C2533253A252A6
S315010436D0F2476247D2464246B245224573700430E8
S315010436E0739025348245731015347375543471F50A
S315010436F0124545617300203073251034F3252034B7
S3150104370073260030212801A02E858A853120124591
S31501043710824545617300203001A0010082800000CA
S31501043720000000000000000000000000000000008E
S31501043730000000000000000000000000000000007E
S31501043740000000000000000000000000000000006E
S31501043750000000000000000000000000000000005E
S31501043760000000000000000000000000000000004E
S3150104377000000000A88200A09C8200A0588200A03C
S31501043780008A00A0588B00A0D48D00A0D87F00A089
S31501043790E88000A0D08900A0D4370401000000000D
S315010437A0B0370401010000000000000000F04902E6
S315010437B0000000004063598F404B4C000B000B0086
S315010437C01A00FF7FA0F80020000000002C3D040130
S315010437D000000000000008033F8000007E00010095
S315010437E001E2010001E301000000000010000000F5
S315010437F000000000D83C04010C40020001801400C2
S315010438007F4000002040020000000000000000008C
S315010438103040070000000000000000000000000026
S31501043820000000000000000000E000A0A087000BDB
S3150104383050400100000000005C400200000000004E
S3150104384000000000A840010007000000BC4004007D
S31501043850000000000000000000000000000000005D
S315010438601041040000400000FF4C0000004100002C
S31501043870FF4D000020C0011000F8070020C00130F0
S315010438801402280124C00110FF00000024C00130E5
S315010438900043000428C00800EC80B303437540517B
S315010438A0A00F00B800400000A8AA0700000000000D
S315010438B0000000002E02000054C0100055313000F3
S315010438C00E060DE62A000000080B0C0D0D00000083
S315010438D0D1B60200C0060000B9EF000000300000B6
S315010438E006B00000108001001F30020033000600FC
S315010438F071F00900FFF06F00FFFFFF00A8C005008B
S31501043900AE983108C620040010325476980A000095
S3150104391000000000D0C003000000000001000A00FE
S3150104392001002800ECC0030000002000224204002C
S31501043930F80100000CC10700261E171004FFF8F059
S31501043940E8E0D7CEC5BDB5B5241C140C04FCF4EBD4
S31501043950EBEB000034C104008800E10170D0800162
S3150104396058A020014070000008000101040700006E
S315010439701800010100000000200001010884000074
S315010439805040230100000000000000001000000068
S3150104399020F91304070062003870000000000000DB
S315010439A0000000030008010F40B8244055D500006B
S315010439B04108000002000000B0070800236300006C
S315010439C09BC34A7401E2010000800060BE0A000044
S315010439D00101103050707F7F0000000000000000DC
S315010439E000000000000000000000000000000000CC
S315010439F000000000000000000000000000000000BC
S31501043A0000000000000000000000000000000000AB
S31501043A1018410201331E0500000000002441020181
S31501043A200090C28B590B00003C410101FA5452002B
S31501043A305841020100000000001E000064410D010E
S31501043A400C010000E853FA0000144CC0141A202695
S31501043A502C32383E444A32547698BA0C22820000FB
S31501043A6001D107001720264A2D3237002004C891B8
S31501043A70A1203A09A4410201000000002900000026
S31501043A80BC4103010000000000003C00AAAA060094
S31501043A90E041160104000000DE635E36BF6F0700D5
S31501043AA06FEA1600E530CE00B2B9D90E4B84940400
S31501043AB05A1FA924DE635E36BF6F07006FEA16003C
S31501043AC0E530CE00B2B9D90E4B8494045A1FA92409
S31501043AD000AA0000000000002C00100007EE753655
S31501043AE06018004000000000000000003C42010193
S31501043AF00000000044420101140000004C4201018F
S31501043B000800000468420101000000008842010126
S31501043B1080000000A04202010000000081000000B4
S31501043B20B84205013F000002FFFF0000FFFF00004D
S31501043B30FF030000FFFF0000D44201010000000062
S31501043B4050430A0140002001A00000000850000172
S31501043B501F1F1F1F1F1F1F1B18151311100E0D0CDE
S31501043B6045C1872F00000000000000001444010134
S31501043B70202208001C4402018020C32B58626231B2
S31501043B80704401010000000080440501A700000003
S31501043B90000000000000000000000000000000001A
S31501043BA0A04401011A0000000045090100000000BB
S31501043BB0B756351200000050803B0000000000009B
S31501043BC000000000000000004003000000000103A3
S31501043BD02845020100000000B7563512288001016C
S31501043BE003000000348002011149100001000000A5
S31501043BF0548001010500800060800101005545449F
S31501043C006C8003013F8000008752E918C7520919E5
S31501043C1078800111FCFF07007C800301EFEEDDBD16
S31501043C20BFBB7767FF0B8F009080020118900600D7
S31501043C30180000009C8003018924B20044338200E9
S31501043C4040226D24DC0001122FF0AF05DC000132A5
S31501043C5000034000E0000112C07F0000E0000132D1
S31501043C6018006001E4000112E4070000E4000132D7
S31501043C7008200000680201128003C03F6802013275
S31501043C8000240E006C020202000000000000000085
S31501043C907C020102000000008402010252000000BD
S31501043CA0A00201024D004314AC0201020000A0006F
S31501043CB0BC02011200F00000BC020132DF076200FF
S31501043CC0CC0202025D00400480000000D802010219
S31501043CD080000000FFFFFFFF140000006666660017
S31501043CE000000000983D0401883D04010000000025
S31501043CF000000000005A620274841E000420EE00D3
S31501043D001149500200000000303D0401000000008A
S31501043D10000000000000000062841E000000000094
S31501043D200000000000000000000000000500000083
S31501043D300200000000F049020614000000E09304AA
S31501043D4005380000A0080000000058090104070610
S31501043D50100A01040707C80A00040807800B0004B7
S31501043D600808380C00040908610800000000680806
S31501043D7000000000C709010404032C0B0104040418
S31501043D80920C0104050400009A0B00003A1B000082
S31501043D90C409000000000000193F010604100100D7
S31501043DA000010106001027000009000000000000C0
S30901043DB00000000004
S30D01043DB464147C7F0100000088
S31101043DBCC83D0401C8E40020FF04000017
S31501043DC80A00010080D5430200F0490280D1F008B7
S31501043DD880D54302AAAAAAAA01000000200000006D
S31501043DE8991702017918020189D9010119DC01011E
S31501043DF8AFDB01010DDE010199D90101A9D901013F
S31501043E08ADD90101000000001DDD0101000000001B
S31501043E18000000000000000000000000000000008F
S31501043E28000000000000000000000000000000007F
S31501043E38000000000000000000000000000000006F
S31501043E48000000000000000000000000000000005F
S31501043E58000000000000000000000000000000004F
S31501043E68000000000000000000000000000000003F
S31501043E78000000000000000000000000000000002F
S31501043E88000000000000000000000000000000001F
S31501043E98000000000000000000000000000000000F
S31501043EA800000000000000000000000000000000FF
S31501043EB800000000000000000000000000000000EF
S31501043EC800000000000000000000000000000000DF
S31501043ED800000000000000000000000000000000CF
S31501043EE800000000000000000000000000000000BF
S31501043EF800000000000000000000000000000000AF
S31501043F08000000000000000000000000000000009E
S31501043F18000000000000000000000000000000008E
S31501043F28000000000000000000000000000000007E
S31501043F38000000000000000000000000000000006E
S31501043F48000000000000000000000000000000005E
S31501043F58000000000000000000000000000000004E
S31501043F68000000000000000000000000000000003E
S31501043F78000000000000000000000000000000002E
S31501043F88000000000000000000000000000000001E
S31501043F98000000000000000000000000000000000E
S31501043FA800000000000000000000000000000000FE
S31501043FB800000000000000000000000000000000EE
S31501043FC800000000000000000000000000000000DE
S31501043FD800000000000000000000000000000000CE
S31501043FE800000000000000000000000000000000BE
S31501043FF800000000000000000000000000000000AE
S31501044008000000000000000000000000000000009D
S31501044018000000000000000000000000000000008D
S31501044028000000000000000000000000000000007D
S31501044038000000000000000000000000000000006D
S31501044048000000000000000000000000000000005D
S31501044058000000000000000000000000000000004D
S31501044068000000000000000000000000000000003D
S31501044078000000000000000000000000000000002D
S31501044088000000000000000000000000000000001D
S31501044098000000000000000000000000000000000D
S315010440A800000000000000000000000000000000FD
S315010440B800000000000000000000000000000000ED
S315010440C800000000000000000000000000000000DD
S315010440D800000000000000000000000000000000CD
S315010440E800000000000000000000000000000000BD
S315010440F800000000000000000000000000000000AD
S31501044108000000000000000000000000000000009C
S31501044118000000000000000000000000000000008C
S31501044128000000000000000000000000000000007C
S31501044138000000000000000000000000000000006C
S31501044148000000000000000000000000000000005C
S31501044158000000000000000000000000000000004C
S31501044168000000000000000000000000000000003C
S31501044178000000000000000000000000000000002C
S31501044188000000000000000000000000000000001C
S31501044198000000000000000000000000000000000C
S315010441A800000000000000000000000000000000FC
S315010441B800000000000000000000000000000000EC
S315010441C800000000000000000000000000000000DC
S315010441D800000000000000000000000000000000CC
S315010441E800000000000000000000000000000000BC
S315010441F800000000000000000000000000000000AC
S31501044208000000000000000000000000000000009B
S31501044218000000000000000000000000000000008B
S31501044228000000000000000000000000000000007B
S31501044238000000000000000000000000000000006B
S31501044248000000000000000000000000000000005B
S31501044258000000000000000000000000000000004B
S31501044268000000000000000000000000000000003B
S31501044278000000000000000000000000000000002B
S31501044288000000000000000000000000000000001B
S31501044298000000000000000000000000000000000B
S315010442A800000000000000000000000000000000FB
S315010442B800000000000000000000000000000000EB
S315010442C800000000000000000000000000000000DB
S315010442D800000000000000000000000000000000CB
S315010442E800000000000000000000000000000000BB
S315010442F800000000000000000000000000000000AB
S31501044308000000000000000000000000000000009A
S31501044318000000000000000000000000000000008A
S31501044328000000000000000000000000000000007A
S31501044338000000000000000000000000000000006A
S31501044348000000000000000000000000000000005A
S31501044358000000000000000000000000000000004A
S31501044368000000000000000000000000000000003A
S31501044378000000000000000000000000000000002A
S31501044388000000000000000000000000000000001A
S31501044398000000000000000000000000000000000A
S315010443A800000000000000000000000000000000FA
S315010443B800000000000000000000000000000000EA
S315010443C800000000000000000000000000000000DA
S315010443D800000000000000000000000000000000CA
S315010443E800000000000000000000000000000000BA
S315010443F800000000000000000000000000000000AA
S315010444080000000000000000000000000000000099
S315010444180000000000000000000000000000000089
S315010444280000000000000000000000000000000079
S315010444380000000000000000000000000000000069
S315010444480000000000000000000000000000000059
S315010444580000000000000000000000000000000049
S315010444680000000000000000000000000000000039
S315010444780000000000000000000000000000000029
S315010444880000000000000000000000000000000019
S315010444980000000000000000000000000000000009
S315010444A800000000000000000000000000000000F9
S315010444B800000000000000000000000000000000E9
S315010444C800000000000000000000000000000000D9
S315010444D800000000000000000000000000000000C9
S315010444E800000000000000000000000000000000B9
S315010444F800000000000000000000000000000000A9
S315010445080000000000000000000000000000000098
S315010445180000000000000000000000000000000088
S315010445280000000000000000000000000000000078
S315010445380000000000000000000000000000000068
S315010445480000000000000000000000000000000058
S315010445580000000000000000000000000000000048
S315010445680000000000000000000000000000000038
S315010445780000000000000000000000000000000028
S315010445880000000000000000000000000000000018
S315010445980000000000000000000000000000000008
S315010445A800000000000000000000000000000000F8
S315010445B800000000000000000000000000000000E8
S315010445C800000000000000000000000000000000D8
S315010445D800000000000000000000000000000000C8
S315010445E800000000000000000000000000000000B8
S315010445F800000000000000000000000000000000A8
S315010446080000000000000000000000000000000097
S315010446180000000000000000000000000000000087
S315010446280000000000000000000000000000000077
S315010446380000000000000000000000000000000067
S315010446480000000000000000000000000000000057
S315010446580000000000000000000000000000000047
S315010446680000000000000000000000000000000037
S315010446780000000000000000000000000000000027
S315010446880000000000000000000000000000000017
S315010446980000000000000000000000000000000007
S315010446A800000000000000000000000000000000F7
S315010446B800000000000000000000000000000000E7
S315010446C800000000000000000000000000000000D7
S315010446D800000000000000000000000000000000C7
S315010446E800000000000000000000000000000000B7
S315010446F800000000000000000000000000000000A7
S315010447080000000000000000000000000000000096
S315010447180000000000000000000000000000000086
S315010447280000000000000000000000000000000076
S315010447380000000000000000000000000000000066
S315010447480000000000000000000000000000000056
S315010447580000000000000000000000000000000046
S315010447680000000000000000000000000000000036
S315010447780000000000000000000000000000000026
S315010447880000000000000000000000000000000016
S315010447980000000000000000000000000000000006
S315010447A800000000000000000000000000000000F6
S315010447B800000000000000000000000000000000E6
S315010447C800000000000000000000000000000000D6
S315010447D800000000000000000000000000000000C6
S315010447E800000000000000000000000000000000B6
S315010447F800000000000000000000000000000000A6
S315010448080000000000000000000000000000000095
S315010448180000000000000000000000000000000085
S315010448280000000000000000000000000000000075
S315010448380000000000000000000000000000000065
S315010448480000000000000000000000000000000055
S315010448580000000000000000000000000000000045
S315010448680000000000000000000000000000000035
S315010448780000000000000000000000000000000025
S315010448880000000000000000000000000000000015
S315010448980000000000000000000000000000000005
S315010448A800000000000000000000000000000000F5
S315010448B800000000000000000000000000000000E5
S315010448C800000000000000000000000000000000D5
S315010448D800000000000000000000000000000000C5
S315010448E800000000000000000000000000000000B5
S315010448F800000000000000000000000000000000A5
S315010449080000000000000000000000000000000094
S315010449180000000000000000000000000000000084
S315010449280000000000000000000000000000000074
S315010449380000000000000000000000000000000064
S315010449480000000000000000000000000000000054
S315010449580000000000000000000000000000000044
S315010449680000000000000000000000000000000034
S315010449780000000000000000000000000000000024
S315010449880000000000000000000000000000000014
S315010449980000000000000000000000000000000004
S315010449A800000000000000000000000000000000F4
S315010449B800000000000000000000000000000000E4
S315010449C800000000000000000000000000000000D4
S315010449D800000000000000000000000000000000C4
S315010449E800000000000000000000000000000000B4
S315010449F800000000000000000000000000000000A4
S31501044A080000000000000000000000000000000093
S31501044A180000000000000000000000000000000083
S31501044A280000000000000000000000000000000073
S31501044A380000000000000000000000000000000063
S31501044A480000000000000000000000000000000053
S31501044A580000000000000000000000000000000043
S31501044A680000000000000000000000000000000033
S31501044A780000000000000000000000000000000023
S31501044A880000000000000000000000000000000013
S31501044A980000000000000000000000000000000003
S31501044AA800000000000000000000000000000000F3
S31501044AB800000000000000000000000000000000E3
S31501044AC800000000000000000000000000000000D3
S31501044AD800000000000000000000000000000000C3
S31501044AE800000000000000000000000000000000B3
S31501044AF800000000000000000000000000000000A3
S31501044B080000000000000000000000000000000092
S31501044B180000000000000000000000000000000082
S31501044B280000000000000000000000000000000072
S31501044B380000000000000000000000000000000062
S31501044B480000000000000000000000000000000052
S31501044B580000000000000000000000000000000042
S31501044B680000000000000000000000000000000032
S31501044B780000000000000000000000000000000022
S31501044B880000000000000000000000000000000012
S31501044B980000000000000000000000000000000002
S31501044BA800000000000000000000000000000000F2
S31501044BB800000000000000000000000000000000E2
S31501044BC800000000000000000000000000000000D2
S31501044BD800000000000000000000000000000000C2
S31501044BE800000000000000000000000000000000B2
S31501044BF800000000000000000000000000000000A2
S31501044C080000000000000000000000000000000091
S31501044C180000000000000000000000000000000081
S31501044C280000000000000000000000000000000071
S31501044C380000000000000000000000000000000061
S31501044C480000000000000000000000000000000051
S31501044C580000000000000000000000000000000041
S31501044C680000000000000000000000000000000031
S31501044C780000000000000000000000000000000021
S31501044C880000000000000000000000000000000011
S31501044C980000000000000000000000000000000001
S31501044CA800000000000000000000000000000000F1
S31501044CB800000000000000000000000000000000E1
S31501044CC800000000000000000000000000000000D1
S31501044CD800000000000000000000000000000000C1
S31501044CE800000000000000000000000000000000B1
S31501044CF800000000000000000000000000000000A1
S31501044D080000000000000000000000000000000090
S31501044D180000000000000000000000000000000080
S31501044D280000000000000000000000000000000070
S31501044D380000000000000000000000000000000060
S31501044D480000000000000000000000000000000050
S31501044D580000000000000000000000000000000040
S31501044D680000000000000000000000000000000030
S31501044D780000000000000000000000000000000020
S31501044D880000000000000000000000000000000010
S31501044D980000000000000000000000000000000000
S31501044DA800000000000000000000000000000000F0
S31501044DB800000000000000000000000000000000E0
S31501044DC800000000000000000000000000000000D0
S31501044DD800000000000000000000000000000000C0
S31501044DE800000000000000000000000000000000B0
S31501044DF800000000000000000000000000000000A0
S31501044E08000000000000000000000000000000008F
S31501044E18000000000000000000000000000000007F
S31501044E28000000000000000000000000000000006F
S31501044E38000000000000000000000000000000005F
S31501044E48000000000000000000000000000000004F
S31501044E58000000000000000000000000000000003F
S31501044E68000000000000000000000000000000002F
S31501044E78000000000000000000000000000000001F
S31501044E88000000000000000000000000000000000F
S31501044E9800000000000000000000000000000000FF
S31501044EA800000000000000000000000000000000EF
S31501044EB800000000000000000000000000000000DF
S31501044EC800000000000000000000000000000000CF
S31501044ED800000000000000000000000000000000BF
S31501044EE800000000000000000000000000000000AF
S31501044EF8000000000000000000000000000000009F
S31501044F08000000000000000000000000000000008E
S31501044F18000000000000000000000000000000007E
S31501044F28000000000000000000000000000000006E
S31501044F38000000000000000000000000000000005E
S31501044F48000000000000000000000000000000004E
S31501044F58000000000000000000000000000000003E
S31501044F68000000000000000000000000000000002E
S31501044F78000000000000000000000000000000001E
S31501044F88000000000000000000000000000000000E
S31501044F9800000000000000000000000000000000FE
S31501044FA800000000000000000000000000000000EE
S31501044FB8E8E4002000000000000100000F000F00D3
S31501044FC800000000000000000000000000000000CE
S31501044FD800000000000000000000000000000000BE
S31501044FE800000000000000000000000000000000AE
S31501044FF8000000000000000000000000000000009E
S31501045008000000000000000000000000000000008D
S31501045018000000000000000000000000000000007D
S31501045028000000000000000000000000000000006D
S31501045038B5010000030505B5400180000000000024
S31501045048000001B500008000000000000C0000000B
S31501045058000002009184020191840201095580002D
S31501045068010000003700000018900301C0FE780013
S315010450780A002D00000000000000004100000000A5
S315010450880100000000400041000000000000050086
S315010450984D8701010050380100A00000ACC400206E
S315010450A8C8000000FE000000000000006892030129
S315010450B85892030102000000110000003791030110
S315010450C8010000000000000000000000D8F70020DD
S315010450D80000000028DF002090DF0020F8DF002010
S315010450E800000000000000000000000000000000AD
S315010450F8000000000000000000000000000000009D
S31501045108000000000000000000000000000000008C
S31501045118000000000000000000000000000000007C
S315010451280300000028DF0020FFFFFFFF0000000046
S3150104513800000000FFFF0000DC940301C1680301BD
S31501045148FFFFFFFFA96C0301A56C0301FF000C0017
S315010451580000000000000000FFFFFFFFFFFFFFFF44
S31501045168AD6C0301FFFFFFFFECCD00A010000000AA
S31501045178000000000000000097720301754A03014C
S31501045188FFFFFFFFFFFFFFFFFFFFFFFFFFFFFFFF1C
S315010451988001000010980301FFFFFFFF00000000D3
S315010451A804F8FFFF0C0000000000010CFF1F5F005C
S311010451B8954302013DD8010115D80101FF
S7050101DE61B9
