S02100006275696C642F64656275672F7263702D7370692D3830323135342E7333373F
S31508006000C80A0020196C000809DD01080DDD010821
S31508006010CD69000811DD010819DD0108B362000821
S31508006020B3620008B3620008B3620008B3620008EE
S315080060301DDD01088C940208B3620008B3620008EB
S31508006040B3620008B3620008B3620008B3620008CE
S31508006050B3620008B3620008B3620008B3620008BE
S31508006060B3620008B3620008B3620008B3620008AE
S31508006070B3620008B3620008B3620008B36200089E
S31508006080B3620008B3620008B3620008B36200088E
S31508006090B3620008B3620008B3620008B36200087E
S315080060A0B3620008B3620008B3620008B36200086E
S315080060B0B3620008B3620008B3620008B36200085E
S315080060C0B3620008B3620008B362000851630008AF
S315080060D0B3620008B3620008B36200082D630008C3
S315080060E009630008B3620008B3620008B3620008D7
S315080060F0B3620008894B020879540208B37602088D
S31508006100AF760208ED4B0208C9760208B776020890
S3150800611049540208BB760208B954020821550208F8
S31508006120B3620008B3620008B3620008B3620008ED
S31508006130B3620008B3620008B3620008B3620008DD
S31508006140B3620008B3620008B3620008B3620008CD
S31508006150B3620008B3620008B3620008B3620008BD
S31508006160B3620008B3620008B3620008B3620008AD
S31508006170B3620008B3620008B3620008B36200089D
S31508006180B3620008B3620008B36200089D83020880
S315080061909D370208B36200089376020899760208CA
S315080061A0B3620008B3620008B3620008B36200086D
S309080061B0B3620008C0
S315080061C0F0B5114A114C124E00F00105E3695F075C
S315080061D013D40DB9334213D103EA00078F4207D10E
S315080061E00B4A1A40002A0CBF00206FF00100F0BDD0
S315080061F0013AEBD16FF00200F9E74FF0FF30F6E70E
S315080062006FF00100F3E700BF809698000000035086
S31508006210020001000000000000000000000000006D
S31508006220013800D0FCE770470246D0F8940068B9F8
S31508006230937B73B9D2F8900050B9D2F88C3043B931
S31508006240537B127B9B1A584258417047002070476F
S315080062501846704740BA80B24140C1F3031359400B
S31508006260080380B24840490101F4FF51484070478D
S31508006270024610B544180020A24200D110BD12F8FB
S31508006280011BFFF7E7FFF7E721B1012300200B7099
S315080062904870704722207047024B1888003818BF8C
S315080062A001207047C43C00200020704701230B746E
S315080062B07047FEE7F8B504460127124D0CB314F0F3
S315080062C001000BD0002024F0010405EBC00216687B
S315080062D0002EF3D05168C0B2B047EFE7224601302E
S315080062E020284FEA520201D0D307F8D507FA00F260
S315080062F00F2824EA0204E8D9421E05EBC202103828
S31508006300E5E7F8BD78130020074BD3F82404D3F843
S31508006310202403F50053104000F0553020F0A0402B
S31508006320C3F82004C6E700BF00C00350074BD3F8E4
S315080063302404D3F8202403F50053104000F0AA30B3
S3150800634020F02040C3F82004B4E700BF00C0035083
S315080063502DE9F0410F4A136D576D1F4000D5FEE732
S31508006360012600250C4CDFF83480374209D0C8F8DE
S31508006370506023682BB1A168284601316268A16084
S3150800638098470135082D4FEA460604F11004ECD16A
S31508006390BDE8F08100000450681400200020045075
S315080063A010B5416C4369A1F11404DA1CB2FBF4F28E
S315080063B003EBC2000330B0FBF4F0B1F5805F00F1E7
S315080063C0010002D1012828BF0120013010BD73B594
S315080063D006460D460024F36B01225B6901A92819BC
S315080063E09847019B013309D1736C043462196A40DA
S315080063F05B421A42EFD0204602B070BD0024FAE78D
S315080064002DE9F341154690F842201E46012A0CBF95
S31508006410022304235D43CF7D2C1D844605F0020527
S31508006420BFB915B1012724F003044868083420448D
S31508006430DCF83C30012A5B6927D101A9984717B1D6
S31508006440BDF806300193BDF80430336002B0BDE8EC
S31508006450F08155B124F0030400230D7E01F1200ECE
S31508006460D8B2854203D80020E2E72F46F4E73EF883
S31508006470330003F10108A04204D901EBC303D8692C
S315080064800834D4E74346241AEAE70122314602B023
S31508006490BDE8F0411847D01E009B42424241187E93
S315080064A0824212D11A688A420FD85A688A420CD395
S315080064B05A6901325A61D3E90302824205D29868C1
S315080064C040F822101A6901321A6101207047002328
S315080064D04FF0FF3142689A4202D800230372704790
S315080064E0026842F83310026802EBC30251600133B6
S315080064F0F0E7002370B546689E4210D00568DC00B8
S3150800650055F83320B2F1FF3F0AD0C2F31302914285
S3150800651006D14FF0FF322A51036823445A6070BDF2
S315080065200133E9E710B5032A029C07D1A26A534052
S31508006530626C5242134201D1FFF7DBFF012010BD06
S315080065400023F0B545689D4202D14FF0FF300EE0BA
S315080065500468DE0054F83340671C09D0C4F31307F7
S31508006560B94205D1240D1470036833445868F0BD48
S315080065700133E8E773B5164600F108040D462046D0
S3150800658009680DF10702FFF7DBFF032E05D16B68DB
S31508006590834202D12046FFF7ACFF012002B070BD4E
S315080065A02DE9F0414668002E3AD0056898464FF026
S315080065B0000CAE4655F83C40C4F31307013401D02D
S315080065C0B94222D00CF1010CB4450EF1080EF1D1F6
S315080065D000273C4603E0B44207F108071DD055F8EA
S315080065E0343001340133F6D16FEA01316FEA1131E3
S315080065F0E9510168CB59C3F3130343EA0853CB5156
S3150800660003683B445A60BDE8F08141EA0851CEF878
S315080066100010036803EBCC03F4E7B8F1030F03D1CA
S3150800662001230372BDE8F08100273C4603E0B4422B
S3150800663007F10807F4D055F834300134C3F3075C82
S31508006640BCF1030FF3D11B0D1B050B43EB51D0E730
S3150800665008B508301346D1E90012FFF7A1FF01205B
S3150800666008BD4FF48032064B00209A6641F6713217
S3150800667003F51C33DA63012203F50053DA60704729
S315080066800090005041F671320121064BDA6303F59A
S315080066900052D1600022DA634FF48032A3F5183332
S315080066A09A66704700000350704737B5054601F1F2
S315080066B00C04436901A9012220469847BDF8043015
S315080066C00122009369462046AB69984703B030BD5E
S315080066D0202A0B681EBF4FF0FF3191408B435908A3
S315080066E001F055315B1A03F033319B0803F033335D
S315080066F00B44017803EB13130A444FF0013103F0FE
S315080067000F334B43A2EB13620270704737B504464A
S3150800671000251B22011D0DF107008DF80750FFF714
S31508006720D7FF63689DF80720B2EBD36F03D123F038
S31508006730784003B030BD1B2204F108018DF80750DC
S31508006740FFF7C6FFA0689DF80730B3EBD06F0ABF06
S31508006750C0434FF0FF3020F07840EAE72DE9F043D8
S315080067600646994689B0036908460F4690469847F3
S315080067700446002867D1D9F804305B0A012B224663
S315080067804FEA530304F10104F8D899F8035099F82D
S3150800679002302D03DB0203F4006305F480551D4324
S315080067A0B9F800304FF00009C3F30A0352032B442B
S315080067B092B29D18294B0DF107001B2228F0784448
S315080067C002A9039302948DF80790FFF781FF9DF8BD
S315080067D007306FEA054544EAC36404946FEA08047F
S315080067E01B2224F0784402A902948DF80790FFF73B
S315080067F06FFF9DF807306FEA154544EAC3644FF00A
S31508006800FF3301220594069307A9B369079507F193
S315080068101000984701220446B36905A907F1080044
S3150800682098470122484518BF0446B36904A9381D8C
S3150800683098470122484518BF0446B369384603A954
S31508006840984728B1044639463046FFF72EFF01E03F
S31508006850002CF8D1204609B0BDE8F08301009AB2B1
S3150800686010B5174B0446D3F8200100F00700062898
S315080068701FD8DFE800F0040A0E2112161A000123B9
S3150800688004B1206001B10B6010BD0E4B586805239A
S31508006890F6E70C4B98680323F2E721F0F1FA072391
S315080068A0EEE7084B58680623EAE7064B9868042380
S315080068B0E6E700231846E3E702230348E0E700BFBC
S315080068C000800050C43C0020002D31014FF4803276
S315080068D02DE9F843204B4FF001089A6641F67133CB
S315080068E01E4D0446EF69EB631D4B0021C3F80C806F
S315080068F00223686121202B61174021F0FDFFDFF894
S315080069006890064640B1C9F80C8007B1E9630136BC
S315080069100CD16E20BDE8F883212021F0EDFFC9F8DF
S315080069200C8007B1EE63431CF3D008B17120F1E780
S315080069300C4B9A6801230A3202F01F02934023F097
S31508006940030323449C4201D10020E3E754F8042BB7
S315080069500132F7D03E20DDE70090005000000350DA
S31508006960001003500080E00F00200350044BD86845
S31508006970421C02BF034AD2F89400D860704700BF91
S31508006980C43C002000400050054B9A689107FCD48F
S315080069905A689207F9D4DA69002AF6D1704700BF17
S315080069A000C00A50BFF35F8F074B5A6A22F4803241
S315080069B05A62D3F8942022F00102C3F89420BFF358
S315080069C04F8FBFF36F8F704700ED00E0BFF34F8F17
S315080069D00549064BCA6802F4E0621343CB60BFF36D
S315080069E04F8F00BFFDE700BF00ED00E00400FA0589
S315080069F008B50CF082FE20B110F81A3C2C38013B81
S31508006A00837408BD38B5202204460D460C30002193
S31508006A101FF075FC4FF0FF33C4E90035A36038BD9D
S31508006A2010B5044644EA010313F00303084609D1E6
S31508006A30934201D1002010BD54F8231040F82310CA
S31508006A400133F5E7214692001FF078FEF2E738B5E4
S31508006A500446EFF31185302383F31188037C63B171
S31508006A608068214640300CF050FEA26892F8443007
S31508006A70013B82F844300023237485F31188BFF361
S31508006A806F8F38BDF7B50D46EFF31187302686F3BD
S31508006A901188164C04F5B870FFF7AAFF30B987F3CA
S31508006AA01188BFF36F8F1B2003B0F0BD87F31188E1
S31508006AB0BFF36F8F2860EFF3118586F31188D4F83A
S31508006AC0740101A915F0A7F948B9019B9A7C01320E
S31508006AD09A74D4F8782143F82C2FC4F8783185F3C2
S31508006AE01188BFF36F8F0020DEE700BF7813002000
S31508006AF007B54022084B09481A610123009300F59F
S31508006B00BE7200F5C671064BD0F89C0115F09EFBC7
S31508006B10002003B05DF804FB000004507813002041
S31508006B2001B5000807B52548D0F8A021A2F12C0325
S31508006B30998952F82C2CC0F8A431C0F8AC2190F8E9
S31508006B40C42179B961F3410280F8C42100231C4AA3
S31508006B500093D0F8180202F1100115F077FB03B084
S31508006B605DF804FB42F0020280F8C4215A68B0F8C6
S31508006B70C811C0F8CC219A89013A62F30E119A68B5
S31508006B80A0F8C8117AB1D0F8D41100F5EC729208C1
S31508006B9062F39F01C0F8D4119A68C0F8DC210E335D
S31508006BA0C0F8EC31D2E7D0F8D41100F5F4729208A7
S31508006BB062F39F01C0F8D411F1E700BF78130020F3
S31508006BC07015002038B5EFF31184302383F311884C
S31508006BD00F4A13882BB984F31188BFF36F8F0320EC
S31508006BE038BD013B13808B7C0A4D01338B7405F548
S31508006BF0D0702C310CF07AFDD5F8A4310BB9FFF71B
S31508006C0091FF84F31188BFF36F8F0020E8E700BF78
S31508006C10C43C00207813002008B52A4B83F30A8861
S31508006C204FF48041284A294B9360D2F8883043F4C0
S31508006C307003C2F88830264B99664FF0FF31254B12
S31508006C4019666FF4003159660D2199660221C2F85A
S31508006C50D010BFF34F8FBFF36F8F01204FF4403230
S31508006C601D49C1F88001DA600860A3F500531A616E
S31508006C701A481B4BC01A801012F05CFD194B1A49B2
S31508006C808B4212D30020194B19498B4218D306F0B0
S31508006C90EFFA186850F82240586840F82240013246
S31508006CA098688242F5D30C33EAE70022F8E71C68B5
S31508006CB044F8220001325C68A242F8D30833E4E7BC
S31508006CC00022F8E70800002000ED00E00060000858
S31508006CD00090005000A0004400E100E02062000897
S31508006CE0C0610008701803087C1803087C1803089C
S31508006CF07C1803082DE9F74F89464FF480314FEA8F
S31508006D00820A384A384C9166E269804602EA0103EB
S31508006D1041F6713201210093E263344A8346D16019
S31508006D2057464A4677B938460122314BDA60009B06
S31508006D3013B100222C4BDA63431C3DD0002846D001
S31508006D4071203AE00BF5005525F4FF5525F01F058F
S31508006D50C4F814B0A5EB0B05E169BD4228BF3D4652
S31508006D60490731D4164656F8041B2A44A1619642AF
S31508006D7010D1042200212120226121F0BDFD002826
S31508006D80D2D1212021F0B8FD0028CDD13246AB441E
S31508006D907F1BC7E708210846019221F0ADFD019A3D
S31508006DA070B1042301222361114BDA60009B0BB1F9
S31508006DB00023E3630130C3D16E2003B0BDE8F08F32
S31508006DC056F8041BA161D2E74FF0FF30ACE75246F4
S31508006DD04946404620F091FC002814BF3D2000207B
S31508006DE0EBE700BF0090005000000350001003506E
S31508006DF000200350002337B50D4614460193FAB117
S31508006E00434203F003031844C2E90210684301A988
S31508006E1014F04EFB60B90246019B013DC4E90033FC
S31508006E2091B28D4202F1010204D84FF0FF321A6086
S31508006E3003B030BDE16819441960E1680B44EFE717
S31508006E402220F5E708B5C36F0A462BB1D0F88010A3
S31508006E50007A9847012008BD1846FCE7006800B983
S31508006E607047037A8B42F9D190F85030002B08BF4F
S31508006E700020704708B503683BB901790448FFF755
S31508006E80EDFF08B190F8500008BD93F85000FBE7F5
S31508006E90D43C0020054A08B502F50770FFF7EAFF5B
S31508006EA005281CBF012382F8283208BD7813002064
S31508006EB0022808B509D1042906D100210948FFF797
S31508006EC0CDFF012380F8A03008BD0328FCD1042992
S31508006ED0FAD10022044B1B69002BF5D0C3E9262200
S31508006EE01B68F9E7D43C0020C43C002008B50146DD
S31508006EF0FFF79AF950B1D1F8880040B9D1F8843033
S31508006F0023B9B1F86800B0FA80F0400908BD00203E
S31508006F10FCE7EFF31182302383F311888368013B82
S31508006F20836082F31188BFF36F8F704710B508B975
S31508006F30022010BDEFF31184302282F31188826893
S31508006F4022B984F31188BFF36F8FF1E701328260AB
S31508006F5084F31188BFF36F8F036813B100200B60A9
S31508006F60E7E7FFF7D6FFE3E7002307B5012219464F
S31508006F700E4814F0EDF868B90C4801A9FFF7D6FFDA
S31508006F8040B9019B0A4A09489A65FFF7C2FFFFF70D
S31508006F90CDFF18B1002003B05DF804FB019B054A3C
S31508006FA002485A67FFF7B5FF0120F4E79415002059
S31508006FB0257F0008956E000870B5044606460D46FE
S31508006FC0002016F8011BFFF745F9AB1B14FA83F3EB
S31508006FD09BB2002BF5D1131A5842584170BD73B5B0
S31508006FE02C4CD4E98C3213431FD004F50C760521BA
S31508006FF03046B4F83522FFF7DFFFB0B1B4F83252A5
S31508007000B5F5857F11D804F5BC70FFF7F1FC03468A
S31508007010C4F83802F8B90123D4F89C2184F85C3204
S3150800702093401D4A136502B070BD1C4BD4F8482224
S315080070309B0863F39F02C4F848220023184A00936A
S31508007040A2F1E401174BD4F89C0115F0FFF82022B1
S31508007050154B1A64E7E70268D4F830021060B08866
S31508007060B17990809171002DDFD0D4F8481204F5DB
S315080070701872920862F39F01C4F848125B68013DD2
S31508007080C4F86832B4F8603265F30E13A4F86032B7
S31508007090D3E700BF7813002000200450C415002051
S315080070A0E815002001B5000800E0035037B5EFF3F6
S315080070B01185302383F311880F4CD4F8740101A984
S315080070C014F0A9FE28B185F31188BFF36F8F03B0BA
S315080070D030BD019B9A7C01329A74D4F8782143F822
S315080070E02C2FC4F8783194F85C32002BE5D084F85C
S315080070F05C02FFF774FFE0E7781300202DE9F04102
S315080071000446806E0F46164614F06DFE0546F8B125
S31508007110342200211FF0F3F8EFF31188302383F3AC
S315080071201188731E042B2CD8DFE803F0182B0321D3
S315080071300300B4F85820B4F86630013A93420ADBE3
S315080071402946A06E14F04AFE88F31188BFF36F8FA4
S315080071501A20BDE8F0810133A4F8663088F3118857
S31508007160BFF36F8F0020EE74AC613D60F1E7B4F8B1
S315080071706430B4F85A209A42E2D90133A4F864304C
S31508007180ECE72120E5E710B550F8044C011F606FC5
S3150800719014F024FE204610BD08B50CF0AEFA20B156
S315080071A010F81E3C3038013B837408BD8B7C3031A7
S315080071B0013301F81E3C0CF099BA38B5816244696E
S315080071C0EFF31185302383F31188D4F8A4300146F0
S315080071D003F11000FFF7EAFF85F31188BFF36F8FFD
S315080071E0D4F8A420074902F1180014F041FE4FF61E
S315080071F0FF72B4F8683093421CBF0133A4F86830B4
S3150800720038BD00BF8F7F000810B50446A37C08462A
S31508007210013B04F13001A3740CF077FA2046BDE86F
S3150800722010403321C9E710B5C06F0C4614F0DBFDDA
S31508007230206038B10023036018462268137222685A
S31508007240536010BD1A20FCE7C06C836A03B1184767
S315080072507047F8B5044600284BD0837C002B4AD1EA
S315080072600168856911B1284614F0B9FDA16819B1FC
S31508007270D5F8800014F0B2FDE37C022B0AD0032B6C
S315080072800AD0012B0AD1606820B1FFF77CFF284697
S31508007290FFF7DAFF012602E06168E1B90026EFF39D
S315080072A01187302383F311882146A86E14F096FDC2
S315080072B0E37C042B13D1B5F86430013BA5F86430A0
S315080072C087F31188BFF36F8F1EB1E86C436A03B169
S315080072D098470020F8BD286F14F080FDDEE7052BDF
S315080072E001D0032BECD1B5F86630013BA5F8663022
S315080072F0E6E72220EEE70420ECE72DE9F34791467E
S31508007300042204468846D0F8A4000DEB02019A46EA
S31508007310FFF7F4FE074650B91AF00E0F667A019D7C
S315080073201CD0B30707D42846FFF793FF2127384612
S3150800733002B0BDE8F0871AF0020F14D11AF0040F54
S3150800734014D11AF0080613D1324694F85030052B9A
S3150800735010D02846FFF77DFF0227E8E716F001065A
S31508007360E1D10122F1E706463A46EEE70426FBE7B5
S315080073700E26F9E7C5F80480A5F80C906C61237A07
S315080073806B740A9B2B62CAB1A37AE27A1B01DBB241
S315080073901343CAF3001A43EACA0A85F810A0A37A67
S315080073A0013303F00703A37249464046FEF760FF20
S315080073B02946E881204613F091FFB8E766F03F06B4
S315080073C02E74F1E72DE9FF410F4603A90646154637
S315080073D09846FFF7ABFD0446E0B925B30398D0F805
S315080073E0A42090F8A030B2F85C4040F6F772002C62
S315080073F008BF14460BB1083CA4B2A5420ED80A9B96
S315080074002A46009339464346FFF777FF0446304637
S31508007410FFF77FFD204604B0BDE8F0813046FFF750
S3150800742078FD2B24F6E72124F4E72DE9F74389466E
S31508007430174601A9032206461D469DF82880FFF730
S315080074405DFE30BB306F019C14F0CDFC606020B946
S31508007450204603B0BDE8F043FBE6012165F06F0561
S31508007460A181C4F814906774257480F80080606858
S31508007470FEF7FEFEE081EFF31185302383F31188D2
S31508007480214606F10800FFF791FE85F31188BFF340
S315080074906F8F03B0BDE8F0832DE9F04116461F460D
S315080074A00D46C1B1806F14F09EFC0146A8B10024B8
S315080074B04FF0020804606B6880F80A804360078111
S315080074C030460CF013F9284685F81380FFF7C1FEFD
S315080074D02046BDE8F0812220FBE71A20F9E710B51F
S315080074E078B1FFF750FE044660300CF006F9014605
S315080074F010B1A06F14F072FC2046FFF7A5FE00201D
S3150800750010BD2220FCE738B505460C4661B148682F
S3150800751020B1FFF738FE2846FFF796FE2146A86FEA
S31508007520BDE8384014F05ABC38BD10B504461822D8
S3150800753000211EF0E4FE204610BD0368D90444BFAE
S3150800754043F48063036003689A0444BF43F400630A
S315080075500360704707B50022074B014683F8D82019
S315080075600288064B0432009392B201230448FFF7BF
S3150800757029FF03B05DF804FBC43C0020257F000802
S315080075809415002010F1840F12DA10F1950F25DBFF
S315080075909530102822D8DFE800F01D2121211B2173
S315080075A021211913110F151F1723090008207047E9
S315080075B0003818BF012070471D2070472E207047DD
S315080075C02D20704724207047212070471A207047C5
S315080075D02F2070472C2070472520704701207047C0
S315080075E00F2070470146054B93F8800283F88012F6
S315080075F0D3F8843203B11847704700BF78130020C8
S315080076002DE9F04F644E044696F880320D469246B0
S315080076108FB0002B00F0BB80022B08D1007A01281E
S3150800762094BF00200120C0000FB0BDE8F08F012BE9
S3150800763000F0AF80033B012B03D8037A012B00F03F
S31508007640A88094F8A0000028EED02A68137903F0E1
S31508007650070123F0070313712B68D6F888020693EF
S31508007660237A07918DF82C30D4F89830CDF82D0070
S3150800767043F000430D93494BD6F89C029A889B79B0
S31508007680ADF831208DF8333000234FF4007209939A
S315080076900AA9434BD5F80490BAF800700EF0B5FE67
S315080076A0834688BBDDF82880D8F80430D8E9081264
S315080076B01B0A012B37D03B48834234D0002B5DD1BF
S315080076C009ABCDE90473069B40460093CDE90279E0
S315080076D0CDF804900BAB13F085FB10F1860F8346AB
S315080076E02FD10DF12203B8F800102D480DF1230211
S315080076F012F03FFE031E14BF9B466FF0850B002F4A
S315080077003FD10A980EF06CFE5846FFF73BFF10B9BA
S31508007710099BAAF800302A680799137923F007030A
S315080077201943117180E709ABCDE90473069B4046FE
S315080077300093CDE90279CDF804900BAB13F052FB18
S315080077408346BBF1000FDAD10A980EF049FE14F011
S3150800775034FBD4F898200132C4F89820D6F8982239
S315080077600132B2F1005FC6F89822CDD196F8802290
S31508007770052AC9D10320FFF735FFC5E76FF0860B49
S31508007780BDE73A46002148461EF0B9FDB9E7032091
S315080077904AE7002048E700BF7813002000160020BB
S315080077A000024805020080002DE9F04F0646C06C2D
S315080077B0C7B0836998470746002800F0AC83F3688A
S315080077C023B9B368002B3BD11B2435E0A14B93F8B2
S315080077D0803203F0FB03012BF3D1EFF3118430233E
S315080077E083F3118806F10C00FFF7D6FC054684F3EF
S315080077F01188BFF36F8F0028E3D02B7C4FEA931ACA
S315080078007F2BAB6898BF4FF0000A43BBF06E14F0AD
S31508007810EAFA286020BBEFF31182302383F311883C
S31508007820AB7C0133AB74B36845F8303FB56082F37F
S315080078301188BFF36F8F1A24204647B0BDE8F08F32
S31508007840EFF31184302383F3118806F10800FFF75C
S31508007850A3FC054684F31188BFF36F8FCDE7002795
S31508007860A98900293BD08B1C9BB2D5F814C0BAF164
S31508007870000F06D12A7C9CF80B0022F0070202436F
S315080078802A74287C2C687F28D5F8089029D841B313
S31508007890B9F1000F28D19CF8A080B8F1000F27D0C5
S315080078A06C4A92F8802202F0FB02012A1ED0214679
S315080078B0304614F094FAC5F80090EFF3118230239D
S315080078C083F31188AB7C0133AB74F36845F8303F1A
S315080078D0F56082F31188BFF36F8F0024ACE70B467F
S315080078E0C3E7B9F1000F23D04FF0000808339BB265
S315080078F014216A7CA3701B0A217020710521204679
S315080079006270E370FEF7B4FC6071000AA071B8F10A
S31508007910000F00F0BC82D6F8800014F064FA044622
S31508007920A86038B93046296814F059FA2C6082E7FD
S31508007930C846DDE72A68474C137910A803F0070103
S3150800794023F0070313712B68D5F814B00593AB68B9
S31508007950D5F8048006939BF8083018228DF8343041
S31508007960DBF89C3009910F93D4F88F320021CDF8BB
S315080079703530B4F89332AF89ADF8393094F895328A
S315080079808DF83B301EF0BBFC0021D4F89C42C02287
S3150800799016A80C911EF0B3FC20464FF480722E4BAD
S315080079A00CA90EF032FD044630B10C980EF018FD05
S315080079B010A814F097F87BE0DDF83090D9F820305D
S315080079C00793D9F824300893D9F804301B0A012BF9
S315080079D046D0224A934227D0002B40F086800423C3
S315080079E00146A82216A810931EF089FC20230293AC
S315080079F016ABCDE90043DDE907230394494620A8E1
S31508007A0011F0D6FE10F1860F044621D101231093FA
S31508007A10B9F8001010480AAB0BAA12F0AAFC002805
S31508007A2018BF04464846C1E704230146A82216A8FB
S31508007A3010931EF064FC2023029316ABCDE9004395
S31508007A40DDE907230394494620A811F0B1FE044650
S31508007A50ECB1E7E778130020000248050200800031
S31508007A600146C02216A81EF04AFC3C231C20CDE97C
S31508007A70023016ABCDE90043DDE90723494626A8BF
S31508007A8011F096FE04460028CCD105231093B9F8C8
S31508007A9000304846ADF848300EF0A2FC9E4B04462E
S31508007AA011939DF8543043F010038DF85430F8B113
S31508007AB02046FFF767FD2A6809991379044623F0DB
S31508007AC0070319431171AA68002800F0CF8122B173
S31508007AD01146D6F8800014F081F900273046296847
S31508007AE0AF6014F07CF92F60A6E66FF0860499E77C
S31508007AF0109BCBB19DF8542012F00E0F14D1042B15
S31508007B0036D0052B39D0012B7ED1844B169A9A4252
S31508007B100DD00523CDE913379DF8543043F0020301
S31508007B208DF85430109B5BBB6FF0880419E09DF804
S31508007B305F30022B19D0102B17D8D90715D4052278
S31508007B40CDE9212300232393319B18A843F0020390
S31508007B502097319310F0B3FE0DF084FC04460028FC
S31508007B60D7D010A813F0BEFF22E76FF00C00F3E79A
S31508007B70394620A811F072FEF0E7394626A8F9E73B
S31508007B809DF85420D207CFD4119A654922F47E1263
S31508007B908A4203D001F580718A4235D1042B36D04A
S31508007BA0052B3FD0012B2FD15C4B169A9A4240F0F9
S31508007BB0CE809DF85E100C230DAA01F0010118A8CD
S31508007BC010F0BCFE0DF04EFC04460028C9D19DF805
S31508007BD05430109A43F001038DF85430002AA3D08C
S31508007BE09DF8543003F0090101299DD19C0725D53C
S31508007BF0139B042B08D9053B1393042A79D0052A2D
S31508007C0000F09080012A1ED06FF08604A9E7339B06
S31508007C10002B89D12FAB0DAA07CA83E807000C23CE
S31508007C203393D4E7399B002B7FF47EAF35AB0DAA8F
S31508007C3007CA83E807000C233993C8E7374B11991D
S31508007C409942DAD170E7354B169A9A427FD105994F
S31508007C5018A812F01DFB0DF005FC0446002880D17B
S31508007C609DF854300B9043F004038DF85430109B64
S31508007C70002B3FF459AF9DF85420D0077FF554AF39
S31508007C8091075FD5139A002ABED1149A9742BBD89A
S31508007C90D21B1492042B5DD0052B68D0012BB3D1CF
S31508007CA01E4B169A0C979A4251D10CAB3A4641464E
S31508007CB0CDE9007318A8434610F074FE0DF0D2FB08
S31508007CC0044600287FF44DAF0C9B0B939DF8543067
S31508007CD04FF0000C43F008038DF854300823109831
S31508007CE00B9CCDF828C00C93002848D16FF0880467
S31508007CF072E0059B002B87D0209B002B3FF414AF26
S31508007D00DDE9293213437FF40FAF0522059920A830
S31508007D100FF0A3F9A1E700BF0002500500015005C6
S31508007D2000014005059B002B3FF46EAF269B002BF8
S31508007D303FF4FAAEDDE92F310B437FF4F5AE059932
S31508007D4026A8E5E7754A11999142A3D1ECE66FF0AA
S31508007D50850406E70BABCDE900733A464346414630
S31508007D6020A811F0A3FD04460028AFD0F9E60BAB16
S31508007D70CDE900733A464346414626A8F1E79DF801
S31508007D80543013F0010264D09A0703D5DDE91312C3
S31508007D900A4362D113F010035BD0042808EB0401F0
S31508007DA0A7EB040240D005284CD0012855D19DF8F0
S31508007DB05F20082A54D8594B1699994253D10699E7
S31508007DC018A810F03BFD0DF04DFB0446002842D1E3
S31508007DD00A909DF85F000C90069BC0F108020344C8
S31508007DE0212118461EF08BFA10A813F07BFE002CF2
S31508007DF07FF4DEAD13F0E1FFDBF89C30484A01332F
S31508007E00CBF89C30D2F898320133B3F1005FC2F850
S31508007E1098327FF44DAE92F88032052B7FF448AE47
S31508007E200320FFF7DFFB43E60CAB0193069B20A874
S31508007E3000930AAB12F0F2F80446002C0C9818BF0F
S31508007E400020C9E70CAB0193069B26A800930AAB52
S31508007E50F0E76FF088040020BEE76FF08604FAE7C3
S31508007E606FF08904F7E76FF08504F4E71746D5F84D
S31508007E700480B5F80C90C144C84527D1083217F8D4
S31508007E80011BFEF7E7F99742F9D10027E881EFF3DE
S31508007E901188302383F31188F06C29464369984783
S31508007EA00446C0B1AB7C0133AB742B46B26843F8C9
S31508007EB0302FB3602FB13046296813F090FF0023A6
S31508007EC02B6088F31188BFF36F8FB5E418F8011B90
S31508007ED0FEF7C0F9D0E7686940B9BAF1020F17D0C2
S31508007EE088F31188BFF36F8F0124A5E4BAF1000F58
S31508007EF00ED129468C30FFF759F96A69D37B0133CD
S31508007F00D3736C69237C1BB920F0A6F8C4E9060173
S31508007F1088F31188DFE434248EE400BF000150059D
S31508007F2078130020094A13B1012382F82832012167
S31508007F30074B83F8D81092F88032042B05D100231A
S31508007F400520C2F89832FFF74DBB7047781300201A
S31508007F50C43C0020EFB506460D46843803A91746EB
S31508007F60FFF761F988B90623039909228B8105234E
S31508007F700D7245F48055CB810E600D610F75012396
S31508007F80009130460C31FFF71DFA04B0E0BD2DE92B
S31508007F90F047064630274FF0020900F1100833690A
S31508007FA07BB1EFF3118A87F311884046FFF7F4F89F
S31508007FB04469054694F850302BB98AF31188BFF303
S31508007FC06F8FBDE8F087B4F86830002BF5D0013B19
S31508007FD0A4F868308AF31188BFF36F8F2B7C406949
S31508007FE07F2B4FEA931231D9032A09D1D0F864A01E
S31508007FF0BAF1000F04D0AB6A2A6A6968007AD047DA
S3150800800094F85030062B24D0082B22D0032B17D1F6
S315080080102046FEF76BFF98B1637A84F85090DB062A
S315080080200ED5EFF31182302383F31188D4F8A430E8
S31508008030596844F8041F5C6082F31188BFF36F8F98
S31508008040002328466B60FFF704F9A8E7D0F858A084
S31508008050CEE72046FEF7E8F80028F1D0D4F8A400C9
S315080080600922217A8430FFF775FF18B1092384F8AD
S315080080705030E5E794F85030062BE1D10723F6E7B0
S315080080802DE9F0431D460623137049681446302926
S3150800809087B071D00ED8042905D9202966D00023C7
S315080080A063600D2334E0013903292FD8DFE801F096
S315080080B03257384240F2022399427CD00ED85029D2
S315080080C05DD0B1F5007F5FD04029E8D1516050F806
S315080080D0380CC3699847A06008234BE040F2013387
S315080080E099426DD0B1F5885F6FD0A1F58053FF2B0B
S315080080F000F28E80C9B241F480534E485360FEF7B1
S31508008100ADFE08B190F85000207207E000235360D6
S31508008110A360E1E70123536006231372052329E0D0
S31508008120042303220821C4E901230023C4E9031315
S3150800813010231FE01346042243F8042F3E4A116811
S3150800814059605168128999609A810E2363800123C8
S315080081504374638804332B6007B0BDE8F0830223B9
S31508008160536010F8333CDB000133D1E7516050F817
S31508008170302C22816380ECE75160C36BC8E75160FD
S3150800818050F8380C036AA5E7516003A809F068FCA3
S31508008190049BE360002323619DF80C30012B02D178
S315080081A003232372C4E723B923724FF0FF33E36036
S315080081B0BEE70423F5E7214B5160D3F8A032A7E7C1
S315080081C01E4B516093F88032A2E7516002F107080E
S315080081D002F1870900221646531C6846CDE9006657
S315080081E0CDE903668DF804208DF8103002960596C1
S315080081F0FEF740FE074603A8FEF73CFE47EA0017CF
S3150800820008F8017F0232C145D2B2E5D18423B1E72D
S31508008210A1F5E063FF2B3FF642AFC9B241F4E06334
S3150800822004485360FEF71AFE00283FF46DAF90F835
S31508008230A00069E7D43C0020A49302087813002024
S3150800824030B40446EFF3108072B6256885EA020357
S315080082500B406B40236030BC20F08BBA2DE9F0410F
S3150800826002262D4C2D4D204620F036FB201D20F0F1
S3150800827033FB04F108002A4C20F02EFB04F50057C6
S315080082802846C7F8A0601022F021FFF7D9FF04237B
S315080082902846C7F8A0304FF480624FF47061FFF7A4
S315080082A0CFFF08234FF48052C7F8A030012704EB0C
S315080082B0020828464FF47041FFF7C2FF32462846A7
S315080082C00F21C8F8A070FFF7BBFF20234FF48002E8
S315080082D0C8F840304FF470011248FFF7B1FF124B4F
S315080082E00020C4F838384FF00213C4F8303803F5C4
S315080082F08033C4F834381D23C4F82468C4F82038F9
S315080083000A4B03F58052576040F201429A600522F3
S31508008310DA605A61BDE8F081CC93020894C0035034
S3150800832000C0035034C003500200010000000A5088
S31508008330BFF34F8F0549064BCA6802F4E062134340
S31508008340CB60BFF34F8F00BFFDE700BF00ED00E035
S315080083500400FA052DE9F0410C46154607460028A3
S3150800836042D0EFF31186302383F311881F4BD3F8DD
S3150800837010334B1E0E2B2DD989B34FF000083878D1
S3150800838079784DB320F0FCF80F217A783B78072AE4
S3150800839003EB43034FEA031388BF083A144895BF13
S315080083A04FEA820C4FEA820C04330C3308FA0CF2BB
S315080083B001FA0CF11844FFF743FF24B938787978A5
S315080083C07DB120F0DDF886F31188BFF36F8F0020AA
S315080083D0BDE8F0818846D2E713F078FCD4E78846F2
S315080083E0D2E713F073FCEEE72220F1E700C0035052
S315080083F030C0035008B528B14178007820F0C0F89D
S31508008400002008BD2220FCE708B528B1417800788D
S3150800841013F05CFC002008BD2220FCE738B50546B1
S315080084200C46FDF7BDFF6B6CA3F11402B3F5805F34
S3150800843002FB00F005D140F6E8736969994288BFE6
S31508008440CC30E31DB3FBF2F3013304EBC304204441
S3150800845038BD38B5054644692146FFF7DFFF6A6C23
S31508008460E31D143AB3FBF2F3AA69144404EBC304FC
S315080084700C34204438BD03460846EFF3108172B623
S31508008480024ADB6BC2F8A412DB681847781300208F
S315080084902DE9F0410646406882B0C0B10F469046C5
S315080084A00024336853F8345003EBC403C5F307526A
S315080084B0C5F31301013504F1010406D05B683046A3
S315080084C0CDF80080B84710B170688442E9D302B08D
S315080084D0BDE8F081036813F07E0F03D1406820F0F1
S315080084E07C40704713F078001CBF03F07F03D81F49
S315080084F070474BF29A2210B503680446B2EB134F45
S3150800850013D19BB2012B15D1FEF700F9013011D01A
S315080085104FF6FF72E068B2EB104F4FEA10430BD1EB
S3150800852080B2C01A18BF012010BD013314BF042041
S315080085300320F9E70420F7E70220F5E7F0B505463A
S31508008540002687B0EC69013CB44203D80C462046A5
S3150800855007B0F0BD01B14C1E6F6C2868EB6B0522A5
S315080085605B6901A907FB0400984701A8FFF7C1FF4B
S315080085700128ECD921460136E4E7F0B5036806463A
S31508008580CC1A436C0025B4FBF3F487B0F36937685B
S315080085905A1E9542706C06D3736C306803FB040050
S315080085A0143007B0F0BD0134B4FBF3F203FB1244F8
S315080085B0F36B05225B6901A900FB0470984701A8C3
S315080085C0FFF797FF0128E7D90135DFE710B423F055
S315080085D0030422449B070A44436C18BF04325B42D7
S315080085E082EA0104234202D05DF8044BC5E710462F
S315080085F05DF8044B70472DE9F04F144606460F46C2
S315080086008BB00393C36B01225B6907A9606898471F
S31508008610F36B01225B69384606A99847079B5D1CE0
S3150800862007D10022A360A275627500200BB0BDE8D1
S31508008630F08F0122A2750022217E069D04EBC1015E
S31508008640CF610A846068C5F3D31CB84205F07F0180
S315080086500CD14FF0FF33C4F800C02175A360237D09
S31508008660043B022B26D80023A375DEE794F814E012
S3150800867020688E4503D1A0EB0C004242424103F02C
S315080086807F0001288CBF0020012001298CBF002112
S315080086900121884218BF002215F07E0FA27503F04B
S315080086A07E0304D1002BDAD00023A375D7E7002B6D
S315080086B0D5D1F9E715F07E0F0FD1F36B02223846B4
S315080086C05B6908A9984708A8FFF704FF237D032BD1
S315080086D050D8DFE803F0140E045806A8F4E7CC22B5
S315080086E0237E04EBC3031A8401236A4A13441B7BC3
S315080086F00AE0237E04EBC30318840023F5E7237EF0
S3150800870004EBC30318840123149A1370069A12F013
S315080087107E084FEAD26A227E37D104EBC2020AF0FB
S31508008720030582F82250F36BB2F820905B690222A7
S3150800873008A93846984720220DF117000DEB0201CB
S315080087408DF81780FDF7C4FF1A2209A9FDF7C0FFA7
S315080087509DF81730099A4FF0080BB3EB926F0CBFD0
S31508008760012300236375637D33BB0023A3754FF094
S31508008770000852E0227E013BDBB204EBC202052B65
S315080087801084C0D8B1E70223AFE7002504EBC20284
S31508008790B2F8209082F8225006A91B2208A88DF864
S315080087A02050FDF795FF9DF820204FF0040BA2EB13
S315080087B00A0253425341D5E794F81680B8F1000FE0
S315080087C0D5D0B9F1000F09D1E5B10123E375637E70
S315080087D0002B36D1012D29D1657615E0736C07EB90
S315080087E00B025B4287EA02010B421CBF0023A375FA
S315080087F0736C591E0A409B1A4B45B6D3A37D002BB2
S31508008800E2D1B4E7E37D43B94FF000084B465A4638
S3150800881039463046FFF7DAFEA060A27D237EBAB954
S31508008820012B33D801332376A07DFFE696F8343042
S3150800883063B9F36A0133E9D1032DE7D10123A3769E
S31508008840E2E7012DE9D0032DDED1F7E79846DDE70B
S315080088502269012B4A44226118D801332376039BE7
S31508008860002BE1D0E37D002BDED0B8F1000FDBD181
S31508008870032DD9D0A1684B1CD6D0149B2246009351
S3150800888030460123FFF7B7FEA075CDE70023A37591
S31508008890CAE700BFCC93020813B50C46002121761F
S315080088A00093616813462246FFF7A5FE18B1E37DDB
S315080088B003B1A07EA075A07D02B010BD2DE9F743D7
S315080088C0044616461F460D46DFF87480816AE36A39
S315080088D08B421ED04B1C1CD0DFF860904846FEF732
S315080088E091F80122494620460DF10703FFF7D4FF08
S315080088F030B13B4620469DF807201049B04740B1A5
S31508008900D8F8B0124A1C07D0012D0DD0E36A994257
S31508008910E4D103B0BDE8F083D8F8AC122046FFF7DF
S315080089202CFE012D0146D2D1D8F8AC3281EA0302D9
S31508008930636C5B421A42ECD1C9E700BF20160020DF
S31508008940781300202DE9F0410F461646984604464E
S3150800895088B060B390F83450FDB10121FFF78BFD64
S3150800896000210E9BCDE90511CDE902379DF83C3073
S31508008970CDF804808DF81C30237C04968BB90D49FC
S3150800898001AA04F10800FFF783FDDDE90553E06B52
S31508008990002E08BF1D4613F0CCFB284608B0BDE8DC
S315080089A0F0812046044A01ABFFF788FFEDE705464C
S315080089B0F3E700BF97640008FD8B00082DE9F04136
S315080089C0D0E90A369E42044686B028D11422C369E5
S315080089D0456802FB1355284606B0BDE8F0812068B5
S315080089E0676C331AB3FBF7F3E26B07FB0300D2F8A5
S315080089F0148001A90522C04701A8FFF77AFD0128BE
S31508008A0004D0636C1D44013B3340ED1A31462046C1
S31508008A10FFF7B3FD0646A36AB342E0D1DBE70025BC
S31508008A20F9E72DE9F04F0F469A46002389B0044628
S31508008A304FF0FF31104690468DF80B30FDF7E2FFF8
S31508008A40B7F5801F20D2394603AA04F10800FDF7BE
S31508008A5077FD451C014605D1237CBBB92D2009B0FD
S31508008A60BDE8F08F4046FDF7CDFF0122414620467E
S31508008A700DF10B03FFF710FF0028EDD09DF80B3022
S31508008A808AF800300020EAE7B81CE5D1E66A711CCE
S31508008A902CD12046616AFFF751FD0646BB1C18BF5C
S31508008AA00123DFF8C4B00093636A626C01932368FC
S31508008AB003A902FB0639E36B484605225B6909F1FF
S31508008AC014099847002549464B1C05D0636C81EA72
S31508008AD009025B4213420FD031462046FFF72EFDAE
S31508008AE0019BB3422FD085BB0646DDE72368F61AFD
S31508008AF0636CB6FBF3F6D1E71A48FDF783FF204609
S31508008B00009A18490DF10B03FFF7C6FE8446B8B163
S31508008B10BA1C03D0DBF8D432BB4211D145469DF8C6
S31508008B200B30DFF840E08AF80030BEE80F000FC5CA
S31508008B30BEE80F000FC59EE8070085E807006546F2
S31508008B40DBF8DC12C0E7002D88D0B7F5801F99D274
S31508008B5039469AF80030D8F8042004F10800FDF7E1
S31508008B601FFD8FE74C160020781300202DE9F043EF
S31508008B7085B00C4617461E460546DDF83080A0B37C
S31508008B8090F834309BB3B1F5801F32D2DFF8689085
S31508008B900121FFF770FC214628460DF10F0309F560
S31508008BA04072FFF73EFF044688B99DF80F30012B47
S31508008BB014D1D9F8102306EB08039A4213D3009070
S31508008BC0434632463946284612F0A0F90446E86B71
S31508008BD013F0AFFA204605B0BDE8F083022B14BFA8
S31508008BE02D246024F3E76324F1E72124F2E7112416
S31508008BF0F0E72924EEE700BF7813002073B50D4689
S31508008C00D11E4A421C461B7E4A419A4229D12968EE
S31508008C102368994225D36368994222D8124E0DF1EA
S31508008C20070306F54B72FFF7FCFED0B9D6F83023DA
S31508008C306B689A4215D19DF80730DA1E53425341A4
S31508008C40227E93420DD1636901336361D4E903231C
S31508008C50934206D22968A26842F823102369013391
S31508008C602361012002B070BD7813002070B500257D
S31508008C70044686B00562E369AB4202D8206A06B0AC
S31508008C8070BD666C2068E36B05225B6906FB050010
S31508008C9001A9984701A8FFF72CFC012898BF236A69
S31508008CA005F101059CBF01332362E4E738B50446A4
S31508008CB0456C006804F1400305FB0101E06BFDF714
S31508008CC04DFD05462046FFF7D1FF284638BD2DE95C
S31508008CD0F04100254FF0FF384FF6FF73044647462C
S31508008CE02E46C0E9085386B0E369B3420DD8A5EB12
S31508008CF00805012D06D94FF6FF7300256362E3695F
S31508008D00AB4223D806B0BDE8F081E26B2368606CFD
S31508008D10D2F814C000FB0630052201A9E04701A8D5
S31508008D20FFF7E7FB01280FD801A8FDF7EFFC8742FC
S31508008D3088BF6662804528BF8046854238BF05469B
S31508008D400746236A013323620136CDE7666C20683D
S31508008D50E36B06FB050005225B6901A99847013507
S31508008D60CDE72DE9F04F97B0CDE908230D460A69FE
S31508008D70416CD31D1439B3FBF1F3013302EBC30283
S31508008D80036B04469342C0F0D9820023DFF8C092F1
S31508008D900C93E36AAD4819460693FDF733FED5E909
S31508008DA003370393099B022B40F02681CC2F40F012
S31508008DB0A682089B002B00F0F18000266868E36B0A
S31508008DC0119601225B6911A908309847B04694F8B4
S31508008DD04230012B40F0AD80632E2DD9119B666C75
S31508008DE0069A1293731E1340F61AE36B01225B6907
S31508008DF0686814A99847149B13F07E0F14BF0423C0
S31508008E000823782F059340F20781012200234FF0AB
S31508008E10080A04922A68C9F8E472C9F8D422099A99
S31508008E20032A00F01F81022A00F0C780049A002A4C
S31508008E3014BF00220722C4E0612E08D814AB3246BC
S31508008E4029462046FDF7DCFA9DF8503023B314ABCB
S31508008E503246294620468DF84C80FDF7D1FA94F81B
S31508008E604230DDF850A0012B52D14FF6FF739A45D8
S31508008E7000F09280082214A913A8FDF729FC9DF892
S31508008E804C20CAF307239A4240F086805FFA8AFA92
S31508008E90119B534411937FE094F84230012B2DD156
S31508008EA032462946204612ABFDF7AAFA294620463D
S31508008EB013AB721CFDF7A4FA2946204614ABB21C64
S31508008EC0FDF79EFA0823102213A90DF143008DF829
S31508008ED04330FDF7FDFB102214A9FDF7F9FB129BA1
S31508008EE0DAB2002A51D19DF84320B2EB132F4CD1A8
S31508008EF0DDE9133203EB0243119346E0302E2BD9FA
S31508008F0043E09DF84320B2EB134F3ED1139BF3E7A2
S31508008F10BAF1FF3F40D0102214A913A8FDF7D8FBD9
S31508008F209DF84C20CAF307439A4235D11FFA8AFAAC
S31508008F30AEE7312E3FF652AF89D014AB32462946FA
S31508008F402046FDF75DFABDF85030002B7FF47FAF61
S31508008F5094F84230012BA3D032462946204612AB5C
S31508008F60FDF74EFA2946204613AB721CFDF748FA60
S31508008F701023202213A90DF143008DF84330FDF785
S31508008F80A7FB129B9AB2002ABBD094F84230012B59
S31508008F9014BF012302231E44013618E7039B01224E
S31508008FA01B684FF0080A12932B680492C9F8D4324A
S31508008FB008230593089BC9F8E472049AC2F10202D1
S31508008FC0D2B289F8E8224FEA9A020E92069A0192DC
S31508008FD000220A920D9207920B92606C019A411E2A
S31508008FE01140421A002F3FD053449A4247D8236B68
S31508008FF01B1A0B4423635BE1666C069A731E1340C7
S31508009000782FA6EB030619D8EB7D8BB9089B002BA6
S315080090107FF4EBAE042305933B1DB3421AD9F7B18F
S31508009020082E3FF6F2AE042300229A460492F1E691
S31508009030089B002B7FF4D9AE0823ECE7089B002B8E
S315080090407FF4D3AE08230593DFE600BF4C16002055
S3150800905078130020002304934FF0040ADAE6042369
S315080090600497F9E7099AACE75245C0D3B846019B7D
S3150800907053440293079B002B18BF032314E0A2EB6B
S315080090800A02019B9742B846534428BF9046974226
S315080090900293EFD90123D9F8E42289F8EB329742F3
S315080090A043D1019AC9F8D822079399F8EB32002BD5
S315080090B03DD099F8EC220199D31C09EBC303C3F8F8
S315080090C0D81207990132A3F8DC8283F8DE1289F8F0
S315080090D0EC22B8F1000F14D0099B022B2BD10A9B66
S315080090E07BB90D9B4344032B0BD9E36B01229B6988
S315080090F0029812A998470646002840F027810123BE
S315080091000A9399F8E8322E688D4A012B02EAC616A8
S3150800911028F07C4B40F289809A1E012A03D908F16F
S31508009120070303F07F031E4385E00223BCE7019B88
S31508009130C9F8D832CDE7089B002B31D1039BB8F18B
S31508009140030F03EB080B28D9DDE90201E36B4FEAAD
S3150800915098029B6998470646002840F0CA8018F08E
S3150800916003025FD0039B28F0030633440393029B54
S315080091701E444FF0FF33039913A813931DF0DEFA2C
S31508009180E36B304601229B6913A998470646CDF83A
S315080091900CB0002EB5D0029B6FE04246029EE8E76F
S315080091A005F12003DDF808B00F93EB7D68689BB1E5
S315080091B000232E7E0B9AD9B28E4211D90F9903F14C
S315080091C0010C31F83310914226D9059905EBC303F2
S315080091D0D8690A44104403E00B9B059A13441844C3
S315080091E0E36B01225B6913A99847139B012211932C
S315080091F00B9B584604330B93E36B11A99B6998475D
S31508009200029B06464344A3EB0B03042B07D900280D
S3150800921072D10BF1040BC8E76346521ACBE7CDF8B7
S3150800922008B0B6E7CDF80CB06BE7079A43EAC26315
S31508009230334343F060464FF000038DF84C30049BEF
S31508009240CDE9146B002B49D0202214A913A8FDF7E9
S315080092503FFA1A2215A9FDF73BFA9DF84C304BEA5E
S3150800926083631593E36B0E9A9B69019814A9984733
S31508009270019A061E0C9B18BF134652460C932046AD
S3150800928043460199FFF7A2F9236B08F10302A3EB02
S315080092900A0322F003029B1AC9F8DC022363002E94
S315080092A054D10D9BA7EB080743440D93029B0193EA
S315080092B020460199FFF761F900230190002F7FF4FA
S315080092C08CAE204A04F10800D2F8DC32D2F8D82253
S315080092D0E3622968099BFDF763F911E01B2214A9CB
S315080092E013A8FDF7F5F99DF84C3046EAC3661496BF
S315080092F0B8E7CDF80CB04EE7CDF808B04BE77027C5
S31508009300384617B0BDE8F08F002760E004F1080082
S31508009310FDF7DDF83B46394620460B4AFFF7CEFAFD
S315080093202A69616CD31D1439B3FBF1F3013302EBDF
S31508009330C302236B9342BFF42CAD6DE01C27DFE715
S3150800934080FFFF0778130020516600083D2E63D181
S3150800935004F1080301932768069B2046E16AD4F8BE
S3150800936044A0A3EB070BFFF708F9A26ABBFBFAFBBD
S315080093708242D5D0616CD9F8DC2201F1FF3C02EAC1
S315080093800C0C226B0C9B521A624422632268E06220
S315080093909A1AB2FBF1F8C345B6D10AFB0877069BC1
S315080093A007F1140BB3EB0B0711D0E36BBA08594658
S315080093B09B6998478246E26A069B3A44E262226BB8
S315080093C00198D21A5A442263FDF781F85746236852
S315080093D0616CE06B01FB0831FDF767F92046FFF782
S315080093E045FC2046FFF773FC626A616C23682046D9
S315080093F001FB02331433A362FFF7E0FA2063002F60
S3150800940084D02A69616CD31D1439B3FBF1F3013397
S3150800941002EBC30290429ED2374671E7F7B5089C25
S31508009420032A1646256805D1237A012B25D0012063
S3150800943003B0F0BD274F28460DF1070307F54B7219
S31508009440FFF7EFFA60600028EED1D4F800E0D7F80D
S315080094503003DEF82810DEF844C04840CCF100039B
S315080094601840227AE0D1012A09D1E268D7F83C33BC
S3150800947013446A69934202D92074207CD8E7DEF83F
S315080094800020DEF82C30891A9B1AB3FBFCF3B1FBDB
S31508009490FCF18B420DD1696CEB6A4A1E13402A6BAC
S315080094A0521A13442B6325682846A96AFFF765F8FC
S315080094B0E862D7F83C23E36808321344E3600122E4
S315080094C0334605492068FFF74CFC60600028ABD09E
S315080094D00020ADE778130020A4160020032A2DE902
S315080094E0F34106460D4617461C4606D1237A012B3C
S315080094F024D0012002B0BDE8F081DFF86080096859
S315080095000DF1070308F54B72FFF78BFA6060002828
S31508009510ECD19DF80720237A032AE7D0D8F8301330
S315080095206A689142E2D1012B2969D4F80CC007D1A7
S3150800953072690CEB0103934202D92074207CD9E7A7
S3150800954008316144E1603B46012229463046FFF76F
S3150800955008FC60600028C9D00020CBE778130020FB
S315080095602DE9F34104461F46164688462C4D4FF012
S31508009570FF3105F54B70FDF745FA9DF820300022BE
S31508009580204605F54B71C5E9CE67C5F82C83FFF76C
S31508009590E8FB236E0746002B3DD020466169FEF79F
S315080095A03DFF626E236B024493422CBF00220122C8
S315080095B0984228BF0023257C38BF1B1A002684F84A
S315080095C05020636584F85850D5B1DFF85880334683
S315080095D03246314620460196CDF80080FFF7B2F9AB
S315080095E001230546CDE900833246334631462046F7
S315080095F0FFF7A8F9E36805449D4294BF3546ED1A7E
S3150800960094F85030E56513B994F858301BB1236EB9
S3150800961004F150009847384602B0BDE8F08100BF13
S3150800962078130020FFFF0F007FB50C46054648B3A8
S3150800963090F8343043B3B1F5801F27D20221FEF7E4
S315080096401AFF21462846124A0DF10F03FFF7E9F9DA
S315080096500646A8B99DF80F30032B11D0284612F0FC
S3150800966089FB032321460093324633462846FFF7F3
S3150800967077FF0446E86B12F05CFD204604B070BD27
S315080096802D24F7E72124F8E71124F6E72924F4E73F
S3150800969078160020F0B504460D46466CE36B006864
S315080096A087B005225B6901A906FB0500984701A852
S315080096B0FEF71FFF012804D801A8FDF727F807B011
S315080096C0F0BD29462046FEF739FF0646676C206836
S315080096D0E36B05225B6901A907FB0600984701A809
S315080096E0FDF714F8431CEAD0B54238BF0130E6E767
S315080096F02DE9F04F4FF0FF334FF6FF720025044671
S3150800970000F10808C0E909238BB0C3620562056346
S3150800971040468B46FCF7DBFE2046FFF7A7FA40BB20
S315080097204FF6FF79676A00264F4514BF3D46002568
S31508009730E3699E423BD32046FFF798FA08BB5E20B2
S3150800974028E02368E26B606C566900FB0530052249
S3150800975005A9B04705A8FEF7CCFE01281DD1294664
S315080097602046FFF797FF421C29462046FFF79EFA38
S315080097700135E3699D42E4D32046FFF777FA0028CE
S31508009780CED02046FFF7A3FA4FF6FF72636A9342DC
S3150800979037D167200BB0BDE8F08F0338C0B2012877
S315080097A0E6D829462046FFF775FF0246DCE7E26B56
S315080097B02368606CD2F814C000FB0530052205A9A1
S315080097C0E04705A8FEF795FE022807D04F450DD1BC
S315080097D00BF1010229462046FFF768FAE3690135CD
S315080097E0B5FBF3F2013603FB1255A1E729462046DD
S315080097F0FFF750FFB0F1FF3F14BF02465A46013249
S31508009800E8E7E26B666C206855696946052206FB3F
S315080098100300A847626A616C23684B4D01FB02335B
S315080098201433A3624FF0FF336FF00101E362204661
S3150800983005AB05F54B72FFF7F4F8002849D1D5F8C2
S31508009840345329462046E562FCF7C1FD206320B95A
S315080098502046E16AFEF791FEE06229462046FEF7B9
S315080098608CFE0546A36A9D4235D12046FCF798FD35
S31508009870002607463546E3699D423ED3B74257D987
S315080098802046616AFEF75AFE4FF00008054604F1C5
S31508009890400A464512D8626C2368694602FB0539B8
S315080098A0E36B05225B69484698476846FCF72EFF36
S315080098B0534602464946E06BFCF750FF29462046C8
S315080098C0FEF73CFE08F1010847450546E1D164204C
S315080098D060E7A56AB5E729462046FCF778FD236BBD
S315080098E029460344064623632046FEF746FE0546F8
S315080098F0002EB7D1C4E90B06B4E7626C236805A944
S3150800990002FB0539E36B05225B694846984705A8BB
S31508009910FEF7EFFD012809D8204609F11401FCF7E6
S3150800992056FD636C143B984208BF01360135A2E721
S315080099304046FCF7CCFD002320461946034AFEF7AD
S31508009940BDFF002026E700BF7813002051660008F7
S315080099502DE9F8430023A04F0E46D7F8588304464E
S31508009960C7F8583318B921252846BDE8F88390F872
S3150800997034500DB309680268914240F0238171683A
S315080099804268914240F01E81B1688268914240F077
S315080099901981F168C268914240F0148131694269BF
S315080099A0914240F00F81B169C26B914240F00A8141
S315080099B072691D468261D7E7D0F838906822294631
S315080099C01CF09DFCC4F83890336804F10800236045
S315080099D073686360336963617369A361D6E90223B7
S315080099E0C4E90223FCF773FDB36904F14000E3639D
S315080099F09B689847002849D1616C11B16368B3FB2D
S31508009A00F1F194F84330E161002BACD00023656C8A
S31508009A102366002D00F0DE80002900F0DB80236835
S31508009A20B3FBF5F205FB1233002B40F0CD80D4F8DA
S31508009A300490B9FBF5F605FB1696002E40F0C48097
S31508009A402046FEF706FD8145C0F0C08040F6347218
S31508009A506369CC3B934200F2BB80B5F5805FC0F0EA
S31508009A60B98003212046FEF706FDD4E90001E36B21
S31508009A701B6898470546E36B0220DB6898473DB1AB
S31508009A8084F83460E06B12F054FB6DE72946B8E7BA
S31508009A9041462046FFF72CFE6428054604D1414678
S31508009AA02046FFF725FE0546636C143B75BB226A04
S31508009AB0204602FB03F6FEF7CCFC864203D284F866
S31508009AC034505A25DEE70123D4E9006084F834309F
S31508009AD0D7F85C33D7F860830133C7F85C33FCF7F3
S31508009AE061FF1F2816D8BFF35F8F05223B4BC3F8CB
S31508009AF094205A6A42F480325A62BFF34F8FBFF3FA
S31508009B006F8FBFF34F8FBFF36F8FBBE7002384F8C8
S31508009B103430B7E74FF0000CF10600F1FF3018BFFC
S31508009B2026F01F0106EB00030CBF31462031DA068A
S31508009B302A4A18BF23F01F035FFA8CF0804526D8FF
S31508009B40D2F8C00021F01F0120F47F4040F4807055
S31508009B50C2F8C00041F00301EFF31186302080F30C
S31508009B601188D7F8600323F01F0343F00303C2F8F4
S31508009B709800C2F89C10C2F8A03086F31188BFF38B
S31508009B806F8FD7F860330133C7F86033ABE7C2F895
S31508009B909800D2F89C00D2F8A06020F01F008842F6
S31508009BA026F01F0601D19E429DD08E4201D39842CF
S31508009BB099D9D2F898000CF1010C20F0FF00C2F8F0
S31508009BC09800B9E75D25CFE65925CDE65A25CBE6B7
S31508009BD05F25C9E65B25C7E67813002000ED00E09F
S31508009BE0034B5A6812B19A6A002AFAD1704700BF25
S31508009BF000C00050044BD3F88420D206FBD4D3F817
S31508009C008400C0F381107047004000504209531E7B
S31508009C10022B96BF074B002303EB820300F01F00BD
S31508009C2029B103F58053012282401A60704703F573
S31508009C300053F8E76080005010B5EFF31182302327
S31508009C4083F31188204B93F864432CB182F311886F
S31508009C50BFF36F8F1D4810BD012183F8641382F38B
S31508009C601188BFF36F8F202083F8FC4083F80C41DE
S31508009C7083F81C4183F82C4183F83C4183F84C4116
S31508009C8083F85C4183F86C41FFF7C0FF2120FFF79A
S31508009C90BDFFFF220E4B59609C609C619A624FF093
S31508009CA000429C631C645A654FF0FF3203F500536B
S31508009CB01A6580210822074BC3F8842183F82313E9
S31508009CC05A602046C7E700BF78130020038000F0DB
S31508009CD00000045000E100E000232DE9F04F0D4696
S31508009CE00A26184C85B0C4F87831C4F87031C4F81F
S31508009CF0A031C4F87411284603A912F08CF8D0B91B
S31508009D00039B013E9A7C02F101029A74D4F87821E9
S31508009D1043F82C2FC4F87831EDD10A220A4B1A8061
S31508009D20FFF78AFF18B1094B984240F0C2810848EC
S31508009D300FF00EFD70B14FF01908404605B0BDE8AA
S31508009D40F08F00BF78130020C43C0020038000F089
S31508009D5014150020D8480FF0FBFC80460028EAD1ED
S31508009D60D4F89C31D4F818224FF0000A934288BFE1
S31508009D70C4F89C214FF0100288BFC4F81832CF4BA4
S31508009D8002269A614FF020129A614FF40012DA61A6
S31508009D90A3F510439A6ACA4A01279A62DA6A4FF407
S31508009DA04222DA624FF48023C4F88C31C54BC64D83
S31508009DB0C4F8083242F22003C4F890A1C4F80CA2F1
S31508009DC0C5E901AAC5E920AA84F87C62D4F87C22F0
S31508009DD005F5EC7020FA06FC6CF39F024FF0400B79
S31508009DE05146C4F87C220D22C4F87832C4E99C7A1C
S31508009DF084F8957184F8117284F899711CF07FFAC9
S31508009E00B24B4FF02009C4E9913603F5C52303F296
S31508009E10E473C4E9993A42F2200384F87463D4F8E7
S31508009E20740305F1AC02F24062F39F00A84A84F875
S31508009E306C62C4F87403C4F86022D4F86C0205F1A5
S31508009E40BC02F24062F39F00A24A84F85862C4E951
S31508009E5094B2C4F86C0205F5F472D4F85802F240CC
S31508009E6062F39F009C4A84F88463C4E9DE2AC4F836
S31508009E705802D4F8842305F5FC70C4F8803340FAF8
S31508009E8006F363F39F025146C4F884230D22C4E9FE
S31508009E908F6984F87193019384F86873C4F84C62E7
S31508009EA01CF02DFA8D4A8E4B84F89463C4E9E2239C
S31508009EB005F50672C4F890236022019B84F88A236C
S31508009EC0D4F89423514663F39F02C4F8942305F506
S31508009ED002700D221CF013FAD4F8A42305F50773B3
S31508009EE023F003033A40334313438022C4F8A433D0
S31508009EF07C4B84F8B863C4E9EC23A5F11400D4F8C4
S31508009F00B83320FA06F262F39F0351460D22C4F8CD
S31508009F10B83384F8987384F89CB3C4F8AC631CF01F
S31508009F20EEF984F88861D4F8883105F50B7020FAC3
S31508009F3006F262F39F0351460D2284F88591C4F810
S31508009F40883184F87C711CF0DAF984F8C863D4F88F
S31508009F50C82305F50F73F34063F39F0284F8D863AB
S31508009F60C4E9F226594AD4F8D83305F51370C4F86B
S31508009F70D42320FA06F262F39F0351461022C4F84E
S31508009F80D093C4F8D83384F8BC7384F8C1B31CF0F2
S31508009F90B6F95549524B84F80462C4E9F71305F13A
S31508009FA0A003C4F8E43344F24003D4F80422C4F806
S31508009FB0003205F51773F34063F39F024B4B84F8A1
S31508009FC0F863C4F80422C4F8F433D4F8F82305F186
S31508009FD01803F34063F39F02454B84F8B461C4E960
S31508009FE06A3AC4F8F82305F51B73D4F8B421F3408C
S31508009FF063F39F024FF48053C4F8003441F2100310
S3150800A00084F80864C4F8043405F12800D4F8083440
S3150800A010C4E9FB69C4F8B421DFF8E49020FA06F233
S3150800A02062F39F0351460D22C4F80834C4E97E7AC8
S3150800A030C4F8B091C4F8FC731CF061F905F51F73F8
S3150800A040D4F8C421C4F8C03105F1380323F003035A
S3150800A0503A4033431343C4F8C431264B84F8D461D9
S3150800A060C4E9723A05F15800D4F8D43140FA06F238
S3150800A07062F39F03C4F8D4311F4B84F8E461C4E942
S3150800A080763AD4F8E431514662F39F031022C4F8B5
S3150800A090E43184F8B861C4F8BC71C4F8D091C4F846
S3150800A0A0E0911CF02CF9154BC4F8F091C4F8E8318E
S3150800A0B043E64FF0100840E69015002000100450C3
S3150800A0C005200C00020004000815002040D00350AB
S3150800A0D0F07F000314100A50010010000800200049
S3150800A0E024000A5014000A506000100340E0035090
S3150800A0F060000030F07F0030700000301000003043
S3150800A1003C000A5038B5174CFF28A26A28D8A36D18
S3150800A110154D13F4803F18BF4FF48031134B18BF09
S3150800A12099624FF080719962A36995F9D95023F421
S3150800A1307F03054423F47F4343EA002385F3080598
S3150800A14043EA0543A3610A48FEF77AF8A36DDB03E1
S3150800A15004D54FF480310648FEF772F8002038BD62
S3150800A1602120FCE70040005AC43C00200050005A59
S3150800A1702840005A38B50F4C0F48A26AA36D13F44D
S3150800A180803F18BF4FF480310C4B18BF99624FF0CF
S3150800A19080719962A569FEF753F8A36DC5F3072583
S3150800A1A0DB0304D54FF480310348FEF749F8284607
S3150800A1B038BD00BF0040005A2840005A0050005AD7
S3150800A1C0014B83F8D9007047C43C0020014B93F932
S3150800A1D0D9007047C43C00204FF480331148124917
S3150800A1E0826A8B62836D03F00303032BFAD14FF067
S3150800A1F080730E488B620B4B996D30EA0101FBD1D7
S3150800A200012009490865996D8907FCD4054B996DA4
S3150800A2108807FCD5996D8907FCD505490548FEF7D9
S3150800A2200FB800BF0040005A0050005A0300010052
S3150800A230000001012840005A10B5164B0446D3F811
S3150800A240283103F00703013B052B04D8DFE803F0A8
S3150800A2500A161E120E1A0023184604B1206001B110
S3150800A2600B6010BD0C4B58680523F6E70A4B586877
S3150800A2700623F2E71DF004FE0723EEE7064B98686F
S3150800A2800323EAE7044B98680423E6E70223034816
S3150800A290E3E700BF00800050C43C0020002D3101D8
S3150800A2A00E4BD3F8403103F00303022B0DD0032BDA
S3150800A2B00FD0012B0BBF0A2301234FF400420022C3
S3150800A2C000B1026001B10B60704709234FF40042E8
S3150800A2D0F6E70C234FF47A72F2E700BF00800050CD
S3150800A2E0002337B50193154B0546D3F860320C4663
S3150800A2F003F00703013B032B1ED8DFE803F0020E29
S3150800A3001914002101A8FCF7ABFA10230DB1019A24
S3150800A3102A6004B1236003B030BD002101A8FFF70D
S3150800A320BFFF1123F2E71DF0ABFD07230190EDE710
S3150800A330034B01930223E9E70023E7E70080005077
S3150800A340002D3101002337B50193154B0546D3F887
S3150800A35094320C4603F00703013B032B1ED8DFE8B3
S3150800A36003F0020E1914002101A8FCF779FA10234C
S3150800A3700DB1019A2A6004B1236003B030BD0021F3
S3150800A38001A8FFF78DFF1123F2E71DF079FD0723DA
S3150800A3900190EDE7034B01930223E9E70023E7E782
S3150800A3A000800050002D31014FF4803210B5104B5B
S3150800A3B09A66A3F580531B6FC3F3033303FB0000B0
S3150800A3C00C4BDC69144041F67132DA635A6822F4A0
S3150800A3D0401259B90849884294BF00200120000557
S3150800A3E002435A600CB10022DA6310BD0349F2E752
S3150800A3F00090005000000350005A6202002D3101FF
S3150800A40010B50C4C022011F0E4FE236F0A4AC3F380
S3150800A410802301330021094882F81034FFF7C4FF6E
S3150800A420236F43F4806323674FF4803304F5805425
S3150800A430236710BD008000507813002000B4C404C0
S3150800A44010B5124B0446D3F8083203F00703042B61
S3150800A45017D8DFE803F00319090D1100012204B12A
S3150800A460236001B10A6010BD09224FF40043F6E7E4
S3150800A4700C224FF47A73F2E71DF07AFD0F22830A55
S3150800A480EDE700221346EAE70A22EEE700800050CD
S3150800A4901FB50023B0F5807F019300F056816AD876
S3150800A4A0002800F0F9802038602876D8602874D80B
S3150800A4B0DFE810F0F2000001F2000001210121019D
S3150800A4C0210121012101000133017E005C01B00058
S3150800A4D07E00000100010001730073007300730021
S3150800A4E07300730073007300000100010001D200BD
S3150800A4F07101000173007300730073007300730029
S3150800A5007300730073007300730073007D012101EB
S3150800A510F200F200F2006C017E007E00DE0081018E
S3150800A52095002E0173007300730073007300E90031
S3150800A530F2007300210121012101210121012E01CF
S3150800A5402E010001730000010001730073007300FF
S3150800A5507300730073007300730073007300730055
S3150800A5607300730073007300730073007300730045
S3150800A57073007300EE00B0F5E06F00F00C815BD855
S3150800A580B0F5607F00F09D801DD8B0F5007F00F023
S3150800A590868006D8B0F5C07F7ED0019805B05DF8F4
S3150800A5A004FBB0F5207F00F08580B0F5407FF4D13C
S3150800A5B01DF0DEFC934B1B6FC3F380230133B0FB06
S3150800A5C0F3F0400866E0B0F5B06F00F0A6801AD840
S3150800A5D0B0F5806F00F08F80B0F5A06FDDD1002157
S3150800A5E0884B0391D3F8203203F00703042B08D8CD
S3150800A5F0022B00F28980012B00F08280022B00F0EA
S3150800A6009E80039BABE0B0F5C06F00F0AF80B0F55D
S3150800A610D06FC2D17B4BD3F8003203F00700032872
S3150800A62000F0AF805B0700F1A680013801288CBFD7
S3150800A63000200120C0032DE0B0F5186F00F0B780A8
S3150800A6400ED8B0F5086F00F0C780B0F5106F00F0AF
S3150800A6509D80B0F5F06FA0D16A4BD3F860319DE0CC
S3150800A660B0F5286F00F0A78007D8B0F5206F94D111
S3150800A670002101A8FFF734FE8FE7B0F5406F47D0F9
S3150800A680B0F5486F89D1002101A8FFF75BFE84E782
S3150800A6901DF050FC019080E71DF06AFCFAE71DF0FA
S3150800A6A049FC584BD3F89030C3F304630133B0FB2D
S3150800A6B0F3F0EFE71DF05CFC524B1B6FC3F38023EE
S3150800A6C0F4E75049D1F8802002F00302022A0AD0A2
S3150800A6D0032A0BD0012A0CD11DF02CFCD1F88030AE
S3150800A6E0C3F30113E2E71DF0CBFBF7E7464B5868C7
S3150800A6F0F4E71846F2E7002101A8FCF7B1F84CE7A1
S3150800A70003A8FFF799FD7CE74FF40043039378E726
S3150800A710002101A8FFF790FD3FE70021394B03917F
S3150800A720D3F8803103F00303022B0CD0032B06D099
S3150800A730012B7FF466AF03A8FCF792F861E71DF0DA
S3150800A7409FFB03905DE7314BE0E702934FF0E02370
S3150800A7501B695A0705D51DF00BFC0290029B019355
S3150800A7601BE703A902A8FFF79BFDF7E7002101A84D
S3150800A770FFF796FD11E7042806D11DF0F9FB800ABC
S3150800A78088E74FF47A7085E7002083E7002101A85F
S3150800A790FFF756FE01E71B4BD3F8403203F00303DD
S3150800A7A0032B16D0003B18BF0123DB03D7E7154B55
S3150800A7B0D3F85032F2E70021124B0391D3F87032E6
S3150800A7C003F00303012B7FF41CAF03A8FFF768FD12
S3150800A7D017E74FF47A73C2E70A4BD3F8003103F050
S3150800A7E00303022B06D0032B07D0012B07D1064BF8
S3150800A7F09B68B4E74FF40043B1E7054BAFE7002386
S3150800A800ADE700BF00800050C43C0020002D310198
S3150800A81080D5430208B58020FFF73AFE034B9842DD
S3150800A8209EBF4FF48032024B1A6708BD005A620277
S3150800A83000A0005008B54FF4C070FFF729FE06497E
S3150800A840064A884294BF00200120136F23F48063D0
S3150800A85043EA8023136708BD80F0FA02008000509F
S3150800A86038B505461DF084FB0446FFF7C3F90128F1
S3150800A870D4BF012100212046FFF796FD002011F0E4
S3150800A880DDFC25B1FFF7D6FFBDE83840C2E706492B
S3150800A890064A0B6F92F8102423F48063013A43EAC0
S3150800A8A082230B67F0E700BF008000507813002072
S3150800A8B007B5032001A91DF065FF0198044B9842CE
S3150800A8C09ABF0A23B0FBF3F0024803B05DF804FB15
S3150800A8D009879303808D5B00024A536B0342FCD1C0
S3150800A8E0704700BF008009504FF0004270B50F4B0B
S3150800A8F004465D6E03F580535A664AF6CD330C4915
S3150800A90080204E6C0B64FFF7E7FF0B6A23F4F853BD
S3150800A91043EA04230B62F30744BF064B0B64002D7E
S3150800A920A2BF4FF00042044B5A6670BD008000502B
S3150800A930008009503254FFFF00A00050012370B573
S3150800A940C4B2A3401E4C22F00302236584000D689E
S3150800A95004F1A04404F588246560302568434C7BDF
S3150800A96000F1A04000F580200466CC7A8E7A240592
S3150800A97044EA06440E7B44EA4654C4650267EFF38C
S3150800A980118485F311880F4A5365087A00B1136458
S3150800A990487A00B1936308798A7942EA00420848FE
S3150800A9A082614D79CA79074942EA05428A61064AAF
S3150800A9B04363936484F31188BFF36F8F70BD00BF40
S3150800A9C00020045000100450000004500123C0B2B7
S3150800A9D08340EFF31180302282F31188054A516DC6
S3150800A9E021EA03015165936280F31188BFF36F8FE3
S3150800A9F0704700BF000004500123C0B28340EFF344
S3150800AA001181302282F31188074AD06A184209D187
S3150800AA10526B93430CBF0120002081F31188BFF3CA
S3150800AA206F8F70470020F8E700000450114321F0AB
S3150800AA30F8014904034B490C41F44021063043F818
S3150800AA402010704700800350021E30B54FF00000FA
S3150800AA500CBF1025042547F60774084952B9831D0B
S3150800AA6051F82330234023B101308542F6D14FF007
S3150800AA70FF3030BD00F11603F2E700BF0080035037
S3150800AA803AB122F0030202F1A04202F5603209B996
S3150800AA90106070470002FBE74FF48032084B5A6695
S3150800AAA003F5EE239B69C3F3461203F00F010A432D
S3150800AAB04280C3F30342C3F3033342700370704703
S3150800AAC00090005013B5044601A8FFF7E5FFBDF84E
S3150800AAD00630012223804FF4807300206380054BE3
S3150800AAE09B680A3303F01F0302FA03F3636002B09C
S3150800AAF010BD00BF0080E00F2DE9F74F002800F0D9
S3150800AB00EE8079490B689842C0F0EB804A68134496
S3150800AB10984280F0E680D1E9054CEFF3118B30239B
S3150800AB2083F3118810F8083C30F8067CDB07A0F19F
S3150800AB30080500D53FB98BF31188BFF36F8F012045
S3150800AB4003B0BDE8F08F8E68D1F81090A6EBC70366
S3150800AB508B60009309F101030B6130F8048C7A1CB1
S3150800AB60B8F1000F40D0A5EBC803DE8810F808EC52
S3150800AB7001961E78B3F802A0F6070EF0020E26D448
S3150800AB80BEF1000F26D1019EA6EB0A0EBEF1010FFB
S3150800AB902AD1009E0237083E07EB0A02C1F8109038
S3150800ABA08E6030F802ECBEF1000F1FD110F8085C79
S3150800ABB020F806EC6EF3000500F8085C013A5A80A6
S3150800ABC01A786EF300021A700022DA8043E0BEF1AA
S3150800ABD0000F09D010F8086C42446FF3410600F8DC
S3150800ABE0086C00269E80DCE72B46DAE705EBCE08E4
S3150800ABF0D1E900673744B8450ED310F8085C013A26
S3150800AC006FF3000500F8085C002520F8065C5A80FA
S3150800AC101A7865F30002D6E715F83E50464615F051
S3150800AC20010530F8067C30D010F8085C013A6FF35D
S3150800AC30000500F8085C002592B220F8065C5A80E8
S3150800AC401A7865F300021A70C3F107023244C2F398
S3150800AC50CF02DA80B280002C3FD09C423DD8628871
S3150800AC60002A08BF1C46BCF1000F06D09C4504D339
S3150800AC70BCF80220002A18BF6346C1E905438BF3D6
S3150800AC801188BFF36F8F00205AE7AEEB070EBEF1AF
S3150800AC90010FC9D1B8F80270A8F802501744B8F8DD
S3150800ACA00620C2B108EBC20600250A69013A0A6104
S3150800ACB08A68083A8A6010F8082C20F8065C6FF350
S3150800ACC0000200F8082C1A785F8065F300021A70F3
S3150800ACD0002EB9D178E71646E6E71C46C3E72220D8
S3150800ACE02EE700235B69FFDE40130020002313B51F
S3150800ACF0019369B160B101FB00F401A9204610F087
S3150800AD00D7FB014620B9019810B122461BF0F7FA85
S3150800AD10019802B010BDFEE7002307B5084601A951
S3150800AD20019310F0C5FB019803B05DF804FB0846D3
S3150800AD30E2E608461146D9E70023036043607047F8
S3150800AD4038B50E4C94F81134B3B902250C480D49A0
S3150800AD500D4A091AC2E900010139C9085362C2E954
S3150800AD6005001577FFF7E8FF418008210123C2E9AE
S3150800AD700211136184F8113438BD00BF781300201E
S3150800AD80F83E0020000008204013002000232DE98B
S3150800AD90F347814F01937B680C469A42104604D2CA
S3150800ADA039B912B101A910F083FB019802B0BDE8C8
S3150800ADB0F0871AB90846FFF79FFEF6E7EFF3118802
S3150800ADC0302383F31188A1F1080C31F8061C0730EB
S3150800ADD04FEAC10920F00705A94575D234F8023CA7
S3150800ADE0002B60D0591A01295DD10CEBC3061CF85B
S3150800ADF03330DA0757D47388A9EB050212EBC3027E
S3150800AE0051D41F2A31DDC5F3CF0324F8063C01339C
S3150800AE10601924F8023CD208FFF78EFF428034F806
S3150800AE20023C8380F388EBB17188591A11FA82F2D1
S3150800AE3092B206EBC303C2809A800022314610F014
S3150800AE40F3FA3046FFF778FFBB68FA682B44A3EBA2
S3150800AE50090393420194BB6034D888F31188BFF381
S3150800AE606F8FA2E70023C380E7E73B69013B3B619D
S3150800AE7034F8063C72880133134424F8063CF288F9
S3150800AE806AB17188511A11FA83F39BB206EBC202B2
S3150800AE9024F8023C9380012231466046CFE700231E
S3150800AEA024F8023CF7E7284601A910F001FB002820
S3150800AEB0D3D14A46214601981BF040FC2046FFF7AD
S3150800AEC01BFECAE7FB60C8E764D934F8023CA9EB65
S3150800AED005065A1E521AABB30CEBC30A1CF83330DC
S3150800AEE0DB0730D47ABBC5F3CF0324F8063C01331D
S3150800AEF0601924F8023CFFF71FFFBAF8023003EB8B
S3150800AF00D603438034F8022C8280BAF80620BAB1F8
S3150800AF10BAF80210511A11FA83F39BB20AEBC2026D
S3150800AF20C38093800022514610F07EFA5046FFF700
S3150800AF3003FFBB6801941D44A5EB0905BD608CE7BA
S3150800AF40C280EFE79A46272EF3D9C5F3CF0324F834
S3150800AF50063C013E0133601924F8023CF608FFF767
S3150800AF60EBFE468034F8023C8380BAF1000F0ED01F
S3150800AF70013212FA86F6B6B2C680AAF80460002232
S3150800AF803B69114601333B6110F04EFAD1E7A0F850
S3150800AF9006A0F4E7019460E7401300202DE9F0418C
S3150800AFA00446EFF31186302383F31188D0F8A430D2
S3150800AFB09D681DBB04F130001DF0BCF9D4F8A4301F
S3150800AFC05D69002D36D1A04658F88C7F002F4DD1EB
S3150800AFD02774274657F8905F002D5FD1274657F804
S3150800AFE0945F002D61D1D4F8A430DF68002F63D1B7
S3150800AFF086F31188BFF36F8FBDE8F08115F8203C02
S3150800B000A5F130007F2B4FEA9317436998BF0027B5
S3150800B010A3422D68CDD1D4F8A4100831FCF7F4F872
S3150800B0201FB9637B01336373C3E7032F04BF002390
S3150800B030A373BEE715F8203CA5F130007F2B4FEA35
S3150800B0409317436998BF0027A3422D68B9D1D4F84E
S3150800B050A4101431FCF7D8F81FB9637B0133637366
S3150800B060AFE7032F04BF0023A373AAE73D4655F8AD
S3150800B07030794046AB7C05F13001013BAB7408F0F2
S3150800B08044FBAB7C33B9637B3321013328466373B6
S3150800B090FCF793F8E37B013BE37397E728463946C9
S3150800B0A050F83059FCF7B0F896E72846394650F874
S3150800B0B03059FCF7A9F894E7384650F830794369CF
S3150800B0C0A34293D1D4F8A4100C31FCF79DF884F868
S3150800B0D0A1508BE7F8B50546EFF31183302282F3CA
S3150800B0E01188046844B1627AD2060FD483F31188B2
S3150800B0F0BFF36F8F0F20F8BD8268012A58D8846085
S3150800B10083F31188BFF36F8F0020F4E78268012A62
S3150800B1104ED80022826083F31188BFF36F8F94F8AC
S3150800B1205060304610F0C2FE08B9042E08D1217AC4
S3150800B13031B1D4F8A40000B184300222FCF70AFF2A
S3150800B140032304F1840684F85030D4F88430ABBB6A
S3150800B15004F18807D4F88860CEBB2046FFF71EFFA7
S3150800B160642066811CF096FF002200236061C4E912
S3150800B17006232046C4E90823C4E90A23C4E9266647
S3150800B180FBF7B4FE88B1022384F85030EFF311823E
S3150800B190302383F31188D4F8A430596844F8041F7F
S3150800B1A05C6082F31188BFF36F8F00232B60ABE7D7
S3150800B1B083F31188BFF36F8F04209CE7304608F0AD
S3150800B1C09CFA0146D4F8A400FCF79DF9BDE7384679
S3150800B1D008F093FA0146D4F8A400FCF794F9B9E705
S3150800B1E010B5084C04F50770FFF774FFFBF7BCFEB3
S3150800B1F030B10122044B83F8D820002384F8283282
S3150800B20010BD00BF78130020C43C0020F0B5A0F1A3
S3150800B210840602230022314685B005460FF098FFC2
S3150800B2202E28044665D0002860D1284603A9FBF7D6
S3150800B2307DFE044648B9039B2F4F28465F66FBF7F9
S3150800B24068FEFBF773FE044618B12846FFF742FF6F
S3150800B2504CE0039B28469F65FBF75BFEFBF766FE03
S3150800B26004460028F1D1039B244A28465A67FBF76F
S3150800B27050FEFBF75BFE04460028E6D1039B2846F2
S3150800B2809D67FBF746FE3046FBF7CDFF039E062378
S3150800B290314641F80C5BB3813461FBF767FB4FF02D
S3150800B2A050234FF4003210F0400F1A6714BF73236F
S3150800B2B0772310F0800F18BF732310F4806F18BF20
S3150800B2C0732310F0010F18BF782310F0080F18BF6A
S3150800B2D0742310F0040F18BF7223736108230C221D
S3150800B2E0F381284603230096FCF76CF8204605B040
S3150800B2F0F0BD1224FAE700BF97B30008AD62000854
S3150800B30010B5436F044613B1816F007A98472046FB
S3150800B310BDE8104042E62DE9F0410546302700F128
S3150800B32014086B690BB9BDE8F081EFF3118487F354
S3150800B33011884046FBF730FF034684F31188BFF3B4
S3150800B3406F8F90F8242044691AB10021FBF735FF66
S3150800B350E7E7827C01328274D4F88C2043F8302FD8
S3150800B360C4F88C30237C092B06D90A23204684F896
S3150800B3705030FFF7C5FFD4E7666941F2883076009A
S3150800B38066611CF087FE864294BF6661606120464E
S3150800B39010F0DCFEC5E7F8B5154612681E46A2F1A0
S3150800B3A0840400297ED069683F4B99424CD13F4BB3
S3150800B3B094F8C510D3F8A032B1B343BB01230226D3
S3150800B3C00A2784F8C43052F8844C3CB92C68843C6B
S3150800B3D02946E06FBDE8F84010F000BD94F85030FB
S3150800B3E0042B0DD003D8012B0AD02468EDE7053BC2
S3150800B3F0032BFAD8204684F85070FFF781FFF4E74C
S3150800B4000621204684F85060FBF71CFDEDE74FF057
S3150800B41000524FF20F015180012B4FF000530FD00D
S3150800B4204CF23C325A8009E04FF000524FF20F01BD
S3150800B4305180002BF0D140F201231380FCF778FFEE
S3150800B44040F202221A80F9E7194A21F0FF039342D3
S3150800B45016D12046C9B2FBF701FD0028B8D090F8EE
S3150800B4605030042BB4D1002E14BF0223052380F8D4
S3150800B4705030C36F002BA9D03146FBF7E3FCA5E794
S3150800B4800C4A9342A4D12046C9B2FBF7E7FC002830
S3150800B4909ED090F85030073B012B99D8092380F8A5
S3150800B4A0503093E7F8BD00BFEFBEADDE781300203D
S3150800B4B000BAFECA00BAEFBE70B50D46EFF31186A4
S3150800B4C0302383F311884C6904F18C00FBF764FE82
S3150800B4D004F130001CF02EFFD4F8A40029461430DD
S3150800B4E0FBF764FED4F8A420044902F12C0010F0FE
S3150800B4F0BFFC86F31188BFF36F8F70BD17B30008C2
S3150800B5002DE9FF47614CC4F814140AB9022905D17C
S3150800B510FBF765FD002004B0BDE8F087D4F8A471F8
S3150800B520D4F838527FBBADB100262B6858485B88E3
S3150800B53005F12C01AB81AB7C0133AB7408F0D6F86E
S3150800B5400023D4F87421C4F83832936C0133936419
S3150800B55046B95FBBD4F8A03123B1D4F8A4310BB9EE
S3150800B560FBF7E0FAD4F89C010DF10F011DF0C0F8C5
S3150800B5709DF80F30002BCDD0012394F89C219340E1
S3150800B580444A1365C4E7D4F818020DF10F011DF0FB
S3150800B590AFF8D4F80C341BB9002DE3D00126C4E764
S3150800B5A09DF80F30002BF7D0002DBDD100273A4863
S3150800B5B0C4F80C74FBF71CFA036805461A797F2A47
S3150800B5C04FEA92134FF0300211D8EFF3118882F345
S3150800B5D011884669BEB988F31188BFF36F8F2F4A61
S3150800B5E01388013313800023C4F8A431B2E7EFF3BC
S3150800B5F0118882F31188466996BB022BEBD128463F
S3150800B600FBF727FEE7E790F82490B9F1000F05D07D
S3150800B610394680F82470FBF7D0FDDCE796F8500031
S3150800B62010F044FCB0B12846FBF713FE0428D2D12B
S3150800B630D6F814A006F130073846C6F84C901CF028
S3150800B64079FE2B4651463846CDE90099144A1CF036
S3150800B650C1FFC0E7737B3321013328467373DAE7EA
S3150800B660032BCCD1B37B002BB5D03946B773FBF788
S3150800B670A4FDD6F89430002BADD006F19400FBF764
S3150800B6808BFD014630460FF029FEA4E7781300200B
S3150800B690E81400200020045018150020C43C00209F
S3150800B6A0B9B4000838B50D461CF0C4FC1CF004FDFE
S3150800B6B004462D681CF0BEFC1CF0FEFC031BAB42C6
S3150800B6C0F8D938BD2DE9F7430627177014464A6896
S3150800B6D01E46A2F58053FF2B81460D46DDF82880CD
S3150800B6E075D80523D1B2638041F4805363602A7A02
S3150800B6F0931E012B27D88438FBF7B0FB0223054697
S3150800B7002372D0B190F85080404610F0CFFB30B18C
S3150800B7100A2385F850302846FFF7F2FD0DE0B8F108
S3150800B720040F0AD109233946284685F85030FBF715
S3150800B73089FB10B96B7ADB06EDD463880433336072
S3150800B74003B0BDE8F083052A16D18438FBF786FBDB
S3150800B750022323720028F0D090F85030012B01D034
S3150800B760042BEAD1042380F85030052323726F4B4B
S3150800B7700B43C8F80030E0E7092A21D18438FBF7E3
S3150800B7806DFB08B92272D8E790F85030053B032BB9
S3150800B79010D8DFE803F007021107082380F85030B5
S3150800B7A02372CAE7082580F85050FAF73DFD18B904
S3150800B7B02572C2E70923F3E7092323725C4BD7E70F
S3150800B7C004236380002363600323A360B5E7A2F51F
S3150800B7D0E063FF2B26D84F880C2F03D00023636025
S3150800B7E003235EE0D1F80880D1F80C905148D1B215
S3150800B7F0FBF734FB80B190F85030012B0CD123466F
S3150800B800C0E9269841F4E06143F8041FAA685A6023
S3150800B810EA689A60678090E700236360082363807C
S3150800B8200423D2E740F203239A4272D0B2F5017F8D
S3150800B83021D2602A6AD007D8042A2FD9212A37D0DC
S3150800B840002363600D232CE0B2F5007F26D040F27A
S3150800B85002239A42F4D1042363808B681BB3012B1D
S3150800B860BCD10123344AA360C2F8A03240F20223B5
S3150800B8706360082348E0B2F5C06F21D00BD840F2C8
S3150800B88001339A420AD0B2F5A06FD9D10B7A80F863
S3150800B8903830626037E0B2F5885FD1D10023636043
S3150800B8A01523A360E5E724496260C1F8A032F8E7EA
S3150800B8B062600B89678023810B8920F8283C3CE766
S3150800B8C0CB6843611D4B8F681B689F4218D80025BB
S3150800B8D000F11408294640F2E730194B4FF47A7202
S3150800B8E0D3F800C00023E7FB0C011AF017FB434608
S3150800B8F00146CDE90055134A09F118001CF074FBFE
S3150800B9004FF4C06363600423638016E78B68C360E3
S3150800B910BFE70B7A62600822003B628018BF0123EA
S3150800B9200022A26080F8413007E700BF00BAFECACD
S3150800B93000BAEFBED43C002078130020C80A0020C5
S3150800B9404C0E0020A5B600082DE9F04F93B0EFF392
S3150800B9501183302282F31188AF4D95F81824002AF6
S3150800B96040F07383012285F8182483F31188BFF306
S3150800B9706F8F6FF004035021A848A94C13F0800F6D
S3150800B98003F1010240F05A8323445D2A83F8001329
S3150800B9901346F3D14FF00043A24E072273664AF6C8
S3150800B9A0CD33A14C0B20676C2364A04BDA63FEF7FA
S3150800B9B093FF6368012023F4F87343F4807363608C
S3150800B9C040F20913A36040F20313236110F088F9CB
S3150800B9D0FF0748BF964B4FF0800048BF2364954B3E
S3150800B9E0596E4FF0004373664AF6CD33666C23648E
S3150800B9F0FEF772FF236AF60723F00F0343F00C03E2
S3150800BA00236248BF8A4B8C4848BF23640029A2BFDB
S3150800BA104FF00042894B5A661CF05EFF884AD2F8FE
S3150800BA204C3113F4802300F015834FF07E6292F8B0
S3150800BA309C3092F99C20002AB8BF2C234FF40001B1
S3150800BA40784A022051664FF4D15102F5B832516254
S3150800BA507C494F2B486028BF4F23012001F58051B0
S3150800BA60DBB24860116911F48031FBD143F480736D
S3150800BA70536140F201439360714B5160D3F84C21F6
S3150800BA80140300F1EA82D3F85061F6B26E4C6F4B9C
S3150800BA9094F9D970A360674B37441B6F87F308077F
S3150800BAA003F00703032B01D11CF062FA0DF02CFEFC
S3150800BAB003284BD04FF480125A4B4FF0A0615A66B8
S3150800BAC045F60E03624AC2F88030624B99624FF41B
S3150800BAD0803103F580539962936DD803FCD4936D36
S3150800BAE05900FCD45C4B1361936903F0004343EAA5
S3150800BAF0074343EA062343F0407343F03C0393614C
S3150800BB00136A23F00F031362916A544B0B4043F4F4
S3150800BB108033936252494E4A936D31EA0303FBD14F
S3150800BB204FF080714B488162136923F4700343F424
S3150800BB30401313614FF000434FF480328361494B41
S3150800BB4099629A62424A936D5B00FCD44FF4C02214
S3150800BB503B4BD3F89860334B5A6603F598335A68CB
S3150800BB60012A00F080820DF0CFFD05280CD10021B6
S3150800BB703D48FEF719FC2F4A136F43F48063136799
S3150800BB804FF48032274B1A676768384B26F04076A1
S3150800BB909F4202D8344810F051FB354BDA6812F050
S3150800BBA0060FFBD19A689E6099684E4016F4F81FF6
S3150800BBB00DBF2D4E9A603E4666600DF0A5FD052820
S3150800BBC00FD11CF0D5F98046FEF714F80128D4BF2A
S3150800BBD0012100214046FEF7E7FBFEF72BFEFEF7A4
S3150800BBE019FEBE4202D8002010F028FB4FF40022AE
S3150800BBF00C4E134B1F48D3F8C03072664FF0B44250
S3150800BC0023F0407393601CF067FE4FF48003022212
S3150800BC107366194B5A6031E07813002000ED00E096
S3150800BC2000E100E0009000500080095000400050FC
S3150800BC303254FFFF00800050E093020800A0005035
S3150800BC400080E00F00100250C43C0020C0175302C9
S3150800BC500040005A0050005A2008C00BC7FFFEFEDD
S3150800BC60030001000060005A00B4C404FFB3C40412
S3150800BC7000000150E4930208004002509F6817F440
S3150800BC808037FBD1D14E5F625F60FEF7B9FB336F39
S3150800BC90384623F0070343F003033367FEF7E0FD56
S3150800BCA0336FCB4923F474433367CA4BD3F8FC206C
S3150800BCB012F0807200F0DD81D3F8FC2022F0807249
S3150800BCC0C3F8FC20D6F8802022F0030242F00102D5
S3150800BCD0C6F88020C1F88070D3F8FC2042F0807244
S3150800BCE0C3F8FC20B94B4FF48031D3F82021BA4869
S3150800BCF022F0070242F00202C3F82021D3F82821D5
S3150800BD0022F0070242F00202C3F82821D3F8802164
S3150800BD1022F0030242F00102C3F88021D3F8402141
S3150800BD2022F0030242F00202C3F84021D3F8602150
S3150800BD3022F0030242F00202C3F86021D3F840223F
S3150800BD4022F0030242F00202C3F84022D3F800228E
S3150800BD5022F0070242F00202C3F80022D3F80822B2
S3150800BD6022F0070242F00202C3F80822D3F8502252
S3150800BD7022F0030242F00202C3F85022D3F87022DE
S3150800BD8022F0030242F00102C3F87022D3F82022FF
S3150800BD9022F0070242F00102C3F820228C4A5E6EA6
S3150800BDA05166426A22F001024262F0035CBF8B4A86
S3150800BDB051664FF0E0210A6942F004020A61D3F89D
S3150800BDC0602222F0070242F00102C3F86022D3F88B
S3150800BDD0942222F0070242F00102C3F89422804B13
S3150800BDE05A6F42F001025A67DA6E22F03002DA66BA
S3150800BDF0EFF31188302383F3118895F81964002E20
S3150800BE0035D17848C5F82064C5F81C64C5F824649B
S3150800BE101CF062FDBFF34F8F7348FAF7B5FD436810
S3150800BE20012B00F03181C6601CF07EFB00270F2233
S3150800BE3001266E4B6C4887645A641A64FAF7A4FDA7
S3150800BE406B494E6006611CF0A7F84FF40022694B57
S3150800BE508761C3F888219A6013204E640AA91CF0EA
S3150800BE6091FC0A9A644B1A60002A40F01B8188F3F9
S3150800BE701188BFF36F8FFAF795FD564A5F4ED2F8D1
S3150800BE80C03023F0FF0343F0A003C2F8C0305C4B78
S3150800BE90D5F860039E4200F1010140F00E81594B2E
S3150800BEA0C2F89800C2F89C3003F5FF2303F2FE732C
S3150800BEB0C2F8A030C5F86013BFF35F8F0525454B60
S3150800BEC0C3F894505A6A42F480325A62BFF34F8FCD
S3150800BED0BFF36F8FBFF34F8FBFF36F8F4A480FF0D3
S3150800BEE0D9FEB4F86830B4F86A10A26F01EB4301C2
S3150800BEF001393420FAF77EFF44480FF0CBFEB4F838
S3150800BF006830B4F86A10E26F01EB43010139072083
S3150800BF10FAF770FF3E480FF0BDFEB4F86810D4F883
S3150800BF208020490801310120FAF764FF39480FF0EB
S3150800BF30B1FE606ED4F88420113080B2B4F868106F
S3150800BF400430FAF757FF34480FF0A4FEB4F8681027
S3150800BF50D4F8882001390C20FAF74CFF2F480FF047
S3150800BF6099FE29460025D4F88C209420FAF742FF3A
S3150800BF702B480FF08FFED4F89020B4F86A100820EA
S3150800BF80FAF738FF2748C4E91C551CF0A5FC2548D4
S3150800BF901CF0A2FC0123244C2A4604210AA80AAD57
S3150800BFA0ADF82830FCF7D6F90FCC0FC594E80F008A
S3150800BFB085E80F00A4F128001CF08EFC04F110009F
S3150800BFC01A4C1CF089FC636832E000BF0080005000
S3150800BFD00090005000ED00E00000085000A000505E
S3150800BFE000400050E093020800C00A5000E00A50E2
S3150800BFF000D00A5000E100E04C0E0020A03C0020D2
S3150800C000403C0020030000203C3D0020403D00202D
S3150800C010443D0020483D00204C3D0020503D002076
S3150800C020543D0020D0930208E893020800C0085047
S3150800C030002B77D0636DC3F30B03F9E703F00F0307
S3150800C040043B03441976134698E483F31188BFF337
S3150800C0506F8F9FE4D2F85021F0E4294B1E88FF2EFB
S3150800C06088BF5A2612E527494A605A689707FCD4BA
S3150800C07079E5D6F8803023F0030343F00103C6F8C8
S3150800C0808030C1F880202DE64168012902D0FAF7F0
S3150800C0907BFCC8E643681BF07FFF022303611A4B4B
S3150800C0A05960F4E73B4640F2E731184819F036FF85
S3150800C0B0174B85F819641860D9E623F01F03203B4F
S3150800C0C0B3F1005F0AD3C2F89800124843F001039F
S3150800C0D0C2F89C00C2F8A030C5F860130E4BD5F81C
S3150800C0E060130E4A23F01F0343F00303C2F89810A7
S3150800C0F0C2F89C300A4B0131C2F8A030DAE600BF1C
S3150800C1000001E00F00E0015000E00A5018FCFFFFB4
S3150800C110C80A002003000020BF3C002000ED00E014
S3150800C120E1FF07200EF0A6FF0423B94AB949BA4D24
S3150800C1300B6113610B6113610B6113610B61136171
S3150800C140202341F2020123610023E360A3606161B9
S3150800C1504FF4A021A361A3656162E3612362A36230
S3150800C160E36263632365D5642363236923F0870346
S3150800C17043F08103236123699DF8442023F0F803E3
S3150800C18043EAC2139DF8312043EA02139DF837208B
S3150800C19043EA82132361E268DDE90F3122F0F042B7
S3150800C1A022F470220B4313439DF8342043EA82237A
S3150800C1B09DF8352043EAC233E360A36823F00303FE
S3150800C1C043F00103A360A368A360A36843F48063F4
S3150800C1D0A360626A9DF8303022F477221B0322F4AA
S3150800C1E0EE6203F4E04313439DF84520120402F47B
S3150800C1F0702213436362636923F00F0343F002035B
S3150800C2006361BDF83230A3619DF8353033B19DF8CE
S3150800C2103630824A03F00F03C2F880309DF8373073
S3150800C2202BB19DF838307D4A03F00F03D3675720AA
S3150800C230FEF72EF97A4B9A6812F0010F5A6800F049
S3150800C2401982784CD107B0FBF4F404F1FF344FEAB5
S3150800C250046440F109825A6D12F0280FFBD19A6CDA
S3150800C260920740F0FD819A6CD70700F1FB819B6C21
S3150800C27013F0020F14BF062600260EF0FBFE684ACE
S3150800C2803046136923F07F43234313610EF012FFF0
S3150800C29005200EF00FFF624B9A6CD24312F44054FD
S3150800C2A0FAD14FF481730122042109A8ADF824308C
S3150800C2B0FCF750F840F202232246012108A8ADF8FF
S3150800C2C02030FCF747F840F202330122042107A880
S3150800C2D0ADF81C30FCF73EF840F202430421012277
S3150800C2E006A8ADF81830FCF735F84F4B4F4A4FF40F
S3150800C2F04870C3F8C8244FF00212C3F8C424A2F544
S3150800C3008032C3F8CC241C22C3F8B42407F0CCF935
S3150800C310042102200FF0DAFC142007F0C5F90421E5
S3150800C32002201CF02DF9232007F0BEF90421022073
S3150800C3300FF0CCFC3A4CA36C5A06FCD5B9236364BF
S3150800C340A36C1B06FCD504210220E36B1CF018F92C
S3150800C35000224FF48173114605A8ADF81430FBF797
S3150800C360F9FF002240F20223114604A8ADF8103066
S3150800C370FBF7F0FF40F202330122002103A8ADF8D3
S3150800C3800C30FBF7E7FF40F202430122002102A826
S3150800C390ADF80830FBF7DEFF0EF06CFE04231C4AEE
S3150800C3A01C4923480B6113610B6113610B6113610F
S3150800C3B00B61136120230021236141F20203E1602E
S3150800C3C0A16063614FF4A023A161A1656362164B66
S3150800C3D0E1612162A162E16261632165D56421633D
S3150800C3E0C3F8B414C3F8C814C3F8C414C3F8CC14F7
S3150800C3F01CF0A4F84FF000639B6A03F17842B2F58B
S3150800C400C04F68D21A680B4B9A4264D114E000BF39
S3150800C41000E0085000D00850FF3F0D03009003507D
S3150800C42000C00850E070720000C00350020003000C
S3150800C4300894020807B0CD5EA64C94F8285415F067
S3150800C440FD0548D194F82934002B00F071810223A8
S3150800C45084F829344FF000639B6ADB69984794F89F
S3150800C46029640746012E40F0E08105F013FB0130F0
S3150800C47040F0CA81D4F83024974B1A66D4F834248D
S3150800C4805A66D4F838249A66D4F83C24C3F870213E
S3150800C490D4F840241A64D4F844245A64D4F84824B6
S3150800C4A09A64D4F85424D20700F1BC81D4F84C24F9
S3150800C4B08A4B5A66D4F850249A6615F0ABFED4F81F
S3150800C4C02C3483F31188BFF36F8F84F8295417B976
S3150800C4D0012384F82834FAF749FA4FF050234FF429
S3150800C4E00032C4071A6700F1A281012214461146D8
S3150800C4F004FA01F3034002F1010200F09A81784B35
S3150800C50003EB4103B3F84030764A062B11687648A8
S3150800C51008918AB24FEA114140F092814FF20F0317
S3150800C520994240F08A81B2F5406F28BF4FF4C06245
S3150800C53002804FF000534CF23C325A806B4A536AE1
S3150800C54043F470235362EFF308834FF0CD31684A02
S3150800C550043B934280F0858166496748FDF7F8F900
S3150800C560002366480A931CF0B7F94FF4407301227A
S3150800C570042109A8ADF82430FBF7ECFE0122604B34
S3150800C5800520C3F844240AA91CF0FCF8002839D170
S3150800C590564BD3F8F02042F00102C3F8F020D3F846
S3150800C5A0FC2042F08072C3F8FC20564AA3F55D438E
S3150800C5B01A600A9B544A03F5D52303F2FC43B3FBDE
S3150800C5C0F2F3524A013B13610223C2F8F0304FF4EA
S3150800C5D08073C2F804334FF060434D4AC3F8B02F56
S3150800C5E04C4AC3F8802ED3F8002E42F48072C3F862
S3150800C5F0002EFF2283F82020D3F8002E22F4807222
S3150800C600C3F8002E3D481CF067F9434B5A681106DB
S3150800C61003D48022C3F884215A605A68D20504D408
S3150800C6204FF48072C3F884215A604FF060404FF08F
S3150800C630020CD0F8003E2D4D43F48073C0F8003E3E
S3150800C640364BCDE90AC300231C46052B00F244816C
S3150800C650DFE813F040020A012501270129012B0111
S3150800C66005260AE6092608E61A6922F07F422243C9
S3150800C6701A610DE69A6D9B68294912F0010F03F0BD
S3150800C680E003284A08BF0A46402B1DD005D8EBB15F
S3150800C690202B7FF4FDAD082305E0602B18D0802BF6
S3150800C6A07FF4F6AD012353434001B0FBF3F01E4A75
S3150800C6B020381E4B02EAC002596DC807FCD41A631B
S3150800C6C05A6DD107FCD4E3E50623ECE71023EAE725
S3150800C6D00423E8E778130020008000440080005017
S3150800C6E0CC93020800000020A20E002000ED00E016
S3150800C6F008000020A03D0020D0170020D093020893
S3150800C70000D00350FF030040F8590D00000004E074
S3150800C71055CEACC50900010000E100E0006A18101A
S3150800C720E0707200C0E1E400F8FF7F0000C0085026
S3150800C7300126CDE90755099584F82964EFF3118395
S3150800C740302282F31188C4F82C3415F05BFD594B5E
S3150800C75059495A6EC4F84C249B6EC4F850344FF4A9
S3150800C76080438B66554B5A68C4F85424544A9A60D9
S3150800C7701A6EC4F830245A6EC4F834249A6EC4F873
S3150800C7803824D3F87021C4F83C241A6CC4F8402421
S3150800C7905A6CC4F844249A6CC4F84824494A106C64
S3150800C7A01864506C5864926C9A644E661B6E1F042B
S3150800C7B025D5454AD368DE07FCD44FF00066B36A30
S3150800C7C003F17843B3F5C04F11D201238DF8283011
S3150800C7D000230AA8CDE90B3305F042F90C9B59054D
S3150800C7E005D5B36A09AA1B6C08A907A89847079A2A
S3150800C7F0364B1A66089A5A66099A9A662AE6344A97
S3150800C800D368D807FCD4D8E705F044F940F20113F9
S3150800C81098423FF42FAE2F4B2B4A5E66D368DE074D
S3150800C820FCD427E600229A6040E601254DE6002161
S3150800C83065E6102A7FF45BAE66E64FF4C06277E6DB
S3150800C84040F20724A3420AD14FF20F04A14206D1AF
S3150800C8509A4202BF4FF000524CF23C31518003809D
S3150800C8606CE643F8041974E60C22D0F8801ECE074D
S3150800C87010D5D5F8FC1041F08071C5F8FC10D0F839
S3150800C880001E41F48071C0F8001E016A0029F0D02C
S3150800C89080F820200133112B7FF4D7AE2BE0D1226C
S3150800C8A0E3E78022E1E70022DFE7611C2246CCB2FB
S3150800C8B0DBE700BF00800050009000500080004475
S3150800C8C055CEAC0000C0005400000440009000445F
S3150800C8D00000045000900040A3F10E02012A40F225
S3150800C8E0FB80102B40F0F1804FF06042D2F8802E8A
S3150800C8F0D70700F1F3804FF06042D2F8003EBA4CF9
S3150800C90023F48073C2F8003E002304F11005C4E93D
S3150800C9100633C4E90C53C4E91153E06D2362236559
S3150800C92084F85430A4F8D43084F83830E36284F8B4
S3150800C9304C302364C4E9043304F1600183689847E2
S3150800C940002800F0CD8008F01FFF1BF017FCA74B4E
S3150800C9505B68FDF771F9A64B984200D048B90AA85A
S3150800C9600CF0F6FE28B94FF0FF309DF828101AF0A3
S3150800C97019F806F045FF02219E4B9F48CDE90A1398
S3150800C9804FF04073CDE90C03052300260AA94FF0A2
S3150800C990FF300E931AF0B7F900214FF0FF301AF066
S3150800C9A0B5F911F071FF40220021944819F0A7FC4F
S3150800C9B030220021924819F0A2FC9048914B924AE5
S3150800C9C0DFF8A0A2DFF8A092DFF8A082DFF8A0E2E5
S3150800C9D0A3F1180CA0F2C44400F140074FF0240B51
S3150800C9E000210BFB06FB0CEB0B0543E9061043E99C
S3150800C9F004A943E9028E29772962182505FB0675DD
S3150800CA0042F8145C814D42F8181C42F8105C804DBF
S3150800CA1043F8241B42F80C5C7E4D203042F8085C33
S3150800CA207D4D42F8045C7D4D5D44297729620125D8
S3150800CA3042F8241B002E00F09E8028461AF094FE29
S3150800CA408146002840F0CF8100200021744B4FF624
S3150800CA50FF7AC3E9000141F60B23DFF8188220228A
S3150800CA60A8F804306F4B7F216F48C4F83435ADF809
S3150800CA701CA08DF81E50C8F8009019F040FC47F627
S3150800CA807F724FF0FF374FF0800B684B68491A806A
S3150800CA90684BC4F854151B884A46A4F84435664BB7
S3150800CAA024391B680AA8C4F84C35644B0A971B88B6
S3150800CAB0A4F848B5A4F84635614B1B68C4F8503548
S3150800CAC011F040FF002858D0FEE70AAA1A4412F8C7
S3150800CAD0062CCAE65B22C8E65A22C6E65D22C8E6E6
S3150800CAE0E06D0368984700287FF42DAFE06D29466E
S3150800CAF0436898470546C0B926460146C4F8A800C3
S3150800CB00C4F8D00084F8CC00A4F8A400202204F1CC
S3150800CB10AC0019F0F4FB46F8945FC6E90155E06DE0
S3150800CB20C4F8A050C368984730B14648F9F78FFF54
S3150800CB304548F9F78CFF06E73046FEF767FB0028FD
S3150800CB40F3D108F021FE04460028EED14FF48440C4
S3150800CB5009F08EFC003818BF01203C4B3C4A83F88C
S3150800CB60C0040220C3F88422C3F89842FAF73AFDB3
S3150800CB70FAF7FAF9E7E62E4630E736490A9812F048
S3150800CB8059FA00B1FEE702210A9819F08DFF00B1A3
S3150800CB90FEE731490A9812F047FC00B1FEE729463C
S3150800CBA00A981AF083F900B1FEE729460A981AF09E
S3150800CBB08BF9814600B1FEE7284B01465A461846CE
S3150800CBC019F09DFB2946878780F87E7080F83EA07D
S3150800CBD0A0F87CA00A9811F01BFF214F0A9B3B6026
S3150800CBE0002B49D1FEE700BFC43C002000ED00E061
S3150800CBF0038000F0006A1800000304003C180020B7
S3150800CC007C180020E40A0020100D002001DB000833
S3150800CC10F1D2000831DB000839DB0008F80C0020E7
S3150800CC20B80E0020652801081711002015110020EC
S3150800CC30D0180020E2D90208E8D90208E0D902088B
S3150800CC40E4D90208EC3C0020003D002078130020BF
S3150800CC50B16E0008070011002C940208480F002046
S3150800CC60500E0020F91A0108E5D20008A5DA0008D6
S3150800CC70511B0108E00E00208DA3D3E900234FF0D5
S3150800CC80FF304FF0FF3101F023FC4946404601F0E2
S3150800CC900DFE294628461AF04FFD386807A911F0F7
S3150800CCA08FFE00B1FEE70025694B6A4A9D801D602C
S3150800CCB0694B9D801A60EFF3108072B60221674BAC
S3150800CCC0998067491D609D601BF053FD9960654B0F
S3150800CCD002F180009032DA639C2263499D621960F2
S3150800CCE07F3119639D80D8609D659D865F4B1A705C
S3150800CCF002F0D8F8056002F0EFF8021D00F1B40161
S3150800CD002B46154610328A42036008D198F804303B
S3150800CD100B2B03D898F805300A2B03D8FEE742F800
S3150800CD20103CEDE7524BC3F8008006F069FD002081
S3150800CD3001F0F4FE08223868114619F0EDFE0546A2
S3150800CD4000B1FEE7014668224A4819F0D8FAEFF31F
S3150800CD501188302383F3118801201AF005FD10B1DC
S3150800CD6028460FF098F988F31188BFF36F8F0822C9
S3150800CD703868114619F0D0FE054600B1FEE70023D3
S3150800CD80002241F20D013C4801F0A2FB2946386811
S3150800CD901AF0B7F818222946384819F0B0FA384870
S3150800CDA001F0D9FC374801F0D6FC4FF6FE72364B37
S3150800CDB01D605D601D8123F8022CDD601D619D826A
S3150800CDC05A81EFF3108072B61021304B304A1D603D
S3150800CDD099809D601BF0CDFC9A608C202D4AFAF74D
S3150800CDE009F800B1FEE7F9F7C1FD2B4B2B4D4FF4BF
S3150800CDF0003218604FF050234FF0000AA946DFF8BA
S3150800CE00B8801A6795F8E430002B40F0F480244A7D
S3150800CE10521BEB2A0CD8532104EB8A0ACAF8783637
S3150800CE20204A214B214810F0E9FF4FF0010AE9E7B3
S3150800CE30C5E90135C5E903356B614FF6FF73DFF8C0
S3150800CE407CB0BBF800709F423AD1FEE7AFF3008092
S3150800CE50E80E002050190020180F0020540E00205C
S3150800CE6015D5000890100020CC11002004110020D0
S3150800CE70DC0E002038110020C00D0300C40E00206F
S3150800CE80AC0E0020B00E0020CC120020E4120020C8
S3150800CE902587020830130020BC110020180B00203B
S3150800CEA0F80C002058940208AE930208BC930208B6
S3150800CEB00AE020FF22020000F01900207810002066
S3150800CEC0E7B93B460A93C7F1040109ABD8190AAA80
S3150800CED089B20EF0DBFB0023002840F09E800A9AF8
S3150800CEE01744032FEED9099B002B00F097806FF0AB
S3150800CEF00042934208BF3346A64A1360BBF8003087
S3150800CF00C5E9075501336D62ABF8003000F019FA30
S3150800CF100027A14B05F13001A86200F180409F4A25
S3150800CF206B63E963A863EF6205F108002D6302F0FD
S3150800CF30A2F8FB231E20A5F85830EB694FF0300CF9
S3150800CF40A3EB0903DB10B3FBF0F30B214FF6FF72DB
S3150800CF509348DBB20CFB030385F84410A5F846207A
S3150800CF60C5E91C3505F18000C5E91277C5E91E77C4
S3150800CF702D642F656D6501F0ABFF05F1900001F09A
S3150800CF80A7FF05F1A00001F0A3FF864B05F1540B9E
S3150800CF90C5F8BC3005F1B803C5F8C4305846C5F81D
S3150800CFA0B85002F0B7FD0B214FF6FF72584685F8C8
S3150800CFB04410A5F84620C5E91377AF6402F0AAFD28
S3150800CFC095F8CC30C5E9377723F03F0343F00C03D7
S3150800CFD085F8CC30C5F8C850A5F8CE70A5F8D0703D
S3150800CFE085F8DA7085F8E47001F0B8FF0123C5F812
S3150800CFF0E80085F8E43048F8045BF035BAF1000F2C
S3150800D0003FF413AFD4F87886C4F88086B8F1000FD9
S3150800D01006D16921644B654A04E7FEE733466BE7A8
S3150800D020634D00272B4643F8E98B6B6105F6E90348
S3150800D030AB614FF4006305F114063046AB83C5E9CE
S3150800D0400877D4F87CA602F0B5FD2E662B46042692
S3150800D050013EC3E9197703F10803F9D1C823554AF4
S3150800D0600421C5E92C234FF6FF73A5F8B830524BB7
S3150800D0700022C5E930360023504FC5E93423C5E9F7
S3150800D0803623C5E92266C5E92466C5E92666A5F8F4
S3150800D090846085F8A860C5F8AC60C5F8BC80C5F89A
S3150800D0A0C86085F8E010C5F8E46085F8E86085F89A
S3150800D0B0ED6885F8EE68A5F86869A5F86E69A5F8BB
S3150800D0C07069C5F88069C5F88469C5F88869C5F8BE
S3150800D0D08C6985F89069C5F8946947E902232B6835
S3150800D0E0C5F8A069A5F8A46903B9FEE7344ADFF8CC
S3150800D0F0E0B03146C5E90A25A7F1B00078220193C8
S3150800D100CBF8005019F0FBF84FF0FF32DFF8C49067
S3150800D110019BC5F876297721C5F87269C5F87A6939
S3150800D120C5F86A69C5F8E968A7F50D60C3E93795D2
S3150800D130C4F88496C4F8885603F0F2FEA7F6E4000D
S3150800D14001F022FF1F4AC8E93795CAE93795C7F89B
S3150800D15018281D4ADBF80030C7F824281B4AAB42BA
S3150800D160C5E90168C5F80CA0A7F80668C7F81488C9
S3150800D170C7F81C68C7F82088C7F82868C7F82C8835
S3150800D180C7F83028C7F8346800D0FEE713B0BDE802
S3150800D190F08F00BF7C100020DDF00008048D020827
S3150800D1A090100020B9260108C29302085894020874
S3150800D1B04820002000F8FF07551A0108E829002032
S3150800D1C0011A010853FD0008ADDE000841F0000809
S3150800D1D0480E0020D90D01080348044B834202D0AB
S3150800D1E0034B03B118477047F43E0020F43E002075
S3150800D1F000000000064B0749C91A891048BF0131CB
S3150800D200491003D0044B0BB101481847704700BFBB
S3150800D210F43E0020F43E00200000000010B5064C45
S3150800D220237843B9FFF7D8FF044B13B10448AFF38B
S3150800D23000800123237010BD883A002000000000FA
S3150800D2406818030808B5054B1BB105490548AFF32F
S3150800D2500080BDE80840FFF7CDBF00BF0000000012
S3150800D2606834002068180308A3F5803A704700BFA1
S3150800D270174B002B08BF134B9D46FFF7F5FF002100
S3150800D2808B460F461348144A121A19F038F80E4BF3
S3150800D290002B00D098470D4B002B00D09847002054
S3150800D2A0002104000D000D48002802D00C48AFF3F9
S3150800D2B0008010F07FFD200029000FF0D7F810F04D
S3150800D2C067FD00BF00000800000000000000000025
S3150800D2D0C80A0020C80A0020A03B00200000000061
S3150800D2E000000000014B1868704700BFC80A0020FC
S3150800D2F04FF0FF30704710B5044600B9FEE7037FCC
S3150800D3001BB1436998470023237710BD70B50446BF
S3150800D31000B9FEE7038B428B9A420CD900220133EF
S3150800D32003830277D0E9025398472B4601462046E5
S3150800D330BDE870401847036A01330362BDE87040D0
S3150800D340D9E7014B5B691847C80A002010B5EFF307
S3150800D3501184302282F31188094A111D5032831A2A
S3150800D3601E22DB10B3FBF2F32420DBB200FB031012
S3150800D370FFF7C1FF84F31188BFF36F8F10BD00BF9D
S3150800D380C80A0020014BD3F840321847C80A0020C3
S3150800D39010B5EFF31184302282F31188094A02F599
S3150800D3A00C715032831A1E22DB10B3FBF2F32420D1
S3150800D3B0DBB200FB0310FFF79EFF84F31188BFF36F
S3150800D3C06F8F10BDC80A00202DE9F843064614469B
S3150800D3D00D46FFF790FF3369984700272D1947EB4D
S3150800D3E007032C1A63F10005012C75F1000306DA10
S3150800D3F0336A304601333362BDE8F8437BE7D6E942
S3150800D40002839847A04277EB05031CD2F368984736
S3150800D4103B4602462946204618F080FDF3689146A9
S3150800D42098473B4602462946204618F077FD4C4663
S3150800D43083B200227383214630463283C0470123D4
S3150800D4403377BDE8F8833B46F3E7F8B50E4C054657
S3150800D45004F14C03C31A1E20DB10B3FBF0F324209F
S3150800D460DBB24343E7583026E01857B1EFF311848F
S3150800D47086F31188FFF7A8FF84F31188BFF36F8F2F
S3150800D480F8BDE550F2E700BFCC0A0020F8B50E4C0F
S3150800D4900546A4F5F073C31A1E20DB10B3FBF0F3A0
S3150800D4A02420DBB24343E7583026E01857B1EFF3A0
S3150800D4B0118486F31188FFF787FF84F31188BFF379
S3150800D4C06F8FF8BDE550F2E7F80C0020C3071BD4B0
S3150800D4D00E4B1B7803EA000103EA101001F00F0255
S3150800D4E0014389070ED442EA0003C3F380005B07B1
S3150800D4F00BD502200138064BC0B2C0EB001003EB77
S3150800D500001070470120F5E700207047A03C002076
S3150800D510180B0020FEE7114B03F15002821A1E2059
S3150800D520D210B2FBF0F2D2B203EB4200B0F87802A6
S3150800D53003F51F730144002089B203EB82131A888E
S3150800D5408A4201D19A783AB90130102803F10403C6
S3150800D550F5D14FF0FF30704700B27047C80A002077
S3150800D56038B504460D46FFF7D6FF80B20F2825D9F1
S3150800D5701E21154BE21AD210B2FBF1F2D2B203EB1E
S3150800D580821303F22E21002311F82300C0B10133C0
S3150800D590102BF9D14FF0FF3399B20F2912D80B4946
S3150800D5A003EB021301EB830301EB4201B1F8782286
S3150800D5B015440122A3F87C5283F87E22002038BD48
S3150800D5C01BB2E9E70320FAE7180B0020C80A002077
S3150800D5D0154B30B503F15002821A1E20D210B2FB49
S3150800D5E0F0F24C880D88D2B225448C8803EB4200B1
S3150800D5F0C988B0F878022C4421440144002003F578
S3150800D6003F7389B203EB82131A888A4201D19A784A
S3150800D6103AB90130102803F10403F5D14FF0FF3071
S3150800D62030BD00B2FCE700BFC80A002070470346B9
S3150800D6308288C088114481429DBF186899808018E5
S3150800D64000207047A0F14103052B04D83738C0B233
S3150800D650087000207047A0F16103052B01D85738E0
S3150800D660F5E73038C0B20928F2D90720704770B5F7
S3150800D670466804460D4626B9BDE870404B68006802
S3150800D68018478B689847B2680146831A002BB8BFBB
S3150800D690121A2B682068A8BF0022BDE870401847F8
S3150800D6A038B50C461146E2680346944206D04568EA
S3150800D6B0AC420BD14260FFF7DAFFE46038BD944212
S3150800D6C00DD01146D268002AF9D1F6E72A4600217C
S3150800D6D0F9E7CB68002BF0D0DB68CB60EDE70029D3
S3150800D6E0F7D1002DE9D0EA685A60E6E770B54668D2
S3150800D6F004460D467EB18B689847B368C01A002861
S3150800D70009DB20462A463146FFF7CAFF30467368CA
S3150800D710BDE87040184729462046BDE87040A6E790
S3150800D72001490830E2E700BF048D02080146006897
S3150800D730014A1030B4E700BF108D020801491030C5
S3150800D740D4E700BF108D02080122024B002083F89F
S3150800D7507C237047C80A00200020024B83F87C030C
S3150800D760704700BFC80A0020704700F44053B3F55D
S3150800D770005F04D100F44C43B3F54C4F07D0B0F525
S3150800D780804F04D380F04000C0F38010704700201B
S3150800D790704700F01800102805D0A0F11803584269
S3150800D7A05841C000704704207047012300F0070065
S3150800D7B0834013F0220F09D113F0880F08D113F014
S3150800D7C0440F14BF01200020C00070470420704792
S3150800D7D01020704708B54307024608D0FFF7D9FF5F
S3150800D7E012F0180F0CBF05300630C0B208BDFF2076
S3150800D7F0FCE72DE9F3470E46044608B30378302BB9
S3150800D80018D1437803F0DF03582B13D101270234CC
S3150800D81000224FF0993915464FF00A08DFF870A034
S3150800D82020784FB10DF10701FFF70CFFA8B102B040
S3150800D830BDE8F0870027EBE73038C0B2092801D9E0
S3150800D8400720F4E791457AEB05038DF80700F7D32F
S3150800D850A2FB082308FB053306E0B5F1805FEFD28B
S3150800D8602B0143EA127312019DF80710002089184C
S3150800D87053F1000328BF01200A461D460028DFD1C0
S3150800D88014F8010F0028CBD1C6E90013CFE700BF73
S3150800D8909999991913B50C466946FFF7AAFF48B92D
S3150800D8A04FF0FF32009B9A42019A70EB020234BF96
S3150800D8B00720236002B010BD10B5C38802899C1CDE
S3150800D8C094420BD80268D4186478D35C43EA0423DC
S3150800D8D00B80C3880233C380002010BD0620FCE7F6
S3150800D8E070B5C4880389221D9A4211D805682A1979
S3150800D8F0937856782C5D1B04D27843EA0623234393
S3150800D90043EA02630B60C3880433C380002070BDFA
S3150800D9100620FCE770B5C288038902F108049C4218
S3150800D9201CD80568AC18A3786678AA5C1B0443EA79
S3150800D93006231343E278657943EA0263227942EAC9
S3150800D9400522A579E47942EA054242EA0462C1E978
S3150800D9500032C3880833C380002070BD0620FCE768
S3150800D96000F1B4019030A7E70C20704707B5903056
S3150800D9700DF10601FFF7A0FF002808BF0C2003B031
S3150800D9805DF804FBFEE7FEE737B5002300220446F0
S3150800D990CDE90023FFF7D5FC6946054604F190005A
S3150800D9A0FFF7B8FF60B9DDE90032AB4272F100015A
S3150800D9B008D35B1B62F10002C4F89839C4F89C29A5
S3150800D9C003B030BD0720FBE7074BD3F880230023BD
S3150800D9D052F8041F884201D1D8B270470133042B8C
S3150800D9E0F6D10020704700BFC80A002037B50446A4
S3150800D9F00DF106019030FFF75FFF0546E0B9236891
S3150800DA009A6CE2B1DC69BDF806102046FFF783FD83
S3150800DA1083B20F2B15D80C4B03F15002A41A1E2201
S3150800DA20E410B4FBF2F4E4B200EB041003EB800359
S3150800DA3083F87E52A3F87C52284603B030BD0D25E4
S3150800DA40FAE70A25F8E700BFC80A002013B5044616
S3150800DA500DF106019030FFF72FFF50B923689A6C35
S3150800DA6032B1BDF80610D86902B0BDE8104077E5B6
S3150800DA700D2002B010BD13B504460DF10601903015
S3150800DA80FFF71AFF50B923689A6C4AB1BDF8062009
S3150800DA90B3F86010914201D0A3F8602002B010BD1F
S3150800DAA00D20FBE710B51AF0D7FA124B8342124B3A
S3150800DAB08B411ED3114BD3F88423D2B14FF47A7419
S3150800DAC0A0FB040304FB0131531E13420DD1B2FA25
S3150800DAD082F2C2F11F04531CD243E04001FA03F359
S3150800DAE0184321FA02F2104310BD002318F016FA63
S3150800DAF0FAE7FEE7EFA7C64B37894100C80A0020B8
S3150800DB0007B50A4600B9FEE7037F03B1FEE7074BF0
S3150800DB1001900093416801234FF0FF3018F0F8FE9A
S3150800DB2000B1FEE703B05DF804FB00BF1F870208DB
S3150800DB304FF0FF3019F0FAB800B9FEE741684FF028
S3150800DB40FF3018F0F5BE38B5124C94F87C33E3B1C3
S3150800DB50E9B115681049284618F027FE014668B944
S3150800DB60D4F8880319F082F910B90024204638BD84
S3150800DB700124214609480DF0F9FDF7E7284608492A
S3150800DB8018F013FE18B90121EAE70D24F1E7072476
S3150800DB90EFE700BFC80A0020008902080F890208BB
S3150800DBA00789020810B50F4B93F87C3393B1B9B1C6
S3150800DBB014680D49204618F0F8FD20B90EF06BFAE6
S3150800DBC00024204610BD2046084918F0EEFD38B955
S3150800DBD00120F3E70D24214605480DF0C7FDF0E7BF
S3150800DBE00724F8E7C80A00200089020807890208FE
S3150800DBF00F89020837B5094D04460DF10601D5F817
S3150800DC00880318F055FF38B9034622469DF80610D2
S3150800DC10D5F8880318F09AFE03B030BDC80A00206C
S3150800DC201FB50023CDE901330393FF230C4C8DF870
S3150800DC300430D4F8880318F08BFE70B90DF1020190
S3150800DC40D4F8880318F034FF9DF80210D4F8880336
S3150800DC5001AA18F082FE00B1FEE704B010BD00BFAD
S3150800DC60C80A002008B5054BD3F8880318F049FE02
S3150800DC7000F00300C31E5842584108BDC80A0020D8
S3150800DC800139013811F8012F10F8013F3AB9002B74
S3150800DC9014BF01200220831E5842584170479A42F9
S3150800DCA0F0D00020F7E710B5A9B114680B49204653
S3150800DCB0FFF7E6FF38B10020FFF79CFF08B1012007
S3150800DCC010BD0020FCE720460549FFF7D9FF10B133
S3150800DCD0FFF7A6FFF2E70720F2E700BF248902084C
S3150800DCE02A89020810B5A1B114680B492046FFF726
S3150800DCF0C7FF30B10120FFF77DFF003818BF0120AC
S3150800DD0010BD20460549FFF7BBFF10B1FFF788FF96
S3150800DD10F3E70720F4E700BF248902082A890208E6
S3150800DD2037B5036804469A6C6AB31848DB69A0F5E8
S3150800DD300B729B1A1E22DB10B3FBF2F3DBB24022F6
S3150800DD40002100EB831018F0DAFA04F19005B4F814
S3150800DD509830B4F896209B1A9BB2012B01D8002064
S3150800DD600FE028460DF10601FFF7A6FD48B923681E
S3150800DD70BDF806109A6C32B1D869FFF7F1FB002896
S3150800DD80E5D003B030BD0D20FBE700BF440D0020F1
S3150800DD900023F7B506460F460C2001A91546019340
S3150800DDA00DF086FB019C04B9FEE7276026715EB973
S3150800DDB0A560214608480AF01BFF50B9204603B063
S3150800DDC0BDE8F040FCF798BE2B7823726B88638118
S3150800DDD0EFE703B0F0BD00BF540E0020012937B5A8
S3150800DDE002D0072003B030BD10680028F9D00378A8
S3150800DDF069462D2B0ED10130FFF7FBFC03460028A0
S3150800DE00F0D14FF00042009CA242019A9341E8D318
S3150800DE1064420DE02B2B08BF0130FFF7EAFC00280F
S3150800DE20E0D1009C019BB4F1004F73F10003D8D2F6
S3150800DE3004F18003FF2BD4D8064D04EB8401490076
S3150800DE40D5F8880309B211F045F800B1FEE785F860
S3150800DE50D843C7E7C80A0020012B08B50DD0022B06
S3150800DE6015D0D3B98A4237BF4368511A5B1A01687D
S3150800DE703CBF521AD11888B208BD8A4289BF436886
S3150800DE80891A9B1A026884BF891AC918F3E7C72139
S3150800DE90034B044A04480FF0B1FF0021EBE700BF2B
S3150800DEA02F890208358902088F89020810B5074BA1
S3150800DEB0D3F8804304F58D500830FDF70BF900B10F
S3150800DEC0FEE704F5805484F8A60110BDC80A0020B0
S3150800DED008B513468288232A05D90A46006801210F
S3150800DEE009F04CF800B1FEE708BDF8B500F10803E3
S3150800DEF003604FF404134360002304460D460E8A5C
S3150800DF00064F03720E44B54201D12046F8BD394684
S3150800DF10204615F8012B0DF0F1F8F4E7288A0208D7
S3150800DF200EB4034617B505A951F8040B5C690191AF
S3150800DF300CB19A69A04703B0BDE8104003B070471A
S3150800DF4070B5012905461446C2B006D112681649AD
S3150800DF50FFF7E6FF002042B070BD022921D1134920
S3150800DF601068FFF78DFEE0B1606801A9FFF792FC23
S3150800DF700028F0D1019902ACFF2928BFFF212246CB
S3150800DF800A26884204D10023074913542846DFE7A6
S3150800DF90B0FBF6F306FB1303303304F8013B0130FC
S3150800DFA0EFE70720D7E700BF1F8C02082D8A020873
S3150800DFB013B50C4629B90F49FFF7B2FF204602B040
S3150800DFC010BD012911D169461068FFF712FC0446F5
S3150800DFD00028F3D1009B019AB3F5807F72F1000205
S3150800DFE003D20B3BDBB20F2B01D90724E6E70C243F
S3150800DFF0E4E700BF308A020870B586B011B90C2074
S3150800E00006B070BD14681F492046FFF739FE002880
S3150800E010F5D120461C49FFF733FE0028EFD110231F
S3150800E020ADF8143064B3204618F0FCFB431C212BD2
S3150800E0304FEA530524D801AA164600F001031544F1
S3150800E040AE42DCD02078CBB90DF10301FFF7FAFA1E
S3150800E0500028D5D19DF8032001341201D2B22078C8
S3150800E0600DF10301FFF7EEFA0028C9D19DF8033038
S3150800E07001341A4306F8012B0346E1E70022EEE7CE
S3150800E0800720BDE700890208078902080368006EB1
S3150800E09093F844100DF0FBBF044B006E93F8D913A8
S3150800E0A0490001F0FE010DF0F2BF00BFC80A0020CA
S3150800E0B03221006E0DF0EBBFAF21006E0DF0E7BF09
S3150800E0C0F8B505460E460024012707FA04F333423D
S3150800E0D004D10134202CF8D10020F8BD286EE1B215
S3150800E0E00DF0D5FF0028F4D0F7E7D0F8B010E7E731
S3150800E0F00049E5E700F8FF070049E1E700F8FF07F0
S3150800E1000368996C41B190F87139034493F976190B
S3150800E110013118BF01214900006E0DF0B8BF034652
S3150800E120002110B400F1100253F8044F0CB101316C
S3150800E130C9B29342F8D1006E5DF8044B0DF0A7BF43
S3150800E1400021006E0DF0A3BF0421006E0DF09FBFE5
S3150800E15090F8E010006E0DF09ABF9C21006E0DF04D
S3150800E16096BF0221006E0DF092BF232070477F29CB
S3150800E1700B46F7B51ED9B1F5804F1DD3B1F5001F73
S3150800E1801CD3B1F1805F2CBF052204226E46002401
S3150800E1903146571EBC42DDB212D104F108030DEB1D
S3150800E1A0030405F07F0504F8085C00680DF084FE9A
S3150800E1B003B0F0BD0122E9E70222E7E70322E5E71B
S3150800E1C065F07F0506F8015BDB090134E2E72DE916
S3150800E1D0F0470568044695F81C900E46B9F1020FFB
S3150800E1E025D0AB6AD0F82C80984523D14B464146BA
S3150800E1F0EA6A2846FFF730FED4F828A007464B46B9
S3150800E200524641462846FFF727FE874212D9C5F8E7
S3150800E2102CA094F825300021204684F82430FFF7F6
S3150800E220A6FF28B931462046BDE8F0479FE70D20EE
S3150800E230BDE8F0870720FBE702216030C7E7D0F882
S3150800E240AC10603093E710B500F160040421204655
S3150800E250FFF78DFF20B92046BDE81040032186E769
S3150800E26010BD0321603082E7002160307FE710B5DA
S3150800E27000F1600405212046FFF779FF40BB0C2119
S3150800E2802046FFF774FF18BB18212046FFF76FFFDB
S3150800E290F0B922212046FFF76AFFC8B940F20121EA
S3150800E2A02046FFF764FF98B940212046FFF75FFF35
S3150800E2B070B941212046FFF75AFF48B94221204646
S3150800E2C0FFF755FF20B92046BDE8104043214EE729
S3150800E2D010BD0B2160304AE70421603047E750F84B
S3150800E2E0603BB3F8581041F0340140E770B5164A60
S3150800E2F086B002AC5168054626461068224604AB2D
S3150800E30003C3124B124913F801098B4202F8010B99
S3150800E310F9D10822204604A919F0EFF960B90D4B86
S3150800E3209A6CDB6CCDE900236A46234613F8011D77
S3150800E330934204F8011BF9D108223146286E0DF0E4
S3150800E340BBFD06B070BD00BFB78A02080900E00F22
S3150800E3500100E00F0080E00F01680822006E6231BC
S3150800E3600DF0AABD0368006E996C003918BF01212B
S3150800E3700DF08FBE90F87139034493F86A19006E50
S3150800E3800DF087BE0021006E0DF083BE90F871393E
S3150800E390034493F87A19006E0DF07BBE2DE9F04719
S3150800E3A01F4BC2B0B3F8DA230123120A934040F296
S3150800E3B0A172134211D00024FC22214603A802941C
S3150800E3C0264617F09CFF174D174FDFF86080DFF8D9
S3150800E3D06090DFF860A02B781BB9002042B0BDE83A
S3150800E3E0F08706F00302032A14BF43464B460193FF
S3150800E3F057F8043B02A8009352462B464FF4807107
S3150800E400204410F009F915F8013B002BFBD1711CCB
S3150800E410CEB211F003011CBF0019C1B20C46DAE7EF
S3150800E420C80A00201C8D0208A03B0020C08A0208EA
S3150800E430B68A0208C38A0208094A091A891030B539
S3150800E44051430346002224258A4205FB023005D0A3
S3150800E4500BB1046A04B130BD0132F5E70020FAE7D2
S3150800E460398EE33870B50D460668EFF31182302110
S3150800E47081F311880021046A016282F31188BFF3CF
S3150800E4806F8F002C00DC70BD3046013CA847F8E7CA
S3150800E490022019F069B908B50C4AD2F8E4335BB919
S3150800E4A0D2F8E8336BB9FFF7F3FF40B9BDE8084087
S3150800E4B04FF4F85019F058B91B68012BF0D1012018
S3150800E4C008BD1B68012BEED1F9E700BFC80A00207A
S3150800E4D02DE9F3410F4C8446D4E9FC6586EA020827
S3150800E4E085EA030708EA00080F4058EA07000DD036
S3150800E4F0D4F8880350B1CDE9002386EA08066246B7
S3150800E5000B467D4018F0B8FAC4E9FC6502B0BDE8D0
S3150800E510F08100BFC80A0020F0B589B0FFF7B8FF40
S3150800E52000B9FEE73D4CD4F8E01301B9FEE7102028
S3150800E53019F01AF98B8800278DF80B3001230DF195
S3150800E5400B011A46D4F8880318F0B6FB9DF80B2081
S3150800E550D4F8E013023A002392B20968D4F8880383
S3150800E56018F0AAFB2E4B05970693D4F8E0330797C5
S3150800E57093F82C2020208DF814201B6805AD1E78F2
S3150800E580C6F3401619F0F0F850B10DF091FD394672
S3150800E590202019F0D1F839464FF4004019F0CCF88C
S3150800E5A0D4F8E073D4F888437B69C3B9102019F00E
S3150800E5B0DBF8B97968B11B4B3A7E20469A711A7C0A
S3150800E5C00433DA703246009518F0BCF900BB09B07E
S3150800E5D0F0BD2B463246204618F0B2F9F6E700227F
S3150800E5E0962104923A69204613440E4AA3F59B7372
S3150800E5F011831432B979039300920195324603AB1D
S3150800E60018F0A2F920B90121402019F095F8DEE7A3
S3150800E6104FF4805019F0BEFFD9E700BFC80A0020A2
S3150800E62020A10700A03C002010B5084A92F8F8136C
S3150800E63051B90124102882F8F84300D0FEE719F0F2
S3150800E6407BF8BDE8104067E710BD00BFC80A002088
S3150800E6501FB5FF238DF804300023CDE90233064B9E
S3150800E660014601AAD3F8880318F077F9003818BFCD
S3150800E670012005B05DF804FBC80A002038B5104B28
S3150800E6800D4603F15002841A1E22E410B4FBF2F47C
S3150800E690E4B203EB4402A2F87812D3F888032246C0
S3150800E6A018F0D2FB00B1FEE74FF6FF739D4206D085
S3150800E6B00123044A01341178A3400B43137038BD73
S3150800E6C0C80A0020A03C002073B505460DF10601D6
S3150800E6D09030FFF7F1F8044658B92D68AB6C5BB17A
S3150800E6E0BDF806606B6D3146D869FFF7C7FFA5F818
S3150800E6F04660204602B070BD0D24FAE708B5084BFF
S3150800E70003F15002821A1E20D210B2FBF0F2D3F89F
S3150800E7108803D2B218F09EFB00B1FEE708BD00BF21
S3150800E720C80A002037B505460DF106019030FFF7F7
S3150800E730C3F8044650B92B689A6C52B1BDF8061056
S3150800E740A3F85E105B6DD869FFF7D8FF204603B0C3
S3150800E75030BD0D24FAE738B50568044675B12B684F
S3150800E760012B06D1064BD3F8880303F57F7118F001
S3150800E770DFF82846FCF7C0F90023236038BD00BF40
S3150800E780C80A0020034670B548B30668022E26D18B
S3150800E790417984790A46194814B3012925D8A0F580
S3150800E7A06574C1EB011104EB011400EB82001D79BD
S3150800E7B0FFF7D1FF94F8E4306DB283B1236A93F87A
S3150800E7C05A205C6F022A18BF83F85A60A36C33B1CB
S3150800E7D0236D23B12946206C98470023236570BD15
S3150800E7E000EB8100BDE87040B5E700EB81001B79BE
S3150800E7F0FFF7B1FF002393F8E430FFDEAC0E0020EC
S3150800E80038B51446002A39D0D168936801391C4DA9
S3150800E8109942D5F888034FF0FF3118BF002118F048
S3150800E820A0F810F5007F0CD180232374A368E26852
S3150800E83001339A42A3600FD92046BDE838400CF050
S3150800E840E1BE002894F91030B8BF033040F38700C2
S3150800E8508342B8BF2074E9E794F910302371022384
S3150800E8602360A37913B12046FFF78CFFD5F88803F8
S3150800E8700022BDE83840802118F04EB938BD00BFE7
S3150800E880C80A002008B5074BD3F8880318F00EF914
S3150800E89030B1054BB3FBF0F083B20BB1184608BD97
S3150800E8A00120FCE7C80A002040420F00F8B50646DA
S3150800E8B02C4D33680C46D5F888031BB3972118F0FE
S3150800E8C0BFFA024600B1FEE73168D5F8880310F0B2
S3150800E8D043F900B1FEE73168D5F8880318F0CFF898
S3150800E8E03179814200D0FEE7D5F8880310F0DAFACC
S3150800E8F000B1FEE70122D5F88803114618F0D4FACC
S3150800E90020B1FEE70AF0F2FE00B1FEE70322D5F8D1
S3150800E9108803114618F0B8FA7F2C20D0D5F888035A
S3150800E92018F056F9032814D104EB84046400D5F8CA
S3150800E93088730A21384618F04DF94FF4E1613846D4
S3150800E94018F04AF92146D5F8880310F0C3FA30B111
S3150800E950FEE7D5F8880310F0D9FA0446E7E7C5F8C4
S3150800E9601464F8BDC80A002038B50446164D18F0D8
S3150800E97031FF237D95F81C249A4223D895F81D2447
S3150800E9809A421FD3D5F8143405F58360834202D022
S3150800E9907F21FFF78BFF8022D5F88803114618F0F0
S3150800E9A0BBF810B1012000230AE0207DFFF750FED6
S3150800E9B00028F7D120460CF025FE0028F2D10123C5
S3150800E9C0236038BD2120EEE7C80A00202DE9F84368
S3150800E9D0264E054696F82674FFF75AFD18B17F2588
S3150800E9E02846BDE8F88306F15003ED1A1E23ED10FC
S3150800E9F0B5FBF3F5EDB2012D00D9FEE706EB85036D
S3150800EA00D3F8E4934FEA8508B9F1000F28D1182006
S3150800EA100CF0ECFD87828027C0F8009045710771DD
S3150800EA2080F80690C0F808900446FFF72BFFC00050
S3150800EA301028D6BF10230123B3FBF0F32774204612
S3150800EA40E360FFF791FF58B94644C6F8E4432368E4
S3150800EA50012BFCD0257920466DB2FFF793FEBFE760
S3150800EA6003484044FFF777FEB9E700BFC80A00200D
S3150800EA70AC0E002010B504460068FFF7A7FFC1B228
S3150800EA80206EBDE810400DF002BB2DE9F047214E7F
S3150800EA90894606F15003C51A1E23ED10B5FBF3F59A
S3150800EAA0EDB2012D904600D9FEE706EB8503D3F8B3
S3150800EAB0E4A3AF00BAF1000F26D118200CF096FD9A
S3150800EAC0A0F8149045714FF080090125C0F800A000
S3150800EAD0857180F80490C0F808A00446FFF7D2FEB6
S3150800EAE0C300B8EBC00F28BFB8FBF3F52046E560B6
S3150800EAF084F81090FFF738FF054630B93E44C6F84B
S3150800EB00E4432846BDE8F087042503483844FFF760
S3150800EB1022FEF6E7C80A0020AC0E002008B5054B11
S3150800EB2000EB80004100D3F8880310F0D3F900B158
S3150800EB30FEE708BDC80A002038B50F4B0C4693F807
S3150800EB401C24824215D893F81D24824211D303F55A
S3150800EB508365D3F81434AB4204D10846FFF7DEFFC9
S3150800EB60002038BD0DF0A4FA21462846FFF79EFE80
S3150800EB70F6E70720F5E700BFC80A002070B5044687
S3150800EB800D46FFF785FC50BB1E22174E06F15003B3
S3150800EB90E31ADB10B3FBF2F3DBB2012B00D9FEE775
S3150800EBA006EB8303D3F8E43313B11B68012B16D0A5
S3150800EBB00CF002FC01462846FFF7BEFF044660B982
S3150800EBC02846FFF745FD044658B90146202018F0A7
S3150800EBD0B3FD86F8265486F85654204670BD0D2493
S3150800EBE0FBE70124F9E700BFC80A002010B58368CF
S3150800EBF004465BB143690179D869FFF7BFFF20B9BD
S3150800EC00A37E022B01D00223A37610BD0D20FCE7BC
S3150800EC1001297FB511D169461068FEF7EAFD044659
S3150800EC2060B9009D019BB5F5807F73F1000304D29E
S3150800EC30E8B2A0F10B030F2B03D90724204604B032
S3150800EC4070BDFF230A4ECDE9004496F9D813029405
S3150800EC508DF80030FFF770FF044600B1FEE76A46FC
S3150800EC60D6F88803A9B217F078FE0028E6D0FEE7A2
S3150800EC70C80A002010B5EFF31182302383F31188F8
S3150800EC80084B03F15004001B1E24C010B0FBF4F01F
S3150800EC90C0B203EB8013C3F8841482F31188BFF360
S3150800ECA06F8F10BDC80A002008B5302383F311887A
S3150800ECB04FF000534FF20F0218805A80BFF35F8F50
S3150800ECC0F9F736FB2DE9F0416D4A6E4B55686E4CE7
S3150800ECD05D65516A99656D49D1F80002D865D1F824
S3150800ECE004021866D1F80812586B5966916A10F032
S3150800ECF0040F9966D16A4FF00000D966116B19673F
S3150800ED00516B5967D26BD8649A67D3E90E1218BF4C
S3150800ED1011465F4A91421A655DD301F12000A0426F
S3150800ED2059D88869C5F308051864CE69062D5E6446
S3150800ED3055D1584DA84252D3574DA8424FD20588AF
S3150800ED404DF6426085424AD11868C3F8940058685F
S3150800ED50C3F8980040F20170A242154604D22E6804
S3150800ED600432B6F1CD3FF7D00022C3E91F22C3E92A
S3150800ED702122C3E92322641BDFF818C1424DDFF8BC
S3150800ED8018E19C648D422DD8D3E91FC7D3E92165C4
S3150800ED90D3E923414FF0000E013AD2B2FF2A3BD104
S3150800EDA0BEF1000F05D0C3E91FC7C3E92165C3E952
S3150800EDB02341B3F85430C3F308030C2B3AD8022B7B
S3150800EDC053D9DA1E092A50D8DFE802F030563F42F6
S3150800EDD04F4F4F4F4F4C0021C3E910112C494FF4A8
S3150800EDE02060B9E755F8044D6445CBD37445C9D2BC
S3150800EDF0E607C7D50026294F57F8048FA045C1D086
S3150800EE000136062EF8D12AB1013AD2B203EB8206B0
S3150800EE10F467B7E70522F9E7E0464FF0010EBC466E
S3150800EE2037462E4625460C464146B5E740F60120AC
S3150800EE30BDE8F0814A2B18D1194B9B6913F0020FD4
S3150800EE4040F2025318BF1846F2E740F60320EFE7F0
S3150800EE5040F2017240F60423B0F5206F14BF104645
S3150800EE601846E5E740F60520E2E740F60722013BAB
S3150800EE706B2B98BF1046DBE740F60220D8E700BFA9
S3150800EE8000ED00E0A03B0020C80A002000E100E0F9
S3150800EE900800002020620008E0880208183C0020CC
S3150800EEA00040005B084B03F5A062D2E8AF2FD207FB
S3150800EEB007D493F8002522B9C3F80425012283F85C
S3150800EEC000250248704700BFC80A0020CC0F002062
S3150800EED01022002117F013BA70B5144D05F5A16379
S3150800EEE0D3E8AF4F14F0010416D195F808359BB94D
S3150800EEF0C5F80C4505F5A26630191034FFF7E8FF8A
S3150800EF00A02CF9D10B220A4B013A194603F110033A
S3150800EF1004D1012385F80835064870BDD5F80C05D7
S3150800EF2043F8100CC5F80C15EEE700BFC80A002018
S3150800EF30D80F0020D40F0020037A012B04D0022B0F
S3150800EF4006D053B90B7270470B7203880B80704753
S3150800EF500B7203680B6043684B607047094AB2F846
S3150800EF60B03503B9FEE748F24E30D2F8B435A3FB04
S3150800EF70003010EB530044BF20F000400130C2F8C7
S3150800EF80B4057047C80A0020836853B903685A68ED
S3150800EF9012B9586080607047926882605A689060BB
S3150800EFA058607047002337B500F58D540834054678
S3150800EFB00C22194620460CF0CBF82E2834D004280B
S3150800EFC009D11A4BD3F8800300F58E500C3003B0E4
S3150800EFD0BDE83040D8E700B1FEE7204601A9F7F7BB
S3150800EFE0A5FF58B9019B124A20469A65F7F791FF83
S3150800EFF0204601A9F7F79AFF08B1FEE7FEE7019B4D
S3150800F0000C4A2046DA65F7F784FF204601A9F7F788
S3150800F0108DFF00B1FEE7019B074A20465A67F7F7BE
S3150800F02078FF064BC5E9083503B030BDC80A00208D
S3150800F030FDFC00082DD600084DF000085DF000081C
S3150800F040014BD3F88003ADE7C80A0020024BD3F87A
S3150800F050800300F58E5097E7C80A002000F5805314
S3150800F06093F8A62132B193F8A7311BB900F58D5054
S3150800F070143089E770472DE9F041936805460C4638
S3150800F080164698473246074621462846FEF708FBA5
S3150800F0906868002203466BB1A168D3F808E0A1EBC3
S3150800F0A0070CAEEB070898EA0C0F14D4A1EB0E0177
S3150800F0B0002908DA52B9E0606C6031462846BDE896
S3150800F0C0F041FEF7D4BA1A46DB68E4E7D368E36092
S3150800F0D0D460BDE8F081BCF1000FEAE701688A6AEE
S3150800F0E08B6B086B934208BFCA6A03F1804304BF5F
S3150800F0F00132CA628B63024A30310830BBE700BF6F
S3150800F100048D020800F44052B2F5005F034620D190
S3150800F11048F2400220F44E5020F03F0090421ED0A4
S3150800F1200CD8B0F5446F1AD005D8C8B1B0F504604C
S3150800F13018BF01207047B0F50040F9E703F44C43C7
S3150800F140B3F5404F0BD04CF64043C01A18BF012008
S3150800F150704710F4406F14BF01200020704700204C
S3150800F160704710B58388032B12D900680CF0A8FFE6
S3150800F17080F480720446C2F30021FFF7C3FF48B942
S3150800F1808A1CC4F38123022B06D0032B17D02BB17C
S3150800F190FF2212E00A1DF4E70232D2B22046FEF739
S3150800F1A0E4FA08B10232D2B2C4F38134022C08D090
S3150800F1B0032C09D0002C18BFFF22104610BD0832B8
S3150800F1C0EBE70232D2B2F8E70832FBE710B58388DC
S3150800F1D00446022B07D900680CF0A5FF18B1204693
S3150800F1E0BDE81040BDE7FF2010BD38B505460C4602
S3150800F1F0FFF7ECFFFF2817BF2B6806201B5C0020D3
S3150800F2001CBF03F00703237038BD38B505460C4606
S3150800F210FFF7DCFFFF2817BF2B6806201B5C0020C2
S3150800F2201CBF03F01803237038BD38B505460C46D5
S3150800F230FFF7CCFFFF281FBF431C2A68DBB2D35851
S3150800F2401ABF00202360062038BD38B505460C468F
S3150800F250FFF7BCFFFF2800D1FEE72A68431CD9B296
S3150800F260545452FA83F3220A5A70220C240E9A70C6
S3150800F270DC702B7F43F001032B7738BD70B506464B
S3150800F2800D46FFF7A3FFFF28044609D03268105C35
S3150800F290FEF77FFA22440244002053792B7070BD92
S3150800F2A00620FCE770B506460D46FFF78FFFFF28D8
S3150800F2B0044600D1FEE73268105CFEF76AFA22447B
S3150800F2C00244557170BD10B50446FFF77FFFFF284D
S3150800F2D006D02368185CFEF768FA0230C0B210BD83
S3150800F2E00220FCE770B50546FFF73BFFFF280446FA
S3150800F2F011D02E6830460CF016FF60B1A9888C42F2
S3150800F3000BDA305DFEF766FAFF2808D00444E4B24B
S3150800F310A142B8BFFF24204670BDFF24FBE7044680
S3150800F320F9E72DE9F0410746FFF7DCFFFF28044619
S3150800F330804644D03D6828460CF0C2FE8305064642
S3150800F3402ED53846FFF7BFFFB988A21C93B210FA2C
S3150800F35082F28A4205EB04072FDC2A5D02F07F025F
S3150800F36013449CB210FA83F3994226DB3A88C2F317
S3150800F370C7127F2A01D09942E7DC2B7803F00703EE
S3150800F380032B04D106F44056B6F5005F12D15FFA96
S3150800F39084F8B8F1FF0F12D005EB0800BDE8F0813C
S3150800F3A02B7803F00703032BF6D100F44056B6F585
S3150800F3B0005FF1D00134A4B2E9E7FF24E7E70020B3
S3150800F3C0ECE72DE9F047744F044697F87C330E4670
S3150800F3D0154686B0A3BB0846FFF7A3FF804678B359
S3150800F3E090F80090C9F38303032B29D119F0020F73
S3150800F3F026D130680CF064FEB6F804A000F440503C
S3150800F400BAF1090F1CD9D8B909F0C309B9F1010F26
S3150800F4101FD198F80130E32B16D18DB197F8B8357E
S3150800F420022B0DD1D6E9020445F2082103230A1856
S3150800F43087F8B83507F5B86144F10003C1E9002338
S3150800F440002006B0BDE8F087F32BF9D185F001005E
S3150800F450F7E7B9F1800FF3D1BAF10D0FF0D998F8A3
S3150800F460013003F0F80255B9802AE9D113F00703F1
S3150800F47040D198F80630F02BE2D10120E1E7402A86
S3150800F480DED113F0070335D198F80630F02BD7D024
S3150800F490E02B08D003F11C02D2B20B2A03D9503351
S3150800F4A0DBB20F2BCCD897F8B835022BC8D11E2261
S3150800F4B03A4D08F10200631BDB10B3FBF2F330226E
S3150800F4C0DBB202FB0373D3F8C8150422093118F01E
S3150800F4D014F90028B4D1D6E9020445F20821032319
S3150800F4E00A1887F8B83505F5AE6544F10003C5E98D
S3150800F4F00023A5E7022BA3D198F80330F02BA5D05B
S3150800F500E02B08D003F11C02D2B20B2A03D95033E0
S3150800F510DBB20F2B94D8002D92D097F8B835022B72
S3150800F5208ED11E231D4803A9241AE410B4FBF3F454
S3150800F53000238DF814303023E4B200F5AF6003FBE6
S3150800F54004000CF0C8FD18B9694603A8FFF7F4FCD7
S3150800F550304603A90CF08CFD0822684603A918F06A
S3150800F560CCF800287FF46CAF302303FB0474D4F87E
S3150800F570C83598F80220DB7B9A427FF461AFD6E95A
S3150800F580020445F2082103230A1887F8B835044906
S3150800F59044F1000352E700BFC80A0020180B0020F8
S3150800F5A0881000201E2238B5114C054604F1500378
S3150800F5B0C31ADB10B3FBF2F3DBB204EB831393F845
S3150800F5C08024D3F8883484F8342404F5846101222D
S3150800F5D0C4F83034FFF7F5FE95F8E4303BB1286AF5
S3150800F5E094F828165430BDE838400CF027B838BDD2
S3150800F5F0C80A002010B50446FFF793FE2368C01A10
S3150800F600C0B210BD70B505468688FFF7F3FF0446FD
S3150800F6102846FFF758FE0444301B80B270BD2DE91A
S3150800F620F04F076804469BB038460D460CF07BFD44
S3150800F630002800F0D681204607A9FFF7E6FD804698
S3150800F640002840F0CE819DF81C90B9F1080F40F0D3
S3150800F650C881237FDA0600F1C481B34E97F800A06B
S3150800F66006F15003ED1A1E230AF0070AED10BAF147
S3150800F670020FB5FBF3F51CD18DF81C0007A920462F
S3150800F680FFF7FCFD9DF81C10002900F0B581EBB2D0
S3150800F69006EB831393F881345A1E914210D08B429D
S3150800F6A00CD00133994200F0178148461BB0BDE8DB
S3150800F6B0F08FEBB206EB831393F881144FF0010831
S3150800F6C09A4BEDB208EB850003EB00130C33A360ED
S3150800F6D0237FDB0719D43B78AF0103F00703022B1E
S3150800F6E004BFF319D3F88424204604BF83F8801492
S3150800F6F0C3F88824FFF7D6FDF319D3F884142046F7
S3150800F7004A1CC3F88424FFF7A0FD0023206802934F
S3150800F7100CF009FD002800F0648120460DF1070170
S3150800F720FFF763FD002840F05C81204602A9FFF739
S3150800F7307CFD002840F055817D49029B01EBC507F9
S3150800F74051F8350079681ABA9DF8076003AB03C308
S3150800F75020468DF818600592FFF7B5FDA368861E4A
S3150800F7605FFA86F816F00106139340F0B78006385C
S3150800F770C0B20C2800F2B2802046FFF743FF354698
S3150800F780074603466A1C002B40F0A980EDB2022DFD
S3150800F79038BF02252046022DC5F10F0918BF5FFAAA
S3150800F7A089F9FFF727FF021E18BF0122013DA8F1BC
S3150800F7B00203EDB25B1045EAC30343EA821303A9C9
S3150800F7C04A4682460DF11D008DF81C3016F0B6FF2C
S3150800F7D00BAA39460F2393469945C0F0838007AA9A
S3150800F7E01146139818F02CFFBAF1000F06D002261E
S3150800F7F09DF81D308AEA03038DF81D304A4603A991
S3150800F8000DF12D008DF82C5016F098FF07AB09F175
S3150800F81011000021C9F10F02184416F070FD0025E9
S3150800F82010232046ADF86060CDE915578DF8649031
S3150800F830CDF850A01795ADF862308DF86580FFF7C2
S3150800F840D9FE8245064653D3276800EB0708B84514
S3150800F8504FD1159B149A3344934215930AD1BDF898
S3150800F860603023B107AA1146139818F0E9FE002361
S3150800F870ADF860302046FFF7C5FE179B169A03447D
S3150800F880934205464FD82046FFF74BFD0026804693
S3150800F8902F1847454ED1179B1D44169B17959D4219
S3150800F8A015D3BDF8603023B107AA1146139818F08E
S3150800F8B0C7FE9DF864200E2A09D802F1110007AB8D
S3150800F8C00021C2F10F0253FA80F016F018FDDDE9A7
S3150800F8D016329A426FD0FEE7D046F1E6FEE71546A5
S3150800F8E01B0A4FE7013B02F8011DDBB2090A73E761
S3150800F8F0FEE7BDF86030102B06D107AA114613980B
S3150800F90018F09EFEADF86050BDF860305A1C68339A
S3150800F910ADF860206B4417F8012B13F84C1C4A40CD
S3150800F92003F84C2C93E7FEE7C80A0020480F00208E
S3150800F930F1100020BDF86230102B12D10FA90F204C
S3150800F9400A469DF864C0604505DD11F8013D01339E
S3150800F950DBB20B706BB35946139818F071FEADF80D
S3150800F9606260BDF8623098F800905A1C6833ADF8AA
S3150800F97062206B4413F82C3C89EA030308F8013B20
S3150800F980BDF86030102B06D107AA1146139818F057
S3150800F99057FEADF86060BDF860305A1C6833ADF8A4
S3150800F9A060206B4413F84C2C89EA020903F84C9C36
S3150800F9B06FE70138C7E72046FFF785FCA6880FAA38
S3150800F9C0361A59461398256818F03AFE002207ABEE
S3150800F9D0A8199DF865108A4206DB237F43F01003B9
S3150800F9E023774FF0000960E613F8011B0132DD7F2B
S3150800F9F0694000F8011BECE74FF0010955E601F1F3
S3150800FA00080313F8012D8B4200F8012BF9D1704732
S3150800FA10F8B507680E4638460CF052FB05463846D8
S3150800FA200CF050FB04462846FFF76CFB08B102347D
S3150800FA30E4B2C5F38123022B12D0032B13D0284638
S3150800FA40FDF793FE08B10234E4B2FF2C06D0C5F3E5
S3150800FA508135022D09D0032D0DD04DB1062009E0C0
S3150800FA600234E4B2EBE70834FBE701253B5B33805D
S3150800FA7000203572F8BD30463919FFF7C0FF022558
S3150800FA80F6E713B504466846FFF7B9FF24686946E2
S3150800FA902046FDF79DFD80B20F2830D91E211B4A4E
S3150800FAA0A31ADB10B3FBF1F3DBB202EB831202F20B
S3150800FAB0AE21002211F8220020B30132102AF9D112
S3150800FAC04FF0FF3291B20F291ED8114902EB0312EB
S3150800FAD001EB430001EB8202BDF80030BDF80210CD
S3150800FAE0B0F878020B44BDF804100B44BDF80610B4
S3150800FAF00B440344A2F8FC32012382F8FE320020AC
S3150800FB0002B010BD12B2DDE70320F9E7180B00209A
S3150800FB10C80A002038B54FF6FE730025044643810F
S3150800FB208381C38AC58003F0FE0343F4FE4343F092
S3150800FB300103C3820572C0F80E50C0F812508561E1
S3150800FB402C30FFF7C5F904F13C00FFF7C1F904F1C1
S3150800FB504C00FFF7BDF9E565A4F8605004F16400B0
S3150800FB60BDE83840FDF7E2BD13B504466846FFF721
S3150800FB7046FF1E210D4B2268D21AD210B2FBF1F2B3
S3150800FB800721D2B203F2D95303EBC2031DF80100D1
S3150800FB90013903F8010BF9D2054B6946D3F88803F6
S3150800FBA017F05EF900B1FEE702B010BD180B002091
S3150800FBB0C80A0020036810B55A1E114603628B4214
S3150800FBC011D841620221017700210163A1F5803134
S3150800FBD0C0E90A33C0E90D13934207D8C0E90F23D9
S3150800FBE0C0E9113310BD04892144E8E701890A44B4
S3150800FBF0F2E7012B10B5044608460AD0022B0FD0AF
S3150800FC001BB963681044834200D910BD2289801A43
S3150800FC10F9E72368881A8342F7D922891044FAE754
S3150800FC209C21024B024A03480EF0E8F82F89020885
S3150800FC30D28A02088F8902082DE9F04790F8242015
S3150800FC4012B90D20BDE8F087013A0568D2B280F8EE
S3150800FC50242095F81C90B9F1020FF2D000EBC204EB
S3150800FC60AB6AA6689E42ECD1D5F82CA031464B4625
S3150800FC7052462846FEF7F0F86768804631464B46F6
S3150800FC803A462846FEF7E8F880450646D9D94B464F
S3150800FC90524639462846FEF7DFF80128D1D90236FA
S3150800FCA0464512DC841EA4B23C702B7F01223946DD
S3150800FCB02846FFF79EFF240A0470014601222846BB
S3150800FCC02B7FFFF796FF0020BCE70720BAE713460D
S3150800FCD010B501220C78FFF78CFF03782402E01890
S3150800FCE080B210BDC26B436A9A4205D1836B006A23
S3150800FCF01B1A5842584170470020704710B50E4BE2
S3150800FD004FF40062D3F88043002104F6A61016F0DB
S3150800FD10F6FA002204F5805383F8A72104F11400AB
S3150800FD20FFF7E0FF30B904F58D501430BDE81040F8
S3150800FD30FFF72AB910BD00BFC80A002090F8353071
S3150800FD4033B9C36B426A9B1A18BF012380F8343053
S3150800FD5070472DE9F04F5D4B85B0D3F8804304F525
S3150800FD60805898F8A63104F11407002B4FD098F85C
S3150800FD70A731002B4BD13846FFF7B4FF06460028BB
S3150800FD8045D1012388F8A7313846FFF7ABFF029023
S3150800FD9078BB3846FFF7D2FF94F8483004EB830364
S3150800FDA0DB6CC4E915330CF0F1F84FF6FF73B4F8C1
S3150800FDB04A509D4216D13846FFF7C0FF94F848A02E
S3150800FDC04FF00B0904EB8A03D3F84CB05B6B59462A
S3150800FDD0029D0393039B994223D194F849300BB1B2
S3150800FDE0A4F84A50B31CEA18B2F5006F04F6A6192F
S3150800FDF038D3002504F58D502B463246009504F677
S3150800FE00A6110830F7F7DEFA08B188F8A75198F86E
S3150800FE10A631002B57D1384605B0BDE8F04F0CF097
S3150800FE2066B8524638460291FFF751FF10F4004F64
S3150800FE30029901D08B45D0D1C0F30D025346154423
S3150800FE4038460232FFF7D5FE09F1FF3313F0FF09F2
S3150800FE500146ADB2BED140F2AE311D4B1D4A1E4819
S3150800FE600DF0CCFF290A09EB060209F8061005F180
S3150800FE70020A994455701FFA8AFA4D444D451BD01B
S3150800FE8094F84920032A17D0B2B1012A11D1E16D9D
S3150800FE9094F84830384691F800B0FFF7AAFEA36DEB
S3150800FEA0E065984202D138460CF070F809F801BBB3
S3150800FEB0E4E74FF0000BF9E7B24438461FFA8AF632
S3150800FEC00CF015F860E705B0BDE8F08FC80A002009
S3150800FED0258B0208418B02088F890208416AD0E9FE
S3150800FEE00E23994209D1017F012906D0531E0268C3
S3150800FEF093420ED34362C3637047016A914207D1A6
S3150800FF00027F2AB142680133934205D203628363B2
S3150800FF10704701890B44EBE701895B1AF4E7037F15
S3150800FF20022B06D0083350F82330C0E90A330223DF
S3150800FF300377D3E7F8B5047F0546022C0E4605D1AC
S3150800FF40E6210E4B0E4A0F480DF058FF2346B4FA29
S3150800FF5084F4C76A01223946FFF74BFE6409083460
S3150800FF6055F82430834203D03E70E8620020F8BD7D
S3150800FF702846FFF7D4FF0320F9E700BF728B020873
S3150800FF808E8B02088F89020870B5D0E90A239A4237
S3150800FF9005461DD1037F0021083350F82360B31AA4
S3150800FFA05E425E41FFF7C6FFF603044670B9014696
S3150800FFB02846FFF7BFFF044640B9A96A360A2B7FD1
S3150800FFC0012228460E70FFF714FE0470204670BD05
S3150800FFD00024FBE738B5037F0446022B0D4607D0FD
S3150800FFE0FFF7D2FF28B929462046BDE83840A1E7E1
S3150800FFF00D2038BD38B504460D460068C9B2FFF76E
S31508010000E9FF20B92068290ABDE83840E2E738BD8A
S3150801001050F8603BB3F84610ECE750F8603BB3F88C
S315080100205E10E7E7B0F8B4106030E3E738B5044688
S315080100300D460068C9B2FFF7CDFF80B92068C5F340
S315080100400721FFF7C7FF50B92068C5F30741FFF736
S31508010050C1FF20B92068290EBDE83840BAE738BD86
S31508010060036893F8443093B10A2B08D84FF4FA621F
S31508010070534303F55C2101F534616030D6E7192B4A
S3150801008007D841F28832044902FB0311F5E703490F
S31508010090F3E70021F1E700BFB0DB2300CC3F0D00F9
S315080100A070B5D1B20446006816461D46FFF792FFA1
S315080100B030BB2068C6F30721FFF78CFF00BB206819
S315080100C0C6F30741FFF786FFD0B92068310EFFF75F
S315080100D081FFA8B92068E9B2FFF77CFF80B92068DB
S315080100E0C5F30721FFF776FF50B92068C5F3074125
S315080100F0FFF770FF20B92068290EBDE8704069E74F
S3150801010070BD00F51A6353E902236030C8E738B5B4
S31508010110044608460D4616F085FB4FF6FF739842CE
S3150801012028BF1846294682B220680BF0C5FE01464B
S3150801013018B92068BDE838404CE738BD0149603038
S31508010140E5E700BFE88D020870B590F8245004462B
S31508010150032D1DD80668337F022B19D03046FFF7C9
S3150801016013FFA0B9F36A04EBC5056B60B36A0146D0
S31508010170AB602068FFF72EFF48B901462068FFF7F4
S3150801018029FF20B994F82430013384F8243070BD4E
S315080101900D20FCE72DE9F843064617460C4600F103
S315080101A06005D9B1AAB9B1F80480D1F800902846FA
S315080101B04146FFF71FFF10B10120BDE8F88342460B
S315080101C04946306E0BF078FE0028F5D194F91510E2
S315080101D00AE000212846FFF70DFFF5E72846FFF755
S315080101E009FF0028E8D12146306EC9B20BF04FFF4E
S315080101F00028E1D18021306E0BF049FF0028DBD1C0
S31508010200002C5BD0E37D03F001019B074FEA011146
S3150801021001D541F020012846FFF7ECFE0028CBD195
S315080102202846FFF791FF01460028C5D104B1A179F7
S31508010230306E0BF02CFF01460028BDD104B1A17D1B
S31508010240306E0BF024FF0028B6D1002C38D0D4E943
S3150801025002232846FFF724FF0028ADD12846FFF7D9
S31508010260EBFC0028A8D12846FFF76EFF0028A3D18A
S3150801027039462846FDF77BFF00289DD12846FFF71A
S31508010280DBFC002898D12846FFF75EFF01460028C7
S3150801029092D104B1217D306E0BF0F9FE00288BD185
S315080102A08CB121692846FFF7C1FE002884D128466A
S315080102B0FFF7C2FC003818BF01207EE72146AAE7EE
S315080102C000220023C5E72146ECE710B5C388028959
S315080102D05C1C944297BF02680620D35C0B709FBFD3
S315080102E0C3880133C380002010BD13B50C460DF138
S315080102F00701FFF7EAFF28B99DF8073023B1012B5B
S3150801030004D1237002B010BD0346FAE70620F9E7C7
S3150801031013B504460DF107019030FFF7E6FF50B912
S3150801032023689A6C4AB193F86A209DF8071061F31D
S31508010330000283F86A2002B010BD0D20FBE70023F6
S3150801034037B504460DF1070190308DF80730FFF7F0
S31508010350CCFF70B923689DF807509A6C22B155B144
S3150801036003F14000FEF742FC94F871391C4484F805
S315080103706A5903B030BD0BF06FFEF5E707B590304B
S315080103800DF10701FFF7B1FF30B99DF8073013B931
S31508010390034A82F82030012003B05DF804FB00BF50
S315080103A0A03C002010B590F87119044601F67A119F
S315080103B001449030FFF799FF50B9226894F87139D2
S315080103C0926C32B11C4494F87A29034B83F8392686
S315080103D010BD0D20FCE700BFC80A0020002337B571
S315080103E004460DF1070190308DF80730FFF77DFFC0
S315080103F00546A8B99DF807302468A3B904F1B800E1
S31508010400FDF794F90BF028FE40B9012017F0ACF975
S3150801041020B194F85A300BB184F85A500023A364DA
S31508010420284603B030BD94F85A3063B9012017F055
S315080104309BF90BF011FE40B994F85A30012B02D002
S31508010440012384F85A30014BE9E7FEE74B0E010810
S31508010450002373B500F19006044601A930468DF8CC
S315080104600330FDF73DFA0546A0B9B4F89620B4F86D
S3150801047098309A4238D030460DF10301FFF735FF1F
S31508010480002841D123689DF8030001999A6C58B355
S315080104901AB90D25284602B070BDD3F8B0208A4294
S315080104A0B3F8582038BFC3F8B0109006F2D55B6D83
S315080104B0164ADB6902F150001B1A1E20DB10B3FB3A
S315080104C0F0F3EFF31180302484F31188DBB202EBE9
S315080104D08313D3F884248A4238BFC3F8841480F37B
S315080104E01188BFF36F8FD5E7236801999A6C002AA3
S315080104F0CFD0B3F85820C3F8B0109206CAD55B6DB1
S31508010500D869FEF7B7FBC5E70546C3E7C80A002061
S3150801051013B50C460DF10701FFF7D7FE10B99DF883
S315080105200730237002B010BD002307B590300DF1D6
S3150801053007018DF80730FFF7EBFF18B99DF807207B
S31508010540024B1A7403B05DF804FB00BFA03C0020FF
S31508010550002337B505460DF1070190308DF80730B0
S31508010560FFF7D6FF044690B90A4A2B6802F15001F3
S315080105705B1A1E21DB10B3FBF1F352FA83F39DF8E4
S31508010580072083F84D260AF017FFFEF7C7FA20461B
S3150801059003B030BDC80A002007B590300DF1070138
S315080105A0FFF7B6FF002808BF0C2003B05DF804FB6F
S315080105B0002337B505460DF1070190308DF8073050
S315080105C0FFF783FE044660B99DF8073023B1013B66
S315080105D0012B09D9072404E02B689B6C4BB10AF05F
S315080105E0A6FE204603B030BD2B689B6C0BB10120DB
S315080105F0F5E70D24F5E7F7B504460025012700F1CF
S315080106009006B4F89620B4F898309A4204D100209E
S31508010610C4F8B05003B0F0BD30460DF10701FFF73D
S3150801062054FE0028F6D19DF807301F2B03D807FA88
S3150801063003F31D43E5E70720ECE70023F7B5064674
S315080106400DF1030190308DF80330FFF73EFE0446A5
S3150801065028B99DF8033013B1022B03D00C24204688
S3150801066003B0F0BD3568AB6C002BF8D096F871096C
S31508010670304490F97639013301D00D24EFE7D6F8E5
S31508010680B030002B39D05A1E1A4036D15B081146B4
S3150801069002F10102FAD180F87619AB6CB6F8B4709A
S315080106A0002BEAD095F85A30002BE6D0033B042BF1
S315080106B0E3D9B5F858309B07D0D56B6DC9B2DE6959
S315080106C0FDF7E9FE90B18DF804100120314601AA23
S315080106D0ADF80670FDF75CFB95F85A30052B1CBF83
S315080106E0052385F85A30064B2B65B8E74FF47A721D
S315080106F030467A43FEF7C9F9EEE70724AFE700BFAC
S31508010700910E010873B500F1900605460DF1070132
S315080107103046FFF7DAFD044608BB30460DF10601FF
S31508010720FFF7F6FE0446D0B99DF80710A1F10B03B1
S315080107300F2B17D80C4A2B6802F150001B1A1E20E2
S31508010740DB10B3FBF0F3DBB202EB03129DF80630C4
S315080107500A4482F844360AF02FFEFEF7DFF92046EE
S3150801076002B070BD0724FAE7C80A002013B504468B
S315080107700DF107019030FFF7A8FD50B99DF8073034
S3150801078003F0030304EB83046368002B14BF2320DF
S315080107900C2002B010BDF0B50024C2880368078991
S315080107A09E182346BF1A9F42C3EBC30E12D0052BD0
S315080107B010D016F803C001330CF07F0505FA0EF5C3
S315080107C01CF0800F44EA0504EDD11A44C2800020CA
S315080107D00C6000E00620F0BD002313B5044601A90C
S315080107E090300193FFF7D7FFB8B923689DF8042025
S315080107F0996C89B183F8442023689A6C6AB194F894
S315080108007129144494F86A293AB103F1400002B0F7
S31508010810BDE81040FEF7EAB90D2002B010BD2DE97A
S31508010820F341044601A99030FFF7B5FF98BB03468B
S3150801083005464FF0010CDDF804E0184991F80880E7
S31508010840B8F1000F1FD00A6896451CD1D4E936764F
S31508010850A3F12002C3F120052CFA05F50CFA02F2E0
S315080108602A430CFA03F52F431643C4E93676D4E92D
S31508010870347627EA050726EA0206C4E93476BEF184
S31508010880000F08D1454601331F2B01F10C01D5D1C3
S31508010890002D08BF072002B0BDE8F0812C8E0208A2
S315080108A02DE9F341044601A99030FFF774FF60BBB7
S315080108B0034606460125DDF804E0154991F8088046
S315080108C0B8F1000F19D00A68964516D1A3F120028E
S315080108D0C3F1200625FA06F605FA02F2324305FAAD
S315080108E003FCD4E9367627EA0C0726EA0206C4E9A8
S315080108F03676BEF1000F08D1464601331F2B01F1AA
S315080109000C01DBD1002E08BF072002B0BDE8F0813B
S315080109102C8E020830B5C4880389A5189D42D7BF15
S31508010920036806201B190B60DFBFC388D218C28073
S31508010930002030BDF7B50E460DF1060105461446F1
S31508010940FCF7BAFF40B9BDF8067031463A46284663
S31508010950FFF7E0FF00B9278003B0F0BD2DE9F04F9E
S3150801096000F1900595B006460DF111012846FFF7ED
S31508010970ACFC044620B99DF81130082B04D0072495
S31508010980204615B0BDE8F08F284604A9FFF79DFC5F
S3150801099004460028F4D128460DF1120207A9FFF7EB
S315080109A0C9FF04460028EBD1BDF81230102BE6D159
S315080109B028460DF1120206A9FFF7BCFF04460028D6
S315080109C0DED1BDF81230102BD9D128460DF112020D
S315080109D005A9FFF7AFFF04460028D1D1BDF81230AB
S315080109E0102BCCD1DDE9055B079BD6F8009008AE44
S315080109F030460CAF03939DF810A00DF14008FEF7A1
S31508010A0067FA3846FEF764FA4046FEF761FAD9F8FE
S31508010A104820002A47D0B446039B03F1100E6246CC
S31508010A2018685968083303C273459446F7D15B467B
S31508010A30BC460BF1100E624618685968083303C2A2
S31508010A4073459446F7D12B46454603F1100C2A46C1
S31508010A5018685968083303C263451546F7D196E8FD
S31508010A600F0009F1800589F8B4A085E80F0097E819
S31508010A700F0009F1900585E80F0098E80F0009F1C4
S31508010A80A00585E80F00B9F858309B067FF578AFC1
S31508010A90D9F85400CDF800803B4632465146C06924
S31508010AA00AF054FC6CE70D246AE737B505460822B7
S31508010AB001A99030FFF72EFF044668B92B689A6C96
S31508010AC06AB10199586D0A681C30C3F862204A68F0
S31508010AD0C3F86620FFF748F8204603B030BD0D2459
S31508010AE0FAE737B5036804469A6C62B31748DB69B7
S31508010AF0A0F52B729B1A1E22DB10B3FBF2F3DBB2B5
S31508010B004022002100EB831015F0F9FB04F1900552
S31508010B10B4F89830B4F896209B1A9BB2072B01D8E3
S31508010B2000200EE00822284601A9FFF7F3FE40B986
S31508010B3020680199836C33B11C30FEF7A2FF0028A7
S31508010B40E6D003B030BD0D20FBE700BFC40D002081
S31508010B5030B585B00446082201A99030FFF7DAFEC0
S31508010B600546F8B92468A36C0BB3019902A8FEF7E8
S31508010B7046FFE46902A92046FCF72AFD83B20F2B3A
S31508010B8013D80C4B03F15002A41A1E22E410B4FB2D
S31508010B90F2F4E4B200EB041003EB800383F8FE528F
S31508010BA0A3F8FC52284605B030BD0A25FAE70D25FB
S31508010BB0F8E700BFC80A0020002313B50822044637
S31508010BC001A990300193FFF7A5FE50B92068836CFF
S31508010BD033B101991C3002B0BDE81040FEF751BF90
S31508010BE00D2002B010BD2DE9F34100F1900528460C
S31508010BF00DF10201FCF760FE044690BB0822284667
S31508010C0001A9FFF787FE044658BB8DF801000DF1CF
S31508010C1001012846FFF759FB044610BB9DF8013030
S31508010C20019FBDF80260C3F3C00203F0010103F09E
S31508010C300F08002F3BD019B913F0060F00D14AB19E
S31508010C40FEF730F90568DDB9FEF746F90568E5B935
S31508010C50032406E0FEF726F902682346154625B958
S31508010C601724204602B0BDE8F081E988B14220D0B8
S31508010C702B462D68F3E71A6802B312681A601DE05D
S31508010C80EB88B3420BD02D68DDE72B680360284655
S31508010C90FEF71EF9FEF706F903682B60056085F86D
S31508010CA00480EE803B68AB607B68EB60D9E707247C
S31508010CB0D7E7002BDFD10AB113680360FEF70CF9F9
S31508010CC003682B600560CCE72DE9F04111F00F08A8
S31508010CD004460E4617461D46006829D0002384F8A7
S31508010CE02430FFF71CF901230377436AC0E90A3365
S31508010CF0314620680BF0CBF918BB39462046FDF77B
S31508010D0036FAF0B92668337F022B19D03046FFF739
S31508010D103BF9B0B9F36A2946A362B36A2046E3628E
S31508010D2094F8243084F82530BDE8F041FDF71FBA60
S31508010D3084F82480FFF7F3F8036A80F81C80D5E766
S31508010D400D20BDE8F0812DE9F041044694F82460B0
S31508010D50002E34D1246894F81C80B8F1020F39D0DA
S31508010D60A76A434639462046E26AFDF775F801281F
S31508010D7005462DD9424639462046FEF7A8FF023DCB
S31508010D80C5F30D05284385B2C0F3072043463870DD
S31508010D90012239462046FEF72CFF0570E36AA36255
S31508010DA0227FA06A04EB8203196A21631862E56847
S31508010DB015B123462069A8470223237705E0204673
S31508010DC0FEF73AFF06460028C0D03046BDE8F08156
S31508010DD0E762E5E70D26F8E730B50546D2F8A0093A
S31508010DE014460B462A46C1B0A0B1B4F8A4190DF0B1
S31508010DF0F5FB00280CDDB4F8A439D4F8A0299842EB
S31508010E00A8BF184602441B1AC4F8A029A4F8A43995
S31508010E1041B030BD4FF4807168460DF0DFFB002804
S31508010E20F6DB60344FF46F53062280212046FFF724
S31508010E304BFF0028ECD169462046FFF768F90028E0
S31508010E40E6D12046FFF77FFFE2E7F8B50F4B0C46E0
S31508010E50D3F880731546FCF7B7FD000160F07F00F3
S31508010E6007F1600600F0F001712306223046FFF70C
S31508010E702BFF48B92A4621463846FFF78BF918B998
S31508010E803046BDE8F8405EE7F8BD00BFC80A002055
S31508010E902DE9F0410F46FCF797FD0328044600D9D2
S31508010EA0FEE7FF221D4B2401D3F8805364F07F042B
S31508010EB02B1893F9768983F8762905EB8003586808
S31508010EC005F160064030E4B2FDF790FE39230622AB
S31508010ED021463046FFF7F8FEF0B9286E5FFA88F129
S31508010EE00BF0D5F8C0B9286EF9B20BF0D0F898B95D
S31508010EF03046FFF728FF78B92146302306223046C7
S31508010F00FFF7E2FE014638B9286E0BF0C0F818B9AA
S31508010F103046BDE8F04116E7BDE8F081C80A002071
S31508010F20002330B5174A146824BB5468A14221D15D
S31508010F30C3F12004D0E90225A3F1200105FA04F43E
S31508010F40DA40224325FA01F10A4312F0010FC3F1EF
S31508010F502004A3F120020CD1012121FA04F401FA9B
S31508010F6002F222439940D0E900430C431343C0E9F6
S31508010F70004330BD0133DBB21F2B02F10C02D2D183
S31508010F80F7E700BF2C8E02081C282ED8DFE800F0F0
S31508010F900F3011132D1517192D2D2D2D1B1D1F2141
S31508010FA02D2D2D272D2D2D25232D2D292B000020E7
S31508010FB070470E2070470B2070470C207047092098
S31508010FC0704703207047022070470420704711209C
S31508010FD07047122070471320704714207047162057
S31508010FE07047172070471820704700F580407047F2
S31508010FF001207047024B006E197C0BF048B800BF00
S31508011000A03C002010B5064B0446D3F888030DF022
S315080110107DFFC1B2206EBDE810400BF038B800BFA5
S31508011020C80A0020024608B50C20FFF7ADFFBDE847
S315080110300840014602F16000FDF7C9B8024608B545
S315080110400C20FFF7A1FFBDE80840014602F1600048
S31508011050FDF7BDB82DE9F04F5B4B8FB0D3F870267D
S31508011060D3F874160192D3F8842600F160040C9221
S31508011070D3F8902605460B92D3F894262046099272
S31508011080D3F89826D3F878B60A92D3F89C26D3F8DB
S315080110907CA60792D3F8A026D3F880960892D3F8AF
S315080110A0A426D3F888760592D3F8A826D3F88C66B1
S315080110B00692D3F8AC260D910392D3F8B026049282
S315080110C0D3F8B426029293F8B886FFF73DF80028BC
S315080110D077D120460D99FEF7A9FF002871D1594607
S315080110E02046FEF7A3FF00286BD151462046FEF79E
S315080110F09DFF002865D149462046FEF797FF00283F
S315080111005FD120460C99FEF791FF002859D139463F
S315080111102046FEF78BFF002853D131462046FEF7BD
S3150801112085FF00284DD120460B99FEF77FFF002841
S3150801113047D12046FEF780FD002842D12046FFF719
S3150801114003F800283DD120460999FEF76FFF0028CC
S3150801115037D120460A99FEF769FF90BB20460799C1
S31508011160FEF764FF68BB20460899FEF75FFF40BBA0
S3150801117020460599FEF75AFF18BB20460699FEF741
S3150801118055FFF0B920460399FEF750FFC8B9204626
S315080111900499FEF74BFFA0B920460299FEF746FFD0
S315080111A078B92046FEF748FD58B94146286E0AF037
S315080111B070FF30B9204601990FB0BDE8F04FFEF730
S315080111C035BF0FB0BDE8F08FC80A00202DE9F74FEB
S315080111D00E4617469846FCF7F7FB032800D9FEE7A3
S315080111E0354BD3F8805305EB000A9AF87249002C5F
S315080111F040D044EA001464F07F04E4B28FB338683F
S315080112000AF05EFFC0F3001B002396F81C908AF8CB
S31508011210723905F1600A06222146504609F001098C
S31508011220FFF752FD30BB4046FFF7AEFE014650467A
S31508011230FCF79DFFF0B95946286E0AF02AFFC8B98E
S315080112404946286E0AF025FFA0B9B8F1000F0AD061
S3150801125030680AF068FF80B9504603B0BDE8F04F20
S3150801126071E5BB46D0E7424639462846FEF792FF66
S315080112700028EDD003B0BDE8F08FB9F1000FEBD02F
S3150801128030460DF10301FDF7F9FF0028F2D130468A
S3150801129001A9FDF7CAFF0028ECD19DF80310286EB5
S315080112A00AF0F5FE0028E5D150460199FEF7BEFE83
S315080112B00028D1D0DEE700BFC80A00202DE9F8438F
S315080112C00C4614F00F081746194604F00F0C06D100
S315080112D0022A02D1D030FFF723FE00200CE090F855
S315080112E0EE6890F8EDE8A6EB0E030E2B06DDD0307E
S315080112F00E21FFF715FE0320BDE8F883C4F301129A
S31508011300841894F8E948134644453DD133460E2BD3
S315080113103ED842F0400203F58F7342EA8C0230F858
S31508011320334042EA072222F08002920524F45F74D0
S31508011330920D24F00304224320F8332000EBC30561
S315080113406B68013661F317036B6080F8EE68C4E7D2
S315080113500F3CE4B20E2CFBD804F58F7410F8345008
S3150801136015F0400F0CD005F003094B4508D1C5F31C
S315080113708309C14504D16FF3861500F83450C5E7D2
S315080113800EF1010E5FFA8EFE7645BFD97446E1E786
S315080113900F3BDBB2BBE7134602228FE738B511F0E4
S315080113A0300F00F1600408BFC0F8AC2015460023D1
S315080113B006222046FFF788FC40B929462046FCF755
S315080113C0D6FE18B92046BDE83840BCE438BD2DE93B
S315080113D0F04F00260446ADF5457DFC22009145A84F
S315080113E03146449614F08BFFB4F89620B4F8980069
S315080113F002F1010C844544AF4FD8D4F89050801AB5
S31508011400A91880B217D033464E1E9DB2854244D2E2
S315080114100133F25C002AF8D14FF48073D4F800A0A6
S315080114206544A4F8A439A4F896501346C4F8A079DB
S315080114300AF1C80647E080B34FF48073D4F800A0D8
S31508011440A4F896C0C4F8A079A4F8A4390AF1C80684
S315080114504FF0000884A815F0B2F9914B0DF5047BFD
S31508011460D9461BF8015B95BBC8F12102B8F1210FDA
S31508011470D2B20DF18C0B4FEA82024FF0000188BF00
S3150801148000220BEB880014F03AFF002D5CD03046A1
S315080114908449FCF745FD072007E00620FFF774FDA0
S315080114A0009902462046FFF779FF0023C4F8A039C0
S315080114B0A4F8A4390DF5457DBDE8F08F0133B3F5E0
S315080114C0807F00F0E680CA5C002AF7D1C0E75C2D70
S315080114D02CD19BF80000A0F10902D2B2172A0DD827
S315080114E023FA02F2D0070BD5484615F09BF959465F
S315080114F00246484615F0A7F8694B01E05C28F3D087
S315080115001BF8012C002AABD0B8F1000F06D01BF846
S31508011510022C002AA4D1B8F1200F13D008F1010238
S3150801152023A941F828905FFA82F899E7093DEDB2B7
S31508011530172DE5D823FA05F5E90744BF00220BF86C
S31508011540012CDDE707258FE7EBB2C4AA02EB83037B
S31508011550A3F521731B682A460135002BF4D103A88C
S31508011560D9B25BF821900133B9F1000F2FD112F0EE
S31508011570FF054D4B09D04D490398FCF781FB4A4BB2
S3150801158040B3013D15F0FF0536D193F87C13484A5F
S31508011590484B3046002918BF1A464749FCF7C0FC94
S315080115A004F160054FF46F53062228460099FFF7A8
S315080115B08BFB00287FF479AF39462846FEF7A7FD4D
S315080115C000287FF472AF2846FFF7BDFB6DE740F8A8
S315080115D02190C5E70DF10C0893F87C33D8F800B0D3
S315080115E06BB958463549FCF74BFB40B93046344987
S315080115F0FCF796FC0D2058E70DF11008ECE7314B86
S31508011600196858460193FCF73BFB019B2E4AB8B172
S315080116109A685B68511006EB6200D20748BF725898
S3150801162005F1FF3148BFD358012D18BF08F1040948
S315080116304A46C9B29847232811D00028B0D034E7C2
S315080116400C339342DCD158462049DAF8C8A015F084
S31508011650ACF878B158461E4915F0A7F848B1012DDE
S3150801166005D03046D8F800201A49FCF759FC232042
S315080116701BE70120184B012D03EBC00305F1FF31D0
S3150801168018BF08F104094A465046D3F81833C9B2B7
S31508011690D0E730461149FCF743FC032005E700BFB4
S315080116A013008000D28B0208C80A0020078C0208A2
S315080116B0C98B0208C18B02080B8C0208248902080F
S315080116C0248C0208A08F020818900208438C02088D
S315080116D04E8C0208578C0208048D02087C8C02087D
S315080116E0F0B504460C260020013A82420DD8704313
S315080116F00A1809588B4215BF0023D2E90101C4E92A
S315080117000033C4E900012046F0BD15186D0806FB33
S3150801171005F7CF599F422CBF2A46681CE5E72DE9F4
S31508011720F0438BB005460E46144698465149134672
S3150801173002A82D22FFF7D4FFDDE902793FBB19F094
S31508011740010F24D1A4F57053B3F5806F44D205F186
S3150801175060072346062231463846FFF7B5FA0028C0
S3150801176060D143F601439C4236D10DF1070105F1DB
S315080117709000FEF7AAFD78BB9DF80730082B2BD8F9
S31508011780DFE803F021213421383D4045530005F1B6
S3150801179060082346062231464046FFF795FA002897
S315080117A040D119F0010F4FEA690318BFEB5805EB51
S315080117B0690018BFDF59B847A0BB40460BB0BDE862
S315080117C0F043FFF7C0BA0021286E0AF060FC044610
S315080117D000284BD017281BD1B8F1000F48D00D228D
S315080117E0314628460BB0BDE8F043D7E5224B93F8BE
S315080117F0D816E9E700213846FEF718FCE7E76FF443
S315080118004071F8E70021286E0AF043FCDFE701245E
S315080118102046FFF7B9FB01463846FCF7D8FC1728DE
S31508011820DAD018B30BB0BDE8F0830624124B0DF1DC
S315080118301009D3F8DC260492D3F8E0260592D3F8EA
S31508011840E4260692D3F8E8260792D3F8EC26D3F8CD
S31508011850F03608920993384659F8041BFEF7E6FB59
S315080118600028B4D1013C14F0FF04F4D13846A5E7A9
S315080118704246B5E728900208C80A002070B5044612
S31508011880002694F8ED5894F8EE38AB4201D10020C1
S3150801189034E005F58F7514F835305A0616D414F860
S315080118A035306FF3861304F8353094F8ED38013383
S315080118B0DBB20F2B84F8ED38E3D194F8EE3884F8CF
S315080118C0ED680E2B22D884F8EE38DAE7C3F3010265
S315080118D0C3F3830141EA021104EBC5025378526846
S315080118E003F0030361F07F01022BC9B2C2F31702A9
S315080118F005D12046FFF752FD0028D0D070BDB3FAB6
S3150801190083F320465B09FFF70AFFF5E70F3BDBB2D6
S31508011910D7E72DE9F047D0E93432134304461ED000
S3150801192000254FF00109344FDFF8D0A0C5F1200199
S31508011930D4E93430A5F12002EB4000FA01F10B435A
S3150801194020FA02F2134313F0010FC5F12008A5F19D
S31508011950200609D101351F2D07F10C07E6D1012310
S3150801196084F89039BDE8F0873A68002A39D17B684E
S31508011970772B14D1DAF8F436D9070ED4580628D4B9
S3150801198013F0180F27D1990727D49A0627D440F2BE
S31508011990847213420CBF0722062202F170031A460B
S315080119A080212046FFF7FAFC0028D8D1D4E9343241
S315080119B009FA06F629FA08F846EA080609FA05F1BF
S315080119C023EA010322EA0602C4E934321343C1D1E8
S315080119D0C5E70222E1E70822DFE70122DDE7032264
S315080119E0DBE794F89039002BE0D0012380212046CB
S315080119F0FFF795FED8E700BF2C8E0208C80A00201B
S31508011A0010B590F8A830044633B1D0F8E4309942BD
S31508011A1004BF002380F8A8302046FFF72FFFC0B97E
S31508011A2094F8E81089B101230C222046FFF777FEC6
S31508011A3078B994F8E03084F8E800042B1FBF636C8A
S31508011A40C4F8E430012384F8A8302046BDE81040E4
S31508011A505FE710BD014BD3F880035AE7C80A002097
S31508011A604FF000639A6A02F17841B1F5C04F03D28B
S31508011A701168074A914203D00023037083607047B7
S31508011A80012202709A6A926842609B6A9B69F5E72D
S31508011A9007B0CD5E1FB54FF000639B6A03F178422C
S31508011AA0B2F5C04F23D21B6B03F17843B3F5C04F90
S31508011AB01DD201238DF80430002301A8CDE9023394
S31508011AC0FFF7CEFF039BDB0311D5029B1A0E0ED03F
S31508011AD0012A03D1C3F307430A2B08D94FF0006340
S31508011AE09B6A1B6B1B6C05B05DF804EB184740F24B
S31508011AF0011005B05DF804FBF7B50D46044600B9BB
S31508011B00FEE7037F03F0FF0603B1FEE70E4B1A68F3
S31508011B10914215D840F2E7303146D3F884734FF431
S31508011B207A720023E5FB070114F0F8F90123CDE9E0
S31508011B30006301462346054A606816F055FA00B166
S31508011B40FEE703B0F0BD00BFC80A002019870208E6
S31508011B5000B9FEE7406816F0EDBB70B5EFF31086E5
S31508011B6072B64FF0FF3015F0E1F804460A4BD3F888
S31508011B70F826C3F8F806824288BFD3F8FC26304611
S31508011B8084BF0132C3F8FC26D3F8FC5616F0F1FDE2
S31508011B902046294670BD00BFC80A00202DE9F84332
S31508011BA007460D4609F008FC1E235D4E804606F1E0
S31508011BB050043C1BE410B4FBF3F496F8B835E4B2D0
S31508011BC0032B19D0002229463846FDF7FAFB98B1AE
S31508011BD0FFF7C3FF534C021941F1000306F5B8613B
S31508011BE0C1E90023022386F8B83507B9FEE7C6F826
S31508011BF000770020BDE8F883012C00D9FEE73023E1
S31508011C006343494AD1188D4200D0FEE7C4EBC4119B
S31508011C1002F59E720A442968914200D0FEE72A7F9E
S31508011C20334412F0020F0BD1642283F8F425FCF732
S31508011C3032FCA8B12A4639460020FCF7A9F8D8E7AC
S31508011C4093F8F425022A84BF023A83F8F42530234F
S31508011C5003FB046393F8F4254F2AE8D85022E4E7F6
S31508011C604146A879FCF768FF0028C3D1FCF710FCA8
S31508011C70804600B1FEE74FF0300901464FF4F850AF
S31508011C8015F05AFD09FB0463C3F8F075297F102086
S31508011C90C1F38001C6F8E05315F04EFD0C2303FB92
S31508011CA004642B7F2846C3F3C003A96A84F80C3859
S31508011CB0FDF7B5FCEFF3118489F3118802200121A0
S31508011CC015F03AFDFCF7E4FB00B9FEE721201749B8
S31508011CD086F8F88316F040FDD8B9FCF71DFC84F3A5
S31508011CE01188BFF36F8F4FF4805015F03DFD002822
S31508011CF03FF47FAF97F8E430002B3FF47AAF3A6AA6
S31508011D00936F002B3FF475AF01212846D26F984790
S31508011D106FE70228E3D14FF4805016F03BFCDEE76B
S31508011D20C80A0020404B4C009010002029E6000804
S31508011D3010B58379044603F0FB03032B24D181886C
S31508011D40C269C906036805D49179D869FCF716FFF3
S31508011D5000B1FEE7A379E169042B1CBF0423A37133
S31508011D602368D869FFF71AFF0D280BD1E269536971
S31508011D704BB100235361E26913612368E169D869AC
S31508011D80FFF70CFF00B1FEE710BDC26983795169FF
S31508011D9009B9126922B1072B01D007238371C7E755
S31508011DA0032BFCD00323F9E72DE9F74300F1640778
S31508011DB0044638461E460D469046FBF7B7FC4CF6D8
S31508011DC00103F340D80700D4FEE7B4F8049019F0EC
S31508011DD0200F2AD028680AF0A6F930B32B7FD90735
S31508011DE023D528460DF10201FDF70FFA00B1FEE7EA
S31508011DF09DF80230082B18D1284601A9FDF715FAD6
S31508011E0000B1FEE728460DF10301FDF737FA00B1E7
S31508011E10FEE79DF8031094F86020019B914204D1D6
S31508011E20E26D934224BF0133E3650023E371002E7B
S31508011E3049D019F0040F46D1237A6A7E9A4242D9CB
S31508011E40013323722B7F0E2E43F002032B7735D1F4
S31508011E50A37994F86110062B1CBF0623A371FDF71D
S31508011E607DF84FF0FF338B4020EA03054FF4A0734A
S31508011E705D43A37DDA070AD5E26923689179D869B2
S31508011E80FCF77CFEFBF77EFA002D03DAFEE70AF083
S31508011E90E3F8F7E70544606E3946194AE5661030F6
S31508011EA0FDF7E9F894F861300133DBB2052B28BF59
S31508011EB0052384F8613003B0BDE8F083204603B0FA
S31508011EC0BDE8F04361E7A379022B1CBF0223A37186
S31508011ED0A97EAB798B4206D0A37DDB0703D52368A0
S31508011EE0D869FCF74BFE246AE76C002FE3D033462A
S31508011EF042462946206CB8470023E364DBE700BF66
S31508011F00108D02082DE9F04190F8E47004460D465B
S31508011F101E46C7B10D4F97F87C7397B1897EAB7989
S31508011F208B4206D00A4BCB40DB0700D4FEE7FCF711
S31508011F3025FE334600222946206A5430BDE8F04181
S31508011F4032E7006AF9E7BDE8F08100BFC80A002058
S31508011F5000F8FF072DE9F04FABB0134604460F46CC
S31508011F6006A8BA4916461D22FFF7BAFBDDE906108F
S31508011F7000F00105002940F0EA82002D40F0E782D1
S31508011F80712E43D0B6F56F5F39D00C2E40F0D28250
S31508011F900CA904F19000FEF798F9002840F04A814F
S31508011FA09DF83030022B1ED003D9DA1E012A88BFCC
S31508011FB00323002584F8E0300C2201233946204604
S31508011FC084F8E850FFF7ABFB94F8E030042B13D004
S31508011FD0012350B9626C84F8A830C4F8E4200020C3
S31508011FE02BB0BDE8F08F0123E3E7C4F8E45084F889
S31508011FF0A83084F8E870F2E70028F0D0F9E7394606
S3150801200020462BB0BDE8F04FFFF7E1B923689A6C7B
S31508012010002A00F08B821D6F002D00F0898204F1E1
S315080120209006304608AA0CA9FEF784FC002840F061
S315080120300181BDF820207F2A00F2FB80A846AA80EC
S3150801204058F8060B0C9914F079FB41463046FEF711
S315080120503CF9002840F0EE80AB79C5E90400AB767F
S3150801206040F604732B837F23EB762B7F304623F0D0
S31508012070170343F004032B7705F11801FEF725F939
S3150801208000284DD1304605F11901FEF71EF9002841
S3150801209046D130460DF11101FEF727F900283FD147
S315080120A02B7F9DF81120304662F382032B770DF1C1
S315080120B01301FEF71AF998BB2B7F9DF813203046BA
S315080120C062F300032B770DF11201FEF70EF938BB07
S315080120D02B7F9DF81220304662F341032B7705A921
S315080120E0FEF703F9E0B92B7F9DF81420304662F319
S315080120F004132B7705F11401FBF7F2FB80B930467F
S3150801210005F11001FBF7ECFB50B9304605F11A0150
S31508012110FEF7DBF820B9304605F11B01FEF7F8F9A1
S315080121202568AB6C002B00F0018205F1540303937B
S3150801213095F85A30052B00F0F9812E6F306809F0B1
S31508012140F2FF002800F0D281337FD80600F1CE8154
S3150801215030460DF11201FDF758F8002840F0C68106
S31508012160337FD90704D4304695F8B410FDF79AF8A9
S31508012170B5F858309A0600F1B9819DF81230082B46
S3150801218040F0B4812B6F05F190029A60286F037FA6
S31508012190DB070BD4D5F8B0603146FDF756F8D5F80C
S315080121A0B0309E4224BF0136C5F8B060002128230D
S315080121B02E6F0DF13808242240460591CDF830805E
S315080121C0ADF8343014F09BF8306809F0ACFF0028FC
S315080121D000F0858130460DF11301FDF706F8002858
S315080121E040F07D81304605A9FDF71FF8002840F02B
S315080121F07681059BD5F86200D5F866101ABA9DF85E
S3150801220013C008AB03C30A9240468022B1688DF811
S315080122102CC004F0FEFA0090B0B93046FDF753F829
S31508012220A0F1020A5FFA8AF31AF0010A01930FD0A4
S31508012230FEE70620FEF7A8FE3946024620462BB0E1
S31508012240BDE8F04FFFF7AAB8FEE700BF44920208BF
S315080122500638C0B20C28EBD83046FDF7D3F9D1467B
S315080122608346034609F10102002B40F0B4805FFA68
S3150801227089F9B9F1020F38BF4FF002093046B9F1B1
S31508012280020FC9F10F0818BF5FFA88F8FDF7B2F90E
S3150801229009F1FF33DBB20293019B029A023B5B1001
S315080122A042EAC303021E18BF012208A943EA8213A0
S315080122B0814642460DF161008DF8603014F03EFA10
S315080122C05A460F231CA99845C0F0888018AA1146BA
S315080122D00CA8FBF7FDFDB9F1000F07D04FF0020A74
S315080122E09DF8613089EA03038DF86130029B424605
S315080122F008A90DF171008DF8703014F01FFA0CABB6
S3150801230008F14100C8F10F020021184413F0F7FF44
S3150801231010238DF8A4804FF00008ADF8A230019B78
S315080123203046ADF8A0A0CDE9258BCDF89090CDF833
S315080123309C808DF8A530FDF75DF98145824653D31A
S31508012340D6F8009000EB090BCB454ED1259B249A74
S315080123505344934225930AD1BDF8A03023B118AA54
S3150801236011460CA8FBF7B4FD0023ADF8A0303046A2
S31508012370FDF748F9279B269A0344934280464ED88F
S315080123803046FCF7CEFF4FF0000B8146824600EB44
S3150801239008030193019B534542D1279B269A43443F
S315080123A09342279312D3BDF8A03023B118AA114638
S315080123B00CA8FBF78DFD9DF8A4200CAB02F141009A
S315080123C00021C2F10F02184413F099FFDDE9263204
S315080123D09A4269D0FEE791461B0A43E7013B01F899
S315080123E0012DDBB2120A6EE7FEE7BDF8A030102B0D
S315080123F006D118AA11460CA8FBF76AFDADF8A0800C
S31508012400BDF8A0305A1CA833ADF8A0206B4419F8C2
S31508012410012B13F8481C4A4003F8482C94E7FEE7B9
S31508012420BDF8A230102B12D120A90F200A469DF81B
S31508012430A4C0604505DD11F8013D0133DBB20B701F
S3150801244083B31CA90CA8FBF743FDADF8A2B01AF893
S31508012450013BB9F1000F0BD0BDF8A220511CA832DF
S31508012460ADF8A2106A4412F8282C5A400AF8012C31
S31508012470BDF8A020102A08D118AA11460CA8029363
S31508012480FBF726FD029BADF8A0B0BDF8A020511CB4
S31508012490A832ADF8A0106A4412F8481C4B4002F85D
S315080124A0483C77E70138C4E73046FCF70CFFB6F835
S315080124B00490D6F80080A9EB000920AA0CA81CA94B
S315080124C0FBF706FD0DF15F0308EB09009DF8A52052
S315080124D0009991421EDB337F43F010033377BDF831
S315080124E03430232B21D90C9804F062F90023039880
S315080124F085F85B3085F85C3085F8B530FFF745FC23
S315080125006B4BEB64C7F30113234407F00F0783F8FA
S31508012510727964E513F8012F93F820104A4000F800
S31508012520012B009A01320092D0E7FEE70D2081E6E1
S3150801253003207FE6A6F57053B3F5806F1AD30D22F3
S31508012540394620462BB0BDE8F04FFEF724BF0023DD
S3150801255084F86F39431004EB60000DB1E3585958FC
S315080125608847012384F86F39002869D0FEF70CFDE6
S315080125700246E5E743F601439E4284F86F5903D0C4
S31508012580012384F86F39DAE704F1900528460DF13D
S315080125901301FDF79AFE01230028F2D19DF81320B5
S315080125A0092AEED801A151F822F000BFD525010864
S315080125B0F325010883250108252601085326010864
S315080125C0832501089D2601085D2601088F26010835
S315080125D09D26010828460CA9FDF777FE0128034622
S315080125E04FF0010238BF012084F86F29C0B2172BBA
S315080125F04AE00023284608A98DF820308DF83030A6
S31508012600FDF763FE00283BD128460CA9FDF76DFEB0
S31508012610B0BB9DF82030072B45D90123072084F844
S315080126206F39A3E7002328460CA98DF83030FDF74A
S315080126304CFE012328BB9DF83020A2BB84F86F39D4
S3150801264033460122394620462BB0BDE8F04FFEF746
S3150801265035BE28460CA9FBF743F9BFE7284605A965
S31508012660FDF733FE60B9284608A9FDF72EFE38B9ED
S3150801267028460CA9FDF729FE012838BF0120C0B25A
S31508012680012384F86F3917287FF470AF57E71822AA
S315080126900021084813F033FE0123CFE728460CA989
S315080126A0FDF723FE9AE7012084F86F095EE700BF6C
S315080126B0CD110108A411002070B5046894F85A30A8
S315080126C004F15405033B042B56D8DFE803F003084D
S315080126D01B1603002846BDE87040FFF729BB226F89
S315080126E0636D9179D869FCF749FA2846216F0E235B
S315080126F0BDE870400022FFF757BB2846BDE8704089
S31508012700FFF743BBB4F858309B0700D5FEE7636D66
S31508012710D869FCF75BF97F2807D094F96B307F2BD2
S3150801272001D0834201DA84F86B00FAF70AFEE36EF8
S31508012730C01A00280EDAD4F8C030D4F8B8008033AD
S31508012740C4F8C03004F1B8010C4A1030BDE8704035
S31508012750FCF791BC94F85A3094F96B10022B1CBF04
S31508012760022384F85A30646FA36C2BB1236D1BB115
S31508012770206C98470023236570BD00BF108D0208A1
S31508012780F0B500F190058DB0284602A9FBF7C2F80D
S31508012790044600284CD1284601A9FBF7A1F80446AE
S315080127A0002845D128460DF10301FDF78EFD0446A3
S315080127B000283DD1FFF7D1F9DDE90253A84271EBB3
S315080127C003023DD26FF001022D1A63EB0103AA42FF
S315080127D074EB030334D39DF80360019F08F0ECFD05
S315080127E00146184814F0C0FF08BB3046FCF7A4F9A7
S315080127F00446E8B90121202014F09EFFFF238DF835
S31508012800143001230895104D0B9431468DF82C3060
S31508012810D5F8880305AB08AACDE9064409940A97B1
S3150801282014F09DF838B12146202014F085FF0124C3
S3150801283020460DB0F0BD85F8266485F85664F7E79D
S315080128400724F5E740000100C80A002010B5044630
S31508012850FFF783F902460B4604F16000BDE8104014
S31508012860FDF71EBC2DE9F04F12F0C00F8246154642
S315080128701F468FB001D014F051FFAB0206D5504662
S3150801288014F018FA10B9504614F0D8FFAE0301D562
S3150801289014F044FFEC0105F0807340F14981FBF720
S315080128A0F7FD68B11020002114F046FF14F070FFFF
S315080128B00446002800F02D810121082014F03CFF70
S315080128C0202014F051FF05F400510446002800F0B9
S315080128D04E8121B101214FF4004014F02DFF15F46A
S315080128E0404F06D0002148F2200014F025FF14F0CD
S315080128F071FF280740F1AC80AA4C0321D4F888035C
S3150801290003AA14F0DBF90146002800F07D819DF841
S315080129100C30072B40F07881D4F8880308AA14F004
S31508012920D2F9002840F070819DF81C3013F011028D
S31508012930009208D113EA131103F00F0203D112B161
S315080129400F2B00F26181BDF80E60059A06F1010BA5
S3150801295012781FFA8BFB5A45019340F05581F21EF6
S315080129607B2A00F2518103A815F0DEFE002840F00B
S315080129704B81BDF81020019B002A40F01081069A70
S31508012980184692F800800193FAF7A0FD019B81464B
S3150801299030B9009A22B9190702D00F2B00F23481F7
S315080129A09DF82D30002B00F0038108F00703022B58
S315080129B040F02A8103AAD4F85014D4F8880314F0F5
S315080129C086F9A4F854B4FBF74DF914F0E1FE002892
S315080129D039D0D4F8E033D4F850241B6892789B7820
S315080129E09A4230D19DF82630002B00F00D8102362F
S315080129F0D4F8880308A9ADF8246014F066F90646E8
S31508012A00002840F001819DF82E30012084F86534B4
S31508012A109DF82F30089984F86634C4F8789415F02F
S31508012A2019FA01214FF4807014F086FE5E4831468A
S31508012A3014F082FE14F0BCFE28B118F0100F1CBF6A
S31508012A40012384F8F93314F0B3FE08B909F02AFB17
S31508012A50EE0501D514F062FE15F4863F01D014F097
S31508012A605DFEAC014FF000060DD54E4C14F056FE36
S31508012A703146042014F060FE94F8F9331BB109F0CD
S31508012A8011FB84F8F96315F0084F05D014F046FEDA
S31508012A900021042014F050FEA80001D514F03EFED2
S31508012AA0A90705D5082014F05FFE08B114F0A2FEA7
S31508012AB0FA0523D5504608AA03A913F020FF9DF865
S31508012AC00C30DBB13948002114F036FE042014F02D
S31508012AD04BFE28B1FBF7C6F80021042014F02CFEA2
S31508012AE0FBF7D6FC28B114F053FE4FF4007015F02D
S31508012AF051FD15F027FE08B114F07CFEBB0540F127
S31508012B00CF800022504611460FB0BDE8F04F0CF0B9
S31508012B102FBA09F0C7FA01214FF4807014F00CFEA0
S31508012B202146022014F008FE21464FF48030C5E6FE
S31508012B3007F00202134306D014F02AFE4FF4007080
S31508012B4015F028FDBCE605F0A8431A4304D014F095
S31508012B501FFE4FF48050F3E707F0040213433FF4D6
S31508012B60AFAE104BD3F8880314F000F8A8E649B1C4
S31508012B7001214FF4803014F0DFFD2146402014F086
S31508012B80DBFDB6E607F020030B433FF4B2AE402067
S31508012B9014F0D2FD4FF4006015F0FCFCA9E6059A85
S31508012BA0EEE600BFC80A00200A0001006000010025
S31508012BB094F8D93313B9BBF1040F25D09DF8263003
S31508012BC013B30236D4F8880308A9ADF8246014F0C3
S31508012BD07CF8C8B9EFF3108072B6B4F81E38B4F8A9
S31508012BE02068009315F0C5FD009BB3420CD0EFF3A6
S31508012BF01183302282F31188D4F86C68721C0BD1C8
S31508012C0083F31188BFF36F8F0026FBF72BF8314644
S31508012C10254809F042F81BE7314651F80C2BC4F850
S31508012C206C2883F31188BFF36F8FD4F8880303AA3E
S31508012C3014F04DF886F800B0BDF83430314673709B
S31508012C409DF92E301948F3709DF82F30B370089B03
S31508012C50B3609DF81C3013F0010F18BF4FF000093F
S31508012C60C6F8049005F0C4FF0028CED018F0200855
S31508012C700AD0D4F8880314F01DF8FAF7F3FF0121F6
S31508012C80042014F059FDE3E6FAF7ECFF94F8F9335A
S31508012C90002B3FF4DDAE09F005FA84F8F983D7E68F
S31508012CA00FB0BDE8F08F00BF30130020E4120020FA
S31508012CB0B0F5802F07B54FEA104382B212D20F2A18
S31508012CC010D8002914BF042101218DF8050000221E
S31508012CD001A88DF80430F5F73DFB10F0FF0002D08E
S31508012CE0022803D0072003B05DF804FB0D20FAE79C
S31508012CF00229F7B505460F46164618D15B491068ED
S31508012D00FAF7BEFF002854D069467068FAF7C2FD83
S31508012D10044648B90099B1F5802F4FEA11438AB2A2
S31508012D2001D20F2A2AD90724204603B0F0BD032968
S31508012D303DD14F491068FAF7A3FF002839D06946F3
S31508012D407068FAF7A7FD04460028EDD1B06801A915
S31508012D50FAF7A0FD04460028E6D1DDE90013B1F52E
S31508012D60802F4FEA1140DED28AB20F2ADBD8C0B2D1
S31508012D70C9B2002B55D015F003FC16E0EFF311800C
S31508012D80302282F31188534303F1A04303F57033CC
S31508012D905A6C80F31188BFF36F8FC9B2CA402846AF
S31508012DA0344902F00102FBF7BBF80024BCE701290C
S31508012DB0B9D931493068FAF763FF0028B3D06946B3
S31508012DC07068FAF767FD04460028ADD1022F36D19F
S31508012DD0009BB3F5802F4FEA13449AB2A3D20F2A68
S31508012DE0A1D8EFF31181302080F31188DBB2072BCC
S31508012DF0224A97BF04FB000000FB042212185268FE
S31508012E0084BFD26B083B9B0022FA03F303F00F033E
S31508012E105A1E0E2A08D981F31188BFF36F8F1849F4
S31508012E2009E008F053FFC0E781F31188BFF36F8FFC
S31508012E30012BF4D113492846FBF772F8B5E7032F9E
S31508012E40B3D1B56810492846FAF71AFF28B12146C1
S31508012E50009803B0BDE8F0402AE728460B49FAF77F
S31508012E600FFF0028A1D00121F2E700BF9E8C0208BE
S31508012E70A78C0208A28C0208AB8C020800C003507A
S31508012E80B58C0208B08C0208BB8C0208BE8C0208FD
S31508012E90C388B1EB431F3FBF03684A0953F82200B1
S31508012EA001F01F013ABFC84000F001000020704739
S31508012EB010B5C38823B9CA885AB9ABB1012017E03E
S31508012EC0026802EB830252F8042C002AF3D1013B73
S31508012ED0F0E70C6804EB820454F8044C0CB9013A87
S31508012EE0EAE79342EAD80FD3013B5A1C01D10020E5
S31508012EF010BD026852F823400A6852F8232094420A
S31508012F00DCD803F1FF33F0D24FF0FF30F0E730B5EC
S31508012F10C38823B9CA885AB9002B3DD136E002685D
S31508012F2002EB830252F8042C002AF3D1013BF0E7A5
S31508012F300C6804EB820555F8045C4DBB013AEAE7D7
S31508012F40B1F9045003D2B1F90400404226E0B0F9C0
S31508012F500420002A03DD002D0CDA01201EE0002DD5
S31508012F6008DD3AB14FF0FF3018E003F1FF330BD219
S31508012F70504213E0013B016851F8235054F82310DD
S31508012F808D42F2D9104609E0591CF4D1002005E01A
S31508012F90002BD8D09342D3D9B0F9040030BD002212
S31508012FA0144BB3F90010884202D1B3F902007047F5
S31508012FB00132042A03F10403F3D110F1860F13D069
S31508012FC010F1850F0BDA20F0020393330FD010F1BD
S31508012FD0970F0CBF6FF06D004FF0FF307047003848
S31508012FE018BF0120404270476FF0710070476FF0BB
S31508012FF06F007047BC9502088A422FD001F0FE4344
S31508013000B3F1A06F15D102F0FE43B3F1A06F27D13A
S3150801301082EA010333F47E1322D111F4004020D051
S31508013020C1F30541C2F3054291428CBF002001203C
S315080130307047B3F1106F13D121F01F6020F470208F
S3150801304070B902F0FE43B3F1106F0AD1054810407A
S3150801305040F01060431A58425841704701207047A2
S31508013060002070470000FFF6037E022B06D1C369D4
S315080130705A1C03D00133C361002070476FF09600D4
S31508013080704700F01F03A0F50620A0F550608128BF
S315080130900FD801229A40084B400953F820101143D2
S315080130A043F8201003EB8003596921EA02015961AB
S315080130B070474FF0FF3070478034002000F01F033F
S315080130C0A0F50620A0F55060812810B518D8012171
S315080130D00D4A400902EB8004994063690B43636119
S315080130E0D2E900130B4491680B44D1680B4411696A
S315080130F05B1804D1C2E90533C2E90733536210BD2F
S315080131004FF0FF30FBE700BF80340020F8B51346C7
S3150801311042880C460732072A4FEAD20101D0A1425A
S3150801312073D1D0E90167058820221846002113F0DA
S31508013130E6F8360A034626B1012E11D06FF08B0048
S31508013140F8BD002C61D041F20102954205D0B5F5D2
S31508013150885F02D0B5F5905F1BD15C600020EFE770
S31508013160C660002C51D041F2010295420BD15C6038
S31508013170B90707F001021FD4002AEFD19A6842F075
S3150801318080729A60EAE7B5F5885FF0D0B5F5905F89
S31508013190EDD0B5F5105F0AD1182C03D0202C01D03B
S315080131A0102C32D1C3E90044002ED7D0E0E705F44C
S315080131B04F42B2F5824F02D06FF08500C0E7EAB2FE
S315080131C0122A03D1202CF7D1114A04E0412AF3D15E
S315080131D0202CF1D10F4A25F0FF05B5F5E24F1A600B
S315080131E00CD0B5F5824F10D14FF4005217F4705F29
S315080131F009D017F4864F04D09A60DDE74FF4804270
S31508013200F4E742F480629A60CEE76FF0860097E7AA
S3150801321020000080200000B0F0B50B46C1680446C6
S3150801322001298DB036D12B2A03D86FF089000DB04C
S31508013230F0BD13F003071A460DD001AD03F1280CB2
S315080132402E4610685168083203C662453546F7D1DD
S31508013250106801AA3060012111800021518021687E
S31508013260516061689160A168D1609FB101AA154654
S315080132700BAE144603CCB44218605960224603F1DA
S315080132800803F6D12068186000231A46EA54013368
S315080132902C2BFBD10020CAE710B568210120F7F7CE
S315080132A025FD044618B16822002113F028F82046A6
S315080132B010BD10B524210120F7F718FD044618B1F1
S315080132C02422002113F01BF8204610BD0022C188D4
S315080132D0914201D800207047036853F8223033B170
S315080132E093FAA3F0B0FA80F000EB4210704701326E
S315080132F0EEE7F0B5C4880546082C8BB017D9083C0B
S31508013300082C17D80668A70020363A46314602A87F
S3150801331013F014FA3A460021304612F0F0FF26233C
S31508013320009309212346286802AA08F0F9FB002020
S315080133300BB0F0BD0048FBE780B0FFFF2DE9F04F69
S31508013340A7B0CDE903211D4604460822319E029005
S31508013350029B0299D3404B409F0702F1080218BF0E
S315080133609B00202A1C44F3D18123B4FBF3F303EB1E
S31508013370C313E41A8F4B04F5062493F8283004F591
S315080133805064002B3ED18C498C48F6F7E1FA074682
S31508013390002876D10146402206A812F0B0FF402245
S315080133A0394616A812F0ABFFDFF82882844BC246CD
S315080133B008F11008434528BF4346002703F1FF39A2
S315080133C010225346CDE900977C4806A9F5F7BAFAC3
S315080133D0834606AA5F4543D101231022CDE900930E
S315080133E07648534616A9F5F7ADFA4FF0000A814615
S315080133F016AFCA454AD1734B9845D7D101226D4BB1
S3150801340083F828204FF081090027DFF8A8A1A4F541
S315080134100623A3F5506252095AF8220004F01F0147
S31508013420C840C00749D40AEB82025269CA40D2078A
S3150801343035D58122A3F6FF43B3FBF2F202EBC212A2
S315080134409B1A002F08BF274603F50624B9F101097F
S3150801345004F55064DBD1039B1BB317B33C4628E044
S3150801346052F8040B0592FFF70CFE0130059A0BD1B1
S315080134700022504B83F828204E4B93F82830002B16
S31508013480C0D16FF091000EE00137A3E757F8040B9E
S31508013490FFF714FE0130EFD00AF1010AA9E7039BF1
S315080134A023B96FF08B0027B0BDE8F08F002F18BF46
S315080134B03C46329B00201C60F5E7309B13B1002384
S315080134C0309A13600EB1002333604FF0100BDFF80A
S315080134D0EC8000232A4621464046CDF800B0F5F790
S315080134E045FB58B1384B984201D0632854D121463F
S315080134F03248F6F799F8002834D0D2E7309A334B98
S315080135006AB3C2F800B02A689A42F0D156B330605D
S3150801351098F83430002BB4D0DFF8BCB0012140460E
S31508013520F4F7A9FF5A462146404616ABF5F779FA4C
S3150801353068BB9DF85830032B29D0022B0CBF0423F6
S31508013540DBF810303360D8F83C0008F0F2FD309A09
S3150801355033681268934294D39B1A336002E02A684F
S315080135609A42C4D1D5E9022302990498834208BF35
S315080135708A4215D08123A4F50624A4F6FF44B4FB98
S31508013580F3F303EBC313E41A04F506245EE70B4BC6
S31508013590D86B08F0CEFD74E70D4B9842E2D070E780
S315080135A0039B002B85D06B68012B82D16FF08400B9
S315080135B079E700BF80340020A03D0020D017002005
S315080135C0816D0800906D0800FFDF00F0105D175E41
S315080135D0FEDF00F0006D08007816002070B58CB08B
S315080135E006460D4614460021102208A812F087FE49
S315080135F0002205AB029307AB019306AB0093304655
S31508013600294608ABCDE90622FFF798FE18B9099BAA
S315080136106360079B23600CB070BD30B58DB00C4656
S3150801362005461022002108A812F069FE002205AB02
S31508013630029307AB019306AB21460093284608ABD4
S31508013640CDE90622FFF77AFE044600BB099B012B4A
S3150801365020D0059D12482946F5F7E6FFE8B9A5F5F4
S315080136600623A3F55063812B05F01F020DD801210E
S315080136700C485B09914050F823204A4040F8232022
S315080136802846FFF71BFD013001D16FF0860420465D
S315080136900DB030BD6FF08404F9E76FF09104F6E7D9
S315080136A0D01700208034002010B5044614F060FCC1
S315080136B00C4BA0F57A729A4212D84FF47A73B0FB82
S315080136C0F3F05C43084BB3FBF0F3B4FBF3F00228C9
S315080136D006D9BDE810400323B0FBF3F0F2F7A0BD0D
S315080136E010BD00BFFFC99A3B40420F00036813B9DA
S315080136F00B60016070471846F8E70346006818B181
S3150801370002681A60002303607047036803B97047AB
S315080137108B4204D10B68036000230B60704718467F
S31508013720F3E74FF0FF307047FEE7002070470120AE
S315080137307047012070474FF0FF30704700207047EF
S3150801374000207047002070472DE9F0432B48079F5A
S3150801375090F8364094424CD9C66A02EB42024FEAC7
S31508013760820C16EB820246D05089002843D0B2F962
S315080137700440B2F906508C42B2F908E02FDCA9429E
S31508013780A8BF2946BEF1000F35D000F1FF381FFA50
S3150801379088F80EFB08490A1B92FBFEF24D45D8BF75
S315080137A0404692B2904202D3A94218BF104656F833
S315080137B00C2052F8206002EB800C18B15CF8048DDD
S315080137C046450ED08D421EBF1EFB00F1091909B2EE
S315080137D0994209DC00203E60B980BDE8F0832146A4
S315080137E0D0E7013880B2E8E70028F3D0013880B283
S315080137F0DFE70E20F1E70220EFE700BF8034002063
S3150801380010B5084C204613F0E9F920B994E80700E9
S31508013810054B83E80700BDE8104001214FF0FF3052
S3150801382013F0DEB9CC950208AC340020FF207047AE
S31508013830004870470080FFFF13F069BB044B9B6B80
S31508013840584043085B4240421843C017704700BFBF
S3150801385080340020F8B5C3880E46B2EB830F07689B
S315080138604FEA83041AD813469C420CD11546002305
S31508013870AB4215D1A24204D90021121B301912F00C
S315080138803EFD0020F8BD23F003003D5803F0030177
S31508013890C900CD40EDB26DB90133E5E72546E6E746
S315080138A023F00301795803F00300C000C140F15425
S315080138B00133DDE76FF00700E4E7034670B51C68DE
S315080138C0DB880846B2EB830F4FEA830519D9521BE9
S315080138D08E18002112F013FD30462A4600231044A3
S315080138E0934210D1002070BD23F00301615803F003
S315080138F00306F600F140C9B281B901339D42F3D1FD
S31508013900ECE71346FAE723F00301615803F00305D0
S31508013910ED00E94000F8011D0133E1E76FF007000A
S31508013920E1E71FB54FF001130191039302A901AB1A
S315080139300293FFF7ECFA05B05DF804FB10B50A4CE3
S31508013940A26BA36B4240594081EA0200C00FFFF700
S3150801395075FFA36B521A434022EA0302084010433B
S31508013960C00FBDE8104069E780340020013901D253
S315080139700020704750F82130002BF7D0B3FA83F0B6
S315080139800131C0EB41107047C1880068EEE7F8B510
S315080139900546500988420C4602F01F0601D80AD18D
S315080139A036B12846A2000021BDE8F84012F0A7BCAE
S315080139B01F2A02D8F8BD1F2A0FD9820005EB8003FA
S315080139C0291F05EB8407BB421AD1201A38BF0022EA
S315080139D0002105EB800012F092FC002EEAD00022AD
S315080139E005EB8404C6F12000AC42E3D054F8041C6C
S315080139F021FA06F3134344F8043D01FA00F2F3E70A
S31508013A0053F804CB41F804CFDDE708B50A46C18867
S31508013A1011B10068FFF7BBFF002008BD01F1804125
S31508013A20013900EB81018142034600D270471B68C8
S31508013A300A681BBA12BA40F8042B41F80439F2E7AE
S31508013A400346C06920B15B6A002B14BF012002201E
S31508013A50704700220123C0E90023C0E90223C0E917
S31508013A600423704738B5002401250146C0E90254EC
S31508013A70C0E904540470446085611C30FFF7E9FF0E
S31508013A80C1E90D45C1E90F44C1E91144C1E913442E
S31508013A90C1E91544CC6538BD70B50646FFF7D0FFB8
S31508013AA002280C4605461DD100212046FFF7F0F9EC
S31508013AB060BB01212046FFF7EBF9024630BB2046E1
S31508013AC0FFF762FF336C591C88421FD1FE2B07D1C1
S31508013AD029462046FFF7DCF90D4B021E18BF1A4688
S31508013AE0104670BD01280FD101462046FFF719FF80
S31508013AF000280BDB204606F13401FFF708FA0028F7
S31508013B00034AB8BF0022EBE7024AE9E7004AE7E7BA
S31508013B1080B3FFFF80B0FFFF70B5066C0D46073610
S31508013B20B3EBD60F114604464FEAD60203D2002359
S31508013B300D482B6070BD2A60B0F866307BB1FFF77F
S31508013B407FFF022804D104F16000BDE8704081E6D8
S31508013B50012806D104F16000BDE87040ADE60348CE
S31508013B60E8E76FF06D00E5E700B1FFFF80B0FFFF02
S31508013B7010B5034B0A461B6800210446984710BD39
S31508013B80E83D002010B5044610B109B1FFF7F0FF72
S31508013B902046BDE81040F6F7AFBF10B5044648B158
S31508013BA0006818B1E1888900FFF7ECFF00220123BC
S31508013BB0C4E9002310BD10B50446FFF7EEFF04F172
S31508013BC00800FFF7EAFF04F11000BDE81040E4E73A
S31508013BD000B1F0E7704742F21073994270B5044696
S31508013BE00D4602D96FF00F0070BDC3888B4213D200
S31508013BF004212846F7F77AF806460028F2D0216804
S31508013C0041B1E288920012F099FDE18820688900A5
S31508013C10FFF7B8FFE58026600020E5E72DE9F041CA
S31508013C200D46C98804461646FFF7D5FF014610BB5F
S31508013C303046FFF703FE03461B4EB4F90420B06B6A
S31508013C400132584022EA0002B5F904000130184051
S31508013C500243013AA280D5F800E02268B5F8068049
S31508013C60724503D08C46043AE04507D8DB43EA8817
S31508013C70E088824210D30846BDE8F081B76B52F856
S31508013C80040F5F4020EA07005EF82C700CF1010C66
S31508013C901F4038431060E7E7256855F822001840A9
S31508013CA045F822000132E3E780340020F8B50546DD
S31508013CB08D420E46104601D10020F8BDFFF7BEFD24
S31508013CC0C98804462846FFF786FF0028F5D13046FD
S31508013CD0E988FFF780FF0028EFD11C4AB6F90430BE
S31508013CE0B5F90410906B01310133604021EA0000F7
S31508013CF023400343013BAB80B6F90430906B013393
S31508013D006040214023EA00030B43013BB38031683D
S31508013D102B68EE888B42CFD0043903EB86069E4288
S31508013D20CAD0906B1D6851F8047F604025EA0000EF
S31508013D302740384343F8040B976B0868674020EA25
S31508013D400700254028430860E9E700BF80340020C2
S31508013D5038B504460D4619B9FFF71FFF002038BDCF
S31508013D60C2888A4207D100210068920012F0C7FA78
S31508013D700123A380F2E7FFF710FF29462046BDE895
S31508013D80384028E72DE9F84312F0030318BF012349
S31508013D9003EB92068946314680461546FFF7D8FF5A
S31508013DA0044670B9B8F80620D8F80070964218D8B3
S31508013DB03FB101469200384612F0A1FA23469D42C8
S31508013DC002D12046BDE8F88319F80310DA0023F07A
S31508013DD0030002F0180291403A5801330A433A5057
S31508013DE0EDE76FF00704ECE72DE9F84312F003035A
S31508013DF018BF012303EB92068846314681461446CD
S31508013E00FFF7A6FF0546B8B9B9F80670BE4216D837
S31508013E1097B1D9F80090BE0001463246484612F0DD
S31508013E206EFA2CB1301B22464146484412F086FCF4
S31508013E3039464846FFF7F2FD2846BDE8F8836FF094
S31508013E400705F9E7884270B505460E4609D0C988BF
S31508013E50C28841B92AB1012392008380006812F011
S31508013E604EFA002070BD4C1E8CB9B6F904300134E7
S31508013E70A242AB8012D221462846FFF7ACFE0028A3
S31508013E80F0D131682868A20012F058FCE9E73368D6
S31508013E9053F82430002BE8D1013CE5E72868121BCA
S31508013EA00021920000EB840012F029FAE9E738B5FF
S31508013EB004460D46FFF7C6FF68B905F1080104F186
S31508013EC00800FFF7BFFF30B905F1100104F1100032
S31508013ED0BDE83840B6E738BD70B50E46012104463F
S31508013EE0FFF779FE054648B9E2880146920020683F
S31508013EF012F005FA23681E600123A380284670BDC7
S31508013F0010B501210446FFF7E7FF58B9012104F16D
S31508013F100800FFF7E1FF28B9014604F11000BDE8E2
S31508013F201040D9E710BDF8B5C3880646B1EB431F63
S31508013F300C4617464FEA511514D20122316804F08E
S31508013F401F0451F82530A24023EA020341F825301F
S31508013F50326807FA04F452F82530234342F825302B
S31508013F600020F8BD002AFBD0691CFFF734FE0028A3
S31508013F70E3D0F6E7F8B504460D46FFF705FDE388F5
S31508013F802844B0EB431F25D81F2D2368E68805F082
S31508013F901F074FEA551413D96FF00300324600FB89
S31508013FA00430944202F1FF3120D3A21BA64238BF46
S31508013FB00022324418460021920012F0A0F9034665
S31508013FC037B1002103EB8403C7F12005A64213D8B4
S31508013FD000200AE010F01F0118BF012101EB501162
S31508013FE02046FFF7F8FD0028CED0F8BD50F821206D
S31508013FF043F821200A46D4E71868013400FA07F283
S315080140000A4343F8042B20FA05F1DFE72DE9F843C3
S3150801401005460E469046D4883CB9F188A1420ED28F
S315080140206FF009073846BDE8F883D8F8003003EB86
S31508014030840353F8043C002BEFD1013CECE72846F6
S31508014040FFF7C9FD07460028ECD1F28894420BD246
S31508014050AE4209D028683168121B920001EB84012F
S3150801406000EB840012F06AFBEA88F088824207D9DD
S315080140702B68121A0021920003EB800012F03FF917
S3150801408000221346D5F800C0D6F800E0D8F800801B
S31508014090944203D1BBB90123AB80C3E75EF8226022
S315080140A058F82200F11A81422CBF4FF000094FF04F
S315080140B00109091A4CF822109E422CBF4B4609F1F8
S315080140C001030132E4E72A68E98802EB840402EB7A
S315080140D08102944202D1002BDDD0A1E72168C91AD9
S315080140E034BF0123002344F8041BF2E738B50C4614
S315080140F0051D29462046FEF70AFF002801DA002099
S3150801410006E02A4621462046FFF780FF0028F0D020
S3150801411038BD2DE9F0411746B1F904509288044695
S3150801412012FB05F253430E461DD539463046FEF7B6
S31508014130BFFEB0F100080DDB3A4631462046FFF7CF
S3150801414065FF28B9B8F1000F08BF01250020A58031
S31508014150BDE8F08132462046FFF758FF0028F7D11F
S315080141606D42A580F4E7874202D0814210D13E46CE
S315080141700123A380B6F80680B8F1000FE6D03368AC
S3150801418003EB880353F8043C3BB908F1FF38F3E71E
S31508014190FFF758FE0028EAD0DAE741462046FFF73E
S315080141A01AFD0028D4D1D6F800C00746064623686A
S315080141B0191F51F8042F5CF82700B2182CBF0126E5
S315080141C000260137121846F10006B8450A60F0D1F3
S315080141D003EB8703002EB9D0E28807F10108BA423A
S315080141E008D841462046FFF7F6FC0028B0D12368D7
S315080141F003EB87031A68474692192CBF0126002646
S3150801420043F8042BE6E7012383E770B50C46054618
S31508014210114620461A46FFF7F6FF064630B9043519
S3150801422029462046FEF773FE002801DA304670BD9E
S315080142302A4621462046FFF7E9FE0028F0D0064621
S31508014240F4E74FF0FF3364E770B50C4606461146AE
S3150801425020461A46FFF7F5FF054688B90436B4F92C
S315080142600430002B0CDA00212046FFF75AFB30B147
S31508014270324621462046FFF7C6FF0028EFD00546FD
S31508014280284670BDF7B50D460123002108350446B9
S315080142902846CDE900131646FFF743FB211D0746BD
S315080142A02A466846FFF7CDFF044648B9002F0CBFDA
S315080142B0002206F0010269462846FFF7AFFC0446CC
S315080142C06846FFF76AFC204603B0F0BD2DE9F341C5
S315080142D0054688461646CF883FB1D8F8003003EB25
S315080142E0870353F8043C33B13EB90021284602B08E
S315080142F0BDE8F041F0E5013FEEE72846791CFFF7F6
S315080143006AFC044670B941462846FFF79BFD0446F8
S3150801431040B9013E00963B46D8F80020E98828684E
S3150801432007F0FEFB204602B0BDE8F0812DE9F04F0B
S3150801433005460F461046002197B09346FFF7F1FA56
S315080143400028C0F2878105D16FF00B04204617B00B
S31508014350BDE8F08F00230126CDE90936CDE90B36F4
S31508014360CDE90D36CDE90F36674B594612933846D6
S3150801437013AB1193FEF79CFD002817DA35B13946C0
S315080143802846FFF75FFD0446002849D10021284643
S31508014390FFF7C7FA0028C0F24C8159462846FEF7AE
S315080143A0B6FD002880F24C810024CFE7394609A8DA
S315080143B0FFF748FD044698BB59460BA8FFF742FD8F
S315080143C0044668BBF9880DA80231ADF83060ADF82E
S315080143D02860FFF700FC044610BB01460DA8FFF74D
S315080143E07BFD0446E0B9F9880FA80231FFF7F3FB14
S315080143F00446A8B90BA8FFF7C7FA00F01F001F2843
S3150801440021D0C0F11F03194609A80093FFF7B2FD91
S31508014410044628B900990BA8FFF7ACFD044698B1E4
S3150801442009A8FFF7BAFB0BA8FFF7B7FB0DA8FFF71B
S31508014430B4FB0FA8FFF7B1FB0C2113A8FFF798FBF4
S31508014440002CA3D082E70094BDF82A60BDF832900B
S315080144500BA8A6EB090A4FEA4A184146FFF78AFD57
S3150801446004460028DCD14FEA8A0A0BA909A8FEF7F7
S315080144704EFD002838DA41460BA8FFF7C6FA04466E
S315080144800028CDD109F1FF3301939B0006F1FF38CE
S31508014490049306F1804609F18043023B013E9B00E5
S315080144A0A6EB09060793B3000293019B43452DD357
S315080144B0002DB5D0009909A8FFF7A7FA002840F002
S315080144C0B480BB8809A92846ADF82830FFF7BAFC9D
S315080144D00146002840F0AB802846FFF722FA00285B
S315080144E09ED10123AB809BE70D9A09A952F80A30A0
S315080144F00846013342F80A300BAAFFF7A2FE044622
S315080145000028B2D08CE700BF010003000B9B049A78
S3150801451003931344DDF824900693039B4FEA880A14
S315080145209A5859F82810AAF104030D9E0593029B7F
S3150801453091421E4474D20598002359F8000011F0DF
S31508014540EDFC002914BF4FF0FF330346B8F1010F04
S3150801455033600EBF002309EB0A0353F8083C079A98
S315080145601393059B59F80330149359F80A30159398
S31508014570336801333360039B13449946336800213A
S31508014580013B33600FA8FFF7A7FC00284DD1019B1B
S31508014590002B48D0D9F800200F9B0FA91A60069A5C
S315080145A0084612685A603268FFF790FE00283CD127
S315080145B011A90FA8FEF7ABFC0028DFDC32680BA9AE
S315080145C00FA8FFF783FE80BB029B0FA84FEAC3091A
S315080145D04946FFF7CFFC40BB09A908460FAAFFF7D2
S315080145E030FE014618BB09A8FFF79BF9002812DA25
S315080145F00BA90FA8FFF726FCB8B949460FA8FFF77C
S31508014600B9FC90B909A908460FAAFFF7FCFD60B9DC
S315080146103368013B3360029B08F1FF38043B43E7EB
S315080146204FF0FF3392E7019AB6E70446F8E60C46DF
S31508014630F6E65A4629462846FFF7E5FD0446FFE60B
S315080146405A4629462846FFF7FCFD044600283FF44A
S31508014650A4AE7BE66FF0090478E62DE9F043064639
S315080146600F461046012197B01546FFF75AF900285B
S3150801467040F3CA8100220123394612A8CDE90E2347
S31508014680CDE90C23CDE90A23CDE90823CDE9102389
S31508014690CDE90623CDE90423CDE90223CDE900239B
S315080146A0CDE91223CDE91423FFF7CCFB044608B163
S315080146B012A806E0294614A8FFF7C4FB044612A867
S315080146C01CB3FFF76AFA14A8FFF767FA0EA8FFF7F3
S315080146D064FA0CA8FFF761FA0AA8FFF75EFA08A8B8
S315080146E0FFF75BFA10A8FFF758FA06A8FFF755FA7D
S315080146F004A8FFF752FA02A8FFF74FFA6846FFF730
S315080147004CFA204617B0BDE8F083FEF7DFFD814677
S3150801471014A8FEF7DBFD804650B9214614A8FEF71A
S31508014720B7FB28B9394610A8FFF78CFB04463CE0CD
S315080147300123ADF85430ADF84C30002112A8FFF72B
S31508014740F0F858B9C145494614A828BF4146FFF7AC
S3150801475011FC04460028ABD114A9E4E712A8FEF718
S31508014760B5FD014612A8FFF750F90446E8B914A8A1
S31508014770FEF7ACFD014614A8FFF747F90446A0B9B0
S3150801478014A912A8FEF7C3FB0028C0F2A28012A939
S31508014790084614AAFFF73AFC044630B9012112A8C3
S315080147A0FFF733F904460028C7D012A8FFF7F5F931
S315080147B014A8FFF7F2F9002C88D1012110A8FFF7F8
S315080147C0B0F8002840F01D812A4639460EA8FFF7A1
S315080147D0ADFD044600287FF479AF0EA90CA8FFF7B2
S315080147E031FB044600287FF471AF294606A8FFF776
S315080147F029FB044600287FF469AF294604A8FFF778
S3150801480021FB044600287FF461AF01210AA8FFF7BE
S3150801481063FB044600287FF459AF014608A8FFF751
S315080148205BFB044600287FF451AF014602A8FFF757
S3150801483053FB044600287FF449AF01216846FFF778
S315080148404BFB044600287FF441AF0C9B1B68D80735
S315080148504BD5049B1B68DB0776D504A90CA8FEF784
S3150801486056FB0028C0F2A3800CA9084604AAFFF744
S31508014870E8FC044600287FF429AF0AA9084602AADB
S31508014880FFF7DFFC044600287FF420AF08A96A4633
S315080148900846FFF7D6FC044600287FF417AF002127
S315080148A00CA8FFF73EF80028CFD1002102A8FFF790
S315080148B038F80028C0F29180294602A8FEF727FB9E
S315080148C0002880F29480304602A9FFF7BBFA044615
S315080148D0FCE614A9084612AAFFF798FB0446002825
S315080148E07FF463AF012114A85AE701210CA8FFF749
S315080148F08CF8044600287FF4E9AE0A9B1B68DF079B
S3150801490010D4089B1B68DC070CD401210AA8FFF701
S315080149107CF8044600287FF4D9AE012108A8FFF7E0
S3150801492074F88EE70AA9084606AAFFF76CFC04463E
S3150801493000287FF4CBAE08A908460EAAFFF781FC2A
S3150801494004460028E1D0C1E6012104A8FFF75DF875
S31508014950044600287FF4BAAE029B1B68D90714D413
S31508014960009B1B68DA0710D4012102A8FFF74DF84E
S31508014970044600287FF4AAAE01216846FFF745F8E8
S31508014980044600283FF465AFA0E602A9084606AA30
S31508014990FFF739FC044600287FF498AE6946684655
S315080149A00EAAFFF74EFC04460028DDD08EE604A9C0
S315080149B008460CAAFFF745FC044600287FF486AE94
S315080149C002A908460AAAFFF73CFC044600287FF418
S315080149D07DAE6946684608AA5BE702A92A460846E3
S315080149E0FFF711FC044600283FF45FAF6EE602A903
S315080149F02A460846FFF725FC044600283FF45CAF23
S31508014A0064E66FF00D0461E66FF0030479E62DE9BB
S31508014A10F04F16461F46002201238BB0B14280464D
S31508014A200D46CDE90623CDE908230FD106A8FFF7E0
S31508014A3009FA044648B108A8FFF7AFF806A8FFF730
S31508014A40ACF820460BB0BDE8F08F06AEBD4207D1E3
S31508014A50294608A8FFF7F6F904460028EBD108AF5E
S31508014A60B6F80690B9F1000F40D1B7F806A0BAF129
S31508014A70000F45D1012309EB0A0B59462846039332
S31508014A80FFF7A9F804460028D5D101462846FFF7BD
S31508014A9023FA04460028CED132682B6804923A6874
S31508014AA00146059218464FEA8B0211F028FC834607
S31508014AB0059A00EB8A0A141F09F10101DA4529D181
S31508014AC0039B002B33D00123AB8008A8FFF765F8B9
S31508014AD006A8FFF762F8D8F848406CBB294628466D
S31508014AE008F104020BB0BDE8F04F1FE4336803EB8D
S31508014AF0890353F8043C002BB7D109F1FF39B1E713
S31508014B003B6803EB8A0353F8043C002B50D10AF1A6
S31508014B10FF3AACE754F8043F58460093049A4B46CB
S31508014B2005910BF1040B06F0FBFF0599C6E7B3885F
S31508014B30BA8813FB02F3C7E7B5F90430002B04DA88
S31508014B4000212846FEF7EDFE80BB2846FEF71CFF2E
S31508014B50D8F83C30B0EB430F28D82846A04704467E
S31508014B6000287FF46EAF08F10408B5F90430002B6C
S31508014B7004DA00212846FEF7D4FE70B941462846D4
S31508014B80FEF7C5F90028FFF65CAF424629462846D6
S31508014B90FFF73CFA0028F1D006E0424629462846A6
S31508014BA0FFF731FB0028E0D004464AE7024C48E704
S31508014BB0B9FA89F35B095EE780B0FFFF2DE9F74390
S31508014BC001F110060546894630460021FEF7A9FE81
S31508014BD00446A0B300230127314668462A1DCDE9BC
S31508014BE00037FFF73AFD044630BB09F108086B4662
S31508014BF0424641462846FFF70AFF0446E0B96B4696
S31508014C006A4669462846FFF702FF0446A0B96B467D
S31508014C104A4649462846FFF7FAFE044660B96B46F6
S31508014C20424641462846FFF7F2FE044620B9394670
S31508014C303046FFF751F904466846FEF7AEFF2046AF
S31508014C4003B0BDE8F0832DE9F84F1E4603F10805C8
S31508014C50C36804468A469046002B40F0C08002F19C
S31508014C6010031A462946FFF7D2FE002840F0EF80C6
S31508014C7006F110072B46424639462046FFF7C5FA84
S31508014C80002840F0E48006F118092B4642464946B9
S31508014C902046FFF7D9FA002840F0D9804B463A4614
S31508014CA029462046FFF7B3FE002840F0D0800322AC
S31508014CB029463046FFF70AFB002840F0C8803146EE
S31508014CC02046FFF713FA002840F0C18008F1080BC7
S31508014CD006F110075B465A4639462046FFF797FE06
S31508014CE0002840F0B4803946204605F0D6FE002853
S31508014CF040F0AD803B46424629462046FFF787FEEF
S31508014D00002840F0A4802946204605F0C6FE002862
S31508014D1040F09D8006F118093B463A464946204629
S31508014D20FFF775FE002840F092804946204605F0B7
S31508014D30B4FE002840F08B80334632463946204679
S31508014D40FFF765FE002840F082802B463A46394631
S31508014D502046FFF779FA002879D12B463A46394693
S31508014D602046FFF771FA002871D13B462A462946A3
S31508014D702046FFF769FA002869D133462A462946AB
S31508014D802046FFF744FE002861D14B462A462946AC
S31508014D902046FFF759FA002859D15A46494620466E
S31508014DA008F11003FFF733FE002850D14946204683
S31508014DB005F073FE00284AD139465046FFF742F8F6
S31508014DC0002844D129460AF10800FFF73BF8F0BB51
S31508014DD049460AF11000BDE8F84FFFF733B8134604
S31508014DE02946FFF714FE90BB032229463046FFF7F2
S31508014DF06DFA60BB31462046FFF778F938BB04F1F6
S31508014E000C0701463846FEF78CFD00283FF45EAFD5
S31508014E1008F110031A4629462046FFF7F8FDB0B9EE
S31508014E2006F110092B462A4649462046FFF7EFFDAB
S31508014E3068B93B464A4629462046FFF7E8FD30B998
S31508014E402B46324631462046FFF7DFF93BE7BDE8F8
S31508014E50F88F2DE9F14F9A461B6904460E4691468D
S31508014E600A9D002B00F0D38002F110070021384675
S31508014E70FEF757FD30B95146304601B0BDE8F04F4F
S31508014E80FFF715B80AF1100800214046FEF749FD5B
S31508014E9008B94946F0E701214046FEF742FD0028D8
S31508014EA040F0B5803B463A4629462046FFF7AFFD16
S31508014EB0002840F0AD8005F108083B462A464146E0
S31508014EC02046FFF7A4FD002840F0A28053462A4653
S31508014ED029462046FFF79BFD002840F09980424667
S31508014EE0414620460AF10803FFF791FD002840F0E4
S31508014EF08F804B462A4629462046FFF7A5F9002802
S31508014F0040F0868009F1080B5B4642464146204639
S31508014F10FFF79AF900287BD100212846FEF701FD03
S31508014F20014688B94046FEF7FCFC38B92B464A4685
S31508014F303146204601B0BDE8F04F84E6304601B05F
S31508014F40BDE8F04FFEF7DCBF2B463A46204606F190
S31508014F501001FFF75CFD00285AD105F110072B4611
S31508014F602A4639462046FFF752FD002850D105F159
S31508014F70180A2B463A4651462046FFF748FD0028AF
S31508014F8046D14B463A4639462046FFF740FD0028AA
S31508014F903ED139462846FEF755FFC8BB2946204665
S31508014FA005F07BFDA0BB4346424631462046FFF746
S31508014FB02EFD68BB2B46324631462046FFF744F99B
S31508014FC030BB5346324631462046FFF73DF9F8B91C
S31508014FD033463A4639462046FFF736F9C0B94346BD
S31508014FE03A4639462046FFF712FD88B95B465246CE
S31508014FF051462046FFF70BFD50B953463A4620461F
S3150801500006F1080101B0BDE8F04FFFF71DB90248E6
S3150801501001B0BDE8F08F00BF80B0FFFF2DE9F04376
S315080150200E460546012189B006F11000FEF779FC06
S315080150300446002840F0DF802846FEF701FD0228D5
S3150801504080465DD13046FEF79FFC2B6C073007334F
S31508015050C008B0EBD30F00F2CE8021463046FEF7EA
S3150801506060FC0028C0F2C7800123314604A80494D5
S315080150702F780593FEF7E6FE0446B0B904352946AE
S3150801508004A8FDF744FF002807DA012104A8FEF762
S3150801509048FC002810DC5A4C07E004A92A460846B1
S315080150A0FFF7CFF804460028E9D004A8FEF775FDF6
S315080150B0204609B0BDE8F083092F0BD1514904A850
S315080150C0FDF725FF0028E6D04F4904A8FDF71FFF85
S315080150D00028E0D0012302934FF0011304A9079396
S315080150E0084602AB06AA0693FFF78DF80446002880
S315080150F0DBD1294604A8FDF70AFF0028D5D1CAE75E
S3150801510001287AD121463046FEF70BFC002872DBCE
S3150801511006F1080921464846FEF703FC00286ADB22
S315080151202F1D39463046FDF7F2FE002863DA394667
S315080151304846FDF7ECFE00285DDA4B464A46284606
S3150801514002A9CDE90248CDE90448FFF760FC044607
S3150801515000284CD133463246284604A9FFF757FCA6
S315080151600446002843D1EB68002B36D1032301936B
S315080151704FF0011304A90793084601AB06AA069343
S31508015180FFF75FF8044690BBBDF91430002B04DA2B
S31508015190002104A8FEF7C5FBC8B904AA334611467F
S315080151A02846FFF734FC044608BB04AA11462846DC
S315080151B005F11403FFF729F80446C0B904A902A8A2
S315080151C0FDF7A5FE0E4B041E18BF1C460FE004A9E9
S315080151D03A460846FFF717F8D4E704AA11462846BF
S315080151E005F10C03FFF711F804460028D5D002A8EB
S315080151F0FEF7D3FC59E7024C5AE7044C58E700BFBF
S3150801520080B3FFFFD8950208E095020880B0FFFF3A
S3150801521070B5044658B3436C012B11D00C30FEF718
S31508015220BCFC04F11400FEF7B8FC04F11C00FEF7FF
S31508015230CFFC04F13400FEF7B0FC201DFEF7ADFCEF
S31508015240A36D8BB92046BDE870406021FEF790BC7E
S3150801525006FB0500FEF7BCFC0135D4E91603AB4293
S31508015260F6D8F5F749FCEDE700251826F5E770BDF0
S3150801527010B5044658B1FFF7CBFF04F16000FEF7FD
S315080152808CFC04F16800BDE81040FEF7A1BC10BD16
S31508015290F0B505460E4685B0FFF7BAFF2846FEF774
S315080152A0E1FB032E2E7005D0092E2ED00023404C8B
S315080152B02B7027E03F4A404BAA60AA61AA632A627B
S315080152C0AA6203F180026A624FF0011203F120011A
S315080152D0696103F140016B60696303F16001A03301
S315080152E0EB62E9612A63281DFEF74EFBE86305F1C7
S315080152F03400FEF749FB01236B640023C5E9163325
S3150801530028640024204605B0F0BD2C4B2C49AB641B
S3150801531005F10C00FEF7E0FD0446002844D12F1DD7
S3150801532001213846FEF7D8FD044600283CD1FF2165
S315080153303846FEF71FFE0446B0BB132301934FF010
S31508015340011339460393384601AB02AA0293FEF7C5
S3150801535078FF044640BB3846FEF716FB05F13407CD
S31508015360E863102238461749FEF73EFD0446D8B9C8
S315080153700122FC213846FEF7D6FD0446A0B931467E
S3150801538005F11C00FEF7A8FD044668B9012105F1DF
S315080153902C00FEF7A1FD044630B905F12400FEF7FD
S315080153A0FCFBFE232B64ACE72846FFF731FFA9E790
S315080153B080B1FFFF01000800E8950208F3320108F1
S315080153C042DB01008C9602082DE9F047467804462F
S315080153D00D46174691F8008016BB4FF0010900F1FA
S315080153E0040A067080F8029080F801805046FEF79C
S315080153F039FB04F16C00C4E91969FEF72AFB04F1CB
S315080154008400FEF726FB41465046C4E92769FFF7A3
S315080154103FFF00BBA378012B05D01048BDE8F087F4
S315080154204645F7D0F9E7012F05F1680105D104F1E1
S315080154308400BDE8F047FEF73ABD04F16C00FEF7BB
S3150801544036FD0028EAD105F1600104F16400BDE8E2
S31508015450F047FEF7F7BC0248E0E700BF80B0FFFF60
S3150801546080B1FFFF434213F07F031CD05F2BC3F1CA
S31508015470000000F3B48010F10E0F31DA10F13B0F82
S31508015480C0F2DB8010F1100F00F0F28010F10F0F5F
S3150801549000F0898010F1210F1FD010F1200F67D07D
S315080154A010F1220FBBE010F56E5F00F0D88000F313
S315080154B0938010F59C4F76D05DDC10F5C44F00F053
S315080154C0C58031DC10F5C74F00F0C3803FDB10F50E
S315080154D0C64F68D010F5C54F39D16FF086007047B1
S315080154E0012300F10E02934040F217521342F4D100
S315080154F000283FD010F1080F08BF6FF0890018BFC8
S315080155006FF083007047012300F16C02934041F26A
S3150801551050521342E1D1DB0700F1A78010F16A0F5F
S3150801552008BF6FF08C00EAE710F5A24FD5D011DC61
S3150801553010F5C14F1CD006DC10F5C34F00F098805A
S3150801554010F5C24FC8E710F5A34F00F091806FF030
S315080155508300704710F59E4F00F0878005DC10F533
S31508015560A14F05D010F59F4FB6E710F59D4FEED127
S315080155706FF08500704710F5785F6DD01EDC10F569
S31508015580994FAAD008DC10F59B4F71D010F59A4FA8
S31508015590DDD16FF09300704710F57E5F68D005DCAA
S315080155A010F5984FD3D16FF09400704720F0800022
S315080155B010F57C5F08BF6FF08600A0E710F5705FF5
S315080155C04DD0C4DC10F5725FD2D0C0DC10F5765F21
S315080155D083D010F5745F7FE710F15F0F29DA10F1B8
S315080155E06C0F90DA10F1700F3CD010F16F0F1ADAC8
S315080155F010F5645FD7D00DDC10F5685FB8D006DC0E
S3150801560010F56C5F3FF469AF10F56A5FAFE710F507
S31508015610665FACE710F5625F27D010F1720F08BF1D
S315080156206FF085006BE710F16E0F08BF6FF09600FB
S3150801563065E700287FF71FAF89E710F13D0FA8DA64
S3150801564010F1400F08BF6FF0930058E76FF095000F
S3150801565070476FF0960070476FF0910070476FF0D2
S31508015660840070476FF0920070476FF089007047A9
S315080156706FF08C00704741F2052398421AD8B0F5AD
S31508015680905F09D241F2010398420CD0B0F5885FC8
S3150801569009D06FF0850070472923A0F5905080B294
S315080156A0C340DB07F5D511F0070F0CBF00206FF0DB
S315080156B086007047B0F5105FEBD121F04003802BCF
S315080156C006D0B1F5807F0CBF00206FF086007047C9
S315080156D00020704770B5046A05460E463CB901209C
S315080156E0F5F704FB286228B120466E6270BD6FF09B
S315080156F08A00FBE76FF08C00F8E738B50446006AC4
S3150801570010B1616AFEF73EFA237E012B0FD0023BE8
S31508015710012B0FD8E369012B0CBF00256FF0960505
S3150801572028220021204610F0EAFD284638BDE36903
S31508015730002BF1E76FF09605F2E713B50C4B0C4613
S3150801574093F83D20022A10D193F83C30072B0CD14F
S31508015750002301AA019305F099FF20B9019BA342F1
S3150801576018BF6FF0930002B010BD6FF08800FAE71A
S3150801577080340020084608B51146FFF7DEFF0028E9
S3150801578018BF6FF03B0008BD10B51B4C94F83D20BF
S3150801579094F83C30022A0DD1072B1ED0D9070BD518
S315080157A0980716D4012143F0020384F8381184F8C6
S315080157B03C3009E0D90703D443F0010384F83C30AF
S315080157C094F83C309807EDD51AB994F83C30D907C6
S315080157D005D494F83C305A0708D5002010BD07486F
S315080157E0F5F7AAFA022384F83D30F2E743F00403F9
S315080157F084F83C30F1E700BF80340020C034002033
S3150801580070B542680588120A438806D0012A56D01F
S3150801581000236FF086000B6022E005F4E042B2F542
S31508015820805F02D0B2F5005F05D10733DB0840D1AE
S315080158306FF0850014E005F44F42B2F5844F03D1A9
S315080158400733DB080AD1F3E747F20102954208D18B
S315080158505B080133DB0803EBC3033B3300200B6012
S3150801586070BD44F20102954202D1DB081033F5E717
S3150801587047F20202954204D1DB0803EB43035A338C
S31508015880ECE744F20202954204D1DB0803EB430339
S315080158904A33E3E725F0FF05B5F5E24FD0D0B5F574
S315080158A0824FC5D10733DB085B000133012BD5D104
S315080158B0BEE725F0FF05B5F5824FCFD1F6E705F42A
S315080158C0E046DC1DB6F5805F25F0FF004FEAD402FD
S315080158D002D0B6F5005F06D1002A4DD0B0F5824F49
S315080158E007D1134643E005F44F46B6F5844F05D173
S315080158F0C2B3D31C23F003032C33AFE747F20106E7
S31508015900B54210D15B080133DB0803EBC3033B3314
S315080159100333920723F0030301D1072CECD1B0F529
S31508015920824F30D0E8E744F20106B54202D1DB08DE
S315080159301033EDE747F20206B54204D1DB0803EB63
S3150801594043035A33E4E744F20206B54204D1DB08BD
S3150801595003EB43034A33DBE7B0F5E24FC8D0B0F5B2
S31508015960824F02D00B680333C4E753000133012B7E
S3150801597000D10B68013BCBE7B0F5824F0B68F2D13A
S31508015980023323F003030433B6E72DE9F04F00F1A0
S315080159907808BBB00546CDE9061200F16807002173
S315080159A040460893FDF7BDFF20B3281DFDF7ECFF20
S315080159B0C41D2846FEF744F802284FEAD40400F02D
S315080159C029835B4A2846FEF73BF80128064640F03C
S315080159D0278300214046FDF7A4FF0246002840F030
S315080159E03683079B002B00F01A83069B1870089BC9
S315080159F01E6015E305F16003194628460593FEF76F
S31508015A004BF80446002840F0878005F11C0A5146E8
S31508015A102846FFF703FB044600287DD12846FEF7F2
S31508015A200FF8022840F05D81012111A8FEF711F84F
S31508015A3003220B940C9119AB013A03F1080323F8DD
S31508015A40041C23F8024C43F8084CF5D251460BA81E
S31508015A50FEF7F8F9044600284DD1514611A8FEF77C
S31508015A6026FA0446002846D101213846FEF734FABB
S31508015A70044600283FD101464046FEF72DFA044662
S31508015A80C8BB05F17000FEF788F805F1040B594605
S31508015A9011A8FDF73CFA002825DA284611A906F0CF
S31508015AA0BBFC044638BBD5F84090B9F1FF3F41D15C
S31508015AB03946284606F0B0FC0446E0B95A4641463E
S31508015AC04046FEF7CAFD0446A8B943463A46394652
S31508015AD02846FEF79CFF044668B901214046FEF7B1
S31508015AE0FBF9044607E011A95A460846FEF78EFA5D
S31508015AF004460028CBD011A8FEF75DF80BA8FEF7DF
S31508015B004CF8002619AB98190836FEF746F8202EE8
S31508015B10F8D1002C00F0E6802046FFF7A3FC0446E6
S31508015B2000283FF442AF20463BB0BDE8F08F00BFE6
S31508015B3080B1FFFF49460598FDF7AAF9C6B2324674
S31508015B40384611A9FEF7B2F804460028D3D13246E1
S31508015B50404615A9FEF7AAF804460028CBD14346C4
S31508015B603A46284619A9FEF750FB04460028C2D131
S31508015B7043463A4628461BA9FEF766FB0446002813
S31508015B80B9D1284615AB11AA1DA9FEF73EFB044655
S31508015B900028B0D1284615AB11AA1FA9FEF754FB58
S31508015BA004460028A7D11FAA1146284619ABFEF7B5
S31508015BB02EFF044600289ED11DAA114628461BAB76
S31508015BC0FEF725FF0446002895D119AB1A46194652
S31508015BD02846FEF71CFF044600288CD11BAB1A4643
S31508015BE019462846FEF713FF0446002883D139468D
S31508015BF028461BAB19AAFEF70AFF044600287FF4BC
S31508015C007AAF19AA114628461BABFEF71DFB0446B7
S31508015C1000287FF470AF4146284619AB05F10C02FE
S31508015C20FEF7F5FE044600287FF465AF4346414674
S31508015C3028461BAAFEF7E9FA044600287FF45BAF5B
S31508015C4028461DAB1FAA11A9FEF7DFFA044600284C
S31508015C507FF451AF11AB1A4619462846FEF7D7FE0F
S31508015C60044600287FF447AF28461DAB1FAA15A98D
S31508015C70FEF7EAFA044600287FF43DAF15AB1A464B
S31508015C8019462846FEF7C3FE044600287FF433AFBB
S31508015C9015AB194628460BAAFEF7B9FE0446002895
S31508015CA07FF429AF43464146284619AAFEF7AFFEB7
S31508015CB0044600287FF41FAF3246384611A9FDF77E
S31508015CC0F5FF044600287FF416AF3246404615A96B
S31508015CD0FDF7ECFF09F1FF39044600283FF4E5AE6C
S31508015CE009E7AD4C2846FDF7ABFE012883467FF44C
S31508015CF013AF2B6C182101335B0802200493F4F7C8
S31508015D00F5FF0646002800F0838100F11809FDF722
S31508015D10A0FE4846FDF79DFE04230022039319AB16
S31508015D20039908330139039123F804BC23F8022C9B
S31508015D3043F8082CF4D151463046FEF7B8F8044624
S31508015D40C0BB4FF0180BDDF80CA0049B53451ED1C0
S31508015D5049462846FEF732FF044658BB19AB00935D
S31508015D6032464B4649462846FFF773F8044608BBB0
S31508015D7049462846FEF722FF0446D8B906F110001F
S31508015D80FDF70BFF06F12800FDF707FF12E0049B5C
S31508015D900498BAFBF3F101238B4000FB11A1DBB296
S31508015DA00BFB036219B31146284619ABFEF74BFFE5
S31508015DB0044658B34FF0000A19AB03EB0A000AF17F
S31508015DC0080AFDF7EAFEBAF1200FF5D10CB3AB6D5F
S31508015DD09E4208D03046FDF7FBFE4846FDF7F8FE21
S31508015DE03046F4F789FE3846FDF7F2FE94E603F0ED
S31508015DF0FE0101EB5301104606EBC1010992FEF7BC
S31508015E0056F8099A04460028CDD0D3E70AF1010AC3
S31508015E109BE7012305F1340B21465846CDE9114389
S31508015E200B940C93FDF734F8012840F0B280214613
S31508015E300598FDF72DF8059982460BA8FEF702F895
S31508015E40044630B111A8FDF7A8FE0BA8FDF7A5FE7B
S31508015E50BDE75946059A11A8FEF7F3F90446002845
S31508015E60F0D1BAFA8AF35B091A4611A90BA8059368
S31508015E70FDF7D4FE04460028E4D1049B01465A1CCA
S31508015E8019A80DF1640B10F03AFAA2465B4609937C
S31508015E90049B53457AD051460BA8FCF7F9FF099B99
S31508015EA01C78049B044303EB0A010BA8FCF7F0FFDB
S31508015EB0E4B2099B44EA400403F8014B0AF1010ADA
S31508015EC0E5E79BF801009BF8003080EA020C6FEACF
S31508015ED00C0101F0010113FB01F3104003EA0C0266
S31508015EE083EA0C030BF8013F1BF8013C024343EA22
S31508015EF0C1130BF8013C0134A245E2D211A8FDF702
S31508015F004CFE0BA8FDF749FE0BA8FDF7A2FD0021E3
S31508015F100322012011AB013A03F1080323F8040C0B
S31508015F2023F8021C43F8081CF5D20AF1E8036B446E
S31508015F3032463946284613F8843C04F06DFD04467A
S31508015F4050B93946284606F023FA044620B90DF118
S31508015F50440BBAF1000F21D10BA8FDF72CFE039AC9
S31508015F6011AB9818FDF719FE039B0833202B0393F1
S31508015F70F5D1002C7FF42BAF39462846059AFEF752
S31508015F8081F9044640B3AB6DB34222E700220124EE
S31508015F90B2E7014C1BE700BF80B0FFFF5B463A46FC
S31508015FA0394628460AF1FF3AFEF74DFE90B919AB74
S31508015FB03246284613F80A300BA904F02DFD48B9D4
S31508015FC03A4639462846CDF800B00BABFEF741FFF5
S31508015FD00028BED00446BFE73946284606F0D8F958
S31508015FE004460028CFD139462846FEF7E7FDAB6DB2
S31508015FF004469E4208D03046FDF7EAFD4846FDF7BD
S31508016000E7FD3046F4F778FD002C3FF485ADEAE666
S315080160101D4CE8E6089B1C60079BA3420DD21B4A50
S315080160201046FFF71FFA044600283FF47CAD00210D
S31508016030079A069810F063F975E5224638460699D7
S31508016040FDF708FC024600283FF4BCACE8E7089ACD
S31508016050630001331360079A9A42E0D30423069931
S315080160602246384601F8013BFDF727FC024600287F
S31508016070D6D1069B611C2246194405F17000FDF72D
S315080160801CFC0246CCE700BF80B2FFFF00B1FFFF50
S3150801609010B5036804463BB1064A934207D1D82294
S315080160A00021043010F02BF90020206010BD6FF09C
S315080160B08800FBE709000002F8B51F4B064693F86E
S315080160C038210F468AB30024483322461D46197ED5
S315080160D0D1B13CB9022905D1D96919B9197900296A
S315080160E018BF1C460132062A03F12803EFD114B959
S315080160F06FF08C0006E02046FCF7B6FF2046FFF756
S31508016100FCFA10B100240EE01C46237E83B9012354
S3150801611023763EB1651BED1003F1CC335D4305F1E2
S315080161208045356000203C60F8BD6FF08800E9E7DE
S315080161306FF09600E6E700BF8034002000222DE9C3
S31508016140F047A44B0A600F4693F8381105468EB0FE
S31508016150002900F0398100F14040052867D8282236
S31508016160424303F148011344114493F86020022A7B
S3150801617052D039460020FFF79FFF044600286ED10A
S315080161803B6821465D6101253B6806465D60D7F897
S3150801619000A00AAADAF814904846FDF71FFA044641
S315080161A0002840F08980DDF8288028464146F4F722
S315080161B09DFD0546002800F0FB804846314608AAA1
S315080161C0FDF70CFA0446002872D1B8F1000F08D081
S315080161D0B5F1005F1DD3C8F1005303F500239D42B5
S315080161E017D8102200210AA810F089F8002207AB57
S315080161F0029305AB019306AB0093484631460AABB9
S31508016200CDE90522FDF79AF8044660B3B8F1000F07
S315080162104ED06FF098044BE0DB6D9D42A9D108463C
S31508016220FCF722FF0446B8B93960002417E0002DAF
S3150801623040F3CD8048331946187E022802D15869A1
S31508016240854205D00132062A03F12803F4D190E7E5
S31508016250282303FB0211E2E710F18C0F89D02046AF
S315080162600EB0BDE8F087059C2A46069B07995A4851
S31508016270A04594BFCDF800800094F2F777FC064656
S3150801628090B9A045C5D8B8F1230F18D86FF098046E
S3150801629041462846FDF776FC31460020FDF772FC9B
S315080162A03868FFF72AFA4CE0A045B2D86FF0910496
S315080162B041462846FDF766FC002108466DE008229E
S315080162C02846464911F019FA0028DFD1AB68002B98
S315080162D0DCD12E6AA8F124039E42D7D8B6F5005F11
S315080162E0D4D28EB331460120F4F700FD8146002849
S315080162F04ED0324605F1240110F020FAEB684146EA
S31508016300CAF804302B8A2846AAF800306B8AAAF8FC
S3150801631002306B69CAF80830AB69CAF80C30EB6908
S31508016320CAF81030B9F1000F00D07EB9FDF72AFC82
S3150801633031464846FDF726FC3868FFF7DEF96FF067
S31508016340910400233B608AE7B146D7E7FDF71AFCBB
S3150801635031465046FFF7BEF90446E0B9324649468A
S31508016360DAF8200010F0EAF931464846FDF70AFC4A
S3150801637038680830F1F7E1F83B681A7E012A20D01F
S315080163803868FCF771FE044600283FF44EAFD8E79B
S315080163906FF08C047CE731464846FDF7F3FB386815
S315080163A0FFF7ABF914F18C0F08BF6FF08704C8E744
S315080163B02146FDF7E7FB3868FFF79FF96FF08C0474
S315080163C0BFE702221A76DBE76FF0880447E76FF02A
S315080163D0870444E780340020D01700209C960208E1
S315080163E0034668B1017E8A1E012A0BD80329C269B0
S315080163F003D1012A01D1FFF780B91AB1013ADA614D
S31508016400002070476FF0960070472DE9F8438846DB
S3150801641017461E46FFF792FE044620BBD8F80050E1
S31508016420B5F8009009F4E043B3F5804FAB6808BFAF
S3150801643027F0010737EA03030DD1A6B132464846CC
S31508016440E968FCF7D9FD074668B93246484629691D
S31508016450FCF7D2FD50B900232846C8F80030FFF7EB
S31508016460BFFF6FF084042046BDE8F8833C46FAE78F
S3150801647007B500216A46FDF7B1F88C3018BF01202F
S3150801648003B05DF804FB13B500216A460446FDF71F
S31508016490A5F88C3002D1002002B010BD002120469B
S315080164A0FDF7BBF8014610B16FF09800F4E76A46AC
S315080164B02046FDF793F88C30EDD0F5E737B504465D
S315080164C0C0B101A9FFF73AFE044698B9019D2B7E92
S315080164D0022B12D103232B762B79FF2B10D01BB15C
S315080164E06869FFF7D0FF04462846FFF779FF0028B9
S315080164F018BF0446204603B030BD6FF09604F3E793
S315080165006FF08404F0E738B590F844300446012B5F
S3150801651011D1C56B4DB12B7A012B02D16868FFF7F2
S31508016520CDFF0C212846FDF72DFB2046BDE8384056
S315080165304821FDF71DBB006C10B15C21FDF722FB5C
S31508016540E06B0028F1D02368DA79044B02F07C026B
S315080165501344D3F8E8309B699847E6E7BC950208E7
S315080165602DE9F04F0446154688468BB0002900F000
S31508016570F080002A00F0ED80B2F5005F80F0EC8033
S3150801658002F1240739460120F4F7B0FB0646002834
S3150801659000F0E5804FF00009724AC0F80890D2F879
S315080165A0E03041460360D2F8E430243040F8203C1C
S315080165B063682A4640F8183C238820F8143C638807
S315080165C020F8123CA36840F8103CE36840F80C3CFC
S315080165D0236940F8045C40F8083C10F0AFF8D4F899
S315080165E014804046FFF744FF012800F0AF8040F2CF
S315080165F06C739F4209D96FF0980439463046FDF706
S31508016600C1FA20460BB0BDE8F08F34352946012082
S31508016610CDF82090F4F76AFB04460028EBD02A4609
S3150801662049460DF1200A0FF06AFE2346012240462B
S315080166304946CDE9019ACDF80090FCF77FFE40B1B5
S315080166402A46002120460FF05AFE2046F4F754FA4E
S31508016650D1E7454BDFF81891C4E9028023606060F1
S315080166603A46314604F1100010F068F899F83430CA
S31508016670DDF820B0002BE3D0BBF5801FE0D2022164
S315080166804846F1F7F8FE59464846384A0DF11F03C0
S31508016690F2F7C7F960BB9DF81F30344A012B27D1A1
S315080166A01269954224D10246009321462B46484653
S315080166B004F02CFCE0B9D9F83C0005F03AFD58463F
S315080166C0FCF7DFFC0130BBD02A46002120460FF03B
S315080166D016FE2046F4F710FA524640460021FCF70A
S315080166E07DFF044658B340460021FCF796FF84E730
S315080166F0D9F814309D4204D9D9F83C0005F019FDA2
S315080167009EE71B4805F036FBD9F83030294618486C
S315080167100593F1F783FE059B8342EDD301232246B8
S315080167205946009312482B46F2F71AFF0590D9F8F5
S315080167303C0005F0FEFC059B002BC0D080E7089BBA
S315080167409F423FF45AAF6FF09804CCE76FF08A0482
S3150801675053E76FF0860454E76FF08D0451E76FF045
S315080167608C044EE7BC950208105D175E781600206A
S31508016770D017002010F1860F12D010F1850F0ADA12
S3150801678010F1950F0FD010F1930F0CBF6FF06F003A
S315080167904FF0FF307047003818BF0120404270475C
S315080167A06FF0710070470148704700BF00B2FFFFE4
S315080167B018B1242200210FF0A2BD704710B5044676
S315080167C070B14378012B03D1BDE81040406875E6E6
S315080167D00378012B02D10830FFF7EAFF0023237063
S315080167E010BD10B5044630B13830FFF7E7FF682110
S315080167F02046FDF7BDF92046BDE81040F4F77CB9FF
S3150801680010B50446FFF7D4FF2046BDE81040F4F75B
S3150801681073B970B515460E462422002104460FF0B9
S315080168206EFD25F04003802B02D0B5F5807F08D197
S315080168302046314640F8045BEA080FF07FFF002046
S3150801684070BD6FF01F00FBE7E3E7E2E720F0FF0307
S31508016850B3F5824F06D14138C0B2012894BF002052
S31508016860012070470020704710B500244368146062
S315080168701B0A04D0012B0AD06FF0850010BD0088D1
S31508016880FFF7E4FF00B1013100201160F6E72C3172
S31508016890FAE7036813F0704205D1C3F30E030B60E0
S315080168A0D3B100207047B2F1004F0AD0B2F1204FA0
S315080168B007D0B2F1304F04D0B2F1404F01D02120B8
S315080168C070478268D20404D5C369002BF7D01B68C8
S315080168D0E5E703F07F03E2E74368002BEFD00B609F
S315080168E0DFE72DE9F041174600221C4643688CB0C4
S315080168F01B0A80460D46009204D0012B5BD06FF02F
S315080169008B0093E0018821F0FF03B3F5824F50D144
S31508016910428808460732D2080092FFF797FF58B116
S315080169202B78042B05D1013FB7EB420F05F1010581
S3150801693009D06FF0860079E04139C9B2012900F220
S31508016940CD80BA42F5D1009E224631464046FCF733
S31508016950DDFB00286AD10337C4E9030527F00307DD
S315080169606761002E00F09C802022002101A80FF00B
S31508016970C6FC3146404601AAFCF7C8FB002840F090
S315080169808F802368019A9A4240F08A806368029A46
S315080169909A4240F08580A368039A9A4240F0808023
S315080169A0A369079A9A427BD1E369089A9A423DD02C
S315080169B076E00097C7E7032FBBD90B78012B40F088
S315080169C090804978002942D0F739082997D801A338
S315080169D053F821F0336A0108F9690108FF680108CB
S315080169E0016A0108FF6801084B6A0108FF68010886
S315080169F03D6A0108456A0108F8254FF410561FE05B
S31508016A00FA254FF0807610271C22002102A80FF0E4
S31508016A1076FC0323CDE904350197039601AD0FCD25
S31508016A200FC495E80F0084E80F0000200CB0BDE8FC
S31508016A30F081F7254FF000762027E5E7FE252A4E57
S31508016A402A4FE1E7FF252A4EFAE7FC25D5E72B2F42
S31508016A507FF66FAF202220460FF051FC05F1100397
S31508016A602361AB070DD001AB05F128061A46286844
S31508016A706968083503C2B5421346F7D1286801ADDE
S31508016A8010606B68103F2360AB6869466360EB680A
S31508016A902046A36001236761E360FFF7FAFE28B188
S31508016AA02022002120460FF02AFC42E7B8F80030E0
S31508016AB0009E03F44F42B2F5824F0DD1DAB2122A83
S31508016AC00AD123F0FF03B3F5824F05D173001C33B6
S31508016AD09F42BFF446AFE3E73346F8E76FF0850018
S31508016AE0A4E76FF09100A1E70044000220000080AE
S31508016AF000440003002337B50C4601A90546019356
S31508016B00FFF7C7FE28B9296811F0704103D1019B27
S31508016B10236003B030BDAA68B1F1004FC2F38033D8
S31508016B20C2F34035C2F3003207D1062103EB450310
S31508016B3001FB0233019A5343EAE7B1F1204F04D12D
S31508016B402B4402EB82021344F4E7B1F1304F02D031
S31508016B50B1F1404F01D12B44ECE72120D9E72DE9CA
S31508016B60F34705680F680446BD420E4690469A46A5
S31508016B7005F070492AD0B9F1004F06D0B9F1404F56
S31508016B8003D0212002B0BDE8F08785EA0703B3F1F7
S31508016B90805F0CD3BAF1000F2FD1B8F1000F18D0CE
S31508016BA0A368B268534013F4E04F12D0E9E7002313
S31508016BB0204601A90193FFF76CFE0028E1D1019A4D
S31508016BC0C2F30E0215431743BD42DAD1B9F1000FDC
S31508016BD0E0DB0023204601A90193FFF75AFE0028AE
S31508016BE0D0D1009069463046FFF753FE0028C9D137
S31508016BF0DDE900329A42C5D0C3E7B268B8F1000FA1
S31508016C0003D0A3685340D904BBD49304E1D4B8E7AD
S31508016C100023F7B50B600368054603F070430B6064
S31508016C20C2680C46032A00F28180012A6ED812B185
S31508016C3043F000632360D5E90223900102F0407115
S31508016C4067D5B1F1407F67D0002B6FD04FF0007246
S31508016C50236823F0407313432360EA68022A07D1A5
S31508016C602A69032A62D823F47F0343EA024323608D
S31508016C70EB68032B03D12B69F62B57D9A370AB68A5
S31508016C801A0442BF236843F400432360EB68032BCD
S31508016C9009D023682A6823F4FF4323F07F03C2F34C
S31508016CA00E02134323602B68AE68002B06F4805747
S31508016CB03EDB16F4E84F39D12B6806F4806603F0FB
S31508016CC0704303F10043B3F1804F04D21EB1236828
S31508016CD043F4806323600023284601A90193FFF743
S31508016CE0D8FD88B92B6813F0704139D12368019A08
S31508016CF023F4FF4323F07F03C2F30E0213432360F9
S31508016D0017B1EB6993B10F2003B0F0BD43F080636F
S31508016D1090E7B1F1407F03D143B14FF0407297E755
S31508016D2002F08072002B93D1002A91D02120EBE743
S31508016D30730406F400520CD4002AF7D0236843F4EE
S31508016D4000532360002FB7D0236843F48053236090
S31508016D50B2E7236843F480432360002AF2D0EDE7C3
S31508016D6003F05043B3F1004F05D0B1F1304F02D0D3
S31508016D70B1F1404FDAD1019B2268013B03F07F0351
S31508016D8022F07F0213432360002FBDD0EA69002A4F
S31508016D90CCD0B1F1004FB6D1117F61B1002EB3D07D
S31508016DA043F400732360537F002BADD0236843F46B
S31508016DB080732360A8E7537F002BA5D0002EA3D0AC
S31508016DC0F4E701234B60C368013B012B08D88269AC
S31508016DD0054B1AB10A6000208B607047034AF9E730
S31508016DE04FF00053F7E700BF08000020B4960208E9
S31508016DF0012373B54B60C56806469D420C4616D8F5
S31508016E00002301A90193FFF775FE70B9019B05B12E
S31508016E101C3372699A4207D332696AB1226043F018
S31508016E2000530020A36000E01D2002B070BD023DA2
S31508016E30012D01D80023F4E72120F6E7436813B9A9
S31508016E40416070475B685A68012AFBD159607047EF
S31508016E502DE9F043012906460F4615469846A9B07D
S31508016E6078D8130779D1046824F04003802B02D01F
S31508016E70B4F5807F74D12022002120A80FF03FFAB3
S31508016E80394A3A4BE408012F08BF134601271F93D5
S31508016E9044F00054331D1C931D971E94344C0DF178
S31508016EA0040C1CAB93E807000DF110098CE80700E8
S31508016EB019ABCDF864801A971B9493E8070016ABB3
S31508016EC089E80700CDF858801797189493E80700C2
S31508016ED0309B45F0005E07AC84E8070013931497CE
S31508016EE013ABCDF854E093E80700319B0DF1280860
S31508016EF088E80700109310AB1197CDF848E00DAF5D
S31508016F0093E8070087E8070061461FA8FFF796FF81
S31508016F104946FFF793FF4146FFF790FF394611F0BF
S31508016F20D1FC21464FF4806411F0CCFC3168C908C4
S31508016F3011F0BFFC294611F0BCFC0E4B9C66BFF351
S31508016F404F8F11F08FFC11F084FC0B4B9C6629B016
S31508016F50BDE8F0836FF02000F9E76FF02100F6E74E
S31508016F606FF01F00F3E700BF0302000403020104E8
S31508016F70100000200090005000A000502DE9F043B9
S31508016F80012905460E46914698469DB053D8046890
S31508016F9024F04003802B02D0B4F5807F4ED1202205
S31508016FA0002114A80FF0ABF9264A274BE408012E55
S31508016FB008BF134613932B1D0A93012344F000546B
S31508016FC00B930C94214C07AF0AAA07CA04AE87E8AB
S31508016FD00700CDF834900DAA0E930F9407CA86E8D8
S31508016FE00700CDF84080119310AB129401AC93E8D9
S31508016FF0070084E8070013A83946FFF71FFF314643
S31508017000FFF71CFF21464FF4806411F05BFC2968E9
S31508017010C90811F04EFC102111F04BFC0C4B9C6673
S31508017020BFF34F8F11F01EFC11F013FC094B9C6640
S315080170301DB0BDE8F0836FF02000F9E76FF071002D
S31508017040F6E700BF0001000400010104100000205A
S315080170500090005000A0005090E72DE9F04FE3B0F2
S3150801706050AE00F1300704468A4615460FCF0FC6C3
S3150801707097E80F0086E80F0058A811F013FC03469D
S3150801708004F13000002B40F0A9802668904A26F4C6
S315080170907E13934240F02881529F9DF840B1DDF856
S315080170A05C914A971DB1BAF1000F00F09780C6F3BB
S315080170B00743C6F30546022E00F09080102E00F213
S315080170C08D80DB0700F18A80A9F10703062B00F200
S315080170D08580C9F10F03DBB2032B03D8626BDB0092
S315080170E0DA407BD1502200210FF009F94A4653A90B
S315080170F084F84CB06763A66404F138000FF01EFBF0
S3150801710004F10408012349F0005245F0005C53A933
S31508017110002F66D135910DF1500B3693379235AA6A
S3150801712007CA8BE80700CDF8C8A032AA33930DF138
S315080171305C0ACDF8D0C007CA8AE8070004F16D02D7
S315080171402F92309346F0005331932FAB009293E878
S3150801715007001AAB83E807005E4B40464DA9CDE907
S3150801716058375A976097FFF753FD002836D158A824
S315080171704D9911F09EFB46EA094111F09AFB294601
S3150801718011F097FB394611F094FB40461DA9FFF70C
S3150801719018FE18BB58A8FFF751FE404620A9FFF76D
S315080171A027FED8B958A820A9FFF748FE5946FFF780
S315080171B045FE5146FFF742FE1AA911F083FB11F06D
S315080171C015F830B90020636A1D44656263B0BDE8ED
S315080171D0F08F1022394600980FF091F86FF092005F
S315080171E0F4E72C910DF1080B2D932E922CAA07CAC0
S315080171F005AF8BE80700CDF8A4A029AA2A93CDF8F4
S31508017200ACC007CA87E8070004F14D02269200922E
S31508017210314A27930DF1200C289226AA07CA8CE831
S3150801722007004AAA239224932C4B0DF12C0A259385
S3150801723023AB93E807002A4B8AE8070094F84C1019
S31508017240284A4046012908BF1346589300234DA9E9
S31508017250CDE959336093FFF7DBFC01900028BDD1D6
S3150801726058A84D9911F025FB46EA094111F021FB71
S31508017270294611F01EFB019B194611F01AFB4046DF
S315080172800EA9FFF79EFD0028A8D158A8FFF7D6FD3D
S31508017290404611A9FFF7ACFD064600289ED158A81D
S315080172A011A9FFF7CBFD5146FFF7C8FD5946FFF770
S315080172B0C5FD3946FFF7C2FD08A911F003FB10F019
S315080172C095FF00283FF47EAF2022314683E700BFB1
S315080172D000014005000005042000002004000020EC
S315080172E00100050401000604464A934240F08780DE
S315080172F09DF84071579B1DB1BAF1000F3FF46EAF6F
S315080173000C2B7FF46BAF482200210EF0F8FF4FF0EB
S31508017310000C0123C4E90E5C84F8717004F140067F
S3150801732053AA002D65D04792374A48930DF1E008D4
S31508017330499247AA07CA88E8070045F00052CDF8DE
S3150801734028A10DF1EC094B934C924AAA07CA89E880
S3150801735007004D964E932D4B0DF1F80A4F934DAB01
S3150801736093E807002A4B8AE807002A4A44A9012F0D
S3150801737008BF1346271D3846CDE9583CCDF868C1E4
S31508017380CDF880C1FFF744FC834600287FF426AF79
S3150801739058A8449911F08DFA294611F08AFA5946E6
S315080173A011F087FA384641A9FFF70BFD00287FF44B
S315080173B015AF58A8FFF742FD384644A9FFF718FD4F
S315080173C0074600287FF40AAF58A844A9FFF736FDF7
S315080173D04146FFF733FD4946FFF730FD514611F0A7
S315080173E071FA10F003FF034630B1202239463046C0
S315080173F0F2E607CA86E8070084F87230E2E66FF01B
S315080174008500E3E6000240050C000020200000206C
S3150801741001000204010003042DE9F04FADB00E4648
S3150801742017460546019398B191B18AB1B0F802A001
S315080174300AF10703072B4FEAD30800F0CF80038828
S3150801744003F4E043B3F5805F05D11AF0070F09D0BD
S315080174506FF086041AE0B3F5005FF6D0B3F5804FF6
S3150801746000F0BC80202200211AA80EF048FF4146F0
S3150801747028461AAAFBF74AFE044638B96B681B0A5E
S3150801748008D0012B00F084806FF08B0420462DB0C4
S31508017490BDE8F08F4745C0F0A48032463B4622A896
S315080174A0CDE91E2311F0FEF900286ED14FF00073C5
S315080174B02490CDE922302A9017A91AA8FFF7A8FB2C
S315080174C0002859D1179922A811F0F3F91C9BDB045E
S315080174D03ED51A9B002B51DA4FF0010BDDF884904B
S315080174E002A9D9F80040CDF80CB0D9F804200292C7
S315080174F00494FFF7A3FCD9F8082005A9CDF818B01C
S3150801750005920794FFF79AFCD9F80C2008A9CDF83B
S3150801751024B008920A94FFF791FCD9F810200BA918
S31508017520CDF830B00B920D94FFF788FCD9F81420EA
S315080175300EA9CDF83CB00E921094FFF77FFCD9F84E
S31508017540183011A9CDF848B011931394FFF776FCBA
S3150801755014A91AA8FFF735FC70B922A8FFF76EFC23
S3150801756017A91AA8FFF744FC30B917A922A811F0E0
S31508017570A9F910F03BFEA0B148282CD06FF092046F
S3150801758022A811F08FF9002880D06FF092047DE7C8
S3150801759008F12C039F4224D306F1100208F11C03BB
S315080175A07DE76B681B0A0BD152463146288804F0E1
S315080175B0F3F841462846019AFFF756F90446DFE7EC
S315080175C0012BF6D13A4631461AA8FBF725FE0446A1
S315080175D00028EED0D4E76FF08504D1E76FF0850473
S315080175E054E76FF08C0451E72DE9F04F90F84050BD
S315080175F0D9B0102D06460C46174698469DF888912F
S31508017600DDF88CA12CD1D0E9002000239B1806F1C6
S315080176103002079206F11002089296F8422040F1CC
S315080176200000C6E9003096F841B00992002A00F038
S31508017630EB80BBF1000F40F0CF800F2D1CD8B8F1BD
S31508017640000F40F0BB804FF0210B0021659B4A4695
S31508017650404619700EF053FE584659B0BDE8F08FF2
S315080176609DF890319D4200F29781D0E9002015F0EE
S315080176700F0318BF2B46C9E7B8F1000FE3D00DF584
S31508017680A07AA9F104030C2BDDD83B68103B102B1B
S31508017690D9D8BB4A22FA03F3D907D4D50023B94A64
S315080176A054AE31463846C4E90023A3602362FFF786
S315080176B0AFFA83460028C8D12046549911F0F9F843
S315080176C0594611F0F6F8294611F0F3F838462CA96F
S315080176D0FFF777FB83460028B7D12046FFF7AEFBB5
S315080176E038462FA9FFF784FB83460028ADD1012729
S315080176F020462FA9FFF7A2FB089BA34A41930DF148
S31508017700C80C4297439241AA07CA8CE8070061460A
S315080177102046FFF793FB4FF00053CDF810B144AA6A
S315080177204597469335AB07CA83E8070019462046AD
S31508017730FFF784FB079B45F0005B479347AA4897E9
S3150801774038ABCDF824B107CA83E8070019462046A5
S31508017750FFF774FBCDF828A13BAB4B974AAACDF8A6
S3150801776030B107CA83E80700BAF1000F03D13D9A81
S3150801777042F080423D921946204611F0A3F80123B2
S315080177804D964E93814B4DAA4F933EAB07CA83E85C
S3150801779007001946204611F095F810F027FD834693
S315080177A0A0B94A46314640460EF0C8FF0F2D00D90A
S315080177B00025659B4FF0000B1D704DE7002D3FF42A
S315080177C060AFBAF1000F7FF45CAF3CE72A460021AF
S315080177D050460EF094FD38E7079B0F2D02934FF0A4
S315080177E0000388BF0DF5A07ACDE900332A4639464C
S315080177F02046CDE90498089BCDF80CA003F024FA9D
S3150801780083460028D2D020E7D6E902214FEA527CE6
S31508017810D20012BA51925A0FDB001BBA5393079B37
S3150801782042EAC002549301234CEAC10C12BA45F04C
S31508017830005E55939CFA8CF1CDF858E152920DF100
S31508017840740C54AA509107CA8CE80700089A0DF1DE
S31508017850680C29924E4A2A932B9229AA07CA8CE8C0
S31508017860070050AA2692494A27930DF15C0C2892E3
S3150801787026AA07CA102D8CE80700CDF88CA023AAE2
S315080178802493CDF894E014AB07CA83E8070005D121
S31508017890099A1A609A6842F080429A600123CDF8E3
S315080178A08080219349F0005322930DF1440A20ABBD
S315080178B093E80700334B8AE80700364A3846BBF196
S315080178C0010F08BF134643EA092343F00203236065
S315080178D000234DA9C4E901332362FFF799F98346C9
S315080178E000287FF4B9AE20464D9910F0E2FF5946BB
S315080178F010F0DFFF294610F0DCFF38460EA9FFF726
S3150801790060FA834600287FF4A7AE2046FFF796FA69
S3150801791038460BA9FFF76CFA834600287FF49CAE1C
S3150801792020460BA9FFF78AFA1AA9FFF787FA1DA9B4
S31508017930FFF784FA17A9FFF781FA96F84130012B68
S3150801794002D15146FFF77AFA204614A910F0BAFF78
S3150801795096F8413013B9514610F0B4FF204610F09D
S3150801796045FC834600283FF421AF96F8411019B922
S315080179704A4640460EF0C3FC0022659B1A706BE628
S3150801798001010100000002040C0000201000002083
S3150801799020000020000003044FF0210B5CE6F0B53F
S315080179A00E46017804460139174693B0042956D87C
S315080179B0DFE801F00341464B5000402114252948D0
S315080179C00C3400225943C6E901223060326230463E
S315080179D010F06FFF4FF0010C41F00051099709AB08
S315080179E0CDF828C006AF0B9145F0005593E807007E
S315080179F003AB87E807000C940CAACDF834C00E95A2
S31508017A0007CA83E807000F946C46CDF840C012AA4E
S31508017A10119512E9070084E8070019463046FFF771
S31508017A200DFA3946FFF70AFA214610F04BFF10F016
S31508017A30DDFB13B0F0BD402120250B480C34C0E70F
S31508017A404021202509480C34BBE7802140250848F8
S31508017A501434B6E78021402506481434B1E72120BD
S31508017A60E7E700BF00020103000301030004010365
S31508017A700005010300060103F0B50F4616461D462B
S31508017A800023044693B01A4631463846FFF767F88D
S31508017A9000287FD169463046FEF7FBFE002879D1DA
S31508017AA0EB68022B0FD039683C48009A81426B6912
S31508017AB002D01830814203D19A4204D9212069E0C3
S31508017AC0B3EB420FFAD32B68002BF7D14FF0606264
S31508017AD03846C4E90023A360236201A9FFF798F891
S31508017AE0002857D10199204621F4F061019110F03F
S31508017AF0E0FE284602A9FFF78BF800284AD120465E
S31508017B00029910F0D6FE384609A9FFF75AF9002856
S31508017B1040D12046FFF792F9384606A9FFF768F9DA
S31508017B20002837D1204606A9FFF788F9EB683BB14B
S31508017B3028460CA9FFF745F960BB2046FFF77EF9F1
S31508017B4030460FA9FFF754F920BBB368DA040CD500
S31508017B509B0421D50621F36932691B6801FB0322BF
S31508017B605B0043F000530F92119320460FA9FFF7CC
S31508017B7065F9284603A9FFF73BF958B9204603A931
S31508017B8010F0A0FE0325204610F030FB012801D194
S31508017B90013DF8D113B0F0BD2920FBE7200000B064
S31508017BA02DE9F0410D4614461E46C4B010B96FF0D2
S31508017BB0860043E00029FAD0002AF8D0038803F4A6
S31508017BC04F42B2F5824F40F0AF80DAB2122A0DD099
S31508017BD0413A012A00F2A8803368002B00F095800B
S31508017BE00733B4EBD30F00F09280E0E723F0FF03ED
S31508017BF0B3F5E24F2AD14388336013BBE300336000
S31508017C00B3F5807F40F090800023184649492E1924
S31508017C10214411F8014D16F8012D1043121B0CBF12
S31508017C204FF0FF340024B54203EA040343EA020392
S31508017C30EFD10028BBD0002BB9DA002044B0BDE84B
S31508017C40F081DA1DB4EBD20FDAD0B0E7B3F5824F83
S31508017C506DD10B78042BAAD118A810F023FE07467C
S31508017C6000284FD101468422229023A80EF047FB13
S31508017C7001232022394610A88DF888300EF03FFBE3
S31508017C8020224FF08808013C3946013515940DEB41
S31508017C900200E400149564080EF031FB22AD20229F
S31508017CA0394668460C95CDF834800EF028FBE02C51
S31508017CB0CDE90458346003D0B4F5807F7FF477AFFB
S31508017CC01D4B0734109308934FF4005312934FF446
S31508017CD08043E4080A9310AA6B46640008A918A809
S31508017CE00194FFF7C9FE33680733DB085A0033B13D
S31508017CF00021531E013B297005F10105FAD200281E
S31508017D009BD054E76FF0920098E7E400346033683B
S31508017D10FF2B92D0B3F5807F06D14388B3F5807FD8
S31508017D2002D0FF23336088E76FF0850086E76FF09E
S31508017D30960083E7BC960208200000802DE9F843E7
S31508017D401F460388064603F44F43B3F5824F884618
S31508017D501546DDF8289017D14B46FFF721FF044653
S31508017D6078B9089B9D4212D82A46414638460EF0F4
S31508017D70E5FC3946D9F80020308803F00DFD099B4A
S31508017D801D602046BDE8F8836FF08504F9E76FF0BA
S31508017D908904F6E72DE9F04FB1B00793154600239C
S31508017DA00892079A0F46CDE90A3306901360002D0B
S31508017DB000F0EE810AAA0BA902F0F4FA0590002850
S31508017DC040F0E1810B9E736A002B6DD00B9EB34682
S31508017DD07388D6F82090099373685BF8248F4FEA65
S31508017DE0132ABAF1010F00F0DB80AD4B9A4500F07A
S31508017DF0CA80BAF1000F60D109ABCDE901B32A46B1
S31508017E004B4639463046CDF80080FFF797FF10F10B
S31508017E10860F044640F0AA80308800F4E043B3F5A3
S31508017E20805F02D0B3F5005F5ED1099B002B60D05D
S31508017E300999FDF720FC044600284FD10731B5EB17
S31508017E40D10F3AD1A845C0F0A0812A4639464846FD
S31508017E500EF074FC75620B99099B4A88002A40F05A
S31508017E607E814B804FF6F87293420B9D3ED8069B56
S31508017E701B8813B12A889A421FD1069B5B8813B1C6
S31508017E806A889A4219D12B79002B40F06C816B696B
S31508017E90079A13602B7E012B00F06F810023079A46
S31508017EA06FF09604136019E0069B5B681B0A0DD0F8
S31508017EB0012B05D07A4A934208D06FF086040DE06B
S31508017EC0069808A9FDF79CFC044638B93046089976
S31508017ED0FDF700FC044600283FF478AF0B9808B17B
S31508017EE0FDF70BFC05944AE1430405D46FF08504BC
S31508017EF0F4E7EB0009939BE720F4435323F03F0390
S31508017F00B3F5824FF2D126AB71883A4600932B46D8
S31508017F10CDF898A002F08CFA269D044630B1284681
S31508017F20FDF7A6F92846F2F7E7FDD7E733882A6C65
S31508017F3023F4435121F03F01B1F5824F03D1D9B260
S31508017F40412908BF013203F4E043B3F5804F099292
S31508017F5010D15B46424649462846FDF716FD0446BA
S31508017F602846FDF785F92846F2F7C6FD002C3FF4A9
S31508017F7072AFB3E743464A4659462846FBF7CCFD56
S31508017F80FDF770FAEBE709ABCDE901B32A464B4693
S31508017F9039463046CDF80080FFF7D0FE0446E5E7BE
S31508017FA0B9F1000F89D0B8F1000F86D0002F84D01F
S31508017FB00023B6F800A073620AF44F42EB00B2F54B
S31508017FC0824F09935CD15FFA8AF2122A06D0413AA6
S31508017FD0012A12D8202D10D1FF230DE02AF0FF0225
S31508017FE0B2F5824F02BF083B5B080993099BB3F5BB
S31508017FF0047F02D140F20923099300232A460C93F0
S31508018000394630460CABFFF7CBFD044600287FF412
S3150801801065AF0C9C50460734E408FEF717FC08B117
S31508018020013D01372022002116A80C940EF067F9AC
S315080180302146304616AAFBF769F8044600287FF45C
S315080180404DAF0DF1780E0DF1580CBCE80F00AEE8F6
S315080180500F009CE80F008EE80F00EB1C23F00303CA
S315080180602822214626A82393CDE921470EF047F970
S3150801807073681B0A06D0012B14D06FF08B042DE709
S315080180802C46CFE7A84516D34A46434626A8CDE946
S315080180901A2310F007FC034680B16FF092041DE71E
S315080180A00200800005F12C03984504D309F110025A
S315080180B005F11C03EAE76FF08C040FE7012216A904
S315080180C01EA8FEF74CFD00282FD1199B013B012B59
S315080180D02BD84FF080732890CDE926302E9013A91E
S315080180E016A8FEF795FD00BB139926A810F0E1FB2B
S315080180F00DA91EA8FEF77CFEB8B90DA926A8FEF79C
S315080181009DFE10A916A8FEF75CFE70B926A8FEF713
S3150801811095FE13A916A8FEF76BFE30B913A926A872
S3150801812010F0D0FB10F062F818B126A810F0BAFBCF
S31508018130B3E74246494616A8FBF76EF804460028F7
S315080181407FF4CCAE5A4629463046FEF78DFB0446E7
S3150801815026A810F0A7FB00283FF408AF9DE79A422E
S315080181607FF4ABAE7EE62846D5E90812FEF7F8F9A4
S31508018170044600283FF48BAEB0E602232B76059819
S3150801818031B0BDE8F08F059CA8E66FF08904A5E635
S315080181906FF086030593F2E72DE9F04F43780D4614
S315080181A0012B9046ABB040F0C0820023DFF810B334
S315080181B009934FF480725B46406809A9FEF725F9D1
S315080181C0064640B10998FEF70BF930462BB0BDE8D3
S315080181D0F04FFAF7E4BEDDF82490D9F80470D9E92E
S315080181E008A23F0A012F00F08B82AE4B9F4200F096
S315080181F087822FB14846FEF7F3F86FF08606E4E763
S3150801820008AB049310235146CDE902834846CDE9CC
S3150801821000750CAB02F050FC10F1860F044640F0D5
S315080182207D825022394616A80EF069F8B9F8003051
S3150801823058460793CDF858B0079910AB0BAAB9F869
S3150801824002608DF8407002F094F848B99DF840E054
S315080182509DF82C00944AD2F804B0BBF1000F0BD15B
S31508018260169B03F0FE43B3F1806F00F04582484642
S31508018270FEF7B6F82646A8E79BF807308B4903F0C0
S315080182807C030B44D3F8E8301B7873450AD19BF875
S31508018290053003F00F0CB6EB8C1F03D1B0EB131F9F
S315080182A000F05A820832D6E798472790002840F00E
S315080182B064827F48FDF7D6F8169B04460028CFD17D
S315080182C003F0FF43B3F1906F09D0219B9DF85D2020
S315080182D01033B3FBF2F35343102B00F2EF81189AD4
S315080182E0002A7ED17348FDF7BDF80A9E0446102E72
S315080182F000F2FF810028B3D1B8F1000F00D0B044D5
S31508018300219A10AD002A00F04181169B6A4923F48F
S3150801831080638B4240F03A8110212846FBF728FCFE
S315080183206FF086049CE7263B44E24FF41053ADF800
S3150801833040304FF440730BA80B93EFF7FEF80B9BF5
S3150801834051461293234653F8042B10A81392F21D93
S31508018350D208FFF71FFD10F1860F00F02E8220B11B
S315080183608D30A6D06FF06F00A4E70123237219960A
S315080183708DF86830079B002003F4E043B3F5005FEE
S3150801838009BF079B0023C3F30222012304BF9340BD
S31508018390DBB28DF85D308DF85C008BE79BF8073012
S315080183A003F00303012B08D89BF8053003F00F03EC
S315080183B0B6EB831F01D03F487CE7012319968DF858
S315080183C068309BF80720394B02F07C021344D3F836
S315080183D0E83032465146DB68279898470028C9D0C5
S315080183E068E79DF8A430012B01D134487BE70023C7
S315080183F016790A9316F01F0600F0C480537903F024
S31508018400F003102B12D1102E40F0BE80D279274BE3
S3150801841002F07C021344D3F8E8302A465C689DF9D9
S315080184206810434627980A96A0475CE7902B09D11E
S3150801843010220AAB0193294643462798009200F079
S31508018440B1FA50E745450AD1219A002A7FF44AAF85
S315080184501022B2FBF6F27243102A7FF443AF202BA7
S31508018460C3D19DF96830219CB3B91B9A331BB2B1AC
S315080184700F2B27D904F1A8030DEB0304343C05F1AE
S31508018480100355F8042B9D4244F8042BF9D1219B7E
S3150801849010332193002026E7012B13D1331B102B10
S315080184A0E7E700BF02008000DC960208BC950208D7
S315080184B0809EFFFF009FFFFF00404004809FFFFF53
S315080184C000444004002C5AD016ABA6EB040A04F16A
S315080184D01C005246294618440EF030F9189B994A51
S315080184E0DB79CDF8048003F07C031344D3F8E83034
S315080184F01DAA0092D3F808B032469DF9681027984C
S3150801850022ABD84700287FF4EEAE1034A41B0A9696
S315080185102190BFD008EB060B5544B4FBF6FA06FBCF
S315080185201A4ABAF1000F06D19DF968301BB91B9B8F
S31508018530002B18BFB246A4EB0A04524629191DA8F6
S315080185400EF0FCF8219B0A9E53442193002CA1D0DE
S31508018550189B7C4ADB79CDE9005B03F07C03134465
S31508018560D3F8E83022469D689DF96810279822AB12
S31508018570A84700287FF4B7AE26440A96B3E6C34651
S315080185801024CAE77048AEE67048ACE61898F0B908
S315080185906F48FCF767FF0446002840F097800B9A5E
S315080185A0002A40F0838010212846FBF7E1FA0B9B4D
S315080185B033440893169B03F0FE43B3F1806F00F032
S315080185C08A804846FDF70CFF6FF08806FDE59DF8A1
S315080185D0A430012B01D15F48DBE700230B934179D6
S315080185E001F0F003202B08D11C9B002BD0D08379F6
S315080185F04C3B012B18D80020CBE701F0B004302CF6
S31508018600F9D001F0E0014029F5D0602BF3D0902B89
S31508018610F1D0A02BEFD081794C390129EBD9102B58
S31508018620D9D1002AE7D039E09DF96830012B2DD13F
S315080186301B9B002BF5D0269911B9017949098900A7
S315080186401DA89847189B3F491A79DB79019503F0CC
S315080186507C030B44D3F8E8301DA900919C689DF969
S315080186606810279822AB02F01F02A047002890D174
S315080186709DF96820189B9AB91C9C13B11F7907F0BC
S315080186801F07394628460BAAA04782E7037903F054
S315080186901F039A42D6D01B9B002BC2D02B4878E7E2
S315080186A013B11F7907F01F070B97A4E7C6F110034B
S315080186B0934206D210212846FBF75AFA6FF089042D
S315080186C0CEE5294640460EF039F86CE710212846D2
S315080186D0FBF74EFAC4E518A8FDF715FF4846FDF75E
S315080186E07FFE0646002E7FF470AD30462BB0BDE8FE
S315080186F0F08F6FF09604B3E518A8FDF704FFB6E509
S3150801870008AB04931023CDE9028300235146009355
S31508018710484601950CAB02F0CFF904464846FDF7E9
S315080187205FFE0646002CDDD0A4E50178012907D1B4
S3150801873013462A4608302BB0BDE8F04FFEF71EBC9B
S31508018740014ED2E7BC950208809CFFFF809DFFFF82
S31508018750009FFFFF809FFFFF4822002118A80DF008
S31508018760CEFD9BF80730164A03F07C031344D3F871
S31508018770E8305B69002B7FF497AD9DF8A430CDF8FE
S3150801878060B0012B7FF40AAE1822002110A8279C9D
S315080187900DF0B5FD73077FF40EAE237A002B7FF437
S315080187A00AAE9BF80630102B3FF6BDAD0D2B3FF6F2
S315080187B0BCAD023B052B7FF6B8AD02487AE500BF92
S315080187C0BC950208809FFFFF2DE9F04398460023D8
S315080187D085B005460C46174600F110016A46383041
S315080187E0CDE90033CDE90233DDF83090FFF7D4FC4B
S315080187F0064658B16B6E43F010036B666846102146
S31508018800FBF7B6F9304605B0BDE8F0830DEB040178
S315080188100446221D974209D2A742EFD918F8043017
S315080188200A5D534009F804300134F5E758F8043075
S315080188300859434049F804301446EAE7F7B5436E48
S315080188401746DA0604460E4636D4426A0AB11B07AB
S315080188502AD5236A2BBB00221046216BD3B2994233
S3150801886002F1010223D82346102200212046009452
S31508018870FFF7AAFF054688B926B13A46214630468A
S315080188800DF05CFF002610223146204666660DF083
S3150801889036FD10223146A0180DF031FD284603B0E9
S315080188A0F0BDE26A9342D6D06FF00C05F6E7C3F144
S315080188B00F0323441874D1E76FF06D05EEE738B559
S315080188C0416E044601F00303032B06D1826A32B9CD
S315080188D0436B023B012B1CD80262002038BD056B95
S315080188E02378681E0343606A023A003818BF0120DC
S315080188F043EA80130020520843EAC2032370236A1D
S31508018900C2B2954200F1010006D853B141F01001F7
S3150801891061666FF00C00E1E7C2F10F02A3541B0A6E
S31508018920EEE72246214604F13800FFF735FC002818
S31508018930D4D0636E43F010036366CFE72DE9F041A7
S315080189401D46073B062B0446164627D8A04600F1C6
S315080189501103C5F10F07416307630F22184600216A
S31508018960013F0DF0CCFC2A46314608F8107F0DF080
S31508018970E5FE681C226B002140440DF0C0FC012372
S315080189802A46E377E01831460DF0D8FE636E204695
S3150801899043F001036366BDE8F04190E76FF00C0010
S315080189A0BDE8F0812DE9F04F9B46436E0446DB0690
S315080189B08A46164689B000F1C680836A2BB1C36A16
S315080189C01344026A934200F2BE80129B9E4200F251
S315080189D0BA80139B04AF1E6004F1380303930EB9E2
S315080189E033468AE0E36A03F00F08C8F11005B54279
S315080189F028BF35462B44E362636B23F00203012B40
S31508018A0041D0636B33F0020929D153462A464146C0
S31508018A1020460097FFF7D8FE034600286DD1384651
S31508018A2004EB0803A3F1040C09F1040295426FD281
S31508018A304B444D4576D82A46394658460DF07EFEB2
S31508018A4008EB0503102B03D0E26A236A9A4276D112
S31508018A50224621460398FFF79FFB034660BBA844BD
S31508018A60B8F1100F67D10021206BCBB2984266D9B5
S31508018A70C3F10F0323441A7C01310132D2B21A74AD
S31508018A80002AF2D05BE0002304EB0801181D854299
S31508018A9001EB030215D29D421CD808EB0503102BE6
S31508018AA003D0E26A236A9A421CD1224621460398D8
S31508018AB0FFF772FB0346A8B1626E42F010026266C6
S31508018AC01BE05AF8032051F803C082EA0C02CA5087
S31508018AD00346DBE71AF8030011780133414002F82F
S31508018AE0011BD8E753462A4641462046CDF800B031
S31508018AF0FFF76AFE0346002883D010210DEB01001B
S31508018B000393FBF735F8039B184609B0BDE8F08FC8
S31508018B105CF8021050F804EB914681EA0E014CF814
S31508018B20021081E71A7817F8091009F101094A4074
S31508018B3003F8012B7DE7E26A236A9A4293D0761BF2
S31508018B40AA44AB444BE76FF00C03DDE770B5044666
S31508018B5088B038300E461546FDF730FE0122224B05
S31508018B6084F8382093F83C3013EA020129D0002111
S31508018B7084F8392003A814220DF0C1FB4FF41053D1
S31508018B804FF6F872ADF808304FF6FF73954298BF65
S31508018B902B46ADF80A30154B01A805934FF480739F
S31508018BA00193EEF7CAFC019BEA1D0493314604F1D1
S31508018BB03C03D20802A8FFF7EDF878B1FAF7EFF906
S31508018BC00BE084F839104034242220460DF097FB37
S31508018BD02A4631462046FDF71CFE10B9002008B08A
S31508018BE070BD6FF00C00FAE78034002000444004A1
S31508018BF0F8B504460F46EFF3108572B642888188A8
S31508018C0003888A420FD21344B3FBF1F001FB1033F8
S31508018C10013204EB8303DF606280012628460FF0E8
S31508018C20A8FD3046F8BD82685AB9238804EB830249
S31508018C30D760A2880133B3FBF2F102FB113323801B
S31508018C40EBE700EB8303D968904706460028ECD189
S31508018C50E4E700BF10F1860F12D010F1850F0ADA8A
S31508018C6010F1930F0FD010F1870F0CBF6FF073003F
S31508018C704FF0FF307047003818BF01204042704757
S31508018C806FF0710070476FF06F0070472DE9F04380
S31508018C90054616460C46A9B0002900F0B780002AF9
S31508018CA000F0B480202200210EA80DF028FB2146F1
S31508018CB0324628460EABFDF714FE044668BB2D88DE
S31508018CC005F44F43B3F5824F2BD1413DEDB2012D4A
S31508018CD094BF0025012516AE0EAF0FCF0FC697E834
S31508018CE00F0086E80F00202300221B93189BDFF84C
S31508018CF0408123F0807323F48043694643F400538B
S31508018D0008EB050916A8CDE9192918930092FDF76C
S31508018D10F1FE014638B16FF09204204629B0BDE84C
S31508018D20F0830125D7E7009E2E44202E009670D8A1
S31508018D3028221EA80DF0E3FA1EA80FF0B3FD00289D
S31508018D40E9D1012316A91A460EA8FDF708FF48B16D
S31508018D50012863D16FF08B041EA80FF0A3FD00282C
S31508018D60DBD0D8E7109B13F4C04F59D02E4B0BAF6D
S31508018D70CDE91E302090269039460EA8FDF748FF0A
S31508018D800028E5D10B991EA80FF093FD02A90EA89C
S31508018D90FEF717F80028DBD102A91EA8FEF74EF840
S31508018DA005A90EA8FEF724F80028D1D105A91EA801
S31508018DB0FEF744F801A916A8FDF79CFE0028C7D1BD
S31508018DC0019B202B2CD8012243F00053CDF82C907F
S31508018DD00C920D9308AB97E8070083E8070019463C
S31508018DE01EA80FF06FFD03271EA80FF0FFF9012833
S31508018DF012D1013FF8D1ADE715B1042388F8003047
S31508018E000A4B1E60A8E76FF08504A5E76FF0860494
S31508018E1083E76FF0890480E70028EDD04828F2D06F
S31508018E206FF0920498E700BF00000102FC3D0020A4
S31508018E30893A00202DE9F04FC5B007468946924682
S31508018E400021202201A89B464E9C509D0DF057FA01
S31508018E502022002109A80DF052FA2022002111A88A
S31508018E600DF04DFA2822002119A80DF048FA002123
S31508018E70802224A823910DF042FA002F4FD0B9F190
S31508018E80000F4CD04F9B002B49D0B7F800807A8849
S31508018E9008F4E041B1F5804F41D0D11DBAEBD10FAD
S31508018EA04FEAD1063BD3AE425CD847F21211884548
S31508018EB009D047F24111884534D06FF08505284617
S31508018EC045B0BDE8F08FB2F5807FF6D1842502342E
S31508018ED027480BF1010B24F00304720023A9CDE9FD
S31508018EE015150990129249465246384601ABCDE905
S31508018EF00DB4FDF7F6FC05460028E0D14FF4005302
S31508018F0019A80B930FF0CEFC78BB11AB09AA01A9DE
S31508018F1019A8FEF7B1FD044690B14828CDD06FF0E7
S31508018F208605CCE7A642FAD8FF2AC6D1033403350B
S31508018F3032464F990F4824F0030425F00305CEE77E
S31508018F4047F2121398450AD123AF324639464F984C
S31508018F500DF0F4FB23463B550134842CFBD1519B80
S31508018F601E60ACE76FF08905A9E76FF09205A6E7E1
S31508018F7020000080200000B02DE9F04F1F46202375
S31508018F800D460021D7B03B608046914620A8D822DD
S31508018F901F910DF0B4F903238DF880309F4B24AA55
S31508018FA003F12006144618685968083303C4B34206
S31508018FB02246F7D1032300208DF88430FFF74AFEB5
S31508018FC00446E8B9964B1F932046FCF74BFA04462C
S31508018FD0002840F0F280924B1F9A9A4240F09981FC
S31508018FE0B8F1000F00F0988015A80FF05BFC20B9C6
S31508018FF09DF88430032B07D873B96FF0920469E0A2
S315080190001FA8FDF745F8DFE7043B012BF5D836AA7B
S315080190108026229B019203E040262CAA229B0192DC
S31508019020EA184FEA561C229222D2012222A951F8A5
S31508019030040F0028E1D101329445F8D106F1FF3A2F
S315080190400AEA030AA6EB0A0BBAF1000F22D15D451B
S315080190503AD3B5FBF6FB42465B4615A921A8FEF7AE
S315080190609EFC0028C9D10BFB06F6B044AD1B2AE0CD
S315080190700121239A0CF1FF3E0132239223AA71455D
S31508019080D3D252F8040B01310028F8D11068013007
S315080190901060F4E75D4501D2B542D9E7019B5A460E
S315080190A0414603EB0A000DF049FB0123019A15A974
S315080190B021A8FEF774FC00289FD1AD1B5544AE428A
S315080190C08246D844C5D92DB101982A46414650440D
S315080190D00DF034FB2046FFF7BDFDFCF7C3F9044646
S315080190E000286AD11F9D4F49EBB243F000738B42AA
S315080190F031D04D4A934207D80C3A93420FD84B4880
S31508019100834226D88B425CD82022212148463A60E0
S315080191100DF0F5F800263CE06FF08604DAE7012247
S3150801912003F17E43083B02FA03F340F60C4213426D
S3150801913019D140F22222134224D140F211121342CC
S31508019140E2D02022212148463A600DF0D8F81C26A3
S315080191501FE09342D8D12022212148463A600DF0DA
S31508019160CEF8102615E0202221213A6048460DF056
S31508019170C6F81FA8FCF78CFF6FF08904204657B084
S31508019180BDE8F08F20262121324648463E600DF083
S31508019190B6F8234B9D4240F0B68015A80FF082FB26
S315080191A00146B0B16FF092042046FFF753FDFCF774
S315080191B059F90446002800F0A0801FA8FCF768FFAB
S315080191C0DCE72022212148463A600DF098F814265A
S315080191D0DFE79DF88430022B0AD0032B17D0012B29
S315080191E019D0D42221A80DF08AF86FF08904DBE79B
S315080191F020254FF01C0A0E4ADDF88C80B8F1000FC5
S315080192001CD0D422002121A80DF079F8CAE720251F
S31508019210084AAA46F0E71425074AFAE70899020810
S315080192200900000203000002130000020500000203
S31508019230000303030004030300020303229B15A88A
S3150801924003F03F0B5946CDE915280193CDF85C800B
S31508019250CDF874800FF02DFB019B15A819460FF068
S3150801926028FB4FF0010C24AA45F000550C920DF18C
S315080192700C0ECDF834C00CAB0E9593E807008EE8BA
S3150801928007002CAA0F924BF00052CDF840C006AD4C
S3150801929011920FAB93E8070085E807004AF00052E0
S315080192A0CDF8489012ABCDF84CC00DF124091492B3
S315080192B093E8070089E80700714615A8FDF7BEFD82
S315080192C0294615A8FDF7BAFD494615A80FF0FAFA79
S315080192D015A80EF08BFF0546D422414621A80DF0AC
S315080192E00EF835B99DF88030032B18BF6FF0880446
S315080192F05AE7212D7FF456AF77E73E601FA8FCF7A2
S31508019300C7FE04463AE71FA8FCF7C2FE6FF08804B9
S3150801931034E76FF0880450E72DE9F0410D46904691
S315080193201F46064696B030B900236FF086003B60AB
S3150801933016B0BDE8F081002AF6D020230CA83B60C0
S315080193400FF0B0FA0446002830D11A4B2946CDE968
S315080193500C300E9014900CA80FF0ABFA4FF0010CDC
S3150801936006966E4645F00055CDF81CC006AB089525
S3150801937093E80700104B86E8070003ADCDF8248073
S31508019380CDF828C00B9309AB93E8070085E80700D9
S3150801939031460CA8FDF752FD0CA829460FF092FAA2
S315080193A00CA80EF023FF0028C2D03C606FF0920093
S315080193B0BEE700BF00040003200000202DE9F843A2
S315080193C012F0030418BF012404EB92048C420746E9
S315080193D00E4615464FEA8409C2EB84081AD8424656
S315080193E000210CF08CFF321B0021920007EB0900CB
S315080193F00CF085FF2A46002007EB0801FCF7BAF9AD
S31508019400054620B91CB121463846FAF707FB284616
S31508019410BDE8F8836FF00305F9E72DE9F041036B21
S31508019420826B07689A4288BF8363426C436A92B02B
S3150801943002FB0377C36B0E46052203A95B69044643
S315080194403846984703A8EFF754F8012801463070C3
S3150801945070D0656CE26B2368606AD2F814C005FBAC
S315080194600030052208A9E04708A8EFF742F80128C5
S315080194704FF000053CD0D4E90A3201219342CDE9E7
S315080194800D458DF83C5010958DF8441043D1194679
S315080194902046EFF772F8236B626C14339B1AE0626D
S315080194A023630E9B1BBB9DF8443003B3636A626C4E
S315080194B02568D4F83C8002FB03550C350122D8F8FF
S315080194C0143001A9284698474FF6FF72019B99B2B5
S315080194D091420CD11B0C1B0443F4254343F0A5030D
S315080194E0029301222846D8F8183002A998470E9DFA
S315080194F0E36B05225B6903A93846984703A8EEF78B
S31508019500F8FF30702846236BA26B9A4288BFA36383
S3150801951012B0BDE8F081237C33B91D490DAA04F1C7
S315080195200800EEF7B5FFBCE720461A4A0DABEFF780
S31508019530C5F9B6E7237C23BB2246174904F108007F
S31508019540EEF7A6FF616A2046F0F7A4F8616A421CA5
S315080195502046EFF7ABFB054620B9236B626C134433
S31508019560143B23632046A16AEFF707F82368A06234
S31508019570C01A636CB0FBF3F060622046EFF71EFA7F
S31508019580B6E700232046054AEFF798F9DAE700BF60
S315080195901D940008DD940008256500087565000816
S315080195A02DE9F74399460023884601A9054617463A
S315080195B00193EDF7BBFC0446E0B9019E19F0020FD1
S315080195C015BFD6F88830D6F8843006F1880006F13A
S315080195D084009BB9727A96F85030D20603D5012BCE
S315080195E021D0042B1FD0053B022B1CD92846EDF7A9
S315080195F090FC0224204603B0BDE8F083FAF77DF813
S3150801960070B14268019BD3F8A430C8F800200289DA
S315080196103A801A6E026018662846EDF77AFCE9E781
S31508019620C8F8000038802846EDF773FC1B24E1E7EB
S3150801963037B504460522D0F8A40001A9EDF75EFD69
S31508019640B0B9019B5C61227A5A74E27A62F07F02B0
S315080196501A74EFF31185302383F31188D4F8A40023
S3150801966001990830EDF7A2FD85F31188BFF36F8FD5
S3150801967003B030BDF8B504464518073549420D40D3
S31508019680A5F108063046F1F757FB6288301BA2EBB5
S31508019690E00225F8062CA188C31001EBE00189B286
S315080196A025F8041CA288A2B1A4EBC2025788D1806E
S315080196B0D9195180E2889AB1D31A9BB204EBC20434
S315080196C025F8023CA380084A936803449360304610
S315080196D0F8BD15F8082C42F0020205F8082CE9E74E
S315080196E025F8022CEFE700BF4013002008B5002239
S315080196F003490DF0A7FB08B9024B187008BD00BF56
S3150801970058990208A0110020094B186F00F00700AC
S31508019710431E032B03D8DFE803F0060809040020DB
S31508019720704708207047022070470520704700BF20
S3150801973000800050044A054B013800D2704753F89F
S31508019740041B42F8041BF7E7403C0020C0610008EF
S3150801975030B5134B01461B7803B3EFF3118430235D
S3150801976083F311880F4A00231546107B58B90B60FD
S3150801977001211A0105EB03131973A85084F3118803
S31508019780BFF36F8F30BD0133082B02F11002ECD104
S3150801979084F31188BFF36F8F0348F3E70348F1E7B2
S315080197A0DC16002068140020048000F0028000F016
S315080197B02DE9F743DDF82C80054616461F460C466B
S315080197C029B96FF08604204603B0BDE8F083002A64
S315080197D0F7D04B880733B7EBD30FF2D30B88B3F522
S315080197E0105F30D100F104097C22002148460CF0B3
S315080197F086FD184B20462B603A464B463146FDF707
S3150801980070F804460028DED1019001A94846FDF703
S3150801981040F8D8B9019AA2F110011029D1D80E4BF6
S31508019820CB40DB07CDD50D9B1A440C9B9A42C8D871
S31508019830404669690CF082FF9DF82830C5F8148006
S3150801984085F83030BFE76FF08504BCE76FF0920406
S31508019850B9E700BF000248050101010010B5036818
S31508019860114C024623F47E10A04206D004F58074FA
S31508019870A04204D06FF0880012E0D80311D41B0C63
S3150801988013F03C0F0DD003F03F03102B09D8536A90
S31508019890002BEFD1906A0028ECD10523C2E90D31DE
S315080198A010BD6FF08600FBE7000140052DE9F04F7A
S315080198B0ADF5057D04468A461546002128227AA873
S315080198C0DDF83CB200930CF01AFD7AA80EF0EAFF17
S315080198D0002840F09D8122688C4922F47E138B4230
S315080198E013D194F87D308A4E8E992B448B4200F21F
S315080198F08983BAF1000F01D0009B73B9002D40F09E
S3150801990084836AB96FF088000BE082498B4240F084
S31508019910768394F87030804EE6E7002AF2D025B9AE
S3150801992000200DF5057DBDE8F08F636A3BB9A26A93
S315080199302AB911462046FDF790FB0028F1D1744B50
S315080199409E4200F0B6810027CBF80070D4E90C32AC
S315080199505B1952F1000228BF0127002F40F05881F8
S315080199606FF01F0199424FF00F039341C0F05081E8
S3150801997094F87090231D0193B9F1000F00F04B8103
S3150801998004F16003019303EB090005EB09030F2BAF
S315080199900ED82A4651460CF0D1FE94F870302B4465
S315080199A084F87030CBF80070A36A2B44A362B7E73A
S315080199B0C9F110035FFA83F8424651460CF0BEFE20
S315080199C094F872E0554856490123BEF1000F08BFC5
S315080199D0014604F140063B960DF1500C3C933BAA17
S315080199E03D9107CA8CE8070001990DF15C0C389185
S315080199F04C49399338AA3A9107CA8CE80700009866
S31508019A004849359035AA36930DF1680C379107CA3E
S31508019A108CE807004148329632AA33931DAB34903D
S31508019A2007CA83E80700404A94F871103F4B201D86
S31508019A30012908BF1346BEF1000F0CBF03220122FC
S31508019A4077A91343CDE97A377C978297FDF7E0F832
S31508019A50002840F0DD8077997AA80EF02AFF39466A
S31508019A607AA80EF026FF10217AA80EF022FF20A967
S31508019A70201DFDF7A6F9002840F0CA8020A97AA87A
S31508019A80FDF7DCF923A9201DFDF7B2F9002840F0FE
S31508019A90BF8023A97AA8FDF7D1F914A97AA8FDF7F9
S31508019AA0CDF917A97AA8FDF7C9F91AA97AA80EF066
S31508019AB009FF7AA81DA90EF005FF7AA80EF096FBF4
S31508019AC028B12022394630460CF019FCA0E0D4E929
S31508019AD00C32103342F10002C4E90C32009BA5EBAB
S31508019AE0080610330F2E84F87270009320D8324678
S31508019AF001980AEB08010CF021FEA5F110034B446D
S31508019B0084F870301023CBF800304DE7000140058A
S31508019B100001500500024005000250052000002002
S31508019B200C000020100000200000030400000204BD
S31508019B30C14684F87070DBF800301033CBF800307A
S31508019B4016F00F020AEB090710D0102E04F1600077
S31508019B505FFA86F861D926F00F0606EB090151442A
S31508019B6008F00F080CF0EAFD84F87080D4E90C328D
S31508019B7094F872C09B19DFF8CCE2AC4942F10002B5
S31508019B80C4E90C32BCF1000F08BF7146012304F188
S31508019B904008CDF8BC802FAA30930DF1080A3191FF
S31508019BA007CA8AE807002C9746F000572D932CAA76
S31508019BB02E970DF1140907CA89E80700009929AA01
S31508019BC029912A932B9708AF07CA87E80700CDF88A
S31508019BD0988026AA27930BAFCDF8A0E007CA944B25
S31508019BE087E80700934A94F87110201D012908BFD8
S31508019BF01346BCF1000F0CBF0322012213437A93CB
S31508019C00002377A9CDE97B338293FDF701F860B18B
S31508019C106FF0920085E62E4692E7324639460CF0F9
S31508019C208DFD002384F870806DE7779900907AA8F6
S31508019C300EF03FFE009B7AA819460EF03AFE314611
S31508019C407AA80EF036FE0EA9201DFDF7BAF80028EF
S31508019C50DED10EA97AA8FDF7F1F811A9201DFDF7A5
S31508019C60C7F800900028D3D111A97AA8FDF7E6F81C
S31508019C7051467AA8FDF7E2F849467AA8FDF7DEF8D3
S31508019C8008A97AA80EF01EFE39467AA80EF01AFE21
S31508019C907AA80EF0ABFA009B18B120221946404665
S31508019CA012E7DBF800303344CBF8003084F8720051
S31508019CB07AE6236B626BE9189142A9D8EB184FF043
S31508019CC00007A5D2009B5A195B4B9A42A0D8CBF83C
S31508019CD0007094F87D30EA180F2A0CD804F16D004B
S31508019CE018442A4651460CF029FD94F87D302B4438
S31508019CF084F87D3058E6261D002B00F0CB80102B0A
S31508019D0086D804F16D08C3F1100208EB0300514629
S31508019D100CF014FD236B626B1033934201D11023AF
S31508019D20E6E70123DFF81CC104F14D09CDF8DC9102
S31508019D300DF5A07E789377AACDF8E4C107CA8EE817
S31508019D400700DFF804E1CDF8D08174AA75930DF503
S31508019D50A678CDF8D8E107CA88E80700009A0DF574
S31508019D60AC787192729371AACDF8CCE107CA88E8EA
S31508019D700700CDF8B8916EAA6F9359ABCDF8C0C15B
S31508019D8007CA83E8070094F84C102C4B2C4A304636
S31508019D90012908BF13466BA9CDE97A377C978297C3
S31508019DA0FCF736FF00287FF433AF6B997AA80EF0DB
S31508019DB080FD10217AA80EF07CFD30465CA9FDF7DE
S31508019DC000F800287FF424AF5CA97AA8FDF736F8D5
S31508019DD030465FA9FDF70CF8074600287FF418AF4F
S31508019DE05FA97AA8FDF72AF850A97AA8FDF726F8F7
S31508019DF053A97AA8FDF722F841467AA80EF062FD22
S31508019E007AA859A90EF05EFD7AA80EF0EFF9E8B125
S31508019E102A46394600980CF072FA202239464846F5
S31508019E200CF06DFACBF80070F2E600BF0C000020CA
S31508019E3000000204000003040000082003000504D2
S31508019E40030006042000002010000020236B94F86C
S31508019E507D2010332363009B84F87D001033009323
S31508019E60A5F1100303EB0208C2F110029244DBF8D4
S31508019E7000201032CBF80020B8F10F0F0CD842465B
S31508019E80514604F16D000CF059FC94F87D2002EB63
S31508019E9008032DE7A846EFE718F00F020BD0D7B253
S31508019EA0A8EB02080AEB08013A4604F16D000CF02A
S31508019EB045FC84F87D70226B616B4244914217D14F
S31508019EC094F87D20A2B9A8F110080AEB080204F15A
S31508019ED06D0102F1100052F8047B824241F8047BBD
S31508019EE0F9D1102284F87D20B8F1000F3FF45CAD5A
S31508019EF0012704F14D036B930193454B6C9748F089
S31508019F00005E6D930DF1F8096BAA07CA0DF5827CFF
S31508019F1089E80700CDF8A0A168AA6997CDF8A8E154
S31508019F2007CA8CE80700009A0DF5887A6592669744
S31508019F3065AACDF89CE107CA8AE80700019A6292E8
S31508019F40639762AA47AF649307CA87E8070094F83C
S31508019F504C003049304A012808BF0A467A92002245
S31508019F6030464DA9CDE97B228292FCF751FE0028A5
S31508019F707FF44EAE4D997AA80EF09BFC41467AA81D
S31508019F800EF097FC30464AA9FCF71BFF00287FF420
S31508019F903FAE4AA97AA8FCF751FF30464DA9FCF70E
S31508019FA027FF064600287FF433AE4DA97AA8FCF7A9
S31508019FB045FF49467AA8FCF741FF41A97AA8FCF76B
S31508019FC03DFF51467AA80EF07DFC7AA839460EF077
S31508019FD079FC7AA80EF00AF940B142463146009852
S31508019FE00CF08DF92022314601986DE5DBF8002049
S31508019FF04244CBF80020226B42442263D4E46FF03A
S3150801A00085008EE46FF089008BE46FF0860088E4A2
S3150801A0102000002003000604030005042DE9F04F83
S3150801A0200446AFB00D4690460021282224A81E46B4
S3150801A030399F0CF064F9B4F802A00AF03F09B9F1A6
S3150801A040080F00F21381B8F1FF0F00F21281389B55
S3150801A050002B00F00E81002333602368002B00F0EB
S3150801A0600B81636A2BB32368854A23F47E139342D3
S3150801A0702DD124A80EF016FC002831D194F84C30C5
S3150801A080002B37D1D4F848A0D14546D394F87DB0F2
S3150801A0905FFA88F8C34540D8626B04F16D08002A57
S3150801A0A04FD15246414638980CF048FBA36C3B60A9
S3150801A0B044E0A26A002AD6D111462046FCF7CDFF14
S3150801A0C083460028CFD058462FB0BDE8F08F6D4A99
S3150801A0D024A8934207D00EF0E5FB002800F0C380C0
S3150801A0E06FF0920BEFE70EF0DDFB0028F8D194F83C
S3150801A0F071303BB16FF0860B24A80EF0D3FB002814
S3150801A100E1D0EDE71AF03C0F04F1300004F1040246
S3150801A1105FFA89F35FFA88F102D100233B60E9E728
S3150801A120CDE90035CDE90216389B24A9FDF75CFA7D
S3150801A130C7F800900546002840F086804FF0000BCE
S3150801A140DAE74FF0010E221D059204F14D0218922D
S3150801A1504D4ACDF864E00DF1180C1A9218AA07CAEF
S3150801A1608CE80700CDF86C804BF00058CDF870E00C
S3150801A1700DF1240CCDF874801BAA07CA0DF130091C
S3150801A1808CE807001E951EAACDF87CE0CDF88080E4
S3150801A19007CA89E80700389A0DF13C0821924AF066
S3150801A1A00052CDF888E0239221AA07CA88E8070059
S3150801A1B0364A15A9201DCDE9242326932C93FCF7AD
S3150801A1C027FD054600283FD1159924A80EF071FBF5
S3150801A1D0514624A80EF06DFB594624A80EF069FBDA
S3150801A1E012A9201DFCF7EDFD054668BB12A924A896
S3150801A1F0FCF724FE15A9201DFCF7FAFD054618BB38
S3150801A20015A924A8FCF71AFE06A924A8FCF716FE28
S3150801A21009A924A8FCF712FE494624A80EF052FB08
S3150801A22094F84C304146012B24A815D1FCF706FEBB
S3150801A23024A80DF0DBFF054688B10021A26C3898E9
S3150801A2400CF05DF8002333700023212D3B603FF4A9
S3150801A25051AF6FF0920B4FE70EF034FBE8E794F835
S3150801A2607D30337022E76FF0850B45E76FF0890B78
S3150801A27029E76FF0860B26E76FF0880B23E700BF07
S3150801A28000014005000240052000002002000504E7
S3150801A2902DE9F843436E044613F018060D4644D1DA
S3150801A2A05907426A3DD4042A3FD9017843F0040389
S3150801A2B081EA12210170417843664A4042704FF0A3
S3150801A2C0050804F13807E26A0023023202F00F0298
S3150801A2D0C2F11000404528BF404604EB020C03F1C9
S3150801A2E0040E70450CEB030122D2984229D8E36A81
S3150801A2F002440344102AE362A8EB0008054402D08D
S3150801A300626A934227D1224621463846FDF744FF21
S3150801A31008B30646636E43F0100363663046BDE82C
S3150801A320F883C36A05339342C9D96FF00C06F5E77A
S3150801A330E9585CF8039081EA09014CF80310734661
S3150801A340CDE715F803E091F800C001338CEA0E0C4D
S3150801A35001F801CBC9E7B8F1000FB4D1E26A636A23
S3150801A3609A42DBD1636EC4F82C8043F00803636616
S3150801A370D4E710B500F0FE44B4F1A06F084C08BF4D
S3150801A38020F47E10A04204D10220B1F5105F1070AE
S3150801A39002D06FF0850010BD18700020FBE700BFE2
S3150801A3A0004040040023F7B51360067904460F46BA
S3150801A3B0436926B1FF2E12D16FF0860532E0002BD4
S3150801A3C0FAD1836823F47F4323F00303002BF3D1E7
S3150801A3D04FF6F87342889A4227D801A810E06FF021
S3150801A3E04042013B9342E7D2806820F47F4020F047
S3150801A3F003000028E0D14FF6F87362889A4214D810
S3150801A4003946FBF759FE054660B90FCCD7F800C0A7
S3150801A41067460FC794E8030087E8030016B9019B4E
S3150801A420CCF81430284603B0F0BD6FF08505F9E77E
S3150801A4302DE9F74F00F4E04ABAF5804F80460F46FA
S3150801A44016461D4612D100F44F43B3F5824F02D189
S3150801A450C3B2412B0AD0E90705D56B0847B1FA1DE6
S3150801A460B3EBD20F05D06FF0860787E02B46F5E7E9
S3150801A470DF0080210120F0F739FC0446002800F0AE
S3150801A4806881F9F7EFFA0123002204F16809C4E9A2
S3150801A49018234846F9F7DDFA08F44F43B3F5824F16
S3150801A4A00BD15FFA88F8B8F1300F37D008D8B8F170
S3150801A4B0120F13D0B8F1170F39D06FF086051FE0C8
S3150801A4C0B8F1410FF9D1B7F5807F05D0B7F5E07F2F
S3150801A4D000F03A81FF2FF0D109212FE040F209233C
S3150801A4E09F4200F0318116D8B7F5807F25D00FD865
S3150801A4F027F02007C02F0CBF6FF085056FF0860582
S3150801A5002046FAF7B5FE2046F0F7F6FA2F4635E06B
S3150801A510B7F5C07FEFE7B7F5047FECE727F08003CF
S3150801A520B3F5807F00F01081B7F5007FE3E7C02F10
S3150801A53000F00A81B7F5807FDDE703212046FAF7A7
S3150801A540A7FEFAF78FFF0746002840F00081BAF503
S3150801A550804F7DD1B5B9DFF808824046FAF782FF08
S3150801A56005460028CCD149462046FAF757FDFAF7A1
S3150801A57079FF05460028C3D10C9B1C60384603B0F9
S3150801A580BDE8F08F201DF9F7FFF900F1070A20460B
S3150801A590F9F756FA02284FEADA0A30D15545DAD1DF
S3150801A5A02A4631464846F9F7EDFB80460028D4D1BC
S3150801A5B004F17000F9F7F1FA2378092B15D0012176
S3150801A5C004F17800F9F788FC80460028C5D12046B1
S3150801A5D0F9F736FA0128C0D132789AB9012DBAD1DC
S3150801A5E04846F9F78DFC8046B7E7E90042464846F2
S3150801A5F00139F9F798FC80460028E0D0ADE7DFF885
S3150801A6005881E4E70AF1010B5D450190A3D352464F
S3150801A6104846711CF9F7E8FB804600289DD1019B45
S3150801A62004F178001946F9F757FC8046002894D1B9
S3150801A6303378042B8FD14FEA4A0301339D428AD1DD
S3150801A640524606EB0B0104F17000F9F7CDFBCAE798
S3150801A65094F800A020465146FAF71AFE0246002849
S3150801A66042D12046F9F7ECF90228814604F160083F
S3150801A67064D1BAF1090F42D1202D63D12A46314658
S3150801A6804046F9F77FFB024648BB01464046F9F7C3
S3150801A6904AFC024618BB01214046F9F744FC02462A
S3150801A6A0E8B949464046F9F73EFC0246B8B9FF21E2
S3150801A6B04046F9F738FC024688B90122FE21404690
S3150801A6C0F9F731FC024650B92046F9F7B9F90128DC
S3150801A6D00CD041462046F9F7DFF9024620B140463B
S3150801A6E00192F9F75AFA019A104640E72A46314685
S3150801A6F04046F9F779FB02460028EAD0EFE7BAF1B6
S3150801A7000D0F1DD1382D1DD12A4631464046F9F780
S3150801A71039FB02460028E2D101464046F9F703FC17
S3150801A72002460028DBD101214046F9F7FCFB024627
S3150801A7300028D4D1012240F2BF11C0E70128D5D0A3
S3150801A740054ACCE7054ACFE76FF08505D8E6054601
S3150801A750D6E66FF08C0711E780B1FFFF80B3FFFFE4
S3150801A76080B0FFFF2DE9F04F044600881E4620F011
S3150801A770FF03B3F5E24FDBB040F04781002307AD95
S3150801A7800095079313460A466188FFF751FE04466A
S3150801A790002868D1079F0DF120083B78C8F800000A
S3150801A7A0032B64D0092B66D00546A422002131A8C3
S3150801A7B00BF0A5FD44F4824020232946944ACDF89E
S3150801A7C00080FFF735FE044618BB0122D8F80010B1
S3150801A7D031A8FAF7F9FDFAF745FE0446C8B9024663
S3150801A7E0394631A8FAF7F0FDFAF73CFE044680B976
S3150801A7F09DF8C630012B41D08648FAF733FE044648
S3150801A80038B9649B07351B68B3EBD50F05D06FF0D4
S3150801A810960420213046F9F7ABF99DF8C630012B8D
S3150801A8200ED132A8FAF7F4FC4AA8F9F7B6F94CA8FA
S3150801A830F9F7C1F952A8F9F7BEF958A8F9F7ADF928
S3150801A8400023D8F80050ADF8C43028468DF8C63034
S3150801A850FAF70EFD2846F0F74FF93846FAF708FDDC
S3150801A8603846F0F749F920465BB0BDE8F08F4FF45A
S3150801A8708075122499E7FF25412496E7419B002B11
S3150801A880BAD001463D22209021A89DF8C8900BF028
S3150801A89036FD3C22214611A810940BF030FD1822F2
S3150801A8A021460AA80BF02BFD09F1FF33082B00F20C
S3150801A8B08880DFE803F0058673787D8686868200C0
S3150801A8C047F21212C023ADF82820ADF82A302046E7
S3150801A8D0FBF750FF002890D14FF4804309A809934C
S3150801A8E0ECF72BFE099BBDF82840BDF82A200C93EE
S3150801A8F004F44F430732B3F5824F4FEAD20B05935F
S3150801A90062D1E3B2412B5FD15A4610A94AA8CDF8C4
S3150801A91024B0F8F79FFF5A4620A952A8F8F79AFFDC
S3150801A92041210DF1800ACDE901A109990DF1240909
S3150801A93053465A460091CDF80C9010A90AA8FEF77D
S3150801A94079FAFBF717FF00287FF457AF059B5146A5
S3150801A950B3F5824F099A58A851D1E4B2412C4ED188
S3150801A960F9F710FA58A8F9F70FF80730B0F5847F08
S3150801A970BFF442AF419B32A813F0070418BF012464
S3150801A98004EBD304649B1C60F9F75AF802282246A3
S3150801A990314658A836D1F8F75DFF2EE747F212126D
S3150801A9A04FF480738FE747F212124FF4C0738AE7A8
S3150801A9B047F2121240F2092385E747F24112FF23B3
S3150801A9C081E76FF0710482E74FEA4B035A46013378
S3150801A9D010A94AA80993F8F770FF04235A460DF1FE
S3150801A9E0810152A88DF88030F8F767FF0BF1010154
S3150801A9F020AB5A46194454A8F8F75FFF90E7F9F7D0
S3150801AA00F3F9AFE7F8F759FFF7E66FF086042AE797
S3150801AA10A93A002080B0FFFF13F07E0F2DE9F04719
S3150801AA200C4615460CBF4FF0010A4FF0000A0746BF
S3150801AA305246294620461E46C3F34508F9F7EEF85D
S3150801AA4048BB04F108095246484605F10801F9F7D9
S3150801AA50E5F800BB08F1FF33D3F1000848EB03081A
S3150801AA604246204605F11801F9F7D8F898B9424641
S3150801AA70484605F12001F9F7D1F860B9214638466B
S3150801AA80F209F9F7FFFB30B904F110000121BDE81D
S3150801AA90F047F9F721BABDE8F08738B50C460546FF
S3150801AAA001212046F9F766FA28B921462846BDE864
S3150801AAB03840F9F71BBB38BD2DE9F047A4B0044669
S3150801AAC0DDE92D85DDE92F7992460E4629B96FF024
S3150801AAD08606304624B0BDE8F087002AF7D0B8F1DB
S3150801AAE0000FF4D00DB9002FF1D1B9F1000FEED056
S3150801AAF02388B3F5105F40F0A080282200211AA808
S3150801AB000BF0FDFB2022002112A80BF0F8FB1AA876
S3150801AB100DF0C8FE002840F089803146524620468D
S3150801AB2012ABFBF7DEFE06460028D2D1129B23F0B4
S3150801AB300802102A01D0202BC9D1A8456AD208F1EA
S3150801AB4010039D4263D20F2FC1D9414610222846D0
S3150801AB500BF079FDA8460023394A0DF13C0A514606
S3150801AB6012A8CDE91A231C932293FCF751F804463F
S3150801AB7000283FD10F991AA80DF09BFE10211AA89B
S3150801AB800DF097FE694612A8FCF71BF90446002842
S3150801AB9030D169461AA8FCF751F903A912A8FCF79E
S3150801ABA027F9044630BB03A91AA8FCF747F9CDF8DB
S3150801ABB03C804FF00108234CCDF8408006AB119438
S3150801ABC09AE8070083E8070019461AA8FCF736F938
S3150801ABD00C9509ABCDF834800CAA0E9407CA83E804
S3150801ABE0070019461AA80DF06DFE1AA80DF0FEFA0F
S3150801ABF00446F0B13A46002128460BF080FB0023B3
S3150801AC00012CC9F8003011D16FF08B0661E70F2FBF
S3150801AC10A1D85CE70F2F7FF65AAF002D9BD13A4694
S3150801AC20294628460BF06BFBC9F800506FF09206CF
S3150801AC304FE71023C9F800304BE76FF0850648E760
S3150801AC4000010004100000202DE9F04FA7B00446CA
S3150801AC50DDE933970E4615469B46DDF8C480002B81
S3150801AC6000F0B880359B002B00F0B480B8F1000FD6
S3150801AC7003D0309B002B00F0AD803DB1329B002BF9
S3150801AC8000F0A880B9F1000F00F0A4803B1F0C2B3F
S3150801AC9000F2A0803368103B102B00F29B804E4ACD
S3150801ACA022FA03F3DB0740F195804C4B0DF18C0A30
S3150801ACB043EA0723236000235146C4E9013323628B
S3150801ACC03046FBF7A5FF034600287FD12046239986
S3150801ACD00DF0EFFD414620460DF0EBFD29462046D5
S3150801ACE00DF0E7FD304602A9FCF76BF8034600288C
S3150801ACF06CD1204602A9FCF7A1F8304605A9FCF754
S3150801AD0077F80346002861D10126204605A9FCF7F4
S3150801AD1095F8334BCDF88CB02496259308AB9AE871
S3150801AD20070083E8070019462046FCF787F8309B99
S3150801AD3020AA209348F00053219622930BAB07CA09
S3150801AD4083E8070019462046FCF778F8329B45F058
S3150801AD5000581D931DAA1E960EABCDF87C8007CA16
S3150801AD6083E8070019462046FCF768F8359B47F043
S3150801AD7000571A931AAA1B9611AB1C9707CA83E8A0
S3150801AD80070019462046FCF759F8CDF85C9014AB34
S3150801AD90189617AACDF8648007CA83E80700B9F19F
S3150801ADA0000F03D1169A42F08042169219462046A0
S3150801ADB00DF088FD20460DF019FA034630B10190D1
S3150801ADC02A46002148460BF09AFA019B184627B0F5
S3150801ADD0BDE8F08F2123F9E7010101000000030412
S3150801ADE00C0000202DE9F04FA1B08946DDE92B546E
S3150801ADF00746CDE907232D9EB0B3B0F800A00AF4A3
S3150801AE00E043B3F5005F32D1CAF30222042A2ED1F8
S3150801AE10072C29D94FF0080809932DB3A4EB080488
S3150801AE2005EB040B424659460AA80BF087FCB9F113
S3150801AE30000F19D02A9BBBB1099B0EB92E9A9AB954
S3150801AE40B3F5005F16D1CAF302231A1F53425341C1
S3150801AE50DB00BAF5105F07D17A8822F04001802914
S3150801AE600AD0B2F5807F07D06FF0860716E04FF05B
S3150801AE700008D1E70023ECE7002BF5D028220021B2
S3150801AE8016A80BF03CFA202200210EA80BF037FA7F
S3150801AE9016A80DF007FD28B16FF09207384621B0C4
S3150801AEA0BDE8F08F38464946079A0EABFBF719FD00
S3150801AEB007460028F2D12E9B9C4221D8B54207D2DB
S3150801AEC0B34505D92946224630460BF0BCFB354623
S3150801AED00AABCDE90483052301932A9B22460093F5
S3150801AEE0CDE90256089B0EA916A8FFF7ADFE212843
S3150801AEF0BAD02C2807D00028CED12F9B1C60CDE7CD
S3150801AF006FF08907CAE76FF09407C7E72DE9F04F95
S3150801AF109A468BB09DF85030DFF854B10293DBF8AE
S3150801AF201030804653450D461646C0F09B80D146E3
S3150801AF30DBF804300193B9F1000F00F08F80D8F8DF
S3150801AF403C3001225B6907A901989847079BDBF802
S3150801AF500010C3F3D312914240F0878013F07E0F9D
S3150801AF601CD1D8F83C3002225B6908A90198984798
S3150801AF7008A8EDF7AFFA08270446019B029A3B4455
S3150801AF80002A3CD1A6420FD9361B144640460199E0
S3150801AF90EDF7F3FAA9EB04090190CCE707A8EDF759
S3150801AFA099FA04270446E8E7A41B544528BF5446E2
S3150801AFB0032C03EB0607AAEB040A4FEA94021CD9F1
S3150801AFC0D8F83C30294638465B69984724F003038C
S3150801AFD004F003061F441D44002ED7D0D8F83C3090
S3150801AFE001225B6908A9384698473246284608A9C6
S3150801AFF035440BF0A3FB0026C8E72646ECE72746AF
S3150801B00004F00302039223442A1904920593049B2C
S3150801B010DD1B059BD81B039B9F420FD1002FB5D083
S3150801B020D8F83C30012208A95B6998473A46284670
S3150801B03008A90CF062FB78B93D44A7E7D8F83C307B
S3150801B040012208A95B6998470422284608A90CF039
S3150801B05054FB08B9043FDAE74FF0360948460BB006
S3150801B060BDE8F08F4FF06309F8E74FF06F09F5E790
S3150801B070781600200D4B5A68D20716D59A68D0075C
S3150801B08002D51B69D90709D50A22084B9A635A6D55
S3150801B09012F0500FFBD19A6C9207FCD10122044B96
S3150801B0A05A60024A53689B07FCD4704700C008508F
S3150801B0B000E0085000B9DDE701220E4B00F00F0150
S3150801B0C05A60A3F580535A6DC2F30B02002AFAD1CE
S3150801B0D099635A6D12F0780FFBD100F0010342070C
S3150801B0E0054948BF43F002038A6C02F003029A42FB
S3150801B0F0FAD1704700D0085000C008500EB417B5F1
S3150801B10004468288E18800688A4234BF891A002188
S3150801B11006AB10440D4A019303F060FA002800DAE1
S3150801B120FEE7A388E288184480B2904228BF2368C4
S3150801B130A08028BF9B18204624BF002203F8012CB3
S3150801B14003B0BDE8104003B0704700BF288A020863
S3150801B1502DE9F7439946604B0646002914BF8846F0
S3150801B160984698F8C4301746002B40F0AE80114631
S3150801B1704046EBF773FE054600285ED1A82101205B
S3150801B18003F07EFA0446002800F0A18040F201137C
S3150801B1908381022380F8099080F85030077245812F
S3150801B1A0C573056064200CF075FF012F94BF002359
S3150801B1B00123C4E9265584F8A030C4E92155D8F8F5
S3150801B1C00030C4E923556061C4F8A480C4F89450DA
S3150801B1D02360C8F8004041464FF000090A680AB1E1
S3150801B1E01368E3B9B9F1000FF5D1EFF311833022F2
S3150801B1F082F3118801223771B260346083F31188B2
S3150801B200BFF36F8F40F2011337683046BB8101A93E
S3150801B210EBF78CFE0446D0B1052C2ED022E0187A25
S3150801B220157A854223BF18684FF001091A6011463D
S3150801B23022BF10600B601946D0E790F85030012BF9
S3150801B24014BF04242E24204603B0BDE8F083019DD3
S3150801B2502A7B6B7B934201D1012B07D03046EBF752
S3150801B26058FE21243846EFF747FCECE795F85030AD
S3150801B270012B08D13046EBF74CFE7B7A002443F0CC
S3150801B28010037B72DFE71A1F012AF3D9022B04D0B8
S3150801B2903046EBF73EFE0224E4E7297A19B905237D
S3150801B2A085F85030E6E7D5F8A40090B190F89530C6
S3150801B2B04BB101228430ECF74DFE044618B13046F5
S3150801B2C0EBF727FEA8E70123EAE70424BBE71924DD
S3150801B2D0B9E799F81130FFDED43C00200B7C10B594
S3150801B2E07F2B4FEA93124FF030030AD9EFF31184FB
S3150801B2F083F31188032A18D1837BB3B90123837396
S3150801B30009E0EFF3118483F31188437B0BB990307D
S3150801B31004E0013B4373D0F8A4000830EBF746FF7D
S3150801B32084F31188BFF36F8F10BD9430F6E708B523
S3150801B330044B01461870044B18680BF097FD00B1D1
S3150801B340FEE708BDA10E0020500E00202DE9F843A6
S3150801B3500446884600211F469146F3F78BFC144B99
S3150801B360144EE41A1E23E410B4FBF3F4E4B2A50167
S3150801B37005F10C0C06EB841484F80180B44499E8B1
S3150801B3800F008CE80F0005F11C0CB44497E80F0078
S3150801B3908CE80F002C35089B35440FCB85E80F0048
S3150801B3A04FF6FF73A38784F83E30BDE8F88300BFE4
S3150801B3B0180B0020480F002013B5184B0DF1060194
S3150801B3C018680BF075FB1648BDF80610154A90F972
S3150801B3D000300B3954567F2B0A4490F9011092F923
S3150801B3E0100008D1A042A8BF20467F2911D17F2885
S3150801B3F008BF002007E0A042A8BF20467F2904D144
S3150801B4009842A8BF184602B010BD8B42B8BF0B467A
S3150801B410F6E78842A8BF084640B2F4E7500E002076
S3150801B420151100201711002030B5204DD5E9053436
S3150801B43052B38B420FD0E1B92B6973B92A6982B32A
S3150801B440002818BF04462278D20714D5A28842B329
S3150801B450A4EBC204F7E72B698BB140B92B681A78BC
S3150801B460D2070CD5DA884AB103EBC203F7E70346DC
S3150801B470F5E78C42E2D0C5E9053430BD13468C4266
S3150801B480DCD00029DAD0F6E78B4208D0834228BF00
S3150801B49003468C4207D0844238BF0446EBE703468D
S3150801B4A0F7E71446E7E70446E5E700BF401300203F
S3150801B4B000232DE9F04789460B60002800F09280A9
S3150801B4C0494F7B68984280F08D80073020F0070548
S3150801B4D0EFF3118A302383F311887E69AEB133788D
S3150801B4E07288DB074FEAC20204D5F3886BB106EB13
S3150801B4F0C306F4E79542F8D816F0070303D045EAE0
S3150801B50003018A42F1D3EB1806D18AF31188BFF3F6
S3150801B5106F8F1920BDE8F08772883969C3EBC202BB
S3150801B5200139272A39614AD99D4205F1080841D0CE
S3150801B53008213046FEF79EF80446A0444046EFF738
S3150801B540FBFB628805F10F01A2EBD102CB08A8F833
S3150801B5500220A8F80430E28872B3D31A9BB204EB2E
S3150801B560C202A8F806309380ED086580B8F8043061
S3150801B5700022E38031464046FFF756FFBB68083391
S3150801B580BB60237843F0010323703B6901333B61B8
S3150801B5906288BB6803EBC203FA68BB60934288BF43
S3150801B5A0FB608AF31188BFF36F8F08340020C9F84E
S3150801B5B00040AFE73446C0E7A8F80620D4E79D4225
S3150801B5C00ED008213046FEF755F8044623780122A5
S3150801B5D043F00103314620462370FFF725FFD7E7DD
S3150801B5E03446F3E7212095E74013002007B51820D4
S3150801B5F001A9FFF75DFF08B100230193019803B084
S3150801B6005DF804FB73B50A4E0A4D314604462868AF
S3150801B6100BF08EF9F3F736F9074B01940093C20044
S3150801B6200123314628680BF073F902B070BD00BFDB
S3150801B630C40E0020500E002001E8000870B5436AC8
S3150801B64004460D461BB111B9826A0F489847A3886B
S3150801B65099060ED50C4BDA7D92070AD5197D94F811
S3150801B6606020914205D11B69E26D934224BF0133E3
S3150801B670E365206A836C33B12DB92A46BDE870406B
S3150801B6800149006C184770BDE80E00202DE9F0430A
S3150801B69099B004460EA80D4617460DF003F906465D
S3150801B6A020B16FF0920019B0BDE8F08301906DB337
S3150801B6B034B335F0030905F0030824D04FF0E063ED
S3150801B6C0CDE90E3001230B940C9349F000530D93E9
S3150801B6D00BAA05AB1090169007CA83E8070019460E
S3150801B6E00EA80DF0EFF80EA849460DF0E2F80EA8DF
S3150801B6F00CF07CFD38B14A46314620460AF0FFFD7A
S3150801B70000233B60CDE7B8F1000F02D100203D6070
S3150801B710C9E700264FF0E063CDE90E3601AB089381
S3150801B72001230993104B08AA0A9302AB07CA83E8B7
S3150801B730070019460EA8109616960DF0C3F80EA81E
S3150801B74004210DF0B6F80EA80CF050FD08B12A46F2
S3150801B750D2E7019A4C44C300013022FA03F380452B
S3150801B76004F8013BF7D1D1E7040000200FB407B56F
S3150801B770064B05A91B6801911BB1054A05481268C4
S3150801B780984703B05DF804EB04B07047FC19002034
S3150801B790001A00200F89020820F0FF03B3F5E24FD3
S3150801B7A00ED1C0B241280BD1FF2A09D10B7823F05B
S3150801B7B007030B70CB7F03F07F0343F04003CB777E
S3150801B7C0704700212DE9F043A94FDBB004461C223E
S3150801B7D015A814910AF093FD3B78052B02D1032095
S3150801B7E0EBF700FF234636AD20342A461868596818
S3150801B7F0083303C2A3421546F7D19E4D4021284678
S3150801B800F9F79BFF98B92B463EAD03F120062A4668
S3150801B81018685968083303C2B3421546F7D10CAD07
S3150801B8202A46402146AB36A8FDF776FD18B1012018
S3150801B8305BB0BDE8F083904B95E803009980090C4D
S3150801B840186099710E98BDF83C109DF83E20C3F812
S3150801B8500700A3F80B105A73234646AC03F12005DB
S3150801B860224618685968083303C2AB421446F7D111
S3150801B870824B4EAC03F120052246186859680833F5
S3150801B88003C2AB421446F7D101A9002301224FF4A2
S3150801B8908440FAF7BAFD014650B9019C6368D4E9B8
S3150801B8A008651B0A09D0012B42D02046FAF798FDF4
S3150801B8B0502146A8F8F75CF9B9E7238803F4E04272
S3150801B8C0B2F5805F10D0B2F5005F0DD044F20102E7
S3150801B8D023F44051914207D003F44F43B3F5824F05
S3150801B8E002D0B3F5844FE0D1102DDED82A46314671
S3150801B8F056A80AF023FF56AB0021C5F110025819C4
S3150801B9000AF0FDFC2046FAF76BFD0028D0D150213C
S3150801B9102CAB14AA46A8FDF7FFFC0446502146A8FD
S3150801B920F8F726F9002C00F0AB80202114A8C1E70E
S3150801B930002EBAD0002DB8D0A368D807B5D52022D5
S3150801B9401CA80AF0DCFC2A46314620461CABFAF74D
S3150801B950C8FF80460028A8D124AD1CAE0FCE0FC55E
S3150801B96096E80F0085E80F0002A924A82688CDF8D5
S3150801B9700880FBF7BFF805463046FAF767FF00224D
S3150801B980012806BF04230DF2591656AECDE927261E
S3150801B9904FF010020ABF8DF8583110230F23B4F85F
S3150801B9A002902992002D80D1029A9342FFF47DAF2D
S3150801B9B0282229462CA80AF0A2FC2CA80CF072FF12
S3150801B9C000287FF472AF2B46012224A91CA8FBF795
S3150801B9D0C6F870B91F9B013B012B0AD84FF081733A
S3150801B9E009A91CA8CDE92C352E953495FBF710F934
S3150801B9F080B16FF092082CA80CF054FF0346019809
S3150801BA00002B7FF453AFFAF7EBFCB8F1000F3FF4C4
S3150801BA107CAF4DE709992CA80CF04BFF03A91CA88C
S3150801BA20FBF7CFF90028E4D103A92CA8FBF706FAFE
S3150801BA3006A91CA8FBF7DCF90028DAD106A92CA867
S3150801BA40FBF7FCF909A924A8FBF7D2F90028D0D1FC
S3150801BA502CA809A90CF036FF2CA80CF0C7FB002866
S3150801BA60C7D14A4631462088FFF796FEC3E700BF8D
S3150801BA70F8150020D13A002000160020F13A0020DE
S3150801BA803B78032B03D1144B1868FAF717FD2CA83A
S3150801BA90EBF74BFD114B24A82F934FF440732493D6
S3150801BAA0EBF74BFD249B0E492E9300232022CDE96B
S3150801BAB02C13319314A9084B2CA8FCF76BF90446EF
S3150801BAC0202114A8F8F754F8002C7FF4B0AE04200E
S3150801BAD0EBF788FD2046ABE6141600200002480560
S3150801BAE00024000138B503680446ABB1012B0CD11B
S3150801BAF082690A4B9A4208D100F120055830FAF7B3
S3150801BB005DFE68212846F8F733F82046BDE8384037
S3150801BB10D82200210AF0F3BB38BD00BF0001500549
S3150801BB208B4228BF0B462DE9F04705464FF0000E1C
S3150801BB30A1EB030A03F00707089CDB084FEA431C3D
S3150801BB4002EB43139A4205F120050FD160440546DD
S3150801BB504FEA870C03EB8707BB4240F081806044BC
S3150801BB60BAF1010A80F08B80BDE8F087166855F8AE
S3150801BB70201CA4FB066816EB0E0648F10008761889
S3150801BB8045F8206C566855F81C1CA4FB069E48F11E
S3150801BB90000616EB09064EF1000E761845F81C6CE0
S3150801BBA096684EF1000EA4FB06961EEB090E46F1A9
S3150801BBB0000855F8186C55F8141C1EEB060645F8CE
S3150801BBC0186CD66802F12002A4FB069E48F100060D
S3150801BBD016EB09064EF1000E761845F8146C52F864
S3150801BBE0106C4EF1000EA4FB06961EEB090E46F1EB
S3150801BBF0000855F8106C55F80C1C1EEB060645F89E
S3150801BC00106C52F80C6CA4FB069E48F1000616EB64
S3150801BC1009064EF1000E761845F80C6C52F8086CB8
S3150801BC204EF1000EA4FB06961EEB090E46F100081E
S3150801BC3055F8086C55F8041C1EEB060645F8086C01
S3150801BC4052F8046CA4FB069E48F1000616EB090699
S3150801BC504EF1000E76184EF1000E45F8046C71E7A8
S3150801BC6053F8042B2968A4FB022612EB0E0246F1AF
S3150801BC700006521846F1000E45F8042B6CE70368D6
S3150801BC8013EB0E032CBF4FF0010E4FF0000E40F8D8
S3150801BC90043B65E7014610200AE410B5A8B1A1B135
S3150801BCA00368994211D3D0E9024204FB023399424F
S3150801BCB00BD2EFF31183302282F3118842680A60AE
S3150801BCC0416083F31188BFF36F8F10BD012303FA17
S3150801BCD001F130235843014B1950704740E0035096
S3150801BCE04FF0004238B51D4B1D4C5A664AF6CD3306
S3150801BCF0656C236405F00105C0B90120EEF7ECFD7A
S3150801BD006368D90701D42DBB38BD0122154B5A608A
S3150801BD10154B226BD207F6D4013BFAD1F3E701336F
S3150801BD20216B080705D59342F9D1ECE700230F4AA1
S3150801BD30F6E79342E7D020220A4B9A620122A3F53D
S3150801BD4080535A60084B064A916A8906DBD4013B3F
S3150801BD50FAD1D8E7024B064A1A64D5E70090005093
S3150801BD600080095000A0095041420F0040420F00CF
S3150801BD703254FFFF73B5002504468DF80750204657
S3150801BD806169ECF74BFB266B864209D2236AB5EB50
S3150801BD90430F05D220460DF10701FDF73EFB50B1D1
S3150801BDA09DF80730012B04D120460DF10701FDF757
S3150801BDB034FB02B070BD0135E1E7002307B506483B
S3150801BDC01A46006801A9FAF720FB10B90198FAF793
S3150801BDD007FB03B05DF804FB141600205DE709B103
S3150801BDE0C06EFBE77047034608B900207047EFF3BA
S3150801BDF01182302181F311884068411C04D182F3F4
S3150801BE001188BFF36F8FF0E70168596082F31188D3
S3150801BE10BFF36F8F70472DE9F3410646406F0F4612
S3150801BE20FFF7E1FF044608B344F8046BF06EFFF729
S3150801BE30DAFF8046C0B10122304601A9EBF75EF967
S3150801BE40054638B141463046FFF7C9FF2046EBF7AC
S3150801BE509AF905E0019BC3E90084988118773B604C
S3150801BE60284602B0BDE8F0811A25EFE71A25F7E75B
S3150801BE7038B50446EFF31185302383F31188037C23
S3150801BE8023B185F31188BFF36F8F38BD4160C26056
S3150801BE90806821464030F7F729FCA26892F84430B9
S3150801BEA0013382F8443001232374EAE7053803286D
S3150801BEB08CBF002001207047F8B5037F0746022B87
S3150801BEC00D46164611D0F4F75FF8044610B92E440C
S3150801BED0AE4201D12046F8BD384615F8011BF4F7E4
S3150801BEE029F80028F4D00446F4E70D24F2E72DE9F1
S3150801BEF0F0470446F3F7F6FE20BB2046F3F71EFF8C
S3150801BF0094F834700B2604EB8709D9F83880D9F8E8
S3150801BF1020A04546554508D03A4629462046F3F716
S3150801BF20D6FE030410D5A8450ED0C9F838502046C8
S3150801BF30F3F7D4FF002384F835304FF6FF736569AC
S3150801BF40E386ADB9BDE8F087C0F30D002946821C2A
S3150801BF503B462046F3F74DFE013E16F0FF06054621
S3150801BF60D8D140F24531064B064A074801F046FF4B
S3150801BF7023463A464146AC46A069BDE8F0476047C4
S3150801BF80258B0208299902088F8902082DE9F843A9
S3150801BF90044690F8346000EB8607D7F82080656C74
S3150801BFA04545256421D0324629462046F3F78FFEBA
S3150801BFB0030402D5BB6B9D4217D1C0F30D00821C49
S3150801BFC0334629462046F3F714FE33468146606414
S3150801BFD0022229462046F3F70CFE8145A064DED0ED
S3150801BFE0012384F83530BDE8F8830323F9E770B5F2
S3150801BFF083880446C0889E188642154606D8206856
S3150801C00018440AF09BFBA3881D44A58070BD07B59B
S3150801C0100222ADF806100DF10601FFF7E8FF03B09D
S3150801C0205DF804FB10B50A7A0446012A02D0022AF1
S3150801C03004D010BD0988BDE81040E8E78388E28886
S3150801C04003F108009042F4D820681844F3F7D7FCA6
S3150801C050A3880833A380ECE708B5F2F719FA014675
S3150801C06020B920200BF068FB0BF0B4FB002008BDBB
S3150801C0701FB500230C4601A98DF80C30F3F7C8FC4F
S3150801C08018B9214601A8F2F757FF04B010BDF3F716
S3150801C090A1BFF3F79FBF024B014618680AF008BE15
S3150801C0A0500E0020014B186802F0A8BC500E002063
S3150801C0B0024B0122002118680AF025BC500E002007
S3150801C0C00088704708B5FFF7FBFF10F4807F0CBFA7
S3150801C0D00320022008BDF8B507680E463846FFF763
S3150801C0E0F1FF04463846FFF7EBFF0546F3F70AF872
S3150801C0F004EB4003DBB2FF2B13D0C5F381200228E2
S3150801C10005D0032807D0002300203372F8BDFB5A57
S3150801C11033800123F8E7F9183046F3F770FC022358
S3150801C120F2E70620F2E708B5FFF7CAFFC0F3C00039
S3150801C13008BD08B5C36800209847034B1868BDE8D1
S3150801C14008400CF016BB00BF1C160020F8B50546C2
S3150801C150EFF31186302383F311888C30EBF71CF843
S3150801C160044620B986F31188BFF36F8FF8BD837C27
S3150801C17000F130073BB101338374D5F88C30036382
S3150801C180C5F88C70EEE705F130000CF0D3F886F3AC
S3150801C1901188BFF36F8FA6682EB92168D5F8A40058
S3150801C1A0FFF71DFE2660EFF31181302383F3118813
S3150801C1B0A37CD5F8A4200133A374936823639760FD
S3150801C1C02B7C01332B74EB7B013BEB7381F31188D9
S3150801C1D0CAE738B50446EDF70DFDA04228D00BF0A5
S3150801C1E0A9FE012C054602D12146EEF7DDF8EFF34B
S3150801C1F0108072B64FF000710E4A0F4B51664FF41C
S3150801C2008062611E8A401A675A6E910103D4D3F877
S3150801C2108420920609D50CF0ACFA022C08D12846DE
S3150801C220BDE838400021EEF7BFB8D3F88420EBE724
S3150801C23038BD00BF006000500040005008B508B97D
S3150801C2400BF078FEBDE808400220C2E7F0B40C4DB9
S3150801C250049E2D788DB107280FDC0A4D070105EBE1
S3150801C260001494F80CC0BCF1000F06D0EB51002362
S3150801C2706660A360F0BCEEF761BBF0BC704700BF17
S3150801C280DC160020681400202DE9F04F054689B018
S3150801C290104616460491F7F744FB002870DD284638
S3150801C2A0F188F7F755FD0446002845D13368B5F8F6
S3150801C2B006900093D5F80080344D494600982B68BE
S3150801C2C02B68F7F753FB03460733272B8CBF4FF031
S3150801C2D01E0A4FF0FA0ADA0823F0070301900292C0
S3150801C2E0059349464046029AFDF768F8044618BB85
S3150801C2F0059B019A494640469A1AF7F748FBBAF14F
S3150801C300010A40D00499D8F80000F7F717FB01266F
S3150801C310C743D5F800B0B14512D84BEA07030393D2
S3150801C3202F682B684B462E6803F1FF3B83B9039AA6
S3150801C3302B6817409F42D4D0204609B0BDE8F08F3C
S3150801C34058F82600F7F77AFA01364BEA000BE2E7C6
S3150801C350009B53F82B2058F82B30104619460793A3
S3150801C3600692F7F7EBFA079B069A06431146184613
S3150801C370F7F7E4FA20EA06031F4306435B46D3E7C9
S3150801C3806FF00304D8E76FF00D04D5E7B834002041
S3150801C390F7B5012300220546CDE900230E46021D05
S3150801C3A002216846FFF770FF044648BB06F11002F2
S3150801C3B06B4611462846F8F72AFB044600BB06F1E8
S3150801C3C008076B463A4639462846F8F720FB0446DD
S3150801C3D0B0B96B466A4669462846F8F718FB04461B
S3150801C3E070B96B46324631462846F8F710FB0446C3
S3150801C3F030B96B463A4639462846F8F708FB0446EB
S3150801C4006846F7F7CAFB034814F10E0F18BF204612
S3150801C41003B0F0BD00B3FFFF0022012373B5064642
S3150801C420CDE900230D46021D02216846FFF72CFFC0
S3150801C430044678B96B462A4629463046F8F7E7FA9C
S3150801C440044638B905F110026B4611463046F8F72D
S3150801C450DEFA04466846F7F7A0FB034814F10E0F07
S3150801C46018BF204602B070BD00B3FFFF2DE9804812
S3150801C470C3B0EFF769FADFF834B29BF8C43043B1B9
S3150801C480DBF80030002B6ED183488BF8C430EEF709
S3150801C490BDFEDBF8483009930693069B002B68D14D
S3150801C4A0EFF31182302383F31188DBF848300999B9
S3150801C4B05B1ACBF8483082F31188BFF36F8F9BF86C
S3150801C4C094302BB17448EEF705FE069B8BF8943031
S3150801C4D09BF8BC3093B103236F481CAA22A9FDF728
S3150801C4E05FF858B9BDF8703022982BB10278DBF89D
S3150801C4F0C0301344CBF8C030EAF7F1FF674C237814
S3150801C5002BB1EEF76DFE2378002B40F08D85644B39
S3150801C5101B78002B00F08885012362480DF136024D
S3150801C5200EA9FDF73DF80446002840F0D587DDF849
S3150801C5303880B8F802305A1E042A00F2728506229B
S3150801C540594DB8F8001002FB0352128B914240F084
S3150801C5506885023B032B00F29E83DFE813F0B703DD
S3150801C560D7038007A70793F85020022A91D11B68A1
S3150801C57088E7DBF84C0016A9036998470790002855
S3150801C58040F02282169C9BF8503025686BB905212C
S3150801C5902846B5F80520EAF70FFD10B12B78142BBC
S3150801C5A003D02046EAF755FE0EE26B782E790593FD
S3150801C5B0A3897F2E6F884FEA961598BF0025DBB9A8
S3150801C5C03B1E18BF01230A93DBF8543058460A3339
S3150801C5D09F4228BFA3810599EAF740FC044668B93A
S3150801C5E0022D07D005230146009303465846059AAE
S3150801C5F0EAF71BFF1698D5E70023E4E790F85030D1
S3150801C600042B08D13DB9052380F85030C36F13B107
S3150801C6102946EAF717FC94F850301846FFF746FC06
S3150801C62018B1082B1ED1022D07D00523009300232C
S3150801C6302146059AD4F8A400DAE7169B5C611B7FAC
S3150801C640ABB906F00703EFF311820892302282F3A1
S3150801C6501188D4F88C205ABB089B83F31188BFF341
S3150801C6606F8F04E0169B15F0FD0F5C61E7D00A9BFE
S3150801C6701698002B96D1002F00F0F7804368002BFF
S3150801C68090D0027F002A40F0F280022F00F2168134
S3150801C6900622E37A0092CBE7583D0020A015002038
S3150801C6A09C3D00209415002058990208D43C00208E
S3150801C6B052F8302C1179E27BC1F30211481C0A4465
S3150801C6C000F0070002F0070290427ED88342C3D3E6
S3150801C6D09342C1D84FF000088B4298BF08335B1AC2
S3150801C6E0DBB284F810800B930BF0B6FCD4E9063262
S3150801C6F0C01A61EB0201B94A1379002B6AD0C4E961
S3150801C7000801400840EAC1704908C4E90A0182F8EB
S3150801C71004800520D4E90A980BF0BCFC814578F120
S3150801C72000083EBF0023A062E362D4E90A324FEA59
S3150801C73082084FEA830948EA937841F28830D4E9B6
S3150801C740082319EB020948EB03080BF0A3FC4FF089
S3150801C750000A48457AEB080307D305200BF09AFC33
S3150801C76048457AEB080A38BF4846606104F130004B
S3150801C7700BF0E0FD4FF0010904F18C089DF81C301F
S3150801C7800B9A93425DD3089B83F31188BFF36F8F8E
S3150801C7904FF0300904F19008D4F89030002B3FF49B
S3150801C7A066AF637B002B3FF462AFEFF3118A89F31F
S3150801C7B011884046EAF7F0FC01468AF31188BFF36F
S3150801C7C06F8F2046FEF78AFDE6E7934282D98342B8
S3150801C7D080D241E7D4E90839834279EB0102D4E9E9
S3150801C7E00A284FEA920242EA8872B4BFA0EB030C08
S3150801C7F0A3EB000C4FEA980812EB020E48EB080A65
S3150801C8004FEA9C0C1EEB020E48EB0A0A1EEB0C02C1
S3150801C8104FF0070C4FEAD3034AF1000A43EA49737A
S3150801C820C4E90A2AA3FB0C234FEAD9090CFB0933ED
S3150801C830C00840EA4170121843EBD103C4E9082342
S3150801C84067E74046EAF7A8FC817C59B9EAF7B5FCDF
S3150801C850637B01336373E37B013BE373079B01331B
S3150801C86007938BE780F82490F2E7027F7AB1E37A9F
S3150801C8700092D4F8A4002146059AEAF7D6FD0023CA
S3150801C88016980377EAF7E5FC002F7FF4FEAE4FF022
S3150801C8900008169F002D40F0F980ADF860801C95C0
S3150801C8A02295627AD4F8A400D207E37A1DD5062127
S3150801C8B0227A00912146EAF7B8FD26E0169B023F47
S3150801C8C058681FFA87F810FA87F77A7810F8083047
S3150801C8D0414643EA0222EAF76FFB0028D9D1002D27
S3150801C8E07FF488AE0122E37AD4E6C6F302119942AF
S3150801C8F00DD05A1E914205D00BB9072902D0022143
S3150801C900227AD6E72046FCF793FE38464AE63607EA
S3150801C9100ED43946204618AAEAF772FE00286ED0C8
S3150801C9200421E37A227A0091D4F8A4002146C2E7C9
S3150801C930227A1AB1062300930B46BBE739462046ED
S3150801C94018AAEAF75DFE0028EAD1BDF86020032A95
S3150801C95053D9D7F80480B8F8023004339A424CD137
S3150801C960D4F8A4A01CA95046EAF75DFC0AF184098B
S3150801C970064688B91C990D4645F80C9B98F801306E
S3150801C9804B7398F80030022B21D0032B28D083BB98
S3150801C9900B73CB8104232293786830B1D4F8A48031
S3150801C9A0EAF7F1FB4046EAF74FFC002338467B607D
S3150801C9B0EAF74FFCE37A2046013303F00703E372F3
S3150801C9C0FCF736FE002E4DD0069B013B64E52A4650
S3150801C9D04146484622ABEBF753FBDDE7FC3D002019
S3150801C9E0043100912A464146484622ABEEF76AFED3
S3150801C9F0D2E7DAF87C00FFF7F1F92126CCE73946C8
S3150801CA00BDF86030D4F8A40004F18402EAF744FDC5
S3150801CA10C8B10321E37A227A0091D4F8A400214609
S3150801CA20EAF703FD3846EAF714FCB14B1B78052BE8
S3150801CA30CAD1D4F89830AF4A013BC4F89830136983
S3150801CA40013B1361C0E7E36D43B9E37A204601333D
S3150801CA5003F00703E372FCF7EBFDB5E7216E207AD5
S3150801CA609847F2E71C9F112329462046BDF88820DE
S3150801CA700097EAF742FC0028A6D0A66D002EA3D09F
S3150801CA8033233A462946207AB0479DE7022D38D105
S3150801CA90C6F30116012E7FF438AF7B681B78013B7C
S3150801CAA0042B16D801A252F823F000BFC1CA010807
S3150801CAB00BC901080BC90108F9CA0108EFCA01081F
S3150801CAC0D4F88C30002B3FF420AF2046FFF73EFB0D
S3150801CAD01BE73846EAF7BDFB0C2504F130000BF0DD
S3150801CAE029FC204684F85050EEF70AFC6CE73846D4
S3150801CAF0EAF7AFFB0A25F0E73846EAF7AAFB0B2562
S3150801CB00EBE7002318931C93637A9A077FF5FDAE2A
S3150801CB1016F037061BD15B073FF5F7AEBB8993B114
S3150801CB2043463946D4F8A40004F18802EAF7B4FC6E
S3150801CB3000287FF4EAAEE36E002B3FF445AF216F80
S3150801CB40207A984740E73846EAF783FBF3E7042E4D
S3150801CB5040F08F80237A002B7FF4D7AEB8F1030F0C
S3150801CB60D4F8A4A07E687FF6D0AE738804339845BE
S3150801CB707FF4CBAE50461CA90AF18409EAF753FBA8
S3150801CB8000287FF4C2AE1C9DA84648F80C9B737812
S3150801CB906B733378022B36D0032B48D0012B62D125
S3150801CBA02B730423EB8108231893534B1B683BB162
S3150801CBB0012B24D122A8F4F753FF9DF88830F3B14D
S3150801CBC000232B614D4B6B60189E05234146204679
S3150801CBD00095B2B2EAF791FB81463846EAF739FB86
S3150801CBE0002E3FF4F1AEB9F1000F3FF4EDAE666EDB
S3150801CBF0002E3FF4E9AE33232A46414643E7012393
S3150801CC002B610023DFE77368202B09D05A1E032AFC
S3150801CC1006D923F01002402A02D0B3F5007F18D1B5
S3150801CC2042463146484618ABEBF72AFACCE7736811
S3150801CC30A3F20222012A03D9212B01D0602B08D1A4
S3150801CC402B1D009342463146484618ABEEF73AFD8E
S3150801CC50BAE70D234FF0000CC5E904C30823EB819D
S3150801CC600C231893B0E72946DAF87C00FFF7B6F8E3
S3150801CC704BE6312E7FF449AE3846EAF7EAFA227ACC
S3150801CC80002A7FF4A1AE628109231146204600924B
S3150801CC90EAF733FB98E60421194B98F8042083F840
S3150801CCA04010002183F84110012183F842106FF0EA
S3150801CCB07F0183F843101349097829B9012A18BF56
S3150801CCC024245C641048AAE11224FAE704230C48D8
S3150801CCD080F84030002380F84130022380F8423042
S3150801CCE06FF07F0380F8433024234364403096E194
S3150801CCF0F81500200016002018160020EFBEADDE3C
S3150801CD00893A002038180020C93A0020A04A08F1BB
S3150801CD10040308F1240153F8040B8B4242F8040B6F
S3150801CD20F9D1012300252020CDE91453CDE9165365
S3150801CD30CDE9185301F060FC8146002800F08D8387
S3150801CD40202001F059FC0646002800F084831CA81F
S3150801CD50EAF7EBFB4FF4804322A82293EAF7EDFBAF
S3150801CD60229B10AA1E938B4B0FA91F938A4B1CA8B3
S3150801CD701C930F95FDF716FB074600282DD10F9D2D
S3150801CD806B6AB3B1AA462B6A05935AF8243F0693F0
S3150801CD906B681B0A27D0012B00F0E9806FF0860724
S3150801CDA0286A10B1696AF6F7EDFE0023C5E908336A
S3150801CDB013E01D9B1B0A09D12023119328461199BB
S3150801CDC0F8F788FC07460028DCD006E011A91CA85C
S3150801CDD0F8F716FD07460028F0D00F9808B1F8F7BE
S3150801CDE08CFC3846F0E02B8858040BD42B8803F4C6
S3150801CDF0E042B2F5805F26D1DDE90501F8F79DFC31
S3150801CE00074611E003F4E043B3F5805FEED0B3F5CE
S3150801CE10005FEBD0DDE9051253462846FAF7FCFA1E
S3150801CE2010F1860F0746E1D0002FB9D12B79002BD7
S3150801CE3040F0A4806B6905932B7E012B00F0B2802C
S3150801CE406FF09607C9E7B2F5005FD5D023F0FF0268
S3150801CE50B2F5E24F05D1DBB2122B6A8804D0412B19
S3150801CE6069D06FF085079BE7B2F5807FF9D1032773
S3150801CE7022A8F6F7F7FD002101233CA8CDE93A13CC
S3150801CE80F6F7E7FD394622A8F8F702FA024600281E
S3150801CE9042D122A8F6F7D4FD0228079057D1329F2E
S3150801CEA03AA8FB08013313F0030118BF012101EB6E
S3150801CEB093010893F6F74CFF024668BB089BBDF839
S3150801CEC0EE101A463A98FCF779FA024620BB089BF7
S3150801CED03AA8C7EBC3010139F6F797FD0246D8B957
S3150801CEE0012239463AA8F7F71EF80246A0B90146C3
S3150801CEF03AA8F7F718F8024670B901213AA8F7F7E0
S3150801CF0012F8024640B9FE2F19D0DDE9052351462C
S3150801CF1022A8F6F701FE024622A80592F8F778F943
S3150801CF203AA8F6F73AFE3CA8F6F752FE059A1046D5
S3150801CF30F8F798FA64E7FF2A93D1092798E707993A
S3150801CF403AA8F6F7F0FF0246002ADED0E4E7079B87
S3150801CF50012B0AD12FAA19463AA8FFF795F910F11C
S3150801CF600E0F0246F0D10D4AD6E70D4AD4E75346CD
S3150801CF70DDE905122846FAF74FFA41E72846D5E9C9
S3150801CF800812F9F7EDFA074600283FF453AF24E7EC
S3150801CF90A93A0020000002094171FF0000B3FFFF12
S3150801CFA080B0FFFF02232B760023A14A0598136060
S3150801CFB011A91A46F9F729FA0546002800F0EB8067
S3150801CFC00598F9F77BFA2846EAF7DCFA04462021A0
S3150801CFD04846F6F7CDFD30462021F6F7C9FD30461D
S3150801CFE001F012FB484601F00FFB914B91491A6873
S3150801CFF001F1480009F0A2FB0621B8F802308E4A71
S3150801D00001FB03226FEA43436FEA53438949528B73
S3150801D010A1F84230A1F840204C6401F14000EAF73A
S3150801D02099FA4046EAF75BFADBF8083013B9DBF8F8
S3150801D0300C3023B15846EAF7B7FB0028F4D0DBF8E1
S3150801D0400430002B40F068829BF84480302547461F
S3150801D05000247A4EEFF3118985F311883046F6F7E5
S3150801D0604CFB89F31188BFF36F8F002840F08B8240
S3150801D070EFF31182302383F311889BF844309845E6
S3150801D08040F28B8200238BF8443082F31188BFF378
S3150801D0906F8F00256A4E33685C685D603CB1A06895
S3150801D0A0844240F07E8220466368A5609847654DB4
S3150801D0B033682A780993022AD3B200F09C82032B9B
S3150801D0C000F075820BB901232B705F4B1C68002C8D
S3150801D0D000F0BF842046F1F765FF04F58D50012362
S3150801D0E014AA16A90830FCF75BFA002840F0A284B6
S3150801D0F004F5805393F8A62112B9012283F8A621D3
S3150801D100169B012205930023BDF8506084F86F2908
S3150801D110059A04F1900A9A4208BF1E46C4F890205F
S3150801D12004225046A4F89460A4F89630A4F89860AE
S3150801D13084F89A30A4F89C6084F8E02084F8A83032
S3150801D14010A98DF84030F3F7C0F8D0B99DF94030F1
S3150801D1509DF84050002B14DAD4F884390133C4F809
S3150801D1608439C5F3011384F8713904EB83035F68C5
S3150801D1702760002F40F06082062229462046F4F7F0
S3150801D1800DF90023059884F86F39EAF7A8F90028FC
S3150801D19000F05084FEE7119D2B885A0406D42846D0
S3150801D1A0F9F71EF96FF086073D4609E76A68D5E97A
S3150801D1B0081A120A07D0012AF1D152462846FBF766
S3150801D1C065FD07462EE003F4E043B3F5804F1FD112
S3150801D1D0288800F4E043B3F5804F20F4405244F226
S3150801D1E0010340F08C809A4208D000F44F40B0F514
S3150801D1F0824F03D0B0F5844F40F08380BAF1200FF7
S3150801D200119D23D92846F9F7EBF86FF08907CBE783
S3150801D210524628460691FBF739FD10F1860F074657
S3150801D2200699D5D01198F9F7DBF805460FB3BBE790
S3150801D230FC3D0020893A002058990208143D002037
S3150801D240F819002080100020480E00205246AC48EC
S3150801D25009F074FAAA4B0021CAF1200203EB0A006D
S3150801D26009F04DF8A74B2846C3F800A0F9F7B8F816
S3150801D2700546002D7FF4A4AE2022A14916A8F6F78B
S3150801D28081FD20229E4916A8F6F717FB20229E4902
S3150801D29014A8F6F7A9FD20229B4914A8F6F7DAFA8D
S3150801D2A04FF48042994B059822A92295F9F7ADF8D2
S3150801D2B00546E0B9DDF888A0BAF8003023F0FF0387
S3150801D2C0B3F5E24F02D0B3F5E44F06D1BAF802300E
S3150801D2D00733B3F5847F80F08580DAE90812DAF836
S3150801D2E004301B0A37D0012B71D06FF08505202138
S3150801D2F03046F8F722FA2298F9F772F860E69A4268
S3150801D30005D11198F9F76CF86FF085074CE700F429
S3150801D3104F43B3F5824FF4D1002322936D8822AB94
S3150801D3200A46009329465346FDF782F8074618B17F
S3150801D3301198F9F755F837E7229D2022714B704964
S3150801D3402846F8F722FB07462846F7F791FF2846AD
S3150801D350EDF7D2FB66E7202310AFCDE90163009311
S3150801D3605046694B0397CDE90612FBF763FDDDE9E4
S3150801D370061210F1860F054605D133465046009729
S3150801D380FDF7F0F90546002DB1D12298F9F728F8ED
S3150801D390054600287FF414AE2022314618A8F6F770
S3150801D3A023FD2022314618A8F6F754FA4A462021C9
S3150801D3B030460FABFBF7B0FF0746059827B9DDF8EE
S3150801D3C03CA0BAF1200F10D0F9F778F809E510ABAF
S3150801D3D0039320235046CDE9016300934A4BFBF79B
S3150801D3E029FDCFE76FF0890581E7F9F767F8074661
S3150801D3F020B151464846F6F7BBFBF2E4444F3B7869
S3150801D4000BB10124E3E522A8EAF78FF82595012552
S3150801D41011A81195EAF791F8119B494624934FF4FF
S3150801D420844327933B4B1022CDE9223522A811AB21
S3150801D430FAF7B0FC824610214846F6F799FBBAF18D
S3150801D440000F01D13D70C2E55046EAF79BF8041E6C
S3150801D45018BF0124BBE51924C4E51924C5E52C4BDD
S3150801D460274C1B789BB108F10400FEF7AAF9606402
S3150801D4700622B8F8023002FB03556FEA43436FEA06
S3150801D48053436A8BA4F84230A4F840201AE41122C7
S3150801D490402104F1480084F8442084F8453084F892
S3150801D4A0463084F84730F6F763FBE1E74FF0AA33D5
S3150801D4B04FF0AA32CDE912230423114880F84030EF
S3150801D4C0002380F84130052380F842306FF07F034E
S3150801D4D080F84330082308E41B280DD1084C94F83A
S3150801D4E08830002B3FF4A0AD04F18900EAF732F841
S3150801D4F0002384F8883097E5EDF772FE94E500BFBE
S3150801D500893A0020FC3D0020A93A002000000209C2
S3150801D5103818002001108000EFF31186302585F3B5
S3150801D52011889D48F6F7E9F8044686F31188BFF392
S3150801D5306F8F0027DFF8608294F84C30261F022B84
S3150801D54012D13046E9F7D2FC70B1D4F8A09004F1B3
S3150801D5502C000AF0EFFE4846314684F84C70F6F77F
S3150801D560D4F83046EDF7C8FAEFF3118685F311883A
S3150801D5704046F6F7C2F8044686F31188BFF36F8F63
S3150801D5800028D9D160E543680474C06898477B1EB2
S3150801D59013F0FF077FF45EAD6AE5A3EB0803DBB280
S3150801D5A071E58368A36043688560984777E5F4F772
S3150801D5B0D4FA7A4BD3E9002390429941FFF485AD19
S3150801D5C0774C206800B9FEE71E22764B0026C31A5F
S3150801D5D0DB10B3FBF2F330227349DBB202FB031112
S3150801D5E00B7F0E766FF382030B77F4F7D7FA0123D5
S3150801D5F026602B7069E5F4F7B0FA684BD3E9002386
S3150801D60090429941FFF461AD654E306800B9FEE775
S3150801D6101E23644C3027041BE410B4FBF3F462495F
S3150801D620E4B20B23002207FB0411F4F76BFC012378
S3150801D6302B700023336048E5504618A9F3F7ABF879
S3150801D640002840F05781DDF86090B9F1010F08D044
S3150801D65040F2D381A9F10203032B40F2248105226A
S3150801D66086E102238DF84430B4F89630B34205D0EA
S3150801D670504611A9F2F729FE00B1FEE79DF844309C
S3150801D6800DF18808022B40F097804FF0000A1E26FC
S3150801D6904046F1F71DFC454BDFF8089183F800A0D9
S3150801D6A0FB694348A3EB0903DB10B3FBF6F3DBB2D3
S3150801D6B04022514600EB831008F021FEFB693D48E4
S3150801D6C0A3EB0903DB10B3FBF6F3DBB240225146A9
S3150801D6D000EB831008F013FE01200AF045F840B16B
S3150801D6E0FEF7BAFC00B1FEE701200AF03DF800B9E1
S3150801D6F0FEE7B946002659F81C0F4FF6FF71F0F7F9
S3150801D700BDFF48461CA9CDE91C66F2F72DFA4FF66E
S3150801D710FE71F869F0F7F2FF4046F1F7D9FBCDF84B
S3150801D7200080424643463146F869FDF70FFE314609
S3150801D730F869F1F79FFA3046FDF7F9FD4FF6FF78DC
S3150801D7400B2307F1540087F84430C7E91366BE6412
S3150801D750A7F84680F2F7DEF994F87139234483F87D
S3150801D7606A6983F8726983F8768983F87A69206E1B
S3150801D770C4F88069C4F88469C4F88869C4F88C69EE
S3150801D780F2F718FA702280212046F3F707FE0028DF
S3150801D79000F0B780FEE700BFD83C002088100020C3
S3150801D7A0C8110020180B002090100020011100203C
S3150801D7B0440D0020C40D0020032B72D1002301243F
S3150801D7C04046CDE923338DF88840F4F749F9249B7F
S3150801D7D0980263D521468A4C3D20ECF717FA63680F
S3150801D7E00BB1ECF7FDF90122864B5A60636899077C
S3150801D7F0FCD402230125A3606362834B5D60ECF7C9
S3150801D800EFF97F4BE5609A6AD206FCD402221A63C5
S3150801D8109F6A17F01007FBD103237A4A5361A2F5D1
S3150801D820805293614FF08042784B1A60784CE56ECE
S3150801D830E36E25F0030543F003084AF6E85345F07D
S3150801D8400205236672B6734EECF7DAFD336F0120D3
S3150801D85023F0070343F001033367EDF701F8384670
S3150801D860FEF73EFA736E5B0142BF6B4B6B4AC3F818
S3150801D87020246B4BE566C4F86C80E566C4F86C80B9
S3150801D880E566C4F86C80E566C4F86C80E5669B6A53
S3150801D890BFF34F8FBFF36F8F30BFFEE7614B624A0D
S3150801D8A01A60EAF745FD1C901CA95046F2F773FF6A
S3150801D8B018B1F3F769FB02465AE0B9F1030FDDF82F
S3150801D8C070803DD0A9F10403012B0CD8B9F1050FDD
S3150801D8D03CD143460322554922A8F3F701FFDDE966
S3150801D8E0229708233BE04346002229462046F3F7C0
S3150801D8F0E5FC30B1F3F748FB294602462046F3F723
S3150801D9004AFD94F8ED2894F8EE389A4202D020465A
S3150801D910F3F7B4FF94F8713905F00F05234493F82A
S3150801D920E92832B195421EBFD4F888290132C4F8D4
S3150801D93088290F2D0CBF0125013583F8E95820E404
S3150801D940424629462046F4F705FBD2E74346032219
S3150801D95037491AA8F3F7C4FEDDE91A97072307938F
S3150801D96007F001030693B9F1000F06D12BB90D2271
S3150801D97029462046F3F70FFDBBE74FF00002B4F83E
S3150801D980963084F89B20F21AA4F89C300A9393B235
S3150801D9901A465046A4F89E6022A90893F2F7BAFFE0
S3150801D9A00A9B069A9E4288BFA4F896304FF0000358
S3150801D9B004EB670084F86F397B1012B1E35853F80A
S3150801D9C00990C847012384F86F3900287FF471AF9D
S3150801D9D004F16006434629463046079A229FF3F723
S3150801D9E073F950B93946089A206EFEF765FA20B9D7
S3150801D9F03046F3F7A8F9002883D00022B8E700BF1C
S3150801DA0000C0005000E0005000D0005000E100E0E6
S3150801DA10004000500080005000E003500000FF0F56
S3150801DA20008009500000002002020FF0B899020890
S3150801DA309499020804F5805393F8A6314BB104F181
S3150801DA401400F2F74FF920B904F58D501430F1F7A7
S3150801DA509BFA002108460AF07FFE4FF00008974E10
S3150801DA60974FEFF3108072B675880AF082FE002D83
S3150801DA703BD14FF4F85009F077FE58B34FF4807054
S3150801DA8009F072FE8F4E0446002800F08180336843
S3150801DA9029461B684FF480701B788B4C13F0200FB6
S3150801DAA008BF002409F048FE2B4600223168C1E967
S3150801DAB00422EFF31181302080F31188834880F81E
S3150801DAC0D12081F31188BFF36F8F31682246886AA6
S3150801DAD0F4F718FA099A7E4BD31A1E22DB10B3FB08
S3150801DAE0F2F3DBB2012B75D9FEE787F80080EFF375
S3150801DAF0108072B6718811B90AF03BFEFEE73388C9
S3150801DB0006EB8302D468B2880133B3FBF2F502FB54
S3150801DB10153333804B1E73800AF02BFE002CEDD093
S3150801DB206C4D237BEA7DC3F3800363F34102EA75F7
S3150801DB30237B002003F0FB032373EA7DDB0963F3F0
S3150801DB400002EA75237B03F07F0323736378AB71C5
S3150801DB50234613F80C2BAA802B6094F903305E4AEE
S3150801DB606B751370A3785D4AAB7513706368AB6206
S3150801DB70A1680AF06FF9A86A18B95548F1F712FDB4
S3150801DB805748F1F70FFD21465648FEF786F868E72C
S3150801DB904FF4007009F0E8FD054630B121464FF40F
S3150801DBA0007009F0C9FD0F237FE74FF4806009F083
S3150801DBB0DBFD044638B129464FF4806009F0BCFD07
S3150801DBC02C460E2371E701464FF4805009F0B4FD47
S3150801DBD00B236AE7444A52F8230020B10368022B53
S3150801DBE001D1F0F7CFFDEFF3108072B63F4D6C8887
S3150801DBF00AF0BFFD3CB3F0F74EFC20BBEFF31080F3
S3150801DC0072B66A8812B90AF0B4FDFEE72B88013AA2
S3150801DC1005EB8301CC68A9880133B3FBF1F601FB57
S3150801DC2016336A802B800AF0A4FD002CEDD02379E7
S3150801DC3013B1012B24D0FEE7A1682068F3F7AEFFE4
S3150801DC402046ECF759FF2A49A1F14800F0F7F4FB01
S3150801DC50E0B12749A1F14800F0F7EEFB0446F0B917
S3150801DC602449A1F14800F0F7E7FB044600283EF4F1
S3150801DC7004AC20462049F0F7F5FB20461D49F2E79A
S3150801DC806289217A2068F0F700FFD9E71949A1F1DD
S3150801DC904800F0F7D1FB0028DBD1FEF7EEBB174BA6
S3150801DCA0174A1978174B204600290CBF1146194601
S3150801DCB0F0F7D8FB20460E49CEE700BFE412002054
S3150801DCC0F0100020A80E0020180F0020893A002025
S3150801DCD0180B0020E80E0020031100200211002075
S3150801DCE0080C002030130020AC0E0020540E002032
S3150801DCF0140B0020400D00203DD70008440E0020DB
S3150801DD0021D7000869D7000800F00CB800F00AB856
S3150801DD1000F008B800F006B800F004B800F002B840
S3150801DD2000F000B872B61EF0080F09D01EF0040FF5
S3150801DD300DD0DFF850E0AEE8FF1F6FF002000CE0EF
S3150801DD40DFF840E0AEE8FF1F6FF00E0005E0DFF8F0
S3150801DD5034E0AEE8FF1F6FF006006946EFF309826B
S3150801DD608EE8070086460848084C854501D3A5452F
S3150801DD7001D384F30888F0F7A5FF84F30888F0F740
S3150801DD8093FF0000A03B002048000020C80A00209D
S3150801DD9008B5064B044613B10021AFF30080044BC6
S3150801DDA01B6803B198472046F5F7BEFC0000000042
S3150801DDB0FC36002070B50D4D00260D4C641BA410D1
S3150801DDC0A64209D10B4D00260B4C0AF089FD641BAE
S3150801DDD0A410A64205D170BD55F8043B01369847F3
S3150801DDE0EEE755F8043B01369847F2E7E83E00208E
S3150801DDF0EC3E0020EC3E0020F03E00201FB5144604
S3150801DE001A46094B05461B68D86854B9074B1C4680
S3150801DE1000910749CDE901342B4600F0B1F808F025
S3150801DE200BFC044BF4E700BF2C3E0020B68A02081F
S3150801DE3001D90208F4D80208002310B50446836004
S3150801DE40818119464366C28108228361C0E900338C
S3150801DE50C0E904335C3008F052FA0D4B2462636260
S3150801DE600C4BA3620C4BE3620C4B23630C4B9C4299
S3150801DE7006D003F16802944202D0D0339C4205D100
S3150801DE8004F15800BDE8104008F041BA10BD00BFC2
S3150801DE903D6202085F62020897620208BB620208D5
S3150801DEA0C4350020024A0349034808F00ABA00BFEC
S3150801DEB07C3E0020CD650208303E002041680C4BAF
S3150801DEC0994210B5044601D008F080FBA168094BB8
S3150801DED0994202D0204608F079FBE168064B99423F
S3150801DEE004D02046BDE8104008F070BB10BD00BF45
S3150801DEF0C43500202C3600209436002010B50B4B73
S3150801DF0004210B4C0B4A20461A600022FFF794FFA6
S3150801DF1004F1680001220921FFF78EFF04F1D00000
S3150801DF2002221221BDE81040FFF786BFFC36002009
S3150801DF30C4350020A5DE0108014808F0E9B900BF8B
S3150801DF405B3B0020014808F0E4B900BF5B3B0020B9
S3150801DF5010B50446FFF7F0FF236A1BB1BDE8104070
S3150801DF60FFF7F0BF044B2362044B1B68002BF5D166
S3150801DF70FFF7C4FFF2E700BFBDDE0108FC3600204B
S3150801DF800EB403B503AB0146054853F8042B0068E4
S3150801DF90019300F019F802B05DF804EB03B070477D
S3150801DFA02C3E002038B50446064D08461146002287
S3150801DFB02A601A46F5F7C6FB431C02D12B6803B142
S3150801DFC0236038BD003700202DE9F04F0D469DB07E
S3150801DFD014469846064618B1036A0BB9FFF7B8FF07
S3150801DFE06B6ED90705D4AB899A0502D4A86D08F0DA
S3150801DFF08FF9AB891B0701D52B699BB92946304691
S3150801E00000F0FAF870B16B6EDC0704D54FF0FF30FB
S3150801E0101DB0BDE8F08FAB899805F7D4A86D08F057
S3150801E02078F9F3E70023CDF80C804FF00109DFF802
S3150801E030B481099320238DF8293030238DF82A30AD
S3150801E04023469A4613F8012B0AB1252AF9D1BAEBC8
S3150801E050040B0BD05B4622462946304608F071F977
S3150801E060013000F0A780099A5A4409929AF80030BB
S3150801E070002B00F09F8000234FF0FF320AF1010ABE
S3150801E080049307938DF853301A93CDE90523544623
S3150801E0900522544814F8011B08F0C0FA049AD8B9A5
S3150801E0A0D10644BF20238DF85330130744BF2B23D1
S3150801E0B08DF853309AF800302A2B15D0079A544612
S3150801E0C000204FF00A0C214611F8013B303B092B81
S3150801E0D04BD9B0B1079214E0A0EB0803A24609FA9E
S3150801E0E003F313430493D2E7039B191D1B68002B03
S3150801E0F00391BBBF5B4242F0020207930793B8BF85
S3150801E100049223782E2B0AD163782A2B32D1039BCA
S3150801E11002341A1D1B6843EAE37303920593DFF879
S3150801E120D4A003222178504608F078FA38B1A0EB3A
S3150801E1300A004022049B013482401343049314F8D5
S3150801E140011B062228488DF8281008F067FA0028CE
S3150801E1503FD0264B1BBB039B073323F0070308332A
S3150801E1600393099B3B4409936AE70CFB02320C466D
S3150801E1700120A8E7002301344FF00A0C194605933C
S3150801E180204610F8012B303A092A03D9002BC6D0AC
S3150801E1900591C4E70CFB012104460123F0E703AB13
S3150801E1A02A4604A930460093114BAFF3008007466F
S3150801E1B0781CD6D16B6ED90705D4AB899A0502D4DA
S3150801E1C0A86D08F0A6F8AB895B063FF51FAF09985D
S3150801E1D01EE703AB2A4604A930460093044B00F018
S3150801E1E061F8E4E730D902083AD9020800000000CC
S3150801E1F04363020836D9020838B5294B05460C4649
S3150801E200186818B1036A0BB9FFF7A2FEB4F90C3006
S3150801E210190722D4DA0607D409222A6043F04003F3
S3150801E2204FF0FF30A38133E0580712D5616B41B136
S3150801E23004F14403994202D02846ECF778FD0023FD
S3150801E2406363A38923F02403A381002363602369FD
S3150801E2502360A38943F00803A38123694BB9A389E2
S3150801E26003F42073B3F5007F03D02146284608F04E
S3150801E27029FAB4F90C3013F001020AD00022A2607F
S3150801E28062695242A261226942B913F08000C5D17E
S3150801E29038BD990758BF6269A260F4E70020F7E71D
S3150801E2A02C3E00202DE9FF470F7E914680460C46FD
S3150801E2B0782F9A460C9E01F1430207D8622F0AD895
S3150801E2C0002F00F0DD80582F00F0C38004F14206CC
S3150801E2D084F842703AE0A7F16303152BF6D801A139
S3150801E2E051F823F03DE3010851E30108CDE20108A5
S3150801E2F0CDE20108CDE20108CDE2010851E30108AA
S3150801E300CDE20108CDE20108CDE20108CDE201081E
S3150801E31067E40108DFE301081FE40108CDE201080B
S3150801E320CDE2010889E40108CDE20108DFE301082D
S3150801E330CDE20108CDE2010827E4010833681A1D78
S3150801E3401B68326004F1420684F842300123A8E0D2
S3150801E35031682368081D30601E0601D50D6803E083
S3150801E3605D06FBD5B1F90050002D616878DA2D20DC
S3150801E3700029A16084F843002DDA6D425D480A231D
S3150801E3801646B5FBF3F103FB1157C75D06F8017D88
S3150801E3902F460D46BB42F4D9082B0BD12368DF075C
S3150801E3A008D5236961689942DEBF302306F8013C26
S3150801E3B006F1FF36921B22614B4603AA21464046C7
S3150801E3C0CDF800A008F00DF801306FD14FF0FF30FD
S3150801E3D004B0BDE8F08723F004032360CDE7216884
S3150801E3E03368080653F8045B02D4490648BFADB240
S3150801E3F06F2F33603F4814BF0A230823002184F88E
S3150801E40043106668002EA660BADB216821F0040174
S3150801E4102160002DB4D1002EB2D11646BCE723687F
S3150801E42043F02003236078273348236884F845702E
S3150801E4301F06316851F8045B02D45F0648BFADB2C6
S3150801E4403160D90744BF43F0200323601DB110236F
S3150801E450D4E72848E9E7236823F020032360F6E791
S3150801E46024480A23CDE733682568181D6169306099
S3150801E4702E061B6801D5196002E06806FBD51980CE
S3150801E48000231646236197E7336800211A1D326077
S3150801E4901E686268304608F0C1F808B1801B6060E2
S3150801E4A063682361002384F8433085E7236932468C
S3150801E4B049464046D047013088D023689B0714D483
S3150801E4C0E068039B9842B8BF184681E701233246A4
S3150801E4D049464046D04701303FF478AF0135E368F5
S3150801E4E003995B1AAB42F1DCEAE7002504F1190648
S3150801E4F0F5E700BF41D9020852D9020838B5002309
S3150801E500054D044608462B60F5F70BF9431C02D165
S3150801E5102B6803B1236038BD0037002038B504469F
S3150801E520064D0846114600222A601A46F5F706F9ED
S3150801E530431C02D12B6803B1236038BD0037002084
S3150801E54038B50446064D0846114600222A601A4681
S3150801E550F5F7F6F8431C02D12B6803B1236038BDE1
S3150801E56000370020024B0146186808F0F4B800BFCE
S3150801E5702C3E002038B50023064D044608461146B0
S3150801E5802B60F5F7D2F8431C02D12B6803B123603F
S3150801E59038BD00BF0037002038B50023054D0446B5
S3150801E5A008462B60F5F7C5F8431C02D12B6803B161
S3150801E5B0236038BD0037002038B50023064D0446D0
S3150801E5C0084611462B60F5F7B6F8431C02D12B68AD
S3150801E5D003B1236038BD00BF0037002007B500939B
S3150801E5E013460A4601460348006808F0F0F803B0E6
S3150801E5F05DF804FB2C3E0020024B01461868ECF737
S3150801E6008BBB00BF2C3E0020024B01461868ECF775
S3150801E6108EBB00BF2C3E00200CB4184B30B50C1E27
S3150801E6209DB01D6808DA8B234FF0FF302B601DB0B3
S3150801E630BDE8304002B070474FF40273029006906D
S3150801E64002A9ADF8143014BF04F1FF332346209A0A
S3150801E6502846049307934FF6FF73ADF8163021AB9E
S3150801E660019300F015F8431CBCBF8B232B60002CCB
S3150801E670DDD0029B00221A70D9E700BF2C3E00208C
S3150801E680024B0A4601461868ECF753BB2C3E00209C
S3150801E6902DE9F04F98468B899DB007461B060D4616
S3150801E6A0144610D50B6973B94021ECF735FB286080
S3150801E6B0286130B90C233B604FF0FF301DB0BDE82F
S3150801E6C0F08F40236B610023CDF80C804FF00109D0
S3150801E6D0DFF8A081099320238DF8293030238DF89E
S3150801E6E02A3023469A4613F8012B0AB1252AF9D16D
S3150801E6F0BAEB040B0BD05B4622462946384608F08E
S3150801E70099F8013000F0A780099A5A4409929AF8B3
S3150801E7100030002B00F09F8000234FF0FF320AF1F2
S3150801E720010A049307938DF853301A93CDE905230B
S3150801E730544605224F4814F8011B07F06FFF049A47
S3150801E740D8B9D00644BF20238DF85330110744BFEA
S3150801E7502B238DF853309AF800302A2B15D0079AB7
S3150801E760544600204FF00A0C214611F8013B303B74
S3150801E770092B4BD9B0B1079214E0A0EB0803A246C6
S3150801E78009FA03F313430493D2E7039B191D1B6884
S3150801E790002B0391BBBF5B4242F00202079307932A
S3150801E7A0B8BF049223782E2B0AD163782A2B32D14B
S3150801E7B0039B02341A1D1B6843EAE373039205930C
S3150801E7C0DFF8C0A003222178504607F027FF38B1A9
S3150801E7D0A0EB0A004022049B0134824013430493B0
S3150801E7E014F8011B062224488DF8281007F016FF95
S3150801E7F0002836D0214B1BBB039B073323F00703A5
S3150801E80008330393099B334409936AE70CFB0232E5
S3150801E8100C460120A8E7002301344FF00A0C1946DB
S3150801E8200593204610F8012B303A092A03D9002B03
S3150801E830C6D00591C4E70CFB012104460123F0E784
S3150801E84003AB2A4604A9384600930D4BAFF3008063
S3150801E850421C0646D6D1AB895B063FF52DAF099812
S3150801E8602CE703AB2A4604A938460093044BFFF765
S3150801E87019FDEDE730D902083AD90208000000006F
S3150801E8803568020836D90208014808F084B800BF7D
S3150801E890690345EC1046044A1368591E033102D828
S3150801E8A00021116018477047883E0020034B1868FD
S3150801E8B0034B002808BF1846704700BF04370020DD
S3150801E8C08CD90208014808F052BA00BF0C3700205B
S3150801E8D013B50B4C0229226005D10A4808F047FAFC
S3150801E8E0002002B010BD0A4600930146064B0548B2
S3150801E8F008F01EFA003818BF01204000F1E700BFF2
S3150801E900883E00200C37002095E80108014808F0E8
S3150801E9103FBA00BF0C3700200021014808F05ABA57
S3150801E9200C37002008B5064B1B68013305D0FFF7E5
S3150801E930EDFF80F00100C0B208BD0020FCE700BF72
S3150801E940883E00202DE9F843DFF860900646D9F89D
S3150801E950008008461746B8F1000F03D00E2420465A
S3150801E960BDE8F88306B3336801331DD1E1B100F080
S3150801E97075F805460028F1D0C9F8000000F0DAF864
S3150801E980284608F012F8044640B14046C9F8008006
S3150801E99000F0D0F8284608F000F8E0E73560002FC7
S3150801E9A0DDD02846B847DAE72124D8E7083700201A
S3150801E9B0024B1868003818BF012070470837002035
S3150801E9C038B50C4601F006FEA3780B4A13705A1E99
S3150801E9D055425541A8420CD0012B04D02846BDE822
S3150801E9E0384001F0D9BD204601F0C6FD0028F5D012
S3150801E9F038BD0020FCE700BF5C3B0020002108B5BC
S3150801EA00024B08465B689847002008BDA43E0020D3
S3150801EA1010B5FFF74BFF0D4B0C461A1A53425341DB
S3150801EA208B4201D1002010BD094B1B683BB9094A2D
S3150801EA30064B002C08BF1346074A1360F2E708F095
S3150801EA40CFFA0028F3D00220EDE700BF64D9020807
S3150801EA50083700208CD9020804370020F8B5044687
S3150801EA6009F08CFE002607460E4B1B6893B19E687B
S3150801EA70AEB196F82420D20711D435460FCC0FC56E
S3150801EA800FCC0FC523682B6096F8243043F0010399
S3150801EA9086F82430384609F06CFE3046F8BD1B6806
S3150801EAA0E4E700BF983E0020431E033306D8044B13
S3150801EAB0984228BF1846642838BF6420704700BFAB
S3150801EAC040420F0038B5184B05461B680C4603B182
S3150801EAD0984744B1236833B11B68013303D0E3680F
S3150801EAE00BB1A36843B908F019FD00209122412111
S3150801EAF000F0C4FA212038BD204603F0AFF8002300
S3150801EB000A4A85F84831C5E93A431360536063698F
S3150801EB1043B1074A42211068B322C31A58425841E1
S3150801EB2000F0ACFA0020E6E7603900208C3E0020B0
S3150801EB309839002010B5044618B9054B054A1360E3
S3150801EB4010BD00F0A7FDD4F8F430002BF6D1F4E798
S3150801EB507D6A02089C3E0020084B10B4002A14BFA7
S3150801EB6014461C46064B1C6019B15DF8044B07F0A8
S3150801EB7092BF08465DF8044B704700BF7D6A0208DC
S3150801EB809C3E002008B502460868FFF78DFF08601D
S3150801EB904868FFF789FF48608868FFF785FF88603E
S3150801EBA0C868FFF781FF0B69C860581C03D00B487A
S3150801EBB0834228BF03460B614B69581C03D007489B
S3150801EBC0834228BF034688694B61FFF76DFFBDE89D
S3150801EBD008408861104601F05FBC00BF40420F0043
S3150801EBE0D0F8EC302DE9F04105460C4613B1038EF9
S3150801EBF08B424CD0D5F8E830002B4BD09E68002EBE
S3150801EC0048D0D868002845D0013800B200281ADB58
S3150801EC10002106E0128A591CA24217D209B288427B
S3150801EC2011DB0B1803EBD3735B1003EBC30206EB83
S3150801EC308202B2F80EC003F1FF3EA445EAD90FFAE3
S3150801EC408EF08842EDDA2120BDE8F0814FF6FF7299
S3150801EC5099B29142F7D09BB203EBC30306EB830645
S3150801EC602846B6F9122095F83C11D5F8FC80F4F738
S3150801EC70DDFD0746B8F1000F04D0002332462846C9
S3150801EC801946C0472C86C5F8EC6085F84571002001
S3150801EC90BDE8F0810E20BDE8F08100BF2DE9F047FF
S3150801ECA082B004460F46164601F09AFC00287CD12C
S3150801ECB0584D2B68D4F8E890D4F8EC8013B14B453D
S3150801ECC000F087804FF0000AAF6002F06FF9012863
S3150801ECD0074604D001210022084607F0A1FE204676
S3150801ECE008F028FB002851D12B68D9F80010D8F86C
S3150801ECF0002013B11868884278D0204608F0EBFA4C
S3150801ED00454BC5F800901A78C5F804808DF8076058
S3150801ED106ABBD4F8FC50002D6FD0114620460DF180
S3150801ED200703A847204601F01FFF0546BAF1000F61
S3150801ED3000D08EB1B5FA85F04FF4806233214009CF
S3150801ED4000F09CF93146204602F036F8334B054669
S3150801ED50414620461B689847D4F898304BBB012F8B
S3150801ED6001D06DBB0025284602B0BDE8F087D4F86E
S3150801ED70EC30B4F9481023B1B3F912309942A8BF5F
S3150801ED8019463246204601F043FECBE794F8253072
S3150801ED909A07A9D5D4F8A0305B05A5D5204B012241
S3150801EDA0002120461B6898479EE70023194D6B6092
S3150801EDB07FE700224FF40073204600F07BFCCEE784
S3150801EDC0184B00215B6803209847284602B0BDE826
S3150801EDD0F0876B68002B3FF475AF43457FF472AF3C
S3150801EDE0AB689F42BED04FF0010A6DE7696811B161
S3150801EDF00968914284D059687FE794F82A1094F8F3
S3150801EE0045313246994228BF1946204601F0CEFDC2
S3150801EE1088E700BF8C3E002028CE02089C3E0020D1
S3150801EE2064390020A43E0020F8B50F46054609F0CE
S3150801EE30A5FC394606462846FFF7D2FE044620B108
S3150801EE40304609F096FC2046F8BD02F08FF82246B6
S3150801EE5039462846FFF722FF04460028F0D12846FE
S3150801EE6008F068FA0028EBD095F8253013F002036C
S3150801EE700DD0D5F8A0305B050DD5B5F83631BB42B6
S3150801EE800BD0B5F83831DB1BB3FA83F35B09044AB7
S3150801EE9082F8D830D4E72346F9E70123F7E700BF1C
S3150801EEA0003E00B070B504460E4609F067FC3146CF
S3150801EEB005462046FFF7B8FF044620B9044B01462C
S3150801EEC05B6803209847284609F053FC204670BD25
S3150801EED0A43E002070B5044600200D4608F022FB2A
S3150801EEE0094B1B784BB9D4F8FC6036B12946204644
S3150801EEF0B446BDE870401A46604729462046BDE833
S3150801EF00704008F0D7B900BF28CE020813B5694684
S3150801EF10044607F068FE0C4B1B783BB19DF80030A0
S3150801EF200C2B03D0B4F94E0002B010BD204608F0F0
S3150801EF3098F8FF28024605D020469DF80010F4F7F8
S3150801EF4077FCF1E70148EFE728CE02080080FFFFCA
S3150801EF5030B4064DBDF908402D781DB1029430BC78
S3150801EF6008F0ABB90E2030BC704700BF663B0020E5
S3150801EF70F0B507460E46154685B00AB9D0F8985039
S3150801EF802946384607F03FFEEB0702D5384605F015
S3150801EF9071F902F0DBFAEC46254B04460FCB05F472
S3150801EFA080358CE80F00002E2ED0FF2C0DD133684A
S3150801EFB000937368019385B1009B01332ED12246D4
S3150801EFC06146384607F0CFFC0CE056F8242004AB1E
S3150801EFD003EB840343F8102CD5B92246614638461B
S3150801EFE008F037FA70B96EB1FF2C0FBF009B04AB5E
S3150801EFF003EB840353F8103C05BF3360019B46F8C5
S3150801F0002430736005B0F0BD002DE6D0FF2CD3D0B7
S3150801F01004AB03EB840353F8103C00E0019B013376
S3150801F020CDD022466146384602F02AFADAE700BF11
S3150801F030C0D9020808B50B460249194007F0D5FDA3
S3150801F040002008BD07001100024B1860024B196029
S3150801F050FEE700BF24390020A03E002038B5044D44
S3150801F060044C054B286021601A60FFF7EDFF38BD97
S3150801F07024390020A03E00202839002010B550B9B7
S3150801F0800548064B0160064802601868054B18607A
S3150801F0901868FFF7E3FF10BDA03E002008370020DF
S3150801F0A02839002024390020054B1B680BB918465E
S3150801F0B07047834201D01B69F8E70120704700BFFA
S3150801F0C030390020094A13680BB91846704783423C
S3150801F0D007D11B6901201360054A1368013B1360B8
S3150801F0E0704703F110021B69EEE700BF30390020B3
S3150801F0F02C3900202DE9F74F064609F034FBDFF8D5
S3150801F1002881012398F800B0DFF820910190BBF11E
S3150801F110000F06D089F8003003B0BDE8F04F09F0BA
S3150801F1201DBB3F4F88F8003089F800B007F086FE0E
S3150801F13008B107F081FE3D683A495DB9DFF8F0A0EC
S3150801F140DAF800200024AA423B682ED84FF0FF3196
S3150801F15034483AE06B7D8BB12B68B34202D09A1BD7
S3150801F1608A420BD96A6813442B60AB68003A18BF08
S3150801F1700122003B18BF01236A75AB752D69DCE7CF
S3150801F180907D20B1107D88429CBF014614461269C4
S3150801F190002AF5D1002CD9D094E80B00A275411AA2
S3150801F1A0E268204698470135CAE71A46FF21EFE784
S3150801F1B05A7D4AB11A68B24224D0921B824221D89A
S3150801F1C0914201D311461C461B69002BF0D15CB153
S3150801F1D02046FFF777FF38B13B683C602361DAF8D0
S3150801F1E000300133CAF800303B685A7D6AB907F026
S3150801F1F021FE064699F80030002B95D1019888F82A
S3150801F200003089E71C460021DEE7186800F0D2F8CD
S3150801F210044607F00FFE0646002C85D1EAE700BF33
S3150801F22030390020FCFFFFBF5E3B00205D3B00201C
S3150801F2302C39002038B5054608B31822002107F0F5
S3150801F2405EF809F090FA02462846FFF72DFF20B12D
S3150801F250104609F083FA022038BD0A4B1C6854B9D6
S3150801F26009491D600B68104601332C610B6009F0D2
S3150801F27075FA2046F0E704F110032469EFE7212027
S3150801F280EAE700BF303900202C39002038B504469A
S3150801F290FFF70AFF09F067FA05462046FFF704FF5C
S3150801F2A0637D23B9284609F059FA0E2038BD002393
S3150801F2B06375064B1B68A34203D107F0BBFDFFF735
S3150801F2C019FF284609F04AFA0020EFE730390020ED
S3150801F2D02DE9F84FDDF82890984604460D469246E2
S3150801F2E0FFF7E2FEDDF830B009F03DFA074607F010
S3150801F2F0A1FD06462046FFF7D7FE637D23B12046CA
S3150801F300FFF7C4FF0023A375BAF1010F21D175B91F
S3150801F310B8F1000F1FD1B9F1000F03D05A46314693
S3150801F3202046C847384609F019FA002017E035443F
S3150801F3300C4BAA1B9A420ED8012363759DF82C30F3
S3150801F340304684E820032375C4F80CB0FFF7D2FED3
S3150801F350E8E7AE42ECD1384609F000FA2120BDE8CB
S3150801F360F88F00BFFCFFFFBF2DE9F041074688462D
S3150801F370FFF79AFE09F0F7F93D68064607F05AFDC8
S3150801F3807B7D7BB185420DD0094B2C1A9C4209D84D
S3150801F390304609F0E3F9B8F1010F08BF25462846BA
S3150801F3A0BDE8F081304609F0D9F90025F7E700BF35
S3150801F3B0FCFFFFBF0023024A194600F07BBA00BFD3
S3150801F3C0FF6D02082DE9F0418AB001AB0C460546EE
S3150801F3D024221846134907F0B1F90027002C08BF63
S3150801F3E00446384604F10C0690B95FFA87F8424696
S3150801F3F02846218807F0A1FF50B942462846E188E8
S3150801F40007F0ACFF20B942463146284607F0B9FF56
S3150801F4100137032F06F1080604F10204E4D10AB004
S3150801F420BDE8F081F4D90208F0B589B005460E4663
S3150801F43001F084FE044600BB01AC06F10C070FCFB0
S3150801F4400FC497E8070084E8070001A92846FFF7D3
S3150801F45099FB2846311D07F0E8FB044648B92846BA
S3150801F460074900F0CDFF044618B9284601F030FED9
S3150801F470044628463168FFF7A5FF204609B0F0BDC6
S3150801F480ECD90208024BD868C0F30360704700BF85
S3150801F490000002B810B5054C237823B104F03CFAF4
S3150801F4A00020207010BD0E20FCE700BF613B002044
S3150801F4B008B504F0FFF90122014B00201A7008BDB6
S3150801F4C0613B00202DE9FF478F7880460F2F0D46B7
S3150801F4D003D9212004B0BDE8F08727B901224A4B98
S3150801F4E01A700020F6E70E784C7826BB002CF0D16E
S3150801F4F0E88803F0E9F9C30943EA4163C01A61EBF5
S3150801F500D11103F021FAFF288146E2D056EA040315
S3150801F510A888DFF80CA113D003F038FB4FF60403D3
S3150801F520BAF8002001469A4268D1B442234638BF48
S3150801F5303346002431E0082ECBD8082CC9D8D7E7A2
S3150801F54003F024FB4FF60403BAF8002001469A4259
S3150801F55008D12E4B1B6E9BB2934208BF4FF605038B
S3150801F560AAF80030B1F5803F284B0FD902221A6656
S3150801F5708022C3F88020082301241E4649084FF635
S3150801F580FF720139914228BF114608E00124802201
S3150801F5901C66C3F8802008231E460029EFD10022E5
S3150801F5A002920122013FFFB200920197324608F505
S3150801F5B0827003F00FF91CB14FF48012144B5A658F
S3150801F5C095F90310484603F0F3F90221114BAA688D
S3150801F5D01A600D4B197098F82E30013B8B4280D872
S3150801F5E0032301200C4AC2F850320C4BC3F85002CF
S3150801F5F0C2F864120422C3F8642272E70348026659
S3150801F600AAF8003091E700BF5F3B002000C001B8AF
S3150801F61000D001B840390020006001B8005001B897
S3150801F620D83E0020F8B504460F46164609F0A6F856
S3150801F6300546A047044620B1284609F09AF820460F
S3150801F640F8BD06F07BFA04220549D1F8EC3E23EA17
S3150801F65007033343C1F8EC3E024B5A64ECE700BF9B
S3150801F660003000B0002002B800F01803182B0AD0A9
S3150801F67003070AD440F2011310F0100018BF184608
S3150801F680034B986770470020FAE70120F8E700BFA7
S3150801F690003F00B038B10368044A002B08BF13467F
S3150801F6A0034A13607047014BFAE700BF1B6F020854
S3150801F6B0B83E002010B4D0E9584122400B4052EA26
S3150801F6C0030104D003495DF8044B096808475DF84E
S3150801F6D0044B7047B83E00200F2938B505460C463D
S3150801F6E00ED801F063FC01280CD1074A2846536E4F
S3150801F6F023F00F032343536607F0A1FE002038BD0C
S3150801F7002120FCE70220FAE7003F00B008B50E4BBE
S3150801F7105A6C12F0A00F01D0002008BD9B6C5B0744
S3150801F7200FD40A4BD3F8EC3E23F07F4323F0FF03B3
S3150801F7303BB1FFF7A7FE0928EED00C3818BF012008
S3150801F740EBE70120E9E700BF000002B8003000B08E
S3150801F750074A084B30B10221C2F864120422C3F8E1
S3150801F760642270470421C2F864120222F7E700BF37
S3150801F770006001B8005001B870B50D46064620B9BB
S3150801F7801A4B1B68CBB10E2016E001F00FFC0128BD
S3150801F7902AD1174BD6F8F00093F9004007F055FD2A
S3150801F7A0C4F11C04241A641BC4F12B03002BB8BF33
S3150801F7B05B42232B0CDD212070BD01F10F03002BC9
S3150801F7C0B8BF5B42232BF6DC094B19700020F3E71F
S3150801F7D086F8285008F0D2FF054660B201F018F8FD
S3150801F7E0284608F0C6FFF1E70220E5E708370020BA
S3150801F7F0603B002010B5044607F09CFD10B10120BE
S3150801F80001F056FC204601F06FFB04F009FD08F0F3
S3150801F810B5FF0A4A0121D2F8BC3E044623F020036B
S3150801F820C2F8BC3E0222064B08469A60054B5B6845
S3150801F8309847204608F09DFF002010BD003000B013
S3150801F840001002B8A43E002008B507F067FB802225
S3150801F850024B5867024B1A6108BD00BF003F00B052
S3150801F860000002B8014B1868704700BF4C390020E8
S3150801F87037B508F083FF01230022002400930023F3
S3150801F880054619461046019405F030FF052002F099
S3150801F89093FE064B21461C60054B02205B68984780
S3150801F8A0284608F066FF204603B030BD54390020CB
S3150801F8B0A43E00202DE9FF4102290D461646984629
S3150801F8C0039004D1FFF7D4FF04B0BDE8F08108F036
S3150801F8D055FF1E4F04463B683BB1B34205D008F0BD
S3150801F8E048FF002321203B60EEE7194B0022C3F8AD
S3150801F8F000803E60002301264FF000081046194695
S3150801F9000196009605F0F2FE124B052083F8008059
S3150801F91002F052FE43462A46052003A902F06AFE72
S3150801F9200D4B039A1A6008B92046D8E70B4D2B6888
S3150801F9309847212804D0204608F01BFF0020C3E77A
S3150801F94031466B6802209847F5E700BF5439002015
S3150801F95050390020643B00204C390020A43E002089
S3150801F960044B5B6E9B044EBF0120034B187800F0D5
S3150801F9700100704700C001B8643B002090F82730A9
S3150801F980023B022B05D84B7C9BB1012B13D0022BD2
S3150801F99013D0D0F868311B0609D5D0F8A4300D2B41
S3150801F9A002D00F3B022B02D88B8A1A2B07D807F0F5
S3150801F9B030BB0448704704487047044870470448F8
S3150801F9C0704700BF20A1070048E8010040420F0028
S3150801F9D080841E000A78022A11D0101F4242424131
S3150801F9E052004B781201022B0BD0191F4B424B4187
S3150801F9F05B000549054842EA8312FFF713BE012257
S3150801FA00EFE70123F5E700BFF0FFFF00F50F020856
S3150801FA100B78022B10D0181F434243415B004A78EA
S3150801FA20022A0BD0111F4A424A4152000F210448AB
S3150801FA3043EA8202FFF7F6BD0123F0E70122F5E763
S3150801FA4021100208D0F8B03010B5994204460ED0FC
S3150801FA50C0F8B01002F01CFA0649A4F840010123C7
S3150801FA60054AD1F8FC1004F5827004F015FD002052
S3150801FA7010BD00BF004F00B0A43F00B02DE9F74309
S3150801FA8004460F4615461E46FFF740FE38B3A38ABD
S3150801FA902BB3204607F02FF978B9754BD3F8EC2E1E
S3150801FAA01EB10E2003B0BDE8F08302F03003102B1F
S3150801FAB0F7D002F0C002402AF3D0DFF8DC8104F067
S3150801FAC0AFFBD8F81430D907EBD508F057FE064630
S3150801FAD0032002F075FE20B1304608F04AFE0220E6
S3150801FAE0E0E7D8F8142012F00608F5D1304608F0F8
S3150801FAF040FE5F4B4FF400612046D3F8EC9ED3F8E5
S3150801FB00C46E06F08BF940B14FF400720121594BCE
S3150801FB1008465A64424606F083FF94F825309A0748
S3150801FB2007D5D4F8A0305B0542BF4FF40022524BEB
S3150801FB305A6439462046FFF777F94D4BC3F8EC9ED0
S3150801FB40C3F8C46E0028ADD194F82430980601D4C0
S3150801FB50002D4ED0C5F3400004F066FF022315F4CC
S3150801FB60807F1FBF444A002153644FF03A420BBFBE
S3150801FB70404A91615364536305F0E0FF4FF4806393
S3150801FB8015F0040F14BF3D4A3D4A3A4E1365042346
S3150801FB9028467364FFF768FD204607F08BFA38B1EB
S3150801FBA04FF4807315F0010F16BF334A736453641B
S3150801FBB0A90647D54FF6FF72B4F8423093420FD0E3
S3150801FBC0304A3149526F100CC2F301120132B3FBAC
S3150801FBD0F2F30880294A2A492C481B0448675367C7
S3150801FBE0003D18BF012594F8243065F3451384F8C0
S3150801FBF02430204607F09EFBF0B1204607F05AFA5A
S3150801FC00D0B14FF40031204606F008F9431C03220F
S3150801FC109BB21F4801A907F078FC9DF8042002F061
S3150801FC200703052B9DF8053015D112070DD443F4AA
S3150801FC308073184AC2F8CC30002003B0BDE8F043FF
S3150801FC4007F070BC01F072F9CAE713F0040F09D185
S3150801FC509DF80630EBE703F03002202A05D113F0B0
S3150801FC60010FF4E74FF48073E3E79DF80630E0E708
S3150801FC70003000B0002002B8001002B8005001B8E8
S3150801FC80006001B8004001B8DA3E00200000FFFF1D
S3150801FC900C0000BA003E00B000C001B82DE9F341DE
S3150801FCA00646884615461F4608F068FD04460320A1
S3150801FCB002F086FD38B1204608F05BFD0E24204689
S3150801FCC002B0BDE8F081042002F07AFD0028F2D1E5
S3150801FCD0204608F04EFD01232A4641463046FFF7E5
S3150801FCE0CDFE04460028EAD1DFF8CC8067B388F850
S3150801FCF0000039463046FFF7E5FB00284ED198F853
S3150801FD000030012B1DD02022254B5A64254B5B6FF1
S3150801FD10B3F5817F20D2012007F020FC08F02EFDE3
S3150801FD20214B06461B680193D3B902F0A5FD15F0D0
S3150801FD30800527D1012002F0ABFD284604F072FDAB
S3150801FD4026E004F085FDBAE798F80030012BF8D0D3
S3150801FD50002BD8D12124B2E78022144B1A61DAE7A5
S3150801FD60042002F029FC00230122042001A902F043
S3150801FD7041FC0028D9D104F0B9FE2124304608F007
S3150801FD80F8FC9CE700220A4B01209A6702F080FDE5
S3150801FD90084B01215B6800209847EFE704468EE788
S3150801FDA0001002B8003F00B040390020000002B838
S3150801FDB000C001B8A43E00205F3B002010B50C46E8
S3150801FDC019B107F0B7FA00B10434204602F0DEFE95
S3150801FDD0024B4042C3F8DC0E002010BD003000B0D3
S3150801FDE0C38E70B593420C4615461CD3036D8B42E0
S3150801FDF008BF002408F0C2FC0646FFF743FBC31FF1
S3150801FE00DBB2022B01D90C2803D1084B5B6C9B038F
S3150801FE1004D401222946204601F0D0FC304608F0D8
S3150801FE20A8FC002070BD2120FCE700BF000002B835
S3150801FE302DE9F0410B460646154611B92120BDE8C4
S3150801FE40F081002AFAD0032905D8002201F028FEFC
S3150801FE5003460028F2D01C889A78B4F5804F02F040
S3150801FE60070180F08480A1F1070C1879DF88DCF19D
S3150801FE70000343EB0C0305292B7394BF0023C2F33C
S3150801FE800013C2F3801C6B73930985F810C003F045
S3150801FE900203C2F3C00C43EA0C03C2F34012E8742E
S3150801FEA06B74AA74D6F8A030AF82D8064BD406393B
S3150801FEB0012948D8B6F81280F76908F1FF38083CD5
S3150801FEC004EA0804395D002080290CBF6FF07F0120
S3150801FED03239284B18BF49B25B6DA973A86096F8E9
S3150801FEE027300134FF2B04EA08040BD13B5D5B0183
S3150801FEF003F47E63FF2B9CBFDB43D8B2D6F8F830F8
S3150801FF0003B19847631CE87303EA0803F95C0133F4
S3150801FF1003EA0803FA5C013303EA080341EA02210A
S3150801FF20FA5C013303EA0803F85C41EA024100235B
S3150801FF3041EA00616A7C304604F05CFB06232860CE
S3150801FF40AB7100207BE700230020EB730A4BDA69CB
S3150801FF50C2F30723120448BF63F0FF035AB212F132
S3150801FF60800F1CBF323B5AB2AA730346E7E7022049
S3150801FF7065E700BF004000B800C000B870B5064686
S3150801FF800C468D88FFF7FAFC96F82720617C042A2F
S3150801FF904FEAC5031DD1012998BF0333E0B1B3F573
S3150801FFA0803F19D84FF22441420901FB0322000977
S3150801FFB0B2FBF0F2236800209B1A084A2360D2F8A4
S3150801FFC0A82002F01F02A3EBC20323600523A37135
S3150801FFD070BD023A012ADFE70220F9E7003E00B0C8
S3150801FFE0F8B507460D4614468BB107F072F929464E
S3150801FFF03846BE8A01F096F9B44228BF3446A4B2FF
S3150802000022462946044801F00BFB2046F8BD07F0B4
S3150802001073F80646F0E700BF0C0000BA082310B1D1
S31508020020024A53647047024AFBE700BF001002B84F
S31508020030002002B82DE9F743DDF8288007468946ED
S3150802004016461D4608F09AFB0446032002F0B8FB42
S3150802005038B1204608F08DFB0E24204603B0BDE8D1
S31508020060F083524B20465B6913F0060FF2D108F073
S3150802007080FB0123324649463846FFF7FFFC044611
S315080200800028EAD1002D7ED0B8F1000F7BD0DFF828
S315080200903891D9F80030002B46DB04224FF434514C
S315080200A0D9F80000EAF7C2FCE8220021D9F80000D4
S315080200B0EAF7E6FC4FF480723C4B414638469A65AD
S315080200C0FFF700FA04460028C7D1394B1B78012BE3
S315080200D059D02022374B01205A64374B5B6FB3F550
S315080200E0817F22BF8022354B1A6107F037FA08F062
S315080200F045FB334A8046136813B329682C790B44A7
S3150802010013600193E3B1042002F056FA0023224653
S31508020110042001A902F06EFA90B904F0E7FC212442
S31508020120404608F026FB98E701213B20E9F76EFDD9
S315080201302046EAF789FC0028C9F80000ADDA8BE701
S3150802014002F09AFB16F080001FD00022174B9A671E
S315080201506879431E58425841FFF760FF2A792B688F
S31508020160012AD7F8141101D18B4211D35B1A0193D4
S315080201700320082301A902F03DFA58B904F0B6FC97
S31508020180404608F0F6FA212467E704F04BFBDFE75E
S315080201900023ECE70B4D2B68984721280446BFD16C
S315080201A0012100206B6898470024B9E700C001B80E
S315080201B05F3B0020001002B8003F00B0000002B802
S315080201C040390020A43E0020AC3E0020054A1268B1
S315080201D01AB190F82A1119B91047084603F036B829
S315080201E0014870473839002000FEFFFF394B2DE9D8
S315080201F0F3471C6801F4007900F00103174653EA35
S31508020200090206460D463FD04FF000088BB300237D
S31508020210002201200021CDF80480CDF8008005F0E7
S3150802022065FA41462046FFF7D1FF01224FF0FF3A11
S3150802023041466086DFF8B080104606F0F1FBD4F836
S31508020240A01094F8270003F0A7F8D8F8000000F0E9
S3150802025019FAC8F800A0DFF89480D8F8000000F070
S315080202601FFA94F82430C8F800A043F0040384F86F
S315080202702430B9F1000F07D00121204607F026FAEB
S3150802028025F4007506430D432B4632462046FFF7F2
S3150802029011FAFB070FD51049104A0868002113689E
S315080202A0116001210E4A117003B198470D4B0021C6
S315080202B002205B68984717F00E0F08D040F2C71263
S315080202C03B21002002B0BDE8F047FEF7D7BE02B0D8
S315080202D0BDE8F0870837002050390020543900203D
S315080202E0643B0020A43E0020B43E0020B03E00201D
S315080202F008B558220021064806F001F81022FF2107
S31508020300044805F0FCFF05F0CFFD002008BD00BF3C
S31508020310F03E00B0343F00B073B5314A3149137824
S3150802032009784FF0FF350B4386211370A0F8201188
S315080203306F228221C0F80C21C0E944126422C0E966
S31508020340462240F2FF320C2382854FF400420026F1
S3150802035080F83C314FF6FF730446A0F84820224A3B
S315080203600386026400F154020265204AC38442638A
S31508020370C0F8B0504585856380F8286004F014FA01
S315080203802046FFF7B5FF0122194B2046C3F838224B
S3150802039094F92810FFF7F0F96023164A41F6FF711F
S315080203A0D3644FF03A4211631167134A2946D3645C
S315080203B04022124B20465A64D4F8A02006F004FEC6
S315080203C00E2300220193009340F202231046194697
S315080203D005F08CF901F0F8FC304602B070BD00BF9A
S315080203E0663B002028CE02080700FFFFFFFF4000F9
S315080203F0005001B8004000B8005000B8002002B80A
S3150802040010B50C46FFF774FFCCB1A378082B18D8A1
S31508020410E278082A15D843EA021313F0FF030CBF41
S3150802042019466168084AC2F8F010217882F8441120
S31508020430617882F8473182F8451105F035FD0020CA
S3150802044010BD2120FCE700BF003E00B0012A10B50E
S3150802045012D8032B10D803EB82020123074C9340D0
S3150802046094F84601DBB221B10343002084F84631F1
S3150802047010BD20EA0303F8E72120F9E7003E00B0A1
S31508020480044BD3F8EC3E13F0806F14BF23200020F0
S31508020490704700BF003000B00246F8B5B0F84041D8
S315080204A000F58275FFF7ECFF0B688E68013304BF0F
S315080204B0D2F80C310B604B68013304BFD2F81831FD
S315080204C04B60771C3FD1D2F81431CF688B607E1C03
S315080204D040D1D2F810610F69CE60013704BFD2F855
S315080204E004710F614F69013704BFD2F808714F6171
S315080204F08F69013704BFD2F81C718F618F6987BB78
S31508020500C0F1640408688C6110B16F2838BF6F2087
S31508020510C2F814314B68C2F80C01C2F818310B69DB
S315080205202846C2F804314B691149C2F81061C2F86B
S315080205301C41C2F80831D1F8FC1007230D4A03F012
S31508020540ABFF0020F8BD04F16F031B1AB34238BF94
S315080205503346BAE704F18606361ABE4238BF3E4625
S31508020560B9E76F34241ABC4238BF3C46CAE700BF13
S31508020570004F00B0A43F00B038B5054C054B417892
S3150802058000782568236003F013F900B1256038BDA9
S315080205905839002020DA02080A4B10B51B680446AF
S315080205A073B1094B48B10121084A1A60022003F0C7
S315080205B04DFE0020064B1C7010BD01461860F5E77B
S315080205C00220F9E7583900205C39002018DA0208B7
S315080205D0653B0020014B1878704700BF653B002039
S315080205E04FF40022034B586C03F500535A64C0F3C8
S315080205F0C0407047000002B8024B586900F001007B
S31508020600704700BF00C001B830B56FF040440E4DC8
S315080206102040C5F850420D4CD2B2C4F850024FF0F1
S31508020620FF30C5F85402C4F85412FF21C5F8641203
S31508020630C4F864220649074A0020C2F8C810A2F57F
S315080206408052C2F8C83030BD006001B8005001B807
S315080206500000FFFF00E000B890F92430002B0CDA06
S315080206604FF08053064A29B19360A2F58052D360AF
S3150802067000207047D3609360FAE70E20704700BFE8
S31508020680006001B8431C07D06FF0FF02034B10400D
S315080206905A62A3F580535862704700BF00E000B85B
S315080206A0431C06D06FF07E42024BDA63A3F58053F1
S315080206B0D863704700E000B8014B986E704700BFD8
S315080206C0003F00B0014B002099667047003F00B01A
S315080206D003282DE9F74F0C4691467ED8404B13F86E
S315080206E000A0404B1E5C404B13F800B008F046F8D9
S315080206F0804605F0EDF9074640B100230022019332
S31508020700009301200023002104F0F0FF05F0E8F928
S3150802071048B10023002201930093002000234FF4DE
S31508020720004104F0E3FF002E4AD0304BDD6C05F0A1
S3150802073008050AEB06002E4B23305844DD64C0B286
S3150802074001F09AFE3146504605F010FA5A463146ED
S31508020750504605F079FA274BDD649FB14FF0FF3515
S31508020760254B1B68D3F8A01093F8270002F014FE55
S3150802077022490868FFF786FF0D6021490868FFF7D6
S315080207808FFF0D60B9F1000F04D01E4B0021032024
S315080207905B689847B4B14FF400521B4B1D6F03F5C3
S315080207A00053C5F340351A67404607F0E2FF00F0EA
S315080207B0FDFB012808D15DB9002003B0BDE8F08F22
S315080207C03546B6E72546EFE7002CF0D10520F4E7D3
S315080207D04FF400520D4B1A67EEE72120EDE700BFF2
S315080207E038DA020834DA020830DA0208004000B8B9
S315080207F0006000B8005000B808370020B43E002058
S31508020800B03E0020A43E002000C001B800D001B8C6
S31508020810054AC002136A00F4FF2023F4FF23184393
S3150802082010620020704700BF00C000B8094B084696
S315080208301A6D91020BD4D3F84021D20708D4D3F803
S31508020840803013F4706F14BF012000207047012016
S31508020850704700BF004001B8F8B50D46144601F0CE
S315080208600B0323EA0201494A2340D1646F07A2F522
S3150802087080520646D36410D50121FFF7D7FF60B12F
S3150802088005F05CF94FF4007314F0040F14BF404AE4
S31508020890404A13650422404B5A64E90606D514F009
S315080208A0100F14BF00221B223C4B5A652A0618D584
S315080208B0230611D54FF40012354BDA6407F05EFFB2
S315080208C00E210746032002F0A1FC40F20122334B17
S315080208D03846DA6207F04DFF214696F8270002F0FD
S315080208E05BFDEF0503D5E00538D502F025FDA90520
S315080208F003D5A20535D502F02BFD15F48C6F18D059
S3150802090014F4806232D096F825309B070CD5328EC5
S31508020910B6F83631934227D0B6F838319F1A7B4259
S315080209207B411F4A82F8D8303046D6F8F010FEF7D7
S315080209308BFF2B0510D505F001F91A4A14F4006F3E
S31508020940D2F8EC3E14BF43F0006323F00063C2F80A
S31508020950EC3E0422104B5A640020F8BD02F0E6FC75
S31508020960C5E702F0EFFCC8E70123DAE76805DBD53D
S3150802097096F825309907D7D5094B114683F8D8201A
S31508020980094B30461B689847CEE700BF006000B89F
S31508020990005001B8006001B8002002B8004000B853
S315080209A0003E00B0003000B06439002070B505463C
S315080209B090F83C010C460C2822D0FF2901D12120AF
S315080209C070BD1AB14FF0FF320F4B1A6006F0AEFD3A
S315080209D0064695F83C0101F04DFA844228BF0446C2
S315080209E0E4B2B44238BF3446E0B285F82B0001F0CF
S315080209F06DFB064A0346107820B9FF2BE0D1DEE7E5
S31508020A000220DDE70020DBE7BC3E002028CE0208F4
S31508020A107FB51C4B04461B780E4615460BB3D0F819
S31508020A20EC306BB302AAB3F9123000920022F2F745
S31508020A308BFE02992046C1F3813106F017FC70B984
S31508020A40BDF90C30029902460093C1F30D01034623
S31508020A502046FEF77DFA2946204606F06FFD04B0C9
S31508020A6070BD02A906F0BFF832469DF80810204666
S31508020A70F2F7DCFE2A4601462046FFF797FFEEE725
S31508020A801846ECE728CE0208F8B50D4690F83C1150
S31508020A9004460C29174603D12E4B1B78002B51D03E
S31508020AA02A462046A4F84850F2F7C0FED4F8EC309D
S31508020AB084F82A00002B41D0274A1678D4F8FC205D
S31508020AC04EB1002A40D1B4F94800B3F9121088424F
S31508020AD006DC002607E0BABB94F84521824202D218
S31508020AE00126B3F9125000222946204684F82D70B1
S31508020AF0FFF78EFF08BB76B1C4F8EC00204606F075
S31508020B0009F84FF6FF739842014615D02046BDE80C
S31508020B10F840FEF789B9114B1B7813F0FD0F0BD17C
S31508020B20204601F0B5F90E4901230E4AD1F8FC1008
S31508020B3004F5827003F0B0FC0020F8BDFF2384F8A8
S31508020B402B30F9E70220F8E7B4F94410B3F912207A
S31508020B509142BDE728CE0208663B0020DC3E002013
S31508020B60004F00B0A43F00B0F0B504468FB000F0C5
S31508020B7045FCD4F8A8300546012B00D010B128460A
S31508020B800FB0F0BD7849204606F02FFDD4F8EC6088
S31508020B900146258EC4F8F0003EB133682BB15B6876
S31508020BA01BB11A68032A00F2BC8007F0E7FDD4F8E5
S31508020BB0F030002B00F082801A68032A7ED99F6AD9
S31508020BC07F0E07F0D6FDD4F8F010B3898DF80E70B3
S31508020BD0B0687268EB1A9BB200FB03226348ADF851
S31508020BE00C3003680292994202D02046FEF72CFE88
S31508020BF05F4D604E00F0DAF90128FBD12B6CDF0756
S31508020C00F8D4726C12F08072F4D1D4F8F010CDE9EF
S31508020C100A2208920D9109920C9220469DF80E20FE
S31508020C20029908AB03F02CF900285AD100F0BEF954
S31508020C300128FBD14F4A4E49536CD801FCD40B6CA0
S31508020C40DB07F9D408A901A803F092FA0546002899
S31508020C5047D1228E484B5A6494F8243060F34103F4
S31508020C6084F8243000F072FCD4F8EC305969431E3B
S31508020C700E68DBB2FD2B049637D84B68012805931C
S31508020C8043D10126DF1C06D901333C4B5B6859D098
S31508020C90DA1C54D80593024604A9204600F0F0FB54
S31508020CA0002E7FF46CAFD4F8643199053CD494F8DD
S31508020CB0243043F0020384F8243060E72E4BDB6BC2
S31508020CC0C3F3C20213F0380F03F0070718BF5743DE
S31508020CD013F4E07FC3F382123FF473AF02FB07F704
S31508020CE06FE7022528460FB0F0BDF71C13D9234B30
S31508020CF001361B6818BF0126DA1C1BD804934B68F9
S31508020D00FF280593BED00020C5E70246204604A95F
S31508020D1000F0B6FB33E74B68FF280593B1D02A46A5
S31508020D20F4E79F6A7F0E50E720464FF4803106F0BB
S31508020D30CDFC24E7FF284B6813D00593B0E7FF28BC
S31508020D40AED1E0E7DE1C06D80246204604A9059382
S31508020D5000F096FBA7E7FF28A5D10022204604A9A2
S31508020D60F6E7012005938DE7FC4F00B03C390020D9
S31508020D7000C002B8000002B8008001B8C43E0020D4
S31508020D8010B504234FF03A4101240A4AD1F8180152
S31508020D90C2F81831C2F814314C634FF4005111638A
S31508020DA0410742BFC2F81431A2F58052C2F818317F
S31508020DB010BD00BF002000BA2DE9F04104460E46D8
S31508020DC019B990F824305A0650D43D4B3D4A5B6A0D
S31508020DD0A18EC3F3032313704FF6FF739942D4F817
S31508020DE0F07004D0384B1B680BB120469847374D34
S31508020DF02B68BB425DD0364B1B6833B1002F5BD0E4
S31508020E00396801B1B968204698474FF00708204665
S31508020E1001F03EF8002E41D02E4B93F90030C3F173
S31508020E201C0317B197F926209B1A062094F9286005
S31508020E3023499B1B0A6ADB0222F4FF2203F4FF23DF
S31508020E4013430B62D4F8F020234B2A60986701F00B
S31508020E50E9F900250121214A214B1170204683F820
S31508020E60805006F0ECFA2846BDE8F0814FF6FF7C82
S31508020E7066F38613124A80F82430536A134D1149D1
S31508020E80C3F30323D0F8F0700B702B68A0F834C0B4
S31508020E90BB42B0D100F0FCFF4FF00108114A4346AD
S31508020EA0D2F8FC1004F58270A2F65C7203F0F4FA2A
S31508020EB0B2E74FF00108AAE7394620469847A4E761
S31508020EC000C000B8633B0020483900203C390020A6
S31508020ED044390020603B0020006000B8623B0020D5
S31508020EE0003F00B0004F00B010B50446D0F82421E8
S31508020EF00B4B4FF40061C3F8C02090F82420D201AE
S31508020F0002F4006204F076FF94F8243013F0100F0E
S31508020F104FF4007314BF034A034A536410BD00BF5B
S31508020F20003E00B0001002B8002002B838B507F03B
S31508020F3025FC4FF6FF710A4A13888B4203D107F044
S31508020F4018FC0E2038BD074C074D1B046567A4F52F
S31508020F5080546367118007F00CFC0020F2E700BF9B
S31508020F60DA3E0020006001B80000FFFF08B50C4B0E
S31508020F70D3F84C21531C11D012F080420ED1094BE2
S31508020F801B681BB111460320FFF7A2FB4FF08062D4
S31508020F90054B1A6501225A6102229A6208BD00BFF0
S31508020FA00080E00F08370020001002B80F4BDB68FC
S31508020FB0C3F30363013B0B2B0FD8DFE803F00606E6
S31508020FC00C06060606080A080808022070470420C6
S31508020FD070470520704703207047054B5B6913F07D
S31508020FE0060F0CBF01200420704700BF000002B89C
S31508020FF000C001B8094AD368C3F303630B2B08D0B0
S315080210006FF49050184100F0010080F00100400092
S315080210107047506C10F48030EDD17047000002B86A
S315080210200C4AD368C3F30363062B07D8042BD8B23A
S315080210300BD8C31E5842584140007047072B06D1A9
S31508021040D2F868010028ECD17047022070470020C8
S31508021050704700BF000002B8094BDB68C3F303639D
S315080210609A1E012A8CBF00220122012B02701EBF82
S315080210704FF4026222FA03F303F001030B7070477E
S31508021080000002B8094AD368C3F30363032B01D0ED
S31508021090072B08D1936CDB0605D4D06C80F00800C8
S315080210A0C0F3C00070470020704700BF000002B8B6
S315080210B0024B1B6803B11847704700BF70390020FE
S315080210C0024B1B6803B11847704700BF6C390020F2
S315080210D010B5FF224FF6FF71044606F02EF968B9DD
S315080210E0FF224FF6FF71204606F038F930B920463E
S315080210F0BDE81040FF22024906F043B910BD00BF01
S3150802110044DA020810B55B0743EA02439DF8082051
S3150802111043EAC163520502F0BC621A43064942F425
S31508021120C872044604F066FE002220461146FEF7FF
S3150802113057FE002010BD00BF9007E12D37B50C46BB
S3150802114005460B4B1A680B4B19680B4B186801F0CE
S3150802115081FE94F828302846009394F82B3094F8A8
S31508021160292094F82A10FFF7CDFF03B030BD00BF3F
S31508021170003A0020FC390020043A002008B5FFF79F
S3150802118081FF88B1094BDA6912030DD5586C10F440
S31508021190003009D1DB6C13F0100F4FF010030CBFAF
S315080211A0034A044AD36408BD0220FCE7000002B8D9
S315080211B0001002B8002002B8034610B500B3124A5E
S315080211C0D16909031ED5946CC4F38114032C15D076
S315080211D0022C17D122460D49B1F8C80001F1006167
S315080211E0801A01F536710144184605F0A7FA064A2F
S315080211F00472D26C120A4272002010BD0822EAE773
S315080212002120FAE70220F8E7000002B8003E00B003
S3150802121038B50546FFF736FF98B10B4B5C6C14F4EC
S3150802122000340ED10220094B094A1B681B6DD06493
S315080212302246AB4214BF2846002000F0BFFA2046D9
S3150802124038BD0224FBE700BF000002B808370020B9
S31508021250001002B838B54B1E012B05460C4616D8A7
S31508021260022915BF00220122022100210A480A4347
S315080212700A4B0B49FFF7C8F9003C18BF012495F839
S315080212802430002064F3C71385F8243038BD0022C1
S3150802129004481146EBE700BF91D106190000E2ECBB
S315080212A09E0C4B5490D1061904292DE9F0410446A7
S315080212B00F462ED84E1EF6B2032E8BBF0025164BAE
S315080212C0A84613F806809CBF144B9D5D06F032F8BB
S315080212D080B94FF000084FF460320020104B6D04BD
S315080212E05A6245EAC835A3F580535D6284F82E70C2
S315080212F0BDE8F0812046FFF7DFF980B28428E8D8F6
S31508021300022EE8D894F824102046C909FFF7A2FF4E
S31508021310E1E72120ECE700BF40DA02083CDA0208DE
S3150802132000E000B810B590F82700FF2814D0304B1B
S31508021330D3F8A02012F0060F01D001280DD94FF4D8
S3150802134070622C4BDA604FF48072A3F58053DA6030
S315080213500022274BC3F89C2010BD02F0020412F0AB
S31508021360040202D00B789B0637D4002C39D00B78AE
S3150802137003F00F03072B34D14B78022B31D98B7824
S3150802138013F03E0F2DD0CC7814F0040F29D014F0A8
S31508021390010F0CBF04230A23A40748BF0633CB5CFC
S315080213A0FBB1002A14BF02220122012840F6FF706F
S315080213B003F01F0108BF4900013940EA01310E480E
S315080213C001654FF470600B491202C860A1F580519D
S315080213D0CA60074AC2F89C30BEE7002CC7D18B7890
S315080213E023B90023044A13650122EAE70222DCE74D
S315080213F0003E00B0006000B8004000B810B590F892
S315080214002710012903D8174BD3F898300BB10020BF
S3150802141010BD028E272A22D8134B14481B68834212
S3150802142019D031241248181A434243415B000D4829
S31508021430A0F8B24050246343282404FB01330D4923
S315080214401944895CFA31A0F8B8100B490B449A5C26
S315080214500A4B1A70DBE76FF003040123E7E70E2055
S31508021460D6E700BF003E00B09839002000F04902D6
S31508021470005A62027817030888160308863B00207A
S3150802148010B5124B0C68C3F87842C3F87C42C8B14F
S31508021490D0F8EC30B3B15B69A3B1501EC0B2FD28D7
S315080214A012D9013404BF6FF0010008600868FF2AE8
S315080214B0186007D14A68013202D16FF001024A6008
S315080214C04A685A60002010BD012AF2E7004001B8B6
S315080214D0F0B585B06D460E460F4B074614460FCB40
S315080214E085E80F000D4BD3F848020090D3F84C223A
S315080214F001923EB1631EDBB2FD2B0AD93060FF2C86
S3150802150000D17260224629463846FFF7B9FF05B070
S31508021510F0BD012CF4E700BF4CDA02080080E00FA8
S31508021520FF2818BFC3434FF0180108BF1023064A05
S3150802153018BFDB00C2F8FC1318BF03F00803A2F5B4
S315080215408052C2F8FC337047002002B8024BD3F827
S31508021550F807C0F3C0407047000002B84FF03A439C
S31508021560D3F81421D2031ED54FF480320E49C1F89E
S315080215701421A1F58051C1F818215A6DD1B2C2F3CE
S315080215800722C3F8A410C3F8A4200422C3F8A4208F
S315080215900022C3F8A420C3F8A420C3F8A420C3F8E1
S315080215A0A420C3F8A4207047002000BAF0220B4BEF
S315080215B001219A64A022A3F580539A644FF03A4314
S315080215C0026DC3F8F410FC21C3F8CC10C3F8D0207E
S315080215D04FF40052C3F8F020704700BF006000B80D
S315080215E0F8B54FF03A440D461746064607F0C6F8D0
S315080215F0012304226363084BE76026616561C3F829
S3150802160014214FF40042054BC3F8842107F0B1F8C0
S315080216100DB102236363F8BD002000BA00E100E0C1
S315080216202DE9F04105460124006800F0070006305E
S3150802163004FA00F3A868EC685E1EA04200F09280E5
S3150802164000EA06076C6810441E430640D81B07EBDF
S31508021650040C8242644638D9D31AFA18A0B3431E38
S31508021660062B74D941EA0C039B0770D14B1CACEBD1
S315080216700303022B6BD90B4620F0030E8E44ACEB08
S3150802168001071C68DC5104339E45FAD120F0030396
S3150802169010F0030F01EB030EA0EB03040CEB030798
S315080216A000F0888011F80380012C0CF8038000F002
S315080216B081809EF80130022C7B7018BF9EF802309A
S315080216C0084418BFBB7001466C685AB3531E062BF2
S315080216D001F101032FD9E01A02282CD941EA0400A4
S315080216E0800728D1234622F0030CA444081F50F889
S315080216F0047F43F8047B6345F9D122F00303D01A29
S31508021700920701EB030C04EB03070BD0CA5C012812
S31508021710E25407D09CF8013002287B7002D09CF86C
S315080217200230BB7007F02AF80223AE60AB62BDE84E
S31508021730F04107F01EB80A4404F1FF3C00E0013309
S3150802174013F8011C93420CF8011FF8D1EAE70B467D
S315080217500844ACEB0107D91913F8014B83420C7004
S31508021760F9D1B0E7042A0DD90878043AA86148786D
S315080217700431A86111F8020CA86111F8010CA861DC
S31508021780A8685DE7013A032A12D8DFE802F00F15C6
S3150802179007020B4613F8012B1946AA610A4612F8E4
S315080217A0013BAB61114611F8013BAB610B78AB61AA
S315080217B0BDE8F081084486E70A46F3E738B50B46E2
S315080217C0154601464FF03A4468B101221048C4F85A
S315080217D0F4201A46FFF724FF25B14FF03A430422B4
S315080217E0C3F8F42038BD73B1D4F8D8209A4284BF1E
S315080217F00122C4F8F4204FF03A42C2F8D430022348
S31508021800C2F8F430E8E70123C4F8F430E4E700BF8D
S31508021810CC0000BA38B5044606F0B0FF4FF03A429B
S315080218200121A38F054651674BB3B3FA83F3C3F17C
S315080218301903DBB2A069C2F8B410C2F88C300723C8
S31508021840C2F89000C2F8B0304FF4A02302F5005255
S31508021850C2F81431A2F58052C2F8183100220D4B93
S315080218601A600D4B5B6C5B0209D54FF480020B4B79
S315080218705A64D4F8A01094F8270001F08DFD0023CD
S31508021880E38707232846A4F84030BDE8384006F027
S3150802189070BF00BF74390020000002B8002002B8E9
S315080218A02DE9F84305460C46B1B1D0F81880878F62
S315080218B006F064FFB5F83EC0791E01EA0C0323F070
S315080218C00702032C0646DFF800E1424461D1DEF83E
S315080218D0004024B906F04DFF0E20BDE8F88324F037
S315080218E00104DEF8000020F00100A04256D10023D0
S315080218F0CEF80030238894426FEA43436FEA534393
S31508021900238041D1B5F8403008EB07091846083854
S3150802191080B202F108044C4528BF4446082804D977
S31508021920B4F800E0BEF5804F43D263440F431B1A56
S315080219303B409BB2EB87A5F84000947811884FF09C
S315080219403A42C1F30C019165C2F89830C2F8B00068
S315080219504FF48022184B04F00704C3F814214FF4FD
S315080219600042164BC3F88421FFF7F8FD042C0BD16D
S315080219704FF48002124B5B6C124B5A64D5F8A010D6
S3150802198095F8270001F008FD304606F0F2FE002021
S31508021990A3E7601E012898BF1446A2E7B5F84000DF
S315080219A04344E31A48BFDB1908389842A2DC30469A
S315080219B090E72246ABE700BF002000BA00E100E04C
S315080219C0000002B8002002B874390020164B10B580
S315080219D01968B1F84020CB8F888F13440138073B2A
S315080219E08C69034023F007031C4402F108034FF0F5
S315080219F03A429BB2A1F84030C2F8B0304FF4802286
S31508021A000A4BC3F814214FF40042094BC3F8842148
S31508021A10A07800F00700042803D1064AD3681B03FE
S31508021A20FCD4054B1C6010BD08370020002000BA04
S31508021A3000E100E0000002B87439002010B5064C37
S31508021A40216839B1CB0703D4044B1868FFF728FF7E
S31508021A500023236010BD00BF743900200837002018
S31508021A604FF480320C4B0D49C3F818214FF03A4314
S31508021A70C1F81421D3F8AC10D3F88C20012302F054
S31508021A80070206329340C1F30C01083B994201D87A
S31508021A90FFF764BD704700BF002000BA001000BA05
S31508021AA02DE9F04780460C4616468769858F06F06B
S31508021AB065FEB8F83E2005F1FF3C02EA0C0323F066
S31508021AC00701032C82463944B8F8400019D14A4C1A
S31508021AD024689CB90244073A02EA0C0222F0070279
S31508021AE0BC183B44E31A48BF5B19834210DB5046D5
S31508021AF006F03FFE00242046BDE8F08724F00104E4
S31508021B00EFE7012C02D0022CEBD108380C46E8E7A5
S31508021B10002E3FD08C4241D14FF03A42D2F858902B
S31508021B204FF03A41D1F8AC20B8F81270C2F30C0261
S31508021B30934247DA2588B5F5804FD8D2A378C5F3FC
S31508021B400C0503F007037A1EA5EB09053A43052B94
S31508021B50337005EA02052DD82DB2E84340F2454214
S31508021B600421C00FFDF78AFA7580E3783374D8F832
S31508021B701C207B1E03EA0903D118B160A9B213FA25
S31508021B8085F5AF422FBF0023FF1AB780F26024BF44
S31508021B90B180F360504606F0ECFDACE7A4F108020A
S31508021BA0974284BFED0802EBC502B2F80090C9F36A
S31508021BB00C09B5E7114B5B6D003B18BF0123A5EB7A
S31508021BC0C305C9E74B6D7A1EA3EB09033A431A40CC
S31508021BD00B4915B2002DCB680BDCC3F30363D81E81
S31508021BE043424341DB003370CB6C72801B0A337469
S31508021BF0BDE70823F7E700BF74390020004000B8A4
S31508021C00000002B8134B70B51E684FF03A43748A47
S31508021C10DD6D621E5B6DADB292B242EA04015B1BD8
S31508021C200B40191E18BF0121C90001700A492A4032
S31508021C30C96C4380090A0174F169D618A64201EBF8
S31508021C400205D2BF0021A31A9BB285608380C160B8
S31508021C50002070BD08370020000002B8054BA822F4
S31508021C60D3F84C013121431C0CBF0120C0F380700C
S31508021C70FDF704BA0080E00F10B50F4B1C78ACB91B
S31508021C800E4BD3F8F8375B0309D490B10F23441EE1
S31508021C90B4FBF3F410300444E4B2204610BD40F617
S31508021CA048023F212046FDF7E9F9F6E70001C4B2EA
S31508021CB0F3E71024F1E700BFDC3E0020000002B87B
S31508021CC0014B588000207047DC3E002038B5284D6D
S31508021CD00446297819B92022264804F010FB2378ED
S31508021CE0254A264913704FF2F002C1F8C821244A40
S31508021CF04BBBA1F50051D1F8F81711F4002F4FF09C
S31508021D00FF011CBF1F48C0F8DC3011704FF040734A
S31508021D101A4AC2F834311C4BD3F8F83713F4802325
S31508021D200BD14FF47F01C2F830111849C1F830318E
S31508021D3048F2C801164BC3F8F4100723C2F8FC335D
S31508021D400122124B0DE000240E48022BC0F8DC409B
S31508021D504FF0FF001070D9D107230422C1F8FC33D3
S31508021D600A4BC3F8FC23012300202B7038BD00BFA1
S31508021D70673B0020E03F00B0DC3E0020002002B8AE
S31508021D80E53E0020004001B8000002B8001002B883
S31508021D90003F00B010B5044601F02CF9094BD3F800
S31508021DA0F80734B900F44020B0F5402018BF0120E6
S31508021DB010BD022C0ABF80F400300020C0F3404058
S31508021DC0F6E700BF000002B82049D1F8FC37FF2B1E
S31508021DD031D01F48C3F303120270D1F8F81703F083
S31508021DE00F0309035BBFC2EB02120F3B02F1FF327C
S31508021DF0D2184ABF03EB0213D3B2DBB2154A16490D
S31508021E0013700978154B1A68E9B1B2F1A06F1AD3A3
S31508021E10D3F85012124A134BB1F1FF3F18BF1346BB
S31508021E20114A136041F66A02104B1B68B3FBF2F3C0
S31508021E300F4A13607047D1F8F83713F4002F0CBF16
S31508021E40B4235A23DAE7074BEAE700BF000002B8D1
S31508021E50E63E0020693B0020E43E00200080E00FB9
S31508021E605082E00F5CDA020878390020983900209F
S31508021E707C39002020B1022804D1034B1878704718
S31508021E80024BFBE700207047E63E0020693B002034
S31508021E902DE9F74FD0F8B0404C22022C38BF022465
S31508021EA07B49013CCB6CD1F8DC507A49C3F38213E7
S31508021EB0DA400B680646A34290F83C71764BDFF887
S31508021EC000A2DFF80092DFF8008202F0010216D1C2
S31508021ED01878904213D19AF80000B8420FD1D6F872
S31508021EE0B40060B1A8420AD196F82B5099F80000BE
S31508021EF0854204D1B8F8040003B0BDE8F08F98F81B
S31508021F0000001A700C60FFF7B5FF0346002A00F0BE
S31508021F10918004234FF07F41604AC2F8BC30604B7F
S31508021F20C3F8BC1096F82B301B06C2F8BC3000204A
S31508021F3040F271225B4B19211B68B3FBF2F3634330
S31508021F40182BB3FBF1F14FEA004400F29380002C00
S31508021F5000F09B80B4FA84F2C2F12002C2F10F03A8
S31508021F60012B38BF0123D440A14201D2013B6408A8
S31508021F70421C03F01F0152008A40121BDFF838B1D7
S31508021F809208CBF8B0201A0242EA031213430193CD
S31508021F9000EB002300EB0325434B40F6C202186808
S31508021FA02B21003818BF0120FDF768F8FA223E4BAC
S31508021FB002FB04F01B6840F6FF72B0FBF3F00A233B
S31508021FC058433A4B00F57A74C3F8D820019AA3F518
S31508021FD08053C3F8D820364AA3F58053C3F8DC5099
S31508021FE0D2F8F827520308D4D3F8DC3003F47F0278
S31508021FF0C3F303531343CBF8FC30C6F8B4502D4D44
S3150802200000F6B8302C6002F0D1F94FF47A722A4BF6
S31508022010C3F8A400C3F8F8002B68B4FBF2F0B3FBCC
S31508022020F2F3A8F8043096F82B308AF8007089F88B
S31508022030003061E796F82B00984228BF1846C0B2CE
S315080220402FB1022F7FF473AFFFF716FE70E7184B16
S31508022050D3F8F8371903F7D450B10F230138B0FB78
S31508022060F3F00130154B1B68034413F8010C5FE7C4
S315080220700120F7E7B1FA81F23CB1B4FA84F3D21A35
S31508022080002A3FF76BAF0F236EE70F2370E700BFF7
S31508022090004001B8BC3E0020683B0020001002B890
S315080220A0002002B8983900207C390020006001B867
S315080220B0000002B880390020003F00B078390020BD
S315080220C0E33E0020E23E0020DC3E002038B5254BE8
S315080220D005461A78244C0C2A02D1FF20207038BDF6
S315080220E0104605F023FA01461046FFF7C3FEA8423A
S315080220F028BF2846C0B2884238BF08462378C0B2ED
S315080221008342ECD020703ABB184BD3F8F83713F455
S31508022110002321D14FF2F001154AC2F8C811C8B1FD
S315080221200F230138C0B2B0FBF3F3591CC3EB0313F8
S31508022130C01A431C0D4A1B01D2F8C80143EA0133EF
S315080221400343C2F8C831D2F8C8210A4BC3F8FC20A7
S315080221502078C4E70121EDE7074B1868FFF798FED8
S31508022160F6E700BFDC3E0020E53E0020000002B88C
S31508022170002002B8003F00B008370020014B187053
S31508022180704700BFE43E002010B50446FCF710FC79
S3150802219078B1154B1B786BB964B1144B1B784BB1EC
S315080221A0134B1B78013B012B04D84FF40042114B09
S315080221B01A6510BD104B1B6D1B04FAD406F0DEFA25
S315080221C0044603F0BBFC4FF400420C4B2046BDE824
S315080221D010401A6502220A4BC3F814250422054B3D
S315080221E05A6406F0C6BA00BF6A3B00206B3B002061
S315080221F084390020002002B8000002B8001002B894
S3150802220000D003500122024B00201A70FFF7BCBF10
S315080222106A3B00200022024B01201A70FFF7B4BF66
S315080222206A3B0020054BD3F8843013F0030F4FF4B2
S31508022230802314BF024A034A93647047004000B8D9
S31508022240005000B8006000B8F7B50646534C00F0D7
S31508022250D1FE01213A20E7F7D9FC514B2578514F97
S315080222601E7085BB2846FFF78FFF2378013B012B9B
S3150802227019D8E37B01A88DF80430237C8DF8053044
S31508022280E6F7C2F8C7F814554FF6FF72464BC3F87D
S315080222908420F822A3F58053C3F884200022414BF8
S315080222A0C3F814250DE04FF6FF723F4BC7F81455D5
S315080222B0C3F88420F822A3F58053C3F88420C7F80C
S315080222C014553A4B5BE00020FFF75EFF2378013B8B
S315080222D0012B08D8E37B01A88DF80430237C8DF8FE
S315080222E00530E6F791F80023C7F81435002ECBD04F
S315080222F062685AB32E4B1B6803EB5203B3FBF2F325
S31508022300013B1B0243F0F80326782749022E294A85
S315080223101ED0032E4FF6FF75224826D0012E36D13F
S3150802232043F00203C1F88450C2F884300723C0F888
S315080223301435E37B01A88DF80430237C8DF805302B
S31508022340E6F758F80120FFF71FFF17E0F823DBE747
S315080223504FF6FF7043F00103C1F88400C2F88430D7
S315080223600622104BC3F81425E3E743F00503C1F828
S315080223708450C2F884300423C0F814350E4B4FF04B
S3150802238080421A650020FFF74DFF03B0F0BDC1F881
S315080223908450C2F884300023EEE700BF8439002057
S315080223A06B3B002000C00350006000B8002002B852
S315080223B098390020005000B8001002B8F0B52B4F2B
S315080223C006463D4604460FCE0FC5336885B02B60D8
S315080223D000F010FE01213A20E7F718FC0022244BF0
S315080223E0C3F81425A17A627A42EA0142C3F8202583
S315080223F0217CE27B42EA0142C3F81C25217B627BEF
S3150802240041EA0240C3F818053B78032B2AD8DFE8CD
S3150802241003F022020C178DF8041004218DF805200A
S315080224200DEB01000022E5F795FFE37B00228DF80C
S315080224300830237C042102A88DF80930E5F78AFFC3
S31508022440637A01228DF80C30A37A042103A88DF849
S315080224500D30E5F77FFF074B187805B0BDE8F04069
S31508022460FFF7F2BE212005B0F0BD00BF8439002077
S3150802247000C003506B3B0020034B1B6D002BBCBFF7
S31508022480024BC3F888007047000002B8004000B843
S315080224902DE9F04700F008FE4FF47A762D4BB0FB93
S315080224A0F6F618604FF4FA73734307462A48190E6C
S315080224B01B021818294A4FF0000341F1000103F0E4
S315080224C02DFD274BA0F5807205461A6320B94A22CC
S315080224D02B21FCF7D3FD01254FF47A724FF0000A3F
S315080224E06A4353465008310203F018FD1C4B1D4A35
S315080224F0B7F57A7F9A601C4B4FEA056819601B4B41
S315080225008946044618604FEA152505D29D222B21D5
S315080225105046FCF7B3FD01264FF47A73A8FB030174
S3150802252003FB05117308C01841F100010023324666
S3150802253003F0F4FC0E4B023419600E4B49F1000904
S31508022540A408186044EA8974054B013C9C63BDE8FB
S31508022550F08700BF9839002020A1070040420F00EB
S3150802256000C001B802110100AC390020A8390020C8
S31508022570A4390020A03900204FF40022034BC3F8E7
S3150802258084215A600122024BDA60704700E100E0BA
S3150802259000C001B810B50446A242A2EB0000A3EBA4
S315080225A0010104D2034B01399B6B0133184401F034
S315080225B0030110BD00C001B838B501250A4B020156
S315080225C09D504FF480730446084A8340536606F0CA
S315080225D0D5F8074AA540137823EA05031370BDE820
S315080225E0384006F0C6B800BF00E101B800E001B8FD
S315080225F0753B00202DE9F84F164605468A461F46C2
S3150802260006F0BCF8022E00F09180804606F0ABF880
S31508022610604B614AD3F8209092F879405A6EE4B238
S31508022620520744BFD3F82090013404F0030406F09D
S3150802263095F84846214600F097FA8446DAF80000EB
S31508022640012E04BF01306044ACEB000C08BFCAF887
S315080226500000BCF1804F7DD300F098FA8145A1EBCA
S31508022660040188BF4B4BDFF854C188BF01F1FF3123
S3150802267001F0030188BF9B6BA0EB090E0CF805104D
S31508022680A1B1F90742BF41F61F72444B5A67BA070E
S3150802269042BF424B424A5A677B0742BF00223D4B22
S315080226A09A673C0742BF00223A4B9A6511244FF0BB
S315080226B0010A384B05F11002120103EB051BCBF890
S315080226C00C0138499C501A6A0AFA05F4586E0B78B6
S315080226D0A2EB0902E4B2234372450B7025D34FF4E9
S315080226E08073AB40034220D11CF80520002A4CD146
S315080226F00EB32D4AF807536607D541F61F7140F205
S315080227000110264B596750675967B90706D5234BF7
S31508022710234A254925485A6748675A677A0742BFAE
S315080227200122234B1A613B071AD4404606F021F8C8
S315080227300120BDE8F88F1F4A2D0142F805A042F88C
S315080227409C3C06F01BF817490B7823EA04030B7026
S3150802275006F00FF8404606F00CF80020BDE8F88FA0
S315080227602120FFF789FE4FF480310A4A124BD160C5
S315080227701A78002AD9D000222D201A70FFF77CFE7B
S315080227801022094B40465A66D0E7074A4046536626
S31508022790CCE700BF00C001B8003E00B000E001B8B7
S315080227A000001F1F753B002000D001B80000010180
S315080227B0000002B800E101B86C3B00206D3B002026
S315080227C0034B10300001185800F00100704700BF93
S315080227D000C001B82DE9F0419DF818800D46B8F100
S315080227E0000F08BF0022214EB5F5803FB1680746A3
S315080227F021F4700141F4A001B1609DF820409DF8D2
S315080228001C104FEA042444EA016444EA031444EA25
S31508022810084444EA02044FF018014FF436722CBFFA
S31508022820002001207465FCF729FC3564B8F1000F15
S315080228301AD00F4BBC68D3F8B8306F2C38BF6F2448
S315080228405B0606D500F0F4FC18B10A4BB3FBF0F3AD
S315080228501C44204600F09AF90130854238BF00220E
S31508022860024B34BF5A645864BDE8F08100C001B80F
S3150802287000C000B800093D00034B044A5A6741F2FA
S3150802288001429A67704700BF00C001B8011B0118D0
S3150802289010B504462120FFF7EFFD1CB14FF4803234
S315080228A0064BDA60064B1A783AB100222D201A70C6
S315080228B0FFF7E2FD1022034B5A6610BD00C001B8AD
S315080228C06C3B002000D001B82DE9F0411C4D0446AE
S315080228D0EB6BDB012DD500F00BFD0646A0FB04478A
S315080228E0E86B4FEA1028050C10F0FF0005D140F2FC
S315080228F019422B21FCF7C2FB0120EDB2AD01B5FB53
S31508022900F0F55FFA88F815EB881506D1284640F2E5
S315080229101E422B21FCF7B2FB01252A46002320463C
S31508022920394603F0FBFAB6FBF5F5064A1560BDE82B
S31508022930F08100F07DFC0546A0FB0401F5E700BF27
S3150802294000C000B89C3900200246012030B50B4C65
S31508022950A0F12003C0F1200524FA05F504FA03F3D1
S315080229602B4304FA00F595428B4100D330BD0F285C
S3150802297001D00130ECE7FF20F8E700BF40420F0024
S3150802298038B505F0F0FE084B084A1D6A92F87940F8
S315080229905A6EE4B2520744BF1D6A013405F0DEFEE0
S315080229A0284604F0030138BD00C001B8003E00B055
S315080229B000232DE9F74FDFF88CB1574F8BF800301B
S315080229C0564B01911B680446B7FBF3F3009305F0D7
S315080229D0D5FE534E8046D6F860A001F0DDFE336C74
S315080229E005460A2B40F28A804FF0FF33726D02F0D9
S315080229F00F0293403AEA03030CBF4FF001094FF066
S31508022A0000091027464B20205E6CFFF735FD454A24
S31508022A10976085B1002200200821FDF7E7FB424AAC
S31508022A205766A2F58052176716B1B9F1000F02D0A0
S31508022A3080223E4B1A6102F007FD4FF480123326BC
S31508022A403B4B3A4FC3F88421F96801F07061B1F142
S31508022A50807F03D8731E13F0FF0652D12DB1B9F148
S31508022A60000F02D001238BF800302D4B4046C3F8E5
S31508022A7060A005F07EFE4FF033082E4DEB6813F486
S31508022A80603F04D108F1FF3818F0FF083DD1012351
S31508022A9000982B6504F062FD05F070FE072C2146AE
S31508022AA028BF07210F276B6A621E23F4706343EA65
S31508022AB00223AA6A22F0E05242EA81621E49C1F85A
S31508022AC0B8701E4944F010070978A1421C492BBF69
S31508022AD0AA62C1F8B870C1F8B8706B622CBF6B6293
S31508022AE0AA6205F046FE134B5B6ADBB2802B10D056
S31508022AF0019803B0BDE8F04F00F030BC4FF0010971
S31508022B007FE70A2004F02AFD9EE70A2004F026FD44
S31508022B10B4E703B0BDE8F08F40420F009C390020AD
S31508022B2000C001B8001002B800E001B8000002B8FF
S31508022B3000E100E000C000B800E000B8633B0020F6
S31508022B4000D000B86C3B00200346064A103302EB5D
S31508022B5000111B01D1F80C01D158C1F3400104F050
S31508022B6008BD00BF00C001B8064B1B68434303EB10
S31508022B708171054B1B68A3FB003013F1004341EB3F
S31508022B8000007047A4390020A03900200C4A20F022
S31508022B904043014610B5002014684FF00042E4FB9A
S31508022BA00320084A890F126802FB0300064B9B6B37
S31508022BB0984204D901330131C01A01F0030110BD4C
S31508022BC0A8390020AC39002000C001B8044B01F036
S31508022BD0F071103041F0030100011950704700BF2F
S31508022BE000C001B808B52220FFF746FC4FF4802240
S31508022BF0014BDA6008BD00BF00C001B840B1836866
S31508022C0033B10649C268096803F13043032A00D87A
S31508022C10704743F8041B043AF8E700BFE03900207E
S31508022C2070B51646054600B3F9B1F2B14268104BC3
S31508022C30006803321B68920800F130409847044640
S31508022C4088B9EA68A86803323146920800F130402A
S31508022C5004F0AFFC044630B9286921466A6900F1D6
S31508022C60304003F04CFB204670BD2124FBE700BF31
S31508022C70C03E00202DE9F04705460E461446DFF809
S31508022C808480DFF884901E4F88B01CB9204608B0AD
S31508022C90BDE8F087B4F5006F4FF010024FF000015F
S31508022CA06846A24628BF4FF4006A03F028FB0823A9
S31508022CB08DF800300AF1FF339BB2009A1B0143F0EC
S31508022CC0036302EA090203EA0803134310220021F6
S31508022CD00DEB0200CDE90036029503F010FB6A46B9
S31508022CE0387804A9E7F72AFEA4EB0A0406EB8A0653
S31508022CF005EB8A053878E7F77FFE0028FAD0C4E79D
S31508022D00E73E0020F07F300C0F80CFF370B50C68D9
S31508022D10651C15D0C4F302669E42C4F3074530D13A
S31508022D20A4B294422DD804EB8506B24229D2141BCA
S31508022D30A50824F003040E59340F04D0012C08D038
S31508022D400022212402E06B1C51F82320C0E900244A
S31508022D5070BD0E4C34F8133042EA03431A686B1CF2
S31508022D6051F8234001EB83014B6822405E4036F05E
S31508022D70704404D11B0F032B04BF8B681A4300242B
S31508022D80E4E7013501EB8501C1E700BF70DA020805
S31508022D9007B501A8E7F780FE264B2749D3F8602234
S31508022DA0D2B2FF2A1DBFD1F87801130243EA0213F1
S31508022DB0D1F878311CBF20F47F621343C1F8F83387
S31508022DC00C20E7F791FD01213F20E6F71FFF4FF0A0
S31508022DD000421A4B42F201015A60C822184B5A6540
S31508022DE04FF4C02203F51043C3F868214FF480322A
S31508022DF0C3F86C21134AC2F8701202F52042D2F8BF
S31508022E00F827120308D44FF470610F4AC2F8A010CB
S31508022E104FF42062C3F8A02001220C4BC3F8002409
S31508022E2003F53043D3F86821094B1A6003B05DF8FD
S31508022E3004FB00BF0080E00F000002B800900950B2
S31508022E40008001B8006001B8002002B8005001B83D
S31508022E5068390020836810B4074C03F130432468AC
S31508022E601B689C4203D15DF8044BFFF7D9BE0020CC
S31508022E705DF8044B704700BFE039002010B50446E0
S31508022E8005F07CFC064B074A1C70074BFF2C08BF53
S31508022E901346064A136005F06CFC002010BD00BFFD
S31508022EA0E73E0020B3750208752C0208C03E0020D2
S31508022EB0134B1B78002B20D0124B134A00201A60A2
S31508022EC0124B134A1A60134B134A1A60134B1A68A9
S31508022ED0134B1A60134B144A1A60144B144A1A609D
S31508022EE0144B154A1A60154B154A1A60154B164AA1
S31508022EF01A60164B164A1A6070470220704700BFBE
S31508022F00763B0020EC39002068E30208E439002009
S31508022F10CCDA0208E8390020ECDA0208D43E0020AE
S31508022F20E0390020043A0020B4DA0208FC3900200D
S31508022F3070DE0208003A0020E8DA0208F8390020B2
S31508022F409CDA0208F0390020F0DA0208F439002087
S31508022F50E4DA02080022012138B51E4B5A649A6443
S31508022F60DA641D4A516102219162DA68C2F3036288
S31508022F700D2A01D0002AF8D111220124174DDA634D
S31508022F804FF0FF302C70F0F757FC00232B70144DCE
S31508022F9040F2D15228685421C01A18BF0120FCF702
S31508022FA06DF8104B28681A680F4B1968FFF738FE38
S31508022FB001F05AFB0D4B1868FFF720FE0C4B1868F8
S31508022FC0FFF71CFE4FF08062034B5A6103F58053EC
S31508022FD05C6138BD000002B8001002B8763B0020DA
S31508022FE0E4390020E8390020EC390020043A0020B0
S31508022FF0F839002001230D4A0D49C2F8803291663C
S315080230000C4A53600C4A53600C4A5360A2F580423C
S315080230105360A2F54042536002F5C032536002F58E
S3150802302080425360A2F500425360704700900050F8
S31508023030FF0B001600D000B8001000BA005001B805
S3150802304010B50324FFF7D6FF114A124B1A65FFF78C
S315080230509FFE114BC3F8104100F068F901F0E0F841
S315080230604FF460720D4B5A614FF400721A65FEF7FF
S315080230706DFA0021FEF754FA4FF48002084B1C64DD
S31508023080A3F580535C64074BC3F884215A6010BDCC
S315080230900048F000000002B8005001B8001002B85B
S315080230A000E0095000E100E008B504F043FF044BD4
S315080230B01B6FC3F300430133B0FBF3F008BD00BF37
S315080230C00080005070B5044698B1B1B13A4A52F838
S315080230D0043B834213D10023384A116CC907FCD436
S315080230E0374800EB830004F06DFA364B1060012274
S315080230F01A6470BD01330C2B02D1334D2CE0012327
S3150802310052F8041BA142F5D1304A32F81330E3E7EC
S31508023110C2F3016335F81300110C93B211F0FE0FD6
S3150802312043EA0043606820D00434CAB2022A2168FE
S3150802313008D96668A068033AC3E9001698600C3491
S315080231400C33F3E704D16268C3E90012083403E0DA
S31508023150012A01D1043419602268531CD8D10022ED
S31508023160164B1A6003F58053C1E7120F072AEDD8EA
S31508023170DFE802F00704090D1013181DC04303F512
S3150802318000531860E2E71A6842401A60DEE703F560
S315080231908053F6E704F0E2F9D8E7012203F58053F3
S315080231A08240F2E7012203F500538240EDE71A68EE
S315080231B030EA0202FBD1C9E7B039002000C002B8E2
S315080231C0404000B000D002B870DA02086E3A002019
S315080231D00B4B1B68D3F8F03023B11A68022A01D9BF
S315080231E0186A7047074B9A6E90B238B1064BC2F30B
S315080231F007421B68DB085343B3FBF0F0704700BF76
S3150802320008370020004001B898390020064BDB68D1
S31508023210C3F30363984206D1044A536E23F0F003BC
S3150802322043EA011151667047000002B8003F00B038
S31508023230054B1B68D3F8F03013B11A680A2A01D86D
S31508023240FFF7C6BF186C7047083700202DE9F74309
S31508023250064604F07CF900248046DFF8909005F0D3
S315080232608DFA0DF1070105460DF10600FDF7F4FE8C
S315080232709DF806308BB9721C29D004F068F9A0EBC8
S315080232800804284605F075FA9DF8063013B99DF824
S3150802329007303BB3A642E2D824E0D9F80C3013F43F
S315080232A0603FE8D0D9F8180004F0DFF9731C074626
S315080232B003D004F04CF9A0EB0804284605F059FAA5
S315080232C017F5007FE0D0384603B0BDE8F0832846FC
S315080232D005F04FFA9DF80630002BC0D19DF807304D
S315080232E0002BBCD1004FEEE700FEFFFF00C000B87E
S315080232F00B4A10B5136F0B4C116F03F00703E35C0F
S31508023300C1F3CD0101FB0333126F0748C2F34542ED
S3150802331002FB033300688001B0FBF3F010BD00BF67
S31508023320004001B868DA0208983900200122014BE8
S315080233301A657047001002B80122014B1A657047D8
S31508023340002002B84022014B1A657047002002B8D5
S315080233504022014B1A657047001002B810F1800F1F
S3150802336004D04D28CEBF7F20323040B2FF22034B15
S31508023370C0B25A62A3F580535862704700E000B89B
S31508023380044BD3F8B03010B1C3F30332027003F022
S315080233900F007047000002B8064B01F080015B6C13
S315080233A003F480030B4302BF4FF40012024BDA64A4
S315080233B0704700BF000002B8006001B80F4B1B78C7
S315080233C08BB1012B11D10E4A012102F580528B4293
S315080233D091600FD80A4A0B49002B08BF0A46936820
S315080233E09B07FCD47047074AEEE700224FF4805346
S315080233F09A60FFDE00239B68FBE700BF773B00204D
S31508023400004003B8000003B838B50B4B0B4C002834
S3150802341018BF1C46A569E3691D4007D0084B1B68FF
S315080234202BB12846984704F50054A56138BD6B05AB
S31508023430F9D5FFF7C3FFF6E7004003B8000003B863
S31508023440083A0020124B197809BB124AD06C586008
S31508023450D2F88800D860526F1A610F4AD06898610C
S31508023460D06BD861D2F808011862D2F80C015862FA
S31508023470106B9862506BD862926B1A6301221A70AB
S31508023480064B074AD3F8BC0E1060C3F8BC1E704739
S31508023490103A0020004001B8004000B8003000B0E1
S315080234A00C3A0020164B1A784AB35968154AD16461
S315080234B0D968C2F88810196951679969A2F58032E4
S315080234C0D160D969D163196AC2F80811596AC2F872
S315080234D00C11996A1163D96A5163196B91630121B7
S315080234E002F5005291641021A2F58052C2F88410A6
S315080234F000221A70044B1A68044BC3F8BC2E704794
S31508023500103A0020004001B80C3A0020003000B002
S31508023510194A38B5D36C03F4E071C02921D003F0F7
S31508023520C003802B23D1154B154A01255A67302231
S3150802353003F580535A670522A3F59033DA6003F53B
S3150802354080539D6405F01AF904460E4B29461D61FF
S315080235500D4B00205B6898472046BDE8384005F0C9
S3150802356008B923F4E07343F08003D364DBE700234E
S31508023570C2F88830D7E700BF004001B8005001B84A
S315080235800F00FFFF000002B8A43E0020012838B54C
S3150802359001D0042831D11E4BD3F8082122F48042E7
S315080235A0C3F80821D3F80C2122F48042C3F80C216F
S315080235B00122DA6324221A634FF480725A634FF4A3
S315080235C09C729A63102203F50053C3F884200522DD
S315080235D001250F4BDA6003F580539D6405F0CEF89A
S315080235E004460C4B29461D610B4B00205B68984725
S315080235F02046BDE8384005F0BCB83F22074B0628EE
S315080236005A670CBF064A074AA3F580535A67DEE78C
S31508023610004000B8000002B8A43E0020006001B8CD
S315080236203800FFFF1200FFFF4FF604014FF60502AE
S31508023630044B01201B6C9BB28B4208BF1346024AFD
S31508023640136670470080E00F00C001B82DE9F74FF6
S3150802365081460F464FF0FF35FFF792F90026019093
S315080236608A462C463046DFF8D8B006F110031B010D
S315080236705BF8033003F00308B8F1010F15D13046A1
S31508023680FFF762FA02460B4601985146FEF782FF99
S31508023690DBF8643006F10802D340DB0739D5002F80
S315080236A040D000252C463E6040460136082EDCD125
S315080236B060B3234A0027D2F808C0916B0CF4403352
S315080236C00131A4FB0141641941F10001B3F5003F40
S315080236D030D1536B0CF4405C013347F10006BCF55C
S315080236E0805F22D1156B15F5807505FB06F647F145
S315080236F0000203FB0266A5FB03323244594304FB6C
S315080237000212A3FB04341444C9E9003403B0BDE829
S31508023710F08FA84271EB0403C6D207B13E60054694
S315080237200C46C1E73D463C46BEE7320242EA136210
S315080237301B02E3E7136B13F5807347F10002DDE71B
S3150802374000C001B8F8B5062003F024FF044603F0CA
S31508023750FEFE42F21073041B9C42054618D94FF02E
S3150802376080624F240B4B5A6441F26F770A4E0BE084
S3150802377003F0EDFE401BB8424FF4837221468CBF1C
S3150802378000200120FBF77AFC736C5B01F0D5F8BDCB
S315080237901A24E9E7002002B8000002B8034B1A6EA1
S315080237A0596E03F500530A401A66704700C00A505C
S315080237B0FF28F8B506D1FF294FF0070006D00029E1
S315080237C068D103E0FF2963D10F2863D80026324C5B
S315080237D0324D84F8740084F87560686940F25D12A7
S315080237E04B2100F00100FBF749FC11234FF480122C
S315080237F0AB662B4B6E66C3F888219A6001213B2083
S31508023800E6F704FA94F87510264A94F874300A43CF
S315080238102549063341F82320244B3E201D68E6F746
S3150802382037FE6F08ED07024633462846394602F048
S3150802383075FB090241EA1061C0F3C05040EA410033
S315080238401B4B6066186B10F5807005D14FF4D67263
S315080238502B21FBF713FC022002460023002001213C
S3150802386002F05CFBA0663E20E6F712FE40F64943EC
S315080238705843000DFF2828BFFF20022838BF022020
S31508023880002184F87800012000F0E0FC0020F8BD51
S315080238900F2894D92120FAE7003E00B000C00A504A
S315080238A000E100E0020D0C00008003509839002068
S315080238B000C001B870B5FFF745FF0021022000F0ED
S315080238C0C5FC03F044FE04460F4D104ED5F8F433FA
S315080238D01B070BD504F052FFBDE8704002220C4BC1
S315080238E0DA6001220B4B1A7004F043BF03F02FFE75
S315080238F0001BB0424FF405724FF045018CBF002001
S315080239000120FBF7BBFBE1E7000002B83F420F00CC
S3150802391000C001B8783B0020224910B50B78002B6D
S315080239203ED00122204C94F875300133DBB202FAFC
S3150802393003F31E4A536613664FF400221C4BC3F860
S31508023940882100230B7003231A4A39211364A2F52E
S3150802395080525364184B40F2C322586CC0F38060FD
S31508023960FBF78CFB4FF48041144A154BC2F89410AE
S31508023970144AE16ED26E914202BFD3F86C212267D5
S31508023980D3F86431206F08BFA4F87A30B4F87A10F5
S3150802399000F0DEF8BDE810400121022000F056BC16
S315080239A010BD00BF783B0020003E00B000E00A5080
S315080239B000E100E000E00950000002B800E001B8AA
S315080239C000C001B800C00A5010B504463E20E6F70A
S315080239D05FFD6043034B00F5F42000F59070B0FBE1
S315080239E0F3F010BD40420F002DE9F74FFFF7ECFF49
S315080239F00446FFF7A7FE04F0C1FE00214B4F054619
S31508023A0068463970FFF722FE494B80469E69494B44
S31508023A10DB6813F0706F1CD1474B5B6913F0060A1B
S31508023A2017D1E0B1454B611D1868A1FB00B93E20CC
S31508023A30E6F72EFD534602464946584602F06EFA06
S31508023A40009B090241EA106100029842019B9941D2
S31508023A5005D3284603B0BDE8F04F04F08ABE00211C
S31508023A60022000F0F3FB03F072FD8146DFF8C4B0D2
S31508023A70DFF8D4A0DBF8F4331B0741D5B8F1000F01
S31508023A804DD0DDE900893E20E6F702FD4FEA18210E
S31508023A9041EA09614FEA1923A0FB019800FB038852
S31508023AA0264B1A6812B9FFF7FFFA02460023484660
S31508023AB0414602F033FA0121214B013493F875305D
S31508023AC0DFF86CC001331F4A361BDFF880E0DBB231
S31508023AD001FA03F30644CEF86030CCF86C605366FC
S31508023AE0DCF81820DCF86C60241A921BA24216D263
S31508023AF0CEF864300220CEF8603000F0A7FBA8E7C3
S31508023B0003F025FDA0EB0900504540F26A224FF06A
S31508023B1045018CBF00200120FBF7B0FAAAE7022272
S31508023B20054BDA6001233B7093E700BF783B002020
S31508023B3000C00A50000002B800C001B89839002037
S31508023B40003E00B000D00A503F420F0000E00A5083
S31508023B5001232DE9F74F9A4F044697F875208A46AE
S31508023B609340984A0E46936697F87420964B0546F4
S31508023B70C3F8F0204FF40032944B4FF0000B1A6151
S31508023B800223DFF85482C8F80C30914B9B6903F183
S31508023B90FF39A3EB0903002B40F3D5800BF1010B88
S31508023BA0BBF1020F58D9EC220D210020FBF766FA69
S31508023BB04FF08053874A884F53664FF40031804B43
S31508023BC0C7F86C511D670025C3F86C90C7F8646185
S31508023BD0A3F87A6011617C4AC2F8F05093F875200E
S31508023BE001239340774A936604F0C8FD2A462B467A
S31508023BF04FF4807E3E6AD7F864C002F110010901CB
S31508023C00795801F00301012910D10EFA02F111EADD
S31508023C100C0F0BD107EB0215B442D5F80C5100F282
S31508023C20A580AC4202D2AE4280F0A3800132082AB5
S31508023C30E3D16A4D2968012940F29E803BB1604969
S31508023C40B1F876201A43A1F87620604A536603B083
S31508023C50BDE8F04F04F08DBD012397F875205C4D41
S31508023C609340584A936604F089FD4FF08052594BA7
S31508023C7001905A66AB6903F10109C5F86C90D8F848
S31508023C803010D8F80830DD036DD5FA6E7E6EA9EBD2
S31508023C900202A2FB0626BB6E01F58071A6FB03E5AE
S31508023CA0A2FB03C313EB0E03A1FB03EC45F10005CC
S31508023CB001FB05CCB2EB0E0266EB0C06120A42EACF
S31508023CC006625244B2EB112F4FEA112603D301338F
S31508023CD045F10005921B043E964228BF1646C8F8CF
S31508023CE0186097F87920D8F82010E318D2B245F16F
S31508023CF000058C42D8F8381084BF02F1FF32D2B2DE
S31508023D00481C0ED04FF0000E01F1010C99427EEBD1
S31508023D10050008D20132B3EB0C03D2B265F10005F5
S31508023D20F4E72A44D2B21D4602F0030287F8792044
S31508023D30C8F82030012397F8752001989340284A3D
S31508023D40936604F016FD224B9B6900BF00BF00BFB5
S31508023D5000BF00BF00BF00BF00BFD8F86420D20072
S31508023D607FF517AF24E756462546E3E7AC42BFF48C
S31508023D705AAF19438BB259E71A4A1478142C01BF61
S31508023D800024194E14703470147801341470002B00
S31508023D903FF45DAF0A4EB6F876401C43A6F8764065
S31508023DA00A4C6366104C23780133DBB2022B23706C
S31508023DB07FF44DAF0023013129601370237046E763
S31508023DC0003E00B000E00A500080035000D001B85F
S31508023DD000C00A5000E001B800C001B8343900201A
S31508023DE000D00A507A3B0020793B00204FF400525B
S31508023DF0014B5A60704700BF00E100E04FF40052E1
S31508023E00034BC3F88420BFF34F8FBFF36F8F7047FE
S31508023E1000E100E0F8B50B46002213F8044B944281
S31508023E2025D91D68854224D106245A791D79124B53
S31508023E3088181E6804FB0503104F33F8063C7B43BB
S31508023E40B3420ED900238A5A7A43964202D804FB11
S31508023E500300F8BD9D42FAD9013304FB03F2825AE4
S31508023E60F2E740F247423D210020FBF707F900201E
S31508023E70EFE708330132D2E7443A002040420F0006
S31508023E8000202DE9F84FA2FB017BAA4EDFF8DCC21F
S31508023E90BE1998466BF10003B44570EB030307D2CB
S31508023EA040F23E220E21FBF7E9F80220BDE8F88F20
S31508023EB0D8F814A00C461546BAF1000F04D0DAF861
S31508023EC00030032B00F2A9809B4B9C4A9B6BD2F8CD
S31508023ED0FCA0C3F314099A4B1B6F58074EBF4FF445
S31508023EE040039B0503F0E07349EA0309954BD3F8AF
S31508023EF0EC30590048BF49F0807949EA456904F02F
S31508023F0045F8012D0646D0D10028CED08E4B9842D0
S31508023F1000F0948003F5122303F5F863984200F043
S31508023F20B6808A4B984200F0BE80002502462B4690
S31508023F3000204FF0007101F0F1FF2B46013007FB1C
S31508023F4003F3C9F3130100FB0B33A7FB0070A1FBB4
S31508023F500662034401FB052220339B09C8F8003098
S31508023F607B4BF60C1C6046EA42367A4B19F4801FE4
S31508023F7008BF76421E60784B34441C60BAF1000FC3
S31508023F8048D00023DAF81C5019F0807F18BF64085D
S31508023F90C8F80830C8F80430002D53D1DAF80060A2
S31508023FA00023062EC8F80C30C8F8103032D9DAF8D1
S31508023FB030307BB303F0EAFFDAF83010FFF72AFF56
S31508023FC0044618B18378002B40F0998003F0ACFFC1
S31508023FD0DAF83010FFF71EFF0446D8B18378CBB162
S31508023FE0407940F27352003818BF01203D21FBF791
S31508023FF045F8207940F2745200384FF03D0118BF57
S315080240000120FBF73BF8237962791B0243EA021384
S31508024010C8F810300020BDE8F88F042BDAF828908B
S315080240207FF46DAF19F0807F14BF4FF4400309F097
S31508024030E07329F0E07949EA030960E70023474873
S315080240401D467CE73E4FD7F83C21D2022FD4DAF838
S3150802405000601CB1B4FA84F107291CDD2B46210243
S31508024060B1FBF3F14B0067020133E40D01E00233C1
S315080240700131A5FB0302874274EB0202F7D2C1F3B0
S315080240800E01090341F00061C8F8081088E7002309
S3150802409033481D4653E7C1F1080325FA03F304FA28
S315080240A001F10133DCE700232E481D4647E719468E
S315080240B02D4AC9F3815912F80920002EB8BF764253
S315080240C092066008C2FB0601224601F027FFDAF8CB
S315080240D000600E2E0ED9184B9A6BBB6CD7F83C11A2
S315080240E0DB0607D502F4801201F400110A4308BF61
S315080240F0C0F58010C0F31300C8F80400A9E7407998
S315080241004FF4AB62003818BF01203D21FAF7B6FF1B
S31508024110207940F25952003818BF01203D21FAF79A
S31508024120ADFF237962791B0243EA0213C8F80C3001
S315080241304CE700BF006CCA88008001B8004F00B087
S31508024140004001B8000002B800F04902005A6202B3
S315080241504C3A0020483A0020443A00200A3BB2DF93
S31508024160313641DCD694BFD678DA0208807C814A99
S3150802417010B5044686B059B9214B4168D3F8FC30CC
S31508024180827A2048059300686B46FFF779FE6946EE
S315080241901D4B0A685A631A4BD3F8FC3033B34B6883
S315080241A043B11A4B1A4AC3F83C214A68A3F580530D
S315080241B0C3F83C218B6843B1144B164AC3F81C2139
S315080241C08A68A3F58053C3F81C21134AC868D2F833
S315080241D0983123F4EE630343C2F89831D2F890314A
S315080241E0096923F4EE630B43C2F890310020228951
S315080241F00A4B9A6203F5A033186406B010BD00BFD5
S31508024200004F00B008370020008001B8006001B8EE
S31508024210FFFF0F0000F0FF0F000002B8004000B8D1
S31508024220074BD3F88022D20707D55B6E002B4FF4D3
S315080242308043B4BF034A044A13650020704700BF8F
S3150802424000800050002002B8001002B8064B1A6C13
S315080242509207FCD4022240EA01205860034B1A64F2
S315080242600122034B1A70704700C002B800D002B888
S315080242707B3B00202DE9F041364F0646FB68C3F327
S315080242800363022B64D103F062F90546DFF8DC808A
S31508024290BC6A14F4802449D104F070FAFB68054616
S315080242A0C3F30363022B3BD1304603F043F828B12C
S315080242B0294B93F8D8200AB183F8D9400022274B14
S315080242C083F88020234B5B6C98053DD5224BD3F8A7
S315080242D0C03059889A68C90748BF1821D66848BFA6
S315080242E0927806F4000044BF01FB023303F10C0284
S315080242F01B4B06F008069B6993608022194BDA600D
S3150802430038B14FF4003203F5A043CF20DA61FEF745
S31508024310B3F8CEB14FF40072134B5A6402229A6074
S31508024320284604F026FA2046BDE8F08103F00FF984
S31508024330401B40454FF064024FF047018CBF0020F6
S315080243400120FAF79BFEA3E78022024B1A61E7E7F0
S315080243500224E8E7000002B8003E00B0003F00B0C1
S3150802436000C000B800C001B8002002B83F420F00E2
S3150802437010B590B10468012C0FD902696AB11168A7
S31508024380094B102C196051685960916888BFD26828
S31508024390996094BFD960DA6010BD102200210248E4
S315080243A001F0ADFFF8E700BF543A0020084BC117E9
S315080243B01A68A2FB000302FB013310F1807043F175
S315080243C00003400E40EAC310803820EAE0707047C6
S315080243D0643A00200722194B70B51A64184B194A19
S315080243E01D68194BEC08E005C0184FEA153141F172
S315080243F00001002301F092FD144B154E1860154872
S31508024400FFF7D4FF4042C6F8DC0049F65800FFF72A
S31508024410CDFFC6F8A8001048FEF7B8FB024660B101
S31508024420E301500818184FEA15714FF0000341F1DD
S31508024430000101F073FDC6F8B40070BD000002B8B1
S315080244409839002065CD1D00B2E60E00643A0020B8
S31508024450003F00B07011010040420F0010B504463B
S3150802446098B10B4BD3F8FC00FFF782FF4FF47A732F
S3150802447003FB04F0074BA0F6AC50DA689B681044BD
S31508024480C01ABDE81040FFF791BF4AF6C870F8E7B0
S31508024490004F00B0543A00202DE9F8430546084675
S315080244A014461E46FFF764FF9DB106F0020716F092
S315080244B0040610D16FB1284600F0C6F820636B696E
S315080244C0002B7ED147F23050FFF770FFE062002ED4
S315080244D058D1BDE8F8832869002869D04FF47A7361
S315080244E058433F4BA0F6AC509B68C01AFFF75EFFD5
S315080244F0A062A88B00285ED04FF47A735843384BD3
S31508024500A0F6AC509B68C01AFFF750FFE061354B26
S31508024510E968D3F80080002950D04FF47A735943DA
S315080245202F4BA1F6AC519A685B68891AC91A2E4BA9
S31508024530C8171A68DFF8B890A2FB011302FB00330A
S3150802454011F1807143F10003490E41EAC311803922
S31508024550264B2162D3F8C4306362D9F8003053B1CE
S31508024560404602F0E7FE30B12246D9F800301C492F
S31508024570D8F8E40098470021A869FFF76FFF60633F
S31508024580002F98D1A86828BB47F23050FFF70EFFD4
S3150802459060614FF47A702B6858432BB1104B1B6835
S315080245A003F51C5310331844FFF700FFA06190E788
S315080245B04AF6C8709AE74AF6C870A5E74AF6C87175
S315080245C0B5E7074AD0684FF47A7202FB0300A0F5F2
S315080245D0FA5079E74FF47A735843A0F5FA50D5E7BB
S315080245E0543A002008370020643A0020003F00B001
S315080245F0503A002070B5064608461C4602F0D1FF1E
S315080246000546D6F8F00000F011F84368054A002B73
S31508024610A8BF4FF4FA721A44034B601992FBF3F2DD
S31508024620104470BD0CFEFFFF18FCFFFF40B1036883
S31508024630012B05D90069034B002808BF18467047A5
S315080246400048704780DA020843684FF47A70584384
S315080246502BB1044B1B6803F51C5310331844FFF7A0
S31508024660A5BE00BF543A002070B588B06D46184CF6
S315080246700FCC0FC594E80F0085E80F00EC22002145
S31508024680144801F03CFEB0220021134801F037FE1F
S3150802469020220021114801F032FE03F007F8104BE0
S315080246A01B783BB16D460A4E0FCD0FC695E80F0033
S315080246B084E80F000C220B490B4802F03FF80B4B1B
S315080246C00B4AD3F87831C3F38243136608B070BD38
S315080246D0E03F00B0643E00B0503F00B0E04F00B08B
S315080246E0673B002090DA0208AC3E00B0000002B830
S315080246F0003F00B0064BD3F8EC0E064B9B6C1A0132
S3150802470003D4054B9B6E1B0401D500F580707047D8
S31508024710003000B0000002B8004000B810B504F03E
S315080247202DF80E2104460320FEF770FD40F2012201
S31508024730034B2046BDE81040DA6204F01AB800BFFF
S31508024740004000B8064B00201B6893F82430DB09AA
S3150802475002BF0322034BC3F85022FAF7F9BF00BF80
S3150802476008370020006001B8012370B5074C237092
S31508024770074B1E68074B3240D3E9005319402840BD
S31508024780FBF734FD0023237070BD00BF803B002079
S315080247906C3A002060340020024B5868C0F3C0000F
S315080247A0704700BF6034002010B50446FEF748FC87
S315080247B000F020FF2046FCF7F9FEFEF7CBFBFDF7DB
S315080247C067FEFDF7D9FEFFF705FE13490723134ACD
S315080247D0D1F8FC1004F58270FFF75EFE4FF0807187
S315080247E00020FEF7F3F94FF000720D4B4FF400115B
S315080247F00120C3F80021FEF7E9F9FEF715FF20B9F3
S3150802480040F223121421FAF739FC02F04DFFBDE8F3
S3150802481010400120FDF718BD004F00B0A43F00B0BC
S3150802482000D001B88023074A5364082340B1536471
S31508024830054AD2F8BC3E23F02003C2F8BC3E7047B4
S31508024840024AF4E7001002B8003000B0002002B8AD
S3150802485010B503F093FF012104460020FFF7E2FF9B
S31508024860044B1961044B5B6898472046BDE8104023
S3150802487003F07FBF000002B8A43E0020F0B583B063
S3150802488014460646FFF7CCFCFBF7B6FE002800F0F6
S31508024890A980594B5D6915F0060540F0A38003F01F
S315080248A06DFF23790095022B054647D1237B022B00
S315080248B033D00320FDF784FF20B9504BDB685B0435
S315080248C040F19280A37B277B003B18BF0123A26895
S315080248D04B49012F01920B706FD000F07DFE042028
S315080248E0FDF76AFE0420444E0223716F3A4621F010
S315080248F0F85121F4F81141F0506141F480317167A1
S315080249000DEB0001FDF776FE0446002860D0012073
S3150802491030223C493C4B08701A653C4E336898472E
S315080249202128044604D101210020736898470024EF
S31508024930284603F01EFF204603B0F0BD0320FDF70C
S315080249403FFF002850D12279D6F80C31012A226875
S3150802495030D0D01A00900020274B2D4A2D495A678D
S315080249609867637B2C4A23F040000028C3F3801320
S315080249700B700CBF012300231370284B274AD3F868
S31508024980BC3E4FF003000CBF43F0200323F0200384
S31508024990C2F8BC3EFDF710FE174B214A03205A67A0
S315080249A0694601232279FDF725FEF8B101221D4B3E
S315080249B01A707BE79A42CDD3CBE72379022B8CD0A8
S315080249C0009BD6F80C1100270B441344019384E785
S315080249D00320FDF7F1FD28460D4A124B72671C703B
S315080249E003F0C7FE0E24A6E72846F9E7284603F091
S315080249F0C0FE21249FE700BF00C001B8000002B82C
S31508024A00853B0020823B0020001002B8A43E00200D
S31508024A1000000101833B0020843B0020003000B0E7
S31508024A20010C01007F3B0020F8B5194C0546207899
S31508024A3040F27D22B0FA80F03E214009FAF71EFBC9
S31508024A4055B9607840F27D22BDE8F840B0FA80F0A8
S31508024A503E214009FAF712BB4FF440660D4F0E4D40
S31508024A60D7F8083140F27D22C3F381232370C5F8B3
S31508024A70086160783E21B0FA80F04009FAF7FEFA3A
S31508024A80D7F80C31C3F381236370C5F80C61F8BDFE
S31508024A907C3B0020004000B8006000B810B5104BFF
S31508024AA0104AD3F8B8001478596A9A6A00F00F00C7
S31508024AB021F4706122F0E052844241EA042142EA7A
S31508024AC084624FF01F04084835BF9A6259625962D8
S31508024AD0C0F8B84034BFC0F8B8409A6210BD00BFEB
S31508024AE000C000B8633B002000E000B8A82238B531
S31508024AF01C4B5D6C03F500535A6410229A60A3F5A9
S31508024B00804302F100521A675A6600F0F1FF164B0B
S31508024B101B7813B90320FDF74FFD0024134B9C673E
S31508024B2001F00CF8124A134BD2F8EC1E0B40C2F8ED
S31508024B30EC3E0422104B5A64104BC3F8C440FFF7EC
S31508024B40ADFFAB0607D50E4B5B6FB3F5817F22BF70
S31508024B508022044B1A61FCF7E9F90022094B1A7004
S31508024B6038BD00BF000002B87F3B002000C001B874
S31508024B70003000B0DF0000FF002002B8003E00B09F
S31508024B80003F00B07E3B00200D4A10B5D2F8A03097
S31508024B90D2F8A4100B40B3F1804F0CD34FF040402B
S31508024BA00849094CC1F8A400D467C1F8A0004FF41B
S31508024BB08021064AD161034AC2F8A03010BD00BF5F
S31508024BC000400050006000500000FF01001002B8CB
S31508024BD0044B1B7823B9044BD868C0F3803070475E
S31508024BE0012070477E3B0020000002B89C4B2DE94D
S31508024BF0F04F9A6EDB6E85B002EA0308994BC3F84A
S31508024C0068804FF03A43D3F81461D3F818311E403E
S31508024C10954BC3F81461954B9A68DB6802EA030A56
S31508024C20934BC3F808A003F52043DA691B6A02EA24
S31508024C300309904B09F47702DA618F4BD3F8042201
S31508024C40110306D4D3F804311A03C3F3C04740F15B
S31508024C50E58003F093FD894B5A695F6E1B6F12F06C
S31508024C60060F07EA0307864A27F0007323F4006350
S31508024C7014BF4FF0010B4FF0000B53667B0706D5A6
S31508024C80804A92F879300133DBB282F8793003F040
S31508024C9070FDB8F1000F00F0DF8018F4004427D049
S31508024CA003F06CFD0146FFF725FD0446764B1D68A9
S31508024CB02A682B689A42FCD02A689A42FCD0FFF7E7
S31508024CC019FDA04240F0AC80084603F052FD6F4B36
S31508024CD01C606F4B5D6C15F4E05240F0A38024F023
S31508024CE07F4424F0DF040CB9FFF700FF4FF080740D
S31508024CF018F0020F4FF0000514D0654B5D495B6C46
S31508024D0003F460424A64002A00F0A0801D0400F100
S31508024D10A08013F4005F0CBF4FF000534FF00063FE
S31508024D2000251C43C8F340384FEA4808594B33401C
S31508024D30002B4BD016F4206F0AD040F2BC52062143
S31508024D400020FAF79BF9002000F056FF26F4802689
S31508024D50F00506D5FF22474B44F4C0649A60FFF774
S31508024D60DDFC16F0090F0BD040F2D15208210020C3
S31508024D70FAF784F900F034FF4FF03A4301225A63F6
S31508024D8016F0106F0CD040F2DA5209210020FAF719
S31508024D9075F900F025FF002211461046FCF70EFDB4
S31508024DA016F4202F0AD040F2E25207210020FAF721
S31508024DB065F9002000F020FF26F48026F10301D5CC
S31508024DC0FCF74EFE002EB8BF48F0080872070ED54B
S31508024DD04FF03A431B6B13F4005F4FF4005317BFAF
S31508024DE0214A2D4A136344F4000408BF136373056A
S31508024DF048BF44F0040416F48023019300F0B580FA
S31508024E00FCF7E4FD0138062848D8DFE810F042012D
S31508024E104501420148014B014E014E01BB4638E7A6
S31508024E20044645E70192FFF761FE124B019A5A645E
S31508024E3015F4805307D115F4806F0CBF4FF08054D8
S31508024E404FF0806454E74FF0804451E74FF0007307
S31508024E5066E74FF0004363E74446454666E700BF08
S31508024E60004000B8006000B8002000BA004001B84F
S31508024E70006001B8002002B800E100E000C001B8F5
S31508024E8000E001B8003E00B02CDA0208683A0020B9
S31508024E90000002B8090B0B89001000BA40F213622F
S31508024EA003210020FAF7EAF84FF03A420121D2F834
S31508024EB08C30D2F8AC0003F00703063301FA03F389
S31508024EC0C0F30C001B1A9BB2072B12D97F4B5B6CE3
S31508024ED058020ED47E48D36CD26E406D58B103F098
S31508024EE0070306339940C2F30C03C91A89B2072984
S31508024EF001D844F40074774B1B78002B35D04FF059
S31508024F003A43D3F8143113F4A02F2ED1724B734AB5
S31508024F101B7893B9FB0410D4137873B1E30870496C
S31508024F2043EA457383F00103D1F8EC1E03F001034B
S31508024F305B0021FA03F3980717D10420FDF73CFB1F
S31508024F40684B6949596700F047FB644A137843B9C5
S31508024F50664B1B782BB1664B664A1B682340134285
S31508024F6001D144F4804427F48057BAF1000F31D0B6
S31508024F701AF4805F18BF44F480241AF4807F18BF9D
S31508024F8044F400241AF4005F18BF44F010041AF41B
S31508024F90007F18BF44F020041AF4806F06D04FF43D
S31508024FA08062554B44F04004DA609A601AF4006F46
S31508024FB006D04FF40062504B44F08004DA609A60DF
S31508024FC01AF0805F06D04D4B0021186845F48055CB
S31508024FD0FBF742FBB9F1000F3AD019F4802F18BF3C
S31508024FE045F4007519F4803F18BF44F4805419F447
S31508024FF0801F18BF44F4003419F4001F18BF44F088
S31508025000020419F4003F18BF44F4801419F4800FFF
S3150802501018BF45F0100519F4002F19D0304BD3F8F4
S31508025020BC3E13F0C00F13D0284AD368C3F30363F8
S31508025030032B01D0072B05D1936CD90602D4D36C66
S315080250401A0735D54FF400222D4B29F40029DA61C7
S31508025050002F00F020813B0540F18A802949214A28
S3150802506091F803A0284BBAF1000F53D04FF4006011
S315080250700AF1FF3A58665FFA8AF3CB7033B9234BC3
S315080250801B78C3B140F60142214B5A67002300221E
S315080250906CE044F4803407E744F4006404E744F41B
S315080250A0806401E744F48074FEE644F00804FBE6F3
S315080250B044F40014CCE7936F13F4A05F15BF4FF4C2
S315080250C0807340F6014393659367DFE7000002B8F1
S315080250D0004000B8823B0020813B0020843B002030
S315080250E0003000B000C001B800000101833B002077
S315080250F060340020088D0100006001B808370020DE
S31508025100002002B86D3B002000E001B87F3B00207A
S3150802511000D001B80320FDF74FFAAA4AAA4B5269F2
S3150802512012F0060F77D05046FDF7B2FB4FF4006136
S31508025130A54BA44A59665369A44813F0060308BF47
S315080251409367B0F87630A24913F4006267D023F465
S315080251500063A0F876300B7803F0FF0A002B62D1C1
S31508025160FDF740FDFFF7C2FC534620221C431543B8
S31508025170B80009D52E20FDF77FF94FF00052924B61
S3150802518045F008051A675A66F90608D52B20FDF771
S3150802519073F910228C4B45F400151A675A6617F0F4
S315080251A0306F05D1FA046AD5BBF1000F00F0CA8048
S315080251B03B0115D52920FDF75FF9864B8649DB6841
S315080251C003F48042C3F380330B70FFF7E5FA28B184
S315080251D0824B7D4982484B6603673ABB45F0040514
S315080251E017F0007B2FD00420FDF7E6F92720FDF7FC
S315080251F043F9FFF77BFC4FF00072734B5A66794B03
S31508025200D3F8EC2E510600F184800222764B9A607E
S3150802521045F002052EE041F61F725A6786E70B78BB
S315080252204FF40053A2E74FF4004330E70B67202000
S315080252304B66FDF721F945F400152D2045F00C05BE
S31508025240FDF71AF9CCE717F0807FDFF878A14BD083
S315080252500420FDF7B1F92820FDF70EF9DAF87830BF
S31508025260002B3ED1FFF742FC574B5C4A45F001053D
S315080252701A675A66FFF766FA0022524B9A65BA040B
S3150802528009D55A4A5379002B00F0D180013B537154
S31508025290002348EA0308534BD3F8BC3E1B0603D542
S315080252A020462946FBF70CFF424620462946FFF7C9
S315080252B05BFA019B0BB1FCF7C1FB4FF400424C4B66
S315080252C006F00436C3F814614A4B19F4002FC3F8E2
S315080252D084211EBF4FF40022434BDA6105B0BDE8B4
S315080252E0F08FCAF878B0BFE7F804C5D50420FDF7F1
S315080252F063F9414BCAF87430FDF774FCDAF8643086
S3150802530013F0407FB8D12A20FDF7B6F8FFF7EEFB77
S3150802531075E7D3F8BC3E9A063FF57AAF0222374BB9
S315080253209A60374B1B6893F825309B077FF570AF59
S31508025330264B93F8D830002B3FF46AAF8022254BD0
S315080253401A6165E7294A13794BB1013BDBB213713E
S3150802535013B9234B2B4A5A6700231C438FE70420B1
S31508025360FDF72AF90320FDF727F9164B224A5A6751
S3150802537003F004FA82460DF10F00FEF701F8224BFC
S3150802538083461B780BB1FFF7C9F9BBF1030F0ED1A0
S31508025390DFF840B00020FDF7F3FF032807D1DBF85A
S315080253A02830D807F6D4DBF84830D903F2D49DF86A
S315080253B00F30032B2CD10122144B50461A7003F0DE
S315080253C0D8F9C9E700C001B800E001B8003E00B04C
S315080253D07F3B0020000002B87E3B00201000002020
S315080253E000D001B8003000B0002002B86D3B0020A2
S315080253F0002000BA00E100E000000101001002B836
S31508025400083700200000010D853B0020813B002063
S315080254104FF03A43D3F8143113F4A02FCBD100F04E
S31508025420DBF8504603F0A5F94FF4804395E70520CB
S31508025430FDF7C2F801232CE70122024B1A62DA6150
S31508025440704700BF002002B8094A08B5D369116A35
S315080254500B40084923F47F00DB07C86106D5D168EB
S315080254604FF0FF30C1F3036102F029F908BD00BF0E
S31508025470000002B8002002B80C4A08B5936CD26C38
S3150802548013400B4A9364DB070FD50A4B40F66D02AD
S315080254901878122100F00100F9F7F0FDBDE808407E
S315080254A0002201200021FFF75FB908BD00C000B83D
S315080254B000E000B86034002070B5154D2C6C6B6C9A
S315080254C01C40144B24F002021A64E20705D540F682
S315080254D0D40200202968F9F7D1FDA30716D50222BE
S315080254E00C4B1A640C4A6B6814687CB1DBB2042B49
S315080254F007D100220121094B18682346BDE87040EE
S315080255001847052B02D100221146F4E770BD00BFE9
S3150802551000C0095000E0095064390020083700200D
S3150802552038B50C4C0C4DD4F88430DB0706D4A36F7F
S31508025530D4F884201340094A936738BDD5F8043154
S315080255405A02F0D5FFF7B8FF4FF48003C5F8843145
S31508025550E9E700BF008001B800E100E000A001B859
S3150802556008B503F00BF90E4B1A78A2B90D4A126860
S3150802557012F4843F0FD10C4A102111651B7863B9C6
S31508025580084B1B68DB0508D4074B20221A65BDE8C1
S31508025590084003F0EEB8054AEEE7044BF5E700BF0C
S315080255A0823B002060340020002002B8001002B8B6
S315080255B010B503F0E3F80E2104460320FDF726FE94
S315080255C040F20122034B2046BDE81040DA6203F09E
S315080255D0D0B800BF004000B80022044B1A70044B32
S315080255E0197811B11A70FFF7BBBF7047813B0020CB
S315080255F0823B002038B503F0C1F84FF48043274CAC
S315080256000546C4F88430BFF34F8FBFF36F8F4FF44C
S315080256100043C4F88430BFF34F8FBFF36F8F4FF444
S315080256208033C4F88430BFF34F8FBFF36F8F4FF4C4
S315080256300033C4F88430BFF34F8FBFF36F8F4FF434
S315080256408023C4F88430BFF34F8FBFF36F8FFEF702
S31508025650D5FB4FF40023C4F88430BFF34F8FBFF352
S315080256606F8F4FF48013C4F88430BFF34F8FBFF3A4
S315080256706F8F4FF40013C4F88430BFF34F8FBFF314
S315080256806F8F4FF40003C4F88430BFF34F8FBFF314
S315080256906F8F2846BDE8384003F06BB800E100E09A
S315080256A038B503F06BF805464FF480430E4C636039
S315080256B04FF4004363604FF4003363604FF4802372
S315080256C06360FEF793FB4FF4002363604FF4801385
S315080256D063604FF4001363604FF400036360284667
S315080256E0BDE8384003F045B800E100E02DE9F0478F
S315080256F0DDF820A003EA0108099B06460D4602EAE0
S31508025700000703EA0A09BAF1000F40F06881031F8D
S315080257100B4300F02881052871F1000380F0FE8012
S3150802572050EA010300F0D081431E0B4300F03E818C
S31508025730FFF760FFBD4AD2E9004323EA050324EADC
S3150802574006043C4343EA0807B94BC2E900471E6808
S3150802575026EA0A0646EA09061E60FFF701FF14F062
S315080257602A4F14BF48F202034FF40043B14AB50761
S31508025770D26EB14848BF43F4005383EA020122EAD3
S315080257800302C266AD4A0B408166D366C4F3804201
S315080257901203200348BF42F48072E10648BF42F46E
S315080257A00052A749A30648BF42F4007214F0400FFC
S315080257B0D1F88830A34800F031815D0505D44FF44D
S315080257C080652B438560C1F8883014F0800FD1F8C4
S315080257D088309C4800F05C811D0505D44FF40065AD
S315080257E02B438560C1F88830974B9648D96817F4D9
S315080257F0007F82EA010323F0805301EA030102EAE9
S315080258000302C1608360914BDA608D4B07F4007224
S3150802581000F0468101224FF4802583F88420E304B0
S3150802582048BF45F48035A00348BF45F48015A10753
S3150802583048BF45F4001514F4001FDFF84C8206D061
S31508025840D8F8000001F057FF08B945F40025E2022E
S3150802585048BF45F40035FB067D4B48BF45F4800535
S315080258601A6A7C4985EA020323F001031A400A628E
S315080258701D40CB61784B16F0010F1D62774B784AB3
S3150802588018BF1A46774B7D071B6F48BF42F0006266
S31508025890754882EA030123EA02030367734B0A4047
S315080258A041661A67724A04F00103D16CA0F580308A
S315080258B081EA030221EA0301C16482641A406D4B3C
S315080258C02002DA64D8F8002048BF6B4B92F802210E
S315080258D058BF6A4B610748BF43F4806322B114F488
S315080258E0C06F18BF43F4807332074FF03A42BDE8DF
S315080258F0F047D2F8181148BF43F0004383EA010281
S3150802590022F4A0225E481140C0F818111340C0F8CC
S3150802591014215C4AC2F81831FFF7C2BEA0F58063AB
S315080259200B4306D020F48063A3F500730B437FF480
S31508025930FFAE02F023FF3D49D1E9003223EA06030E
S3150802594022EA050242EA08023B43C1E900324E4A0C
S31508025950126892F802114A4A09B313F4C06F1ED0AC
S315080259604FF4807311E002F009FF304AD2E90031A0
S3150802597023F004033B4341EA080157EA0807C2E950
S3150802598000314FF480633E4A0BD0C2F81431A2F5B7
S315080259908052C2F81831BDE8F04702F0EABE4FF469
S315080259A08073C2F81831C2F81431F4E702F0E6FE41
S315080259B01E4AD2E9003123F001033B4341EA0801BA
S315080259C0C2E900310123314A57EA08071BBF93642B
S315080259D0A2F58052D364D36408BF9364DBE750EA26
S315080259E001037FF4A5AEBAF1010F7FF4A1AE02F06E
S315080259F0C5FE0F4A136823F0010343EA090313603D
S31508025A004FF40053184AB9F1000F04D05366A2F5B1
S31508025A1080521367BFE713675366BCE723F48063B4
S31508025A20C1F888304FF480638360CEE66034002084
S31508025A306C3A0020004000B8006000B8005000B878
S31508025A40003F00B0006001B8004001B8005001B83C
S31508025A50000002B8002002B8001002B80438000399
S31508025A600418000300C001B800E001B800D001B86C
S31508025A7000C000B800D000B80D0A0A09090A0A09C6
S31508025A80002000BA001000BA0837002000E000B86B
S31508025A9023F40063C1F888304FF400638360A3E6F9
S31508025AA093F8841071B183F88420084BD3F8A410B4
S31508025AB003F50053C3F8A410C3F8A0104FF05023FF
S31508025AC0C3F8A4200025AAE6BDE8F08700400050E6
S31508025AD0024B186800F00100704700BF60340020CE
S31508025AE0024B5868C0F3C030704700BF60340020CC
S31508025AF00A4B197801F0FF0229B1002119700849E9
S31508025B009202C1F80821597801F0FF0229B1002151
S31508025B1059709302024AC2F80C3170477C3B002046
S31508025B20005000B84FF40062034B5A644FF4004227
S31508025B30A3F5E0339A667047001002B8F8B5084C28
S31508025B40084D636C0423084F6B64636C5B0300D4D3
S31508025B50F8BD042602207E6401F000FD6E64F4E7B7
S31508025B60000002B8001002B8002002B838B5044690
S31508025B7079B948B1164BDB681B0E13F00E0F04D029
S31508025B804FF4C062134B9A6538BD134B1B6CD90789
S31508025B90F6D4FFF70DFD0E4D0020FDF7F1FB0328A5
S31508025BA001D0092805D1AB6ADA07F5D4AB6CDB0359
S31508025BB0F2D4FFF7C3FF0122084B5A6102229A6206
S31508025BC0042203F580535A64002CDDD0D8E700BFBF
S31508025BD0000002B8006001B800C002B8001002B89E
S31508025BE008B503210920FDF711FB2022014B1A6192
S31508025BF008BD00BF000002B838B5054602F0BEFD72
S31508025C000E4B04461868FBF705FE35B1FFF7E4FCB0
S31508025C102046BDE8384002F0ACBD094B1B78002B84
S31508025C20F6D0084B1D78002DF2D1FFF7D5FC2A468F
S31508025C304FF480400021FEF797FDE9E70837002078
S31508025C40813B0020803B00202DE9F84F5A4B06463F
S31508025C500D4614465B6C002A40F0AB8013F0A00F89
S31508025C6014BF4FF001094FF00009FBF75FF9FEF781
S31508025C7015FFA0234FF0000ADFF854810320C8F865
S31508025C804430FCF799FC0420FCF796FC4B4FFFF7CF
S31508025C90A3FC4B4B4FF0040B7B67C7F878A0FFF7C2
S31508025CA04DFF484B4FF48071D3F8BC2E42F02002C8
S31508025CB0C3F8BC2EFF22C8F808203F4A1161D3F860
S31508025CC0EC2E41491140C3F8EC1EC8F844B0C3F89B
S31508025CD0C4AE7B6913F0060F04D0FCF783FF58465F
S31508025CE0FCF76AFCB9F1000F01D0FFF71BFF66B19A
S31508025CF0364BDB6C180701D4FFF75AFCFFF770FF27
S31508025D000420FCF759FCFFF7F3FE2B4B5A69D1071F
S31508025D104AD5DA6812F0706FFBD12D4B2D4A5A64B8
S31508025D202D4A536E23F0F003536615B12046FFF74A
S31508025D3063FF2A4BD3F84C315A1C01D05B0002D5BB
S31508025D400122234B5A61002C2ED0204B2249DA6EAF
S31508025D5003F500539A6603F5D0331B6A1C4A23F0EF
S31508025D600103D3611E4BD1F88800DB681D49034342
S31508025D708B601D4BC860D3F8841003F500539967EE
S31508025D804FF03A43D3F8181103F50053C3F8141128
S31508025D90164BD96C03F500539964154903F58033FC
S31508025DA059664FF6084353640020BDE8F84FFBF7DF
S31508025DB07FB94FF0000958E7000002B800C001B8E1
S31508025DC000000101003000B0DF0000FF004000B80B
S31508025DD0002002B810003000003F00B00080E00F3B
S31508025DE0004001B8006001B8008001B800C000B8E0
S31508025DF05000002F38B514460D4602F0BFFC064B7C
S31508025E00D3F8BC2E54402C405440C3F8BC4EBDE8CF
S31508025E10384002F0AEBC00BF003000B0034BD3F8E6
S31508025E20BC3E99430CBF012000207047003000B0E9
S31508025E302DE9F04117460A43012A1D469DF81840E6
S31508025E409DF81C60DDF8208029D8B44227D2082E96
S31508025E5025D8032B23D8B8F1000F20D00A460021F3
S31508025E60FAF7F4FAFF21EB009940C943DFF834C088
S31508025E7008F1FF38FF00E2B2964202D80020BDE8D8
S31508025E80F0813D190CEB8505D5F8F42018F8010FB9
S31508025E900A4098401043C5F8F4000134EBE7212084
S31508025EA0EDE700BF003E00B0174BD3F8BC2E12F048
S31508025EB0010312D0154B93F84830154A43F0807304
S31508025EC0C2F8D0304FF4801302F50052C2F8B4304B
S31508025ED0A2F58052C2F8B83070471106EDD40D4BC0
S31508025EE093F8471121B1D20602D593F84431E4E773
S31508025EF04FF480120020084B0549C3F8B820C1F8B0
S31508025F00D000C3F8B4207047003000B0003F00B09C
S31508025F10004000B8003E00B0006000B853B94AB964
S31508025F20002908BF00281CBF4FF0FF314FF0FF3091
S31508025F3000F082B9ADF1080C6DE904CE00F006F85E
S31508025F40DDF804E0DDE9022304B070472DE9F04FDD
S31508025F50099D0C46002B4DD18A420F468446964629
S31508025F60B2FA82F360D94BB102FA03FEC3F12002F8
S31508025F709F4000FA03FC20FA02F217434FEA1E4634
S31508025F801FFA8EF44FEA1C42B7FBF6F106FB1177AD
S31508025F9001FB04F042EA0742904208D91EEB0202CC
S31508025FA001F1FF3702D2904200F231813946121AC4
S31508025FB01FFA8CFCB2FBF6F006FB102200FB04F477
S31508025FC04CEA024C644508D91EEB0C0C00F1FF3270
S31508025FD002D2644500F21E81104640EA0140ACEB4B
S31508025FE0040C002125B12CFA03F30022C5E900327C
S31508025FF0BDE8F08F8B4205D90DB1C5E90001002134
S315080260000846F5E7B3FA83F100294DD1A342C0F059
S31508026010F380904280F0F080064623460846002D1B
S31508026020E6D0C5E90063E3E7002B40F0A3808A1AAD
S315080260304FEA1E471FFA8EF60121B2FBF7F407FB59
S3150802604014204FEA1C4242EA004206FB04F0904240
S315080260500FD91EEB020204F1FF382CBF4FF00109DB
S315080260604FF00009904203D9B9F1000F00F0CC8035
S315080260704446121A1FFA8CFCB2FBF7F007FB1022F1
S3150802608000FB06F64CEA024C664508D91EEB0C0CD8
S3150802609000F1FF3202D2664500F2B3801046ACEB3D
S315080260A0060C40EA04409DE7C1F120068B4004FA3B
S315080260B001FE22FA06F720FA06FCF4408A401F433C
S315080260C04EEA0C0300FA01FE4FEA17484FEA134953
S315080260D01FFA87FCB4FBF8F008FB104449EA0444AB
S315080260E000FB0CF9A1450ED93C1900F1FF3A2CBF69
S315080260F04FF0010B4FF0000BA14503D9BBF1000F7E
S3150802610000F08B805046A4EB09041FFA83F9B4FB0E
S31508026110F8F308FB134403FB0CFC49EA0444A445C0
S3150802612006D93C1903F1FF3801D2A4457BD8434668
S3150802613043EA0040A4EB0C04A0FB02984445CC4673
S31508026140434602D306D1CE4504D20138B9EB020C36
S3150802615068EB0703002D6CD0BEEB0C0264EB03045C
S3150802616022FA01F304FA06F6CC4000211E43C5E9D9
S3150802617000643DE702FA03FEC3F1200104FA03F2C2
S3150802618000FA03FCCC404FEA1E4720FA01F11FFA37
S315080261908EF6B4FBF7F00A4307FB1044110C41EAEA
S315080261A0044100FB06F48C420ED91EEB010100F1F4
S315080261B0FF382CBF4FF001094FF000098C4202D973
S315080261C0B9F1000F2CD04046091B92B2B1FBF7F485
S315080261D007FB141142EA014204FB06F1914207D970
S315080261E01EEB020204F1FF3801D291421ED8444640
S315080261F0521A44EA004120E7861A64EB0303012097
S315080262000DE7F44402384AE7023C724431E70239A0
S315080262107244CCE6F4440238DFE602383C4472E7BC
S3150802622002387144D0E7023B3C4481E7023C72449F
S31508026230DEE72946DCE600BF704700BF10B50C460C
S31508026240B1F90E10F8F77CF90028ABBF636DA38984
S315080262501B1823F48053ACBF6365A38110BD2DE9D7
S31508026260F0411F468B8905460C46DB05164605D5C1
S3150802627002230022B1F90E10F8F750F9A389324623
S31508026280B4F90E10284623F48053A3813B46BDE891
S31508026290F041F7F787BE10B50C46B1F90E10F8F7BC
S315080262A03DF9431CA38915BF606523F4805343F463
S315080262B08053A38118BFA38110BDB1F90E10F8F758
S315080262C01DB92DE9F8430746884614460026D4E93F
S315080262D00195B9F1010905D52468002CF7D1304694
S315080262E0BDE8F883AB89012B07D9B5F90E3001331E
S315080262F003D029463846C04706436835E9E70244CB
S315080263000346934200D1704703F8011BF9E7704729
S31508026310704770479368013B002B936010B408DA04
S315080263209469A34201DB0A2903D15DF8044B00F004
S315080263301AB81368581C1060084619705DF8044BA1
S315080263407047F8B506460F461446D518AC4201D131
S31508026350002007E03A4614F8011B3046FFF7DAFF39
S31508026360431CF3D1F8BDF8B50E461446054618B1D6
S31508026370036A0BB9F7F7ECFDA369A360A3891A07A9
S3150802638001D5236943B921462846F7F735FF18B1DF
S315080263904FF0FF373846F8BD2368F6B2226937460A
S315080263A0981A6369834205DC2146284600F00EF9ED
S315080263B00028EDD1A368013BA36023685A1C22601A
S315080263C01E70431C62699A4204D0A389DB07E1D591
S315080263D00A2EDFD12146284600F0F8F80028D9D03F
S315080263E0D6E72DE9F047164698468A6807460B69A6
S315080263F00C46DDF820909342B8BF1346336091F8F5
S3150802640043200AB1013333602368990642BF3368D1
S3150802641002333360256815F0060506D104F1190A18
S31508026420E36832689B1AAB422BDC94F84330226845
S31508026430003B18BF0123920630D404F143024146B9
S315080264403846C847013023D023681A3454F80A2C30
S3150802645003F00603042B0ABF54F80E5C00253368C2
S315080264604FF0000608BFED1A54F8123C08BF25EA99
S31508026470E5759342C4BF9B1AED18B5421AD100209E
S3150802648008E00123524641463846C847013003D13F
S315080264904FF0FF30BDE8F0870135C1E7E1185A1C15
S315080264A030200233224481F8430094F8451082F8DA
S315080264B04310C2E70123224641463846C8470130FF
S315080264C0E6D00136D9E7B1F90C202DE9F0411707D4
S315080264D005460C4656D44B68002B02DC0B6C002B87
S315080264E03DDDE66A002E3AD0002312F480522F6868
S315080264F0216A2B6025D0626DA389580705D5636882
S31508026500D21A636B0BB1236CD21A216A0023E66A8C
S315080265102846B047411C24D00023636023692360C0
S31508026520A389DA0400D56065616B2F60B9B104F1FD
S315080265304403994202D02846E4F7F9FB0023636331
S315080265400DE001232846B047461C0246D4D12B68E3
S31508026550002BD1D01D2B01D0162B2AD12F6000205B
S315080265602EE02A68B4F90C3042B11D2A01D0162A47
S3150802657021D10023636023692360D5E7626022691B
S315080265802260CEE70F69002FE9D093070E680F60E5
S315080265900CBF4B690023A6EB07088B60B8F1000F06
S315080265A0DDDD43463A46216A2846A66AB0470028F0
S315080265B008DCB4F90C3043F040034FF0FF30A381F6
S315080265C0BDE8F0810744A8EB0008E7E738B50B6990
S315080265D005460C4613B90025284638BD18B1036A84
S315080265E00BB9F7F7B5FCB4F90C30002BF3D0626E91
S315080265F0D00704D4990502D4A06DFFF789FE284670
S315080266002146FFF760FF636E0546DA07E4D4A389DD
S315080266109B05E1D4A06DFFF77CFEDDE7C9B2034610
S31508026620024410B59342184601D1002003E00478CB
S3150802663001338C42F6D110BD062008B5F7F792FF52
S315080266400120EDF771F8884210B501EB020402D970
S315080266508442234607D8431EA14208D011F8012BCB
S3150802666003F8012FF8E7024401468A4200D110BD19
S3150802667013F8014D02F8014DF7E770B50C46B1F96A
S315080266800E1096B0154600291E460CDAA38900217B
S3150802669013F0800F14BF40234FF48063002031604B
S315080266A02B6016B070BD6A46F7F764FF0028EDDB6B
S315080266B0019901F47041A1F50053594259414FF429
S315080266C08063EBE78B89F7B59D0706460C4607D527
S315080266D004F14703236023610123636103B0F0BD1C
S315080266E001AB6A46FFF7C9FF009F054630463946A1
S315080266F0E4F712FB48B9B4F90C309A05EED423F044
S31508026700030343F00203A381E2E7A389206043F06F
S315080267108003A381019BC4E904075BB1B4F90E1097
S315080267203046F7F739FF28B1A38923F0030343F06C
S315080267300103A381A3891D43A581CFE70A44431E0A
S31508026740914200D1704710B511F8014B914203F8F6
S31508026750014FF9D110BD1F2938B505460C4604D993
S31508026760162303604FF0FF3038BDC26B12B152F8E0
S3150802677021304BB9284600F016F82246014628462B
S31508026780BDE83840F7F718BF012B0AD0591C03D1C8
S31508026790162303600120E7E70021204642F8241069
S315080267A098470020E0E7ECF7C2BF10F8012B11F872
S315080267B0013B012A28BF9A42F7D0D01A70470346EE
S315080267C011F8012B03F8012B002AF9D1704730B5CD
S315080267D014469BB005461A46002C05DA8B2303603D
S315080267E04FF0FF301BB030BD4FF402730091049195
S315080267F06946ADF80C3014BF04F1FF332346029301
S3150802680005934FF6FF73ADF80E301E9BF7F740FF60
S31508026810431CBCBF8B232B60002CE3D0009B0022B9
S315080268201A70DFE7034613F8012B002AFBD1181A60
S31508026830013870472DE9F0471F468E6882460C4696
S31508026840BE4290460B682DD8B1F90C2012F4906F0F
S3150802685026D06569096905EB4505A3EB01097B1C89
S3150802686005EBD5754B446D109D4238BF1D46530541
S3150802687027D52946E4F750FA064660B34A462169FF
S31508026880FFF75CFFA38923F4906343F08003A38197
S3150802689026614E446561A5EB090526603E46A5605C
S315080268A0BE4200D93E46324641462068FFF7CBFE35
S315080268B0A36800209B1BA360236833442360BDE8BA
S315080268C0F0872A46E4F762FA06460028E0D12169EB
S315080268D05046E4F72CFA0C234FF0FF30CAF8003082
S315080268E0A38943F04003A381E9E702207047022007
S315080268F070470020704701207047002070470E201D
S315080269007047FAF753BB08461146012200F088B8C9
S3150802691070B50C4611461A46F7F7C8FF059B049E42
S315080269200493456933462046AC46BDE87040604745
S3150802693010B5F7F7BBFFBDE810408369084618474C
S3150802694000F0BCBBF9F7AAB9F9F774BB00F010B9A5
S3150802695008B500F08EFB002008BD00F0DFB800F095
S31508026960F0B8F9F733BC70B504460D4616464FF42F
S31508026970881100F048F9324629462046BDE870409B
S31508026980FAF7A6BD431E012B03D9031F58425841E5
S3150802699070470120704700F0C3BD4FF4E072002132
S315080269A0FFF7ADBC0846FCF769BA70B50446F9F7B5
S315080269B0B3FC0546A8B9A169F1B1238AD3B1204629
S315080269C004F1100200F019FC38BBE16919B3638AB5
S315080269D0A3B1204604F1120200F0E4FB78B10546A1
S315080269E003E00023A3612361E36100232846636170
S315080269F0236270BDA061E8E72082E6E7E361216AC7
S31508026A000029F2D0A28A002AEFD02046E38ABDE8FE
S31508026A10704000F086BB6182F1E76582E561DEE7D8
S31508026A20F9F756BE0A7838B505461046FFF7AAFFA3
S31508026A3060B14C782046FFF7A5FF38B122435307C9
S31508026A4004D42846BDE83840F8F7C4BF212038BD2B
S31508026A5010B504460878FFF795FF58B14A781046EC
S31508026A60FFF790FF30B1042A04D02046BDE8104053
S31508026A70F8F7CEBF212010BD00F069BA704711B9E8
S31508026A80D0F8E81021B1CB6813B18B68D889704762
S31508026A904FF6FF70704710B5F8F714F8044608B9B0
S31508026AA000F042FD204610BDF8F716BE00F09BBA6C
S31508026AB0D0F8EC300BB90E2070474FF6FF72038EF2
S31508026AC093420B80F7D000207047F8B506460D466C
S31508026AD0F7F7F8FFD8B94FF6FF734FF0240CEF68B3
S31508026AE0C1B28F4208D81C4621463046F8F79CF9AF
S31508026AF000F01AFD2046F8BDAA680CFB0122D489CB
S31508026B009C4202D2002CEFD023460130E8E74FF62A
S31508026B10FF74EFE7008E704700F056BA38B50446A0
S31508026B200D4600F0E8F850B129462046F8F77CF9F8
S31508026B3030B929462046BDE83840F8F75BBE0E2034
S31508026B4038BD70B504460D46164600F0D4F858B15D
S31508026B5029462046F8F768F938B9324629462046C2
S31508026B60BDE87040FDF78ABE0E2070BDFEF730B84C
S31508026B70062AF8B504460F4615461E4624D8F8F7DF
S31508026B80C5FD18B320463946F8F74EF90446B0B99A
S31508026B90012102460846FFF743FF204600F0C2FCE1
S31508026BA0FCF750FC3046F8F75FFD062D284608D05C
S31508026BB06FF029032B41DB0703D4FCF7A9FC204617
S31508026BC0F8BDFCF7E3FCFAE72124F8E70224F6E726
S31508026BD000F03FBBF8F736BF00F037BA002070471F
S31508026BE00846FBF7CBBA00F037BB38B504460D4664
S31508026BF001F0C4FD0023C4F89C50C4F89830BDE8DF
S31508026C00384001F0B6BD38B504460D4601F0B6FD6A
S31508026C10D4F89C301D40D4F8983023EA0505C4F808
S31508026C20985001F0A6FD284638BD73B50D7806467C
S31508026C300C4635B304238DF804302379304601A96E
S31508026C408DF80530FFF704FF0546B8B92278A3790F
S31508026C5052BB8DF80430E379304601A98DF8053028
S31508026C60FFF7E0FE054648B923783BB1618830460E
S31508026C70F9F7A4F80121304600F002FA284602B0D4
S31508026C8070BD294600F0FCF92946304600F020FA84
S31508026C902946304600F024FA2378002BCAD12379F4
S31508026CA08DF804306379C9E702228DF80420D3E708
S31508026CB000F00EBA00F01CBAF9F792B9FAF7F0BE6C
S31508026CC00846FAF79FBFF9F7B3B8F9F757B90B466B
S31508026CD010B514461846A1689288FFF72FFDE16899
S31508026CE0034631B1A0886288121A92B21844FFF795
S31508026CF025FD002010BD0346408A18B1188A0038BF
S31508026D0018BF012070470846FBF758BB431C08BF4B
S31508026D100020F8F731BD10B5044600F06EF820B928
S31508026D202046BDE81040F8F785BA10BD00F00FBC42
S31508026D302DE9FF41984604460E46174601F013FD13
S31508026D4005462046FFF7E7FF0A9B3A4602930023C9
S31508026D50314601932046CDF80080F8F7B9FA044681
S31508026D60284601F0FBFC204604B0BDE8F08138B5A0
S31508026D70044601F0F8FC05462046FFF7CCFF2046FC
S31508026D80F8F784FA0446284601F0E8FC204638BD9E
S31508026D9038B5044601F0E7FC05462046FFF7BBFF77
S31508026DA0204600F039F80446284601F0D7FC20466A
S31508026DB038BD38B5044601F0D6FC05462046FFF72D
S31508026DC0AAFF204600F02EF80446284601F0C6FC23
S31508026DD0204638BD70B504460E4601F0C4FC054689
S31508026DE02046FFF798FF31462046F8F7BDFA0446D3
S31508026DF0284601F0B3FC204670BDF8F755B910B520
S31508026E0001F0B1FC044600F015F8F8F773F92046CC
S31508026E10BDE8104001F0A2BC024608B5F8F744F9ED
S31508026E20507D08BD024608B5F8F73EF9507D80F058
S31508026E30010008BD00F08BBBF8F71ABD00F0D0B808
S31508026E4000F0F8BA00F053BA022A01D800F075BA6F
S31508026E5021207047022A01D800F080BA2120704703
S31508026E60022A01D800F08DBA2120704738B50446A7
S31508026E700D4600F05FFA28B129462046BDE838409B
S31508026E8000F08FBA022038BD70B504460D46164684
S31508026E9000F050FA30B1324629462046BDE8704025
S31508026EA000F087BA022070BD0E20704738B5044636
S31508026EB00D4600F03FFA28B129462046BDE838407B
S31508026EC000F0A8BA022038BD38B504460D4600F0CF
S31508026ED031FA28B129462046BDE8384000F0A2BA60
S31508026EE0022038BDFAF74AB90846FAF765B90346E1
S31508026EF0DB8E08469342114601D3FAF789B9212057
S31508026F007047FAF7D1B90020704700207047013060
S31508026F1001D1FBF7CDBF212070477047D0F8A030CA
S31508026F2003F06003402B0DD0602B03D0203B584260
S31508026F305841704749B10B68012B06D9486940F098
S31508026F400100704740F20110704700207047F7B5FC
S31508026F5004461046D4E958C7DDE908268CEA020534
S31508026F6087EA06010540194085EA0C057940C4E915
S31508026F705851002523F4004106EA010320F00100D6
S31508026F8043F40073024043F0020301950095FEF7AD
S31508026F90ADFB94F824309A0713D5D4F864319B05CF
S31508026FA00FD54FF48811204600F090FB94F8243050
S31508026FB0024665F3410384F8243020460B46F8F767
S31508026FC079FB002003B0F0BD30B4D0F8A0300A40F7
S31508026FD023EA01031343C0F8A03030BCF9F73CBCDE
S31508026FE00520FBF7EDBB08B5D0F8F0304BB11A68AF
S31508026FF0022A06D993F825204AB1186AB0FBF2F09C
S3150802700008BD40F6E8224C210020F8F737F80020A0
S31508027010F6E7D0F8F02008B57AB11368022B0CD936
S31508027020536A13F47F4FC3F3072106D0126ADBB201
S3150802703053438B42B3FBF1F006D2002040F60732E7
S315080270404C21F8F71BF8002008BD0346B3F83E2189
S3150802705008468A4203D0A3F83E11FAF731BE002049
S31508027060704790F83C310C2B14BF90F82B00FF2088
S31508027070704708B500F013FBBDE80840FCF712BAE2
S3150802708038B50C464FF400610546FEF7C7FE60B1F7
S315080270906CB195F82A3163B94FF480722846BDE877
S315080270A038404FF48071FEF7A5BE2202F6E7224663
S315080270B0F4E738BD4FF48071FEF7B0BE10B5002371
S315080270C0F8F7DCFC044608B9FDF7C2FB204610BDFA
S315080270D008B54A024FF40071FEF78CFE002008BD7F
S315080270E008B58A024FF48061FEF784FE002008BDC7
S315080270F04FF40071FEF792BE38B54FF03A43054693
S31508027100DC6A808AC4F30C04A04234BF0020012042
S3150802711041F216420821F7F7B1FFA88A001B80B28E
S3150802712038BD2DE9F041884618F00307064615468C
S31508027130194633D1B2F5805F30D89A422ED33F2A08
S3150802714028D9B2FA82F401220120C4F11F03DBB264
S315080271509A4092B2AA422CBFC4F11904C4F11A0485
S31508027160E2B2931DDBB2984080B2A84214D096F8D8
S315080271700131ABB9012096F8253060F3000386F891
S3150802718025304046FAF72CFAC6F82080B5823846EA
S31508027190BDE8F0813A46EAE70020ECE72127F6E760
S315080271A00E27F4E7F8B511F0030607460D4614460E
S315080271B021D102B313883F2B1DD9B3FA83F3C3F146
S315080271C01901C9B2062901D8192B12D0062928BFD6
S315080271D0062101238A1DD2B293402846238000F055
S315080271E08AF923883846FD617B82FAF713FB304613
S315080271F0F8BD3146EDE72126F9E738B5148811F0CE
S3150802720003054FEAC4041ED13F2C1CD9B4FA84F4F0
S31508027210C4F11903DBB2052B01D8192C11D0052BA1
S3150802722028BF052301240633DBB204FA03F3C3F3AA
S31508027230CF041480816104828387FAF7EBFA284621
S3150802724038BD2B46EEE72125F9E708B190F9260065
S31508027250704790F82D00704708B50B46062200F5D0
S315080272609E711846FFF76AFA002008BD0429F8B588
S3150802727005460C460AD10026F7B23846FAF78AFDC1
S3150802728008B13C4602E00136042EF5D12046FAF74B
S3150802729081FD58B195F83C31A34209D085F83C41A5
S315080272A005F59E70BDE8F840FAF710BD2120F8BD35
S315080272B00020FCE70022F9F7E7BBA0F84C30BDF93D
S315080272C00030C0F89410A0F84A20A0F84E300020EA
S315080272D07047F9F755BD10B5144608460121FBF764
S315080272E0F1FE2046BDE810400121FBF7EBBE70B562
S315080272F0044615460E4609B9212070BD130617D451
S3150802730000F013F931462046FFF7DFFB4FF6FF730D
S315080273109842F1D000F009F920464FF400310022D4
S31508027320FEF768FD29462046BDE87040F9F7CAB956
S315080273300E20E2E78021FEF771BD7FB5531C05AA30
S315080273400292022201920022ADF81410009211460E
S31508027350DBB2FEF76DFD07B05DF804FB7FB5531C83
S3150802736005AA4FF0040C02920222ADF81410CDE9D8
S31508027370002C01210022DBB2FEF75AFD07B05DF8A8
S3150802738004FB1FB54FF0080C531C0022CDE9002C54
S3150802739001220291DBB21146FEF74AFD05B05DF8FD
S315080273A004FB08B50A044FF48031FEF723FD0020DA
S315080273B008BDF8B514468A0707460E4601F00103CA
S315080273C009D4D3B1A2044FF48021384602F48022AC
S315080273D0FEF710FD11E065083BB104F0010305F064
S315080273E00105AB42EED021200AE04FF48021FEF7D8
S315080273F015FD05F00105A842F5D1730701D4002051
S31508027400F8BDA2064FF08051384602F08052FEF7C8
S31508027410F1FCF4E708B50A054FF48011FEF7EAFC19
S31508027420002008BD08B5CA044FF40021FEF7E2FCA5
S31508027430002008BD09B141F01001F9F743B910B5AA
S315080274400446F9F739F901462046BDE81040F9F72E
S3150802745039B9D0F8EC30C3B15869B0B1531EDBB2B2
S31508027460FD2B09D8012A05D143689A1C01D14FF090
S31508027470FF334B6000207047036813F1020F08BF01
S315080274804FF0FF33FF2A0B60EDE7212070472DE905
S31508027490F74F01251C469DF83030064601930368CE
S315080274A0174603F0070306339D4005F1FF380B46DE
S315080274B0A1B1416804EA080BA5EB0B0A41F0005991
S315080274C0524509EB0B0114D952461846FFF736F90D
S315080274D049467A1B5A445044FFF730F9019B2BB1AF
S315080274E03C4448EA050804EA0804F46003B0BDE827
S315080274F0F08F1846F0E74FF03A4301225A6741F6F1
S31508027500FF72D96418651A67704737B5002514469D
S315080275100095FFF7BCFF204603B030BDF9F726BD3C
S3150802752000207047002070477047704710F0FD0F23
S3150802753014BF4FF0FF300020C0B270470A4690F8D9
S315080275409410A02901D8F9F731BA2120704708B555
S31508027550FBF716FABDE80840FBF706BB38B5044642
S31508027560FFF7F5FF0546FFF7F2FF431BA342FAD3DF
S3150802757038BD38B50D460446FBF702FA35B18442E2
S3150802758000D90139204601F0030138BD844238BFCB
S315080275900131F7E708B5FBF7D7FABDE80840FBF76C
S315080275A0E3BA08B50121FFF7E4FFBDE80840FBF797
S315080275B0DBBA08B521B19200FFF7C0F8002008BD72
S315080275C02120FCE700F06F43B3F1804F02D0B3F1FC
S315080275D0204F02D120F07040704700F06043B3F1AB
S315080275E0204F08BF20F0805070470B0C23F48053BD
S315080275F0B3F5284FF7B50D468FB2064699B216D09F
S315080276004AF60103994214D04AF60203994212D065
S31508027610B1F5204F14BF04240324D6F8EC300BB17D
S31508027620196851B9D6F8E83093B928680EE00024EB
S31508027630F3E70124F1E70224EFE7234668463A46D0
S31508027640FBF764FBDDE90003002BEBD103B0F0BDC9
S3150802765019680029E9D0234668463A46FBF756FBDD
S31508027660DDE90003002BE0D1F0E70204C0F3891339
S3150802767007D56FEA83536FEA935313F5007F18B25F
S3150802768006D0A3F1C8006FF4FF739842B8BF184634
S3150802769070470020FBF7B8BE0120FBF7B5BE0122F2
S315080276A000210320F9F714B80E2070477047FDF73A
S315080276B09DBAFDF79BBAFDF799BAFDF797BA08B5D1
S315080276C00846FDF7B9FE08BDFDF790BA38B5054676
S315080276D00C4601F053F8D5F89C301C40D5F8983082
S315080276E02343C5F8983001F044F8211E18BF01213A
S315080276F00020490238BD002070470139024410B5FE
S31508027700904201D1002005E0037811F8014FA34207
S3150802771001D0181B10BD0130F2E7000008B5054B71
S31508027720D3F88803FFF7EDF800F00300C31E5842AA
S31508027730584108BDC80A0020EFF31182302383F3AB
S315080277401188084B49B1D3F8DC130843C3F8DC03A4
S3150802775082F31188BFF36F8F7047D3F8DC1321EADF
S315080277600000F3E7C80A0020EFF31182302383F3FF
S315080277701188064BD3F8DC3382F31188BFF36F8F77
S31508027780034214BF01200020704700BFC80A002028
S3150802779008B5E6F77DFE38B1044BD3F8E00318B115
S315080277A003681878C0F3401008BD00BFC80A002055
S315080277B008B5E6F76DFE50B1054BD3F8E00330B1D4
S315080277C00368188800F00700C31E5842584108BDCE
S315080277D0C80A002008B5064BD3F88803FFF791F8C4
S315080277E0012801D0F4F764FCBDE80840F4F75ABC56
S315080277F0C80A002008B5FFF7CBFF00B9FEE700F07C
S31508027800A1FF00B9FEE701214FF48060FFF794FF5C
S3150802781000210220FFF790FF00214FF48030FFF786
S315080278208BFF00210820FFF787FFF4F73BFC0022B5
S31508027830014B83F8F92308BDC80A00202DE9F04F49
S31508027840884CEDB08046E5F79DFDD4F888030AA971
S31508027850FFF736FABDF82A70022F40F208824CADBD
S315080278600AAE0FCE0FC53368272F2B600AD92723F6
S31508027870BDF82C20ADF83231262A82BFADF8343154
S3150802788000234F93D4F888034CAA2CA9FFF71FFAB2
S315080278909DF83251002D00F0EA810DF1B1000C9BE2
S315080278A018901B78ADF864300DF231132293F4F771
S315080278B007FC00F44050B0F5005F40F05F829DF887
S315080278C03800E5F703FE074604A918A8F4F7D0FB23
S315080278D0002F00F05E8194F8395665B19DF818506C
S315080278E04DB1022D40F04F81384604A9E5F770FEE6
S315080278F0C543C5F3C0359DF8183094F83AA6012B4E
S3150802790094F93B9640F04D81E7F7CCFABDF8103072
S315080279100668002E40F03F810026222200210FA889
S31508027920FEF7EDFC002318988DF824308DF8013007
S315080279308DF80230F4F7C4FB00F44053B3F5005F48
S3150802794040F09581820640F1928107A918A8F4F7BA
S31508027950C2FB002840F08B819DF82430002B00F0F2
S315080279608681012BBDF81C2004D14FF6FF739A427B
S3150802797000F07D810DF14A0118A8E8F749F80028B8
S3150802798040F075819DF85290B9F1000F00F06F81B1
S31508027990189C2046F4F7C7FB002840F0568120467B
S315080279A0F4F78EFB8246E5F7E0FE01465046E7F716
S315080279B0A9FB8346002900F062812046F4F782FB80
S315080279C0BBF1000F01D00230C0B2CAF3812ABAF164
S315080279D0020F00F04F81BAF1030F00F04E81FF2823
S315080279E000F04581235AADF8563001238DF85930F7
S315080279F09DF866302022002124A88DF88E30FEF7E5
S31508027A007EFC194B9DF801200F939DF802308DF8E4
S31508027A105A208DF85B309DF84830012B00F03681EC
S31508027A20022B0CBF03240024B9F1010F4FEA843458
S31508027A3000F02E81B9F1020F14BF44F4005444F445
S31508027A403054003A18BF012244F0020444EAC20440
S31508027A50002B40F020819DF85930002B00F0288138
S31508027A6004E000BFC80A0020020000209DF85D302D
S31508027A7002A8DB070DF2311302934FF4FE0348BF47
S31508027A8044F4807421460393F4F7C1FAE00503D45B
S31508027A90012102A8E5F7CBFD2046E7F733FB20B123
S31508027AA0BDF8561002A8F4F7B2FA02A80DF14A0177
S31508027AB0F4F7B8FA2046E5F758FE20B1BDF8541097
S31508027AC002A8F4F7A4FA10A902A8F4F7ABFABDF8CB
S31508027AD00C309DF85A40ADF88C30B4B19DF85B3045
S31508027AE001221C430DF1030102A88DF80340F4F7A5
S31508027AF07EFA2046E5F76EFE411E89B202A8E5F730
S31508027B0096FD2046E5F751FE0446BDF83C30032BA8
S31508027B1009D19DF85C3001220DF1030102A88DF806
S31508027B200330F4F764FAA11C89B202A8E5F77FFDCF
S31508027B30BDF80C400DF23110ADF88C40F4F7C0FADE
S31508027B40002D00F0B88040F0100080B28DF83101A7
S31508027B50000A8DF832010DF23110F4F7B1FA002E4F
S31508027B6000F0AC8040F4007080B2DDF860908DF8C9
S31508027B703101000A8DF832014846F4F7A1FAC10527
S31508027B8040F19F80FEE73846BDF81010E5F7C3FCC2
S31508027B90AEE63D46AFE6F2889A4200F03D81366887
S31508027BA0B7E6022B7FF4B8AEE7F77CF90668002E33
S31508027BB03FF4B2AE082204A9B018FFF79EFD0028CA
S31508027BC000F02A813668F2E78DF804A023BB110774
S31508027BD020D40126002F3FF49FAEB4F83D36324634
S31508027BE023F4FF43A4F83D36331D84F83D369B2320
S31508027BF084F83F36B82384F84036EA2384F84136B7
S31508027C000023924801A9063684F84236F6B2FEF7F0
S31508027C1095FD82E601230DE1012194F83C36A9EB94
S31508027C2003035BB2002B0EDBB9F17F0F08BF0023FB
S31508027C308220C3EB0323B3FBF0F301A843540029C4
S31508027C40C5D00226C6E70023F2E70DF1010118A8FE
S31508027C50E7F7CBFA58B99DF80130052B07D10DF194
S31508027C60020118A8E7F7D1FA00283FF498AE6DB0DA
S31508027C70BDE8F08F0230C0B2B1E60830FBE7002853
S31508027C803FF4B6AE2046F4F71DFAA8E60224CBE680
S31508027C9044F42054D5E6022B03D1B9F1020F3FF47E
S31508027CA0DAAEBDF85420BDF856309A427FF4DEAEFD
S31508027CB044F04004DAE620F0100046E720F40070AB
S31508027CC052E70DF23110F4F7FBF9C20500D5FEE7CB
S31508027CD099F8023048468DF83331F4F724FA50B150
S31508027CE002A918A8E7F7CAFA0028C0D19DF8081011
S31508027CF022A8E7F7D7FA96B10DF23110F4F7E0F9B0
S31508027D00830539D522A8E7F7EDFA0DF23113324683
S31508027D104F4918442644FEF711FDADF88C600DF262
S31508027D203110F4F700FA28B1394622A8E7F777FCAA
S31508027D3000289CD10AA800F0F7FC002897D1DDE9B3
S31508027D400C43BDF82C202298002A08BF1C46F4F7DB
S31508027D50EAF918B1237843F0040323701DB1237896
S31508027D6063F07F032370BDF88C2040464CA98DF83A
S31508027D703021FFF7BCF87AE7FF20C6E7012D94F811
S31508027D8039361ED133B340464CA9FFF7ADF8A0B930
S31508027D909DF83800E5F79AFB00283FF468AF9DF88E
S31508027DA03831032B2CD14CA9E5F712FC0028FFF633
S31508027DB05EAF4046FFF796F880B102283FF457AF08
S31508027DC0FEE7002BDFD19DF8B13003F00703012B44
S31508027DD03FF44DAF4046FFF785F8C8B90AA800F048
S31508027DE0A3FC00287FF443AFDDE90C32BDF82C1062
S31508027DF0002908BF13461A7862F07F021A7036E71E
S31508027E00022B7FF434AFBDF83011E5F784FBCDE7DA
S31508027E1002283FF42CAFD3E732799007C2F38003E6
S31508027E20C2F340013FF5D0AE002B7FF4F6AE100741
S31508027E307FF572AD822209F18209C9EB0929B9FBDC
S31508027E40F2F901AA5E1C02F80390C3E60B110020A0
S31508027E500511002038B50C460546E9F77EFE0023D3
S31508027E60844228BF01F1FF311B191DB1024AC2E93A
S31508027E70023138BD014AFAE7180F0020E80E002041
S31508027E804FF400221B4B5A664FF0B4439868C0F36E
S31508027E9004400C280AD8DFE800F00B07090927096D
S31508027EA0191B1D1F21232500134870470020704700
S31508027EB09B6803F04073B3F1807F17D0B3F1007F5C
S31508027EC016D00E4A002B08BF104670470C4870475A
S31508027ED00C4870470C4870470C4870470C48704766
S31508027EE00C4870470C4870470C4870470C48704756
S31508027EF00C48704700900050404B4C0000093D006A
S31508027F00405DC6000024F400C0EA2101002D3101BB
S31508027F1080BA8C010048E801005A620280969800ED
S31508027F2080841E0040420F00014B5868704700BF0C
S31508027F30C43C00200A4B1B6F03F00703013B032BCB
S31508027F4003D8DFE803F00B030609FEE7054B58687A
S31508027F507047044B98687047034870470348704750
S31508027F6000800050C43C002080D54302002D310118
S31508027F7008B5FFF7DFFF044B1B6FC3F30333013367
S31508027F80B0FBF3F008BD00BF00800050014B9868B3
S31508027F90704700BFC43C0020034B5A68D20702D57B
S31508027FA0DA69002AF9D1704700C00A500D490B68F0
S31508027FB098B100229BB1834203D1836822B90B6030
S31508027FC003E01A469B68F5E7936083681BB15A6912
S31508027FD041690A445A6100207047222070470220EC
S31508027FE0704700BF94170020F0B49DF81050BDF8F2
S31508027FF01460C0B10024C461EFF31187302484F3FE
S3150802800011880B4C246814B1A0420AD1012487F3C3
S315080280101188BFF36F8F4CB9CDE90456F0BC00F056
S31508028020D9BAA468EFE72220F0BC70470320FBE721
S315080280309417002010B5EFF31184302383F31188C7
S31508028040FFF7AAFF034B986984F31188BFF36F8F72
S3150802805010BD00BF00C00A5070B5EFF31186302379
S3150802806083F31188FFF798FF084D094BA8691C6826
S315080280702B6CDB0703D5FFF78FFFA869013486F35C
S315080280801188BFF36F8F214670BD00BF00C00A502A
S315080280909C17002038B50021044640F2E730054B0C
S315080280A04FF47A721D680023E5FB0401FDF736FFDB
S315080280B038BD00BF4C0E002010B50F4B1A689AB196
S315080280C04FF47A71531E1342A0FB01010ED1B2FA84
S315080280D082F2C2F11F04531CD243E04001FA03F3B1
S315080280E0184321FA02F20243104610BD0023FDF797
S315080280F015FF0246F8E700BF4C0E002030B50F4CBC
S315080281004161236893B9206083600EE0891A416150
S315080281109A681D4672B113465A698A42F6D93DB122
S31508028120A86083605A69521A5A6130BD0025F3E77E
S315080281302060F6E798608260F7E700BF9417002090
S3150802814038B50025FFF728FF094B0A489C690A4BF0
S315080281501A680368E31A2AB123B15169994203D30B
S31508028160C91A5161046038BD55615B1A9268F2E713
S3150802817000C00A50981700209417002038B5184BEB
S315080281805A6E42F004025A66D3F8802242F001027D
S31508028190C3F88022134B5B68C3F3080343B14FF05D
S315080281A0A842D36B13F0430FFBD11424204638BDE3
S315080281B04FF0A843DC6B14F04304FBD10A4DD5F803
S315080281C03C3123B9042105F59E70EDF7B6FAD5F8C8
S315080281D03C31013343F00043C5F83C31E6E700BFC2
S315080281E00080005000ED00E08034002010B54FF406
S315080281F080641B4B9C66BFF34F8F00F033FB00F085
S3150802820028FB184B9C6680B1B0F5E02F1ED012D819
S31508028210B0F5403F1CD009D8B0F5803F1AD0B0F56A
S31508028220003F08BF2A2018BF012010BDB0F5802FD5
S3150802823008BF4B20F7E7B0F5302F0DD0B0F57F0F0A
S315080282400CD0B0F5202F08BF1020ECE72120ECE770
S315080282502C20EAE74820E8E71120E6E70620E4E7CB
S315080282600090005000A000502DE9F0412B4F3B68CA
S31508028270002B50D05C692A4B002C40D0294A2A4E42
S315080282801268144402225A64EFF3108872B6FFF792
S3150802829083FEB56900F048F9F36C326C960704D48C
S315080282A05A1B032A01D89D420FD1631B022B98BF82
S315080282B0EC1CB4F1FF3F38BF013C00F035F902224D
S315080282C0194BDC6403F580535A64404600F051FAB0
S315080282D0164B1A7922B10121114A916400221A71A8
S315080282E0002313493A6881F840312AB1D0888007B9
S315080282F009D5012381F840310020BDE8F081022228
S315080283005A641A64ECE79268002AF5D05069034465
S31508028310012BEBD9F0E72220EFE700BF94170020E4
S3150802832000D00A509817002000C00A50E83D0020E5
S315080283308034002038B5044638B3EFF3108572B698
S31508028340FFF7FEFE124B1868A04209D02046FFF737
S315080283502DFE0446A0B1284600F00BFA204638BD89
S31508028360FFF724FE04460028F5D1FFF77DFF2228F1
S3150802837006D10122074B1A71074B9A6402225A64E4
S31508028380284600F0F6F90024E8E72224E6E700BFCB
S3150802839094170020E83D002000E00A502DE9F84F26
S315080283A0EFF31187302383F31188594B59491B6C14
S315080283B003F0010213F0020F03F003030B640ED15C
S315080283C03AB1554A136801331360FFF7B9FEFFF74E
S315080283D04BFF87F31188BFF36F8FBDE8F88F3AB169
S315080283E04D4A136801331360FFF7AAFEFFF73CFFF5
S315080283F0EFF3118A302585F311884FF0000BFFF74A
S315080284009FFE5E46DFF80891444B1C680CB163690F
S31508028410D3B10022424B012E83F8412104D11BF02D
S31508028420020F18BF83F84161FFF71EFF222806D103
S3150802843001223C4B1A71374B9A6402225A648AF318
S315080284401188BFF36F8FC4E723465A693AB91A7976
S315080284502179914288BF1C469B68002BF5D18AF385
S315080284601188BFF36F8FD4F810B0BBF1000F1DD07F
S31508028470FFF792FDD9F81820A369A2EB030A4FEA7F
S31508028480EA72DA4572F1000211DB5B44A361E36822
S3150802849013B1204621689847B4F806B00136EFF3BF
S315080284A0118A85F31188FFF74BFEADE7DA46EFF33B
S315080284B0118885F311882046FFF778FD88F311881D
S315080284C0BFF36F8F2369002BE1D0A38BBBEB0A01A5
S315080284D033B1E28B13449BB2B3F57A7F10D2E383AE
S315080284E0EFF3118A85F311882046FFF707FEA36981
S315080284F022691344A3618AF31188BFF36F8FC6E713
S31508028500A3F57A73E383A3690139013BA361E7E71C
S3150802851000C00A5000E00A509C1700209417002059
S3150802852080340020E83D0020034B5A68D20702D562
S315080285309A6D002AF9D1704700C00A5090B10368B3
S3150802854013F4E07F03F03F00C3F382120BD0012A33
S315080285500BD0022A06D1074B49B103F580530122F3
S3150802856082401A607047044BF6E7044BF4E703F5BA
S315080285700053F4E76C800050648000506880005015
S31508028580012303FA01F130235843014B195070476E
S3150802859040D0035010B50446E5F77AFFB0B1B4F5FA
S315080285A0007F4FF001010ED12046FFF7C5F80021E2
S315080285B01020FFF7C1F800210548FFF7BDF8BDE80E
S315080285C01040F3F76FBD4FF48050F2E710BD00BFBD
S315080285D00A000100F8B51F469DF818300D460371CA
S315080285E000230446C0E903238360BDF81C300760F4
S315080285F0C3801646FFF7D0FC0F4B9B692B44A36139
S3150802860035B9656116B139462046B0470020F8BD2E
S31508028610EFF3108672B6FFF793FD29462046FFF759
S315080286206DFD064B1B689C4201D1FFF71DFE3046C5
S3150802863000F09FF8EAE700BF00C00A50941700202E
S315080286404FF4807370B596B00292012421220193E9
S3150802865010230394049305920691079408930992AA
S3150802866001AA0A9206AA0B9204220C9211220D92D0
S315080286700AAA0E900F92109340F611031193194B02
S3150802868012930EAB1393184B149346F611031593D4
S31508028690FFF774FD1428044620D1EFF3108072B652
S315080286A04FF0A8431E681D6900F063F84FF0A8430F
S315080286B0032212A95A63196002A919619A63DA6B2D
S315080286C09207FCD1142C06D1EFF3108072B61E6005
S315080286D01D6100F04EF8054B5B6801E00028E5D005
S315080286E016B070BDBC3500200400002000ED00E085
S315080286F010B5074A0C4612784AB1072807D8054A20
S3150802870002EB00131B7B13B1E2F776F9207010BD5A
S31508028710DC160020681400200846E4F7F7BD104668
S31508028720E4F7F4BD0020704783884BB18268013BA9
S315080287300132826042888380013A42800020704773
S315080287400120704708B5E5F7A3FE20B1BDE8084049
S315080287500820FFF709B808BD0020704780F3118882
S31508028760BFF36F8F7047EFF31180302383F31188BD
S31508028770704710B962B6BFF36F8F7047EFF3108078
S3150802878072B6704738B50C46EFF31185302383F37A
S31508028790118820285AD8DFE800F0111B5920232611
S315080287A059292C592F59323559383B3E5941594482
S315080287B059565947594A594D59505300FFF7BAFB6A
S315080287C00023206085F31188BFF36F8F184638BDE2
S315080287D04FF4C070E1F75CFEF2E74FF42070F9E758
S315080287E04FF44070F6E74FF46070F3E74FF4007009
S315080287F0F0E74FF48060EDE74FF44060EAE74FF4A4
S31508028800C060E7E74FF4F060E4E74FF4B060E1E7F1
S315080288104FF4D060DEE74FF41060DBE74FF4E06018
S31508028820D8E74FF4A060D5E74FF41860D2E74FF4C3
S315080288302860CFE74FF48070CCE74FF42060C9E791
S315080288404FF44860C6E74FF40860C3E700202123C7
S31508028850B7E74FF098435A6CD202FCD5586D00F42C
S3150802886070207047036A10B5052B15D84FF0984249
S31508028870116CC902FCD504339B00136503684FF0DB
S315080288809844136043681360034653F8081F11603F
S315080288900022016A914200D810BD53F8041F013222
S315080288A02160F6E708B528220021FDF728FD0020F9
S315080288B008BD036A042B9FBF00EB83020133D16014
S315080288C003627047836813B9816070475B685A68A8
S315080288D0012AFBD1596070470121FFF72FBE00001C
S315080288E0F8B500BFF8BC08BC9E467047F8B500BF8D
S315080288F0F8BC08BC9E4670475FF800F0413C002071
S31508028900656E61626C650064697361626C650066B6
S3150802891061696C65640D0A73746174757320252325
S31508028920780D0A0073746172740073746F7000664E
S31508028930616C73650075696E7431365F74206F7485
S315080289403A3A5370696E656C3A3A4275666665726A
S315080289503A3A47657444697374616E636528636F4E
S315080289606E73742075696E74385F742A2C20636F6F
S315080289706E73742075696E74385F742A2C20446984
S3150802898072656374696F6E2920636F6E7374002F44
S315080289906769746875622F686F6D652F2E73696CC7
S315080289A06162732F736C742F696E7374616C6C7366
S315080289B02F636F6E616E2F702F626173655F30353C
S315080289C030343037633063646234352F702F2E2E7D
S315080289D02F2E2E2F622F6F70656E746131396534B2
S315080289E036343964383263302F702F7574696C2FB8
S315080289F074686972645F70617274792F6F70656EDC
S31508028A007468726561642F7372632F6C69622F735F
S31508028A1070696E656C2F7370696E656C5F627566D8
S31508028A206665722E6370700025303278002D6E00EE
S31508028A307C2053746172744368207C20456E6443BB
S31508028A4068207C20546172676574506F776572205E
S31508028A507C2041637475616C506F776572207C2047
S31508028A60526177506F77657253657474696E6720C1
S31508028A707C0D0A2B2D2D2D2D2D2D2D2D2D2B2D2D0E
S31508028A802D2D2D2D2D2B2D2D2D2D2D2D2D2D2D2D08
S31508028A902D2D2D2B2D2D2D2D2D2D2D2D2D2D2D2DF8
S31508028AA02D2B2D2D2D2D2D2D2D2D2D2D2D2D2D2DE8
S31508028AB02D2D2D2B0D0A00FFFFFFFFFFFFFFFF00E5
S31508028AC02C20002573203D2030782530386C7825F7
S31508028AD0730075696E74385F742A206F743A3A5354
S31508028AE070696E656C3A3A4275666665723A3A47D5
S31508028AF0657455706461746564427566507472284B
S31508028B0075696E74385F742A2C2075696E743136ED
S31508028B105F742C20446972656374696F6E292063D9
S31508028B206F6E7374006E756D5365676D656E7473DB
S31508028B30203C3D206B4D61785365676D656E747395
S31508028B400075696E7431365F74206F743A3A5370E1
S31508028B50696E656C3A3A4275666665723A3A4F7557
S31508028B60744672616D654765744C656E67746828EC
S31508028B7029006D5772697465446972656374696F11
S31508028B806E20213D206B556E6B6E6F776E006F748B
S31508028B904572726F72206F743A3A5370696E656CD9
S31508028BA03A3A4275666665723A3A496E4672616D36
S31508028BB065417070656E642875696E74385F7429CC
S31508028BC000656E61626C65640064697361626C65F6
S31508028BD064006661696C65643A20636F6D6D616EE7
S31508028BE06420737472696E6720636F6E7461696E4E
S31508028BF07320746F6F206D616E7920617267756D6F
S31508028C00656E74730D0A0072637000646961676E3B
S31508028C106F7374696373206D6F64652069732025A9
S31508028C20730D0A00646961676E6F737469637320F2
S31508028C306D6F64652069732064697361626C65642B
S31508028C400D0A00616464722D6D6174636800617552
S31508028C50746F2D61636B0064696167206665617470
S31508028C607572652027257327206973206E6F742015
S31508028C70737570706F727465640D0A006661696C4B
S31508028C8065643A20636F6D6D616E642073747269F0
S31508028C906E6720746F6F206C6F6E670D0A006765CA
S31508028CA0740025640D0A00736574006D6F646500AF
S31508028CB0696E0D0A006F75740D0A00696E006F758C
S31508028CC074006368616E6E656C006377006563683D
S31508028CD06F006770696F00706F77657200706F77E3
S31508028CE0657273657474696E677300726177706F03
S31508028CF077657273657474696E67007374726561F9
S31508028D006D0000004BD400084DD3000843D3000879
S31508028D108DD4000891D3000885D30008523000523A
S31508028D203100523200523300523400523500523664
S31508028D30005237005238005239005231300052314F
S31508028D40310052313200523133284C5229004D53E8
S31508028D5050005053500050430078505352004D5320
S31508028D60502075736564005053502075736564000E
S31508028D7043535441434B20626F74746F6D004943E9
S31508028D80535200534843535200494E545F41435489
S31508028D904956453000494E545F4143544956453178
S31508028DA00043465352004846535200444653520023
S31508028DB04D4D41522F4246415200414653520052AE
S31508028DC0657430005265743100526574320052651A
S31508028DD07433005265743400526574350044617404
S31508028DE03000446174310000534C2D4F50454E54A7
S31508028DF048524541442F332E302E302E305F476974
S31508028E00744875622D3631653433636666623B2073
S31508028E1045465233323B2044656320313620323090
S31508028E2032352031393A32343A34340000000000FF
S31508028E30770000000000000070000000000000003B
S31508028E4001000000600000000000000001000000B0
S31508028E50610000000000000001000000630000003D
S31508028E6000000000010000004100000000000000B0
S31508028E70010000004300000000000000010000009D
S31508028E804800000000000000010000004700000042
S31508028E9000000000010000000D150000000000009F
S31508028EA0010000005200000000000000010000005E
S31508028EB05A00000000000000010000005B000000EC
S31508028EC0000000000100000042000000000000004F
S31508028ED00100000049000000000000000100000037
S31508028EE0000000000B000000010000000000000066
S31508028EF00E000000010000000000000068000000EB
S31508028F000000000030000000000000000000000021
S31508028F1066000000000000000100000021000000B9
S31508028F2000000000010000003600000000000000FA
S31508028F3001000000440000000000000001000000DB
S31508028F404500000000000000010000004600000085
S31508028F5000000000010000004B00000000000000B5
S31508028F60010000004C0000000000000000000000A4
S31508028F702200000000000000010000000D19000098
S31508028F8000000000010000003E150000000000007D
S31508028F900000000071090000000000000000000047
S31508028FA0C28C020811EC000800000000CA8C0208F4
S31508028FB0A7DC000800000000CD8C020841DF00088B
S31508028FC000000000D28C0208F12C01080000000003
S31508028FD0D78C0208DDDD000800000000DD8C0208DF
S31508028FE0B1DF000800000000EB8C0208F9DF000878
S31508028FF0000000002489020849D700080000000082
S315080290002A89020859D7000800000000FB8C0208CA
S31508029010E5DC000800000000438C020847DB000874
S315080290204E8C0208A5DB0008000000003FE200089B
S31508029030000000000100000047E2000800000000EE
S31508029040020000003D0101080000000003000000C4
S3150802905063E20008000000000400000069E200085C
S3150802906000000000050000006FE200080000000092
S31508029070060000001FE100080000000007000000CB
S3150802908049E100080000000008000000EDE20008BF
S31508029090000000000900000039E200080000000094
S315080290A00C00000051E10008000000000D0000005D
S315080290B041E10008000000002000000065E3000806
S315080290C000000000210000008DE0000800000000FA
S315080290D022000000F1E00008000000002300000062
S315080290E0610001080000000024000000F50F0108D5
S315080290F0000000002500000005100108000000001D
S315080291002600000075EA000800000000270000009B
S315080291105BE100080000000029000000F9E00008F1
S31508029120000000002A0000002510010800000000C7
S315080291302C0000003D10010800000000300000006D
S3150802914001E100080000000031000000EBE0000821
S31508029150000000003200000025000108000000009F
S315080291603400000059E30008000000003500000042
S315080291701B0001080000000036000000110001086B
S31508029180000000003700000075E300080000000038
S315080291903800000099E0000800000000B000000056
S315080291A0D3E2000800000000B1000000D9E200087E
S315080291B000000000020800004D2801080000000017
S315080291C004080000B1E000080000000005080000DD
S315080291D0B9E0000800000000000900006BE1000881
S315080291E0000000000B120000DFE200080000000089
S315080291F00C12000055100108000000000D120000B4
S3150802920085E3000800000000031300008DE3000850
S31508029210000000000040000085D900080000000098
S315080292200140000063E1000800000000024000005F
S3150802923087D9000800000000034000000301010866
S31508029240000000000700000069D9000800000000BD
S3150802925020000000DD0301080000000021000000D4
S31508029260D9070108000000002400000029050108AA
S31508029270000000002500000051050108000000005A
S315080292802A00000099050108000000002B000000D2
S3150802929005070108000000002C0000006DD900082F
S315080292A000000000300000003B0601080000000034
S315080292B031000000F7050108000000003200000036
S315080292C061D900080000000034000000AB0A01085A
S315080292D0000000003500000025E700080000000035
S315080292E036000000C9E6000800000000370000004A
S315080292F03F0301080000000038000000B10501081C
S31508029300000000003B0000001103010800000000F5
S315080293103C00000077DA0008000000003D0000006B
S315080293208127010800000000B20000009DE3000842
S3150802933000000000000800005D09010800000000A6
S31508029340010800005104010800000000030800009B
S31508029350E70B010800000000000900006D0701087C
S31508029360000000000D1200007D0301080000000045
S3150802937003130000A50301080000000004130000FF
S3150802938021DD00080000000005130000E30A0108B9
S31508029390000000000340000089D900080000000010
S315080293A000000000554E444546494E45440073495F
S315080293B06E7374616E6365735B695D006170702EAE
S315080293C0630073496E7374616E6365001B00000067
S315080293D01A00000009000000020203000000000053
S315080293E01E00000016000000000000000100000038
S315080293F0000000000000000001000000000000005C
S3150802940000000000010400005700000001040103E7
S3150802941003060105010501090600060B0000070BF4
S31508029420050B00000000000000000000000000001C
S315080294300100A0020202020264000000B600000057
S3150802944064000000000100000000000000000000A7
S31508029450000000000B000000736C5F6F745F63729C
S31508029460656174655F696E7374616E636500000099
S315080294706366000885660008C5AA0008A96600088A
S31508029480CD680008216A0008F56C000813B779FA56
S31508029490C925DDB7ADF3CFE0F1B614B80102000075
S315080294A000000000FFFFFFFF0200000001000000AD
S315080294B0000000000000000000000000000000009C
S315080294C0000000000000000000000000000000008C
S315080294D0000000000000000000000000A03D00207F
S315080294E0D017002001000000D43C002000800000B4
S315080294F04145532D3235362D43434D2A2D4E4F2D98
S31508029500544147004145532D3139322D43434D2AA3
S315080295102D4E4F2D544147004145532D3132382D9A
S3150802952043434D2A2D4E4F2D544147004145532D55
S315080295303235362D43434D004145532D3139322DAF
S3150802954043434D004145532D3132382D43434D0097
S315080295504145532D3235362D47434D004145532D4E
S315080295603139322D47434D004145532D3132382D7D
S3150802957047434D004145532D3235362D434243006C
S315080295804145532D3139322D434243004145532D2E
S315080295903132382D434243004145532D3235362D5B
S315080295A0454342004145532D3139322D4543420048
S315080295B04145532D3132382D454342000000000003
S315080295C07AFF809F79FF009F73FF809EF03D0020FF
S315080295D000000000000001007C9702080100080054
S315080295E05C97020801000800FFFFFFFFFFFFFFFF6D
S315080295F0FFFFFFFF0000000000000000000000005F
S3150802960001000000FFFFFFFF4B60D2273E3CCE3B26
S31508029610F6B053CCB0061D65BC86987655BDEBB33D
S31508029620E7933AAAD835C65A512563FCC2CAB9F392
S31508029630849E17A7ADFAE6BCFFFFFFFFFFFFFFFFF9
S3150802964000000000FFFFFFFF96C298D84539A1F433
S31508029650A033EB2D817D0377F240A463E5E6BCF8DF
S3150802966047422CE1F2D1176BF551BF376840B6CBAA
S31508029670CE5E316B5733CE2B169E0F7C4AEBE78EA6
S315080296809B7F1AFEE242E34F0100000014DEF9DE78
S31508029690A2F79CD65812631A5CF5D3ED50534100D3
S315080296A04B4559004C98020830980208149802084B
S315080296B0000000000000000000000000FFFFFFFF9E
S315080296C000000000FFFFFFFFFFFFFFFFBCE6FAAD49
S315080296D0A7179E84F3B9CAC2FC632551020000008B
S315080296E00C9802080300000004980208040000000F
S315080296F0FC97020805000000F4970208060000001D
S31508029700EC97020807000000E49702080E00000022
S31508029710DC9702080F000000D49702081000000028
S31508029720CC97020826000000C4970208270000000A
S31508029730BC97020828000000B49702082900000016
S31508029740AC9702082A000000A49702082B00000022
S315080297509C97020800000000000000005F9C95BC70
S31508029760A3508C24B1D0B1559C83EF5B04445CC4EE
S31508029770581C8E86D8224EDDD09F1157E0EB7A7C94
S315080297803B41B8AE1656E3FAF19FC46ADA098DEB85
S315080297909C32B1FD866205165F49B800F09402084C
S315080297A070942B050495020870932A0518950208E9
S315080297B0709229052C9502087084280538950208A6
S315080297C0708327054495020870822605509502087B
S315080297D0706410095C95020870630F09689502089F
S315080297E070620E0974950208902407008095020893
S315080297F0902306008C950208902205009895020887
S3150802980010140400A495020810130300B095020868
S315080298101012020002000000000000000000000012
S315080298200000000000000000000000000000000028
S315080298300200000000000000000000004D8B010835
S315080298404D8B010899320108E367010802000000FE
S3150802985059700108516E0108496801084B680108E8
S31508029860B332010801680108000000000000000088
S315080298700000000000800000008000000080000058
S3150802988000800000008000000080000000800000C8
S3150802989000800000008000000080000000800000B8
S315080298A000800000018000000180000001800000A5
S315080298B00180000001800000028000000280000092
S315080298C0028000000380000004800000058000007A
S315080298D006800000088000000C8000000F8000004F
S315080298E0090000000A0000000C0000000E0000003B
S315080298F01100000013000000160000001B00000003
S31508029900220000002D0000006A09E667BB67AE85E3
S315080299103C6EF372A54FF53A510E527F9B05688C41
S315080299201F83D9AB5BE0CD19006F744572726F72F3
S31508029930206F743A3A5370696E656C3A3A427566A4
S315080299406665723A3A4F75744672616D6552656D0F
S315080299506F766528290000001CD502080000000061
S31508029960F8D402080100000000000000C0175302E4
S3150802997000000000000001000400010010000400BD
S3150802998002002000240003004000440004000000F6
S3150802999004000500081000001F0801080000000066
S315080299A0041300004DDA0008000000000513000049
S315080299B0B90B01080000000008100000A108010800
S315080299C00000000004130000EDD9000800000000A2
S315080299D005130000510B01080000000050C30000E7
S315080299E0F22B0000EE020000EE02000050C3000057
S315080299F0761600007701000077010000193F01067C
S31508029A00041001000001010600102700000C0000E6
S31508029A100000000000000000F5DA0200A41F0000A2
S31508029A209001000090010000E5BF00002823000015
S31508029A306B0300006B03000002000000C01753020C
S31508029A4006140000802FA60405380000A0080000AE
S31508029A500000580901040706100A01040707C80A84
S31508029A6000040807800B00040808380C00040908DB
S31508029A706108000000008A0800000000C709010406
S31508029A8004032C0B01040404920C010405040000CF
S31508029A9050C30000E62D0000D0070000D0070000E2
S31508029AA0193F0106041001000001010600102700F3
S31508029AB0000A000000000000000000001400000078
S31508029AC02449920000000000FC990208DC99020869
S31508029AD000000000000000000024F40040420F00CD
S31508029AE00101F800C224500300000000389A020857
S31508029AF00000000000000000000000002B420F00DA
S31508029B000000000000000000000000000000000045
S31508029B10140000006666660000000000FC99020850
S31508029B20EC99020800000000000000000048E80165
S31508029B3080841E000101F800F1475002000000006F
S31508029B40389A020800000000000000000000000029
S31508029B507C841E00000000000000000000000000D7
S31508029B6000000000140000001CC77100000000007D
S31508029B70A09A0208189A02080000000000000000D5
S31508029B800051250240420F000108F600F147100273
S31508029B9000000000389A02080000000000000000D9
S31508029BA0000000002A420F0000000000000000002A
S31508029BB00000000000000000140000001CC771002D
S31508029BC000000000A09A0208289A02080000000075
S31508029BD0000000000051250240420F000102F60073
S31508029BE0F147100200000000389A0208000000003F
S31508029BF000000000000000002A420F0000000000DA
S31508029C000000000000000000000000001400000030
S31508029C101CC7710000000000A09A0208909A020868
S31508029C2000000000000000000051250240420F001B
S31508029C300108F600F147100200000000389A0208EF
S31508029C400000000000000000000000002A420F0089
S31508029C5000000000000000000000000000000000F4
S31508029C60030A0000FC4F0103BC9A020810400100D7
S31508029C70014100003C40010000000000484001008C
S31508029C80A007000350400100000000005C400100EC
S31508029C900000000008410100FF4C000054C0070004
S31508029CA0511130000E0009E62D00000004050607D2
S31508029CB008000000D1B602006435000040400701E2
S31508029CC0000050510000A01110000000000000869C
S31508029CD01FC081000000002000000000644005014A
S31508029CE000000040B904F800400800000200000025
S31508029CF09200040088400F01B7033B00000000E011
S31508029D00000000000002050D1C2F425362696860BC
S31508029D1053402E1F110A08080808070605040303FC
S31508029D200202020101010101000000000000000018
S31508029D30000000001C4101010060B18C3841070196
S31508029D40BC200AF0F6625200055B98408E6E829439
S31508029D501C784852893B4000C00300805C410101DF
S31508029D60FFDD000068410701E853FA0000000040E1
S31508029D7000000000000000000000000000000000D3
S31508029D8000000000D0410301000000AAD000000034
S31508029D9004001200E041130100000000FFAB000AB4
S31508029DA05CF10F00D341020095EDB100197BD80F83
S31508029DB01208B904EA1B6D1FC9B7C20A0B203B0079
S31508029DC0430600005962F300727E9600A73D190009
S31508029DD0D022F13B000000A000000000380000007D
S31508029DE0000000004C420101080003046842010118
S31508029DF00100000038800101C2241000A08002017F
S31508029E0070780300D0000000A8800111F00100005C
S31508029E10A88001310542CB01AC800111F001000096
S31508029E20AC800131053EFD00EC000112E00F000096
S31508029E30EC0001320C20515184010102001000008D
S31508029E40FFFFFFFF03020000FC4F0103109B0208FD
S31508029E5010400100014100003C40010000000000E2
S31508029E6048400100A007000350400100000000001E
S31508029E705C4001000000000008410100FF4C0000A0
S31508029E8054C00700512130000E000DE62A000000DA
S31508029E900405060708000000D1B6020060050000A6
S31508029EA040400701000050510000A02110000000A8
S31508029EB0000000861FC0810000000020000000008C
S31508029EC064400501000000404902F0004008000015
S31508029ED0020000009200080088400F01DA032A00F7
S31508029EE0000000E0000000000102071121374B5A6A
S31508029EF0676962544029150500000000010203043F
S31508029F00040403030303030202020202020101011B
S31508029F1000000000000000001C41010100B0B18CE5
S31508029F2038410701BC200AF0B6555200055B984035
S31508029F308E6E8294233C4852893B4000C0030080BF
S31508029F405C410101FFDD000068410701E853FA00A0
S31508029F5000000040000000000000000000000000B1
S31508029F600000000000000000D04103010000AAAA78
S31508029F70D000000004001200E041130100000000B6
S31508029F80FFAB000A5CF10F00D341020095EDB10068
S31508029F90197BD80F1208B904EA1B6D1FC9B7C20A82
S31508029FA00B203B00430600005962F300727E9600BE
S31508029FB0A73D1900D022F13B000000A000000000D6
S31508029FC040000000000000004C42010108000304A2
S31508029FD0684201010100000038800101F1471000C2
S31508029FE0A080020170780300D5C00000A880011184
S31508029FF0F0010000A88001310542CB01AC800111B5
S3150802A000F0010000AC80013105228D00EC0001123E
S3150802A010E00F0000EC0001320C205111840101020C
S3150802A02000000000FFFFFFFF03080000FC4F0103CA
S3150802A030109B020810400100014100003C4001004B
S3150802A0400000000048400100A0070003504001003C
S3150802A050000000005C400100000000000841010009
S3150802A060FF4C000054C00700512130000E000DE6D7
S3150802A0702A0000000405060708000000D1B60200FF
S3150802A0806005000040400701000050510000A02171
S3150802A09010000000000000861FC08100000000209A
S3150802A0A00000000064400501000000404902F0007B
S3150802A0B040080000020000009200080088400F01D4
S3150802A0C0D7032A00000000E0000000000002050D88
S3150802A0D01A2D3F506068696357463525150D0908DC
S3150802A0E00706050504040403030303020202020227
S3150802A0F00101010101010101010101011C410101E5
S3150802A10000B0B18C38410701BC200AF0B65552009E
S3150802A110055B98408E6E8294233C4852893B4000E8
S3150802A120C00300805C410101FFDD000068410701B0
S3150802A130E853FA000000004000000000000000009A
S3150802A140000000000000000000000000D0410301EA
S3150802A1500000AAAAD000000004001200E041130180
S3150802A16000000000FFAB000A5CF10F00D3410200B9
S3150802A17095EDB100197BD80F1208B904EA1B6D1FB9
S3150802A180C9B7C20A0B203B00430600005962F30016
S3150802A190727E9600A73D1900D022F13B000000A06E
S3150802A1A00000000040000000000000004C420101CF
S3150802A1B00800030468420101010000003880010119
S3150802A1C0F1471000A080020170780300FFC0020068
S3150802A1D0A8800111F0010000A88001310542CB01D7
S3150802A1E0AC800111F0010000AC800131050A0D00B6
S3150802A1F0EC000112E00F0000EC0001320C205111B4
S3150802A2008401010200000000FFFFFFFF03030000B4
S3150802A210FC4F0103649B0208104001000041000044
S3150802A2203C400100100000004840010020070003DE
S3150802A23050400100000400005C4001000D0F0000C0
S3150802A2400841010003C0010054C007005111300043
S3150802A2500E000DE62A000000080B0C0D0D0000008A
S3150802A260D1B60200800500004040070100002070B8
S3150802A2700000A01110000000300000461FC881002F
S3150802A2800020003000800000644005010000000044
S3150802A290B904F800400800001000000092000A0005
S3150802A2A088400F01B703120000000060000000009A
S3150802A2B00002050D1C2F42536269686053402E1F27
S3150802A2C0110A080808080706050403030202020120
S3150802A2D0010101010000000000000000000000006A
S3150802A2E01C41010100302C8C38410701BC200AF0C0
S3150802A2F049C0510001000040B7563512007808508F
S3150802A30009084000C00300805C410101000000000A
S3150802A310684107014CD4E83B04190D70080E141A5B
S3150802A32020262C32383E10325476980A1D6940B4DB
S3150802A330D041030100000000D00000000000020026
S3150802A340E041130100000000E2CFDD2C7EB63A00A0
S3150802A350600919005122E2004CB9510E3982A9044A
S3150802A360D8229B29E2CFDD2C7EB63A006009190075
S3150802A3705122E2004CB9510E3982A904D8229B29EE
S3150802A3800000000000000000440000003C3C3C3C89
S3150802A3904C42010108000004684201010000000065
S3150802A3A038800101F1471000A080020170380300CD
S3150802A3B0D0000000A8800111F0010000A880013138
S3150802A3C0055AFD01AC800111F0010000AC80013193
S3150802A3D0053EFD00EC000112E00F0000EC00013220
S3150802A3E00C2051118401010200000000FFFFFFFF4B
S3150802A3F003040000FC4F0103B89B02081040010049
S3150802A400004100003C4001001000000048400100E5
S3150802A4102017000350400100010400005C400100BF
S3150802A4200D0F00000841010003C0010054C00700D7
S3150802A430511130000E000DE62A000000080B0C0D23
S3150802A4400D000000D1B60200800500004040070159
S3150802A450000020700000A011100000003000004625
S3150802A4601FC88100002000300080000064400501FA
S3150802A47000000000B904F8004008000010000000BF
S3150802A48092000A0088400F01B7031200000000601C
S3150802A490000000000002050D1C2F42536269686025
S3150802A4A053402E1F110A0808080807060504030365
S3150802A4B00202020101010101000000000000000081
S3150802A4C0000000001C41010100302C8C38410701B4
S3150802A4D0BC200AF049C0510001000040B7563512A7
S3150802A4E00078085009084000C00300805C41010159
S3150802A4F000000000684107014CD4E83B04190D70BE
S3150802A5000A10161C22282E343A4010325476980A1B
S3150802A5101D6980A4D041030100000000D00000009C
S3150802A52000000200E041130100000000E2CFDD2C2A
S3150802A5307EB63A00600919005122E2004CB9510E62
S3150802A5403982A904D8229B29E2CFDD2C7EB63A00AD
S3150802A550600919005122E2004CB9510E3982A90448
S3150802A560D8229B29000000000000000044000000D9
S3150802A5703C3C3C3C4C420101080000046842010193
S3150802A5800000000038800101F1471000A080020196
S3150802A59070380300D0000000A8800111F001000005
S3150802A5A0A8800131055AFD01AC800111F0010000B5
S3150802A5B0AC800131053EFD00EC000112E00F0000FF
S3150802A5C0EC0001320C205111840101020000000046
S3150802A5D0FFFFFFFF03050000FC4F01030C9C020866
S3150802A5E010400100004100003C400100000000004C
S3150802A5F04840010020070003504001000000000007
S3150802A6005C4001000D0F000008410100FF4C0000EC
S3150802A61054C00700511130000E000DE62A00000052
S3150802A620080B0C0D0D000000D1B60200E004000074
S3150802A63040400701000020700000A0111000000031
S3150802A640000000461FC081000000002000800000B4
S3150802A6506440050100000000B904F8004008000043
S3150802A660100000009100040088400F01B703120091
S3150802A67000000060000000000002050D1C2F425376
S3150802A6806269686053402E1F110A080808080706FF
S3150802A6900504030302020201010101010000000090
S3150802A6A000000000000000001C41010100302C8C53
S3150802A6B038410701BC200BF049C05100055BA04098
S3150802A6C08E6E82942182485209084000C00D00808D
S3150802A6D05C410101FFDD0000684107014CD4E83BFB
S3150802A6E004190D50080E141A20262C32383E103240
S3150802A6F05476980A1D0040B4D041030100000000B8
S3150802A700D000000004001200E0411301000000809E
S3150802A710E2CFDD2C7EB63A00600919005122E2002A
S3150802A7204CB9510E3982A904D8229B29E2CFDD2CD5
S3150802A7307EB63A00600919005122E2004CB9510E60
S3150802A7403982A904D8229B290000000000000000D3
S3150802A750440000003C3C3C3C4C4201010800030416
S3150802A760684201010000000038800101F14710002B
S3150802A770A080020170380300D0000000A8800111F1
S3150802A780F0010000A8800131055AFD01AC800111D3
S3150802A790F0010000AC800131053EFD00EC0001121B
S3150802A7A0E00F0000EC0001320C2051118401010275
S3150802A7B000000000FFFFFFFF649C0208809C2B8FAD
S3150802A7C080841E00000000002500FF7F043E002052
S3150802A7D000000000609C020800000000649C020859
S3150802A7E0809C2B8F80841E00000026002600B7005E
S3150802A7F0043E002000000000609C020800000000E1
S3150802A800649C0208809C2B8F80841E00000027000F
S3150802A81027008C00043E002000000000609C02080D
S3150802A82000000000489E0208809C2B8F80841E0030
S3150802A830000000002500FF7F043E00200000000003
S3150802A840449E020800000000489E0208809C2B8F46
S3150802A85080841E00000026002600A000043E002078
S3150802A86000000000449E020800000000489E0208FC
S3150802A870809C2B8F80841E00000027002700FF7F04
S3150802A880043E002000000000449E0208000000006A
S3150802A8902CA00208809C2B8F80841E0000000000DA
S3150802A8A02200FF7F043E00200000000028A00208C4
S3150802A8B0000000002CA00208809C2B8F80841E00BA
S3150802A8C0000023002300B600043E0020000000001A
S3150802A8D028A00208000000002CA00208809C2B8FEA
S3150802A8E080841E000000240024009D00043E0020EF
S3150802A8F00000000028A00208000000002CA00208A0
S3150802A900809C2B8F80841E000000250025007D0078
S3150802A910043E00200000000028A0020800000000F3
S3150802A9202CA00208809C2B8F80841E000000260023
S3150802A93026005300043E00200000000028A002085A
S3150802A940000000002CA00208809C2B8F80841E0029
S3150802A950000027002700FF7F043E002000000000B9
S3150802A96028A002080000000010A20208809C2B8F73
S3150802A97080841E00000000002500FF7F0C3E002098
S3150802A980000000000CA202080000000010A2020843
S3150802A990809C2B8F80841E00000026002600B700AC
S3150802A9A00C3E0020000000000CA202080000000075
S3150802A9B010A20208809C2B8F80841E0000002700AC
S3150802A9C027008C000C3E0020000000000CA20208A2
S3150802A9D000000000F4A30208809C2B8F80841E00CE
S3150802A9E0000000002500FF7F0C3E0020000000004A
S3150802A9F0F0A3020800000000F4A30208809C2B8F33
S3150802AA0080841E00000026002600B7000C3E0020A7
S3150802AA1000000000F0A3020800000000F4A30208E8
S3150802AA20809C2B8F80841E000000270027008C0044
S3150802AA300C3E002000000000F0A3020800000000FF
S3150802AA40D8A50208809C2B8F80841E000000000077
S3150802AA502500FF7F0C3E002000000000D4A5020856
S3150802AA6000000000D8A50208809C2B8F80841E0057
S3150802AA70000026002600B7000C3E00200000000059
S3150802AA80D4A5020800000000D8A50208809C2B8FD6
S3150802AA9080841E000000270027008C000C3E002040
S3150802AAA000000000D4A50208000000000C400100C6
S3150802AAB001810100204002000000000001000000A0
S3150802AAC03040030000000000000000000000000003
S3150802AAD04040020000000000004000006040010003
S3150802AAE001010000A840010007000000BC40040064
S3150802AAF00000000000000000000000000000000046
S3150802AB000C410300FF4C0000FF4D0000FF4D000002
S3150802AB1020C0011000F8070020C00130F502280104
S3150802AB2024C00110FF00000024C0013000130000F9
S3150802AB3028C00800EC80B30343754051A00F00F803
S3150802AB4000400000A8AA070000000000000000005C
S3150802AB500000000070C00900BA10000000042000BE
S3150802AB60041880000B3C2001187C10022FFCE0061A
S3150802AB707F0000000000000000000000A8C00500D9
S3150802AB80BD4B721511A3180510325476980A0000A7
S3150802AB9000000000CCC00400010000000000000014
S3150802ABA001000A0001002800080001010807000048
S3150802ABB018000101AAAAAA00200001010060DA0011
S3150802ABC05C400201000000030000002078400401F6
S3150802ABD029417671000000008C000C00000000007C
S3150802ABE0C44004010000000000000000000000004C
S3150802ABF000000000E04001010002000010410201CD
S3150802AC00331E05000000000020410201000000007A
S3150802AC10FF0483072C410301FF06660CFF04830722
S3150802AC208813FF0358410101000000006441010135
S3150802AC300C0100008441050101010000000000002A
S3150802AC40000000000000000000000000A44102010C
S3150802AC500000000000000000B041020100000000F0
S3150802AC6058923EC0BC4103010000000000003C00AF
S3150802AC70699006002C42030160180040000000009B
S3150802AC80000000003C4201010000000044420101AC
S3150802AC90140000008042020100000000810000004A
S3150802ACA0984205013F000002FFFF0000FFFF000077
S3150802ACB0FF030000FFFF0000B4420101000000008C
S3150802ACC030430A0140002001A0000000085000019C
S3150802ACD01F1F1F1F1F1F1F1B18151311100E0D0CE8
S3150802ACE045C1872F00000000000000001080010106
S3150802ACF0030000003C80010101000000B08002014F
S3150802AD0000030002370000019C000102000C000447
S3150802AD10D8000302050040AA88010000C00000000E
S3150802AD20F00001022B0100001001011200FF0F00C2
S3150802AD3010010132020000315001011200C0010067
S3150802AD4050010132C100A2007401010269F11B0C13
S3150802AD507801011200001C00780101321004E0CFCC
S3150802AD608001011279070000800101320200000009
S3150802AD708801010250000000FFFFFFFF50C30000D8
S3150802AD80761600007701000077010000193F0106D8
S3150802AD90041001000001010600102700000C000043
S3150802ADA0000000000000000014000000666666004D
S3150802ADB0000000008CAD02087CAD0208000000000D
S3150802ADC0000000000048E80180841E000101F80026
S3150802ADD0F1475002000000003CCE020800000000C5
S3150802ADE000000000000000007C841E000000000035
S3150802ADF0000000000000000000000000140000002F
S3150802AE006666660000000000A4CE020894CE020818
S3150802AE10000B000000000000005A620280841E0037
S3150802AE200420F800F1475002000000003CCE020858
S3150802AE3000000000000000000000000062841E00FE
S3150802AE4000000000000000000000000000000000F2
S3150802AE50FC4F0103A8AD02080C4002000CB1110018
S3150802AE6000410000304004002508000000010000EF
S3150802AE70FF00000041030100504001000B000000E2
S3150802AE805C4002000F0D00000101000008410400A9
S3150802AE9001400000FF0C000001410000FF0D000008
S3150802AEA020C0011000F8070020C00130F502280171
S3150802AEB024C00110FF00000024C001300013000066
S3150802AEC044C001000000000054C0070051213000B0
S3150802AED00E000DE62A000000040506070800000019
S3150802AEE0D1B6020060050000D0C0010000000000D3
S3150802AEF0080001010E17000018000101FFFFFFFFFD
S3150802AF00200001012083B8ED40400601000050519F
S3150802AF100000A02110000000000000861FC081006A
S3150802AF2000000020604017010000002000000040D9
S3150802AF304902F000400800000200000092000800E2
S3150802AF407C4E78AB000000008C000C00000000006C
S3150802AF50DA032A000000006000000000010207115F
S3150802AF6021374B5A676962544029150500000000CB
S3150802AF700102030404040303030303020202020296
S3150802AF800201010110410101331E05001C410201A3
S3150802AF900030B38C0000000038410701BC200AF0DB
S3150802AFA0F8545200055B9840D51E723E263C48521C
S3150802AFB0893B4000C00300805C410101FFDD0000BF
S3150802AFC06C410B0100000040000000000000000078
S3150802AFD0000000000000000000000000010100005F
S3150802AFE00000000000000000000000000000000051
S3150802AFF0A841010100000000B441010158923EC077
S3150802B000D041030100005555D0000000040012008B
S3150802B010E4410E01FFAB000A5CF10F00D3410200C6
S3150802B02095EDB100197BD80F1208B904EA1B6D1FFA
S3150802B030FFAB000A5CF10F00D341020095EDB100A7
S3150802B040197BD80F1208B904EA1B6D1F24420301A3
S3150802B0504000000000000000601800403C42010168
S3150802B060000000004C42010108000304804202016C
S3150802B0700000000081000000A0420301FFFF00005B
S3150802B080FF030000FFFF0000B442010100000000B8
S3150802B0903043030140002001A000000008500001CF
S3150802B0A04C43010145C1872FA08002017078030035
S3150802B0B0D5C00000A8800111F0010000A880013166
S3150802B0C00542CB01AC800111F0010000AC800131D0
S3150802B0D005228D00B08001010003000274010102FD
S3150802B0E069F11B0C7801011200001C00780101327B
S3150802B0F01004E0CF800101127907000080010132B5
S3150802B1000200000084010202000000005000000054
S3150802B110FFFFFFFF05000000FC4F0103C0CE020837
S3150802B1200C400200018014007F40000030400400F9
S3150802B13000000000000000000000000000000000FF
S3150802B14050400100000000005C40020000000000C0
S3150802B150000000000841040000400000FF4C000007
S3150802B16000410000FF4D000020C0011000F8070052
S3150802B17020C001301402280124C00110FF0000007B
S3150802B18024C001300043000044C001002E02000022
S3150802B19054C00700514130000E000DE62A00000097
S3150802B1A0080B0C0D0D000000D1B60200C006000007
S3150802B1B0D0C00100000000000800010104070000D9
S3150802B1C018000101000000002000010108840000A7
S3150802B1D040400601000000000000000010000000C8
S3150802B1E020F9130407026200387000006040170154
S3150802B1F00068010F40B824404902F00041080000E7
S3150802B20002000000B0070800A70000002F00000097
S3150802B210236300009BC34A74F0030F00008000609A
S3150802B220BE0A00000101103050707F7F0000000046
S3150802B23000000000000000000000000000000000FE
S3150802B240000000000000000000000000104101019B
S3150802B250331E05001C4102010090C28B590B0000E7
S3150802B2603841070190200AF0F85452000000000005
S3150802B270B756351200000050803B0000000000005F
S3150802B2805C410101001E00006C410B0100148CC0D8
S3150802B290141A21282E343B42495043557698BA0C43
S3150802B2A028690000010100001721286414171A00F2
S3150802B2B02004C869A1203A09A84101012900000011
S3150802B2C0B441010100002000D04103010000000042
S3150802B2D0D000000000000200E4410E01DE635E3683
S3150802B2E0BF6F07006FEA1600E530CE00B2B9D90E75
S3150802B2F04B8494045A1FA924DE635E36BF6F070087
S3150802B3006FEA1600E530CE00B2B9D90E4B84940422
S3150802B3105A1FA924244203012C00000007EE7536A1
S3150802B320601800403C420101000000004C42010145
S3150802B33008000004804202010000000081000000AB
S3150802B340A0420301FFFF0000FF030000FFFF000009
S3150802B350B44201010000000030430301400020010D
S3150802B360A0000000085000014C43010145C1872F87
S3150802B3709C800301EB40020070780300D5C00000F0
S3150802B380A8800111F0010000A88001310542CB0115
S3150802B390AC800111F0010000AC80013105228D005C
S3150802B3A0B0800101000300027401010269F11B0C5D
S3150802B3B07801011200001C00780101321004E0CF66
S3150802B3C080010112790700008001013202000000A3
S3150802B3D0840102020000000050000000FFFFFFFF88
S3150802B3E0FC4F0103A8AD02080C4002000CB1110083
S3150802B3F0004100003040040025080000000100005A
S3150802B400FF00000041030100504001000B0000004C
S3150802B4105C4002000F0D0000010100000841040013
S3150802B42001400000FF0C000001410000FF0D000072
S3150802B43020C0011000F8070020C00130F5022801DB
S3150802B44024C00110FF00000024C0013000130000D0
S3150802B45054C00700512130000E000DE62A000000F4
S3150802B4600405060708000000D1B6020060050000C0
S3150802B470CCC0020001000000000000000800010123
S3150802B4800E17000018000101FFFFFFFF200001014F
S3150802B4902083B8ED40401F01000050510000A02152
S3150802B4A010000000000000861FC081000000002076
S3150802B4B00000000000000003000000200000004019
S3150802B4C04902F0004008000002000000920008004D
S3150802B4D07C4E78AB000000008C000C0000000000D7
S3150802B4E0DA032A00000000600000000001020711CA
S3150802B4F021374B5A67696254402915050000000036
S3150802B5000102030404040303030303020202020200
S3150802B5100201010110410201331E0500000000006C
S3150802B5201C4103010030B38C00000000FF048307AE
S3150802B53040410501055B9840D51E723E263C48529D
S3150802B540893B4000C0030080584102010000000008
S3150802B550FFDD0000B04102010000000058923EC023
S3150802B560D041030100005555D00000000400120026
S3150802B570E041140100000000FFAB000A5CF10F0075
S3150802B580D341020095EDB100197BD80F1208B90410
S3150802B590EA1B6D1FFFAB000A5CF10F00D3410200E4
S3150802B5A095EDB100197BD80F1208B904EA1B6D1F75
S3150802B5B0000000000000000040000000000000003B
S3150802B5C0601800403C420101000000004C420101A3
S3150802B5D00800030480420201000000008100000006
S3150802B5E0A0420301FFFF0000FF030000FFFF000067
S3150802B5F0B44201010000000030430301400020016B
S3150802B600A0000000085000014C43010145C1872FE4
S3150802B610A080020170780300D5C00000A88001113D
S3150802B620F0010000A88001310542CB01AC8001116E
S3150802B630F0010000AC80013105228D00B0800201C4
S3150802B64000030002370000017401010269F11B0CB4
S3150802B6507801011200001C00780101321004E0CFC3
S3150802B6608001011279070000800101320200000000
S3150802B670840102020000000050000000FFFFFFFFE5
S3150802B680FC4F010318CF02080C4002000180140087
S3150802B6907F40000030400400000000000000000067
S3150802B6A000000000000000005040010000000000F9
S3150802B6B05C4002000000000000000000084104008F
S3150802B6C000400000FF4C000000410000FF4D000052
S3150802B6D020C0011000F8070020C00130FE01280131
S3150802B6E024C00110FF00000024C00130001400002D
S3150802B6F054C0070051313000070007E61500000064
S3150802B700040606070700000088C6020000050000B6
S3150802B710CCC0020001000000A100000008000101DF
S3150802B72004070000180001010000000020000101C2
S3150802B7300884000040401F010000000000000000CD
S3150802B7401000000020FB130407C24200000000009C
S3150802B75000000000000000030000002020B80200DC
S3150802B7604902F0004108000002000000B007080084
S3150802B770A70000002F0000005A02A0089BC34A74C3
S3150802B780F0030F0000000060000000000101103005
S3150802B79050707F7F000000000000000000000000DB
S3150802B7A00000000000000000000000000000000089
S3150802B7B00000000010410201731E0500000000008F
S3150802B7C01C4103010090C28B11010000FF0483078C
S3150802B7D04041050100000000B7563512000000502E
S3150802B7E0803B0000000000005841020100000000F2
S3150802B7F003100000B0410201000000000000200012
S3150802B800D041030100000000D00000000000020041
S3150802B810E041140100000000DE635E36BF6F0700D8
S3150802B8206FEA1600E530CE00B2B9D90E4B849404FD
S3150802B8305A1FA924DE635E36BF6F07006FEA160039
S3150802B840E530CE00B2B9D90E4B8494045A1FA92406
S3150802B85000000000000000002C00000007EE75360C
S3150802B860601800003C420101120100004C4201012D
S3150802B8700800000480420201010009400108100084
S3150802B880A04203010000E8030002000000001000C5
S3150802B890B44201010000C0003043030140004002E7
S3150802B8A04001AC0450B000014C4301015D280F2D44
S3150802B8B09C800301EB400200D5C00000D5C0000001
S3150802B8C0A8800111F0010000A880013105228D002F
S3150802B8D0AC800111F0010000AC80013105228D0017
S3150802B8E0B08002013F000001370000017401010225
S3150802B8F069F11F0C7801011200001C00780101325F
S3150802B9001004E01F80010112790700008401020277
S3150802B9100000000048000000FFFFFFFF03000000D0
S3150802B920FC4F0103A8AD02080C4002000CB111003D
S3150802B9300041000030400400250800000001000014
S3150802B940FF00000054070100504001000B000000F0
S3150802B9505C4002000F0D00000101000008410400CE
S3150802B96001400000FF0C000001410000FF0D00002D
S3150802B97020C0011000F8070020C00130F502280196
S3150802B98024C00110FF00000024C00130001300008B
S3150802B99044C001000000000054C0070051213000D5
S3150802B9A00E000DE62A00000004050607080000003E
S3150802B9B0D1B6020060050000D0C0010000000000F8
S3150802B9C0080001010E17000018000101FFFFFFFF22
S3150802B9D0200001012083B8ED4040060100005051C5
S3150802B9E00000A02110000000000000861FC0810090
S3150802B9F000000020604017010000002000000040FF
S3150802BA004902F00040080000020000009200080007
S3150802BA1083B18754000000008C000C00000000006F
S3150802BA20DA032A0000000060000000000102071184
S3150802BA3021374B5A676962544029150500000000F0
S3150802BA4001020304040403030303030202020202BB
S3150802BA500201010110410101331E05001C410201C8
S3150802BA600030B38C0000000038410701BC200AF000
S3150802BA70F8545200055B98402AE18DC1263C48528B
S3150802BA80893B4000C00300805C410101FFDD0000E4
S3150802BA906C410B010000004000000000000000009D
S3150802BAA00000000000000000000000000101000084
S3150802BAB00000000000000000000000000000000076
S3150802BAC0A841010100000000B441010158923EC09C
S3150802BAD0D041030100005555D000000004001200B1
S3150802BAE0E4410E01FFAB000A5CF10F00D3410200EC
S3150802BAF095EDB100197BD80F1208B904EA1B6D1F20
S3150802BB00FFAB000A5CF10F00D341020095EDB100CC
S3150802BB10197BD80F1208B904EA1B6D1F24420301C8
S3150802BB204000000000000000601800403C4201018D
S3150802BB30000000004C420101080003048042020191
S3150802BB400000000081000000A0420301FFFF000080
S3150802BB50FF030000FFFF0000B442010100000000DD
S3150802BB603043030140002001A000000008500001F4
S3150802BB704C43010145C1872FA0800201707803005A
S3150802BB80D5C00000A8800111F0010000A88001318B
S3150802BB900542CB01AC800111F0010000AC800131F5
S3150802BBA005228D00B0800101000300027401010222
S3150802BBB069F11B0C7801011200001C0078010132A0
S3150802BBC01004E0CF800101127907000080010132DA
S3150802BBD0020000008401020200000000500000007A
S3150802BBE0FFFFFFFFFC4F010318CF02080C400200BB
S3150802BBF0018014007F40000030400400000000006D
S3150802BC000000000000000000000000005040010093
S3150802BC10000000005C400200000000000000000076
S3150802BC200841040000400000FF4C000000410000EB
S3150802BC30FF4D000020C0011000F8070020C00130A7
S3150802BC40FE01280124C00110FF00000024C00130B3
S3150802BC500014000044C001000000000054C00700A0
S3150802BC6051313000070007E61500000004060607F2
S3150802BC700700000088C6020000050000D0C00100C7
S3150802BC80A1000000080001010407000018000101D4
S3150802BC90000000002000010108840000404006015F
S3150802BCA000000000000000001000000020FB130442
S3150802BCB007C2420000000000604017010000002091
S3150802BCC020B802004902F000410800000200000004
S3150802BCD0B0070800A70000002F0000005A02A008BB
S3150802BCE09BC34A74F0030F000000006000000000C6
S3150802BCF00101103050707F7F000000000000000034
S3150802BD000000000000000000000000000000000023
S3150802BD10000000000000000010410101731E05002A
S3150802BD201C4102010090C28B110100003841070133
S3150802BD30BC200AF0F854520000000000B75635122B
S3150802BD4000000050803B0000000000005C41010139
S3150802BD50031000006C410B010000004000000000C7
S3150802BD6000000000000000000000000000000000C3
S3150802BD7001010000000000000000000000000000B1
S3150802BD8000000000A841010100000000B4410101C1
S3150802BD9000002000D041030100000000D00000008E
S3150802BDA000000200E4410E01DE635E36BF6F070043
S3150802BDB06FEA1600E530CE00B2B9D90E4B84940468
S3150802BDC05A1FA924DE635E36BF6F07006FEA1600A4
S3150802BDD0E530CE00B2B9D90E4B8494045A1FA92471
S3150802BDE0244203012C00000007EE75366018000095
S3150802BDF03C420101120100004C4201010800000404
S3150802BE00804202010100094001081000A042030114
S3150802BE100000E8030002000000001000B44201011D
S3150802BE200000C00030430301400040024001AC0458
S3150802BE3050B000014C4301015D280F2D9C8003017F
S3150802BE40EB400200D5C00000D5C00000A880011151
S3150802BE50F0010000A880013105228D00AC80011195
S3150802BE60F0010000AC80013105228D00B08001018D
S3150802BE703F0000017401010269F11F0C78010112E9
S3150802BE8000001C00780101321004E01F8001011233
S3150802BE907907000084010202000000004800000041
S3150802BEA0FFFFFFFF05020000FC4F0103FCAD02087D
S3150802BEB020C0011000F8070020C00130FE01280149
S3150802BEC024C00110FF00000024C001300014000045
S3150802BED044C001000000000068C0020088C60200D3
S3150802BEE000050000D0C00100A10000004C4003017B
S3150802BEF020FB130407C04200000000006040020154
S3150802BF000000002800800200804001015A01A008B2
S3150802BF108C4002010000006000000000204101017F
S3150802BF200000000038410101BC200AF05C41010111
S3150802BF30031000006C410B010000004000000000E5
S3150802BF4000000000000000000000000000000000E1
S3150802BF5001010000000000000000000000000000CF
S3150802BF6000000000A8410101000000003C42010156
S3150802BF701201000080420201010009400108100076
S3150802BF80A04203010000E8030002000000001000BE
S3150802BF90B44201010000C0003043030141004002DF
S3150802BFA04001AC0450B000014C4301015D280F2D3D
S3150802BFB0FFFFFFFF050A0000FC4F0103FCAD020864
S3150802BFC020C0011000F8070020C00130FE01280138
S3150802BFD024C00110FF00000024C001300014000034
S3150802BFE044C001000000000068C0020088C60200C2
S3150802BFF000050000D0C00100A10000004C4003016A
S3150802C00020FB130407C04200000000006040020142
S3150802C0100000002800800200804001015A01A008A1
S3150802C0208C4002010000006000000000204101016E
S3150802C0300000000038410101BC200AF05C41010100
S3150802C040031000006C410B010000004000000000D4
S3150802C05000000000000000000000000000000000D0
S3150802C06001010000000000000000000000000000BE
S3150802C07000000000A8410101000000003C42010145
S3150802C0801201000080420201010009400108100065
S3150802C090A04203010000E8030002000000001000AD
S3150802C0A0B44201010000C0003043030141004002CE
S3150802C0B04001B40550B000014C4301015D280F2D23
S3150802C0C0FFFFFFFF05090000FC4F0103C0CE02086F
S3150802C0D020C0011000F8070020C001301402280110
S3150802C0E024C00110FF00000024C0013000430000F4
S3150802C0F044C001002E02000068C00200D1B6020048
S3150802C100C0060000D0C00100000000004C40030138
S3150802C11020F913040700620038700000604002012B
S3150802C1200068010F40B824408040010123630000E3
S3150802C1308C40020100800060BE0A00002041010115
S3150802C140590B00003841010190200AF05C410101B7
S3150802C150001E00006C410B0100140CC01A20272E89
S3150802C160343A41484F56546687A9CB0D23730000CB
S3150802C1700101000017272E6A14171A002004C87D29
S3150802C180A1203A09A8410101290000003C42010107
S3150802C1900000000080420201000000008100000049
S3150802C1A0A0420301FFFF0000FF030000FFFF00009B
S3150802C1B0B44201010000000030430301400020019F
S3150802C1C0A0000000085000014C43010145C1872F19
S3150802C1D0FFFFFFFF18B102084063598F404B4C001E
S3150802C1E00B000B001A00FF7F243E0020000000000F
S3150802C1F014B102080000000050AE02084063598FCD
S3150802C200404B4C001B001B002A00FF7F143E0020F7
S3150802C210000000001CB902080000000018B102085C
S3150802C2204063598F404B4C000B000B001A00FF7FEE
S3150802C230243E00200000000014B10208000000009D
S3150802C24020B902084063598F404B4C001B001B0063
S3150802C2502A00FF7F143E0020000000001CB90208D5
S3150802C2600000000080B602084063598F404B4C001C
S3150802C2700B000B001A00FF7F243E0020000000007E
S3150802C28014CF020800000000E0B302084063598F89
S3150802C290404B4C001B001B002A00FF7F143E002067
S3150802C2A0000000001CB9020800000000204002003D
S3150802C2B000000000000000004040030000000000EB
S3150802C2C000400000A0070003A84001000700000084
S3150802C2D0BC4004000000000000000000000000004E
S3150802C2E00000000028C00800EC80B30343754051E3
S3150802C2F0A00F00F800400000A8AA070000000000EE
S3150802C300000000000000000070C00900BA1000001A
S3150802C31000042000041880000B3C2001187C10023F
S3150802C3202FFCE0067F00000000000000000000006D
S3150802C330A8C00500BD4B721511A318051032547614
S3150802C340980A000000000000D4C0020001000A009A
S3150802C35001002800BC4006010000000000000000A1
S3150802C36000000000000000000000000000000000BD
S3150802C370E0400101000200002C410501FF06660C9F
S3150802C380FF0483078813FF03BC200AF0F8545200FF
S3150802C39064410D010C010000E853FA000000004058
S3150802C3A0000000000000000000000000000000007D
S3150802C3B0000000000101000000000000000000006B
S3150802C3C00000000000000000A44102010000000075
S3150802C3D000000000BC4103010000000000003C0010
S3150802C3E069900600304202010000000000000000C9
S3150802C3F044420101140000006842010100000000E5
S3150802C400984202013F000002FFFF00003C4304017C
S3150802C4101F1F1F1F1F1F1F1B18151311100E0D0C90
S3150802C42050430201000000000000000010800101D4
S3150802C4300300000038800201F147100001000000E5
S3150802C4409C000102000C0004D8000302050040AA61
S3150802C45088010000C0000000EC000112E00F000095
S3150802C460EC0001320C205111F00001022B010000F0
S3150802C4701001011200FF0F00100101320200003103
S3150802C4805001011200C0010050010132C100A20090
S3150802C490FFFFFFFFE4BB02084063598F404B4C0085
S3150802C4A00B000B001A00FF7F243E0020000000004C
S3150802C4B014CF02080000000020B902084063598F11
S3150802C4C0404B4C001B001B002A00FF7F143E002035
S3150802C4D0000000001CB9020800000000204002000B
S3150802C4E000000000000000004040030000000000B9
S3150802C4F000400000A0070003A84001000700000052
S3150802C500BC4004000000000000000000000000001B
S3150802C5100000000028C00700EC80B30343754051B1
S3150802C520A00F00F800400000A8AA070000000000BB
S3150802C5300000000070C00900BA10000000042000C4
S3150802C540041880000B3C2001187C10022FFCE00620
S3150802C5507F0000000000000000000000A8C00500DF
S3150802C560BD4B721511A3180510325476980A0000AD
S3150802C57000000000CCC0010001000000D4C0020087
S3150802C58001000A00010028005840020100000000CC
S3150802C59000000003BC400601000000000000000085
S3150802C5A0000000000000000000000000000000007B
S3150802C5B0E0400101000200001441010100000000F0
S3150802C5C024410101FF0483072C410301FF06660C7F
S3150802C5D0FF0483078813FF03584101010000000086
S3150802C5E0644102010C010000E853FA00A44101016A
S3150802C5F000000000B041010100000000BC41030137
S3150802C6000000000000003C0069900600E0410101BC
S3150802C610000000001C4202010000000000000000A9
S3150802C62030420201000000000000000044420101FD
S3150802C630140000006842010100000000984202014D
S3150802C6403F000002FFFF00003C4304011F1F1F1F9B
S3150802C6501F1F1F1B18151311100E0D0C5043020134
S3150802C6600000000000000000108001010300000025
S3150802C67038800201F147100001000000B480010170
S3150802C680370000019C000102000C0004D8000302D6
S3150802C690050040AA88010000C0000000EC00011253
S3150802C6A0E00F0000EC0001320C205111F0000102EB
S3150802C6B02B0100001001011200FF0F0010010132C8
S3150802C6C0020000315001011200C00100500101327E
S3150802C6D0C100A200FFFFFFFFA8BE02084063598FF0
S3150802C6E0404B4C000B000B001A00FF7F243E002033
S3150802C6F000000000A4BE020800000000B8BF02083D
S3150802C7004063598F404B4C000B000B001A00FF7F09
S3150802C710243E002000000000B4BF0208000000000A
S3150802C720C8C002084063598F404B4C000B000B00EF
S3150802C7301A00FF7F243E002000000000C4C0020841
S3150802C7400000000002000000C01753020614000091
S3150802C750802FA60405380000A0080000000058092A
S3150802C76001040706100A01040707C80A0004080795
S3150802C770800B00040808380C000409086108000048
S3150802C78000008A0800000000C709010404032C0BF4
S3150802C79001040404920C010405040000DBD610000F
S3150802C7A0DBD6100020A1070000000000193F010691
S3150802C7B00410010000010002020000000005000149
S3150802C7C00100000000000000140000000000000044
S3150802C7D000000000ACC702089CC70208000000005F
S3150802C7E00000000070305E01E80300000102F2005A
S3150802C7F0330410030000000044C7020800000000CA
S3150802C8000000000000000000D00700000000000041
S3150802C8100000000000000000000000000000000008
S3150802C820000000008008089240420F000000000045
S3150802C8300000FF7F1C3E0020000000001CC8020802
S3150802C840000000000C40020000000000004000004A
S3150802C850204002000F0000000000000030400700E0
S3150802C86000000000000000000000000000000000B8
S3150802C87000000000004000000007000350400100CD
S3150802C880000000005C4002000000000000000000FA
S3150802C890A840010007000000BC4004000000000098
S3150802C8A0000000000000000000000000084104002B
S3150802C8B0FF40000000000000FF41000000000000E9
S3150802C8C020C0011000F8070020C00130000128012D
S3150802C8D024C00110FF00000024C00130001300002C
S3150802C8E028C00800EC80B30343754051A00F00F836
S3150802C8F000400000A8AA070000000000000000008F
S3150802C9000000000054C0100051213000F400E3E694
S3150802C910A354000086B7CFDCE300000088C60200F5
S3150802C92040070000BA100000000420000418800026
S3150802C9300B3C2001187C10022FFCE0067F00000049
S3150802C9400000000000000000A8C00500BD4B7215DB
S3150802C95011A3180510325476980A00000000000048
S3150802C960CCC00400010000000000000001000A001B
S3150802C970010028000800010144070000180001010F
S3150802C980000000002000010101A00000404025012E
S3150802C99000000000000000001000000091010000E5
S3150802C9A001C002060030000000000000000000037B
S3150802C9B00000002000000000427206004108000044
S3150802C9C0F00704001000000000000000000000004C
S3150802C9D00000AC08000000001C030F000000006005
S3150802C9E00000000000000000000000000000000037
S3150802C9F00000000000000000000000000000000027
S3150802CA000000000000000000000000000000000016
S3150802CA100000000000000000000000000000000006
S3150802CA2000000000E040010100020000104102017E
S3150802CA30331E0500000000001C4103010010568B3E
S3150802CA4000000000FF0483072C410A01FF06660C5A
S3150802CA50FF0483078813FF03BC200AF056335000ED
S3150802CA6000000000B756351200000050803B000057
S3150802CA70000000005841020100000000000000000A
S3150802CA8064410D010C010000E853FA000000004061
S3150802CA900000000000000000000000000000000086
S3150802CAA00000000001010000000000000000000074
S3150802CAB00000000000000000A4410201000000007E
S3150802CAC000000000B0410201000000000000200042
S3150802CAD0BC4103010000000000003C00699006000A
S3150802CAE0D04103010000000010000000000002000F
S3150802CAF0E041160100000000E6E7FF0BCDA10A009F
S3150802CB00BD066A005EB04D007D02420EA5B622023F
S3150802CB10FF25B234E6E7FF0BCDA10A00BD066A007F
S3150802CB205EB04D007D02420EA5B62202FF25B23442
S3150802CB3000000000000000000500000000000000E0
S3150802CB406018004000000000000000003C4201019D
S3150802CB500000000044420101140000004C42010199
S3150802CB600800000468420101000000008042020138
S3150802CB700000000081000000984205013F00000203
S3150802CB80FFFF0000FFFF0000FF030000FFFF000099
S3150802CB90B44201010000000030430A0140002001AE
S3150802CBA0A0000000085000011F1F1F1F1F1F1F1B88
S3150802CBB018151311100E0D0C45C1872F0000000021
S3150802CBC00000000010800101030000003880020105
S3150802CBD03304100001000000A080020170780300EF
S3150802CBE0D0000000A8800111F0010000A8800131E0
S3150802CBF00542CB01AC800111F0010000AC80013185
S3150802CC00053EFD00B0800201000300023700000164
S3150802CC109C000102000C0004D8000302050040AA89
S3150802CC2088010000C0000000EC000112E00F0000BD
S3150802CC30EC0001320C205151F00001022B010000D8
S3150802CC401001011200FF0F0010010132020000312B
S3150802CC505001011200C0010050010132C100A200B8
S3150802CC607401010269F11B0C7801011200001C0013
S3150802CC70780101321004E0CF800101127907000021
S3150802CC808001013202000000840102020010000045
S3150802CC9050000000FC4F0103C8C70208FFFFFFFF50
S3150802CCA0ACAA020800000000B8A7020803000000A8
S3150802CCB000000000C0175302A0CC0208ACAA020862
S3150802CCC00000000024A8020803000000000000007B
S3150802CCD0C0175302BCCC0208ACAA02080000000026
S3150802CCE090A802080600000000000000C0175302C0
S3150802CCF0D8CC0208ACAA02080000000068A90208FB
S3150802CD000300000000000000C0175302F4CC02081A
S3150802CD10ACAA020800000000D4A902080300000019
S3150802CD2000000000C017530210CD0208ACAA020880
S3150802CD300000000040AA02080300000000000000EC
S3150802CD40C01753022CCD02081CD5020800000000A9
S3150802CD50D8C602080100000000000000C0175302EE
S3150802CD6048CD0208DCC40208000000001CC2020802
S3150802CD700200000000000000C017530264CD02083A
S3150802CD80DCC4020800000000D4C102080200000048
S3150802CD9000000000C017530280CD0208DCC4020856
S3150802CDA00000000094C4020802000000000000000F
S3150802CDB0C01753029CCD0208ACC20208000000004C
S3150802CDC064C202080200000000000000C0175302F5
S3150802CDD0B8CD02081CD502080000000020C70208C8
S3150802CDE00100000000000000C0175302D4CD02085B
S3150802CDF01CD5020800000000FCC60208010000005B
S3150802CE0000000000C0175302F0CD020844C8020809
S3150802CE100000000020C8020801000000000000000F
S3150802CE20C01753020CCE020801000000ED170000DD
S3150802CE30ED170000F40100000000000002000000E7
S3150802CE40C017530206140000802FA60405380000F6
S3150802CE50A00800000000580901040706100A010488
S3150802CE600707C80A00040807800B00040808380CDC
S3150802CE70000409086108000000008A080000000092
S3150802CE80C709010404032C0B01040404920C0104CF
S3150802CE9005040000E1190000E1190000F401000090
S3150802CEA000000000193F01060410010000010106F6
S3150802CEB00010270000090000000000000000000022
S3150802CEC0140000006666660000000000A4CE020890
S3150802CED02CCE02080000000000000000005A620280
S3150802CEE080841E000420F600F1475002000000006C
S3150802CEF03CCE02080000000000000000000000000E
S3150802CF0062841E000000000000000000000000000D
S3150802CF1000000000050E00001400000066666600A8
S3150802CF2000000000A4CE020894CE0208000A0000FF
S3150802CF3000000000005A620280841E000420F800E5
S3150802CF40F1475002000000003CCE02080000000033
S3150802CF50000000000000000062841E0000000000BD
S3150802CF6000000000000000000000000005010000AB
S3150802CF70FC4F0103C0CE020820C0011000F80700CA
S3150802CF8020C001301402280124C00110FF0000004D
S3150802CF9024C001300043000044C001002E020000F4
S3150802CFA068C00200D1B60200C0060000D0C0010067
S3150802CFB0000000004C40030120F913040700620038
S3150802CFC038700000604002010068010F40B8244032
S3150802CFD080400101236300008C400201008000604A
S3150802CFE0BE0A000020410101590B00003841010127
S3150802CFF090200AF05C410101001E00006C410B0101
S3150802D00000140CC0141A21282E343B4249504355A9
S3150802D0107698BA0C237300000101000017212864D0
S3150802D02014171A002004C87DA1203A09A841010153
S3150802D030290000003C420101000000008042020172
S3150802D0400000000081000000A0420301FFFF00006B
S3150802D050FF030000FFFF0000B442010100000000C8
S3150802D0603043030140002001A000000008500001DF
S3150802D0704C43010145C1872FFFFFFFFF0000000057
S3150802D0804063598F404B4C000B000B001A00FF7F80
S3150802D090243E00200000000014CF02080000000011
S3150802D0A00C400200018014007F400000204002006C
S3150802D0B000000000000000003040070000000000E9
S3150802D0C00000000000000000000000000000000050
S3150802D0D000400000A00700035040010000000000C5
S3150802D0E05C4002000000000000000000A8400100A9
S3150802D0F007000000BC400400000000000000000019
S3150802D1000000000000000000084104000040000082
S3150802D110FF4C000000410000FF4D000020C0011036
S3150802D12000F8070020C00130FE01280124C00110C2
S3150802D130FF00000024C001300014000028C00800C7
S3150802D140EC80B30343754051A00F00F8004000007D
S3150802D150A8AA070000000000000000000000000066
S3150802D16054C0100051313000070007E615000000D0
S3150802D170040606070700000088C60200000500002C
S3150802D180BA10000000042000041880000B3C20019D
S3150802D190187C10022FFCE0067F0000000000000049
S3150802D1A000000000A8C00500BD4B721511A31805A2
S3150802D1B010325476980A000000000000CCC0040021
S3150802D1C001000000A100000001000A000100280079
S3150802D1D00800010104070000180001010000000010
S3150802D1E020000101088400004040250100000000DB
S3150802D1F0000000001000000020FB130407C04200D4
S3150802D20000000000000000000000000300000020EB
S3150802D21020B802004902F00041080000020000009E
S3150802D220B0070800A7000000000000005A02A00884
S3150802D2309BC34A74F0030F00000000600000000060
S3150802D2400101103050707F7F0000000000000000CE
S3150802D25000000000000000000000000000000000BE
S3150802D26000000000000000000000000000000000AE
S3150802D270000000000000000000000000000000009E
S3150802D280E04001010002000010410201731E050080
S3150802D290000000001C4103010090C28B110100002E
S3150802D2A0FF0483072C410A01FF06660CFF04830765
S3150802D2B08813FF03BC200AF0F8545200000000004D
S3150802D2C0B756351200000050803B000000000000EF
S3150802D2D058410201000000000310000064410D01DC
S3150802D2E00C010000E853FA000000004000000000AC
S3150802D2F0000000000000000000000000000000001E
S3150802D300010100000000000000000000000000000B
S3150802D31000000000A4410201000000000000000015
S3150802D320B04102010000000000002000BC410301D8
S3150802D3300000000000003C0069900600D04103018D
S3150802D34000000000D000000000000200E0411601C3
S3150802D35000000000DE635E36BF6F07006FEA160044
S3150802D360E530CE00B2B9D90E4B8494045A1FA924CB
S3150802D370DE635E36BF6F07006FEA1600E530CE0041
S3150802D380B2B9D90E4B8494045A1FA924000000008E
S3150802D390000000002C00000007EE75366018000039
S3150802D3A000000000000000003C42010112010000DA
S3150802D3B044420101140000004C4201010800000425
S3150802D3C06842010100000000804202010100094092
S3150802D3D001081000984205013F000002FFFF000005
S3150802D3E00000E8030002000000001000B442010138
S3150802D3F00000C00030430A01400040024001AC046C
S3150802D40050B000011F1F1F1F1F1F1F1B18151311C6
S3150802D410100E0D0C5D280F2D000000000000000004
S3150802D420108001010300000038800201F147100054
S3150802D430010000009C800301EB400200D5C00000F9
S3150802D440D5C00000A8800111F0010000A8800131B2
S3150802D45005228D00AC800111F0010000AC8001317B
S3150802D46005228D00B08002013F000001370000014D
S3150802D4709C000102000C0004D8000302050040AA21
S3150802D48088010000C0000000EC000112E00F000055
S3150802D490EC0001320C205111F00001022B010000B0
S3150802D4A01001011200FF0F001001013202000031C3
S3150802D4B05001011200C0010050010132C100A20050
S3150802D4C07401010269F11F0C7801011200001C00A7
S3150802D4D0780101321004E01F800101127907000069
S3150802D4E0840102020000000048000000FC4F01030C
S3150802D4F018CF0208FFFFFFFF70CF02084063598F5B
S3150802D500404B4C000B000B001A00FF7F243E002004
S3150802D510000000006CCF0208000000000C40020068
S3150802D520018014007F400000204002000000000035
S3150802D5300000000030400700000000000000000064
S3150802D540000000000000000000000000004000008B
S3150802D550A007000350400100000000005C400200E2
S3150802D5600000000000000000A840010007000000BB
S3150802D570BC4004000000000000000000000000009B
S3150802D580000000000841040000400000FF4C0000B3
S3150802D59000410000FF4D000028C00700EC80B303DD
S3150802D5A043754051A00F00F800400000A8AA0700E2
S3150802D5B0000000000000000054C005005131300090
S3150802D5C00E000DE62A000000080B0C0D0D000000E7
S3150802D5D070C00900BA100000000420000418800078
S3150802D5E00B3C2001187C10022FFCE0067F0000008D
S3150802D5F00000000000000000A8C00500BD4B72151F
S3150802D60011A3180510325476980A0000000000008B
S3150802D610CCC0010001000000D4C0020001000A00CB
S3150802D6200100280008000101040700001800010192
S3150802D63000000000200001010884000040400301A8
S3150802D640000000000000000010000000584002011F
S3150802D6500000000000000003684006014902F000CD
S3150802D6604108000002000000B0070800A7000000F9
S3150802D67000000000844002019BC34A74F0030F00B5
S3150802D680944010010101103050707F7F00000000A5
S3150802D690000000000000000000000000000000007A
S3150802D6A0000000000000000000000000000000006A
S3150802D6B0000000000000000000000000000000005A
S3150802D6C000000000E04001010002000010410201D2
S3150802D6D0331E0500000000001C4101010090C28BA8
S3150802D6E024410101FF0483072C410301FF06660C4E
S3150802D6F0FF0483078813FF033C410601F8545200CE
S3150802D70000000000B756351200000050803B0000AA
S3150802D71000000000584101010000000064410201B6
S3150802D7200C010000E853FA00A441010100000000C0
S3150802D730B04102010000000000002000BC410301C4
S3150802D7400000000000003C0069900600D041030179
S3150802D75000000000D000000000000200E0411601AF
S3150802D76000000000DE635E36BF6F07006FEA160030
S3150802D770E530CE00B2B9D90E4B8494045A1FA924B7
S3150802D780DE635E36BF6F07006FEA1600E530CE002D
S3150802D790B2B9D90E4B8494045A1FA924000000007A
S3150802D7A0000000002C00000007EE753660180040E5
S3150802D7B000000000000000004442010114000000BD
S3150802D7C04C42010108000004684201010000000001
S3150802D7D0984202013F000002FFFF00003C43040199
S3150802D7E01F1F1F1F1F1F1F1B18151311100E0D0CAD
S3150802D7F050430201000000000000000010800101F1
S3150802D8000300000038800201F14710000100000001
S3150802D8109C800301EB40020070780300D5C000002B
S3150802D820A8800111F0010000A88001310542CB0150
S3150802D830AC800111F0010000AC80013105228D0097
S3150802D840B080020100030002370000019C000102B9
S3150802D850000C0004D8000302050040AA8801000053
S3150802D860C0000000EC000112E00F0000EC000132DB
S3150802D8700C205111F00001022B01000010010112C7
S3150802D88000FF0F001001013202000031500101129F
S3150802D89000C0010050010132C100A2007401010258
S3150802D8A069F11B0C7801011200001C007801013293
S3150802D8B01004E0CF800101127907000080010132CD
S3150802D8C0020000008401020200000000500000006D
S3150802D8D0FFFFFFFFA0D00208000000007CD002086C
S3150802D8E00100000000000000C0175302D4D8020845
S3150802D8F0589902082C2066756E6374696F6E3A2011
S3150802D90000617373657274696F6E20222573222013
S3150802D9106661696C65643A2066696C6520222573BE
S3150802D920222C206C696E65202564257325730A00EE
S3150802D930232D302B2000686C4C00656667454647E8
S3150802D940003031323334353637383941424344456B
S3150802D95046003031323334353637383961626364DA
S3150802D96065660000D1E8010819E90108C5E8010859
S3150802D97025E901080DE90108316D02086F6D0208F3
S3150802D980916D0208B36D0208D56D0208B5F8010853
S3150802D99065F8010871F8010861F90108E16F0208E2
S3150802D9A0EB680208EF680208F3680208F7680208DB
S3150802D9B0FB68020800000000C001000020320020B7
S3150802D9C0FFFFFFFFFFFFFFFFFFFFFFFFFFFFFFFF57
S3150802D9D0FFFFFFFFFFFFFFFFFFFFFFFFFFFFFFFF47
S3150802D9E00002100024370020E0330020000002085D
S3150802D9F000000000FFFFFFFFFFFFFFFFFFFFFFFF23
S3150802DA000000000000000000000000000000000006
S3150802DA100000000000000000B1F4010895F40108B6
S3150802DA20B1370208E93902081939020820C001B8D3
S3150802DA3000000001000001010001010100010000CF
S3150802DA40010202030000000000000000FFFFFFFFC2
S3150802DA50FFFFFFFFFFFFFFFFFFFFFFFFC8C8C8C8A2
S3150802DA60C8C8C8C8C8C8C8C8030404080808080833
S3150802DA7000B801B802B800B003040408080500009B
S3150802DA800000000000000000000000000000000086
S3150802DA90040008007C0031003B001B001838000017
S3150802DAA0800300009C3B000004000000283E0000A2
S3150802DAB00400000020330000F8040000983B000030
S3150802DAC004000000243E00000300000000000000DD
S3150802DAD020330000A03B0000010000002C3E00009D
S3150802DAE0370000009D3A00002133000001000000C3
S3150802DAF00006800F7047954909684143880B7047AD
S3150802DB00934800680104C80F704730B5002083495E
S3150802DB100A6800238F4C521C6568AA4200D3226801
S3150802DB201578AD06AD0E9D40054328009B1D1E2B9C
S3150802DB30F1D30A6030BD86480168090408D58649CA
S3150802DB400A68764B1A604A68C2618868B2490860F0
S3150802DB507047F3B583B01700C006000E0090103860
S3150802DB60912833D2FFF7CCFF00282FD000267B4C12
S3150802DB7001250398FFF7BCFF002802D0022803D02C
S3150802DB8003E02068284000D001260197744F0498C4
S3150802DB900C21615E40180E21615E4018FFF7ABFF4B
S3150802DBA0019940183860049800994018FFF7A3FFB6
S3150802DBB0019940187860C02080016A4908603003DC
S3150802DBC069490860FCF7D6FF9448057005B0F0BDB0
S3150802DBD0FEB5664B664DC02080040290F020000513
S3150802DBE001901869022805D228680199014002980D
S3150802DBF08142F0D08A480068C01C8A4901438A4893
S3150802DC0001608A4A8A4C0421A068084204D0187D19
S3150802DC108006C10F490023E00226304022D0186947
S3150802DC20042805D22F6801983840029FB842F6D0D8
S3150802DC30187D0007000F072814D1587D022811DD28
S3150802DC40987D8006800E02280CDBD87D0090074658
S3150802DC500F4207D0C00700D50A21374200D0891DD6
S3150802DC6000290BD17348704908600020186080218A
S3150802DC708902714B196010602061F7BD481C1E6944
S3150802DC80864205D22F68019E3E40029FBE42F6D0CA
S3150802DC906A48405C009020610098C000F821014063
S3150802DCA002D08020C004186065480668012E00D19B
S3150802DCB049005960216800291DD15B490B68202655
S3150802DCC0A65F36039B059B0D33430B600126166040
S3150802DCD0022191600099890909D10068002801D1B9
S3150802DCE0182000E01A20225E0098FFF732FF207AF9
S3150802DCF0000700D42660F7BD4B484E490160002153
S3150802DD001A4A1160802292024B4B1A60474A1160E6
S3150802DD104C4A02614261414801707047283E000040
S3150802DD20062049490860002048490860F02109018F
S3150802DD30474A116080214900464A11600849414A0A
S3150802DD400A604A603549087070470000A43E000020
S3150802DD50C04101A87C3E0000843E0000A03E0000AF
S3150802DD60C84101A8C06101A8C05101A8C44000A8C1
S3150802DD700C0002A830B581B00400A00314D53048BF
S3150802DD800068002801D1162000E00C20FEF7DCFA14
S3150802DD903148806E0007C10F3048017008203049AB
S3150802DDA00860C003244908602E4D2868000406D579
S3150802DDB0FFF7ABFEE861FFF7A8FE17490860A00760
S3150802DDC027D58020C0021C490860FCF7F6FE002809
S3150802DDD01FD0254A1068C0B2002802D00621234B5C
S3150802DDE01960810915D01C490B68012BFBD94968B2
S3150802DDF00905090D091DC900114B1B68012B00D124
S3150802DE004908002B01D1182300E01A23D25EFFF736
S3150802DE10A0FE01B030BD00005C4201A8623E0000CF
S3150802DE20204000A800F0FF3FB84101A8044003A81B
S3150802DE30983E0000FFF3FF3F106001A8D84000A8F3
S3150802DE40683F0000FFFF0300006401A8504000A8D5
S3150802DE500C6000A80C5000A81C4000A8A03B0000BB
S3150802DE60846000A8C04101A89C3E0000005401A895
S3150802DE7070B50822804B1A60804B1B68DC0302D5FA
S3150802DE800020088070BD0C880019401E00787C4D61
S3150802DE90A870641C0C8045076D0F052D05D8794EB0
S3150802DEA03668F60603D5022D0DD0032070BD9604FA
S3150802DEB0AE401E4001D1082070BD052D03D1104287
S3150802DEC001D1641E0C80AA484860002070BDF3B5D3
S3150802DED082B008886C490978491CC9B2814204D2C1
S3150802DEE002990918491E097800E00021644A51700E
S3150802DEF093785B075B0F01933023019C052C28D18D
S3150802DF00194232D19478E5081E242C40CD0702D551
S3150802DF10250001242C430125A14EE6402E4072D04D
S3150802DF20019FA04EE641402426403E434C0602D5B8
S3150802DF30340020262643947889080D40A7080C2128
S3150802DF4039402943C02525400D432021294396708F
S3150802DF5051704A490C685578022123262E4008D06A
S3150802DF60660302D52B40202B01D0052082E0424BC6
S3150802DF70196093789B0601D4202203E0927812074F
S3150802DF8002D540223C4B1A603D4A92786B461A707B
S3150802DF90C022854B1E680E4001D1154212D06E462C
S3150802DFA0377827263E40232E03D1E60207D40126D8
S3150802DFB006E0252E03D0212E04D1260302D50426F7
S3150802DFC02D4F3E601B6819402026019F002F1CD149
S3150802DFD01E4027D02A4B5B781A40402A13D00C22BF
S3150802DFE01A40042A0FD02A073BD40122002902D05C
S3150802DFF0E100CB0F5A4069460978CB07DB0F1A4274
S3150802E0002FD021012AD4072034E0022FE2D11E4064
S3150802E01008D00029DED1CC232B4003D16B461B78CE
S3150802E0205B0601D5032025E0A30311D59C4E73692F
S3150802E0301B051B0D5B1C3668F60205D5994E36681C
S3150802E0403607B60F9B1B5B1E9BB2052B04D1C1E795
S3150802E050029B1B78052BBDD006200BE08021064AC1
S3150802E0601160E90702D4401C03990880AB4803995A
S3150802E0704860002004B0F0BD4C1002A8BC3E000067
S3150802E080243E0000480002A8403E0000F2B5864938
S3150802E0904978CA0705D4009A12888018401E037860
S3150802E0A000E000239E4A106802249E4D2E68F6065A
S3150802E0B011D512695340DBB2002B03D16E68D3091E
S3150802E0C073402340002B03D0020204D40A20F2BD77
S3150802E0D0E206954E3260744A1E02C0230B40334351
S3150802E0E0914E336093785E07760F022E06D16D68DD
S3150802E0F02C4003D1002000990880F2BDA0250D40CE
S3150802E1009E08102737402F433D090E0702D42E00DA
S3150802E11010253543CC240C401A262E400A2E04D14B
S3150802E120CC2C02D02E00FD253540804EEE40F60757
S3150802E13005D4000416D5412B10D1082912D17C48E2
S3150802E140E8401121014021432020084310700D2187
S3150802E1500140009808D000F0A9F8F2BD0B2B01D1B6
S3150802E1600029ECD00720F2BD00F020F8F2BD00002D
S3150802E1707F33000038B50C006E490B781A095339FB
S3150802E1809500491925881B071B0FEB1A9A1A80183E
S3150802E190FEF779FD010002D1200000F007F832BD32
S3150802E1A0F300A3E3981440684C0002A8F8B50400EB
S3150802E1B0614805683C4F3878D026304202D00D2196
S3150802E1C0014005D008205D490860EF20FEF719FDD9
S3150802E1D039782000314204D00909397000F066F80E
S3150802E1E0F2BD052129401FD002884D49CA60544B09
S3150802E1F0EC0705D5521C0280690607D4514B05E087
S3150802E20043242C40422C03D1521C028043600DE069
S3150802E21010224A4B1A604C4A09688B00DB0F190117
S3150802E2201163802109031160002101800020F2BDDB
S3150802E2300A888018401E0078830601D4121D0A80B7
S3150802E2401822024004D0088852088018C01E088086
S3150802E25039480068C00702D50888401C0880394832
S3150802E260486000207047344A1368DB0708D51268ED
S3150802E270920705D40A888018401E007804280CD113
S3150802E28010202E4A10603048254A12689300DB0F88
S3150802E2901A01026380221203026000200880704776
S3150802E2A00C4000A8080001A8243E000031B581B040
S3150802E2B02649002000900822254B1D7802230C24AB
S3150802E2C0254202D10022234903E02C40082C00D122
S3150802E2D00222EC0703D50C001E21614000931D4261
S3150802E2E007D015490968090601D51B4901E000212D
S3150802E2F0C943019B194C21601949FF248C70009C63
S3150802E30015012543CD7008701888009940188018A1
S3150802E310188014485860002036BD00003D350000BC
S3150802E320BC3E0000480002A8481002A80D0F0C0DBA
S3150802E33007170850473F00004C0002A84C2002A8C5
S3150802E340E1360000173700001C1002A8DE1B250163
S3150802E350243E00002084100000FCFF01F03E00006D
S3150802E360443F000025360000243E0000ED3200003E
S3150802E37005330000053300000533000005330000AD
S3150802E3800533000000000000000000000000000045
S3150802E39000000000053300000533000005330000C5
S3150802E3A0252A000005330000572B0000672B0000C2
S3150802E3B0932C00000D2D0000CD2D0000612F0000CA
S3150802E3C0FD2D00000D300000512E0000A12E000088
S3150802E3D0192F00005931000031320000292B0000A4
S3150802E3E02B270000D122000005330000D1270000A8
S3150802E3F005330000F5280000BD280000053300009B
S3150802E40005330000392900000533000005330000F2
S3150802E410053300000533000005330000053300000C
S3150802E420651200005B1200000000000000040008EC
S3150802E43002140218032400004B488068000200D424
S3150802E440704780B580208002AD490860CF2000F071
S3150802E45075FA01BDF8B58B49886B8B4C80229203FD
S3150802E46022608A4E33681B0520D5130BA02505406A
S3150802E47002D10968C90601D5236017E002403FD1D7
S3150802E480802783490F6083490F60184038D0364D7C
S3150802E490287A400705D501207F49086000027F498E
S3150802E4A008602878002801D0062801DB0020F2BD82
S3150802E4B000F0A8FB716889684E682978052907D192
S3150802E4C0B905A1606E60B668CC218901734A1160EC
S3150802E4D000F0A1FB012E00DA0226BC20800589493C
S3150802E4E00860942080058849086069480021C94364
S3150802E4F001647142416485490F6040210160D5E794
S3150802E50083480360FFF798FF0120F2BD814801683E
S3150802E510890504D5C06E0004000F022801D0002028
S3150802E52070470120704738B580245948046000F0C6
S3150802E53069FB05007848006800F080F9280000F0B9
S3150802E5406AFBFFF779FF0848007A000705D5A0009D
S3150802E5504D49086000F06CFC31BD60036C490860E7
S3150802E560B148046031BD00002C3E0000FEB505002E
S3150802E570CC20800169494860012669480660FFF790
S3150802E580C5FF00287DD0674C2078002879D0310253
S3150802E5900195052802D02A460A4072D1CC27BF0126
S3150802E5A05E4A1760914A126881231B02134001D002
S3150802E5B0032301E053075B0F022805D1022B5ED322
S3150802E5C0080136490860F7BD4D01032804D1022B1C
S3150802E5D055D932480560F7BD042802D111404ED0FC
S3150802E5E0F7BD05284BD10198002848D0C005C10FB0
S3150802E5F0684641700198C004C10F6846017000F070
S3150802E60001FB0290606869464978002903D00668CA
S3150802E6108021204A11602C0484496A461278002A0D
S3150802E6200CD0C2680B68D21A814B1B68234001D0F2
S3150802E630066800E04668964200DD1600684640789D
S3150802E6406A461278024308D008684242B01E8242DD
S3150802E65002DA7042886000E00026029800F0DBFACF
S3150802E6600198800501D5734804600198054001D0D8
S3150802E67071480460002E02D008480760F7BDFFF70C
S3150802E68052FFF7BD0C0002A8442002A8BC3E0000B7
S3150802E6900CC001A890E001A8C4D000A8145001A893
S3150802E6A038B580249648046001201D4908601D4D2E
S3150802E6B02878052802D0600092490860FFF726FFED
S3150802E6C0002812D014480068000A80214140A86830
S3150802E6D0000EC9B2814208D2444800684007400F7A
S3150802E6E0022802D2FFF71FFF31BD87480168C02200
S3150802E6F00A4002D1C06F204001D00448046031BDEF
S3150802E7001C1002A808E001A808D001A894D001A804
S3150802E710441002A8440002A818C000A8106001A864
S3150802E720C4E000A82C3E0000F1B582B00F00A0207C
S3150802E730384003D175480068C00603D5802080009A
S3150802E74073494FE000F05EFA0090FB2080010468EE
S3150802E750F80202D5A0680069029000F0CCFB80217D
S3150802E7600903606800F0A2F926780020761C617811
S3150802E770B14200D200261821714365180C35297852
S3150802E7800829F3DA2670A56062492A780A70BA055A
S3150802E79008D5FB20800100688068C068FA0201D4A7
S3150802E7A00322904388600127384003D100F0ACFC6D
S3150802E7B001F09AF8F904686900F078F93C2000F04B
S3150802E7C0BDF8F0B200F0BAF860885349014061809A
S3150802E7D0009800F020FA38054D4908604F4807604E
S3150802E7E038024F4908600298FEBD0000184001A889
S3150802E7F010B54C480068800501D4FE2010BDC02023
S3150802E80080034949086000F0FDF9FB21890109687E
S3150802E8108A78D20702D589688C7800E00C7800F0ED
S3150802E820FAF9200010BD0000100002A848C001A88D
S3150802E8304C0002A84C1002A84C2002A8FB21890110
S3150802E84009688A688B78DB0704D5927818235A43B5
S3150802E8508A180C3290607047F1B582B03348046862
S3150802E8600027200F000702D1E001029038E00126B6
S3150802E8702F480068304001D101F036F800F0C2F99D
S3150802E8800190F104606800F011F925786D1C607832
S3150802E890A84200D20025E80020180C300090006833
S3150802E8A00290F1040098406800F000F920480068D8
S3150802E8B0304002D01E201F4908603D2000F03EF875
S3150802E8C0E8B200F03BF825700098A060019800F0C5
S3150802E8D0A2F917480068064002D102A801F05EF8BC
S3150802E8E015480068800408D51048C06901F025FD5E
S3150802E8F002990818029000D502970298FEBD0000F8
S3150802E90094E001A8146001A814C001A80C0002A88A
S3150802E910442002A82C3E0000FEFF0000C0E000A82A
S3150802E920106001A8440002A8441002A8C43E0000D0
S3150802E930784000A8841102A8FC0302A84E49096877
S3150802E940002901D54D4908607047F3B581B04C4F8F
S3150802E950B8684C4C410061D50125000100D5212536
S3150802E960494908684A68160021688B069B0E802169
S3150802E97049001943009180210D2A05D00F2A03D098
S3150802E980102A01D0112A08D1404A12680A4004D036
S3150802E9903F4A12681B2A00D30E436A461279009B25
S3150802E9A09C463B689B001940634619430091110037
S3150802E9B023D0910601D5012008E0F021014007D1B4
S3150802E9C06946097A0C220A4002D0022000F03FF872
S3150802E9D03049096809040AD53968090701D50226A2
S3150802E9E005E03968490301D5002600E003264835C3
S3150802E9F0009A29490968890003E0009A2649896B21
S3150802EA0009094023194011439A00002E02D01643E1
S3150802EA10266608352166024322662566E06D4407A6
S3150802EA20640F00F0D9F8A0070BD0052C09D0B868F6
S3150802EA30000406D400F0E6F80221184A116000F034
S3150802EA40EAF800F0D2F8002000F001F8F7BD0E4906
S3150802EA500A68F0239A43000110430860C0B270475F
S3150802EA608020C0020E490968890701D10D4900E0D4
S3150802EA700D49086070470000500002A8884000A8A7
S3150802EA80480002A8284000A8643F0000BC3E0000D7
S3150802EA90448001A8684101A8184001A814D503506A
S3150802EAA0844000A8486000A8485000A880B56E4A6D
S3150802EAB0116001F06DFCFFF7D3FF01BDFEB56B4D8A
S3150802EAC02878000604D5287F002801D0182400E0FB
S3150802EAD0462400F097F802906548C0684005C20DC2
S3150802EAE0D52A01D2D52204E0D1204000824200D99B
S3150802EAF00200100001005F4B01932B6B5B011DD5D1
S3150802EB005D4B00931D1D5D4E367806277E43AA533C
S3150802EB100025019B1B7CEB40DB070CD5009B0626D8
S3150802EB206E439B199B888FB2BB4200D2190086B2EC
S3150802EB309E4200D218006D1C022DEAD389B2091929
S3150802EB4009044F4B0B40001BC005C00D184348492A
S3150802EB500860C02000064B4908604648017D002926
S3150802EB600CD04949D52A02D98023DB050B60D1236B
S3150802EB705B009A4202D280231B060B600021434B9C
S3150802EB8019604188002900D10280029800F043F8F2
S3150802EB9000F05AFDF7BD80B53D483E4908603E483B
S3150802EBA0C1680902090A1922514341600521016017
S3150802EBB0FFF784FF01BD80B52C480178090604D504
S3150802EBC0007F002801D0FFF779FF33480068C003A9
S3150802EBD001D5FFF773FF01BD8020C00222490860F4
S3150802EBE02E4800684007FBD470478020C0022C4993
S3150802EBF00860704701E02B4908602B490968014003
S3150802EC00F9D17047294800682021294A1160102144
S3150802EC10284A116070473021014002D11020244948
S3150802EC20086070472148006830210140102901D147
S3150802EC3001207047002070471F4801210160C1600A
S3150802EC40704701201D49086070471D480078062153
S3150802EC50014007D01B480068022803D0032801D0C8
S3150802EC600120704700207047441002A8BC3E0000ED
S3150802EC707C400050703F0000503E00004C3E0000B1
S3150802EC800000FF01A0600050A450005018E000E008
S3150802EC907F1A0601540002A810E000E0440002A808
S3150802ECA0442002A8282002A8280002A8600002A878
S3150802ECB0602002A8601002A8789001A884A001A882
S3150802ECC0A03E0000683F0000F8B55B488021490273
S3150802ECD0C1610221594A51600021594AD162594AF1
S3150802ECE011800321554A116002210160564DCC015B
S3150802ECF0A868204010D052480068F0210905014052
S3150802ED0090200005814207D0022050490860012060
S3150802ED1001F062FB4E48046020204E4908608020BC
S3150802ED204D490860CC2080014C49086001244C48B2
S3150802ED300460286800900004070F4A480068C50561
S3150802ED40ED0D103DC0202843C0B2FFF7F7FD3C4841
S3150802ED50C06B800309D5092F07D0FFF776FF002875
S3150802ED6001D003F025F801F065F93F480668032D3E
S3150802ED7041D000980007000F0090032803D002280C
S3150802ED8006D1032F37D000F03FFA0098032803D0A4
S3150802ED90062F30D1062D2ED034480068C00B2040ED
S3150802EDA001D001F049FC32480068000108D5052D5A
S3150802EDB006D101252F4804606005FFF71BFF00E016
S3150802EDC000253100380000F059FA0600002D06D059
S3150802EDD000F006FC284804600220284908606005FD
S3150802EDE025494865800926490860FFF72EFF00284D
S3150802EDF001D002F0C9FF114821040162002F08D18F
S3150802EE000221416000200E49C863C020C000134990
S3150802EE1048643000F2BD80B5FFF7DEFE1948007877
S3150802EE20800602D4022018490860FFF7DEFE01BDFB
S3150802EE3002201649086070472C1002A8282002A84A
S3150802EE400C0002A85C3E0000B00002A86C1102A8E1
S3150802EE50B82002A894E001A80CC001A8146001A871
S3150802EE60C4E000A804ED00E0B44000A800E200E017
S3150802EE70EC3E0000645000A8646000A82C4000A87C
S3150802EE8080E200E0BC3E0000081002A8082002A8A2
S3150802EE90F8B55B48046804275A4DBE01A0070FD58A
S3150802EEA0594A0120E021C90093680B4002D02E601E
S3150802EEB02F6128611268114002D02E60AF60A860E7
S3150802EEC0FFF7A0FE210506D52E602F61B7490D2250
S3150802EED00A600F220A60FFF79EFEF1BD80B5FFF7B2
S3150802EEE091FE864901228A600A600021B04A1160B1
S3150802EEF0FFF791FE01BD10B5012081498A680240DB
S3150802EF00FCD1BE4A042313610C680440FCD1936009
S3150802EF100002106010BD7B4908680122104200D128
S3150802EF20704710B5E023DB000340FF24A41CA3426C
S3150802EF3007D3B34B9C6BA40602D41B68DB0600D529
S3150802EF404868024001D000F021F910BDF8B5040066
S3150802EF50894D28683F2188438849097801432960F1
S3150802EF60FFF7D9FFC820A8620620854908608020D5
S3150802EF7040038449086080098349086020688D4DEA
S3150802EF80AF68874200D30700C01B2060012120001A
S3150802EF9000F0B7FB06002068C0192060FFF778FF6B
S3150802EFA0854800682860002E11D1844810214162E4
S3150802EFB00821834A12680A4001D0016000E04160D4
S3150802EFC093490968490002D5802149014162300006
S3150802EFD0F2BD8C480178090610D5007F00280DD0AD
S3150802EFE08748C16BC90609D4816BA0220A4005D19C
S3150802EFF00068C006C10F01204840704700207047CC
S3150802F000500002A8881102A8900102A880B5FFF74D
S3150802F010E0FF002803D00021042001F0A5FB01BD72
S3150802F020F1B57C487C49C860EE20C00408607B487C
S3150802F0307B490860FFF7CDFF002803D00021042092
S3150802F04001F092FB774C8020C001206008277648A1
S3150802F05087650125704845641D2073498862734E89
S3150802F0609B204000B061072001F0B6F902206E49E4
S3150802F070886253490A68D20603D56B496C4A0A6004
S3150802F08008E00F220968394002D03100103101E048
S3150802F090310014310A6067490968002900D4B7614A
S3150802F0A065493160C021C900644A1268F823DB0148
S3150802F0B0134001D1F16201E0574A9165216C29405A
S3150802F0C008D0616BC90705D45D490968084001D1B2
S3150802F0D001F068FB0020C0435A490860606B05408E
S3150802F0E001D1FFF7D5FE009801F064F9606B800143
S3150802F0F0FCD4606A54490860F1BD0000902102A858
S3150802F100940102A8743F000010B53E48017809062A
S3150802F11006D5007F002803D00021052001F024FB34
S3150802F120154801683F229143484A12780A43026009
S3150802F1303C4C606BC00701D4FFF7D0FE44499720C8
S3150802F14040000860102008604248E32212018266E5
S3150802F150414ACA610021414A11600F210822184B0F
S3150802F1601B68134001D0816700E0C1670321016073
S3150802F17002631003206010BD2C8001A85E3E0000C9
S3150802F1800C9001A8982002A8A41002A8F02109014F
S3150802F190334A116001403348016020203249086031
S3150802F1A0324909680840C3490860704700100C5084
S3150802F1B000000C50A03F0000340002A8601102A80B
S3150802F1C0FC0302A82A482B4982680A4002D1C2686F
S3150802F1D0114001D01149016014480821A84A136850
S3150802F1E00B4000D081611178C90602D58C2109012C
S3150802F1F001601420B0490860F3E10000882102A8E2
S3150802F2000C0002A8BC3E0000044805490860704785
S3150802F210EC0002A8000FFF00242102A8012000002A
S3150802F220706201A8100002A8C01002A8501102A814
S3150802F230BD03000028C000A8302E0000A88001A83F
S3150802F240343E0000B46000A89C3F00005F3E000008
S3150802F250682102A8E82002A810100000C00002A82F
S3150802F260586001A8585001A8482002A8184001A8C9
S3150802F270704201A80080008070470000F8B586B089
S3150802F28005000C008D480068400102D52000402484
S3150802F29004438B48C66AFFF7B5FC0590B00503D54B
S3150802F2A088480068FFF7CAFA002001900123700611
S3150802F2B0C00F0290844A916800209060B8204000EE
S3150802F2C0824E30606608B82030401278F026164022
S3150802F2D0402E02D10200402010430D2D02D10A0011
S3150802F2E0042111434A0704D50200142010431022B0
S3150802F2F09443774A12686D462B70D20506D580224A
S3150802F3005200744B1A60020001201043029A002A26
S3150802F31011D10C220240082A0DD00200684B9B6BC1
S3150802F320DD0601D41025AA439B0601D420239A435D
S3150802F330B12313404FD06A461278002A4ED0A64A05
S3150802F340956B966D01236D076D0FAD1DAB40F504E8
S3150802F350ED0C5B1B9BB2082B09D280200623584D65
S3150802F3602B6043029D4D2B6000236D462B70812333
S3150802F370034036D00823029D002D00D113620D00EA
S3150802F3800821294310239C4304231D05984E356002
S3150802F390DD04984E35606D462D78002D1ED0062B5D
S3150802F3A025D3464DEE6CF60621D5934E3668360EB3
S3150802F3B001966D69ADB2904EF66B360603D02E00F5
S3150802F3C080256D01354315612D121561404A126873
S3150802F3D0D50592D40BE008227F4B1A62049100905D
S3150802F3E032E000BF27A34506ED0E5B5DD3E7049125
S3150802F3F000903348026B80490968774D2E686F463C
S3150802F4003E81282616401E43930CDB013343160021
S3150802F410120E3240102632401A4389004023194000
S3150802F420114302AA9170406B000A02A9C870FFF73D
S3150802F430DFF902A908710198487170480068C88006
S3150802F4400298E8660398E8660598FFF7E4FB08253C
S3150802F450600601D566488560FFF7F7FB002805D0E8
S3150802F46067480078002801D0664805600498C1B24A
S3150802F4700098C0B2FFF769FA200007B0F0BD000095
S3150802F480F84F0000030107060301070605010606F1
S3150802F4900501060603020706030207060502060613
S3150802F4A005020606081A03D2574909684018401C7D
S3150802F4B070470000481002A86C3F0000084000A8E8
S3150802F4C0180002A81CC000A8643F0000B46000A887
S3150802F4D01C0100AA1C2100AAF8B54C4F0F240125CD
S3150802F4E04B4910264B48806B30401BD001200870D0
S3150802F4F0494800687969FFF7D5FF484909684018FD
S3150802F50001285DDB01F0F6F945490968090B0C404B
S3150802F510022C53D16905434A116043490E643D4999
S3150802F5200D604BE02E023B48006CC0001ED53F48DA
S3150802F5300068E0218905014042D0394D2868210337
S3150802F5400140700181423BD1FFF75CFB384A3949D9
S3150802F5500968314002D03849096811602968090BDF
S3150802F56021400229F3D0FFF756FBF1BD3348006864
S3150802F570002825D00D7000F01DFF002820D101F0CB
S3150802F580B9F927490968090B2140022916D1264AE1
S3150802F5901160690239601F490E60214A1168090B18
S3150802F5A021400229FAD01168090B0C40032C02D01B
S3150802F5B029041C4A11600021204A116001F09EF9B3
S3150802F5C0F1BD802080041E490860704780204004EF
S3150802F5D01B49086070470000540000AA141100AACB
S3150802F5E000BF18480168490701D0FF2141617047E9
S3150802F5F0441002A84C5001A8184001A8448001A84A
S3150802F600A03B0000845000A838C001A80CC001A87D
S3150802F610613E0000100002A81CC101A8DC3E0000E1
S3150802F620B00002A81C1002A8082002A84C4001A893
S3150802F630800000AA084000A8904000A8383E0000B2
S3150802F6403C2002A80C4000A87047FF2808D00328CF
S3150802F65006D2FE2189010978C140C807C00F704742
S3150802F66000207047F0B58020000208219B4A1160ED
S3150802F6700A2301219A4A01249C400443C1A5ED5C50
S3150802F68025439560F025974E3560944DC0A6F65CE5
S3150802F690022737432F6004262E60A74D2D680D409A
S3150802F6A006D1CD026D1E03D0966C3603FAD401E05C
S3150802F6B00220F0BD956CD66C6D036D0BAE4200D27E
S3150802F6C020005B1ED7D50823864C236090609B4B8F
S3150802F6D01B685B0113D59A4C63785D1C01262E4084
S3150802F6E066701D000626754365191268AA80E880A9
S3150802F6F02370FE2080010278994011430170002090
S3150802F700F0BDF1B582B0FFF7E9FB8E48006B400108
S3150802F71001D401241CE08C48826B00208849C3B2BC
S3150802F72006246343CB189B8894B2A34204D0401C98
S3150802F730C3B2022BF3D3FF20087001248148006B61
S3150802F740400105D50878FFF780FF002800D000247D
S3150802F7507C480078000608D57A48007F002804D03D
S3150802F7607848407F002800D10124784DE869019045
S3150802F77077480068E861774E02980068316D471845
S3150802F780012F16DB00F08DFD3060C001381A012802
S3150802F7900FDBFFF7B0FB00F0A7F802980068316D9F
S3150802F7A0401800F007FE002803D00021029A1160D3
S3150802F7B010E0694FC020C00038602868072832D098
S3150802F7C005210840052808D029600C2000F004FE0F
S3150802F7D0002802D00199E961FEBD604EFF207A3009
S3150802F7E070620420B062FFF786FB02203060E020D8
S3150802F7F0C0045B4948608020800478600220386033
S3150802F800012000F0E9FD802080007062022000F0ED
S3150802F810E3FD8020C00070620820B062022000F07A
S3150802F820DBFD0220B0624F4EE0204000306004202B
S3150802F83000F0D2FD07003ED1022049490860800245
S3150802F840B062C001B06210203F4908600120F0652D
S3150802F8504548006840061BD43A48006B400113D558
S3150802F860374800786946087068460078FFF7EDFE63
S3150802F870002809D0324869460978062251434018B9
S3150802F880C0883149086403E0FFF7ECFE070012D18D
S3150802F8902D48012101600021C167022000F09CFD6C
S3150802F8A0324E40203060C0303060022000F094FDB5
S3150802F8B08120C002B062002C05D02B480068800166
S3150802F8C001D4FFF778F9E869E02149030140019874
S3150802F8D0274A02400A43EA613800FEBD889001A819
S3150802F8E0448001A888A001A838B5FFF7F7FAFFF700
S3150802F8F002FB0224144804601E4D0820A862C001B7
S3150802F9006862012000F068FD200268622C60062009
S3150802F910A86219486862E020400014490860104845
S3150802F92004600021094A1160C021C9000160134818
S3150802F93000681349086031BD140002A8EC3E0000B5
S3150802F9404C3E0000BC3E00000C8001A85C0102A8E7
S3150802F950F80302A88C3F0000981002A85C1102A8BE
S3150802F960982002A82C9001A8500002A82CA001A851
S3150802F970FFFFE3FF5C2102A8F9610000340002A838
S3150802F980943F000000000001010204081020200034
S3150802F99050505040404040302020200070B50600AC
S3150802F9A0FFF7A9FAC020C00019490968F822D2014E
S3150802F9B00A4001D1174900E0174908601748AC21E7
S3150802F9C0490081640A2101601548802149030160C2
S3150802F9D08909C160134C6069AF21C90145183068AD
S3150802F9E0854200D30500401B306000213000FFF736
S3150802F9F088FE3168491931600B490968216070BD72
S3150802FA008020000109490860000109490860704719
S3150802FA10AC8001A87C1102A87C2102A80C8001A84E
S3150802FA20981002A8903F0000340002A8441002A8C9
S3150802FA30685000A8F1B584B0B74800680190B74885
S3150802FA40C06BAF21C90140180499884205D2081A29
S3150802FA5000F0B0FC002800D048E2B14D6868C00743
S3150802FA6000D543E20420AF49C8628003AE498862E2
S3150802FA70CE480468A86B8607B60F032E03D010205B
S3150802FA80A849C86223E0802080028862E96B890659
S3150802FA9001D5012061E0210610D5EA6B02210A4050
S3150802FAA00CD1C34A05231360EB6B10273B4019435D
S3150802FAB0116000211160A96B090A116004219A4A92
S3150802FAC0D162E96B002902D596498862002620068A
S3150802FAD00DD5B648007F002809D020209149C86272
S3150802FAE0C8480068202108408F49C8620EE0A86B02
S3150802FAF0400705D5A86BC00080214900084003E0ED
S3150802FB0086480069C10701D5FFF740FBE00708D51B
S3150802FB10CC48B1014018006AC004C00C401ECA494C
S3150802FB200860CA480168090404D5806FC00F01211C
S3150802FB30414000E00021C648C0229200026032021B
S3150802FB40002902D0C021890000E01100C14B1960CA
S3150802FB50C021890041605A600020296C94229205CE
S3150802FB600A40140000D001248026360220430006EB
S3150802FB702DD08E483021405CC0210140402902D157
S3150802FB80FFF749F901E0FFF753F920202860240618
S3150802FB9000D1ABE1A86B400709D5700862498862B3
S3150802FBA00220AD49086000F093FA002807D0042025
S3150802FBB05C49C86240025C498862A74806607B487D
S3150802FBC00078000600D491E13001564937E16868A9
S3150802FBD0C00700D58AE1B0005349C862FEF7FCFFA8
S3150802FBE09948406E296C314008D1C00606D5FFF700
S3150802FBF009F80221BE4A1160FFF70DF8FEF7F5FF74
S3150802FC00F0082860C54CC0273F066760A86B400706
S3150802FC10C10F68460170EE20C0040199C90700D4D5
S3150802FC2084E0BF4908603009E0610320BD490864E1
S3150802FC30FE20C003486442204860A02020600820B5
S3150802FC40B94908660420B9490860286CC00238D543
S3150802FC50B7484068010C0391B6490004C00B085A1C
S3150802FC600290039810282CD32C480189E72928D317
S3150802FC70018995225200914206D8029B511A090916
S3150802FC804B43990A4A4205E0029A9A4BC91809094E
S3150802FC904A43920A52B203998918C36B9C46836CEB
S3150802FCA05A4363469A18C2636F2901D36F2102E049
S3150802FCB00F2900D20F2108020843090401439E486E
S3150802FCC0016097489D498164B90C61600221964A90
S3150802FCD05167B90D8160F02109014165F00920617A
S3150802FCE00A2000F079FB6760822040022066012024
S3150802FCF000F072FB01206060062000F06DFB666072
S3150802FD00082000F069FB3001606080006060032013
S3150802FD1000F062FB700045E0FC0302A8683F0000A1
S3150802FD20100002A81C2002A81C1002A80199490763
S3150802FD3040D57B4908607C4E8220C004F06680204C
S3150802FD408000E061C001B066B80C88647C486060D7
S3150802FD500A2000F041FB73490020086408604860E5
S3150802FD60A020206008203066022070670A2000F072
S3150802FD7033FB676073482066012000F02DFB0620DE
S3150802FD8000F02AFB08206060062000F025FBF80D2B
S3150802FD906060082000F020FB60206060032000F00D
S3150802FDA01BFB02206149086009E000BFBC3E000057
S3150802FDB0E40000AA644A4021002001F009F86348D9
S3150802FDC00021C943C1630121934A127812061BD541
S3150802FDD0AA6B520718D4914A12680D2A05D00F2A1F
S3150802FDE003D0102A01D0112A0ED1064A926B520567
S3150802FDF00AD58B4A12681B2A06D217480161C164C2
S3150802FE0003E000BF184001A8016000F04AFA834ED9
S3150802FE10401DC001F16B47188020C0018149496F16
S3150802FE2001400291804908600498874217D2F16B13
S3150802FE30401A00F0BFFA002810D002987B490860E1
S3150802FE4054E000BF0C0000AA204000A8684101A89F
S3150802FE50086100A8085100A8685000A8049F0198E4
S3150802FE60400702D58020800000E0714860600120CA
S3150802FE7000F0B2FA686AB063802040002A49086036
S3150802FE80380000F097FA644C68460078002806D1D4
S3150802FE906448006860628020C0038C490860029842
S3150802FEA0624908601E480199490704D580218900DC
S3150802FEB08164224903E002218164C02189018164A7
S3150802FEC0686A306368460078002809D0012000F085
S3150802FED083FA2078000603D5802000038F4908603C
S3150802FEE0286CC00202D512480068F06305B0F0BD5E
S3150802FEF014E50350D6FEFFFF80B5FEF783FE8C4954
S3150802FF0000220A600A22CA61FEF785FE8948C021D4
S3150802FF10890201608849416001BD0000681102A892
S3150802FF20242102A8600102A8B81002A8C82102A8C2
S3150802FF30F83F0000C0000000DC4001A804040000ED
S3150802FF40040440000204000011070000786000A8BB
S3150802FF507A48806B800300D47047F8B578480768FA
S3150802FF600024002001252F4202D0C020800102E091
S3150802FF70790700D57348744902220A600864082082
S3150802FF807249086072480068C00403D47148006860
S3150802FF900007FBD5704E26487065042000F01CFA4F
S3150802FFA08820C00470653D4007D0A0208003706594
S3150802FFB0012000F011FA694808E060207065802087
S3150802FFC04002B060012000F007FA65487065654D89
S3150802FFD02C606C60C02000067065C00C624908601F
S3150802FFE0012000F0F9F9F0200001F0665F4804608C
S3150802FFF0862040025E4908605E48706508203060C7
S31508030000A02030652C646C64802080014B4908600D
S31508030010000159490860F1BDBC3E0000683F000075
S31508030020448001A820C001A894E001A894D001A89F
S3150803003002400000F8B5514800680D250540082020
S315080300400424002D01D1042504E0092129400929A6
S3150803005000D145404A49102706034A4A4A4B1B68BA
S315080300602340126814D04A60284004D00220FEF7C1
S31508030070EEFC464806602C4007D04548006807430F
S3150803008043480760B008414908600220414915E022
S315080300900A60284005D00220FEF7D9FCA0023B4996
S315080300A008602C4006D03A4801680F430760700978
S315080300B0364908603748066030032F490860FFF75A
S315080300C047FF00210020FEF740FCF1BD1C1002A8E3
S315080300D010B5802030490A6802400AD02F4B1A68A7
S315080300E00624144005D15C6E2D4A22401B6D9C01E3
S315080300F001D5002010BD096808400DD02948824261
S3150803010003D1180501D5012010BD27480068C1078A
S31508030110C90F481E8041C00F10BD00001C2002A84D
S31508030120224803210164A821C16310210160704795
S31508030130D80000AA442002A804000080100002A8E0
S31508030140FC0302A8040400002C1102A8106001A8ED
S31508030150D84001A8104001A8182102A80180000070
S3150803016089050000600102A8B06101A8548001A8AE
S31508030170C82102A804340000482002A8B44000A8F5
S31508030180E43E00001CC101A8480002A8441002A8C6
S31508030190643F0000685000A8440002A814C001A8E0
S315080301A01F1F0000010C000030C101A8082002A887
S315080301B06C4800680121084209D16B4A12686B4BE7
S315080301C0000C1840F03291400B40984201D00220AF
S315080301D0704700207047F8B507000F386A46108045
S315080301E0604CE0680A0004D16B461B8882B29A42C7
S315080301F03AD200226B461A80012502263A0013D00A
S315080302002268324007D000292ED059480088401C5E
S315080302105749088000203900216156490E6080B28B
S31508030220B84201D369460D805348456000E030BFA4
S315080302302068304003D1FFF7BBFF0028F7D04D48AD
S315080302404560390010D02168314005D048490A88ED
S315080302506B461B88D2180A80066000202061E06876
S31508030260B84201D244480660FFF7A2FFF2BD38B58B
S31508030270050000F03FFB0400012199204543A80926
S315080302803E4A12688018123880B2FFF7A4FF0500A9
S315080302908020C0013A490860200000F02FFB28009F
S315080302A032BD334803883549096802889342F9D130
S315080302B0100408187047FEB51238070C69460880FB
S315080302C000F018FB0190274C294D2888B8421ADA02
S315080302D001202C490860274E30BF022021680140BF
S315080302E006D030604003264908602888401C2880C9
S315080302F0FFF75EFF002802D12988B942ECDB01210A
S31508030300716000280DD12888B8420AD1E068694689
S315080303100988884205D2002168460088FFF75BFFF3
S3150803032001E0FFF745FF04008020C0011449086077
S31508030330019800F0E3FA2000FEBD10B512490A68D9
S315080303400E4B1B680C689442FAD0DB014033141A2F
S3150803035002D288692418641C0C4800684443181B95
S3150803036010BD0000280002A804ED00E0FF3F0000CE
S315080303705C3E0000282002A8281002A8340002A820
S3150803038080E200E02C1002A820C001A8B43F0000B8
S31508030390F0B502E00A601C602E607EC84F1C07D0C9
S315080303A05F1C04D06F1CF5D10A601C60F0BD0A609F
S315080303B0F0BD000010B5C409FFF773FF201A3128F2
S315080303C006DAC000183801D4C01EFDD5002010BDBA
S315080303D02000FFF770FF10BDC32148436F3801D4CF
S315080303E01E38FDD50020704780B5FEF730FB012087
S315080303F08A49086001BD38B589490C6808258949C1
S315080304000D60FFF7F1FF2C4001D08748056031BD29
S3150803041080B5EB2000F001F801BD30B583490B68C0
S3150803042018401022134210D0814B824C2468224074
S3150803043008D0B04A14682402FF252D0225401D63FF
S3150803044000241460802252031A60086030BDF3B595
S31508030450010016001C0000250095A748019A3300E1
S3150803046000270BE0BC464F5D4743AE009E597E40CE
S31508030470575D47433740664637436D1CA542F1D35C
S31508030480390939438A080A43510811430840C109FF
S3150803049001430F208A0B0A4302405040F6BDF1B5CB
S315080304A082B00E00002093490860944DEF7AA87A2B
S315080304B001900F21394000910ED00B46904A91497D
S315080304C00298FFF7C4FF019901408A4801608E48E4
S315080304D041438E48084001D1012400E0440138090C
S315080304E015D032003B0929000298009E6D7A7519CA
S315080304F04019FFF7ACFF0199091101407D480268CD
S315080305000B0113430360002901D048004443804884
S315080305100068204001D10420FEBD0020FEBD80B541
S315080305200A00002111807B4952888018FFF7B7FF1C
S3150803053002BDF0B50F22784B5C7905780F20204071
S31508030540C5402009284001259C79C4402C4001D187
S315080305500320F0BD374C2468254008D06F4D9E68AC
S315080305604700F65B761E2E608026B601EE60DD78C0
S31508030570DE79C640F00711D5E0060FD5002D0DD05C
S31508030580674848600888488008881C7800192A4004
S3150803059080185A7880182A09801800E000200880F5
S315080305A00020F0BD10B55F4801685F4A0820014284
S315080305B000D09061C90602D58C21090111605B49F7
S315080305C05B4A5C4B1B681B040CD54B685C0402D561
S315080305D0C303136006E0C024A4011C4043029C42E3
S315080305E000D010600B68034005D0534B1B689B0F64
S315080305F09B0700D010600F480078C023034002D140
S3150803060080204005106008682021084010604B4888
S315080306100068C00101D4FFF7FBFE10BD2C4000A8FB
S315080306204C4000A84C6000A84C5000A86C3F000042
S315080306301C1002A8BC3E0000F8B5414F38687E6816
S31508030640064040483040404908608024A4033F4D93
S31508030650F00227D53E48016801200A0605D53D491B
S315080306600968A9602870022014E0014202D03A49B9
S31508030670A9600FE00020C9060CD52949A960374AA5
S3150803068091780B071B0F12789A1809095118A98034
S31508030690E880A888A880A888002801D0264301E016
S315080306A0FFF7B6FE264023D0274E74603460A88829
S315080306B000280BD0396A814208D3291D2848AA681D
S315080306C090470100F3D0FFF78FFEF1BD01000CD070
S315080306D0FC218902F16123490203CA6134604C6033
S315080306E03A6A824204D30C60F1BDEB20FFF795FE0C
S315080306F0F1BD00003C3E0000010101013C3F000042
S31508030700F43E0000343F000011110000218400006C
S31508030710F03E0000143F0000443F0000204000A8BC
S31508030720B7210000F84F0000502102A8184001A87D
S31508030730481002A8684101A84C4201A8D04000A865
S31508030740B44000A8FFFFDFFFB46000A8403E0000E6
S31508030750BC3E0000983B0000CB210000453F00004B
S31508030760D84000A8B45000A870B505000C0000F0E6
S31508030770C1F80600FEF760FA20020543064805603D
S31508030780022006490860FEF75CFA300000F0B6F866
S3150803079001200349087070BD04C0095040D00950B0
S315080307A0603E0000FEB5C020C004334908603348E4
S315080307B033494865334888653348402404604460B0
S315080307C01020FFF709FE002854D1FF2000052F4902
S315080307D008602F482F4908602F4829490860A50350
S315080307E02A4805602D4807680820FFF7F5FD002805
S315080307F040D108262A4806600120FFF7EDFD274861
S31508030800806801902748066027481D4908601F48E5
S3150803081005600820FFF7E0FD00282BD12048066075
S315080308200120FFF7D9FD1D48806800901D48066022
S31508030830134D1E4828600199009800F03FF8860674
S31508030840B60E0198C10B0098C00B00F037F80002EA
S31508030850FC21890101403143296010480760600380
S315080308600A4908601248046044601249016412493F
S3150803087041640020FEBD000020E000A857140000D4
S315080308804C0102A8FF3FFF3F601102A8B42002A84B
S315080308900000380EB41002A830300000104101A839
S315080308A0105101A8106101A81010000020200000B3
S315080308B0602102A8F703F000FF3F000010B54904C2
S315080308C0CA104004C310991A00209A18D30F9A180D
S315080308D0521052188B115B0E5B18DB11D2182023AA
S315080308E0541A01D422001843CC0F611849105B0827
S315080308F0F6D110BDEFF3108072B67047002800D109
S3150803090062B6704710B5C20018231340FF249C40F3
S31508030910E2438907090E9940030004D473489B08E8
S315080309209B00C01806E0724B0007000F08388008C2
S315080309308000181803681A401143016010BD80B57A
S3150803094074225421002000F043FA01BD10B5FFF7C5
S31508030950D1FF684901220A60674B684C2360684CDB
S3150803096023600323674C2360674C2360674B1A6035
S31508030970674B1A60674B80241C601A60664A1A60C4
S3150803098011228A63FFF7BAFF3F20644909680140C9
S315080309900A1D402A00D2081D614A1070AD4801702D
S315080309A010BD80B501001120FFF7ACFF01BDFFF7AD
S315080309B0A1FF05000024012160B2FFF7A3FF641C11
S315080309C00E2CF8D301210F20FFF79CFF01211320DA
S315080309D0FFF798FF01211720FFF794FF0321012052
S315080309E0C043FFF78FFF01211E20FFF78BFF4D48FA
S315080309F04D49086002204D4908600120A049086056
S31508030A0047044B4C20693840FCD02068800101D448
S31508030A10FEF7C1F82800FFF771FF46480068000390
S31508030A2011D4972252005321002000F0D1F90AE08D
S31508030A3000281CD0FEF7E6F819E020693840FCD0F8
S31508030A402800FFF75BFF206E0004000F022801D180
S31508030A50FEF742FDFFF74EFF0500714EFEF7E2F87B
S31508030A6000287078E4D0002801D1FEF7D4F80120D5
S31508030A702E493278002A05D1774A1268920600D49D
S31508030A80086030BF0022327002220A607C4908607F
S31508030A90D3E77C48016842680A407B4810401749F7
S31508030AA00860800700D4704710B578480188491C48
S31508030AB00180774C2078000617D576490A680F20F7
S31508030AC0120B0240032A10D1A94A12685207520F81
S31508030AD0032A0AD80968090B0840032805D10D20FB
S31508030AE0FFF789FCE08A401CE08210BD00E400E0C1
S31508030AF01CED00E0040002A80000FF3F282002A81E
S31508030B002C1002A840E002A844C002A804C001A809
S31508030B10044001A8145001A8200060062C8001A8EF
S31508030B205E3E0000FFFF9B4000E100E0602002A854
S31508030B30500002A8F80702A8F8B5574C206865685C
S31508030B4005408C4805605548284007D0FEF77DF8D0
S31508030B50002803D02800884909688847874801215F
S31508030B600D4211D00222864B1A60864A12680A4041
S31508030B7007D10268F0231B051340902212059342FE
S31508030B80F3D00902804A116080210D4220D0A26A5F
S31508030B90F823DB0113401BD0C0221201934217D856
S31508030BA080231B06894E3360A76AF826F6013E4062
S31508030BB0384F3F683F043F0F022F01D0032F03D15D
S31508030BC0002E01D09642EFD3904A1360694A11600A
S31508030BD08F49097806290DDACC20800128401DD0D3
S31508030BE0FFF788FE04002800FDF7C0FC2000FFF786
S31508030BF085FEF1BD806B800510D58648284005D053
S31508030C00FEF73AFB2800FDF7B1FCF1BDA80205D5AE
S31508030C1080204001574908607F490860F1BD0000FC
S31508030C20613E000010B57D48016844680C407C4865
S31508030C30046080210C4205D041607A480160002097
S31508030C40FDF794FC600403D58020400576490860C7
S31508030C5010BD00005F3E0000F40302A838B57348D0
S31508030C60016844680C40E00707D5FFF743FE050013
S31508030C70FDF716FD2800FFF741FE6D48046031BDF8
S31508030C80601002A8280002A8FFFF00C05C3E00000F
S31508030C90BC3E0000B00002A8104001A802000600EE
S31508030CA0FEB5644C206C676C074001252F4216D0AD
S31508030CB02E0661480660206860490D60002802D048
S31508030CC00021FDF7F3FE5E480068A021C9018842AA
S31508030CD08041C043C00F5B4948705B480660FDF717
S31508030CE091FF0190022007403ED06168CEB20F0AF9
S31508030CF0564908224A4B4403012E24D0022E31D1E9
S31508030D00012F22D1524EF6780096514E3778012696
S31508030D10BE40504F3E604E4E3678760590277F0488
S31508030D20F71903263E434C4F3E601C604B4B1C6031
S31508030D300B68009C1B194B65454909788D40484942
S31508030D400D6048490DE00090DFE7002F0AD1464EB3
S31508030D50356000254D655C601C60C104434B196012
S31508030D6043490A60354908600198FDF754FFF7BD02
S31508030D70184001A8106001A89C3B00000C0002A8BB
S31508030D806C1102A8B44000A8B82002A870B5FDF7F4
S31508030D9039FF0400FFF7AEFD2F490A68D2070FD5BE
S31508030DA02A4A566D1368334D2E60CE686E604968BD
S31508030DB0E9818021C904204E3160297B5918516580
S31508030DC0FFF79CFD2000FDF726FF70BDE06101A833
S31508030DD0002800D0704770B50C00FDF713FF050017
S31508030DE0FFF788FD0600FDF727FF23480460012166
S31508030DF0224A1160026C0A40FCD1FDF722FF30003B
S31508030E00FFF77CFD2800FDF706FF70BDE05101A83A
S31508030E102C3E000000104006145001A890C001A8FB
S31508030E2090E001A80CC001A804ED00E0C0C000A82A
S31508030E30C0E000A800C002A8441002A840E002A827
S31508030E40404000A8613E0000442002A818C00A508A
S31508030E50753E000068E00A5060C101A894D001A855
S31508030E6068D00A50F42302A860E101A880E200E0F2
S31508030E70F41302A86C3E000000C0095040D0095084
S31508030E8080B5FDF7E2FE002801D000F09CFE01BD07
S31508030E9080B5FDF719FFC648006800030AD4FEF7B4
S31508030EA0B3F9FFF755F8FEF72FF90120FFF724F8F2
S31508030EB0FEF71AFD80208005FDF79CFE01BD80B56F
S31508030EC0FDF702FF80204002FDF794FE01BDFEB543
S31508030ED0052066490860664806680124264201D14A
S31508030EE0FDF7FCFFFDF7F0FE90490868009090486F
S31508030EF049680160B105CA0F69460A710025264289
S31508030F0010D000959349496801609248026892494E
S31508030F100B68981A9A4202D38B69C018401C8F4BE8
S31508030F209842F5D38E48056068460079002804D0B0
S31508030F3031000098FDF7F8FB009000278848006801
S31508030F40204003D16846FEF701F80700FEF741F88B
S31508030F50002840D07F48407C00283CD195497D4DE8
S31508030F60EE680A6933689A4200D00120A04A94467B
S31508030F70A04A1378062253436246D35AB44602005C
S31508030F80182672436646B2185360009A0192EA68B5
S31508030F900123434018204343D61830680861B068D4
S31508030FA008609548F168016031690162706993497F
S31508030FB0086001A8FDF7CAFF002806D18C498D4AA7
S31508030FC0127806235A43895A7160390007000F437A
S31508030FD001D16C7401E0002F02D10098FEF720F8C6
S31508030FE087480460022087490860C820C004AE49C0
S31508030FF008606004FDF7FEFDF7BDF8B59E4C802535
S31508031000EF02FDF7E6FF002808D09C480078002881
S3150803101004D13800FDF7EEFD2560F1BD206CC0054F
S3150803102006D580200006206000BF00BF4008206068
S31508031030FEF7C8F89D480068C021090181439C480A
S315080310400160FDF741FEFDF705FA060099489A493E
S315080310500860FFF715FF3800FDF7CCFD002E00D01A
S3150803106025600120B9490870F1BD00005C1102A88A
S31508031070440002A8F8B5B6480068904909680140D3
S315080310808F4801600120FFF78CFCFDF71DFE8D4894
S315080310904421405C0521014002D0FDF7BCFE01E076
S315080310A0FDF7C6FE744C012702258648406C284086
S315080310B000D027601020C043A64908600026E663CF
S315080310C0A5480660FDF7C1FD002802D000F0C8FD5B
S315080310D001E07C480660FDF77FFDA0480068216CA7
S315080310E0090407D4000705D5FDF78CFD9C490D6057
S315080310F0FDF791FDFDF779FDFFF754FA9948006866
S3150803110007400CD08020000697490968014006D09D
S315080311108F49896A084002D10D20FFF76CF9A804A4
S31508031120FDF768FD0020FFF73CFCF1BDB83F000062
S31508031130383E000080B5FDF7C7FD1D48006800036B
S3150803114003D4FDF7E1FFFEF7CFFB80204003FDF74D
S3150803115051FD01BDC83E000020C001A801FF0000E3
S31508031160343E000038B5FDF7AFFD434C2025FEF7A6
S31508031170AFFF002806D0606B000704D5FEF7D0FF43
S31508031180FEF73EFC2560FDF7BFFFFEF7ADFB77488C
S3150803119000780C210140042902D1FDF73CFE01E049
S315080311A0FDF746FE6804FDF725FD4020206031BDA6
S315080311B00C0002A8348001A81CB505206C490860F8
S315080311C0FDF782FDFEF7ACFFB74800680090684656
S315080311D0FEF7E4FB0400FFF753FE002C02D1009848
S315080311E0FEF728FC80204004FDF704FD13BD00002C
S315080311F0523E00004C3E00001C4101A8284000A8AE
S31508031200442002A8305201A8F8B5FDF75DFDA74CA6
S31508031210A56A5020284002D0FDF7FDFD01E0FDF741
S3150803122007FE154FFEF754FF00281BD1B86B40077E
S315080312301DD4786BE0214901014018D1A80611D4C1
S31508031240FDF7CAFCA56A9A4E354207D0FF20C0436C
S315080312502D18A5628020000596490860FDF7C5FC90
S315080312602E4002D00120386001E000202060802053
S315080312708004FDF7BFFCF1BD100002A8D93E0000AB
S3150803128080B5FDF721FD8C480068C00501D5FDF73B
S315080312903BFF0120FEF730FEFEF726FB8020C00445
S315080312A0FDF7A8FC01BD0000106001A80C4001A8C9
S315080312B0086001A870012000B46000A8883F0000F8
S315080312C00C5001A8A83E000070B528480668FDF72B
S315080312D0FBFC8024A403794D2968090303D5200060
S315080312E0FDF788FC70BD0321C00601D5314001E036
S315080312F0B0080140012902D1FDF78DFD0BE030014D
S3150803130007D50E20FFF770F8A048042101600821CD
S315080313100160FDF78DFDFDF7FEFD9D4E30699D4984
S315080313200860FFF7ADFD3068002807D04000122893
S3150803133002D2FFF751F801E0FEF799FF2000FDF707
S3150803134059FCA86B8000FCD470BD0000613E000008
S31508031350084001A8482002A83C3E0000844000A893
S3150803136014E50350404101A8D44101A8EC3E00000E
S315080313705C1102A8F8B584B0012600240294FDF78F
S31508031380A3FC03904D4D2868000371D40320A2499A
S315080313900864A24802680227FF2189010F200F2348
S315080313A01340032B03D0120B104006283CD19C484C
S315080313B000684A6800922A6C3A4001D0896800910D
S315080313C0FEF7BBFF0099401801D5019400E0019090
S315080313D0A86B0007C10F6846017003209149096B82
S315080313E0014002291AD10399C90617D58D490968F7
S315080313F0CA0512D5EB6B8C4A1340934203D11020CE
S31508031400854908640AE0890508D4296C28220A4014
S3150803141004D100262749086000E0002668460078BC
S315080314200290300002D10EE008680190FEF750FEE4
S31508031430002808D0FEF774FE0298002802D0FEF7AB
S31508031440DFFA00E0002674480760002E11D07548BD
S315080314503021405C0C210140042902D0E86BC00608
S3150803146002D5FDF7D8FC01E0FDF7E2FC2020686011
S3150803147014E0FDF749FE802000060E4908600020A7
S31508031480C0436A49086001A8FEF788FA0400FFF713
S31508031490F7FC002C02D10198FEF7CCFA8020000451
S315080314A0FDF7A8FB05B0F0BDCC3F0000C43E000025
S315080314B000FFFF00481002A8680102A80C0002A852
S315080314C0FEB500240194FDF7FFFBFFF7D9FC584E40
S315080314D0F06E584D0007000F07280ED170680028D4
S315080314E00BD40020FEF708FD28682A490860FDF793
S315080314F08DFD3068800044D5FBE701210320494A66
S3150803150073685B070BD44C4B1B680B4007D01368F7
S31508031510DF050BD55B0502D43368DB0503D40191DC
S31508031520116B890904E01021444B1960116B0909F1
S31508031530084000900020FEF7DFFC0098002805D13C
S315080315407068C00602D4FDF773FC01E0FDF763FC7F
S3150803155000200199002903D139480068FEF7EDFEFA
S315080315606969401801D5009400E000906846FDF7C4
S31508031570EDFC002805D10098FDF752FDA869054939
S31508031580086080200005FDF735FBF7BD80E200E023
S31508031590AC3F0000383E0000F8B5FDF795FB002484
S315080315A000252848466B80277F05300606D5300771
S315080315B009D5FEF7B5FDFEF723FA29E001251E48EE
S315080315C00068284019D00020FEF796FC0220064042
S315080315D002D01D490C60C8611C480468002D03D05D
S315080315E02000FDF739F90400FEF79AFD2000FEF7FF
S315080315F021FA3800FDF7FEFAF1BD15480078C02137
S315080316000140402902D1FDF706FC01E0FDF710FC75
S3150803161020200C490860ECE7082002A8B00002A8BD
S315080316200CC101A8BC3E000010000010B46000A85D
S31508031630440002A8BC3F0000B44000A8481002A812
S315080316401CC101A8100002A8180000AAD83F000070
S31508031650EC3E0000FFF77AF9024803494860FFF7B2
S31508031660A6F900BF472600000000000080B5EFF387
S3150803167005800B2801D23A2100E029219222520043
S315080316800020FFF7A5FBFEE7020303030304040494
S31508031690040505000000000101010102020202031C
S315080316A00303030304040404040000000101010105
S315080316B007070808030303050404040505050606C6
S315080316C006070707080302020404040304050506BC
S315080316D006060607070702020203030303040404B4
S315080316E004050505050506060606010202020203A8
S315080316F00303030304040404040505050506060693
S315080317000C0C0C0C0B0B0B0B0B0B0B0B0B0B0B0B14
S315080317100B0B0B0B0B0B0C0C0C0C0C0C0C0C0C0CFE
S315080317200B0B0B0B0B0B0B0B03040404040505052E
S315080317300506060606060702020202030303030456
S315080317400404040405050505050606060202020245
S315080317500707030406070404030303030405060330
S31508031760030506070804050604030404030304051E
S315080317700606030405060708C7BFBEBEBEB5B5B44D
S31508031780B4ABABDCDCDBDBD2D2D1D1C8C8C8C7BFAC
S31508031790BEBEBEBDB5B5B4B4B4DCDBDBD2D2D2D1E2
S315080317A01B1B16162E2D2D2A2929292524242020EC
S315080317B01F1B1B1B162E2D2D2A2A292925242420D7
S315080317C020201F1B1B1B2D2DBEB5B5B4B4ABABAB6D
S315080317D0AAA2A1A1A1A099999898C7BFBEBEBDB553
S315080317E0B5B4B4B4ABABABAAAAA2A1A1A199999972
S315080317F000000000030303030302020202020202BB
S3150803180003030202020201010101010100000000B3
S315080318100303030303020202D0C7C6C6C6BDBDBC83
S31508031820BCB3B3B2B2B2A9DBDBDADAD1D1D0D0C753
S31508031830C7C6C6C6BDBDBCBCBCB3B3B2DBDBDADA4E
S315080318401F1F2D2B221E2E2E323232312D262430E7
S315080318503028231F1B2B26222E322E2E31312D28DC
S30D080318602424302C27231E1A49
S30D0803186800BAFD7F0100000030
S311080318707C180308A03C0020950000002B
S3150803187C01000000030505B54001800000000000C7
S3150803188CB5000000000001B5000080000000000050
S3150803189C010000000A000000C0EA2101C017530228
S315080318ACFFFFFFFF0000000000000000000000001F
S315080318BC000000000000000000000000000000000B
S315080318CC00000000000000000000000000000000FB
S315080318DC00000000000000000000000000000000EB
S315080318EC00000000000000000000000000000000DB
S315080318FCBC3D002000000000000100000F000F0093
S3150803190C00000000000000000000000000000000BA
S3150803191C00000000000000000000000000000000AA
S3150803192C000000000000000000000000000000009A
S3150803193C000000000000000000000000000000008A
S3150803194C000000000000000000000000000000007A
S3150803195C000000000000000000000000000000006A
S3150803196C0000000000000000000000000128000031
S3150803197C0040310800A00000041A0020C80000002B
S3150803198CFE00000000000000709402085D82000847
S3150803199CD99C000889620008F16A0008856A000860
S315080319ACC56B000899620008A9620008B1A800086B
S315080319BC00000000AD700008FF6202080100000079
S315080319CC68980208DEFE64000A002800200000005E
S315080319DC01000000FFFFFFFFFFFFFFFFFFFFFFFFF5
S315080319ECFFFFFFFFFFFFFFFFFFFFFFFFFFFFFFFFEA
S315080319FCFFFFFFFFFFFFFFFFFFFFFFFF303E002048
S31508031A0C00000000C43500202C3600209436002034
S31508031A1C00000000000000000000000000000000A9
S31508031A2C0000000000000000000000000000000099
S31508031A3C0000000000000000000000000000000089
S31508031A4C0000000000000000000000000000000079
S31508031A5C03000000C4350020FFFFFFFF0000000051
S31508031A6C00000000FFFF0000B4D902087D6A0208D3
S31508031A7CFFFFFFFF0B6F0208076F0208FFFFFFFF4D
S31508031A8CFFFFFFFFFFFFFFFF1B6F0208FFFFFFFFB1
S31508031A9CB3750208FFFFFFFFFFFFFFFFFFFFFFFF03
S31508031AACFFFFFFFFDF25000004F8FFFF0C00000013
S31508031ABC0000FF0C01FF0FFF41AD000845D20008DB
S30908031ACC1DD200080E
S70508006C196D
