S01900006275696C642F64656275672F6F742D7263702E73333711
S3150800600008100020619900088125010885250108E6
S31508006010EDEB000889250108912501085785000838
S3150800602057850008578500085785000857850008D2
S3150800603095250108ACD6010857850008578500083C
S31508006040CD98000857850008578500085785000829
S3150800605057850008578500085785000857850008A2
S315080060605785000813EC000811EC0008578500084E
S315080060705785000857850008578500085785000882
S315080060805785000857850008578500085785000872
S31508006090578500081986000857850008578500089F
S315080060A057850008F5850008D1850008578500083A
S315080060B057850008E98F0108BD980108BDB9010890
S315080060C0B9B9010831900108D3B90108C1B9010865
S315080060D08D980108C5B90108FD9801086599010858
S315080060E05785000857850008578500085785000812
S315080060F05785000857850008578500085785000802
S3150800610057850008578500085785000857850008F1
S3150800611057850008578500085785000857850008E1
S3150800612057850008578500085785000857850008D1
S3150800613057850008578500085785000857850008C1
S315080061405785000857850008578500081DC10108AE
S315080061502D7C010857850008A7B90108ADB90108C3
S315080061605785000857850008578500085785000891
S31508006180F0B5114A114C124E00F00105E3695F079C
S3150800619013D40DB9334213D103EA00078F4207D14E
S315080061A00B4A1A40002A0CBF00206FF00100F0BD10
S315080061B0013AEBD16FF00200F9E74FF0FF30F6E74E
S315080061C06FF00100F3E700BF8096980000000350C7
S315080061D002000100000000000000000000000000AE
S315080061E0013800D0FCE770472DE9804895B0EFF3F9
S315080061F01183302282F31188B14C94F83722002A91
S3150800620040F0F582012284F8372283F31188BFF320
S315080062106F8F6FF004035021AA48AB4D13F0800F1F
S3150800622003F1010240F0DC822B444C2A83F8001368
S315080062301346F3D14FF00043A44E072273664AF67D
S31508006240CD33A34D0B206F6C2B64A24BDA6308F099
S315080062509FFC6B68012023F4F87343F480736B602A
S3150800626040F20913AB6040F203132B610AF0BEFC3F
S31508006270FB0748BF984B4FF0800048BF2B64974BED
S31508006280596E4FF0004373664AF6CD336E6C2B6435
S3150800629008F07EFC2B6AF70723F00F0343F00C0384
S315080062A02B6248BF8C4B8E4848BF2B640029A2BF7F
S315080062B04FF000428B4B5A6616F082F88A4AD2F89B
S315080062C04C3113F4802300F097824FF07E6292F8E7
S315080062D09C3092F99C20002AB8BF24234FF4000171
S315080062E07A4A022051664FF4D15102F5B83251620A
S315080062F07E494F2B486028BF4F23012001F5805166
S31508006300DBB24860116911F48031FBD143F4807324
S31508006310536140F201439360734B5160D3F84C21AB
S31508006320160300F16C82D3F85051EDB2704B714AE6
S31508006330714E1A60694B96F900701B6F2F4403F073
S315080063400703032B87F3080701D115F045FC08F06E
S315080063501BFE03284BD04FF480125C4B4FF0A06114
S315080063605A6645F60E03654AC2F88030644B996250
S315080063704FF4803103F580539962936DD803FCD4AA
S31508006380936D5900FCD45F4B1361936903F0004386
S3150800639043EA074343EA052343F0407343F03C03CB
S315080063A09361136A23F00F031362916A564B0B40ED
S315080063B043F4803393625549504A936D31EA030397
S315080063C0FBD14FF080714E488162136923F4700344
S315080063D043F4401313614FF000434FF48032836156
S315080063E04B4B99629A62454A936D5B00FCD44FF415
S315080063F0C0223D4BD3F89850344B5A6603F5983370
S315080064005A68012A00F0028208F0BEFD05280CD160
S315080064100021404808F090FB304A136F43F480632C
S3150800642013674FF48032294B1A67DFF8F8803A4B26
S31508006430D8F8007025F040759F4202D835480BF011
S315080064405FFC364BDA6812F0060FFBD19A689D603E
S3150800645099684D4015F4F81F0DBF2E4D9A603D46BC
S31508006460C8F8005008F090FD05280FD115F0B4FBC8
S31508006470804608F035FB0128D4BF0121002140469B
S3150800648008F05AFB0BF0F4F90BF0E2F9BD4202D81A
S3150800649000200BF035FC4FF400220C4D124B20481F
S315080064A0D3F8C0306A664FF0B44223F04073936065
S315080064B015F086FF4FF4800302226B6634E000BFB6
S315080064C06017002000ED00E000E100E000900050B9
S315080064D000400950004000503254FFFF0080005031
S315080064E074D8010800A000500080E00F0010025088
S315080064F0683E0020C01753026C3E00200040005A38
S315080065000050005A2008C00BC7FFFEFE030001001A
S315080065100060005A00B4C404FFB3C404000001506C
S3150800652078D80108643E0020C84B5A609F6817F463
S315080065308037FBD1C64D5F625F600BF0C1FB2B6FE6
S31508006540384623F0070343F003032B670BF0E0FB01
S315080065502B6FC04923F474432B67BF4BD3F8FC2039
S3150800656012F0807200F05881D3F8FC2022F0807275
S31508006570C3F8FC20D5F8802022F0030242F001027D
S31508006580C5F88020C1F88070D3F8FC2042F08072EC
S31508006590C3F8FC20AE4B4FF48031D3F82021AF4826
S315080065A022F0070242F00202C3F82021D3F828217C
S315080065B022F0070242F00202C3F82821D3F880210C
S315080065C022F0030242F00102C3F88021D3F84021E9
S315080065D022F0030242F00202C3F84021D3F86021F8
S315080065E022F0030242F00202C3F86021D3F84022E7
S315080065F022F0030242F00202C3F84022D3F8002236
S3150800660022F0070242F00202C3F80022D3F8082259
S3150800661022F0070242F00202C3F80822D3F87022D9
S3150800662022F0030242F00102C3F87022D3F82022B6
S3150800663022F0070242F00102C3F82022854A5D6E65
S315080066405166426AED0322F0010242625CBF844A47
S3150800665051664FF0E0210A6942F004020A61D3F854
S31508006660602222F0070242F00102C3F86022D3F842
S31508006670942222F0070242F00102C3F89422794BD1
S315080066805A6F42F001025A67DA6E22F03002DA6671
S31508006690EFF31187302383F3118894F83852002DCD
S315080066A043D1714B7148A56625601D6015F088FEBB
S315080066B0BFF34F8F6E4808F073FA4368012B00F05A
S315080066C0B680C56015F046FB4FF000080F2201257D
S315080066D0684B6748DFF8CC91C0F848805A641A645A
S315080066E008F05EFAC9F80450056115F06DFB08223A
S315080066F0614BC0F818804320C3F8882109F036FD9D
S31508006700C9F84450EFF31189302383F311884FF405
S31508006710E0600AF0DFFE024689F31188BFF36F8F47
S31508006720564B1860002840F0BF8087F31188BFF3E6
S315080067306F8F494809F0E4FFD0F8C030504A23F07B
S31508006740FF0343F0A003C0F8C0304E4B9A424E4AAE
S3150800675040F0B58013684D49C0F89830C0F89C10D1
S3150800676001F57F3101F2FE310133C0F8A010136044
S31508006770BFF35F8F0522384BC3F894205A6A42F458
S3150800678080325A62BFF34F8FBFF36F8FBFF34F8FBD
S31508006790BFF36F8F3E4815F013FE15F011FE012367
S315080067A03C4C002204210CA80CADADF8303007F0A3
S315080067B081FB0FCC0FC594E80F0085E80F00A4F104
S315080067C0140015F0FDFD04F11000334C15F0F8FD2A
S315080067D06368002B00F09E80636DC3F30B03F8E734
S315080067E003F00F03043B03441976134616E583F3B7
S315080067F01188BFF36F8F1DE5D2F850216EE5274B40
S315080068001B88FF2B94BF1D4657258FE524494A60F0
S315080068105A689707FCD4F7E5D5F8803023F00303C8
S3150800682043F00103C5F88030C1F88020B2E641681C
S31508006830012902D008F0B4F943E7436815F0C4FA11
S31508006840022303610B4B5960F4E700BF0040025076
S31508006850008000500090005000ED00E000C0075096
S3150800686000A00050004000509C13002074D8010876
S3150800687000800A5000A00A5000E100E0A0130020A2
S31508006880603E0020003E0020541700200300002030
S315080068907CD8010880D8010800000A500001E00FE2
S315080068A000E0015000900A50434640F2E731134891
S315080068B013F012FD124B84F83852186035E723F0AE
S315080068C01F03203BB3F1005F0BD311680D4CC0F8D2
S315080068D0981043F001030131C0F89C40C0F8A0307D
S315080068E0116009491368094821F01F0141F00301A5
S315080068F0C0F89830C0F89C10054935E718FCFFFF2A
S3150800690008100020030000207F3E002000ED00E074
S31508006910E1FF032008F07EF90423B94AB949BA4FC2
S315080069200B6113610B6113610B6113610B611361D9
S31508006930202341F2020123610023E360A360616121
S315080069404FF4A021A361A3656162E3612362A36298
S31508006950E36263632365D7642363236923F08703AC
S3150800696043F08103236123699DF84C2023F0F80343
S3150800697043EAC2139DF8392043EA02139DF83F20E3
S3150800698043EA82132361E268DDE9113122F0F0421D
S3150800699022F470220B4313439DF83C2043EA8223DA
S315080069A09DF83D2043EAC233E360A36823F003035E
S315080069B043F00103A360A368A360A36843F480635C
S315080069C0A360626A9DF8383022F477221B0322F40A
S315080069D0EE6203F4E04313439DF84D20120402F4DB
S315080069E0702213436362636923F00F0343F00203C3
S315080069F06361BDF83A30A3619DF83D3033B19DF827
S31508006A003E30824A03F00F03C2F880309DF83F30CB
S31508006A102BB19DF840307D4A03F00F03D36757200A
S31508006A200AF058FD7A4B9A6812F0010F5A6800F07E
S31508006A303583784CB0FBF4F4D00704F1FF344FEA01
S31508006A40046440F125835A6D12F0280FFBD19A6C25
S31508006A50910740F019839A6CD20700F117839B6C53
S31508006A6013F0020F14BF0625002508F0D3F8684A6C
S31508006A702846136923F07F432343136108F0EAF895
S31508006A80052008F0E7F8624B9D6CED4315F4405578
S31508006A90FAD14FF48173012204210BA8ADF82C30EA
S31508006AA007F008FA40F202232A4601210AA8ADF89F
S31508006AB0283007F0FFF940F202330122042109A821
S31508006AC0ADF8243007F0F6F940F20243042101221A
S31508006AD008A8ADF8203007F0EDF94F4B4F4A4FF4B0
S31508006AE04870C3F8C8244FF00212C3F8C424A2F5AC
S31508006AF08032C3F8CC241C22C3F8B42408F054FB13
S31508006B00042102200AF068F8142008F04DFB04213D
S31508006B10022015F0FDF9232008F046FB0421022087
S31508006B200AF05AF83A4CA36C5A06FCD5B9236364A2
S31508006B30A36C1B06FCD5002204210220E36B15F08A
S31508006B40E7F94FF48173114607A8ADF81C3007F032
S31508006B50B1F9002240F20223114606A8ADF8183012
S31508006B6007F0A8F940F202330122002105A8ADF882
S31508006B70143007F09FF940F202430122002104A8CD
S31508006B80ADF8103007F096F908F044F804231C4ACB
S31508006B901C4923480B6113610B6113610B61136177
S31508006BA00B61136120230021236141F20203E16096
S31508006BB0A16063614FF4A023A161A1656362164BCE
S31508006BC0E1612162A162E16261632165D7642163A3
S31508006BD0C3F8B414C3F8C814C3F8C414C3F8CC145F
S31508006BE015F0C2F84FF000639B6A03F17842B2F5DC
S31508006BF0C04F80F082801A680A4B9A427DD113E012
S31508006C0000200A5000100A50FF3F0D030090035061
S31508006C1000000A50E070720000C003500200030032
S31508006C20A0D8010807B0CD5EC44C94F8397217F0A5
S31508006C30FD0762D1DFF86C8398F80030002B00F06E
S31508006C405D82022388F800304FF0010A4FF480393C
S31508006C50BB4B0020C3F880A1BA4BC3F80C9009F0CF
S31508006C6085FAB94BC3F810904FF000639B6ADB694D
S31508006C70984798F800B08146D34540F03D8304F024
S31508006C809FFF013040F02683D4F84C22AF4B1A669A
S31508006C90D4F850225A66D4F85422C3F87021D4F88E
S31508006CA058221A64D4F85C225A64D4F86822D207A7
S31508006CB000F11F83A64B1A6D013207D194F83922C9
S31508006CC022B9A4494968C90748BF1A65D4F8602299
S31508006CD0A14B5A66D4F864229A660FF097FED4F848
S31508006CE03C3283F31188BFF36F8F88F80070B9F1CF
S31508006CF0000F02D1012384F83932726D4FF4003146
S31508006D00531C04BF954BD3F894204FF0502308BF6B
S31508006D107265D707196700F1F18201210C4608460A
S31508006D2004FA00F3134001F1010100F0E9828C4BEB
S31508006D3003EB4003B3F870308A4A062B11688A4879
S31508006D400A918AB24FEA114140F0E1824FF20F03ED
S31508006D50994240F0D982B2F5406F28BF4FF4C0621D
S31508006D6002804FF000534CF23C325A807F4A536AF5
S31508006D7043F470235362EFF308834FF0CD317C4A16
S31508006D80043B934280F0D4827A497B4806F03AFF66
S31508006D907A4815F015FB4FF44073012204210CA81C
S31508006DA0ADF8303007F086F80122754BC3F8442455
S31508006DB0EFF31184302383F311884FF460700AF0DF
S31508006DC089FB84F31188BFF36F8F684B00F5D520D4
S31508006DD0D3F8F02000F2FC4042F00102C3F8F0209C
S31508006DE0D3F8FC20564C42F08072C3F8FC20654A62
S31508006DF0A3F55D431A60644B0222B0FBF3F0634BC4
S31508006E0001381861C3F8F0204FF48072C3F80423E0
S31508006E104FF060435E4A5948C3F8B02F5D4AC3F83D
S31508006E20802ED3F8002E42F48072C3F8002EFF227B
S31508006E3083F82020D3F8002E22F48072C3F8002E9F
S31508006E4015F0BEFA23689E0106D44FF00073192088
S31508006E50C4F8803109F08AF92368580106D44FF03E
S31508006E6080631A20C4F8803109F080F94FF0604435
S31508006E700221D4F8003E0CA843F48073C4F8003EFF
S31508006E80454B2E4ECDE90C1307F04CFF0122D4F8E2
S31508006E90003E042123F48073C4F8003EADF8302088
S31508006EA007F008F896F87510022903D196F8743099
S31508006EB0072B1BD096F87430DA0703D443F0010386
S31508006EC086F8743096F874309F075FBF012243F046
S31508006ED0020386F8743086F8942396F8742011B95C
S31508006EE0D40700F12882500740F12C824FF002089F
S31508006EF014F0D0FF1D4B294C5B680AF0CFFC08F054
S31508006F0075F9274BDFF8A0C0CDE90C834FF0407325
S31508006F10CDE90EC305230CA94FF0FF30109314F0EA
S31508006F2086F800214FF0FF3014F084F804F12007AA
S31508006F300CF0CEF820220021204637E0601700200A
S31508006F4000E100E000A000440090004400800044F6
S31508006F506C3E002000C005500080005000400050E4
S31508006F6034D80108000000203414002000ED00E0A9
S31508006F7008000020A03E0020381400207CD8010814
S31508006F8000D00350FF030040F8590D00000004E04C
S31508006F9055CEACC509000100006A1810CC190020AE
S31508006FA0006A1800361400200003040013F085FB5D
S31508006FB018220021384613F080FB0022A44BA5496D
S31508006FC01A779960A4491A62D960A449C3E90024CA
S31508006FD01961A3499A615961A24BA3490120996095
S31508006FE0A2491A77D960A249C3E900271961A149BC
S31508006FF01A6259619A6114F02DFD0346002840F083
S315080070007D8241F60B22002000214FF6FF7A4FF0D1
S315080070100109994FC6E9E601BA80984A7F21C6F860
S31508007020A023974810223B600293ADF824A08DF860
S31508007030269013F042FB7F21924A4FF0FF3B1170D6
S31508007040914A029B128804F59A71A6F8B0238F4AD2
S315080070500CA81268CDF830B0C6F8B8238C4A128846
S31508007060A6F8B2238B4A1268C6F8BC238022A6F873
S31508007070B42304F5AC72C6F8C0231A460CF086F899
S31508007080002800F06481FEE70525EEE40925ECE416
S315080070901A6922F07F4222431A61F1E49A6D9B68CD
S315080070A07D4912F0010F03F0E0037C4A08BF0A4647
S315080070B0402B1DD005D8EBB1202B7FF4E1AC08237B
S315080070C005E0602B18D0802B7FF4DAAC01235343FC
S315080070D04001B0FBF3F0724A2038724B02EAC00254
S315080070E0596DC807FCD41A635A6DD107FCD4C7E496
S315080070F00623ECE71023EAE70423E8E74FF0010943
S31508007100CDE90A7788F80090EFF31183302282F3ED
S315080071101188C4F83C320FF071FC94F8403263B918
S315080071206149624806F06EFD38B9604804F5117188
S315080071300BF054F908B984F840925D4B5D495A6ED4
S31508007140C4F860229B6EC4F864324FF480438B66A1
S31508007150594B5A68C4F86822584A9A601A6EC4F895
S315080071604C225A6EC4F85022D3F87021C4F854221F
S315080071701A6CC4F858225A6CC4F85C22504A106C2F
S315080071801864526C5A6401224A661B6E980448D5E4
S315080071904C4AD368D907FCD44B4B1A6D501C45D0C2
S315080071A04FF480139340494A13660422474B4FF025
S315080071B000691A664FF400721A6608221A664FF4B6
S315080071C080521A664FF40022C3F860905A66D9F8BE
S315080071D0283003F17843B3F5C04F11D201238DF857
S315080071E0303000230CA8CDE90D3309F0BEFC0E9B08
S315080071F0590505D5D9F828300BA91B6C0AA8984754
S315080072000A9A324B1A660B9A5A6694F84022002A52
S315080072103FF41AADD4F844221A66D4F848225A66BE
S3150800722012E52B4AD368DB07FCD4B5E794F8393264
S31508007230002BBAD14FF400721E4B5A6603F5A623EB
S315080072405B68002BB1D14FF48012204B1A66ACE76D
S315080072500C10002055DF0008ED7D0008698B00083A
S31508007260ADDF000830100020F18B0008F97D00081A
S31508007270218C0008298C0008CC140020DFBC0008EB
S31508007280D5140020D41400208E03020894030208A3
S315080072908C03020890030208E0707200C0E1E40063
S315080072A0F8FF7F0000000A50A03E00203814002096
S315080072B000800050009000500080004455CEAC007D
S315080072C000C00054000004406C3E002000900044BA
S315080072D00000045004F074FC40F2011398423FF495
S315080072E0D3AC994B994AC3F864B0D368D807FCD491
S315080072F0CAE400229A60DDE45746F6E4002016E563
S3150800730010297FF40CAD17E54FF4C06228E540F26A
S315080073100724A3420AD14FF20F04A14206D19A428A
S3150800732002BF4FF000524CF23C31518003801DE5FC
S3150800733043F8041925E5864807F056FD022386F822
S315080073407530D0E542F0040286F87420CEE581490E
S315080073500C980CF093FA00B1FEE741460C9813F02E
S315080073606DFD00B1FEE77C490C980CF081FC00B17C
S31508007370FEE749460C9813F02DFF00B1FEE7494693
S315080073800C9813F035FF014600B1FEE7734B402217
S31508007390184613F092F94946A0F83CB080F83EA08A
S315080073A00C980BF059FFDFF800820C98C8F800001B
S315080073B000B9FEE740F22223D6E9E612684C9A4263
S315080073C008BFA1420DD00FF2781BDBE900AB4FF0E6
S315080073D0FF324FF0FF33CDE900AB13F017FDC6E9D6
S315080073E0E6AB00215F4802F0D7FC0121084614F0FD
S315080073F019FBD8F8000009A90BF006FF044600B1EE
S31508007400FEE7594B594A18609880594B908013608B
S31508007410A3F52B72C6F868219C228433C6F874310A
S31508007420544BC6F890011A70A6F86C0102F03AFFA0
S31508007430046002F0F4FF031D00F1B402194610338C
S315080074409A42046006D13B790B2B02D87B790A2B2A
S3150800745004D8FEE743F8104C0C46EFE7464B1F608E
S3150800746007F0C4FE002002F0ADFD0822D8F800009F
S31508007470114613F01BFD044600B1FEE70146D8F895
S31508007480000013F0D2FE214618223C4813F015F9E5
S315080074903B4802F0D8FB3B4B12222146184613F014
S315080074A00CF94FF6FE7220F8022CEFF3108072B634
S315080074B04FF01008344F3C60BC60A7F8048014F005
S315080074C07AFF324B324CBB608C234FF40C600CA90C
S315080074D0C4E9028307F06EFD00282FD10F220C9B0A
S315080074E0C4E90033E168013A19441960E16892B2C7
S315080074F00B44002AF6D14FF0FF321A60254A264C73
S31508007500536D591C02BF254BD3F894305365244A52
S3150800751013604FF050234FF400321A6794F8C830BE
S31508007520002B40F0B980C4E90133E3604FF6FF73DE
S315080075301C4FB7F80080984538D1FEE7FEE700BF34
S315080075400AE020FF220200000090004000000440EC
S31508007550D817002007001100C4D80108CC13002052
S315080075600AE020FFCC14002008160020D8150020B9
S31508007570A41B002050160020C8140020AC140020BC
S31508007580C41400203E1600206416002065C30108B6
S31508007590B01600206C3E0020581000200040005015
S315080075A0CC1500209815002030140020B8F1000FE3
S315080075B01BD1C5F104010BAB0CAA89B25819CDF839
S315080075C0308009F027F9002840F0C9800C9B1D443B
S315080075D0032DEED90B9B002B00F0C2806FF0004202
S315080075E0934208BF0123954A13603B88002501335F
S315080075F03B8000F02AFC924F924B606100F180407C
S315080076003946914A2062A7F11400E361A5616762D1
S3150800761002F0D7FF8D4B4FF6FF78C4E90A35FB23F6
S31508007620A3638B4B07F144002365C4E90C55C4E9F1
S31508007630165502F04DFE07F1540002F049FE07F117
S31508007640640002F045FE834B07F11C00C4F898302D
S3150800765007F17C03C4F8A0307F4BA4F8B880C4F8BF
S31508007660BC3007F1A003C4F8C43003F01BFA0B239F
S3150800767007F11C0084F82830C4E90C55E562A4F823
S315080076802A8003F00FFA84F8C85002F068FF012335
S31508007690C4F8CC0084F8C830704D4FF000082B466B
S315080076A043F8D14B6B6005F6D103AB604FF400632A
S315080076B02F1D3846AB81C5E90488C6F8D84403F0BF
S315080076C0CBFA2B462F6504251F46013DC3E91588CD
S315080076D003F10803F9D1C823DFF89CC10022C7E9E2
S315080076E028C34FF6FF73A7F8A8305D4B0421C7E9F6
S315080076F02B350023DFF88481C7E91E55C7E92055D5
S31508007700C7E92255C7E92E23C7E93023C8E900236C
S31508007710A7F8745087F89850C7F89C50C7F8B45023
S3150800772087F8C810C7F8CC5087F8D050A7F8D258B1
S31508007730A7F84C5987F84F59A7F8505987F852595E
S31508007740C7F85859C7F85C59C7F86059C7F8645953
S3150800775087F86859C7F86C593B681BB9FEE7FEE716
S31508007760012340E73F4BDFF818A178222946A8F104
S315080077709C00C7E90637CAF8007012F09EFFFF237F
S315080077807721A8F6B800A7F8543987F8535987F827
S315080077904E5987F8D15804F071F9A8F6C40002F0DA
S315080077A0F5FE314B08F10C02C7F87839C8F81428E9
S315080077B008F1120308F63A02C7F87C39C8F83428E3
S315080077C04FF400634FF40072A7F88039A8F83828F8
S315080077D0264B274AC7E90437C8F8402ADAF80030A2
S315080077E008F63402C8F82028224ABB42A8F81858D6
S315080077F0C8F81C58C8F82C58A8F8305888F83C5AC5
S31508007800C8F8445AC8F82428C8F8287815D1DFF8E3
S315080078107480D6F8D834D3F804905D60B9F1000FB7
S3150800782038D00027D9F8040081452DD04368C9F817
S315080078300430036847609847F4E7FEE79C15002084
S315080078407410002029A60008A4CD01080B00FFFF2C
S31508007850C818002031AB0008D39100088822002000
S3150800786035B70008E1B60008198F0008ADA500086D
S3150800787089AD0008B7DF000800F8FF07F82B0020DD
S31508007880C8150020641600204846D9F80030C9F803
S3150800789004709847D6F8D8340C9502934FF0010334
S315080078A086F8DC3496F8DC3453B120220021AA4845
S315080078B012F003FFA948C768002F62D186F8DC7466
S315080078C009F012FDEFF3108072B6B8F8027014F0E2
S315080078D072FD002F40F0E6804FF4F85014F0BAF825
S315080078E030B34FF4807014F0B5F8DFF894928346FD
S315080078F0002800F0B681D9F8003039461B684FF4E5
S3150800790080701B7813F0200F954B0CBF4FF0000BBF
S315080079109B4614F087F83A460023D9F80000C0E9D8
S315080079200433836A93F8C83013B1594609F007FD42
S315080079308C4B186820B10368022B01D102F09AF922
S315080079408949A1F1240002F04FF9002800F0AB8123
S315080079508549A1F1240002F047F90746002840F0BE
S31508007960AB818249A1F1240002F03EF907460028BE
S315080079703FF44FAF38467E4902F04CF938467B490A
S31508007980F2E72022744900680CABB84786F8DC5445
S31508007990002895D1DAF80070002F91D0BDF8309004
S315080079A0DFF8B4B107F58057B9F1000F88D097F81A
S315080079B08C311BF8011B012B10D0022B4BD043B97D
S315080079C07E2906D1012387F88C314FF6FF73C7F855
S315080079D09C3109F1FF391FFA89F9E5E77D291BD0A2
S315080079E07E291DD0D7F890018288002A4FD0B7F893
S315080079F09C21DFF890C182EA0103DBB23CF8133020
S31508007A0083EA1223A7F89C3103F0E8F8B7F89E3109
S31508007A100133A7F89E31DCE7022387F88C31D8E7D3
S31508007A20B7F89E31002BD0D0012B12D04FF2B803F5
S31508007A30B7F89C219A420CD10021D7F890311A68E0
S31508007A40023A1A609A8802329A80D7E965309847CE
S31508007A50BBE70621F9E7D7F890018288BAB1B7F8EB
S31508007A609C2181F02001DFF81CC182EA0103DBB208
S31508007A703CF8133083EA1223A7F89C3103F0AEF8DA
S31508007A80B7F89E310133A7F89E310123C5E7039263
S31508007A900321D7F89431D7F898019847039A87F8BD
S31508007AA08C2196E786F8DD54EFF3108072B6B8F8A5
S31508007AB0021011B914F07FFCFEE7B8F8003008EBA5
S31508007AC08302D2F80C90B8F804200133B3FBF2F71E
S31508007AD002FB1733A8F800304B1EA8F8023014F042
S31508007AE06AFCB9F1000FE7D0224F99F80C30FA7DFD
S31508007AF0C3F3800363F34102FA7599F80C3000204A
S31508007B0003F0FB0389F80C30FA7DDB0963F3000206
S31508007B10FA7599F80C3003F07F0389F80C3099F858
S31508007B200130BB714B4613F80C2BBA803B6099F9B0
S31508007B300330114A7B75137099F802300F4ABB75EA
S31508007B401370D9F80430BB62D9F8081014F0ACF8F1
S31508007B50029BCBB9FEE700BF77190020101400205E
S31508007B60D8150020C414002030100020541000201E
S31508007B7055800008081600203916002038160020FF
S31508007B80A4140020DCD001084F4B38461A789B68AD
S31508007B903A753B6102F069FE80B10378C3F383024C
S31508007BA0032A0BD1980709D4386809F0B7FBBB88B4
S31508007BB000F44050092B01D9002833D0029B96F8CF
S31508007BC0DDB493F8C830002B2CD0A36D002B3AD027
S31508007BD0BBF1000F13D0238F990623D5FB7D9A0797
S31508007BE020D5397D94F894203B6991421AD1D4F86E
S31508007BF090209A429CBF0133C4F890300FE0594652
S31508007C00E26D32489847238F9B060FD5FB7D980770
S31508007C100CD5397D94F894203B699142E7D0BBF1A5
S31508007C20000F03D0484608F0BBFF4BE6B4F8A43073
S31508007C3083B909F037FBE36A002BF3D00022234906
S31508007C4023489847EEE7238F9A06E8D5FB7D9907E0
S31508007C50E5D5DEE7FB7D9B0744BFBB68C4F8B430B7
S31508007C60E7E74FF4007013F0F5FE074630B15946C2
S31508007C704FF4007013F0D6FE0F224DE64FF48060E5
S31508007C8013F0E8FE834638B139464FF4806013F0A6
S31508007C90C9FEBB460E223FE601464FF4805013F05C
S31508007CA0C1FE0B2238E60B49A1F1240001F09CFF26
S31508007CB000287FF44DAEACE53846074901F0AAFF27
S31508007CC03846064947E600BFCC13002008160020B0
S31508007CD05810002054100020498000083010002059
S31508007CE00348044B834202D0034B03B1184770473D
S31508007CF0C03F0020C03F002000000000064B074997
S31508007D00C91A891048BF0131491003D0044B0BB179
S31508007D1001481847704700BFC03F0020C03F0020F9
S31508007D200000000010B5064C237843B9FFF7D8FFCA
S31508007D30044B13B10448AFF300800123237010BD30
S31508007D40203D0020000000005443020808B5054BFA
S31508007D501BB105490548AFF30080BDE80840FFF7A9
S31508007D60CDBF00BF00000000883800205443020839
S31508007D70A3F5803A704700BF174B002B08BF134B7B
S31508007D809D46FFF7F5FF00218B460F461348144A18
S31508007D90121A12F092FC0E4B002B00D098470D4B8E
S31508007DA0002B00D098470020002104000D000D4844
S31508007DB0002802D00C48AFF300800AF037FC2000F8
S31508007DC02900FEF711FA0AF01FFC00BF00000800A0
S31508007DD00000000000000000081000200810002025
S31508007DE0603D00200000000000000000014B1868FC
S31508007DF0704700BF081000204FF0FF30704710B5DD
S31508007E00044600B9FEE7037F1BB143699847002380
S31508007E10237710BD70B5044600B9FEE7038B428B85
S31508007E209A420CD90022013303830277D0E9025320
S31508007E3098472B4601462046BDE870401847036A16
S31508007E4001330362BDE87040D9E7014B5B69184707
S31508007E500810002010B5EFF31184302383F311883E
S31508007E600348FFF7CCFF84F31188BFF36F8F10BD6B
S31508007E700C100020014B9B6B184700BF0810002010
S31508007E8010B5EFF31184302383F311880348FFF705
S31508007E90B6FF84F31188BFF36F8F10BD3010002032
S31508007EA02DE9F843064614460D46FFF7A8FF336941
S31508007EB0984700272D1947EB07032C1A63F100058D
S31508007EC0012C75F1000306DA336A30460133336252
S31508007ED0BDE8F84393E7D6E902839847A04277EBD3
S31508007EE005031CD2F36898473B46024629462046B6
S31508007EF012F0F2F9F368914698473B46024629463E
S31508007F00204612F0E9F94C4683B2002273832146D3
S31508007F1030463283C04701233377BDE8F8833B46B2
S31508007F20F3E710B5084B5C6804B95860EFF31184A1
S31508007F30302383F311880548FFF7B2FF84F31188CD
S31508007F40BFF36F8F10BD00BF081000200C10002073
S31508007F5010B5084B9C6A04B99862EFF31184302374
S31508007F6083F311880448FFF79BFF84F31188BFF356
S31508007F706F8F10BD0810002030100020034682883D
S31508007F80C088114481429DBF1868998080180020D6
S31508007F90704770B505680C4625B9BDE870404B6852
S31508007FA0084818478B6898476A680146831A002B61
S31508007FB0B8BF121A2368A8BF0022BDE8704001485E
S31508007FC0184700BF5810002038B50C461146A2685D
S31508007FD00346944206D00568AC420BD10260FFF70F
S31508007FE0D8FFA46038BD94420DD011469268002A85
S31508007FF0F9D1F6E72A460021F9E78B68002BF0D07D
S315080080009B688B60EDE70029F7D1002DE9D0AA68B7
S315080080101A60E6E770B5066804460D467EB18B68B9
S3150800802098477368C01A002809DB20462A46314655
S31508008030FFF7CAFF30463368BDE87040184729463F
S315080080402046BDE87040A4E701490830E2E700BFD2
S31508008050A4CD010801490C30DCE700BFB0CD01080A
S3150800806000F44052B2F5005F034620D148F24002C0
S3150800807020F44E5020F03F0090421ED00CD8B0F5A8
S31508008080446F1AD005D8C8B1B0F5046018BF0120EE
S315080080907047B0F50040F9E703F44C43B3F5404F99
S315080080A00BD04CF64043C01A18BF0120704710F495
S315080080B0406F14BF0120002070470020704700F46D
S315080080C04053B3F5005F04D100F44C43B3F54C4F6D
S315080080D007D0B0F5804F04D380F04000C0F380107D
S315080080E070470020704700F01800102805D0A0F14E
S315080080F0180358425841C0007047042070470123AE
S3150800810000F00700834013F0220F09D113F0880FFF
S3150800811008D113F0440F14BF01200020C000704797
S31508008120042070471020704708B54307024608D058
S31508008130FFF7D9FF12F0180F0CBF05300630C0B292
S3150800814008BDFF20FCE7416AD0E90E23994209D110
S31508008150017F012906D0531E026893420ED343625B
S31508008160C3637047016A914207D1027F2AB1426808
S315080081700133934205D203628363704701890B4436
S31508008180EBE701895B1AF4E7037F022B06D0083375
S3150800819050F82330C0E90A3302230377D3E710B532
S315080081A0C38802895C1C944297BF02680620D35C88
S315080081B00B709FBFC3880133C380002010BD13B561
S315080081C00C460DF10701FFF7EAFF28B99DF80730BD
S315080081D023B1012B04D1237002B010BD0346FAE780
S315080081E00620F9E713B50C460DF10701FFF7D7FF8F
S315080081F010B99DF80730237002B010BD10B5C388BA
S3150800820002899C1C94420BD80268D4186478D35C03
S3150800821043EA04230B80C3880233C380002010BDC1
S315080082200620FCE770B5C4880389221D9A4211D836
S3150800823005682A19937856782C5D1B04D27843EA88
S315080082400623234343EA02630B60C3880433C380CF
S31508008250002070BD0620FCE770B5C288038902F1CC
S3150800826008049C421CD80568AC18A3786678AA5CF2
S315080082701B0443EA06231343E278657943EA02635B
S31508008280227942EA0522A579E47942EA054242EAD8
S315080082900462C1E90032C3880833C380002070BD78
S315080082A00620FCE7F0B50024C288036807899E18F3
S315080082B02346BF1A9F42C3EBC30E12D0052B10D01C
S315080082C016F803C001330CF07F0505FA0EF51CF00D
S315080082D0800F44EA0504EDD11A44C28000200C60E0
S315080082E000E00620F0BD30B5C4880389A5189D4274
S315080082F0D7BF036806201B190B60DFBFC388D218D7
S31508008300C280002030BDF7B50E460DF106010546C0
S315080083101446FFF773FF40B9BDF8067031463A4672
S315080083202846FFF7E0FF00B9278003B0F0BD1C28F8
S315080083302ED8DFE800F00F3011132D1517192D2D43
S315080083402D2D1B1D1F212D2D2D272D2D2D25232DA3
S315080083502D292B00002070470E2070470B207047F0
S315080083600C20704709207047032070470220704789
S315080083700420704711207047122070471320704759
S31508008380142070471620704717207047182070472A
S3150800839000F5804070470120704713B504460DF17B
S315080083A007018030FFF70BFF50B92368DA6A4AB134
S315080083B093F84A209DF8071061F3000283F84A20D3
S315080083C002B010BD0D20FBE7F7B5044600250127CE
S315080083D000F18006B4F88620B4F888309A4204D1B1
S315080083E00020C4F8A05003B0F0BD30460DF10701D7
S315080083F0FFF7D5FE0028F6D19DF807301F2B03D8C6
S3150800840007FA03F31D43E5E70720ECE700F1A401AB
S315080084108030F3E60C207047002307B580300DF155
S3150800842007018DF80730FFF7DDFE18B99DF807201C
S31508008430024B1A7003B05DF804FB00BF603E0020D3
S3150800844007B580300DF10701FFF7CCFE002808BFFD
S315080084500C2003B05DF804FB07B580300DF106016A
S31508008460FFF7CCFE002808BF0C2003B05DF804FB1C
S31508008470FEE7FEE737B5002300220446CDE90023D0
S31508008480FFF7E3FC6946054604F18000FFF7E4FEC2
S3150800849060B9DDE90032AB4272F1000108D35B1B1B
S315080084A062F10002C4F87039C4F8742903B030BD0B
S315080084B00720FBE7F0B504460C260020013A824265
S315080084C00DD870430A1809588B4215BF0023D2E904
S315080084D00101C4E90033C4E900012046F0BD1518BE
S315080084E06D0806FB05F7CF599F422CBF2A46681C24
S315080084F0E5E710B590F85219044601F655110144FE
S315080085008030FFF75CFE50B9226894F85239D26A77
S3150800851032B11C4494F85529024B83F8202110BD2A
S315080085200D20FCE70810002013B504460DF10601DE
S315080085308030FFF763FE50B92368DA6A4AB1BDF89E
S315080085400620B3F84010914201D0A3F8402002B0AB
S3150800855010BD0D20FBE7FEE7BFF34F8F0549064B1D
S31508008560CA6802F4E0621343CB60BFF34F8F00BFC3
S31508008570FDE700BF00ED00E00400FA05F8B5044683
S315080085800127124D0CB314F001000BD0002024F083
S31508008590010405EBC0021668002EF3D05168C0B27C
S315080085A0B047EFE72246013020284FEA520201D0B1
S315080085B0D307F8D507FA00F20F2824EA0204E8D907
S315080085C0421E05EBC2021038E5E7F8BD2C11002063
S315080085D0074BD3F82404D3F8202403F5005310409E
S315080085E000F0553020F05020C3F82004C6E700BF3D
S315080085F000C00350074BD3F82404D3F8202403F50E
S315080086000053104000F0AA3020F0A020C3F8200440
S31508008610B4E700BF00C003502DE9F041194B1F6DA8
S315080086205B6D1F4000D5FEE701260025164CDFF8D6
S31508008630608037421CD0C8F850602368C3B1A1686F
S31508008640284601316268A1609847637B012B0FD1E8
S3150800865070B90E4B03EB451393F8A02260F3410261
S3150800866083F8A02293F8B02260F3410283F8B0227F
S315080086700135082D4FEA460604F11004D9D1BDE8A4
S31508008680F08100BF000004501C12002008100020D2
S315080086900020045010B5416C4369A1F11404DA1C9A
S315080086A0B2FBF4F203EBC2000330B0FBF4F0B1F511
S315080086B0805F00F1010002D1012828BF01200130A6
S315080086C010BD73B506460D460024F36B01225B699F
S315080086D001A928199847019B013309D1736C043401
S315080086E062196A405B421A42EFD0204602B070BD5A
S315080086F00024FAE72DE9F341154690F842201E4674
S31508008700012A0CBF022304235D43CF7D2C1D84461A
S3150800871005F00205BFB915B1012724F0030448681E
S3150800872008342044DCF83C30012A5B6927D101A9CA
S31508008730984717B1BDF806300193BDF80430336089
S3150800874002B0BDE8F08155B124F0030400230D7E84
S3150800875001F1200ED8B2854203D80020E2E72F4661
S31508008760F4E73EF8330003F10108A04204D901EB0F
S31508008770C303D8690834D4E74346241AEAE7012232
S31508008780314602B0BDE8F0411847D01E009B424270
S315080087904241187E824212D11A688A420FD85A6814
S315080087A08A420CD35A6901325A61D3E903028242DA
S315080087B005D2986840F822101A6901321A61012018
S315080087C0704700234FF0FF3142689A4202D80023CF
S315080087D003727047026842F83310026802EBC3025C
S315080087E051600133F0E7002370B546689E4210D009
S315080087F00568DC0055F83320B2F1FF3F0AD0C2F312
S315080088001302914206D14FF0FF322A5103682344DE
S315080088105A6070BD0133E9E710B5032A029C07D1F7
S31508008820A26A5340626C5242134201D1FFF7DBFF42
S31508008830012010BD0023F0B545689D4202D14FF0D6
S31508008840FF300EE00468DE0054F83340671C09D098
S31508008850C4F31307B94205D1240D147003683344D1
S315080088605868F0BD0133E8E773B5164600F1080409
S315080088700D46204609680DF10702FFF7DBFF032EB8
S3150800888005D16B68834202D12046FFF7ACFF012071
S3150800889002B070BD2DE9F0414668002E3AD0056851
S315080088A098464FF0000CAE4655F83C40C4F3130703
S315080088B0013401D0B94222D00CF1010CB4450EF1B5
S315080088C0080EF1D100273C4603E0B44207F1080739
S315080088D01DD055F8343001340133F6D16FEA013131
S315080088E06FEA1131E9510168CB59C3F3130343EA1F
S315080088F00853CB5103683B445A60BDE8F08141EA0E
S315080089000851CEF80010036803EBCC03F4E7B8F17E
S31508008910030F03D101230372BDE8F08100273C460B
S3150800892003E0B44207F10807F4D055F834300134AF
S31508008930C3F3075CBCF1030FF3D11B0D1B050B43F7
S31508008940EB51D0E708B508301346D1E90012FFF716
S31508008950A1FF012008BD4FF48032064B00209A661D
S3150800896041F6713203F51C33DA63012203F500532D
S31508008970DA6070470090005041F671320121064BCB
S31508008980DA6303F50052D1600022DA634FF48032CD
S31508008990A3F518339A66704700000350704737B539
S315080089A0054601F10C04436901A9012220469847AE
S315080089B0BDF804300122009369462046AB69984702
S315080089C003B030BD202A0B681EBF4FF0FF3191401F
S315080089D08B43590801F055315B1A03F033319B0874
S315080089E003F033330B44017803EB13130A444FF0B7
S315080089F0013103F00F334B43A2EB13620270704749
S31508008A0037B5044600251B22011D0DF107008DF818
S31508008A100750FFF7D7FF63689DF80720B2EBD36FBF
S31508008A2003D123F0784003B030BD1B2204F10801BE
S31508008A308DF80750FFF7C6FFA0689DF80730B3EB1F
S31508008A40D06F0ABFC0434FF0FF3020F07840EAE706
S31508008A502DE9F0430646994689B0036908460F464C
S31508008A60904698470446002867D1D9F804305B0A2F
S31508008A70012B22464FEA530304F10104F8D899F86A
S31508008A80035099F802302D03DB0203F4006305F462
S31508008A9080551D43B9F800304FF00009C3F30A03A7
S31508008AA052032B4492B29D18294B0DF107001B2245
S31508008AB028F0784402A9039302948DF80790FFF7EB
S31508008AC081FF9DF807306FEA054544EAC3640494BC
S31508008AD06FEA08041B2224F0784402A902948DF850
S31508008AE00790FFF76FFF9DF807306FEA154544EAD0
S31508008AF0C3644FF0FF3301220594069307A9B369AF
S31508008B00079507F11000984701220446B36905A99D
S31508008B1007F1080098470122484518BF0446B3697B
S31508008B2004A9381D98470122484518BF0446B36969
S31508008B30384603A9984728B1044639463046FFF710
S31508008B402EFF01E0002CF8D1204609B0BDE8F083DD
S31508008B5001009AB2034B5A6812B19A6A002AFAD1EE
S31508008B60704700BF00400650F8B5EFF31187302371
S31508008B7083F311881A4D1B4E13F026F9A869D6F807
S31508008B8094432B6CDB0703D513F01EF9A86901344F
S31508008B9087F31188BFF36F8F134B8342134BA3419F
S31508008BA01DD3D6F89823D2B14FF47A73A0FB0301EC
S31508008BB003FB0411531E13420DD1B2FA82F2C2F11D
S31508008BC01F04531CD243E04001FA03F3184321FA69
S31508008BD002F21043F8BD002311F07EFBFAE7FEE728
S31508008BE000800A5008100020EFA7C64B37894100BD
S31508008BF007B50A4600B9FEE7037F03B1FEE7074B50
S31508008C0001900093416801234FF0FF3012F054F8A9
S31508008C1000B1FEE703B05DF804FB00BF5FC30108BF
S31508008C204FF0FF3012F016BA00B9FEE741684FF070
S31508008C30FF3012F051B837B505460DF10601803000
S31508008C40FFF7DCFA044680B92B68DB6A83B1BDF806
S31508008C50060008F0C3F983B2092B0BD8064B03EBC1
S31508008C60800080F89E43A0F89C43204603B030BDA0
S31508008C700D24FAE70A24F8E7081000202DE9F34145
S31508008C80044601A98030FFF70DFB60BB0346064684
S31508008C900125DDF804E0154991F80880B8F1000FC0
S31508008CA019D00A68964516D1A3F12002C3F1200609
S31508008CB025FA06F605FA02F2324305FA03FCD4E968
S31508008CC0307627EA0C0726EA0206C4E93076BEF1B2
S31508008CD0000F08D1464601331F2B01F10C01DBD1E9
S31508008CE0002E08BF072002B0BDE8F081BCCD010800
S31508008CF02DE9F341044601A98030FFF7D3FA98BB62
S31508008D00034605464FF0010CDDF804E0184991F8D2
S31508008D100880B8F1000F1FD00A6896451CD1D4E91F
S31508008D203076A3F12002C3F120052CFA05F50CFADA
S31508008D3002F22A430CFA03F52F431643C4E93076A8
S31508008D40D4E92E7627EA050726EA0206C4E92E762E
S31508008D50BEF1000F08D1454601331F2B01F10C0166
S31508008D60D5D1002D08BF072002B0BDE8F08100BFAD
S31508008D70BCCD0108002373B500F18006044601A99D
S31508008D8030468DF80330FFF74DFA0546A0B9B4F81A
S31508008D908620B4F888309A422BD030460DF103016C
S31508008DA0FFF70DFA002839D122689DF80300019BC8
S31508008DB0D16AF0B119B90D25284602B070BDD2F8AE
S31508008DC09010994238BFC2F89030128F9206F3D5A8
S31508008DD0EFF31181302282F31188114AD2F8C803C1
S31508008DE0984238BFC2F8C83381F31188BFF36F8F32
S31508008DF0E2E72368019AD96A0029DCD0C3F89020F3
S31508008E001B8F9B06D8D5EFF31183302181F3118888
S31508008E100349C1F8C82383F31188E7E70546CBE77A
S31508008E200810002010B5044644EA010313F00303B2
S31508008E30084609D1934201D1002010BD54F82310E9
S31508008E4040F823100133F5E72146920011F054FE4D
S31508008E50F2E710B58388032B12D9006808F05EFA8A
S31508008E6080F480720446C2F30021FFF7F9F848B986
S31508008E708A1CC4F38123022B06D0032B17D02BB1EF
S31508008E80FF2212E00A1DF4E70232D2B22046FFF7AB
S31508008E9016F908B10232D2B2C4F38134022C08D0D2
S31508008EA0032C09D0002C18BFFF22104610BD08322B
S31508008EB0EBE70232D2B2F8E70832FBE710B583884F
S31508008EC00446022B07D9006808F033FA18B1204681
S31508008ED0BDE81040BDE7FF2010BD70B50546FFF799
S31508008EE0B8FFFF28044611D02E68304608F021FA4C
S31508008EF060B1A9888C420BDA305DFFF715F9FF28B7
S31508008F0008D00444E4B2A142B8BFFF24204670BD8D
S31508008F10FF24FBE70446F9E770B50C46064690B110
S31508008F2089B10A4D95F804340BB108F0DDF9D5F886
S31508008F300C3443B122463146D5F80804984710B98F
S31508008F40012385F80434204670BD00BF08100020B0
S31508008F5070B504460E46E588134682880068AA421C
S31508008F6034BFA91A00211044324609F073FF0028BD
S31508008F7000DAFEE7A388E288184480B2904228BF48
S31508008F802368A08022BF9B18002203F8012C2046E4
S31508008F9070BD0EB417B5044605AA52F8041B019213
S31508008FA0FFF7D6FF204603B0BDE8104003B0704770
S31508008FB00FB44FF41603F0B50024ADB032AD55F832
S31508008FC0047B4322194906AE04A805930395049623
S31508008FD08DF81840FFF7DDFF2346154A12F8011BE6
S31508008FE009B99BB202E001330E2BF7D1114A124997
S31508008FF01344009304A8A2F109030E22FFF7C9FF40
S315080090002A46394604A8FFF7A3FF0C4A0C4904A8C8
S31508009010FFF7BFFF334610210120094A07F0A2FED9
S315080090202DB0BDE8F04004B0704700BF60C4010829
S3150800903030CF010839CF010866C4010820CA0108E3
S3150800904040C801082DE9F04183880D46232B904638
S315080090509CB056D90668346824F04003802B02D0A9
S31508009060B4F5807F4DD101271C22002115A811F0E7
S3150800907024FB274BE40844F000541393331D0A934A
S315080090800B970C94234C01AB0AAA07CA83E807007E
S315080090900D950DAA0E9704AD0F9407CA85E807002B
S315080090A0CDF8408010AA1197129407AC07CA84E835
S315080090B0070014935A68012A24D15D60214613A833
S315080090C013F0AAF9316813A8C90813F07CF910211E
S315080090D013A813F078F94FF480620F4B9A66BFF322
S315080090E04F8F13A813F078F94FF098435A6CD202B1
S315080090F0FCD54FF480615B6D084A13F4702F9166B6
S3150800910002D0FEE75B68D5E71CB0BDE8F08100BF7A
S3150800911000010004100000200090005000A000503C
S3150800912010B5436804464BB1007807F0A9FC20B98E
S31508009130A37C022B01D00223A37410BD0D20FCE7EB
S31508009140002313B5044601A980300193FFF7AAF856
S31508009150B0B923689DF80420D96A81B183F828201C
S315080091602368DA6A62B194F85229144494F84E29AD
S3150800917032B103F1280002B0BDE81040D0E70D2057
S3150800918002B010BD10B58378044603F0FB03032B29
S315080091901ED102888369D20604D4987907F070FC38
S315080091A000B1FEE7A378A069042B1CBF0423A370B3
S315080091B008F0A8FF0D2809D1A26953693BB100231D
S315080091C05361A2691361A06908F09CFF00B1FEE72C
S315080091D010BD07F0D1BF012B08B50DD0022B15D055
S315080091E0D3B98A4237BF4368511A5B1A01683CBF34
S315080091F0521AD11888B208BD8A4289BF4368891AAB
S315080092009B1A026884BF891AC918F3E7C721034B5A
S31508009210034A044809F02EFA0021EBE76FC4010857
S3150800922075C40108CFC401080368006D93F82810B7
S3150800923007F096BD044B006D93F82414490001F01D
S31508009240FE0107F08DBD00BF081000203221006D19
S3150800925007F086BDAF21006D07F082BDF8B505465B
S315080092600E460024012707FA04F3334204D10134D9
S31508009270202CF8D10020F8BD286DE1B207F070FD6A
S315080092800028F4D0F7E7D0F8A010E7E70049E5E7AB
S3150800929000F8FF070049E1E700F8FF070368D96A05
S315080092A041B190F85239034493F95419013118BF62
S315080092B001214900006D07F053BD0121006D07F03B
S315080092C04FBD0021006D07F04BBD0421006D07F06E
S315080092D047BD90F8C810006D07F042BD10B50446AA
S315080092E007F0D0FEC1B2206DBDE8104007F038BDCA
S315080092F09C21006D07F034BD0221006D07F030BDDA
S3150800930070B5164A86B002AC5168054626461068FE
S31508009310224604AB03C3124B124913F801098B42C8
S3150800932002F8010BF9D10822204604A912F06AFBBB
S3150800933060B90D4B9A6CDB6CCDE900236A4623466F
S3150800934013F8011D934204F8011BF9D1082231468E
S31508009350286D07F097FC06B070BD00BF68C5010808
S315080093600900E00F0100E00F0080E00F0168082205
S31508009370006D423107F086BC0368006DD96A003972
S3150800938018BF012107F07CBC90F85239034493F8C2
S315080093904E19006D07F074BC90F85239034493F8DF
S315080093A05519006D07F06CBC002337B505460DF15D
S315080093B0070180308DF80730FEF7F1FE044660B9E4
S315080093C09DF8073023B1013B012B09D9072404E096
S315080093D02B68DB6A4BB107F099FA204603B030BD1B
S315080093E02B68DB6A0BB10120F5E70D24F5E773B5A9
S315080093F005460DF106018030FEF700FF044640B928
S315080094002D68EB6A43B1BDF80660304607F0DCFA12
S315080094106E85204602B070BD0D24FAE7002337B5E5
S3150800942004460DF1070180308DF80730FEF7C7FEB8
S3150800943070B923689DF80750DA6A22B155B103F16D
S315080094402800FFF76DFE94F852391C4484F84E59EB
S3150800945003B030BD07F040FBF5E713B504460DF140
S3150800946006018030FEF7CAFE50B92368DB6A33B1BD
S31508009470BDF8060002B0BDE8104007F0C9BD0D20D2
S3150800948002B010BD37B503680446DB6A0BB3282261
S315080094900021114811F011F904F18005B4F888305B
S315080094A0B4F886209B1A9BB2012B01D800200EE047
S315080094B028460DF10601FEF7A1FE40B92368BDF85E
S315080094C00600DB6A2BB107F0A3FD0028E6D003B03F
S315080094D030BD0D20FBE700BFA413002037B50546B5
S315080094E00DF106018030FEF789FE044670B92B6837
S315080094F0BDF80610DA6A42B1D987064B0246D3F898
S31508009500280411F03BFE08B1FEE70D24204603B0FF
S3150800951030BD00BF081000202DE9F04FDFF8FC82AF
S31508009520A24AB8F82C34A248B3F5406F4FEA132183
S3150800953038BF02EB8102C5B0FFF73AFDB8F82C1424
S315080095409C4B0A0A03EB8203D3F8A032CAB203EB98
S3150800955082029948FFF72CFD0123B8F82C24120A39
S31508009560934040F2A172134276D0944C9448D4E9C1
S315080095700D325F0748BF0025D4E9121B4EBF2F46A0
S31508009580276D8B46D4F83CA05DBF8E4D9246DFF81A
S315080095909092DFF8909213F0080F8B4B8B4918BF07
S315080095A01946EE1B1FBF6422730802FB0B33B3FB7D
S315080095B0F6F31ABF9BB2039303963B464A46CDE998
S315080095C0005AB6B2FFF7F4FC4B46039A8048009659
S315080095D01FFA8BF1FFF7ECFC554501D3574503D924
S315080095E049467C48FFF7E4FCD4E917321343626E18
S315080095F0134335D17848FFF7DBFC40F60522B8F867
S315080096002C3493420ED8B3F5206F45D840F2025257
S3150800961093424FD040F20172934253D040F2015226
S31508009620934243D00024FC22214605A804942646EA
S3150800963011F043F8DFF8F0B1604FDFF8F081DFF89A
S31508009640F091DFF8F0A19BF80030002B40F0118173
S3150800965014B104A8FFF7ACFC002045B0BDE8F08FB4
S315080096605E48FFF7A5FC00264FF0010A534FDFF8C6
S31508009670C8910025FA6D0AFA05F3134203D0484645
S315080096807119FFF795FC0135202DF3D12036602E90
S3150800969007F10407EDD1B0E7A3F60223032B17D889
S315080096A0DFE813F02D005500CC00E5004C48FFF725
S315080096B07FFCB7E74B48FFF77BFC216C4A48FFF76E
S315080096C077FCAFE74948D4E92512FFF771FCA9E70B
S315080096D04748FFF76DFC94F86C309E0702D545485D
S315080096E0FFF766FC94F86F305D0602D54248FFF72F
S315080096F05FFC94F96F30002B94DA4048D7E740486E
S31508009700FFF756FC94F86830980703D0216C364862
S31508009710FFF74EFC94F96830002B03DA616F39487D
S31508009720FFF746FC00250126374FDFF8E880A26ED2
S3150800973006FA05F3134206D057F825100B7813B12D
S315080097404046FFF735FC0135082DF0D16AE72F486A
S31508009750FFF72EFC216C2448FFF72AFC94F86930A1
S31508009760590702D52A48FFF723FC94F96930002BDC
S3150800977003DA616F2348FFF71BFC0825224E254FA5
S31508009780A36EEB40DA0706D556F825100B7813B109
S315080097903846FFF70DFC0135102DF1D194F86830E5
S315080097A0002B7FF43FAF1C4881E700BF48CF010874
S315080097B090C50108A4CD0108A6C50108603D002092
S315080097C0C6C50108081000207EC5010885C5010820
S315080097D0F7C5010830C601084EC6010863C6010868
S315080097E096C60108D3C6010803C701081DC70108A4
S315080097F038C7010850C701088AC70108BDC701084C
S31508009800F9C701081EC8010874D0010843C8010831
S315080098105AC801083BC80108A0C80108081000205A
S3150800982079C5010871C5010878CF01088DC50108F9
S3150800983020CA01080AC9010892C601081E48FFF78E
S31508009840B7FB216C1D48FFF7B3FB10251C4E1D4FB7
S31508009850A36EEB40DB0706D556F825100B7813B137
S315080098603846FFF7A5FB01351A2DF1D1DAE6164879
S3150800987021E706F00302032A14BF43464B46019329
S3150800988057F8043B04A8009352465B464FF4807190
S31508009890204409F0EDFA1BF8013B002BFBD1721CA2
S315080098A012F00305D6B203D02044C5B22C46CAE648
S315080098B004A8FFF77DFBF9E7D0C8010803C701082C
S315080098C074D001083BC80108E9C801081F4C07B550
S315080098D094F82E3403B9FEE70023694604F586603A
S315080098E0CDE9003308F07AFDF0B9194AD2F84031CB
S315080098F0D2F840211F2B4FF0010310D9203A93408C
S31508009900019A1A43019294F864341BB169461148C6
S3150800991008F09CFD104B114A1A60FEF71DFE934095
S31508009920009A1A430092EEE72D28F3D1084AD2F896
S315080099304031D2F840211F2B4FF0010385BF203A52
S3150800994093409340019398BF0093DCE708100020EA
S315080099500080004438140020000000200B020FF09D
S3150800996008B52A4B83F30A884FF48041284B294AC5
S315080099709A60D3F8882042F47002C3F88820264AF1
S3150800998091664FF0FF31254A116625495166022135
S31508009990C3F8D010BFF34F8FBFF36F8F01214FF479
S315080099A04034A3F54063C3F880110020D46006F064
S315080099B0DDFB1C4B1C481C611C4BC01A801006F0B2
S315080099C097FF1B4B1B498B4212D300201A4B1B498E
S315080099D08B4218D3FEF7D0F9186850F82240586819
S315080099E040F82240013298688242F5D30C33EAE700
S315080099F00022F8E71C6844F8220001325C68A2429B
S31508009A00F8D30833E4E70022F8E700BF080000208F
S31508009A1000ED00E0006000080090005000A000443F
S31508009A20F7FF370000800044E06100088061000805
S31508009A305C43020868430208684302086843020850
S31508009A402DE9F74F89464FF480314FEA820A394AA1
S31508009A50394C9166E269804602EA010341F67132A1
S31508009A6001210093E263354A8346D16057464A4648
S31508009A7077B939460122324BDA60009B13B10022CE
S31508009A802D4BDA634B1C3FD0002948D071203CE0AF
S31508009A900BF5005525F4FF5525F01F05C4F814B03D
S31508009AA0A5EB0B05E169BD4228BF3D46490733D4FE
S31508009AB0164656F8041B2A44A161964212D104227E
S31508009AC000212120226112F0C7FC01460028D1D1CD
S31508009AD0212012F0C1FC01460028CBD13246AB4406
S31508009AE07F1BC5E708210846019212F0B5FC019ACA
S31508009AF070B1042301222361114BDA60009B0BB17C
S31508009B000023E3630130C1D16E2003B0BDE8F08FB6
S31508009B1056F8041BA161D0E74FF0FF31AAE7524679
S31508009B204946404611F06EFF002814BF3D2000202C
S31508009B30EBE700BF009000500000035000100350F0
S31508009B40002003504FF480322DE9F843214B4FF0A3
S31508009B5001089A6641F671331F4E0446F769F363A6
S31508009B601E4B0021C3F80C8002237061212033614B
S31508009B70174012F071FCDFF86C90054648B1C9F839
S31508009B800C800FB10023F36301350DD16E20BDE8BB
S31508009B90F8830146212012F05FFCC9F80C8007B152
S31508009BA0F563431CF2D008B17120F0E70C4B9A68B4
S31508009BB001230A3202F01F02934023F003032344D1
S31508009BC09C4201D10020E2E754F8042B0132F7D079
S31508009BD03E20DCE7009000500000035000100350C0
S31508009BE00080E00F00200350094A091A891030B591
S31508009BF051430346002224258A4205FB023005D03C
S31508009C000BB1046A04B130BD0132F5E70020FAE76A
S31508009C10398EE33870B50D460668EFF311823021A8
S31508009C2081F311880021046A016282F31188BFF367
S31508009C306F8F002C00DC70BD3046013CA847F8E762
S31508009C40022011F007BF38B50568044675B12B68C0
S31508009C50012B06D1064BD3F8280403F2A44111F0D0
S31508009C603BF8284606F032FB0023236038BD00BFC8
S31508009C7008100020034670B5F8B10668022E1CD1FC
S31508009C800E4C5A7904F2BC4000EB82009A798AB1EC
S31508009C901D79FFF7D8FF94F818316DB26BB194F8B7
S31508009CA08A302846022B18BF84F88A60BDE87040BF
S31508009CB006F066BEBDE87040C5E770BD0810002016
S31508009CC038B51446002A39D0D168936801391C4D35
S31508009CD09942D5F828044FF0FF3118BF002111F03A
S31508009CE00DF810F5007F0CD180232374A368E26871
S31508009CF001339A42A3600FD92046BDE8384006F0E2
S31508009D0075BE002894F91030B8BF033040F38700B9
S31508009D108342B8BF2074E9E794F91030237102230F
S31508009D202360A37913B12046FFF7A4FFD5F82804CA
S31508009D300022BDE83840802111F0B8B838BD00BF10
S31508009D400810002008B5074BD3F8280411F078F856
S31508009D5030B1054BB3FBF0F083B20BB1184608BD22
S31508009D600120FCE70810002040420F001FB5FF2322
S31508009D708DF804300023CDE90233064B014601AACB
S31508009D80D3F8280410F0B6FF003818BF012005B034
S31508009D905DF804FB08100020F8B506462C4D33681C
S31508009DA00C46D5F828041BB3972111F0DDF90246B5
S31508009DB000B1FEE73168D5F8280409F0F1FA00B1D8
S31508009DC0FEE73168D5F8280411F023F83179814285
S31508009DD000D0FEE7D5F8280409F088FC00B1FEE7B4
S31508009DE00122D5F82804114611F0F2F920B1FEE750
S31508009DF009F06CFF00B1FEE70322D5F828041146E6
S31508009E0011F0D6F97F2C20D0D5F8280411F078F86F
S31508009E10032814D104EB84046400D5F828740A21B5
S31508009E20384611F06FF84FF4E161384611F06CF8D6
S31508009E302146D5F8280409F071FC30B1FEE7D5F8BB
S31508009E40280409F087FC0446E7E7C5F8C064F8BDAE
S31508009E500810002038B50446164D11F00FFE237D74
S31508009E6095F8C8249A4223D895F8C9249A421FD34C
S31508009E70D5F8C03405F2C440834202D07F21FFF7EB
S31508009E808BFF8022D5F82804114611F00FF810B17F
S31508009E90012000230AE0207DFFF768FF0028F7D19C
S31508009EA0204606F0A3FD0028F2D10123236038BD21
S31508009EB02120EEE70810002000232DE9F74F04467D
S31508009EC00DF1070180308DF80730FEF768F9064670
S31508009ED028B99DF8073013B1022B04D00C2630465A
S31508009EE003B0BDE8F08F2768FB6A002BF7D094F81B
S31508009EF05229224492F95439013301D00D26EEE74E
S31508009F00D4F8A050002D54D06B1E2B4051D16D08AB
S31508009F10984603F10103FAD182F85489FB6AB4F82A
S31508009F20A490002BEAD097F83A30002BE6D0033BF2
S31508009F30042BE3D93B8F9B07D0D5DFF884A0DAF84A
S31508009F40BC3493BB4FF47A73182003FB09F906F067
S31508009F5069FD5FFA88F84FF0800BA0F814804FF07F
S31508009F6001080560457180F804B080F806808560B0
S31508009F700446FFF7E7FEC300B9EBC00F2CBFB9FBD9
S31508009F80F3F34346204684F810B0E360FFF762FF18
S31508009F9058B9CAF8BC4497F83A30052B1CBF0523B4
S31508009FA087F83A30044B7B6399E70448FFF74BFE82
S31508009FB0F1E7072693E700BF7DB30008C414002025
S31508009FC00810002008B5054B00EB80004100D3F8C7
S31508009FD0280409F0A3FB00B1FEE708BD081000201D
S31508009FE038B50F4B0C4693F8C824824215D893F817
S31508009FF0C924824211D303F2C445D3F8C034AB4214
S3150800A00004D10846FFF7DEFF002038BD07F032F816
S3150800A01021462846FFF7C0FEF6E70720F5E700BF0A
S3150800A02008100020002313B580300DF107018DF8C4
S3150800A0300730FEF7D7F8044640B99DF80720054BC8
S3150800A04083F8CC2406F0FAFCFFF7BCFF204602B0E2
S3150800A05010BD00BF0810002037B500F1800528465E
S3150800A0600DF10701FEF79BF80446B0B928460DF135
S3150800A0700601FEF7B7F8044678B99DF80720A2F15D
S3150800A0800B030F2B0CD8074B13449DF8062083F8B7
S3150800A090C22406F0D3FCFFF795FF204603B030BD77
S3150800A0A00724FAE70810002008B5302383F311883F
S3150800A0B04FF000534FF20F0218805A80BFF35F8F9C
S3150800A0C0FEF74AFA2DE9F0416D4A6E4B55686E4C1B
S3150800A0D05D65516A99656D49D1F80002D865D1F870
S3150800A0E004021866D1F80812586B5966916A10F07E
S3150800A0F0040F9966D16A4FF00000D966116B19678B
S3150800A100516B5967D26BD8649A67D3E90E1218BF98
S3150800A11011465F4A91421A655DD301F12000A042BB
S3150800A12059D88869C5F308051864CE69062D5E6492
S3150800A13055D1584DA84252D3574DA8424FD20588FB
S3150800A1404DF6426085424AD11868C3F894005868AB
S3150800A150C3F8980040F20170A242154604D22E6850
S3150800A1600432B6F1CD3FF7D00022C3E91F22C3E976
S3150800A1702122C3E92322641BDFF818C1424DDFF808
S3150800A18018E19C648D422DD8D3E91FC7D3E9216510
S3150800A190D3E923414FF0000E013AD2B2FF2A3BD150
S3150800A1A0BEF1000F05D0C3E91FC7C3E92165C3E99E
S3150800A1B02341B3F85430C3F308030C2B3AD8022BC7
S3150800A1C053D9DA1E092A50D8DFE802F030563F4242
S3150800A1D04F4F4F4F4F4C0021C3E910112C494FF4F4
S3150800A1E02060B9E755F8044D6445CBD37445C9D208
S3150800A1F0E607C7D50026294F57F8048FA045C1D0D2
S3150800A2000136062EF8D12AB1013AD2B203EB8206FC
S3150800A210F467B7E70522F9E7E0464FF0010EBC46BA
S3150800A22037462E4625460C464146B5E740F60120F8
S3150800A230BDE8F0813A2B18D1194B9B6913F0020F30
S3150800A24040F2025318BF1846F2E740F60320EFE73C
S3150800A25040F2017240F60423B0F5206F14BF104691
S3150800A2601846E5E740F60520E2E740F60722013BF7
S3150800A2705A2B98BF1046DBE740F60220D8E700BF06
S3150800A28000ED00E0603D00200810002000E100E03D
S3150800A29008000020E061000840C40108D83D0020FD
S3150800A2A00040005B084B03F59C62D2E8AF2FD2074B
S3150800A2B007D493F8E02422B9C3F8E424012283F8EA
S3150800A2C0E0240248704700BF08100020EC14002064
S3150800A2D01022002110F0F1B92DE9F04F00F18005A8
S3150800A2E093B006460DF109012846FDF758FF0446C6
S3150800A2F020B99DF80930082B04D00724204613B04E
S3150800A300BDE8F08F284602A9FDF749FF0446002854
S3150800A310F4D128460DF10A0205A9FDF7F4FF044613
S3150800A3200028EBD1BDF80A30102BE6D128460DF1EE
S3150800A3300A0204A9FDF7E7FF04460028DED1BDF8A6
S3150800A3400A30102BD9D128460DF10A0203A9FDF7C8
S3150800A350DAFF04460028D1D1BDF80A30102BCCD13B
S3150800A360DDE9035B059BD6F8009006AE30460AAFDA
S3150800A37001939DF808A00DF13808FFF7A9FF3846A4
S3150800A380FFF7A6FF4046FFF7A3FFD9F82C20002ABF
S3150800A39043D0B446019B03F1100E6246186859680B
S3150800A3A0083303C273459446F7D15B46BC460BF1A6
S3150800A3B0100E624618685968083303C273459446F6
S3150800A3C0F7D12B46454603F1100C2A4618685968FA
S3150800A3D0083303C263451546F7D196E80F0009F11D
S3150800A3E0600589F894A085E80F0097E80F0009F141
S3150800A3F0700585E80F0098E80F0009F1800585E8E3
S3150800A4000F00B9F838309B067FF578AF43463A46D1
S3150800A4103146504606F08AFA70E70D246EE770B5A5
S3150800A420134D05F59D63D3E8AF4F14F0010416D11B
S3150800A43095F8E8349BB9C5F8EC4405F59E663019DD
S3150800A4401034FFF745FFA02CF9D10B22094B013A2E
S3150800A450194603F1100304D1012385F8E8340648A8
S3150800A46070BDD5F8EC0443F8100CC5F8EC14EEE70B
S3150800A47008100020F8140020F41400202DE9F341F8
S3150800A48000F1800528460DF10201FDF7B7FE0446E6
S3150800A49090BB0822284601A9FDF725FF044658BBAC
S3150800A4A08DF801000DF101012846FDF778FE0446F6
S3150800A4B010BB9DF80130019FBDF80260C3F3C002CE
S3150800A4C003F0010103F00F08002F3BD019B913F070
S3150800A4D0060F00D14AB1FFF7E5FE0568DDB9FFF7BB
S3150800A4E09EFF0568E5B9032406E0FFF7DBFE026870
S3150800A4F02346154625B91724204602B0BDE8F08143
S3150800A500E988B14220D02B462D68F3E71A6802B3D2
S3150800A51012681A601DE0EB88B3420BD02D68DDE7A0
S3150800A5202B6803602846FFF7D3FEFFF7BBFE0368D8
S3150800A5302B60056085F80480EE803B68AB607B681D
S3150800A540EB60D9E70724D7E7002BDFD10AB11368F8
S3150800A5500360FFF764FF03682B600560CCE70A4ACF
S3150800A560B2F8903503B9FEE748F24E30D2F8943582
S3150800A570A3FB003010EB530044BF20F0004001302D
S3150800A580C2F89405704700BF08100020436853B905
S3150800A590054B5A6D12B9586540607047526842605B
S3150800A5A05A6D50605865704708100020D0F87C290D
S3150800A5B000F682139A4203D100F59D501030E5E764
S3150800A5C070472DE9F041936805460C4616469847AC
S3150800A5D03246074621462846FDF7F6FC286800223B
S3150800A5E003466BB16168D3F804E0A1EB070CAEEB48
S3150800A5F0070898EA0C0F14D4A1EB0E01002908DA13
S3150800A60052B9A0602C6031462846BDE8F041FDF7F6
S3150800A610C0BC1A469B68E4E79368A3609460BDE8EB
S3150800A620F081BCF1000FEAE7084B596E1A6F8A42AF
S3150800A63008BF996E02F1804204BF01319966044948
S3150800A6401A67A1F11400034ABBE700BF08100020EF
S3150800A65074100020A4CD01084160024A0146024850
S3150800A660AFE700BFB0CD0108641000200146024ADA
S3150800A6700248FDF7A9BC00BFB0CD01086410002050
S3150800A680002337B504460DF1070180308DF80730F1
S3150800A690FDF795FD0546C8B99DF807302468C3B986
S3150800A6A004F1BC00FFF7E2FF04F19800FFF7DEFFB4
S3150800A6B006F012FA40B9012011F0CCF920B194F84D
S3150800A6C03A300BB184F83A500023E362284603B0C7
S3150800A6D030BD94F83A3063B9012011F0BBF906F0A1
S3150800A6E0FBF940B994F83A30012B02D0012384F8DB
S3150800A6F03A30014BE9E7FEE723B9000838B50546C5
S3150800A7000C46FEF7DBFBFF2817BF2B6806201B5CF1
S3150800A71000201CBF03F00703237038BD38B5054673
S3150800A7200C46FEF7CBFBFF2817BF2B6806201B5CE1
S3150800A73000201CBF03F01803237038BD38B5054642
S3150800A7400C46FEF7BBFBFF281FBF431C2A68DBB27B
S3150800A750D3581ABF00202360062038BD38B50546F1
S3150800A7600C46FEF7ABFBFF2800D1FEE72A68431C20
S3150800A770D9B2545452FA83F3220A5A70220C240E80
S3150800A7809A70DC702B7F43F001032B7738BD70B5C8
S3150800A79006460D46FEF792FBFF28044609D03268A6
S3150800A7A0105CFDF7A0FC22440244002053792B706C
S3150800A7B070BD0620FCE770B506460D46FEF77EFB23
S3150800A7C0FF28044600D1FEE73268105CFDF78BFCD3
S3150800A7D022440244557170BD10B50446FEF76EFB5F
S3150800A7E0FF2806D02368185CFDF789FC0230C0B242
S3150800A7F010BD0220FCE7F8B50646FEF76EFBFF28FB
S3150800A80004462ED03768384606F088FD8305054687
S3150800A8101BD53046FFF7E0FFB188A21C93B210FAA9
S3150800A82082F28A4207EB04061DDC3A5D02F07F02DB
S3150800A83013449CB210FA83F3994214DB3288C2F3AC
S3150800A840C7127F2A01D09942E7DC3B7803F0070359
S3150800A850032B06D105F44055B5F5005F01D0013448
S3150800A860A4B2E0B2F8BDFF24FBE710B50446FFF733
S3150800A870C2FFFF2816BF23680020C01810BD10B5F8
S3150800A8800446FFF7F2FF2368C01AC0B210BD70B5C0
S3150800A89005468688FFF7F3FF04462846FFF79CFF20
S3150800A8A00444301B80B270BD10B50446006806F03B
S3150800A8B035FD830504D52046BDE81040FEF70DBBDF
S3150800A8C0FF2010BD01F1080313F8012D8B4200F893
S3150800A8D0012BF9D170471FB500230446082201A9A8
S3150800A8E080300193FDF7FFFC48B92368DB6A43B162
S3150800A8F002A80199FFF7E6FF02A806F03BFB04B0A1
S3150800A90010BD0D20FBE7F8B507680E46384606F079
S3150800A91005FD0546384606F003FD04462846FDF7BC
S3150800A9209FFB08B10234E4B2C5F38123022B12D08F
S3150800A930032B13D02846FDF7C2FB08B10234E4B254
S3150800A940FF2C06D0C5F38135022D09D0032D0DD075
S3150800A9504DB1062009E00234E4B2EBE70834FBE720
S3150800A96001253B5B338000203572F8BD3046391926
S3150800A970FFF7A8FF0225F6E71FB500230C4601A935
S3150800A9808DF80C30FFF7BFFF024638B99DF80C303A
S3150800A990012B06D0022B09D003B92072104604B049
S3150800A9A010BD2372BDF804302380F7E7237201AB8C
S3150800A9B003CB20606160F1E730B585B00546082213
S3150800A9C001A98030FDF78FFC044678B92B68DA6A4E
S3150800A9D07AB1019902A80A68C3F842204A68C3F8FE
S3150800A9E04620FFF76FFF02A805F0D8FF204605B0FE
S3150800A9F030BD0D24FAE730B503680446DB6A85B036
S3150800AA0023B32822002112480FF057FE04F18005CF
S3150800AA10B4F88830B4F886209B1A9BB2072B01D865
S3150800AA20002011E00822284601A9FDF75CFC58B968
S3150800AA3023680199DB6A4BB102A8FFF743FF02A816
S3150800AA4006F098FA0028E3D005B030BD0D20FBE7E4
S3150800AA50A015002030B585B00546082201A980302A
S3150800AA60FDF741FC0446A8B92B68DB6AABB101992E
S3150800AA7002A8FFF727FF02A806F058FA83B2092BA7
S3150800AA808FBF0A24064B03EB800080F89A4598BFCF
S3150800AA90A0F89845204605B030BD0D24FAE700BF5A
S3150800AAA00810002038B54FF6FE7300250446C3800B
S3150800AAB00381438A458003F0FE0343F4FE4343F0D3
S3150800AAC0010343820571C0F80A50C0F80E5045616B
S3150800AAD02830FFF7FDFB04F13800FFF7F9FB04F116
S3150800AAE04800FFF7F5FB04F16000A565A4F85C5083
S3150800AAF0FFF7BCFDC4E91D55A4F87050A4F86C50C6
S3150800AB0084F86E50E56704F18400BDE83840ADE589
S3150800AB1082698378516909B912692AB1072B01D06C
S3150800AB2007238370FEF72EBB032BFBD00323F8E71E
S3150800AB3010B5274C94F88A30033B042B46D8DFE837
S3150800AB4003F00308191503002248BDE81040FEF774
S3150800AB5019BBD4F8A030987905F092FFD4F8A00074
S3150800AB600E22BDE81040002106F0E9BB1948BDE8F1
S3150800AB701040CDE7B4F888309B0700D5FEE706F00D
S3150800AB8081FA7F2807D094F99B307F2B01D0984211
S3150800AB9001DD84F89B00FDF758F9D4F89C30C01AFB
S3150800ABA0002806DAD4F8EC100B488031BDE81040CE
S3150800ABB052E594F88A3094F99B00022B1CBF0223B5
S3150800ABC084F88A30BDE8104005F0DABE10BD00BF33
S3150800ABD00810002090100020F0100020838843B150
S3150800ABE003685A1C026019708388013B8380002021
S3150800ABF070470320704738B57E2905460C4600681D
S3150800AC000AD87C2903D801F0FD03112B06D18388C5
S3150800AC10012B15D8032038BDF829F7E72146FFF799
S3150800AC20DDFF0028F7D1AA880A4B5440E4B203EBAB
S3150800AC304403B3F83833002083EA1223AB80EAE7EB
S3150800AC407D21FFF7CBFF286884F02001FFF7C6FFB8
S3150800AC50E9E700BFA4CD0108036810B55A1E1146DE
S3150800AC6003628B4211D841620221017700210163F8
S3150800AC70A1F58031C0E90A33C0E90D13934207D81C
S3150800AC80C0E90F23C0E9113310BD04892144E8E760
S3150800AC9001890A44F2E7012B10B5044608460AD092
S3150800ACA0022B0FD01BB963681044834200D910BD2C
S3150800ACB02289801AF9E72368881A8342F7D92289F4
S3150800ACC01044FAE79C21024B024A034807F0D2FCDB
S3150800ACD06FC4010819C90108CFC401082DE9F04756
S3150800ACE090F8242012B90D20BDE8F087013A0568CE
S3150800ACF0D2B280F8242095F81C90B9F1020FF2D050
S3150800AD0000EBC204AB6AA6689E42ECD1D5F82CA02B
S3150800AD1031464B4652462846FEF75DFA6768804636
S3150800AD2031464B463A462846FEF755FA80450646CA
S3150800AD30D9D94B46524639462846FEF74CFA0128D9
S3150800AD40D1D90236464512DC841EA4B23C702B7F4C
S3150800AD50012239462846FFF79EFF240A0470014659
S3150800AD60012228462B7FFFF796FF0020BCE7072025
S3150800AD70BAE7134610B501220C78FFF78CFF037863
S3150800AD802402E01880B210BD2DE9F04F934B85B030
S3150800AD90D3F8C045261D04F58055216CA06A81426A
S3150800ADA009D1E26B636A9A4205D195F8A031022B64
S3150800ADB000F0AF8088E095F8A031012B7BD0022BFC
S3150800ADC000F0A780002BEAD194F8C82094F89830B0
S3150800ADD0012A01D1002B77D04FF6FF737E21D5F8D3
S3150800ADE08401A5F88831FFF7F9FE00286CD1216C9B
S3150800ADF0A26A94F83930914242D0002B49D094F88F
S3150800AE003830304604EB8303DB6BC4E9113306F0B4
S3150800AE1027F8012385F8A03194F83920032A62D04F
S3150800AE20002A40F09680216CA36A94F898B099425B
S3150800AE3000F09380012284F8382094F838800B2794
S3150800AE4004EB880ADAF83C90DAF82430494600938D
S3150800AE50009B994240F087803046CAF83C10FDF7BF
S3150800AE6072F9002384F839304FF6FF73A7696387B0
S3150800AE70002F42D0334642464946E069B8473CE08F
S3150800AE80E16B626A9142C4D0002BB8D184F838309D
S3150800AE90B5E70123FAE7E16C94F8383030460F78C5
S3150800AEA0FFF7F9FEA36CE064984202D1304605F03C
S3150800AEB0D7FF85F8A17104F58C5095F8A1110430D7
S3150800AEC0FFF799FE0028A7D0D4F87C5904F682101B
S3150800AED02D1AA9B200297ED0D4F878399847ADB290
S3150800AEE0A84278D0FEE7A26A236C94F898B09A42F2
S3150800AEF0A3D1626AE36B9A429FD1BBF1000F05D0DA
S3150800AF0094F8983013B9012385F8AC33022385F8F1
S3150800AF10A031D5F88431B5F888910DF1080893E881
S3150800AF20030088E803006FEA090104F58C57043723
S3150800AF301FFA81FA3846C9B2FFF75DFE98B3D5F80D
S3150800AF4084310298B8F8042018609A80A5F8889188
S3150800AF50BAE7012A9FD00027ABE7E16B636A9942FB
S3150800AF607FF469AFC9E7424630460191FFF701FF12
S3150800AF7010F4004F019902D089457FF46DAFC0F3F4
S3150800AF800D00821C43463046FFF785FE013F17F049
S3150800AF90FF0701467FF45CAF40F24531104B114A7A
S3150800AFA0114807F067FB38464FEA1A21FFF723FED8
S3150800AFB00028C4D17E21D5F88401FFF70FFE0028AA
S3150800AFC0BDD195F8AC3385F8A001002B3FF4E5AE6A
S3150800AFD085F8AC03E1E605B0BDE8F08F081000205F
S3150800AFE06CC9010888C90108CFC40108F8B5047FEF
S3150800AFF00546022C0E4605D1E6210E4B0E4A0F4891
S3150800B00007F038FB2346B4FA84F4C76A01223946A6
S3150800B010FFF741FE6409083455F82430834203D00B
S3150800B0203E70E8620020F8BD2846FDF7ADF803201B
S3150800B030F9E700BFB5C90108D1C90108CFC401089D
S3150800B04070B5D0E90A239A4205461DD1037F00212F
S3150800B050083350F82360B31A5E425E41FFF7C6FF15
S3150800B060F603044670B901462846FFF7BFFF0446B3
S3150800B07040B9A96A360A2B7F012228460E70FFF7C7
S3150800B0800AFE0470204670BD0024FBE738B5037F2E
S3150800B0900446022B0D4607D0FFF7D2FF28B92946EA
S3150800B0A02046BDE83840A1E70D2038BD38B504462E
S3150800B0B00D460068C9B2FFF7E9FF20B92068290ADA
S3150800B0C0BDE83840E2E738BD50F8503B598DEDE70A
S3150800B0D050F8503BD98FE9E7B0F8A4105030E5E7AF
S3150800B0E038B504460D460068C9B2FFF7CFFF80B9E8
S3150800B0F02068C5F30721FFF7C9FF50B92068C5F3D3
S3150800B1000741FFF7C3FF20B92068290EBDE838407C
S3150800B110BCE738BD036893F8283093B10A2B08D8E2
S3150800B1204FF4FA62534303F55C2101F5346150305C
S3150800B130D6E7192B07D841F28832044902FB0311D6
S3150800B140F5E70349F3E70021F1E700BFB0DB230089
S3150800B150CC3F0D0070B590F824500446032D1DD839
S3150800B1600668337F022B19D03046FFF769FFA0B96E
S3150800B170F36A04EBC5056B60B36A0146AB602068E9
S3150800B180FFF784FF48B901462068FFF77FFF20B91B
S3150800B19094F82430013384F8243070BD0D20FCE780
S3150800B1A02DE9F041044694F82460002E34D1246831
S3150800B1B094F81C80B8F1020F39D0A76A434639467D
S3150800B1C02046E26AFEF707F8012805462DD94246C9
S3150800B1D039462046FFF7CDFD023DC5F30D05284348
S3150800B1E085B2C0F307204346387001223946204607
S3150800B1F0FFF751FD0570E36AA362227FA06A04EB9C
S3150800B2008203196A21631862E56815B12346206925
S3150800B210A8470223237705E02046FFF75FFD064689
S3150800B2200028C0D03046BDE8F081E762E5E70D2684
S3150800B230F8E770B5D1B20446006816461D46FFF712
S3150800B24025FF30BB2068C6F30721FFF71FFF00BBA9
S3150800B2502068C6F30741FFF719FFD0B92068310EF9
S3150800B260FFF714FFA8B92068E9B2FFF70FFF80B906
S3150800B2702068C5F30721FFF709FF50B92068C5F311
S3150800B2800741FFF703FF20B92068290EBDE8704083
S3150800B290FCE670BD00F51763D3E900235030C8E714
S3150800B2A07F290B46F7B51ED9B1F5804F1DD3B1F5E9
S3150800B2B0001F1CD3B1F1805F2CBF052204226E4605
S3150800B2C000243146571EBC42DDB212D104F10803F0
S3150800B2D00DEB030405F07F0504F8085C006805F02B
S3150800B2E0D1FC03B0F0BD0122E9E70222E7E7032219
S3150800B2F0E5E765F07F0506F8015BDB090134E2E75F
S3150800B3002DE9F04111F00F0804460E4617461D4672
S3150800B310006828D0002384F82430FCF735FF012381
S3150800B3200377436AC0E90A333146206805F018FDF9
S3150800B33010BB39462046FFF7B3FFE8B92668337FC6
S3150800B340022B18D03046FFF77BFEA8B9F36A2946C8
S3150800B350A362B36A2046E36294F8243084F8253061
S3150800B360BDE8F0419CE784F82480FCF70DFF036AEA
S3150800B37080F81C80D6E70D20BDE8F081F8B51A4B99
S3150800B3800E46D3F8C055FF232C4695F9547985F80F
S3150800B390543954F8500B2830FDF7C2FE39230622DB
S3150800B3A080212046FFF7ACFFE8B9286DF9B205F011
S3150800B3B0D7FCC0B9286DF1B205F0D2FC98B9204681
S3150800B3C0FFF7EEFE78B98021302306222046FFF7E4
S3150800B3D097FF014638B9286D05F0C2FC18B9204612
S3150800B3E0BDE8F840DCE6F8BD081000202DE9F04776
S3150800B3F00568044695F81C900E46B9F1020F25D04B
S3150800B400AB6AD0F82C80984523D14B464146EA6A68
S3150800B4102846FDF7E0FED4F828A007464B465246D4
S3150800B42041462846FDF7D7FE874212D9C5F82CA013
S3150800B43094F825300021204684F82430FFF730FFA1
S3150800B44028B931462046BDE8F04729E70D20BDE872
S3150800B450F0870720FBE702215030C7E7024B006D53
S3150800B460197805F07DBC00BF603E002010B5064B7C
S3150800B4700446D3F8280408F06DF9C1B2206DBDE87A
S3150800B480104005F06DBC00BF08100020024608B544
S3150800B4900C20FCF74CFFBDE80840014602F15000BD
S3150800B4A0A4E7024608B50C20FCF741FFBDE80840B2
S3150800B4B0014602F1500099E738B511F0300F00F156
S3150800B4C0500408BFC0F89C201546002306222046D3
S3150800B4D0FFF716FF40B929462046FFF7E1FE18B9DF
S3150800B4E02046BDE838405BE638BD2DE9F7430446FB
S3150800B4F00D4691461E466846134618492A22FCF709
S3150800B500D9FFDDE900782FB918F0010F02D1DEB9AD
S3150800B51032461AE004F150064B46062229463046C2
S3150800B520FFF7EEFEB8B918F0010F4FEA680318BF27
S3150800B530E35804EB680018BFDF59B84758B93046D6
S3150800B54003B0BDE8F0432BE60D222946204603B09A
S3150800B550BDE8F043B0E703B0BDE8F083DCD20108EC
S3150800B56070B50446002694F8D25894F8D338AB42FE
S3150800B57001D1002033E005F58D7504EBC50213797A
S3150800B580590616D404EBC5052B796FF386132B7170
S3150800B59094F8D2380133DBB20F2B84F8D238E2D1D3
S3150800B5A094F8D33884F8D2680E2B20D884F8D33888
S3150800B5B0D9E7C3F30100C3F38301537941EA0011C4
S3150800B5C0926803F0030361F07F01022BC9B2C2F34C
S3150800B5D0170205D12046FFF76FFF0028D2D070BDAD
S3150800B5E0B3FA83F320465B09FFF77FFFF5E70F3BC6
S3150800B5F0DBB2D9E72DE9F047D0E92E3213430446EA
S3150800B6001ED000254FF00109334FDFF8D0A0C5F151
S3150800B6102001D4E92E30A5F12002EB4000FA01F111
S3150800B6200B4320FA02F2134313F0010FC5F1200869
S3150800B630A5F1200609D101351F2D07F10C07E6D122
S3150800B640012384F86839BDE8F0873A68002A39D1B9
S3150800B6507B68772B14D1DAF8C435D9070ED4580687
S3150800B66028D413F0180F27D1990727D49A0627D478
S3150800B67040F2847213420CBF0722062202F17003BD
S3150800B6801A4680212046FFF717FF0028D8D1D4E9AB
S3150800B6902E3209FA06F629FA08F846EA080609FAD9
S3150800B6A005F123EA010322EA0602C4E92E3213430E
S3150800B6B0C1D1C5E70222E1E70822DFE70122DDE77B
S3150800B6C00322DBE794F86839002BE0D001238021B8
S3150800B6D02046FFF70AFFD8E7BCCD0108081000206E
S3150800B6E010B590F89830044633B1D0F8CC3099426A
S3150800B6F004BF002380F898302046FFF731FFC0B911
S3150800B70094F8D01089B101230C222046FFF7EDFEEC
S3150800B71078B994F8C83084F8D000042B1FBF636B3F
S3150800B720C4F8CC30012384F898302046BDE8104090
S3150800B73060E710BD014BD3F8C0055BE70810002091
S3150800B740D0F89C105030ABE510B500F15004042138
S3150800B7502046FFF7A5FD20B92046BDE81040032185
S3150800B7609EE510BD032150309AE50021503097E53B
S3150800B77010B500F1500405212046FFF791FD70BB76
S3150800B7800C212046FFF78CFD48BB18212046FFF701
S3150800B79087FD20BB22212046FFF782FDF8B940F23B
S3150800B7A001212046FFF77CFDC8B940212046FFF756
S3150800B7B077FDA0B941212046FFF772FD78B94221ED
S3150800B7C02046FFF76DFD50B943212046FFF768FD77
S3150800B7D028B92046BDE8104040F2062160E510BDB4
S3150800B7E00B2150305CE50421503059E52DE9F8432A
S3150800B7F0064617460C4600F15005D9B1AAB9B1F864
S3150800B8000480D1F8009028464146FFF74FFC10B156
S3150800B8100120BDE8F88342464946306D05F032FA04
S3150800B8200028F5D194F915100AE000212846FFF7FB
S3150800B8303DFCF5E72846FFF739FC0028E8D1214604
S3150800B840306DC9B205F08CFA0028E1D18021306D3F
S3150800B85005F086FA0028DBD1002C5BD0E37D03F0E7
S3150800B86001019B074FEA011101D541F02001284645
S3150800B870FFF71CFC0028CBD12846FFF76BFC0146D6
S3150800B8800028C5D104B1A179306D05F069FA0146E1
S3150800B8900028BDD104B1A17D306D05F061FA0028FC
S3150800B8A0B6D1002C38D0D4E902232846FFF7C1FCCC
S3150800B8B00028ADD12846FFF711FA0028A8D1284656
S3150800B8C0FFF748FC0028A3D139462846FFF7E8FCCD
S3150800B8D000289DD12846FFF701FA002898D1284666
S3150800B8E0FFF738FC0146002892D104B1217D306D5E
S3150800B8F005F036FA00288BD18CB121692846FFF766
S3150800B900EFFB002884D12846FFF7E8F9003818BF6E
S3150800B91001207EE72146AAE700220023C5E7214643
S3150800B920ECE7F8B50C4B0C46D3F8C075154607F18D
S3150800B93050067123062280213046FFF7E1FC48B9FC
S3150800B9402A4621463846FFF751FF18B93046BDE862
S3150800B950F84025E4F8BD00BF081000202DE9F74F90
S3150800B9601F46334B0D46D3F8C045164694F853196F
S3150800B97000293CD041F0800B82B3106805F0CEFC5C
S3150800B980C0F3001A002395F81C9004F1500806220B
S3150800B9905946404684F8533909F00109FFF7B0FCC7
S3150800B9A028BB3846FCF7C3FC01464046FFF778FC3F
S3150800B9B0E8B95146206D05F063F9C0B94946206DCE
S3150800B9C005F05EF998B95FB1286805F0B2FC88B948
S3150800B9D0404603B0BDE8F04FFFF7E2BB9246D1E719
S3150800B9E03A4631462046FFF701FF0028ECD003B05F
S3150800B9F0BDE8F08FB9F1000FEAD028460DF1030132
S3150800BA00FEF7C5FE0028F2D1284601A9FEF796FEE4
S3150800BA100028ECD19DF80310206D05F0A1F9002847
S3150800BA20E5D140460199FFF75BFB0028D0D0DEE759
S3150800BA300810002050F8503B198F41F034012FE4CC
S3150800BA4038B5044608460D460FF0C0F84FF6FF73A2
S3150800BA50984228BF1846294682B2206805F012F98E
S3150800BA60014620B92068BDE83840FFF70FBB38BD4E
S3150800BA7001495030E4E700BFD4D40108002330B5AB
S3150800BA80174A146824BB5468A14221D1C3F1200483
S3150800BA90D0E90225A3F1200105FA04F4DA4022438D
S3150800BAA025FA01F10A4312F0010FC3F12004A3F1AC
S3150800BAB020020CD1012121FA04F401FA02F22243F0
S3150800BAC09940D0E900430C431343C0E9004330BD15
S3150800BAD00133DBB21F2B02F10C02D2D1F7E700BF0C
S3150800BAE0BCCD01082DE9F8430C4614F00F0E194693
S3150800BAF0164604F00F0306D1022A02D1B830FFF722
S3150800BB00BDFF00200CE090F8D35890F8D2C8A5EBFA
S3150800BB100C020E2A06DDB8300E21FFF7AFFF032010
S3150800BB20BDE8F883C4F30112841894F8D148904606
S3150800BB3074453BD12C460E2C3CD804F58D7442F046
S3150800BB40400200EBC40442EA830242EA0622A388C2
S3150800BB5022F08002920523F45F7323F00303920D0B
S3150800BB601A43A368013561F31703A280A36080F81E
S3150800BB70D358C6E70F3CE4B20E2CFBD804F58D74F7
S3150800BB8000EBC404277917F0400F0BD007F0030920
S3150800BB90C84507D1C7F38309F14503D16FF3861763
S3150800BBA02771C7E70CF1010C5FFA8CFC6545C1D912
S3150800BBB06446E1E70F3CE4B2BDE71346022291E78B
S3150800BBC01FB54FF000639B6A03F17842B2F5C04F88
S3150800BBD004D340F2011005B05DF804FB1B6B03F1BA
S3150800BBE07843B3F5C04FF4D201238DF8043000230F
S3150800BBF001A8CDE9023304F0B8FF039BDB03E8D5BF
S3150800BC00029B1A0EE5D0012A03D1C3F307430A2B78
S3150800BC10DFD94FF000639B6A1B6B1B6C9847DAE70A
S3150800BC2010B5EFF3108472B64FF0FF300FF012FA2A
S3150800BC30094BD3F8C825C3F8C805824282BFD3F892
S3150800BC40CC250132C3F8CC25D3F8CC1503462046BB
S3150800BC5010F0B1FB184610BD0810002030B500F1F1
S3150800BC60800585B0284602A9FCF7F6FA044638BBD3
S3150800BC70284601A9FCF7D6FA044608BB28460DF162
S3150800BC800301FCF78CFA0446D0B9FFF7C9FFDDE9D2
S3150800BC9002320D46984275EB020110D2191A6FF05E
S3150800BCA0010362EB05028B4274EB020207D3019A89
S3150800BCB09DF8030005B0BDE8304005F01BBA07241F
S3150800BCC0204605B030BD10B50446FFF7A9FF024669
S3150800BCD00B4604F15000BDE81040FFF7AABA2DE95B
S3150800BCE0F04F9402804617469946EFB040F1DE823F
S3150800BCF0FCF7C0F8444C01900CA9D4F828040FF0BE
S3150800BD0073F9BDF832C0BCF1020F40F2CF824EADD6
S3150800BD100CAE0FCE0FC53368BCF1270F2B600AD9BE
S3150800BD202723BDF83420ADF83A31262A82BFADF86C
S3150800BD303C3100235193D4F828044EAA2EA90FF0BB
S3150800BD405AF99DF83A61002E00F0B0820E9B0DF16B
S3150800BD50B9001B781A900093ADF86C300DF23913C0
S3150800BD60249305F0DBFA00F44050B0F5005F94F830
S3150800BD70205140F02F8406A91AA8FEF7FDFD55B1FB
S3150800BD809DF820503DB1022D1ED106A805F0CEF82B
S3150800BD90C543C5F3C0359DF8203094F830B6012B5D
S3150800BDA094F931661CD1FEF77DFABDF81820D0F853
S3150800BDB000A0BAF1000F0CD1D4F84036002B3AD0C7
S3150800BDC04FF0000BDA46EAE1BDF8180005F006F96F
S3150800BDD0DEE7BAF80610914218D0DAF800A0E8E7CC
S3150800BDE0022BE9D1FEF75EFAD0F800A0BAF1000FEF
S3150800BDF0E2D0082206A90AEB02000FF003FE28B1DA
S3150800BE00DAF800A0F2E700BF081000209AF804C08C
S3150800BE10D4F840161CF0020FCCF38002CCF3400095
S3150800BE2040F07E81002A40F090811CF0080F40F017
S3150800BE307E810029C4D1002684F83E66222200218C
S3150800BE4011A80EF03AFC00230DF1B9008DF82C303C
S3150800BE508DF809308DF80A3005F060FA00F4405381
S3150800BE60B3F5005F044640F02182A00640F11E8229
S3150800BE700DF1B90005F054FA01462046FCF7F0F832
S3150800BE8001EB4001C9B2FF2900F01082C4F38124F6
S3150800BE90022C00F0E581032C00F0EE819DF82C3091
S3150800BEA0002B00F00382012BBDF8242004D14FF6A5
S3150800BEB0FF739A4200F0FA810DF152011AA8FEF7B3
S3150800BEC022FD002840F0F2819DF85AB0BBF1000F20
S3150800BED000F0EC810DF1B90005F02BFA002840F0CE
S3150800BEE0D3810DF1B90005F019FA0446FCF7E7F815
S3150800BEF001462046FCF7B4F88246002900F0CC82B9
S3150800BF000DF1B90005F00CFABAF1000F01D00230B4
S3150800BF10C0B2C4F38124022C00F0B982032C00F0CD
S3150800BF20B982FF2800F0C28100F5DC730DEB03002F
S3150800BF3030F8FF3CADF85E3001238DF861309DF88E
S3150800BF406E302022002126A88DF896300EF0B5FB1B
S3150800BF50C04B9DF8092011939DF80A308DF8622090
S3150800BF608DF863309DF85030012B00F09D82022B2E
S3150800BF700CBF03240024BBF1010F4FEA843400F000
S3150800BF809582BBF1020F14BF44F4005444F43054B4
S3150800BF90003A18BF012244F0020444EAC204002B06
S3150800BFA040F087829DF86130002B00F08F829DF863
S3150800BFB0653004A8D9079DF8653048BF44F48074F5
S3150800BFC0C3F3400344EA4324249B214604934FF4D5
S3150800BFD0FE03059304F085FFE20503D4012104A8B6
S3150800BFE0FBF7CCFF2046FCF73BF820B1BDF85E1006
S3150800BFF004A804F076FF04A80DF1520104F07CFFB2
S3150800C0002046FCF75CF820B1BDF85C1004A804F0E3
S3150800C01068FF12A904A804F06FFFBDF814309DF854
S3150800C02062B0ADF89430BBF1000F17D09DF86330BD
S3150800C03001224BEA030B0DF10B0104A88DF80BB096
S3150800C04004F03FFF5846FCF76FF8411E89B204A872
S3150800C050FBF794FF5846FCF752F883469DF865307F
S3150800C0609B0710D5022104A8FBF788FF0D2304219E
S3150800C0704370017004A8FBF781FF9DF8AC3043F0CC
S3150800C08008038DF8AC30A005BDF844300ED5032B57
S3150800C09003D09DF86530590716D4022104A8FBF78A
S3150800C0A06DFF6FF07F0303703F234370BDF8443084
S3150800C0B0032B09D19DF8643001220DF10B0104A868
S3150800C0C08DF80B3004F0FDFE0BF1020189B204A8CD
S3150800C0D0FBF754FF249CBDF814302046ADF8943085
S3150800C0E005F01CF9002D00F0F48140F0100080B234
S3150800C0F02070000A6070249C204605F00FF9002E77
S3150800C10000F0EA8140F4007080B22070000A607086
S3150800C1100DF1B90005F002F9C20540F1E081FEE72C
S3150800C1208DF80CB082B91CF0080F32D0012282209B
S3150800C1308236C6EB0626B6FBF0F603AB02F1010B18
S3150800C1409E54C9B19A462AE0012094F84826B21AA4
S3150800C15052B2002A16DB7F2E08BF00224FF0820E4D
S3150800C160C2EB0222B2FBFEF20DF10C0C0CF8002019
S3150800C17050B14FF0020B09BB00260DF10C0A84F8EA
S3150800C1803E663EE00022E9E79AF8043013F0080F0D
S3150800C190CBE74FF0010B0029EED00DF10C0A11A9DF
S3150800C1A01AA8FEF7E9FB28B99DF84C20012A07D002
S3150800C1B0022A47D0002684F83E661AE0E246EEE7F1
S3150800C1C04FF6FD71B4F834268A42F3D8BDF8441008
S3150800C1D09142EFD1012284F83E26B4F84926062674
S3150800C1E022F4FF4242F45062A4F84926042284F855
S3150800C1F04926BAF1000F3FF421AEBBF1000F3FF418
S3150800C2001DAEB4F84926514622F4FF42A4F8492641
S3150800C2100BF1040284F849269B2284F84B26B8229F
S3150800C22084F84C26EA2284F84D26002284F84E2605
S3150800C2305A46B34408480BF1060B0EF05DFC5FFA4C
S3150800C2408BF6FBE50822054911A80FF0DBFB002851
S3150800C250B0D1BFE702000020571600203E16002086
S3150800C26001F5DC730DEB030131F8FF3CADF8243022
S3150800C27001238DF82C3011E60DF1B903194409A8EC
S3150800C280FEF720FB0223F4E70DF109011AA8FEF7D1
S3150800C29035FA58B99DF80930052B07D10DF10A0171
S3150800C2A01AA8FEF73BFA00283FF41BAEFD0107F07B
S3150800C2B0807240F1D48100200FF036FC20200FF068
S3150800C2C0C9FB07F400510446002800F0D98121B1C2
S3150800C2D001214FF400400FF0A5FB17F4404F06D09C
S3150800C2E0002148F220000FF09DFB0FF0C7FB3C072A
S3150800C2F040F18A80B24C0321D4F828042EAA0EF005
S3150800C30071FE0146002800F0FF819DF8B830072B22
S3150800C31040F0FA81D4F828044EAA0EF068FE0028E8
S3150800C32040F0F281BDF8BA50309B05F1010A1B783E
S3150800C3301FFA8AFA534540F0E781EB1E7B2B00F281
S3150800C340E3812EA810F010F8002840F0DD81BDF832
S3150800C350BC30002B40F0AC81319B1E789DF84531EE
S3150800C360002B00F0A78106F00703022B40F0CC81D2
S3150800C370D4F8D015D4F828042EAA0EF03CFEA4F85A
S3150800C380D4A50FF08BFB002839D0D4F89C34D4F808
S3150800C390D0251B6892789B789A4230D19DF83E3119
S3150800C3A0002B00F0B1810235D4F828044EA9ADF867
S3150800C3B03C510EF01EFE0546002840F0A5819DF86A
S3150800C3C04631012084F8E5359DF847314E9984F8C1
S3150800C3D0E6357C4BC4F8F8350FF066FC01214FF4BE
S3150800C3E080700FF01FFB784829460FF01BFB0FF0F3
S3150800C3F089FB20B1F00644BF012384F8A0340FF06E
S3150800C40081FB08B904F030FEBA0102D501200FF00D
S3150800C4108BFB17F0084F03D0002104200FF002FB16
S3150800C420BB0705D508200FF015FB08B10FF046FB32
S3150800C43019F4807F1FD040464EAA2EA90EF033FC71
S3150800C4409DF8B830BBB1614800210FF0EBFA042023
S3150800C4500FF000FB18B1002104200FF0E3FAFDF7F6
S3150800C460EFFB18B14FF400700FF05CFD0FF099FF69
S3150800C47008B10FF023FB19F4007F00F0B281002207
S3150800C480404611466FB0BDE8F04F07F095B9023047
S3150800C490C0B246E50830FBE700283FF450AD0DF181
S3150800C4A0B90004F03DFF3CE5022464E544F4205459
S3150800C4B06EE5022B03D1BBF1020F3FF473ADBDF855
S3150800C4C05C20BDF85E309A427FF471AD44F04004BA
S3150800C4D06DE520F010000AE620F4007014E6249CAE
S3150800C4E0204604F01BFFC30500D5FEE79DF8BB30C8
S3150800C4F00DF1B900A37004F01CFF58B104A91AA8DD
S3150800C500FEF745F900287FF4D1AE9DF8101024A84F
S3150800C510FEF751F96EB124A8FEF7C6F9249C3246F7
S3150800C5202B4920440EF0E8FABDF894303344ADF8B0
S3150800C5309430234BBDF8320093F83E2692B1B3F8F7
S3150800C5404046009B4001C0EB4310019B00F5F0708C
S3150800C550184404F0CDFA064624A804F0E7FA08B110
S3150800C56084804680249804F0E4FE28B124A805F0C7
S3150800C570F7FB00287FF49AAE0CA80FF0F5FE00280A
S3150800C5807FF494AEDDE90E43BDF834202498002AE2
S3150800C59008BF1C4604F0CDFE18B1237843F0040307
S3150800C5A023701DB1237863F07F032370BDF89420B0
S3150800C5B040464EA98DF838210EF02DFE76E600BFCE
S3150800C5C008100020581000200A0001006000010031
S3150800C5D051160020012E17D1FDB140464EA90EF086
S3150800C5E017FE68B99DF84031032B2CD14EA804F0EC
S3150800C5F09DFC0028FFF65AAE40460EF007FE80B1B5
S3150800C60002283FF453AEFEE7002DE6D19DF8B93077
S3150800C61003F00703012B3FF449AE40460EF0F6FD42
S3150800C620C8B90CA80FF0A0FE00287FF43FAEDDE9DC
S3150800C6300E32BDF83410002908BF13461A7862F086
S3150800C6407F021A7032E6022B7FF430AEBDF838014D
S3150800C65004F0C4FCCDE702283FF428AED3E709F07E
S3150800C66002031A4304D04FF400700FF05BFC25E672
S3150800C67007F0A8421A433FF421AE4FF48050F4E77E
S3150800C68049B101214FF480300FF0CCF92146402002
S3150800C6900FF0C8F92BE609F020030B433FF427AE49
S3150800C6A040200FF0BFF94FF400600FF03BFC1EE688
S3150800C6B0309B52E694F8243413B9BAF1040F23D008
S3150800C6C09DF83E3103B30235D4F828044EA9ADF8D7
S3150800C6D03C510EF08EFCB8B9EFF3108072B6B4F880
S3150800C6E05E26B4F860360FF066FE9A420CD0EFF379
S3150800C6F01183302282F31188D4F8AC56691C08D10C
S3150800C70083F31188BFF36F8F0025284604F048FA93
S3150800C7107AE6294651F80C2BC4F8AC2683F311881F
S3150800C720BFF36F8FD4F828042EAA0EF064FC85F8A0
S3150800C73000A0BDF84C312C486B709DF94631EB7062
S3150800C7409DF84731AB704E9B6860AB60EFF3108A7B
S3150800C75072B6B4F85E26B4F86016B4F85C368A4247
S3150800C76016D21344B3FBF1F001FB1033013204EB8C
S3150800C7708303C3F86856A4F85E2650460FF01BFEDE
S3150800C78016F0200623D0012104200FF04BF93BE6D2
S3150800C790D4F864265AB104EB8303D3F8681600F27A
S3150800C7A00C60904718B950460FF005FEADE7B4F88F
S3150800C7B05C3604EB8302C2F86856B4F86026013387
S3150800C7C0B3FBF2F102FB1133A4F85C36D5E794F813
S3150800C7D0A034002B3FF418AE04F046FC84F8A0649D
S3150800C7E012E66FB0BDE8F08F5810002008B528B1E2
S3150800C7F0417800780FF08CFB002008BD2220FCE76A
S3150800C80008B528B14178007804F0E6F9002008BD9B
S3150800C8102220FCE70B4B93F8B82662B107280CD800
S3150800C82003EB001393F820324BB10123064A8340E9
S3150800C8301364002070470548704705487047054847
S3150800C840704700BF0810002000100450028000F056
S3150800C850018000F0078000F00B4B93F8B82662B110
S3150800C86007280CD803EB001393F820324BB10123A9
S3150800C870064A8340136400207047054870470548F8
S3150800C88070470548704700BF081000200020045074
S3150800C890028000F0018000F0078000F010B5EFF389
S3150800C8A01184302383F3118800220E490B7B73B958
S3150800C8B00D49026001EB02120121C2F8143282F816
S3150800C8C0201284F31188BFF36F8F184610BD01320A
S3150800C8D0082A01F11001E9D184F31188BFF36F8F9B
S3150800C8E00248F3E71C12002008100020048000F01C
S3150800C8F038B505460C46FBF7CDFE6B6CA3F1140262
S3150800C900B3F5805F02FB00F005D140F6E87369696C
S3150800C910994288BFCC30E31DB3FBF2F3013304EB35
S3150800C920C304204438BD38B5054644692146FFF797
S3150800C930DFFF6A6CE31D143AB3FBF2F3AA691444E9
S3150800C94004EBC3040C34204438BD03460846EFF311
S3150800C950108172B6024ADB6BC2F8BC16DB68184750
S3150800C960081000202DE9F0410646406882B0C0B1A3
S3150800C9700F4690460024336853F8345003EBC4033B
S3150800C980C5F30752C5F31301013504F1010406D0B6
S3150800C9905B683046CDF80080B84710B170688442AD
S3150800C9A0E9D302B0BDE8F081036813F07E0F03D126
S3150800C9B0406820F07C40704713F078001CBF03F0F5
S3150800C9C07F03D81F704738B5202204460D460C3021
S3150800C9D000210DF072FE4FF0FF33C4E90035A36065
S3150800C9E038BD4BF29A2210B503680446B2EB134FD2
S3150800C9F013D19BB2012B15D1FCF702F8013011D0E7
S3150800CA004FF6FF72E068B2EB104F4FEA10430BD1B6
S3150800CA1080B2C01A18BF012010BD013314BF04200C
S3150800CA200320F9E70420F7E70220F5E7F0B5054605
S3150800CA30002687B0EC69013CB44203D80C46204670
S3150800CA4007B0F0BD01B14C1E6F6C2868EB6B052270
S3150800CA505B6901A907FB0400984701A8FFF7C1FF16
S3150800CA600128ECD921460136E4E7F0B50368064605
S3150800CA70CC1A436C0025B4FBF3F487B0F369376826
S3150800CA805A1E9542706C06D3736C306803FB04001B
S3150800CA90143007B0F0BD0134B4FBF3F203FB1244C3
S3150800CAA0F36B05225B6901A900FB0470984701A88E
S3150800CAB0FFF797FF0128E7D90135DFE710B423F020
S3150800CAC0030422449B070A44436C18BF04325B42A2
S3150800CAD082EA0104234202D05DF8044BC5E71046FA
S3150800CAE05DF8044B70472DE9F04F144606460F468D
S3150800CAF08BB00393C36B01225B6907A960689847EB
S3150800CB00F36B01225B69384606A99847079B5D1CAB
S3150800CB1007D10022A360A275627500200BB0BDE89C
S3150800CB20F08F0122A2750022217E069D04EBC10129
S3150800CB30CF610A846068C5F3D31CB84205F07F014B
S3150800CB400CD14FF0FF33C4F800C02175A360237DD4
S3150800CB50043B022B26D80023A375DEE794F814E0DD
S3150800CB6020688E4503D1A0EB0C004242424103F0F7
S3150800CB707F0001288CBF0020012001298CBF0021DD
S3150800CB800121884218BF002215F07E0FA27503F016
S3150800CB907E0304D1002BDAD00023A375D7E7002B38
S3150800CBA0D5D1F9E715F07E0F0FD1F36B022238467F
S3150800CBB05B6908A9984708A8FFF7F6FE237D032BAB
S3150800CBC051D8DFE803F0150F045906A8F4E7CC227C
S3150800CBD0237E04EBC3031A8401236A4A134493F899
S3150800CBE074370AE0237E04EBC30318840023F4E7B2
S3150800CBF0237E04EBC30318840123149A1370069A40
S3150800CC0012F07E084FEAD26A227E37D104EBC202BE
S3150800CC100AF0030582F82250F36BB2F820905B699C
S3150800CC20022208A93846984720220DF117000DEB75
S3150800CC3002018DF81780FBF7C5FE1A2209A9FBF732
S3150800CC40C1FE9DF81730099A4FF0080BB3EB926FA7
S3150800CC500CBF012300236375637D33BB0023A375D3
S3150800CC604FF0000852E0227E013BDBB204EBC20221
S3150800CC70052B1084C0D8B0E70223AEE7002504EBE5
S3150800CC80C202B2F8209082F8225006A91B2208A8F0
S3150800CC908DF82050FBF796FE9DF820204FF0040BE8
S3150800CCA0A2EB0A0253425341D5E794F81680B8F12D
S3150800CCB0000FD5D0B9F1000F09D1E5B10123E3750D
S3150800CCC0637E002B36D1012D29D1657615E0736C6C
S3150800CCD007EB0B025B4287EA02010B421CBF0023EB
S3150800CCE0A375736C591E0A409B1A4B45B6D3A37D90
S3150800CCF0002BE2D1B4E7E37D43B94FF000084B4679
S3150800CD005A4639463046FFF7D9FEA060A27D237EF3
S3150800CD10BAB9012B33D801332376A07DFEE696F8FF
S3150800CD20343063B9F36A0133E9D1032DE7D101231E
S3150800CD30A376E2E7012DE9D0032DDED1F7E7984681
S3150800CD40DDE72269012B4A44226118D8013323768C
S3150800CD50039B002BE1D0E37D002BDED0B8F1000F5A
S3150800CD60DBD1032DD9D0A1684B1CD6D0149B224603
S3150800CD70009330460123FFF7B6FEA075CDE70023E2
S3150800CD80A375CAE7A4CD010813B50C460021217680
S3150800CD900093616813462246FFF7A5FE18B1E37DA6
S3150800CDA003B1A07EA075A07D02B010BD2DE9F743A2
S3150800CDB0044616461F460D46DFF87480816AE36A04
S3150800CDC08B421ED04B1C1CD0DFF860904846FFF7FC
S3150800CDD0FAFD0122494620460DF10703FFF7D4FF65
S3150800CDE030B13B4620469DF807201049B04740B170
S3150800CDF0D8F8C8164A1C07D0012D0DD0E36A994207
S3150800CE00E4D103B0BDE8F083D8F8C4162046FFF78E
S3150800CE102CFE012D0146D2D1D8F8C43681EA030288
S3150800CE20636C5B421A42ECD1C9E700BFC816002002
S3150800CE30081000202DE9F041D0E90A369E42044642
S3150800CE4086B028D11422C369456802FB13552846C3
S3150800CE5006B0BDE8F0812068676C331AB3FBF7F3B8
S3150800CE60E26B07FB0300D2F8148001A90522C0472C
S3150800CE7001A8FFF7B6FD012804D0636C1D44013BE9
S3150800CE803340ED1A31462046FFF7EFFD0646A36A02
S3150800CE90B342E0D1DBE70025F9E72DE9F04F0F466D
S3150800CEA09A46002389B004464FF0FF311046904653
S3150800CEB08DF80B30FFF787FDB7F5801F20D239466E
S3150800CEC003AA04F10800FBF7B5FC451C014605D189
S3150800CED0237CBBB92D2009B0BDE8F08F4046FFF78B
S3150800CEE072FD0122414620460DF10B03FFF74CFF68
S3150800CEF00028EDD09DF80B308AF800300020EAE7CC
S3150800CF00B81CE5D1E66A711C2CD12046616AFFF788
S3150800CF108DFD0646BB1C18BF0123DFF8C4B000937D
S3150800CF20636A626C0193236803A902FB0639E36B03
S3150800CF30484605225B6909F11409984700254946C0
S3150800CF404B1C05D0636C81EA09025B4213420FD081
S3150800CF5031462046FFF76AFD019BB3422FD085BBB9
S3150800CF600646DDE72368F61A636CB6FBF3F6D1E7E7
S3150800CF701A48FFF728FD2046009A18490DF10B03B9
S3150800CF80FFF702FF8446B8B1BA1C03D0DBF8EC36CB
S3150800CF90BB4211D145469DF80B30DFF840E08AF8D0
S3150800CFA00030BEE80F000FC5BEE80F000FC59EE8AB
S3150800CFB0070085E807006546DBF8F416C0E7002D8C
S3150800CFC088D0B7F5801F99D239469AF80030D8F834
S3150800CFD0042004F10800FBF75DFC8FE7F416002037
S3150800CFE00810002073B50D46D11E4A421C461B7E0A
S3150800CFF04A419A4229D129682368994225D3636808
S3150800D000994222D8124E0DF1070306F5E362FFF79F
S3150800D01044FFD0B9D6F81C276B689A4215D19DF8FB
S3150800D0200730DA1E53425341227E93420DD163697B
S3150800D03001336361D4E90323934206D22968A268BF
S3150800D04042F82310236901332361012002B070BD21
S3150800D0500810002070B50025044686B00562E3690D
S3150800D060AB4202D8206A06B070BD666C2068E36BD6
S3150800D07005225B6906FB050001A9984701A8FFF789
S3150800D080B0FC012898BF236A05F101059CBF01334E
S3150800D0902362E4E738B50446456C006804F14003AA
S3150800D0A005FB0101E06BFBF7D3FC05462046FFF7BD
S3150800D0B0D1FF284638BD2DE9F04100254FF0FF384D
S3150800D0C04FF6FF73044647462E46C0E9085386B016
S3150800D0D0E369B3420DD8A5EB0805012D06D94FF62D
S3150800D0E0FF7300256362E369AB4223D806B0BDE847
S3150800D0F0F081E26B2368606CD2F814C000FB06303E
S3150800D100052201A9E04701A8FFF76BFC01280FD803
S3150800D11001A8FBF775FC874288BF6662804528BF71
S3150800D1208046854238BF05460746236A013323628F
S3150800D1300136CDE7666C2068E36B06FB0500052221
S3150800D1405B6901A998470135CDE72DE9F04F97B0FE
S3150800D150CDE908230D460A69416CD31D1439B3FB82
S3150800D160F1F3013302EBC302036B04469342C0F0AA
S3150800D170D9820023DFF8C0920C93E36AAD481946BA
S3150800D1800693FFF720FCD5E903370393099B022B87
S3150800D19040F02681CC2F40F0A682089B002B00F099
S3150800D1A0F18000266868E36B119601225B6911A974
S3150800D1B008309847B04694F84230012B40F0AD80CD
S3150800D1C0632E2DD9119B666C069A1293731E134013
S3150800D1D0F61AE36B01225B69686814A99847149BE1
S3150800D1E013F07E0F14BF04230823782F059340F20B
S3150800D1F00781012200234FF0080A04922A68C9F819
S3150800D200FC76C9F8EC26099A032A00F01F81022A3F
S3150800D21000F0C780049A002A14BF00220722C4E03F
S3150800D220612E08D814AB324629462046FBF762FA27
S3150800D2309DF8503023B314AB3246294620468DF864
S3150800D2404C80FBF757FA94F84230DDF850A0012BD2
S3150800D25052D14FF6FF739A4500F09280082214A91E
S3150800D26013A8FBF7AFFB9DF84C20CAF307239A4295
S3150800D27040F086805FFA8AFA119B534411937FE047
S3150800D28094F84230012B2DD132462946204612AB5E
S3150800D290FBF730FA2946204613AB721CFBF72AFA2D
S3150800D2A02946204614ABB21CFBF724FA08231022A1
S3150800D2B013A90DF143008DF84330FBF783FB1022C9
S3150800D2C014A9FBF77FFB129BDAB2002A51D19DF80D
S3150800D2D04320B2EB132F4CD1DDE9133203EB0243A3
S3150800D2E0119346E0302E2BD943E09DF84320B2EB4C
S3150800D2F0134F3ED1139BF3E7BAF1FF3F40D01022FC
S3150800D30014A913A8FBF75EFB9DF84C20CAF3074344
S3150800D3109A4235D11FFA8AFAAEE7312E3FF652AF56
S3150800D32089D014AB324629462046FBF7E3F9BDF807
S3150800D3305030002B7FF47FAF94F84230012BA3D0F6
S3150800D34032462946204612ABFBF7D4F92946204631
S3150800D35013AB721CFBF7CEF91023202213A90DF18B
S3150800D36043008DF84330FBF72DFB129B9AB2002A37
S3150800D370BBD094F84230012B14BF012302231E446C
S3150800D380013618E7039B01221B684FF0080A12931F
S3150800D3902B680492C9F8EC3608230593089BC9F84C
S3150800D3A0FC76049AC2F10202D2B289F800274FEA43
S3150800D3B09A020E92069A019200220A920D920792FA
S3150800D3C00B92606C019A411E1140421A002F3FD001
S3150800D3D053449A4247D8236B1B1A0B4423635BE1D9
S3150800D3E0666C069A731E1340782FA6EB030619D8A7
S3150800D3F0EB7D8BB9089B002B7FF4EBAE04230593DA
S3150800D4003B1DB3421AD9F7B1082E3FF6F2AE0423F4
S3150800D41000229A460492F1E6089B002B7FF4D9AEC7
S3150800D4200823ECE7089B002B7FF4D3AE082305936B
S3150800D430DFE600BFF416002008100020002304933E
S3150800D4404FF0040ADAE604230497F9E7099AACE7E9
S3150800D4505245C0D3B846019B53440293079B002B01
S3150800D46018BF032314E0A2EB0A02019B9742B846B1
S3150800D470534428BF904697420293EFD90123D9F81F
S3150800D480FC2689F80337974243D1019AC9F8F02652
S3150800D490079399F80337002B3DD099F8042701998B
S3150800D4A0D31C09EBC303C3F8F01607990132A3F896
S3150800D4B0F48683F8F61689F80427B8F1000F14D015
S3150800D4C0099B022B2BD10A9B7BB90D9B4344032B4B
S3150800D4D00BD9E36B01229B69029812A99847064665
S3150800D4E0002840F0278101230A9399F800372E680F
S3150800D4F08D4A012B02EAC61628F07C4B40F2898039
S3150800D5009A1E012A03D908F1070303F07F031E4375
S3150800D51085E00223BCE7019BC9F8F036CDE7089BF6
S3150800D520002B31D1039BB8F1030F03EB080B28D965
S3150800D530DDE90201E36B4FEA98029B6998470646C4
S3150800D540002840F0CA8018F003025FD0039B28F039
S3150800D550030633440393029B1E444FF0FF3303999B
S3150800D56013A813930DF0C8FAE36B304601229B69A2
S3150800D57013A998470646CDF80CB0002EB5D0029BE5
S3150800D5806FE04246029EE8E705F12003DDF808B0A1
S3150800D5900F93EB7D68689BB100232E7E0B9AD9B258
S3150800D5A08E4211D90F9903F1010C31F833109142CB
S3150800D5B026D9059905EBC303D8690A44104403E044
S3150800D5C00B9B059A13441844E36B01225B6913A964
S3150800D5D09847139B012211930B9B584604330B93D0
S3150800D5E0E36B11A99B699847029B06464344A3EB44
S3150800D5F00B03042B07D9002872D10BF1040BC8E7DB
S3150800D6006346521ACBE7CDF808B0B6E7CDF80CB0AA
S3150800D6106BE7079A43EAC263334343F060464FF029
S3150800D62000038DF84C30049BCDE9146B002B49D0D0
S3150800D630202214A913A8FBF7C5F91A2215A9FBF786
S3150800D640C1F99DF84C304BEA83631593E36B0E9A48
S3150800D6509B69019814A99847019A061E0C9B18BF46
S3150800D660134652460C93204643460199FFF726FA7D
S3150800D670236B08F10302A3EB0A0322F003029B1AA9
S3150800D680C9F8F4062363002E54D10D9BA7EB0807AF
S3150800D69043440D93029B019320460199FFF7E5F950
S3150800D6A000230190002F7FF48CAE204A04F1080075
S3150800D6B0D2F8F436D2F8F026E3622968099BFBF71C
S3150800D6C0E9F811E01B2214A913A8FBF77BF99DF8CA
S3150800D6D04C3046EAC3661496B8E7CDF80CB04EE768
S3150800D6E0CDF808B04BE77027384617B0BDE8F08F7D
S3150800D6F0002760E004F10800FBF763F83B4639466B
S3150800D70020460B4AFFF752FB2A69616CD31D143970
S3150800D710B3FBF1F3013302EBC302236B9342BFF46D
S3150800D7202CAD6DE01C27DFE780FFFF0708100020FF
S3150800D730458900083D2E63D104F108030193276843
S3150800D740069B2046E16AD4F844A0A3EB070BFFF733
S3150800D7508CF9A26ABBFBFAFB8242D5D0616CD9F878
S3150800D760F42601F1FF3C02EA0C0C226B0C9B521AC0
S3150800D770624422632268E0629A1AB2FBF1F8C34552
S3150800D780B6D10AFB0877069B07F1140BB3EB0B0718
S3150800D79011D0E36BBA0859469B6998478246E26AF4
S3150800D7A0069B3A44E262226B0198D21A5A442263D3
S3150800D7B0FBF707F857462368616CE06B01FB0831F5
S3150800D7C0FBF7EDF82046FFF745FC2046FFF773FC0C
S3150800D7D0626A616C2368204601FB02331433A36234
S3150800D7E0FFF728FB2063002F84D02A69616CD31DBC
S3150800D7F01439B3FBF1F3013302EBC30290429ED214
S3150800D800374671E7F7B5089C032A1646256805D1F9
S3150800D810237A012B25D0012003B0F0BD274F2846D7
S3150800D8200DF1070307F5E362FFF737FB6060002891
S3150800D830EED1D4F800E0D7F81C07DEF82810DEF899
S3150800D84044C04840CCF100031840227AE0D1012AAE
S3150800D85009D1E268D7F8283713446A69934202D98E
S3150800D8602074207CD8E7DEF80020DEF82C30891AF0
S3150800D8709B1AB3FBFCF3B1FBFCF18B420DD1696C2F
S3150800D880EB6A4A1E13402A6B521A13442B63256807
S3150800D8902846A96AFFF7E9F8E862D7F82827E3686F
S3150800D8A008321344E3600122334605492068FFF72E
S3150800D8B04CFC60600028ABD00020ADE708100020C3
S3150800D8C020170020032A2DE9F34106460D46174680
S3150800D8D01C4606D1237A012B24D0012002B0BDE8CC
S3150800D8E0F081DFF8608009680DF1070308F5E36247
S3150800D8F0FFF7D3FA60600028ECD19DF80720237A59
S3150800D900032AE7D0D8F81C176A689142E2D1012B9E
S3150800D9102969D4F80CC007D172690CEB010393424C
S3150800D92002D92074207CD9E708316144E1603B467E
S3150800D930012229463046FFF708FC60600028C9D056
S3150800D9400020CBE708100020F0B504460D46466CCB
S3150800D950E36B006887B005225B6901A906FB050031
S3150800D960984701A8FFF73DF8012804D801A8FBF756
S3150800D97047F807B0F0BD29462046FFF757F8064690
S3150800D980676C2068E36B05225B6901A907FB060043
S3150800D990984701A8FBF734F8431CEAD0B54238BFCC
S3150800D9A00130E6E72DE9F04F4FF0FF334FF6FF72EF
S3150800D9B00025044600F10808C0E909238BB0C362B4
S3150800D9C00562056340468B46FAF7FBFE2046FFF7DD
S3150800D9D041FB40BB4FF6FF79676A00264F4514BFE7
S3150800D9E03D460025E3699E423BD32046FFF732FBBE
S3150800D9F008BB5E2028E02368E26B606C566900FB72
S3150800DA000530052205A9B04705A8FEF7EAFF012853
S3150800DA101DD129462046FFF797FF421C2946204676
S3150800DA20FFF738FB0135E3699D42E4D32046FFF74B
S3150800DA3011FB0028CED02046FFF73DFB4FF6FF72BC
S3150800DA40636A934237D167200BB0BDE8F08F03387D
S3150800DA50C0B20128E6D829462046FFF775FF0246D8
S3150800DA60DCE7E26B2368606CD2F814C000FB053073
S3150800DA70052205A9E04705A8FEF7B3FF022807D047
S3150800DA804F450DD10BF1010229462046FFF702FB4F
S3150800DA90E3690135B5FBF3F2013603FB1255A1E73D
S3150800DAA029462046FFF750FFB0F1FF3F14BF024654
S3150800DAB05A460132E8E7E26B666C206855696946A2
S3150800DAC0052206FB0300A847626A616C23684B4D72
S3150800DAD001FB02331433A3624FF0FF336FF00101E9
S3150800DAE0E362204605AB05F5E362FFF7D6F90028A1
S3150800DAF049D1D5F8205729462046E562FAF7E1FDCF
S3150800DB00206320B92046E16AFEF7AFFFE0622946A6
S3150800DB102046FEF7AAFF0546A36A9D4235D1204650
S3150800DB20FAF7B8FD002607463546E3699D423ED317
S3150800DB30B74257D92046616AFEF778FF4FF00008CA
S3150800DB40054604F1400A464512D8626C23686946C0
S3150800DB5002FB0539E36B05225B6948469847684628
S3150800DB60FAF74EFF534602464946E06BFAF770FF4E
S3150800DB7029462046FEF75AFF08F10108474505469B
S3150800DB80E1D1642060E7A56AB5E729462046FAF799
S3150800DB9098FD236B29460344064623632046FEF771
S3150800DBA064FF0546002EB7D1C4E90B06B4E7626CDC
S3150800DBB0236805A902FB0539E36B05225B6948461C
S3150800DBC0984705A8FEF70DFF012809D8204609F150
S3150800DBD01401FAF776FD636C143B984208BF0136C8
S3150800DBE00135A2E74046FAF7ECFD00232046194620
S3150800DBF0034AFFF7DBF8002026E700BF08100020DD
S3150800DC00458900082DE9F8430023A14F0E46D7F8A9
S3150800DC1044870446C7F8443718B921252846BDE87D
S3150800DC20F88390F834500DB309680268914240F0C1
S3150800DC30248171684268914240F01F81B168826808
S3150800DC40914240F01A81F168C268914240F015810C
S3150800DC5031694269914240F01081B169C26B9142C3
S3150800DC6040F00B8172691D468261D7E7D0F838907B
S3150800DC70682229460CF021FDC4F83890336804F16F
S3150800DC800800236073686360336963617369A3611D
S3150800DC90D6E90223C4E90223FAF793FDB36904F12E
S3150800DCA04000E3639B689847002849D1616C11B12D
S3150800DCB06368B3FBF1F194F84330E161002BACD013
S3150800DCC00023656C2366002D00F0DF80002900F034
S3150800DCD0DC802368B3FBF5F205FB1233002B40F01A
S3150800DCE0CE80D4F80490B9FBF5F605FB1696002EFF
S3150800DCF040F0C5802046FEF716FE8145C0F0C1807B
S3150800DD0040F634726369CC3B934200F2BC80B5F5A9
S3150800DD10805FC0F0BA8003212046FEF716FED4E9DC
S3150800DD200001E36B1B6898470546E36B0220DB6836
S3150800DD3098473DB184F83460E06B04F011FB6DE759
S3150800DD402946B8E741462046FFF72CFE64280546D3
S3150800DD5004D141462046FFF725FE0546636C143B71
S3150800DD6075BB226A204602FB03F6FEF7DCFD8642F7
S3150800DD7003D284F834505A25DEE70123D4E9009605
S3150800DD8084F83430D7F84837D7F84C870133C7F8C2
S3150800DD90483702F0B5FC1F2E16D8BFF35F8F052251
S3150800DDA03C4BC3F894205A6A42F480325A62BFF355
S3150800DDB04F8FBFF36F8FBFF34F8FBFF36F8FBBE7E5
S3150800DDC0002384F83430B7E74FF0000C19F01F0F22
S3150800DDD006F1FF3618BF29F01F0109EB06030CBF31
S3150800DDE049462031DA062B4A18BF23F01F035FFA8B
S3150800DDF08CF0804526D8D2F8C00021F01F0120F407
S3150800DE007F4040F48070C2F8C00041F00301EFF390
S3150800DE101186302080F31188D7F84C0723F01F03AA
S3150800DE2043F00303C2F89800C2F89C10C2F8A03069
S3150800DE3086F31188BFF36F8FD7F84C370133C7F8CD
S3150800DE404C37AAE7C2F89800D2F89C00D2F8A0602E
S3150800DE5020F01F00884226F01F0601D19E429CD062
S3150800DE608E4201D3984298D9D2F898000CF1010C49
S3150800DE7020F0FF00C2F89800B9E75D25CEE65925DF
S3150800DE80CCE65A25CAE65F25C8E65B25C6E600BF86
S3150800DE900810002000ED00E030B40446EFF31080CF
S3150800DEA072B6256885EA02030B406B40236030BCD6
S3150800DEB00EF081BA2DE9F0410C46154607460028B2
S3150800DEC042D0EFF31186302383F311881F4BD3F822
S3150800DED010334B1E0E2B2DD989B34FF00008387816
S3150800DEE079784DB30EF014F80F217A783B78072A23
S3150800DEF003EB43034FEA031388BF083A144895BF58
S3150800DF004FEA820C4FEA820C04330C3308FA0CF2FF
S3150800DF1001FA0CF11844FFF7BFFF24B9387879786D
S3150800DF207DB10DF0F5FF86F31188BFF36F8F0020E2
S3150800DF30BDE8F0818846D2E702F04EFED4E788466F
S3150800DF40D2E702F049FEEEE72220F1E700C00350CF
S3150800DF5030C00350F7B50D46044600B9FEE7037F07
S3150800DF6003F0FF0603B1FEE70E4B1A68914215D877
S3150800DF7040F2E7303146D3F898734FF47A720023AB
S3150800DF80E5FB07010CF0A8F90123CDE9006301467A
S3150800DF902346054A60680EF041F800B1FEE703B073
S3150800DFA0F0BD00BF0810002059C3010800B9FEE7FC
S3150800DFB040680EF07FB82DE9F04F00F58D53B1B0EB
S3150800DFC00A33019300F58053D3F8A461019B0446F4
S3150800DFD0F61AB6B20B46002940F02085012280F8D1
S3150800DFE05029019A00F18005C0F880200422A0F883
S3150800DFF0861080F88A1080F898108DF81810A0F806
S3150800E0008460A0F88860A0F88C6080F8C82006A90B
S3150800E0102846FAF7C4F8A0B99DF918309DF818A053
S3150800E020002B0EDAD4F85C390133C4F85C39CAF32C
S3150800E030011384F852399BB1062251462046FDF752
S3150800E0403BFA002384F85039019B04F58054C4F840
S3150800E050A4314FF40073A4F8A83131B0BDE8F08FAD
S3150800E060D4F80090B9F1000FE6D0284607A9FAF7C8
S3150800E07019F9002840F0BA83DDF81C80B8F1010FC1
S3150800E08008D040F21E81A8F10203032B40F2118149
S3150800E09005224BE102238DF82430B4F88630B342CA
S3150800E0A005D0284609A9FAF77AF800B1FEE79DF8DF
S3150800E0B02430022B40F087809F4E10A8FCF708F901
S3150800E0C000251222002106F236600CF0F6FA4FF609
S3150800E0D0FE732822294606F56770A6F8343686F8B0
S3150800E0E020510CF0EAFA2822294606F5B3600CF00E
S3150800E0F0E4FA01200DF0AEFC40B102F0EDFC00B1EF
S3150800E100FEE701200DF0A6FC00B9FEE700254FF654
S3150800E110FF7002F059FC0AA90CA8CDE90A55FCF7CC
S3150800E120D1FB0CA802F03AFC2A464FF6FE71D6F847
S3150800E13028040DF023F8054600B1FEE710A8FCF701
S3150800E140C7F810AB1A461946284602F0EFFBEFF35C
S3150800E1501183302282F31188C6F8C85383F31188D5
S3150800E160BFF36F8F284602F0D1FB4FF6FF760B23DD
S3150800E17009F1380089F82830C9E90C55C9F82C5036
S3150800E180A9F82A60FCF78EFC94F85239234483F8E0
S3150800E1904E5983F8535983F8546983F85559206DB5
S3150800E1A0C4F85859C4F85C59C4F86059C4F8645995
S3150800E1B0FCF752FD702280212046FDF77DF90028E4
S3150800E1C000F0FA80FEE7032B71D10023012410A882
S3150800E1D0CDE911338DF8404002F0C7FC129B9D0231
S3150800E1E062D521463D2001F077F954494B680BB1B9
S3150800E1F0FAF7B0FC0122524B5A604B689807FCD4D8
S3150800E200022301208B604B624E4B5860FAF7A2FC42
S3150800E2104A4BC8609A6AD206FCD402221A639F6ADD
S3150800E22017F01007FBD10323454A11205361A2F5C5
S3150800E2308052936101F09AFF4AF6E853424CE56E24
S3150800E240E66E25F0030545F0020546F0030623664B
S3150800E25072B6DFF8148103F033FDD8F87030012068
S3150800E26023F0070343F00103C8F8703003F050FDAC
S3150800E270384602F0BBFCD8F864305F0142BF334B26
S3150800E280334AC3F82024334BE566E666E566E66658
S3150800E290E566E666E566E666E5669B6ABFF34F8F62
S3150800E2A0BFF36F8F30BFFEE72B4B2C4A1A60FAF785
S3150800E2B053F9089008A92846F9F7F4FF18B1FAF7B0
S3150800E2C036F8024632E0B8F1030F089F18D0A8F1D5
S3150800E2D00403012B0DD8B8F1050F40F04A833B46DD
S3150800E2E003221F4910A8FAF7E5F8DDE91098082374
S3150800E2F048E33B46002251462046FDF7F3FB72E20F
S3150800E3003B461B220AA81749FAF7D4F8DDE90A3072
S3150800E31000F00102002B40F01A830292002A40F016
S3150800E32016830C2F22D0712F73D00D22514620460A
S3150800E330FDF743FC57E200BF0810002000400650D6
S3150800E34000600650005006500040005000E00350A0
S3150800E3500000FF0F004009500000002002020FF0E5
S3150800E36088D6010820D5010800800050284610A943
S3150800E370F9F715FF002840F02F829DF84030022B50
S3150800E3803BD003D9DA1E012A88BF0323002584F867
S3150800E390C8300C2201235146204684F8D050FDF798
S3150800E3A0A4F894F8C830042B30D0012338BB626B2C
S3150800E3B084F89830C4F8CC2094F8D22894F8D33846
S3150800E3C09A4202D02046FDF7CBF894F852299DF8D8
S3150800E3D01830224492F8D11803F00F0331B18B425A
S3150800E3E01EBFD4F860190131C4F860190F2B0CBF91
S3150800E3F00123013382F8D13823E60123C6E7C4F89E
S3150800E400CC5084F8983084F8D0A0D5E70028FAD103
S3150800E410D2E7D9F82C30002B00F09582D9F8506055
S3150800E420002E00F0928228460CAA10A9F9F76BFF75
S3150800E430002840F0D181BDF830207F2A00F2CB8138
S3150800E4403746B28057F8060B10990CF055FB39463B
S3150800E4502846F9F7A4FE002840F0BE81B37928467D
S3150800E460B3760023C6E9043340F6047333837F2367
S3150800E470F376337F06F1180123F0170343F00403FC
S3150800E4803377F9F78CFE00284DD1284606F1190195
S3150800E490F9F785FE002846D128460DF11901F9F746
S3150800E4A08EFE00283FD1337F9DF81920284662F357
S3150800E4B0820333770DF11B01F9F781FE98BB337F91
S3150800E4C09DF81B20284662F3000333770DF11A01E5
S3150800E4D0F9F775FE38BB337F9DF81A20284662F394
S3150800E4E04103337709A9F9F76AFEE0B9337F9DF846
S3150800E4F02420284662F30413337706F11401F9F74A
S3150800E50091FE80B9284606F11001F9F78BFE50B93D
S3150800E510284606F11A01F9F742FE20B9284606F1FF
S3150800E5201B01F9F75FFE2568EB6A002B00F00B82EA
S3150800E53005F13803059395F83A30052B00F0038268
S3150800E5402E6D306802F0F5FE002800F0DF81337F7B
S3150800E550D80600F1DB8130460DF11A01FCF7DEF82A
S3150800E560002840F0D381337FD90704D4304695F884
S3150800E5709410FCF720F92B8F9A0600F1C7819DF8B5
S3150800E5801A30082B40F0C2812B6D05F170029A6093
S3150800E590286D037FDB070BD4D5F890603146FCF76E
S3150800E5A0DDF8D5F890309E4224BF0136C5F8906054
S3150800E5B0002128232E6D12A8242209911090ADF867
S3150800E5C044300CF07AF8306802F0B3FE002800F008
S3150800E5D0938130460DF11B01FCF790F8002840F0B6
S3150800E5E08B81304609A9FCF7A9F80746002840F0B0
S3150800E5F08381099BD5F84200D5F846101ABA0CABA8
S3150800E60003C39DF81BC00E928DF83CC020223946E4
S3150800E61013A8D6F808800CF050F8802312934346C6
S3150800E62013AA08F1100C174618685968083303C767
S3150800E63063453A46F7D13046FCF7CEF8831EDAB280
S3150800E64013F00109049240F0D9800638C0B20C28AC
S3150800E65000F2D4803046FCF71AF9CB4603460390FD
S3150800E6600BF10102002B40F0CA805FFA8BFBBBF16D
S3150800E670020F38BF4FF0020B3046BBF1020FCBF149
S3150800E6800F0718BFFFB2FCF7FAF8021E18BF0122DF
S3150800E690049B0BF1FF3B023B5FFA8BFB5B104BEADB
S3150800E6A0C30343EA82130CA93A4680460DF171006A
S3150800E6B08DF870300CF020FA0F23039A20A99F4298
S3150800E6C0C0F0A0801CAA114610A8FAF7BBFCB8F146
S3150800E6D0000F07D04FF002099DF8713088EA03034E
S3150800E6E08DF871303A460CA90DF181008DF880B08D
S3150800E6F00CF002FA10AB07F14100C7F10F02002136
S3150800E70018440BF0DAFF8DF8B4700027039B3046E7
S3150800E710CDE92A371023ADF8B230049BADF8B09096
S3150800E720CDF8A08029978DF8B530FCF7A8F8804574
S3150800E7308146D6F800B06BD3D8468344C34568D122
S3150800E740299B289A4B44934229930AD1BDF8B030A5
S3150800E75023B11CAA114610A8FAF774FC0023ADF8D9
S3150800E760B0303046FCF781F880463046FCF78FF823
S3150800E7702B9B2A9A03449342074664D8C14608EB62
S3150800E78000030393039B4B455ED12B9B1F442A9B97
S3150800E7902B979F4212D3BDF8B03023B11CAA11465D
S3150800E7A010A8FAF74FFC9DF8B42010AB02F141000F
S3150800E7B00021C2F10F0218440BF07FFF3046FCF728
S3150800E7C00BF8DDE92A32B6F804809A423768A8EBD6
S3150800E7D000087FD0FEE70620F9F7A9FD5146024654
S3150800E7E02046FCF769FE00283FF4E6ADF9F79FFDE1
S3150800E7F0514602462046FDF7E0F9DDE5FEE7934679
S3150800E8001B0A2DE7013B01F8012DDBB2120A56E778
S3150800E810FEE7BDF8B030102B06D11CAA114610A889
S3150800E820FAF710FCADF8B070BDF8B0305A1CC0331A
S3150800E830ADF8B0206B4418F8012B13F8501C4A4069
S3150800E84003F8502C7AE7FEE7BDF8B230102B13D147
S3150800E8500F229DF8B40024A9824205DD11F8013D76
S3150800E8600133DBB20B709BB324AA20A910A8FAF7D0
S3150800E870E9FB0023ADF8B23019F801BBB8F1000F77
S3150800E8800CD0BDF8B2305A1CC033ADF8B2206B4478
S3150800E89013F8303C8BEA030309F8013CBDF8B030A5
S3150800E8A0102B07D11CAA114610A8FAF7CBFB002398
S3150800E8B0ADF8B030BDF8B0305A1CC033ADF8B02052
S3150800E8C06B4413F8502C8BEA020B03F850BC59E73B
S3150800E8D0013AC1E724AA10A820A9FAF7B3FB0DF15B
S3150800E8E06F0207EB08009DF8B530029999421EDBC6
S3150800E8F0337F43F010033377BDF84430232B21D9F7
S3150800E900109818B1242200210BF0D7FE0023059891
S3150800E91085F83B3085F83C3085F89530FCF7F8F8F3
S3150800E9205D4B2B630AF00F0384F8533944E512F85C
S3150800E930013F92F820104B4000F8013B029B01333F
S3150800E9400293D0E7FEE70D2046E7404644E700215C
S3150800E95084F85019411004EB60000AB16258D35884
S3150800E9609847012284F8502900287FF4A8AC3B4632
S3150800E970C1E43B460322494910A8F9F79BFDDDE9A6
S3150800E98010980723029308F001030493B9F1000FC6
S3150800E99002D1002B3FF4C9AC4FF0000BB4F8863017
S3150800E9A02846F21AA4F88C30059393B21A46A4F8AE
S3150800E9B08E6084F88BB00CA90393F9F794FC059B39
S3150800E9C0049A9E4288BFA4F8863084F850B94FEA64
S3150800E9D0680304EB680012B1E35853F80990C84776
S3150800E9E0012384F8503900287FF469AC04F15005F6
S3150800E9F03B4651462846029A0C9EFCF781FC58B9BC
S3150800EA003146039A206D02F03DF928B92846FCF7ED
S3150800EA10C7FB00283FF4D0AC002287E4D0F8582979
S3150800EA2080210132C0F858291D4A10A804F020FA9E
S3150800EA3010A80CF0CBF8014610A802F03EF9002504
S3150800EA4004F58D57DFF8609009370DF14008A8B234
S3150800EA50864203D901352A2D11D1292010AB00EBA6
S3150800EA604000104918440CF07EF810A80CF0AEF8D7
S3150800EA70411E0DF1410002F020F9FFF7E5BAA5EBBA
S3150800EA80850140464A4617F8013F833104F0F0F9FC
S3150800EA9008F10308DBE700BF5DB9000864D6010882
S3150800EAA004CA01081ECA010818CA010813B5044693
S3150800EAB001A801F0BCFA9DF80630012223804FF424
S3150800EAC0807300206380054B9B680A3303F01F039D
S3150800EAD002FA03F3636002B010BD00BF0080E00FC6
S3150800EAE0044BD3F88420D206FBD4D3F88400C0F3B1
S3150800EAF081107047004000500E4BD3F8403103F0A8
S3150800EB000303022B0DD0032B0FD0012B0BBF0A23B7
S3150800EB1001234FF40042002200B1026001B10B60EC
S3150800EB20704709234FF40042F6E70C234FF47A7234
S3150800EB30F2E700BF008000504FF4803210B5104B4A
S3150800EB409A66A3F580531B6FC3F3033303FB0000D8
S3150800EB500C4BDC69144041F67132DA635A6822F4C8
S3150800EB60401259B90849884294BF0020012000057F
S3150800EB7002435A600CB10022DA6310BD0349F2E77A
S3150800EB800090005000000350005A6202002D310127
S3150800EB90024A536B0342FCD1704700BF004009503C
S3150800EBA0054B9A689107FCD45A689207F9D4DA6932
S3150800EBB0002AF6D1704700BF00800A5080F89510E9
S3150800EBC0704790F895007047D0F8A0309A695206B9
S3150800EBD0FCD50020D9637047D0F8A0309A69120690
S3150800EBE043BF5B6A00200B701B207047BFF34F8F33
S3150800EBF00549064BCA6802F4E0621343CB60BFF3CB
S3150800EC004F8F00BFFDE700BF00ED00E00400FA05E6
S3150800EC10704770470D4B5A68D20716D59A68D007C1
S3150800EC2002D51B69D90709D50A22084B9A635A6D7A
S3150800EC3012F0500FFBD19A6C9207FCD10122044BBB
S3150800EC405A60024A53689B07FCD4704700000A5072
S3150800EC5000200A5000B9DDE701220E4B00F00F0133
S3150800EC605A60A3F580535A6DC2F30B02002AFAD1F3
S3150800EC7099635A6D12F0780FFBD100F00103420731
S3150800EC80054948BF43F002038A6C02F003029A4220
S3150800EC90FAD1704700100A5000000A5030B5204DCE
S3150800ECA0D5E9063452B38B420FD0E1B96B6973B913
S3150800ECB06A6982B3002818BF04462278D20714D599
S3150800ECC0A28842B3A4EBC204F7E76B698BB140B9DB
S3150800ECD06B681A78D2070CD5DA884AB103EBC203F7
S3150800ECE0F7E70346F5E78C42E2D0C5E9063430BDBE
S3150800ECF013468C42DCD00029DAD0F6E78B4208D0DE
S3150800ED00834228BF03468C4207D0844238BF044654
S3150800ED10EBE70346F7E71446E7E70446E5E700BFEF
S3150800ED206017002070B500244FF060412246204E3F
S3150800ED30052A28D8DFE802F038031D1F21230C23F3
S3150800ED40D1F8805EED0710D5D6F8FC5045F08075F1
S3150800ED50C6F8FC50D1F8005E45F48075C1F8005E2F
S3150800ED600D6A002DF0D081F820300132112ADFD14A
S3150800ED7070BDD123E4E78023E2E70023E0E7651CC2
S3150800ED802346ECB2DCE7A2F10E03012B0ED9102ABA
S3150800ED9007D14FF06043D3F8803EDB07E8D55D2303
S3150800EDA0D2E7831F9B5CCBE75B23C9E75A23C7E7F8
S3150800EDB000ED00E00A4B1B788BB107280FD8EFF35C
S3150800EDC01182302383F31188064B03EB0010037B73
S3150800EDD00BB10023037382F31188BFF36F8F70475B
S3150800EDE0C01600201C1200200023036043607047F1
S3150800EDF010B50E4A92F82C30B3B902240C480D49C6
S3150800EE009362091AC2E901010139C908C2E9060073
S3150800EE1082F82040FFF7E8FF418008210123C2E974
S3150800EE200311536182F82C3010BD00BF6017002013
S3150800EE30C03F0020000004200246F8B543180733F7
S3150800EE4049421940A1F10800FFF7CEFF5488861AF7
S3150800EE50A4EBE60421F8064C9588F31005EBE605C5
S3150800EE60ADB221F8045C94889CB1A2EBC40467880F
S3150800EE70E580DD196580D48894B1E31A9BB202EB6C
S3150800EE80C40221F8023C9380074AD3683344D3600E
S3150800EE90F8BD11F8084C44F0020401F8084CEAE7FA
S3150800EEA021F8024CF0E700BF6017002038B5164B72
S3150800EEB00546D3F828310C4603F00703013B052B1A
S3150800EEC004D8DFE803F00A161E120E1A00231846A5
S3150800EED005B1286004B1236038BD0C4B18680523BA
S3150800EEE0F6E70A4B18680623F2E70CF089FE0723B3
S3150800EEF0EEE7074B18680323EAE7054B186804236F
S3150800EF00E6E702230348E3E700800050643E00205A
S3150800EF10683E0020002D310138B5174B0546D3F859
S3150800EF2020010C4600F0070006281FD8DFE800F08D
S3150800EF30040A0E2112161A00012305B1286004B12D
S3150800EF40236038BD0D4B18680523F6E70C4B186887
S3150800EF500323F2E70CF054FE0723EEE7074B186885
S3150800EF600623EAE7064B18680423E6E70023184653
S3150800EF70E3E702230348E0E700800050643E0020F0
S3150800EF80683E0020002D3101094B186F00F007007C
S3150800EF90431E032B03D8DFE803F006080904002004
S3150800EFA0704708207047022070470520704700BF49
S3150800EFB00080005000232DE9F04788460B600028A2
S3150800EFC000F08C80464FBB68984280F087800730F7
S3150800EFD020F00705EFF31189302383F31188BE6902
S3150800EFE0AEB133787288DB074FEAC20204D5F388DC
S3150800EFF06BB106EBC306F4E79542F8D816F007039B
S3150800F00003D045EA03018A42F1D3EB1806D189F306
S3150800F0101188BFF36F8F1920BDE8F0877288796968
S3150800F020C3EBC2020139272A796144D99D4205F109
S3150800F030080A3CD008213046FFF7FEFE044604EBDA
S3150800F0400A00FFF7D1FE628805F10F01A2EBD10293
S3150800F050CB0842808380E2885AB3D31A9BB204EB6A
S3150800F060C202C3809380ED08658083880022E3800E
S3150800F0703146FFF713FEFB680833FB60237843F03D
S3150800F080010323707B6901337B616288FB6803EBAC
S3150800F090C2033A69FB60934288BF3B6189F31188D2
S3150800F0A0BFF36F8F08340020C8F80040B4E7344631
S3150800F0B0C5E7C280D7E79D420ED008213046FFF744
S3150800F0C0BBFE04462378012243F00103314620465D
S3150800F0D02370FFF7E3FDD8E73446F3E721209BE7E3
S3150800F0E0601700202DE9F04105460F461E4690465A
S3150800F0F04AB101233022194C8B4002FB004436B337
S3150800F10004F5825423600F21072F05EB450388BFBA
S3150800F110A7F108044FEA0313114895BFBC00A400E1
S3150800F12004330C3308FA04F2A1401844FEF7B4FE7F
S3150800F130B8F1000F09D101233021084ABB4001FB71
S3150800F14005223EB102F582521360BDE8F08104F54E
S3150800F1500154D7E702F50152F6E700BF00C0035095
S3150800F16030C0035038B50546007DFDF753FB302304
S3150800F170287D434303F1A04303F58023DA6E1C6F11
S3150800F180084B9A420BD114F0020404D02C6D2B6A5A
S3150800F190E31A5C425C41FDF75FFB204638BD00245C
S3150800F1A0F9E700BF8D17002010B504460CF014FDD2
S3150800F1B00C4BA0F57A729A4212D84FF47A73B0FBC8
S3150800F1C0F3F05C43084BB3FBF0F3B4FBF3F002280F
S3150800F1D006D9BDE810400323B0FBF3F0F7F700B8F3
S3150800F1E010BD00BFFFC99A3B40420F0010B5084C3E
S3150800F1F020460BF08BFE20B994E80700054B83E800
S3150800F2000700BDE8104001214FF0FF300BF080BE2B
S3150800F21034D80108901700202DE9F041036B826B62
S3150800F22007689A4288BF8363426C436A92B002FBBE
S3150800F2300377C36B0E46052203A95B690446384665
S3150800F240984703A8FDF7CDFB01280146307070D01A
S3150800F250656CE26B2368606AD2F814C005FB00305F
S3150800F260052208A9E04708A8FDF7BBFB01284FF0CF
S3150800F27000053CD0D4E90A3201219342CDE90D4577
S3150800F2808DF83C5010958DF8441043D11946204608
S3150800F290FDF7EBFB236B626C14339B1AE062236366
S3150800F2A00E9B1BBB9DF8443003B3636A626C2568EA
S3150800F2B0D4F83C8002FB03550C350122D8F81430EB
S3150800F2C001A9284698474FF6FF72019B99B29142C9
S3150800F2D00CD11B0C1B0443F4254343F0A5030293EE
S3150800F2E001222846D8F8183002A998470E9DE36BE4
S3150800F2F005225B6903A93846984703A8FDF771FB01
S3150800F30030702846236BA26B9A4288BFA36312B05B
S3150800F310BDE8F081237C33B91C490DAA04F1080025
S3150800F320FDF720FBBCE72046194A0DABFDF73EFD6D
S3150800F330B6E7237C23BB2246164904F10800FDF7ED
S3150800F34011FB616A2046FEF7FFFA616A421C2046F5
S3150800F350FDF7A0FE054620B9236B626C1344143BE7
S3150800F36023632046A16AFDF780FB2368A062C01AC2
S3150800F370636CB0FBF3F060622046FDF75BFDB6E711
S3150800F38000232046044AFDF711FDDAE705D80008F0
S3150800F390C5D8000819880008698800082DE9F04FC3
S3150800F3A0DFF830B189B0DBF84C300646072B0D463E
S3150800F3B0019240F28A800827DBF840900097F36BA9
S3150800F3C001225B6905A948469847059BDBF83C106E
S3150800F3D0C3F3D31291427AD113F07E0F3BD1F36B6C
S3150800F3E002225B6906A94846984706A8FDF7DCFA93
S3150800F3F04FF008080446019BC844002B34D1009BF3
S3150800F4009C4228BF1C461B1B032C00932AD9F36B6E
S3150800F410294640465B69A208984724F0030304F08E
S3150800F420030A98441D44BAF1000F0BD0F36B01226E
S3150800F43006A940465B6998475246284606A90BF036
S3150800F4405BFB554449463046FDF70FFB3F1B81469B
S3150800F450002FB4D125E005A8FDF7A6FA4FF0040859
S3150800F4600446C8E7A246DEE723462A1904F0030A3B
S3150800F4700292A044029A9A45A2EB0305A8EB030060
S3150800F48013D1BAF1000FDDD0F36B012206A95B692F
S3150800F49098475246284606A90CF0B4FA0028D0D058
S3150800F4A03627384609B0BDE8F08FF26B039306A9F4
S3150800F4B05369012298470422284606A90CF0A2FAA5
S3150800F4C00028EDD1039B043BD4E76327E9E76F27C0
S3150800F4D0E7E700BF60170020430905D0012B0CD0D1
S3150800F4E0022B084B18BF002300F01F0039B103F5A3
S3150800F4F08053012282401A607047034BF4E703F5F4
S3150800F5000053F6E7688000506480005010B5044642
S3150800F510D0F8A02093695906FCD5002394F8A910C1
S3150800F5201A4694F8A800FFF7DDFD002394F8AB10FF
S3150800F5301A4694F8AA00FFF7D5FD94F8B030DA0712
S3150800F54007D5002394F8AD101A4694F8AC00FFF7D7
S3150800F550C9FD94F8B0309B0707D5002394F8AF107F
S3150800F5601A4694F8AE00FFF7BDFD0122D4F8A03084
S3150800F57003F580514A600A2159610021596103F552
S3150800F58000535A60D4F8A400FFF7A6FF084610BD3A
S3150800F59070B5184CFF28A66A2AD8A36D4FF080715B
S3150800F5A013F4803F18BF4FF48032134B18BF9A628A
S3150800F5B09962124AA36992F9005023F47F0305441D
S3150800F5C023F47F4343EA002385F3080543EA05430A
S3150800F5D0A36132460A48FEF75FFCA36DDB0305D537
S3150800F5E032464FF480310648FEF756FC002070BDBF
S3150800F5F02120FCE70040005A0050005A6C3E0020CB
S3150800F6002840005A70B5104C4FF08071A66AA36D59
S3150800F6100E4813F4803F18BF4FF480320C4B18BFC6
S3150800F6209A6299623246A569FEF736FCA36DC5F360
S3150800F6300725DB0305D532464FF480310348FEF72C
S3150800F6402BFC284670BD00BF0040005A2840005ACF
S3150800F6500050005A014B1870704700BF6C3E0020DE
S3150800F660014B93F9000070476C3E00204FF480333D
S3150800F67011481249826A8B62836D03F00303032BD8
S3150800F680FAD14FF080730E488B620B4B996D30EAB6
S3150800F6900101FBD1012009490865996D8907FCD448
S3150800F6A0054B996D8807FCD5996D8907FCD50549E1
S3150800F6B00548FEF7F1BB00BF0040005A0050005A4B
S3150800F6C003000100000001012840005A4FF00042E3
S3150800F6D070B50F4B04465D6E03F580535A664AF6BD
S3150800F6E0CD330C4980204E6C0B64FFF751FA0B6A38
S3150800F6F023F4F85343EA04230B62F30744BF064B8B
S3150800F7000B64002DA2BF4FF00042044B5A6670BD31
S3150800F71000800050004009503254FFFF00A00050FE
S3150800F720012370B5C4B2A3401E4C22F00302236520
S3150800F73084000D6804F1A04404F58824656030252A
S3150800F74068434C7B00F1A04000F580200466CC7A23
S3150800F7508E7A240544EA06440E7B44EA4654C46578
S3150800F7600267EFF3118485F311880F4A5365087A07
S3150800F77000B11364487A00B1936308798A7942EA3A
S3150800F7800042084882614D79CA79074942EA05422A
S3150800F7908A61064A4363936484F31188BFF36F8FC3
S3150800F7A070BD00BF00200450001004500000045033
S3150800F7B02DE9F04F98462A4B87B01B7805469146A7
S3150800F7C00091002B46D0072846D8002A44D0B8F125
S3150800F7D0000F41D0109BB3F5006F3DDCDFF898B001
S3150800F7E003010BEB001701933B7B002B36D000245B
S3150800F7F0DFF888A043010AEB40161022214630465E
S3150800F8000193CDE9034405940AF057FF009BC6E926
S3150800F81001890293109B13495A1E019BC2F30A02DF
S3150800F8205AF803001201014042F044720A434AF8AA
S3150800F83003200D4B2A014BF80230119B284632460D
S3150800F84002A9C7E901347C73FFF76AFF204607B0AF
S3150800F850BDE8F08F0548FAE70548F8E70548F6E7F2
S3150800F860C01600200F80EFF0B9FE0008028000F0F5
S3150800F870018000F0078000F01C1200209C12002076
S3150800F880F0B40C4D049E2D788DB107280FDC0A4D77
S3150800F890070105EB001494F80CC0BCF1000F06D064
S3150800F8A0EB5100236660A360F0BCFFF739BFF0BCDC
S3150800F8B0704700BFC01600201C1200202DE9F74330
S3150800F8C0D0E9043404F17C07D0F80C900646013BD5
S3150800F8D0102200213846D4F874809DB20AF0EDFE55
S3150800F8E00B4BC5F30A0543EA0513C4E91F3901237F
S3150800F8F094F8780084F88C30C4F884803A46054B2E
S3150800F900009604F16401FFF7BBFF03B0BDE8F0837E
S3150800F9100000103019F9000810B514465369002282
S3150800F920D3F8900083F88C2028B10168C3F89010AA
S3150800F9300260FFF7C3FF63681BB100212046A26877
S3150800F9409847002010BD034610B593F89420084642
S3150800F950FAB10A69B2F5006F1DD8EFF311843022A7
S3150800F96082F311884B6193F88C207AB103F19002E7
S3150800F970D3F890303BB90360106084F31188BFF365
S3150800F9806F8F002010BD1A461B68F3E7FFF796FF36
S3150800F990F3E70E20F6E72120F4E70123C0B28340FF
S3150800F9A0EFF31180302282F31188054A516D21EA5E
S3150800F9B003015165936280F31188BFF36F8F704717
S3150800F9C0000004500123C0B28340EFF311813022B6
S3150800F9D082F31188074AD06A184209D1526B9343B9
S3150800F9E00CBF0120002081F31188BFF36F8F704789
S3150800F9F00020F8E700000450302337B5007D0DF1EC
S3150800FA000701434303F1A04303F58023DD6E1C6F12
S3150800FA100CF0C6F99DF8070040B9054B9D4203D185
S3150800FA2084F00204C4F3400003B030BD0120FBE7B4
S3150800FA308D17002010B50446FFF7DEFF38B1236D99
S3150800FA40D4E912020244934218BF184610BD302268
S3150800FA50237D534303F1A04303F58023DB6EEFE7D1
S3150800FA602DE9F84F90F8943004460D46002B67D1DF
S3150800FA704FF0300890F895708E18AE424DD094F835
S3150800FA809630C3B32046FFF76DFBA0BBEFF3118991
S3150800FA9088F31188207DFCF7BDFE2046FFF7CAFFD4
S3150800FAA0A26C00F1FF3A924538BFE36C94F854B063
S3150800FAB038BF03F1FF33207D38BF02EB030AFCF79A
S3150800FAC0CBFEBBF1000F12D15346D4F898109942D9
S3150800FAD00BD013F80129112A01D0132A20D1A2F13B
S3150800FAE011035A425A4184F89C20C4F898A089F315
S3150800FAF01188BFF36F8F94F89C30002BBDD0236E0E
S3150800FB00A9462A785B689FB9236E20465B6899F8F0
S3150800FB100010013598470028AFD00020BDE8F88FBF
S3150800FB20A26C9A4282BFE36C03F1FF339B18CEE7BF
S3150800FB300A2AE9D10D21204698470028E4D0ECE7A7
S3150800FB400E20EBE72DE9FF4704464FF444784FF0C3
S3150800FB50300A4D4F00F138061022002130460AF0CF
S3150800FB60ACFDC4E90F77207DA4F83A80FCF752FE75
S3150800FB701022002130460AF0A0FDDFF81C91207DF6
S3150800FB80C4E90F770AFB0093A4F83A80DB6EBB4200
S3150800FB9004D104B0BDE8F047FCF75EBE0DF10F01D5
S3150800FBA00CF0FEF89DF80F70002F66D12046FFF77F
S3150800FBB041FF364A80461278237DEAB1072B1BD8C7
S3150800FBC0334A02EB0312127BB2B1EFF311818AF3C7
S3150800FBD01188D9F834000AFB0399D9F8642081F30F
S3150800FBE01188BFF36F8F012101FA03F3034204BFA3
S3150800FBF0C2F30A135F183D4604F1180710220021C4
S3150800FC003846D4F810900AF058FD3022237D013D7D
S3150800FC105343C5F30A052D0145F04475C4E9065951
S3150800FC2003F1A043C4F8208003F580231A6F94F8E3
S3150800FC302410520862F34101A27E84F824106FF35F
S3150800FC400412A276196F94F8242027F0030761F3AB
S3150800FC50000284F824201B6F626A9B0863F39F02E4
S3150800FC6047F00207626267640094207D32462146A7
S3150800FC70084BFFF705FE207D8BE794F844306FF3B9
S3150800FC80410384F84430EFE78D170020C0160020A2
S3150800FC901C120020B9FE0008000004502DE9F04FA0
S3150800FCA09B460023044687B005910392CBF80030A3
S3150800FCB0DBF80050039B5E1B00F09980059B5D19DD
S3150800FCC000F095802046FFF74DFA8246002840F05E
S3150800FCD08E802046FFF7AEFE216D94F89680884206
S3150800FCE09CBFD4E91203C018401A864228BF0646AC
S3150800FCF0B8F1000F00F0AB80EFF3118304933023C3
S3150800FD0083F311883746D4F850902046FFF774FEDF
S3150800FD1009EB06029145D4F8983071D1D4E912124C
S3150800FD200A44934208BFC4F89810049B83F31188C9
S3150800FD30BFF36F8F8046207DFCF76CFD2046FFF7EA
S3150800FD405BFE05462046FFF775FED4F850A08146AF
S3150800FD50504540F28A80A36CB5B29A457DD1236995
S3150800FD601022049304F12803002118460AF0A5FC82
S3150800FD703021049A013DC4E90B2A227DC5F30A0500
S3150800FD804A432D0120F0030302F1A04245F04075D5
S3150800FD9043F0020302F58022A5621367236DD4E9B6
S3150800FDA0121233440A44934208BF0B464B45236557
S3150800FDB005D10123204684F85430FFF7C3FE207D81
S3150800FDC0FCF74AFD94F896303BB1B8F1000F04D021
S3150800FDD0236E112120465B689847DBF8003037B15F
S3150800FDE0039A3B449342CBF80030FFF461AFDBF84B
S3150800FDF00030002B14BF00201B2007B0BDE8F08F91
S3150800FE0009F1010909F1FF318B4210D1C4F8989024
S3150800FE1019F8013C112B01D0132B14D1013FA3F182
S3150800FE2011014B424B41C24684F89C3072E719F8DF
S3150800FE30013C03F0FD01112906D1013FBAF1000F7B
S3150800FE403FF468AFEBE7C24605F8013B62E7324686
S3150800FE5028460AF051FE37466DE7238DC3F30A128A
S3150800FE60154465F30E13238598E7207D95B930234D
S3150800FE70434303F1A04303F58023596E5A6EC1F339
S3150800FE800A1122F4FF42314422F0700242EA0112BA
S3150800FE905A6683E7CDE900644A4623692168FFF775
S3150800FEA087FC3022237D534303F1A04303F58023C7
S3150800FEB05A6E22F48012EBE737B592F8543014469E
S3150800FEC033B1936D0BB1D06D9847002384F8543045
S3150800FED094F896301BB32046FFF78EFDF8B1236ED3
S3150800FEE0132120465B6898471025236E20461B6819
S3150800FEF00DF10701984778B99DF8073003F0FD0220
S3150800FF00112A05D1A3F111025342534184F89C30BA
S3150800FF10013D15F0FF05E8D12046FFF713FE002046
S3150800FF2084F8540003B030BD021E30B54FF000000F
S3150800FF300CBF1025042547F60774084952B9831DD6
S3150800FF4051F82330234023B101308542F6D14FF0D2
S3150800FF50FF3030BD00F11603F2E700BF0080035002
S3150800FF6010B5C2F3062402F0070241B942EA042298
S3150800FF7042F440220630234B43F8202010BD142CAF
S3150800FF802DD008D8012C32D0122C22D0631E312B4A
S3150800FF9007D9002308E0242C04F1FF3308D8202CC5
S3150800FFA008D819490B441B7B42EA03221630E2E7BC
S3150800FFB0322CEBD1042AF4D8DFE802F00305170740
S3150800FFC009000022EDE70122EBE70322E9E7042214
S3150800FFD0E7E7022A0DD0032A0DD01123E1E7022A0A
S3150800FFE00BD0032A0BD01323DBE70222D9E7002321
S3150800FFF0D7E70022F1E70122EFE70022F3E7012223
S31508010000F1E700BF0080035034D801080A4392B2D1
S315080100100021FFF7A5BF3AB122F0030202F1A0427F
S3150801002002F5603209B9106070470002FBE74FF428
S315080100308032074B5A6603F5E6239B69C3F385129B
S31508010040827003F03F021B0B42700370704700BFBA
S3150801005000900050036BDB0702D503695A06F9D4F1
S31508010060012200F500531A63036B9B07FCD40B7935
S315080100704A881B0243EA82438A7A13434A7843EA47
S315080100808213CA7A43EAC2130A7B43EA42134A7BBA
S3150801009043EA02138A7B43EAC203CA7B43EAC223C1
S315080100A08A7943EA0243CA7943EA42430122436011
S315080100B000F580531A630B780BB90223C36000233A
S315080100C043624B790A7A1B0143EA82034A7A13434C
S315080100D083600B780BB10123C3607047012200F5D9
S315080100E080531A630223C36000231F4900F5005297
S315080100F08360836151614FF6FF710362C1614CF6FA
S3150801010080614362436683660367C0F88430C0F83A
S315080101108830C0F89030C0F8A430C0F8A830C0F8CC
S31508010120B030C0F8FC10C0F8EC30C0F8F0301F232E
S31508010130C0F8F830036BD90702D503695B06F9D411
S3150801014001231363036B13F00203FBD143600366B8
S31508010150C0F88030C0F8A030C0F8E030C0F8E83008
S31508010160C0F8E430704700BF77007707002807DB3F
S3150801017001234109034A00F01F00834042F8213058
S31508010180704700BF00E100E0EFF31183302282F3EC
S315080101901188034AD06E83F31188BFF36F8F7047B6
S315080101A0601700202DE9F0410468054694F894107B
S315080101B000297DD1EFF31183302686F31188C4E92E
S315080101C0161183F31188BFF36F8FFFF7DDFF8542A1
S315080101D009D1EFF3118386F31188374AD16683F380
S315080101E01188BFF36F8F236E93F91030002B09DB4B
S315080101F001215A0903F01F03994002F160032F4AAE
S3150801020042F82310236E93F91030002B0DDB0121E0
S315080102105A0903F01F03994002F12003274A42F8BD
S315080102202310BFF34F8FBFF36F8F254E207D337891
S3150801023043B1072806D8234B03EB00131B7B0BB1ED
S31508010240FFF7ABFB207DFEF7B5FDEFF311873023F2
S3150801025083F3118800231B4A117BC9B90133082B83
S3150801026002F11002F8D14FF40012144BC3F88020A2
S31508010270BFF34F8FBFF36F8FFF22134B20205965B2
S315080102809A625960FFF728F92120FFF725F931709D
S3150801029087F31188BFF36F8F0023C5E90033C5E9DA
S315080102A00533EB60236E2046BDE8F041DB6818474D
S315080102B00F20BDE8F08100BF6017002000E100E0D3
S315080102C0C01600201C120020000004502DE9F74F2B
S315080102D0002800F0EE8079494B689842C0F0EB801F
S315080102E08A681344984280F0E680D1E9064CEFF318
S315080102F0118B302383F3118810F8083C30F8067CFB
S31508010300DB07A0F1080500D53FB98BF31188BFF3C8
S315080103106F8F012003B0BDE8F08FCE68D1F8149035
S31508010320A6EBC703CB60009309F101034B6130F8D3
S31508010330048C7A1CB8F1000F40D0A5EBC803DE88FF
S3150801034010F808EC01961E78B3F802A0F6070EF02D
S31508010350020E26D4BEF1000F26D1019EA6EB0A0E87
S31508010360BEF1010F2AD1009E0237083E07EB0A02A9
S31508010370C1F81490CE6030F802ECBEF1000F1FD11F
S3150801038010F8085C20F806EC6EF3000500F8085C26
S31508010390013A5A801A786EF300021A700022DA803E
S315080103A043E0BEF1000F09D010F8086C42446FF320
S315080103B0410600F8086C00269E80DCE72B46DAE742
S315080103C005EBCE08D1E901673744B8450ED310F8D5
S315080103D0085C013A6FF3000500F8085C002520F86F
S315080103E0065C5A801A7865F30002D6E715F83E507E
S315080103F0464615F0010530F8067C30D010F8085C41
S31508010400013A6FF3000500F8085C002592B220F85E
S31508010410065C5A801A7865F300021A70C3F107025E
S315080104203244C2F3CF02DA80B280002C3FD09C421C
S315080104303DD86288002A08BF1C46BCF1000F06D0C9
S315080104409C4504D3BCF80220002A18BF6346C1E9BB
S3150801045006438BF31188BFF36F8F00205AE7AEEB83
S31508010460070EBEF1010FC9D1B8F80270A8F80250FB
S315080104701744B8F80620C2B108EBC20600254A6936
S31508010480013A4A61CA68083ACA6010F8082C20F885
S31508010490065C6FF3000200F8082C1A785F8065F392
S315080104A000021A70002EB9D178E71646E6E71C460F
S315080104B0C3E722202EE700235B69FFDE60170020D1
S315080104C0FEE707B5084601A9FEF774FD019803B0D2
S315080104D05DF804FB0846F9E6002313B501936AB1F2
S315080104E061B102FB01F401A92046FEF763FD01464D
S315080104F020B9019810B122460AF0DFF8019802B036
S3150801050010BD00232DE9F7437C4F0193BB680C46C8
S315080105109A42104604D239B912B101A9FEF74AFD29
S31508010520019803B0BDE8F0831AB90846FFF7CEFE75
S31508010530F6E7EFF31188302383F31188A1F1080C4C
S3150801054031F8061C07304FEAC10920F00705A9450D
S3150801055073D234F8023C002B5ED0591A01295BD1BB
S315080105600CEBC3011CF83330DA0755D44B88A9EBD9
S31508010570050212EBC3024FD41F2A30DDC5F3CF03A0
S3150801058024F8063C0133601924F8023CD208FEF728
S315080105902BFC428034F8023C8380CB88E3B14E8839
S315080105A09E1B16FA82F292B201EBC303C2809A80AD
S315080105B00022FEF773FB0846FEF716FCFB683A694C
S315080105C02B44A3EB090393420194FB6033D888F3C8
S315080105D01188BFF36F8FA3E70023C380E8E77B6920
S315080105E0013B7B6134F8063C4A880133134424F8FD
S315080105F0063CCA8862B14888101A10FA83F39BB27E
S3150801060001EBC20224F8023C938001226046D0E73E
S31508010610002324F8023CF8E7284601A9FEF7CAFC9C
S315080106200028D4D14A46214601980AF065FA20469F
S31508010630FFF74CFECBE73B61C9E75CD934F8023CCE
S31508010640A9EB05065A1E521A8BB30CEBC3011CF80B
S315080106503330DB072CD45ABBC5F3CF0324F8063C49
S315080106600133601924F8023CFEF7BEFB4B8803EB05
S31508010670D603438034F8022C8280CA88AAB14E88F0
S31508010680961B16FA83F39BB201EBC202C3809380D1
S315080106900022FEF703FB0846FEF7A6FBFB6801945A
S315080106A01D44A5EB0905FD6091E7C280F0E71946EF
S315080106B0272EF3D9C5F3CF0324F8063C013E0133AF
S315080106C0601924F8023CF608FEF78EFB468034F8DA
S315080106D0023C838069B1013212FA86F6B6B2C68047
S315080106E08E8000227B69114601337B61FEF7D6FABB
S315080106F0D4E7C180F5E7019469E700BF60170020D8
S31508010700BFF35F8F074B5A6A22F480325A62D3F8D5
S31508010710942022F00102C3F89420BFF34F8FBFF350
S315080107206F8F704700ED00E04FF0FF307047FEE72E
S315080107300020704701207047012070474FF0FF30B5
S3150801074070470020704700207047002070472DE948
S31508010750F0432B48079F90F83A4094424CD9066BD0
S3150801076002EB42024FEA820C16EB820246D050890E
S31508010770002843D0B2F90440B2F906508C42B2F9C6
S3150801078008E02FDCA942A8BF2946BEF1000F35D0E3
S3150801079000F1FF381FFA88F80EFB08490A1B92FB7D
S315080107A0FEF24D45D8BF404692B2904202D3A942C5
S315080107B018BF104656F80C2052F8206002EB800C40
S315080107C018B15CF8048D46450ED08D421EBF1EFB3E
S315080107D000F1091909B2994209DC00203E60B98085
S315080107E0BDE8F0832146D0E7013880B2E8E7002862
S315080107F0F3D0013880B2DFE70E20F1E70220EFE7F8
S3150801080060170020FF207047004870470080FFFFEF
S315080108100AF011BD2DE9F0430D464FF0000999B0D4
S3150801082004461746002128220EA809F046FFCDF8EE
S3150801083004904DB30CB335F0030605F0030820D038
S315080108404FF0E0630E9301230B940C9346F000538B
S315080108500D930BAA05AB07CA83E8070019460EA82C
S315080108600BF0DAFD31460BF0AEFD0BF0D3FA40B1D1
S3150801087032464946204609F020FF00256FF09200CE
S3150801088003E0B8F1000F04D100203D6019B0BDE8BE
S31508010890F0834FF000094FF0E063CDE90E3901AB63
S315080108A0089301230993114B08AA0A9302AB07CAB5
S315080108B083E8070019460EA8CDF84090CDF8589060
S315080108C00BF0AAFD04210BF07EFD0BF0A3FA08B18B
S315080108D02A46CEE7019A3444C300013022FA03F3CB
S315080108E0804504F8013BF7D1CEE700BF040000209C
S315080108F0044A054B013800D2704753F8041B42F8E5
S31508010900041BF7E7003E00208061000808B5054B87
S3150801091001461870044B18680AF03CFC00B1FEE762
S3150801092008BD00BF2C14002030140020F0B516466F
S315080109301D46EFF31183302282F3118800220F4CF2
S31508010940626083F31188BFF36F8F607004F10C073F
S315080109500FC987E80F0004F11C0796E80F0087E81E
S315080109600F0004F12C0695E80F0086E80F004FF6F4
S31508010970FF73A38784F83E30F0BD00BFCC13002077
S3150801098010B5054C0146E36A2BB1636B1BB12046D2
S3150801099098470023636310BD5810002008B5084B1B
S315080109A000F1080111F8012D814203F8012BF9D153
S315080109B0044B002218680AF0E7FB00B1FEE708BD00
S315080109C0E01700203014002008B5064B0146A3F8AD
S315080109D08800054B002218680AF0CAFB00B1FEE739
S315080109E008BD00BF601700203014002073B50A4EF9
S315080109F00A4D3146044628680AF06EF9F9F7A2F954
S31508010A00074B01940093C2000123314628680AF076
S31508010A1053F902B070BD00BFAC1400203014002099
S31508010A20C19C000807B5182001A9FEF7C3FA08B149
S31508010A3000230193019803B05DF804FB07B50D4B3C
S31508010A400DF1060118680AF0FDF90B4BBDF8061001
S31508010A5093F90020094B7F2A0B4413F90B0C05D196
S31508010A607F2808BF002003B05DF804FB9042A8BFA9
S31508010A701046F8E730140020D4140020D5140020BD
S31508010A8038B50546F9F7DCF8E0B9104B1B6813B120
S31508010A901B68012B16D0FFF7D1FF01462846F9F747
S31508010AA09FFA044660B92846F9F760F9044658B929
S31508010AB0014620200AF0B6FF054B9D71054B9D7135
S31508010AC0204638BD0D24FBE70124F9E7C4140020AC
S31508010AD008160020D815002008B5F9F7B1F801461F
S31508010AE020B920200AF09EFF0AF0C8FF002008BDA1
S31508010AF038B5A0230C4DEC685C4308B9F7F7BAF989
S31508010B002B69B3FBF4F204FB1233B0FBF4F204FBDA
S31508010B1012002344181AB0FBF4F304FB1300A023B4
S31508010B20B0FBF3F080B238BD3C16002038B5054657
S31508010B30F9F7BAFE04462846F9F75DFEFF2C024688
S31508010B4001D0FF280ED1002038BD2B68195B181972
S31508010B50C1F3C7111A29F7D01B5D03F07F030233CE
S31508010B601C44E4B2A242F0D2EDE74FF000639A6A60
S31508010B7002F17841B1F5C04F03D21168074A914293
S31508010B8003D00023037083607047012202709A6ABA
S31508010B90926842609B6A9B69F5E700BF07B0CD5E24
S31508010BA010B5A8B10B4B1A68904211D3D3E902418B
S31508010BB004FB012290420BD2EFF31182302181F31B
S31508010BC0118859680160586082F31188BFF36F8FE5
S31508010BD010BD00BFB0160020012303FA01F130232E
S31508010BE05843014B1950704740E003504FF00042FB
S31508010BF01D4B10B55A664AF6CD331C494C6C0B642D
S31508010C0004F00104B8B90120FDF7C2FF4B68DB0700
S31508010C1001D424BB10BD164B5860164B0A6BD2077C
S31508010C20F7D4013BFAD1F4E70133086B000705D580
S31508010C309342F9D1EDE700230F4AF6E79342E8D04C
S31508010C4020220B4B9A620122A3F580535A60094B65
S31508010C50064A916A8906DCD4013BFAD1D9E7034BE6
S31508010C60064A1A64D6E700BF0090005000400950B2
S31508010C700060095041420F0040420F003254FFFF05
S31508010C80FAF704BAF8B5037F0746022B0D4616464E
S31508010C9011D0FAF7D5F9044610B92E44AE4201D15E
S31508010CA02046F8BD384615F8011BFAF79FF90028C2
S31508010CB0F4D00446F4E70D24F2E7F8B5264B0546C9
S31508010CC01C680E46C4B194F85039ABB9234A117A57
S31508010CD099B11168702910D1C3F12000D4E93027E0
S31508010CE0A3F1200107FA00F022FA03F3034327FAD6
S31508010CF001F10B43DB0706D5F8BD0133DBB21F2B28
S31508010D0002F10C02E3D194F8D22894F8D3389A4226
S31508010D100AD004F1B8000B21FAF7B0FE04F1AC00D1
S31508010D20BDE8F840F9F732BC04F1500770230622F2
S31508010D3080213846FAF7E4FA50B92946206DB2B24D
S31508010D40FFF7A0FF20B93846FAF72AFA0028D3D0C8
S31508010D500328D1D1DDE700BFC8150020BCCD0108A5
S31508010D60FAF794B90CB4F0B5394BA9B01C68064624
S31508010D702FAB9621374A02A8019302F06BF8002897
S31508010D8028DD3CB394F8503923BB334A117A31B381
S31508010D901168742923D1C3F12000D4E93025A3F1C0
S31508010DA0200105FA00F022FA03F3034325FA01F1BB
S31508010DB00B43DB070ED494F8D22894F8D3389A4219
S31508010DC014D004F1B8000B21FAF758FE04F1AC006F
S31508010DD0F9F7DCFB29B0BDE8F04002B070470133F2
S31508010DE0DBB21F2B02F10C02D0D1E4E704F1500566
S31508010DF07423062280212846FAF782FA28BB284658
S31508010E0002A9FAF71DFE00BB013E042E9CBF134B37
S31508010E10985D0146206DFFF7A3FFB0B9102128465A
S31508010E20FAF73EFA88B9D4F87069D4F87479F7F7FD
S31508010E300CF8821947F100032846FAF7FAF920B99E
S31508010E402846FAF7ADF90028C4D00328C2D1B8E775
S31508010E50C815002040C80108BCCD010828D80108DA
S31508010E602DE9F843044690F8346000EB8607D7F875
S31508010E702080656C4545256421D0324629462046A1
S31508010E80F9F777FF030402D5BB6B9D4217D1C0F36F
S31508010E900D00821C334629462046F9F7FCFE3346E7
S31508010EA081466064022229462046F9F7F4FE814507
S31508010EB0A064DED0012384F83530BDE8F883032326
S31508010EC0F9E770B583880446C0889E188642154698
S31508010ED006D82068184409F00FFEA3881D44A5808A
S31508010EE070BD07B50222ADF806100DF10601FFF730
S31508010EF0E8FF03B05DF804FB10B50A7A0446012A37
S31508010F0002D0022A04D010BD0988BDE81040E8E7DE
S31508010F108388E28803F108009042F4D820681844CF
S31508010F20F9F7D0FCA3880833A380ECE70F4B0288B6
S31508010F304188B3F888300A441344828812FA83F345
S31508010F40C288002012FA83F3094A9BB21188994292
S31508010F5001D1917839B901300A2802F10402F5D193
S31508010F604FF0FF30704700B2704700BF601700208E
S31508010F70A015002010B50446FFF7D8FF80B209284E
S31508010F8020D90023124A12F82310E9B101330A2B9A
S31508010F90F9D14FF0FF339AB2092A17D80D4A60885A
S31508010FA02188B2F8882001440A44A188E08811FA08
S31508010FB082F2094910FA82F221F8232001EB830112
S31508010FC001238B70002010BD1BB2E4E70320FAE76A
S31508010FD0A215002060170020A01500200A4B0B4A15
S31508010FE0B3F88830034400209BB21188994201D195
S31508010FF0917839B901300A2802F10402F5D14FF086
S31508011000FF30704700B2704760170020A413002014
S3150801101010B50446FFF7E2FF80B2092817D9002365
S315080110200E4A12F82310A1B101330A2BF9D14FF058
S31508011030FF339AB2092A0ED809490A4AB1F8881023
S315080110400C4422F8234002EB83020123937000200B
S3150801105010BD1BB2EDE70320FAE700BFA613002077
S3150801106060170020A4130020014B186802F0EAB8A3
S3150801107030140020024B01220021186809F017BE1E
S3150801108030140020F8B5194B9F79F8F7D9FD10B13E
S315080110907F252846F8BD164E35681DBB1820FFF773
S315080110A0C1FC878280270560457107718571856056
S315080110B00446F8F747FEC0001028D6BF10230123BF
S315080110C0B3FBF0F327742046E360F8F7C3FE48B98B
S315080110D034602368012BFCD0257920466DB2F8F7D8
S315080110E0C9FDD6E70248F8F7AEFDD1E70816002094
S315080110F0C4140020F0B589B005460F461646FFF719
S315080111009DFC044618480AF0A5FC18B1012420469E
S3150801111009B0F0BD21462846F8F762FF04460028C3
S31508011120F5D1012120200AF07DFCFF238DF804303A
S3150801113001230E48079429468DF81C30006801AB37
S3150801114004AACDE9024405940497069609F0D4FD4C
S3150801115020B9074B9D71074B9D71D8E72146202081
S315080111600AF060FCD2E700BF4000010030140020FD
S3150801117008160020D81500202DE9F041464CA02775
S31508011180B4F8A460FAF74CFDD4F8B430434AC11A4E
S3150801119094F8B80000233230A1FB000109F09CF84D
S315080111A07E4394F8B930760803EB830300EB4300DA
S315080111B000F6EE1500F2D668B542238F28BF3546EC
S315080111C0B04528BFB04613F0800227D0B4F8A46012
S315080111D0D4F8B0107E433144491B04F1BC00F9F739
S315080111E03BFAD4F8B030D4F8AC103344C4F8B03074
S315080111F02B4B72181A6194F83A30C4F8AC2013F0E4
S31508011200FD0F47D094F8A600A5F5167508EB05025B
S31508011210491B00F07F00BDE8F0416BE794F8A63062
S31508011220D4F8B010D80915D062F3C713491B04F1D5
S31508011230BC0084F8A630F9F70FFA94F83A30082B6F
S3150801124028D194F8A600C30921D0BDE8F04100F0E1
S315080112507F0015E4B4F8A450414404F1BC00F9F741
S31508011260FBF994F8A6307D4343F0800384F8A63051
S31508011270F6F700FED4F8B020D4F8AC302A44C4F806
S31508011280B020074A2B44C4F8AC301361D5E7BDE852
S31508011290F04121E4BDE8F0815810002040420F00DA
S315080112A03C16002038B50F4C238F1B0618D5D4F8E9
S315080112B0C43004F1BC00834212D0A023B4F8A45070
S315080112C05D43F9F7D3F9D4F8AC305B1BC4F8AC30FD
S315080112D0D4F8B0305B1BC4F8B030BDE838404BE7F2
S315080112E038BD00BF581000200A4B1A788AB100226F
S315080112F01A70094B186860B100F68213C0F87C3978
S315080113004FF40063A0F8803900F59D501030F9F7C5
S315080113103DB970470C140020C81500200088704795
S3150801132008B5FFF7FBFF10F4807F0CBF03200220EE
S3150801133008BD08B5FFF7F2FFC0F3C00008BD2DE9E7
S31508011340F3411646044661480F46F9F78FF90B2E05
S3150801135025D001D826B1FEE7A6F10E03012BFAD84E
S315080113605B4D3FB12046FFF7E1FB18B1FAF758FC90
S31508011370C5F8B400FFF796FF2D8FAB0667D5206831
S31508011380FFF7D7FF002862D0237FD8075FD520460D
S315080113900DF10201F9F7C2F9002838D0FEE74C4BE6
S315080113A01D8F15F02002EAD183F83B20690754D432
S315080113B0474D627E95F83C309A424ED9013385F8FD
S315080113C03C30237F0E2E43F00203237777D195F81D
S315080113D03A3095F89540062B1CBF062385F83A3016
S315080113E0F9F7BDF84FF0FF33A34020EA03044FF4A1
S315080113F0A0735C4395F84A30DA074DD52B6D987979
S31508011400FFF73EFBF6F736FD002C48DAFEE79DF8B6
S315080114100230082B1BD1204601A9F9F78FF900B133
S31508011420FEE720460DF10301F9F7B1F900B1FEE730
S31508011430274A9DF8031092F89430994207D1019BE7
S31508011440D2F890108B4224BF0133C2F890300022A3
S315080114501F4B83F83B20002EA8D11D4D95F83A3035
S31508011460022B1CBF022385F83A30A07EA37983425A
S3150801147005D095F84A30DB0701D5FFF701FBD5F80A
S315080114803080B8F1000F17D033463A462146104846
S31508011490C04700232B630FE0FFF71EFBB2E72118B5
S315080114A00A48F9F7D9F895F895300133DBB2052BD7
S315080114B028BF052385F8953002B0BDE8F08105F10E
S315080114C0380002B0BDE8F041F9F722BBF010002060
S315080114D0581000201FB50023B0F5807F019300F056
S315080114E03C8169D85E2862D85E2862D8DFE810F0A8
S315080114F075006100610061006100610061006100C1
S3150801150061006100610061006100610061006100C4
S3150801151061006100610061006100610061006100B4
S3150801152061006100610061006100610061006100A4
S315080115307500F0007500F00011011101110111018A
S315080115401101F00023017E00A90046017E00F0008A
S31508011550F000F00061006100610061006100610056
S3150801156061006100F000F000F000BF006501F000C5
S315080115706100610061006100610061006100610054
S31508011580610061006100610061001101750075006B
S31508011590750056017E007E007101CE0094001E0181
S315080115A061006100610061006100DB00750080284F
S315080115B07FD0019804B010BDB0F5D06F00F0DE8081
S315080115C044D8B0F5607F00F08A801AD8B0F5007F5C
S315080115D073D005D8B0F5C07FEBD10AF0FDFA6AE001
S315080115E0B0F5207F74D0B0F5407FE2D10AF0F4FA65
S315080115F0924B1B6FC3F380230133B0FBF3F0400812
S3150801160059E0B0F5B06F00F0968017D8B0F5806F45
S315080116107FD0B0F5A06FCCD10021884B0391D3F8C8
S31508011620203203F00703042B06D8022B7AD8012BA4
S3150801163074D0022B00F0E380039B98E0B0F5C06FED
S31508011640B7D1002101A8FDF757FAB2E7B0F5106F37
S3150801165000F0A4800FD8B0F5086F00F0D980A8D89B
S31508011660B0F5E06F00F0A980B0F5F06FA1D1734B2A
S31508011670D3F86031A4E0B0F5406F57D010D8B0F573
S31508011680206F00F0A680B0F5286F92D100216B4B30
S315080116900391D3F8703203F00303012BCCD1AAE0EE
S315080116A0B0F5486F85D100230393644BD3F8943280
S315080116B094E00AF073FA01907BE70AF06FFA5F4B40
S315080116C0D3F89030C3F304630133B0FBF3F0F2E7C8
S315080116D00AF082FA594B1B6FC3F38023F4E7574C80
S315080116E0D4F8802002F00302022A0AD0032A0BD07A
S315080116F0012A0CD10AF052FAD4F88030C3F3011347
S31508011700E2E70AF07DFAF7E74D4B1868F4E7184661
S31508011710F2E7002101A8FDF7FFFB4AE703A8FDF759
S31508011720C5FB89E74FF40043039385E7002101A828
S31508011730FDF7BCFB3DE70021404B0391D3F880310F
S3150801174003F00303022B5ED0032B58D0012B7FF441
S3150801175073AF03A8FDF7E0FB6EE702934FF0E023B2
S315080117601B695A0705D50AF037FA0290029B0193BD
S315080117701FE703A902A8FDF7BFF9F7E72F4BD3F82F
S31508011780003203F00700032812D05B070AD4013898
S3150801179001288CBF00200120C0038CE7274BD3F812
S315080117A00832EEE7042806D10AF016FA800A82E71B
S315080117B04FF47A707FE700207DE7204BD3F840325B
S315080117C003F00303032B20D0003B18BF0123DB03DF
S315080117D0CDE700230393194BD3F8603203F00703CF
S315080117E0013B032B3FF628AFDFE803F002040D099E
S315080117F00021AEE7002103A8FDF77EF91CE70AF0F0
S31508011800FFF9039018E70F4B8EE74FF47A73AEE7AB
S315080118100A4BD3F8003103F00303022B06D0032B3E
S3150801182007D0012B07D1084B1B68A0E74FF40043EB
S315080118309DE7064B9BE7002399E700BF0080005010
S31508011840643E0020002D3101683E002080D5430208
S3150801185008B58020FFF73EFE034B98429EBF4FF422
S315080118608032024B1A6708BD005A620200A0005076
S3150801187008B54FF4C070FFF72DFE0649064A88429F
S3150801188094BF00200120136F23F4806343EA802369
S31508011890136708BD80F0FA02008000502DE9F04F69
S315080118A000254FF4802B9FB0CDE90B55CDE90655A0
S315080118B0DFF88CA30D95CDF828B00FAC0AAF0FCF82
S315080118C008950FC4CDF814A014AC05AF0FCFC44FBB
S315080118D00FC4C44BC44C7B60C44B04F18C08C7E9E4
S315080118E002354546C24EDFF85C93C24B8C2204F1A1
S315080118F0A0000E963B61CDF8249008F0DEFE139603
S31508011900CDF83CB00DF13C0CBCE80F000FC5CDF885
S3150801191050A02E60CDF8609004F1F00514AE0FCEFC
S315080119200FC52020012104F5A073C4E93603C4F8C4
S31508011930D430C4F824313B1DAF4EC4F8EC30AF4B5C
S31508011940C5F800907360AE4B84F82811B360AD4BAF
S3150801195084F8E010C6F80080F360AB4B7361AB4BBB
S31508011960B361AB4B3361EFF31183302282F31188F4
S31508011970DFF8D49299F80050BDB183F31188BFF30B
S315080119806F8F99F8003073B103A8FAF787FF50B93A
S31508011990039B84F8A03099F80030002B3BD194F8CA
S315080119A0A000FDF707FA10250FE189F8001083F367
S315080119B01188BFF36F8F974B1D731D7783F82C50D2
S315080119C083F83C5083F84C5083F85C5083F86C508C
S315080119D083F87C50FDF780FD2120FDF77DFDFF2270
S315080119E08D4B152059609D609D619A624FF00042AA
S315080119F09D631D645A654FF0FF3203F500531A655E
S31508011A004FF40012854BC3F88021802283F81523F1
S31508011A10FEF7ACFBB5E703A8FAF740FF0028BED1ED
S31508011A20039B94F8A00084F80431FAF7F3FE002822
S31508011A30B9D1CDF80480D4F8D8300093D4F89C30C5
S31508011A40D4F8D420D4F88C1094F8A000FDF7B0FE91
S31508011A500028A8D1302294F8A0304FF480115343BE
S31508011A6042F2640203F1A04303F58023995097F9E2
S31508011A701400002808DB012200F01F018A404309EF
S31508011A806649603341F82320FEF770FB0023C4F84A
S31508011A901C31EFF31183302282F31188E66683F352
S31508011AA01188BFF36F8F5E48FEF74CF894F8A000D3
S31508011AB0FAF7D2FE054600287FF475AF40F20153C6
S31508011AC058492927C4E94D130121574E3A20C4E93B
S31508011AD04B67FDF701FD0B46042208212846FDF751
S31508011AE001FB0123022209212846FDF7FBFA012100
S31508011AF03846FDF7F1FC40F6AA63DFF85081DFF8B6
S31508011B005091C8F80410736141F20503474AB5605C
S31508011B104FF42070F565F3603561F561F564C9F830
S31508011B204820B56535657565C9F80410C8F8041007
S31508011B30F3600F46FFF7CEFC4FF4E102430103F5CC
S31508011B406113B3FBF2F33A4A203B02EAC30360226C
S31508011B500221C9F808204FF0040B1422C8F80850CE
S31508011B60DFF8F0A0F361334BB565CAF82017C8F85A
S31508011B705CB07561C3F820274FF40022C3F83827F3
S31508011B804FF41022C3F8302703230A4638460521A5
S31508011B9084F83C312B46FDF7A5FA274B5A46CAF875
S31508011BA0283729462B462846C8F85CB0FDF79AFA25
S31508011BB00223CAF8203705231C4ACAF82C57C9F844
S31508011BC04820C8F804707561736101221B4B03A88C
S31508011BD0CDE90323FDF7A6F828461FB0BDE8F08F27
S31508011BE06C3E0020D9EB000860170020C9EB0008FD
S31508011BF024C005500DF500081014002061FA0008EC
S31508011C0047F900089DFC0008BDEB0008C3EB000876
S31508011C10A50101081C1200200000045000E100E0A3
S31508011C20EC1700200008000900C00550FFFF01005D
S31508011C30F8FF7F0000C0035001000500000807C037
S31508011C40020004003CC00550C016002000D0055013
S31508011C5000E0055000D0035038B50446FCF740FFB4
S31508011C60A04228D009F09AFF012C054602D1214647
S31508011C70FCF762FFEFF3108072B64FF000710E4A5F
S31508011C800E4B51664FF48062611E8A401A675A6E7E
S31508011C90910103D4D3F88420920609D50AF08BFB67
S31508011CA0022C08D12846BDE838400021FCF744BF7C
S31508011CB0D3F88420EBE738BD00600050004000509F
S31508011CC010B50C4C0220FFF7C7FF236F0A4AC3F36E
S31508011CD0802301330021094882F86231FCF72CFF81
S31508011CE0236F43F4806323674FF4803304F58054EC
S31508011CF0236710BD008000506017002000B4C4049B
S31508011D0008B508B909F04AFFBDE808400220A3E76B
S31508011D1038B5054609F060FF0446FCF7E1FE0128DF
S31508011D20D4BF012100212046FCF706FF0020FFF75A
S31508011D30E7FF25B1FFF79CFDBDE8384088E5064970
S31508011D40064A0B6F92F8622123F48063013A43EA4B
S31508011D5082230B67F0E700BF008000506017002060
S31508011D602DE9F04F066804469BB03046FFF7E1FAC5
S31508011D70002800F0BB81204607A9F8F7CFFC0546E5
S31508011D80002840F0B3819DF81C70082F40F0AE8101
S31508011D90237FDA0600F1AA8196F8008008F0070881
S31508011DA0B8F1020F19D18DF81C0007A92046F8F7DA
S31508011DB0EEFC9DF81C10002900F0A281BE4B5B7851
S31508011DC05A1E91420CD08B4209D00133994200F038
S31508011DD0098138461BB0BDE8F08FB74B5978012504
S31508011DE010230C2213FB0523B34D2B44A360237F39
S31508011DF0DB0710D43378204603F00703022B02BF12
S31508011E006B682970AB60F8F7D6FC696820464B1CED
S31508011E106B60F8F7A3FC002320680293FFF789FAA1
S31508011E20002800F0638120460DF10701F8F766FCEA
S31508011E30002840F05B81204602A9F8F77FFC0028BC
S31508011E4040F054819D49029BD1F88000D1F8841055
S31508011E501ABA9DF8075003AB03C3204605928DF8BD
S31508011E601850F8F7B9FCA368861E5FFA86F816F0CB
S31508011E700106139340F0B8800638C0B20C2800F268
S31508011E80B3802046F8F703FD3546074603466A1C24
S31508011E90002B40F0AA80EDB2022D38BF022520465C
S31508011EA0022DC5F10F0918BF5FFA89F9F8F7E7FCA2
S31508011EB0021E18BF0122013DA8F10203EDB25B1013
S31508011EC045EAC30343EA821303A94A4683460DF149
S31508011ED01D008DF81C3008F00FFE0BAA39460F239A
S31508011EE092469945C0F0848007AA114613980AF0CC
S31508011EF0DBF9BBF1000F06D002269DF81D308BEAEF
S31508011F0003038DF81D304A4603A90DF12D008DF8FE
S31508011F102C5008F0F1FD07AB09F11100C9F10F02C8
S31508011F200021184408F0C9FB10238DF864904FF07E
S31508011F3000092046CDE91597CDF850B0CDF85C904B
S31508011F40ADF86060ADF862308DF86580F8F797FCFA
S31508011F508345054652D326688719B7424FD1159B43
S31508011F601D44149B15959D420AD1BDF8603023B1D5
S31508011F7007AA114613980AF097F90023ADF86030BD
S31508011F802046F8F784FC179B169A034493420546A4
S31508011F904FD82046F8F769FC002680462F18474592
S31508011FA048D1179B1D44169B17959D4215D3BDF81D
S31508011FB0603023B107AA114613980AF075F99DF8FE
S31508011FC064200E2A09D802F1110007AB0021C2F1DB
S31508011FD00F0253FA80F008F070FBDDE916329A42D7
S31508011FE06ED0FEE74546FBE6FEE715461B0A4EE7B9
S31508011FF0013B02F8011DDBB2090A72E7FEE7BDF8EB
S315080120006030102B06D107AA114613980AF04CF92D
S31508012010ADF86090BDF860305A1C6833ADF86020A1
S315080120206B4416F8012B13F84C1C4A4003F84C2C48
S3150801203093E7FEE7BDF86230102B12D10FA90F20E6
S315080120400A469DF864C0604505DD11F8013D013376
S31508012050DBB20B706BB3514613980AF025F9ADF84C
S315080120606260BDF8623098F800905A1C6833ADF882
S3150801207062206B4413F82C3C89EA030308F8013BF8
S31508012080BDF86030102B06D107AA114613980AF03D
S315080120900BF9ADF86060BDF860305A1C6833ADF8CD
S315080120A060206B4413F84C2C89EA020903F84C9C0E
S315080120B075E70138C7E700BFCC1300206017002079
S315080120C02046F8F789FBA6880FAA361A51461398AF
S315080120D025680AF0E9F8002207ABA8199DF86510EA
S315080120E08A4205DB237F43F010032377002770E636
S315080120F013F8011B0132DD7F694000F8011BEDE78A
S31508012100012766E62DE9F04F054689B0FEF796FCEC
S315080121108A4C014604F5B478454500D0FEE7D4F863
S31508012120682104F5CC739A4200D0FEE794F884310D
S3150801213098070ED4642384F8943194F86E01F7F75E
S315080121404FFF0646002840F0F480F7F779FD68B19D
S31508012150FEE794F89431022B84BF023B84F894314C
S3150801216094F894314F2BE8D85023E4E731464FF4DD
S31508012170F85009F057FC94F88411714F714D1020ED
S31508012180C1F38001C5F80080C4F8907109F04AFCD2
S3150801219094F88431DFF8C081C3F3C00388F80A30A4
S315080121A0D8F80C3073B12C6863695BB94FF0FF300E
S315080121B008F050FF40F6B8322B6820615A610123B6
S315080121C088F80A30D5F80090D8F80C30D9E9040215
S315080121D08BB199F81C10C9070DD41044A0301FFA09
S315080121E083F8FEF785FC04464846FEF79FFC10B1C6
S315080121F0A0F8048044802868FFF7B2FDEFF3118840
S31508012200302383F311880121022009F00BFCF7F72B
S3150801221017FD00B9FEE72B6803B9FEE79B884FF067
S31508012220000B8DF80B300123DFF830911A460DF1BA
S315080122300B01D9F8000008F0D3FE9DF80B20296898
S31508012240023A002392B20968D9F8000008F0C8FEDC
S315080122503D4BCDF814B006932B68CDF81CB093F816
S315080122602C2020208DF814201B6805AC93F800A0BB
S31508012270CAF3401A09F0EEFB50B1FEF7FBFE5946C8
S31508012280202009F0CFFB59464FF4004009F0CAFB5C
S3150801229029684B690BBB102009F0DCFBA0B12A6841
S315080122A02A4B117E1C33997029490978D97091797D
S315080122B000945246D9F8000008F018FD38B34FF4D7
S315080122C0805009F02FFE22E0296823465246897973
S315080122D0D9F8000008F008FDF0E7002296200492DC
S315080122E00A6989791344194AA3F59B73908528329B
S315080122F00092019403935246D9F8000003AB08F003
S31508012300F7FC0028DBD10121402009F08BFB88F37B
S315080123101188BFF36F8F4FF4805009F09BFB40B1D2
S3150801232097F8C8302BB1BB6D1BB10121FA6D09486D
S315080123309847304609B0BDE8F08F00BF6017002006
S3150801234058100020A414002020A107006C3E00208C
S31508012350603E0020C81800203C16002030140020DA
S3150801236008B5C36800209847024B1868BDE80840BD
S315080123700AF021B8C416002070B50E46044688B086
S3150801238020B390F83450C5B10121FAF7DEFA0021DD
S315080123900F4BCDE90311CDE90113237CCDE90511D5
S315080123A08DF81C6063B90B4901AA04F10800FAF714
S315080123B0D9FAE06B069DFFF7D3FF284608B070BD32
S315080123C02046054A01ABFAF7F1FCF2E70546F4E7C0
S315080123D0FFFF0F008B870008E5CF0008F7B50E460B
S315080123E0054650B390F834304BB3164F0121FAF72E
S315080123F0ACFA284614490DF1070307F13C02FAF72E
S315080124004CFD044660B99DF80730012B0ED1FB6CD3
S31508012410082B10D1024631462846FCF7BFFF044671
S31508012420E86BFFF79DFF204603B0F0BD022B14BFF2
S315080124302D246024F4E76324F2E72124F3E7112429
S31508012440F1E700BF6017002000710800F7B50446E0
S31508012450484D0E460221FAF778FA204646490DF10B
S31508012460060305F13C02FAF718FD38B16369072B33
S3150801247012D8E06B03B0BDE8F04071E79DF806207D
S31508012480012AF3D1EB6C082BF0D131462046FCF733
S3150801249085FF0028EAD1ECE700258DF8075020468C
S315080124A06169FAF725FA276B87420AD2236AB5EBDF
S315080124B0430F06D220460DF10701FCF7ADFE0028B1
S315080124C055D09DF80730012B04D120460DF107019F
S315080124D0FCF7A2FE08212046FAF70AFA256B85427F
S315080124E0C7D3264D4FF0FF312846FAF76CFA224B2F
S315080124F000222B6008232946C5E9036320460123E8
S31508012500FAF723FE236E002BB3D020466169FAF74A
S31508012510EFF9626E236B024493422CBF002201221B
S3150801252098422CBF00231B1A207C84F8502063652F
S3150801253084F8580070B100212046FFF71DFF0121DC
S3150801254005462046FFF718FFE3682844984294BFDA
S315080125500020C01A94F85030E0651BB994F8583039
S31508012560002B86D0236E04F15000984781E7013588
S3150801257095E700BF601700200071080020170020AA
S3150801258000F00CB800F00AB800F008B800F006B878
S3150801259000F004B800F002B800F000B872B61EF0F8
S315080125A0080F09D01EF0040F0DD0DFF850E0AEE891
S315080125B0FF1F6FF002000CE0DFF840E0AEE8FF1FF6
S315080125C06FF00E0005E0DFF834E0AEE8FF1F6FF0AC
S315080125D006006946EFF309828EE807008646084831
S315080125E0084C854501D3A54501D384F30888F7F737
S315080125F069FD84F30888F7F757FD0000603D002060
S31508012600480000200810002008B5064B044613B1FF
S315080126100021AFF30080044B1B6803B1984720469D
S31508012620FEF785F800000000D839002070B50D4D79
S3150801263000260D4C641BA410A64209D10B4D002699
S315080126400B4C09F0FDFE641BA410A64205D170BD12
S3150801265055F8043B01369847EEE755F8043B013631
S315080126609847F2E7B43F0020B83F0020B83F002062
S31508012670BC3F00201FB514461A46094B05461B6880
S31508012680D86854B9074B1C4600910749CDE901346E
S315080126902B4600F0B1F808F0ADF9044BF4E700BF9A
S315080126A0003F002020CA0108AD020208A002020864
S315080126B0002310B504468360818119464366C281A9
S315080126C008228361C0E90033C0E904335C3007F0AE
S315080126D0F4FF0D4B246263620C4BA3620C4BE3625D
S315080126E00C4B23630C4B9C4206D003F168029442BF
S315080126F002D0D0339C4205D104F15800BDE8104000
S3150801270007F0E3BF10BD00BFF9A501081BA6010824
S3150801271053A6010877A60108A0380020024A0349F2
S31508012720034807F0ACBF00BFF43E002089A90108A1
S31508012730043F002041680C4B994210B5044601D06C
S3150801274008F022F9A168094B994202D0204608F0FF
S315080127501BF9E168064B994204D02046BDE81040B2
S3150801276008F012B910BD00BFA038002008390020B2
S315080127707039002010B50B4B04210B4C0B4A20462F
S315080127801A600022FFF794FF04F16800012209216B
S31508012790FFF78EFF04F1D00002221221BDE8104096
S315080127A0FFF786BFD8390020A03800201D27010869
S315080127B0014807F08BBF00BF213D0020014807F003
S315080127C086BF00BF213D002010B50446FFF7F0FF84
S315080127D0236A1BB1BDE81040FFF7F0BF044B236223
S315080127E0044B1B68002BF5D1FFF7C4FFF2E700BFC6
S315080127F035270108D83900200EB403B503AB0146C5
S31508012800054853F8042B0068019300F019F802B043
S315080128105DF804EB03B07047003F002038B5044665
S31508012820064D0846114600222A601A46FDF78DFF15
S31508012830431C02D12B6803B1236038BDDC39002063
S315080128402DE9F04F0D469DB014469846064618B137
S31508012850036A0BB9FFF7B8FF6B6ED90705D4AB89C5
S315080128609A0502D4A86D07F031FFAB891B0701D57C
S315080128702B699BB92946304600F0FAF870B16B6EA0
S31508012880DC0704D54FF0FF301DB0BDE8F08FAB89EA
S315080128909805F7D4A86D07F01AFFF3E70023CDF8DA
S315080128A00C804FF00109DFF8B481099320238DF8D4
S315080128B0293030238DF82A3023469A4613F8012BFE
S315080128C00AB1252AF9D1BAEB040B0BD05B4622468D
S315080128D02946304607F013FF013000F0A780099A10
S315080128E05A4409929AF80030002B00F09F80002381
S315080128F04FF0FF320AF1010A049307938DF853301A
S315080129001A93CDE9052354460522544814F8011BA8
S3150801291008F062F8049AD8B9D10644BF20238DF885
S315080129205330130744BF2B238DF853309AF80030E0
S315080129302A2B15D0079A544600204FF00A0C214637
S3150801294011F8013B303B092B4BD9B0B1079214E082
S31508012950A0EB0803A24609FA03F313430493D2E74B
S31508012960039B191D1B68002B0391BBBF5B4242F0F9
S31508012970020207930793B8BF049223782E2B0AD134
S3150801298063782A2B32D1039B02341A1D1B6843EA4A
S31508012990E37303920593DFF8D4A003222178504606
S315080129A008F01AF838B1A0EB0A004022049B01345A
S315080129B082401343049314F8011B062228488DF814
S315080129C0281008F009F800283FD0264B1BBB039BAB
S315080129D0073323F0070308330393099B3B44099301
S315080129E06AE70CFB02320C460120A8E700230134F2
S315080129F04FF00A0C19460593204610F8012B303A78
S31508012A00092A03D9002BC6D00591C4E70CFB01217D
S31508012A1004460123F0E703AB2A4604A9304600938E
S31508012A20114BAFF300800746781CD6D16B6ED907D8
S31508012A3005D4AB899A0502D4A86D07F048FEAB897F
S31508012A405B063FF51FAF09981EE703AB2A4604A9A3
S31508012A5030460093044B00F061F8E4E7DC02020813
S31508012A60E602020800000000FFA60108E2020208C9
S31508012A7038B5294B05460C46186818B1036A0BB9CF
S31508012A80FFF7A2FEB4F90C30190722D4DA0607D4E7
S31508012A9009222A6043F040034FF0FF30A38133E057
S31508012AA0580712D5616B41B104F14403994202D02A
S31508012AB02846FDF70FFD00236363A38923F024034A
S31508012AC0A3810023636023692360A38943F0080374
S31508012AD0A38123694BB9A38903F42073B3F5007F56
S31508012AE003D02146284607F0CBFFB4F90C3013F082
S31508012AF001020AD00022A26062695242A2612269D9
S31508012B0042B913F08000C5D138BD990758BF62692B
S31508012B10A260F4E70020F7E7003F00202DE9FF4710
S31508012B200F7E914680460C46782F9A460C9E01F1F7
S31508012B30430207D8622F0AD8002F00F0DD80582FEC
S31508012B4000F0C38004F1420684F842703AE0A7F126
S31508012B506303152BF6D801A151F823F0B52B01080B
S31508012B60C92B0108452B0108452B0108452B0108EE
S31508012B70452B0108C92B0108452B0108452B0108DE
S31508012B80452B0108452B0108DF2C0108572C0108A4
S31508012B90972C0108452B0108452B0108012D010831
S31508012BA0452B0108572C0108452B0108452B01081F
S31508012BB09F2C010833681A1D1B68326004F142060E
S31508012BC084F842300123A8E031682368081D306083
S31508012BD01E0601D50D6803E05D06FBD5B1F9005067
S31508012BE0002D616878DA2D200029A16084F8430058
S31508012BF02DDA6D425D480A231646B5FBF3F103FB50
S31508012C001157C75D06F8017D2F460D46BB42F4D91B
S31508012C10082B0BD12368DF0708D523696168994218
S31508012C20DEBF302306F8013C06F1FF36921B22610E
S31508012C304B4603AA21464046CDF800A007F0AFFD52
S31508012C4001306FD14FF0FF3004B0BDE8F08723F0B3
S31508012C5004032360CDE721683368080653F8045B4B
S31508012C6002D4490648BFADB26F2F33603F4814BF3F
S31508012C700A230823002184F843106668002EA660FB
S31508012C80BADB216821F004012160002DB4D1002EA0
S31508012C90B2D11646BCE7236843F0200323607827A0
S31508012CA03348236884F845701F06316851F8045B78
S31508012CB002D45F0648BFADB23160D90744BF43F0BD
S31508012CC0200323601DB11023D4E72848E9E72368C8
S31508012CD023F020032360F6E724480A23CDE7336867
S31508012CE02568181D616930602E061B6801D51960B3
S31508012CF002E06806FBD5198000231646236197E78B
S31508012D00336800211A1D32601E686268304607F072
S31508012D1063FE08B1801B606063682361002384F841
S31508012D20433085E72369324649464046D047013054
S31508012D3088D023689B0714D4E068039B9842B8BFE0
S31508012D40184681E70123324649464046D0470130B5
S31508012D503FF478AF0135E36803995B1AAB42F1DCBE
S31508012D60EAE7002504F11906F5E700BFED020208B6
S31508012D70FE02020838B50023054D044608462B60B5
S31508012D80FDF7D2FC431C02D12B6803B1236038BD81
S31508012D90DC39002038B50446064D0846114600229E
S31508012DA02A601A46FDF7CDFC431C02D12B6803B1F4
S31508012DB0236038BDDC39002038B50446064D08467F
S31508012DC0114600222A601A46FDF7BDFC431C02D1B2
S31508012DD02B6803B1236038BDDC390020024B01465C
S31508012DE0186807F096BE00BF003F002038B50023DB
S31508012DF0064D0446084611462B60FDF799FC431C0F
S31508012E0002D12B6803B1236038BD00BFDC3900202D
S31508012E1038B50023054D044608462B60FDF78CFCA2
S31508012E20431C02D12B6803B1236038BDDC3900206D
S31508012E3038B50023064D0446084611462B60FDF7B2
S31508012E407DFC431C02D12B6803B1236038BD00BF4A
S31508012E50DC39002007B5009313460A4601460348A4
S31508012E60006807F088FE03B05DF804FB003F002008
S31508012E700CB4184B30B50C1E9DB01D6808DA8B23AF
S31508012E804FF0FF302B601DB0BDE8304002B07047EF
S31508012E904FF402730290069002A9ADF8143014BFDC
S31508012EA004F1FF332346209A2846049307934FF6E5
S31508012EB0FF73ADF8163021AB019300F00DF8431CF2
S31508012EC0BCBF8B232B60002CDDD0029B00221A701D
S31508012ED0D9E700BF003F00202DE9F04F98468B89BE
S31508012EE09DB007461B060D46144610D50B6973B9E6
S31508012EF04021FDF7E6FA2860286130B90C233B60CA
S31508012F004FF0FF301DB0BDE8F08F40236B61002301
S31508012F10CDF80C804FF00109DFF8A0810993202331
S31508012F208DF8293030238DF82A3023469A4613F82E
S31508012F30012B0AB1252AF9D1BAEB040B0BD05B4652
S31508012F4022462946384607F049FE013000F0A78097
S31508012F50099A5A4409929AF80030002B00F09F808A
S31508012F6000234FF0FF320AF1010A049307938DF803
S31508012F7053301A93CDE90523544605224F4814F8D0
S31508012F80011B07F029FD049AD8B9D00644BF2023AE
S31508012F908DF85330110744BF2B238DF853309AF817
S31508012FA000302A2B15D0079A544600204FF00A0CF8
S31508012FB0214611F8013B303B092B4BD9B0B1079299
S31508012FC014E0A0EB0803A24609FA03F3134304939A
S31508012FD0D2E7039B191D1B68002B0391BBBF5B42FC
S31508012FE042F0020207930793B8BF049223782E2B67
S31508012FF00AD163782A2B32D1039B02341A1D1B6826
S3150801300043EAE37303920593DFF8C0A0032221780C
S31508013010504607F0E1FC38B1A0EB0A004022049BB8
S31508013020013482401343049314F8011B06222448F1
S315080130308DF8281007F0D0FC002836D0214B1BBB91
S31508013040039B073323F0070308330393099B334490
S3150801305009936AE70CFB02320C460120A8E7002314
S3150801306001344FF00A0C19460593204610F8012B36
S31508013070303A092A03D9002BC6D00591C4E70CFBBF
S31508013080012104460123F0E703AB2A4604A9384681
S3150801309000930D4BAFF30080421C0646D6D1AB898F
S315080130A05B063FF52DAF09982CE703AB2A4604A921
S315080130B038460093044BFFF731FDEDE7DC020208C1
S315080130C0E602020800000000DDAB0108E202020880
S315080130D0014807F02DBE00BF690345EC1046044AB6
S315080130E01368591E033102D8002111601847704729
S315080130F0503F0020034B1868034B002808BF1846A9
S31508013100704700BFE039002038030208014807F07C
S31508013110C2BF00BFE839002013B50B4C0229226053
S3150801312005D10A4807F0B7FF002002B010BD0A46CC
S3150801313000930146064B054807F08EFF003818BF75
S3150801314001204000F1E700BF503F0020E839002088
S31508013150DD300108014807F0AFBF00BFE83900209C
S315080131600021014807F0CABFE839002008B5064B17
S315080131701B68013305D0FFF7EDFF80F00100C0B2EF
S3150801318008BD0020FCE700BF503F00202DE9F843A9
S31508013190DFF860900646D9F8008008461746B8F168
S315080131A0000F03D00E242046BDE8F88306B3336822
S315080131B001331DD1E1B100F075F805460028F1D0BB
S315080131C0C9F8000000F0DAF8284607F0B8FD044609
S315080131D040B14046C9F8008000F0D0F8284607F00B
S315080131E0A9FDE0E73560002FDDD02846B847DAE7C4
S315080131F02124D8E7E4390020024B1868003818BFA3
S3150801320001207047E439002038B50C4601F0F8FD75
S31508013210A3780B4A13705A1E55425541A8420CD041
S31508013220012B04D02846BDE8384001F0CBBD204625
S3150801323001F0B8FD0028F5D038BD0020FCE700BF35
S31508013240223D0020002108B5024B08465B689847D5
S31508013250002008BD6C3F002010B5FFF74BFF0D4B52
S315080132600C461A1A534253418B4201D1002010BD14
S31508013270094B1B683BB9094A064B002C08BF134684
S31508013280074A1360F2E708F03FF80028F3D0022056
S31508013290EDE700BF10030208E439002038030208ED
S315080132A0E0390020F8B5044609F077F80026074604
S315080132B00E4B1B6893B19E68AEB196F82420D207CF
S315080132C011D435460FCC0FC50FCC0FC523682B601B
S315080132D096F8243043F0010386F82430384609F07D
S315080132E06AF83046F8BD1B68E4E700BF603F002076
S315080132F0431E033306D8044B984228BF1846642850
S3150801330038BF6420704700BF40420F0038B5184BDC
S3150801331005461B680C4603B1984744B1236833B187
S315080133201B68013303D0E3680BB1A36843B908F0FE
S315080133307FFA00209122412100F0C4FA212038BDEC
S31508013340204603F087F800230A4A85F84831C5E97B
S315080133503A4313605360636943B1074A42211068CF
S31508013360B322C31A5842584100F0ACFA0020E6E7E6
S315080133703C3C0020543F00206C3C002010B504461C
S3150801338018B9054B054A136010BD00F0AFFDD4F816
S31508013390F430002BF6D1F4E711AE0108643F0020A2
S315080133A0084B10B4002A14BF14461C46064B1C6071
S315080133B019B15DF8044B07F038BD08465DF8044BB2
S315080133C0704700BF11AE0108643F002008B50246E8
S315080133D00868FFF78DFF08604868FFF789FF4860AE
S315080133E08868FFF785FF8860C868FFF781FF0B6962
S315080133F0C860581C03D00B48834228BF03460B619B
S315080134004B69581C03D00748834228BF034688697D
S315080134104B61FFF76DFFBDE808408861104601F072
S3150801342051BC00BF40420F00D0F8EC302DE9F04105
S3150801343005460C4613B1038E8B424CD0D5F8E830BD
S31508013440002B4BD09E68002E48D0D868002845D05E
S31508013450013800B200281ADB002106E0128A591C3D
S31508013460A24217D209B2884211DB0B1803EBD373B8
S315080134705B1003EBC30206EB8202B2F80EC003F13E
S31508013480FF3EA445EAD90FFA8EF08842EDDA2120EB
S31508013490BDE8F0814FF6FF7299B29142F7D09BB21F
S315080134A003EBC30306EB83062846B6F9122095F803
S315080134B03C11D5F8FC80FDF7A5F90746B8F1000FD0
S315080134C004D00023324628461946C0472C86C5F83B
S315080134D0EC6085F845710020BDE8F0810E20BDE855
S315080134E0F08100BF2DE9F04782B004460F46164623
S315080134F001F08CFC00287CD1584D2B68D4F8E89053
S31508013500D4F8EC8013B14B4500F087804FF0000AE0
S31508013510AF6002F055F90128074604D001210022BF
S31508013520084607F047FC204608F08DF8002851D1D7
S315080135302B68D9F80010D8F8002013B1186888420A
S3150801354078D0204608F050F8454BC5F800901A780F
S31508013550C5F804808DF807606ABBD4F8FC50002DC5
S315080135606FD0114620460DF10703A847204601F002
S3150801357013FF0546BAF1000F00D08EB1B5FA85F0F2
S315080135804FF480623321400900F09CF93146204608
S3150801359002F02AF8334B0546414620461B689847F0
S315080135A0D4F898304BBB012F01D06DBB00252846B6
S315080135B002B0BDE8F087D4F8EC30B4F9481023B16D
S315080135C0B3F912309942A8BF19463246204601F08E
S315080135D037FECBE794F825309A07A9D5D4F8A03059
S315080135E05B05A5D5204B0122002120461B6898477B
S315080135F09EE70023194D6B607FE700224FF40073A5
S31508013600204600F083FCCEE7184B00215B680320B7
S315080136109847284602B0BDE8F0876B68002B3FF44F
S3150801362075AF43457FF472AFAB689F42BED04FF08A
S31508013630010A6DE7696811B10968914284D0596830
S315080136407FE794F82A1094F845313246994228BF03
S315080136501946204601F0C2FD88E700BF543F002005
S31508013660DC010208643F0020403C00206C3F00203A
S31508013670F8B50F46054608F090FE3946064628462F
S31508013680FFF7D2FE044620B1304608F094FE2046E4
S31508013690F8BD02F075F8224639462846FFF722FF9B
S315080136A004460028F0D1284607F0CDFF0028EBD0C4
S315080136B095F8253013F002030DD0D5F8A0305B0537
S315080136C00DD5B5F83631BB420BD0B5F83831DB1B11
S315080136D0B3FA83F35B09044A82F8F430D4E7234644
S315080136E0F9E70123F7E700BF003E00B070B50446CD
S315080136F00E4608F052FE314605462046FFF7B8FF4A
S31508013700044620B9044B01465B68032098472846BE
S3150801371008F051FE204670BD6C3F002070B5044686
S3150801372000200D4608F088F8094B1B784BB9D4F8E8
S31508013730FC6036B129462046B446BDE870401A46B3
S31508013740604729462046BDE8704007F03CBF00BFE8
S31508013750DC01020813B56946044607F0DCFB0C4B8D
S315080137601B783BB19DF800300C2B03D0B4F94E0001
S3150801377002B010BD204607F008FEFF28024605D014
S3150801378020469DF80010FDF73FF8F1E70148EFE7FD
S31508013790DC0102080080FFFF30B4064DBDF9084080
S315080137A02D781DB1029430BC07F010BF0E2030BC35
S315080137B0704700BF2B3D0020F0B507460E4615465B
S315080137C085B00AB9D0F898502946384607F0B3FBB0
S315080137D0EB0702D5384604F0A1FF02F0B3FAEC462E
S315080137E0254B04460FCB05F480358CE80F00002ED7
S315080137F02ED0FF2C0DD1336800937368019385B1E0
S31508013800009B01332ED122466146384607F078FAE5
S315080138100CE056F8242004AB03EB840343F8102C80
S31508013820D5B922466146384607F09DFF70B96EB193
S31508013830FF2C0FBF009B04AB03EB840353F8103C2A
S3150801384005BF3360019B46F82430736005B0F0BDAF
S31508013850002DE6D0FF2CD3D004AB03EB840353F839
S31508013860103C00E0019B0133CDD022466146384623
S3150801387002F002FADAE700BF6C03020808B50B4644
S315080138800249194007F049FB002008BD070011004D
S31508013890024B1860024B1960FEE700BF003C00208E
S315080138A0683F002038B5044D044C054B286021605B
S315080138B01A60FFF7EDFF38BD003C0020683F002085
S315080138C0043C002010B550B90548064B016006486E
S315080138D002601868054B18601868FFF7E3FF10BD0A
S315080138E0683F0020E4390020043C0020003C002009
S315080138F0054B1B680BB918467047834201D01B69F3
S31508013900F8E70120704700BF0C3C0020094A1368FC
S315080139100BB918467047834207D11B69012013600A
S31508013920054A1368013B1360704703F110021B69CE
S31508013930EEE700BF0C3C0020083C00202DE9F74FBC
S31508013940064608F024FDDFF82881012398F800B01F
S31508013950DFF820910190BBF1000F06D089F80030FD
S3150801396003B0BDE8F04F08F00DBD3F4F88F80030B1
S3150801397089F800B007F0F6FB08B107F0F1FB3D68DE
S315080139803A495DB9DFF8F0A0DAF800200024AA4226
S315080139903B682ED84FF0FF3134483AE06B7D8BB146
S315080139A02B68B34202D09A1B8A420BD96A68134420
S315080139B02B60AB68003A18BF0122003B18BF0123F0
S315080139C06A75AB752D69DCE7907D20B1107D88425B
S315080139D09CBF014614461269002AF5D1002CD9D09C
S315080139E094E80B00A275411AE2682046984701350A
S315080139F0CAE71A46FF21EFE75A7D4AB11A68B24269
S31508013A0024D0921B824221D8914201D311461C46E9
S31508013A101B69002BF0D15CB12046FFF777FF38B15F
S31508013A203B683C602361DAF800300133CAF800309C
S31508013A303B685A7D6AB907F091FB064699F800304A
S31508013A40002B95D1019888F8003089E71C4600219A
S31508013A50DEE7186800F0D2F8044607F07FFB064651
S31508013A60002C85D1EAE700BF0C3C0020FCFFFFBF14
S31508013A70243D0020233D0020083C002038B505469A
S31508013A8008B31822002106F018FE08F080FC024649
S31508013A902846FFF72DFF20B1104608F073FC0220D7
S31508013AA038BD0A4B1C6854B909491D600B68104694
S31508013AB001332C610B6008F065FC2046F0E704F140
S31508013AC010032469EFE72120EAE700BF0C3C002038
S31508013AD0083C002038B50446FFF70AFF08F057FCF2
S31508013AE005462046FFF704FF637D23B9284608F0FB
S31508013AF049FC0E2038BD00236375064B1B68A3429B
S31508013B0003D107F02BFBFFF719FF284608F03AFC0B
S31508013B100020EFE70C3C00202DE9F84FDDF828904E
S31508013B20984604460D469246FFF7E2FEDDF830B0A8
S31508013B3008F02DFC074607F011FB06462046FFF75D
S31508013B40D7FE637D23B12046FFF7C4FF0023A37583
S31508013B50BAF1010F21D175B9B8F1000F1FD1B9F129
S31508013B60000F03D05A4631462046C847384608F062
S31508013B7009FC002017E035440C4BAA1B9A420ED8C3
S31508013B80012363759DF82C30304684E8200323759C
S31508013B90C4F80CB0FFF7D2FEE8E7AE42ECD13846DE
S31508013BA008F0F0FB2120BDE8F88F00BFFCFFFFBF3E
S31508013BB02DE9F04107468846FFF79AFE08F0E7FB2C
S31508013BC03D68064607F0CAFA7B7D7BB185420DD072
S31508013BD0094B2C1A9C4209D8304608F0D3FBB8F198
S31508013BE0010F08BF25462846BDE8F081304608F092
S31508013BF0C9FB0025F7E700BFFCFFFFBF0023024A08
S31508013C00194600F07DBA00BF27B101082DE9F04138
S31508013C108AB001AB0C46054624221846134906F01C
S31508013C206BFF0027002C08BF0446384604F10C0632
S31508013C3090B95FFA87F842462846218807F006FDBB
S31508013C4050B942462846E18807F011FD20B9424697
S31508013C503146284607F01EFD0137032F06F10806EF
S31508013C6004F10204E4D10AB0BDE8F081A003020818
S31508013C70F0B589B005460E4601F05CFE044600BB68
S31508013C8001AC06F10C070FCF0FC497E8070084E8CB
S31508013C90070001A92846FFF799FB2846311D07F0B9
S31508013CA05CF9044648B92846074900F0C1FF0446AD
S31508013CB018B9284601F008FE044628463168FFF778
S31508013CC0A5FF204609B0F0BD98030208024B002261
S31508013CD0196807F04BBA00BF4C010208024BD868B5
S31508013CE0C0F30360704700BF000002B810B5054C69
S31508013CF0237823B104F058F80020207010BD0E2057
S31508013D00FCE700BF273D002008B504F01BF8012297
S31508013D10014B00201A7008BD273D00202DE9FF47F9
S31508013D208F7880460F2F0D4603D9212004B0BDE8B0
S31508013D30F08727B901224A4B1A700020F6E70E7858
S31508013D404C7826BB002CF0D1E88803F01DFAC3098C
S31508013D5043EA4163C01A61EBD11103F047FAFF2820
S31508013D608146E2D056EA0403A888DFF80CA113D0ED
S31508013D7003F0AEFA4FF60403BAF8002001469A4258
S31508013D8068D1B442234638BF3346002431E0082EB1
S31508013D90CBD8082CC9D8D7E703F09AFA4FF604030B
S31508013DA0BAF8002001469A4208D12E4B1B6E9BB2E7
S31508013DB0934208BF4FF60503AAF80030B1F5803FD4
S31508013DC0284B0FD902221A668022C3F880200823BD
S31508013DD001241E4649084FF6FF720139914228BF50
S31508013DE0114608E0012480221C66C3F880200823B6
S31508013DF01E460029EFD1002202920122013FFFB29D
S31508013E0000920197324608F5827003F0F3F81CB167
S31508013E104FF48012144B5A6595F90310484603F07E
S31508013E2001FA0221114BAA681A600D4B197098F80C
S31508013E302E30013B8B4280D8032301200C4AC2F85D
S31508013E4050320C4BC3F85002C2F864120422C3F86C
S31508013E50642272E703480266AAF8003091E700BFB8
S31508013E60253D002000C001B800D001B81C3C002047
S31508013E70006001B8005001B8A43F0020F8B5044617
S31508013E800F46164608F089FA0546A047044620B1AA
S31508013E90284608F090FA2046F8BD06F03BF80422B9
S31508013EA00549D1F8083F23EA07033343C1F8083F18
S31508013EB0024B5A64ECE700BF003000B0002002B89C
S31508013EC000F01803182B0BD003070BD440F201138B
S31508013ED010F0100018BF1846034BC3F8940070473A
S31508013EE00020F9E70120F7E7003F00B038B1036881
S31508013EF0044A002B08BF1346034A13607047014B57
S31508013F00FAE700BF43B20108803F002010B4D0E9A8
S31508013F10584122400B4052EA030104D003495DF897
S31508013F20044B096808475DF8044B7047803F002039
S31508013F300F2938B505460C4610D801F041FC012871
S31508013F400ED1084A2846D2F8803023F00F032343BE
S31508013F50C2F8803007F0FCFB002038BD2120FCE7C1
S31508013F600220FAE7003F00B008B50E4B5A6C12F072
S31508013F70A00F01D0002008BD9B6C5B070FD40A4B2C
S31508013F80D3F8083F23F07F4323F0FF033BB1FFF744
S31508013F90A5FE0928EED00C3818BF0120EBE7012051
S31508013FA0E9E700BF000002B8003000B0074A084B35
S31508013FB030B10221C2F864120422C3F864227047A0
S31508013FC00421C2F864120222F7E700BF006001B8B3
S31508013FD0005001B870B50D46064620B91A4B1B6844
S31508013FE0CBB10E2016E001F0EBFB01282AD1174BC5
S31508013FF0D6F8F00093F9004007F0B0FAC4F11C04B2
S31508014000241A641BC4F12B03002BB8BF5B42232B74
S315080140100CDD212070BD01F10F03002BB8BF5B42F7
S31508014020232BF6DC094B19700020F3E786F8285094
S3150801403008F0B3F9054660B201F002F8284608F01F
S31508014040BAF9F1E70220E5E7E4390020263D002028
S3150801405010B501F053FB04F037FB08F09EF90A4A44
S315080140600121D2F8D83E044623F02003C2F8D83EEF
S315080140700222064B08469A60054B5B68984720461C
S3150801408008F099F9002010BD003000B0001002B800
S315080140906C3F002008B507F0D5F88022024BC3F81B
S315080140A09000024B1A6108BD003F00B0000002B83B
S315080140B0014B1868704700BF283C002037B508F047
S315080140C06CF90123002200240093002305461946B2
S315080140D01046019405F01EFD052002F07DFE064BF3
S315080140E021461C60054B02205B689847284608F064
S315080140F062F9204603B030BD303C00206C3F0020F9
S315080141002DE9FF4102290D4616469846039004D12A
S31508014110FFF7D4FF04B0BDE8F08108F03EF91E4F61
S3150801412004463B683BB1B34205D008F044F9002385
S3150801413021203B60EEE7194B0022C3F800803E6060
S31508014140002301264FF000081046194601960096ED
S3150801415005F0E0FC124B052083F8008002F03CFED6
S3150801416043462A46052003A902F054FE0D4B039A3D
S315080141701A6008B92046D8E70B4D2B6898472128BD
S3150801418004D0204608F017F90020C3E731466B68CA
S3150801419002209847F5E700BF303C00202C3C002060
S315080141A0293D0020283C00206C3F0020044B5B6E13
S315080141B09B044EBF0120034B187800F0010070479D
S315080141C000C001B8293D002090F82730023B022B98
S315080141D005D84B7C2BB1012B05D0022B05D007F056
S315080141E0ACB803487047034870470348704700BF97
S315080141F020A1070048E8010040420F000A78022A78
S3150801420011D0101F4242424152004B781201022B33
S315080142100BD0191F4B424B415B000549054842EA41
S315080142208312FFF72BBE0122EFE70123F5E700BF53
S31508014230F0FFFF00095801080B78022B10D0181F50
S31508014240434243415B004A78022A0BD0111F4A4276
S315080142504A4152000F21044843EA8202FFF70EBE83
S315080142600123F0E70122F5E735580108D0F8B03007
S3150801427010B5994204460ED0C0F8B01002F004FAFF
S315080142800649A4F840010123054AD1F8FC1004F5B2
S31508014290827004F0A5FB002010BD00BF004F00B0DE
S315080142A0A43F00B02DE9F74304460F4615461E46BE
S315080142B0FFF75AFE38B3A38A2BB3204606F0AFFEA2
S315080142C078B9754BD3F8082F1EB10E2003B0BDE897
S315080142D0F08302F03003102BF7D002F0C002402A17
S315080142E0F3D0DFF8DC8104F0EFF9D8F81430D907F8
S315080142F0EBD508F052F80646032002F071FE20B10C
S31508014300304608F058F80220E0E7D8F8142012F0F1
S315080143100608F5D1304608F04EF85F4B4FF40061B8
S315080143202046D3F8089FD3F8E06E05F059FF40B14F
S315080143304FF400720121594B08465A64424606F069
S3150801434039FD94F825309A0707D5D4F8A0305B05CE
S3150801435042BF4FF40022524B5A6439462046FFF7B2
S3150801436087F94D4BC3F8089FC3F8E06E0028ADD115
S3150801437094F82430980601D4002D4ED0C5F3400098
S3150801438004F0ACFD022315F4807F1FBF444A0021C7
S3150801439053644FF03A420BBF404A916153645363E9
S315080143A005F0B8FD4FF4806315F0040F14BF3D4ABC
S315080143B03D4A3A4E1365042328467364FFF780FD88
S315080143C0204607F004F838B14FF4807315F0010F51
S315080143D016BF334A73645364A90647D54FF6FF726D
S315080143E0B4F8423093420FD0304A3149526F100C1B
S315080143F0C2F301120132B3FBF2F30880294A2A49B2
S315080144002C481B0448675367003D18BF012594F8DB
S31508014410243065F3451384F82430204607F013F950
S31508014420F0B1204606F0D3FFD0B14FF40031204653
S3150801443005F0D6FE431C03229BB21F4801A907F0CB
S31508014440EEF99DF8042002F00703052B9DF80530C7
S3150801445015D112070DD443F48073184AC2F8E8300F
S31508014460002003B0BDE8F04307F0E6B901F068F9AA
S31508014470CAE713F0040F09D19DF80630EBE703F0FC
S315080144803002202A05D113F0010FF4E74FF48073A7
S31508014490E3E79DF80630E0E7003000B0002002B8F7
S315080144A0001002B8005001B8006001B8004001B818
S315080144B0A63F00200000FFFF0C0000BA003E00B036
S315080144C000C001B82DE9F3410646884615461F4640
S315080144D007F063FF0446032002F082FD38B1204647
S315080144E007F069FF0E24204602B0BDE8F0810420DA
S315080144F002F076FD0028F2D1204607F05CFF012381
S315080145002A4641463046FFF7CDFE04460028EAD141
S31508014510DFF8D0806FB388F8000039463046FFF7D8
S31508014520FDFB00284FD198F80030012B1ED0202220
S31508014530264B5A64264BD3F89030B3F5817F20D2A7
S31508014540012007F095F907F028FF224B06461B685C
S315080145500193D3B902F0A0FD15F0800527D10120FA
S3150801456002F0F6FD284604F0B7FB26E004F0CAFB84
S31508014570B9E798F80030012BF8D0002BD7D12124C0
S31508014580B1E78022144B1A61DAE7042002F024FC11
S3150801459000230122042001A902F03CFC0028D9D1FC
S315080145A004F0D6FC2124304607F005FF9BE70022DC
S315080145B00A4B01209A6702F0CBFD094B01215B6882
S315080145C000209847EFE704468DE700BF001002B8C0
S315080145D0003F00B01C3C0020000002B800C001B832
S315080145E06C3F0020253D002010B50C4619B107F097
S315080145F02AF800B10434204602F06AFE024B404212
S31508014600C3F8F80E002010BD003000B0C38E70B597
S3150801461093420C4615461CD3036D8B4208BF0024F2
S3150801462007F0BBFE0646FFF759FBC31FDBB2022B99
S3150801463001D90C2803D1084B5B6C9B0304D40122D6
S315080146402946204601F0B6FC304607F0B4FE0020A4
S3150801465070BD2120FCE700BF000002B82DE9F0413A
S315080146600B460646154611B92120BDE8F081002AF8
S31508014670FAD0032905D8002201F00EFE03460028C8
S31508014680F2D01C889A78B4F5804F02F0070180F0C1
S315080146908480A1F1070C1879DF88DCF1000343EB6C
S315080146A00C0305292B7394BF0023C2F30013C2F32D
S315080146B0801C6B73930985F810C003F00203C2F3DB
S315080146C0C00C43EA0C03C2F34012E8746B74AA7473
S315080146D0D6F8A030AF82D8064BD40639012948D876
S315080146E0B6F81280F76908F1FF38083C04EA0804AD
S315080146F0395D002080290CBF6FF07F013239284BC4
S3150801470018BF49B25B6DA973A86096F827300134C2
S31508014710FF2B04EA08040BD13B5D5B0103F47E63BE
S31508014720FF2B9CBFDB43D8B2D6F8F83003B19847C4
S31508014730631CE87303EA0803F95C013303EA080317
S31508014740FA5C013303EA080341EA0221FA5C013300
S3150801475003EA0803F85C41EA0241002341EA0061E1
S315080147606A7C304604F0A0F906232860AB71002064
S315080147707BE700230020EB730A4BDA69C2F30723B0
S31508014780120448BF63F0FF035AB212F1800F1CBF2F
S31508014790323B5AB2AA730346E7E7022065E700BF30
S315080147A0004000B800C000B870B506460C468D88B2
S315080147B0FFF70AFD96F82720617C042A4FEAC5030C
S315080147C01DD1012998BF0333E0B1B3F5803F19D84C
S315080147D04FF22441420901FB03220009B2FBF0F220
S315080147E0236800209B1A084A2360D2F8C42002F0E5
S315080147F01F02A3EBC20323600523A37170BD023A0E
S31508014800012ADFE70220F9E7003E00B0F8B50746BE
S315080148100D4614468BB106F0E5FE29463846BE8A92
S3150801482001F07CF9B44228BF3446A4B2224629468F
S31508014830044801F0F1FA2046F8BD06F0E6FD064601
S31508014840F0E700BF0C0000BA082310B1024A53640E
S315080148507047024AFBE700BF001002B8002002B801
S315080148602DE9F743DDF828800746894616461D4691
S3150801487007F093FD0446032002F0B2FB38B1204647
S3150801488007F099FD0E24204603B0BDE8F083534B8B
S3150801489020465B6913F0060FF2D107F08CFD012360
S315080148A0324649463846FFF7FDFC04460028EAD158
S315080148B0002D7FD0B8F1000F7CD0DFF83C91D9F8F4
S315080148C00030002B47DB04224FF43451D9F800009D
S315080148D0FBF79CFBD0220021D9F80000FBF79BFBD4
S315080148E04FF480723D4B414638469A65FFF716FAF2
S315080148F004460028C7D13A4B1B78012B5AD02022EF
S31508014900384B01205A64384BD3F89030B3F5817F80
S3150801491022BF8022354B1A6106F0AAFF07F03DFD3A
S31508014920334A8046136813B329682C790B441360FC
S315080149300193E3B1042002F04FFA00232246042032
S3150801494001A902F067FA90B904F002FB2124404656
S3150801495007F031FD97E701213B20FAF7BDFD204617
S31508014960FBF7E2FA0028C9F80000ACDA8AE702F098
S3150801497093FB16F080001FD00022184B9A676879BE
S31508014980431E58425841FFF75FFF2A792B68012ACF
S31508014990D7F8141101D18B4211D35B1A0193032065
S315080149A0082301A902F036FA58B904F0D1FA4046AB
S315080149B007F001FD212466E704F08EF9DFE70023FD
S315080149C0ECE70C4D2B68984721280446BFD10121F5
S315080149D000206B6898470024B9E700BF00C001B8FA
S315080149E0253D0020001002B8003F00B0000002B8C3
S315080149F01C3C00206C3F0020743F0020054A1268C9
S31508014A001AB190F82A1119B91047084602F058BF89
S31508014A1001487047143C002000FEFFFF394B2DE981
S31508014A20F3471C6801F4007900F00103174653EABD
S31508014A30090206460D463FD04FF000088BB3002306
S31508014A40002201200021CDF80480CDF8008005F070
S31508014A5061F841462046FFF7D1FF01224FF0FF3AA0
S31508014A6041466086DFF8B080104606F0A3F9D4F80F
S31508014A70A01094F8270002F0C9FFD8F8000000F04A
S31508014A8017FAC8F800A0DFF89480D8F8000000F0FB
S31508014A901DFA94F82430C8F800A043F0040384F8FA
S31508014AA02430B9F1000F07D00121204606F093FF03
S31508014AB025F4007506430D432B4632462046FFF77B
S31508014AC025FAFB070FD51049104A08680021136813
S31508014AD0116001210E4A117003B198470D4B00214F
S31508014AE002205B68984717F00E0F08D040F2C712EC
S31508014AF03B21002002B0BDE8F047FEF7E3BE02B055
S31508014B00BDE8F087E43900202C3C0020303C002029
S31508014B10293D00206C3F00207C3F0020783F002083
S31508014B2008B558220021064805F0C7FD1022FF21C5
S31508014B30044805F0C2FD05F097FB002008BD00BF3B
S31508014B400C3F00B0503F00B073B5314A3149137874
S31508014B5009784FF0FF350B4386211370A0F8201111
S31508014B606F228221C0F80C21C0E944126422C0E9EF
S31508014B70462240F2FF320C2382854FF4004200267A
S31508014B8080F83C314FF6FF730446A0F84820224AC4
S31508014B900386026400F154020265204AC384426313
S31508014BA0C0F8B0504585856380F8286004F056F84A
S31508014BB02046FFF7B5FF0122194B2046C3F83822D4
S31508014BC094F92810FFF706FA6023164A41F6FF7191
S31508014BD0D3644FF03A4211631167134A2946D364E5
S31508014BE04022124B20465A64D4F8A02006F080FBD6
S31508014BF00E2300220193009340F202231046194620
S31508014C0004F088FF01F0DCFC304602B070BD00BF3D
S31508014C102B3D0020DC0102080700FFFFFFFF4000D3
S31508014C20005001B8004000B8005000B8002002B892
S31508014C3010B50C46FFF774FFC4B1A378082B17D833
S31508014C40E278082A14D843EA021313F0FF030CBFCB
S31508014C5019466168074AD160217882F8601061783F
S31508014C6082F8633082F8611005F0FEFA002010BD63
S31508014C702120FCE7003F00B0012A10B512D8032B0A
S31508014C8010D803EB82020123074C934094F8620083
S31508014C90DBB221B10343002084F8623010BD20EA5B
S31508014CA00303F8E72120F9E7003F00B0044BD3F8E6
S31508014CB0083F13F0806F14BF23200020704700BF00
S31508014CC0003000B00246F8B5B0F8404100F58275EB
S31508014CD0FFF7ECFF0B688E68013304BFD2F80C317D
S31508014CE00B604B68013304BFD2F818314B60771C4F
S31508014CF03FD1D2F81431CF688B607E1C40D1D2F8EF
S31508014D0010610F69CE60013704BFD2F804710F61D3
S31508014D104F69013704BFD2F808714F618F690137AE
S31508014D2004BFD2F81C718F618F6987BBC0F1640417
S31508014D3008688C6110B16F2838BF6F20C2F814312A
S31508014D404B68C2F80C01C2F818310B692846C2F83B
S31508014D5004314B691149C2F81061C2F81C41C2F805
S31508014D600831D1F8FC1007230D4A03F039FE00205B
S31508014D70F8BD04F16F031B1AB34238BF3346BAE7CD
S31508014D8004F18606361ABE4238BF3E46B9E76F3485
S31508014D90241ABC4238BF3C46CAE700BF004F00B0E0
S31508014DA0A43F00B038B5054C054B41780078256815
S31508014DB0236002F045FF00B1256038BD343C002070
S31508014DC0CC0302080A4B10B51B68044673B1094B9C
S31508014DD048B10121084A1A60022003F08BFC002021
S31508014DE0064B1C7010BD01461860F5E70220F9E76D
S31508014DF0343C0020383C0020C40302082A3D002028
S31508014E00014B1878704700BF2A3D00204FF4002255
S31508014E10034B586C03F500535A64C0F3C0407047FE
S31508014E20000002B8024B586900F00100704700BF44
S31508014E3000C001B830B56FF040440E4D2040C5F8AA
S31508014E4050420D4CD2B2C4F850024FF0FF30C5F8AB
S31508014E505402C4F85412FF21C5F86412C4F8642236
S31508014E600649074A0020C2F8C810A2F58052C2F8BE
S31508014E70C83030BD006001B8005001B80000FFFF1E
S31508014E8000E000B890F92430002B0CDA4FF080537B
S31508014E90064A29B19360A2F58052D3600020704773
S31508014EA0D3609360FAE70E20704700BF006001B82F
S31508014EB0431C07D06FF0FF02034B10405A62A3F55B
S31508014EC080535862704700BF00E000B8431C06D003
S31508014ED06FF07E42024BDA63A3F58053D8637047BD
S31508014EE000E000B8014BD3F884007047003F00B0DA
S31508014EF0024B0020C3F88410704700BF003F00B082
S31508014F0003282DE9F74F0C4691467ED8404B13F8F6
S31508014F1000A0404B1E5C404B13F800B007F03DFA69
S31508014F20804604F0C1FF074640B1002300220193E1
S31508014F30009301200023002104F0ECFD04F0BCFFDE
S31508014F4048B10023002201930093002000234FF467
S31508014F50004104F0DFFD002E4AD0304BDD6C05F030
S31508014F6008050AEB06002E4B23305844DD64C0B20F
S31508014F7001F07EFE3146504604F0E4FF5A463146BA
S31508014F80504605F04DF8274BDD649FB14FF0FF35CC
S31508014F90254B1B68D3F8A01093F8270002F036FDBD
S31508014FA022490868FFF784FF0D6021490868FFF761
S31508014FB08DFF0D60B9F1000F04D01E4B00210320AF
S31508014FC05B689847B4B14FF400521B4B1D6F03F54C
S31508014FD00053C5F340351A67404607F0ECF900F06F
S31508014FE0EFFB012808D15DB9002003B0BDE8F08FB9
S31508014FF03546B6E72546EFE7002CF0D10520F4E75C
S315080150004FF400520D4B1A67EEE72120EDE700BF7A
S31508015010E4030208E0030208DC030208004000B8C2
S31508015020006000B8005000B8E43900207C3F002039
S31508015030783F00206C3F002000C001B800D001B8BD
S31508015040054AC002136A00F4FF2023F4FF2318431C
S3150801505010620020704700BF00C000B8094B08461F
S315080150601A6D91020BD4D3F84021D20708D4D3F88C
S31508015070803013F4706F14BF01200020704701209F
S31508015080704700BF004001B8F8B50D46144601F057
S315080150900B0323EA0201494A2340D1646F07A2F5AB
S315080150A080520646D36410D50121FFF7D7FF60B1B8
S315080150B004F030FF4FF4007314F0040F14BF404A94
S315080150C0404A13650422404B5A64E90606D514F092
S315080150D0100F14BF00221B223C4B5A652A0618D50D
S315080150E0230611D54FF40012354BDA6407F055F94A
S315080150F00E210746032002F0C1FB40F20122334B81
S315080151003846DA6207F057F9214696F8270002F081
S315080151107DFCEF0503D5E00538D502F047FCA90566
S3150801512003D5A20535D502F04DFC15F48C6F18D0C0
S3150801513014F4806232D096F825309B070CD5328E4E
S31508015140B6F83631934227D0B6F838319F1A7B42E2
S315080151507B411F4A82F8F4303046D6F8F010FEF744
S3150801516099FF2B0510D504F0D5FE1A4A14F4006FE1
S31508015170D2F8083F14BF43F0006323F00063C2F876
S31508015180083F0422104B5A640020F8BD02F008FCBF
S31508015190C5E702F011FCC8E70123DAE76805DBD5A4
S315080151A096F825309907D7D5094B114683F8F42087
S315080151B0094B30461B689847CEE700BF006000B828
S315080151C0005001B8006001B8002002B8004000B8DC
S315080151D0003E00B0003000B0403C002070B50546E6
S315080151E090F83C010C460C2822D0FF2901D1212038
S315080151F070BD1AB14FF0FF320F4B1A6006F020FB53
S31508015200064695F83C0101F031FA844228BF044666
S31508015210E4B2B44238BF3446E0B285F82B0001F057
S3150801522051FB064A0346107820B9FF2BE0D1DEE789
S315080152300220DDE70020DBE7883F0020DC010208C9
S315080152407FB51C4B04461B780E4615460BB3D0F8A2
S31508015250EC306BB302AAB3F9123000920022FBF7C5
S3150801526076FA02992046C1F3813106F088F970B9B8
S31508015270BDF90C30029902460093C1F30D010346AC
S315080152802046FEF789FA2946204606F0E1FA04B0D7
S3150801529070BD02A905F03FFE32469DF8081020466A
S315080152A0FBF7B0FA2A4601462046FFF797FFEEE7D5
S315080152B01846ECE7DC010208F8B50D4690F83C11F2
S315080152C004460C29174603D12E4B1B78002B51D0C7
S315080152D02A462046A4F84850FBF794FAD4F8EC304D
S315080152E084F82A00002B41D0274A1678D4F8FC20E6
S315080152F04EB1002A40D1B4F94800B3F912108842D8
S3150801530006DC002607E0BABB94F84521824202D2A0
S315080153100126B3F9125000222946204684F82D7039
S31508015320FFF78EFF08BB76B1C4F8EC00204605F0FE
S31508015330BBFD4FF6FF739842014615D02046BDE8DE
S31508015340F840FEF795B9114B1B7813F0FD0F0BD1F9
S31508015350204601F099F90E4901230E4AD1F8FC10AD
S3150801536004F5827003F03CFB0020F8BDFF2384F8A6
S315080153702B30F9E70220F8E7B4F94410B3F9122003
S315080153809142BDE7DC0102082B3D0020A83F002021
S31508015390004F00B0A43F00B0F0B504468FB000F04E
S315080153A029FCD4F8A8300546012B00D010B12846AF
S315080153B00FB0F0BD7849204606F0A1FAD4F8EC60A2
S315080153C00146258EC4F8F0003EB133682BB15B68FF
S315080153D01BB11A68032A00F2BC8006F0DEFFD4F876
S315080153E0F030002B00F082801A68032A7ED99F6A62
S315080153F07F0E06F0E0FFD4F8F010B3898DF80E7031
S31508015400B0687268EB1A9BB200FB03226348ADF8D9
S315080154100C3003680292994202D02046FEF73AFE02
S315080154205F4D604E00F0CCF90128FBD12B6CDF07EC
S31508015430F8D4726C12F08072F4D1D4F8F010CDE978
S315080154400A2208920D9109920C9220469DF80E2087
S31508015450029908AB02F05AFF00285AD100F0B0F9B8
S315080154600128FBD14F4A4E49536CD801FCD40B6C29
S31508015470DB07F9D408A901A803F0CEF805460028E8
S3150801548047D1228E484B5A6494F8243060F341037D
S3150801549084F8243000F056FCD4F8EC305969431EE0
S315080154A00E68DBB2FD2B049637D84B6801280593A5
S315080154B043D10126DF1C06D901333C4B5B6859D021
S315080154C0DA1C54D80593024604A9204600F0D4FBF9
S315080154D0002E7FF46CAFD4F8643199053CD494F866
S315080154E0243043F0020384F8243060E72E4BDB6B4B
S315080154F0C3F3C20213F0380F03F0070718BF574367
S3150801550013F4E07FC3F382123FF473AF02FB07F78C
S315080155106FE7022528460FB0F0BDF71C13D9234BB8
S3150801552001361B6818BF0126DA1C1BD804934B6881
S31508015530FF280593BED00020C5E70246204604A9E8
S3150801554000F09AFB33E74B68FF280593B1D02A464A
S31508015550F4E79F6A7F0E50E720464FF4803106F044
S315080155603AFA24E7FF284B6813D00593B0E7FF28DA
S31508015570AED1E0E7DE1C06D80246204604A905930B
S3150801558000F07AFBA7E7FF28A5D10022204604A947
S31508015590F6E7012005938DE7FC4F00B0183C002083
S315080155A000C002B8000002B8008001B8903F002090
S315080155B010B504234FF03A4101240A4AD1F81801DB
S315080155C0C2F81831C2F814314C634FF40051116313
S315080155D0410742BFC2F81431A2F58052C2F8183108
S315080155E010BD00BF002000BA2DE9F04104460E4661
S315080155F019B990F824305A064AD44FF6FF73A18E8A
S31508015600D4F8F070994204D0334B1B680BB120468D
S315080156109847324D2B68BB4256D0314B1B6833B184
S31508015620002F54D0396801B1B968204698474FF020
S315080156300708204601F028F8002E3AD0294B93F99D
S315080156400030C3F11C0317B197F926209B1A0620CF
S3150801565094F9286024499B1B0A6ADB0222F4FF227B
S3150801566003F4FF2313430B62D4F8F0201F4B2A607F
S31508015670986701F0D3F9002501211D4A1D4B1170C8
S31508015680204683F89C5006F063F82846BDE8F08169
S315080156904FF6FF71114DD0F8F0702A6866F386133C
S315080156A0BA42818680F82430B7D100F0EDFF4FF079
S315080156B00108114A4346D2F8FC1004F58270A2F695
S315080156C05C7203F08DF9B9E74FF00108B1E7394685
S315080156D020469847ABE700BF243C0020183C002031
S315080156E0203C0020263D002000C000B8006000B81C
S315080156F0283D0020003F00B0004F00B010B5044619
S31508015700D0F824210B4B4FF40061C3F8DC2090F844
S315080157102420D20102F4006204F04EFD94F82430EC
S3150801572013F0100F4FF4007314BF034A034A53646E
S3150801573010BD00BF003E00B0001002B8002002B83C
S3150801574038B506F02AFE4FF6FF710A4A13888B42CE
S3150801575003D106F030FE0E2038BD074C074D1B0459
S315080157606567A4F580546367118006F024FE00205E
S31508015770F2E700BFA63F0020006001B80000FFFF66
S3150801578008B50C4BD3F84C21531C11D012F08042AA
S315080157900ED1094B1B681BB111460320FFF7B0FB5D
S315080157A04FF08062054B1A6501225A6102229A62FC
S315080157B008BD00BF0080E00FE4390020001002B8E0
S315080157C00F4BDB68C3F30363013B0B2B0FD8DFE8F1
S315080157D003F006060C06060606080A08080802204B
S315080157E07047042070470520704703207047054B12
S315080157F05B6913F0060F0CBF01200420704700BF38
S31508015800000002B800C001B8094AD368C3F30363AC
S315080158100B2B08D06FF49050184100F0010080F06E
S31508015820010040007047506C10F48030EDD170478C
S31508015830000002B80C490D4ACB68C3F30363062B73
S3150801584007D8042BD8B20BD8C31E5842584140007A
S315080158507047072B06D1D1F868011040ECD1704783
S315080158600220704700207047000002B85FFFF9FF69
S31508015870094BDB68C3F303639A1E012A8CBF002216
S315080158800122012B02701EBF4FF4026222FA03F3B2
S3150801589003F001030B707047000002B8094AD36888
S315080158A0C3F30363032B01D0072B08D1936CDB06E3
S315080158B005D4D06C80F00800C0F3C0007047002002
S315080158C0704700BF000002B810B5FF224FF6FF71FE
S315080158D0044605F0BBFE68B9FF224FF6FF71204664
S315080158E005F0C5FE30B92046BDE81040FF22024941
S315080158F005F0D0BE10BD00BFF003020810B55B0766
S3150801590043EA02439DF8082043EAC163520502F0BF
S31508015910BC621A43064942F4C872044604F04CFCB8
S31508015920002220461146FEF771FE002010BD00BF79
S315080159309007E12D37B50C4605460B4B1A680B4BFC
S3150801594019680B4B186801F0D7FD94F828302846DA
S31508015950009394F82B3094F8292094F82A10FFF72D
S31508015960CDFF03B030BD00BFD03C0020CC3C0020A9
S31508015970D43C002008B5FFF791FF88B1094BDA69D5
S3150801598012030DD5586C10F4003009D1DB6C13F0F5
S31508015990100F4FF010030CBF034A044AD36408BD25
S315080159A00220FCE7000002B8001002B8002002B885
S315080159B0034610B500B3124AD16909031ED5946C82
S315080159C0C4F38114032C15D0022C17D122460D4994
S315080159D0B1F8E40001F10061801A01F5367101445C
S315080159E0184605F089F8064A0472D26C120A427200
S315080159F0002010BD0822EAE72120FAE70220F8E78D
S31508015A00000002B8003E00B038B50546FFF746FF6C
S31508015A1098B10B4B5C6C14F400340ED10220094B7F
S31508015A20094A1B681B6DD0642246AB4214BF28463F
S31508015A30002000F0BFFA204638BD0224FBE700BF6C
S31508015A40000002B8E4390020001002B838B54B1E30
S31508015A50012B05460C4616D8022915BF002201223C
S31508015A60022100210A480A430A4B0B49FFF7E2F9CA
S31508015A70003C18BF012495F82430002064F3C713AD
S31508015A8085F8243038BD002204481146EBE700BFEB
S31508015A9091D106190000E2EC9E0C4B5490D10619DF
S31508015AA004292DE9F04104460F462ED84E1EF6B2BA
S31508015AB0032E8BBF0025164BA84613F806809CBFFC
S31508015AC0144B9D5D05F0BFFD80B94FF000084FF4FA
S31508015AD060320020104B6D045A6245EAC835A3F5B9
S31508015AE080535D6284F82E70BDE8F0812046FFF789
S31508015AF0F9F980B28428E8D8022EE8D894F8241057
S31508015B002046C909FFF7A2FFE1E72120ECE700BF1C
S31508015B10EC030208E803020800E000B810B590F8A3
S31508015B202700FF2814D0304BD3F8BC2012F0060FFB
S31508015B3001D001280DD94FF470622C4BDA604FF46D
S31508015B408072A3F58053DA600022274BC3F8B82088
S31508015B5010BD02F0020412F0040202D00B789B0673
S31508015B6037D4002C39D00B7803F00F03072B34D127
S31508015B704B78022B31D98B7813F03E0F2DD0CC7888
S31508015B8014F0040F29D014F0010F0CBF04230A23C3
S31508015B90A40748BF0633CB5CFBB1002A14BF022217
S31508015BA00122012840F6FF7003F01F0108BF4900D2
S31508015BB0013940EA01310E4801654FF470600B491D
S31508015BC01202C860A1F58051CA60074AC2F8B83006
S31508015BD0BEE7002CC7D18B7823B90023044A136585
S31508015BE00122EAE70222DCE7003E00B0006000B8C5
S31508015BF0004000B810B590F82710012903D8174BB3
S31508015C00D3F8B4300BB1002010BD028E272A22D852
S31508015C10134B14481B68834219D031241248181AA9
S31508015C20434243415B000D48A0F8CE4050246343EC
S31508015C30282404FB01330D491944895CFA31A0F87B
S31508015C40D4100B490B449A5C0A4B1A70DBE76FF0C8
S31508015C5003040123E7E70E20D6E700BF003E00B0A4
S31508015C606C3C002000F04902005A620264420208B4
S31508015C70744102084B3D002010B5124B0C68C3F85D
S31508015C807842C3F87C42C8B1D0F8EC30B3B15B694D
S31508015C90A3B1501EC0B2FD2812D9013404BF6FF05A
S31508015CA0010008600868FF2A186007D14A680132AE
S31508015CB002D16FF001024A604A685A60002010BD9D
S31508015CC0012AF2E7004001B8F0B585B06D460E46E7
S31508015CD00F4B074614460FCB85E80F000D4BD3F83B
S31508015CE048020090D3F84C2201923EB1631EDBB202
S31508015CF0FD2B0AD93060FF2C00D172602246294655
S31508015D003846FFF7B9FF05B0F0BD012CF4E700BF2F
S31508015D10F80302080080E00FFF2818BFC3434FF0BD
S31508015D20180108BF1023064A18BFDB00C2F8FC1386
S31508015D3018BF03F00803A2F58052C2F8FC33704776
S31508015D40002002B8024BD3F8F807C0F3C0407047E9
S31508015D50000002B84FF03A43D3F81421D2031ED5F6
S31508015D604FF480320E49C1F81421A1F58051C1F8CA
S31508015D7018215A6DD1B2C2F30722C3F8A410C3F889
S31508015D80A4200422C3F8A4200022C3F8A420C3F83F
S31508015D90A420C3F8A420C3F8A420C3F8A4207047FC
S31508015DA0002000BAF0220B4B01219A64A022A3F528
S31508015DB080539A644FF03A43026DC3F8F410FC21FC
S31508015DC0C3F8CC10C3F8D0204FF40052C3F8F02022
S31508015DD0704700BF006000B8F8B54FF03A440D4669
S31508015DE01746064606F0D9FA012304226363084BCF
S31508015DF0E76026616561C3F814214FF00042054B3F
S31508015E00C3F8802106F0D7FA0DB102236363F8BD02
S31508015E10002000BA00E100E02DE9F0410546012421
S31508015E20006800F00700063004FA00F3A868EC6879
S31508015E305E1EA04200F0928000EA06076C681044D4
S31508015E401E430640D81B07EB040C8242644638D928
S31508015E50D31AFA18A0B3431E062B74D941EA0C03C8
S31508015E609B0770D14B1CACEB0303022B6BD90B467A
S31508015E7020F0030E8E44ACEB01071C68DC51043399
S31508015E809E45FAD120F0030310F0030F01EB030E30
S31508015E90A0EB03040CEB030700F0888011F80380DC
S31508015EA0012C0CF8038000F081809EF80130022C49
S31508015EB07B7018BF9EF80230084418BFBB700146B4
S31508015EC06C685AB3531E062B01F101032FD9E01A48
S31508015ED002282CD941EA0400800728D1234622F05A
S31508015EE0030CA444081F50F8047F43F8047B634558
S31508015EF0F9D122F00303D01A920701EB030C04EB44
S31508015F0003070BD0CA5C0128E25407D09CF801307C
S31508015F1002287B7002D09CF80230BB7006F03DFA6D
S31508015F200223AE60AB62BDE8F04106F044BA0A440A
S31508015F3004F1FF3C00E0013313F8011C93420CF80D
S31508015F40011FF8D1EAE70B460844ACEB0107D9195A
S31508015F5013F8014B83420C70F9D1B0E7042A0DD925
S31508015F600878043AA86148780431A86111F8020C46
S31508015F70A86111F8010CA861A8685DE7013A032A2E
S31508015F8012D8DFE802F00F1507020B4613F8012BAA
S31508015F901946AA610A4612F8013BAB61114611F886
S31508015FA0013BAB610B78AB61BDE8F081084486E73C
S31508015FB00A46F3E738B50B46154601464FF03A440B
S31508015FC068B101221048C4F8F4201A46FFF724FFE5
S31508015FD025B14FF03A430422C3F8F42038BD73B112
S31508015FE0D4F8D8209A4284BF0122C4F8F4204FF08D
S31508015FF03A42C2F8D4300223C2F8F430E8E7012362
S31508016000C4F8F430E4E700BFCC0000BA38B504465A
S3150801601006F0C3F94FF03A420121A38F05465167AD
S315080160204BB3B3FA83F3C3F11903DBB2A069C2F820
S31508016030B410C2F88C300723C2F89000C2F8B03009
S315080160404FF4A02302F50052C2F81431A2F580528A
S31508016050C2F8183100220D4B1A600D4B5B6C5B02BE
S3150801606009D54FF480020B4B5A64D4F8A01094F862
S31508016070270001F0CBFC0023E38707232846A4F871
S315080160804030BDE8384006F096B900BF483C0020CC
S31508016090000002B8002002B82DE9F84305460C466F
S315080160A0B1B1D0F81880878F06F077F9B5F83EC0F8
S315080160B0791E01EA0C0323F00702032C0646DFF8D2
S315080160C000E1424461D1DEF8004024B906F073F9D3
S315080160D00E20BDE8F88324F00104DEF8000020F064
S315080160E00100A04256D10023CEF8003023889442FD
S315080160F06FEA43436FEA5343238041D1B5F84030F1
S3150801610008EB07091846083880B202F108044C451D
S3150801611028BF4446082804D9B4F800E0BEF5804FE4
S3150801612043D263440F431B1A3B409BB2EB87A5F846
S315080161304000947811884FF03A42C1F30C019165F9
S31508016140C2F89830C2F8B0004FF48022184B04F018
S315080161500704C3F814214FF00042164BC3F88021F7
S31508016160FFF7F8FD042C0BD14FF48002124B5B6C40
S31508016170124B5A64D5F8A01095F8270001F046FC91
S31508016180304606F018F90020A3E7601E012898BFDB
S315080161901446A2E7B5F840004344E31A48BFDB19A1
S315080161A008389842A2DC304690E72246ABE700BFA2
S315080161B0002000BA00E100E0000002B8002002B8A1
S315080161C0483C0020164B10B51968B1F84020CB8F12
S315080161D0888F13440138073B8C69034023F0070372
S315080161E01C4402F108034FF03A429BB2A1F8403031
S315080161F0C2F8B0304FF480220A4BC3F814214FF08D
S315080162000042094BC3F88021A07800F00700042852
S3150801621003D1064AD3681B03FCD4054B1C6010BD89
S31508016220E4390020002000BA00E100E0000002B8CD
S31508016230483C002010B5064C216839B1CB0703D478
S31508016240044B1868FFF728FF0023236010BD00BF21
S31508016250483C0020E43900204FF480320C4B0D49AC
S31508016260C3F818214FF03A43C1F81421D3F8AC10FA
S31508016270D3F88C20012302F0070206329340C1F3BA
S315080162800C01083B994201D8FFF764BD704700BF6E
S31508016290002000BA001000BA2DE9F04780460C46E6
S315080162A016468769858F06F078F8B8F83E2005F115
S315080162B0FF3C02EA0C0323F00701032C824639440A
S315080162C0B8F8400019D14A4C24689CB90244073AE7
S315080162D002EA0C0222F00702BC183B44E31A48BF43
S315080162E05B19834210DB504606F065F80024204608
S315080162F0BDE8F08724F00104EFE7012C02D0022C57
S31508016300EBD108380C46E8E7002E3FD08C4241D144
S315080163104FF03A42D2F858904FF03A41D1F8AC20B2
S31508016320B8F81270C2F30C02934247DA2588B5F51C
S31508016330804FD8D2A378C5F30C0503F007037A1E5C
S31508016340A5EB09053A43052B337005EA02052DD855
S315080163502DB2E84340F245420421C00FFDF7B2FAD7
S315080163607580E3783374D8F81C207B1E03EA090389
S31508016370D118B160A9B213FA85F5AF422FBF002330
S31508016380FF1AB780F26024BFB180F360504606F069
S3150801639012F8ACE7A4F10802974284BFED0802EBB4
S315080163A0C502B2F80090C9F30C09B5E7114B5B6D4C
S315080163B0003B18BF0123A5EBC305C9E74B6D7A1E40
S315080163C0A3EB09033A431A400B4915B2002DCB68D2
S315080163D00BDCC3F30363D81E43424341DB0033702E
S315080163E0CB6C72801B0A3374BDE70823F7E700BF3D
S315080163F0483C0020004000B8000002B8134B70B5B5
S315080164001E684FF03A43748ADD6D621E5B6DADB24C
S3150801641092B242EA04015B1B0B40191E18BF012107
S31508016420C90001700A492A40C96C4380090A0174E6
S31508016430F169D618A64201EB0205D2BF0021A31ABB
S315080164409BB285608380C160002070BDE43900205D
S31508016450000002B8054BA822D3F84C013121431C90
S315080164600CBF0120C0F38070FDF72CBA0080E00F45
S3150801647010B50F4B1C78ACB90E4BD3F8F8375B0344
S3150801648009D490B10F23441EB4FBF3F4103004442D
S31508016490E4B2204610BD40F648023F212046FDF7EA
S315080164A011FAF6E70001C4B2F3E71024F1E700BFD9
S315080164B0A83F0020000002B8014B58800020704711
S315080164C0A83F002038B5284D0446297819B9202255
S315080164D0264804F0F2F82378254A264913704FF224
S315080164E0F002C1F8C821244A4BBBA1F50051D1F8E5
S315080164F0F81711F4002F4FF0FF011CBF1F48C0F811
S31508016500DC3011704FF040731A4AC2F834311C4B13
S31508016510D3F8F83713F480230BD14FF47F01C2F86F
S3150801652030111849C1F8303148F2C801164BC3F881
S31508016530F4100723C2F8FC330122124B0DE00024A4
S315080165400E48022BC0F8DC404FF0FF001070D9D17D
S3150801655007230422C1F8FC330A4BC3F8FC230123A1
S3150801656000202B7038BD00BF2C3D0020E03F00B055
S31508016570A83F0020002002B8B13F0020004001B822
S31508016580000002B8001002B8003F00B010B504467A
S3150801659001F068F8094BD3F8F80734B900F440203C
S315080165A0B0F5402018BF012010BD022C0ABF80F4A7
S315080165B000300020C0F34040F6E700BF000002B8F3
S315080165C02049D1F8FC37FF2B31D01F48C3F30312FA
S315080165D00270D1F8F81703F00F0309035BBFC2EB8A
S315080165E002120F3B02F1FF32D2184ABF03EB021324
S315080165F0D3B2DBB2154A164913700978154B1A68D6
S31508016600E9B1B2F1A06F1AD3D3F85012124A134B5B
S31508016610B1F1FF3F18BF1346114A136041F66A02EA
S31508016620104B1B68B3FBF2F30F4A13607047D1F89E
S31508016630F83713F4002F0CBFB4235A23DAE7074BB4
S31508016640EAE700BF000002B8B23F00202E3D002055
S31508016650B03F00200080E00F5082E00F08040208D6
S315080166604C3C00206C3C0020503C002020B1022804
S3150801667004D1034B18787047024BFBE7002070479B
S31508016680B23F00202E3D00202DE9F74FD0F8B0404B
S315080166904C22022C38BF02247B49013CCB6CD1F831
S315080166A0DC507A49C3F38213DA400B680646A342E3
S315080166B090F83C71764BDFF800A2DFF80092DFF81C
S315080166C0008202F0010216D11878904213D19AF885
S315080166D00000B8420FD1D6F8B40060B1A8420AD179
S315080166E096F82B5099F80000854204D1B8F80400B1
S315080166F003B0BDE8F08F98F800001A700C60FFF738
S31508016700B5FF0346002A00F0918004234FF07F412C
S31508016710604AC2F8BC30604BC3F8BC1096F82B30FF
S315080167201B06C2F8BC30002040F271225B4B1921CE
S315080167301B68B3FBF2F36343182BB3FBF1F14FEA82
S31508016740004400F29380002C00F09B80B4FA84F296
S31508016750C2F12002C2F10F03012B38BF0123D44035
S31508016760A14201D2013B6408421C03F01F015200F9
S315080167708A40121BDFF838B19208CBF8B0201A020A
S3150801678042EA03121343019300EB002300EB0325AE
S31508016790434B40F6C20218682B21003818BF012066
S315080167A0FDF790F8FA223E4B02FB04F01B6840F60F
S315080167B0FF72B0FBF3F00A2358433A4B00F57A749B
S315080167C0C3F8D820019AA3F58053C3F8D820364ACE
S315080167D0A3F58053C3F8DC50D2F8F827520308D43E
S315080167E0D3F8DC3003F47F02C3F303531343CBF826
S315080167F0FC30C6F8B4502D4D00F6B8302C6002F0C6
S3150801680069F84FF47A722A4BC3F8A400C3F8F80062
S315080168102B68B4FBF2F0B3FBF2F3A8F8043096F850
S315080168202B308AF8007089F8003061E796F82B005A
S31508016830984228BF1846C0B22FB1022F7FF473AF12
S31508016840FFF716FE70E7184BD3F8F8371903F7D494
S3150801685050B10F230138B0FBF3F00130154B1B681B
S31508016860034413F8010C5FE70120F7E7B1FA81F257
S315080168703CB1B4FA84F3D21A002A3FF76BAF0F235F
S315080168806EE70F2370E700BF004001B8883F00207C
S315080168902D3D0020001002B8002002B86C3C0020F3
S315080168A0503C0020006001B8000002B8543C0020AA
S315080168B0003F00B04C3C0020AF3F0020AE3F002017
S315080168C0A83F002038B5254B05461A78244C0C2AD2
S315080168D002D1FF20207038BD104604F0B1FF0146F1
S315080168E01046FFF7C3FEA84228BF2846C0B2884211
S315080168F038BF08462378C0B28342ECD020703ABB31
S31508016900184BD3F8F83713F4002321D14FF2F001CD
S31508016910154AC2F8C811C8B10F230138C0B2B0FB75
S31508016920F3F3591CC3EB0313C01A431C0D4A1B018D
S31508016930D2F8C80143EA01330343C2F8C831D2F891
S31508016940C8210A4BC3F8FC202078C4E70121EDE7EA
S31508016950074B1868FFF798FEF6E700BFA83F002027
S31508016960B13F0020000002B8002002B8003F00B085
S31508016970E4390020014B1870704700BFB03F002072
S3150801698010B50446FCF738FC78B1154B1B786BB982
S3150801699064B1144B1B784BB1134B1B78013B012B8C
S315080169A004D84FF40042114B1A6510BD104B1B6DEC
S315080169B01B04FAD405F0F1FC044603F0ABFA4FF4D4
S315080169C000420C4B2046BDE810401A6502220A4BCC
S315080169D0C3F8D4240422054B5A6405F0ECBC00BF65
S315080169E02F3D0020303D0020583C0020002002B8F1
S315080169F0000002B8001002B800D003500122024B71
S31508016A0000201A70FFF7BCBF2F3D00200022024B61
S31508016A1001201A70FFF7B4BF2F3D0020054BD3F8AC
S31508016A20843013F0030F4FF4802314BF024A034A3C
S31508016A3093647047004000B8005000B8006000B881
S31508016A40F7B50646534C00F00DFE01213A20F8F73A
S31508016A5043FD514B2578514F1E7085BB2846FFF7DC
S31508016A608FFF2378013B012B19D8E37B01A88DF809
S31508016A700430237C8DF80530F5F7C2FEC7F8D454E7
S31508016A804FF6FF72464BC3F88420F822A3F58053CC
S31508016A90C3F884200022414BC3F8D4240DE04FF6F5
S31508016AA0FF723F4BC7F8D454C3F88420F822A3F5E4
S31508016AB08053C3F88420C7F8D4543A4B5BE00020CE
S31508016AC0FFF75EFF2378013B012B08D8E37B01A87A
S31508016AD08DF80430237C8DF80530F5F791FE0023F7
S31508016AE0C7F8D434002ECBD062685AB32E4B1B6834
S31508016AF003EB5203B3FBF2F3013B1B0243F0F8032A
S31508016B0026782749022E294A1ED0032E4FF6FF75ED
S31508016B10224826D0012E36D143F00203C1F884500B
S31508016B20C2F884300723C0F8D434E37B01A88DF872
S31508016B300430237C8DF80530F5F758FE0120FFF760
S31508016B401FFF17E0F823DBE74FF6FF7043F0010359
S31508016B50C1F88400C2F884300622104BC3F8D42445
S31508016B60E3E743F00503C1F88450C2F884300423EF
S31508016B70C0F8D4340E4B4FF080421A650020FFF757
S31508016B804DFF03B0F0BDC1F88450C2F8843000232C
S31508016B90EEE700BF583C0020303D002000C00350FE
S31508016BA0006000B8002002B86C3C0020005000B814
S31508016BB0001002B8F0B52B4F06463D4604460FCEE7
S31508016BC00FC5336885B02B6000F04CFD01213A20D2
S31508016BD0F8F782FC0022244BC3F8D424A17A627AFE
S31508016BE042EA0142C3F8E024217CE27B42EA0142FF
S31508016BF0C3F8DC24217B627B41EA0240C3F8D8044E
S31508016C003B78032B2AD8DFE803F022020C178DF80C
S31508016C10041004218DF805200DEB01000022F7F779
S31508016C2049F9E37B00228DF80830237C042102A868
S31508016C308DF80930F7F73EF9637A01228DF80C30A1
S31508016C40A37A042103A88DF80D30F7F733F9074B1A
S31508016C50187805B0BDE8F040FFF7F2BE212005B06F
S31508016C60F0BD00BF583C002000C00350303D002055
S31508016C70034B1B6D002BBCBF024BC3F88800704742
S31508016C80000002B8004000B8084B1A6C0A2A0AD953
S31508016C905A6D4FF0FF3302F00F02934098430CBF31
S31508016CA00120002070470120704700BF00C001B8CD
S31508016CB02DE9F04700F030FD4FF47A762D4BB0FB05
S31508016CC0F6F618604FF4FA73734307462A48190E05
S31508016CD01B021818294A4FF0000341F1000103F07D
S31508016CE0FBFA274BA0F5807205461A6320B94A229A
S31508016CF02B21FCF7E7FD01254FF47A724FF0000AC4
S31508016D006A4353465008310203F0E6FA1C4B1D4A02
S31508016D10B7F57A7F9A601C4B4FEA056819601B4BD9
S31508016D208946044618604FEA152505D29D222B216E
S31508016D305046FCF7C7FD01264FF47A73A8FB0301F9
S31508016D4003FB05117308C01841F1000100233246FF
S31508016D5003F0C2FA0E4B023419600E4B49F10009D1
S31508016D60A408186044EA8974054B013C9C63BDE894
S31508016D70F08700BF6C3C002020A1070040420F00AD
S31508016D8000C001B8021101007C3C0020783C0020BB
S31508016D90743C0020703C00200822044BC3F884216F
S31508016DA05A600122024BDA60704700BF00E100E039
S31508016DB000C001B810B50446A242A2EB0000A3EB3D
S31508016DC0010104D2034B01399B6B0133184401F0CD
S31508016DD0030110BD00C001B838B501250A4B0201EF
S31508016DE09D504FF480730446084A8340536605F064
S31508016DF0D4FA074AA540137823EA05031370BDE8B8
S31508016E00384005F0D8BA00BF00E101B800E001B882
S31508016E103A3D00202DE9F84F164605468A461F4693
S31508016E2005F0BBFA022E00F09180804605F0AFFA14
S31508016E30604B614AD3F8209092F885405A6EE4B2C5
S31508016E40520744BFD3F82090013404F0030405F037
S31508016E5099FA4846214600F029FA8446DAF80000EC
S31508016E60012E04BF01306044ACEB000C08BFCAF820
S31508016E700000BCF1804F7DD300F02AFA8145A1EBD1
S31508016E80040188BF4B4BDFF854C188BF01F1FF31BC
S31508016E9001F0030188BF9B6BA0EB090E0CF80510E6
S31508016EA0A1B1F90742BF41F61F72444B5A67BA07A7
S31508016EB042BF424B424A5A677B0742BF00223D4BBB
S31508016EC09A673C0742BF00223A4B9A6511244FF054
S31508016ED0010A384B05F11002120103EB051BCBF829
S31508016EE00C0138499C501A6A0AFA05F4586E0B784F
S31508016EF0A2EB0902E4B2234372450B7025D34FF482
S31508016F008073AB40034220D11CF80520002A4CD1DE
S31508016F100EB32D4AF807536607D541F61F7140F29D
S31508016F200110264B596750675967B90706D5234B90
S31508016F30234A254925485A6748675A677A0742BF47
S31508016F400122234B1A613B071AD4404605F033FA4E
S31508016F500120BDE8F88F1F4A2D0142F805A042F825
S31508016F609C3C05F01AFA17490B7823EA04030B70BF
S31508016F7005F021FA404605F01EFA0020BDE8F88F13
S31508016F802120FFF775FE4FF480310A4A124BD16072
S31508016F901A78002AD9D000222D201A70FFF768FE28
S31508016FA01022094B40465A66D0E7074A40465366BF
S31508016FB0CCE700BF00C001B8003E00B000E001B850
S31508016FC000001F1F3A3D002000D001B80000010152
S31508016FD0000002B800E101B8313D0020323D002031
S31508016FE0034B10300001185800F00100704700BF2C
S31508016FF000C001B82DE9F0419DF818800D46B8F199
S31508017000000F08BF0022214EB5F5803FB16807463B
S3150801701021F4700141F4A001B1609DF820409DF86A
S315080170201C104FEA042444EA016444EA031444EABE
S31508017030084444EA02044FF018014FF436722CBF93
S31508017040002001207465FCF73DFC3564B8F1000F9A
S315080170501AD00F4BBC68D3F8B8306F2C38BF6F24E1
S315080170605B0606D500F01EFC18B10A4BB3FBF0F31C
S315080170701C44204600F02CF90130854238BF002215
S31508017080024B34BF5A645864BDE8F08100C001B8A8
S3150801709000C000B800093D00F8B5254F3D6E01F066
S315080170A0D5FD04462846FFF7EFFD7B6C064603B17E
S315080170B070B310272020FFF7DBFD1E4B9F606CB1D4
S315080170C0002200200821FDF7A9FC80221A4B5F66E1
S315080170D0A3F580531F6703F540531A6102F0D6FBE7
S315080170E01022164BC3F88421154AD36803F070633E
S315080170F0B3F1807FF9D91CB116B10122114B1A706F
S315080171000B4B114A1D665A6741F201429A67F8BD4F
S31508017110002CF5D00D4B084A5366A2F58052136729
S315080171202846FFF7B1FD0028EAD03D6EF8E700BF13
S3150801713000C001B8001002B800E001B800E100E0A3
S31508017140000002B8313D0020011B01181000002083
S3150801715010B504462120FFF78BFD1CB14FF4803290
S31508017160064BDA60064B1A783AB100222D201A70BE
S31508017170FFF77EFD1022034B5A6610BD00C001B809
S31508017180313D002000D001B8F8B5174D0446EB6B28
S31508017190DB0124D500F0E6FBA0FB0446E86B070AF1
S315080171A0050C10F0FF0005D140F219422B21FCF71E
S315080171B089FB0120EDB2AD01B5FBF0F0FBB210EB96
S315080171C0831005D140F21E422B21FCF77BFB0120DF
S315080171D0024600232046314603F07EF8F8BD00F04A
S315080171E061FBA0FB0401F9E700C000B802460120D3
S315080171F030B50B4CA0F12003C0F1200524FA05F5A2
S3150801720004FA03F32B4304FA00F595428B4100D3A4
S3150801721030BD0F2801D00130ECE7FF20F8E700BFA9
S3150801722040420F0000220B4B40F010001A700F224B
S31508017230094BC3F8B820A3F58053C3F8B800A3F5E2
S3150801724080535B6ADBB2802B02D0084600F0C0BBD4
S31508017250704700BF313D002000E000B838B505F0A1
S3150801726096F8084B084A1D6A92F885405A6EE4B2A8
S31508017270520744BF1D6A013405F084F8284604F014
S31508017280030138BD00C001B8003E00B00346064AF6
S31508017290103302EB00111B01D1F80C01D158C1F3CF
S315080172A0400104F0F0BA00BF00C001B8064B1B68E4
S315080172B0434303EB8171054B1B68A3FB003013F1B4
S315080172C0004341EB00007047743C0020703C0020ED
S315080172D00C4A20F04043014610B5002014684FF0CF
S315080172E00042E4FB0320084A890F126802FB0300E7
S315080172F0064B9B6B984204D901330131C01A01F040
S31508017300030110BD783C00207C3C002000C001B878
S31508017310044B01F0F071103041F0030100011950DE
S31508017320704700BF00C001B808B52220FFF7A0FCCE
S315080173304FF48022014BDA6008BD00BF00C001B8D6
S3150801734040B1836833B10649C268096803F130431D
S31508017350032A00D8704743F8041B043AF8E700BF2C
S31508017360B03C002070B51646054600B3F9B1F2B136
S315080173704268104B006803321B68920800F13040DE
S315080173809847044688B9EA68A868033231469208DC
S3150801739000F1304004F097FA044630B928692146CD
S315080173A06A6900F1304003F088F9204670BD21244E
S315080173B0FBE700BF8C3F002070B50C68651C15D033
S315080173C0C4F302669E42C4F3074530D1A4B294427F
S315080173D02DD804EB8506B24229D2141BA50824F040
S315080173E003040E59340F04D0012C08D0002221249D
S315080173F002E06B1C51F82320C0E9002470BD0E4C35
S3150801740034F8133042EA03431A686B1C51F82340D7
S3150801741001EB83014B6822405E4036F0704404D18B
S315080174201B0F032B04BF8B681A430024E4E70135BD
S3150801743001EB8501C1E700BF1C04020807B501A8D5
S31508017440F8F7F5FD254B2649D3F86022D2B2FF2A73
S315080174501DBFD1F87801130243EA0213D1F8783136
S315080174601CBF20F47F621343C1F8F8331C4BD3F8D1
S31508017470F837190354BF09200C20F8F727F9C82251
S31508017480184B42F201015A654FF4C02203F5104325
S31508017490C3F868214FF48032C3F86C21124AC2F846
S315080174A0701202F52042D2F8F827120308D44FF4D5
S315080174B070610E4AC2F8A0104FF42062C3F8A020EA
S315080174C001220B4BC3F8002403F53043D3F8682196
S315080174D0084B1A6003B05DF804FB00BF0080E00F9B
S315080174E0000002B8008001B8006001B8002002B8A7
S315080174F0005001B8443C0020836810B4074C03F1DE
S31508017500304324681B689C4203D15DF8044BFFF79E
S3150801751029BF00205DF8044B704700BFB03C00202E
S31508017520134B1B78002B20D0124B134A00201A60EC
S31508017530124B134A1A60134B134A1A60134B1A68F3
S31508017540134B1A60134B144A1A60144B144A1A60E7
S31508017550144B154A1A60154B154A1A60154B164AEB
S315080175601A60164B164A1A6070470220704700BF08
S315080175703B3D0020BC3C0020140D0208B43C002011
S3150801758078040208B83C002098040208A03F0020AD
S31508017590B03C0020D43C002060040208CC3C00200A
S315080175A01C080208D03C002094040208C83C0020AC
S315080175B048040208C03C00209C040208C43C002080
S315080175C0900402080022012138B51E4B5A649A64B8
S315080175D0DA641D4A516102219162DA68C2F30362D3
S315080175E00D2A01D0002AF8D111220124174DDA6398
S315080175F04FF0FF302C70F9F70BF900232B70144D5F
S3150801760040F2D15228685421C01A18BF0120FCF74C
S3150801761059F9104B28681A680F4B1968FFF7A2FE2B
S3150801762001F07CFA0D4B1868FFF78AFE0C4B1868B7
S31508017630FFF786FE4FF08062034B5A6103F58053CC
S315080176405C6138BD000002B8001002B83B3D00205D
S31508017650B43C0020B83C0020BC3C0020D43C0020AF
S31508017660C83C002001230D4A0D49C2F880329166B3
S315080176700C4A53600C4A53600C4A5360A2F5804287
S315080176805360A2F54042536002F5C032536002F5D9
S3150801769080425360A2F50042536070470090005043
S315080176A0FF0B001600D000B8001000BA005001B850
S315080176B010B50324FFF7D6FF114A124B1A65FFF7D7
S315080176C0BDFE114BC3F8104100F06AF900F0FCFF4A
S315080176D04FF460720D4B5A614FF400721A65FEF74A
S315080176E031FB0021FEF718FB4022094B1C64A3F568
S315080176F080535C64074BC3F884215A6010BD00BFF0
S315080177000048F000000002B8005001B8001002B8A5
S3150801771000A0095000E100E008B504F03FFA044B67
S315080177201B6FC3F300430133B0FBF3F008BD00BF81
S315080177300080005070B5044698B1B1B13A4A52F882
S31508017740043B834213D10023384A116CC907FCD480
S31508017750374800EB830004F0BFF8364B106001226E
S315080177601A6470BD01330C2B02D1334D2CE0012371
S3150801777052F8041BA142F5D1304A32F81330E3E737
S31508017780C2F3016335F81300110C93B211F0FE0F21
S3150801779043EA0043606820D00434CAB2022A216849
S315080177A008D96668A068033AC3E9001698600C34DC
S315080177B00C33F3E704D16268C3E90012083403E025
S315080177C0012A01D1043419602268531CD8D1002238
S315080177D0164B1A6003F58053C1E7120F072AEDD835
S315080177E0DFE802F00704090D1013181DC04303F55D
S315080177F000531860E2E71A6842401A60DEE703F5AB
S315080178008053F6E704F034F8D8E7012203F58053EC
S315080178108240F2E7012203F500538240EDE71A6838
S3150801782030EA0202FBD1C9E7803C002000C002B859
S31508017830404000B000D002B81C040208063D0020F2
S315080178400B4B1B68D3F8F03023B11A68022A01D909
S31508017850186A7047074B9A6E90B238B1064BC2F355
S3150801786007421B68DB085343B3FBF0F0704700BFC0
S31508017870E4390020004001B86C3C0020074BDB6866
S31508017880C3F30363984208D1054AD2F8803023F03E
S31508017890F00343EA0111C2F880107047000002B8EC
S315080178A0003F00B0054B1B68D3F8F03013B11A68D6
S315080178B00A2A01D8FFF7C4BF186C7047E4390020BB
S315080178C02DE9F743064603F0CCFF00248046DFF88E
S315080178D0909004F062FD0DF1070105460DF10600D1
S315080178E0FDF7C6FF9DF806308BB9721C29D003F047
S315080178F0B8FFA0EB0804284604F05DFD9DF80630A4
S3150801790013B99DF807303BB3A642E2D824E0D9F86B
S315080179100C3013F4603FE8D0D9F8180004F02FF8BA
S31508017920731C074603D003F09CFFA0EB0804284606
S3150801793004F041FD17F5007FE0D0384603B0BDE8F5
S31508017940F083284604F037FD9DF80630002BC0D198
S315080179509DF80730002BBCD1004FEEE700FEFFFF74
S3150801796000C000B80B4A10B5136F0B4C116F03F02A
S315080179700703E35CC1F3CD0101FB0333126F07482B
S31508017980C2F3454202FB033300688001B0FBF3F002
S3150801799010BD00BF004001B8140402086C3C002069
S315080179A00122014B1A657047001002B80122014BEA
S315080179B01A657047002002B84022014B1A657047C4
S315080179C0002002B84022014B1A657047001002B820
S315080179D010F1800F04D04D28CEBF7F20323040B23F
S315080179E0FF22034BC0B25A62A3F58053586270470F
S315080179F000E000B8044BD3F8B03010B1C3F303323A
S31508017A00027003F00F007047000002B8064B01F040
S31508017A1080015B6C03F480030B4302BF4FF4001231
S31508017A20024BDA64704700BF000002B8006001B873
S31508017A300F4B1B788BB1012B11D10E4A012102F58F
S31508017A4080528B4291600FD80A4A0B49002B08BF16
S31508017A500A4693689B07FCD47047074AEEE700225B
S31508017A604FF480539A60FFDE00239B68FBE700BF53
S31508017A703C3D0020004003B8000003B838B50B4B65
S31508017A800B4C002818BF1C46A569E3691D4007D0A1
S31508017A90084B1B682BB12846984704F50054A56185
S31508017AA038BD6B05F9D5FFF7C3FFF6E7004003B804
S31508017AB0000003B8D83C00204FF604014FF6050232
S31508017AC0044B01201B6C9BB28B4208BF1346024A2A
S31508017AD0136670470080E00F00C001B82DE9F74F23
S31508017AE081460F464FF0FF35FFF7B8FB0026019098
S31508017AF08A462C463046DFF8D8B006F110031B013A
S31508017B005BF8033003F00308B8F1010F15D13046CD
S31508017B10FFF7BCFB02460B4601985146FFF74AF9A7
S31508017B20DBF8643006F10802D340DB0739D5002FAC
S31508017B3040D000252C463E6040460136082EDCD151
S31508017B4060B3234A0027D2F808C0916B0CF440337E
S31508017B500131A4FB0141641941F10001B3F5003F6C
S31508017B6030D1536B0CF4405C013347F10006BCF588
S31508017B70805F22D1156B15F5807505FB06F647F171
S31508017B80000203FB0266A5FB03323244594304FB98
S31508017B900212A3FB04341444C9E9003403B0BDE856
S31508017BA0F08FA84271EB0403C6D207B13E600546C1
S31508017BB00C46C1E73D463C46BEE7320242EA13623D
S31508017BC01B02E3E7136B13F5807347F10002DDE748
S31508017BD000C001B8F8B5062003F066FE044603F0B6
S31508017BE040FE42F21073041B9C42054618D94FF019
S31508017BF080624F240B4B5A6441F26F770A4E0BE0B1
S31508017C0003F02FFE401BB8424FF4837221468CBF06
S31508017C1000200120FBF756FE736C5B01F0D5F8BD19
S31508017C201A24E9E7002002B8000002B8034B1A6ECD
S31508017C30596E03F500530A401A66704700800A50C8
S31508017C40FF28F8B506D1FF294FF0070006D000290D
S31508017C5067D103E0FF2962D10F2862D80026324C8A
S31508017C60324D84F8800084F88160686940F25D12BB
S31508017C704B2100F00100FBF725FE11231022AB660C
S31508017C802B4B6E66C3F888219A6001213B20F7F7D2
S31508017C9023FC94F88110274A94F880300A43264930
S31508017CA0063341F82320254B3E201D68F9F712FCBF
S31508017CB06F08ED07024633462846394602F00CFBA3
S31508017CC0090241EA1061C0F3C05040EA41001C4B69
S31508017CD02067186B10F5807005D14FF4D6722B21E9
S31508017CE0FBF7F0FD0220024600230020012102F0E5
S31508017CF0F3FA60673E20F9F7EDFB40F6494358432E
S31508017D00000DFF2828BFFF20022838BF02200021C6
S31508017D1084F88400012000F0EDFC0020F8BD0F284E
S31508017D2095D92120FAE700BF003E00B000800A502D
S31508017D3000E100E0020D0C00008003506C3C0020BD
S31508017D4000C001B870B5FFF745FF0021022000F019
S31508017D50D1FC03F086FD04460F4D104ED5F8F433D9
S31508017D601B070BD504F019FBBDE8704002220C4B2A
S31508017D70DA6001220B4B1A7004F01DBB03F071FD8A
S31508017D80001BB0424FF405724FF045018CBF00202D
S31508017D900120FBF797FDE1E7000002B83F420F001B
S31508017DA000C001B83D3D0020214910B50B78002BD4
S31508017DB03DD001221F4C94F881300133DBB202FA1F
S31508017DC003F31D4A5366136608221C4BC3F8882120
S31508017DD000230B7003231A4A39211364A2F5805232
S31508017DE05364184B40F2C322586CC0F38060FBF70A
S31508017DF069FD4FF48041144A144BC2F89410144A91
S31508017E00A16FD26E914202BFD3F86C21E267D3F813
S31508017E106431E06F08BFA4F88630B4F8861000F024
S31508017E20DDF8BDE810400121022000F063BC10BD59
S31508017E303D3D0020003E00B000A00A5000E100E0F0
S31508017E4000A00950000002B800E001B800C001B85E
S31508017E5000800A5010B504463E20F9F73BFB604303
S31508017E60034B00F5F42000F59070B0FBF3F010BD5C
S31508017E7040420F002DE9F74FFFF7ECFF0446FFF7E5
S31508017E80A9FE04F08AFA00214B4F05466846397067
S31508017E90FFF724FE494B80469E69494BDB6813F080
S31508017EA0706F1CD1474B5B6913F0060A17D1E0B115
S31508017EB0454B611D1868A1FB00B93E20F9F70AFB7D
S31508017EC0534602464946584602F006FA009B0902FD
S31508017ED041EA106100029842019B994105D328465F
S31508017EE003B0BDE8F04F04F066BA0021022000F0A5
S31508017EF001FC03F0B6FC8146DFF8C4B0DFF8D4A074
S31508017F00DBF8F4331B0741D5B8F1000F4DD0DDE995
S31508017F1000893E20F9F7DEFA4FEA182141EA09619C
S31508017F204FEA1923A0FB019800FB0388264B1A6820
S31508017F3012B9FFF7F1FB024600234846414602F013
S31508017F40CBF90121214B013493F88130DFF86CC05C
S31508017F5001331F4A361BDFF880E0DBB201FA03F36F
S31508017F600644CEF86030CCF86C605366DCF818200D
S31508017F70DCF86C60241A921BA24216D2CEF8643041
S31508017F800220CEF8603000F0B5FBA8E703F069FCE3
S31508017F90A0EB0900504540F26A224FF045018CBF1B
S31508017FA000200120FBF78EFCAAE70222054BDA60C6
S31508017FB001233B7093E700BF3D3D002000800A5036
S31508017FC0000002B800C001B86C3C0020003E00B0B9
S31508017FD000900A503F420F0000A00A5001232DE9E4
S31508017FE0F74F9A4F044697F881208A469340984A54
S31508017FF00E46936697F88020964B0546C3F8D82017
S315080180004FF40032944B4FF0000B1A610223DFF84C
S315080180105482C8F80C30914B9B6903F1FF39A3EBE5
S315080180200903002B40F3D4800BF1010BBBF1020FBE
S3150801803057D9EC220D210020FBF744FC4FF0805361
S31508018040874A884F53664FF40031804BC7F86C5105
S31508018050C3E91E950025C7F86461A3F88660116116
S315080180607C4AC2F8D85093F8812001239340784A74
S31508018070936604F092F92A462B464FF4807E3E6AAF
S31508018080D7F864C002F110010901795801F003011A
S31508018090012910D10EFA02F111EA0C0F0BD107EBE7
S315080180A00215B442D5F80C5100F2A580AC4202D2B1
S315080180B0AE4280F0A3800132082AE3D16A4D2968CD
S315080180C0012940F29E803BB16049B1F882201A43EA
S315080180D0A1F88220604A536603B0BDE8F04F04F068
S315080180E06AB9012397F881205C4D9340584A9366F3
S315080180F004F053F94FF08052594B01905A66AB6917
S3150801810003F10109C5F86C90D8F83010D8F8083091
S31508018110DD036DD5BA6F3E6FA9EB0202A2FB0626F7
S315080181207B6F01F58071A6FB03E5A2FB03C313EB85
S315080181300E03A1FB03EC45F1000501FB05CCB2EBEF
S315080181400E0266EB0C06120A42EA06625244B2EBCA
S31508018150112F4FEA112603D3013345F10005921B6E
S31508018160043E964228BF1646C8F8186097F8852037
S31508018170D8F82010E318D2B245F100058C42D8F898
S31508018180381084BF02F1FF32D2B2481C0ED04FF02C
S31508018190000E01F1010C99427EEB050008D201326D
S315080181A0B3EB0C03D2B265F10005F4E72A44D2B267
S315080181B01D4602F0030287F88520C8F820300123FE
S315080181C097F8812001989340284A936604F0F3F8BA
S315080181D0224B9B6900BF00BF00BF00BF00BF00BFA5
S315080181E000BF00BFD8F86420D2007FF518AF25E795
S315080181F056462546E3E7AC42BFF45AAF19438BB25C
S3150801820059E71B4A1478142C01BF0024194E14701F
S315080182103470147801341470002B3FF45DAF0B4EA3
S31508018220B6F882401C43A6F882400B4C6366114C93
S3150801823023780133DBB2022B23707FF44DAF002381
S31508018240013129601370237046E700BF003E00B074
S3150801825000A00A500080035000D001B800800A50DF
S3150801826000E001B800C001B8103C002000900A5097
S315080182703F3D00203E3D00204FF00052014B1A6061
S31508018280704700BF00E100E04FF00052034BC3F80E
S315080182908020BFF34F8FBFF36F8F704700E100E077
S315080182A0F8B50B46002213F8044B944225D91D68EC
S315080182B0854224D106245A791D79124B88181E68DD
S315080182C004FB0503104F33F8063C7B43B3420ED932
S315080182D000238A5A7A43964202D804FB0300F8BD62
S315080182E09D42FAD9013304FB03F2825AF2E740F2BE
S315080182F047423D210020FBF7E5FA0020EFE7083366
S315080183000132D2E7DC3C002040420F002DE9F04F54
S315080183104FF0000EA2FB016BDFF8F4C2DFF8F4821E
S3150801832016EB0C0C1F466BF10003E0457EEB0303CD
S3150801833083B009D240F23E220E217046FBF7C2FAFB
S31508018340022003B0BDE8F08FD7F814A00C461546F5
S315080183508146BAF1000F04D0DAF80030032B00F297
S315080183609A809E4B9E4A9B6BD2F8FCA0C3F31408D5
S315080183709C4B1B6F5A074EBF4FF440039B0503F0F6
S31508018380E07348EA0308984BD3F8EC305B0048BF22
S3150801839048F0807848EA456803F02CFC012D02462E
S315080183A0CED10028CCD0914B984200F0858003F5B8
S315080183B0122303F5F863984200F090808C4B98429B
S315080183C000F0EB80002501902B4600204FF000714C
S315080183D001F082FF2B46019A013006FB03F300FBED
S315080183E00B33A6FB00600344C8F31300A0FB02216C
S315080183F0203300FB05119B093B607E4BD20C1C60A8
S3150801840042EA41317C4B18F4801F08BF4942196082
S315080184107A4B0C441C60BAF1000F5BD00023DAF8E2
S315080184201C5018F0807F18BF6408BB607B60002D64
S3150801843046D099F82720073A012A41D9694ED6F834
S315080184403C21D0027FD4DAF80000002C00F0A98084
S31508018450B4FA84F1072900F3A480C1F1080325FAC7
S3150801846003F304FA01F10133B1FBF3F14B004FEACF
S31508018470442C0133E40D01E002330131A5FB03620B
S31508018480B44574EB0202F7D2C1F30E031B0343F0A2
S315080184900063BB6016E0042BDAF828807FF47CAF12
S315080184A018F0807F14BF4FF4400308F0E07328F0FA
S315080184B0E07848EA03086FE7002351481D468CE730
S315080184C0DAF8000000230628FB603B6102D9DAF8D6
S315080184D030303BB9002003B0BDE8F08F002349488E
S315080184E01D467AE703F086FBDAF83010FFF7D8FE67
S315080184F0044610B18378002B56D103F049FBDAF80C
S315080185003010FFF7CDFE04460028E3D08378002B10
S31508018510E0D0407940F27352003818BF01203D215E
S31508018520FBF7D0F9207940F2745200384FF03D013B
S3150801853018BF0120FBF7C6F9237962791B0243EAC2
S3150801854002133B61C6E781EAE172A2EBE1722E49A9
S31508018550C8F3815811F808C019464FEA8C6C6008AF
S31508018560CCFB0201224601F0B7FE0346DAF8000009
S315080185700E280ED9194A916BB26CD6F83C61D2060F
S3150801858007D501F4801106F40016314308BFC3F577
S315080185908013C3F313037B6057E700231B481D466B
S315080185A01BE72B4621025FE740794FF4AB6200389F
S315080185B018BF01203D21FBF785F9207940F2595270
S315080185C0003818BF01203D21FBF77CF92379627930
S315080185D01B0243EA0213FB608FE700BF008001B864
S315080185E0004F00B0004001B8000002B800F049028F
S315080185F0005A6202E43C0020E03C0020DC3C0020FA
S315080186000A3BB2DF313641DC24040208D694BFD6D0
S31508018610006CCA88807C814A10B5044686B059B96F
S31508018620214B4168D3F8FC30827A204805930068CB
S315080186306B46FFF76BFE69461D4B0A685A631A4B70
S31508018640D3F8FC3033B34B6843B11A4B1A4AC3F813
S315080186503C214A68A3F58053C3F83C218B6843B192
S31508018660144B164AC3F81C218A68A3F58053C3F82C
S315080186701C21134AC868D2F8983123F4EE630343E0
S31508018680C2F89831D2F89031096923F4EE630B43A5
S31508018690C2F89031002022890A4B9A6203F5A03369
S315080186A0186406B010BD00BF004F00B0E4390020C1
S315080186B0008001B8006001B8FFFF0F0000F0FF0F4E
S315080186C0000002B8004000B8074BD3F88022D20751
S315080186D007D55B6E002B4FF48043B4BF034A044AA7
S315080186E013650020704700BF00800050002002B8C3
S315080186F0001002B8064B1A6C9207FCD4022240EA13
S3150801870001205860034B1A640122034B1A70704703
S3150801871000C002B800D002B8403D00202DE9F04162
S31508018720364F0646FB68C3F30363022B64D103F095
S3150801873098F80546DFF8DC80BC6A14F4802449D130
S3150801874003F02BFEFB680546C3F30363022B3BD1FB
S31508018750304602F078FF28B1294B93F8F4200AB184
S3150801876083F8F5400022274B83F89C20234B5B6C4A
S3150801877098053DD5224BD3F8DC3059889A68C90744
S3150801878048BF1821D66848BF927806F4000044BF4E
S3150801879001FB023303F10C021B4B06F008069B6929
S315080187A093608022194BDA6038B14FF4003203F531
S315080187B0A043CF20DA61FEF75BFACEB14FF400721F
S315080187C0134B5A6402229A60284603F0F4FD2046A8
S315080187D0BDE8F08103F045F8401B40454FF06402BF
S315080187E04FF047018CBF00200120FBF76BF8A3E788
S315080187F08022024B1A61E7E70224E8E7000002B883
S31508018800003E00B0003F00B000C000B800C001B88B
S31508018810002002B83F420F0010B590B10468012C40
S315080188200FD902696AB11168094B102C1960516890
S315080188305960916888BFD268996094BFD960DA6037
S3150801884010BD10220021024801F037FFF8E700BFEA
S31508018850EC3C00201B4B2DE9F0410D4616461C68E1
S3150801886058B34FF47A7343438A68A3F6AC539B1AF9
S315080188704A689B1A144AD8171168144FA1FB033288
S3150801888001FB002213F1807342F100025B0E43EAF9
S31508018890C213803B33620E4BD3F8C43073623B6814
S315080188A073B1204602F0CFFE50B1324629463B68E5
S315080188B0D4F8E400BDE8F04118474AF6C873D9E789
S315080188C0BDE8F081E4390020FC3C0020E83C0020AA
S315080188D0003F00B0084BC1171A68A2FB000302FB50
S315080188E0013310F1807043F10003400E40EAC310D2
S315080188F0803820EAE0707047FC3C00200722194BBB
S3150801890070B51A64184B194A1D68194BEC08E0052D
S31508018910C0184FEA153141F10001002301F0DCFCD2
S31508018920144B154E18601548FFF7D4FF4042C6F898
S31508018930DC0049F65800FFF7CDFFC6F8A800104835
S31508018940FEF7C6FC024660B1E301500818184FEA63
S3150801895015714FF0000341F1000101F0BDFCC6F8A5
S31508018960B40070BD000002B86C3C002065CD1D0046
S31508018970B2E60E00FC3C0020003F00B07011010079
S3150801898040420F0048B14FF47A72054BDB6802FB8F
S315080189900030A0F5FA50FFF79DBF47F23050FAE7CD
S315080189A0EC3C002010B5044698B10B4BD3F8FC00FB
S315080189B0FFF732FF4FF47A7303FB04F0074BA0F677
S315080189C0AC50DA689B681044C01ABDE81040FFF73E
S315080189D081BF4AF6C870F8E7004F00B0EC3C0020AA
S315080189E0F8B50446084615461E46FFF715FF3CB37B
S315080189F006F0020716F0040623D10FB3204600F04D
S31508018A007DF828636069FFF7BDFFE862C6B1A06813
S31508018A10002843D04FF47A735843A0F5FA50FFF76C
S31508018A2059FF68614FF47A70236858432BB11D4B7F
S31508018A301B6803F51C5310331844FFF74BFFA86155
S31508018A40F8BD206920B34FF47A735843154BA0F645
S31508018A50AC509B68C01AFFF73DFFA862A08BD0B146
S31508018A604FF47A7358430F4BA0F6AC509B68C01A63
S31508018A70FFF730FFE8612A460A49E068FFF7EAFE90
S31508018A800021A069FFF78EFF6863002FBFD0B5E705
S31508018A904AF6C870DFE74AF6C870E9E747F2305088
S31508018AA0BDE700BFEC3C002070B5064608461C46EB
S31508018AB002F001FF0546D6F8F00000F011F8436808
S31508018AC0054A002BA8BF4FF4FA721A44034B6019E2
S31508018AD092FBF3F2104470BD0CFEFFFF18FCFFFF7A
S31508018AE040B10368012B05D90069034B002808BF6B
S31508018AF018467047004870472C04020843684FF42B
S31508018B007A7058432BB1044B1B6803F51C53103379
S31508018B101844FFF7DFBE00BFEC3C002070B588B0F3
S31508018B206D46184C0FCC0FC594E80F0085E80F0069
S31508018B30FC220021144801F0C0FD942200211348AB
S31508018B4001F0BBFD20220021114801F0B6FD02F01B
S31508018B5032FF104B1B783BB16D460A4E0FCD0FC63F
S31508018B6095E80F0084E80F000C220B490B4801F029
S31508018B70C3FF0B4B0B4AD3F87831C3F38243D36750
S31508018B8008B070BDE03F00B0703E00B06C3F00B069
S31508018B90E04F00B02C3D00203C040208C83E00B05E
S31508018BA0000002B8003F00B0064BD3F8080F064B89
S31508018BB09B6C1A0103D4054B9B6E1B0401D500F56A
S31508018BC080707047003000B0000002B8004000B85D
S31508018BD010B503F0E2FB0E2104460320FEF74EFE14
S31508018BE040F20122034B2046BDE81040DA6203F049
S31508018BF0E2BB00BF004000B8064B00201B6893F893
S31508018C002430DB0902BF0322034BC3F85022FBF7CA
S31508018C10CDB900BFE4390020006001B8012370B561
S31508018C20074C2370074B1E68074B3240D3E90053A4
S31508018C3019402840FBF7F2FE0023237070BD00BFE0
S31508018C40453D0020043D002080380020024B58682D
S31508018C50C0F3C000704700BF8038002010B5044635
S31508018C60FEF726FD00F0E6FE2046FDF79BF8FEF727
S31508018C70A9FCFEF71DF8FEF78FF8FFF73FFE13492B
S31508018C800723134AD1F8FC1004F58270FFF7A8FEF2
S31508018C904FF080710020FEF73BFB4FF000720D4B41
S31508018CA04FF400110120C3F80021FEF731FBFEF74E
S31508018CB003FF20B940F223121421FAF703FE02F04A
S31508018CC078FEBDE810400120FDF7BABE004F00B09E
S31508018CD0A43F00B000D001B88023074A5364082393
S31508018CE040B15364054AD2F8D83E23F02003C2F8AE
S31508018CF0D83E7047024AF4E7001002B8003000B0C7
S31508018D00002002B810B503F048FB012104460020F3
S31508018D10FFF7E2FF044B1961044B5B68984720464D
S31508018D20BDE8104003F047BB000002B86C3F0020C5
S31508018D30F0B583B014460646FFF7C6FCFCF772F891
S31508018D40002800F0A980594B5D6915F0060540F029
S31508018D50A38003F022FB23790095022B054647D110
S31508018D60237B022B33D00320FEF73AF920B9504B67
S31508018D70DB685B0440F19280A37B277B003B18BF2D
S31508018D800123A2684B49012F01920B706FD000F0A5
S31508018D9043FE0420FEF720F80420444E0223716F97
S31508018DA03A4621F0F85121F4F81141F0506141F4A5
S31508018DB0803171670DEB0001FEF72CF80446002897
S31508018DC060D0012030223C493C4B08701A653C4E64
S31508018DD0336898472128044604D101210020736885
S31508018DE098470024284603F0E6FA204603B0F0BD6A
S31508018DF00320FEF7F5F8002850D12279D6F80C3170
S31508018E00012A226830D0D01A00900020274B2D4A1B
S31508018E102D495A679867637B2C4A23F0400000283E
S31508018E20C3F380130B700CBF012300231370284B67
S31508018E30274AD3F8D83E4FF003000CBF43F020036E
S31508018E4023F02003C2F8D83EFDF7C6FF174B214A87
S31508018E5003205A67694601232279FDF7DBFFF8B13A
S31508018E6001221D4B1A707BE79A42CDD3CBE72379B2
S31508018E70022B8CD0009BD6F80C1100270B44134407
S31508018E80019384E70320FDF7A7FF28460D4A124BF5
S31508018E9072671C7003F08FFA0E24A6E72846F9E7D5
S31508018EA0284603F088FA21249FE700BF00C001B8CD
S31508018EB0000002B84A3D0020473D0020001002B8D4
S31508018EC06C3F002000000101483D0020493D00207B
S31508018ED0003000B0010C0100443D0020F8B5194CE2
S31508018EE00546207840F27D22B0FA80F03E214009FD
S31508018EF0FAF7E8FC55B9607840F27D22BDE8F840FA
S31508018F00B0FA80F03E214009FAF7DCBC4FF440661E
S31508018F100D4F0E4DD7F8083140F27D22C3F3812358
S31508018F202370C5F8086160783E21B0FA80F04009DF
S31508018F30FAF7C8FCD7F80C31C3F381236370C5F877
S31508018F400C61F8BD413D0020004000B8006000B842
S31508018F50A82238B51C4B5D6C03F500535A641022E0
S31508018F609A60A3F5804302F100521A675A6600F027
S31508018F70ABFF164B1B7813B90320FDF72DFF002411
S31508018F80134B9C6700F0C6FF124A134BD2F8081F11
S31508018F900B40C2F8083F0422104B5A64104BAA062C
S31508018FA0C3F8E04009D503F58073D3F89030B3F5DB
S31508018FB0817F22BF8022044B1A61FCF7C1FB002284
S31508018FC0084B1A7038BD00BF000002B8443D0020A6
S31508018FD000C001B8003000B0DF0000FF002002B871
S31508018FE0003E00B0433D00200D4A10B5D2F8A0302E
S31508018FF0D2F8A4100B40B3F1804F0CD34FF0404088
S315080190000849094CC1F8A400D467C1F8A0004FF477
S315080190108021064AD161034AC2F8A03010BD00BFBB
S3150801902000400050006000500000FF01001002B827
S315080190309E4B2DE9F04F9A6EDB6E85B002EA030866
S315080190409B4BC3F868804FF03A43D3F81461D3F8C1
S3150801905018311E40974BC3F81461974B9A68DB6821
S3150801906002EA030A954BC3F808A003F52043DA6917
S315080190701B6A02EA0309924B09F47702DA61914BFA
S31508019080D3F80422110706D4D3F804311A07C3F317
S31508019090C00740F1E98003F080F98B4B5A695F6E8E
S315080190A01B6F12F0060F07EA0307884A27F00073B9
S315080190B023F4006314BF4FF0010B4FF0000B536606
S315080190C07B0706D5824A92F885300133DBB282F8EE
S315080190D0853003F070F9B8F1000F00F0E38018F459
S315080190E000442BD003F059F90146FFF75DFD04460C
S315080190F0784B1D682A682B689A42FCD02A689A42DE
S31508019100FCD0FFF751FDA04240F0B080084603F0BD
S3150801911052F9714B1C60714B5D6C15F4E05240F0CD
S31508019120A78024F07F4424F0DF040CB9FFF710FF71
S315080191306B4B01201B6898474FF0807418F0020F9B
S315080191404FF0000514D0654B5D495B6C03F4604232
S315080191504A64002A00F0A0801D0400F1A08013F4DF
S31508019160005F0CBF4FF000534FF0006300251C430E
S31508019170C8F340384FEA48085A4B3340002B4BD0C6
S3150801918016F4206F0AD040F2BC5206210020FAF7E5
S3150801919099FB002000F01CFF26F48026F00506D571
S315080191A0FF22474B44F4C0649A60FFF711FD16F09D
S315080191B0090F0BD040F2D15208210020FAF782FBA1
S315080191C000F0FAFE4FF03A4301225A6316F0106F87
S315080191D00CD040F2DA5209210020FAF773FB00F0AD
S315080191E0EBFE002211461046FCF7E4FE16F4202F8A
S315080191F00AD040F2E25207210020FAF763FB002069
S3150801920000F0E6FE26F48026F10301D5FDF724F8E1
S31508019210002EB8BF48F0080872070ED54FF03A433A
S315080192201B6B13F4005F4FF4005317BF214A2E4AF4
S31508019230136344F4000408BF1363730548BF44F07D
S31508019240040416F48023019300F0B780FCF7BAFFF3
S31508019250013806284AD8DFE810F03E0141013E01EF
S31508019260440147014A014A01BB4634E7044641E73E
S315080192700192FFF76DFE124B019A5A6415F4805359
S3150801928007D115F4806F0CBF4FF080544FF08064FE
S3150801929054E74FF0804451E74FF0007366E74FF00B
S315080192A0004363E74446454666E700BF004000B809
S315080192B0006000B8002000BA004001B8006001B89B
S315080192C0002002B800E100E000C001B800E001B8E2
S315080192D0003E00B0D8030208003D0020000002B895
S315080192E0843F0020090B0B89001000BA40F2136273
S315080192F003210020FAF7E6FA4FF03A420121D2F8A3
S315080193008C30D2F8AC0003F00703063301FA03F3F5
S31508019310C0F30C001B1A9BB2072B12D97E4B5B6C50
S3150801932058020ED47D48D36CD26E406D58B103F005
S31508019330070306339940C2F30C03C91A89B20729F0
S3150801934001D844F40074764B1B78002B35D04FF0C6
S315080193503A43D3F8143113F4A02F2ED1714B724A24
S315080193601B7893B9FB0410D4137873B1E3086F49DA
S3150801937043EA457383F00103D1F8081F03F001039B
S315080193805B0021FA03F3980717D10420FDF724FDA2
S31508019390674B6849596700F03FFB634A137843B93D
S315080193A0654B1B782BB1654B654A1B6823401342F5
S315080193B001D144F4804427F48057BAF1000F27D02D
S315080193C01AF4805F18BF44F480241AF4807F18BF0A
S315080193D044F400241AF4005F18BF44F010041AF488
S315080193E0007F18BF44F020041AF4806F18BF44F0B8
S315080193F040041AF4006F18BF44F080041AF0805F25
S3150801940006D0504B0021186845F48055FBF73AFD04
S31508019410B9F1000F3ED019F4802F18BF45F4007535
S3150801942019F4803F05D0484B03201B6844F4805447
S31508019430984719F4801F18BF44F4003419F4001F23
S3150801944018BF44F0020419F4003F18BF44F480140D
S3150801945019F4800F18BF45F0100519F4002F19D01B
S31508019460324BD3F8D83E13F0C00F13D02A4AD3682B
S31508019470C3F30363032B01D0072B05D1936CD906DC
S3150801948002D4D36C1B0739D54FF400222F4B29F48C
S315080194900029DA61002F00F02381380540F18E801A
S315080194A02B49234A91F803A02A4BBAF1000F57D04A
S315080194B04FF400600AF1FF3A58665FFA8AF3CB70F7
S315080194C033B9254B1B78E3B140F60142234B5A6762
S315080194D00023002270E044F480340DE744F400646C
S315080194E00AE744F4806407E744F4807404E7164BFA
S315080194F002201B6844F008049847FDE644F400146A
S31508019500C8E7936F13F4A05F15BF4FF4807340F655
S31508019510014393659367DBE7000002B8004000B892
S31508019520473D0020463D0020493D0020003000B05F
S3150801953000C001B800000101483D00208038002024
S31508019540088D0100E4390020843F0020002002B87C
S31508019550323D002000E001B8443D002000D001B8AA
S315080195600320FDF739FCA54AA54B526912F0060FEF
S3150801957076D05046FDF7ECFD4FF40061A04B9F4AAB
S31508019580596653699F4813F0060308BF9367B0F8F5
S3150801959082309D4913F4006266D023F40063A0F873
S315080195A082300B7803F0FF0A002B61D1FDF7BCFE70
S315080195B0FFF7CEFC534620221C431543B90009D5B3
S315080195C02E20FDF755FB4FF000528D4B45F008054F
S315080195D01A675A66FA0608D52B20FDF749FB1022A9
S315080195E0874B45F400151A675A6617F0306F05D18F
S315080195F0FB0469D5BBF1000F00F0BF80380115D512
S315080196002920FDF735FB814B8149DB6803F480424C
S31508019610C3F380330B70FFF719FB28B17D4B7849EB
S315080196207D484B66036732BB45F0040517F0007B9E
S315080196302ED00420FDF7D0FB2720FDF719FBFFF7F5
S3150801964087FC4FF000726E4B5A66744BD3F8082F9D
S3150801965052067AD40222724B9A6045F002052EE030
S3150801966041F61F725A6787E70B784FF40053A3E751
S315080196704FF400432DE70B6720204B66FDF7F8FAF8
S3150801968045F400152D2045F00C05FDF7F1FACDE757
S3150801969017F0807FDFF864A142D00420FDF79CFB18
S315080196A02820FDF7E5FADAF87830002B35D1FFF7EF
S315080196B04FFC534B574A45F001051A675A66FFF79F
S315080196C09BFA00224D4B9A65BB0409D5554A537935
S315080196D0002B00F0CC80013B5371002348EA0308B4
S315080196E0424620462946FFF799FA019B0BB1FCF73A
S315080196F0A1FD4FF000424C4B06F00436C3F8146145
S315080197004A4B19F4002FC3F880211EBF4FF40022DB
S31508019710434BDA6105B0BDE8F08FCAF878B0C8E7FF
S31508019720F904CED50420FDF757FB414BCAF874302E
S31508019730FDF7FAFDDAF8643013F0407FC1D12A202B
S31508019740FDF796FAFFF704FC7FE7D3F8D83E9B06A8
S3150801975083D40222374B9A60374B1B6893F825301E
S3150801976098077FF57AAF274B93F8F430002B3FF42F
S3150801977074AF8022254B1A616FE72A4A13794BB1D8
S31508019780013BDBB2137113B9234B2C4A5A670023E9
S315080197901C4399E70420FDF71FFB0320FDF71CFB7B
S315080197A0164B234A5A6702F0F8FD82460DF10F005F
S315080197B0FEF720F9224B83461B780BB1FFF708FA0F
S315080197C0BBF1030F0ED1DFF844B00020FEF712F902
S315080197D0032807D1DBF82830D907F6D4DBF8483057
S315080197E0DA03F2D49DF80F30032B2DD10122154B44
S315080197F050461A7002F0DFFDC9E700BF00C001B884
S3150801980000E001B8003E00B0443D0020000002B867
S31508019810433D00201000002000D001B8003000B000
S31508019820002002B8323D0020002000BA00E100E025
S3150801983000000101001002B8E43900200000010D02
S315080198404A3D0020463D00204FF03A43D3F81431F3
S3150801985013F4A02FCAD100F0DFF8504602F0ABFD91
S31508019860054B03201B6898474FF4804390E7052072
S31508019870FDF7B2FA012331E7843F00200122024BAA
S315080198801A62DA61704700BF002002B8094A08B5B2
S31508019890D369116A0B40084923F47F00DB07C861C5
S315080198A006D5D1684FF0FF30C1F3036102F08CF899
S315080198B008BD00BF000002B8002002B80C4A08B56E
S315080198C0936CD26C13400B4A9364DB070FD50A4B92
S315080198D040F66D021878122100F00100F9F7F2FF3F
S315080198E0BDE80840002201200021FFF797B908BD0D
S315080198F000C000B800E000B88038002070B5154DEA
S315080199002C6C6B6C1C40144B24F002021A64E2079F
S3150801991005D540F6D40200202968F9F7D3FFA30735
S3150801992016D502220C4B1A640C4A6B6814687CB172
S31508019930DBB2042B07D100220121094B1868234603
S31508019940BDE870401847052B02D100221146F4E7FD
S3150801995070BD00BF0080095000A00950403C00209E
S31508019960E439002038B50B4C0B4DD4F88430DB07AD
S3150801997006D4A36FD4F884201340084A936738BDE8
S31508019980D5F804315A06F0D5FFF7B8FF4023C5F8D4
S315080199908431EAE7008001B800E100E000A001B8DF
S315080199A008B502F0FAFC0E4B1A78A2B90D4A1268EC
S315080199B012F4843F0FD10C4A102111651B7863B943
S315080199C0084B1B68DB0508D4074B20221A65BDE83E
S315080199D0084002F0F0BC054AEEE7044BF5E700BF84
S315080199E0473D002080380020002002B8001002B848
S315080199F010B502F0D2FC0E2104460320FDF73EFF06
S31508019A0040F20122034B2046BDE81040DA6202F01B
S31508019A10D2BC00BF004000B80022044B1A70044BA8
S31508019A20197811B11A70FFF7BBBF7047463D002080
S31508019A30473D002038B502F0B0FC4FF08043244C76
S31508019A400546C4F88030BFF34F8FBFF36F8F4FF0D1
S31508019A500043C4F88030BFF34F8FBFF36F8F0123E4
S31508019A60C4F88430BFF34F8FBFF36F8F0223C4F856
S31508019A708430BFF34F8FBFF36F8F0423C4F884304C
S31508019A80BFF34F8FBFF36F8FFEF7FEFB0823C4F8B2
S31508019A908430BFF34F8FBFF36F8F1023C4F8843020
S31508019AA0BFF34F8FBFF36F8F2023C4F88430BFF302
S31508019AB04F8FBFF36F8F8023C4F88430BFF34F8F66
S31508019AC0BFF36F8F2846BDE8384002F074BC00BF6B
S31508019AD000E100E038B502F060FC05464FF080432E
S31508019AE00B4C23604FF00043236002236360042379
S31508019AF06360FEF7C1FB08236360102363602023BC
S31508019B006360802363602846BDE8384002F053BC91
S31508019B1000E100E02DE9F047DDF820A003EA01089D
S31508019B20099B06460D4602EA000703EA0A09BAF145
S31508019B30000F40F04F81031F0B4300F00F810528EA
S31508019B4071F1000380F0E58050EA010300F07581A8
S31508019B50431E0B4300F02581FFF76CFFB84AD2E993
S31508019B60004323EA050324EA06043C4343EA0807BB
S31508019B70B44BC2E900471E6826EA0A0646EA090600
S31508019B801E60FFF70DFF14F02A4F14BF48F20203B7
S31508019B904FF40043AC4AB007D26EAC4848BF43F411
S31508019BA0005383EA020122EA0302C266A84A0B406D
S31508019BB08166D366C4F380421203210348BF42F487
S31508019BC08072E30648BF42F40052A24BA50648BF7D
S31508019BD042F40072600648BF42F480622106D968E1
S31508019BE048BF42F4006282EA010323F080539A488F
S31508019BF019401A40C1608360984B17F4007FDA60F8
S31508019C00974B07F4007200F0048101224FF4802576
S31508019C1083F8A020E30448BF45F48035A00348BF74
S31508019C2045F48015A10748BF45F4001514F4001F33
S31508019C30DFF8688206D0D8F8000001F0E1FE08B91D
S31508019C4045F40025E20248BF45F40035FB06854B7D
S31508019C5048BF45F480051A6A834985EA020323F059
S31508019C6001031A400A621D40CB61804B16F0010FB1
S31508019C701D627F4B7F4A18BF1A467F4B7D071B6FB4
S31508019C8048BF42F000627D4882EA030123EA0203E3
S31508019C9003677B4B0A4041661A677A4A04F0010357
S31508019CA0D16CA0F5803081EA030221EA0301C1647F
S31508019CB082641A40744B2002DA64D8F8002048BF3F
S31508019CC0724B92F8022158BF714B610748BF43F4A2
S31508019CD0806322B114F4C06F18BF43F4807332074E
S31508019CE04FF03A42BDE8F047D2F8181148BF43F0A1
S31508019CF0004383EA010222F4A02266481140C0F813
S31508019D0018111340C0F81421634AC2F81831FFF735
S31508019D10E1BEA0F580630B4306D020F48063A3F56A
S31508019D2000730B437FF418AF02F037FB4449D1E9BE
S31508019D30003223EA060322EA050242EA08023B4305
S31508019D40C1E90032554A126892F80211514A09B31B
S31508019D5013F4C06F1ED04FF4807311E002F01DFB9F
S31508019D60374AD2E9003123F004033B4341EA0801AB
S31508019D7057EA0807C2E900314FF48063454A0BD018
S31508019D80C2F81431A2F58052C2F81831BDE8F0477D
S31508019D9002F011BB4FF48073C2F81831C2F81431BE
S31508019DA0F4E702F0FAFA264AD2E9003123F0010370
S31508019DB03B4341EA0801C2E900310123384A57EA1F
S31508019DC008071BBF9364A2F58052D364D36408BF06
S31508019DD09364DBE750EA01037FF4BEAEBAF1010FE3
S31508019DE07FF4BAAE02F0D9FA164A136823F00103D2
S31508019DF043EA090313604FF40053204AB9F1000FEF
S31508019E0004D05366A2F580521367BFE713675366FA
S31508019E10BCE793F8A01071B183F8A020214BD3F8C1
S31508019E20A41003F50053C3F8A410C3F8A0104FF00B
S31508019E305023C3F8A4200025ECE6BDE8F08700BF4F
S31508019E4080380020043D0020004000B8006000B8BA
S31508019E50005000B8004001B8006001B8005001B8D0
S31508019E60003F00B0000002B8002002B8001002B896
S31508019E70043800030418000300C001B800E001B863
S31508019E8000D001B800C000B800D000B80D0A0A0910
S31508019E90090A0A09002000BA001000BAE4390020AC
S31508019EA000E000B800400050024B186800F00100BD
S31508019EB0704700BF80380020024B5868C0F3C03095
S31508019EC0704700BF803800200A4B197801F0FF025D
S31508019ED029B10021197008499202C1F80821597857
S31508019EE001F0FF0229B1002159709302024AC2F812
S31508019EF00C317047413D0020005000B84FF4006214
S31508019F00034B5A644FF40042A3F5E0339A6670474F
S31508019F10001002B8F8B5084C084D636C0423084FC5
S31508019F206B64636C5B0300D4F8BD042602207E646F
S31508019F3001F09EFC6E64F4E7000002B8001002B856
S31508019F40002002B838B5044679B948B1164BDB6822
S31508019F501B0E13F00E0F04D04FF4C062134B9A6513
S31508019F6038BD134B1B6CD907F6D4FFF741FD0E4DCF
S31508019F700020FDF73FFD032801D0092805D1AB6A6A
S31508019F80DA07F5D4AB6CDB03F2D4FFF7C3FF012282
S31508019F90084B5A6102229A62042203F580535A64D5
S31508019FA0002CDDD0D8E700BF000002B8006001B878
S31508019FB000C002B8001002B808B503210920FDF750
S31508019FC05DFC2022014B1A6108BD00BF000002B8E2
S31508019FD038B5054602F0E1F90E4B04461868FCF758
S31508019FE015F835B1FFF718FD2046BDE8384002F0EF
S31508019FF0E2B9094B1B78002BF6D0084B1D78002DCA
S3150801A000F2D1FFF709FD2A464FF480400021FEF7F9
S3150801A01005FEE9E7E4390020463D0020453D0020DC
S3150801A0202DE9F84F574B06460D4614465B6C002A38
S3150801A03040F0A48013F0A00F14BF4FF001094FF0B0
S3150801A0400009FBF77DFBA0234FF0000ADFF84C81DE
S3150801A0500320C8F84430FCF7BFFE0420FCF7BCFE19
S3150801A060494FFFF7D9FC494B4FF0040B7B67C7F8FB
S3150801A07078A0FFF74FFF464B4FF48071D3F8D82EDF
S3150801A08042F02002C3F8D82EFF22C8F808203D4A1C
S3150801A0901161D3F8082F3F491140C3F8081FC8F8C2
S3150801A0A044B0C3F8E0AE7B6913F0060F04D0FDF7A0
S3150801A0B03BF95846FCF790FEB9F1000F01D0FFF7BE
S3150801A0C01DFF66B1344BDB6C180701D4FFF790FC12
S3150801A0D0FFF772FF0420FCF77FFEFFF7F5FE294B19
S3150801A0E05A69D10748D5DA6812F0706FFBD12B4B44
S3150801A0F02B4A5A642B4AD2F8803023F0F003C2F86F
S3150801A100803015B12046FFF763FF274BD3F84C3152
S3150801A1105A1C01D05B0002D50122204B5A615CB35F
S3150801A1201D4BDA6E03F500539A6603F5D0331B6AA5
S3150801A1301A4A23F00103D3611C4BD96803F500536E
S3150801A140996003F50053D3F8841003F50053996712
S3150801A1504FF03A43D3F8181103F50053C3F8141115
S3150801A160134BD96C03F500539964124903F58033EF
S3150801A17059664FF608435364BDE8F88F4FF0000956
S3150801A1805FE700BF000002B800C001B80000010186
S3150801A190003000B0DF0000FF004000B8002002B820
S3150801A1A010003000003F00B00080E00F004001B809
S3150801A1B000C000B85000002F38B514460D4602F00D
S3150801A1C0ECF8064BD3F8D82E54402C405440C3F82B
S3150801A1D0D84EBDE8384002F0EEB800BF003000B0F6
S3150801A1E0034BD3F8D83E99430CBF01200020704792
S3150801A1F0003000B02DE9F04117460A43012A1D46F1
S3150801A2009DF818409DF81C60DDF8208027D8B442D7
S3150801A21025D2082E23D8032B21D8B8F1000F1ED03A
S3150801A2200A460021FAF728FDFF21EB009940C943A8
S3150801A230DFF830C008F1FF38FF00E2B2964202D8D3
S3150801A2400020BDE8F0813D190CEB85052A6918F84F
S3150801A250010F0A409840104328610134EDE7212097
S3150801A260EFE700BF003F00B0174BD3F8D82E12F026
S3150801A270010312D0154B93F86430154A43F08073E5
S3150801A280C2F8D0304FF4801302F50052C2F8B43048
S3150801A290A2F58052C2F8B83070471106EDD40B4BBF
S3150801A2A093F8631021B1D20602D593F86030E4E73A
S3150801A2B04FF480120020074B0549C3F8B820C1F8AE
S3150801A2C0D000C3F8B4207047003000B0003F00B09A
S3150801A2D0004000B8006000B853B94AB9002908BF60
S3150801A2E000281CBF4FF0FF314FF0FF3000F082B954
S3150801A2F0ADF1080C6DE904CE00F006F8DDF804E0CE
S3150801A300DDE9022304B070472DE9F04F099D0C469B
S3150801A310002B4DD18A420F4684469646B2FA82F3FD
S3150801A32060D94BB102FA03FEC3F120029F4000FA3D
S3150801A33003FC20FA02F217434FEA1E461FFA8EF46F
S3150801A3404FEA1C42B7FBF6F106FB117701FB04F055
S3150801A35042EA0742904208D91EEB020201F1FF3791
S3150801A36002D2904200F231813946121A1FFA8CFC48
S3150801A370B2FBF6F006FB102200FB04F44CEA024C91
S3150801A380644508D91EEB0C0C00F1FF3202D2644574
S3150801A39000F21E81104640EA0140ACEB040C002194
S3150801A3A025B12CFA03F30022C5E90032BDE8F08F86
S3150801A3B08B4205D90DB1C5E9000100210846F5E72B
S3150801A3C0B3FA83F100294DD1A342C0F0F38090423C
S3150801A3D080F0F080064623460846002DE6D0C5E9FA
S3150801A3E00063E3E7002B40F0A3808A1A4FEA1E4771
S3150801A3F01FFA8EF60121B2FBF7F407FB14204FEA88
S3150801A4001C4242EA004206FB04F090420FD91EEBB9
S3150801A410020204F1FF382CBF4FF001094FF0000981
S3150801A420904203D9B9F1000F00F0CC804446121AC4
S3150801A4301FFA8CFCB2FBF7F007FB102200FB06F6AD
S3150801A4404CEA024C664508D91EEB0C0C00F1FF32AA
S3150801A45002D2664500F2B3801046ACEB060C40EA20
S3150801A46004409DE7C1F120068B4004FA01FE22FA59
S3150801A47006F720FA06FCF4408A401F434EEA0C030D
S3150801A48000FA01FE4FEA17484FEA13491FFA87FCFB
S3150801A490B4FBF8F008FB104449EA044400FB0CF944
S3150801A4A0A1450ED93C1900F1FF3A2CBF4FF0010B1B
S3150801A4B04FF0000BA14503D9BBF1000F00F08B80CB
S3150801A4C05046A4EB09041FFA83F9B4FBF8F308FB19
S3150801A4D0134403FB0CFC49EA0444A44506D93C1978
S3150801A4E003F1FF3801D2A4457BD8434643EA00402D
S3150801A4F0A4EB0C04A0FB02984445CC46434602D380
S3150801A50006D1CE4504D20138B9EB020C68EB070334
S3150801A510002D6CD0BEEB0C0264EB030422FA01F3A6
S3150801A52004FA06F6CC4000211E43C5E900643DE75E
S3150801A53002FA03FEC3F1200104FA03F200FA03FC4E
S3150801A540CC404FEA1E4720FA01F11FFA8EF6B4FBFA
S3150801A550F7F00A4307FB1044110C41EA044100FBDA
S3150801A56006F48C420ED91EEB010100F1FF382CBF0F
S3150801A5704FF001094FF000098C4202D9B9F1000FD9
S3150801A5802CD04046091B92B2B1FBF7F407FB141114
S3150801A59042EA014204FB06F1914207D91EEB020287
S3150801A5A004F1FF3801D291421ED84446521A44EAB0
S3150801A5B0004120E7861A64EB030301200DE7F44402
S3150801A5C002384AE7023C724431E702397244CCE662
S3150801A5D0F4440238DFE602383C4472E70238714433
S3150801A5E0D0E7023B3C4481E7023C7244DEE7294658
S3150801A5F0DCE600BF704700BF10B50C46B1F90E1076
S3150801A600F8F7DAFB0028ABBF636DA3891B1823F49F
S3150801A6108053ACBF6365A38110BD2DE9F0411F4688
S3150801A6208B8905460C46DB05164605D5022300220D
S3150801A630B1F90E10F8F7AEFBA3893246B4F90E103C
S3150801A640284623F48053A3813B46BDE8F041F8F739
S3150801A650E5B810B50C46B1F90E10F8F79BFB431C8B
S3150801A660A38915BF606523F4805343F48053A381FE
S3150801A67018BFA38110BDB1F90E10F8F77BBB2DE900
S3150801A680F8430746884614460026D4E90195B9F1E8
S3150801A690010905D52468002CF7D13046BDE8F883B1
S3150801A6A0AB89012B07D9B5F90E30013303D02946F9
S3150801A6B03846C04706436835E9E7024403469342EC
S3150801A6C000D1704703F8011BF9E7704770477047D7
S3150801A6D09368013B002B936010B408DA9469A3428E
S3150801A6E001DB0A2903D15DF8044B00F01AB8136897
S3150801A6F0581C1060084619705DF8044B7047F8B588
S3150801A70006460F461446D518AC4201D1002007E08B
S3150801A7103A4614F8011B3046FFF7DAFF431CF3D11A
S3150801A720F8BDF8B50E461446054618B1036A0BB9C5
S3150801A730F8F74AF8A369A360A3891A0701D523691B
S3150801A74043B921462846F8F793F918B14FF0FF3770
S3150801A7503846F8BD2368F6B222693746981A6369FE
S3150801A760834205DC2146284600F00EF90028EDD182
S3150801A770A368013BA36023685A1C22601E70431C10
S3150801A78062699A4204D0A389DB07E1D50A2EDFD193
S3150801A7902146284600F0F8F80028D9D0D6E72DE951
S3150801A7A0F047164698468A6807460B690C46DDF84F
S3150801A7B020909342B8BF1346336091F843200AB1FB
S3150801A7C0013333602368990642BF33680233336025
S3150801A7D0256815F0060506D104F1190AE3683268F9
S3150801A7E09B1AAB422BDC94F843302268003B18BF16
S3150801A7F00123920630D404F1430241463846C8473C
S3150801A800013023D023681A3454F80A2C03F00603BE
S3150801A810042B0ABF54F80E5C002533684FF0000676
S3150801A82008BFED1A54F8123C08BF25EAE5759342AC
S3150801A830C4BF9B1AED18B5421AD1002008E00123BE
S3150801A840524641463846C847013003D14FF0FF30DA
S3150801A850BDE8F0870135C1E7E1185A1C30200233FB
S3150801A860224481F8430094F8451082F84310C2E760
S3150801A8700123224641463846C8470130E6D001360B
S3150801A880D9E7B1F90C202DE9F041170705460C4621
S3150801A89056D44B68002B02DC0B6C002B3DDDE66AB7
S3150801A8A0002E3AD0002312F480522F68216A2B60B9
S3150801A8B025D0626DA389580705D56368D21A636BDB
S3150801A8C00BB1236CD21A216A0023E66A2846B047DF
S3150801A8D0411C24D00023636023692360A389DA0419
S3150801A8E000D56065616B2F60B9B104F144039942E3
S3150801A8F002D02846F5F7EEFD002363630DE0012338
S3150801A9002846B047461C0246D4D12B68002BD1D025
S3150801A9101D2B01D0162B2AD12F6000202EE02A6884
S3150801A920B4F90C3042B11D2A01D0162A21D10023CF
S3150801A930636023692360D5E7626022692260CEE7F6
S3150801A9400F69002FE9D093070E680F600CBF4B699A
S3150801A9500023A6EB07088B60B8F1000FDDDD43463F
S3150801A9603A46216A2846A66AB047002808DCB4F99F
S3150801A9700C3043F040034FF0FF30A381BDE8F0816E
S3150801A9800744A8EB0008E7E738B50B6905460C4606
S3150801A99013B90025284638BD18B1036A0BB9F7F76C
S3150801A9A013FFB4F90C30002BF3D0626ED00704D430
S3150801A9B0990502D4A06DFFF789FE28462146FFF7BF
S3150801A9C060FF636E0546DA07E4D4A3899B05E1D4E3
S3150801A9D0A06DFFF77CFEDDE7C9B20346024410B558
S3150801A9E09342184601D1002003E0047801338C42D2
S3150801A9F0F6D110BD062008B5F8F7F0F90120F5F7EC
S3150801AA0096FE884210B501EB020402D98442234618
S3150801AA1007D8431EA14208D011F8012B03F8012FCC
S3150801AA20F8E7024401468A4200D110BD13F8014DE8
S3150801AA3002F8014DF7E770B50C46B1F90E1096B05C
S3150801AA40154600291E460CDAA389002113F0800F4A
S3150801AA5014BF40234FF48063002031602B6016B089
S3150801AA6070BD6A46F8F7C2F90028EDDB019901F4D1
S3150801AA707041A1F50053594259414FF48063EBE700
S3150801AA808B89F7B59D0706460C4607D504F147039A
S3150801AA90236023610123636103B0F0BD01AB6A46FC
S3150801AAA0FFF7C9FF009F054630463946F5F709FD08
S3150801AAB048B9B4F90C309A05EED423F0030343F0F0
S3150801AAC00203A381E2E7A389206043F08003A381FF
S3150801AAD0019BC4E904075BB1B4F90E103046F8F7D7
S3150801AAE097F928B1A38923F0030343F00103A3814E
S3150801AAF0A3891D43A581CFE70A44431E914200D18C
S3150801AB00704710B511F8014B914203F8014FF9D17D
S3150801AB1010BD1F2938B505460C4604D9162303600E
S3150801AB204FF0FF3038BDC26B12B152F821304BB924
S3150801AB30284600F016F8224601462846BDE8384060
S3150801AB40F8F776B9012B0AD0591C03D116230360ED
S3150801AB500120E7E70021204642F824109847002003
S3150801AB60E0E7F5F7E7BD034611F8012B03F8012BDA
S3150801AB70002AF9D1704730B514469BB005461A46E6
S3150801AB80002C05DA8B2303604FF0FF301BB030BD74
S3150801AB904FF40273009104916946ADF80C3014BF65
S3150801ABA004F1FF332346029305934FF6FF73ADF87D
S3150801ABB00E301E9BF8F790F9431CBCBF8B232B6004
S3150801ABC0002CE3D0009B00221A70DFE7034613F836
S3150801ABD0012B002AFBD1181A013870472DE9F047D5
S3150801ABE01F468E6882460C46BE4290460B682DD893
S3150801ABF0B1F90C2012F4906F26D06569096905EB45
S3150801AC004505A3EB01097B1C05EBD5754B446D1076
S3150801AC109D4238BF1D46530527D52946F5F751FCF0
S3150801AC20064660B34A462169FFF766FFA38923F4FE
S3150801AC30906343F08003A38126614E446561A5EBC9
S3150801AC40090526603E46A560BE4200D93E46324603
S3150801AC5041462068FFF7D5FEA36800209B1BA36029
S3150801AC60236833442360BDE8F0872A46F5F749FC93
S3150801AC7006460028E0D121695046F5F72BFC0C233E
S3150801AC804FF0FF30CAF80030A38943F04003A3818F
S3150801AC90E9E702207047022070470020704701202B
S3150801ACA07047002070470E207047FAF789BD08469D
S3150801ACB01146012200F07EB870B50C4611461A46B7
S3150801ACC0F8F718FA059B049E04934569334620460E
S3150801ACD0AC46BDE87040604710B5F8F70BFABDE819
S3150801ACE0104083690846184700F075BBF9F7EABBB7
S3150801ACF0F9F7B6BD00F0DCB800F0EDB8F9F77EBE9D
S3150801AD0070B504460D4616464FF4881100F013F93E
S3150801AD10324629462046BDE87040FAF7D5BF431E9C
S3150801AD20012B03D9031F5842584170470120704728
S3150801AD3000F080BD4FF4E0720021FFF7BEBC70B58C
S3150801AD400446F9F701FF0546A8B9A169F1B1238AB5
S3150801AD50D3B1204604F1100200F0D8FB38BBE169F3
S3150801AD6019B3638AA3B1204604F1120200F0A3FBCA
S3150801AD7078B1054603E00023A3612361E36100235B
S3150801AD8028466361236270BDA061E8E72082E6E791
S3150801AD90E361216A0029F2D0A28A002AEFD020466F
S3150801ADA0E38ABDE8704000F045BB6182F1E7658240
S3150801ADB0E561DEE7FAF7A4B80A7838B5054610461C
S3150801ADC0FFF7ADFF60B14C782046FFF7A8FF38B111
S3150801ADD02243530704D42846BDE83840F9F70EBA8A
S3150801ADE0212038BD10B504460878FFF798FF58B1F9
S3150801ADF04A781046FFF793FF30B1042A04D020465B
S3150801AE00BDE81040F9F718BA212010BD00F033BA91
S3150801AE10704711B9D0F8E81021B1CB6813B18B6826
S3150801AE20D88970474FF6FF70704710B5F8F76EFA74
S3150801AE30044608B900F002FD204610BDF9F778B8B6
S3150801AE4000F065BAD0F8EC300BB90E2070474FF612
S3150801AE50FF72038E93420B80F7D000207047F8B536
S3150801AE6006460D46F8F752FAD8B94FF6FF734FF072
S3150801AE70240CEF68C1B28F4208D81C4621463046D9
S3150801AE80F8F7F6FB00F0DAFC2046F8BDAA680CFBD9
S3150801AE900122D4899C4202D2002CEFD023460130EC
S3150801AEA0E8E74FF6FF74EFE7008E704700F020BA27
S3150801AEB038B504460D4600F0B2F850B12946204689
S3150801AEC0F8F7D6FB30B929462046BDE83840F9F7E8
S3150801AED0BFB80E2038BD70B504460D46164600F0BB
S3150801AEE09EF858B129462046F8F7C2FB38B93246CA
S3150801AEF029462046BDE87040FDF71ABF0E2070BDF1
S3150801AF0000F030BBF9F7B2B900F033BA0020704748
S3150801AF100846FBF72FBD00F028BB38B504460D4699
S3150801AF2001F03BFA0023C4F89C50C4F89830BDE8F8
S3150801AF30384001F040BA38B504460D4601F02DFAFD
S3150801AF40D4F89C301D40D4F8983023EA0505C4F896
S3150801AF50985001F030FA284638BD73B50D78064683
S3150801AF600C4635B304238DF804302379304601A9FC
S3150801AF708DF80530FFF736FF0546B8B92278A3796B
S3150801AF8052BB8DF80430E379304601A98DF80530B6
S3150801AF90FFF712FF054648B923783BB16188304669
S3150801AFA0F9F722FB0121304600F0F7F9284602B0ED
S3150801AFB070BD294600F0F1F92946304600F015FA28
S3150801AFC02946304600F019FA2378002BCAD123798D
S3150801AFD08DF804306379C9E702228DF80420D3E796
S3150801AFE0F9F714BCFBF758B90846FBF707BAF9F79E
S3150801AFF035BBF9F7D9BB0B4610B514461846A168F7
S3150801B0009288FFF779FDE168034631B1A088628825
S3150801B010121A92B21844FFF76FFD002010BD0346BD
S3150801B020408A18B1188A003818BF012070470846A7
S3150801B030FBF7C0BD431C08BF0020F8F7CBBF10B50E
S3150801B040044600F06EF820B92046BDE81040F8F72E
S3150801B05015BD10BD00F005BC2DE9FF419846044613
S3150801B0600E46174601F093F905462046FFF7E7FF16
S3150801B0700A9B3A4602930023314601932046CDF8AE
S3150801B0800080F8F749FD0446284601F07BF9204679
S3150801B09004B0BDE8F08138B5044601F078F90546F3
S3150801B0A02046FFF7CCFF2046F8F714FD044628464C
S3150801B0B001F068F9204638BD38B5044601F067F94C
S3150801B0C005462046FFF7BBFF204600F039F804463F
S3150801B0D0284601F057F9204638BD38B5044601F02F
S3150801B0E056F905462046FFF7AAFF204600F02EF836
S3150801B0F00446284601F046F9204638BD70B504468F
S3150801B1000E4601F044F905462046FFF798FF3146F9
S3150801B1102046F8F74DFD0446284601F033F9204646
S3150801B12070BDF8F7E5BB10B501F031F9044600F03A
S3150801B13015F8F8F703FC2046BDE8104001F022B9DE
S3150801B140024608B5F8F7D4FB507D08BD024608B596
S3150801B150F8F7CEFB507D80F0010008BD00F081BBF9
S3150801B160F8F7ACBF00F0D0B800F0EDBA00F048BA75
S3150801B170022A01D800F06ABA21207047022A01D8AA
S3150801B18000F075BA21207047022A01D800F082BA68
S3150801B1902120704738B504460D4600F054FA28B107
S3150801B1A029462046BDE8384000F084BA022038BD59
S3150801B1B070B504460D46164600F045FA30B13246DA
S3150801B1C029462046BDE8704000F07CBA022070BDD1
S3150801B1D00E20704738B504460D4600F034FA28B1FA
S3150801B1E029462046BDE8384000F09DBA022038BD00
S3150801B1F038B504460D4600F026FA28B129462046F8
S3150801B200BDE8384000F097BA022038BDFAF7B2BB5C
S3150801B2100846FAF7CDBB0346DB8E0846934211462C
S3150801B22001D3FAF7F1BB21207047FAF739BC0020A0
S3150801B230704700207047013001D1FCF771B9212010
S3150801B24070477047D0F8A03003F06003402B0DD04B
S3150801B250602B03D0203B58425841704749B10B68CF
S3150801B260012B06D9486940F00100704740F20110E8
S3150801B270704700207047F7B504461046D4E958C709
S3150801B280DDE908268CEA020587EA06010540194028
S3150801B29085EA0C057940C4E95851002523F4004193
S3150801B2A006EA010320F0010043F40073024043F06B
S3150801B2B0020301950095FEF72DFC94F824309A07B0
S3150801B2C013D5D4F864319B050FD54FF48811204660
S3150801B2D000F081FB94F82430024665F3410384F8B3
S3150801B2E0243020460B46F8F711FE002003B0F0BDC6
S3150801B2F030B4D0F8A0300A4023EA01031343C0F85A
S3150801B300A03030BCF9F7C0BE0520FBF769BE08B509
S3150801B310D0F8F0304BB11A68022A06D993F82520DD
S3150801B3204AB1186AB0FBF2F008BD40F6E8224C2192
S3150801B3300020F8F7C7FA0020F6E7D0F8F02008B59C
S3150801B3407AB11368022B0CD9536A13F47F4FC3F3EE
S3150801B350072106D0126ADBB253438B42B3FBF1F0E5
S3150801B36006D2002040F607324C21F8F7ABFA002046
S3150801B37008BD0346B3F83E2108468A4203D0A3F81E
S3150801B3803E11FBF799B80020704790F83C310C2B19
S3150801B39014BF90F82B00FF20704738B50C464FF4C0
S3150801B3A000610546FEF71CFF60B16CB195F82A31BC
S3150801B3B063B94FF480722846BDE838404FF480716E
S3150801B3C0FEF7FABE2202F6E72246F4E738BD4FF445
S3150801B3D08071FEF705BF10B50023F8F763FF044631
S3150801B3E008B9FDF78FFC204610BD08B54A024FF48F
S3150801B3F00071FEF7E1FE002008BD08B58A024FF488
S3150801B4008061FEF7D9FE002008BD38B54FF03A43F2
S3150801B4100546DC6A808AC4F30C04A04234BF0020C6
S3150801B420012041F216420821F8F74CFAA88A001BB6
S3150801B43080B238BD2DE9F041884618F00307064663
S3150801B4401546194633D1B2F5805F30D89A422ED3C4
S3150801B4503F2A28D9B2FA82F401220120C4F11F0336
S3150801B460DBB29A4092B2AA422CBFC4F11904C4F1C4
S3150801B4701A04E2B2931DDBB2984080B2A84214D0F6
S3150801B48096F80131ABB9012096F8253060F300032F
S3150801B49086F825304046FAF79FFCC6F82080B58223
S3150801B4A03846BDE8F0813A46EAE70020ECE721276D
S3150801B4B0F6E70E27F4E7F8B511F0030607460D4639
S3150801B4C0144621D102B313883F2B1DD9B3FA83F34E
S3150801B4D0C3F11901C9B2062901D8192B12D00629B7
S3150801B4E028BF062101238A1DD2B29340284623800C
S3150801B4F000F08BF923883846FD617B82FAF786FDD1
S3150801B5003046F8BD3146EDE72126F9E738B5148806
S3150801B51011F003054FEAC4041ED13F2C1CD9B4FA15
S3150801B52084F4C4F11903DBB2052B01D8192C11D007
S3150801B530052B28BF052301240633DBB204FA03F3DE
S3150801B540C3F3CF041480816104828387FAF75EFD11
S3150801B550284638BD2B46EEE72125F9E708B190F9CB
S3150801B5602600704790F82D00704708B50B4606224D
S3150801B57000F59E711846FFF7BFFA002008BD042999
S3150801B580F8B505460C460AD10026F7B23846FAF749
S3150801B590FDFF08B13C4602E00136042EF5D12046EE
S3150801B5A0FAF7F4FF58B195F83C31A34209D085F86A
S3150801B5B03C4105F59E70BDE8F840FAF783BF2120A6
S3150801B5C0F8BD0020FCE70022F9F776BEA0F84C305A
S3150801B5D0BDF90030C0F89410A0F84A20A0F84E3002
S3150801B5E000207047F9F7E4BF10B514460846012153
S3150801B5F0FCF7A0F82046BDE810400121FCF79AB8EF
S3150801B60070B5044615460E4609B9212070BD1306C4
S3150801B61017D400F014F931462046FFF720FC4FF6FF
S3150801B620FF739842F1D000F00AF920464FF4003131
S3150801B6300022FEF7C1FD29462046BDE87040F9F70C
S3150801B64057BC0E20E2E78021FEF7CABD7FB5531C21
S3150801B65005AA0292022201920022ADF81410009264
S3150801B6601146DBB2FEF7C6FD07B05DF804FB7FB5F0
S3150801B670531C05AA4FF0040C02920222ADF81410CD
S3150801B680CDE9002C01210022DBB2FEF7B3FD07B09C
S3150801B6905DF804FB1FB54FF0080C531C0022CDE9D9
S3150801B6A0002C01220291DBB21146FEF7A3FD05B07B
S3150801B6B05DF804FB08B50A044FF48031FEF77CFDFA
S3150801B6C0002008BDF8B514468A0707460E4601F05C
S3150801B6D0010309D4D3B1A2044FF48021384602F4F8
S3150801B6E08022FEF769FD11E065083BB104F001030C
S3150801B6F005F00105AB42EED021200AE04FF4802186
S3150801B700FEF76EFD05F00105A842F5D1730701D4D0
S3150801B7100020F8BDA2064FF08051384602F080524B
S3150801B720FEF74AFDF4E708B50A054FF48011FEF75E
S3150801B73043FD002008BD08B5CA044FF40021FEF7F1
S3150801B7403BFD002008BD09B141F01001F9F7D0BB56
S3150801B75010B50446F9F7C6FB01462046BDE8104078
S3150801B760F9F7C6BB7047D0F8EC30C3B15869B0B128
S3150801B770531EDBB2FD2B09D8012A05D143689A1C51
S3150801B78001D14FF0FF334B6000207047036813F176
S3150801B790020F08BF4FF0FF33FF2A0B60EDE72120A8
S3150801B7A070472DE9F74F01251C469DF830300646AE
S3150801B7B001930368174603F0070306339D4005F115
S3150801B7C0FF380B46A1B1416804EA080BA5EB0B0A41
S3150801B7D041F00059524509EB0B0114D95246184656
S3150801B7E0FFF78AF949467A1B5A445044FFF784F908
S3150801B7F0019B2BB13C4448EA050804EA0804F460B5
S3150801B80003B0BDE8F08F1846F0E74FF03A4301223E
S3150801B8105A6741F6FF72D96418651A67704737B5D2
S3150801B820002514460095FFF7BCFF204603B030BD3E
S3150801B830F9F7A6BF00207047002070477047704788
S3150801B84010F0FD0F14BF4FF0FF300020C0B2704753
S3150801B8500A4690F89410A52901D8F9F7BFBC21200A
S3150801B860704708B5FBF7FAFCBDE80840FBF71EBDB3
S3150801B87038B50446FFF7F5FF0546FFF7F2FF431B08
S3150801B880A342FAD338BD38B50D460446FBF7E6FCA4
S3150801B89035B1844200D90139204601F0030138BD8A
S3150801B8A0844238BF0131F7E708B5FBF7EFFCBDE87D
S3150801B8B00840FBF7FBBC08B50121FFF7E4FFBDE82B
S3150801B8C00840FBF7F3BC08B521B19200FFF714F95C
S3150801B8D0002008BD2120FCE700F06F43B3F1804F3B
S3150801B8E002D0B3F1204F02D120F07040704700F02A
S3150801B8F06043B3F1204F08BF20F0805070470B0C0E
S3150801B90023F48053B3F5284FF7B50D468FB2064693
S3150801B91099B216D04AF60103994214D04AF602039F
S3150801B920994212D0B1F5204F14BF04240324D6F846
S3150801B930EC300BB1196851B9D6F8E83093B92868D3
S3150801B9400EE00024F3E70124F1E70224EFE723469A
S3150801B95068463A46FBF730FDDDE90003002BEBD1DB
S3150801B96003B0F0BD19680029E9D0234668463A466E
S3150801B970FBF722FDDDE90003002BE0D1F0E7020425
S3150801B980C0F3891307D56FEA83536FEA935313F507
S3150801B990007F18B206D0A3F1C8006FF4FF7398426E
S3150801B9A0B8BF184670470020FCF768B80120FCF7B5
S3150801B9B065B80E2070477047FDF73ABBFDF738BBEF
S3150801B9C0FDF736BBFDF734BB08B50846FDF756FF4C
S3150801B9D008BDFDF72DBB38B505460C4600F0DDFC64
S3150801B9E0D5F89C301C40D5F898302343C5F89830D3
S3150801B9F000F0E1FC211E18BF01210020490238BDD3
S3150801BA00002070470139024410B5904201D1002047
S3150801BA1005E0037811F8014FA34201D0181B10BDA8
S3150801BA200130F2E7EFF31182302383F31188084BD3
S3150801BA3049B1D3F898140843C3F8980482F31188D6
S3150801BA40BFF36F8F7047D3F8981421EA0000F3E724
S3150801BA5008100020EFF31182302383F31188064B77
S3150801BA60D3F8983482F31188BFF36F8F034214BF5A
S3150801BA7001200020704700BF0810002008B5064BBA
S3150801BA80D3F82804FFF711F9012801D0F5F7F2FADE
S3150801BA90BDE80840F5F7E8BA0810002008B5EEF742
S3150801BAA0CFF838B1044BD3F89C0418B10368187859
S3150801BAB0C0F3401008BD00BF0810002008B5FFF705
S3150801BAC0EDFF00B9FEE700F06CFC00B9FEE70121C5
S3150801BAD04FF48060FFF7A6FF00210220FFF7A2FFBF
S3150801BAE000214FF48030FFF79DFF00210820FFF762
S3150801BAF099FFF5F7B9FA0022014B83F8A02408BD8E
S3150801BB000810002008B5EEF79BF850B1054BD3F89D
S3150801BB109C0430B10368188800F00700C31E584218
S3150801BB20584108BD08100020014610B568B1174CE8
S3150801BB3000210420FFF776FF94F8A03423B1F5F726
S3150801BB4093FA002384F8A03410BDEEF779F800289B
S3150801BB50FAD01020FFF766FFFFF7A0FF044628B1C9
S3150801BB6001210820BDE81040FFF75CBFF5F77CFA14
S3150801BB7001214FF48070FFF755FF21460220FFF798
S3150801BB8051FF21464FF48030ECE700BF0810002032
S3150801BB90014B5868704700BF603E00200A4B1B6F77
S3150801BBA003F00703013B032B03D8DFE803F00B037C
S3150801BBB00609FEE7054B58687047044B98687047B5
S3150801BBC0034870470348704700800050603E0020D4
S3150801BBD080D54302002D310108B5FFF7DFFF044B7D
S3150801BBE01B6FC3F303330133B0FBF3F008BD00BF8A
S3150801BBF000800050014B9868704700BF603E0020E6
S3150801BC004FF400221B4B5A664FF0B4439868C0F3B1
S3150801BC1004400C280AD8DFE800F00B0709092709B0
S3150801BC20191B1D1F21232500134870470020704743
S3150801BC309B6803F04073B3F1807F17D0B3F1007F9F
S3150801BC4016D00E4A002B08BF104670470C4870479D
S3150801BC500C4870470C4870470C4870470C487047A9
S3150801BC600C4870470C4870470C4870470C48704799
S3150801BC700C48704700900050404B4C0000093D00AD
S3150801BC80405DC6000024F400C0EA2101002D3101FF
S3150801BC9080BA8C010048E801005A62028096980031
S3150801BCA080841E0040420F0038B50C460546EFF762
S3150801BCB0B7FF0023844228BF01F1FF311B191DB1CB
S3150801BCC0024AC2E9023138BD014AFAE7D81500200D
S3150801BCD00816002030B50F4C4161236893B92060DE
S3150801BCE083600EE0891A41619A681D4672B113464E
S3150801BCF05A698A42F6D93DB1A86083605A69521ACF
S3150801BD005A6130BD0025F3E72060F6E79860826046
S3150801BD10F7E700BF601700200D490B6898B10022AC
S3150801BD209BB1834203D1836822B90B6003E01A46AB
S3150801BD309B68F5E7936083681BB15A6941690A44B0
S3150801BD405A6100207047222070470220704700BFC1
S3150801BD5060170020034B5A68D20702D59A6D002A4C
S3150801BD60F9D1704700800A50026812F4E07FC2F3E5
S3150801BD7082130CD0012B09D1074B51B103F580531E
S3150801BD80012102F03F0201FA02F21A607047034BE1
S3150801BD90F3E703F50053F3E7688000506480005029
S3150801BDA010B5074A0C4612784AB1072807D8054A3A
S3150801BDB002EB00131B7B13B1F3F704FE207010BDD1
S3150801BDC0C01600201C120020034B5A68D20702D560
S3150801BDD0DA69002AF9D1704700800A5038B500257A
S3150801BDE0FFF7F2FF09480A4B02689C69836EE31A5A
S3150801BDF02AB123B15169994203D3C91A516184669B
S3150801BE0038BD55615B1A9268F2E700BF60170020DA
S3150801BE1000800A504FF4806208B51C4B9A66BFF33E
S3150801BE204F8F00F0D9FA4FF098435A6CD202FCD5DD
S3150801BE304FF48062586D164B10F470209A660FD035
S3150801BE40B0F5802F18D00CD8B0F5003F16D0B0F554
S3150801BE50403F15D0B0F5803F08BF482018BF0120E4
S3150801BE6008BDB0F5202F0DD0B0F5302F0CD0B0F5A8
S3150801BE70E02F08BF2120F1E74B20F1E72A20EFE761
S3150801BE802C20EDE71020EBE71120E9E700900050A0
S3150801BE9000A0005037B51B4B5A6E42F004025A6691
S3150801BEA0D3F8802242F00102C3F88022164B5B6860
S3150801BEB0C3F308034BB14FF0A842D36B13F0430FFA
S3150801BEC0FBD11425284603B030BD4FF0A843DD6BDE
S3150801BED015F04305FBD10D4C236F6BB994F87530FA
S3150801BEE0022B09D194F87430072B05D1042101AA34
S3150801BEF004F17000F4F78EFC236F013343F000431D
S3150801BF002367DFE70080005000ED00E0601700209E
S3150801BF10012303FA01F130235843014B19507047A5
S3150801BF2040D0035010B50446EDF78AFEB0B1B4F51A
S3150801BF30007F4FF001010ED12046FFF773FD002166
S3150801BF401020FFF76FFD00210548FFF76BFDBDE8DF
S3150801BF501040F5F789B84FF48050F2E710BD00BFDD
S3150801BF600A00010070B5294C2368002B4CD0596989
S3150801BF70274B00293CD0A26E264E114402225A6450
S3150801BF80EFF3108072B6FFF71FFFB569FFF7E2FE00
S3150801BF90F36C326C960704D45A1B032A01D89D42C6
S3150801BFA00FD14B1B022B98BFE91CB1F1FF3F38BFDC
S3150801BFB00139FFF7CFFE0222164BD96403F58053E8
S3150801BFC05A6400F0F8F9144B1A7E22B10121104A7D
S3150801BFD0916400221A760023226884F860312AB116
S3150801BFE0D188890708D5012384F86031002070BDFE
S3150801BFF002225A641A64EEE79268002AF6D0516959
S3150801C0000B44012BECD9F1E72220F0E76017002059
S3150801C01000900A5000800A506C3E0020F8B50D4683
S3150801C02016461946044600283CD00023C361EFF39F
S3150801C0301183302282F311881C4F386810B184426B
S3150801C0401CD1012083F31188BFF36F8F60BB9DF864
S3150801C0501830C4E903602371BDF81C302160E38000
S3150801C060A060FFF7B1FE124B9B692B44A3613DB952
S3150801C07065610EB12046B0470020F8BD8068DDE74E
S3150801C080EFF3108672B6FFF7A9FE29462046FFF799
S3150801C09021FE3B689C4201D1FFF764FF304600F060
S3150801C0A08AF9E9E72220E8E70320E6E76017002096
S3150801C0B000800A5038B5044638B3EFF3108572B6D6
S3150801C0C0FFF78CFE124B1868A04209D02046FFF7ED
S3150801C0D023FE0446A0B1284600F06DF9204638BD76
S3150801C0E0FFF71AFE04460028F5D1FFF73BFF222881
S3150801C0F006D10122074B1A76074B9A6402225A6423
S3150801C100284600F058F90024E8E72224E6E700BFAC
S3150801C110601700206C3E002000A00A502DE9F84F58
S3150801C120EFF31187302383F311885A4B5A491B6C55
S3150801C13003F0010213F0020F03F003030B640ED19F
S3150801C1403AB1564A136801331360FFF747FEFFF702
S3150801C15009FF87F31188BFF36F8FBDE8F88F3AB1EE
S3150801C1604E4A136801331360FFF738FEFFF7FAFEEC
S3150801C170EFF31189302383F311884FF0000AFFF793
S3150801C1802DFE5546464EDFF80C8134680CB16369BD
S3150801C190CBB10023012D86F8613104D11AF0020FC3
S3150801C1A018BF86F86151FFF7DDFE222806D1012264
S3150801C1B03C4B1A76384B9A6402225A6489F31188E1
S3150801C1C0BFF36F8FC5E723465A693AB91A792179B8
S3150801C1D0914288BF1C469B68002BF5D189F31188CB
S3150801C1E0BFF36F8FD4F810A0BAF1000F1ED0FFF776
S3150801C1F0EBFDD8F81820A369A2EB03094FEAE97207
S3150801C200D14572F1000212DB5344A361E36813B10D
S3150801C210204621689847B4F806A00135EFF311893D
S3150801C220302383F31188FFF7D9FDAEE7D146EFF343
S3150801C230118B302383F311882046FFF76DFD8BF3AD
S3150801C2401188BFF36F8F2369002BDFD0A38BBAEB5D
S3150801C250090133B1E28B13449BB2B3F57A7F11D24C
S3150801C260E383EFF31189302383F311882046FFF71F
S3150801C27031FDA36922691344A36189F31188BFF3C8
S3150801C2806F8FC3E7A3F57A73E383A3690139013B8A
S3150801C290A361E6E700800A5000A00A509C1300201B
S3150801C2A0601700206C3E00204FF4807370B596B07D
S3150801C2B002920124212201931023039404930592E7
S3150801C2C0069107940893099201AA0A9206AA0B9263
S3150801C2D004220C9211220D920AAA0E900F92109323
S3150801C2E040F611031193194B12930EAB1393184B86
S3150801C2F0149346F611031593FFF7CCFD142804464B
S3150801C30020D1EFF3108072B64FF0A8431E681D695D
S3150801C31000F051F84FF0A843032212A95A63196095
S3150801C32002A919619A63DA6B9207FCD1142C06D11A
S3150801C330EFF3108072B61E601D6100F03CF8054BE4
S3150801C3405B6801E00028E5D016B070BDD017002063
S3150801C3500400002000ED00E00846EBF75BBD10463F
S3150801C360EBF758BD0020704783884BB18268013BC3
S3150801C3700132826042888380013A428000207047F8
S3150801C3800120704780F31188BFF36F8F7047EFF371
S3150801C3901180302383F311887047EFF3108072B64A
S3150801C3A0704708B5EDF74CFC20B1BDE808400820F8
S3150801C3B0FFF750BB08BD10B962B6BFF36F8F704760
S3150801C3C00121FFF7D1BC036A042B9FBF00EB83024F
S3150801C3D00133D16003627047036A10B5052B15D87E
S3150801C3E04FF09842116CC902FCD504339B001365C2
S3150801C3F003684FF09844136043681360034653F883
S3150801C400081F11600022016A914200D810BD53F835
S3150801C410041F01322160F6E7836813B9816070470A
S3150801C4205B685A68012AFBD1596070470000000011
S3150801C43000000000000000000000000000000000ED
S3150801C440F8B500BFF8BC08BC9E467047F8B500BFF2
S3150801C450F8BC08BC9E4670475FF800F0013E002014
S3150801C4605B25635D2000252E2A7325733A20006615
S3150801C470616C73650075696E7431365F74206F740B
S3150801C4803A3A5370696E656C3A3A427566666572F0
S3150801C4903A3A47657444697374616E636528636FD4
S3150801C4A06E73742075696E74385F742A2C20636FF5
S3150801C4B06E73742075696E74385F742A2C2044690A
S3150801C4C072656374696F6E2920636F6E7374002FCA
S3150801C4D06769746875622F686F6D652F2E73696C4D
S3150801C4E06162732F736C742F696E7374616C6C73EC
S3150801C4F02F636F6E616E2F702F626173655F3035C2
S3150801C50030343037633063646234352F702F2E2E02
S3150801C5102F2E2E2F622F6F70656E74613139653437
S3150801C52036343964383263302F702F7574696C2F3D
S3150801C53074686972645F70617274792F6F70656E61
S3150801C5407468726561642F7372632F6C69622F73E5
S3150801C55070696E656C2F7370696E656C5F6275665E
S3150801C5606665722E63707000FFFFFFFFFFFFFFFF16
S3150801C5700070726F63657373006D61696E0054684C
S3150801C580726561640048616E646C6572002C2000F6
S3150801C590526573657420696E666F3A20307825781E
S3150801C5A0202825732900457874656E6465642052D0
S3150801C5B06573657420696E666F3A2030782532583E
S3150801C5C02028257329002573206D6F6465207573EE
S3150801C5D0696E6720257320737461636B202825347F
S3150801C5E06C7820746F2025346C78292C20535020C0
S3150801C5F03D2025346C780025752062797465732091
S3150801C600757365642028257525252920696E2025D9
S3150801C6107320737461636B20286F7574206F6620AD
S3150801C620257520627974657320746F74616C2900AD
S3150801C6305350206973206F75747369646520257377
S3150801C64020737461636B2072616E676521004E6F9A
S3150801C65020696E746572727570747320616374698A
S3150801C660766500496E7465727275707473206163BC
S3150801C6707469766520286F72207072652D656D70F4
S3150801C68074656420616E6420737461636B656429E3
S3150801C6903A002025750052657365742063617573C8
S3150801C6A0653A205761746368646F672065787069B5
S3150801C6B07265642C206E6F2072656C6961626C65A7
S3150801C6C020657874726120696E666F726D6174692E
S3150801C6D06F6E0052657365742063617573653A20E0
S3150801C6E05761746368646F6720636175676874204E
S3150801C6F07769746820656E68616E63656420696E22
S3150801C700666F00496E737472756374696F6E206122
S3150801C7106464726573733A2025346C7800526573C4
S3150801C72065742063617573653A2041737365727424
S3150801C7302025733A256C640052657365742063611C
S3150801C7407573653A2048617264204661756C740098
S3150801C750484653522E5645435454424C3A20657224
S3150801C760726F722072656164696E6720766563749B
S3150801C7706F72207461626C6520666F7220616E202B
S3150801C780657863657074696F6E00484653522E4624
S3150801C7904F524345443A20636F6E66696775726105
S3150801C7A0626C65206661756C7420636F756C6420B4
S3150801C7B06E6F7420616374697661746500484653C7
S3150801C7C0522E44454255474556543A206661756C82
S3150801C7D0742072656C6174656420746F2064656287
S3150801C7E07567202D20652E672E2C20657865637563
S3150801C7F074656420424B5054005265736574206316
S3150801C800617573653A204D656D6F7279204D616E5C
S3150801C8106167656D656E74204661756C7400496C57
S3150801C8206C6567616C206163636573732061646419
S3150801C830726573733A2025346C7800434653522E39
S3150801C84025730052657365742063617573653A20B3
S3150801C850427573204661756C740041646472657330
S3150801C86073206973206F6620616E20696E73747216
S3150801C870756374696F6E206166746572206275737B
S3150801C880206661756C74206F636375727265642CBA
S3150801C890206E6F74207468652063617573652E0058
S3150801C8A0434653522E286E6F6E6529206C6F61645C
S3150801C8B0206F722073746F726520617420616E2017
S3150801C8C0696C6C6567616C20616464726573730079
S3150801C8D052657365742063617573653A2055736192
S3150801C8E06765204661756C740052657365742063CB
S3150801C8F0617573653A204465627567204D6F6E6987
S3150801C900746F72204661756C74002573203D203062
S3150801C910782530386C7825730075696E74385F74BC
S3150801C9202A206F743A3A5370696E656C3A3A4275C1
S3150801C930666665723A3A47657455706461746564EA
S3150801C9404275665074722875696E74385F742A2C3C
S3150801C9502075696E7431365F742C2044697265637B
S3150801C96074696F6E2920636F6E7374006E756D53EB
S3150801C97065676D656E7473203C3D206B4D61785318
S3150801C98065676D656E7473006F744572726F722098
S3150801C9906F743A3A5370696E656C3A3A42756666CF
S3150801C9A065723A3A4F75744672616D6552656D6F77
S3150801C9B076652829006D57726974654469726563DD
S3150801C9C074696F6E20213D206B556E6B6E6F776EA5
S3150801C9D0006F744572726F72206F743A3A537069B8
S3150801C9E06E656C3A3A4275666665723A3A496E46BA
S3150801C9F072616D65417070656E642875696E74380B
S3150801CA005F7429004672616D696E67206572726F7F
S3150801CA10722025643A205B002025303258005D0AD1
S3150801CA20004941434356494F4C3A20617474656D38
S3150801CA307074656420696E737472756374696F6E58
S3150801CA402066657463682066726F6D2061206E6F5B
S3150801CA502D657865637574652061646472657373A1
S3150801CA60004441434356494F4C3A20617474656DFD
S3150801CA7070746564206C6F6164206F722073746FC3
S3150801CA80726520617420616E20696C6C6567616CE2
S3150801CA902061646472657373004D554E53544B455A
S3150801CAA052523A20756E737461636B2066726F6DAC
S3150801CAB020657863657074696F6E20726574757226
S3150801CAC06E206361757365642061636365737320A2
S3150801CAD076696F6C6174696F6E004D53544B45529C
S3150801CAE0523A20737461636B696E672066726F6D63
S3150801CAF020657863657074696F6E20636175736507
S3150801CB0064206163636573732076696F6C61746908
S3150801CB106F6E004D4D415256414C49443A204D4D98
S3150801CB20415220636F6E7461696E732076616C6918
S3150801CB3064206661756C7420616464726573730040
S3150801CB40494255534552523A20696E737472756358
S3150801CB5074696F6E207072656665746368206361B7
S3150801CB607573656420627573206661756C7400500F
S3150801CB7052454349534552523A2070726563697367
S3150801CB8065206461746120627573206661756C74D1
S3150801CB9000494D5052454349534552523A20696D11
S3150801CBA07072656369736520646174612062757367
S3150801CBB0206661756C7400554E53544B4552523A72
S3150801CBC020756E737461636B696E67206F6E20657D
S3150801CBD07863657074696F6E2072657475726E20FC
S3150801CBE0636175736564206461746120627573207D
S3150801CBF06661756C740053544B4552523A207374EE
S3150801CC0061636B696E67206F6E2065786365707402
S3150801CC10696F6E20656E74727920636175736564D8
S3150801CC20206461746120627573206661756C740095
S3150801CC304246415256414C49443A204246415220C5
S3150801CC40636F6E7461696E732076616C69642066C0
S3150801CC5061756C74206164647265737300554E4422
S3150801CC604546494E5354523A207472696564207494
S3150801CC706F206578656375746520616E20756E64CD
S3150801CC806566696E656420696E7374727563746925
S3150801CC906F6E00494E5653544154453A20696E7693
S3150801CCA0616C69642045505352202D20652E672EEC
S3150801CCB02C20747269656420746F207377697463B4
S3150801CCC06820746F2041524D206D6F646500494E8E
S3150801CCD05650433A20657863657074696F6E2072A1
S3150801CCE0657475726E20696E7465677269747920E8
S3150801CCF0636865636B73206661696C6564004E4F92
S3150801CD0043503A20617474656D7074656420746F5C
S3150801CD102065786563757465206120636F70726F2D
S3150801CD20636573736F7220696E7374727563746960
S3150801CD306F6E00554E414C49474E45443A20617441
S3150801CD4074656D7074656420616E20756E616C69B9
S3150801CD50676E6564206D656D6F72792061636365C1
S3150801CD6073730044495642595A45524F3A206174E1
S3150801CD7074656D7074656420746F20657865637574
S3150801CD8074652053444956206F72205544495620EC
S3150801CD90776974682064697669736F72206F662093
S3150801CDA030000000237F0008557E00084B7E0008EE
S3150801CDB0517F0008817E0008757E0008000000008A
S3150801CDC0770000000000000070000000000000006D
S3150801CDD001000000600000000000000001000000E2
S3150801CDE0610000000000000001000000630000006F
S3150801CDF000000000010000004100000000000000E2
S3150801CE0001000000430000000000000001000000CE
S3150801CE104800000000000000010000004700000073
S3150801CE2000000000010000000D15000000000000D0
S3150801CE30010000005200000000000000010000008F
S3150801CE405A00000000000000010000005B0000001D
S3150801CE500000000001000000420000000000000080
S3150801CE600100000049000000000000000100000068
S3150801CE70000000000B000000010000000000000097
S3150801CE800E0000000100000000000000680000001C
S3150801CE900000000030000000000000000000000053
S3150801CEA066000000000000000100000021000000EB
S3150801CEB0000000000100000036000000000000002C
S3150801CEC0010000004400000000000000010000000D
S3150801CED045000000000000000100000046000000B7
S3150801CEE000000000010000004B00000000000000E7
S3150801CEF0010000004C0000000000000000000000D6
S3150801CF002200000000000000010000000D190000C9
S3150801CF1000000000010000003E15000000000000AE
S3150801CF200000000071090000000000000000000078
S3150801CF30506C6174666F726D002D2D2D2D2D2D2D62
S3150801CF402D2D2D2D2D2D2D00554E4B0046494200D8
S3150801CF5042544C0045585400505752005744470014
S3150801CF602053570043525300465348004241440058
S3150801CF70464C540042524F00523000523100523250
S3150801CF8000523300523400523500523600523700EF
S3150801CF905238005239005231300052313100523183
S3150801CFA03200523133284C5229004D535000505308
S3150801CFB0500050430078505352004D53502075731A
S3150801CFC0656400505350207573656400435354419A
S3150801CFD0434B20626F74746F6D004943535200537B
S3150801CFE04843535200494E545F41435449564530CC
S3150801CFF000494E545F41435449564531004346530F
S3150801D0005200484653520044465352004D4D415230
S3150801D0102F42464152004146535200526574300030
S3150801D0205265743100526574320052657433005288
S3150801D0306574340052657435004461743000446186
S3150801D040743100001CD80108C4D7010890D701081B
S3150801D05084D701087CD7010870D7010860D7010871
S3150801D06058D701084CD701083CD701081CD7010835
S3150801D070FCD6010821CA010861CA010820CA0108AB
S3150801D08099CA0108DACA010820CA010820CA010892
S3150801D09013CB010840CB01086FCB010891CB0108DE
S3150801D0A0B7CB0108F6CB010820CA010820CA010836
S3150801D0B030CC01085DCC010893CC0108CECC01081F
S3150801D0C0FECC010820CA010820CA010820CA0108A5
S3150801D0D020CA010833CD010863CD01080000891172
S3150801D0E012239B322446AD573665BF74488CC19DC1
S3150801D0F05AAFD3BE6CCAE5DB7EE9F7F881100801A1
S3150801D10093331A22A5562C47B7753E64C99C408DA0
S3150801D110DBBF52AEEDDA64CBFFF976E802218B303C
S3150801D120100299132667AF763444BD554AADC3BC80
S3150801D130588ED19F6EEBE7FA7CC8F5D983310A2060
S3150801D14091121803A7772E66B5543C45CBBD42AC60
S3150801D150D99E508FEFFB66EAFDD874C904428D53F8
S3150801D16016619F702004A9153227BB364CCEC5DF40
S3150801D1705EEDD7FC6888E1997AABF3BA85520C4320
S3150801D18097711E60A1142805B3373A26CDDE44CF20
S3150801D190DFFD56ECE9986089FBBB72AA06638F72BC
S3150801D1A014409D512225AB343006B9174EEFC7FE00
S3150801D1B05CCCD5DD6AA9E3B8788AF19B87730E62E0
S3150801D1C095501C41A3352A24B1163807CFFF46EEE0
S3150801D1D0DDDC54CDEBB962A8F99A708B0884819588
S3150801D1E01AA793B62CC2A5D33EE1B7F04008C919D0
S3150801D1F0522BDB3A644EED5F766DFF7C8994008590
S3150801D2009BB712A6ADD224C3BFF136E0C1184809AF
S3150801D210D33B5A2AE55E6C4FF77D7E6C0AA583B42B
S3150801D220188691972EE3A7F23CC0B5D14229CB388F
S3150801D230500AD91B666FEF7E744CFD5D8BB502A44F
S3150801D24099961087AFF326E2BDD034C1C3394A286F
S3150801D250D11A580BE77F6E6EF55C7C4D0CC685D7E7
S3150801D2601EE597F42880A1913AA3B3B2444ACD5B4F
S3150801D2705669DF78600CE91D722FFB3E8DD604C70F
S3150801D2809FF516E4A9902081BBB332A2C55A4C4B2F
S3150801D290D7795E68E11C680DF33F7A2E0EE787F6AB
S3150801D2A01CC495D52AA1A3B03882B193466BCF7A0F
S3150801D2B05448DD59622DEB3C700EF91F8FF706E6CF
S3150801D2C09DD414C5ABB122A0B9923083C77B4E6AEF
S3150801D2D0D5585C49E33D6A2CF11E780F0000000021
S3150801D2E041B70008000000000100000049B7000826
S3150801D2F0000000000200000071BA000800000000EA
S3150801D3000300000065B700080000000004000000E3
S3150801D3106BB70008000000000500000071B700089F
S3150801D3200000000006000000BB9200080000000093
S3150801D33007000000CB92000800000000080000006A
S3150801D34001930008000000000900000057B4000816
S3150801D350000000000C000000D39200080000000045
S3150801D3600D000000C3920008000000002000000024
S3150801D37079930008000000002100000029920008A6
S3150801D38000000000220000008D9200080000000045
S3150801D3902300000015B10008000000002400000069
S3150801D3A05DB4000800000000250000006DB4000807
S3150801D3B00000000026000000DD92000800000000C1
S3150801D3C027000000F1920008000000002900000073
S3150801D3D095920008000000002A0000008DB400089C
S3150801D3E0000000002C000000A3B4000800000000A3
S3150801D3F0300000009D920008000000003100000086
S3150801D400879200080000000032000000D9B0000829
S3150801D41000000000340000006D93000800000000C1
S3150801D42035000000D1B000080000000036000000F9
S3150801D430C9B0000800000000370000008993000801
S3150801D44000000000380000003592000800000000C6
S3150801D450B0000000E1B7000800000000B1000000BC
S3150801D460E7B700080000000002080000C7BC000872
S3150801D47000000000040800004D92000800000000AA
S3150801D4800508000055920008000000000B12000074
S3150801D49035BA00080000000003130000999300083C
S3150801D4A00000000000400000718400080000000030
S3150801D4B001400000F9920008000000000240000047
S3150801D4C073840008000000000340000095B20008BC
S3150801D4D000000000534C2D4F50454E5448524541CB
S3150801D4E0442F332E302E302E305F476974487562CB
S3150801D4F02D3631653433636666623B2045465233C1
S3150801D500323B2044656320313620323032352031B2
S3150801D510393A32313A34330002020300000000007E
S3150801D5200700000015840008000000002000000024
S3150801D53081A60008000000002100000041910008B2
S3150801D5400000000024000000198400080000000003
S3150801D5502500000025A00008000000002A000000A0
S3150801D56041840008000000002B00000059A00008B3
S3150801D570000000002C00000059840008000000008B
S3150801D58030000000B99E00080000000031000000CC
S3150801D590C983000800000000320000000D8400085D
S3150801D5A00000000034000000B9A9000800000000CE
S3150801D5B035000000DD940008000000003600000078
S3150801D5C0EF93000800000000370000001D940008D2
S3150801D5D00000000038000000A993000800000000C0
S3150801D5E03B0000009B830008000000003C0000008F
S3150801D5F029850008000000003D0000005DBC000808
S3150801D60000000000B20000001995000800000000A3
S3150801D61000080000D9A20008000000000108000067
S3150801D620758D000800000000030800007DA40008AD
S3150801D6300000000003130000F38400080000000046
S3150801D640041300008594000800000000051300007B
S3150801D650F7A90008000000000340000075840008CF
S3150801D6600000000008100000F18C0008000000000E
S3150801D670041300005B940008000000000513000075
S3150801D680D7A8000800000000081000007D8C0008DB
S3150801D6900000000004130000378C00080000000099
S3150801D6A00513000055AA00080000000013B779FA0F
S3150801D6B0C925DDB7ADF3CFE0F1B614B80102000014
S3150801D6C000000000FFFFFFFF02000000010000004C
S3150801D6D0000000000000000000000000000000003B
S3150801D6E0000000000000000000000000000000002B
S3150801D6F0000000000000000000000000554E4B002D
S3150801D7005550200052502000415030004150310000
S3150801D710415020004450200044454300554E4B00DB
S3150801D720485244004D454D00425553005553470054
S3150801D73044424700444D410056435400554E4B0060
S3150801D7404C434B0058544C004F424600554E4B0033
S3150801D75056465900494E4800554E4B004153540010
S3150801D760554E4B005242540044534C00454D34002B
S3150801D770554E4B00455850004C574D00554E4B00E1
S3150801D78048562000554E4B0050494E00454D340031
S3150801D790554E4B00474F200042544C00424144002D
S3150801D7A046544C00465243004F54410044534C00E2
S3150801D7B04241500055504700544D450046415500D9
S3150801D7C0545A4600474F200042544C00474F3200F6
S3150801D7D0474F3300474F3400474F3500474F360010
S3150801D7E0474F3700474F3800474F3900474F4100E9
S3150801D7F0474F4200474F4300474F4400474F4500B4
S3150801D800474F46004A4D5000424452005550520077
S3150801D81042544D004D534D0046544C00554E4B0055
S3150801D8203814002000000000020405060700000065
S3150801D83010140020E43E0020000000000000010052
S3150801D84003000000000000000000000000000000C6
S3150801D85000070008000000000000000000000000AA
S3150801D860010204050000000000000000000000009D
S3150801D870000600001E000000160000001A00000045
S3150801D8800000000001000000000000000000000088
S3150801D8900100000000000000000000000104000073
S3150801D8A057000000010401030306010501050109EA
S3150801D8B00600060B0000070B050B00000000000020
S3150801D8C000000000000000000100A002020202029E
S3150801D8D064000000B60000006400000000010000BA
S3150801D8E00000000000000000000000000B0000001E
S3150801D8F050C30000F22B0000EE020000EE02000009
S3150801D90050C3000076160000770100007701000079
S3150801D910193F010604100100000101060010270045
S3150801D920000C00000000000000000000F5DA02000B
S3150801D930A41F00009001000090010000E5BF00004F
S3150801D940282300006B0300006B030000020000009F
S3150801D950C017530206140000802FA60405380000DC
S3150801D960A00800000000580901040706100A01046E
S3150801D9700707C80A00040807800B00040808380CC2
S3150801D980000409086108000000008A080000000078
S3150801D990C709010404032C0B01040404920C0104B5
S3150801D9A00504000050C30000E62D0000D007000062
S3150801D9B0D0070000193F0106041001000001010605
S3150801D9C000102700000A0000000000000000000007
S3150801D9D014000000244992000000000010D9010833
S3150801D9E0F0D8010800000000000000000024F4003F
S3150801D9F040420F000101F800C22450030000000054
S3150801DA004CD90108000000000000000000000000D9
S3150801DA102B420F000000000000000000000000007B
S3150801DA2000000000140000006666660000000000A1
S3150801DA3010D9010800D90108000000000000000003
S3150801DA400048E80180841E000101F800F1475002F0
S3150801DA50000000004CD90108000000000000000089
S3150801DA60000000007C841E00000000000000000089
S3150801DA700000000000000000140000001CC771002F
S3150801DA8000000000B4D901082CD9010800000000E3
S3150801DA90000000000051250240420F000108F6006F
S3150801DAA0F1471002000000004CD9010800000000EF
S3150801DAB000000000000000002A420F0000000000DC
S3150801DAC00000000000000000000000001400000033
S3150801DAD01CC7710000000000B4D901083CD901082F
S3150801DAE000000000000000000051250240420F001E
S3150801DAF00102F600F1471002000000004CD90108A6
S3150801DB000000000000000000000000002A420F008B
S3150801DB1000000000000000000000000000000000F6
S3150801DB20140000001CC7710000000000B4D90108E8
S3150801DB30A4D90108000000000000000000512502D8
S3150801DB4040420F000108F600F147100200000000EC
S3150801DB504CD9010800000000000000000000000088
S3150801DB602A420F000000000000000000000000002B
S3150801DB7000000000030A0000FC4F0103D0D9010888
S3150801DB8010400100014100003C4001000000000076
S3150801DB9048400100A00700035040010000000000B2
S3150801DBA05C4001000000000008410100FF4C000034
S3150801DBB054C00700511130000E0009E62D0000007F
S3150801DBC00405060708000000D1B602006435000006
S3150801DBD040400701000050510000A011100000004C
S3150801DBE0000000861FC08100000000200000000020
S3150801DBF06440050100000040B904F800400800002F
S3150801DC00020000009200040088400F01B7033B00A0
S3150801DC10000000E0000000000002050D1C2F425321
S3150801DC206269686053402E1F110A0808080807062A
S3150801DC3005040303020202010101010100000000BB
S3150801DC4000000000000000001C4101010060B18CC9
S3150801DC5038410701BC200AF0F6625200055B98407C
S3150801DC608E6E82941C784852893B4000C00300801E
S3150801DC705C410101FFDD000068410701E853FA0034
S3150801DC800000004000000000000000000000000045
S3150801DC900000000000000000D0410301000000AAB6
S3150801DCA0D000000004001200E0411301000000004A
S3150801DCB0FFAB000A5CF10F00D341020095EDB100FC
S3150801DCC0197BD80F1208B904EA1B6D1FC9B7C20A16
S3150801DCD00B203B00430600005962F300727E960052
S3150801DCE0A73D1900D022F13B000000A0000000006A
S3150801DCF038000000000000004C420101080003043E
S3150801DD00684201010100000038800101C2241000A7
S3150801DD10A080020170780300D0000000A8800111DC
S3150801DD20F0010000A88001310542CB01AC80011148
S3150801DD30F0010000AC800131053EFD00EC00011246
S3150801DD40E00F0000EC0001320C2051518401010260
S3150801DD5000100000FFFFFFFF03020000FC4F010354
S3150801DD6024DA010810400100014100003C4001008D
S3150801DD700000000048400100A007000350400100D0
S3150801DD80000000005C40010000000000084101009D
S3150801DD90FF4C000054C00700512130000E000DE66B
S3150801DDA02A0000000405060708000000D1B6020093
S3150801DDB06005000040400701000050510000A02105
S3150801DDC010000000000000861FC08100000000202E
S3150801DDD00000000064400501000000404902F0000F
S3150801DDE040080000020000009200080088400F0168
S3150801DDF0DA032A00000000E0000000000102071112
S3150801DE0021374B5A676962544029150500000000FD
S3150801DE1001020304040403030303030202020202C8
S3150801DE200201010100000000000000001C4101017F
S3150801DE3000B0B18C38410701BC200AF0B655520032
S3150801DE40055B98408E6E8294233C4852893B40007C
S3150801DE50C00300805C410101FFDD00006841070144
S3150801DE60E853FA000000004000000000000000002E
S3150801DE70000000000000000000000000D04103017E
S3150801DE800000AAAAD000000004001200E041130114
S3150801DE9000000000FFAB000A5CF10F00D34102004D
S3150801DEA095EDB100197BD80F1208B904EA1B6D1F4D
S3150801DEB0C9B7C20A0B203B00430600005962F300AA
S3150801DEC0727E9600A73D1900D022F13B000000A002
S3150801DED00000000040000000000000004C42010163
S3150801DEE008000304684201010100000038800101AD
S3150801DEF0F1471000A080020170780300D5C0000028
S3150801DF00A8800111F0010000A88001310542CB016A
S3150801DF10AC800111F0010000AC80013105228D00B1
S3150801DF20EC000112E00F0000EC0001320C20511147
S3150801DF308401010200000000FFFFFFFF0308000043
S3150801DF40FC4F010324DA01081040010001410000D9
S3150801DF503C4001000000000048400100A007000302
S3150801DF6050400100000000005C4001000000000074
S3150801DF7008410100FF4C000054C007005121300040
S3150801DF800E000DE62A000000040506070800000039
S3150801DF90D1B602006005000040400701000050515B
S3150801DFA00000A02110000000000000861FC08100AB
S3150801DFB00000002000000000644005010000004048
S3150801DFC04902F00040080000020000009200080023
S3150801DFD088400F01D7032A00000000E00000000076
S3150801DFE00002050D1A2D3F506068696357463525AD
S3150801DFF0150D0908070605050404040303030302AE
S3150801E00002020202010101010101010101010101ED
S3150801E0101C41010100B0B18C38410701BC200AF04E
S3150801E020B6555200055B98408E6E8294233C485241
S3150801E030893B4000C00300805C410101FFDD00000F
S3150801E04068410701E853FA0000000040000000009B
S3150801E05000000000000000000000000000000000B1
S3150801E060D04103010000AAAAD00000000400120052
S3150801E070E041130100000000FFAB000A5CF10F004C
S3150801E080D341020095EDB100197BD80F1208B904E6
S3150801E090EA1B6D1FC9B7C20A0B203B0043060000E5
S3150801E0A05962F300727E9600A73D1900D022F13B12
S3150801E0B0000000A000000000400000000000000071
S3150801E0C04C420101080003046842010101000000F5
S3150801E0D038800101F1471000A08002017078030021
S3150801E0E0FFC00200A8800111F0010000A8800131DB
S3150801E0F00542CB01AC800111F0010000AC80013171
S3150801E100050A0D00EC000112E00F0000EC000132D7
S3150801E1100C2051118401010200000000FFFFFFFFDE
S3150801E12003030000FC4F010378DA010810400100DF
S3150801E130004100003C400100100000004840010079
S3150801E1402007000350400100000400005C40010064
S3150801E1500D0F00000841010003C0010054C007006B
S3150801E160511130000E000DE62A000000080B0C0DB7
S3150801E1700D000000D1B602008005000040400701ED
S3150801E180000020700000A0111000000030000046B9
S3150801E1901FC881000020003000800000644005018E
S3150801E1A000000000B904F800400800001000000053
S3150801E1B092000A0088400F01B703120000000060B0
S3150801E1C0000000000002050D1C2F425362696860B9
S3150801E1D053402E1F110A08080808070605040303F9
S3150801E1E00202020101010101000000000000000015
S3150801E1F0000000001C41010100302C8C3841070148
S3150801E200BC200AF049C0510001000040B75635123A
S3150801E2100078085009084000C00300805C410101EC
S3150801E22000000000684107014CD4E83B04190D7051
S3150801E230080E141A20262C32383E10325476980AC3
S3150801E2401D6940B4D041030100000000D000000060
S3150801E25000000200E041130100000000E2CFDD2CBE
S3150801E2607EB63A00600919005122E2004CB9510EF6
S3150801E2703982A904D8229B29E2CFDD2C7EB63A0041
S3150801E280600919005122E2004CB9510E3982A904DC
S3150801E290D8229B290000000000000000440000006D
S3150801E2A03C3C3C3C4C420101080000046842010127
S3150801E2B00000000038800101F1471000A08002012A
S3150801E2C070380300D0000000A8800111F001000099
S3150801E2D0A8800131055AFD01AC800111F001000049
S3150801E2E0AC800131053EFD00EC000112E00F000093
S3150801E2F0EC0001320C2051118401010200000000DA
S3150801E300FFFFFFFF03040000FC4F0103CCDA0108FD
S3150801E31010400100004100003C40010010000000CF
S3150801E3204840010020170003504001000104000085
S3150801E3305C4001000D0F00000841010003C0010007
S3150801E34054C00700511130000E000DE62A000000E6
S3150801E350080B0C0D0D000000D1B602008005000067
S3150801E36040400701000020700000A01110000000C5
S3150801E370300000461FC881000020003000800000E0
S3150801E3806440050100000000B904F80040080000D7
S3150801E3901000000092000A0088400F01B70312001E
S3150801E3A000000060000000000002050D1C2F42530A
S3150801E3B06269686053402E1F110A08080808070693
S3150801E3C00504030302020201010101010000000024
S3150801E3D000000000000000001C41010100302C8CE7
S3150801E3E038410701BC200AF049C05100010000402C
S3150801E3F0B75635120078085009084000C003008056
S3150801E4005C41010100000000684107014CD4E83B6A
S3150801E41004190D700A10161C22282E343A4010329F
S3150801E4205476980A1D6980A4D041030100000000B2
S3150801E430D000000000000200E041130100000000C6
S3150801E440E2CFDD2C7EB63A00600919005122E200BE
S3150801E4504CB9510E3982A904D8229B29E2CFDD2C69
S3150801E4607EB63A00600919005122E2004CB9510EF4
S3150801E4703982A904D8229B29000000000000000067
S3150801E480440000003C3C3C3C4C42010108000004AD
S3150801E490684201010000000038800101F1471000BF
S3150801E4A0A080020170380300D0000000A880011185
S3150801E4B0F0010000A8800131055AFD01AC80011167
S3150801E4C0F0010000AC800131053EFD00EC000112AF
S3150801E4D0E00F0000EC0001320C2051118401010209
S3150801E4E000000000FFFFFFFF03050000FC4F0103CA
S3150801E4F020DB010810400100004100003C400100FA
S3150801E50000000000484001002007000350400100B8
S3150801E510000000005C4001000D0F000008410100E9
S3150801E520FF4C000054C00700511130000E000DE6E3
S3150801E5302A000000080B0C0D0D000000D1B60200E0
S3150801E540E004000040400701000020700000A0110F
S3150801E55010000000000000461FC0810000000020D6
S3150801E560008000006440050100000000B904F800BD
S3150801E57040080000100000009100040088400F01C7
S3150801E580B703120000000060000000000002050D3C
S3150801E5901C2F42536269686053402E1F110A0808EE
S3150801E5A00808070605040303020202010101010125
S3150801E5B00000000000000000000000001C410101ED
S3150801E5C000302C8C38410701BC200BF049C05100A2
S3150801E5D0055BA0408E6E829421824852090840004C
S3150801E5E0C00D00805C410101FFDD000068410701A3
S3150801E5F04CD4E83B04190D50080E141A20262C3267
S3150801E600383E10325476980A1D0040B4D0410301B1
S3150801E61000000000D000000004001200E0411301D0
S3150801E62000000080E2CFDD2C7EB63A0060091900B1
S3150801E6305122E2004CB9510E3982A904D8229B29EC
S3150801E640E2CFDD2C7EB63A00600919005122E200BC
S3150801E6504CB9510E3982A904D8229B290000000021
S3150801E66000000000440000003C3C3C3C4C420101D7
S3150801E6700800030468420101000000003880010116
S3150801E680F1471000A080020170380300D000000095
S3150801E690A8800111F0010000A8800131055AFD0189
S3150801E6A0AC800111F0010000AC800131053EFD008E
S3150801E6B0EC000112E00F0000EC0001320C205111B0
S3150801E6C08401010200000000FFFFFFFF78DB01085B
S3150801E6D0809C2B8F80841E00000000002500FF7F90
S3150801E6E0C43E00200000000074DB010800000000A1
S3150801E6F078DB0108809C2B8F80841E000000260091
S3150801E7002600B700C43E00200000000074DB0108A3
S3150801E7100000000078DB0108809C2B8F80841E0096
S3150801E7200000270027008C00C43E002000000000DE
S3150801E73074DB0108000000005CDD0108809C2B8F5A
S3150801E74080841E00000000002500FF7FC43E0020D3
S3150801E7500000000058DD0108000000005CDD01082A
S3150801E760809C2B8F80841E00000026002600A000B6
S3150801E770C43E00200000000058DD0108000000002A
S3150801E7805CDD0108809C2B8F80841E000000270019
S3150801E7902700FF7FC43E00200000000058DD010865
S3150801E7A00000000040DF0108809C2B8F80841E003A
S3150801E7B0000000002200FF7FC43E00200000000088
S3150801E7C03CDF01080000000040DF0108809C2B8F18
S3150801E7D080841E00000023002300B600C43E0020EA
S3150801E7E0000000003CDF01080000000040DF0108CE
S3150801E7F0809C2B8F80841E000000240024009D002D
S3150801E800C43E0020000000003CDF010800000000B3
S3150801E81040DF0108809C2B8F80841E0000002500A4
S3150801E82025007D00C43E0020000000003CDF0108F1
S3150801E8300000000040DF0108809C2B8F80841E00A9
S3150801E8400000260026005300C43E002000000000F8
S3150801E8503CDF01080000000040DF0108809C2B8F87
S3150801E86080841E00000027002700FF7FC43E002089
S3150801E870000000003CDF01080000000024E1010857
S3150801E880809C2B8F80841E00000000002500FF7FDE
S3150801E890CC3E00200000000020E101080000000035
S3150801E8A024E10108809C2B8F80841E00000026002D
S3150801E8B02600B700CC3E00200000000020E1010838
S3150801E8C00000000024E10108809C2B8F80841E0033
S3150801E8D00000270027008C00CC3E00200000000025
S3150801E8E020E101080000000008E30108809C2B8F45
S3150801E8F080841E00000000002500FF7FCC3E00201A
S3150801E9000000000004E301080000000008E3010814
S3150801E910809C2B8F80841E00000026002600B700ED
S3150801E920CC3E00200000000004E3010800000000BE
S3150801E93008E30108809C2B8F80841E0000002700B5
S3150801E94027008C00CC3E00200000000004E30108EB
S3150801E95000000000ECE40108809C2B8F80841E00D7
S3150801E960000000002500FF7FCC3E002000000000CB
S3150801E970E8E4010800000000ECE40108809C2B8F04
S3150801E98080841E00000026002600B700CC3E002029
S3150801E99000000000E8E4010800000000ECE40108BA
S3150801E9A0809C2B8F80841E000000270027008C0086
S3150801E9B0CC3E002000000000E8E401080000000049
S3150801E9C00C40010001810100204002000000000006
S3150801E9D001000000304003000000000000000000B4
S3150801E9E00000000040400200000000000040000056
S3150801E9F06040010001010000A84001000700000075
S3150801EA00BC400400000000000000000000000000F7
S3150801EA10000000000C410300FF4C0000FF4D000000
S3150801EA20FF4D000020C0011000F8070020C001308A
S3150801EA30F502280124C00110FF00000024C001309E
S3150801EA400013000028C00800EC80B3034375405149
S3150801EA50A00F00F800400000A8AA07000000000067
S3150801EA60000000000000000070C00900BA10000094
S3150801EA7000042000041880000B3C2001187C1002B9
S3150801EA802FFCE0067F0000000000000000000000E7
S3150801EA90A8C00500BD4B721511A31805103254768E
S3150801EAA0980A000000000000CCC004000100000024
S3150801EAB00000000001000A00010028000800010109
S3150801EAC00807000018000101AAAAAA0020000101EE
S3150801EAD00060DA005C40020100000003000000202B
S3150801EAE07840040129417671000000008C000C0071
S3150801EAF000000000C44004010000000000000000FE
S3150801EB000000000000000000E040010100020000D2
S3150801EB1010410201331E05000000000020410201D8
S3150801EB2000000000FF0483072C410301FF06660C61
S3150801EB30FF0483078813FF03584101010000000001
S3150801EB40644101010C010000844105010101000035
S3150801EB5000000000000000000000000000000000A6
S3150801EB60A44102010000000000000000B0410201BA
S3150801EB700000000058923EC0BC410301000000009D
S3150801EB8000003C00699006002C4203016018004011
S3150801EB9000000000000000003C42010100000000E6
S3150801EBA044420101140000008042020100000000F5
S3150801EBB081000000984205013F000002FFFF0000A6
S3150801EBC0FFFF0000FF030000FFFF0000B442010140
S3150801EBD00000000030430A0140002001A0000000A7
S3150801EBE0085000011F1F1F1F1F1F1F1B1815131178
S3150801EBF0100E0D0C45C1872F000000000000000013
S3150801EC0010800101030000003C80010101000000A1
S3150801EC10B080020100030002370000019C000102D6
S3150801EC20000C0004D8000302050040AA8801000070
S3150801EC30C0000000F00001022B01000010010112C2
S3150801EC4000FF0F00100101320200003150010112CC
S3150801EC5000C0010050010132C100A2007401010285
S3150801EC6069811B0C7801011200001C007801013230
S3150801EC701004E0CF800101127907000080010132FA
S3150801EC80020000008801010250000000FFFFFFFF9B
S3150801EC90ED170000ED170000F40100000000000068
S3150801ECA002000000C017530206140000802FA604B4
S3150801ECB005380000A00800000000580901040706ED
S3150801ECC0100A01040707C80A00040807800B000494
S3150801ECD00808380C000409086108000000008A08C1
S3150801ECE000000000C709010404032C0B01040404F5
S3150801ECF0920C010405040000E1190000E119000065
S3150801ED00F401000000000000193F0106041001008B
S3150801ED10000101060010270000090000000000009C
S3150801ED20000000001400000066666600000000008E
S3150801ED3008ED0108F8EC0108000A000000000000CF
S3150801ED40005A620280841E000420F800F14750022E
S3150801ED5000000000A0EC010800000000000000000F
S3150801ED600000000062841E00000000000000000090
S3150801ED70000000000000000014000000666666003E
S3150801ED800000000008ED0108F8EC0108000B00007E
S3150801ED9000000000005A620280841E000420F80068
S3150801EDA0F147500200000000A0EC01080000000035
S3150801EDB0000000000000000062841E000000000040
S3150801EDC00000000000000000000000001400000020
S3150801EDD0666666000000000008ED010890EC01086F
S3150801EDE00000000000000000005A620280841E0034
S3150801EDF00420F600F147500200000000A0EC0108CB
S3150801EE0000000000000000000000000062841E00EF
S3150801EE1000000000000000000000000000000000E3
S3150801EE2005010000FC4F0103CCED010820C00110CB
S3150801EE3000F8070020C001301402280124C001107F
S3150801EE40FF00000024C001300043000044C0010057
S3150801EE502E02000068C00200D1B60200C0060000FA
S3150801EE60D0C00100000000004C40030120F9130442
S3150801EE700700620038700000604002010068010F57
S3150801EE8040B8244080400101236300008C40020100
S3150801EE9000800060BE0A000020410101590B0000F4
S3150801EEA03841010190200AF05C410101001E000071
S3150801EEB06C410B0100140CC0141A21282E343B4254
S3150801EEC0495043557698BA0C237300000101000096
S3150801EED01721286414171A002004C87DA1203A09AD
S3150801EEE0A8410101290000003C420101000000007F
S3150801EEF0804202010000000081000000A0420301D7
S3150801EF00FFFF0000FF030000FFFF0000B4420101FC
S3150801EF10000000003043030140002001A00000006A
S3150801EF20085000014C43010145C1872FFFFFFFFF30
S3150801EF30050E000005020000FC4F010378ED0108EB
S3150801EF4020C0011000F8070020C00130FE01280189
S3150801EF5024C00110FF00000024C001300014000085
S3150801EF6044C001000000000068C0020088C6020013
S3150801EF7000050000D0C00100A10000004C400301BB
S3150801EF8020FB130407C04200000000006040020194
S3150801EF900000002800800200804001015A01A008F3
S3150801EFA08C400201000000600000000020410101C0
S3150801EFB00000000038410101BC200AF05C41010152
S3150801EFC0031000006C410B01000000400000000026
S3150801EFD00000000000000000000000000000000022
S3150801EFE00101000000000000000000000000000010
S3150801EFF000000000A8410101000000003C42010197
S3150801F00012010000804202010100094001081000B6
S3150801F010A04203010000E8030002000000001000FE
S3150801F020B44201010000C00030430301410040021F
S3150801F0304001AC0450B000014C4301015D280F2D7D
S3150801F040FFFFFFFF050A0000FC4F010378ED0108E9
S3150801F05020C0011000F8070020C00130FE01280178
S3150801F06024C00110FF00000024C001300014000074
S3150801F07044C001000000000068C0020088C6020002
S3150801F08000050000D0C00100A10000004C400301AA
S3150801F09020FB130407C04200000000006040020183
S3150801F0A00000002800800200804001015A01A008E2
S3150801F0B08C400201000000600000000020410101AF
S3150801F0C00000000038410101BC200AF05C41010141
S3150801F0D0031000006C410B01000000400000000015
S3150801F0E00000000000000000000000000000000011
S3150801F0F001010000000000000000000000000000FF
S3150801F10000000000A8410101000000003C42010185
S3150801F11012010000804202010100094001081000A5
S3150801F120A04203010000E8030002000000001000ED
S3150801F130B44201010000C00030430301410040020E
S3150801F1404001B40550B000014C4301015D280F2D63
S3150801F150FFFFFFFF05090000FC4F0103CCED010885
S3150801F16020C0011000F8070020C001301402280150
S3150801F17024C00110FF00000024C001300043000034
S3150801F18044C001002E02000068C00200D1B6020088
S3150801F190C0060000D0C00100000000004C40030179
S3150801F1A020F913040700620038700000604002016C
S3150801F1B00068010F40B82440804001012363000024
S3150801F1C08C40020100800060BE0A00002041010156
S3150801F1D0590B00003841010190200AF05C410101F8
S3150801F1E0001E00006C410B0100140CC01A20272ECA
S3150801F1F0343A41484F56546687A9CB0D237300000C
S3150801F2000101000017272E6A14171A002004C87D69
S3150801F210A1203A09A8410101290000003C42010147
S3150801F2200000000080420201000000008100000089
S3150801F230A0420301FFFF0000FF030000FFFF0000DB
S3150801F240B4420101000000003043030140002001DF
S3150801F250A0000000085000014C43010145C1872F59
S3150801F260FFFFFFFF24EE01084063598F404B4C0016
S3150801F2700B000B001A00FF7FD43E0020000000009F
S3150801F28020EE010800000000000000004063598FCD
S3150801F290404B4C000B000B001A00FF7FD43E0020A8
S3150801F2A00000000030EF0108000000000C400200D9
S3150801F2B0018014007F400000204002000000000089
S3150801F2C000000000304007000000000000000000B8
S3150801F2D000000000000000000000000000400000DF
S3150801F2E0A007000350400100000000005C40020036
S3150801F2F00000000000000000A8400100070000000F
S3150801F300BC400400000000000000000000000000EE
S3150801F310000000000841040000400000FF4C000006
S3150801F32000410000FF4D000020C0011000F8070051
S3150801F33020C00130FE01280124C00110FF00000091
S3150801F34024C001300014000028C00800EC80B30373
S3150801F35043754051A00F00F800400000A8AA070015
S3150801F36000000000000000000000000054C010006A
S3150801F37051313000070007E61500000004060607AC
S3150801F3800700000088C6020000050000BA10000048
S3150801F39000042000041880000B3C2001187C100290
S3150801F3A02FFCE0067F0000000000000000000000BE
S3150801F3B0A8C00500BD4B721511A318051032547665
S3150801F3C0980A000000000000CCC0040001000000FB
S3150801F3D0A100000001000A0001002800080001013F
S3150801F3E004070000180001010000000020000101C7
S3150801F3F008840000404025010000000000000000CC
S3150801F4001000000020FB130407C0420000000000A2
S3150801F41000000000000000030000002020B80200E0
S3150801F4204902F0004108000002000000B007080088
S3150801F430A7000000000000005A02A0089BC34A74F6
S3150801F440F0030F0000000060000000000101103009
S3150801F45050707F7F000000000000000000000000DF
S3150801F460000000000000000000000000000000008D
S3150801F470000000000000000000000000000000007D
S3150801F480000000000000000000000000E04001014B
S3150801F4900002000010410201731E05000000000071
S3150801F4A01C4103010090C28B11010000FF04830770
S3150801F4B02C410A01FF06660CFF0483078813FF0324
S3150801F4C0BC200AF0F854520000000000B756351265
S3150801F4D000000050803B0000000000005841020176
S3150801F4E0000000000310000064410D010C0100003A
S3150801F4F0E853FA0000000040000000000000000088
S3150801F50000000000000000000000000001010000EA
S3150801F51000000000000000000000000000000000DC
S3150801F520A44102010000000000000000B0410201F0
S3150801F5300000000000002000BC410301000000009B
S3150801F54000003C0069900600D0410301000000005C
S3150801F550D000000000000200E04116010000000092
S3150801F560DE635E36BF6F07006FEA1600E530CE0030
S3150801F570B2B9D90E4B8494045A1FA924DE635E36A8
S3150801F580BF6F07006FEA1600E530CE00B2B9D90E93
S3150801F5904B8494045A1FA9240000000000000000AF
S3150801F5A02C00000007EE7536601800000000000008
S3150801F5B0000000003C420101120100004442010121
S3150801F5C0140000004C4201010800000468420101D0
S3150801F5D000000000804202010100094001081000F4
S3150801F5E0984205013F000002FFFF00000000E80302
S3150801F5F00002000000001000B44201010000C00032
S3150801F60030430A01400040024001AC0450B00001F9
S3150801F6101F1F1F1F1F1F1F1B18151311100E0D0C5F
S3150801F6205D280F2D00000000000000001080010178
S3150801F6300300000038800201F147100001000000B4
S3150801F6409C800301EB400200D5C00000D5C0000034
S3150801F650A8800111F0010000A880013105228D0062
S3150801F660AC800111F0010000AC80013105228D004A
S3150801F670B08002013F000001370000019C00010231
S3150801F680000C0004D8000302050040AA8801000006
S3150801F690C0000000EC000112E00F0000EC0001328E
S3150801F6A00C205111F00001022B010000100101127A
S3150801F6B000FF0F0010010132020000315001011252
S3150801F6C000C0010050010132C100A200740101020B
S3150801F6D069F11F0C7801011200001C007801013242
S3150801F6E01004E01F8001011279070000840102025B
S3150801F6F00000000048000000FC4F010324ED01084A
S3150801F700FFFFFFFF38EF01084063598F404B4C005C
S3150801F7100B000B001A00FF7FD43E002000000000FA
S3150801F72034EF01080000000048F001084063598FD2
S3150801F730404B4C000B000B001A00FF7FD43E002003
S3150801F7400000000044F001080000000058F101081B
S3150801F7504063598F404B4C000B000B001A00FF7F8A
S3150801F760D43E00200000000054F10108000000000A
S3150801F7700C400200018014007F4000002040020076
S3150801F78000000000000000003040070000000000F3
S3150801F790000000000000000000000000000000005A
S3150801F7A000400000A00700035040010000000000CF
S3150801F7B05C4002000000000000000000A8400100B3
S3150801F7C007000000BC400400000000000000000023
S3150801F7D0000000000000000008410400004000008D
S3150801F7E0FF4C000000410000FF4D000028C0070043
S3150801F7F0EC80B30343754051A00F00F800400000A8
S3150801F800A8AA0700000000000000000054C0050077
S3150801F810513130000E000DE62A000000080B0C0DD0
S3150801F8200D00000070C00900BA1000000004200095
S3150801F830041880000B3C2001187C10022FFCE006FE
S3150801F8407F0000000000000000000000A8C00500BD
S3150801F850BD4B721511A3180510325476980A00008B
S3150801F86000000000CCC0010001000000D4C0020065
S3150801F87001000A0001002800080001010407000030
S3150801F88018000101000000002000010108840000A1
S3150801F89040400301000000000000000010000000C5
S3150801F8A058400201000000000000000368400601FC
S3150801F8B04902F0004108000002000000B0070800F4
S3150801F8C0A700000000000000844002019BC34A749F
S3150801F8D0F0030F00944010010101103050707F7F32
S3150801F8E00000000000000000000000000000000009
S3150801F8F000000000000000000000000000000000F9
S3150801F90000000000000000000000000000000000E8
S3150801F9100000000000000000E040010100020000B4
S3150801F92010410201331E0500000000001C410101BF
S3150801F9300090C28B24410101FF0483072C41030176
S3150801F940FF06660CFF0483078813FF033C41060183
S3150801F950F854520000000000B75635120000005056
S3150801F960803B000000000000584101010000000032
S3150801F970644102010C010000E853FA00A4410101A7
S3150801F98000000000B0410201000000000000200054
S3150801F990BC4103010000000000003C00699006001C
S3150801F9A0D041030100000000D00000000000020061
S3150801F9B0E041160100000000DE635E36BF6F0700F6
S3150801F9C06FEA1600E530CE00B2B9D90E4B8494041D
S3150801F9D05A1FA924DE635E36BF6F07006FEA160059
S3150801F9E0E530CE00B2B9D90E4B8494045A1FA92426
S3150801F9F000000000000000002C00000007EE75362C
S3150801FA0060180040000000000000000044420101A7
S3150801FA10140000004C42010108000004684201017B
S3150801FA2000000000984202013F000002FFFF0000AB
S3150801FA303C4304011F1F1F1F1F1F1F1B18151311EE
S3150801FA40100E0D0C504302010000000000000000DA
S3150801FA50108001010300000038800201F1471000FF
S3150801FA60010000009C800301EB400200707803004E
S3150801FA70D5C00000A8800111F0010000A88001315D
S3150801FA800542CB01AC800111F0010000AC800131C7
S3150801FA9005228D00B0800201000300023700000133
S3150801FAA09C000102000C0004D8000302050040AACC
S3150801FAB088010000C0000000EC000112E00F000000
S3150801FAC0EC0001320C205111F00001022B0100005B
S3150801FAD01001011200FF0F0010010132020000316E
S3150801FAE05001011200C0010050010132C100A200FB
S3150801FAF07401010269811B0C7801011200001C00C6
S3150801FB00780101321004E0CF800101127907000063
S3150801FB108001013202000000840102020000000097
S3150801FB2050000000FFFFFFFF02000000C01753024C
S3150801FB3006140000802FA60405380000A00800005E
S3150801FB400000580901040706100A01040707C80A34
S3150801FB5000040807800B00040808380C000409088B
S3150801FB606108000000008A0800000000C7090104B6
S3150801FB7004032C0B01040404920C0104050400007F
S3150801FB80DBD61000DBD6100020A10700000000001C
S3150801FB90193F0106041001000001000202000000DD
S3150801FBA0000500010100000000000000140000002B
S3150801FBB0000000000000000090FB010880FB01081E
S3150801FBC0000000000000000070305E01E80300003C
S3150801FBD00102F200330410030000000028FB0108AB
S3150801FBE0000000000000000000000000D00700002F
S3150801FBF000000000000000000000000000000000F6
S3150801FC0000000000000000008008089240420F0032
S3150801FC10000000000000FF7FDC3E0020000000001D
S3150801FC2000FC0108000000000C4002000000000072
S3150801FC3000400000204002000F0000000000000004
S3150801FC40304007000000000000000000000000002E
S3150801FC50000000000000000000400000000700034B
S3150801FC6050400100000000005C4002000000000056
S3150801FC7000000000A840010007000000BC40040085
S3150801FC800000000000000000000000000000000065
S3150801FC9008410400FF40000000000000FF41000089
S3150801FCA00000000020C0011000F8070020C0013044
S3150801FCB00001280124C00110FF00000024C0013002
S3150801FCC00013000028C00800EC80B30343754051B7
S3150801FCD0A00F00F800400000A8AA070000000000D5
S3150801FCE0000000000000000054C01000512130003F
S3150801FCF0F400E3E6A354000086B7CFDCE300000076
S3150801FD0088C6020040070000BA100000000420005F
S3150801FD10041880000B3C2001187C10022FFCE00619
S3150801FD207F0000000000000000000000A8C00500D8
S3150801FD30BD4B721511A3180510325476980A0000A6
S3150801FD4000000000CCC00400010000000000000013
S3150801FD5001000A000100280008000101440700000B
S3150801FD6018000101000000002000010101A00000A7
S3150801FD7040402501000000000000000010000000BE
S3150801FD809101000001C002060030000000000000D9
S3150801FD900000000300000020000000004272060077
S3150801FDA041080000F00704001000000000000000F0
S3150801FDB0000000000000AC08000000001C030F0052
S3150801FDC000000060000000000000000000000000C4
S3150801FDD00000000000000000000000000000000014
S3150801FDE00000000000000000000000000000000004
S3150801FDF000000000000000000000000000000000F4
S3150801FE000000000000000000E040010100020000BF
S3150801FE1010410201331E0500000000001C410301C8
S3150801FE200010568B00000000FF0483072C410A01CD
S3150801FE30FF06660CFF0483078813FF03BC200AF03C
S3150801FE405633500000000000B75635120000005026
S3150801FE50803B00000000000058410201000000003C
S3150801FE600000000064410D010C010000E853FA008E
S3150801FE700000004000000000000000000000000033
S3150801FE800000000000000000010100000000000061
S3150801FE90000000000000000000000000A44102016B
S3150801FEA00000000000000000B0410201000000004F
S3150801FEB000002000BC4103010000000000003C00D6
S3150801FEC069900600D04103010000000010000000FF
S3150801FED000000200E041160100000000E6E7FF0B02
S3150801FEE0CDA10A00BD066A005EB04D007D02420E34
S3150801FEF0A5B62202FF25B234E6E7FF0BCDA10A001B
S3150801FF00BD066A005EB04D007D02420EA5B622020C
S3150801FF10FF25B234000000000000000005000000C3
S3150801FF20000000006018004000000000000000000A
S3150801FF303C42010100000000444201011400000096
S3150801FF404C4201010800000468420101000000005A
S3150801FF50804202010000000081000000984205016C
S3150801FF603F000002FFFF0000FFFF0000FF03000043
S3150801FF70FFFF0000B44201010000000030430A01FE
S3150801FF8040002001A0000000085000011F1F1F1F8C
S3150801FF901F1F1F1B18151311100E0D0C45C1872F96
S3150801FFA000000000000000001080010103000000AD
S3150801FFB0388002013304100001000000A08002010C
S3150801FFC070780300D0000000A8800111F00100003C
S3150801FFD0A88001310542CB01AC800111F001000076
S3150801FFE0AC800131053EFD00B0800201000300022C
S3150801FFF0370000019C000102000C0004D80003022E
S31508020000050040AA88010000C0000000EC000112A9
S31508020010E00F0000EC0001320C205151F000010201
S315080200202B0100001001011200FF0F00100101321E
S31508020030020000315001011200C0010050010132D4
S31508020040C100A2007401010269811B0C7801011228
S3150802005000001C00780101321004E0CF8001011271
S3150802006079070000800101320200000084010202C1
S315080200700010000050000000FC4F0103ACFB010811
S31508020080FFFFFFFFC0E9010800000000CCE60108F7
S315080200900300000000000000C01753028400020893
S315080200A0C0E901080000000038E701080300000063
S315080200B000000000C0175302A0000208C0E90108A8
S315080200C000000000A4E70108060000000000000086
S315080200D0C0175302BC00020800000000000000001E
S315080200E0C0E90108000000007CE8010803000000DE
S315080200F000000000C0175302E0000208C0E9010828
S3150802010000000000E8E80108030000000000000003
S31508020110C0175302FC000208C0E9010800000000EB
S3150802012054E901080300000000000000C01753024A
S315080201301801020870F701080000000064F20108BD
S315080201400100000000000000C01753023401020833
S3150802015070F701080000000004F70108010000001A
S3150802016000000000C017530250010208ACF2010851
S315080201700000000088F201080100000000000000EB
S31508020180C01753026C01020870F70108000000004C
S315080201904CF701080100000000000000C0175302D6
S315080201A08801020870F701080000000028F7010814
S315080201B00100000000000000C0175302A401020853
S315080201C028FC01080000000004FC010801000000E8
S315080201D000000000C0175302C00102080100000017
S315080201E05789000879890008ADEA00089D89000840
S315080201F0459B0008258E0008419A00080000000069
S31508020200000000000000000000000000008000005E
S3150802021000800000008000000080000000800000CE
S3150802022000800000018000000180000001800000BB
S3150802023001800000018000000180000001800000AA
S315080202400180000002800000028000000280000097
S315080202500280000003800000038000000480000082
S315080202600480000005800000068000000880000067
S315080202700C8000000F8000000A0000000C0000003D
S315080202800D0000001000000012000000150000001A
S31508020290190000001F0000002700000034000000BB
S315080202A02C2066756E6374696F6E3A2000617373EB
S315080202B0657274696F6E2022257322206661696CE5
S315080202C065643A2066696C6520222573222C206CA7
S315080202D0696E65202564257325730A00232D302B44
S315080202E02000686C4C006566674546470030313227
S315080202F0333435363738394142434445460030317E
S3150802030032333435363738396162636465660000DC
S3150802031019310108613101080D3101086D310108F1
S315080203205531010859B0010897B00108B9B001085A
S31508020330DBB00108FDB0010801410108B14001081E
S31508020340BD400108AD41010809B3010893AC010893
S3150802035097AC01089BAC01089FAC0108A3AC010845
S3150802036000000000C001000040360020FFFFFFFF2A
S31508020370FFFFFFFFFFFFFFFFFFFFFFFFFFFFFFFF7D
S31508020380FFFFFFFFFFFFFFFFFFFFFFFF0002100057
S31508020390003A002000380020000002080000000091
S315080203A0FFFFFFFFFFFFFFFFFFFFFFFF0000000049
S315080203B0000000000000000000000000000000002D
S315080203C000000000093D0108ED3C0108417C0108D6
S315080203D0757E0108A97D010820C001B80000000148
S315080203E000000101000101010001000001020203EF
S315080203F00000000000000000FFFFFFFFFFFFFFFFF5
S31508020400FFFFFFFFFFFFFFFFC8C8C8C8C8C8C8C8A4
S31508020410C8C8C8C8030404080808080800B801B808
S3150802042002B800B003040408080500000000000032
S3150802043000000000000000000000000004000800A0
S315080204407C0031003B001B00583900008003000085
S31508020450DC3C000004000000343E000004000000FA
S3150802046060340000F8040000D83C000004000000D4
S31508020470303E000003000000000000006034000067
S31508020480E03C000001000000383E00003700000092
S31508020490DD3B000061340000010000000006800F09
S315080204A07047FB21890109684143880B70479348C5
S315080204B000680104C80F704730B5002083490A68EE
S315080204C000238F4C521C6568AA4200D3226815780D
S315080204D0AD06AD0E9D40054328009B1D1E2BF1D38C
S315080204E00A6030BD85480168090408D585490A6845
S315080204F0764B1A604A68C2618868B24908607047D2
S31508020500F3B583B01700C006000E00901038912884
S3150802051033D2FFF7CCFF00282FD000267A4C0125CC
S315080205200398FFF7BBFF002802D0022803D003E096
S315080205302068284000D001260197744F04980C21A0
S31508020540615E40180E21615E4018FFF7AAFF019905
S3150802055040183860049800994018FFF7A2FF0199DD
S3150802056040187860C02080016949086030036949EB
S315080205700860FCF705FF9448057005B0F0BDFEB5A6
S31508020580654B664DC02080040290F020000501905C
S315080205901869022805D22868019901400298814201
S315080205A0F0D08A480068C01C89490143894801601D
S315080205B0894A8A4C0421A068084204D0187D80061C
S315080205C0C10F490023E00226304022D018690428C8
S315080205D005D22F6801983840029FB842F6D0187D96
S315080205E00007000F072814D1587D022811DD987DCF
S315080205F08006800E02280CDBD87D009007460F4243
S3150802060007D0C00700D50A21374200D0891D002924
S315080206100BD173486F49086000201860802189024F
S31508020620704B196010602061F7BD481C1E6986422E
S3150802063005D22F68019E3E40029FBE42F6D06A4806
S31508020640405C009020610098C000F821014002D069
S315080206508020C004186065480668012E00D149004A
S315080206605960216800291DD15A490B682026A65FC0
S3150802067036039B059B0D33430B6001261660022148
S3150802068091600099890909D10068002801D11820CA
S3150802069000E01A20225E0098FFF732FF207A000750
S315080206A000D42660F7BD4B484D49016000211A4A1D
S315080206B01160802292024B4B1A60474A11604C4ADB
S315080206C0026142614048017070470000343E0000F2
S315080206D0062048490860002047490860F0210901B8
S315080206E0464A116080214900454A11600749404A35
S315080206F00A604A603449087070470000C04101A880
S31508020700983E0000A03E0000BC3E0000C84101A879
S31508020710C06101A8C05101A8C44000A80C0002A8E3
S3150802072030B581B00400A00314D53048006800280B
S3150802073001D1162000E00C20FEF7BCFA3148806E83
S315080207400007C10F30480170082030490860C0030D
S31508020750244908602E4D2868000406D5FFF7ACFE2A
S31508020760E861FFF7A9FE17490860A00727D5802088
S31508020770C0021C490860FCF726FE00281FD0254A3D
S315080207801068C0B2002802D00621234B19608109DD
S3150802079015D01C490B68012BFBD949680905090DB7
S315080207A0091DC900114B1B68012B00D14908002BF2
S315080207B001D1182300E01A23D25EFFF7A1FE01B089
S315080207C030BD00005C4201A86E3E0000204000A831
S315080207D000F0FF3FB84101A8044003A8B43E000058
S315080207E0FFF3FF3F106001A8D84000A8843F00002D
S315080207F0FFFF0300006401A8504000A80C6000A88F
S315080208000C5000A81C4000A8E03C0000846000A828
S31508020810C04101A8B83E0000005401A870B50822DC
S31508020820804B1A60804B1B68DC0302D500200880C7
S3150802083070BD0C880019401E00787C4DA870641C97
S315080208400C8045076D0F052D05D8794E3668F606D4
S3150802085003D5022D0DD0032070BD9604AE401E406E
S3150802086001D1082070BD052D03D1104201D1641EA5
S315080208700C80AA484860002070BDF3B582B008888B
S315080208806C490978491CC9B2814204D202990918ED
S31508020890491E097800E00021644A517093785B0783
S315080208A05B0F01933023019C052C28D1194232D1C2
S315080208B09478E5081E242C40CD0702D5250001248C
S315080208C02C430125A14EE6402E4072D0019FA04E30
S315080208D0E641402426403E434C0602D534002026F3
S315080208E02643947889080D40A7080C2139402943E4
S315080208F0C02525400D4320212943967051704A4947
S315080209000C685578022123262E4008D0660302D5A4
S315080209102B40202B01D0052082E0424B19609378A8
S315080209209B0601D4202203E09278120702D54022C0
S315080209303C4B1A603D4A92786B461A70C022854B28
S315080209401E680E4001D1154212D06E463778272608
S315080209503E40232E03D1E60207D4012606E0252EC1
S3150802096003D0212E04D1260302D504262D4F3E603C
S315080209701B6819402026019F002F1CD11E4027D034
S315080209802A4B5B781A40402A13D00C221A40042AB2
S315080209900FD02A073BD40122002902D0E100CB0F4F
S315080209A05A4069460978CB07DB0F1A422FD0210134
S315080209B02AD4072034E0022FE2D11E4008D00029AB
S315080209C0DED1CC232B4003D16B461B785B0601D5BF
S315080209D0032025E0A30311D59C4E73691B051B0D45
S315080209E05B1C3668F60205D5994E36683607B60F89
S315080209F09B1B5B1E9BB2052B04D1C1E7029B1B788E
S31508020A00052BBDD006200BE08021064A1160E907B6
S31508020A1002D4401C03990880AB4803994860002019
S31508020A2004B0F0BD4C1002A8D83E0000303E0000CB
S31508020A30480002A84C3E0000F2B586494978CA0722
S31508020A4005D4009A12888018401E037800E0002315
S31508020A509E4A106802249E4D2E68F60611D5126922
S31508020A605340DBB2002B03D16E68D309734023408F
S31508020A70002B03D0020204D40A20F2BDE206954EE8
S31508020A803260744A1E02C0230B403343914E3360D0
S31508020A9093785E07760F022E06D16D682C4003D135
S31508020AA0002000990880F2BDA0250D409E08102757
S31508020AB037402F433D090E0702D42E001025354331
S31508020AC0CC240C401A262E400A2E04D1CC2C02D055
S31508020AD02E00FD253540804EEE40F60705D400046B
S31508020AE016D5412B10D1082912D17C48E84011218C
S31508020AF0014021432020084310700D21014000982F
S31508020B0008D000F0A9F8F2BD0B2B01D10029ECD0D0
S31508020B100720F2BD00F020F8F2BD0000BF34000045
S31508020B2038B50C006E490B781A09533995004919DC
S31508020B3025881B071B0FEB1A9A1A8018FEF759FD10
S31508020B40010002D1200000F007F832BDF300A3E34A
S31508020B50981440684C0002A8F8B504006148056874
S31508020B603C4F3878D026304202D00D21014005D0BC
S31508020B7008205D490860EF20FEF7F9FC3978200065
S31508020B80314204D00909397000F066F8F2BD052130
S31508020B9029401FD002884D49CA60544BEC0705D537
S31508020BA0521C0280690607D4514B05E043242C40A7
S31508020BB0422C03D1521C028043600DE010224A4B9C
S31508020BC01A604C4A09688B00DB0F190111638021F0
S31508020BD009031160002101800020F2BD0A888018ED
S31508020BE0401E0078830601D4121D0A80182202408C
S31508020BF004D0088852088018C01E08803948006840
S31508020C00C00702D50888401C088039484860002079
S31508020C107047344A1368DB0708D51268920705D469
S31508020C200A888018401E007804280CD110202E4A03
S31508020C3010603048254A12689300DB0F1A010263D6
S31508020C408022120302600020088070470C4000A828
S31508020C50080001A8303E000031B581B026490020BF
S31508020C6000900822254B1D7802230C24254202D126
S31508020C700022234903E02C40082C00D10222EC076B
S31508020C8003D50C001E21614000931D4207D0154969
S31508020C900968090601D51B4901E00021C943019BE0
S31508020CA0194C21601949FF248C70009C15012543B3
S31508020CB0CD70087018880099401880181880144852
S31508020CC05860002036BD00007D360000D83E000080
S31508020CD0480002A8481002A80D0F0C0D0717085065
S31508020CE0633F00004C0002A84C2002A821380000ED
S31508020CF0573800001C1002A8DE1B2501303E0000F2
S31508020D002084100000FCFF010C3F0000603F000039
S31508020D1065370000303E00002D34000045340000DF
S31508020D2045340000453400004534000045340000CF
S31508020D3000000000000000000000000000000000A3
S31508020D40453400004534000045340000392B0000C4
S31508020D50453400006B2C00007B2C0000A72D0000F8
S31508020D60092E0000932E000019300000BD2E000047
S31508020D70C9300000192F0000692F0000E12F00007A
S31508020D8081320000793300003D2C00002B28000038
S31508020D90D123000045340000D12800004534000064
S31508020DA0112A0000D5290000453400004534000008
S31508020DB0512A00004534000045340000453400003D
S31508020DC04534000045340000453400004112000055
S31508020DD03112000000000000000400080214021884
S31508020DE00324000049488068000200D4704780B591
S31508020DF080208002AB490860CF2000F053FA01BD7B
S31508020E00F8B589480068894C802292032260884E88
S31508020E10316809051DD5110BA023034001D02160B5
S31508020E2017E002403FD18027824A1760824A17603C
S31508020E30084038D0354D287A400705D501207F4924
S31508020E40086000027E4908602878002801D0062832
S31508020E5001DB0020F2BD00F07BFB716889684E68F1
S31508020E602978052907D1B905A1606E60B668CC2133
S31508020E708901734A116000F074FB012E00DA02261A
S31508020E80BC20800588490860942080058749086047
S31508020E9068480021C94301647142416484490F606C
S31508020EA040210160D5E783480160FFF79BFF0120D7
S31508020EB0F2BD5D480168890504D5C06E0004000FBD
S31508020EC0022801D0002070470120704738B58024D7
S31508020ED05848046000F03CFB05007748006800F0BB
S31508020EE06DF9280000F03DFBFFF77CFF0748007A02
S31508020EF0000705D5A0004D49086000F03FFC31BD4A
S31508020F0060036C490860AC48046031BD383E000095
S31508020F10FEB50500CC20800168494860012668486C
S31508020F200660FFF7C6FF00287DD0664C20780028A9
S31508020F3079D031020195052802D02A460A4072D193
S31508020F40CC27BF015D4A17608D4A126881231B02AE
S31508020F50134001D0032301E053075B0F022805D192
S31508020F60022B5ED3080136490860F7BD4D010328F6
S31508020F7004D1022B55D932480560F7BD042802D19F
S31508020F8011404ED0F7BD05284BD10198002848D00C
S31508020F90C005C10F684641700198C004C10F684672
S31508020FA0017000F0D5FA029060686946497800290E
S31508020FB003D006688021204A11602C0486496A46B5
S31508020FC01278002A0CD0C2680B68D21A834B1B68A7
S31508020FD0234001D0066800E04668964200DD160006
S31508020FE0684640786A461278024308D00868424240
S31508020FF0B01E824202DA7042886000E00026029839
S3150802100000F0AFFA0198800501D597480460019867
S31508021010054001D095480460002E02D008480760B2
S31508021020F7BDFFF753FFF7BD440002A8442002A804
S31508021030D83E00000CC001A890E001A8C4D000A8C0
S31508021040145001A838B580248948046001201C4937
S3150802105008601C4D2878052802D06000854908607A
S31508021060FFF727FF002812D013480068000A8021DC
S315080210704140A868000EC9B2814208D240480068B9
S315080210804007400F022802D2FFF720FF31BD7A48F7
S315080210900168C0220A4002D1C06F204001D004482C
S315080210A0046031BD1C1002A808E001A808D001A8F6
S315080210B094D001A8441002A818C000A8106001A87C
S315080210C0C4E000A8383E0000F1B582B00F00A020A7
S315080210D0384003D08020800069494DE000F038FA94
S315080210E0009066480468F80202D5A0680069029072
S315080210F000F0AFFB80210903606800F07DF92678CD
S315080211000020761C6178B14200D20026182171436C
S3150802111065180C3529780829F3DA2670A560594925
S315080211202A780A70BA0507D5544800688068C068E4
S31508021130FA0201D40322904388600127384003D17A
S3150802114000F092FC01F0DEF8F904686900F054F93F
S315080211503C2000F0A7F8F0B200F0A4F860884A49EB
S3150802116001406180009800F0FCF93805444908609E
S31508021170464807603802464908600298FEBD0000E4
S31508021180184001A810B543480068800501D4FE201E
S3150802119010BDC02080034049086000F0D9F93749DC
S315080211A009688A78D20702D589688C7800E00C78B3
S315080211B000F0D7F9200010BD100002A82F490968CF
S315080211C08A688B78DB0704D5927818235A438A18DB
S315080211D00C3290607047000048C001A84C0002A873
S315080211E0F1B582B02D4F3C680026200F000702D1C8
S315080211F0E00102902AE001F085F800F0A9F90190D1
S3150802120080210903606800F0F7F825786D1C60787C
S31508021210A84200D20025E80020180C300090006889
S315080212200290802109030098406800F0E5F83D2005
S3150802123000F038F8E8B200F035F825700098A0609A
S31508021240019800F08EF902A801F0B4F81448006873
S31508021250800407D5F86901F0C6FD029908180290BC
S3150802126000D502960298FEBD4C1002A84C2002A890
S3150802127094E001A8146001A814C001A8DC3E00008D
S31508021280442002A8383E0000FEFF0000C0E000A885
S31508021290106001A8440002A8441002A8E03E00001B
S315080212A0FC0302A84A490968002901D54949086088
S315080212B07047F3B581B0484FB968484C4A0058D5CB
S315080212C00125090100D521250100FE229201106897
S315080212D0566822689206920E94463A6893008022CD
S315080212E0134062461343802252001A4300920A00B0
S315080212F023D0890601D5012008E0F021014007D153
S315080213006946097A0C220A4002D0022000F04AF8FD
S315080213103349096809040AD53968090701D5022635
S3150802132005E03968490301D5002600E00326483559
S31508021330009A2C490968890003E0009A2949896BB1
S3150802134009094023194011430207120F032A05D13E
S315080213502268120904231A403243160080225200D8
S31508021360002E02D0164326660835216602432266F7
S315080213702566E06D4407640F00F0D4F8A0070BD089
S31508021380052C09D0B868000406D400F0E1F8022159
S31508021390154A116000F0E5F800F0CDF8002000F0DB
S315080213A001F8F7BDFE2189010A68F0239A43000174
S315080213B010430860C0B270478020C0020B49096812
S315080213C0890701D10A4900E00A4908607047000006
S315080213D0500002A8884000A8480002A8284000A891
S315080213E0684101A8184001A8D4D40350844000A833
S315080213F0486000A8485000A880B56E4A116001F0FE
S315080214001DFDFFF7D9FF01BDFEB56B4D2878000615
S3150802141004D5287F002801D0182400E0462400F0CD
S3150802142097F802906548C0684005C20DD52A01D2D0
S31508021430D52204E0D1204000824200D902001000E1
S3150802144001005F4B01932B6B5B011DD55D4B00932E
S315080214501D1D5D4E367806277E43AA530025019B3D
S315080214601B7CEB40DB070CD5009B06266E439B19BB
S315080214709B888FB2BB4200D2190086B29E4200D226
S3150802148018006D1C022DEAD389B2091909044F4BBB
S315080214900B40001BC005C00D184348490860C02010
S315080214A000064B4908604648017D00290CD0494987
S315080214B0D52A02D98023DB050B60D1235B009A4229
S315080214C002D280231B060B600021434B1960418818
S315080214D0002900D10280029800F043F800F076FD58
S315080214E0F7BD80B53D483E4908603E48C1680902D5
S315080214F0090A19225143416005210160FFF784FF59
S3150802150001BD80B52C480178090604D5007F00285C
S3150802151001D0FFF779FF33480068C00301D5FFF70A
S3150802152073FF01BD8020C002224908602E48006868
S315080215304007FBD470478020C0022C4908607047D8
S3150802154001E02B4908602B4909680140F9D1704727
S31508021550294800682021294A11601021284A116069
S3150802156070473021014002D1102024490860704793
S315080215702148006830210140102901D10120704715
S31508021580002070471F4801210160C1607047012091
S315080215901D49086070471D4800780621014007D09A
S315080215A01B480068022803D0032801D0012070478F
S315080215B000207047441002A8D83E00007C40005024
S315080215C08C3F00005C3E0000583E00000000FF0110
S315080215D0A0600050A450005018E000E07F1A0601EF
S315080215E0540002A810E000E0440002A8442002A821
S315080215F0282002A8280002A8600002A8602002A8E3
S31508021600601002A8789001A884A001A8BC3E000038
S31508021610843F0000F8B5644880214902C16102216D
S31508021620624A51600021624AD162624A11800321EC
S315080216305E4A1160022101605F4DCC01A868204014
S3150802164010D05B480068F02109050140902000058A
S31508021650814207D0022059490860012001F012FC94
S315080216605748046020205749086080205649086078
S31508021670CC20800155490860012455480460286831
S3150802168000900004070F53480068C505ED0D103D8C
S31508021690C0202843C0B2FFF705FE4548C06B800349
S315080216A009D5092F07D0FFF776FF002801D003F0E6
S315080216B0F7F801F01BFA48480668032D41D000984E
S315080216C00007000F0090032803D0022806D1032F33
S315080216D037D000F04FFA0098032803D0062F30D1EE
S315080216E0062D2ED03D480068C00B204001D001F0DF
S315080216F0F9FC3B480068000108D5052D06D10125ED
S31508021700384804606005FFF71BFF00E0002531003A
S31508021710380000F069FA0600002D06D000F022FC17
S315080217203148046002203149086060052E4948653F
S3150802173080092F490860FFF72EFF002801D003F021
S315080217409AF81A4821040162002F08D10221416041
S3150802175000201749C863C020C0001C4948643000ED
S31508021760F2BD80B5FFF7DEFE22480078800602D475
S31508021770022021490860FFF7DEFE01BD02201F494B
S3150802178008607047802000061D49096801400AD092
S31508021790C10D1C4A1278920701D51B4A00E01B4A62
S315080217A011601B49086070472C1002A8282002A85D
S315080217B00C0002A8683E0000B00002A86C1102A83C
S315080217C0B82002A894E001A80CC001A8146001A8D8
S315080217D0C4E000A804ED00E0B44000A800E200E07E
S315080217E0083F0000645000A8646000A82C4000A8C6
S315080217F080E200E0D83E0000081002A8082002A8ED
S31508021800440002A8883E0000FC1302A8FC2302A892
S31508021810442002A88F480068800700D4704770B534
S315080218208D4801210422BF4B0C02E025ED00866893
S315080218302E4002D01C601A6119610068054002D068
S315080218401C609A60996070BDB74801218160016089
S31508021850704710B5012081498A680240FCD1B34A13
S31508021860042313610C680440FCD1936000021060E3
S3150802187010BD7B4908680122104200D1704710B595
S31508021880E023DB000340FF24A41CA34204D3B74B86
S315080218901B689B0600D54868024001D000F032F961
S315080218A010BDF8B507006F4E30683F21884390494E
S315080218B0097801433160FFF7DCFF8E4C8E488021A0
S315080218C0490308258D4A1268D20504D565600322A4
S315080218D0B262016006E0C822B2620622884B1A602A
S315080218E0934A11608909C160386858390968814282
S315080218F001D2009100E000900099401A3860012157
S31508021900380000F0D5FB06003868009940183860A0
S31508021910FFF780FF002E12D1002078490A68D20507
S3150802192000D4102060620868284001D0256000E0D3
S31508021930656092480068400001D56802606230001E
S31508021940F2BD8B48017809060DD5007F00280AD01A
S3150802195086484168C90606D40068A0210140481E87
S315080219608041C00F70470020704780B5FFF7E9FF36
S31508021970002803D00021042001F04CFC01BDF1B57A
S315080219807F4F8048F860EE20C00438607E487F4961
S315080219900860FFF7D6FF002803D00021042001F0D3
S315080219A039FC8020C0017A49086008247948846590
S315080219B001257D641D2077498862774E9B20400069
S315080219C0B061072001F05EFA0220724988624B492B
S315080219D00A68D20603D56F49704A0A6008E00F22E0
S315080219E00968214002D03100103101E0310014317A
S315080219F00A606B490968002900D4B46169493160F3
S31508021A00C021C900684A1268F823DB01134001D1D4
S31508021A10F16200E0B9655E490A6C2A4008D0496B52
S31508021A20C90705D461490968084001D101F010FCCB
S31508021A300020C0435E490860554C606B054001D1E1
S31508021A40FFF7E8FE009801F00BFA606B8001FCD400
S31508021A50F1BD0000500002A8900102A8940102A854
S31508021A60903F00002C8001A870B54148017809060C
S31508021A7006D5007F002803D00021052001F0CAFB05
S31508021A804C4801683F2291434B4A12780A43026046
S31508021A903F484A490122436B134001D10A638A62CD
S31508021AA0972252000A6010220A60454AE3231B0164
S31508021AB09366444BCB610021434B196080235B003C
S31508021AC0072408210D4D2E680E4005D094672C6810
S31508021AD0234006D1916704E0D4672C68234000D1DD
S31508021AE0D1670323136011630903016070BD000007
S31508021AF06A3E0000601102A8981002A8FC0302A818
S31508021B000C9001A8F0210901304A116001403048C1
S31508021B10016020202F4908602F4909680840C049FA
S31508021B2008607047881102A8902102A8882102A895
S31508021B30982002A829482A4982680A4002D1C2681E
S31508021B40114001D01049016013480821A74A1368B9
S31508021B500B4000D081611178C90602D58C21090192
S31508021B6001601420AF490860FDE10000440002A8A4
S31508021B70D83E00000448054908607047EC0002A8F0
S31508021B80242102A8000FFF0001200000706201A8AC
S31508021B90100002A8C01002A8501102A8BD03000036
S31508021BA028C000A8302E0000A88001A8403E0000E8
S31508021BB0B46000A82C8001A86B3E0000682102A828
S31508021BC0E82002A810100000C00002A8586001A868
S31508021BD0585001A8482002A8184001A8704201A836
S31508021BE00080008070470000F8B586B005000C003A
S31508021BF08D480068400102D52000402404438B48E2
S31508021C00C66AFFF7A5FC0590B00503D588480068A3
S31508021C10FFF7D4FA0020019001237006C00F029044
S31508021C20FE229201916800209060B8204000814E01
S31508021C3030606608B82030401278F0261640402EEA
S31508021C4002D10200402010430D2D02D10A000421C0
S31508021C5011434A0704D50200142010431022944364
S31508021C60754A12686D462B70D20506D58022520037
S31508021C70724B1A60020001201043029A002A11D1FF
S31508021C800C220240082A0DD00200684B9B6BDD0627
S31508021C9001D41025AA439B0601D420239A43B123D3
S31508021CA013404FD06A461278002A4ED0A44A956B42
S31508021CB0966D01236D076D0FAD1DAB40F504ED0C56
S31508021CC05B1B9BB2082B09D280200623574D2B603B
S31508021CD043029F4D2B6000236D462B7081230340E0
S31508021CE036D00823029D002D00D113620D0008216B
S31508021CF0294310239C4304231D059E4E3560DD04AB
S31508021D00974E35606D462D78002D1ED0062B24D3AE
S31508021D10454DEE6CF60620D5974E3668360E019678
S31508021D206D69ADB2944EF66B360603D02E00802549
S31508021D306D01354315612D1215613F4A1268D505A5
S31508021D4092D40AE008227E4B1A620491009031E08E
S31508021D5027A34506ED0E5B5DD4E704910090334850
S31508021D60026B85490968764D2E686F463E8128269C
S31508021D7016401E43930CDB0133431600120E324003
S31508021D80102632401A43890040231940114302AAF9
S31508021D909170406B000A02A9C870FFF7F3F902A90D
S31508021DA008710198487175480068C8800298E86603
S31508021DB00398E8660598FFF7D4FB0825600601D55F
S31508021DC06C488560FFF7E7FB002805D06C48007869
S31508021DD0002801D06B4805600498C1B20098C0B2C9
S31508021DE0FFF767FA200007B0F0BD0000F84F0000C1
S31508021DF0030107060301070605010606050106068D
S31508021E000302070603020706050206060502060678
S31508021E10081A03D25C4909684018401C704700003A
S31508021E20481002A8883F0000084000A8180002A827
S31508021E301CC000A8B46000A81C0100AA1C2100AAA4
S31508021E40F8B5524F0F240125514910265148806B87
S31508021E5030401BD0012008704F4800687969FFF7A7
S31508021E60D7FF4E49096F4018012868DB01F098FA36
S31508021E704B490968090B0C40022C5ED16905494A8F
S31508021E80116049490E6443490D6056E02E024148E5
S31508021E90006CC0001ED545480068E021890501404E
S31508021EA04DD03F4D2868210301407001814246D139
S31508021EB0FFF74EFB3E4A3F490968314002D03E4988
S31508021EC0096811602968090B21400229F3D0FFF736
S31508021ED048FBF1BD39480068002830D001220A7053
S31508021EE000F0BEFF00282AD101F05AFA2C490968E7
S31508021EF0090B2140022920D1284A1278D20705D592
S31508021F002F4A12680A4001D0224A1560264A1160F1
S31508021F10690239601F490E60214A1168090B21407E
S31508021F200229FAD01168090B0C40032C02D02904A5
S31508021F301C4A11600021214A116001F035FAF1BDEF
S31508021F40540000AA802080041E49086070470000D9
S31508021F50141100AA802040041A490860704700003C
S31508021F604C5001A800BF18480168490701D0FF2153
S31508021F7041617047441002A8184001A8448001A88C
S31508021F80E03C0000845000A838C001A80CC001A893
S31508021F906D3E0000100002A81CC101A8883E000080
S31508021FA0B00002A81C1002A8082002A84C4001A8EA
S31508021FB0800000AA084000A8904000A8443E0000FD
S31508021FC0083F00003C2002A80C4000A87047FF28E2
S31508021FD007D0032805D22B490978C140C807C00F84
S31508021FE07047002070470000F0B5802000020821E3
S31508021FF0254A11600A230121244A01249C400443EC
S3150802200025A5ED5C25439560F025214E35601E4DCC
S3150802201024A6F65C022737432F6004262E601D4D40
S315080220202D680D4006D1CD026D1E03D0966C36037F
S31508022030FAD401E00220F0BD956CD66C6D036D0BE7
S31508022040AE4200D220005B1ED7D50823104C23606F
S315080220509060A84B1B685B0112D5A74C63785D1C80
S3150802206001262E4066701D000626754365191268FC
S31508022070AA80E880237003480278994011430170C8
S315080220800020F0BD9C3F0000889001A8448001A86A
S3150802209088A001A8140002A8000000010102040891
S315080220A01020200050505040404040302020200050
S315080220B0F1B584B0914C92484068C00516D5606A5D
S315080220C0E021C9000840884210D1A848006E0004E1
S315080220D0000FA7490A68D20601D5072804D009685D
S315080220E0C90603D40B2801D1002000E1FFF7ACFB97
S315080220F0A0484069400101D401251CE09E48826B34
S3150802210000207D49C3B206256B43CB189B8895B23E
S31508022110AB4204D0401CC3B2022BF3D3FF20087093
S31508022120012594484069400105D50878FFF74FFF15
S31508022130002800D0002591485021405C000608D5A9
S315080221408C480078002804D08A484078002800D1B4
S315080221500125E06902906A480068E061884E0498A1
S31508022160006831684718012F15DB00F0F0FDC00141
S31508022170381A01280FDBFFF76CFB00F0C3F8049846
S3150802218000683168401800F06BFE002803D0002171
S31508022190049A116011E0C020C0007A4908602068DC
S315080221A0794F072832D005210840052808D0216032
S315080221B00C2000F067FE002802D00299E16196E041
S315080221C0724EFF207A3070620420B062FFF741FB3C
S315080221D002203060E020C00478606A4880218904C1
S315080221E0416002210160012000F04CFE802080003F
S315080221F07062022000F046FE8020C000706208204D
S31508022200B062022000F03EFE0220B062604EE0207C
S315080222104000F06159480078C00705D580200006BD
S315080222205C49086040083060042000F02BFE0190EB
S3150802223000284AD10220386080027064C0017064A6
S3150802224010204D4908600120B0674C4F4748006886
S3150802225040061ED447484069400113D526480078EF
S315080222606946087068460078FFF7B1FE002809D06B
S31508022270214869460978062251434018C0883E49D2
S31508022280086406E001203873FFF7AEFE01900028C5
S315080222901BD10120384908600020C867022000F0D7
S315080222A0F1FD3C4E4020F061C030F0613878C0073D
S315080222B005D5C020000630602F48006CF881022040
S315080222C000F0E0FD8120C0027064002D05D0274889
S315080222D00068800101D4FFF714F9E069E021490397
S315080222E0014002982C4A02400A43E261019805B06D
S315080222F0F0BD0000083F0000583E00005C0102A83D
S31508022300F80302A838B5FFF79FFAFFF7A2FA23489F
S315080223100068C0050AD522480068000B0F210F2263
S315080223200240072A20D001400B291DD00224124858
S3150802233004601C4D0820A862C0016862012000F0F2
S31508022340A1FD200268622C600620A862164868620F
S31508022350E0204000154908600B4804600021144A31
S315080223601160C021C900016031BD0000500002A8F9
S31508022370B04301A8F43E00000C8001A8883E000084
S31508022380DC3F0000981002A8982002A85C1102A857
S31508022390109001A810A001A8FFFFE3FFFC0302A802
S315080223A0B00002A85C2102A8F96100002CA001A8CD
S315080223B05C0102A838B50400FFF74BFA2048C02191
S315080223C0C900204A1268F823DB01134001D1816152
S315080223D001E01D4A11601D49802252001C4B1D68EE
S315080223E0154003D008250560032001E0AC20400013
S315080223F088641868024001D10A20086015488021BD
S31508022400490301608909C16013480068AF21C901FF
S3150802241045182068854200D30500401B206000212C
S315080224202000FFF745FE21684919216032BD802048
S3150802243000010A490860000109490860704700005E
S31508022440641102A8AC8001A87C2102A80C8001A80C
S31508022450FC0302A8981002A8A43F0000441002A890
S31508022460685000A8F1B584B0B34800680190B34833
S315080224708069AF21C9014018B1490978C90708D44A
S315080224800499884205D2081A00F0EAFC002800D00E
S315080224905EE2AC484068C00700D559E20420C74945
S315080224A0C8628003C6498862A548006D0090A5489F
S315080224B0806B8507AD0F2024032D03D01020BF495A
S315080224C0C86224E0200388629E49CA6B224001D072
S315080224D0012067E0009A120610D5CB6B0222134040
S315080224E00CD1B84B05261E60CE6B10273E403243F0
S315080224F01A6000221A608A6B120A1A600422B04B0A
S31508022500DA62C96B002902D5AC49886200250098AF
S3150802251000060BD5AC480078002807D0A748C46245
S31508022520CC4800682040A649C8620EE08548816BFF
S31508022530490704D5806BC000E100084003E07F48E4
S315080225408068C10701D5FFF7DDFA01210098084026
S3150802255008D0C148AA018018006AC004C00C401EEF
S31508022560D04A106000200022CF4B1E68360403D5DD
S315080225709B6F002B00D40122C0218900CB4B5965E1
S3150802258029026F4B1B78DB0701D4002A02D0C0222E
S31508022590920000E00A00C64B1A60C0229200C34DA0
S315080225A0AA6559606749096C942292050A40150082
S315080225B000D00125284300062ED08348007DC0217D
S315080225C00140402902D1FFF7CCF801E0FFF7D6F81F
S315080225D05C4804602D061ED0B64C806B400709D5B0
S315080225E08020C001764988620220206000F0CAFA7B
S315080225F0002807D004207149C862400270498862DF
S31508022600000120604E485021405C000603D5802018
S3150802261000036A4908609BE14A484068C007FAD441
S3150802262020036749C862FEF77DFF9E48406E45490A
S31508022630096C090408D4C00606D5FEF789FF0221EB
S31508022640C44A1160FEF78DFFFEF775FFE0013D49AA
S315080226500860C14CC0252D06A5600001BF49086067
S315080226603848806B4007C10F68460170BC4EA027E8
S315080226700198C00700D4A9E000F092FE0290FEF786
S3150802268081FF3048006C40040DD400BF00BF00BF74
S3150802269000BF00BF00BF00BF00BF00BF00BF802051
S315080226A00006BA490860FEF772FF029800F07CFE3F
S315080226B0EE20C004AB490860802000012062032096
S315080226C03064FE20C003706442200199C90501D412
S315080226D0706000E0206067600820A0490866042050
S315080226E0AB4908601748006CC00236D51348026F1A
S315080226F0110CA84B1204D20B9A5A10292DD303880F
S31508022700E72B2AD395267600B34205D8F31A1B0976
S315080227105A43930A5A4204E09F4E9B191B095A438D
S31508022720920A52B289188369466A72439A18826172
S315080227306F2909D36F210AE0FC0302A88C3F000027
S31508022740883E0000100002A80F2900D20F210802B5
S31508022750084309040143914801608248904981640B
S31508022760A90CA16002217D4A5167A90D8160F02159
S31508022770090141658020400060610A2000F082FB61
S31508022780A560822040026066012000F07BFB0120E2
S31508022790A060062000F076FB80200002A0600820D8
S315080227A000F070FB80200003A0608000A060032078
S315080227B000F068FB8020400249E000BF1C2002A806
S315080227C01C1002A8E40000AAF43E00000198400783
S315080227D044D56448EE21C904016060498222D204C4
S315080227E0CA66802292002262D2018A66A90C816494
S315080227F06C48A0600A2000F045FB0020306401996D
S31508022800C905306000D50820706067605348082102
S315080228100166022141670A2000F034FBA56062487E
S315080228206066012000F02EFB062000F02BFB082034
S31508022830A060062000F026FBE80DA060082000F044
S3150802284021FB6020A060032000F01CFB02205049F7
S31508022850086008E0184001A80C0000AA534A402163
S31508022860002001F015F80020C0431049086000F066
S315080228706EFA964D401DC001A96947188020C0010D
S3150802288093494E6F0640934908600498874214D2CA
S31508022890A969401A00F0E4FA00280DD08E480660AD
S315080228A056E000BF204000A8684101A8B46000A80D
S315080228B0085100A8685000A8049F0198400702D54D
S315080228C08020800000E08548A060012000F0DAFA46
S315080228D08020400021490860380000F0C1FA804C87
S315080228E02078C00703D58C204005FEF729FE6846E6
S315080228F00078002807D1764800687A4988608020DF
S31508022900C003794908607448066016480199490760
S3150802291004D5802189008164214903E0022181646A
S31508022920C021890181646846007800280AD00120FE
S3150802293000F0A8FA5020205C000603D58020000388
S315080229408F490860A848006CC00201D5E86EA861E4
S3150802295005B0F0BDD4E40350641102A8B81002A869
S31508022960600102A8242102A880B5FEF7F1FD984964
S3150802297000220A600A22CA61FEF7F3FD9548C021C1
S31508022980890201609949416001BD0000045009505D
S31508022990C82102A8C0000000D6FEFFFFDC4001A83D
S315080229A004040000040440000204000011070000A9
S315080229B08D48806B800300D47047F8B58C48006850
S315080229C000900024002001260099314002D0C02040
S315080229D0800103E00099490700D586488649022204
S315080229E00A60086408278548076085480068C004A5
S315080229F003D4844800683840FBD0834D374868655D
S31508022A00042000F03FFA8820C00468650098064052
S31508022A1024D0A02080036865012000F033FA7B48A1
S31508022A20686500F0BDFC0600FEF7ACFD6E48006C5A
S31508022A3040040DD400BF00BF00BF00BF00BF00BFE7
S31508022A4000BF00BF00BF00BF8020000670490860B3
S31508022A50FEF79DFD300000F0A7FC08E060206865DF
S31508022A607803A860012000F00DFA6A4868656A4E84
S31508022A700098C005346001D5776000E07460C02014
S31508022A8000066865C00C65490860012000F0FAF97D
S31508022A90F0200001E86662480099C90502D50321BB
S31508022AA0016000E00460862040025E4908605E48D4
S31508022AB068652F60A020286534647464B8024A49A0
S31508022AC00860000159490860F1BD00008C3F00000A
S31508022AD020C001A894E001A894D001A802400000F1
S31508022AE0883E0000F43E00001C1002A8F8B55048C3
S31508022AF000680D2707400424002F00D10427FC2074
S31508022B0080011025660308214A4A4B4B1B6823405D
S31508022B10126816D04260394004D00220FEF742FC01
S31508022B20464806603C4009D0FE20800100680543FD
S31508022B30FE2080010560B00840490860022040492D
S31508022B4016E00260394005D00220FEF72BFCA002EF
S31508022B503A4908603C4007D0FE20800101680D43CF
S31508022B6005607009354908603548066030032F4903
S31508022B700860FFF71DFF00210020FEF79AFBF1BD52
S31508022B801C2002A810B580202E490A6802400AD0E5
S31508022B902D4B1A680624144005D15C6E2B4A224036
S31508022BA01B6D9C0101D5002010BD096808400DD097
S31508022BB02748824203D1180501D5012010BD2548B0
S31508022BC00068C107C90F481E8041C00F10BD00002A
S31508022BD0D80000AA442002A81F4803210164A8219C
S31508022BE0C163102101607047100002A8040000802A
S31508022BF0FC0302A8040400002C1102A8106001A814
S31508022C00D84001A8104001A8182102A80180000096
S31508022C100460095089050000600102A8B06101A894
S31508022C20548001A8C82102A804340000482002A83A
S31508022C30B44000A81CC101A8480002A8441002A872
S31508022C40685000A8440002A814C001A81F1F00006B
S31508022C50010C000030C101A8082002A86C480068CF
S31508022C600121084209D16B4A12686B4B000C1840C5
S31508022C70F03291400B40984201D002207047002062
S31508022C807047F8B507000F386A461080604CE0684E
S31508022C900A0004D16B461B8882B29A423AD20022B3
S31508022CA06B461A80012502263A0013D02268324062
S31508022CB007D000292ED059480088401C5749088059
S31508022CC000203900216156490E6080B2B84201D30C
S31508022CD069460D805348456000E030BF20683040A1
S31508022CE003D1FFF7BBFF0028F7D04D4845603900EE
S31508022CF010D02168314005D048490A886B461B889E
S31508022D00D2180A80066000202061E068B84201D223
S31508022D1044480660FFF7A2FFF2BD38B5050000F089
S31508022D203FFB0400012199204543A8093E4A12683F
S31508022D308018123880B2FFF7A4FF05008020C00170
S31508022D403A490860200000F02FFB280032BD3348BC
S31508022D5003883549096802889342F9D1100408188C
S31508022D607047FEB51238070C6946088000F018FB52
S31508022D700190274C294D2888B8421ADA01202C4995
S31508022D800860274E30BF02202168014006D0306015
S31508022D904003264908602888401C2880FFF75EFF02
S31508022DA0002802D12988B942ECDB0121716000288A
S31508022DB00DD12888B8420AD1E0686946098888424E
S31508022DC005D2002168460088FFF75BFF01E0FFF79E
S31508022DD045FF04008020C00114490860019800F0EC
S31508022DE0E3FA2000FEBD10B512490A680E4B1B68AD
S31508022DF00C689442FAD0DB014033141A02D288696D
S31508022E002418641C0C4800684443181B10BD0000B3
S31508022E10280002A804ED00E0FF3F0000683E00001B
S31508022E20282002A8281002A8340002A880E200E09E
S31508022E302C1002A820C001A8B43F0000F0B502E099
S31508022E400A601C602E607EC84F1C07D05F1C04D027
S31508022E506F1CF5D10A601C60F0BD0A60F0BD000067
S31508022E6010B5C409FFF773FF201A312806DAC00025
S31508022E70183801D4C01EFDD5002010BD2000FFF76A
S31508022E8070FF10BDC32148436F3801D41E38FDD5E3
S31508022E900020704780B5FEF785FA01208A49086046
S31508022EA001BD38B589490C68082589490D60FFF7BF
S31508022EB0F1FF2C4001D08748056031BD80B5EB2073
S31508022EC000F001F801BD30B583490B68184010229D
S31508022ED0134210D0814B824C2468224008D0B04A53
S31508022EE014682402FF252D0225401D630024146060
S31508022EF0802252031A60086030BDF3B5010016003D
S31508022F001C0000250095A748019A330000270BE00C
S31508022F10BC464F5D4743AE009E597E40575D4743C8
S31508022F203740664637436D1CA542F1D33909394302
S31508022F308A080A43510811430840C10901430F2070
S31508022F408A0B0A4302405040F6BDF1B582B00E0024
S31508022F50002093490860944DEF7AA87A01900F21D0
S31508022F60394000910ED00B46904A91490298FFF7D4
S31508022F70C4FF019901408A4801608E4841438E4840
S31508022F80084001D1012400E04401380915D0320075
S31508022F903B0929000298009E6D7A75194019FFF7B8
S31508022FA0ACFF0199091101407D4802680B011343E0
S31508022FB00360002901D04800444380480068204045
S31508022FC001D10420FEBD0020FEBD80B50A00002105
S31508022FD011807B4952888018FFF7B7FF02BDF0B50A
S31508022FE00F22784B5C7905780F202040C5402009CE
S31508022FF0284001259C79C4402C4001D10320F0BD0C
S31508023000374C2468254008D06F4D9E684700F65B0A
S31508023010761E2E608026B601EE60DD78DE79C64021
S31508023020F00711D5E0060FD5002D0DD06748486088
S315080230300888488008881C7800192A4080185A7817
S3150802304080182A09801800E0002008800020F0BDB8
S3150802305010B55F4801685F4A0820014200D09061B6
S31508023060C90602D58C21090111605B495B4A5C4B92
S315080230701B681B040CD54B685C0402D5C30313609A
S3150802308006E0C024A4011C4043029C4200D0106002
S315080230900B68034005D0534B1B689B0F9B0700D058
S315080230A010600F480078C023034002D180204005F3
S315080230B0106008682021084010604B480068C0016B
S315080230C001D4FFF7FBFE10BD2C4000A84C4000A817
S315080230D04C6000A84C5000A8883F00001C1002A8AB
S315080230E0D83E0000F8B5414F38687E680640404829
S315080230F03040404908608024A4033F4DF00227D59A
S315080231003E48016801200A0605D53D490968A960B5
S315080231102870022014E0014202D03A49A9600FE061
S315080231200020C9060CD52949A960374A91780B07A8
S315080231301B0F12789A1809095118A980E880A888DD
S31508023140A880A888002801D0264301E0FFF7B6FE2A
S31508023150264023D0274E74603460A88800280BD0F6
S31508023160396A814208D3291D2848AA68904701006E
S31508023170F3D0FFF78FFEF1BD01000CD0FC218902C6
S31508023180F16123490203CA6134604C603A6A824299
S3150802319004D30C60F1BDEB20FFF795FEF1BD0000EC
S315080231A0483E000001010101583F0000103F00009F
S315080231B0503F000011110000218400000C3F00005E
S315080231C0303F0000603F0000204000A8B722000000
S315080231D0F84F0000502102A8184001A8481002A87A
S315080231E0684101A84C4201A8D04000A8B44000A8F2
S315080231F0FFFFDFFFB46000A84C3E0000D83E000087
S31508023200D83C0000CB220000613F0000D84000A84D
S31508023210B45000A870B505000C0000F0C1F806000D
S31508023220FEF7B0F920020543064805600220064962
S315080232300860FEF7ACF9300000F0B6F80120034941
S31508023240087070BD04800950409009506C3E000019
S31508023250FEB5C020C004334908603348334948657F
S315080232603348886533484024046044601020FFF7D9
S3150802327009FE002854D1FF2000052F4908602F486F
S315080232802F4908602F4829490860A5032A4805607E
S315080232902D4807680820FFF7F5FD002840D10826C3
S315080232A02A4806600120FFF7EDFD2748806801904D
S315080232B02748066027481D4908601F4805600820F8
S315080232C0FFF7E0FD00282BD1204806600120FFF712
S315080232D0D9FD1D48806800901D480660134D1E489A
S315080232E028600199009800F03FF88606B60E019804
S315080232F0C10B0098C00B00F037F80002FC218901C7
S315080233000140314329601048076060030A49086092
S31508023310124804604460124901641249416400205B
S31508023320FEBD000020E000A8571400004C0102A8C8
S31508023330FF3FFF3F601102A8B42002A80000380E22
S31508023340B41002A830300000104101A8105101A89B
S31508023350106101A81010000020200000602102A8B8
S31508023360F703F000FF3F000010B54904CA104004F5
S31508023370C310991A00209A18D30F9A185210521885
S315080233808B115B0E5B18DB11D2182023541A01D459
S3150802339022001843CC0F611849105B08F6D110BDFC
S315080233A0EFF3108072B67047002800D162B67047F4
S315080233B010B5C20018231340FF249C40E243890734
S315080233C0090E9940030004D473489B089B00C01851
S315080233D006E0724B0007000F0838800880001818AC
S315080233E003681A401143016010BD80B57422542146
S315080233F0002000F04DFA01BD10B5FFF7D1FF68496C
S3150802340001220A60674B684C2360684C23600323D9
S31508023410674C2360674C2360674B1A60674B1A60D8
S31508023420674B80241C601A60664A1A6011228A63F6
S31508023430FFF7BAFF3F206449096801400A1D402A7E
S3150802344000D2081D614A1070A448017010BD80B5EB
S3150802345001001120FFF7ACFF01BDFFF7A1FF050030
S315080234600024012160B2FFF7A3FF641C0E2CF8D3D7
S3150802347001210F20FFF79CFF01211320FFF798FF78
S3150802348001211720FFF794FF03210120C043FFF70C
S315080234908FFF01211E20FFF78BFF4D484D4908601B
S315080234A002204D49086001209B49086047044B4C9D
S315080234B020693840FCD02068800101D4FEF711F853
S315080234C02800FFF771FF46480068000311D49722C7
S315080234D052005321002000F0DBF90AE000281CD034
S315080234E0FEF736F819E020693840FCD02800FFF7C5
S315080234F05BFF206E0004000F022801D1FEF7A0FC34
S31508023500FFF74EFF0500764EFEF732F80028707870
S31508023510E4D0002801D1FEF724F801202E4932789A
S31508023520002A05D16F4A1268920600D4086030BF95
S315080235300022327002220A6077490860D3E7774888
S31508023540016842680A4076481040174908608007B1
S3150802355000D4704710B57C480188491C01807B4C11
S315080235602078000617D57A490A680F20120B0240FE
S31508023570032A10D1774A12685207520F032A0AD829
S315080235800968090B0840032805D10D20FFF789FCB5
S31508023590E08A401CE08210BD00E400E01CED00E079
S315080235A0040002A80000FF3F282002A82C1002A847
S315080235B040E002A844C002A804C001A8044001A829
S315080235C0145001A8200060062C8001A86A3E00005B
S315080235D0FFFF9B4000E100E0602002A8500002A81D
S315080235E0F80702A8F8B55C4C20686568054091485A
S315080235F005605A48284007D0FDF7CDFF002803D0BA
S315080236002800574909688847012102228A48007812
S31508023610C00701D5022300E001232B408748002B6F
S3150802362010D0874B1A60874A12680A4007D1026887
S31508023630F0231B051340902212059342F3D0090288
S31508023640814A116080210D4220D0A26AF823DB014B
S3150802365013401BD0C0221201934217D880231B069F
S315080236608A4E3360A76AF826F6013E40384F3F680D
S315080236703F043F0F022F01D0032F03D1002E01D0A2
S315080236809642EFD3914A13606A4A116090490978C3
S3150802369006290DDACC20800128401DD0FFF780FECE
S315080236A004002800FDF734FC2000FFF77DFEF1BD7B
S315080236B0806B800510D58748284005D0FEF792FA18
S315080236C02800FDF725FCF1BDA80205D5802040019A
S315080236D05849086080490860F1BD00006B3E000049
S315080236E06D3E0000F40302A810B57C4801684468E0
S315080236F00C407B48046080210C4205D04160794821
S3150802370001600020FDF704FC600403D58020400513
S315080237107549086010BD0000601002A8280002A8BA
S31508023720FFFF00C038B57148016844680C40E007DD
S3150802373007D5FFF735FE0500FDF784FC2800FFF7DD
S3150802374033FE6B48046031BD683E0000D83E000077
S31508023750B00002A8184001A8104001A802000600FD
S31508023760DC3C0000FEB5634C206C676C0740012503
S315080237702F4216D02E066048066020685F490D6003
S31508023780002802D00021FDF737FE5D480068A02117
S31508023790C90188428041C043C00F5A4948705A48F5
S315080237A00660FDF7D5FE0190022007403ED061680B
S315080237B0CEB20F0A55490822494B4403012E24D09A
S315080237C0022E31D1012F22D1514EF6780096504E53
S315080237D037780126BE404F4F3E604D4E3678760505
S315080237E090277F04F71903263E434B4F3E601C6021
S315080237F04A4B1C600B68009C1B194B6544490978A7
S315080238008D4047490D6047490DE00090DFE7002FDC
S315080238100AD1454E356000254D655C601C60C104C1
S31508023820424B196042490A60344908600198FDF71B
S3150802383098FEF7BD106001A8883E00000C0002A899
S315080238406C1102A8B44000A8B82002A870B5FDF70A
S315080238507FFE0400FFF7A4FD2F490A68D2070FD599
S315080238602A4A566D1368334D2E60CE686E604968D3
S31508023870E9818021C904204E3160297B5918516596
S31508023880FFF792FD2000FDF76CFE70BDE06101A80E
S31508023890002800D0704770B50C00FDF759FE0500E8
S315080238A0FFF77EFD0600FDF76DFE23480460012141
S315080238B0224A1160026C0A40FCD1FDF768FE30000C
S315080238C0FFF772FD2800FDF74CFE70BDE05101A816
S315080238D0383E000000104006145001A890C001A806
S315080238E090E001A80CC001A804ED00E0C0C000A841
S315080238F0C0E000A800C002A8441002A840E002A83E
S31508023900404000A86D3E0000442002A818800A50D4
S31508023910813E000068A00A5060C101A894D001A89F
S3150802392068900A50F42302A860E101A880E200E048
S31508023930F41302A8783E000000800950409009500E
S3150802394080B5FDF728FE002801D000F0B3FE01BDC0
S3150802395080B5FDF75FFEC348006800030AD4FEF788
S3150802396009F9FFF725F8FEF77FF80120FEF7FCFFB5
S31508023970FEF7C8FC80208005FDF7E2FD01BD80B593
S31508023980FDF748FE80204002FDF7DAFD01BDFEB5CF
S3150802399005208D4908608D4806680124264201D112
S315080239A0FDF752FFFDF736FE9C49086800909C48D1
S315080239B049680160B105CA0F69460A71002526429F
S315080239C010D0009597494968016096480268964959
S315080239D00B68981A9A4202D38B69C018401CA24BEC
S315080239E09842F5D3A148056068460079002804D0B4
S315080239F031000098FDF768FB009000279B48006895
S31508023A00204003D16846FDF74CFF0700FDF799FFF2
S31508023A10002840D08348407C00283CD19449814DF7
S31508023A20EE680A6933689A4200D00120914A9446A0
S31508023A30914A1378062253436246D35AB446020081
S31508023A40182672436646B2185360009A0192EA68CB
S31508023A500123434018204343D61830680861B068EA
S31508023A600860A248F1680160316901627069A0497B
S31508023A70086001A8FDF715FF002806D17D497E4A90
S31508023A80127806235A43895A7160390007000F4390
S31508023A9001D16C7401E0002F02D10098FDF76FFF87
S31508023AA09E48046002209E490860C820C004BC499A
S31508023AB008606004FDF744FDF7BDF8B5994C80250A
S31508023AC0EF02FDF73EFF002808D097480078002845
S31508023AD004D13800FDF734FD2560F1BD206CC00520
S31508023AE006D580200006206000BF00BF400820607F
S31508023AF0FEF720F8FDF78EFDFDF782F90600A948C4
S31508023B00A9490860FFF71CFF3800FDF719FD002ECA
S31508023B1000D025600120A5490870F1BDF8B501203D
S31508023B20FFF795FCA24CA34800682060FDF772FDDA
S31508023B307820205C0521014002D0FDF712FE01E043
S31508023B40FDF71CFE774D0227A06F384001D00120F1
S31508023B5028601020C043984908600026EE639748FB
S31508023B600660FDF718FD002802D000F0F0FD00E01F
S31508023B706663FDF7D7FC92480068296C090407D4E6
S31508023B80000705D5FDF7E4FC8E490F60FDF7E9FC51
S31508023B90FDF7D1FCFFF75CFAB804FDF7D1FC00206B
S31508023BA0FFF755FCF1BD80B5FDF734FD2D480068D9
S31508023BB0000303D4FDF758FFFEF7A4FB8020400359
S31508023BC0FDF7BEFC01BD00005C1102A8440002A874
S31508023BD038B5FDF71FFD534C2025FEF7D3FF002805
S31508023BE006D0606B000704D5FEF7F6FFFEF71FFC4A
S31508023BF02560FDF739FFFEF785FB734800780C212F
S31508023C000140042902D1FDF7ACFD01E0FDF7B6FD3E
S31508023C106804FDF795FC4020206031BDB83F0000DE
S31508023C20443E0000E43E000020C001A81CB5052061
S31508023C3066490860FDF7EEFCFEF7CEFF64480068A9
S31508023C4000906846FEF7B6FB0400FFF779FE002CE3
S31508023C5002D10098FEF706FC80204004FDF770FCAE
S31508023C6013BD00000C0002A801FF0000403E000040
S31508023C70348001A85E3E0000583E0000F8B5FDF704
S31508023C80C9FC544CA56A5020284002D0FDF769FDAC
S31508023C9001E0FDF773FD234FFEF774FF00281BD1E1
S31508023CA0B86B40071DD4786BE0214901014018D151
S31508023CB0A80611D4FDF736FCA56A474E354207D049
S31508023CC0FF20C0432D18A56280200005A949086077
S31508023CD0FDF731FC2E4002D00120386001E00020B9
S31508023CE0206080208004FDF72BFCF1BD1C4101A851
S31508023CF0284000A880B5FDF78DFC9F480068C005DE
S31508023D0001D5FDF7B1FE0120FEF72EFEFEF7FAFAFF
S31508023D108020C004FDF714FC01BD0000442002A85F
S31508023D20305201A8100002A8F53E000010B5264838
S31508023D300468FDF76FFC9149096809032AD403212F
S31508023D40C00601D5214001E0A0080140012902D19F
S31508023D50FDF707FD0BE0200107D50E20FFF79AF8BD
S31508023D6087480421016008210160FDF707FDFDF778
S31508023D7080FD844C206984490860FFF7E1FD2068CC
S31508023D80002807D04000122802D2FFF77BF801E08C
S31508023D90FEF7C3FF80208003FDF7D2FB10BD0000AB
S31508023DA0106001A870012000B46000A86D3E0000F2
S31508023DB0903E000008C000A8482002A8483E00001D
S31508023DC0844000A8D4E40350083F00005C1102A80E
S31508023DD0CC3F0000E03E000000FFFF00FEB50024D5
S31508023DE06A490C730120694608700294FDF712FCB1
S31508023DF00600624F3868000300D5B5E003209F49E4
S31508023E0008649F480268FF2080019E4910255F4B7F
S31508023E101B78DB0720D51207120F022A03D09A4A0B
S31508023E2012682A4004D1594A5268584B5B7801E015
S31508023E308A680B688E6A096A0091911B142251439B
S31508023E40DBB2C918009A891A09014068081801D50F
S31508023E50019453E0019051E013071B0F032B03D083
S31508023E601204120F062A3AD18968426802923A6CFB
S31508023E70920701D5806802900800FEF7B4FF0299FE
S31508023E80401801D5019400E00190B86B0107C80FEC
S31508023E9003213F4A12680A40022A1AD12E4018D034
S31508023EA03A4A126DD30512D5FE6B984B1E409E42B6
S31508023EB002D172490D640CE092050AD43A6C2823A1
S31508023EC0134006D16B461C702A4A116001E06A4605
S31508023ED01470029068460678002E03D10FE0006837
S31508023EE001900126FEF74EFE002808D0FEF774FE62
S31508023EF00298002802D0FEF79AFA00E0002602206D
S31508023F005E490860002E10D0214800780C21014035
S31508023F10042902D0F86B054002D0FDF722FC01E025
S31508023F20FDF72CFC202078601EE018480078C007B0
S31508023F3005D555480068054001D1FDF723FCFDF774
S31508023F4093FD802000060B4908600020C043704993
S31508023F50086001A8FEF72EFA0400FFF7F1FC002C10
S31508023F6002D10198FEF77EFA80200004FDF7E8FAEE
S31508023F70F7BD0000481002A8680102A80C0002A8B2
S31508023F8080E200E0AC3F0000443E0000883E0000AC
S31508023F90083F0000FEB500245E490C730094FDF745
S31508023FA039FBFFF7CDFC5C4DE86E5C4E0007000F4F
S31508023FB007280BD16868002808D40020FEF7D4FC2D
S31508023FC0306857490860FDF7D0FC52E001201027F7
S31508023FD0696849070DD453490968014009D00102A5
S31508023FE04C4A126D0A4208D0520502D42A68114078
S31508023FF001D1009001E04C48076046480078C007A6
S3150802400005D521480068384001D0FDF7BBFB474873
S3150802401001680320009A002A01D0890900E00909EB
S31508024020084001900020FEF79FFC0198002805D160
S315080240306868074002D1FDF7A1FB01E0FDF791FB95
S3150802404000200099002903D139480068FEF7CBFE03
S315080240507169401801D5009400E000906846FDF7A2
S3150802406020FC002805D10098FDF789FCB0692C4987
S31508024070086080200005FDF763FAF7BD082002A84C
S31508024080B00002A804C101A8B04301A8F8B5FDF71B
S31508024090C1FA002400252748466B80277F0530068B
S315080240A006D5300709D5FEF797FDFEF7C0F929E0D0
S315080240B001251C480068284019D00020FEF754FC48
S315080240C00220064002D01C490C60C8611B480468DD
S315080240D0002D03D02000FDF783F80400FEF77CFDCF
S315080240E02000FEF7BFF93800FDF72AFAF1BD0F489E
S315080240F00078C0210140402902D1FDF732FB01E0D8
S31508024100FDF73CFB20200B490860ECE71000001085
S31508024110B46000A8883E0000440002A8BC3F000024
S31508024120443E0000B44000A8481002A8083F000018
S315080241301CC101A8100002A8180000AAD83F000056
S31508024140FFF75AF9024803494860FFF786F900BFA4
S31508024150472700000000000080B5EFF305800B2812
S3150802416001D23A2100E02921922252000020FFF7CB
S315080241708FFBFEE702030303030404040405050098
S315080241800000000101010102020202030303030304
S3150802419004040404040000000101010107070808D9
S315080241A003030305040404050505060606070707AF
S315080241B008030202040404030405050606060607A4
S315080241C007070202020303030304040404050505A0
S315080241D00505060606060102020202030303030395
S315080241E00404040404050505050606060C0C0C0C55
S315080241F00B0B0B0B0B0B0B0B0B0B0B0B0B0B0B0BFF
S315080242000B0B0C0C0C0C0C0C0C0C0C0C0B0B0B0BE4
S315080242100B0B0B0B03040404040505050506060629
S315080242200606070202020203030303040404040443
S315080242300505050505060606020202020707030426
S315080242400607040403030303040506030305060716
S315080242500804050604030404030304050606030406
S3150802426005060708C7BFBEBEBEB5B5B4B4ABABDC60
S31508024270DCDBDBD2D2D1D1C8C8C8C7BFBEBEBEBD81
S31508024280B5B5B4B4B4DCDBDBD2D2D2D11B1B16165D
S315080242902E2D2D2A29292925242420201F1B1B1BC4
S315080242A0162E2D2D2A2A29292524242020201F1BB3
S315080242B01B1B2D2DBEB5B5B4B4ABABABAAA2A1A13F
S315080242C0A1A099999898C7BFBEBEBDB5B5B4B4B4F6
S315080242D0ABABABAAAAA2A1A1A19999990000000029
S315080242E00303030303020202020202020303020297
S315080242F00202010101010101000000000303030398
S3150802430003020202D0C7C6C6C6BDBDBCBCB3B3B2A1
S31508024310B2B2A9DBDBDADAD1D1D0D0C7C7C6C6C6F4
S31508024320BDBDBCBCBCB3B3B2DBDBDADA1F1F2D2BB7
S31508024330221E2E2E323232312D2624303028231FC9
S315080243401B2B26222E322E2E31312D282424302CB8
S3090802435027231E1AD7
S30D080243541C3AFE7F010000007D
S3110802435C68430208603E0020580000007A
S31508024368B5000000C0EA2101C01753022800000060
S315080243780000000000000000000000000000000025
S315080243880900000001000000030505B54001800088
S3150802439800000000000001B50000800000000000CF
S315080243A80040170800A00000441C0020C8000000AE
S315080243B8FE00000000000000E0010208FFFFFFFF00
S315080243C8FFFFFFFFFFFFFFFFFFFFFFFFFFFFFFFFE5
S315080243D8FFFFFFFFFFFFFFFFFFFFFFFFFFFFFFFFD5
S315080243E8FFFFFFFFFC010208D4FE64000A00290049
S315080243F8BBA601080000000003000000A038002040
S31508024408043F002000000000A038002008390020D8
S3150802441870390020000000000000000000000000BB
S315080244280000000000000000000000000000000074
S315080244380000000000000000000000000000000064
S315080244480000000000000000000000000000000054
S31508024458FFFFFFFF0000000000000000FFFF00004A
S315080244686003020811AE0108FFFFFFFF33B2010815
S315080244782FB20108FFFFFFFFFFFFFFFFFFFFFFFF46
S3150802448843B2010865B70108FFFFFFFFC7B801086D
S31508024498FFFFFFFFFFFFFFFFFFFFFFFFFFFFFFFF14
S315080244A8D326000004F8FFFF0C0000000000FF0CEA
S315080244B801FF0F00F1ED00084D7D0008257D000873
S70508009961F8
