S02200006275696C642F64656275672F7263702D756172742D3830323135342E733337CE
S31508006000C80A002049290108A9DB0108ADDB0108F7
S31508006010E1610008B1DB0108B9DB0108F51B0108DD
S31508006020F51B0108F51B0108F51B0108F51B0108FE
S31508006030BDDB0108A88F0208F51B0108F51B01083E
S3150800604099CE0008F51B0108F51B0108F51B010888
S31508006050F51B0108F51B0108F51B0108F51B0108CE
S31508006060F51B0108F51B0108BD640108F51B0108AD
S31508006070F51B0108F51B0108F51B0108F51B0108AE
S31508006080F51B0108F51B0108F51B0108F51B01089E
S31508006090F51B0108951C0108F51B0108F51B0108ED
S315080060A0F51B0108711C01084D1C0108F51B0108A8
S315080060B0F51B0108E1480208D15102088573020858
S315080060C081730208454902089B730208897302080E
S315080060D0A15102088D73020811520208795202086A
S315080060E0F51B0108F51B0108F51B0108F51B01083E
S315080060F0F51B0108F51B0108F51B0108F51B01082E
S31508006100F51B0108F51B0108F51B0108F51B01081D
S31508006110F51B0108F51B0108F51B0108F51B01080D
S31508006120F51B0108F51B0108F51B0108F51B0108FD
S31508006130F51B0108F51B0108F51B0108F51B0108ED
S31508006140F51B0108F51B0108F51B0108E97F020884
S3150800615025350208F51B0108657302086B730208EA
S31508006160F51B0108F51B0108F51B0108F51B0108BD
S31508006180F0B5114A114C124E00F00105E3695F079C
S3150800619013D40DB9334213D103EA00078F4207D14E
S315080061A00B4A1A40002A0CBF00206FF00100F0BD10
S315080061B0013AEBD16FF00200F9E74FF0FF30F6E74E
S315080061C06FF00100F3E700BF8096980000000350C7
S315080061D002000100000000000000000000000000AE
S315080061E0BFF34F8F0549064BCA6802F4E0621343B2
S315080061F0CB60BFF34F8F00BFFDE700BF00ED00E0A7
S315080062000400FA05C388B1EB431F3FBF03684A0978
S3150800621053F8220001F01F013ABFC84000F0010000
S315080062200020704710B5C38823B9CA885AB9ABB1DC
S31508006230012017E0026802EB830252F8042C002AB8
S31508006240F3D1013BF0E70C6804EB820454F8044CE4
S315080062500CB9013AEAE79342EAD80FD3013B5A1C34
S3150800626001D1002010BD026852F823400A6852F88E
S3150800627023209442DCD803F1FF33F0D24FF0FF30ED
S31508006280F0E730B5C38823B9CA885AB9002B3DD17F
S3150800629036E0026802EB830252F8042C002AF3D196
S315080062A0013BF0E70C6804EB820555F8045C4DBB2E
S315080062B0013AEAE7B1F9045003D2B1F904004042C1
S315080062C026E0B0F90420002A03DD002D0CDA0120AF
S315080062D01EE0002D08DD3AB14FF0FF3018E003F15B
S315080062E0FF330BD2504213E0013B016851F82350AB
S315080062F054F823108D42F2D9104609E0591CF4D1FE
S31508006300002005E0002BD8D09342D3D9B0F9040079
S3150800631030BD0022144BB3F90010884202D1B3F9FC
S31508006320020070470132042A03F10403F3D110F185
S31508006330860F13D010F1850F0BDA20F00203933382
S315080063400FD010F1970F0CBF6FF06D004FF0FF30B4
S315080063507047003818BF0120404270476FF071003F
S3150800636070476FF06F007047589102088A422FD025
S3150800637001F0FE43B3F1A06F15D102F0FE43B3F16D
S31508006380A06F27D182EA010333F47E1322D111F4D8
S31508006390004020D0C1F30541C2F3054291428CBFAB
S315080063A0002001207047B3F1106F13D121F01F6050
S315080063B020F4702070B902F0FE43B3F1106F0AD1D1
S315080063C00548104040F01060431A5842584170473B
S315080063D001207047002070470000FFF6037E022B5D
S315080063E006D1C3695A1C03D00133C3610020704724
S315080063F06FF09600704700F01F03A0F50620A0F581
S31508006400506081280DD801229A40074B400903EBBA
S315080064108003596811435960996921EA0201996113
S3150800642070474FF0FF307047E013002000F01F035D
S31508006430A0F50620A0F55060812810B518D80121CE
S315080064400D4A400902EB80049940A3690B43A361F6
S31508006450D2E901130B44D1680B4411690B44516905
S315080064605B1804D1C2E90633C2E90833936210BD4A
S315080064704FF0FF30FBE700BFE013002010B5084CD3
S31508006480204620F013FA20B994E80700054B83E864
S315080064900700BDE8104001214FF0FF3020F008BA90
S315080064A0689102080C1400200022C188914201D884
S315080064B000207047036853F8223033B193FAA3F0EB
S315080064C0B0FA80F000EB421070470132EEE7F0B503
S315080064D0C4880546082C8BB017D9083C082C17D851
S315080064E00668A70020363A46314602A81FF08EFFF6
S315080064F03A46002130461FF06AFD262300930921FB
S315080065002346286802AA15F0D9F800200BB0F0BD7A
S315080065100048FBE780B0FFFF2DE9F04FA7B0CDE9B3
S31508006520022183461D4604460822319E2BFA02F3B1
S3150800653083EA0B039F0702F1080218BF9B00202A73
S315080065401C44F3D18123B4FBF3F303EBC313E41A1E
S315080065508D4B04F5062493F8383004F55064002B67
S315080065603CD10FF0E9F80746002876D101464022CB
S3150800657006A81FF02CFD4022394616A81FF027FD55
S31508006580DFF82082814BC24608F11008434528BF30
S315080065904346002703F1FF3910225346CDE90097F9
S315080065A07B4806A90EF06AF8034606AA9F4241D11F
S315080065B001231022CDE900937548534616A90EF01B
S315080065C05DF84FF0000A814616AFCA454AD1714BAD
S315080065D09845D7D101226C4B83F838204FF08109B2
S315080065E00027A4F506236848A3F55062520900EB74
S315080065F08202506804F01F01C840C00749D4926956
S31508006600CA40D20737D58122A3F6FF43B3FBF2F27D
S3150800661002EBC2129B1A002F08BF274603F5062471
S31508006620B9F1010904F55064DBD1029B2BB327B3FA
S315080066303C462AE052F8040B05930492FFF7DBFE6A
S31508006640DDE9042301300BD100224F4B83F83820B3
S315080066504D4B93F83830002BC0D16FF091000EE007
S315080066600137A3E757F8040BFFF7E0FE0130EFD038
S315080066700AF1010AA9E7029B23B96FF08B0027B03C
S31508006680BDE8F08F002F18BF3C46329B00201C60E7
S31508006690F5E7309B13B10023309A13600EB100233F
S315080066A033604FF0100ADFF8E88000232A462146B7
S315080066B04046CDF800A00EF0F5F858B1364B984292
S315080066C001D0632853D1214631480EF0A1FE002897
S315080066D034D0D2E7309A314B6AB3C2F800A02A68A0
S315080066E09A42F0D156B3306098F83430002BB4D0C3
S315080066F0DFF8B4A0012140460DF05BFD5246214665
S31508006700404616AB0EF029F860BB9DF85830032BAF
S3150800671028D0022B0CBF0423DAF810303360D8F8DF
S315080067203C0015F0E0FA309A33681268934294D325
S315080067309B1A336002E02A689A42C4D1D5E902233B
S3150800674003998B4208BF5A4515D08123A4F5062420
S31508006750A4F6FF44B4FBF3F303EBC313E41A04F5FE
S3150800676006245DE70A4BD86B15F0BDFA75E70C4BA6
S315080067709842E3D071E7029B002B86D06B68012B09
S3150800678083D16FF084007AE7E0130020816D08005A
S31508006790A80E0020906D0800FFDF00F0105D175E60
S315080067A0FEDF00F0006D0800542E002070B58CB096
S315080067B006460D4614460021102208A81FF007FCBD
S315080067C0002205AB029307AB019306AB0093304654
S315080067D0294608ABCDE90622FFF79EFE18B9099BA4
S315080067E06360079B23600CB070BD30B58DB00C4656
S315080067F005461022002108A81FF0E9FB002205AB78
S31508006800029307AB019306AB21460093284608ABD3
S31508006810CDE90622FFF780FE044600BB099B012B43
S3150800682020D0059D124829460EF0F2FDE8B9A5F5D7
S315080068300623A3F55063812B05F01F000DD801210F
S315080068400C4A5B0902EB83035A6881404A40284692
S315080068505A60FFF7EBFD013001D16FF08604204640
S315080068600DB030BD6FF08404F9E76FF09104F6E7D8
S31508006870A80E0020E01300202DE9F74F002800F0AD
S31508006880EE8079490B689842C0F0EB804A68134459
S31508006890984280F0E680D1E9054CEFF3118B30235E
S315080068A083F3118810F8083C30F8067CDB07A0F162
S315080068B0080500D53FB98BF31188BFF36F8F012008
S315080068C003B0BDE8F08F8E68D1F81090A6EBC70329
S315080068D08B60009309F101030B6130F8048C7A1C74
S315080068E0B8F1000F40D0A5EBC803DE8810F808EC15
S315080068F001961E78B3F802A0F6070EF0020E26D40B
S31508006900BEF1000F26D1019EA6EB0A0EBEF1010FBD
S315080069102AD1009E0237083E07EB0A02C1F81090FA
S315080069208E6030F802ECBEF1000F1FD110F8085C3B
S3150800693020F806EC6EF3000500F8085C013A5A8068
S315080069401A786EF300021A700022DA8043E0BEF16C
S31508006950000F09D010F8086C42446FF3410600F89E
S31508006960086C00269E80DCE72B46DAE705EBCE08A6
S31508006970D1E900673744B8450ED310F8085C013AE8
S315080069806FF3000500F8085C002520F8065C5A80BD
S315080069901A7865F30002D6E715F83E50464615F014
S315080069A0010530F8067C30D010F8085C013A6FF320
S315080069B0000500F8085C002592B220F8065C5A80AB
S315080069C01A7865F300021A70C3F107023244C2F35B
S315080069D0CF02DA80B280002C3FD09C423DD8628834
S315080069E0002A08BF1C46BCF1000F06D09C4504D3FC
S315080069F0BCF80220002A18BF6346C1E905438BF399
S31508006A001188BFF36F8F00205AE7AEEB070EBEF171
S31508006A10010FC9D1B8F80270A8F802501744B8F89F
S31508006A200620C2B108EBC20600250A69013A0A61C6
S31508006A308A68083A8A6010F8082C20F8065C6FF312
S31508006A40000200F8082C1A785F8065F300021A70B5
S31508006A50002EB9D178E71646E6E71C46C3E722209A
S31508006A602EE700235B69FFDEA8130020002313B579
S31508006A70019369B160B101FB00F401A9204614F045
S31508006A808DFC014620B9019810B122461FF09FFAE5
S31508006A90019802B010BD10B568210120FFF7E6FF86
S31508006AA0044618B1682200211FF091FA204610BD4D
S31508006AB010B524210120FFF7D9FF044618B1242276
S31508006AC000211FF084FA204610BD002337B50D4675
S31508006AD014460193FAB1434203F003031844C2E98A
S31508006AE00210684301A914F059FC60B90246019BDB
S31508006AF0013DC4E9003391B28D4202F1010204D886
S31508006B004FF0FF321A6003B030BDE16819441960CE
S31508006B10E1680B44EFE72220F5E7FEE7002307B517
S31508006B20084601A9019314F039FC019803B05DF8F1
S31508006B3004FB0846A0E60846114697E700230360CB
S31508006B404360704738B50E4C94F83930B3B902250E
S31508006B500C480D490D4A091AC2E900010139C9084C
S31508006B605362C2E905001577FFF7E8FF418008215F
S31508006B700123C2E90211136184F8393038BD00BF18
S31508006B80E0130020183E002000000420A81300206F
S31508006B9000232DE9F347814F01937B680C469A42FF
S31508006BA0104604D239B912B101A914F0F7FB0198BD
S31508006BB002B0BDE8F0871AB90846FFF75DFEF6E7AA
S31508006BC0EFF31188302383F31188A1F1080C31F80B
S31508006BD0061C07304FEAC10920F00705A94575D2FA
S31508006BE034F8023C002B60D0591A01295DD10CEB10
S31508006BF0C3061CF83330DA0757D47388A9EB0502A5
S31508006C0012EBC30251D41F2A31DDC5F3CF0324F892
S31508006C10063C0133601924F8023CD208FFF78EFFC0
S31508006C20428034F8023C8380F388EBB17188591AA4
S31508006C3011FA82F292B206EBC303C2809A8000224E
S31508006C40314614F067FB3046FFF778FFBB68FA68F1
S31508006C502B44A3EB090393420194BB6034D888F311
S31508006C601188BFF36F8FA2E70023C380E7E73B696C
S31508006C70013B3B6134F8063C72880133134424F81F
S31508006C80063CF2886AB17188511A11FA83F39BB2ED
S31508006C9006EBC20224F8023C938001223146604684
S31508006CA0CFE7002324F8023CF7E7284601A914F0A9
S31508006CB075FB0028D3D14A46214601981FF0A6FB4A
S31508006CC02046FFF7D9FDCAE7FB60C8E764D934F860
S31508006CD0023CA9EB05065A1E521AABB30CEBC30AC3
S31508006CE01CF83330DB0730D47ABBC5F3CF0324F85E
S31508006CF0063C0133601924F8023CFFF71FFFBAF877
S31508006D00023003EBD603438034F8022C8280BAF8AB
S31508006D100620BAB1BAF80210511A11FA83F39BB2D7
S31508006D200AEBC202C38093800022514614F0F2FA9D
S31508006D305046FFF703FFBB6801941D44A5EB090500
S31508006D40BD608CE7C280EFE79A46272EF3D9C5F3D4
S31508006D50CF0324F8063C013E0133601924F8023CAF
S31508006D60F608FFF7EBFE468034F8023C8380BAF15A
S31508006D70000F0ED0013212FA86F6B6B2C680AAF80D
S31508006D80046000223B69114601333B6114F0C2FAE4
S31508006D90D1E7A0F806A0F4E7019460E7A81300205D
S31508006DA0BFF35F8F074B5A6A22F480325A62D3F8D0
S31508006DB0942022F00102C3F89420BFF34F8FBFF34B
S31508006DC06F8F704700ED00E00346006818B102684F
S31508006DD01A60002303607047036803B970478B4243
S31508006DE004D10B68036000230B6070471846F3E76D
S31508006DF04FF0FF307047FEE70020704701207047CC
S31508006E00012070474FF0FF30704700207047002080
S31508006E107047002070472DE9F0432B48079F90F8EC
S31508006E20364094424CD9C66A02EB42024FEA820CBB
S31508006E3016EB820246D05089002843D0B2F90440A6
S31508006E40B2F906508C42B2F908E02FDCA942A8BF75
S31508006E502946BEF1000F35D000F1FF381FFA88F831
S31508006E600EFB08490A1B92FBFEF24D45D8BF404669
S31508006E7092B2904202D3A94218BF104656F80C2087
S31508006E8052F8206002EB800C18B15CF8048D464578
S31508006E900ED08D421EBF1EFB00F1091909B2994298
S31508006EA009DC00203E60B980BDE8F0832146D0E7C2
S31508006EB0013880B2E8E70028F3D0013880B2DFE76E
S31508006EC00E20F1E70220EFE7E0130020FF207047CD
S31508006ED0004870470080FFFF1FF081BE044B5B6CC3
S31508006EE0584043085B4240421843C017704700BFEA
S31508006EF0E0130020F8B5C3880E46B2EB830F076887
S31508006F004FEA83041AD813469C420CD1154600232F
S31508006F10AB4215D1A24204D90021121B30191FF029
S31508006F2056F80020F8BD23F003003D5803F003018E
S31508006F30C900CD40EDB26DB90133E5E72546E6E770
S31508006F4023F00301795803F00300C000C140F1544F
S31508006F500133DDE76FF00700E4E7034670B51C6808
S31508006F60DB880846B2EB830F4FEA830519D9521B13
S31508006F708E1800211FF02BF830462A4600231044AD
S31508006F80934210D1002070BD23F00301615803F02D
S31508006F900306F600F140C9B281B901339D42F3D127
S31508006FA0ECE71346FAE723F00301615803F00305FB
S31508006FB0ED00E94000F8011D0133E1E76FF0070035
S31508006FC0E1E71FB54FF001130191039302A901AB45
S31508006FD00293FFF756F905B05DF804FB10B50A4CA5
S31508006FE0626C636C4240594081EA0200C00FFFF7A9
S31508006FF075FF636C521A434022EA030208401043A5
S31508007000C00FBDE8104069E7E0130020013901D23E
S315080070100020704750F82130002BF7D0B3FA83F0E0
S315080070200131C0EB41107047C1880068EEE7F8B53A
S315080070300546500988420C4602F01F0601D80AD1B7
S3150800704036B12846A2000021BDE8F8401EF0BFBFB1
S315080070501F2A02D8F8BD1F2A0FD9820005EB800324
S31508007060291F05EB8407BB421AD1201A38BF002214
S31508007070002105EB80001EF0AAFF002EEAD00022B0
S3150800708005EB8404C6F12000AC42E3D054F8041C96
S3150800709021FA06F3134344F8043D01FA00F2F3E734
S315080070A053F804CB41F804CFDDE708B50A46C18892
S315080070B011B10068FFF7BBFF002008BD01F1804150
S315080070C0013900EB81018142034600D270471B68F3
S315080070D00A681BBA12BA40F8042B41F80439F2E7D9
S315080070E00346C06920B15B6A002B14BF0120022049
S315080070F0704700220123C0E90023C0E90223C0E942
S315080071000423704738B5002401250146C0E9025416
S31508007110C0E904540470446085611C30FFF7E9FF38
S31508007120C1E90D45C1E90F44C1E91144C1E9134458
S31508007130C1E91544CC6538BD70B50646FFF7D0FFE2
S3150800714002280C4605461DD100212046FFF75AF8AD
S3150800715060BB01212046FFF755F8024630BB2046A2
S31508007160FFF762FF336C591C88421FD1FE2B07D1EB
S3150800717029462046FFF746F80D4B021E18BF1A4649
S31508007180104670BD01280FD101462046FFF719FFAA
S3150800719000280BDB204606F13401FFF772F80028B9
S315080071A0034AB8BF0022EBE7024AE9E7004AE7E7E5
S315080071B080B3FFFF80B0FFFF70B5066C0D4607363B
S315080071C0B3EBD60F114604464FEAD60203D2002384
S315080071D00D482B6070BD2A60B0F866307BB1FFF7AA
S315080071E07FFF022804D104F16000BDE8704081E603
S315080071F0012806D104F16000BDE87040ADE60348F9
S31508007200E8E76FF06D00E5E700B1FFFF80B0FFFF2C
S3150800721010B5034B0A461B6800210446984710BD63
S315080072200C3D002010B5044610B109B1FFF7F0FF78
S315080072302046BDE81040FFF71FBB10B5044648B10D
S31508007240006818B1E1888900FFF7ECFF00220123E6
S31508007250C4E9002310BD10B50446FFF7EEFF04F19C
S315080072600800FFF7EAFF04F11000BDE81040E4E764
S3150800727000B1F0E7704742F21073994270B50446C0
S315080072800D4602D96FF00F0070BDC3888B4213D22A
S3150800729004212846FFF7EAFB06460028F2D02168B3
S315080072A041B1E28892001FF0B1F8E18820688900B0
S315080072B0FFF7B8FFE58026600020E5E72DE9F041F5
S315080072C00D46C98804461646FFF7D5FF014610BB8A
S315080072D03046FFF703FE03461B4EB4F90420706CD4
S315080072E00132584022EA0002B5F90400013018407C
S315080072F00243013AA280D5F800E02268B5F8068074
S31508007300724503D08C46043AE04507D8DB43EA8841
S31508007310E088824210D30846BDE8F081776C52F8BF
S31508007320040F5F4020EA07005EF82C700CF1010C90
S315080073301F4038431060E7E7256855F822001840D3
S3150800734045F822000132E3E7E0130020F8B50546C8
S315080073508D420E46104601D10020F8BDFFF7BEFD4E
S31508007360C98804462846FFF786FF0028F5D1304627
S31508007370E988FFF780FF0028EFD11C4AB6F90430E8
S31508007380B5F90410506C01310133604021EA000060
S3150800739023400343013BAB80B6F90430506C0133FC
S315080073A06040214023EA00030B43013BB380316868
S315080073B02B68EE888B42CFD0043903EB86069E42B3
S315080073C0CAD0506C1D6851F8047F604025EA000059
S315080073D02740384343F8040B576C0868674020EA8F
S315080073E00700254028430860E9E700BFE0130020AE
S315080073F038B504460D4619B9FFF71FFF002038BDFA
S31508007400C2888A4207D10021006892001EF0DFFD7B
S315080074100123A380F2E7FFF710FF29462046BDE8BF
S31508007420384028E72DE9F84312F0030318BF012373
S3150800743003EB92068946314680461546FFF7D8FF84
S31508007440044670B9B8F80620D8F80070964218D8DD
S315080074503FB10146920038461EF0B9FD23469D42CB
S3150800746002D12046BDE8F88319F80310DA0023F0A4
S31508007470030002F0180291403A5801330A433A5081
S31508007480EDE76FF00704ECE72DE9F84312F0030384
S3150800749018BF012303EB92068846314681461446F7
S315080074A0FFF7A6FF0546B8B9B9F80670BE4216D862
S315080074B097B1D9F80090BE000146324648461EF0FC
S315080074C086FD2CB1301B2246414648441EF09EFFDD
S315080074D039464846FFF7F2FD2846BDE8F8836FF0BF
S315080074E00705F9E7884270B505460E4609D0C988EA
S315080074F0C28841B92AB101239200838000681EF030
S3150800750066FD002070BD4C1E8CB9B6F904300134F6
S31508007510A242AB8012D221462846FFF7ACFE0028CD
S31508007520F0D131682868A2001EF070FFE9E73368D9
S3150800753053F82430002BE8D1013CE5E72868121BF4
S315080075400021920000EB84001EF041FDE9E738B502
S3150800755004460D46FFF7C6FF68B905F1080104F1B0
S315080075600800FFF7BFFF30B905F1100104F110005C
S31508007570BDE83840B6E738BD70B50E460121044669
S31508007580FFF779FE054648B9E28801469200206869
S315080075901EF01DFD23681E600123A380284670BDCA
S315080075A010B501210446FFF7E7FF58B9012104F198
S315080075B00800FFF7E1FF28B9014604F11000BDE80D
S315080075C01040D9E710BDF8B5C3880646B1EB431F8E
S315080075D00C4617464FEA511514D20122316804F0B9
S315080075E01F0451F82530A24023EA020341F825304A
S315080075F0326807FA04F452F82530234342F8253056
S315080076000020F8BD002AFBD0691CFFF734FE0028CD
S31508007610E3D0F6E7F8B504460D46FFF705FDE3881F
S315080076202844B0EB431F25D81F2D2368E68805F0AC
S315080076301F074FEA551413D96FF00300324600FBB3
S315080076400430944202F1FF3120D3A21BA64238BF70
S31508007650002232441846002192001EF0B8FC034668
S3150800766037B1002103EB8403C7F12005A64213D8DE
S3150800767000200AE010F01F0118BF012101EB50118C
S315080076802046FFF7F8FD0028CED0F8BD50F8212097
S3150800769043F821200A46D4E71868013400FA07F2AD
S315080076A00A4343F8042B20FA05F1DFE72DE9F843EE
S315080076B005460E469046D4883CB9F188A1420ED2BA
S315080076C06FF009073846BDE8F883D8F8003003EBB1
S315080076D0840353F8043C002BEFD1013CECE7284621
S315080076E0FFF7C9FD07460028ECD1F28894420BD271
S315080076F0AE4209D028683168121B920001EB84015A
S3150800770000EB84001EF082FEEA88F088824207D9E0
S315080077102B68121A0021920003EB80001EF057FC1A
S3150800772000221346D5F800C0D6F800E0D8F8008045
S31508007730944203D1BBB90123AB80C3E75EF822604C
S3150800774058F82200F11A81422CBF4FF000094FF079
S315080077500109091A4CF822109E422CBF4B4609F122
S3150800776001030132E4E72A68E98802EB840402EBA4
S315080077708102944202D1002BDDD0A1E72168C91A03
S3150800778034BF0123002344F8041BF2E738B50C463E
S31508007790051D29462046FEF774FD002801DA00205B
S315080077A006E02A4621462046FFF780FF0028F0D04B
S315080077B038BD2DE9F0411746B1F9045092880446C0
S315080077C012FB05F253430E461DD539463046FEF7E1
S315080077D029FDB0F100080DDB3A4631462046FFF791
S315080077E065FF28B9B8F1000F08BF01250020A5805C
S315080077F0BDE8F08132462046FFF758FF0028F7D14A
S315080078006D42A580F4E7874202D0814210D13E46F8
S315080078100123A380B6F80680B8F1000FE6D03368D6
S3150800782003EB880353F8043C3BB908F1FF38F3E748
S31508007830FFF758FE0028EAD0DAE741462046FFF768
S315080078401AFD0028D4D1D6F800C007460646236894
S31508007850191F51F8042F5CF82700B2182CBF01260F
S3150800786000260137121846F10006B8450A60F0D11D
S3150800787003EB8703002EB9D0E28807F10108BA4264
S3150800788008D841462046FFF7F6FC0028B0D1236801
S3150800789003EB87031A68474692192CBF0126002670
S315080078A043F8042BE6E7012383E770B50C46054643
S315080078B0114620461A46FFF7F6FF064630B9043544
S315080078C029462046FEF7DDFC002801DA304670BD61
S315080078D02A4621462046FFF7E9FE0028F0D006464C
S315080078E0F4E74FF0FF3364E770B50C4606461146D9
S315080078F020461A46FFF7F5FF054688B90436B4F957
S315080079000430002B0CDA00212046FFF75AFB30B171
S31508007910324621462046FFF7C6FF0028EFD0054627
S31508007920284670BDF7B50D460123002108350446E3
S315080079302846CDE900131646FFF743FB211D0746E7
S315080079402A466846FFF7CDFF044648B9002F0CBF04
S31508007950002206F0010269462846FFF7AFFC0446F6
S315080079606846FFF76AFC204603B0F0BD2DE9F341EF
S31508007970054688461646CF883FB1D8F8003003EB4F
S31508007980870353F8043C33B13EB90021284602B0B8
S31508007990BDE8F041F0E5013FEEE72846791CFFF720
S315080079A06AFC044670B941462846FFF79BFD044623
S315080079B040B9013E00963B46D8F80020E988286879
S315080079C013F07CFE204602B0BDE8F0812DE9F04FA9
S315080079D005460F461046002197B09346FFF7F1FA81
S315080079E00028C0F2878105D16FF00B04204617B036
S315080079F0BDE8F08F00230126CDE90936CDE90B361F
S31508007A00CDE90D36CDE90F36674B59461293384600
S31508007A1013AB1193FEF706FC002817DA35B1394681
S31508007A202846FFF75FFD0446002849D1002128466D
S31508007A30FFF7C7FA0028C0F24C8159462846FEF7D8
S31508007A4020FC002880F24C810024CFE7394609A89B
S31508007A50FFF748FD044698BB59460BA8FFF742FDB9
S31508007A60044668BBF9880DA80231ADF83060ADF858
S31508007A702860FFF700FC044610BB01460DA8FFF777
S31508007A807BFD0446E0B9F9880FA80231FFF7F3FB3E
S31508007A900446A8B90BA8FFF7C7FA00F01F001F286D
S31508007AA021D0C0F11F03194609A80093FFF7B2FDBC
S31508007AB0044628B900990BA8FFF7ACFD044698B10F
S31508007AC009A8FFF7BAFB0BA8FFF7B7FB0DA8FFF746
S31508007AD0B4FB0FA8FFF7B1FB0C2113A8FFF798FB1F
S31508007AE0002CA3D082E70094BDF82A60BDF8329036
S31508007AF00BA8A6EB090A4FEA4A184146FFF78AFD82
S31508007B0004460028DCD14FEA8A0A0BA909A8FEF721
S31508007B10B8FB002838DA41460BA8FFF7C6FA044630
S31508007B200028CDD109F1FF3301939B0006F1FF38F8
S31508007B30049306F1804609F18043023B013E9B000F
S31508007B40A6EB09060793B3000293019B43452DD381
S31508007B50002DB5D0009909A8FFF7A7FA002840F02C
S31508007B60B480BB8809A92846ADF82830FFF7BAFCC7
S31508007B700146002840F0AB802846FFF722FA002885
S31508007B809ED10123AB809BE70D9A09A952F80A30CA
S31508007B900846013342F80A300BAAFFF7A2FE04464C
S31508007BA00028B2D08CE700BF010003000B9B049AA3
S31508007BB003931344DDF824900693039B4FEA880A3F
S31508007BC09A5859F82810AAF104030D9E0593029BAA
S31508007BD091421E4474D20598002359F800001EF0FD
S31508007BE005F8002914BF4FF0FF330346B8F1010F1B
S31508007BF033600EBF002309EB0A0353F8083C079AC3
S31508007C001393059B59F80330149359F80A301593C2
S31508007C10336801333360039B134499463368002164
S31508007C20013B33600FA8FFF7A7FC00284DD1019B45
S31508007C30002B48D0D9F800200F9B0FA91A60069A86
S31508007C40084612685A603268FFF790FE00283CD151
S31508007C5011A90FA8FEF715FB0028DFDC32680BA96F
S31508007C600FA8FFF783FE80BB029B0FA84FEAC30944
S31508007C704946FFF7CFFC40BB09A908460FAAFFF7FC
S31508007C8030FE014618BB09A8FFF79BF9002812DA4F
S31508007C900BA90FA8FFF726FCB8B949460FA8FFF7A6
S31508007CA0B9FC90B909A908460FAAFFF7FCFD60B907
S31508007CB03368013B3360029B08F1FF38043B43E716
S31508007CC04FF0FF3392E7019AB6E70446F8E60C460A
S31508007CD0F6E65A4629462846FFF7E5FD0446FFE636
S31508007CE05A4629462846FFF7FCFD044600283FF475
S31508007CF0A4AE7BE66FF0090478E62DE9F043064664
S31508007D000F461046012197B01546FFF75AF9002885
S31508007D1040F3CA8100220123394612A8CDE90E2371
S31508007D20CDE90C23CDE90A23CDE90823CDE91023B3
S31508007D30CDE90623CDE90423CDE90223CDE90023C5
S31508007D40CDE91223CDE91423FFF7CCFB044608B18D
S31508007D5012A806E0294614A8FFF7C4FB044612A891
S31508007D601CB3FFF76AFA14A8FFF767FA0EA8FFF71D
S31508007D7064FA0CA8FFF761FA0AA8FFF75EFA08A8E2
S31508007D80FFF75BFA10A8FFF758FA06A8FFF755FAA7
S31508007D9004A8FFF752FA02A8FFF74FFA6846FFF75A
S31508007DA04CFA204617B0BDE8F083FEF77DFB814606
S31508007DB014A8FEF779FB804650B9214614A8FEF7A9
S31508007DC021FA28B9394610A8FFF78CFB04463CE08F
S31508007DD00123ADF85430ADF84C30002112A8FFF756
S31508007DE0F0F858B9C145494614A828BF4146FFF7D7
S31508007DF011FC04460028ABD114A9E4E712A8FEF743
S31508007E0053FB014612A8FFF750F90446E8B914A82F
S31508007E10FEF74AFB014614A8FFF747F90446A0B93E
S31508007E2014A912A8FEF72DFA0028C0F2A28012A9FA
S31508007E30084614AAFFF73AFC044630B9012112A8ED
S31508007E40FFF733F904460028C7D012A8FFF7F5F95B
S31508007E5014A8FFF7F2F9002C88D1012110A8FFF722
S31508007E60B0F8002840F01D812A4639460EA8FFF7CB
S31508007E70ADFD044600287FF479AF0EA90CA8FFF7DC
S31508007E8031FB044600287FF471AF294606A8FFF7A0
S31508007E9029FB044600287FF469AF294604A8FFF7A2
S31508007EA021FB044600287FF461AF01210AA8FFF7E9
S31508007EB063FB044600287FF459AF014608A8FFF77C
S31508007EC05BFB044600287FF451AF014602A8FFF782
S31508007ED053FB044600287FF449AF01216846FFF7A3
S31508007EE04BFB044600287FF441AF0C9B1B68D80760
S31508007EF04BD5049B1B68DB0776D504A90CA8FEF7AF
S31508007F00C0F90028C0F2A3800CA9084604AAFFF706
S31508007F10E8FC044600287FF429AF0AA9084602AA05
S31508007F20FFF7DFFC044600287FF420AF08A96A465D
S31508007F300846FFF7D6FC044600287FF417AF002151
S31508007F400CA8FFF73EF80028CFD1002102A8FFF7BA
S31508007F5038F80028C0F29180294602A8FEF791F960
S31508007F60002880F29480304602A9FFF7BBFA04463F
S31508007F70FCE614A9084612AAFFF798FB044600284F
S31508007F807FF463AF012114A85AE701210CA8FFF773
S31508007F908CF8044600287FF4E9AE0A9B1B68DF07C5
S31508007FA010D4089B1B68DC070CD401210AA8FFF72C
S31508007FB07CF8044600287FF4D9AE012108A8FFF70B
S31508007FC074F88EE70AA9084606AAFFF76CFC044669
S31508007FD000287FF4CBAE08A908460EAAFFF781FC55
S31508007FE004460028E1D0C1E6012104A8FFF75DF8A0
S31508007FF0044600287FF4BAAE029B1B68D90714D43E
S31508008000009B1B68DA0710D4012102A8FFF74DF878
S31508008010044600287FF4AAAE01216846FFF745F812
S31508008020044600283FF465AFA0E602A9084606AA5A
S31508008030FFF739FC044600287FF498AE694668467F
S315080080400EAAFFF74EFC04460028DDD08EE604A9EA
S3150800805008460CAAFFF745FC044600287FF486AEBE
S3150800806002A908460AAAFFF73CFC044600287FF442
S315080080707DAE6946684608AA5BE702A92A4608460D
S31508008080FFF711FC044600283FF45FAF6EE602A92D
S315080080902A460846FFF725FC044600283FF45CAF4D
S315080080A064E66FF00D0461E66FF0030479E62DE9E6
S315080080B0F04F16461F46002201238BB0B142804678
S315080080C00D46CDE90623CDE908230FD106A8FFF70B
S315080080D009FA044648B108A8FFF7AFF806A8FFF75B
S315080080E0ACF820460BB0BDE8F08F06AEBD4207D10E
S315080080F0294608A8FFF7F6F904460028EBD108AF89
S31508008100B6F80690B9F1000F40D1B7F806A0BAF153
S31508008110000F45D1012309EB0A0B5946284603935C
S31508008120FFF7A9F804460028D5D101462846FFF7E7
S3150800813023FA04460028CED132682B6804923A689E
S315080081400146059218464FEA8B021DF040FF83460A
S31508008150059A00EB8A0A141F09F10101DA4529D1AB
S31508008160039B002B33D00123AB8008A8FFF765F8E3
S3150800817006A8FFF762F8D8F848406CBB2946284697
S3150800818008F104020BB0BDE8F04F1FE4336803EBB7
S31508008190890353F8043C002BB7D109F1FF39B1E73D
S315080081A03B6803EB8A0353F8043C002B50D10AF1D1
S315080081B0FF3AACE754F8043F58460093049A4B46F6
S315080081C005910BF1040B13F079FA0599C6E7B38804
S315080081D0BA8813FB02F3C7E7B5F90430002B04DAB3
S315080081E000212846FEF7EDFE80BB2846FEF71CFF59
S315080081F0D8F83C30B0EB430F28D82846A0470446A9
S3150800820000287FF46EAF08F10408B5F90430002B96
S3150800821004DA00212846FEF7D4FE70B941462846FE
S31508008220FEF72FF80028FFF65CAF42462946284697
S31508008230FFF73CFA0028F1D006E0424629462846D0
S31508008240FFF731FB0028E0D004464AE7024C48E72E
S31508008250B9FA89F35B095EE780B0FFFF2DE9F743BA
S3150800826001F110060546894630460021FEF7A9FEAB
S315080082700446A0B300230127314668462A1DCDE9E6
S315080082800037FFF73AFD044630BB09F108086B468C
S31508008290424641462846FFF70AFF0446E0B96B46C0
S315080082A06A4669462846FFF702FF0446A0B96B46A8
S315080082B04A4649462846FFF7FAFE044660B96B4621
S315080082C0424641462846FFF7F2FE044620B939469B
S315080082D03046FFF751F904466846FEF7AEFF2046DA
S315080082E003B0BDE8F0832DE9F84F1E4603F10805F3
S315080082F0C36804468A469046002B40F0C08002F1C7
S3150800830010031A462946FFF7D2FE002840F0EF80F0
S3150800831006F110072B46424639462046FFF7C5FAAE
S31508008320002840F0E48006F118092B4642464946E3
S315080083302046FFF7D9FA002840F0D9804B463A463E
S3150800834029462046FFF7B3FE002840F0D0800322D6
S3150800835029463046FFF70AFB002840F0C880314618
S315080083602046FFF713FA002840F0C18008F1080BF1
S3150800837006F110075B465A4639462046FFF797FE30
S31508008380002840F0B4803946204612F01AFC00282E
S3150800839040F0AD803B46424629462046FFF787FE19
S315080083A0002840F0A4802946204612F00AFC00283E
S315080083B040F09D8006F118093B463A464946204654
S315080083C0FFF775FE002840F092804946204612F0D5
S315080083D0F8FB002840F08B80334632463946204663
S315080083E0FFF765FE002840F082802B463A4639465C
S315080083F02046FFF779FA002879D12B463A463946BE
S315080084002046FFF771FA002871D13B462A462946CD
S315080084102046FFF769FA002869D133462A462946D5
S315080084202046FFF744FE002861D14B462A462946D6
S315080084302046FFF759FA002859D15A464946204698
S3150800844008F11003FFF733FE002850D149462046AD
S3150800845012F0B7FB00284AD139465046FFF742F8D2
S31508008460002844D129460AF10800FFF73BF8F0BB7B
S3150800847049460AF11000BDE8F84FFFF733B813462E
S315080084802946FFF714FE90BB032229463046FFF71C
S315080084906DFA60BB31462046FFF778F938BB04F120
S315080084A00C0701463846FEF78CFD00283FF45EAF00
S315080084B008F110031A4629462046FFF7F8FDB0B919
S315080084C006F110092B462A4649462046FFF7EFFDD6
S315080084D068B93B464A4629462046FFF7E8FD30B9C3
S315080084E02B46324631462046FFF7DFF93BE7BDE823
S315080084F0F88F2DE9F14F9A461B6904460E469146B8
S315080085000A9D002B00F0D38002F11007002138469F
S31508008510FEF757FD30B95146304601B0BDE8F04F79
S31508008520FFF715B80AF1100800214046FEF749FD85
S3150800853008B94946F0E701214046FEF742FD002802
S3150800854040F0B5803B463A4629462046FFF7AFFD40
S31508008550002840F0AD8005F108083B462A4641460A
S315080085602046FFF7A4FD002840F0A28053462A467D
S3150800857029462046FFF79BFD002840F09980424691
S31508008580414620460AF10803FFF791FD002840F00E
S315080085908F804B462A4629462046FFF7A5F900282C
S315080085A040F0868009F1080B5B4642464146204664
S315080085B0FFF79AF900287BD100212846FEF701FD2E
S315080085C0014688B94046FEF7FCFC38B92B464A46B0
S315080085D03146204601B0BDE8F04F84E6304601B08A
S315080085E0BDE8F04FFEF7DCBF2B463A46204606F1BB
S315080085F01001FFF75CFD00285AD105F110072B463C
S315080086002A4639462046FFF752FD002850D105F183
S31508008610180A2B463A4651462046FFF748FD0028D9
S3150800862046D14B463A4639462046FFF740FD0028D4
S315080086303ED139462846FEF755FFC8BB294620468F
S3150800864012F0BFFAA0BB4346424631462046FFF722
S315080086502EFD68BB2B46324631462046FFF744F9C5
S3150800866030BB5346324631462046FFF73DF9F8B946
S3150800867033463A4639462046FFF736F9C0B94346E7
S315080086803A4639462046FFF712FD88B95B465246F8
S3150800869051462046FFF70BFD50B953463A46204649
S315080086A006F1080101B0BDE8F04FFFF71DB9024811
S315080086B001B0BDE8F08F00BF80B0FFFF2DE9F043A1
S315080086C00E460546012189B006F11000FEF779FC31
S315080086D00446002840F0DF802846FEF701FD022800
S315080086E080465DD13046FEF79FFC2B6C073007337A
S315080086F0C008B0EBD30F00F2CE8021463046FEF715
S3150800870060FC0028C0F2C7800123314604A80494FF
S315080087102F780593FEF7E6FE0446B0B904352946D8
S3150800872004A8FDF7AEFD002807DA012104A8FEF724
S3150800873048FC002810DC5A4C07E004A92A460846DB
S31508008740FFF7CFF804460028E9D004A8FEF775FD20
S31508008750204609B0BDE8F083092F0BD1514904A87A
S31508008760FDF78FFD0028E6D04F4904A8FDF789FDDF
S315080087700028E0D0012302934FF0011304A90793C0
S31508008780084602AB06AA0693FFF78DF804460028AA
S31508008790DBD1294604A8FDF774FD0028D5D1CAE720
S315080087A001287AD121463046FEF70BFC002872DBF9
S315080087B006F1080921464846FEF703FC00286ADB4D
S315080087C02F1D39463046FDF75CFD002863DA394629
S315080087D04846FDF756FD00285DDA4B464A462846C8
S315080087E002A9CDE90248CDE90448FFF760FC044632
S315080087F000284CD133463246284604A9FFF757FCD1
S315080088000446002843D1EB68002B36D10323019395
S315080088104FF0011304A90793084601AB06AA06936D
S31508008820FFF75FF8044690BBBDF91430002B04DA55
S31508008830002104A8FEF7C5FBC8B904AA33461146A9
S315080088402846FFF734FC044608BB04AA1146284606
S3150800885005F11403FFF729F80446C0B904A902A8CC
S31508008860FDF70FFD0E4B041E18BF1C460FE004A9AA
S315080088703A460846FFF717F8D4E704AA11462846E9
S3150800888005F10C03FFF711F804460028D5D002A815
S31508008890FEF7D3FC59E7024C5AE7044C58E700BFE9
S315080088A080B3FFFF749102087C91020880B0FFFF35
S315080088B070B5044658B3436C012B11D00C30FEF743
S315080088C0BCFC04F11400FEF7B8FC04F11C00FEF72A
S315080088D0CFFC04F13400FEF7B0FC201DFEF7ADFC1A
S315080088E0A36D8BB92046BDE870406021FEF790BCA9
S315080088F006FB0500FEF7BCFC0135D4E91603AB42BE
S31508008900F6D8FDF7B9FFEDE700251826F5E770BD9F
S3150800891010B5044658B1FFF7CBFF04F16000FEF727
S315080089208CFC04F16800BDE81040FEF7A1BC10BD40
S31508008930F0B505460E4685B0FFF7BAFF2846FEF79E
S31508008940E1FB032E2E7005D0092E2ED00023404CB5
S315080089502B7027E03F4A404BAA60AA61AA632A62A5
S31508008960AA6203F180026A624FF0011203F1200144
S31508008970696103F140016B60696303F16001A0332B
S31508008980EB62E9612A63281DFEF74EFBE86305F1F1
S315080089903400FEF749FB01236B640023C5E916334F
S315080089A028640024204605B0F0BD2C4B2C49AB6446
S315080089B005F10C00FEF7E0FD0446002844D12F1D02
S315080089C001213846FEF7D8FD044600283CD1FF2190
S315080089D03846FEF71FFE0446B0BB132301934FF03B
S315080089E0011339460393384601AB02AA0293FEF7F0
S315080089F078FF044640BB3846FEF716FB05F13407F8
S31508008A00E863102238461749FEF73EFD0446D8B9F2
S31508008A100122FC213846FEF7D6FD0446A0B93146A8
S31508008A2005F11C00FEF7A8FD044668B9012105F109
S31508008A302C00FEF7A1FD044630B905F12400FEF727
S31508008A40FCFBFE232B64ACE72846FFF731FFA9E7BA
S31508008A5080B1FFFF0100080084910208CF64000876
S31508008A6042DB0100289202082DE9F04746780446C1
S31508008A700D46174691F8008016BB4FF0010900F124
S31508008A80040A067080F8029080F801805046FEF7C6
S31508008A9039FB04F16C00C4E91969FEF72AFB04F1F5
S31508008AA08400FEF726FB41465046C4E92769FFF7CE
S31508008AB03FFF00BBA378012B05D01048BDE8F0871F
S31508008AC04645F7D0F9E7012F05F1680105D104F10C
S31508008AD08400BDE8F047FEF73ABD04F16C00FEF7E6
S31508008AE036FD0028EAD105F1600104F16400BDE80D
S31508008AF0F047FEF7F7BC0248E0E700BF80B0FFFF8B
S31508008B0080B1FFFF434213F07F031CD05F2BC3F1F4
S31508008B10000000F3B48010F10E0F31DA10F13B0FAC
S31508008B20C0F2DB8010F1100F00F0F28010F10F0F89
S31508008B3000F0898010F1210F1FD010F1200F67D0A7
S31508008B4010F1220FBBE010F56E5F00F0D88000F33D
S31508008B50938010F59C4F76D05DDC10F5C44F00F07D
S31508008B60C58031DC10F5C74F00F0C3803FDB10F538
S31508008B70C64F68D010F5C54F39D16FF086007047DB
S31508008B80012300F10E02934040F217521342F4D12A
S31508008B9000283FD010F1080F08BF6FF0890018BFF2
S31508008BA06FF083007047012300F16C02934041F295
S31508008BB050521342E1D1DB0700F1A78010F16A0F8A
S31508008BC008BF6FF08C00EAE710F5A24FD5D011DC8C
S31508008BD010F5C14F1CD006DC10F5C34F00F0988085
S31508008BE010F5C24FC8E710F5A34F00F091806FF05B
S31508008BF08300704710F59E4F00F0878005DC10F55E
S31508008C00A14F05D010F59F4FB6E710F59D4FEED151
S31508008C106FF08500704710F5785F6DD01EDC10F593
S31508008C20994FAAD008DC10F59B4F71D010F59A4FD2
S31508008C30DDD16FF09300704710F57E5F68D005DCD4
S31508008C4010F5984FD3D16FF09400704720F080004C
S31508008C5010F57C5F08BF6FF08600A0E710F5705F1F
S31508008C604DD0C4DC10F5725FD2D0C0DC10F5765F4B
S31508008C7083D010F5745F7FE710F15F0F29DA10F1E2
S31508008C806C0F90DA10F1700F3CD010F16F0F1ADAF2
S31508008C9010F5645FD7D00DDC10F5685FB8D006DC38
S31508008CA010F56C5F3FF469AF10F56A5FAFE710F532
S31508008CB0665FACE710F5625F27D010F1720F08BF48
S31508008CC06FF085006BE710F16E0F08BF6FF0960026
S31508008CD065E700287FF71FAF89E710F13D0FA8DA8F
S31508008CE010F1400F08BF6FF0930058E76FF095003A
S31508008CF070476FF0960070476FF0910070476FF0FD
S31508008D00840070476FF0920070476FF089007047D3
S31508008D106FF08C00704741F2052398421AD8B0F5D7
S31508008D20905F09D241F2010398420CD0B0F5885FF2
S31508008D3009D06FF0850070472923A0F5905080B2BE
S31508008D40C340DB07F5D511F0070F0CBF00206FF005
S31508008D5086007047B0F5105FEBD121F04003802BF9
S31508008D6006D0B1F5807F0CBF00206FF086007047F3
S31508008D700020704770B5046A05460E463CB90120C6
S31508008D80FDF774FE286228B120466E6270BD6FF04A
S31508008D908A00FBE76FF08C00F8E738B50446006AEE
S31508008DA010B1616AFEF73EFA237E012B0FD0023B13
S31508008DB0012B0FD8E369012B0CBF00256FF0960530
S31508008DC02822002120461DF002F9284638BDE3690D
S31508008DD0002BF1E76FF09605F2E708B5174A92F807
S31508008DE0490092F84830022801D1072B17D0D90735
S31508008DF05CBF43F0010382F8483092F8483099077F
S31508008E005FBF012143F0020382F8483082F844111B
S31508008E1092F8481008B9C80703D44B0708D50020AC
S31508008E2008BD0748FDF78AFE022382F84930F4E7B1
S31508008E3041F0040182F84810F1E700BFE013002072
S31508008E402C14002013B50D4B0C4693F84920022A22
S31508008E5010D193F84830072B0CD1002301AA0193AF
S31508008E6012F08CFB20B9019BA34218BF6FF0930048
S31508008E7002B010BD6FF08800FAE700BFE0130020CB
S31508008E80084608B51146FFF7DDFF002818BF6FF042
S31508008E903B0008BD70B542680588120A438806D0AB
S31508008EA0012A56D000236FF086000B6022E005F4F5
S31508008EB0E042B2F5805F02D0B2F5005F05D1073314
S31508008EC0DB0840D16FF0850014E005F44F42B2F597
S31508008ED0844F03D10733DB080AD1F3E747F20102CF
S31508008EE0954208D15B080133DB0803EBC3033B3328
S31508008EF000200B6070BD44F20102954202D1DB08E6
S31508008F001033F5E747F20202954204D1DB0803EB7A
S31508008F1043035A33ECE744F20202954204D1DB08D4
S31508008F2003EB43034A33E3E725F0FF05B5F5E24FC4
S31508008F30D0D0B5F5824FC5D10733DB085B000133C6
S31508008F40012BD5D1BEE725F0FF05B5F5824FCFD168
S31508008F50F6E705F4E046DC1DB6F5805F25F0FF0070
S31508008F604FEAD40202D0B6F5005F06D1002A4DD0EA
S31508008F70B0F5824F07D1134643E005F44F46B6F5E0
S31508008F80844F05D1C2B3D31C23F003032C33AFE7B8
S31508008F9047F20106B54210D15B080133DB0803EB43
S31508008FA0C3033B330333920723F0030301D1072C92
S31508008FB0ECD1B0F5824F30D0E8E744F20106B5426D
S31508008FC002D1DB081033EDE747F20206B54204D1B9
S31508008FD0DB0803EB43035A33E4E744F20206B542DF
S31508008FE004D1DB0803EB43034A33DBE7B0F5E24F72
S31508008FF0C8D0B0F5824F02D00B680333C4E75300DC
S315080090000133012B00D10B68013BCBE7B0F5824F4A
S315080090100B68F2D1023323F003030433B6E72DE9D4
S31508009020F04F00F17808BBB00546CDE9061200F10D
S315080090306807002140460893FDF7C3FF20B3281DA3
S31508009040FDF7F2FFC41D2846FEF74AF802284FEA44
S31508009050D40400F029835B4A2846FEF741F8012824
S31508009060064640F0278300214046FDF7AAFF024640
S31508009070002840F03683079B002B00F01A83069BD6
S315080090801870089B1E6015E305F16003194628460B
S315080090900593FEF751F80446002840F0878005F14D
S315080090A01C0A51462846FFF709FB044600287DD1CD
S315080090B02846FEF715F8022840F05D81012111A81F
S315080090C0FEF717F803220B940C9119AB013A03F13A
S315080090D0080323F8041C23F8024C43F8084CF5D27D
S315080090E051460BA8FEF7FEF9044600284DD1514615
S315080090F011A8FEF72CFA0446002846D10121384665
S31508009100FEF73AFA044600283FD101464046FEF7E4
S3150800911033FA0446C8BB05F17000FEF78EF805F170
S31508009120040B594611A8FDF7ACF8002825DA28469D
S3150800913011A912F07FFF044638BBD5F84090B9F163
S31508009140FF3F41D13946284612F074FF0446E0B97C
S315080091505A4641464046FEF7D0FD0446A8B943465E
S315080091603A4639462846FEF7A2FF044668B9012161
S315080091704046FEF701FA044607E011A95A46084692
S31508009180FEF794FA04460028CBD011A8FEF763F838
S315080091900BA8FEF752F8002619AB98190836FEF701
S315080091A04CF8202EF8D1002C00F0E6802046FFF778
S315080091B0A9FC044600283FF442AF20463BB0BDE870
S315080091C0F08F00BF80B1FFFF49460598FDF71AF8F2
S315080091D0C6B23246384611A9FEF7B8F80446002842
S315080091E0D3D13246404615A9FEF7B0F80446002802
S315080091F0CBD143463A46284619A9FEF756FB0446FC
S315080092000028C2D143463A4628461BA9FEF76CFBFE
S3150800921004460028B9D1284615AB11AA1DA9FEF7A0
S3150800922044FB04460028B0D1284615AB11AA1FA94D
S31508009230FEF75AFB04460028A7D11FAA114628465E
S3150800924019ABFEF734FF044600289ED11DAA114625
S3150800925028461BABFEF72BFF0446002895D119AB11
S315080092601A4619462846FEF722FF044600288CD1DE
S315080092701BAB1A4619462846FEF719FF044600286E
S3150800928083D1394628461BAB19AAFEF710FF0446B8
S3150800929000287FF47AAF19AA114628461BABFEF7B9
S315080092A023FB044600287FF470AF4146284619ABD5
S315080092B005F10C02FEF7FBFE044600287FF465AFB5
S315080092C04346414628461BAAFEF7EFFA04460028FD
S315080092D07FF45BAF28461DAB1FAA11A9FEF7E5FA76
S315080092E0044600287FF451AF11AB1A4619462846A2
S315080092F0FEF7DDFE044600287FF447AF28461DAB7F
S315080093001FAA15A9FEF7F0FA044600287FF43DAF18
S3150800931015AB1A4619462846FEF7C9FE0446002824
S315080093207FF433AF15AB194628460BAAFEF7BFFEE6
S31508009330044600287FF429AF43464146284619AA21
S31508009340FEF7B5FE044600287FF41FAF32463846BE
S3150800935011A9FDF7FBFF044600287FF416AF324635
S31508009360404615A9FDF7F2FF09F1FF390446002822
S315080093703FF4E5AE09E7AD4C2846FDF7B1FE0128F6
S3150800938083467FF413AF2B6C182101335B08022048
S315080093900493FDF76BFB0646002800F0838100F175
S315080093A01809FDF7A6FE4846FDF7A3FE042300228A
S315080093B0039319AB039908330139039123F804BCC5
S315080093C023F8022C43F8082CF4D151463046FEF710
S315080093D0BEF80446C0BB4FF0180BDDF80CA0049B82
S315080093E053451ED149462846FEF738FF044658BB62
S315080093F019AB009332464B4649462846FFF779F89B
S31508009400044608BB49462846FEF728FF0446D8B94D
S3150800941006F11000FDF711FF06F12800FDF70DFF14
S3150800942012E0049B0498BAFBF3F101238B4000FB7E
S3150800943011A1DBB20BFB036219B31146284619AB1F
S31508009440FEF751FF044658B34FF0000A19AB03EB79
S315080094500A000AF1080AFDF7F0FEBAF1200FF5D165
S315080094600CB3AB6D9E4208D03046FDF701FF484667
S31508009470FDF7FEFE3046FDF7FFF93846FDF7F8FE24
S3150800948094E603F0FE0101EB5301104606EBC10119
S315080094900992FEF75CF8099A04460028CDD0D3E76E
S315080094A00AF1010A9BE7012305F1340B21465846C8
S315080094B0CDE911430B940C93FCF7A4FE012840F068
S315080094C0B28021460598FCF79DFE059982460BA8B1
S315080094D0FEF708F8044630B111A8FDF7AEFE0BA852
S315080094E0FDF7ABFEBDE75946059A11A8FEF7F9F94F
S315080094F004460028F0D1BAFA8AF35B091A4611A97C
S315080095000BA80593FDF7DAFE04460028E4D1049B70
S3150800951001465A1C19A80DF1640B1CF058FDA24609
S315080095205B460993049B53457AD051460BA8FCF732
S3150800953069FE099B1C78049B044303EB0A010BA8EC
S31508009540FCF760FEE4B2099B44EA400403F8014BC9
S315080095500AF1010AE5E79BF801009BF8003080EA6A
S31508009560020C6FEA0C0101F0010113FB01F3104034
S3150800957003EA0C0283EA0C030BF8013F1BF8013CD3
S31508009580024343EAC1130BF8013C0134A245E2D277
S3150800959011A8FDF752FE0BA8FDF74FFE0BA8FDF725
S315080095A0A8FD00210322012011AB013A03F10803AB
S315080095B023F8040C23F8021C43F8081CF5D20AF118
S315080095C0E8036B4432463946284613F8843C11F0C2
S315080095D0B7FA044650B93946284612F0E7FC04465D
S315080095E020B90DF1440BBAF1000F21D10BA8FDF7F4
S315080095F032FE039A11AB9818FDF71FFE039B08333A
S31508009600202B0393F5D1002C7FF42BAF394628463F
S31508009610059AFEF787F9044640B3AB6DB34222E7D5
S3150800962000220124B2E7014C1BE700BF80B0FFFF10
S315080096305B463A46394628460AF1FF3AFEF753FE94
S3150800964090B919AB3246284613F80A300BA911F01F
S3150800965077FA48B93A4639462846CDF800B00BABF2
S31508009660FEF747FF0028BED00446BFE7394628461E
S3150800967012F09CFC04460028CFD139462846FEF74E
S31508009680EDFDAB6D04469E4208D03046FDF7F0FD71
S315080096904846FDF7EDFD3046FDF7EEF8002C3FF4A1
S315080096A085ADEAE61D4CE8E6089B1C60079BA342CD
S315080096B00DD21B4A1046FFF725FA044600283FF448
S315080096C07CAD0021079A06981CF081FC75E52246B8
S315080096D038460699FDF70EFC024600283FF4BCAC56
S315080096E0E8E7089A630001331360079A9A42E0D3C1
S315080096F0042306992246384601F8013BFDF72DFC5E
S3150800970002460028D6D1069B611C2246194405F15B
S315080097107000FDF722FC0246CCE700BF80B2FFFFCF
S3150800972000B1FFFF10B5036804463BB1064A9342F1
S3150800973007D1D822002104301CF049FC0020206003
S3150800974010BD6FF08800FBE709000002F8B51F4B53
S31508009750064693F844210F468AB30024543322461A
S315080097601D46197ED1B13CB9022905D1D96919B965
S315080097701979002918BF1C460132062A03F1280365
S31508009780EFD114B96FF08C0006E02046FCF726FEF0
S315080097902046FFF702FB10B100240EE01C46237E8C
S315080097A083B9012323763EB1651BED1003F1CC3353
S315080097B05D4305F18045356000203C60F8BD6FF0DB
S315080097C08800E9E76FF09600E6E700BFE01300209F
S315080097D000222DE9F047A44B0A600F4693F844117E
S315080097E005468EB0002900F0398100F14040052871
S315080097F067D82822424303F154011344114493F8CD
S315080098006C20022A52D039460020FFF79FFF0446F3
S3150800981000286ED13B6821465D6101253B680646F6
S315080098205D60D7F800A00AAADAF814904846FCF753
S31508009830BDFF0446002840F08980DDF828802846C8
S315080098404146FDF713F90546002800F0FB80484617
S31508009850314608AAFCF7AAFF0446002872D1B8F1D7
S31508009860000F08D0B5F1005F1DD3C8F1005303F50A
S3150800987080239D4217D8102200210AA81CF0A7FBB6
S31508009880002207AB029305AB019306AB009348464B
S3150800989031460AABCDE90522FCF73EFE044660B325
S315080098A0B8F1000F4ED06FF098044BE09B6E9D42C6
S315080098B0A9D10846FCF792FD0446B8B939600024D8
S315080098C017E0002D40F3CD8054331946187E022840
S315080098D002D15869854205D00132062A03F12803C8
S315080098E0F4D190E7282303FB0211E2E710F18C0F6D
S315080098F089D020460EB0BDE8F087059C2A46069B0F
S3150800990007995A48A04594BFCDF8008000940AF0FC
S31508009910C9FF064690B9A045C5D8B8F1230F18D88F
S315080099206FF0980441462846FDF77CFC3146002036
S31508009930FDF778FC3868FFF730FA4CE0A045B2D856
S315080099406FF0910441462846FDF76CFC0021084655
S315080099506DE00822284646491DF038FD0028DFD16B
S31508009960AB68002BDCD12E6AA8F124039E42D7D817
S31508009970B6F5005FD4D28EB331460120FDF776F8EE
S31508009980814600284ED0324605F124011CF03EFDE2
S31508009990EB684146CAF804302B8A2846AAF80030F4
S315080099A06B8AAAF802306B69CAF80830AB69CAF83C
S315080099B00C30EB69CAF81030B9F1000F00D07EB947
S315080099C0FDF730FC31464846FDF72CFC3868FFF7B2
S315080099D0E4F96FF0910400233B608AE7B146D7E7C4
S315080099E0FDF720FC31465046FFF7C4F90446E0B9B6
S315080099F032464946DAF820001CF008FD314648464A
S31508009A00FDF710FC3868083009F0A8FD3B681A7E97
S31508009A10012A20D03868FCF7E1FC044600283FF408
S31508009A204EAFD8E76FF08C047CE731464846FDF721
S31508009A30F9FB3868FFF7B1F914F18C0F08BF6FF01E
S31508009A408704C8E72146FDF7EDFB3868FFF7A5F957
S31508009A506FF08C04BFE702221A76DBE76FF0880402
S31508009A6047E76FF0870444E7E0130020A80E0020BC
S31508009A7038920208034668B1017E8A1E012A0BD86D
S31508009A800329C26903D1012A01D1FFF786B91AB1A0
S31508009A90013ADA61002070476FF0960070472DE9A9
S31508009AA0F843884617461E46FFF792FE044620BB33
S31508009AB0D8F80050B5F8009009F4E043B3F5804FA4
S31508009AC0AB6808BF27F0010737EA03030DD1A6B133
S31508009AD032464846E968FCF749FC074668B9324603
S31508009AE048462969FCF742FC50B900232846C8F8BD
S31508009AF00030FFF7BFFF6FF084042046BDE8F88307
S31508009B003C46FAE707B500216A46FCF74FFE8C305B
S31508009B1018BF012003B05DF804FB13B500216A469F
S31508009B200446FCF743FE8C3002D1002002B010BD7B
S31508009B3000212046FCF759FE014610B16FF0980047
S31508009B40F4E76A462046FCF731FE8C30EDD0F5E79F
S31508009B5037B50446C0B101A9FFF73AFE044698B9DD
S31508009B60019D2B7E022B12D103232B762B79FF2BFB
S31508009B7010D01BB16869FFF7D0FF04462846FFF7E7
S31508009B8079FF002818BF0446204603B030BD6FF0A1
S31508009B909604F3E76FF08404F0E738B590F844309C
S31508009BA00446012B11D1C56B4DB12B7A012B02D17D
S31508009BB06868FFF7CDFF0C212846FDF733FB2046E2
S31508009BC0BDE838404821FDF723BB006C10B15C2185
S31508009BD0FDF728FBE06B0028F1D02368DA79044BFF
S31508009BE002F07C021344D3F8E8309B699847E6E70D
S31508009BF0589102082DE9F04F04461546884687B065
S31508009C00002900F0A680002A00F0A380B2F5005FC4
S31508009C1080F0A28002F1240739460120FCF726FFCE
S31508009C200646002800F09B804FF000094D4AC0F810
S31508009C300890D2F8E03041460360D2F8E430243088
S31508009C4040F8203C63682A4640F8183C238820F8E8
S31508009C50143C638820F8123CA36840F8103CE3687B
S31508009C6040F80C3C236940F8045C40F8083C1CF0BA
S31508009C70CDFBD4F814804046FFF744FF012865D091
S31508009C8040F26C739F4209D96FF098043946304602
S31508009C90FDF7C8FA204607B0BDE8F08F34352946E7
S31508009CA00120CDF81090FCF7E1FE04460028EBD021
S31508009CB02A4649460DF1100B1CF089F92346012264
S31508009CC040464946CDE9019BCDF80090FCF724FCB7
S31508009CD040B12A46002120461CF079F92046FCF7B7
S31508009CE0CBFDD1E7204B3A463146C4E902802360D2
S31508009CF0606004F110001CF089FBDDF810902B461B
S31508009D002246494619480BF02BFB0028E1D1484664
S31508009D10FCF771FB0130DCD02A46002120461CF0F6
S31508009D2056F92046FCF7A8FD5A4640460021FCF79E
S31508009D303DFD044620B140460021FCF756FDA5E747
S31508009D40049B9F42A2D06FF09804F4E76FF08A0450
S31508009D509CE76FF086049DE76FF08D049AE76FF035
S31508009D608C0497E758910208105D175EA80E00202C
S31508009D702DE9F04FB1B00793154600230892079ACC
S31508009D800F46CDE90A3306901360002D00F0F681E0
S31508009D900AAA0BA910F09AFB0590002840F0E98161
S31508009DA00B9E736A002B72D00B9EB3467388D6F847
S31508009DB02090099373685BF8248F4FEA132ABAF147
S31508009DC0010F00F0E180A94B9A4500F0D080BAF166
S31508009DD0000F65D109ABCDE901B32A464B46394692
S31508009DE03046CDF800800EF079FD10F1860F044656
S31508009DF040F0B080308800F4E043B3F5805F02D0CD
S31508009E00B3F5005F63D1099B002B65D009993088AB
S31508009E10FEF781FF0446002853D10731B5EBD10F71
S31508009E203ED1A845C0F0A7812A46394648461CF0C7
S31508009E30EDFA099B0733DB0873620B99099B4A887D
S31508009E40002A40F082814B804FF6F873099A0B9DE1
S31508009E509A423ED8069B1B8813B12A889A421FD17C
S31508009E60069B5B8813B16A889A4219D12B79002B15
S31508009E7040F06F816B69079A13602B7E012B00F007
S31508009E8072810023079A6FF09604136019E0069B07
S31508009E905B681B0A0DD0012B05D0744A934208D083
S31508009EA06FF086040DE0069808A9FEF7F3FF04464E
S31508009EB038B930460899FEF75DFF044600283FF496
S31508009EC073AF0B9808B1FEF768FF05944DE143049C
S31508009ED005D46FF08504F4E7EB00099396E720F4C0
S31508009EE0435323F03F03B3F5824FF2D1CDF898A040
S31508009EF026AB71883A4600932B4610F02DFB269D1B
S31508009F00044630B12846FEF703FD2846FCF7B4FCA4
S31508009F10D7E733882A6C23F4435121F03F01B1F582
S31508009F20824F03D1DBB2412B08BF01320992338835
S31508009F3003F4E043B3F5804F10D15B4642464946E9
S31508009F402846FFF76CF804462846FEF7E1FC284643
S31508009F50FCF792FC002C3FF470AFB2E743464A4642
S31508009F6059462846FDF728F9FEF7CCFDEBE709AB7D
S31508009F70CDE901B32A464B4639463046CDF800802E
S31508009F800EF0ACFC0446E5E7B9F1000F88D0B8F14D
S31508009F90000F85D0002F83D00023B6F800A0736287
S31508009FA00AF44F42EB00B2F5824F09935CD15FFA8F
S31508009FB08AF2122A06D0413A012A12D8202D10D147
S31508009FC0FF230DE02AF0FF02B2F5824F02BF083BDD
S31508009FD05B080993099BB3F5047F02D140F2092374
S31508009FE0099300232A460C93394630460CAB0EF0EB
S31508009FF0A7FB044600287FF464AF0C9C5046073440
S3150800A000E4080DF06DFC08B1013D0137202200215E
S3150800A01016A80C941BF0DBFF2146304616AA0DF055
S3150800A02082FC044600287FF44CAF0DF1780E0DF142
S3150800A030580CBCE80F00AEE80F009CE80F008EE84D
S3150800A0400F00EB1C23F003032822214626A823939E
S3150800A050CDE921471BF0BBFF73681B0A08D0012B0B
S3150800A06014D06FF08B042CE72C46CFE70200800053
S3150800A070A84514D34A46434626A8CDE91A231EF016
S3150800A080D0F9034670B16FF092041AE705F12C0374
S3150800A090984504D309F1100205F11C03ECE76FF0AB
S3150800A0A08C040EE7012216A91EA80DF00BFE002847
S3150800A0B031D1199B013B012B2DD84FF08073289085
S3150800A0C0CDE926302E9013A916A80DF054FE10BB24
S3150800A0D0139926A81EF0ACF90DA91EA80DF03AFF93
S3150800A0E0C8B90DA926A80DF05BFF10A916A80DF092
S3150800A0F01BFF80B910A926A80DF052FF13A916A8B0
S3150800A1000DF028FF38B926A813A91EF0BAF926A813
S3150800A1101EF028F818B126A81EF083F9B3E74246C0
S3150800A120494616A80DF08EFD044600287FF4C9AEF0
S3150800A1305A46294630460DF0E1FB044626A81EF08D
S3150800A14070F900283FF406AF9DE79A427FF4A8AE5F
S3150800A1507AE62846D5E90812FFF74CFD044600289A
S3150800A1603FF488AEADE602232B76059831B0BDE8FC
S3150800A170F08F059CA5E66FF08904A2E66FF08603CA
S3150800A1800593F2E710F1860F12D010F1850F0ADA5F
S3150800A19010F1950F0FD010F1930F0CBF6FF06F00F1
S3150800A1A04FF0FF307047003818BF01204042704713
S3150800A1B06FF0710070470148704700BF00B2FFFF9B
S3150800A1C02DE9F043012906460F4615469846A9B0DB
S3150800A1D000F28180130740F08180046824F0400370
S3150800A1E0802B02D0B4F5807F7BD12022002120A8C5
S3150800A1F01BF0EDFE3C4A3D4BE408012F08BF134611
S3150800A20001271F9344F00054331D1C931D971E9479
S3150800A210374C0DF1040C1CAB93E807000DF110093F
S3150800A2208CE8070019ABCDF864801A971B9493E85D
S3150800A230070016AB89E80700CDF8588017971894D9
S3150800A24093E80700309B45F0005E07AC84E80700FA
S3150800A2501393149713ABCDF854E093E80700319B9A
S3150800A2600DF1280888E80700109310AB1197CDF870
S3150800A27048E00DAF93E8070087E8070061461FA886
S3150800A2800DF08EFE49461FA80DF08AFE41461FA80E
S3150800A2900DF086FE39461FA81EF0F3F821464FF446
S3150800A2A080641FA81EF0EDF831681FA8C9081EF0C3
S3150800A2B0BFF829461FA81EF0BBF80E4B9C66BFF3D5
S3150800A2C04F8F1FA81EF0BDF81EF0A2F80A4B9C6619
S3150800A2D029B0BDE8F0836FF02000F9E76FF02100A0
S3150800A2E0F6E76FF01F00F3E7030200040302010418
S3150800A2F0100000200090005000A0005018B1242241
S3150800A30000211BF064BE704710B5044670B143784F
S3150800A310012B03D1BDE81040406819E40378012BEE
S3150800A32002D10830FFF7EAFF0023237010BD10B5ED
S3150800A330044630B13830FFF7E7FF68212046FCF7BE
S3150800A34067FF2046BDE81040FCF796BA10B50446EC
S3150800A350FFF7D4FF2046BDE81040FCF78DBA70B56C
S3150800A36015460E462422002104461BF030FE25F031
S3150800A3704003802B02D0B5F5807F08D120463146B0
S3150800A38040F8045BEA081CF041F8002070BD6FF045
S3150800A3901F00FBE7E3E7E2E770B5044688B038300C
S3150800A3A00E461546FFF7B0FF0122224B84F83820E7
S3150800A3B093F8483013EA020129D0002184F839209D
S3150800A3C003A814221BF003FE4FF410534FF6F8723D
S3150800A3D0ADF808304FF6FF73954298BF2B46ADF897
S3150800A3E00A30154B01A805934FF48073019309F0C1
S3150800A3F0B5F8019BEA1D0493314604F13C03D208E3
S3150800A40002A8FFF7B5FC78B1FBF783FF0BE084F8E9
S3150800A41039104034242220461BF0D9FD2A463146FD
S3150800A4202046FFF79CFF10B9002008B070BD6FF0FA
S3150800A4300C00FAE7E0130020004440042DE9F0433D
S3150800A440012905460E46914698469DB058D8046897
S3150800A45024F04003802B02D0B4F5807F53D120220C
S3150800A460002114A81BF0B3FD284A294BE408012E45
S3150800A47008BF134613932B1D0A93012344F0005477
S3150800A4800B930C94234C07AF0AAA07CA04AE87E8B5
S3150800A4900700CDF834900DAA0E930F9407CA86E8E4
S3150800A4A00700CDF84080119310AB129401AC93E8E5
S3150800A4B0070084E80700394613A80DF071FD3146F8
S3150800A4C013A80DF06DFD21464FF4806413A81DF006
S3150800A4D0D8FF296813A8C9081DF0AAFF102113A8D8
S3150800A4E01DF0A6FF0C4B9C66BFF34F8F13A81DF0FB
S3150800A4F0A8FF1DF08DFF094B9C661DB0BDE8F083D3
S3150800A5006FF02000F9E76FF07100F6E7000100042C
S3150800A51000010104100000200090005000A0005027
S3150800A5202DE9F04F43780D46012B9046ABB040F02D
S3150800A530C0820023DFF810B309934FF480725B469C
S3150800A540406809A9FFF7ABFA064640B10998FFF734
S3150800A55091FA30462BB0BDE8F04FFBF7DABEDDF8CE
S3150800A5602490D9F80470D9E908A23F0A012F00F00F
S3150800A5708B82AE4B9F4200F087822FB14846FFF789
S3150800A58079FA6FF08606E4E708AB04931023514680
S3150800A590CDE902834846CDE900750CAB10F020FBE7
S3150800A5A010F1860F044640F07D825022394616A8DF
S3150800A5B01BF00DFDB9F8003058460793CDF858B092
S3150800A5C0079910AB0BAAB9F802608DF840700FF026
S3150800A5D064FF48B99DF840E09DF82C00944AD2F8EB
S3150800A5E004B0BBF1000F0BD1169B03F0FE43B3F189
S3150800A5F0806F00F045824846FFF73CFA2646A8E7F2
S3150800A6009BF807308B4903F07C030B44D3F8E830FA
S3150800A6101B7873450AD19BF8053003F00F0CB6EB8F
S3150800A6208C1F03D1B0EB131F00F05A820832D6E70D
S3150800A63098472790002840F064827F48FEF762FA20
S3150800A640169B04460028CFD103F0FF43B3F1906F61
S3150800A65009D0219B9DF85D201033B3FBF2F35343D9
S3150800A660102B00F2EF81189A002A7ED17348FEF764
S3150800A67049FA0A9E0446102E00F2FF810028B3D13B
S3150800A680B8F1000F00D0B044219A10AD002A00F0AE
S3150800A6904181169B6A4923F480638B4240F03A81D4
S3150800A6A010212846FCF7B4FD6FF086049CE7263B8C
S3150800A6B044E24FF41053ADF840304FF440730BA802
S3150800A6C00B9308F04BFF0B9B51461293234653F806
S3150800A6D0042B10A81392F21DD208FFF749FB10F1BC
S3150800A6E0860F00F02E8220B18D30A6D06FF06F0055
S3150800A6F0A4E70123237219968DF86830079B00207A
S3150800A70003F4E043B3F5005F09BF079B0023C3F3D7
S3150800A7100222012304BF9340DBB28DF85D308DF829
S3150800A7205C008BE79BF8073003F00303012B08D87E
S3150800A7309BF8053003F00F03B6EB831F01D03F48A3
S3150800A7407CE7012319968DF868309BF80720394B6A
S3150800A75002F07C021344D3F8E83032465146DB68EF
S3150800A760279898470028C9D068E79DF8A430012B98
S3150800A77001D134487BE7002316790A9316F01F06A1
S3150800A78000F0C480537903F0F003102B12D1102E79
S3150800A79040F0BE80D279274B02F07C021344D3F8EE
S3150800A7A0E8302A465C689DF96810434627980A9659
S3150800A7B0A0475CE7902B09D110220AAB01932946E2
S3150800A7C043462798009200F0B1FA50E745450AD16A
S3150800A7D0219A002A7FF44AAF1022B2FBF6F272439E
S3150800A7E0102A7FF443AF202BC3D19DF96830219CF2
S3150800A7F0B3B91B9A331BB2B10F2B27D904F1A8039F
S3150800A8000DEB0304343C05F1100355F8042B9D4267
S3150800A81044F8042BF9D1219B10332193002026E715
S3150800A820012B13D1331B102BE7E700BF0200800072
S3150800A8305092020858910208809EFFFF009FFFFF72
S3150800A84000404004809FFFFF00444004002C5AD07B
S3150800A85016ABA6EB040A04F11C0052462946184416
S3150800A8601BF0D4FD189B994ADB79CDF8048003F0D8
S3150800A8707C031344D3F8E8301DAA0092D3F808B035
S3150800A88032469DF96810279822ABD84700287FF4EE
S3150800A890EEAE1034A41B0A962190BFD008EB060B27
S3150800A8A05544B4FBF6FA06FB1A4ABAF1000F06D16C
S3150800A8B09DF968301BB91B9B002B18BFB246A4EB49
S3150800A8C00A04524629191DA81BF0A0FD219B0A9EC1
S3150800A8D053442193002CA1D0189B7C4ADB79CDE9FF
S3150800A8E0005B03F07C031344D3F8E83022469D68E6
S3150800A8F09DF96810279822ABA84700287FF4B7AEC1
S3150800A90026440A96B3E6C3461024CAE77048AEE65C
S3150800A9107048ACE61898F0B96F48FEF7F3F80446A5
S3150800A920002840F097800B9A002A40F08380102177
S3150800A9302846FCF76DFC0B9B33440893169B03F0E3
S3150800A940FE43B3F1806F00F08A804846FFF792F81D
S3150800A9506FF08806FDE59DF8A430012B01D15F480C
S3150800A960DBE700230B93417901F0F003202B08D194
S3150800A9701C9B002BD0D083794C3B012B18D8002088
S3150800A980CBE701F0B004302CF9D001F0E001402902
S3150800A990F5D0602BF3D0902BF1D0A02BEFD0817996
S3150800A9A04C390129EBD9102BD9D1002AE7D039E047
S3150800A9B09DF96830012B2DD11B9B002BF5D02699CC
S3150800A9C011B90179490989001DA89847189B3F497B
S3150800A9D01A79DB79019503F07C030B44D3F8E83048
S3150800A9E01DA900919C689DF96810279822AB02F072
S3150800A9F01F02A047002890D19DF96820189B9AB994
S3150800AA001C9C13B11F7907F01F07394628460BAA65
S3150800AA10A04782E7037903F01F039A42D6D01B9B0F
S3150800AA20002BC2D02B4878E713B11F7907F01F0710
S3150800AA300B97A4E7C6F11003934206D210212846C5
S3150800AA40FCF7E6FB6FF08904CEE5294640461BF085
S3150800AA50DDFC6CE710212846FCF7DAFBC4E518A8EC
S3150800AA60FFF79BF84846FFF705F80646002E7FF4E1
S3150800AA7070AD30462BB0BDE8F08F6FF09604B3E5A5
S3150800AA8018A8FFF78AF8B6E508AB04931023CDE9B2
S3150800AA900283002351460093484601950CAB10F0FB
S3150800AAA09FF804464846FEF7E5FF0646002CDDD02B
S3150800AAB0A4E50178012906D113462A4608302BB0A9
S3150800AAC0BDE8F04FBAE4024ED3E700BF589102083A
S3150800AAD0809CFFFF809DFFFF009FFFFF809FFFFF79
S3150800AAE04822002118A81BF072FA9BF80730164A6C
S3150800AAF003F07C031344D3F8E8305B69002B7FF43A
S3150800AB0097AD9DF8A430CDF860B0012B7FF40AAE5E
S3150800AB101822002110A8279C1BF059FA73077FF406
S3150800AB200EAE237A002B7FF40AAE9BF80630102B64
S3150800AB303FF6BDAD0D2B3FF6BCAD023B052B7FF6B0
S3150800AB40B8AD02487AE500BF58910208809FFFFF1A
S3150800AB502DE9F0439846002385B005460C4617466E
S3150800AB6000F110016A463830CDE90033CDE90233E9
S3150800AB70DDF83090FFF7D4FC064658B16B6E43F00B
S3150800AB8010036B6668461021FCF742FB304605B099
S3150800AB90BDE8F0830DEB04010446221D974209D255
S3150800ABA0A742EFD918F804300A5D534009F8043073
S3150800ABB00134F5E758F804300859434049F8043099
S3150800ABC01446EAE7F7B5436E1746DA0604460E4614
S3150800ABD036D4426A0AB11B072AD5236A2BBB002240
S3150800ABE01046216BD3B2994202F1010223D82346BB
S3150800ABF01022002120460094FFF7AAFF054688B9CF
S3150800AC0026B13A46214630461BF000FC00261022A3
S3150800AC103146204666661BF0DAF910223146A0183E
S3150800AC201BF0D5F9284603B0F0BDE26A9342D6D0A8
S3150800AC306FF00C05F6E7C3F10F0323441874D1E748
S3150800AC406FF06D05EEE738B5416E044601F0030373
S3150800AC50032B06D1826A32B9436B023B012B1CD8FF
S3150800AC600262002038BD056B2378681E0343606ABC
S3150800AC70023A003818BF012043EA80130020520820
S3150800AC8043EAC2032370236AC2B2954200F1010067
S3150800AC9006D853B141F0100161666FF00C00E1E788
S3150800ACA0C2F10F02A3541B0AEEE72246214604F11D
S3150800ACB03800FFF735FC0028D4D0636E43F0100344
S3150800ACC06366CFE72DE9F0411D46073B062B044690
S3150800ACD0164627D8A04600F11103C5F10F074163B0
S3150800ACE007630F2218460021013F1BF070F92A4618
S3150800ACF0314608F8107F1BF089FB681C226B00217F
S3150800AD0040441BF064F901232A46E377E0183146EC
S3150800AD101BF07CFB636E204643F001036366BDE8C7
S3150800AD20F04190E76FF00C00BDE8F0812DE9F04F97
S3150800AD309B46436E0446DB068A46164689B000F1F2
S3150800AD40C680836A2BB1C36A1344026A934200F22F
S3150800AD50BE80129B9E4200F2BA80139B04AF1E600F
S3150800AD6004F1380303930EB933468AE0E36A03F025
S3150800AD700F08C8F11005B54228BF35462B44E362D3
S3150800AD80636B23F00203012B41D0636B33F0020996
S3150800AD9029D153462A46414620460097FFF7D8FE52
S3150800ADA0034600286DD1384604EB0803A3F1040CCA
S3150800ADB009F1040295426FD24B444D4576D82A468E
S3150800ADC0394658461BF022FB08EB0503102B03D027
S3150800ADD0E26A236A9A4276D1224621460398FFF709
S3150800ADE09FFB034660BBA844B8F1100F67D100214A
S3150800ADF0206BCBB2984266D9C3F10F0323441A7C61
S3150800AE0001310132D2B21A74002AF2D05BE0002373
S3150800AE1004EB0801181D854201EB030215D29D4279
S3150800AE201CD808EB0503102B03D0E26A236A9A4262
S3150800AE301CD1224621460398FFF772FB0346A8B1A8
S3150800AE40626E42F0100262661BE05AF8032051F85F
S3150800AE5003C082EA0C02CA500346DBE71AF803006D
S3150800AE6011780133414002F8011BD8E753462A46B8
S3150800AE7041462046CDF800B0FFF76AFE0346002893
S3150800AE8083D010210DEB01000393FCF7C1F9039B56
S3150800AE90184609B0BDE8F08F5CF8021050F804EBCC
S3150800AEA0914681EA0E014CF8021081E71A7817F8E4
S3150800AEB0091009F101094A4003F8012B7DE7E26A06
S3150800AEC0236A9A4293D0761BAA44AB444BE76FF0A9
S3150800AED00C03DDE7FFF7B2BAF8B504460F46EFF301
S3150800AEE0108572B64288818803888A420FD2134435
S3150800AEF0B3FBF1F001FB1033013204EB8303DF608F
S3150800AF006280012628461DF07AFA3046F8BD826826
S3150800AF105AB9238804EB8302D760A2880133B3FBAE
S3150800AF20F2F102FB11332380EBE700EB8303D968C8
S3150800AF30904706460028ECD1E4E72DE9F04FAF48E4
S3150800AF408BB01DF057F9AD481DF054F94FF000636A
S3150800AF509B6A03F17842B2F5C04F63D21A68A84BD0
S3150800AF609A425FD1A74C94F84E5115F0FD0559D178
S3150800AF70A54E3378002B00F0F381022333704FF08F
S3150800AF8001084FF48033A14AA149C2F88081CB60F9
S3150800AF90C2F800809F4A13614FF000639B6ADB6921
S3150800AFA0984796F800900746C14540F08E8205F00E
S3150800AFB029FB013040F07782D4F86021964B1A6657
S3150800AFC0D4F864215A66D4F86821C3F87021D4F8F5
S3150800AFD06C211A64D4F870215A64D4F87C21D207FB
S3150800AFE000F170828D4B9A68013207D194F84E2190
S3150800AFF022B98B494968C90748BF9A60D4F87421B1
S3150800B000884B5A66D4F878219A6617F023F8D4F84C
S3150800B010503183F31188BFF36F8F357017B9012349
S3150800B02084F84E310BF015FB4FF050234FF40032E5
S3150800B030C6071A6700F14B8201221446114604FA24
S3150800B04001F3034002F1010200F04382764B03EB61
S3150800B0504103B3F87831754A062B11687448039191
S3150800B0608AB24FEA114140F03B824FF20F039942F0
S3150800B07040F03382B2F5406F28BF4FF4C0620280B9
S3150800B0804FF000534CF23C325A806A4A536A43F4F2
S3150800B09070235362EFF308834FF0CD31664A043BC1
S3150800B0A0934280F02E820AF047FB54481DF0A2F81E
S3150800B0B0564B1A68950104D44FF00072C3F88021E4
S3150800B0C01A601A68540104D44FF08062C3F88021CC
S3150800B0D01A600023594C2746C4E90133C4E90333EF
S3150800B0E0C4E90843C4E90D43E06C236484F844309A
S3150800B0F0A4F8C43084F82830E36184F83C3023632C
S3150800B10047F8183B04F150018368984750BBE06C38
S3150800B1100368984730BBE06C214643689847054664
S3150800B120D0B926460146C4F89800C4F8C00084F889
S3150800B130BC00A4F89400202204F19C001AF047FFF2
S3150800B14046F8845FC6E90155E06CC4F89050C368B8
S3150800B1509847002800F0D881384607F0F5FF3848A8
S3150800B16007F0F2FFFDF739FE1CF072FE314B5B6803
S3150800B1700AF0DAFC334B984200D048B905A80EF01D
S3150800B180A5FB28B94FF0FF309DF814101BF072FA92
S3150800B190FBF774F902212C4B2C48CDE905134FF027
S3150800B1A00073CDE907030723002605A94FF0FF30F2
S3150800B1B009931BF010FC00214FF0FF301BF00EFC2A
S3150800B1C013F0B2FA4022002121481AF000FF30227B
S3150800B1D0002120481AF0FBFE1D481F4B1F4ADFF8C6
S3150800B1E080A0DFF88090DFF88080DFF880E0A3F1A8
S3150800B1F0180CA0F5C27400F1400739E0189002084F
S3150800B20007B0CD5EE0130020A40E002000E100E0A8
S3150800B21000A0004400900044008000440C3D00203B
S3150800B22000C0055000800050589102080000002018
S3150800B230A20E002000ED00E008000020F03B0020F0
S3150800B2401C3C0020038000F0006A1800000206007B
S3150800B25064150020A4150020E40A0020100D002023
S3150800B26069060108C1BC000805C50008C106010831
S3150800B2704FF0240B00210BFB06FB0CEB0B0543E9F7
S3150800B280061043E904A943E9028E2977296218259D
S3150800B29005FB067542F8145CAD4D42F8181C42F8D9
S3150800B2A0105CAC4D43F8241B42F80C5CAA4D2030C8
S3150800B2B042F8085CA94D42F8045CA94D5D4429771B
S3150800B2C02962012542F8241B002E00F03E812846FB
S3150800B2D01CF0B2F88146002840F06D82002000215B
S3150800B2E0A04B4FF6FF7AC3E9000141F60B23DFF8BE
S3150800B2F0D4822022A8F804309B4B7F219B48C4F8AF
S3150800B300F431ADF808A08DF80A50C8F800901AF084
S3150800B3105EFE47F67F724FF0FF374FF0800B944B77
S3150800B32094491A80944BC4F814121B884A46A4F808
S3150800B3300432924B24391B6805A8C4F80C32904B8A
S3150800B34005971B88A4F808B2A4F806328D4B1B682B
S3150800B350C4F8103213F046FA002800F03581FEE7EB
S3150800B3600127CDE903553770EFF31183302282F3B5
S3150800B3701188C4F8503116F065FE94F8543153B963
S3150800B3800AF0DAF938B9804804F5AC7110F0B8FC5F
S3150800B39008B984F854717D4B5A6EC4F874219B6EB3
S3150800B3A07B4AC4F878314FF480439366794B5968E1
S3150800B3B0C4F87C1178499960196EC4F86011596E01
S3150800B3C0C4F86411D3F87011C4F86811196CC4F87C
S3150800B3D06C11596CC4F870117049086C1864496C82
S3150800B3E05964012151661B6E9A0445D56C4AD36887
S3150800B3F0DB07FCD46B4B9A68501C42D04FF4801381
S3150800B4009340694A13660422674B4FF000671A6631
S3150800B4104FF400721A6608221A664FF480521A66AA
S3150800B4204FF400221F665A66BB6A03F17843B3F5E8
S3150800B430C04F10D201238DF81430002305A8CDE99A
S3150800B440063305F0C5F8079B590504D5BB6A04A958
S3150800B4501B6C03A89847039A534B1A66049A5A66B4
S3150800B46094F85421002A3FF48AADD4F858211A6674
S3150800B470D4F85C215A6682E54C4AD368DF07FCD4C7
S3150800B480B8E794F84E31002BBDD14FF40072404B0B
S3150800B4905A6603F5A6235B68002BB4D14FF48012D5
S3150800B4A0414B1A66AFE705F0ADF840F20113984232
S3150800B4B03FF482AD3E4B3A4AC3F86490D368D80746
S3150800B4C0FCD479E500229A608CE54546A5E500217D
S3150800B4D0BCE5102A7FF4B2ADBDE54FF4C062CEE5F7
S3150800B4E040F20724A3420AD14FF20F04A14206D123
S3150800B4F09A4202BF4FF000524CF23C315180038011
S3150800B500C3E543F80419CBE530460BF0AFFA00283B
S3150800B5107FF422AEFDF761FC044600287FF41CAEDA
S3150800B5204FF48440FEF7EEFA003818BF0120214B8D
S3150800B530214A83F88001214B02201A60204B1C61A6
S3150800B54008F08AF808F030F80CE62E4690E600BFB8
S3150800B55061C50008CDBC000891C5000899C500085A
S3150800B560F80C0020200F0020D51301087F110020B9
S3150800B5707D110020F81500206EBF020874BF02086E
S3150800B5806CBF020870BF0208A80E00200080005099
S3150800B590009000500080004455CEAC0000C0005416
S3150800B5A0000004400C3D00200090004400000450B8
S3150800B5B000900040E0130020912B0108DC2D0020AC
S3150800B5C0E02D0020480F00209749059813F082FCCB
S3150800B5D000B1FEE7022105981BF0CEF800B1FEE7A0
S3150800B5E09249059813F070FE00B1FEE729460598C2
S3150800B5F01BF0C4FA00B1FEE7294605981BF0CCFA01
S3150800B600814600B1FEE78A4B01465A4618461AF0AB
S3150800B610DEFC2946878780F87E7080F83EA0A0F871
S3150800B6207CA0059813F044F9824F059B3B6003B94B
S3150800B630FEE77BA3D3E900234FF0FF304FF0FF313D
S3150800B64001F0C2FC4946404601F0B0FE29462846AC
S3150800B6501BF0DAFE386802A913F002F900B1FEE71A
S3150800B6600025754BDFF828929D801D60734B9D80E1
S3150800B670C3F80090EFF3108072B60223DFF814A225
S3150800B680AAF80430CAF80050CAF808501CF0B7FEE9
S3150800B6906B4B6C4ACAF808306B4B09F180011A608B
S3150800B6A07F321A6309F19002DA639C22D9609D629F
S3150800B6B09D809D659D86654B1A7002F073F905603D
S3150800B6C002F08AF9031D00F1B402194610339A42B2
S3150800B6D0056008D198F804300B2B03D898F8053084
S3150800B6E00A2B04D8FEE743F8105C0D46EDE7584BE5
S3150800B6F0C3F80080FAF7C2FE002001F08FFF082287
S3150800B700386811461BF070F8054600B1FEE7014699
S3150800B710682250481AF05BFCEFF31188302383F354
S3150800B720118801201BF088FE10B1284610F08DFA0A
S3150800B73088F31188BFF36F8F0822386811461BF00B
S3150800B74053F8054600B1FEE70023002241F20D0139
S3150800B750414801F039FC294638681BF03AFA1822A4
S3150800B76029463E481AF033FC3D4801F074FD3D4831
S3150800B77001F071FD4FF6FE723B4B1D605D601D8149
S3150800B78023F8022CDD601D619D825A81EFF310803B
S3150800B79072B64FF01008354F3D60A7F80480BD60BB
S3150800B7A01CF02DFE324B41468C20324ABB60FBF71B
S3150800B7B08CF900B1FEE70AF04CFF2F4B2F4D4FF4E2
S3150800B7C0003218604FF050234FF0000AA946DFF800
S3150800B7D0C8801A6795F8E430002B40F0FC80284AA8
S3150800B7E0521BEB2A0CD8532104EB8A0ACAF83833C1
S3150800B7F0244A254B254812F051FA4FF0010AE9E789
S3150800B800C5E90135C5E903356B614FF6FF73DFF806
S3150800B8108CB0BBF800709F4242D1FEE7AFF30080C0
S3150800B8200AE020FF2202000007001100F092020839
S3150800B830B00F0020500E0020500F0020800F00206F
S3150800B840F1BE000834120020F81000206C11002008
S3150800B850440F0020A0110020C00D03002C0F00206B
S3150800B860180F00201C0F0020341300204C13002052
S3150800B870B18302089813002024120020180B002018
S3150800B880F80C00201C9302086C9002087A900208B3
S3150800B89078160020540E002018170020E01000200B
S3150800B8A0E7B93B460593C7F1040104ABD81905AAC5
S3150800B8B089B20FF063FE0023002840F09E80059AA7
S3150800B8C01744032FEED9049B002B00F097806FF0E6
S3150800B8D00042934208BF3346A54A1360BBF80030BE
S3150800B8E0C5E9075501336D62ABF8003000F017FA69
S3150800B8F00027A04B05F13001A86200F180409E4A5E
S3150800B9006B63E963A863EF6205F108002D6302F033
S3150800B91032F9FB231E20A5F85830EB694FF0300C9E
S3150800B920A3EB0903DB10B3FBF0F30B214FF6FF7211
S3150800B9309248DBB20CFB030385F84410A5F84620B1
S3150800B940C5E91C3505F18000C5E91277C5E91E77FA
S3150800B9502D642F656D6502F03BF805F1900002F045
S3150800B96037F805F1A00002F033F8854B05F1540BC2
S3150800B970C5F8BC3005F1B803C5F8C4305846C5F853
S3150800B980B85002F0C3FE0B214FF6FF72584685F8F1
S3150800B9904410A5F84620C5E91377AF6402F0B6FE51
S3150800B9A095F8CC30C5E9377723F03F0343F00C030D
S3150800B9B085F8CC30C5F8C850A5F8CE70A5F8D07073
S3150800B9C085F8DA7085F8E47002F048F80123C5F8BE
S3150800B9D0E80085F8E43048F8045BF035BAF1000F62
S3150800B9E03FF40BAFD4F83883C4F84083B8F1000F9E
S3150800B9F006D16921634B644AFCE6FEE733466BE7EA
S3150800BA00624D00272B4643F8E98B6B6105F6E9037F
S3150800BA10AB614FF4006305F114063046AB83C5E904
S3150800BA200877D4F83CA302F0DDFE2E662B460426E2
S3150800BA30013EC3E9197703F10803F9D1C823544A2B
S3150800BA400421C5E92C234FF6FF73A5F8B830514BEE
S3150800BA500022C5E9303600234F4FC5E93423C5E92E
S3150800BA603623C5E92266C5E92466C5E92666A5F82A
S3150800BA70846085F8A860C5F8AC60C5F8BC80C5F8D0
S3150800BA80C86085F8E010C5F8E46085F8E86085F8D0
S3150800BA90ED6885F8EE68A5F86869A5F86E69A5F8F1
S3150800BAA07069C5F88069C5F88469C5F88869C5F8F4
S3150800BAB08C6985F89069C5F8946947E902232B686B
S3150800BAC0C5F8A069A5F8A46903B9FEE7334ADFF803
S3150800BAD0DCB03146C5E90A25A7F1B0007822019302
S3150800BAE0CBF800501AF073FA4FF0FF32DFF8C09027
S3150800BAF0019BC5F876297721C5F87269C5F87A6970
S3150800BB00C5F86A69C5F8E968A7F50D60C3E9379508
S3150800BB10C4E9D19503F05AFFA7F6E40001F0B4FF93
S3150800BB201F4AC8E93795CAE93795C7F818281D4A3C
S3150800BB30DBF80030C7F824281B4AAB42C5E9016880
S3150800BB40C5F80CA0A7F80668C7F81488C7F81C68D3
S3150800BB50C7F82088C7F82868C7F82C88C7F8302897
S3150800BB60C7F8346800D0FEE70BB0BDE8F08F00BF19
S3150800BB70E4100020DDDB0008C4880208F810002065
S3150800BB8029120108809002081C9302083017002029
S3150800BB9000F8FF07B5020108D0200020610201085D
S3150800BBA013EA00080DC9000841DB0008480E00200A
S3150800BBB009F000080348044B834202D0034B03B143
S3150800BBC018477047183E0020183E00200000000065
S3150800BBD0064B0749C91A891048BF0131491003D0D5
S3150800BBE0044B0BB101481847704700BF183E0020A8
S3150800BBF0183E00200000000010B5064C237843B913
S3150800BC00FFF7D8FF044B13B10448AFF300800123B4
S3150800BC10237010BDB43900200000000034FF02086C
S3150800BC2008B5054B1BB105490548AFF30080BDE8CB
S3150800BC300840FFF7CDBF00BF00000000502B0020D2
S3150800BC4034FF0208A3F5803A704700BF174B002B54
S3150800BC5008BF134B9D46FFF7F5FF00218B460F469D
S3150800BC601348144A121A1AF0B2F90E4B002B00D0D8
S3150800BC7098470D4B002B00D0984700200021040060
S3150800BC800D000D48002802D00C48AFF3008011F0D3
S3150800BC90E1FF2000290010F0F7F911F0C9FF00BFF5
S3150800BCA0000008000000000000000000C80A00208C
S3150800BCB0C80A0020C03A002000000000000000006A
S3150800BCC0014B1868704700BFC80A00204FF0FF30C4
S3150800BCD0704710B5044600B9FEE7037F1BB14369F8
S3150800BCE098470023237710BD70B5044600B9FEE7D0
S3150800BCF0038B428B9A420CD90022013303830277C5
S3150800BD00D0E9025398472B4601462046BDE87040C5
S3150800BD101847036A01330362BDE87040D9E7014B4F
S3150800BD205B691847C80A002010B5EFF31184302262
S3150800BD3082F31188094A111D5032831A1E22DB101C
S3150800BD40B3FBF2F32420DBB200FB0310FFF7C1FFBD
S3150800BD5084F31188BFF36F8F10BD00BFC80A002097
S3150800BD60014BD3F840321847C80A002010B5EFF344
S3150800BD701184302282F31188094A02F50C71503277
S3150800BD80831A1E22DB10B3FBF2F32420DBB200FB7E
S3150800BD900310FFF79EFF84F31188BFF36F8F10BD62
S3150800BDA0C80A00202DE9F843064614460D46FFF753
S3150800BDB090FF3369984700272D1947EB07032C1A7C
S3150800BDC063F10005012C75F1000306DA336A304683
S3150800BDD001333362BDE8F8437BE7D6E90283984727
S3150800BDE0A04277EB05031CD2F36898473B46024608
S3150800BDF02946204619F0FAFEF368914698473B46CD
S3150800BE0002462946204619F0F1FE4C4683B2002226
S3150800BE107383214630463283C04701233377BDE812
S3150800BE20F8833B46F3E7F8B50E4C054604F14C0398
S3150800BE30C31A1E20DB10B3FBF0F32420DBB2434306
S3150800BE40E7583026E01857B1EFF3118486F31188C6
S3150800BE50FFF7A8FF84F31188BFF36F8FF8BDE5508D
S3150800BE60F2E700BFCC0A0020F8B50E4C0546A4F54B
S3150800BE70F073C31A1E20DB10B3FBF0F32420DBB2E9
S3150800BE804343E7583026E01857B1EFF3118486F399
S3150800BE901188FFF787FF84F31188BFF36F8FF8BD0A
S3150800BEA0E550F2E7F80C0020C3071BD40E4B1B78AD
S3150800BEB003EA000103EA101001F00F0201438907A3
S3150800BEC00ED442EA0003C3F380005B070BD50220B9
S3150800BED00138064BC0B2C0EB001003EB00107047E8
S3150800BEE00120F5E700207047C03B0020180B002012
S3150800BEF0FEE7114B03F15002821A1E20D210B2FB44
S3150800BF00F0F2D2B203EB4200B0F8780203F51F73E1
S3150800BF100144002089B203EB82131A888A4201D1B0
S3150800BF209A783AB90130102803F10403F5D14FF095
S3150800BF30FF30704700B27047C80A002038B504467B
S3150800BF400D46FFF7D6FF80B20F2825D91E21154BBF
S3150800BF50E21AD210B2FBF1F2D2B203EB821303F269
S3150800BF602E21002311F82300C0B10133102BF9D17B
S3150800BF704FF0FF3399B20F2912D80B4903EB02137E
S3150800BF8001EB830301EB4201B1F878221544012243
S3150800BF90A3F87C5283F87E22002038BD1BB2E9E75D
S3150800BFA00320FAE7180B0020C80A0020154B30B505
S3150800BFB003F15002821A1E20D210B2FBF0F24C880E
S3150800BFC00D88D2B225448C8803EB4200C988B0F8A4
S3150800BFD078022C4421440144002003F53F7389B2BA
S3150800BFE003EB82131A888A4201D19A783AB901304A
S3150800BFF0102803F10403F5D14FF0FF3030BD00B22D
S3150800C000FCE700BFC80A0020704703468288C0883C
S3150800C010114481429DBF1868998080180020704796
S3150800C020A0F14103052B04D83738C0B208700020A8
S3150800C0307047A0F16103052B01D85738F5E730386A
S3150800C040C0B20928F2D90720704770B54668044679
S3150800C0500D4626B9BDE870404B68006818478B68DE
S3150800C0609847B2680146831A002BB8BF121A2B6884
S3150800C0702068A8BF0022BDE87040184738B50C46AE
S3150800C0801146E2680346944206D04568AC420BD195
S3150800C0904260FFF7DAFFE46038BD94420DD01146DE
S3150800C0A0D268002AF9D1F6E72A460021F9E7CB68D3
S3150800C0B0002BF0D0DB68CB60EDE70029F7D1002D27
S3150800C0C0E9D0EA685A60E6E770B5466804460D4660
S3150800C0D07EB18B689847B368C01A002809DB2046EA
S3150800C0E02A463146FFF7CAFF30467368BDE87040F6
S3150800C0F0184729462046BDE87040A6E7014908309A
S3150800C100E2E700BFC488020801460068014A103009
S3150800C110B4E700BFD088020801491030D4E700BF51
S3150800C120D08802080122024B002083F87C2370473E
S3150800C130C80A00200020024B83F87C03704700BF22
S3150800C140C80A0020704700F44053B3F5005F04D1D5
S3150800C15000F44C43B3F54C4F07D0B0F5804F04D3E9
S3150800C16080F04000C0F3801070470020704700F050
S3150800C1701800102805D0A0F1180358425841C000ED
S3150800C180704704207047012300F00700834013F02E
S3150800C190220F09D113F0880F08D113F0440F14BFEA
S3150800C1A001200020C0007047042070471020704707
S3150800C1B008B54307024608D0FFF7D9FF12F0180F53
S3150800C1C00CBF05300630C0B208BDFF20FCE72DE9DC
S3150800C1D0F3470E46044608B30378302B18D1437844
S3150800C1E003F0DF03582B13D10127023400224FF046
S3150800C1F0993915464FF00A08DFF870A020784FB134
S3150800C2000DF10701FFF70CFFA8B102B0BDE8F087F2
S3150800C2100027EBE73038C0B2092801D90720F4E730
S3150800C22091457AEB05038DF80700F7D3A2FB08239F
S3150800C23008FB053306E0B5F1805FEFD22B0143EA30
S3150800C240127312019DF807100020891853F1000394
S3150800C25028BF01200A461D460028DFD114F8010F21
S3150800C2600028CBD1C6E90013CFE700BF99999919E1
S3150800C27013B50C466946FFF7AAFF48B94FF0FF32D7
S3150800C280009B9A42019A70EB020234BF0720236092
S3150800C29002B010BD10B5C38802899C1C94420BD805
S3150800C2A00268D4186478D35C43EA04230B80C388F5
S3150800C2B00233C380002010BD0620FCE770B5C48891
S3150800C2C00389221D9A4211D805682A199378567847
S3150800C2D02C5D1B04D27843EA0623234343EA026310
S3150800C2E00B60C3880433C380002070BD0620FCE7BA
S3150800C2F070B5C288038902F108049C421CD80568F7
S3150800C300AC18A3786678AA5C1B0443EA0623134391
S3150800C310E278657943EA0263227942EA0522A57939
S3150800C320E47942EA054242EA0462C1E90032C38876
S3150800C3300833C380002070BD0620FCE730B5C488EA
S3150800C3400389A5189D42D7BF036806201B190B60F1
S3150800C350DFBFC388D218C280002030BDF7B50E46AD
S3150800C3600DF1060105461446FFF794FF40B9BDF8DE
S3150800C370067031463A462846FFF7E0FF00B927809F
S3150800C38003B0F0BD00F1B401903083E70C2070478C
S3150800C39007B590300DF10601FFF77CFF002808BFAE
S3150800C3A00C2003B05DF804FBFEE7FEE737B5002373
S3150800C3B000220446CDE90023FFF7B1FC694605468D
S3150800C3C004F19000FFF794FF60B9DDE90032AB4253
S3150800C3D072F1000108D35B1B62F10002C4F89839B8
S3150800C3E0C4F89C2903B030BD0720FBE7F0B5044626
S3150800C3F00C260020013A82420DD870430A180958C3
S3150800C4008B4215BF0023D2E90101C4E90033C4E910
S3150800C41000012046F0BD15186D0806FB05F7CF5933
S3150800C4209F422CBF2A46681CE5E7074BD3F88023B2
S3150800C430002352F8041F884201D1D8B2704701334D
S3150800C440042BF6D100207047C80A002037B50446E9
S3150800C4500DF106019030FFF71DFF0546E0B9236888
S3150800C4609A6CE2B1DC69BDF806102046FFF741FD7B
S3150800C47083B20F2B15D80C4B03F15002A41A1E22B7
S3150800C480E410B4FBF2F4E4B200EB041003EB80030F
S3150800C49083F87E52A3F87C52284603B030BD0D259A
S3150800C4A0FAE70A25F8E700BFC80A002013B50446CC
S3150800C4B00DF106019030FFF7EDFE50B923689A6C2E
S3150800C4C032B1BDF80610D86902B0BDE8104035E5AE
S3150800C4D00D2002B010BD13B504460DF106019030CB
S3150800C4E0FFF7D8FE50B923689A6C4AB1BDF8062002
S3150800C4F0B3F86010914201D0A3F8602002B010BDD5
S3150800C5000D20FBE710B51BF013FC124B8342124BB0
S3150800C5108B411ED3114BD3F88423D2B14FF47A74CE
S3150800C520A0FB040304FB0131531E13420DD1B2FADA
S3150800C53082F2C2F11F04531CD243E04001FA03F30E
S3150800C540184321FA02F2104310BD002319F04EFBDE
S3150800C550FAE7FEE7EFA7C64B37894100C80A00206D
S3150800C56007B50A4600B9FEE7037F03B1FEE7074BA6
S3150800C57001900093416801234FF0FF301AF030F81C
S3150800C58000B1FEE703B05DF804FB00BFAB83020809
S3150800C5904FF0FF301AF032BA00B9FEE741684FF0A3
S3150800C5A0FF301AF02DB838B5124C94F87C33E3B145
S3150800C5B0E9B115681049284619F05FFF014668B9C0
S3150800C5C0D4F888031AF0BAFA10B90024204638BD00
S3150800C5D00124214609480FF03DF8F7E7284608499F
S3150800C5E019F04BFF18B90121EAE70D24F1E70724F2
S3150800C5F0EFE700BFC80A0020C0840208CF840208FB
S3150800C600C784020810B50F4B93F87C3393B1B9B1C0
S3150800C61014680D49204619F030FF20B90FF015FBB4
S3150800C6200024204610BD2046084919F026FF38B9CF
S3150800C6300120F3E70D24214605480FF00BF8F0E733
S3150800C6400724F8E7C80A0020C0840208C78402083D
S3150800C650CF84020837B5094D04460DF10601D5F811
S3150800C66088031AF08DF838B9034622469DF8061055
S3150800C670D5F8880319F0D2FF03B030BDC80A0020E8
S3150800C6801FB50023CDE901330393FF230C4C8DF826
S3150800C6900430D4F8880319F0C3FF70B90DF102010C
S3150800C6A0D4F888031AF06CF89DF80210D4F88803B9
S3150800C6B001AA19F0BAFF00B1FEE704B010BD00BF29
S3150800C6C0C80A002008B5054BD3F8880319F081FF7E
S3150800C6D000F00300C31E5842584108BDC80A00208E
S3150800C6E00139013811F8012F10F8013F3AB9002B2A
S3150800C6F014BF01200220831E5842584170479A42AF
S3150800C700F0D00020F7E710B5A9B114680B49204608
S3150800C710FFF7E6FF38B10020FFF79CFF08B10120BC
S3150800C72010BD0020FCE720460549FFF7D9FF10B1E8
S3150800C730FFF7A6FFF2E70720F2E700BFE484020846
S3150800C740EA84020810B5A1B114680B492046FFF720
S3150800C750C7FF30B10120FFF77DFF003818BF012061
S3150800C76010BD20460549FFF7BBFF10B1FFF788FF4C
S3150800C770F3E70720F4E700BFE4840208EA84020826
S3150800C78037B5036804469A6C6AB31848DB69A0F59E
S3150800C7900B729B1A1E22DB10B3FBF2F3DBB24022AC
S3150800C7A0002100EB831019F012FC04F19005B4F88F
S3150800C7B09830B4F896209B1A9BB2012B01D800201A
S3150800C7C00FE028460DF10601FFF764FD48B9236816
S3150800C7D0BDF806109A6C32B1D869FFF7AFFB00288E
S3150800C7E0E5D003B030BD0D20FBE700BF440D0020A7
S3150800C7F00023F7B506460F460C2001A915460193F6
S3150800C8000EF0CCFD019C04B9FEE7276026715EB9DF
S3150800C810A56021460848FEF75FFB50B9204603B0DD
S3150800C820BDE8F040FAF728B82B7823726B88638145
S3150800C830EFE703B0F0BD00BF540E0020012937B55D
S3150800C84002D0072003B030BD10680028F9D003785D
S3150800C85069462D2B0ED10130FFF7B9FC0346002897
S3150800C860F0D14FF00042009CA242019A9341E8D3CE
S3150800C87064420DE02B2B08BF0130FFF7A8FC002807
S3150800C880E0D1009C019BB4F1004F73F10003D8D2AC
S3150800C89004F18003FF2BD4D8064D04EB840149002C
S3150800C8A0D5F8880309B212F065FA00B1FEE785F8F3
S3150800C8B0D843C7E7C80A0020012B08B50DD0022BBC
S3150800C8C015D0D3B98A4237BF4368511A5B1A016833
S3150800C8D03CBF521AD11888B208BD8A4289BF43683C
S3150800C8E0891A9B1A026884BF891AC918F3E7C721EF
S3150800C8F0034B044A044811F0D1F90021EBE700BFC5
S3150800C900EF840208F58402084F85020810B5074B24
S3150800C910D3F8804304F58D5008300AF00BF800B1BF
S3150800C920FEE704F5805484F8A60110BDC80A002065
S3150800C93008B513468288232A05D90A4600680121C4
S3150800C940FDF77CFD00B1FEE708BDF8B500F1080368
S3150800C95003604FF404134360002304460D460E8A11
S3150800C960064F03720E44B54201D12046F8BD39463A
S3150800C970204615F8012B0EF037FBF4E7E885020888
S3150800C9800EB4034617B505A951F8040B5C69019165
S3150800C9900CB19A69A04703B0BDE8104003B07047D0
S3150800C9A070B5012905461446C2B006D11268164963
S3150800C9B0FFF7E6FF002042B070BD022921D11349D6
S3150800C9C01068FFF78DFEE0B1606801A9FFF750FC1B
S3150800C9D00028F0D1019902ACFF2928BFFF21224681
S3150800C9E00A26884204D10023074913542846DFE75C
S3150800C9F0B0FBF6F306FB1303303304F8013B0130B2
S3150800CA00EFE70720D7E700BFDF870208ED850208B2
S3150800CA1013B50C4629B90F49FFF7B2FF204602B0F5
S3150800CA2010BD012911D169461068FFF7D0FB0446ED
S3150800CA300028F3D1009B019AB3F5807F72F10002BA
S3150800CA4003D20B3BDBB20F2B01D90724E6E70C24F4
S3150800CA50E4E700BFF085020870B586B011B90C206E
S3150800CA6006B070BD14681F492046FFF739FE002836
S3150800CA70F5D120461C49FFF733FE0028EFD11023D5
S3150800CA80ADF8143064B3204619F034FD431C212B4D
S3150800CA904FEA530524D801AA164600F001031544A7
S3150800CAA0AE42DCD02078CBB90DF10301FFF7B8FA16
S3150800CAB00028D5D19DF8032001341201D2B220787E
S3150800CAC00DF10301FFF7ACFA0028C9D19DF8033030
S3150800CAD001341A4306F8012B0346E1E70022EEE784
S3150800CAE00720BDE7C0840208C78402080368006EF1
S3150800CAF093F844100FF0A5B8044B006E93F8D913B9
S3150800CB00490001F0FE010FF09CB800BFC80A0020DA
S3150800CB103221006E0FF095B8AF21006E0FF091B874
S3150800CB20F8B505460E460024012707FA04F33342F2
S3150800CB3004D10134202CF8D10020F8BD286EE1B2CA
S3150800CB400FF07FF80028F4D0F7E7D0F8B010E7E741
S3150800CB500049E5E700F8FF070049E1E700F8FF07A5
S3150800CB600368996C41B190F87139034493F97619C1
S3150800CB70013118BF01214900006E0FF062B8034663
S3150800CB80002110B400F1100253F8044F0CB1013122
S3150800CB90C9B29342F8D1006E5DF8044B0FF051B854
S3150800CBA00021006E0FF04DB80421006E0FF049B851
S3150800CBB090F8E010006E0FF044B89C21006E0FF05C
S3150800CBC040B80221006E0FF03CB8232070477F2939
S3150800CBD00B46F7B51ED9B1F5804F1DD3B1F5001F29
S3150800CBE01CD3B1F1805F2CBF052204226E460024B7
S3150800CBF03146571EBC42DDB212D104F108030DEBD3
S3150800CC00030405F07F0504F8085C00680EF02EFFA3
S3150800CC1003B0F0BD0122E9E70222E7E70322E5E7D0
S3150800CC2065F07F0506F8015BDB090134E2E72DE9CB
S3150800CC30F0470568044695F81C900E46B9F1020FB0
S3150800CC4025D0AB6AD0F82C80984523D14B4641466F
S3150800CC50EA6A2846FFF730FED4F828A007464B466E
S3150800CC60524641462846FFF727FE874212D9C5F89D
S3150800CC702CA094F825300021204684F82430FFF7AC
S3150800CC80A6FF28B931462046BDE8F0479FE70D20A4
S3150800CC90BDE8F0870720FBE702216030C7E7D0F838
S3150800CCA0AC10603093E710B500F16004042120460B
S3150800CCB0FFF78DFF20B92046BDE81040032186E71F
S3150800CCC010BD0321603082E7002160307FE710B590
S3150800CCD000F1600405212046FFF779FF40BB0C21CF
S3150800CCE02046FFF774FF18BB18212046FFF76FFF91
S3150800CCF0F0B922212046FFF76AFFC8B940F20121A0
S3150800CD002046FFF764FF98B940212046FFF75FFFEA
S3150800CD1070B941212046FFF75AFF48B942212046FB
S3150800CD20FFF755FF20B92046BDE8104043214EE7DE
S3150800CD3010BD0B2160304AE70421603047E750F800
S3150800CD40603BB3F8581041F0340140E770B5164A15
S3150800CD5086B002AC5168054626461068224604ABE2
S3150800CD6003C3124B124913F801098B4202F8010B4F
S3150800CD70F9D10822204604A91AF028FB60B90D4B00
S3150800CD809A6CDB6CCDE900236A46234613F8011D2D
S3150800CD90934204F8011BF9D108223146286E0EF099
S3150800CDA065FE06B070BD00BF778602080900E00F71
S3150800CDB00100E00F0080E00F01680822006E623172
S3150800CDC00EF054BE0368006E996C003918BF012135
S3150800CDD00EF039BF90F87139034493F86A19006E5A
S3150800CDE00EF031BF0021006E0EF02DBF90F871399C
S3150800CDF0034493F87A19006E0EF025BF2DE9F04723
S3150800CE001F4BC2B0B3F8DA230123120A934040F24B
S3150800CE10A172134211D00024FC22214603A80294D1
S3150800CE20264619F0D4F8174D174FDFF86080DFF85B
S3150800CE306090DFF860A02B781BB9002042B0BDE8EF
S3150800CE40F08706F00302032A14BF43464B460193B4
S3150800CE5057F8043B02A8009352462B464FF48071BC
S3150800CE60204411F029FB15F8013B002BFBD1711C5E
S3150800CE70CEB211F003011CBF0019C1B20C46DAE7A5
S3150800CE80C80A0020DC880208C03A0020808602080A
S3150800CE90768602088386020807B51F4890F8DC33B1
S3150800CEA003B9FEE70023694600F57870CDE900333B
S3150800CEB00EF026FFE8B9194AD2F84031D2F84021D7
S3150800CEC01F2B4FF001030FD9203A9340019A1A43BA
S3150800CED0019208236A461249124808F041FA124B91
S3150800CEE0124A1A6007F006F99340009A1A4300920C
S3150800CEF0EFE72D28F3D1094AD2F84031D2F840217C
S3150800CF001F2B4FF0010385BF203A934093400193AE
S3150800CF1098BF0093DDE700BFC80A002000800044E0
S3150800CF2000710800A80E0020000000200B020FF078
S3150800CF30094A091A891030B55143034600222425A7
S3150800CF408A4205FB023005D00BB1046A04B130BD34
S3150800CF500132F5E70020FAE7398EE33870B50D4659
S3150800CF600668EFF31182302181F311880021046AE3
S3150800CF70016282F31188BFF36F8F002C00DC70BD4D
S3150800CF803046013CA847F8E702201AF055BA08B51A
S3150800CF900C4AD2F850345BB9D2F854346BB9FFF75F
S3150800CFA0F3FF40B9BDE808404FF4F8501AF044BA08
S3150800CFB01B68012BF0D1012008BD1B68012BEED19F
S3150800CFC0F9E700BFC80A002084462DE9F341114855
S3150800CFD0D0F85864D0F85C5486EA020885EA030754
S3150800CFE008EA0C080F4058EA070E00F58C640DD0C5
S3150800CFF0D0F8880350B1CDE9002386EA08066246D0
S3150800D0000B467D4019F0A0FB44E9026502B0BDE875
S3150800D010F08100BFC80A0020F0B589B0FFF7B4FF59
S3150800D02000B9FEE73D4CD4F84C1401B9FEE71020D0
S3150800D0301AF002FA8B8800278DF80B3001230DF1C0
S3150800D0400B011A46D4F8880319F09EFC9DF80B20AC
S3150800D050D4F84C14023A002392B20968D4F888032B
S3150800D06019F092FC2E4B05970693D4F84C34079783
S3150800D07093F82C2020208DF814201B6805AD1E7807
S3150800D080C6F340161AF0D8F950B10EF0EBFD394642
S3150800D09020201AF0B9F939464FF400401AF0B4F9CD
S3150800D0A0D4F84C74D4F888437B69C3B910201AF0B5
S3150800D0B0C3F9B97968B11B4B3A7E20469A711A7C36
S3150800D0C00433DA703246009519F0A4FA00BB09B0A9
S3150800D0D0F0BD2B463246204619F09AFAF6E70022AA
S3150800D0E0962104923A69204613440E4AA3F59B7387
S3150800D0F011831432B979039300920195324603AB32
S3150800D10019F08AFA20B9012140201AF07DF9DEE7E4
S3150800D1104FF480501BF086F8D9E700BFC80A0020F4
S3150800D12020A10700C03B002010B5084A92F86014F9
S3150800D13051B90124102882F8604400D0FEE71AF09D
S3150800D14063F9BDE8104067E710BD00BFC80A0020B4
S3150800D1501FB5FF238DF804300023CDE90233064BB3
S3150800D160014601AAD3F8880319F05FFA003818BFF8
S3150800D170012005B05DF804FBC80A002038B5104B3D
S3150800D1800D4603F15002841A1E22E410B4FBF2F491
S3150800D190E4B203EB4402A2F87812D3F888032246D5
S3150800D1A019F0BAFC00B1FEE74FF6FF739D4206D0B0
S3150800D1B00123044A01341178A3400B43137038BD88
S3150800D1C0C80A0020C03B002073B505460DF10601CC
S3150800D1D09030FFF75FF8044658B92D68AB6C5BB121
S3150800D1E0BDF806606B6D3146D869FFF7C7FFA5F82D
S3150800D1F04660204602B070BD0D24FAE708B5084B14
S3150800D20003F15002821A1E20D210B2FBF0F2D3F8B4
S3150800D2108803D2B219F086FC00B1FEE708BD00BF4C
S3150800D220C80A002037B505460DF106019030FFF70C
S3150800D23031F8044650B92B689A6C52B1BDF80610FD
S3150800D240A3F85E105B6DD869FFF7D8FF204603B0D8
S3150800D25030BD0D24FAE738B50568044675B12B6864
S3150800D260012B06D1064BD3F8880303F2644119F063
S3150800D270C7F92846F9F700FB0023236038BD00BF2D
S3150800D280C80A0020034670B548B30668022E26D1A0
S3150800D290417984790A46194814B3012925D8A0F595
S3150800D2A08064C1EB011104EB011400EB82001D79C7
S3150800D2B0FFF7D1FF94F8E4306DB283B1236A93F88F
S3150800D2C05A205C6F022A18BF83F85A60A36C33B1E0
S3150800D2D0236D23B12946206C98470023236570BD2A
S3150800D2E000EB8100BDE87040B5E700EB81001B79D3
S3150800D2F0FFF7B1FF002393F8E430FFDE180F002094
S3150800D30038B51446002A39D0D168936801391C4DBE
S3150800D3109942D5F888034FF0FF3118BF002119F05C
S3150800D32088F910F5007F0CD180232374A368E2687E
S3150800D33001339A42A3600FD92046BDE838400EF063
S3150800D340DAB8002894F91030B8BF033040F38700E4
S3150800D3508342B8BF2074E9E794F910302371022399
S3150800D3602360A37913B12046FFF78CFFD5F888030D
S3150800D3700022BDE83840802119F036BA38BD00BF12
S3150800D380C80A002008B5074BD3F8880319F0F6F940
S3150800D39030B1054BB3FBF0F083B20BB1184608BDAC
S3150800D3A00120FCE7C80A002040420F00F8B50646EF
S3150800D3B02C4D33680C46D5F888031BB3972119F012
S3150800D3C0A7FB024600B1FEE73168D5F8880311F0DD
S3150800D3D013FB00B1FEE73168D5F8880319F0B7F9F1
S3150800D3E03179814200D0FEE7D5F8880311F0AAFC0E
S3150800D3F000B1FEE70122D5F88803114619F0BCFBF7
S3150800D40020B1FEE70CF047FA00B1FEE70322D5F893
S3150800D4108803114619F0A0FB7F2C20D0D5F8880385
S3150800D42019F03EFA032814D104EB84046400D5F8F5
S3150800D43088730A21384619F035FA40F6E441384629
S3150800D44019F032FA2146D5F8880311F093FC30B169
S3150800D450FEE7D5F8880311F0A9FC0446E7E7C5F806
S3150800D4607C64F8BDC80A002038B50446164D1AF083
S3150800D47019F8237D95F884249A4223D895F88524AB
S3150800D4809A421FD3D5F87C3405F59060834202D0C2
S3150800D4907F21FFF78BFF8022D5F88803114619F004
S3150800D4A0A3F910B1012000230AE0207DFFF750FE02
S3150800D4B00028F7D120460EF01EF80028F2D10123E5
S3150800D4C0236038BD2120EEE7C80A00202DE9F8437D
S3150800D4D0264E054696F88E74FFF756FD18B17F2539
S3150800D4E02846BDE8F88306F15003ED1A1E23ED1011
S3150800D4F0B5FBF3F5EDB2012D00D9FEE706EB850382
S3150800D500D3F850944FEA8508B9F1000F28D11820AE
S3150800D5100DF0E2FF87828027C0F8009045710771F9
S3150800D52080F80690C0F808900446FFF72BFFC00065
S3150800D5301028D6BF10230123B3FBF0F32774204627
S3150800D540E360FFF791FF58B94644C6F8504423688C
S3150800D550012BFCD0257920466DB2FFF793FEBFE775
S3150800D56003484044FFF777FEB9E700BFC80A002022
S3150800D570180F002010B504460068FFF7A7FFC1B2D0
S3150800D580206EBDE810400EF05CBB2DE9F047214E39
S3150800D590894606F15003C51A1E23ED10B5FBF3F5AF
S3150800D5A0EDB2012D904600D9FEE706EB8503D3F8C8
S3150800D5B050A4AF00BAF1000F26D118200DF08CFF49
S3150800D5C0A0F8149045714FF080090125C0F800A015
S3150800D5D0857180F80490C0F808A00446FFF7D2FECB
S3150800D5E0C300B8EBC00F28BFB8FBF3F52046E560CB
S3150800D5F084F81090FFF738FF054630B93E44C6F860
S3150800D60050442846BDE8F087042503483844FFF708
S3150800D61022FEF6E7C80A0020180F002008B5054BB9
S3150800D62000EB80004100D3F8880311F0A3FB00B19A
S3150800D630FEE708BDC80A002038B50F4B0C4693F81C
S3150800D6408424824215D893F88524824211D303F59F
S3150800D6509065D3F87C34AB4204D10846FFF7DEFF69
S3150800D660002038BD0EF0FEFA21462846FFF79EFE3A
S3150800D670F6E70720F5E700BFC80A002070B504469C
S3150800D6800D46FFF781FC50BB1E22174E06F15003CC
S3150800D690E31ADB10B3FBF2F3DBB2012B00D9FEE78A
S3150800D6A006EB8303D3F8503413B11B68012B16D04D
S3150800D6B00DF0F8FD01462846FFF7BEFF044660B99F
S3150800D6C02846FFF745FD044658B90146202019F0BB
S3150800D6D09BFE86F88E5486F8BE54204670BD0D24EF
S3150800D6E0FBE70124F9E700BFC80A002010B58368E4
S3150800D6F004465BB143690179D869FFF7BFFF20B9D2
S3150800D700A37E022B01D00223A37610BD0D20FCE7D1
S3150800D71001297FB511D169461068FEF758FD044600
S3150800D72060B9009D019BB5F5807F73F1000304D2B3
S3150800D730E8B2A0F10B030F2B03D90724204604B047
S3150800D74070BDFF230A4ECDE9004496F9D81302941A
S3150800D7508DF80030FFF770FF044600B1FEE76A4611
S3150800D760D6F88803A9B218F060FF0028E6D0FEE7CD
S3150800D770C80A002010B5EFF31182302383F311880D
S3150800D780084B03F15004001B1E24C010B0FBF4F034
S3150800D790C0B203EB8013C3F8EC1482F31188BFF30D
S3150800D7A06F8F10BDC80A002008B5302383F311888F
S3150800D7B04FF000534FF20F0218805A80BFF35F8F65
S3150800D7C006F098FC2DE9F0416D4A6E4B55686E4C93
S3150800D7D05D65516A99656D49D1F80002D865D1F839
S3150800D7E004021866D1F80812586B5966916A10F047
S3150800D7F0040F9966D16A4FF00000D966116B196754
S3150800D800516B5967D26BD8649A67D3E90E1218BF61
S3150800D81011465F4A91421A655DD301F12000A04284
S3150800D82059D88869C5F308051864CE69062D5E645B
S3150800D83055D1584DA84252D3574DA8424FD20588C4
S3150800D8404DF6426085424AD11868C3F89400586874
S3150800D850C3F8980040F20170A242154604D22E6819
S3150800D8600432B6F1CD3FF7D00022C3E91F22C3E93F
S3150800D8702122C3E92322641BDFF818C1424DDFF8D1
S3150800D88018E19C648D422DD8D3E91FC7D3E92165D9
S3150800D890D3E923414FF0000E013AD2B2FF2A3BD119
S3150800D8A0BEF1000F05D0C3E91FC7C3E92165C3E967
S3150800D8B02341B3F85430C3F308030C2B3AD8022B90
S3150800D8C053D9DA1E092A50D8DFE802F030563F420B
S3150800D8D04F4F4F4F4F4C0021C3E910112C494FF4BD
S3150800D8E02060B9E755F8044D6445CBD37445C9D2D1
S3150800D8F0E607C7D50026294F57F8048FA045C1D09B
S3150800D9000136062EF8D12AB1013AD2B203EB8206C5
S3150800D910F467B7E70522F9E7E0464FF0010EBC4683
S3150800D92037462E4625460C464146B5E740F60120C1
S3150800D930BDE8F0813A2B18D1194B9B6913F0020FF9
S3150800D94040F2025318BF1846F2E740F60320EFE705
S3150800D95040F2017240F60423B0F5206F14BF10465A
S3150800D9601846E5E740F60520E2E740F60722013BC0
S3150800D9705A2B98BF1046DBE740F60220D8E700BFCF
S3150800D98000ED00E0C03A0020C80A002000E100E0EF
S3150800D99008000020E0610008A0840208383B002047
S3150800D9A00040005B084B03F5AD62D2E8AF2FD20703
S3150800D9B007D493F8682522B9C3F86C25012283F8A1
S3150800D9C068250248704700BFC80A002034100020A6
S3150800D9D01022002118F0FBBA70B5144D05F5AE6398
S3150800D9E0D3E8AF4F14F0010416D195F870359BB9FA
S3150800D9F0C5F8744505F5AF6630191034FFF7E8FF2A
S3150800DA00A02CF9D10B220A4B013A194603F110034F
S3150800DA1004D1012385F87035064870BDD5F874051C
S3150800DA2043F8100CC5F87415EEE700BFC80A0020C5
S3150800DA30401000203C100020037A012B04D0022B52
S3150800DA4006D053B90B7270470B7203880B80704768
S3150800DA500B7203680B6043684B607047094AB2F85B
S3150800DA60183603B9FEE748F24E30D2F81C36A3FB47
S3150800DA70003010EB530044BF20F000400130C2F8DC
S3150800DA801C067047C80A0020836853B903685A6899
S3150800DA9012B9586080607047926882605A689060D0
S3150800DAA058607047002337B500F58D54083405468D
S3150800DAB00C22194620460DF0C1FA2E2834D0042827
S3150800DAC009D11A4BD3F8800300F58E500C3003B0F9
S3150800DAD0BDE83040D8E700B1FEE7204601A905F0C9
S3150800DAE075F958B9019B124A20469A6505F061F9FD
S3150800DAF0204601A905F06AF908B1FEE7FEE7019B91
S3150800DB000C4A2046DA6505F054F9204601A905F0C5
S3150800DB105DF900B1FEE7019B074A20465A6705F002
S3150800DB2048F9064BC5E9083503B030BDC80A0020D8
S3150800DB30BFE9000809C000084DDB00085DDB0008E6
S3150800DB40014BD3F88003ADE7C80A0020024BD3F88F
S3150800DB50800300F58E5097E7C80A002000F5805329
S3150800DB6093F8A62132B193F8A7311BB900F58D5069
S3150800DB70143089E770472DE9F041936805460C464D
S3150800DB80164698473246074621462846FEF776FA4D
S3150800DB906868002203466BB1A168D3F808E0A1EBD8
S3150800DBA0070CAEEB070898EA0C0F14D4A1EB0E018C
S3150800DBB0002908DA52B9E0606C6031462846BDE8AB
S3150800DBC0F041FEF742BA1A46DB68E4E7D368E36039
S3150800DBD0D460BDE8F081BCF1000FEAE701688A6A03
S3150800DBE08B6B086B934208BFCA6A03F1804304BF74
S3150800DBF00132CA628B63024A30310830BBE700BF84
S3150800DC00C488020800F44052B2F5005F034620D1EA
S3150800DC1048F2400220F44E5020F03F0090421ED0B9
S3150800DC200CD8B0F5446F1AD005D8C8B1B0F5046061
S3150800DC3018BF01207047B0F50040F9E703F44C43DC
S3150800DC40B3F5404F0BD04CF64043C01A18BF01201D
S3150800DC50704710F4406F14BF012000207047002061
S3150800DC60704710B58388032B12D900680EF002F8A6
S3150800DC7080F480720446C2F30021FFF7C3FF48B957
S3150800DC808A1CC4F38123022B06D0032B17D02BB191
S3150800DC90FF2212E00A1DF4E70232D2B22046FEF74E
S3150800DCA052FA08B10232D2B2C4F38134022C08D037
S3150800DCB0032C09D0002C18BFFF22104610BD0832CD
S3150800DCC0EBE70232D2B2F8E70832FBE710B58388F1
S3150800DCD00446022B07D900680DF0FFFF18B120464D
S3150800DCE0BDE81040BDE7FF2010BD38B505460C4617
S3150800DCF0FFF7ECFFFF2817BF2B6806201B5C0020E8
S3150800DD001CBF03F00703237038BD38B505460C461B
S3150800DD10FFF7DCFFFF2817BF2B6806201B5C0020D7
S3150800DD201CBF03F01803237038BD38B505460C46EA
S3150800DD30FFF7CCFFFF281FBF431C2A68DBB2D35866
S3150800DD401ABF00202360062038BD38B505460C46A4
S3150800DD50FFF7BCFFFF2800D1FEE72A68431CD9B2AB
S3150800DD60545452FA83F3220A5A70220C240E9A70DB
S3150800DD70DC702B7F43F001032B7738BD70B5064660
S3150800DD800D46FFF7A3FFFF28044609D03268105C4A
S3150800DD90FEF7EDF922440244002053792B7070BD3A
S3150800DDA00620FCE770B506460D46FFF78FFFFF28ED
S3150800DDB0044600D1FEE73268105CFEF7D8F9224423
S3150800DDC00244557170BD10B50446FFF77FFFFF2862
S3150800DDD006D02368185CFEF7D6F90230C0B210BD2B
S3150800DDE00220FCE770B50546FFF73BFFFF2804460F
S3150800DDF011D02E6830460DF070FF60B1A9888C42AC
S3150800DE000BDA305DFEF7D4F9FF2808D00444E4B2F3
S3150800DE10A142B8BFFF24204670BDFF24FBE7044695
S3150800DE20F9E72DE9F0410746FFF7DCFFFF2804462E
S3150800DE30804644D03D6828460DF01CFF83050646FB
S3150800DE402ED53846FFF7BFFFB988A21C93B210FA41
S3150800DE5082F28A4205EB04072FDC2A5D02F07F0274
S3150800DE6013449CB210FA83F3994226DB3A88C2F32C
S3150800DE70C7127F2A01D09942E7DC2B7803F0070303
S3150800DE80032B04D106F44056B6F5005F12D15FFAAB
S3150800DE9084F8B8F1FF0F12D005EB0800BDE8F08151
S3150800DEA02B7803F00703032BF6D100F44056B6F59A
S3150800DEB0005FF1D00134A4B2E9E7FF24E7E70020C8
S3150800DEC0ECE72DE9F047734F044697F87C330E4686
S3150800DED0154686B0A3BB0846FFF7A3FF804678B36E
S3150800DEE090F80090C9F38303032B29D119F0020F88
S3150800DEF026D130680DF0BEFEB6F804A000F44050F6
S3150800DF00BAF1090F1CD9D8B909F0C309B9F1010F3B
S3150800DF101FD198F80130E32B16D18DB197F820362A
S3150800DF20022B0DD1D6E9020445F2082103230A186B
S3150800DF3087F8203607F5C66144F1000341E9022354
S3150800DF40002006B0BDE8F087F32BF9D185F0010073
S3150800DF50F7E7B9F1800FF3D1BAF10D0FF0D998F8B8
S3150800DF60013003F0F80255B9802AE9D113F0070306
S3150800DF7040D198F80630F02BE2D10120E1E7402A9B
S3150800DF80DED113F0070335D198F80630F02BD7D039
S3150800DF90E02B08D003F11C02D2B20B2A03D9503366
S3150800DFA0DBB20F2BCCD897F82036022BC8D11E220D
S3150800DFB0394D08F10200631BDB10B3FBF2F3302284
S3150800DFC0DBB202FB0373D3F830160422093119F0C9
S3150800DFD0FDF90028B4D1D6E9020445F20821032345
S3150800DFE00A1887F8203605F5BC6544F1000345E9AB
S3150800DFF00223A5E7022BA3D198F80330F02BA5D06E
S3150800E000E02B08D003F11C02D2B20B2A03D95033F5
S3150800E010DBB20F2B94D8002D92D097F82036022B1E
S3150800E0208ED11E231C4D3020641BE410B4FBF3F480
S3150800E0300023E4B205F5BC6500FB045003A98DF87E
S3150800E04014300DF022FE18B9694603A8FFF7F4FC50
S3150800E050304603A90DF0E6FD0822684603A919F023
S3150800E060B5F900287FF46CAF302303FB0474D4F8A9
S3150800E070303698F80220DB7B9A427FF461AFD6E906
S3150800E080020445F2082103230A1887F8203644F1CA
S3150800E0900003ACE7C80A0020180B00201E2238B57A
S3150800E0A0114C054604F15003C31ADB10B3FBF2F317
S3150800E0B0DBB204EB831393F8E824D3F8F03484F83E
S3150800E0C09C2404F591610122C4F89834FFF7F9FEFF
S3150800E0D095F8E4303BB1286A94F890165430BDE8B8
S3150800E0E038400DF023BA38BDC80A002010B50446DA
S3150800E0F0FFF797FE2368C01AC0B210BD70B5054673
S3150800E1008688FFF7F3FF04462846FFF75CFE0444BB
S3150800E110301B80B270BD2DE9F04F076804469BB0EE
S3150800E12038460D460DF0D9FD002800F0D681204668
S3150800E13007A9FFF7EAFD8046002840F0CE819DF842
S3150800E1401C90B9F1080F40F0C881237FDA0600F168
S3150800E150C481B34E97F800A006F15003ED1A1E23AA
S3150800E1600AF0070AED10BAF1020FB5FBF3F51CD158
S3150800E1708DF81C0007A92046FFF700FE9DF81C1025
S3150800E180002900F0B581EBB206EB831393F8E93466
S3150800E1905A1E914210D08B420CD00133994200F09E
S3150800E1A0178148461BB0BDE8F08FEBB206EB831328
S3150800E1B093F8E9144FF001089A4BEDB208EB850085
S3150800E1C003EB00130C33A360237FDB0719D43B78DA
S3150800E1D0AF0103F00703022B04BFF319D3F8EC24AD
S3150800E1E0204604BF83F8E814C3F8F024FFF7DAFDE5
S3150800E1F0F319D3F8EC1420464A1CC3F8EC24FFF7AD
S3150800E200A4FD0023206802930DF067FD002800F0A6
S3150800E210648120460DF10701FFF767FD002840F0ED
S3150800E2205C81204602A9FFF780FD002840F0558151
S3150800E2307D49029B01EBC50751F8350079681ABA82
S3150800E2409DF8076003AB03C320468DF81860059256
S3150800E250FFF7B9FDA368861E5FFA86F816F0010671
S3150800E260139340F0B7800638C0B20C2800F2B2808B
S3150800E2702046FFF743FF3546074603466A1C002B30
S3150800E28040F0A980EDB2022D38BF02252046022DA6
S3150800E290C5F10F0918BF5FFA89F9FFF727FF021EB4
S3150800E2A018BF0122013DA8F10203EDB25B1045EA51
S3150800E2B0C30343EA821303A94A4682460DF11D00A9
S3150800E2C08DF81C3018F0A2F80BAA39460F2393468E
S3150800E2D09945C0F0838007AA1146139819F0F8FFEC
S3150800E2E0BAF1000F06D002269DF81D308AEA03030C
S3150800E2F08DF81D304A4603A90DF12D008DF82C50D6
S3150800E30018F084F807AB09F111000021C9F10F02D2
S3150800E310184417F05CFE002510232046ADF860600F
S3150800E320CDE915578DF86490CDF850A01795ADF83E
S3150800E33062308DF86580FFF7D9FE8245064653D3CD
S3150800E340276800EB0708B8454FD1159B149A334444
S3150800E350934215930AD1BDF8603023B107AA114636
S3150800E360139819F0B5FF0023ADF860302046FFF783
S3150800E370C5FE179B169A0344934205464FD8204676
S3150800E380FFF74FFD002680462F1847454ED1179BAD
S3150800E3901D44169B17959D4215D3BDF8603023B1D1
S3150800E3A007AA1146139819F093FF9DF864200E2AC0
S3150800E3B009D802F1110007AB0021C2F10F0253FA86
S3150800E3C080F017F004FEDDE916329A426FD0FEE7B8
S3150800E3D0D046F1E6FEE715461B0A4FE7013B02F871
S3150800E3E0011DDBB2090A73E7FEE7BDF86030102BA2
S3150800E3F006D107AA1146139819F06AFFADF86050BE
S3150800E400BDF860305A1C6833ADF860206B4417F8C5
S3150800E410012B13F84C1C4A4003F84C2C93E7FEE7F3
S3150800E420C80A0020B00F002059110020BDF862303C
S3150800E430102B12D10FA90F200A469DF864C060451B
S3150800E44005DD11F8013D0133DBB20B706BB359469C
S3150800E450139819F03DFFADF86260BDF8623098F880
S3150800E46000905A1C6833ADF862206B4413F82C3CB4
S3150800E47089EA030308F8013BBDF86030102B06D182
S3150800E48007AA1146139819F023FFADF86060BDF886
S3150800E49060305A1C6833ADF860206B4413F84C2C76
S3150800E4A089EA020903F84C9C6FE70138C7E720465A
S3150800E4B0FFF789FCA6880FAA361A594613982568C5
S3150800E4C019F006FF002207ABA8199DF865108A42C5
S3150800E4D006DB237F43F0100323774FF0000960E63D
S3150800E4E013F8011B0132DD7F694000F8011BECE7D8
S3150800E4F04FF0010955E601F1080313F8012D8B4287
S3150800E50000F8012BF9D1704713B504466846FFF7A2
S3150800E510F2FF246869462046FDF748FD80B20F28B9
S3150800E52030D91E211B4AA31ADB10B3FBF1F3DBB269
S3150800E53002EB831202F2AE21002211F8220020B368
S3150800E5400132102AF9D14FF0FF3291B20F291ED8A5
S3150800E550114902EB031201EB430001EB8202BDF8FD
S3150800E5600030BDF80210B0F878020B44BDF804106C
S3150800E5700B44BDF806100B440344A2F8FC320123F1
S3150800E58082F8FE32002002B010BD12B2DDE7032089
S3150800E590F9E700BF180B0020C80A0020002313B5AE
S3150800E5A00822044601A990300193FDF7C7FE48B931
S3150800E5B02068836C2BB101991C3002B0BDE810406D
S3150800E5C0A2E70D2002B010BD37B5036804469A6C61
S3150800E5D062B31748DB69A0F52B729B1A1E22DB1063
S3150800E5E0B3FBF2F3DBB24022002100EB831017F0F5
S3150800E5F0EEFC04F19005B4F89830B4F896209B1A0E
S3150800E6009BB2072B01D800200EE00822284601A954
S3150800E610FDF794FE40B920680199836C33B11C302C
S3150800E620FFF772FF0028E6D003B030BD0D20FBE7E8
S3150800E630C40D0020F8B507680E4638460DF01AFBDB
S3150800E640054638460DF018FB04462846FFF7DAFA61
S3150800E65008B10234E4B2C5F38123022B12D0032B8E
S3150800E66013D02846FDF76FFD08B10234E4B2FF2C3B
S3150800E67006D0C5F38135022D09D0032D0DD04DB135
S3150800E680062009E00234E4B2EBE70834FBE701258B
S3150800E6903B5B338000203572F8BD30463919FFF7E9
S3150800E6A02AFF0225F6E730B585B00446082201A9F7
S3150800E6B09030FDF743FE0546F8B92468A36C0BB302
S3150800E6C0019902A8FFF717FFE46902A92046FDF79A
S3150800E6D06DFC83B20F2B13D80B4B03F15002A41A0F
S3150800E6E01E22E410B4FBF2F4E4B200EB041003EBD0
S3150800E6F0800383F8FE52A3F8FC52284605B030BDC5
S3150800E7000A25FAE70D25F8E7C80A002038B54FF6B6
S3150800E710FE730025044643818381C38AC58003F0BE
S3150800E720FE0343F4FE4343F00103C3820572C0F8B7
S3150800E7300E50C0F8125085612C30FFF749F904F1E4
S3150800E7403C00FFF745F904F14C00FFF741F9E56590
S3150800E750A4F8605004F16400BDE83840FDF7D4BC65
S3150800E76013B504466846FFF7C6FE1E210D4B226800
S3150800E770D21AD210B2FBF1F20721D2B203F24163E8
S3150800E78003EBC2031DF80100013903F8010BF9D2A6
S3150800E790054B6946D3F8880318F0CAF900B1FEE7B5
S3150800E7A002B010BD180B0020C80A002037B5054670
S3150800E7B0082201A99030FDF7C1FD044668B92B6807
S3150800E7C09A6C6AB10199586D0A681C30C3F86220C0
S3150800E7D04A68C3F86620FFF7C3FF204603B030BD7A
S3150800E7E00D24FAE7036810B55A1E114603628B42D8
S3150800E7F011D841620221017700210163A1F5803118
S3150800E800C0E90A33C0E90D13934207D8C0E90F23BC
S3150800E810C0E9113310BD04892144E8E701890A4497
S3150800E820F2E7012B10B5044608460AD0022B0FD092
S3150800E8301BB963681044834200D910BD2289801A27
S3150800E840F9E72368881A8342F7D922891044FAE738
S3150800E8509C21024B024A03480FF020FAEF84020873
S3150800E860928602084F8502082DE9F04790F8242081
S3150800E87012B90D20BDE8F087013A0568D2B280F8D2
S3150800E880242095F81C90B9F1020FF2D000EBC204CF
S3150800E890AB6AA6689E42ECD1D5F82CA031464B4609
S3150800E8A052462846FEF708F86768804631464B46C2
S3150800E8B03A462846FEF700F880450646D9D94B461B
S3150800E8C0524639462846FDF7F7FF0128D1D90236C0
S3150800E8D0464512DC841EA4B23C702B7F01223946C1
S3150800E8E02846FFF79EFF240A04700146012228469F
S3150800E8F02B7FFFF796FF0020BCE70720BAE71346F1
S3150800E90010B501220C78FFF78CFF03782402E01873
S3150800E91080B210BD2DE9F041044694F82460002E1B
S3150800E92034D1246894F81C80B8F1020F39D0A76A4C
S3150800E930434639462046E26AFDF7BEFF01280546EA
S3150800E9402DD9424639462046FFF7D9FF023DC5F381
S3150800E9500D05284385B2C0F30720434638700122C7
S3150800E96039462046FFF75DFF0570E36AA362227FFA
S3150800E970A06A04EB8203196A21631862E56815B177
S3150800E98023462069A8470223237705E02046FFF798
S3150800E9906BFF06460028C0D03046BDE8F081E76226
S3150800E9A0E5E70D26F8E7C26B436A9A4205D1836B01
S3150800E9B0006A1B1A5842584170470020704710B524
S3150800E9C00D4B4FF40062D3F88043002104F6A610DD
S3150800E9D017F0FDFA002204F5805383F8A72104F105
S3150800E9E01400FFF7E0FF30B904F58D501430BDE888
S3150800E9F01040FFF749B810BDC80A002090F8353016
S3150800EA0033B9C36B426A9B1A18BF012380F83430A6
S3150800EA1070472DE9F04F5D4B85B0D3F8804304F578
S3150800EA20805898F8A63104F11407002B4FD098F8AF
S3150800EA30A731002B4BD13846FFF7B5FF064600280D
S3150800EA4045D1012388F8A7313846FFF7ACFF029075
S3150800EA5078BB3846FFF7D2FF94F8483004EB8303B7
S3150800EA60DB6CC4E915330DF06BF84FF6FF73B4F899
S3150800EA704A509D4216D13846FFF7C0FF94F848A081
S3150800EA804FF00B0904EB8A03D3F84CB05B6B59467D
S3150800EA90029D0393039B994223D194F849300BB105
S3150800EAA0A4F84A50B31CEA18B2F5006F04F6A61982
S3150800EAB038D3002504F58D502B463246009504F6CA
S3150800EAC0A611083004F059FC08B188F8A75198F83F
S3150800EAD0A631002B57D1384605B0BDE8F04F0CF0EB
S3150800EAE0E0BF524638460291FFF709FF10F4004F7F
S3150800EAF0029901D08B45D0D1C0F30D025346154477
S3150800EB0038460232FFF78DFE09F1FF3313F0FF098D
S3150800EB100146ADB2BED140F2AE311D4B1D4A1E486C
S3150800EB200FF0BCF8290A09EB060209F8061005F1E8
S3150800EB30020A994455701FFA8AFA4D444D451BD06E
S3150800EB4094F84920032A17D0B2B1012A11D1E16DF0
S3150800EB5094F84830384691F800B0FFF762FEA36D86
S3150800EB60E065984202D138460CF0EAFF09F801BB85
S3150800EB70E4E74FF0000BF9E7B24438461FFA8AF685
S3150800EB800CF08FFF60E705B0BDE8F08FC80A0020DB
S3150800EB90E5860208018702084F850208416AD0E91E
S3150800EBA00E23994209D1017F012906D0531E026816
S3150800EBB093420ED34362C3637047016A914207D1F9
S3150800EBC0027F2AB142680133934205D20362836306
S3150800EBD0704701890B44EBE701895B1AF4E7037F69
S3150800EBE0022B06D0083350F82330C0E90A33022333
S3150800EBF00377D3E7F8B5047F0546022C0E4605D100
S3150800EC00E6210E4B0E4A0F480FF048F82346B4FA91
S3150800EC1084F4C76A01223946FFF703FE64090834FB
S3150800EC2055F82430834203D03E70E8620020F8BDD0
S3150800EC302846FFF7D4FF0320F9E700BF328702080A
S3150800EC404E8702084F85020870B5D0E90A239A4212
S3150800EC5005461DD1037F0021083350F82360B31AF7
S3150800EC605E425E41FFF7C6FFF603044670B90146E9
S3150800EC702846FFF7BFFF044640B9A96A360A2B7F24
S3150800EC80012228460E70FFF7CCFD0470204670BDA1
S3150800EC900024FBE738B5037F0446022B0D4607D050
S3150800ECA0FFF7D2FF28B929462046BDE83840A1E734
S3150800ECB00D2038BD38B504460D460068C9B2FFF7C1
S3150800ECC0E9FF20B92068290ABDE83840E2E738BDDF
S3150800ECD050F8603BB3F84610ECE750F8603BB3F8E1
S3150800ECE05E10E7E7B0F8B4106030E3E738B50446DD
S3150800ECF00D460068C9B2FFF7CDFF80B92068C5F395
S3150800ED000721FFF7C7FF50B92068C5F30741FFF78A
S3150800ED10C1FF20B92068290EBDE83840BAE738BDDA
S3150800ED20036893F8443093B10A2B08D84FF4FA6273
S3150800ED30534303F55C2101F534616030D6E7192B9E
S3150800ED4007D841F28832044902FB0311F5E7034963
S3150800ED50F3E70021F1E700BFB0DB2300CC3F0D004D
S3150800ED6070B5D1B20446006816461D46FFF792FFF5
S3150800ED7030BB2068C6F30721FFF78CFF00BB20686D
S3150800ED80C6F30741FFF786FFD0B92068310EFFF7B3
S3150800ED9081FFA8B92068E9B2FFF77CFF80B920682F
S3150800EDA0C5F30721FFF776FF50B92068C5F3074179
S3150800EDB0FFF770FF20B92068290EBDE8704069E7A3
S3150800EDC070BD00F51A6353E902236030C8E738B509
S3150800EDD0044608460D4617F08DFB4FF6FF7398421A
S3150800EDE028BF1846294682B220680CF03FFE014625
S3150800EDF018B92068BDE838404CE738BD014960308D
S3150800EE00E5E700BFA889020870B590F824500446C3
S3150800EE10032D1DD80668337F022B19D03046FFF71D
S3150800EE2013FFA0B9F36A04EBC5056B60B36A014624
S3150800EE30AB602068FFF72EFF48B901462068FFF748
S3150800EE4029FF20B994F82430013384F8243070BDA2
S3150800EE500D20FCE72DE9F843064617460C4600F157
S3150800EE606005D9B1AAB9B1F80480D1F8009028464E
S3150800EE704146FFF71FFF10B10120BDE8F88342465F
S3150800EE804946306E0CF0F2FD0028F5D194F91510BC
S3150800EE900AE000212846FFF70DFFF5E72846FFF7A9
S3150800EEA009FF0028E8D12146306EC9B20CF0C9FE28
S3150800EEB00028E1D18021306E0CF0C3FE0028DBD19A
S3150800EEC0002C5BD0E37D03F001019B074FEA01119B
S3150800EED001D541F020012846FFF7ECFE0028CBD1EA
S3150800EEE02846FFF791FF01460028C5D104B1A1794C
S3150800EEF0306E0CF0A6FE01460028BDD104B1A17DF6
S3150800EF00306E0CF09EFE0028B6D1002C38D0D4E91D
S3150800EF1002232846FFF724FF0028ADD12846FFF72D
S3150800EF20A3FC0028A8D12846FFF76EFF0028A3D126
S3150800EF3039462846FDF74BFE00289DD12846FFF79F
S3150800EF4093FC002898D12846FFF75EFF0146002863
S3150800EF5092D104B1217D306E0CF073FE00288BD15E
S3150800EF608CB121692846FFF7C1FE002884D12846BE
S3150800EF70FFF77AFC003818BF01207EE72146AAE78A
S3150800EF8000220023C5E72146ECE72DE9F04111F000
S3150800EF900F0804460E4617461D46006829D000236A
S3150800EFA084F82430FFF71BFE01230377436AC0E980
S3150800EFB00A33314620680CF044FE18BB3946204611
S3150800EFC0FDF705FEF0B92668337F022B19D03046C7
S3150800EFD0FFF73AFEB0B9F36A2946A362B36A204638
S3150800EFE0E36294F8243084F82530BDE8F041FDF753
S3150800EFF0EEBD84F82480FFF7F2FD036A80F81C80D2
S3150800F000D5E70D20BDE8F08130B50546D2F8A00950
S3150800F01014460B462A46C1B0A0B1B4F8A4190FF09D
S3150800F0202DFA00280CDDB4F8A439D4F8A0299842A2
S3150800F030A8BF184602441B1AC4F8A029A4F8A43984
S3150800F04041B030BD4FF4807168460FF017FA0028BA
S3150800F050F6DB60344FF46F53062280212046FFF713
S3150800F06094FF0028ECD169462046FFF7B0FE002839
S3150800F070E6D12046FFF74EFCE2E7F8B50F4B0C4603
S3150800F080D3F880731546FDF7D0F9000160F07F00CC
S3150800F09007F1600600F0F001712306223046FFF7FB
S3150800F0A074FF48B92A4621463846FFF7D3FE18B9F1
S3150800F0B03046BDE8F8402DE4F8BD00BFC80A002078
S3150800F0C02DE9F0410F46FDF7B0F90328044600D9AB
S3150800F0D0FEE7FF221E4B2401D3F8805364F07F0419
S3150800F0E02B1893F9768983F8762905EB80035868F7
S3150800F0F005F160064030E4B2FEF7F8FA3923062235
S3150800F10021463046FFF741FFF8B9286E5FFA88F1C5
S3150800F1100CF097FDC8B9286EF9B20CF092FDA0B9AB
S3150800F1203046FFF7F7FB80B92146302306223046E2
S3150800F130FFF72BFF014640B9286E0CF082FD20B977
S3150800F1403046BDE8F041FFF7E5BBBDE8F08100BFFA
S3150800F150C80A002010B5C38802895C1C944297BF70
S3150800F16002680620D35C0B709FBFC3880133C38037
S3150800F170002010BD13B50C460DF10701FFF7EAFF95
S3150800F18028B99DF8073023B1012B04D1237002B0AA
S3150800F19010BD0346FAE70620F9E713B504460DF154
S3150800F1A007019030FFF7E6FF50B923689A6C4AB119
S3150800F1B093F86A209DF8071061F3000283F86A2025
S3150800F1C002B010BD0D20FBE7002337B504460DF14C
S3150800F1D0070190308DF80730FFF7CCFF70B9236828
S3150800F1E09DF807509A6C22B155B103F14000FEF71D
S3150800F1F07DFA94F871391C4484F86A5903B030BD15
S3150800F2000CF004FDF5E707B590300DF10701FFF79F
S3150800F210B1FF30B99DF8073013B9034A82F8203098
S3150800F220012003B05DF804FBC03B002010B590F840
S3150800F2307119044601F67A1101449030FFF79AFFD6
S3150800F24050B9226894F87139926C32B11C4494F81A
S3150800F2507A29034B83F8A12610BD0D20FCE700BFD1
S3150800F260C80A0020002337B504460DF1070190307F
S3150800F2708DF80730FFF77EFF0546A8B99DF80730D9
S3150800F2802468A3B904F1B800FCF73EFF0CF0BEFCF5
S3150800F29040B9012018F0D0F820B194F85A300BB1D3
S3150800F2A084F85A500023A364284603B030BD94F866
S3150800F2B05A3063B9012018F0BFF80CF0A7FC40B922
S3150800F2C094F85A30012B02D0012384F85A30014BA6
S3150800F2D0E9E7FEE77BF00008002373B500F1900626
S3150800F2E0044601A930468DF80330FCF7E7FF0546CA
S3150800F2F0A0B9B4F89620B4F898309A4238D0304677
S3150800F3000DF10301FFF736FF002841D123689DF868
S3150800F310030001999A6C58B31AB90D25284602B00C
S3150800F32070BDD3F8B0208A42B3F8582038BFC3F866
S3150800F330B0109006F2D55B6D164ADB6902F15000F3
S3150800F3401B1A1E20DB10B3FBF0F3EFF311803024F9
S3150800F35084F31188DBB202EB8313D3F8EC248A42D8
S3150800F36038BFC3F8EC1480F31188BFF36F8FD5E765
S3150800F370236801999A6C002ACFD0B3F85820C3F8AD
S3150800F380B0109206CAD55B6DD869FEF7F3F9C5E7E2
S3150800F3900546C3E7C80A002013B50C460DF1070158
S3150800F3A0FFF7D8FE10B99DF80730237002B010BDDC
S3150800F3B0002307B590300DF107018DF80730FFF7E8
S3150800F3C0EBFF18B99DF80720024B1A7403B05DF8D5
S3150800F3D004FB00BFC03B0020002337B505460DF1EE
S3150800F3E0070190308DF80730FFF7D6FF044690B92D
S3150800F3F00A4A2B6802F150015B1A1E21DB10B3FB87
S3150800F400F1F352FA83F39DF8072083F8B5260BF03B
S3150800F41049FFFEF703F9204603B030BDC80A0020AD
S3150800F42007B590300DF10701FFF7B6FF002808BFB2
S3150800F4300C2003B05DF804FB002337B505460DF133
S3150800F440070190308DF80730FFF784FE044660B94F
S3150800F4509DF8073023B1013B012B09D9072404E0A5
S3150800F4602B689B6C4BB10BF0D8FE204603B030BD21
S3150800F4702B689B6C0BB10120F5E70D24F5E7F7B572
S3150800F48004460025012700F19006B4F89620B4F842
S3150800F49098309A4204D10020C4F8B05003B0F0BDA9
S3150800F4A030460DF10701FFF755FE0028F6D19DF805
S3150800F4B007301F2B03D807FA03F31D43E5E7072098
S3150800F4C0ECE70023F7B506460DF1030190308DF8F9
S3150800F4D00330FFF73FFE044628B99DF8033013B101
S3150800F4E0022B03D00C24204603B0F0BD3568AB6C64
S3150800F4F0002BF8D096F87109304490F97639013323
S3150800F50001D00D24EFE7D6F8B030002B39D05A1EBB
S3150800F5101A4036D15B08114602F10102FAD180F889
S3150800F5207619AB6CB6F8B470002BEAD095F85A3059
S3150800F530002BE6D0033B042BE3D9B5F858309B07DC
S3150800F540D0D56B6DC9B2DE69FDF721FD90B18DF896
S3150800F55004100120314601AAADF80670FDF748F9F6
S3150800F56095F85A30052B1CBF052385F85A30064BEB
S3150800F5702B65B8E74FF47A7230467A43FEF705F8FA
S3150800F580EEE70724AFE700BFC1F0000873B500F146
S3150800F590900605460DF107013046FFF7DBFD0446E8
S3150800F5A008BB30460DF10601FFF7F6FE0446D0B952
S3150800F5B09DF80710A1F10B030F2B17D80C4A2B68DF
S3150800F5C002F150001B1A1E20DB10B3FBF0F3DBB26E
S3150800F5D002EB03129DF806300A4482F8AC360BF0AB
S3150800F5E061FEFEF71BF8204602B070BD0724FAE755
S3150800F5F0C80A002013B504460DF107019030FFF73D
S3150800F600A9FD50B99DF8073003F0030304EB830402
S3150800F6106368002B14BF23200C2002B010BD2DE90F
S3150800F620F04F00F1900595B006460DF111012846F8
S3150800F630FFF790FD044620B99DF81130082B04D039
S3150800F6400724204615B0BDE8F08F284604A9FFF721
S3150800F65081FD04460028F4D128460DF1120207A9B7
S3150800F660FCF77CFE04460028EBD1BDF81230102BBF
S3150800F670E6D128460DF1120206A9FCF76FFE0446EC
S3150800F6800028DED1BDF81230102BD9D128460DF14D
S3150800F690120205A9FCF762FE04460028D1D1BDF87E
S3150800F6A01230102BCCD1DDE9055B079BD6F800900C
S3150800F6B008AE30460CAF03939DF810A00DF1400834
S3150800F6C0FEF786F93846FEF783F94046FEF780F9D5
S3150800F6D0D9F84820002A47D0B446039B03F1100EF8
S3150800F6E0624618685968083303C273459446F7D1C9
S3150800F6F05B46BC460BF1100E62461868596808331B
S3150800F70003C273459446F7D12B46454603F1100CC0
S3150800F7102A4618685968083303C263451546F7D15F
S3150800F72096E80F0009F1800589F8B4A085E80F006E
S3150800F73097E80F0009F1900585E80F0098E80F0093
S3150800F74009F1A00585E80F00B9F858309B067FF542
S3150800F75078AFD9F85400CDF800803B46324651467A
S3150800F760C0690BF069FD6CE70D246AE72DE9F341E2
S3150800F77000F1900528460DF10201FCF78BFD0446C1
S3150800F78090BB0822284601A9FCF7D8FD044658BBB9
S3150800F7908DF801000DF101012846FFF7DBFC044650
S3150800F7A010BB9DF80130019FBDF80260C3F3C0028B
S3150800F7B003F0010103F00F08002F3BD019B913F02D
S3150800F7C0060F00D14AB1FEF7EDF80568DDB9FEF778
S3150800F7D003F90568E5B9032406E0FEF7E3F80268CD
S3150800F7E02346154625B91724204602B0BDE8F08100
S3150800F7F0E988B14220D02B462D68F3E71A6802B390
S3150800F80012681A601DE0EB88B3420BD02D68DDE75D
S3150800F8102B6803602846FEF7DBF8FEF7C3F8036893
S3150800F8202B60056085F80480EE803B68AB607B68DA
S3150800F830EB60D9E70724D7E7002BDFD10AB11368B5
S3150800F8400360FEF7C9F803682B600560CCE7F0B5DE
S3150800F8500024C288036807899E182346BF1A9F4258
S3150800F860C3EBC30E12D0052B10D016F803C0013314
S3150800F8700CF07F0505FA0EF51CF0800F44EA050426
S3150800F880EDD11A44C28000200C6000E00620F0BDCD
S3150800F890002313B5044601A990300193FFF7D7FF5B
S3150800F8A0B8B923689DF80420996C89B183F8442077
S3150800F8B023689A6C6AB194F87129144494F86A29F1
S3150800F8C03AB103F1400002B0BDE81040FDF70EBFA3
S3150800F8D00D2002B010BD2DE9F341044601A9903070
S3150800F8E0FFF7B5FF98BB034605464FF0010CDDF858
S3150800F8F004E0184991F80880B8F1000F1FD00A688B
S3150800F90096451CD1D4E93676A3F12002C3F1200529
S3150800F9102CFA05F50CFA02F22A430CFA03F52F43E2
S3150800F9201643C4E93676D4E9347627EA050726EA83
S3150800F9300206C4E93476BEF1000F08D14546013304
S3150800F9401F2B01F10C01D5D1002D08BF072002B0ED
S3150800F950BDE8F081EC8902082DE9F341044601A9C6
S3150800F9609030FFF774FF60BB034606460125DDF8B5
S3150800F97004E0154991F80880B8F1000F19D00A6813
S3150800F980964516D1A3F12002C3F1200625FA06F6FC
S3150800F99005FA02F2324305FA03FCD4E9367627EA79
S3150800F9A00C0726EA0206C4E93676BEF1000F08D12E
S3150800F9B0464601331F2B01F10C01DBD1002E08BF8F
S3150800F9C0072002B0BDE8F081EC890208002330B5B3
S3150800F9D0174A146824BB5468A14221D1C3F12004F4
S3150800F9E0D0E90225A3F1200105FA04F4DA402243FE
S3150800F9F025FA01F10A4312F0010FC3F12004A3F11D
S3150800FA0020020CD1012121FA04F401FA02F2224360
S3150800FA109940D0E900430C431343C0E9004330BD85
S3150800FA200133DBB21F2B02F10C02D2D1F7E700BF7C
S3150800FA30EC8902081C282ED8DFE800F00F301113D5
S3150800FA402D1517192D2D2D2D1B1D1F212D2D2D275C
S3150800FA502D2D2D25232D2D292B00002070470E2016
S3150800FA6070470B2070470C20704709207047032009
S3150800FA7070470220704704207047112070471220F3
S3150800FA8070471320704714207047162070471720B8
S3150800FA9070471820704700F580407047012070476E
S3150800FAA0024B006E197C0CF0CCB800BFC03B00209E
S3150800FAB010B5064B0446D3F888030FF077F9C1B2A0
S3150800FAC0206EBDE810400CF0BCB800BFC80A002084
S3150800FAD0024608B50C20FFF7ADFFBDE80840014611
S3150800FAE002F16000FDF7A3B8024608B50C20FFF73F
S3150800FAF0A1FFBDE80840014602F16000FDF797B88E
S3150800FB002DE9F04F5B4B8FB0D3F8D826D3F8DC1627
S3150800FB100192D3F8EC2600F160040C92D3F8F8268B
S3150800FB2005460B92D3F8FC2620460992D3F80027FF
S3150800FB30D3F8E0B60A92D3F80427D3F8E4A60792D6
S3150800FB40D3F80827D3F8E8960892D3F80C27D3F801
S3150800FB50F0760592D3F81027D3F8F4660692D3F810
S3150800FB6014270D910392D3F818270492D3F81C276B
S3150800FB70029293F82087FFF747F9002877D12046A5
S3150800FB800D99FFF7B3F8002871D159462046FFF7BB
S3150800FB90ADF800286BD151462046FFF7A7F8002894
S3150800FBA065D149462046FFF7A1F800285FD12046CF
S3150800FBB00C99FFF79BF8002859D139462046FFF7DC
S3150800FBC095F8002853D131462046FFF78FF80028CC
S3150800FBD04DD120460B99FFF789F8002847D12046D2
S3150800FBE0FEF742FE002842D12046FFF70DF900280D
S3150800FBF03DD120460999FFF779F8002837D12046E4
S3150800FC000A99FFF773F890BB20460799FFF76EF835
S3150800FC1068BB20460899FFF769F840BB2046059956
S3150800FC20FFF764F818BB20460699FFF75FF8F0B9A6
S3150800FC3020460399FFF75AF8C8B920460499FFF7F2
S3150800FC4055F8A0B920460299FFF750F878B920462A
S3150800FC50FEF70AFE58B94146286E0BF0F4FF30B994
S3150800FC60204601990FB0BDE8F04FFFF73FB80FB037
S3150800FC70BDE8F08FC80A00202DE9F74F0E46174653
S3150800FC809846FCF7D2FB032800D9FEE7354BD3F894
S3150800FC90805305EB000A9AF87249002C41D044EAD1
S3150800FCA0001464F07F04E4B297B338680BF0E2FFFF
S3150800FCB0C0F3001B002396F81C908AF8723905F1E8
S3150800FCC0600A06222146504609F00109FFF75DF948
S3150800FCD038BB4046FFF7AEFE01465046FCF777FFB5
S3150800FCE0F8B95946286E0BF0AEFFD0B94946286ECA
S3150800FCF00BF0A9FFA8B9B8F1000F0BD030680BF0CC
S3150800FD00ECFF88B9504603B0BDE8F04FFEF702BED7
S3150800FD10BB46CFE7424639462846FFF79BF80028F8
S3150800FD20ECD003B0BDE8F08FB9F1000FEAD0304649
S3150800FD300DF10301FEF722F80028F2D1304601A999
S3150800FD40FDF7F3FF0028ECD19DF80310286E0BF0A1
S3150800FD5078FF0028E5D150460199FEF7C7FF00282D
S3150800FD60D0D0DEE7C80A00202DE9F8430C4614F087
S3150800FD700F081746194604F00F0C06D1022A02D1BD
S3150800FD80D030FFF723FE00200CE090F8EE6890F8DC
S3150800FD90EDE8A6EB0E030E2B06DDD0300E21FFF79D
S3150800FDA015FE0320BDE8F883C4F30112841894F8FD
S3150800FDB0E948134644453DD133460E2B3ED842F01A
S3150800FDC0400203F58F7342EA8C0230F8334042EA68
S3150800FDD0072222F08002920524F45F74920D24F023
S3150800FDE00304224320F8332000EBC3056B68013671
S3150800FDF061F317036B6080F8EE68C4E70F3CE4B262
S3150800FE000E2CFBD804F58F7410F8345015F0400FFB
S3150800FE100CD005F003094B4508D1C5F38309C14544
S3150800FE2004D16FF3861500F83450C5E70EF1010EBC
S3150800FE305FFA8EFE7645BFD97446E1E70F3BDBB223
S3150800FE40BBE7134602228FE72DE9F04F042B044641
S3150800FE500E46904687B002D0052B19D0FEE74FF024
S3150800FE60070A13463649032204A8FCF7BFFADDE958
S3150800FE70049707F0010BB9F1000F14D1BBF1000F7D
S3150800FE8011D10D223146204607B0BDE8F04FD8E71C
S3150800FE9013462C49032204A8FCF7A8FADDE90497BF
S3150800FEA04FF0080AE5E7B4F89630B4F8985094F895
S3150800FEB09A20A4F89E50ED1AADB2A4F89C3084F8A6
S3150800FEC09B2003A92A4604F190000193FCF736FA11
S3150800FED0019BB4F8942004EB67009A4288BFA4F803
S3150800FEE09630002384F86F397B10BBF1000F02D0DF
S3150800FEF0E35853F80990C847012384F86F3918B1B5
S3150800FF00FFF798FD0246BDE704F1600743465246EF
S3150800FF1031463846DDF80C90FFF737F808B100226D
S3150800FF20B0E72A464946206E0BF0A0FD0028F6D118
S3150800FF303846FEF7EFFC0028F1D107B0BDE8F08F90
S3150800FF40608B0208848B020838B511F0300F00F177
S3150800FF50600408BFC0F8AC201546002306222046D8
S3150800FF60FFF713F848B929462046FCF730FE20B9B2
S3150800FF702046BDE83840FEF7CDBC38BD2DE9F04334
S3150800FF808BB005460E46144698465249134602A8B3
S3150800FF902D22FCF72BFADDE902793FBB19F0010F98
S3150800FFA024D1A4F57053B3F5806F44D205F16007E8
S3150800FFB02346062231463846FEF7E7FF002860D179
S3150800FFC043F601439C4236D10DF1070105F1900035
S3150800FFD0FFF7C0F878BB9DF80730082B2BD8DFE869
S3150800FFE003F021213421383D4045530005F16008CE
S3150800FFF02346062231464046FEF7C7FF002840D171
S3150801000019F0010F4FEA690318BFEB5805EB6900B0
S3150801001018BFDF59B847A0BB40460BB0BDE8F0434F
S31508010020FEF778BC0021286E0BF00BFE044600286B
S315080100304BD017281BD1B8F1000F48D00D223146F5
S3150801004028460BB0BDE8F0437EE7234B93F84017EB
S31508010050E9E700213846FEF749FEE7E76FF4407104
S31508010060F8E70021286E0BF0EEFDDFE701242046B4
S31508010070FFF7E0FC01463846FCF7D9FD1728DAD028
S3150801008018B30BB0BDE8F0830624134B0DF1100924
S31508010090D3F844270492D3F848270592D3F84C2776
S315080100A00692D3F850270792D3F85427D3F858372E
S315080100B008920993384659F8041BFEF717FE0028DB
S315080100C0B4D1013C14F0FF04F4D13846A5E7424601
S315080100D0B5E700BFA88B0208C80A002070B5044618
S315080100E0002694F8ED5894F8EE38AB4201D1002079
S315080100F034E005F58F7514F835305A0616D414F818
S3150801010035306FF3861304F8353094F8ED3801333A
S31508010110DBB20F2B84F8ED38E3D194F8EE3884F886
S31508010120ED680E2B22D884F8EE38DAE7C3F301021C
S31508010130C3F3830141EA021104EBC50253785268FD
S3150801014003F0030361F07F01022BC9B2C2F3170260
S3150801015005D12046FFF7F8FE0028D0D070BDB3FAC6
S3150801016083F320465B09FFF709FFF5E70F3BDBB28F
S31508010170D7E72DE9F047D0E93432134304461ED0B8
S3150801018000254FF00109344FDFF8D0A0C5F1200151
S31508010190D4E93430A5F12002EB4000FA01F10B4312
S315080101A020FA02F2134313F0010FC5F12008A5F155
S315080101B0200609D101351F2D07F10C07E6D10123C8
S315080101C084F89039BDE8F0873A68002A39D17B6806
S315080101D0772B14D1DAF85C37D9070ED4580628D408
S315080101E013F0180F27D1990727D49A0627D440F276
S315080101F0847213420CBF0722062202F170031A46C3
S3150801020080212046FFF7A0FE0028D8D1D4E9343250
S3150801021009FA06F629FA08F846EA080609FA05F176
S3150801022023EA010322EA0602C4E934321343C1D19F
S31508010230C5E70222E1E70822DFE70122DDE703221B
S31508010240DBE794F89039002BE0D001238021204682
S31508010250FFF794FED8E700BFEC890208C80A002018
S3150801026010B590F8A830044633B1D0F8E430994275
S3150801027004BF002380F8A8302046FFF72FFFC0B936
S3150801028094F8E81089B101230C222046FFF776FE7F
S3150801029078B994F8E03084F8E800042B1FBF636C42
S315080102A0C4F8E430012384F8A8302046BDE810409C
S315080102B05FE710BD014BD3F880035AE7C80A00204F
S315080102C02DE9F04F00260446ADF5457DFC22009147
S315080102D045A83146449615F07AFEB4F89620B4F846
S315080102E0980002F1010C844544AF4FD8D4F89050D8
S315080102F0801AA91880B217D033464E1E9DB2854280
S3150801030044D20133F25C002AF8D14FF48073D4F851
S3150801031000A06544A4F8A439A4F896501346C4F875
S31508010320A0790AF1C80647E080B34FF48073D4F880
S3150801033000A0A4F896C0C4F8A079A4F8A4390AF1D3
S31508010340C8064FF0000884A816F0A1F8904B0DF5E1
S31508010350047BD9461BF8015B95BBC8F12102B8F1AC
S31508010360210FD2B20DF18C0B4FEA82024FF0000138
S3150801037088BF00220BEB880015F029FE002D5CD002
S3150801038030468449FCF7FCFA072007E00620FFF708
S3150801039051FB009902462046FFF7D6FD0023C4F813
S315080103A0A039A4F8A4390DF5457DBDE8F08F0133D0
S315080103B0B3F5807F00F0E680CA5C002AF7D1C0E772
S315080103C05C2D2CD19BF80000A0F10902D2B2172AA4
S315080103D00DD823FA02F2D0070BD5484616F08AF84B
S315080103E059460246484615F096FF694B01E05C28D6
S315080103F0F3D01BF8012C002AABD0B8F1000F06D0B8
S315080104001BF8022C002AA4D1B8F1200F13D008F149
S31508010410010223A941F828905FFA82F899E7093D74
S31508010420EDB2172DE5D823FA05F5E90744BF0022F1
S315080104300BF8012CDDE707258FE7EBB2C4AA02EB1F
S315080104408303A3F521731B682A460135002BF4D1D2
S3150801045003A8D9B25BF821900133B9F1000F2FD166
S3150801046012F0FF054C4B09D04C490398FCF738F9B3
S31508010470494B40B3013D15F0FF0536D193F87C137E
S31508010480474A484B3046002918BF1A464649FCF7E1
S3150801049077FA04F160054FF46F530622284600994E
S315080104A0FEF773FD00287FF479AF39462846FEF733
S315080104B08EFC00287FF472AF2846FEF72BFA6DE70B
S315080104C040F82190C5E70DF10C0893F87C33D8F86C
S315080104D000B06BB958463549FCF702F940B93046C0
S315080104E03349FCF74DFA0D2058E70DF11008ECE7F2
S315080104F0304B196858460193FCF7F2F8019B2E4ACE
S31508010500B8B19A685B68511006EB6200D20748BF1A
S31508010510725805F1FF3148BFD358012D18BF08F1AC
S3150801052004094A46C9B29847232811D00028B0D0F1
S3150801053034E70C339342DCD158462049DAF8C8A08F
S3150801054015F09BFF78B158461D4915F096FF48B13D
S31508010550012D05D03046D8F800201A49FCF710FAC3
S3150801056023201BE70120184B012D03EBC00305F1DE
S31508010570FF3118BF08F104094A465046D3F87C35BD
S31508010580C9B2D0E730461149FCF7FAF9032005E765
S315080105901300800092870208C80A0020C78702084C
S315080105A08987020881870208CB870208E484020842
S315080105B0E4870208C48D02083C8E020803880208F3
S315080105C00E88020817880208C48802083C880208AF
S315080105D04FF000639A6A02F17841B1F5C04F03D230
S315080105E01168074A914203D000230370836070475C
S315080105F0012202709A6A926842609B6A9B69F5E7D2
S3150801060007B0CD5E1FB54FF000639B6A03F17842D0
S31508010610B2F5C04F23D21B6B03F17843B3F5C04F34
S315080106201DD201238DF80430002301A8CDE9023338
S31508010630FFF7CEFF039BDB0311D5029B1A0E0ED0E3
S31508010640012A03D1C3F307430A2B08D94FF00063E4
S315080106509B6A1B6B1B6C05B05DF804EB184740F2EF
S31508010660011005B05DF804FBF7B50D46044600B95F
S31508010670FEE7037F03F0FF0603B1FEE70E4B1A6898
S31508010680914215D840F2E7303146D3F884734FF4D6
S315080106907A720023E5FB070115F0A8FA0123CDE9D3
S315080106A0006301462346054A606817F009FB00B155
S315080106B0FEE703B0F0BD00BFC80A0020A583020803
S315080106C000B9FEE7406817F05BBC70B5EFF310861A
S315080106D072B64FF0FF3016F091F904460A4BD3F87B
S315080106E06027C3F86007824288BFD3F8642730467B
S315080106F084BF0132C3F86427D3F8645717F07FFE25
S315080107002046294670BD00BFC80A00202DE9F843D6
S3150801071007460D460AF0C6FD1E235D4E804606F1C4
S3150801072050043C1BE410B4FBF3F496F82036E4B20B
S31508010730032B19D0002229463846FDF7C2FB98B18A
S31508010740FFF7C3FF534C021941F1000306F5C661D1
S3150801075041E90223022386F8203607B9FEE7C6F8DF
S3150801076068770020BDE8F883012C00D9FEE730231D
S315080107706343494AD1188D4200D0FEE7C4EBC41140
S3150801078002F59E720A442968914200D0FEE72A7F43
S31508010790334412F0020F0BD1642283F85C26FCF76E
S315080107A0F6FBA8B12A4639460020FCF721F8D8E716
S315080107B093F85C26022A84BF023A83F85C26302322
S315080107C003FB046393F85C264F2AE8D85022E4E732
S315080107D04146A879FCF730FF0028C3D1FCF7D4FBC2
S315080107E0804600B1FEE74FF0300901464FF4F85054
S315080107F016F00AFE09FB0463C3F85876297F102010
S31508010800C1F38001C6F84C5416F0FEFD0C2303FB18
S3150801081004642B7F2846C3F3C003A96A84F8743895
S31508010820FDF779FCEFF3118489F311880220012180
S3150801083016F0EAFDFCF7A8FB00B9FEE721201749E7
S3150801084086F8608417F0CEFDD8B9FCF7E5FB84F38A
S315080108501188BFF36F8F4FF4805016F0EDFD002815
S315080108603FF47FAF97F8E430002B3FF47AAF3A6A4A
S31508010870936F002B3FF475AF01212846D26F984735
S315080108806FE70228E3D14FF4805017F0CBFCDEE77F
S31508010890C80A0020404B4C00F810002029D1000856
S315080108A010B58379044603F0FB03032B24D1818811
S315080108B0C269C906036805D49179D869FCF7DEFED1
S315080108C000B1FEE7A379E169042B1CBF0423A371D8
S315080108D02368D869FFF71AFF0D280BD1E269536916
S315080108E04BB100235361E26913612368E169D86951
S315080108F0FFF70CFF00B1FEE710BDC26983795169A4
S3150801090009B9126922B1072B01D007238371C7E7F9
S31508010910032BFCD00323F9E72DE9F74300F164071C
S31508010920044638461E460D469046FBF7EDFB4CF647
S315080109300103F340D80700D4FEE7B4F8049019F090
S31508010940200F2AD028680BF0C8F930B32B7FD907B6
S3150801095023D528460DF10201FDF7D7F900B1FEE7C7
S315080109609DF80230082B18D1284601A9FDF7DDF9B3
S3150801097000B1FEE728460DF10301FDF7FFF900B1C5
S31508010980FEE79DF8031094F86020019B914204D17B
S31508010990E26D934224BF0133E3650023E371002E20
S315080109A049D019F0040F46D1237A6A7E9A4242D970
S315080109B0013323722B7F0E2E43F002032B7735D199
S315080109C0A37994F86110062B1CBF0623A371FDF7C2
S315080109D045F84FF0FF338B4020EA03054FF4A07327
S315080109E05D43A37DDA070AD5E26923689179D86957
S315080109F0FCF744FEFBF7B4F9002D03DAFEE70BF02A
S31508010A0005F9F7E70544606E3946194AE566103077
S31508010A10FDF7B1F894F861300133DBB2052B28BF35
S31508010A20052384F8613003B0BDE8F083204603B09E
S31508010A30BDE8F04361E7A379022B1CBF0223A3712A
S31508010A40A97EAB798B4206D0A37DDB0703D5236844
S31508010A50D869FCF713FE246AE76C002FE3D0334606
S31508010A6042462946206CB8470023E364DBE700BF0A
S31508010A70D08802082DE9F04190F8E47004460D4645
S31508010A801E46C7B10D4F97F87C7397B1897EAB792E
S31508010A908B4206D00A4BCB40DB0700D4FEE7FCF7B6
S31508010AA0EDFD334600222946206A5430BDE8F0415F
S31508010AB032E7006AF9E7BDE8F08100BFC80A0020FD
S31508010AC000F8FF072DE9F04FABB0134604460F4671
S31508010AD006A8BA4916461D22FBF788FCDDE9061069
S31508010AE000F00105002940F0EA82002D40F0E78276
S31508010AF0712E43D0B6F56F5F39D00C2E40F0D282F5
S31508010B000CA904F19000FEF725FB002840F04A8164
S31508010B109DF83030022B1ED003D9DA1E012A88BF70
S31508010B200323002584F8E0300C22012339462046A8
S31508010B3084F8E850FFF722FA94F8E030042B13D032
S31508010B40012350B9626C84F8A830C4F8E420002067
S31508010B502BB0BDE8F08F0123E3E7C4F8E45084F82D
S31508010B60A83084F8E870F2E70028F0D0F9E73946AA
S31508010B7020462BB0BDE8F04FFFF7A2BB23689A6C5D
S31508010B80002A00F08B821D6F002D00F0898204F186
S31508010B909006304608AA0CA9FBF7E0FB002840F0AE
S31508010BA00181BDF820207F2A00F2FB80A846AA8091
S31508010BB058F8060B0C9915F029FC41463046FEF704
S31508010BC0C9FA002840F0EE80AB79C5E90400AB7696
S31508010BD040F604732B837F23EB762B7F304623F075
S31508010BE0170343F004032B7705F11801FEF7B2FA50
S31508010BF000284DD1304605F11901FEF7ABFA002858
S31508010C0046D130460DF11101FEF7B4FA00283FD15D
S31508010C102B7F9DF81120304662F382032B770DF165
S31508010C201301FEF7A7FA98BB2B7F9DF813203046D0
S31508010C3062F300032B770DF11201FEF79BFA38BB1D
S31508010C402B7F9DF81220304662F341032B7705A9C5
S31508010C50FEF790FAE0B92B7F9DF81420304662F32F
S31508010C6004132B7705F11401FBF728FB80B93046ED
S31508010C7005F11001FBF722FB50B9304605F11A01BF
S31508010C80FEF768FA20B9304605F11B01FEF784FB29
S31508010C902568AB6C002B00F0018205F15403039320
S31508010CA095F85A30052B00F0F9812E6F30680BF054
S31508010CB014F8002800F0D281337FD80600F1CE81DE
S31508010CC030460DF11201FDF720F8002840F0C681E3
S31508010CD0337FD90704D4304695F8B410FDF762F886
S31508010CE0B5F858309A0600F1B9819DF81230082BEB
S31508010CF040F0B4812B6F05F190029A60286F037F4B
S31508010D00DB070BD4D5F8B0603146FDF71EF8D5F8E8
S31508010D10B0309E4224BF0136C5F8B06000212823B1
S31508010D202E6F0DF13808242240460591CDF8308002
S31508010D30ADF8343015F04BF930680AF0CEFF0028CB
S31508010D4000F0858130460DF11301FCF7CEFF00282E
S31508010D5040F07D81304605A9FCF7E7FF002840F001
S31508010D607681059BD5F86200D5F866101ABA9DF802
S31508010D7013C008AB03C30A9240468022B1688DF8B6
S31508010D802CC0F9F7ECFA0090B0B93046FDF71BF81C
S31508010D90A0F1020A5FFA8AF31AF0010A01930FD049
S31508010DA0FEE70620FEF746FE3946024620462BB0E8
S31508010DB0BDE8F04FFFF7C8B8FEE700BF4C8E020842
S31508010DC00638C0B20C28EBD83046FDF797F9D1465C
S31508010DD08346034609F10102002B40F0B4805FFA0D
S31508010DE089F9B9F1020F38BF4FF002093046B9F156
S31508010DF0020FC9F10F0818BF5FFA88F8FDF776F9EF
S31508010E0009F1FF33DBB20293019B029A023B5B10A5
S31508010E1042EAC303021E18BF012208A943EA821344
S31508010E20814642460DF161008DF8603015F0EEFA03
S31508010E305A460F231CA99845C0F0888018AA11465E
S31508010E400CA8FBF775FDB9F1000F07D04FF0020AA0
S31508010E509DF8613089EA03038DF86130029B4246A9
S31508010E6008A90DF171008DF8703015F0CFFA0CABA9
S31508010E7008F14100C8F10F020021184415F0A7F83E
S31508010E8010238DF8A4804FF00008ADF8A230019B1D
S31508010E903046ADF8A0A0CDE9258BCDF89090CDF8D8
S31508010EA09C808DF8A530FDF721F98145824653D3FB
S31508010EB0D6F8009000EB090BCB454ED1259B249A19
S31508010EC05344934225930AD1BDF8A03023B118AAF9
S31508010ED011460CA8FBF72CFD0023ADF8A0303046CF
S31508010EE0FDF70CF9279B269A0344934280464ED870
S31508010EF03046FCF796FF4FF0000B8146824600EB21
S31508010F0008030193019B534542D1279B269A4344E3
S31508010F109342279312D3BDF8A03023B118AA1146DC
S31508010F200CA8FBF705FD9DF8A4200CAB02F14100C6
S31508010F300021C2F10F02184415F049F8DDE92632FD
S31508010F409A4269D0FEE791461B0A43E7013B01F83D
S31508010F50012DDBB2120A6EE7FEE7BDF8A030102BB1
S31508010F6006D118AA11460CA8FBF7E2FCADF8A08039
S31508010F70BDF8A0305A1CA833ADF8A0206B4419F867
S31508010F80012B13F8481C4A4003F8482C94E7FEE75E
S31508010F90BDF8A230102B12D120A90F200A469DF8C0
S31508010FA0A4C0604505DD11F8013D0133DBB20B70C4
S31508010FB083B31CA90CA8FBF7BBFCADF8A2B01AF8C1
S31508010FC0013BB9F1000F0BD0BDF8A220511CA83284
S31508010FD0ADF8A2106A4412F8282C5A400AF8012CD6
S31508010FE0BDF8A020102A08D118AA11460CA8029308
S31508010FF0FBF79EFC029BADF8A0B0BDF8A020511CE2
S31508011000A832ADF8A0106A4412F8481C4B4002F801
S31508011010483C77E70138C4E73046FCF7D4FEB6F812
S315080110200490D6F80080A9EB000920AA0CA81CA9EF
S31508011030FBF77EFC0DF15F0308EB09009DF8A5207F
S31508011040009991421EDB337F43F010033377BDF8D5
S315080110503430232B21D90C98F9F750F9002303983A
S3150801106085F85B3085F85C3085F8B530FFF745FCC7
S315080110706B4BEB64C7F30113234407F00F0783F89F
S31508011080727964E513F8012F93F820104A4000F8A5
S31508011090012B009A01320092D0E7FEE70D2081E686
S315080110A003207FE6A6F57053B3F5806F1AD30D2298
S315080110B0394620462BB0BDE8F04FFEF7C2BE0023E5
S315080110C084F86F39431004EB60000DB1E3585958A1
S315080110D08847012384F86F39002869D0FEF7AAFCEE
S315080110E00246E5E743F601439E4284F86F5903D069
S315080110F0012384F86F39DAE704F1900528460DF1E2
S315080111001301FEF727F801230028F2D19DF81320D1
S31508011110092AEED801A151F822F000BF45110108AC
S3150801112063110108F310010895110108C31101089B
S31508011130F31001080D120108CD110108FF1101086C
S315080111400D12010828460CA9FEF704F801280346E2
S315080111504FF0010238BF012084F86F29C0B2172B5E
S315080111604AE00023284608A98DF820308DF830304A
S31508011170FDF7F0FF00283BD128460CA9FDF7FAFF39
S31508011180B0BB9DF82030072B45D90123072084F8E9
S315080111906F39A3E7002328460CA98DF83030FDF7EF
S315080111A0D9FF012328BB9DF83020A2BB84F86F39EB
S315080111B033460122394620462BB0BDE8F04FFEF7EB
S315080111C0D3BD28460CA9FBF779F8BFE7284605A938
S315080111D0FDF7C0FF60B9284608A9FDF7BBFF38B976
S315080111E028460CA9FDF7B6FF012838BF0120C0B271
S315080111F0012384F86F3917287FF470AF57E718224F
S315080112000021084814F0E3FE0123CFE728460CA97C
S31508011210FDF7B0FF9AE7012084F86F095EE700BF82
S3150801122079FC00080C12002070B5046894F85A304D
S3150801123004F15405033B042B56D8DFE803F00308F1
S315080112401B1603002846BDE87040FFF729BB226F2D
S31508011250636D9179D869FCF711FA2846216F0E2337
S31508011260BDE870400022FFF757BB2846BDE870402D
S31508011270FFF743BBB4F858309B0700D5FEE7636D0B
S31508011280D869FCF723F97F2807D094F96B307F2BAF
S3150801129001D0834201DA84F86B00FAF740FDE36E68
S315080112A0C01A00280EDAD4F8C030D4F8B800803352
S315080112B0C4F8C03004F1B8010C4A1030BDE87040DA
S315080112C0FCF759BC94F85A3094F96B10022B1CBFE1
S315080112D0022384F85A30646FA36C2BB1236D1BB1BA
S315080112E0206C98470023236570BD00BFD08802088B
S315080112F010B50446FFF7E9F902460B4604F160000A
S31508011300BDE81040FDF72CBDF0B500F190058DB094
S31508011310284602A9FAF7ECFF044600284CD12846CC
S3150801132001A9FAF7CBFF0446002845D128460DF155
S315080113300301FDF70FFF044600283DD1FFF7C5F964
S31508011340DDE90253A84271EB03023DD26FF00102B7
S315080113502D1A63EB0103AA4274EB030334D39DF8F8
S315080113600360019F09F09EFF0146184816F064F8CC
S3150801137008BB3046FCF760F90446E8B9012120208C
S3150801138016F042F8FF238DF8143001230895104D05
S315080113900B9431468DF82C30D5F8880305AB08AA8D
S315080113A0CDE9064409940A9715F041F938B1214661
S315080113B0202016F029F8012420460DB0F0BD85F845
S315080113C08E6485F8BE64F7E70724F5E74000010057
S315080113D0C80A00202DE9F04F12F0C00F82461546C3
S315080113E01F468FB001D016F001F8AB0206D550465C
S315080113F015F0C8FA10B9504616F088F8AE0301D5AB
S3150801140015F0F4FFEC0105F0807340F14981FBF713
S31508011410BBFD68B11020002115F0F6FF16F020F883
S315080114200446002800F02D810121082015F0ECFF63
S31508011430202016F001F805F400510446002800F0B2
S315080114404E8121B101214FF4004015F0DDFF15F45D
S31508011450404F06D0002148F2200015F0D5FF16F0BE
S3150801146021F8280740F1AC80AA4C0321D4F8880357
S3150801147003AA15F08BFA0146002800F07D819DF834
S315080114800C30072B40F07881D4F8880308AA15F0A8
S3150801149082FA002840F070819DF81C3013F0110281
S315080114A0009208D113EA131103F00F0203D112B106
S315080114B00F2B00F26181BDF80E60059A06F1010B4A
S315080114C012781FFA8BFB5A45019340F05581F21E9B
S315080114D07B2A00F2518103A816F06CFF002840F020
S315080114E04B81BDF81020019B002A40F01081069A15
S315080114F0184692F800800193FAF7D6FC019B8146BB
S3150801150030B9009A22B9190702D00F2B00F234819B
S315080115109DF82D30002B00F0038108F00703022BFC
S3150801152040F02A8103AAD4F8B814D4F8880315F030
S3150801153036FAA4F8BCB4FBF7C5F815F091FF0028F4
S3150801154039D0D4F84C34D4F8B8241B6892789B78EF
S315080115509A4230D19DF82630002B00F00D810236D3
S31508011560D4F8880308A9ADF8246015F016FA0646DA
S31508011570002840F001819DF82E30012084F8CD34F1
S315080115809DF82F30089984F8CE34C4F8E09416F003
S31508011590C9FA01214FF4807015F036FF5E483146CD
S315080115A015F032FF15F06CFF28B118F0100F1CBFAB
S315080115B0012384F8613415F063FF08B90AF04CFB7E
S315080115C0EE0501D515F012FF15F4863F01D015F089
S315080115D00DFFAC014FF000060DD54E4C15F006FF78
S315080115E03146042015F010FF94F861341BB10AF056
S315080115F033FB84F8616415F0084F05D015F0F6FE43
S315080116000021042015F000FFA80001D515F0EEFE13
S31508011610A90705D5082015F00FFF08B115F052FFE7
S31508011620FA0523D5504608AA03A914F0D0FF9DF858
S315080116300C30DBB13948002115F0E6FE042015F01F
S31508011640FBFE28B1FBF73EF80021042015F0DCFE6D
S31508011650FBF79AFC28B115F003FF4FF4007016F05A
S31508011660E1FD16F0B5FE08B115F02CFFBB0540F1FA
S31508011670CF800022504611460FB0BDE8F04F0DF05D
S31508011680C7BB0AF0E9FA01214FF4807015F0BCFED8
S315080116902146022015F0B8FE21464FF48030C5E6F2
S315080116A007F00202134306D015F0DAFE4FF4007074
S315080116B016F0B8FDBCE605F0A8431A4304D015F0A8
S315080116C0CFFE4FF48050F3E707F0040213433FF4CB
S315080116D0AFAE104BD3F8880315F0B0F8A8E649B1B8
S315080116E001214FF4803015F08FFE2146402015F078
S315080116F08BFEB6E607F020030B433FF4B2AE40205B
S3150801170015F082FE4FF4006016F08CFDA9E6059AE5
S31508011710EEE600BFC80A00200A00010060000100C9
S3150801172094F8D93313B9BBF1040F25D09DF82630A7
S3150801173013B30236D4F8880308A9ADF8246015F066
S315080117402CF9C8B9EFF3108072B6B4F88638B4F834
S315080117508868009316F053FE009BB3420CD0EFF352
S315080117601183302282F31188D4F8D468721C0BD104
S3150801177083F31188BFF36F8F0026FAF7A3FF31466B
S3150801178025480AF055F81BE7314651F80C2BC4F8E1
S31508011790D42883F31188BFF36F8FD4F8880303AA7B
S315080117A015F0FDF886F800B0BDF83430314673708F
S315080117B09DF92E301948F3709DF82F30B370089BA8
S315080117C0B3609DF81C3013F0010F18BF4FF00009E4
S315080117D0C6F80490F9F780FB0028CED018F0200847
S315080117E00AD0D4F8880315F0CDF8FAF76BFF012172
S315080117F0042015F009FEE3E6FAF764FF94F861346C
S31508011800002B3FF4DDAE0AF027FA84F86184D7E6A7
S315080118100FB0BDE8F08F00BF981300204C130020CD
S31508011820B0F5802F07B54FEA104382B212D20F2ABC
S3150801183010D8002914BF042101218DF805000022C2
S3150801184001A88DF8043004F0E9F810F0FF0002D081
S31508011850022803D0072003B05DF804FB0D20FAE740
S315080118600229F7B505460F46164618D15E4910688E
S31508011870FAF736FF00285AD069467068FAF7F8FC75
S31508011880044648B90099B1F5802F4FEA11438AB247
S3150801189001D20F2A30D90724204603B0F0BD032907
S315080118A043D152491068FAF71BFF00283FD0694611
S315080118B07068FAF7DDFC04460028EDD1B06801A985
S315080118C0FAF7D6FC04460028E6D1DDE90034B3F57B
S315080118D0802F4FEA1341DED29AB20F2ADBD80122B2
S315080118E03020DBB29A40424B00FB0133002C56D024
S315080118F003F582531A6016E0EFF31180302282F362
S315080119001188534303F1A04303F570335A6C80F3EE
S315080119101188BFF36F8FC9B2CA402846354902F00C
S315080119200102FBF72DF80024B6E70129B3D932499C
S315080119303068FAF7D5FE0028ADD069467068FAF71F
S3150801194097FC04460028A7D1022F36D1009BB3F590
S31508011950802F4FEA13449AB29DD20F2A9BD8EFF3F0
S315080119601181302080F31188DBB2072B204A97BFFB
S3150801197004FB000000FB04221218526884BFD26BD4
S31508011980083B9B0022FA03F303F00F035A1E0E2AA3
S3150801199008D981F31188BFF36F8F184909E003F558
S315080119A00153A7E781F31188BFF36F8F012BF4D198
S315080119B013492846FAF7E4FFB5E7032FB3D1B5680B
S315080119C010492846FAF78CFE28B12146009803B03B
S315080119D0BDE8F04024E728460B49FAF781FE0028BE
S315080119E0A1D00121F2E700BF5E88020867880208D4
S315080119F000C00350628802086B88020875880208CD
S31508011A00708802087B8802087E8802088FB501243F
S31508011A10002301A8CDE902338DF80440FEF7D8FD6D
S31508011A20039B980263D52146334C3D2004F062F8A6
S31508011A3063680BB103F0DAFF0122304B5A60636821
S31508011A409907FCD402230125A36063622C4B5D60D0
S31508011A5003F0CCFF284BE5609A6AD206FCD4022231
S31508011A601A639F6A17F01007FBD10323234A5361B0
S31508011A70A2F5805293614FF40032224B1A604AF65E
S31508011A80E853214CE56EE66E25F0030545F002059F
S31508011A9046F00306236672B6DFF8848004F006FC76
S31508011AA0D8F87030012023F0070343F00103C8F882
S31508011AB0703004F031FC384609F0D3FED8F86430AA
S31508011AC05B0142BF114B124AC3F82024114BE5664C
S31508011AD0E666E566E666E566E666E566E666E5669B
S31508011AE09B6ABFF34F8FBFF36F8F30BFFEE70A4B79
S31508011AF00A4A1A6002F0FEFA0040065000600650D3
S31508011B000050065000E100E00040005000E003509C
S31508011B100000FF0F004009500000002002020FF0EC
S31508011B20008000500246D0F8940068B9937B73B9D7
S31508011B30D2F8900050B9D2F88C3043B9537B127B56
S31508011B409B1A5842584170470020704718467047FB
S31508011B5040BA80B24140C1F303135940080380B229
S31508011B604840490101F4FF5148407047024610B503
S31508011B7044180020A24200D110BD12F8011BFFF73C
S31508011B80E7FFF7E721B1012300200B704B7070477F
S31508011B9022207047EFF31183302282F31188064A17
S31508011BA0107820B1054A1088003818BF012083F340
S31508011BB01188BFF36F8F7047E43B0020682B002024
S31508011BC04FF4E13070474FF4E13070478B7C01F1F7
S31508011BD02C0201338B74036813B9CB620260704718
S31508011BE01846F8E7C06C836A03B1184770470123A2
S31508011BF00B747047FEE7F8B504460127124D0CB37E
S31508011C0014F001000BD0002024F0010405EBC002FA
S31508011C101668002EF3D05168C0B2B047EFE72246E6
S31508011C20013020284FEA520201D0D307F8D507FA26
S31508011C3000F20F2824EA0204E8D9421E05EBC20283
S31508011C401038E5E7F8BD00BF6C2B0020074BD3F829
S31508011C502404D3F8202403F50053104000F055302E
S31508011C6020F05020C3F82004C5E700BF00C0035088
S31508011C70074BD3F82404D3F8202403F50053104066
S31508011C8000F0AA3020F0A020C3F82004B3E700BF73
S31508011C9000C003502DE9F0410F4A136D576D1F40DF
S31508011CA000D5FEE7012600250C4CDFF834803742C3
S31508011CB009D0C8F8506023682BB1A16828460131BC
S31508011CC06268A16098470135082D4FEA460604F176
S31508011CD01004ECD1BDE8F081000004505C2C002012
S31508011CE00020045010B5416C4369A1F11404DA1CB3
S31508011CF0B2FBF4F203EBC2000330B0FBF4F0B1F52A
S31508011D00805F00F1010002D1012828BF01200130BE
S31508011D1010BD73B506460D460024F36B01225B69B7
S31508011D2001A928199847019B013309D1736C043419
S31508011D3062196A405B421A42EFD0204602B070BD72
S31508011D400024FAE72DE9F341154690F842201E468C
S31508011D50012A0CBF022304235D43CF7D2C1D844633
S31508011D6005F00205BFB915B1012724F00304486837
S31508011D7008342044DCF83C30012A5B6927D101A9E3
S31508011D80984717B1BDF806300193BDF804303360A2
S31508011D9002B0BDE8F08155B124F0030400230D7E9D
S31508011DA001F1200ED8B2854203D80020E2E72F467A
S31508011DB0F4E73EF8330003F10108A04204D901EB28
S31508011DC0C303D8690834D4E74346241AEAE701224B
S31508011DD0314602B0BDE8F0411847D01E009B424289
S31508011DE04241187E824212D11A688A420FD85A682D
S31508011DF08A420CD35A6901325A61D3E903028242F3
S31508011E0005D2986840F822101A6901321A61012030
S31508011E10704700234FF0FF3142689A4202D80023E7
S31508011E2003727047026842F83310026802EBC30274
S31508011E3051600133F0E7002370B546689E4210D021
S31508011E400568DC0055F83320B2F1FF3F0AD0C2F32A
S31508011E501302914206D14FF0FF322A5103682344F7
S31508011E605A6070BD0133E9E710B5032A029C07D110
S31508011E70A26A5340626C5242134201D1FFF7DBFF5B
S31508011E80012010BD0023F0B545689D4202D14FF0EF
S31508011E90FF300EE00468DE0054F83340671C09D0B1
S31508011EA0C4F31307B94205D1240D147003683344EA
S31508011EB05868F0BD0133E8E773B5164600F1080422
S31508011EC00D46204609680DF10702FFF7DBFF032ED1
S31508011ED005D16B68834202D12046FFF7ACFF01208A
S31508011EE002B070BD2DE9F0414668002E3AD005686A
S31508011EF098464FF0000CAE4655F83C40C4F313071C
S31508011F00013401D0B94222D00CF1010CB4450EF1CD
S31508011F10080EF1D100273C4603E0B44207F1080751
S31508011F201DD055F8343001340133F6D16FEA013149
S31508011F306FEA1131E9510168CB59C3F3130343EA37
S31508011F400853CB5103683B445A60BDE8F08141EA26
S31508011F500851CEF80010036803EBCC03F4E7B8F197
S31508011F60030F03D101230372BDE8F08100273C4624
S31508011F7003E0B44207F10807F4D055F834300134C8
S31508011F80C3F3075CBCF1030FF3D11B0D1B050B4310
S31508011F90EB51D0E708B508301346D1E90012FFF72F
S31508011FA0A1FF012008BD4FF48032064B00209A6636
S31508011FB041F6713203F51C33DA63012203F5005346
S31508011FC0DA6070470090005041F671320121064BE4
S31508011FD0DA6303F50052D1600022DA634FF48032E6
S31508011FE0A3F518339A66704700000350704737B552
S31508011FF0054601F10C04436901A9012220469847C7
S31508012000BDF804300122009369462046AB6998471A
S3150801201003B030BD202A0B681EBF4FF0FF31914037
S315080120208B43590801F055315B1A03F033319B088C
S3150801203003F033330B44017803EB13130A444FF0CF
S31508012040013103F00F334B43A2EB13620270704761
S3150801205037B5044600251B22011D0DF107008DF831
S315080120600750FFF7D7FF63689DF80720B2EBD36FD8
S3150801207003D123F0784003B030BD1B2204F10801D7
S315080120808DF80750FFF7C6FFA0689DF80730B3EB38
S31508012090D06F0ABFC0434FF0FF3020F07840EAE71F
S315080120A02DE9F0430646994689B0036908460F4665
S315080120B0904698470446002867D1D9F804305B0A48
S315080120C0012B22464FEA530304F10104F8D899F883
S315080120D0035099F802302D03DB0203F4006305F47B
S315080120E080551D43B9F800304FF00009C3F30A03C0
S315080120F052032B4492B29D18294B0DF107001B225E
S3150801210028F0784402A9039302948DF80790FFF703
S3150801211081FF9DF807306FEA054544EAC3640494D4
S315080121206FEA08041B2224F0784402A902948DF868
S315080121300790FFF76FFF9DF807306FEA154544EAE8
S31508012140C3644FF0FF3301220594069307A9B369C7
S31508012150079507F11000984701220446B36905A9B6
S3150801216007F1080098470122484518BF0446B36994
S3150801217004A9381D98470122484518BF0446B36982
S31508012180384603A9984728B1044639463046FFF729
S315080121902EFF01E0002CF8D1204609B0BDE8F083F6
S315080121A001009AB210B5164B0446D3F8283103F04C
S315080121B00703013B052B04D8DFE803F00A161E12B4
S315080121C00E1A0023184604B1206001B10B6010BD38
S315080121D00C4B58680523F6E70A4B58680623F2E7BD
S315080121E015F0BAFC0723EEE7064B98680323EAE7DE
S315080121F0044B98680423E6E702230348E3E700BF94
S3150801220000800050E43B0020002D310110B5174B2A
S315080122100446D3F8200100F0070006281FD8DFE896
S3150801222000F0040A0E2112161A00012304B12060D7
S3150801223001B10B6010BD0E4B58680523F6E70C4B30
S3150801224098680323F2E715F087FC0723EEE7084BA6
S3150801225058680623EAE7064B98680423E6E700234D
S315080122601846E3E702230348E0E700BF0080005071
S31508012270E43B0020002D31010E4BD3F8403103F029
S315080122800303022B0DD0032B0FD0012B0BBF0A23FF
S3150801229001234FF40042002200B1026001B10B6034
S315080122A0704709234FF40042F6E70C234FF47A727C
S315080122B0F2E700BF008000504FF480322DE9F84361
S315080122C0204B4FF001089A6641F671331E4D0446BC
S315080122D0EF69EB631D4B0021C3F80C80022368618B
S315080122E021202B61174016F0E7F8DFF868900646BB
S315080122F040B1C9F80C8007B1E96301360CD16E20EB
S31508012300BDE8F883212016F0D7F8C9F80C8007B183
S31508012310EE63431CF3D008B17120F1E70C4B9A68C0
S3150801232001230A3202F01F02934023F003032344D8
S315080123309C4201D10020E3E754F8042B0132F7D07F
S315080123403E20DDE7009000500000035000100350C6
S315080123500080E00F0020035008B5F4F735FD20B1E1
S3150801236010F81A3C2C38013B837408BD38B50C4665
S31508012370EFF31185302383F311880848FFF7ECFF43
S31508012380206028B985F31188BFF36F8F1B2038BDEC
S3150801239085F31188BFF36F8F0020F8E7DC2C002046
S315080123A038B5202204460D460C30002113F00FFEE5
S315080123B04FF0FF33C4E90035A36038BD10B550F8B6
S315080123C0044C011F606F09F0CBFA204610BD38B5E1
S315080123D005460C4661B1486820B1FFF7EFFF28466C
S315080123E0FFF700FC2146A86FBDE8384009F0B8BAE6
S315080123F038BD38B50446406F0D4609F0B6FA0346AE
S3150801240020B1002043F8044B2B6038BD1A20FBE7A6
S3150801241010B5C06F0C4609F0A8FA206038B1002340
S3150801242003601846226813722268536010BD1A2089
S31508012430FCE710B5044644EA010313F00303084612
S3150801244009D1934201D1002010BD54F8231040F858
S3150801245023100133F5E72146920013F0D7FFF2E77F
S315080124602DE9F84FEFF31188302383F31188604C77
S31508012470D4F878312C2BA3F12C0606D188F31188D0
S31508012480BFF36F8F1B20BDE8F88F53F82C9CB9F169
S31508012490000F00F0AA80B589DFF874A1554F002D09
S315080124A000F098800D22002104F5BE7013F08FFD0F
S315080124B0C4E95FA94FF01309B5F5006FC4F8847133
S315080124C0C4F8889157D80D22002104F5C670D6F8AC
S315080124D004A0013D13F07BFD474AADB242EA05125D
S315080124E00225464BC4E965791340C4E9633AD6F82F
S315080124F008A0BAF1000F12D0A94604EB091909F58B
S31508012500BE7310220021184613F061FD3C4A0135BD
S31508012510C9E95F2A1322C9F88471EDB2C26004EBD6
S3150801252005191022002109F5BE700E3613F04FFD6C
S31508012530344BC9E96067C9F87C31002304EB0312FF
S3150801254092F87E1101336FF3041182F87E11DAB223
S31508012550AA42F3D900252C4A2C4BD4F8DC011D706C
S3150801256002F150012B4609F083FC88F31188BFF369
S315080125706F8F284687E7B5F5805F25D8D6F804A07A
S31508012580DFF878B00D22002104F5C67013F01FFD9F
S31508012590C4E963BAC4E9657973680D22002104F5B3
S315080125A0CE7003F5006A13F012FD6FF400631D4443
S315080125B0114BADB243EA051303EA0B030325C4E93C
S315080125C0673AC4E9697992E788F31188BFF36F8F8F
S315080125D0212058E71022294604F5BE7013F0F7FCAE
S315080125E0C4E95FA9C4F88471A7E701204BE700BFD6
S315080125F0682B00203CC0055000001030F07F1030D9
S315080126007000103010001030E42C0020E43B00204C
S315080126106000103010B5EFF31184302383F311886D
S315080126200A4803882BB984F31188BFF36F8F0320F7
S3150801263010BD013B038000F5BC70FFF7C7FAFFF731
S315080126400FFF84F31188BFF36F8FF1E7682B002022
S315080126502DE9F74F364CA2EB010B1FFA8BFB0E4601
S315080126601546A4F8E0B178B9D4F8E40101A9FFF751
S31508012670C0FE50B1D4F8E80115F082FE012384F8B2
S31508012680EC3103B0BDE8F08F0190019FB5F5006FFD
S31508012690DFF8B490DFF8B48007EB060A1CD81022DD
S315080126A00021244813F093FC0BF1FF33C3F30A030B
S315080126B01B0143F0447303EA0903C4E97C38C4F8EF
S315080126C0F8A11D4BD4F810221C49D4F8E80103B02F
S315080126D0BDE8F04F09F0CCBBC6F5FF6607360D22FB
S315080126E000211448B6B213F072FC3601144B46F0B9
S315080126F040763340C4E97C3813231022002111485F
S31508012700C4F8FC31C4F8F8A113F061FC6FF4006356
S31508012710EB18C3F30A031B0143F0447303EA0903E5
S3150801272007F50067C4E98038C4F80872C9E700BF2D
S31508012730682B0020582D00205F2E01087C2D0020D3
S31508012740F07F0003682D0020F07F100324C0055098
S315080127502DE9F341EFF31186302383F31188204CD9
S31508012760D4F8E80115F00CFE94F8EC3133B186F390
S315080127701188BFF36F8F02B0BDE8F08101A9D4F8C3
S31508012780E401FFF736FE014618B1012384F8EC315E
S31508012790EDE7B4F8E05104F5F877013D1022384623
S315080127A0ADB2DDF80480C5F30A0513F010FCD4F8C0
S315080127B0F0210C4B2D01134045F044751D430A4B7E
S315080127C03A46C4E97D38D4F8E801084B04F50571A1
S315080127D0C4F8F051C4F8107209F04AFBC7E700BF04
S315080127E0682B00200F80EFFC24C005505F2E0108DE
S315080127F008B5FFF7ADFF002008BD10B5EFF311844A
S31508012800302383F31188124BB3F82422092A04D9F9
S3150801281084F31188BFF36F8F10BD817C01320131BA
S315080128208174D3F82812A3F8242293F82C2240F8AD
S315080128302C1FC3F82802002AEAD0002283F82C228A
S3150801284093F8EC31002BE3D1FFF782FFE0E700BFF5
S31508012850682B0020002373B50E460A251B4CC4E9D4
S315080128605D33C4E98F13C4F8E411C4F82832C4F8F7
S31508012870303284F84432C4F83832304601A909F0B6
S315080128808CF800BB0198FFF7B8FF013DF5D10A2383
S3150801289023804FF480620E4B1A604FF440624FF06A
S315080128A0FF310C4B5A610C4A91640121A2F5805201
S315080128B0D164516005225D615A610723A4F8E031AC
S315080128C0284602B070BD1925FAE700BF682B00201B
S315080128D000E100E000C0055000E0055013B5EFF334
S315080128E01184302383F31188094BB3F82422092A6A
S315080128F008D8D3F8E40101A909F04FF810B90198ED
S31508012900FFF77BFF84F31188BFF36F8F02B010BD09
S31508012910682B002010B5EFF31184302383F3118857
S31508012920084B93F8EC213AB1D3F8282222B10022B8
S3150801293083F8EC21FFF70CFF84F31188BFF36F8F3F
S3150801294010BD00BF682B002008B5294B83F30A8800
S315080129504FF48041274B284A9A60D3F8882042F4DD
S315080129607002C3F88820254A91664FF0FF31244A40
S315080129701166244951660221C3F8D010BFF34F8F5F
S31508012980BFF36F8F01204FF440331F49C1F880010F
S31508012990D3600860A2F5005213611C481C4BC01A8B
S315080129A0801006F085FF1B4B1B498B4212D3002072
S315080129B01A4B1B498B4218D3F9F748F9186850F88E
S315080129C02240586840F82240013298688242F5D37D
S315080129D00C33EAE70022F8E71C6844F822000132C2
S315080129E05C68A242F8D30833E4E70022F8E700BF9F
S315080129F00800002000ED00E000600008009000508B
S31508012A0000A00044F7FF370000E100E0E06100089C
S31508012A10806100083CFF020848FF020848FF0208D7
S31508012A2048FF02082DE9F74F89464FF480314FEAEE
S31508012A30820A384A384C9166E269804602EA0103FD
S31508012A4041F6713201210093E263344A8346D1602B
S31508012A5057464A4677B938460122314BDA60009B18
S31508012A6013B100222C4BDA63431C3DD0002846D013
S31508012A7071203AE00BF5005525F4FF5525F01F05A1
S31508012A80C4F814B0A5EB0B05E169BD4228BF3D4664
S31508012A90490731D4164656F8041B2A44A1619642C1
S31508012AA010D1042200212120226115F005FD0028FC
S31508012AB0D2D1212015F000FD0028CDD13246AB44F4
S31508012AC07F1BC7E708210846019215F0F5FC019A14
S31508012AD070B1042301222361114BDA60009B0BB10B
S31508012AE00023E3630130C3D16E2003B0BDE8F08F44
S31508012AF056F8041BA161D2E74FF0FF30ACE7524606
S31508012B004946404614F062FC002814BF3D200020C7
S31508012B10EBE700BF0090005000000350001003507F
S31508012B200020035008B5C36F0A462BB1D0F88010B0
S31508012B30007A9847012008BD1846FCE7006800B9E5
S31508012B407047037A8B42F9D190F85030002B08BFB1
S31508012B500020704708B503683BB901790448FFF7B7
S31508012B60EDFF08B190F8500008BD93F85000FBE757
S31508012B70F03B0020054A08B502F51270FFF7EAFF97
S31508012B8005281CBF012382F8543208BD682B002092
S31508012B90022808B509D1042906D100210948FFF7F9
S31508012BA0CDFF012380F8A03008BD0328FCD10429F4
S31508012BB0FAD10022044BDB68002BF5D0C3E92622A3
S31508012BC01B68F9E7F03B0020E43B00202DE9F043C0
S31508012BD01D460623137049681446302987B071D0FB
S31508012BE00ED8042905D9202966D0002363600D2350
S31508012BF034E0013903292FD8DFE801F0325738428A
S31508012C0040F2022399427CD00ED850295DD0B1F505
S31508012C10007F5FD04029E8D1516050F8380CC3696C
S31508012C209847A06008234BE040F2013399426DD0E2
S31508012C30B1F5885F6FD0A1F58053FF2B00F28E8026
S31508012C40C9B241F480534E485360FFF777FF08B184
S31508012C5090F85000207207E000235360A360E1E773
S31508012C600123536006231372052329E00423032253
S31508012C700821C4E901230023C4E9031310231FE033
S31508012C801346042243F8042F3E4A116859605168D5
S31508012C90128999609A810E2363800123437463889C
S31508012CA004332B6007B0BDE8F0830223536010F8A4
S31508012CB0333CDB000133D1E7516050F8302C2281D7
S31508012CC06380ECE75160C36BC8E7516050F8380C74
S31508012CD0036AA5E7516003A8FDF77AFC049BE36044
S31508012CE0002323619DF80C30012B02D103232372A3
S31508012CF0C4E723B923724FF0FF33E360BEE7042329
S31508012D00F5E7214B5160D3F85832A7E71E4B5160BE
S31508012D1093F85C32A2E7516002F1070802F18709CC
S31508012D2000221646531C6846CDE90066CDE90366BE
S31508012D308DF804208DF8103002960596FFF70AFFE4
S31508012D40074603A8FFF706FF47EA001708F8017FB9
S31508012D500232C145D2B2E5D18423B1E7A1F5E063D8
S31508012D60FF2B3FF642AFC9B241F4E0630448536012
S31508012D70FFF7E4FE00283FF46DAF90F8A00069E77D
S31508012D80F03B002000900208682B002008B5014698
S31508012D90FEF7C8FE50B1D1F8880040B9D1F88430A1
S31508012DA023B9B1F86800B0FA80F0400908BD0020DF
S31508012DB0FCE7EFF31182302383F311888368013B23
S31508012DC0836082F31188BFF36F8F704710B508B916
S31508012DD0022010BDEFF31184302282F31188826834
S31508012DE022B984F31188BFF36F8FF1E7013282604C
S31508012DF084F31188BFF36F8F036813B100200B604A
S31508012E00E7E7FFF7D6FFE3E770B5044606460D4642
S31508012E10002016F8011BFEF79BFEAB1B14FA83F381
S31508012E209BB2002BF5D1131A5842584170BDF8B51B
S31508012E300546164600248F1F2B5D2819142B08D129
S31508012E400521B0F80520FFF7DFFF10B106B1348080
S31508012E50F8BD0134A4B2BC42EEDB0020F8E700233A
S31508012E602DE9F04F85B00393ADF80A30EFF31187DA
S31508012E70302282F31188AF4CD4F8101294F85D22EF
S31508012E808D6832B194F85E2284F85D32AD1A84F801
S31508012E905E3294F85F329BB32B68A74EC4F867324B
S31508012EA0AB880D21A6F80B30AB790DF10A02701C1F
S31508012EB07373FFF7BCFF804678B92B682846C4F8B8
S31508012EC06032AB88B380AB79B371FFF777FA072223
S31508012ED041460846FFF7BCFB35E0BDF80A30013329
S31508012EE09BB2F218ADF80A30F3582B609388AB8081
S31508012EF09379AB71002384F85F32012384F85D323C
S31508012F00DFF8408298F8D410002900F00581EFF324
S31508012F10118A302383F31188B4F82492B9F1000F8A
S31508012F2019D10123D4F8E80184F82C3215F028FACE
S31508012F308AF31188BFF36F8F0023C4F8703215B175
S31508012F402846FFF73BFA87F31188BFF36F8F0020F6
S31508012F5005B0BDE8F08F7948FFF7FEF90646002867
S31508012F60E6D009F1FF39A4F824928AF31188BFF350
S31508012F706F8F94F85DB2C4F87002BBF1000F1AD1D5
S31508012F805A4607212846FFF752FF814698B92A680B
S31508012F90694BC4F86022AA8828469A80AA799A7148
S31508012FA0FFF70CFA3046FFF728FC012307224946AA
S31508012FB084F85F328DE76B882846B3812A683368BF
S31508012FC0D4F8E4911A60AA889A80AA799A71FFF7C7
S31508012FD0F5F9B289BAB90123072288F8D430A4F8D9
S31508012FE0E021BBF1000F2CD159465846FFF730FBBB
S31508012FF0D4F870125248FEF7E9FDD4F8E421936C2F
S31508013000013393649FE7B4F8E031B3F5857F56D968
S315080130100623314633774A48FEF7D8FDD9F84830B2
S3150801302007220133C9F84830012388F8D430002330
S31508013030C4F87032A4F8E021BBF1000F43D04FF079
S31508013040000B484603A9FFF7D4F9019000285DD182
S31508013050BDF80A60B4F8E081C6F10705EDB2DFF8FC
S31508013060D8A0F11D4545039B84F85E52514440D3CF
S31508013070A5EB080542461846EDB2D4F870B284F8B5
S315080130805E5213F0C3F9CBF8040065B3484603A9A9
S31508013090FFF7AFF9C8B9039B08EB060107312A46C2
S315080130A05144184613F0B2F907222946A4F8E0213B
S315080130B0FFF7CEFA0122234B83F8D42098E70023A1
S315080130C088F8D430B6E7594603E7D4F8E80115F08D
S315080130D057F9019B84F85E320723A4F8E0310123EE
S315080130E084F8EC312FE7072229462846A4F8E0217F
S315080130F0DEE72A46184613F089F942462946FFF7BC
S31508013100A7FABBF1000F7FF473AF1CE7D4F8E80107
S3150801311015F036F90023DDE70722D4F870320846A0
S315080131205D60A4F8E021FFF793FA012388F8D4300B
S315080131305EE700BF682B0020C82D0020902D0020D7
S31508013140DC2C0020E43B002038B50446EFF311855A
S31508013150302383F31188037C63B1806821464030AC
S31508013160F3F73AFEA26892F84430013B82F84430FC
S315080131700023237485F31188BFF36F8F38BD2DE9BA
S31508013180F0410446806E0F46164608F0EEFB0546EA
S31508013190F8B13422002112F01AFFEFF31188302317
S315080131A083F31188731E042B2CD8DFE803F0182B40
S315080131B003210300B4F85820B4F86630013A934263
S315080131C00ADB2946A06E08F0CBFB88F31188BFF30A
S315080131D06F8F1A20BDE8F0810133A4F8663088F3B1
S315080131E01188BFF36F8F0020EE74AC613D60F1E783
S315080131F0B4F86430B4F85A209A42E2D90133A4F8F3
S315080132006430ECE72120E5E7F8B5044600284BD001
S31508013210837C002B4AD10168856911B1284608F0DB
S31508013220A0FBA16819B1D5F8800008F099FBE37CE9
S31508013230022B0AD0032B0AD0012B0AD1606820B1D0
S31508013240FFF7BCF82846FEF7CDFC012602E06168C7
S31508013250E1B90026EFF31187302383F3118821465C
S31508013260A86E08F07DFBE37C042B13D1B5F8643016
S31508013270013BA5F8643087F31188BFF36F8F1EB140
S31508013280E86C436A03B198470020F8BD286F08F037
S3150801329067FBDEE7052B01D0032BECD1B5F86630C9
S315080132A0013BA5F86630E6E72220EEE70420ECE7C5
S315080132B02DE9F3479146042204468846D0F8A4002E
S315080132C00DEB02019A46FFF75AFF074650B91AF065
S315080132D00E0F667A019D1CD0B30707D42846FFF75F
S315080132E093FF2127384602B0BDE8F0871AF0020F8E
S315080132F014D11AF0040F14D11AF0080613D1324664
S3150801330094F85030052B10D02846FFF77DFF022789
S31508013310E8E716F00106E1D10122F1E706463A4649
S31508013320EEE70426FBE70E26F9E7C5F80480A5F8BB
S315080133300C906C61237A6B740A9B2B62CAB1A37ACF
S31508013340E27A1B01DBB21343CAF3001A43EACA0A3B
S3150801335085F810A0A37A013303F00703A37249463F
S315080133604046FEF703FC2946E881204607F02CFF74
S31508013370B8E766F03F062E74F1E72DE9FF410F46DF
S3150801338003A9064615469846FFF720FD0446E0B907
S3150801339025B30398D0F8A42090F8A030B2F85C4081
S315080133A040F6F772002C08BF14460BB1083CA4B2CC
S315080133B0A5420ED80A9B2A46009339464346FFF78B
S315080133C077FF04463046FFF7F4FC204604B0BDE813
S315080133D0F0813046FFF7EDFC2B24F6E72124F4E7CC
S315080133E070B516461C460D46B1B1806F08F0BDFA98
S315080133F0A0B1002303606B680481436002238372D2
S3150801340034683CB9022330602846EB74FFF7FCFEAA
S31508013410204670BD2646F3E72220FAE71A20F8E788
S3150801342010B578B1FEF7CAFF04466030F3F7CCFC55
S31508013430014610B1A06F08F093FA2046FEF7D2FBB9
S31508013440002010BD2220FCE708B5F3F7BDFC20B12A
S3150801345010F81E3C3038013B837408BD8B7C01F1A2
S31508013460300201338B74036813B90B63026070472A
S315080134701846F8E738B581624469EFF311853023B8
S3150801348083F31188D4F8A430014603F11000FFF73D
S31508013490E5FF85F31188BFF36F8FD4F8A420074998
S315080134A002F1180008F098FA4FF6FF72B4F868307E
S315080134B093421CBF0133A4F8683038BD03400108A4
S315080134C010B50446A37C0846013B04F13001A374F8
S315080134D0F3F782FC2046BDE810403321CAE72DE9FF
S315080134E0F7438946174601A9032206461D469DF854
S315080134F02880FFF744FE30BB306F019C08F035FA8F
S31508013500606020B9204603B0BDE8F0437CE601219E
S3150801351065F06F05A181C4F814906774257480F865
S3150801352000806068FEF722FBE081EFF31185302306
S3150801353083F31188214606F10800FFF78FFF85F30B
S315080135401188BFF36F8F03B0BDE8F08310B5044649
S315080135501822002112F03BFD204610BD0368D9044C
S3150801356044BF43F48063036003689A0444BF43F489
S3150801357000630360704707B50022084B014683F8CC
S31508013580D5200288064B0432009392B201230548DE
S31508013590FFF7F3FE03B05DF804FB00BFE43B002030
S315080135A0993F0108B02D0020002307B501221946CD
S315080135B00E4807F043FD68B90C4801A9FFF706FC58
S315080135C040B9019B0A4A09489A65FFF7F2FBFFF7DA
S315080135D0FDFB18B1002003B05DF804FB019B054A09
S315080135E002485A67FFF7E5FB0120F4E7B02D0020F2
S315080135F0993F0108752B010810F1840F12DA10F1B1
S31508013600950F25DB9530102822D8DFE800F01D211B
S3150801361021211B2121211913110F151F1723090018
S3150801362008207047003818BF012070471D207047D1
S315080136302E2070472D20704724207047212070477F
S315080136401A2070472F2070472C2070472520704775
S31508013650012070470F2070470146054B93F85C021D
S3150801366083F85C12D3F8743203B11847704700BF68
S31508013670682B00202DE9F04F644E044696F85C321B
S315080136800D4692468FB0002B00F0BB80022B08D165
S31508013690007A012894BF00200120C0000FB0BDE8C0
S315080136A0F08F012B00F0AF80033B012B03D8037A7F
S315080136B0012B00F0A88094F8A0000028EED02A6813
S315080136C0137903F0070123F0070313712B68D6F862
S315080136D078020693237A07918DF82C30D4F898301E
S315080136E0CDF82D0043F000430D93494BD6F88C02D3
S315080136F09A889B79ADF831208DF8333000234FF441
S31508013700007209930AA9434BD5F80490BAF80070D8
S31508013710F6F7C5F9834688BBDDF82880D8F8043062
S31508013720D8E908121B0A012B37D03B48834234D00B
S31508013730002B5DD109ABCDE90473069B4046009386
S31508013740CDE90279CDF804900BAB07F009FB10F12E
S31508013750860F83462FD10DF12203B8F800102D48A4
S315080137600DF1230206F099FE031E14BF9B466FF066
S31508013770850B002F3FD10A98F6F77CF95846FFF7D3
S315080137803BFF10B9099BAAF800302A6807991379F3
S3150801379023F007031943117180E709ABCDE90473D7
S315080137A0069B40460093CDE90279CDF804900BAB10
S315080137B007F0D6FA8346BBF1000FDAD10A98F6F775
S315080137C059F908F0BCF8D4F898200132C4F89820C1
S315080137D0D6F888220132B2F1005FC6F88822CDD127
S315080137E096F85C22052AC9D10320FFF735FFC5E7FC
S315080137F06FF0860BBDE73A460021484612F0E7FB13
S31508013800B9E703204AE7002048E700BF682B0020F4
S31508013810E02D002000024805020080002DE9F04F46
S315080138200646C06CC7B0836998470746002800F06A
S31508013830AC83F36823B9B368002B3BD11B2435E06D
S31508013840A14B93F85C3203F0FB03012BF3D1EFF3A1
S315080138501184302383F3118806F10C00FFF7F4FD78
S31508013860054684F31188BFF36F8F0028E3D02B7CBC
S315080138704FEA931A7F2BAB6898BF4FF0000A43BBF8
S31508013880F06E08F072F8286020BBEFF3118230233E
S3150801389083F31188AB7C0133AB74B36845F8303FC9
S315080138A0B56082F31188BFF36F8F1A24204647B09B
S315080138B0BDE8F08FEFF31184302383F3118806F105
S315080138C00800FFF7C1FD054684F31188BFF36F8F22
S315080138D0CDE70027A98900293BD08B1C9BB2D5F8D7
S315080138E014C0BAF1000F06D12A7C9CF80B0022F00D
S315080138F0070202432A74287C2C687F28D5F8089089
S3150801390029D841B3B9F1000F28D19CF8A080B8F1A4
S31508013910000F27D06C4A92F85C2202F0FB02012ABA
S315080139201ED02146304608F01CF8C5F80090EFF382
S315080139301182302383F31188AB7C0133AB74F368AE
S3150801394045F8303FF56082F31188BFF36F8F002485
S31508013950ACE70B46C3E7B9F1000F23D04FF00008D7
S3150801396008339BB214216A7CA3701B0A217020714B
S31508013970052120466270E370FEF7F8F86071000AC7
S31508013980A071B8F1000F00F0BC82D6F8800007F0EC
S31508013990ECFF0446A86038B93046296807F0E1FF0C
S315080139A02C6082E7C846DDE72A68474C137910A8D8
S315080139B003F0070123F0070313712B68D5F814B038
S315080139C00593AB68D5F8048006939BF8083018224E
S315080139D08DF83430DBF89C3009910F93D4F87F3297
S315080139E00021CDF83530B4F88332AF89ADF83930D6
S315080139F094F885328DF83B3012F0E9FA0021D4F8B3
S31508013A008C42C02216A80C9112F0E1FA20464FF416
S31508013A1080722E4B0CA9F6F742F8044630B10C9881
S31508013A20F6F728F810A807F02BFE7BE0DDF83090B2
S31508013A30D9F820300793D9F824300893D9F80430F7
S31508013A401B0A012B46D0224A934227D0002B40F06D
S31508013A50868004230146A82216A8109312F0B7FA05
S31508013A602023029316ABCDE90043DDE9072303942E
S31508013A70494620A805F05AFF10F1860F044621D1C0
S31508013A8001231093B9F8001010480AAB0BAA06F0E7
S31508013A9004FD002818BF04464846C1E70423014629
S31508013AA0A82216A8109312F092FA2023029316ABB5
S31508013AB0CDE90043DDE907230394494620A805F02B
S31508013AC035FF0446ECB1E7E7682B002000024805FC
S31508013AD0020080000146C02216A812F078FA3C239B
S31508013AE01C20CDE9023016ABCDE90043DDE90723F9
S31508013AF0494626A805F01AFF04460028CCD1052315
S31508013B001093B9F800304846ADF84830F5F7B2FFDA
S31508013B109E4B044611939DF8543043F010038DF8DB
S31508013B205430F8B12046FFF767FD2A6809991379D9
S31508013B30044623F0070319431171AA68002800F007
S31508013B40CF8122B11146D6F8800007F009FF002778
S31508013B5030462968AF6007F004FF2F60A6E66FF0CC
S31508013B60860499E7109BCBB19DF8542012F00E0FED
S31508013B7014D1042B36D0052B39D0012B7ED1844B99
S31508013B80169A9A420DD00523CDE913379DF854307C
S31508013B9043F002038DF85430109B5BBB6FF0880429
S31508013BA019E09DF85F30022B19D0102B17D8D907C9
S31508013BB015D40522CDE9212300232393319B18A887
S31508013BC043F0020320973193F7F73DF8F4F79AFF8C
S31508013BD004460028D7D010A807F052FD22E76FF057
S31508013BE00C00F3E7394620A805F0F6FEF0E739465A
S31508013BF026A8F9E79DF85420D207CFD4119A65492A
S31508013C0022F47E128A4203D001F580718A4235D1A7
S31508013C10042B36D0052B3FD0012B2FD15C4B169A9E
S31508013C209A4240F0CE809DF85E100C230DAA01F051
S31508013C30010118A8F7F746F8F4F764FF04460028C7
S31508013C40C9D19DF85430109A43F001038DF85430C8
S31508013C50002AA3D09DF8543003F0090101299DD10A
S31508013C609C0725D5139B042B08D9053B1393042AD6
S31508013C7079D0052A00F09080012A1ED06FF08604BB
S31508013C80A9E7339B002B89D12FAB0DAA07CA83E875
S31508013C9007000C233393D4E7399B002B7FF47EAFBF
S31508013CA035AB0DAA07CA83E807000C233993C8E781
S31508013CB0374B11999942DAD170E7354B169A9A42E0
S31508013CC07FD1059918A806F077FBF4F71BFF044680
S31508013CD0002880D19DF854300B9043F004038DF8E9
S31508013CE05430109B002B3FF459AF9DF85420D00750
S31508013CF07FF554AF91075FD5139A002ABED1149A5E
S31508013D009742BBD8D21B1492042B5DD0052B68D0E1
S31508013D10012BB3D11E4B169A0C979A4251D10CAB73
S31508013D203A464146CDE9007318A84346F6F7FEFF21
S31508013D30F4F7E8FE044600287FF44DAF0C9B0B937D
S31508013D409DF854304FF0000C43F008038DF85430B9
S31508013D50082310980B9CCDF828C00C93002848D14D
S31508013D606FF0880472E0059B002B87D0209B002BFF
S31508013D703FF414AFDDE9293213437FF40FAF05226F
S31508013D80059920A804F016F9A1E700BF000250051D
S31508013D900001500500014005059B002B3FF46EAF5D
S31508013DA0269B002B3FF4FAAEDDE92F310B437FF456
S31508013DB0F5AE059926A8E5E7754A11999142A3D169
S31508013DC0ECE66FF0850406E70BABCDE900733A46DE
S31508013DD04346414620A805F027FE04460028AFD0F1
S31508013DE0F9E60BABCDE900733A464346414626A8A8
S31508013DF0F1E79DF8543013F0010264D09A0703D510
S31508013E00DDE913120A4362D113F010035BD00428CB
S31508013E1008EB0401A7EB040240D005284CD0012881
S31508013E2055D19DF85F20082A54D8594B16999942BD
S31508013E3053D1069918A8F6F7C5FEF4F763FE0446AA
S31508013E40002842D10A909DF85F000C90069BC0F1AC
S31508013E50080203442121184612F0B9F810A807F000
S31508013E600FFC002C7FF4DEAD07F069FDDBF89C3012
S31508013E70484A0133CBF89C30D2F888320133B3F182
S31508013E80005FC2F888327FF44DAE92F85C32052B9A
S31508013E907FF448AE0320FFF7DFFB43E60CAB019343
S31508013EA0069B20A800930AAB06F054F90446002C99
S31508013EB00C9818BF0020C9E70CAB0193069B26A8EE
S31508013EC000930AABF0E76FF088040020BEE76FF0B5
S31508013ED08604FAE76FF08904F7E76FF08504F4E7DB
S31508013EE01746D5F80480B5F80C90C144C84527D1C2
S31508013EF0083217F8011BFDF72BFE9742F9D1002767
S31508013F00E881EFF31188302383F31188F06C294691
S31508013F10436998470446C0B1AB7C0133AB742B4661
S31508013F20B26843F8302FB3602FB13046296807F0DD
S31508013F3018FD00232B6088F31188BFF36F8FB5E452
S31508013F4018F8011BFDF704FED0E7686940B9BAF114
S31508013F50020F17D088F31188BFF36F8F0124A5E4E8
S31508013F60BAF1000F0ED129468C30FFF777FA6A6944
S31508013F70D37B0133D3736C69237C1BB913F0D8FE49
S31508013F80C4E9060188F31188DFE434248EE400BF0E
S31508013F9000015005682B0020094A13B1012382F854
S31508013FA054320121074B83F8D51092F85C32042B61
S31508013FB005D100230520C2F88832FFF74DBB7047AB
S31508013FC0682B0020E43B0020EFB506460D468438F1
S31508013FD003A91746FEF71CFA88B90623039909228D
S31508013FE08B8105230D7245F48055CB810E600D61D9
S31508013FF00F750123009130460C31FFF7BEF904B065
S31508014000E0BD2DE9F047064630274FF0020900F1D9
S31508014010100833697BB1EFF3118A87F3118840469B
S31508014020FFF712FA4469054694F850302BB98AF31A
S315080140301188BFF36F8FBDE8F087B4F86830002B9D
S31508014040F5D0013BA4F868308AF31188BFF36F8F66
S315080140502B7C40697F2B4FEA931231D9032A09D168
S31508014060D0F864A0BAF1000F04D0AB6A2A6A69686D
S31508014070007AD04794F85030062B24D0082B22D04A
S31508014080032B17D12046FEF781FE98B1637A84F88F
S315080140905090DB060ED5EFF31182302383F3118896
S315080140A0D4F8A430596844F8041F5C6082F3118877
S315080140B0BFF36F8F002328466B60FFF7A5F8A8E7C3
S315080140C0D0F858A0CEE72046FDF72CFD0028F1D000
S315080140D0D4F8A4000922217A8430FFF775FF18B1B4
S315080140E0092384F85030E5E794F85030062BE1D1DE
S315080140F00723F6E7BFF34F8F0549064BCA6802F453
S31508014100E0621343CB60BFF34F8F00BFFDE700BFEB
S3150801411000ED00E00400FA0548B101224378017870
S315080141209A4030235943034B00205A5070472220A6
S31508014130704700BF40D0035048B101224378017847
S315080141409A4030235943034B00205A507047222086
S31508014150704700BF40E0035038B505460C46FDF7E9
S31508014160C1FD6B6CA3F11402B3F5805F02FB00F08D
S3150801417005D140F6E8736969994288BFCC30E31DD9
S31508014180B3FBF2F3013304EBC304204438BD38B55D
S31508014190054644692146FFF7DFFF6A6CE31D143AB9
S315080141A0B3FBF2F3AA69144404EBC3040C342044A8
S315080141B038BD03460846EFF3108172B6024ADB6B37
S315080141C0C2F89012DB681847682B00202DE9F041E8
S315080141D00646406882B0C0B10F469046002433684F
S315080141E053F8345003EBC403C5F30752C5F313015F
S315080141F0013504F1010406D05B683046CDF800802C
S31508014200B84710B170688442E9D302B0BDE8F081BD
S31508014210036813F07E0F03D1406820F07C40704795
S3150801422013F078001CBF03F07F03D81F70474BF2C9
S315080142309A2210B503680446B2EB134F13D19BB209
S31508014240012B15D1FDF704FF013011D04FF6FF728E
S31508014250E068B2EB104F4FEA10430BD180B2C01A97
S3150801426018BF012010BD013314BF04200320F9E74C
S315080142700420F7E70220F5E7F0B50546002687B0E2
S31508014280EC69013CB44203D80C46204607B0F0BDA0
S3150801429001B14C1E6F6C2868EB6B05225B6901A99D
S315080142A007FB0400984701A8FFF7C1FF0128ECD9CD
S315080142B021460136E4E7F0B503680646CC1A436C95
S315080142C00025B4FBF3F487B0F36937685A1E9542A3
S315080142D0706C06D3736C306803FB0400143007B0A6
S315080142E0F0BD0134B4FBF3F203FB1244F36B052270
S315080142F05B6901A900FB0470984701A8FFF797FFBE
S315080143000128E7D90135DFE710B423F00304224475
S315080143109B070A44436C18BF04325B4282EA0104D4
S31508014320234202D05DF8044BC5E710465DF8044BFD
S3150801433070472DE9F04F144606460F468BB0039396
S31508014340C36B01225B6907A960689847F36B012271
S315080143505B69384606A99847079B5D1C07D1002269
S31508014360A360A275627500200BB0BDE8F08F01222B
S31508014370A2750022217E069D04EBC101CF610A8444
S315080143806068C5F3D31CB84205F07F010CD14FF024
S31508014390FF33C4F800C02175A360237D043B022BBB
S315080143A026D80023A375DEE794F814E020688E4525
S315080143B003D1A0EB0C004242424103F07F000128E1
S315080143C08CBF0020012001298CBF002101218842D0
S315080143D018BF002215F07E0FA27503F07E0304D1E3
S315080143E0002BDAD00023A375D7E7002BD5D1F9E73F
S315080143F015F07E0F0FD1F36B022238465B6908A9C7
S31508014400984708A8FFF704FF237D032B4FD8DFE859
S3150801441003F0130D045706A8F4E7CC22237E04EB18
S31508014420C3031A840123694AD35C0AE0237E04EB99
S31508014430C30318840023F6E7237E04EBC303188419
S315080144400123149A1370069A12F07E084FEAD26A6B
S31508014450227E37D104EBC2020AF0030582F8225004
S31508014460F36BB2F820905B69022208A9384698478F
S3150801447020220DF117000DEB02018DF81780FDF7CB
S31508014480C9FD1A2209A9FDF7C5FD9DF81730099A34
S315080144904FF0080BB3EB926F0CBF01230023637532
S315080144A0637D33BB0023A3754FF0000852E0227EDB
S315080144B0013BDBB204EBC202052B1084C0D8B2E77C
S315080144C00223B0E7002504EBC202B2F8209082F875
S315080144D0225006A91B2208A88DF82050FDF79AFD3F
S315080144E09DF820204FF0040BA2EB0A0253425341D8
S315080144F0D5E794F81680B8F1000FD5D0B9F1000FB9
S3150801450009D1E5B10123E375637E002B36D1012D6F
S3150801451029D1657615E0736C07EB0B025B4287EAD6
S3150801452002010B421CBF0023A375736C591E0A4076
S315080145309B1A4B45B6D3A37D002BE2D1B4E7E37DA5
S3150801454043B94FF000084B465A4639463046FFF7FD
S31508014550DBFEA060A27D237EBAB9012B33D80133D5
S315080145602376A07D00E796F8343063B9F36A013300
S31508014570E9D1032DE7D10123A376E2E7012DE9D09D
S31508014580032DDED1F7E79846DDE72269012B4A4478
S31508014590226118D801332376039B002BE1D0E37DF2
S315080145A0002BDED0B8F1000FDBD1032DD9D0A168DD
S315080145B04B1CD6D0149B2246009330460123FFF7A5
S315080145C0B8FEA075CDE70023A375CAE70C900208CB
S315080145D013B50C46002121760093616813462246DD
S315080145E0FFF7A7FE18B1E37D03B1A07EA075A07DF4
S315080145F002B010BD2DE9F743044616461F460D467F
S31508014600DFF87480816AE36A8B421ED04B1C1CD08A
S31508014610DFF860904846FDF7C3FE01224946204669
S315080146200DF10703FFF7D4FF30B13B4620469DF84D
S3150801463007201049B04740B1D8F89C124A1C07D048
S31508014640012D0DD0E36A9942E4D103B0BDE8F083A8
S31508014650D8F898122046FFF72EFE012D0146D2D131
S31508014660D8F8983281EA0302636C5B421A42ECD1AC
S31508014670C9E700BFFC2D0020682B00202DE9F04179
S315080146800F4616469846044688B060B390F83450EB
S31508014690FDB10121FFF78DFD00210E9BCDE9051125
S315080146A0CDE902379DF83C30CDF804808DF81C30F1
S315080146B0237C04968BB90D4901AA04F10800FFF77A
S315080146C085FDDDE90553E06B002E08BF1D4607F0A1
S315080146D00AFB284608B0BDE8F0812046044A01AB2A
S315080146E0FFF788FFEDE70546F3E700BFDB1D010885
S315080146F0354901082DE9F041D0E90A369E420446BA
S3150801470086B028D11422C369456802FB1355284689
S3150801471006B0BDE8F0812068676C331AB3FBF7F37E
S31508014720E26B07FB0300D2F8148001A90522C047F2
S3150801473001A8FFF77CFD012804D0636C1D44013BE9
S315080147403340ED1A31462046FFF7B5FD0646A36A02
S31508014750B342E0D1DBE70025F9E72DE9F04F0F4633
S315080147609A46002389B004464FF0FF311046904619
S315080147708DF80B30FDF714FEB7F5801F20D23946A8
S3150801478003AA04F10800FDF77DFB451C014605D186
S31508014790237CBBB92D2009B0BDE8F08F4046FDF753
S315080147A0FFFD0122414620460DF10B03FFF710FFDD
S315080147B00028EDD09DF80B308AF800300020EAE792
S315080147C0B81CE5D1E66A711C2CD12046616AFFF74F
S315080147D053FD0646BB1C18BF0123DFF8C4B000937E
S315080147E0636A626C0193236803A902FB0639E36BCA
S315080147F0484605225B6909F1140998470025494687
S315080148004B1C05D0636C81EA09025B4213420FD047
S3150801481031462046FFF730FD019BB3422FD085BBB9
S315080148200646DDE72368F61A636CB6FBF3F6D1E7AD
S315080148301A48FDF7B5FD2046009A18490DF10B03F4
S31508014840FFF7C6FE8446B8B1BA1C03D0DBF8C032FE
S31508014850BB4211D145469DF80B30DFF840E08AF896
S315080148600030BEE80F000FC5BEE80F000FC59EE871
S31508014870070085E807006546DBF8C812C0E7002D82
S3150801488088D0B7F5801F99D239469AF80030D8F8FA
S31508014890042004F10800FDF725FB8FE7282E0020E8
S315080148A0682B00202DE9F04385B00C4617461E46B5
S315080148B00546DDF83080A0B390F834309BB3B1F5E6
S315080148C0801F32D2DFF868900121FFF772FC21467A
S315080148D028460DF10F0309F53B72FFF73EFF044623
S315080148E088B99DF80F30012B14D1D9F8FC2206EBB3
S315080148F008039A4213D3009043463246394628465E
S3150801490006F0BDFA0446E86B07F0EDF9204605B056
S31508014910BDE8F083022B14BF2D246024F3E763243A
S31508014920F1E72124F2E71124F0E72924EEE700BF95
S31508014930682B002073B50D46D11E4A421C461B7EC4
S315080149404A419A4229D129682368994225D363683D
S31508014950994222D8124E0DF1070306F54672FFF762
S31508014960FCFED0B9D6F81C236B689A4215D19DF87E
S315080149700730DA1E53425341227E93420DD16369B1
S3150801498001336361D4E90323934206D22968A268F5
S3150801499042F82310236901332361012002B070BD57
S315080149A0682B002070B50025044686B00562E369C8
S315080149B0AB4202D8206A06B070BD666C2068E36B0C
S315080149C005225B6906FB050001A9984701A8FFF7BF
S315080149D02EFC012898BF236A05F101059CBF013306
S315080149E02362E4E738B50446456C006804F14003E0
S315080149F005FB0101E06BFDF753FB05462046FFF772
S31508014A00D1FF284638BD2DE9F04100254FF0FF3882
S31508014A104FF6FF73044647462E46C0E9085386B04B
S31508014A20E369B3420DD8A5EB0805012D06D94FF662
S31508014A30FF7300256362E369AB4223D806B0BDE87C
S31508014A40F081E26B2368606CD2F814C000FB063073
S31508014A50052201A9E04701A8FFF7E9FB01280FD8BC
S31508014A6001A8FDF7F5FA874288BF6662804528BF27
S31508014A708046854238BF05460746236A01332362C5
S31508014A800136CDE7666C2068E36B06FB0500052257
S31508014A905B6901A998470135CDE72DE9F04F97B034
S31508014AA0CDE908230D460A69416CD31D1439B3FBB8
S31508014AB0F1F3013302EBC302036B04469342C0F0E0
S31508014AC0D9820023DFF8C0920C93E36AAD481946F0
S31508014AD00693FDF765FCD5E903370393099B022B7A
S31508014AE040F02681CC2F40F0A682089B002B00F0CF
S31508014AF0F18000266868E36B119601225B6911A9AA
S31508014B0008309847B04694F84230012B40F0AD8002
S31508014B10632E2DD9119B666C069A1293731E134048
S31508014B20F61AE36B01225B69686814A99847149B16
S31508014B3013F07E0F14BF04230823782F059340F240
S31508014B400781012200234FF0080A04922A68C9F84E
S31508014B50D072C9F8C022099A032A00F01F81022AD5
S31508014B6000F0C780049A002A14BF00220722C4E075
S31508014B70612E08D814AB324629462046FDF7E2F8DD
S31508014B809DF8503023B314AB3246294620468DF89A
S31508014B904C80FDF7D7F894F84230DDF850A0012B88
S31508014BA052D14FF6FF739A4500F09280082214A954
S31508014BB013A8FDF72FFA9DF84C20CAF307239A424A
S31508014BC040F086805FFA8AFA119B534411937FE07D
S31508014BD094F84230012B2DD132462946204612AB94
S31508014BE0FDF7B0F82946204613AB721CFDF7AAF863
S31508014BF02946204614ABB21CFDF7A4F80823102257
S31508014C0013A90DF143008DF84330FDF703FA10227D
S31508014C1014A9FDF7FFF9129BDAB2002A51D19DF8C2
S31508014C204320B2EB132F4CD1DDE9133203EB0243D8
S31508014C30119346E0302E2BD943E09DF84320B2EB81
S31508014C40134F3ED1139BF3E7BAF1FF3F40D0102231
S31508014C5014A913A8FDF7DEF99DF84C20CAF30743FA
S31508014C609A4235D11FFA8AFAAEE7312E3FF652AF8C
S31508014C7089D014AB324629462046FDF763F8BDF8BC
S31508014C805030002B7FF47FAF94F84230012BA3D02C
S31508014C9032462946204612ABFDF754F829462046E6
S31508014CA013AB721CFDF74EF81023202213A90DF140
S31508014CB043008DF84330FDF7ADF9129B9AB2002AED
S31508014CC0BBD094F84230012B14BF012302231E44A2
S31508014CD0013618E7039B01221B684FF0080A129355
S31508014CE02B680492C9F8C03208230593089BC9F8B2
S31508014CF0D072049AC2F10202D2B289F8D4224FEADA
S31508014D009A020E92069A019200220A920D9207922F
S31508014D100B92606C019A411E1140421A002F3FD036
S31508014D2053449A4247D8236B1B1A0B4423635BE10E
S31508014D30666C069A731E1340782FA6EB030619D8DC
S31508014D40EB7D8BB9089B002B7FF4EBAE042305930F
S31508014D503B1DB3421AD9F7B1082E3FF6F2AE04232A
S31508014D6000229A460492F1E6089B002B7FF4D9AEFD
S31508014D700823ECE7089B002B7FF4D3AE08230593A1
S31508014D80DFE600BF282E0020682B002000230493AD
S31508014D904FF0040ADAE604230497F9E7099AACE71F
S31508014DA05245C0D3B846019B53440293079B002B37
S31508014DB018BF032314E0A2EB0A02019B9742B846E7
S31508014DC0534428BF904697420293EFD90123D9F855
S31508014DD0D02289F8D732974243D1019AC9F8C42219
S31508014DE0079399F8D732002B3DD099F8D822019923
S31508014DF0D31C09EBC303C3F8C41207990132A3F8FC
S31508014E00C88283F8CA1289F8D822B8F1000F14D0DB
S31508014E10099B022B2BD10A9B7BB90D9B4344032B80
S31508014E200BD9E36B01229B69029812A9984706469A
S31508014E30002840F0278101230A9399F8D4322E6875
S31508014E408D4A012B02EAC61628F07C4B40F289806E
S31508014E509A1E012A03D908F1070303F07F031E43AB
S31508014E6085E00223BCE7019BC9F8C432CDE7089B5C
S31508014E70002B31D1039BB8F1030F03EB080B28D99B
S31508014E80DDE90201E36B4FEA98029B6998470646FA
S31508014E90002840F0CA8018F003025FD0039B28F06F
S31508014EA0030633440393029B1E444FF0FF330399D1
S31508014EB013A8139311F0AAFAE36B304601229B69F2
S31508014EC013A998470646CDF80CB0002EB5D0029B1B
S31508014ED06FE04246029EE8E705F12003DDF808B0D7
S31508014EE00F93EB7D68689BB100232E7E0B9AD9B28E
S31508014EF08E4211D90F9903F1010C31F83310914201
S31508014F0026D9059905EBC303D8690A44104403E079
S31508014F100B9B059A13441844E36B01225B6913A999
S31508014F209847139B012211930B9B584604330B9305
S31508014F30E36B11A99B699847029B06464344A3EB79
S31508014F400B03042B07D9002872D10BF1040BC8E710
S31508014F506346521ACBE7CDF808B0B6E7CDF80CB0E0
S31508014F606BE7079A43EAC263334343F060464FF05F
S31508014F7000038DF84C30049BCDE9146B002B49D006
S31508014F80202214A913A8FDF745F81A2215A9FDF739
S31508014F9041F89DF84C304BEA83631593E36B0E9AFF
S31508014FA09B69019814A99847019A061E0C9B18BF7C
S31508014FB0134652460C93204643460199FFF7A4F936
S31508014FC0236B08F10302A3EB0A0322F003029B1ADF
S31508014FD0C9F8C8022363002E54D10D9BA7EB080715
S31508014FE043440D93029B019320460199FFF763F908
S31508014FF000230190002F7FF48CAE204A04F10800AB
S31508015000D2F8C832D2F8C422E3622968099BFCF7B0
S3150801501069FF11E01B2214A913A8FCF7FBFF9DF8F1
S315080150204C3046EAC3661496B8E7CDF80CB04EE79D
S31508015030CDF808B04BE77027384617B0BDE8F08FB2
S31508015040002760E004F10800FCF7E3FE3B46394619
S3150801505020460B4AFFF7CEFA2A69616CD31D14392B
S31508015060B3FBF1F3013302EBC302236B9342BFF4A3
S315080150702CAD6DE01C27DFE780FFFF07682B0020BA
S31508015080951F01083D2E63D104F108030193276892
S31508015090069B2046E16AD4F844A0A3EB070BFFF769
S315080150A00AF9A26ABBFBFAFB8242D5D0616CD9F830
S315080150B0C82201F1FF3C02EA0C0C226B0C9B521A26
S315080150C0624422632268E0629A1AB2FBF1F8C34588
S315080150D0B6D10AFB0877069B07F1140BB3EB0B074E
S315080150E011D0E36BBA0859469B6998478246E26A2A
S315080150F0069B3A44E262226B0198D21A5A44226309
S31508015100FCF787FE57462368616CE06B01FB0831A3
S31508015110FCF76DFF2046FFF745FC2046FFF773FCB9
S31508015120626A616C2368204601FB02331433A36269
S31508015130FFF7E0FA2063002F84D02A69616CD31D3A
S315080151401439B3FBF1F3013302EBC30290429ED249
S31508015150374671E7F7B5089C032A1646256805D12F
S31508015160237A012B25D0012003B0F0BD274F28460D
S315080151700DF1070307F54672FFF7EFFA606000289D
S31508015180EED1D4F800E0D7F81C03DEF82810DEF8D3
S3150801519044C04840CCF100031840227AE0D1012AE4
S315080151A009D1E268D7F8283313446A69934202D9C8
S315080151B02074207CD8E7DEF80020DEF82C30891A26
S315080151C09B1AB3FBFCF3B1FBFCF18B420DD1696C65
S315080151D0EB6A4A1E13402A6B521A13442B6325683D
S315080151E02846A96AFFF767F8E862D7F82823E3682B
S315080151F008321344E3600122334605492068FFF764
S315080152004CFC60600028ABD00020ADE7682B00207D
S31508015210802E0020032A2DE9F34106460D4617463E
S315080152201C4606D1237A012B24D0012002B0BDE801
S31508015230F081DFF8608009680DF1070308F5467209
S31508015240FFF78BFA60600028ECD19DF80720237AD6
S31508015250032AE7D0D8F81C136A689142E2D1012BD8
S315080152602969D4F80CC007D172690CEB0103934282
S3150801527002D92074207CD9E708316144E1603B46B4
S31508015280012229463046FFF708FC60600028C9D08C
S315080152900020CBE7682B00202DE9F34104461F4681
S315080152A0164688462C4D4FF0FF3105F54670FDF739
S315080152B077F89DF820300022204605F54671C5E9A4
S315080152C0C967C5F81883FFF7E8FB236E0746002B65
S315080152D03DD020466169FEF73FFF626E236B0244AB
S315080152E093422CBF00220122984228BF0023257C25
S315080152F038BF1B1A002684F85020636584F8585075
S31508015300D5B1DFF8588033463246314620460196F4
S31508015310CDF80080FFF7B2F901230546CDE90083F0
S315080153203246334631462046FFF7A8F9E368054475
S315080153309D4294BF3546ED1A94F85030E56513B988
S3150801534094F858301BB1236E04F15000984738463B
S3150801535002B0BDE8F08100BF682B0020FFFF0F00F7
S315080153602DE9FF410F4690461E460546002847D0BF
S3150801537090F83430002B45D0B1F5801F44D2234C28
S315080153800221FEF716FF04F53B72394628460DF150
S315080153900F03FFF7E2F9024620B16B699E4219D95C
S315080153A0622410E09DF80F30012BF6D1D4F8FC12D7
S315080153B08E42F2D1009341463346284605F05FFDF9
S315080153C004460028E9D1E86B06F08DFC204604B0B6
S315080153D0BDE8F081284606F08FFA31462846FEF7E1
S315080153E0BBFE2C6B844209D30123424600933946FE
S315080153F033462846FFF750FF0446E4E71C24E2E754
S315080154002124E3E71124E1E72924DFE7682B0020BB
S315080154107FB50C46054648B390F8343043B3B1F529
S31508015420801F27D20221FEF7C4FE21462846124ACA
S315080154300DF10F03FFF791F90646A8B99DF80F304C
S31508015440032B11D0284606F057FA03232146009369
S31508015450324633462846FFF71FFF0446E86B06F037
S3150801546042FC204604B070BD2D24F7E72124F8E755
S315080154701124F6E72924F4E7542E0020F0B5044652
S315080154800D46466CE36B006887B005225B6901A986
S3150801549006FB0500984701A8FEF7C9FE012804D8AE
S315080154A001A8FCF7D5FD07B0F0BD29462046FEF751
S315080154B0E3FE0646676C2068E36B05225B6901A972
S315080154C007FB0600984701A8FCF7C2FD431CEAD072
S315080154D0B54238BF0130E6E72DE9F04F4FF0FF330B
S315080154E04FF6FF720025044600F10808C0E90923B2
S315080154F08BB0C3620562056340468B46FCF789FC9F
S315080155002046FFF74FFA40BB4FF6FF79676A002638
S315080155104F4514BF3D460025E3699E423BD32046CD
S31508015520FFF740FA08BB5E2028E02368E26B606C4F
S31508015530566900FB0530052205A9B04705A8FEF7FF
S3150801554076FE01281DD129462046FFF797FF421C02
S3150801555029462046FFF746FA0135E3699D42E4D319
S315080155602046FFF71FFA0028CED02046FFF74BFA50
S315080155704FF6FF72636A934237D167200BB0BDE8D5
S31508015580F08F0338C0B20128E6D829462046FFF72E
S3150801559075FF0246DCE7E26B2368606CD2F814C03B
S315080155A000FB0530052205A9E04705A8FEF73FFEE1
S315080155B0022807D04F450DD10BF101022946204695
S315080155C0FFF710FAE3690135B5FBF3F2013603FB80
S315080155D01255A1E729462046FFF750FFB0F1FF3FD4
S315080155E014BF02465A460132E8E7E26B666C206848
S315080155F055696946052206FB0300A847626A616C7C
S3150801560023684B4D01FB02331433A3624FF0FF337A
S315080156106FF00101E362204605AB05F54672FFF717
S315080156209CF8002849D1D5F8205329462046E56239
S31508015630FCF76FFB206320B92046E16AFEF73BFEC3
S31508015640E06229462046FEF736FE0546A36A9D42D4
S3150801565035D12046FCF746FB002607463546E36961
S315080156609D423ED3B74257D92046616AFEF704FEEA
S315080156704FF00008054604F1400A464512D8626C07
S315080156802368694602FB0539E36B05225B694846CF
S3150801569098476846FCF7DCFC534602464946E06BE8
S315080156A0FCF7FEFC29462046FEF7E6FD08F101084F
S315080156B047450546E1D1642060E7A56AB5E729466D
S315080156C02046FCF726FB236B29460344064623633B
S315080156D02046FEF7F0FD0546002EB7D1C4E90B06B4
S315080156E0B4E7626C236805A902FB0539E36B052259
S315080156F05B694846984705A8FEF799FD012809D828
S31508015700204609F11401FCF704FB636C143B98422B
S3150801571008BF01360135A2E74046FCF77AFB0023AC
S3150801572020461946034AFEF765FF002026E700BF13
S31508015730682B0020951F010800232DE9F047A74C87
S31508015740A74FA84E94F83450D7F84483D6F8D89082
S31508015750C7F8443345B322684A4540F03381D6F841
S31508015760DC106268914240F02D81D6F8E010A268FB
S31508015770914240F02781D6F8E410E268914240F060
S315080157802181D6F8E8106269914240F01B81D6F86A
S31508015790F010E26B914240F015811D46D6F8EC20D7
S315080157A0A2612846BDE8F0875822294604F110006F
S315080157B0D4F838A010F00BFCD6F8DC3004F1080058
S315080157C06360D6F8E830C4F838A06361D6F8EC30DF
S315080157D0C4F80090A361D6E93823C4E90223FCF78B
S315080157E018FBD6F8F03004F14000E3639B6898474C
S315080157F000284AD1616C11B16368B3FBF1F194F8E1
S315080158004330E161002B00F0DF800023656C2366DD
S31508015810002D00F0E180002900F0DE802368B3FB4B
S31508015820F5F205FB1233002B40F0D080D4F8049032
S31508015830B9FBF5F605FB1696002E40F0C7806748BA
S31508015840FEF7A5FC8145C0F0C38040F63472636952
S31508015850CC3B934200F2BE80B5F5805FC0F0BC80B8
S3150801586003215E48FEF7A5FCD4E90001E36B1B683A
S3150801587098470546E36B0220DB6898473DB184F8F3
S315080158803460E06B06F02FFA8BE72946B7E7414605
S315080158905248FFF721FE6428054604D141464F4880
S315080158A0FFF71AFE0546636C143B75BB226A4B4823
S315080158B002FB03F6FEF76BFC864203D284F83450EA
S315080158C05A25DEE70123D4E9009684F83430D7F85F
S315080158D04833D7F84C830133C7F84833F1F760FAF0
S315080158E01F2E16D8BFF35F8F05223F4BC3F89420AE
S315080158F05A6A42F480325A62BFF34F8FBFF36F8FF1
S31508015900BFF34F8FBFF36F8FBBE7002384F83430A3
S31508015910B7E74FF0000C19F01F0F06F1FF3618BF55
S3150801592029F01F0109EB06030CBF49462031DA06A7
S315080159302D4A18BF23F01F035FFA8CF0804526D83D
S31508015940D2F8C00021F01F0120F47F4040F4807096
S31508015950C2F8C00041F00301EFF31186302080F34D
S315080159601188D7F84C0323F01F0343F00303C2F849
S315080159709800C2F89C10C2F8A03086F31188BFF3CC
S315080159806F8FD7F84C330133C7F84C33AAE7C2F8FF
S315080159909800D2F89C00D2F8A06020F01F00884237
S315080159A026F01F0601D19E429CD08E4201D3984211
S315080159B098D9D2F898000CF1010C20F0FF00C2F832
S315080159C09800B9E75D25ECE62125EAE65925E8E6DA
S315080159D05A25E6E65F25E4E65B25E2E6A80E002001
S315080159E0682B0020E43B002000ED00E0034B5A68D9
S315080159F012B19A6A002AFAD1704700BF00400650D0
S31508015A0030B40446EFF3108072B6256885EA0203BE
S31508015A100B406B40236030BC12F0F1BCF8B50F4661
S31508015A2015460446002853D0EFF31186302383F335
S31508015A301188284BD3F810334B1E0E2B3ED900295B
S31508015A4041D0002201214FF0300C6378207899402B
S31508015A50204B0CFB00339DB303F5825319600F21CC
S31508015A6094F801C02378BCF1070F03EB430388BF01
S31508015A70ACF1080C4FEA0313174895BF4FEA8C0C93
S31508015A804FEA8C0C04330C3302FA0CF201FA0CF1CE
S31508015A901844FFF7B5FF5FB90122302063782178F2
S31508015AA09A400C4B00FB01337DB103F582531A6012
S31508015AB086F31188BFF36F8F0020F8BD0A46C1E748
S31508015AC003F50153CAE70A46C9E703F50153EEE7A9
S31508015AD02220F2E700C0035030C00350044BD3F82C
S31508015AE08420D206FBD4D3F88400C0F38110704712
S31508015AF000400050430905D0012B0CD0022B084B5E
S31508015B0018BF002300F01F0039B103F580530122A5
S31508015B1082401A607047034BF4E703F50053F6E732
S31508015B20688000506480005010B5EFF3118230236D
S31508015B3083F31188204B93F850432CB182F31188D3
S31508015B40BFF36F8F1D4810BD012183F8501382F3EF
S31508015B501188BFF36F8F202083F8004183F8104125
S31508015B6083F8204183F8304183F8404183F8504156
S31508015B7083F8604183F87041FFF7BCFF2120FFF7E6
S31508015B80B9FFFF220E4B59609C609C619A624FF0E7
S31508015B9000429C631C645A654FF0FF3203F50053BB
S31508015BA01A6580214FF40012064BC3F8802183F849
S31508015BB015131A602046C6E7682B0020038000F0FB
S31508015BC00000045000E100E01FB50023B0F5807F16
S31508015BD0019300F03E816BD85E2862D85E2863D8AF
S31508015BE0DFE810F07700620062006200620062007E
S31508015BF06200620062006200620062006200620086
S31508015C006200620062006200620062006200620075
S31508015C106200620062006200620062006200620065
S31508015C20620062007700F2007700F20013011301A7
S31508015C30130113011301F20025018000AB0048018D
S31508015C408000F200F200F200620062006200620067
S31508015C506200620062006200F200F200F200C10016
S31508015C606701F2006200620062006200620062007F
S31508015C706200620062006200620062006200130153
S31508015C807700770077005801800080007301D00003
S31508015C909600200162006200620062006200DD0077
S31508015CA07700802800F08180019805B05DF804FB33
S31508015CB0B0F5D06F00F0DE8044D8B0F5607F00F013
S31508015CC08A801AD8B0F5007F73D005D8B0F5C07FA1
S31508015CD0EAD111F0B9FF6AE0B0F5207F74D0B0F5CA
S31508015CE0407FE1D111F0B0FF924B1B6FC3F38023C4
S31508015CF00133B0FBF3F0400859E0B0F5B06F00F09E
S31508015D00968017D8B0F5806F7FD0B0F5A06FCBD14C
S31508015D100021884B0391D3F8203203F00703042BA3
S31508015D2006D8022B7AD8012B74D0022B00F0E38017
S31508015D30039B98E0B0F5C06FB6D1002101A8FCF726
S31508015D409BFAB1E7B0F5106F00F0A4800FD8B0F553
S31508015D50086F00F0D980A7D8B0F5E06F00F0A980E8
S31508015D60B0F5F06FA0D1734BD3F86031A4E0B0F56C
S31508015D70406F57D010D8B0F5206F00F0A680B0F567
S31508015D80286F91D100216B4B0391D3F8703203F040
S31508015D900303012BCCD1AAE0B0F5486F84D10023C7
S31508015DA00393644BD3F8943294E011F02FFF0190DA
S31508015DB07AE711F02BFF5F4BD3F89030C3F30463F6
S31508015DC00133B0FBF3F0F2E711F03EFF594B1B6FBD
S31508015DD0C3F38023F4E75749D1F8802002F0030280
S31508015DE0022A0AD0032A0BD0012A0CD111F00EFF80
S31508015DF0D1F88030C3F30113E2E711F0ADFEF7E7FE
S31508015E004D4B5868F4E71846F2E7002101A8FCF75C
S31508015E10FDF949E703A8FCF7C5F989E74FF40043FB
S31508015E20039385E7002101A8FCF7BCF93CE70021AB
S31508015E30404B0391D3F8803103F00303022B5ED064
S31508015E40032B58D0012B7FF473AF03A8FCF7DEF9B7
S31508015E506EE702934FF0E0231B695A0705D511F047
S31508015E60F3FE0290029B01931EE703A902A8FCF721
S31508015E7003FAF7E72F4BD3F8003203F0070003289C
S31508015E8012D05B070AD4013801288CBF00200120F3
S31508015E90C0038CE7274BD3F80832EEE7042806D16E
S31508015EA011F0D2FE800A82E74FF47A707FE700206C
S31508015EB07DE7204BD3F8403203F00303032B20D0B0
S31508015EC0003B18BF0123DB03CDE700230393194BDE
S31508015ED0D3F8603203F00703013B032B3FF628AFE3
S31508015EE0DFE803F002040D090021AEE7002103A84B
S31508015EF0FCF7C2F91CE711F02FFE039018E70F4BC8
S31508015F008EE74FF47A73AEE70A4BD3F8003103F004
S31508015F100303022B06D0032B07D0012B07D1064B0F
S31508015F209B68A0E74FF400439DE7054B9BE70023D9
S31508015F3099E700BF00800050E43B0020002D3101A5
S31508015F4080D543022DE9F84320245E4D5E4812F0C0
S31508015F5051F95E4812F04EF92C644FF480024FF461
S31508015F6070015B48FFF74CFD40234FF000722B642C
S31508015F704FF070615648FFF743FD4FF40073554FD4
S31508015F802246F02154483B64FFF73AFD4FF48073EB
S31508015F9004220F2150483B64FFF732FD012340F6E6
S31508015FA0AA624E4CDFF850810025C8F804306261B8
S31508015FB041F205024A49DFF84491A5604FF4207081
S31508015FC0E565E2602561E561E564C9F84810A565FE
S31508015FD025656565C9F80430C8F80430E260FFF73D
S31508015FE0F3FD4FF4E112430103F56123B3FBF2F329
S31508015FF03C4A203B02EAC3036022C9F80820C8F8D4
S315080160000850E3610223A565C7F820370423C8F8B9
S315080160105C304FF44063656163611023324E334C43
S31508016020C6F820374FF4A023C6F838374FF4C023F3
S31508016030C6F83037D6F8203743F00203C6F82037BA
S315080160404FF40023C6F82C374FF41023C6F8283727
S31508016050FFF76AFD04F5F47003F038FC04F5EE70F9
S3150801606003F034FCB0B194F850339BB1D4F8E8315D
S31508016070072B0FD8EFF31182302181F3118804EB36
S31508016080031393F8001109B183F8005182F31188BB
S31508016090BFF36F8F0020164BC4F81802C4F8D0015D
S315080160A0C3E9010043E91100124B4FF48022C4F8F9
S315080160B0CC310123C4F8142284F81D3284F8D53171
S315080160C0BDE8F88300D0035014900208189002081E
S315080160D034C0035000E003503CC0035000C00550D3
S315080160E0FFFF0100F8FF7F0000C00350682B002066
S315080160F0802D00200200040000D0055000E0055064
S3150801610038B5174CFF28A26A28D8A36D154D13F484
S31508016110803F18BF4FF48031134B18BF99624FF077
S3150801612080719962A36995F9F45023F47F030544B4
S3150801613023F47F4343EA002385F3080543EA05432D
S31508016140A3610A48FFF75CFCA36DDB0304D54FF492
S3150801615080310648FFF754FC002038BD2120FCE7B2
S315080161600040005AE43B00200050005A2840005ADB
S3150801617038B50F4C0F48A26AA36D13F4803F18BFB8
S315080161804FF480310C4B18BF99624FF080719962B8
S31508016190A569FFF735FCA36DC5F30725DB0304D510
S315080161A04FF480310348FFF72BFC284638BD00BF62
S315080161B00040005A2840005A0050005A014B83F803
S315080161C0F4007047E43B0020014B93F9F400704753
S315080161D0E43B00204FF4803311481249826A8B62EE
S315080161E0836D03F00303032BFAD14FF080730E4836
S315080161F08B620B4B996D30EA0101FBD101200949EC
S315080162000865996D8907FCD4054B996D8807FCD5F6
S31508016210996D8907FCD505490548FFF7F1BB00BF0C
S315080162200040005A0050005A030001000000010115
S315080162302840005A08B58020FFF7C6FC034B984250
S315080162409EBF4FF48032024B1A6708BD005A62029C
S3150801625000A000504FF4803210B5104B9A66A3F592
S3150801626080531B6FC3F3033303FB00000C4BDC693C
S31508016270144041F67132DA635A6822F4401259B968
S315080162800849884294BF00200120000502435A604C
S315080162900CB10022DA6310BD0349F2E70090005001
S315080162A000000350005A6202002D310110B50C4C52
S315080162B0022005F0A0FD236F0A4AC3F380230133A8
S315080162C00021094882F85133FFF7C4FF236F43F4CD
S315080162D0806323674FF4803304F58054236710BD28
S315080162E000800050682B002000B4C40408B54FF4A0
S315080162F0C070FFF769FC0649064A884294BF002028
S315080163000120136F23F4806343EA8023136708BDD2
S3150801631080F0FA020080005038B5054611F094FC69
S315080163200446FFF7DBFB0128D4BF012100212046E3
S31508016330FFF790FF002005F093FD25B1FFF7D6FF83
S31508016340BDE8384076E70649064A0B6F92F85123AD
S3150801635023F48063013A43EA82230B67F0E700BF1F
S3150801636000800050682B0020024A536B0342FCD17F
S31508016370704700BF004009504FF0004270B50F4BFF
S3150801638004465D6E03F580535A664AF6CD330C49C9
S3150801639080204E6C0B64FFF7E7FF0B6A23F4F85372
S315080163A043EA04230B62F30744BF064B0B64002D33
S315080163B0A2BF4FF00042044B5A6670BD00800050E0
S315080163C0004009503254FFFF00A00050012370B568
S315080163D0C4B2A3401E4C22F00302236584000D6853
S315080163E004F1A04404F588246560302568434C7B94
S315080163F000F1A04000F580200466CC7A8E7A240547
S3150801640044EA06440E7B44EA4654C4650267EFF340
S31508016410118485F311880F4A5365087A00B113640C
S31508016420487A00B1936308798A7942EA00420848B2
S3150801643082614D79CA79074942EA05428A61064A63
S315080164404363936484F31188BFF36F8F70BD00BFF4
S315080164500020045000100450000004500123C0B26B
S315080164608340EFF31180302282F31188054A516D7A
S3150801647021EA03015165936280F31188BFF36F8F97
S31508016480704700BF000004500123C0B28340EFF3F8
S315080164901181302282F31188074AD06A184209D13C
S315080164A0526B93430CBF0120002081F31188BFF37F
S315080164B06F8F70470020F8E70000045038B51B4B72
S315080164C01B4A9B6C03F0010393646BB3194C94F854
S315080164D0503353B1D4F8DC01072806D804EB00136E
S315080164E093F800310BB1FFF7CFFF0122124B1A7057
S315080164F0EFF31185302383F311881048FBF72CFF3E
S3150801650001460F48FBF762FB85F31188BFF36F8FCE
S3150801651000220C490C4805F05FFAD4F878311BB112
S31508016520BDE83840FBF79CBF38BD00BF00C0055029
S3150801653000E00550682B0020E43B0020E02C0020F9
S31508016540982D0020616D01089C2D0020021E30B592
S315080165504FF000000CBF1025042547F607740849BB
S3150801656052B9831D51F82330234023B101308542A6
S31508016570F6D14FF0FF3030BD00F11603F2E700BF48
S315080165800080035010B5C2F3062402F0070241B990
S3150801659042EA042242F440220630234B43F82020E3
S315080165A010BD142C2DD008D8012C32D0122C22D093
S315080165B0631E312B07D9002308E0242C04F1FF338D
S315080165C008D8202C08D819490B441B7C42EA032217
S315080165D01630E2E7322CEBD1042AF4D8DFE802F0D0
S315080165E00305170709000022EDE70122EBE703225D
S315080165F0E9E70422E7E7022A0DD0032A0DD0112381
S31508016600E1E7022A0BD0032A0BD01323DBE7022288
S31508016610D9E70023D7E70022F1E70122EFE70022B5
S31508016620F3E70122F1E700BF008003500C9002084E
S315080166300A4392B20021FFF7A5BF3AB122F003023D
S3150801664002F1A04202F5603209B9106070470002F2
S31508016650FBE7054BD3F8F800421C02BF034AD2F800
S315080166609400C3F8F8007047E43B0020004000504E
S315080166704FF48032064B5A6603F5E6239B69C3F34A
S315080166808512827003F03F021B0B4270037070473C
S315080166900090005007B5014601A8FFF7E9FF9DF8EC
S315080166A0063001220B804FF4807300204B80054B86
S315080166B09B680A3303F01F0302FA03F34B6003B026
S315080166C05DF804FB0080E00F036BDB0702D5036965
S315080166D05A06F9D4012200F500531A63036B9B0786
S315080166E0FCD40B794A881B0243EA82438A7A13430C
S315080166F04A7843EA8213CA7A43EAC2130A7B43EA0F
S3150801670042134A7B43EA02138A7B43EAC203CA7BE2
S3150801671043EAC2238A7943EA0243CA7943EA4243EE
S315080167200122436000F580531A630B780BB90223E3
S31508016730C360002343624B790A7A1B0143EA820349
S315080167404A7A134383600B780BB10123C360704700
S31508016750012200F580531A630223C36000231F49EF
S3150801676000F500528360836151614FF6FF71036240
S31508016770C1614CF680614362436683660367C0F86C
S315080167808430C0F88830C0F89030C0F8A430C0F81A
S31508016790A830C0F8B030C0F8FC10C0F8EC30C0F82A
S315080167A0F0301F23C0F8F830036BD90702D5036907
S315080167B05B06F9D401231363036B13F00203FBD1C0
S315080167C043600366C0F88030C0F8A030C0F8E030F6
S315080167D0C0F8E830C0F8E430704700BF77007707A3
S315080167E0054B9A689107FCD45A689207F9D4DA6975
S315080167F0002AF6D1704700BF00800A502DE9F04102
S315080168000446EFF31186302383F31188D0F8A430B8
S315080168109D681DBB04F1300011F0B2FBD4F8A43019
S315080168205D69002D36D1A04658F88C7F002F4DD1D1
S315080168302774274657F8905F002D5FD1274657F8EA
S31508016840945F002D61D1D4F8A430DF68002F63D19D
S3150801685086F31188BFF36F8FBDE8F08115F8203CE8
S31508016860A5F130007F2B4FEA9317436998BF00279C
S31508016870A3422D68CDD1D4F8A4100831FCF720FE27
S315080168801FB9637B01336373C3E7032F04BF002377
S31508016890A373BEE715F8203CA5F130007F2B4FEA1C
S315080168A09317436998BF0027A3422D68B9D1D4F835
S315080168B0A4101431FCF704FE1FB9637B013363731B
S315080168C0AFE7032F04BF0023A373AAE73D4655F894
S315080168D030794046AB7C05F13001013BAB74F0F7EA
S315080168E07BFAAB7C33B9637B332101332846637367
S315080168F0FCF7C0FDE37B013BE37397E7284639467E
S3150801690050F83059FCF7DCFD96E72846394650F829
S315080169103059FCF7D5FD94E7384650F83079436984
S31508016920A34293D1D4F8A4100C31FCF7C9FD84F81D
S31508016930A1508BE7F8B50546EFF31183302282F3B0
S315080169401188046844B1627AD2060FD483F3118898
S31508016950BFF36F8F0F20F8BD8268012A58D884606B
S3150801696083F31188BFF36F8F0020F4E78268012A49
S315080169704ED80022826083F31188BFF36F8F94F893
S315080169805060304605F06CF808B9042E08D1217A12
S3150801699031B1D4F8A40000B184300222FDF714FB0A
S315080169A0032304F1840684F85030D4F88430ABBB51
S315080169B004F18807D4F88860CEBB2046FFF71EFF8E
S315080169C06420668111F0D2F9002200236061C4E9CE
S315080169D006232046C4E90823C4E90A23C4E926662E
S315080169E0FCF7D4F988B1022384F85030EFF3118209
S315080169F0302383F31188D4F8A430596844F8041F66
S31508016A005C6082F31188BFF36F8F00232B60ABE7BD
S31508016A1083F31188BFF36F8F04209CE73046F0F7A4
S31508016A20D3F90146D4F8A400FBF7D1FCBDE73846F3
S31508016A30F0F7CAF90146D4F8A400FBF7C8FCB9E790
S31508016A4010B5084C04F51270FFF774FFFCF7ACFD9E
S31508016A5030B10122044B83F8D520002384F854323F
S31508016A6010BD00BF682B0020E43B0020F0B5A0F163
S31508016A70840602230022314685B0054604F0DEFA73
S31508016A802E28044665D0002860D1284603A9FCF7BC
S31508016A909DF9044648B9039B2F4F28465F66FCF7C4
S31508016AA088F9FCF793F9044618B12846FFF742FF1F
S31508016AB04CE0039B28469F65FCF77BF9FCF786F9B2
S31508016AC004460028F1D1039B244A28465A67FCF755
S31508016AD070F9FCF77BF904460028E6D1039B2846A2
S31508016AE09D67FCF766F93046FBF792FC039E062381
S31508016AF0314641F80C5BB3813461FFF7AAFD4FF0CB
S31508016B0050234FF4003210F0400F1A6714BF732355
S31508016B10772310F0800F18BF732310F4806F18BF06
S31508016B20732310F0010F18BF782310F0080F18BF50
S31508016B30742310F0040F18BF7223736108230C2203
S31508016B40F381284603230096FCF717FC204605B077
S31508016B50F0BD1224FAE700BFF76B0108EF1B010825
S31508016B6010B5436F044613B1816F007A98472046E2
S31508016B70BDE8104042E62DE9F0410546302700F10F
S31508016B8014086B690BB9BDE8F081EFF3118487F33B
S31508016B9011884046FCF758FC034684F31188BFF375
S31508016BA06F8F90F8242044691AB10021FCF762FC22
S31508016BB0E7E7827C01328274D4F88C2043F8302FBF
S31508016BC0C4F88C30237C092B06D90A23204684F87D
S31508016BD05030FFF7C5FFD4E7666941F28830760081
S31508016BE0666111F0C3F8864294BF6661606120460A
S31508016BF005F0BEF8C5E7F8B5154612681E46A2F1B6
S31508016C00840400297ED069683F4B99424CD13F4B99
S31508016C1094F8C510D3F85832B1B343BB0123022601
S31508016C200A2784F8C43052F8844C3CB92C68843C51
S31508016C302946E06FBDE8F84004F092BE94F850305A
S31508016C40042B0DD003D8012B0AD02468EDE7053BA8
S31508016C50032BFAD8204684F85070FFF781FFF4E732
S31508016C600621204684F85060FBF75CFFEDE74FF0FC
S31508016C7000524FF20F015180012B4FF000530FD0F4
S31508016C804CF23C325A8009E04FF000524FF20F01A4
S31508016C905180002BF0D140F201231380FDF72AFA27
S31508016CA040F202221A80F9E7194A21F0FF039342BA
S31508016CB016D12046C9B2FBF741FF0028B8D090F893
S31508016CC05030042BB4D1002E14BF0223052380F8BB
S31508016CD05030C36F002BA9D03146FBF723FFA5E738
S31508016CE00C4A9342A4D12046C9B2FBF727FF0028D4
S31508016CF09ED090F85030073B012B99D8092380F88C
S31508016D00503093E7F8BD00BFEFBEADDE682B00201B
S31508016D1000BAFECA00BAEFBE70B50D46EFF311868A
S31508016D20302383F311884C6904F18C00FCF78CFB42
S31508016D3004F1300011F024F9D4F8A40029461430DE
S31508016D40FCF78CFBD4F8A420044902F12C0004F0CA
S31508016D5043FE86F31188BFF36F8F70BD776B010809
S31508016D602DE9F04F85B0EFF31188302585F31188A9
S31508016D704148FBF7F1FA0446DFF8049134B988F380
S31508016D801188BFF36F8F05B0BDE8F08F23681A79B4
S31508016D907F2A4FEA92131ED8EFF3118685F31188DD
S31508016DA0D4F814B0BBF1000F21D186F31188BFF3D3
S31508016DB06F8F88F31188BFF36F8FEFF3118885F30F
S31508016DC01188B9F800302C480133A9F80030FBF7CF
S31508016DD0C3FA0446D2E7EFF3118685F3118867698A
S31508016DE09FBB022BE1D12046FCF70EFADDE794F8AA
S31508016DF0247037B1002184F824102046FCF73AFBA9
S31508016E00D3E79BF8500004F02BFEB8B12046FCF7F7
S31508016E10FBF90428C9D1DBF814100BF1300A5046E6
S31508016E20CBF84C70039111F0ABF823465046CDE9E7
S31508016E300077124A039911F015FAB6E79BF80D2067
S31508016E40332101328BF80D20D7E7032BCBD1BB7B3E
S31508016E50002BAAD000212046B973FCF70BFBD7F803
S31508016E609430002BA1D007F19400FCF7EDFA014606
S31508016E70384604F0A9F998E7982D0020196D0108FC
S31508016E80682B002038B50D4610F040FF10F080FF42
S31508016E9004462D6810F03AFF10F07AFF031BAB4247
S31508016EA0F8D938BD2DE9F7430627177014464A68FD
S31508016EB01E46A2F58053FF2B81460D46DDF8288034
S31508016EC075D80523D1B2638041F4805363602A7A69
S31508016ED0931E012B27D88438FBF730FE022305467B
S31508016EE02372D0B190F85080404604F0B9FD30B114
S31508016EF00A2385F850302846FFF732FE0DE0B8F12F
S31508016F00040F0AD109233946284685F85030FBF77C
S31508016F1009FE10B96B7ADB06EDD463880433336056
S31508016F2003B0BDE8F083052A16D18438FBF706FEBF
S31508016F30022323720028F0D090F85030012B01D09B
S31508016F40042BEAD1042380F85030052323726F4BB2
S31508016F500B43C8F80030E0E7092A21D18438FBF74A
S31508016F60EDFD08B92272D8E790F85030053B032B9E
S31508016F7010D8DFE803F007021107082380F850301C
S31508016F802372CAE7082580F85050FAF7CBFD18B9DD
S31508016F902572C2E70923F3E7092323725C4BD7E776
S31508016FA004236380002363600323A360B5E7A2F586
S31508016FB0E063FF2B26D84F880C2F03D0002363608C
S31508016FC003235EE0D1F80880D1F80C905148D1B27C
S31508016FD0FBF7B4FD80B190F85030012B0CD1234654
S31508016FE0C0E9269841F4E06143F8041FAA685A608B
S31508016FF0EA689A60678090E70023636008236380E4
S315080170000423D2E740F203239A4272D0B2F5017FF4
S3150801701021D2602A6AD007D8042A2FD9212A37D043
S31508017020002363600D232CE0B2F5007F26D040F2E1
S3150801703002239A42F4D1042363808B681BB3012B84
S31508017040BCD10123344AA360C2F8583240F2022364
S315080170506360082348E0B2F5C06F21D00BD840F22F
S3150801706001339A420AD0B2F5A06FD9D10B7A80F8CA
S315080170703830626037E0B2F5885FD1D100236360AA
S315080170801523A360E5E724496260C1F85832F8E799
S3150801709062600B89678023810B8920F8283C3CE7CD
S315080170A0CB6843611D4B8F681B689F4218D8002522
S315080170B000F11408294640F2E730194B4FF47A7269
S315080170C0D3F800C00023E7FB0C010EF08FFD434601
S315080170D00146CDE90055134A09F1180010F0F0FDF3
S315080170E04FF4C06363600423638016E78B68C3604B
S315080170F0BFE70B7A62600822003B628018BF012352
S315080171000022A26080F8413007E700BF00BAFECA34
S3150801711000BAEFBEF03B0020682B0020C80A002009
S315080171204C0E0020856E01082DE9F047054600241E
S3150801713088B0CDE903446C7A0E46A707184605D4EC
S31508017140304608B0BDE8F047FCF75EB812F03702E2
S3150801715019D16007F4D48A898AB1D5F8A40005F152
S315080171608802FCF73DF90028EAD1EB6E002B00F006
S31508017170AA80296F287A08B0BDE8F047184708465B
S31508017180FCF742F8F1E7042A40F08E802B7A002BAF
S31508017190D6D10328D5F8A4904F68D1D97B88043372
S315080171A09842CDD1484603A909F1840AFBF730F97B
S315080171B00028C5D1039CA04648F80CAB7B786373BD
S315080171C03B78022B3BD0032B4DD0012B66D1237381
S315080171D00423E381082304933C4BD3F858323BB18B
S315080171E0012B28D105A8F9F7F3F99DF8143013B343
S315080171F000232361364B6360DDF810900523414671
S31508017200284600941FFA89F2FCF752F807463046D9
S31508017210FBF7FAFFB9F1000F55D0002F53D06E6E68
S31508017220002E50D0332322464146B446287A08B068
S31508017230BDE8F0476047012323610023DBE77B684C
S31508017240202B09D05A1E032A06D923F01002402AF8
S3150801725002D0B3F5007F18D142463946504604ABF1
S31508017260FBF7B4FCC8E77B68A3F20222012A03D91B
S31508017270212B01D0602B08D1231D009342463946A4
S31508017280504604ABFFF70EFEB6E70D230022C4E90C
S3150801729004230823E3810C230493ADE72146D9F897
S315080172A07C0004F05DFB4BE7312A7FF449AF0846C1
S315080172B0FBF7AAFF2A7A32B96A81092311462846B9
S315080172C00092FBF7F5FF08B0BDE8F087682B0020B0
S315080172D0EFBEADDE2DE9F04786B0ADF80E300023DE
S315080172E0457ACDE90433ED0704460E46D0F8A47075
S315080172F0C37A0CD506220092227A21463846FCF733
S31508017300EEF83046FBF780FF06B0BDE8F087C2F31A
S3150801731002159D420BD05A1E954204D00BB9072D72
S3150801732001D00222E7E7204604F078FBE9E71307D4
S315080173300DD40DF10E02FCF79DF900287ED0042329
S3150801734000932146E37A227AD4F8A400D7E7027A91
S315080173501AB1062300932B46CFE70DF10E02FCF76F
S3150801736089F905460028EAD1BDF80E20032A63D912
S31508017370D6F80480B8F8023004339A425CD1D4F8BE
S31508017380A4A005A95046FBF743F80AF18409074664
S3150801739090B905990D4645F80C9B98F801304B7341
S315080173A098F80030022B33D0032B38D0002B3FD16D
S315080173B00B73CB8104230493706830B1D4F8A4808D
S315080173C0FAF7FCFF4046FAF70DFC002330467360D6
S315080173D0FBF71AFFE37A2046013303F00703E3724A
S315080173E004F01CFB002F8FD1059F11232946204647
S315080173F0BDF810200097FBF75BFF002884D0A66D27
S31508017400002E81D033233A462946207AB0477BE7B6
S315080174102A464146484604ABFBF7D8FBCCE704317C
S3150801742000912A464146484604ABFFF73BFDC3E7B0
S31508017430DAF87C0004F094FA2127BDE73146BDF855
S315080174400E30D4F8A40004F18402FBF7C9FFE0B1B9
S3150801745003230093E37A227A2146D4F8A400FCF7A1
S315080174603EF83046FBF7D0FE0F4B93F85C22052A0F
S315080174707FF44AAFD4F89820013AC4F89820D3F893
S315080174808822013AC3F888223EE7E36D43B9E37AD5
S315080174902046013303F00703E37204F0BFFA33E72A
S315080174A0216E207A9847F2E7682B0020036813F0CB
S315080174B0704205D1C3F30E030B60D3B100207047A8
S315080174C0B2F1004F0AD0B2F1204F07D0B2F1304FD6
S315080174D004D0B2F1404F01D0212070478268D2040E
S315080174E004D5C369002BF7D01B68E5E703F07F03D2
S315080174F0E2E74368002BEFD00B60DFE7002337B5DF
S315080175000C4601A905460193FFF7D0FF28B929685A
S3150801751011F0704103D1019B236003B030BDAA6805
S31508017520B1F1004FC2F38033C2F34035C2F30032E2
S3150801753007D1062103EB450301FB0233019A5343A5
S31508017540EAE7B1F1204F04D12B4402EB820213443E
S31508017550F4E7B1F1304F02D0B1F1404F01D12B44DC
S31508017560ECE72120D9E710F1860F12D010F1850F2B
S315080175700ADA10F1930F0FD010F1870F0CBF6FF0D5
S3150801758073004FF0FF307047003818BF01204042A2
S3150801759070476FF0710070476FF06F00704720F009
S315080175A0FF03B3F5E24F0ED1C0B241280BD1FF2A32
S315080175B009D10B7823F007030B70CB7F03F07F0308
S315080175C043F04003CB777047094B186F00F007006B
S315080175D0431E032B03D8DFE803F00608090400203D
S315080175E0704708207047022070470520704700BF82
S315080175F0008000502DE9F84312F0030418BF012456
S3150801760004EB92048C4207460E4615464FEA840956
S31508017610C2EB84081AD8424600210EF0D8FC321B68
S315080176200021920007EB09000EF0D1FC2A46002042
S3150801763007EB0801F1F724FC054620B91CB12146E0
S315080176403846EFF73BFD2846BDE8F8836FF003059A
S31508017650F9E72DE9F041036B826B07689A4288BF07
S315080176608363426C436A92B002FB0377C36B0E468F
S31508017670052203A95B6904463846984703A8FCF71F
S31508017680D6FD01280146307070D0656CE26B23681F
S31508017690606AD2F814C005FB0030052208A9E04744
S315080176A008A8FCF7C4FD01284FF000053CD0D4E931
S315080176B00A3201219342CDE90D458DF83C501095CA
S315080176C08DF8441043D119462046FCF7F4FD236B87
S315080176D0626C14339B1AE06223630E9B1BBB9DF8F5
S315080176E0443003B3636A626C2568D4F83C8002FBB4
S315080176F003550C350122D8F8143001A928469847B4
S315080177004FF6FF72019B99B291420CD11B0C1B04D7
S3150801771043F4254343F0A503029301222846D8F8EA
S31508017720183002A998470E9DE36B05225B6903A9E8
S315080177303846984703A8FCF77AFD30702846236B2C
S31508017740A26B9A4288BFA36312B0BDE8F081237C7D
S3150801775033B91D490DAA04F10800FCF737FDBCE74A
S3150801776020461A4A0DABFCF745FFB6E7237C23BB37
S315080177702246174904F10800FCF728FD616A2046EC
S31508017780FDF77CFE616A421C2046FDF72BF905468A
S3150801779020B9236B626C1344143B23632046A16A08
S315080177A0FCF789FD2368A062C01A636CB0FBF3F08D
S315080177B060622046FCF79EFFB6E700232046054A8D
S315080177C0FCF718FFDAE700BF555101081552010801
S315080177D0691E0108B91E01082DE9F74399460023D8
S315080177E0884601A9054617460193FBF7EFFA0446B1
S315080177F0E0B9019E19F0020F15BFD6F88830D6F800
S31508017800843006F1880006F184009BB9727A96F8ED
S315080178105030D20603D5012B21D0042B1FD0053BAE
S31508017820022B1CD92846FBF7C4FA0224204603B0CA
S31508017830BDE8F083EFF7C8FA70B14268019BD3F847
S31508017840A430C8F8002002893A801A6E02601866C8
S315080178502846FBF7AEFAE9E7C8F80000388028465B
S31508017860FBF7A7FA1B24E1E7F8B5044645180735DF
S3150801787049420D40A5F108063046EFF75FF96288DF
S31508017880301BA2EBE00225F8062CA188C31001EBF8
S31508017890E00189B225F8041CA288A2B1A4EBC202B0
S315080178A05788D180D9195180E2889AB1D31A9BB2E7
S315080178B004EBC20425F8023CA380084A93680344F2
S315080178C093603046F8BD15F8082C42F0020205F817
S315080178D0082CE9E725F8022CEFE700BFA8130020DA
S315080178E020F0FF03B3F5824F06D14138C0B2012813
S315080178F094BF0020012070470020704710B500246E
S31508017900436814601B0A04D0012B0AD06FF0850066
S3150801791010BD0088FFF7E4FF00B1013100201160B6
S31508017920F6E72C31FAE7F8B5134642880C460732D2
S31508017930072A4FEAD20101D0A14273D1D0E90167E2
S3150801794005882022184600210EF041FB360A034617
S3150801795026B1012E11D06FF08B00F8BD002C61D035
S3150801796041F20102954205D0B5F5885F02D0B5F519
S31508017970905F1BD15C600020EFE7C660002C51D0F8
S3150801798041F2010295420BD15C60B90707F0010289
S315080179901FD4002AEFD19A6842F080729A60EAE70A
S315080179A0B5F5885FF0D0B5F5905FEDD0B5F5105F08
S315080179B00AD1182C03D0202C01D0102C32D1C3E9BE
S315080179C00044002ED7D0E0E705F44F42B2F5824FC6
S315080179D002D06FF08500C0E7EAB2122A03D1202C43
S315080179E0F7D1124A04E0412AF3D1202CF1D1104AE9
S315080179F025F0FF05B5F5E24F1A600CD0B5F5824FB3
S31508017A0010D14FF4005217F4705F09D017F4864F5E
S31508017A1004D09A60DDE74FF48042F4E742F48062CD
S31508017A209A60CEE76FF0860097E700BF20000080D6
S31508017A30200000B02DE9F041174600221C46436894
S31508017A408CB01B0A80460D46009204D0012B5AD0F1
S31508017A506FF08B0092E0018821F0FF03B3F5824FA6
S31508017A604FD1428808460732D2080092FFF738FFFD
S31508017A7058B12B78042B05D1013FB7EB420F05F11D
S31508017A80010509D06FF0860078E04139C9B20129AC
S31508017A9000F2CC80BA42F5D1009E224631464046D4
S31508017AA0FFF741FF002869D10337C4E9030527F029
S31508017AB003076761002E00F09B802022002101A8A0
S31508017AC00EF085FA3146404601AAFFF72CFF002839
S31508017AD040F08E802368019A9A4240F08980636853
S31508017AE0029A9A4240F08480A368039A9A427FD107
S31508017AF0A369079A9A427BD1E369089A9A423DD0CB
S31508017B0076E00097C8E7032FBCD90B78012B40F024
S31508017B1090804978002942D0F739082998D801A3D5
S31508017B2053F821F0837B0108497B0108517A010842
S31508017B30517B0108517A01089B7B0108517A01089A
S31508017B408D7B0108957B0108F8254FF410561FE037
S31508017B50FA254FF0807610271C22002102A80EF084
S31508017B6036FA0323CDE904350197039601AD0FCD06
S31508017B700FC495E80F0084E80F0000200CB0BDE89B
S31508017B80F081F7254FF000762027E5E7FE252A4EF6
S31508017B902A4FE1E7FF252A4EFAE7FC25D5E72B2FE1
S31508017BA07FF670AF202220460EF011FA05F1100378
S31508017BB02361AB070DD001AB05F128061A462868E3
S31508017BC06968083503C2B5421346F7D1286801AD7D
S31508017BD010606B68103F2360AB6869466360EB68A9
S31508017BE02046A36001236761E360FFF75FFC28B1C4
S31508017BF02022002120460EF0EAF943E7B8F80030C2
S31508017C00009E03F44F42B2F5824F0DD1DAB2122A21
S31508017C100AD123F0FF03B3F5824F05D173001C3354
S31508017C209F42BFF447AFE3E73346F8E76FF08500B5
S31508017C30A4E76FF09100A1E700440002200000804C
S31508017C4000440003F0B50B46C168044601298DB00E
S31508017C5036D12B2A03D86FF089000DB0F0BD13F089
S31508017C6003071A460DD001AD03F1280C2E461068FC
S31508017C705168083203C662453546F7D1106801AA2C
S31508017C8030600121118000215180216851606168AD
S31508017C909160A168D1609FB101AA15460BAE144641
S31508017CA003CCB44218605960224603F10803F6D1A1
S31508017CB02068186000231A46EA5401332C2BFBD19D
S31508017CC00020CAE72DE9F34705680F680446BD4257
S31508017CD00E4690469A4605F070492AD0B9F1004FEA
S31508017CE006D0B9F1404F03D0212002B0BDE8F08794
S31508017CF085EA0703B3F1805F0CD3BAF1000F2FD1E0
S31508017D00B8F1000F18D0A368B268534013F4E04FD6
S31508017D1012D0E9E70023204601A90193FFF7C6FB24
S31508017D200028E1D1019AC2F30E0215431743BD4259
S31508017D30DAD1B9F1000FE0DB0023204601A901934E
S31508017D40FFF7B4FB0028D0D1009069463046FFF70B
S31508017D50ADFB0028C9D1DDE900329A42C5D0C3E797
S31508017D60B268B8F1000F03D0A3685340D904BBD455
S31508017D709304E1D4B8E70023F7B50B600368054619
S31508017D8003F070430B60C2680C46032A00F2818037
S31508017D90012A6ED812B143F000632360D5E90223A4
S31508017DA0900102F0407167D5B1F1407F67D0002B91
S31508017DB06FD04FF00072236823F04073134323609A
S31508017DC0EA68022A07D12A69032A62D823F47F03BB
S31508017DD043EA02432360EB68032B03D12B69F62B95
S31508017DE057D9A370AB681A0442BF236843F400430A
S31508017DF02360EB68032B09D023682A6823F4FF4321
S31508017E0023F07F03C2F30E02134323602B68AE6887
S31508017E10002B06F480573EDB16F4E84F39D12B6860
S31508017E2006F4806603F0704303F10043B3F1804F13
S31508017E3004D21EB1236843F48063236000232846D5
S31508017E4001A90193FFF732FB88B92B6813F070413A
S31508017E5039D12368019A23F4FF4323F07F03C2F340
S31508017E600E021343236017B1EB6993B10F2003B0D8
S31508017E70F0BD43F0806390E7B1F1407F03D143B190
S31508017E804FF0407297E702F08072002B93D1002AD7
S31508017E9091D02120EBE7730406F400520CD4002A92
S31508017EA0F7D0236843F400532360002FB7D0236823
S31508017EB043F480532360B2E7236843F48043236085
S31508017EC0002AF2D0EDE703F05043B3F1004F05D095
S31508017ED0B1F1304F02D0B1F1404FDAD1019B22689E
S31508017EE0013B03F07F0322F07F0213432360002F37
S31508017EF0BDD0EA69002ACCD0B1F1004FB6D1117FC5
S31508017F0061B1002EB3D043F400732360537F002B75
S31508017F10ADD0236843F480732360A8E7537F002B11
S31508017F20A5D0002EA3D0F4E701234B60C368013B1B
S31508017F30012B08D88269054B1AB10A6000208B60AB
S31508017F407047034AF9E74FF00053F7E708000020A6
S31508017F503C950208012373B54B60C56806469D42E8
S31508017F600C4616D8002301A90193FFF7C7FA70B981
S31508017F70019B05B11C3372699A4207D332696AB10A
S31508017F80226043F000530020A36000E01D2002B0E8
S31508017F9070BD023D012D01D80023F4E72120F6E743
S31508017FA0436813B9416070475B685A68012AFBD177
S31508017FB0596070472DE9F04FE3B050AE00F1300734
S31508017FC004468A4615460FCF0FC697E80F0086E87E
S31508017FD00F0058A810F025FA034604F13000002BCB
S31508017FE040F0A9802668904A26F47E13934240F011
S31508017FF02781529F9DF840B1DDF85C914A971DB1E2
S31508018000BAF1000F00F09780C6F30743C6F3054699
S31508018010022E00F09080102E00F28D80DB0700F111
S315080180208A80A9F10703062B00F28580C9F10F039F
S31508018030DBB2032B03D8626BDB00DA407BD150221B
S3150801804000210DF0C4FF4A4653A984F84CB0676372
S31508018050A66404F138000EF0D9F904F104080123E5
S3150801806049F0005245F0005C53A9002F66D13591BD
S315080180700DF1500B3693379235AA07CA8BE80700DC
S31508018080CDF8C8A032AA33930DF15C0ACDF8D0C059
S3150801809007CA8AE8070004F16D022F92309346F069
S315080180A0005331932FAB009293E807001AAB83E88C
S315080180B007005E4B40464DA9CDE958375A97609758
S315080180C0FFF759FE002836D158A84D9910F0B0F996
S315080180D046EA094110F0ACF9294610F0A9F93946E2
S315080180E010F0A6F940461DA9FFF71EFF18BB58A8B0
S315080180F0FFF756FF404620A9FFF72CFFD8B958A825
S3150801810020A9FFF74DFF5946FFF74AFF5146FFF7EA
S3150801811047FF1AA910F0B5F910F024F830B9002074
S31508018120636A1D44656263B0BDE8F08F1022394663
S3150801813000980DF04CFF6FF09200F4E72C910DF1C9
S31508018140080B2D932E922CAA07CA05AF8BE80700B8
S31508018150CDF8A4A029AA2A93CDF8ACC007CA87E806
S31508018160070004F14D0226920092314A27930DF138
S31508018170200C289226AA07CA8CE807004AAA239245
S3150801818024932C4B0DF12C0A259323AB93E8070076
S31508018190294B8AE8070094F84C10284A40460129D9
S315080181A008BF1346589300234DA9CDE95933609367
S315080181B0FFF7E1FD01900028BDD158A84D9910F0AF
S315080181C037F946EA094110F033F9294610F030F932
S315080181D0019B194610F02CF940460EA9FFF7A4FE9B
S315080181E00028A8D158A8FFF7DBFE404611A9FFF7DA
S315080181F0B1FE064600289ED158A811A9FFF7D0FE60
S315080182005146FFF7CDFE5946FFF7CAFE3946FFF735
S31508018210C7FE08A910F035F90FF0A4FF00283FF4AE
S315080182207EAF2022314683E70001400500000504A0
S3150801823020000020040000200100050401000604B6
S31508018240464A934240F087809DF84071579B1DB17D
S31508018250BAF1000F3FF46FAF0C2B7FF46CAF4822D5
S3150801826000210DF0B4FE4FF0000C0123C4E90E5CA9
S3150801827084F8717004F1400653AA002D65D047921F
S31508018280374A48930DF1E008499247AA07CA88E890
S31508018290070045F00052CDF828A10DF1EC094B93E2
S315080182A04C924AAA07CA89E807004D964E932D4B68
S315080182B00DF1F80A4F934DAB93E807002A4B8AE86C
S315080182C007002A4A44A9012F08BF1346271D384625
S315080182D0CDE9583CCDF868C1CDF880C1FFF74BFD13
S315080182E0834600287FF427AF58A8449910F0A0F8D0
S315080182F0294610F09DF8594610F09AF8384641A9D2
S31508018300FFF712FE00287FF416AF58A8FFF748FEBC
S31508018310384644A9FFF71EFE074600287FF40BAF2F
S3150801832058A844A9FFF73CFE4146FFF739FE4946DE
S31508018330FFF736FE514610F0A4F80FF013FF034677
S3150801834030B1202239463046F3E607CA86E80700E7
S3150801835084F87230E3E66FF08500E4E60002400532
S315080183600C00002020000020010002040100030483
S315080183702DE9F04FADB00E4617460546019398B163
S3150801838091B18AB1B0F802A00AF10703072B4FEAA7
S31508018390D30800F0CF80038803F4E043B3F5805F88
S315080183A005D11AF0070F09D06FF086041AE0B3F564
S315080183B0005FF6D0B3F5804F00F0BC802022002183
S315080183C01AA80DF004FE414628461AAAFFF7ABFA89
S315080183D0044638B96B681B0A08D0012B00F0848063
S315080183E06FF08B0420462DB0BDE8F08F4745C0F0ED
S315080183F0A48032463B4622A8CDE91E2310F011F887
S3150801840000286ED14FF000732490CDE922302A90CE
S3150801841017A91AA8FFF7AFFC002859D1179922A85E
S3150801842010F006F81C9BDB043ED51A9B002B51DA8B
S315080184304FF0010BDDF8849002A9D9F80040CDF878
S315080184400CB0D9F8042002920494FFF7A9FDD9F8D3
S31508018450082005A9CDF818B005920794FFF7A0FDE5
S31508018460D9F80C2008A9CDF824B008920A94FFF788
S3150801847097FDD9F810200BA9CDF830B00B920D94C1
S31508018480FFF78EFDD9F814200EA9CDF83CB00E924F
S315080184901094FFF785FDD9F8183011A9CDF848B021
S315080184A011931394FFF77CFD14A91AA8FFF73CFD55
S315080184B070B922A8FFF774FD17A91AA8FFF74AFD94
S315080184C030B917A922A80FF0DCFF0FF04BFEA0B1B7
S315080184D048282CD06FF0920422A80FF0A2FF00289A
S315080184E080D06FF092047DE708F12C039F4224D3D4
S315080184F006F1100208F11C037DE76B681B0A0BD114
S31508018500524631462888FFF74AF841462846019AD5
S31508018510FFF7F4F90446DFE7012BF6D13A4631466F
S315080185201AA8FFF78FFB04460028EED0D4E76FF0B0
S315080185308504D1E76FF0850454E76FF08C0451E7A1
S31508018540F0B50E46017804460139174693B0042959
S3150801855056D8DFE801F00341464B50004021142567
S3150801856028480C3400225943C6E901223060326298
S3150801857030460FF05DFF4FF0010C41F000510997AD
S3150801858009ABCDF828C006AF0B9145F0005593E825
S31508018590070003AB87E807000C940CAACDF834C092
S315080185A00E9507CA83E807000F946C46CDF840C0BC
S315080185B012AA119512E9070084E807001946304600
S315080185C0FFF7EEFC3946FFF7EBFC21460FF059FFA2
S315080185D00FF0C8FD13B0F0BD402120250A480C3420
S315080185E0C0E74021202509480C34BBE780214025F6
S315080185F007481434B6E78021402506481434B1E704
S315080186002120E7E700020103000301030004010337
S315080186100005010300060103F0B50F4616461D467F
S315080186200023044693B01A4631463846FFF74AFBFB
S3150801863000287FD169463046FEF738FF002879D1F0
S31508018640EB68022B0FD039683C48009A81426B6966
S3150801865002D01830814203D19A4204D9212069E017
S31508018660B3EB420FFAD32B68002BF7D14FF06062B8
S315080186703846C4E90023A360236201A9FFF77BFBFF
S31508018680002857D10199204621F4F06101910FF094
S31508018690CFFE284602A9FFF76EFB00284AD12046DD
S315080186A002990FF0C5FE384609A9FFF73DFC0028D7
S315080186B040D12046FFF774FC384606A9FFF74AFC65
S315080186C0002837D1204606A9FFF76AFCEB683BB1BB
S315080186D028460CA9FFF728FC60BB2046FFF760FC7B
S315080186E030460FA9FFF736FC20BBB368DA040CD570
S315080186F09B0421D50621F36932691B6801FB032214
S315080187005B0043F000530F92119320460FA9FFF720
S3150801871047FC284603A9FFF71DFC58B9204603A9BB
S315080187200FF0AFFE032520460FF01CFD012801D1ED
S31508018730013DF8D113B0F0BD2920FBE7200000B0B8
S315080187402DE9F0410D4614461E46C4B010B96FF026
S31508018750860043E00029FAD0002AF8D0038803F4FA
S315080187604F42B2F5824F40F0AF80DAB2122A0DD0ED
S31508018770413A012A00F2A8803368002B00F095805F
S315080187800733B4EBD30F00F09280E0E723F0FF0341
S31508018790B3F5E24F2AD14388336013BBE300336054
S315080187A0B3F5807F40F090800023184649492E1979
S315080187B0214411F8014D16F8012D1043121B0CBF67
S315080187C04FF0FF340024B54203EA040343EA0203E7
S315080187D0EFD10028BBD0002BB9DA002044B0BDE8A0
S315080187E0F081DA1DB4EBD20FDAD0B0E7B3F5824FD8
S315080187F06DD10B78042BAAD118A80FF012FE0746E3
S3150801880000284FD101468422229023A80DF0DFFBD0
S3150801881001232022394610A88DF888300DF0D7FBA0
S3150801882020224FF08808013C3946013515940DEB95
S315080188300200E400149564080DF0C9FB22AD20225C
S31508018840394668460C95CDF834800DF0C0FBE02C0E
S31508018850CDE90458346003D0B4F5807F7FF477AF4F
S315080188601D4B0734109308934FF4005312934FF49A
S315080188708043E4080A9310AA6B46640008A918A85D
S315080188800194FFF7C9FE33680733DB085A0033B191
S315080188900021531E013B297005F10105FAD2002872
S315080188A09BD054E76FF0920098E7E4003460336890
S315080188B0FF2B92D0B3F5807F06D14388B3F5807F2D
S315080188C002D0FF23336088E76FF0850086E76FF0F3
S315080188D0960083E744950208200000802DE9F843B5
S315080188E01F460388064603F44F43B3F5824F88466D
S315080188F01546DDF8289017D14B46FFF721FF0446A8
S3150801890078B9089B9D4212D82A46414638460DF049
S315080189107DFD3946D9F800203088FEF740FE099BCF
S315080189201D602046BDE8F8836FF08504F9E76FF00E
S315080189308904F6E72DE9F04FC5B007468946924600
S315080189400021202201A89B464E9C509D0DF03FFB1D
S315080189502022002109A80DF03AFB2022002111A8A6
S315080189600DF035FB2822002119A80DF030FB002156
S31508018970802224A823910DF02AFB002F4FD0B9F1AC
S31508018980000F4CD04F9B002B49D0B7F800807A884E
S3150801899008F4E041B1F5804F41D0D11DBAEBD10FB2
S315080189A04FEAD1063BD3AE425CD847F2121188454D
S315080189B009D047F24111884534D06FF0850528461C
S315080189C045B0BDE8F08FB2F5807FF6D18425023433
S315080189D027480BF1010B24F00304720023A9CDE902
S315080189E015150990129249465246384601ABCDE90A
S315080189F00DB4FFF71FF805460028E0D14FF40053E0
S31508018A0019A80B930FF00DFD78BB11AB09AA01A9A3
S31508018A1019A8FFF701FE044690B14828CDD06FF09A
S31508018A208605CCE7A642FAD8FF2AC6D10334033510
S31508018A3032464F990F4824F0030425F00305CEE783
S31508018A4047F2121398450AD123AF324639464F9851
S31508018A500DF0DCFC23463B550134842CFBD1519B9C
S31508018A601E60ACE76FF08905A9E76FF09205A6E7E6
S31508018A7020000080200000B02DE9F0430546164687
S31508018A800C46A9B0002900F0B180002A00F0AE809A
S31508018A90202200210EA80DF09AFA214632462846D0
S31508018AA00EABFEF7C7FF044660BB2D8805F44F439E
S31508018AB0B3F5824F2AD1413DEDB2012D94BF002570
S31508018AC0012516AE0EAF0FCF0FC697E80F0086E841
S31508018AD00F00202300221B93189BDFF8348123F013
S31508018AE0807323F4804308EB050943F40053694670
S31508018AF016A8CDE9192918930092FEF7FFFC38B19B
S31508018B006FF09204204629B0BDE8F0830125D8E725
S31508018B10009E2E44202E00966BD81EA80FF081FCCD
S31508018B200028EDD1012316A91A460EA8FFF7CAF89F
S31508018B3048B1012862D16FF08B041EA80FF071FCB1
S31508018B400028DFD0DCE7109B13F4C04F58D02E4B1A
S31508018B500BAFCDE91E302090269039460EA8FFF7B7
S31508018B600AF90028E5D10B991EA80FF061FC02A9A4
S31508018B700EA8FFF7D9F90028DBD11EA8FFF710FACE
S31508018B8005A90EA8FFF7E6F90028D2D105A91EA85E
S31508018B90FFF706FA01A916A8FEF7B0FC0028C8D106
S31508018BA0019B202B2CD8012243F00053CDF82C90A1
S31508018BB00C920D9308AB97E8070083E8070019465E
S31508018BC01EA80FF05EFC03271EA80FF0CBFA01289A
S31508018BD012D1013FF8D1AEE715B1042388F8003068
S31508018BE00A4B1E60A9E76FF08504A6E76FF08604B5
S31508018BF088E76FF0890485E70028EDD04828F2D088
S31508018C006FF0920499E700BF00000102243D00209D
S31508018C10B53900202DE9F04F1F4620230D460021C6
S31508018C20D7B03B608046914620A8D8221F910DF007
S31508018C30CEF903238DF880309F4B24AA03F1200631
S31508018C40144618685968083303C4B3422246F7D153
S31508018C50032300208DF88430FEF785FC0446E8B925
S31508018C60964B1F932046EFF74DFF0446002840F028
S31508018C70F280924B1F9A9A4240F09581B8F1000F03
S31508018C8000F0988015A80FF0CCFB20B99DF8843028
S31508018C90032B07D873B96FF0920469E01FA8F0F7A0
S31508018CA041FDDFE7043B012BF5D836AA8026229B36
S31508018CB0019203E040262CAA229B0192EA184FEA68
S31508018CC0561C229222D2012222A951F8040F002809
S31508018CD0E1D101329445F8D106F1FF3A0AEA030ACD
S31508018CE0A6EB0A0BBAF1000F22D15D453AD3B5FBC3
S31508018CF0F6FB42465B4615A921A8FFF721FC002889
S31508018D00C9D10BFB06F6B044AD1B2AE00121239A13
S31508018D100CF1FF3E0132239223AA7145D3D252F8B0
S31508018D20040B01310028F8D1106801301060F4E70E
S31508018D305D4501D2B542D9E7019B5A46414603EB47
S31508018D400A000DF063FB0123019A15A921A8FFF773
S31508018D50F7FB00289FD1AD1B5544AE428246D84445
S31508018D60C5D92DB101982A46414650440DF04EFB0E
S31508018D702046FEF7F8FBEFF7C5FE044600286AD140
S31508018D801F9D4F49EBB243F000738B4231D04D4AD8
S31508018D90934207D80C3A93420FD84B48834226D8B8
S31508018DA08B425CD82022212148463A600DF00FF902
S31508018DB000263CE06FF08604DAE7012203F17E43E0
S31508018DC0083B02FA03F340F60C42134219D140F26A
S31508018DD02222134224D140F211121342E2D0202258
S31508018DE0212148463A600DF0F2F81C261FE093420D
S31508018DF0D8D12022212148463A600DF0E8F81026FC
S31508018E0015E0202221213A6048460DF0E0F81FA816
S31508018E10F0F788FC6FF08904204657B0BDE8F08F5B
S31508018E2020262121324648463E600DF0D0F8234BD4
S31508018E309D4240F0B28015A80FF0F3FA0146B0B191
S31508018E406FF092042046FEF78EFBEFF75BFE0446B1
S31508018E50002800F09C801FA8F0F764FCDCE72022BC
S31508018E60212148463A600DF0B2F81426DFE79DF84D
S31508018E708430022B0AD0032B17D0012B19D0D42208
S31508018E8021A80DF0A4F86FF08904DBE720254FF03F
S31508018E901C0A0E4ADDF88C80B8F1000F1CD0D422CA
S31508018EA0002121A80DF093F8CAE72025084AAA4609
S31508018EB0F0E71425074AFAE7EC94020809000002CC
S31508018EC00300000213000002050000020003030369
S31508018ED00004030300020303229B15A803F03F0BBA
S31508018EE05946CDE915280193CDF85C80CDF87480F3
S31508018EF00FF09EFA019B45F0005519460FF098FAB6
S31508018F004FF0010C24AA0C920DF10C0ECDF834C0C9
S31508018F100CAB0E9593E807008EE807002CAA0F9272
S31508018F204BF00052CDF840C006AD11920FAB93E855
S31508018F30070085E807004AF00052CDF8489012ABC1
S31508018F40CDF84CC00DF12409149293E8070089E87D
S31508018F500700714615A8FFF723F82946FFF720F8F9
S31508018F6049460FF08EFA0FF0FDF80546D422414620
S31508018F7021A80DF02CF835B99DF88030032B18BFC0
S31508018F806FF088045EE7212D7FF45AAF7BE73E60D8
S31508018F901FA8F0F7C7FB04463EE71FA8F0F7C2FB78
S31508018FA06FF0880438E76FF0880454E72DE9F0413B
S31508018FB0884616461D46074696B030B900236FF017
S31508018FC086002B6016B0BDE8F081002AF6D0202372
S31508018FD00CA82B600FF025FA044640BB154B4146F9
S31508018FE0CDE90C300E9014900CA80FF021FA0697D3
S31508018FF001276B4648F00051079706AA089107CA48
S3150801900083E807000C4A09960A9703AE0B9209AA48
S3150801901007CA86E8070019460CA8FEF7C1FF3146BC
S315080190200FF02FFA0FF09EF80028CBD02C606FF0C6
S315080190309200C7E7000400032000002000212DE963
S31508019040F043A54FDBB004461C2215A814910CF079
S31508019050BEFF3B78052B02D10320FAF7FDFA23461A
S3150801906036AD20342A4618685968083303C2A34224
S315080190701546F7D1994D40212846EFF7E3FE98B9F1
S315080190802B463EAD03F120062A461868596808336F
S3150801909003C2B3421546F7D10CAD2A46402146AB69
S315080190A036A8FFF783FF18B101205BB0BDE8F0834E
S315080190B08B4B95E803009980090C186099710E98F5
S315080190C0BDF83C109DF83E20C3F80700A3F80B1025
S315080190D05A73234646AC03F1200522461868596897
S315080190E0083303C2AB421446F7D17E4B4EAC03F1AB
S315080190F02005224618685968083303C2AB4214464C
S31508019100F7D101A9002301224FF48440F0F7C7FCE7
S31508019110014650B9019C6368D4E908651B0A09D060
S31508019120012B42D02046F0F7A5FC502146A8EEF7C0
S315080191306FF8B9E7238803F4E042B2F5805F10D0EF
S31508019140B2F5005F0DD044F2010223F44051914279
S3150801915007D003F44F43B3F5824F02D0B3F5844FDA
S31508019160E0D1102DDED82A46314656A80DF04EF923
S3150801917056AB0021C5F1100258190CF028FF2046FC
S31508019180F0F778FC0028D0D150212CAB14AA46A8B8
S31508019190FFF70CFF0446502146A8EEF739F8002CD4
S315080191A000F0A280202114A8C1E7002EBAD0002D14
S315080191B0B8D0A368D807B5D520221CA80CF007FF9C
S315080191C02A46314620461CABFEF734FC8046002869
S315080191D0A8D124AD1CAE0FCE0FC596E80F0085E8C1
S315080191E00F0002A924A82688CDF80880FEF786F97B
S315080191F005463046FEF774FB0022012806BF042304
S315080192000DF2591656AECDE927264FF010020ABFC0
S315080192108DF8583110230F23B4F802902992002DA6
S3150801922080D1029A9342FFF47DAF2CA80FF0F9F88A
S3150801923000287FF477AF2B46012224A91CA8FEF744
S3150801924041FD70B91F9B013B012B0AD84FF0817371
S3150801925009A91CA8CDE92C352E953495FEF78BFD69
S3150801926078B16FF092082CA80FF0DBF80346019845
S31508019270002B7FF458AFF0F7FDFBB8F1000F81D052
S3150801928053E709992CA80FF0D3F803A91CA8FEF7F0
S315080192904BFE0028E5D12CA8FEF782FE06A91CA8DC
S315080192A0FEF758FE0028DCD106A92CA8FEF778FEA1
S315080192B009A924A8FEF74EFE0028D2D109A92CA88F
S315080192C00FF0DFF80EF04EFF0028CAD14A463146A4
S315080192D02088FEF764F9C6E7C42D0020DD39002091
S315080192E0E02D0020FD3900203B78032B03D1144BD8
S315080192F01868F0F72DFC2CA8FAF728F9114B24A8C1
S315080193002F934FF440732493FAF728F9249B0E49B7
S315080193102E9300232022CDE92C13319314A9084B4F
S315080193202CA8F0F725FD0446202114A8EDF770FFB7
S31508019330002C7FF4B9AE0420FAF78EF92046B4E67C
S31508019340F42D002000024805002400012DE9F04F04
S31508019350A7B00446DDE933970E4615469B46DDF868
S31508019360C480002B00F0B480359B002B00F0B08040
S31508019370B8F1000F03D0309B002B00F0A9803DB156
S31508019380329B002B00F0A480B9F1000F00F0A080F9
S315080193903B1F0C2B00F29C803368103B102B00F20C
S315080193A097804C4A22FA03F3DB0740F191804A4B36
S315080193B00DF18C0A43EA0723236000235146C4E9C9
S315080193C0013323623046FEF7D6FC034600287BD1DB
S315080193D0204623990FF02CF841460FF029F8294623
S315080193E00FF026F8304602A9FEF79EFD034600282F
S315080193F06AD12046FEF7D4FD304605A9FEF7AAFD37
S315080194000346002860D10126204605A9FEF7C8FDB6
S31508019410324BCDF88CB02496259308AB9AE8070011
S3150801942083E8070019462046FEF7BAFD309B20AAB5
S31508019430209348F00053219622930BAB07CA83E881
S31508019440070019462046FEF7ABFD329B45F000584A
S315080194501D931DAA1E960EABCDF87C8007CA83E81C
S31508019460070019462046FEF79BFD359B47F0005736
S315080194701A931AAA1B9611AB1C9707CA83E8070009
S3150801948019462046FEF78CFDCDF85C9014AB18966C
S3150801949017AACDF8648007CA83E80700B9F1000F57
S315080194A003D1169A42F080421692194620460EF0CA
S315080194B0E8FF0EF057FE034630B101902A46002117
S315080194C048460CF084FD019B184627B0BDE8F08F8D
S315080194D02123F9E701010100000003040C00002023
S315080194E02DE9F04F90F84050D9B0102D06460C469C
S315080194F0174698469DF88891DDF88CA12CD1D0E9BC
S31508019500002000239B1806F13002079206F110028B
S31508019510089296F8422040F10000C6E9003096F814
S3150801952041B00992002A00F0EB80BBF1000F40F030
S31508019530CF800F2D1CD8B8F1000F40F0BB804FF03B
S31508019540210B0021659B4A46404619700CF03FFDE8
S31508019550584659B0BDE8F08F9DF890319D4200F20A
S315080195609781D0E9002015F00F0318BF2B46C9E7EC
S31508019570B8F1000FE3D00DF5A07AA9F104030C2B7D
S31508019580DDD83B68103B102BD9D8BB4A22FA03F326
S31508019590D907D4D50023B94A54AE31463846C4E969
S315080195A00023A3602362FEF7E6FB83460028C8D1A1
S315080195B0204654990EF03CFF59460EF039FF2946CC
S315080195C00EF036FF38462CA9FEF7AEFC8346002876
S315080195D0B7D12046FEF7E4FC38462FA9FEF7BAFCB8
S315080195E083460028ADD1012720462FA9FEF7D8FCCE
S315080195F0089BA34A41930DF1C80C4297439241AA8D
S3150801960007CA8CE8070061462046FEF7C9FC4FF0F9
S315080196100053CDF810B144AA4597469335AB07CA0E
S3150801962083E8070019462046FEF7BAFC079B45F072
S31508019630005B479347AA489738ABCDF824B107CAC8
S3150801964083E8070019462046FEF7AAFCCDF828A1AB
S315080196503BAB4B974AAACDF830B107CA83E8070056
S31508019660BAF1000F03D13D9A42F080423D92194664
S3150801967020460EF006FF01234D964E93814B4DAAC7
S315080196804F933EAB07CA83E80700194620460EF0FA
S31508019690F8FE0EF067FD8346A0B94A4631464046B4
S315080196A00CF0B4FE0F2D00D90025659B4FF0000B79
S315080196B01D704DE7002D3FF460AFBAF1000F7FF43E
S315080196C05CAF3CE72A46002150460CF080FC38E79F
S315080196D0079B0F2D02934FF0000388BF0DF5A07A63
S315080196E0CDE900332A4639462046CDE90498089B38
S315080196F0CDF80CA0FFF72AFE83460028D2D020E732
S31508019700D6E902214FEA527CD20012BA51925A0F77
S31508019710DB001BBA5393079B42EAC0025493012309
S315080197204CEAC10C12BA45F0005E55939CFA8CF1CD
S31508019730CDF858E152920DF1740C54AA509107CA0A
S315080197408CE80700089A0DF1680C29924E4A2A936B
S315080197502B9229AA07CA8CE8070050AA2692494AD9
S3150801976027930DF15C0C289226AA07CA102D8CE8BE
S315080197700700CDF88CA023AA2493CDF894E014AB66
S3150801978007CA83E8070005D1099A1A609A6842F060
S3150801979080429A600123CDF88080219349F00053D5
S315080197A022930DF1440A20AB93E80700334B8AE86C
S315080197B00700364A3846BBF1010F08BF134643EA8C
S315080197C0092343F00203236000234DA9C4E90133A9
S315080197D02362FEF7D0FA834600287FF4B9AE204605
S315080197E04D990EF025FE59460EF022FE29460EF039
S315080197F01FFE38460EA9FEF797FB834600287FF41D
S31508019800A7AE2046FEF7CCFB38460BA9FEF7A2FB0E
S31508019810834600287FF49CAE20460BA9FEF7C0FBC1
S315080198201AA9FEF7BDFB1DA9FEF7BAFB17A9FEF794
S31508019830B7FB96F84130012B02D15146FEF7B0FB32
S31508019840204614A90EF01DFE96F8413013B951466B
S315080198500EF017FE20460EF085FC834600283FF4DD
S3150801986021AF96F8411019B94A4640460CF0AFFBAC
S315080198700022659B1A706BE60101010000000204D3
S315080198800C00002010000020200000200000030426
S315080198904FF0210B5CE608B5002203490DF03AF9B1
S315080198A008B9024B187008BD649502080812002011
S315080198B0044A054B013800D2704753F8041B42F895
S315080198C0041BF7E7603B00208061000830B5134BA5
S315080198D001461B7803B3EFF31184302383F3118810
S315080198E00F4A00231546107B58B90B6001211A014E
S315080198F005EB03131973A85084F31188BFF36F8F0F
S3150801990030BD0133082B02F11002ECD184F3118822
S31508019910BFF36F8F0348F3E70348F1E7B82E00203A
S315080199205C2C0020048000F0028000F02DE9F7434A
S31508019930DDF82C80054616461F460C4629B96FF0F8
S315080199408604204603B0BDE8F083002AF7D04B8889
S315080199500733B7EBD30FF2D30B88B3F5105F30D1CA
S3150801996000F104097C22002148460CF030FB184B13
S3150801997020462B603A464B463146FEF75BF80446CD
S315080199800028DED1019001A94846FDF78FFDD8B917
S31508019990019AA2F110011029D1D80E4BCB40DB0751
S315080199A0CDD50D9B1A440C9B9A42C8D84046696985
S315080199B00CF02CFD9DF82830C5F8148085F8303058
S315080199C0BFE76FF08504BCE76FF09204B9E700BF03
S315080199D0000248050101010010B50368114C024651
S315080199E023F47E10A04206D004F58074A04204D068
S315080199F06FF0880012E0D80311D41B0C13F03C0F4A
S31508019A000DD003F03F03102B09D8536A002BEFD171
S31508019A10906A0028ECD10523C2E90D3110BD6FF01B
S31508019A208600FBE7000140052DE9F04FADF5097DFC
S31508019A3004467EA89246DDF84C92019102930EF0F7
S31508019A40F0FC002840F0988122688A4922F47E13A6
S31508019A508B4213D194F87D30874D929953448B42AA
S31508019A6000F26B83019B0BB1029B7BB9BAF1000F24
S31508019A7040F066837AB96FF088000DE07F498B4222
S31508019A8040F0588394F870307D4DE6E7002AF2D00D
S31508019A90BAF1000F04D100200DF5097DBDE8F08F5C
S31508019AA0636A3BB9A26A2AB911462046FEF782FAC9
S31508019AB00028F1D1704B9D4200F0A6810026C9F815
S31508019AC00060D4E90C3213EB0A0352F1000228BFF5
S31508019AD00126002E40F050816FF01F0199424FF088
S31508019AE00F039341C0F0488194F8708004F1040B88
S31508019AF0B8F1000F00F0438104F16003059303EB0D
S31508019B0008000AEB08030F2B0ED8524601990CF0F0
S31508019B107DFC94F87030534484F87030C9F80060BD
S31508019B20A36A5344A362B6E7C8F11003DBB21A4627
S31508019B300199544D03930CF069FC94F872C052498B
S31508019B4004F140033F93BCF1000F08BF2946049373
S31508019B50012318AF40933FAA419107CA87E8070036
S31508019B6005994A4F3C913CAA3D930DF16C0E3E97DF
S31508019B7007CA8EE80700029939AA39913A933B97A1
S31508019B801EAF07CA87E80700049936AA36913793A4
S31508019B90389521AD07CA3E4B85E807003D4A94F83A
S31508019BA071105846012908BF1346BCF1000F0CBFB6
S31508019BB0032201227BA91343CDE97E368096869638
S31508019BC0FEF7D9F8002840F0D7807EA87B990EF0D9
S31508019BD02FFC31460EF02CFC10210EF029FC5846BC
S31508019BE024A9FEF7A1F9002840F0C6807EA8FEF751
S31508019BF0D7F9584627A9FEF7ADF9002840F0BC80E9
S31508019C007EA827A9FEF7CCF918A9FEF7C9F91BA959
S31508019C10FEF7C6F939460EF034FC29460EF031FC3A
S31508019C200EF0A0FA28B12022314604980CF0CFF99B
S31508019C30A2E0D4E90C32103342F10002C4E90C3235
S31508019C40029B84F8726010330293039BAAEB030507
S31508019C500F2D21D801992A46194405980CF0D6FBEF
S31508019C60AAF11003434484F870301023C9F8003070
S31508019C7056E700BF000140050001500500024005F6
S31508019C8000025005200000200C00002010000020D2
S31508019C90000002040000030484F87060D9F800305B
S31508019CA0DDF80C801033C9F80030019B15F00F025E
S31508019CB003EB080610D0102D04F16000EFB260D94D
S31508019CC025F00F0505EB08010B44194607F00F07A8
S31508019CD00CF09CFB84F87070D4E90C3294F872C0CD
S31508019CE05B19DFF8F8E2B64942F10002C4E90C3221
S31508019CF0BCF1000F08BF7146012304F140073397F1
S31508019D000DF11808349333AA359107CA88E8070074
S31508019D10309645F00056319330AA32960DF1240853
S31508019D2007CA88E8070002992DAA2D912E932F9626
S31508019D300CAE07CA86E807002A972AAA2B930FAE04
S31508019D40CDF8B0E007CA9F4B86E807009E4A94F80B
S31508019D5071105846012908BF1346BCF1000F0CBF04
S31508019D600322012213437E9300237BA9CDE97F3386
S31508019D708693FEF700F860B16FF092008CE65546BF
S31508019D8093E72A4631460CF041FB002384F87070AC
S31508019D906CE77B9901907EA80EF04AFB019B194658
S31508019DA00EF046FB29460EF043FB584612A9FEF76C
S31508019DB0BBF80028E0D17EA8FEF7F2F8584615A9A7
S31508019DC0FEF7C8F883460028D6D17EA815A9FEF75E
S31508019DD0E7F806A9FEF7E4F84146FEF7E1F80CA90B
S31508019DE00EF04FFB31460EF04CFB0EF0BBF918B1E5
S31508019DF020225946384619E7D9F800302B44C9F8C4
S31508019E00003084F872008BE6236B626B0AEB030160
S31508019E109142B1D81AEB03034FF00006ACD2029B6C
S31508019E2003EB0A02694B9A42A6D8C9F8006094F86E
S31508019E307D300AEB03020F2A0CD804F16D00184491
S31508019E40524601990CF0E2FA94F87D30534484F8AD
S31508019E507D3065E6251D002B00F0AF80102B8BD8D1
S31508019E6004F16D07C3F11002F81801990CF0CEFA46
S31508019E70236B626B1033934201D11023E7E7012369
S31508019E80DFF858C104F14D0BCDF8ECB10DF5A87EFC
S31508019E907C937BAACDF8F4C107CA8EE807007897A8
S31508019EA04B4F799378AA7A970DF5AE7E07CA8EE855
S31508019EB00700029A0DF5B4787592769375AA779785
S31508019EC007CA5DAF88E80700CDF8C8B1739372ABCE
S31508019ED0CDF8D0C193E807003E4B87E8070094F810
S31508019EE04C103D4A2846012908BF13466FA9CDE9FA
S31508019EF07E3680968696FDF73EFF00287FF43CAFB6
S31508019F007EA86F990EF094FA10210EF091FA284660
S31508019F1060A9FEF709F800287FF42EAF7EA8FEF7A0
S31508019F203FF8284663A9FEF715F8064600287FF488
S31508019F3023AF7EA863A9FEF733F854A9FEF730F8D4
S31508019F4057A9FEF72DF841460EF09BFA39460EF051
S31508019F5098FA0EF007F960B15246314602980CF0AC
S31508019F6036F82022314658460CF031F8C9F8006017
S31508019F7002E7236B019A10332363029BAAF1100BA4
S31508019F801033029394F87D3084F87D009B44C3F125
S31508019F9010031A44D9F8003001921033C9F8003079
S31508019FA0BBF10F0F1CD85A46019904F16D000CF04C
S31508019FB02DFA94F87D305B4449E7D346F0E700BFB4
S31508019FC00C00002000000204000003040000042025
S31508019FD010000020030005040300060420000020E9
S31508019FE01BF00F030CD0DEB2ABEB030B019B324621
S31508019FF003EB0B0104F16D000CF008FA84F87D609F
S3150801A000236B626B5B449A4217D194F87D30A3B9EE
S3150801A010019BABF1100B5B4404F16D0203F11001D6
S3150801A02053F8040B8B4242F8040BF9D1102384F838
S3150801A0307D30BBF1000F3FF473AD0123424E04F1AD
S3150801A0404D08CDF8BC8142AF70936FAA719607CAC5
S3150801A05087E80700019A4BF000576C920DF58A7C48
S3150801A0606D936CAA6E9707CA8CE80700029A6992E3
S3150801A0706A9369AA6B9748AF07CA87E80700CDF8BC
S3150801A08098816793689666AB4BAE93E807002F4BAA
S3150801A09086E8070094F84C102D4A2846012908BF7E
S3150801A0A013467E93002351A9CDE97F338693FDF7A5
S3150801A0B062FE00287FF460AE7EA851990EF0B8F9C9
S3150801A0C059460EF0B5F928464EA9FDF72DFF002889
S3150801A0D07FF452AE7EA8FDF763FF284651A9FDF726
S3150801A0E039FF054600287FF447AE7EA851A9FDF73A
S3150801A0F057FF42A9FDF754FF45A9FDF751FF394618
S3150801A1000EF0BFF931460EF0BCF90EF02BF840B14E
S3150801A1105A46294602980BF05AFF202229464046FC
S3150801A12084E5D9F800305B44C9F80030236B5B44F9
S3150801A1302363F5E46FF08500AEE46FF08900ABE4C4
S3150801A1406FF08600A8E400BF200000200300050484
S3150801A150030006042DE9F04F0446AFB00D469046BC
S3150801A1600021282224A81E46399F0BF030FFB4F897
S3150801A17002A00AF03F09B9F1080F00F20C81B8F103
S3150801A180FF0F00F20B81389B002B00F0078100239B
S3150801A19033602368002B00F00481636A2BB32368BC
S3150801A1A0814A23F47E1393422DD124A80EF039F95E
S3150801A1B0002831D194F84C30002B37D1D4F848A077
S3150801A1C0D14546D394F87DB05FFA88F8C34540D89F
S3150801A1D0626B04F16D08002A4ED152464146389801
S3150801A1E00CF014F9A36C3B6043E0A26A002AD6D1AD
S3150801A1F011462046FDF7DEFE83460028CFD0584695
S3150801A2002FB0BDE8F08F694A24A8934207D00EF013
S3150801A21008F9002800F0BC806FF0920BEFE70EF00A
S3150801A22000F90028F8D194F871303BB16FF0860B2C
S3150801A23024A80EF0F6F80028E1D0EDE71AF03C0F55
S3150801A24004F1300004F104025FFA89F35FFA88F138
S3150801A25002D100233B60E9E7CDE90035CDE90216D5
S3150801A260389B24A9FFF73CF9C7F800900546002852
S3150801A2707ED14FF0000BDBE74FF0010E221D059250
S3150801A28004F14D0218924A4ACDF864E00DF1180C12
S3150801A2901A9218AA07CA8CE80700CDF86C804BF009
S3150801A2A00058CDF870E00DF1240CCDF874801BAA86
S3150801A2B007CA0DF130098CE807001E951EAACDF8CC
S3150801A2C07CE0CDF8808007CA89E80700389A0DF145
S3150801A2D03C0821924AF00052CDF888E0239221AA3F
S3150801A2E007CA88E80700334A15A9201DCDE92423A2
S3150801A2F026932C93FDF73FFD0546002838D124A85F
S3150801A30015990EF095F851460EF092F859460EF049
S3150801A3108FF812A9201DFDF707FE054640BB24A8A4
S3150801A320FDF73EFE15A9201DFDF714FE0546F8B9F1
S3150801A33024A815A9FDF734FE06A9FDF731FE09A9DA
S3150801A340FDF72EFE49460EF09CF894F84C3041462E
S3150801A350012B15D1FDF724FE24A80DF003FF0546B0
S3150801A36090B10021A26C38980BF031FE00233370AE
S3150801A3700023212D3B603FF459AF6FF0920B57E74D
S3150801A38024A80EF07EF8E7E794F87D30337029E7C4
S3150801A3906FF0850B4CE76FF0890B30E76FF0860B92
S3150801A3A02DE76FF0880B2AE70001400500024005FA
S3150801A3B020000020020005042DE9F843436E0446F7
S3150801A3C013F018060D4644D15907426A3DD4042AAA
S3150801A3D03FD9017843F0040381EA122101704178DB
S3150801A3E043664A4042704FF0050804F13807E26AAD
S3150801A3F00023023202F00F02C2F11000404528BFC5
S3150801A400404604EB020C03F1040E70450CEB030104
S3150801A41022D2984229D8E36A02440344102AE36205
S3150801A420A8EB0008054402D0626A934227D1224666
S3150801A43021463846F0F774F808B30646636E43F0CA
S3150801A440100363663046BDE8F883C36A0533934251
S3150801A450C9D96FF00C06F5E7E9585CF8039081EA6B
S3150801A46009014CF803107346CDE715F803E091F896
S3150801A47000C001338CEA0E0C01F801CBC9E7B8F12B
S3150801A480000FB4D1E26A636A9A42DBD1636EC4F8FB
S3150801A4902C8043F008036366D4E710B500F0FE4448
S3150801A4A0B4F1A06F084C08BF20F47E10A04204D175
S3150801A4B00220B1F5105F107002D06FF0850010BD53
S3150801A4C018700020FBE700BF004040040023F7B5E1
S3150801A4D01360067904460F46436926B1FF2E12D149
S3150801A4E06FF0860532E0002BFAD1836823F47F43A7
S3150801A4F023F00303002BF3D14FF6F87342889A42EF
S3150801A50027D801A810E06FF04042013B9342E7D2F9
S3150801A510806820F47F4020F003000028E0D14FF640
S3150801A520F87362889A4214D83946EFF70FF9054647
S3150801A53060B90FCCD7F800C067460FC794E8030087
S3150801A54087E8030016B9019BCCF81430284603B0F6
S3150801A550F0BD6FF08505F9E72DE9F74F00F4E04AFC
S3150801A560BAF5804F80460F4616461D4612D100F4AD
S3150801A5704F43B3F5824F02D1C3B2412B0AD0E90743
S3150801A58005D56B0847B1FA1DB3EBD20F05D06FF0AD
S3150801A590860787E02B46F5E7DF0080210120ECF7E7
S3150801A5A065FA0446002800F06881ECF7ABFD012343
S3150801A5B0002204F16809C4E918234846ECF799FD15
S3150801A5C008F44F43B3F5824F0BD15FFA88F8B8F117
S3150801A5D0300F37D008D8B8F1120F13D0B8F1170FCA
S3150801A5E039D06FF086051FE0B8F1410FF9D1B7F5FB
S3150801A5F0807F05D0B7F5E07F00F03A81FF2FF0D1D3
S3150801A60009212FE040F209239F4200F0318116D833
S3150801A610B7F5807F25D00FD827F02007C02F0CBFAC
S3150801A6206FF085056FF086052046EEF771F920462D
S3150801A630ECF722F92F4635E0B7F5C07FEFE7B7F516
S3150801A640047FECE727F08003B3F5807F00F01081E3
S3150801A650B7F5007FE3E7C02F00F00A81B7F5807FE1
S3150801A660DDE703212046EEF763F9EEF74BFA0746D5
S3150801A670002840F00081BAF5804F7DD1B5B9DFF8E1
S3150801A68008824046EEF73EFA05460028CCD14946EF
S3150801A6902046EEF713F8EEF735FA05460028C3D13A
S3150801A6A00C9B1C60384603B0BDE8F08F201DECF703
S3150801A6B0BBFC00F1070A2046ECF712FD02284FEA17
S3150801A6C0DA0A30D15545DAD12A4631464846ECF7F9
S3150801A6D0A9FE80460028D4D104F17000ECF7ADFD3F
S3150801A6E02378092B15D0012104F17800ECF744FFF2
S3150801A6F080460028C5D12046ECF7F2FC0128C0D1D6
S3150801A70032789AB9012DBAD14846ECF749FF804605
S3150801A710B7E7E900424648460139ECF754FF804657
S3150801A7200028E0D0ADE7DFF85881E4E70AF1010B2C
S3150801A7305D450190A3D352464846711CECF7A4FE29
S3150801A740804600289DD1019B04F178001946ECF753
S3150801A75013FF8046002894D13378042B8FD14FEA12
S3150801A7604A0301339D428AD1524606EB0B0104F195
S3150801A7707000ECF789FECAE794F800A02046514616
S3150801A780EEF7D6F80246002842D12046ECF7A8FC97
S3150801A7900228814604F1600864D1BAF1090F42D151
S3150801A7A0202D63D12A4631464046ECF73BFE024648
S3150801A7B048BB01464046ECF706FF024618BB012195
S3150801A7C04046ECF700FF0246E8B949464046ECF731
S3150801A7D0FAFE0246B8B9FF214046ECF7F4FE0246F6
S3150801A7E088B90122FE214046ECF7EDFE024650B932
S3150801A7F02046ECF775FC01280CD041462046ECF7BB
S3150801A8009BFC024620B140460192ECF716FD019ADF
S3150801A810104640E72A4631464046ECF735FE0246E1
S3150801A8200028EAD0EFE7BAF10D0F1DD1382D1DD159
S3150801A8302A4631464046ECF7F5FD02460028E2D1A4
S3150801A84001464046ECF7BFFE02460028DBD101214E
S3150801A8504046ECF7B8FE02460028D4D1012240F260
S3150801A860BF11C0E70128D5D0054ACCE7054ACFE78D
S3150801A8706FF08505D8E60546D6E66FF08C0711E731
S3150801A88080B1FFFF80B3FFFF80B0FFFF2DE9F04FD6
S3150801A890044600881E4620F0FF03B3F5E24FDBB0FD
S3150801A8A040F04781002307AD0095079313460A46F2
S3150801A8B06188FFF751FE0446002868D1079F0DF10C
S3150801A8C020083B78C8F80000032B64D0092B66D012
S3150801A8D00546A422002131A80BF079FB44F48240F5
S3150801A8E020232946944ACDF80080FFF735FE044611
S3150801A8F018BB0122D8F8001031A8EEF7B5F8EEF723
S3150801A90001F90446C8B90246394631A8EEF7ACF84A
S3150801A910EEF7F8F8044680B99DF8C630012B41D008
S3150801A9208648EEF7EFF8044638B9649B07351B6885
S3150801A930B3EBD50F05D06FF0960420213046ECF71E
S3150801A94067FC9DF8C630012B0ED132A8EDF7B0FF92
S3150801A9504AA8ECF772FC4CA8ECF77DFC52A8ECF778
S3150801A9607AFC58A8ECF769FC0023D8F80050ADF832
S3150801A970C43028468DF8C630EDF7CAFF2846EBF7EE
S3150801A9807BFF3846EDF7C4FF3846EBF775FF2046DF
S3150801A9905BB0BDE8F08F4FF48075122499E7FF2567
S3150801A9A0412496E7419B002BBAD001463D222090CF
S3150801A9B021A89DF8C8900BF00AFB3C22214611A854
S3150801A9C010940BF004FB182221460AA80BF0FFFA93
S3150801A9D009F1FF33082B00F28880DFE803F00586CA
S3150801A9E073787D868686820047F21212C023ADF8F7
S3150801A9F02820ADF82A302046EFF7C4FB002890D16D
S3150801AA004FF4804309A80993F8F7A8FD099BBDF8F7
S3150801AA102840BDF82A200C9304F44F430732B3F5B6
S3150801AA20824F4FEAD20B059362D1E3B2412B5FD134
S3150801AA305A4610A94AA8CDF824B0ECF75BFA5A464B
S3150801AA4020A952A8ECF756FA41210DF1800ACDE961
S3150801AA5001A109990DF1240953465A460091CDF8E9
S3150801AA600C9010A90AA8FDF765FFEFF78BFB0028E4
S3150801AA707FF457AF059B5146B3F5824F099A58A8FB
S3150801AA8051D1E4B2412C4ED1ECF7CCFC58A8ECF7E5
S3150801AA90CBFA0730B0F5847FBFF442AF419B32A8A9
S3150801AAA013F0070418BF012404EBD304649B1C604C
S3150801AAB0ECF716FB02282246314658A836D1ECF7A0
S3150801AAC019FA2EE747F212124FF480738FE747F20D
S3150801AAD012124FF4C0738AE747F2121240F20923A1
S3150801AAE085E747F24112FF2381E76FF0710482E798
S3150801AAF04FEA4B035A46013310A94AA80993ECF7C2
S3150801AB002CFA04235A460DF1810152A88DF880309A
S3150801AB10ECF723FA0BF1010120AB5A46194454A864
S3150801AB20ECF71BFA90E7ECF7AFFCAFE7ECF715FA91
S3150801AB30F7E66FF086042AE71D3A002080B0FFFF8A
S3150801AB4013F07E0F2DE9F0470C4615460CBF4FF062
S3150801AB50010A4FF0000A07465246294620461E4674
S3150801AB60C3F34508ECF7AAFB48BB04F108095246AA
S3150801AB70484605F10801ECF7A1FB00BB08F1FF33D4
S3150801AB80D3F1000848EB03084246204605F11801AF
S3150801AB90ECF794FB98B94246484605F12001ECF7D3
S3150801ABA08DFB60B921463846F209ECF7BBFE30B990
S3150801ABB004F110000121BDE8F047ECF7DDBCBDE862
S3150801ABC0F08738B50C46054601212046ECF722FDEB
S3150801ABD028B921462846BDE83840ECF7D7BD38BD27
S3150801ABE02DE9F047A4B00446DDE92D85DDE92F7985
S3150801ABF092460E4629B96FF08606304624B0BDE85E
S3150801AC00F087002AF7D0B8F1000FF4D00DB9002F5C
S3150801AC10F1D1B9F1000FEED02388B3F5105F40F0FA
S3150801AC2097802022002112A80BF0D1F91AA80DF05D
S3150801AC30F8FB002840F0858031465246204612AB83
S3150801AC40FCF7F8FE06460028D7D1129B23F0080226
S3150801AC50102A01D0202BCED1A84566D208F11003BF
S3150801AC609D425FD20F2FC6D94146102228460BF0C6
S3150801AC7052FBA8460023384A0DF13C0A514612A850
S3150801AC80CDE91A231C932293FDF775F8044600288B
S3150801AC903BD11AA80F990DF0CBFB10210DF0C8FB7B
S3150801ACA0694612A8FDF740F9044670BB1AA8FDF7D4
S3150801ACB077F903A912A8FDF74DF9044628BB03A99C
S3150801ACC01AA8FDF76DF9CDF83C804FF00108234C21
S3150801ACD0CDF8408006AB11949AE8070083E807008F
S3150801ACE019461AA8FDF75CF90C9509ABCDF834801D
S3150801ACF00CAA0E9407CA83E8070019461AA80DF08C
S3150801AD00C0FB0DF02FFA0446F0B13A460021284659
S3150801AD100BF05DF90023012CC9F8003011D16FF051
S3150801AD208B066AE70F2FA5D865E70F2F7FF663AF66
S3150801AD30002D9FD13A46294628460BF048F9C9F80D
S3150801AD4000506FF0920658E71023C9F8003054E70F
S3150801AD506FF0850651E700BF0001000410000020CE
S3150801AD602DE9F04FA1B08946DDE92B540746CDE917
S3150801AD7007232D9EB0B3B0F800A00AF4E043B3F55B
S3150801AD80005F32D1CAF30222042A2ED1072C29D90F
S3150801AD904FF0080809932DB3A4EB080405EB040B3F
S3150801ADA0424659460AA80BF031FBB9F1000F19D0F2
S3150801ADB02A9BBBB1099B0EB92E9A9AB9B3F5005FC6
S3150801ADC016D1CAF302231A1F53425341DB00BAF5BF
S3150801ADD0105F07D17A8822F0400180290AD0B2F59E
S3150801ADE0807F07D06FF0860711E04FF00008D1E7A2
S3150801ADF00023ECE7002BF5D0202200210EA80BF04A
S3150801AE00E6F816A80DF00DFB28B16FF09207384643
S3150801AE1021B0BDE8F08F38464946079A0EABFCF7D4
S3150801AE2009FE07460028F2D12E9B9C4221D8B5423D
S3150801AE3007D2B34505D92946224630460BF06BFAA7
S3150801AE4035460AABCDE90483052301932A9B22469D
S3150801AE500093CDE90256089B0EA916A8FEF776FAC5
S3150801AE602128BFD02C2807D00028CED12F9B1C60C3
S3150801AE70CDE76FF08907CAE76FF09407C7E72DE9B1
S3150801AE80F04F9A468BB09DF85030DFF858B10293CF
S3150801AE90DBF81030804653450D461646C0F09B80B8
S3150801AEA0D146DBF804300193B9F1000F00F08F8029
S3150801AEB0D8F83C3001225B6907A901989847079B96
S3150801AEC0DBF80010C3F3D312914240F0878013F0E8
S3150801AED07E0F1CD1D8F83C3002225B6908A901987B
S3150801AEE0984708A8F9F794F908270446019B029A96
S3150801AEF03B44002A3CD1A6420FD9361B144640468C
S3150801AF000199F9F7D8F9A9EB04090190CCE707A843
S3150801AF10F9F77EF904270446E8E7A41B544528BF38
S3150801AF205446032C03EB0607AAEB040A4FEA9402DC
S3150801AF301CD9D8F83C30294638465B69984724F02D
S3150801AF40030304F003061F441D44002ED7D0D8F886
S3150801AF503C3001225B6908A938469847324628469B
S3150801AF6008A935440BF052FA0026C8E72646ECE74D
S3150801AF70274604F00302039223442A1904920593EF
S3150801AF80049BDD1B059BD81B039B9F420FD1002FFA
S3150801AF90B5D0D8F83C30012208A95B6998473A46EA
S3150801AFA0284608A90CF012FA78B93D44A7E7D8F85B
S3150801AFB03C30012208A95B6998470422284608A95A
S3150801AFC00CF004FA08B9043FDAE74FF036094846A7
S3150801AFD00BB0BDE8F08F4FF06309F8E74FF06F0942
S3150801AFE0F5E700BF542E00200EB417B50446828833
S3150801AFF0E18800688A4234BF891A002106AB1044E9
S3150801B0000D4A019303F03AFA002800DAFEE7A3880D
S3150801B010E288184480B2904228BF2368A08028BFDE
S3150801B0209B18204624BF002203F8012C03B0BDE873
S3150801B030104003B0704700BFE88502082DE9F743C1
S3150801B0409946604B0646002914BF8846984698F8E3
S3150801B050C4301746002B40F0AE8011464046F7F73C
S3150801B0606DFD054600285ED1A821012003F058FA96
S3150801B0700446002800F0A18040F2011383810223CF
S3150801B08080F8099080F8503007724581C5730560CC
S3150801B09064200CF06BFE012F94BF00230123C4E941
S3150801B0A0265584F8A030C4E92155D8F80030C4E9FA
S3150801B0B023556061C4F8A480C4F894502360C8F885
S3150801B0C0004041464FF000090A680AB11368E3B91E
S3150801B0D0B9F1000FF5D1EFF31183302282F311880C
S3150801B0E001223771B260346083F31188BFF36F8F21
S3150801B0F040F2011337683046BB8101A9F7F766FEAE
S3150801B1000446D0B1052C2ED022E0187A157A85424C
S3150801B11023BF18684FF001091A60114622BF106053
S3150801B1200B601946D0E790F85030012B14BF042460
S3150801B1302E24204603B0BDE8F083019D2A7B6B7B54
S3150801B140934201D1012B07D03046F7F732FE21246D
S3150801B1503846EBF791FBECE795F85030012B08D10F
S3150801B1603046F7F726FE7B7A002443F010037B72FC
S3150801B170DFE71A1F012AF3D9022B04D03046F7F765
S3150801B18018FE0224E4E7297A19B9052385F850300F
S3150801B190E6E7D5F8A40090B190F895304BB10122B5
S3150801B1A08430F8F711FF044618B13046F7F701FE67
S3150801B1B0A8E70123EAE70424BBE71924B9E799F8C4
S3150801B1C01130FFDEF03B00200B7C10B57F2B4FEAD8
S3150801B1D093124FF030030AD9EFF3118483F31188E0
S3150801B1E0032A18D1837BB3B90123837309E0EFF3EB
S3150801B1F0118483F31188437B0BB9903004E0013B3A
S3150801B2004373D0F8A4000830F8F728F984F31188B5
S3150801B210BFF36F8F10BD9430F6E708B5044B0146AE
S3150801B2201870044B18680BF089FC00B1FEE708BDDD
S3150801B230A10E0020500E00202DE9F8430446884649
S3150801B24000211F469146F2F795FA144B144EE41A5B
S3150801B2501E23E410B4FBF3F4E4B2A50105F10C0CCA
S3150801B26006EB841484F80180B44499E80F008CE84D
S3150801B2700F0005F11C0CB44497E80F008CE80F0089
S3150801B2802C35089B35440FCB85E80F004FF6FF7325
S3150801B290A38784F83E30BDE8F88300BF180B002069
S3150801B2A0B00F002013B5184B0DF1060118680BF005
S3150801B2B067FA1648BDF80610154A90F900300B3999
S3150801B2C054567F2B0A4490F9011092F9100008D1BF
S3150801B2D0A042A8BF20467F2911D17F2808BF002098
S3150801B2E007E0A042A8BF20467F2904D19842A8BFFB
S3150801B2F0184602B010BD8B42B8BF0B46F6E7884226
S3150801B300A8BF084640B2F4E7500E00207D11002080
S3150801B3107F11002030B5204DD5E9053452B38B4253
S3150801B3200FD0E1B92B6973B92A6982B3002818BF0E
S3150801B33004462278D20714D5A28842B3A4EBC204E4
S3150801B340F7E72B698BB140B92B681A78D2070CD568
S3150801B350DA884AB103EBC203F7E70346F5E78C42FD
S3150801B360E2D0C5E9053430BD13468C42DCD000294C
S3150801B370DAD0F6E78B4208D0834228BF03468C42CF
S3150801B38007D0844238BF0446EBE70346F7E714467D
S3150801B390E7E70446E5E700BFA813002000232DE9E7
S3150801B3A0F04789460B60002800F09280494F7B6878
S3150801B3B0984280F08D80073020F00705EFF3118A57
S3150801B3C0302383F311887E69AEB133787288DB073F
S3150801B3D04FEAC20204D5F3886BB106EBC306F4E75C
S3150801B3E09542F8D816F0070303D045EA03018A42C5
S3150801B3F0F1D3EB1806D18AF31188BFF36F8F1920A1
S3150801B400BDE8F08772883969C3EBC2020139272A78
S3150801B41039614AD99D4205F1080841D008213046CB
S3150801B420FCF722FA0446A0444046EBF787FB6288FC
S3150801B43005F10F01A2EBD102CB08A8F80220A8F862
S3150801B4400430E28872B3D31A9BB204EBC202A8F89D
S3150801B45006309380ED086580B8F804300022E38051
S3150801B46031464046FFF756FFBB680833BB60237871
S3150801B47043F0010323703B6901333B616288BB6872
S3150801B48003EBC203FA68BB60934288BFFB608AF389
S3150801B4901188BFF36F8F08340020C9F80040AFE761
S3150801B4A03446C0E7A8F80620D4E79D420ED0082105
S3150801B4B03046FCF7D9F904462378012243F0010303
S3150801B4C0314620462370FFF725FFD7E73446F3E7D1
S3150801B4D0212095E7A813002007B5182001A9FFF731
S3150801B4E05DFF08B100230193019803B05DF804FBE1
S3150801B4F00146102052E773B5094E0A4D31460446F6
S3150801B50028680BF07DF8F1F73DFF074B019400938E
S3150801B510C2000123314628680BF062F802B070BDFB
S3150801B5202C0F0020500E002001D3000870B5436A85
S3150801B53004460D461BB111B9826A0F489847A3887C
S3150801B54099060ED50C4BDA7D92070AD5197D94F822
S3150801B5506020914205D11B69E26D934224BF0133F4
S3150801B560E365206A836C33B12DB92A46BDE870407C
S3150801B5700149006C184770BD500F00202DE9F043B2
S3150801B58099B004460EA80D4617460CF04AFF064622
S3150801B59020B16FF0920019B0BDE8F08301905DB358
S3150801B5A024B335F0030905F0030822D04FF0E06310
S3150801B5B0CDE90E3001230B940C9349F000530D93FA
S3150801B5C00BAA05AB1090169007CA83E8070019461F
S3150801B5D00EA80CF056FF49460CF02AFF0CF0C2FDE6
S3150801B5E038B14A46314620460AF0F1FC00233B6051
S3150801B5F0CFE7B8F1000F02D100203D60CBE7002666
S3150801B6004FF0E063CDE90E3601AB089301230993A8
S3150801B6100F4B08AA0A9302AB07CA83E80700194623
S3150801B6200EA8109616960CF02CFF04210CF000FFBC
S3150801B6300CF098FD08B12A46D4E7019A4C44C30098
S3150801B640013022FA03F3804504F8013BF7D1D3E729
S3150801B650040000200FB407B5064B05A91B68019124
S3150801B6601BB1054A05481268984703B05DF804EB13
S3150801B67004B070472417002028170020CF84020839
S3150801B68038B503680446ABB1012B0CD182690A4B64
S3150801B6909A4208D100F120055830EEF735FE6821A7
S3150801B6A02846EBF7B5FD2046BDE83840D8220021EB
S3150801B6B00AF08DBC38BD00BF000150058B4228BF7A
S3150801B6C00B462DE9F04705464FF0000EA1EB030A9C
S3150801B6D003F00707089CDB084FEA431C02EB4313F8
S3150801B6E09A4205F120050FD1604405464FEA870CB9
S3150801B6F003EB8707BB4240F081806044BAF1010A37
S3150801B70080F08B80BDE8F087166855F8201CA4FBED
S3150801B710066816EB0E0648F10008761845F8206CFF
S3150801B720566855F81C1CA4FB069E48F1000616EB44
S3150801B73009064EF1000E761845F81C6C96684EF10E
S3150801B740000EA4FB06961EEB090E46F1000855F8F5
S3150801B750186C55F8141C1EEB060645F8186CD668C5
S3150801B76002F12002A4FB069E48F1000616EB090623
S3150801B7704EF1000E761845F8146C52F8106C4EF11D
S3150801B780000EA4FB06961EEB090E46F1000855F8B5
S3150801B790106C55F80C1C1EEB060645F8106C52F891
S3150801B7A00C6CA4FB069E48F1000616EB09064EF141
S3150801B7B0000E761845F80C6C52F8086C4EF1000E1E
S3150801B7C0A4FB06961EEB090E46F1000855F8086C0F
S3150801B7D055F8041C1EEB060645F8086C52F8046C6D
S3150801B7E0A4FB069E48F1000616EB09064EF1000E6B
S3150801B7F076184EF1000E45F8046C71E753F8042BE0
S3150801B8002968A4FB022612EB0E0246F1000652181D
S3150801B81046F1000E45F8042B6CE7036813EB0E039B
S3150801B8202CBF4FF0010E4FF0000E40F8043B65E7C0
S3150801B83010B5A8B1A1B10368994211D3D0E9024262
S3150801B84004FB023399420BD2EFF31183302282F3C0
S3150801B850118842680A60416083F31188BFF36F8FCC
S3150801B86010BD4FF0004238B51D4B1E4C5A664AF6BC
S3150801B870CD33656C236405F00105C0B90120FAF7DB
S3150801B88073FD6368D90701D42DBB38BD0122164B58
S3150801B8905A60164B226BD207F6D4013BFAD1F3E76D
S3150801B8A00133216B080705D59342F9D1ECE700234B
S3150801B8B00F4AF6E79342E7D020220B4B9A62012200
S3150801B8C0A3F580535A60094B064A916A8906DBD467
S3150801B8D0013BFAD1D8E7034B064A1A64D5E700BFFC
S3150801B8E000900050004009500060095041420F0085
S3150801B8F040420F003254FFFF73B5002504468DF808
S3150801B900075020466169F8F727FC266B864209D25B
S3150801B910236AB5EB430F05D220460DF10701FBF764
S3150801B92098FE50B19DF80730012B04D120460DF140
S3150801B9300701FBF78EFE02B070BD0135E1E7002372
S3150801B94007B506481A46006801A9EEF7A8F810B91E
S3150801B9500198EEF78FF803B05DF804FBF42D00208B
S3150801B96066E709B1C06EFBE77047034608B90020D0
S3150801B9707047EFF31182302181F311884068411C29
S3150801B98004D182F31188BFF36F8FF0E7016859601C
S3150801B99082F31188BFF36F8F7047F7B50646C06EFD
S3150801B9A00F46FFF7E2FF0546A0B10122304601A97D
S3150801B9B0F7F7E5FB044630B129463046FFF7D1FFD4
S3150801B9C0204603B0F0BD019BC3E900509881187762
S3150801B9D03B60F5E71A24F3E710B5EFF3118430233A
S3150801B9E083F31188037C23B184F31188BFF36F8F26
S3150801B9F010BD8368C260416003F140021B6C53B9F4
S3150801BA0003601060826892F84430013382F844304A
S3150801BA1001230374E8E71A461B68F0E737B50446BD
S3150801BA200522D0F8A40001A9F7F7A9FBB0B9019B33
S3150801BA305C61227A5A74E27A62F07F021A74EFF331
S3150801BA401185302383F31188D4F8A40001990830AD
S3150801BA50F7F704FD85F31188BFF36F8F03B030BD87
S3150801BA60053803288CBF002001207047F8B5037FED
S3150801BA700746022B0D46164611D0F3F7E5F804469C
S3150801BA8010B92E44AE4201D12046F8BD384615F804
S3150801BA90011BF3F7AFF80028F4D00446F4E70D24A8
S3150801BAA0F2E72DE9F0470446F2F77DFF20BB204671
S3150801BAB0F2F7A4FF94F834700B2604EB8709D9F83A
S3150801BAC03880D9F820A04546554508D03A46294632
S3150801BAD02046F2F714FF030410D5A8450ED0C9F87D
S3150801BAE038502046F3F75AF8002384F835304FF6D4
S3150801BAF0FF736569E386ADB9BDE8F087C0F30D004C
S3150801BB002946821C3B462046F2F78BFE013E16F07B
S3150801BB10FF060546D8D140F24531064B064A074885
S3150801BB2002F0BCF823463A464146AC46A069BDE850
S3150801BB30F0476047E58602080D9502084F85020819
S3150801BB402DE9F843044690F8346000EB8607D7F8E8
S3150801BB502080656C4545256421D032462946204614
S3150801BB60F2F7CDFE030402D5BB6B9D4217D1C0F394
S3150801BB700D00821C334629462046F2F752FE33460B
S3150801BB8081466064022229462046F2F74AFE81452B
S3150801BB90A064DED0012384F83530BDE8F883032399
S3150801BBA0F9E770B583880446C0889E18864215460B
S3150801BBB006D8206818440AF029FCA3881D44A580E4
S3150801BBC070BD07B50222ADF806100DF10601FFF7A3
S3150801BBD0E8FF03B05DF804FB10B50A7A0446012AAA
S3150801BBE002D0022A04D010BD0988BDE81040E8E752
S3150801BBF08388E28803F108009042F4D82068184443
S3150801BC00F2F779FCA3880833A380ECE708B5F1F7C6
S3150801BC10BBF9014620B920200BF0F6FB0BF042FCDC
S3150801BC20002008BD1FB500230C4601A98DF80C306C
S3150801BC30F2F700FD18B9214601A8F1F7FDFE04B097
S3150801BC4010BDF3F727B8F3F725B8024B0146186874
S3150801BC500AF096BE500E0020014B186802F01EBE6F
S3150801BC60500E0020024B0122002118680AF0B3BCCD
S3150801BC70500E00200088704708B5FFF7FBFF10F447
S3150801BC80807F0CBF0320022008BDF8B507680E4661
S3150801BC903846FFF7F1FF04463846FFF7EBFF05463E
S3150801BCA0F1F7B0FF04EB4003DBB2FF2B13D0C5F36A
S3150801BCB08120022805D0032807D0002300203372EB
S3150801BCC0F8BDFB5A33800123F8E7F9183046F2F735
S3150801BCD012FC0223F2E70620F2E708B5FFF7CAFFCE
S3150801BCE0C0F3C00008BD08B5C36800209847034BD8
S3150801BCF01868BDE808400CF082BB00BFF82D00208B
S3150801BD00F0B50E46054685B050B390F834304BB3BE
S3150801BD10154F0121F8F74DFA3A46284613490DF110
S3150801BD200F03F8F71AFD044668B99DF80F30012B81
S3150801BD300FD13B69082B11D102460090314628469E
S3150801BD40FFF79DF80446E86BFFF7CDFF204605B0DF
S3150801BD50F0BD022B14BF2D246024F4E76324F2E717
S3150801BD602124F3E71124F1E7542E0020007108007D
S3150801BD70F8B50546EFF31186302383F311888C3025
S3150801BD80F7F762FB044620B986F31188BFF36F8F74
S3150801BD90F8BD837C00F130073BB101338374D5F8D4
S3150801BDA08C300363C5F88C70EEE705F130000CF0B2
S3150801BDB0E7F886F31188BFF36F8FA6682EB9216855
S3150801BDC0D5F8A400FFF7CDFD2660EFF311813023E6
S3150801BDD083F31188A37CD5F8A4200133A37493684F
S3150801BDE0236397602B7C01332B74EB7B013BEB734D
S3150801BDF081F31188CAE738B50446F9F76FFEA04200
S3150801BE0028D00BF003FF012C054602D12146FAF78B
S3150801BE1021FAEFF3108072B64FF000710E4A0F4BFC
S3150801BE2051664FF48062611E8A401A675A6E910103
S3150801BE3003D4D3F88420920609D50CF0E0FA022C33
S3150801BE4008D12846BDE838400021FAF703BAD3F8E5
S3150801BE508420EBE738BD00BF006000500040005069
S3150801BE6008B508B90BF0D2FEBDE808400220C2E7C2
S3150801BE70F0B40A4D2D7875B107280CDC084D06017A
S3150801BE8005EB0014277B37B1AB510023C4E9013315
S3150801BE90F0BCFAF79BBAF0BC704700BFB82E002079
S3150801BEA05C2C00202DE9F04F054689B01046164650
S3150801BEB00491EBF786F8002870DD2846F188EBF740
S3150801BEC097FA0446002845D13368B5F806900093D9
S3150801BED0D5F80080344D494600982B682B68EBF756
S3150801BEE095F803460733272B8CBF4FF01E0A4FF0F0
S3150801BEF0FA0ADA0823F007030190029205934946E4
S3150801BF004046029AFBF776FB044618BB059B019A45
S3150801BF10494640469A1AEBF78AF8BAF1010A40D01F
S3150801BF200499D8F80000EBF759F80126C743D5F864
S3150801BF3000B0B14512D84BEA070303932F682B6863
S3150801BF404B462E6803F1FF3B83B9039A2B681740CA
S3150801BF509F42D4D0204609B0BDE8F08F58F8260094
S3150801BF60EAF7BCFF01364BEA000BE2E7009B53F800
S3150801BF702B2058F82B301046194607930692EBF7F3
S3150801BF802DF8079B069A064311461846EBF726F83D
S3150801BF9020EA06031F4306435B46D3E76FF0030413
S3150801BFA0D8E76FF00D04D5E724140020F7B501236F
S3150801BFB000220546CDE900230E46021D02216846E8
S3150801BFC0FFF770FF044648BB06F110026B4611469F
S3150801BFD02846ECF76CF8044600BB06F108076B46E1
S3150801BFE03A4639462846ECF762F80446B0B96B4634
S3150801BFF06A4669462846ECF75AF8044670B96B460C
S3150801C000324631462846ECF752F8044630B96B46B3
S3150801C0103A4639462846ECF74AF804466846EBF7A5
S3150801C0200CF9034814F10E0F18BF204603B0F0BDF2
S3150801C03000B3FFFF0022012373B50646CDE90023AD
S3150801C0400D46021D02216846FFF72CFF044678B902
S3150801C0506B462A4629463046ECF729F8044638B98C
S3150801C06005F110026B4611463046ECF720F80446F6
S3150801C0706846EBF7E2F8034814F10E0F18BF20469D
S3150801C08002B070BD00B3FFFF2DE98048C1B0EFF3E0
S3150801C0901183302282F31188B04C94F88820002A43
S3150801C0A040F0D683012284F8882083F31188BFF3F0
S3150801C0B06F8F6FF004035021A948AA4D13F0800F22
S3150801C0C003F1010240F0BD832B444C2A83F8001387
S3150801C0D01346F3D14FF00043A34E072273664AF67F
S3150801C0E0CD33A24D0B206F6C2B64A14BDA63FAF7A3
S3150801C0F03BF96B68012023F4F87343F480736B6092
S3150801C10040F20913AB6040F203132B61FFF7A9FB59
S3150801C110F80748BF974B4FF0800048BF2B64964BF2
S3150801C1205F6E4FF0004373664AF6CD336E6C2B642F
S3150801C130FAF71AF92B6AF10723F00F0343F00C03F8
S3150801C1402B6248BF8B4B8D4848BF2B64002FA2BF7B
S3150801C1504FF000428A4B5A660CF04CF8894AD2F8DD
S3150801C1604C3113F4802300F078834FF07E6292F805
S3150801C1709C3092F99C20002AB8BF25234FF4000170
S3150801C180794A022051664FF4D15102F5B83251620B
S3150801C1907D494F2B486028BF4F23012001F5805167
S3150801C1A0DBB24860116911F48031FBD143F4807325
S3150801C1B0536140F201439360724B5160D3F84C21AD
S3150801C1C0120300F14D83D3F85051EDB26F4B704A0B
S3150801C1D093F900606F4B2E441A60674B86F3080685
S3150801C1E01B6F03F00703032B01D10BF02DFDFBF7A2
S3150801C1F0EBF903284BD04FF480125B4B4FF0A0614B
S3150801C2005A6645F60E03644AC2F88030634B996252
S3150801C2104FF4803103F580539962936DDB03FCD4A7
S3150801C220936D5F00FCD45E4B1361936903F0004381
S3150801C23043EA064343EA052343F0407343F03C03CC
S3150801C2409361136A23F00F031362916A554B0B40EE
S3150801C25043F48033936254494F4A936D31EA030399
S3150801C260FBD14FF080714D488162136923F4700345
S3150801C27043F4401313614FF000434FF48032836156
S3150801C2804A4B99629A62444A936D5800FCD44FF41A
S3150801C290C0223C4BD3F89850334B5A6603F5983372
S3150801C2A05A68012A00F0E282FBF78EF905280CD1BB
S3150801C2B000213F48F9F7CEFF2F4A136F43F48063F5
S3150801C2C013674FF48032284B1A673A4E3A4B376850
S3150801C2D025F040759F4202D83548FFF7C1FD374B17
S3150801C2E0DA6812F0060FFBD19A689D6099684D408D
S3150801C2F015F4F81F0DBF2E4D9A603D463560FBF7C4
S3150801C30063F905280FD10BF09FFC0646F9F7E6FB02
S3150801C3100128D4BF012100213046F9F79BFFF9F71F
S3150801C320E5FFF9F787FFBD4202D80020FFF798FD20
S3150801C3304FF400220C4D134B2148D3F8C0306A66DE
S3150801C3404FF0B44223F0407393600BF053FF4FF460
S3150801C350800302226B661B4B5A6035E0B539002013
S3150801C36000ED00E000E100E00090005000400950B7
S3150801C370004000503254FFFF008000507C950208AF
S3150801C38000A000500080E00F00100250D83C0020A9
S3150801C390C0175302EC3B00200040005A0050005AD7
S3150801C3A02008C00BC7FFFEFE030001000060005A0B
S3150801C3B000B4C404E83B0020FFB3C40400000150E4
S3150801C3C080950208004002509E6816F48036FBD11B
S3150801C3D0D14D5E625E60F9F769FF2B6F304623F037
S3150801C3E0070343F003032B67F9F796FF2B6FCB4936
S3150801C3F023F474432B67CA4BD3F8FC2012F08072DE
S3150801C40000F03A82D3F8FC2022F08072C3F8FC20AF
S3150801C410D5F8802022F0030242F00102C5F88020F7
S3150801C420C1F88060D3F8FC2042F08072C3F8FC2082
S3150801C430B94B4FF48031D3F82021BA4822F00702CC
S3150801C44042F00202C3F82021D3F8282122F007027C
S3150801C45042F00202C3F82821D3F8802122F0030210
S3150801C46042F00102C3F88021D3F8402122F00302E9
S3150801C47042F00202C3F84021D3F8602122F00302F8
S3150801C48042F00202C3F86021D3F8402222F00302E7
S3150801C49042F00202C3F84022D3F8002222F0070232
S3150801C4A042F00202C3F80022D3F8082222F007025A
S3150801C4B042F00202C3F80822D3F8702222F00302DE
S3150801C4C042F00102C3F87022D3F8202222F00702B3
S3150801C4D042F00102C3F82022904A5D6E5166426A13
S3150801C4E022F001024262EA035CBF8F4A51664FF0AD
S3150801C4F0E0210A6942F004020A61D3F8602222F0B7
S3150801C500070242F00102C3F86022D3F8942222F00E
S3150801C510070242F00102C3F89422844B5A6F42F093
S3150801C52001025A67DA6E22F03002DA66EFF31187F2
S3150801C530302383F3118894F88960002E43D17C4B0C
S3150801C5407C481E607C4B1E607C4B1E600BF052FEC5
S3150801C550BFF34F8F7A4DFAF743F96B68012B00F059
S3150801C5609681EE600BF03CFE4FF000080F22012683
S3150801C570744B734DDFF8F091C5F848805A641A6414
S3150801C580FAF72EF9C9F804602E610BF071FB08223F
S3150801C5906D4BC5F81880C3F888219A60C9F84460BC
S3150801C5A0EFF31185302383F311884FF4E060F9F72F
S3150801C5B00BFB024685F31188BFF36F8F634B186037
S3150801C5C0002840F0758187F31188BFF36F8FEAF76A
S3150801C5D0E7FB534A5E49D2F8C03023F0FF0343F024
S3150801C5E0A003C2F8C0305B4B99425B4940F06B81AE
S3150801C5F00B685A48C2F89830C2F89C0000F57F309B
S3150801C60000F2FE30C2F8A00001330B60BFF35F8F62
S3150801C6100524434BC3F894405A6A42F480325A625D
S3150801C620BFF34F8FBFF36F8FBFF34F8FBFF36F8F7B
S3150801C630DFF838B14A48FEF75BFFBBF85830BBF85C
S3150801C6405A10DBF8682001EB430101393420EAF777
S3150801C6503CFA0BF16C00FEF74BFFBBF85830BBF800
S3150801C6605A10DBF86C2001EB430101390720EAF780
S3150801C6702CFA0BF17000FEF73BFFBBF85810DBF8FC
S3150801C6807020490801310120EAF71FFA0BF17400FD
S3150801C690FEF72EFFDBF85400DBF87420113080B268
S3150801C6A0BBF858100430EAF710FA0BF17800FEF7D8
S3150801C6B01FFFBBF85810DBF8782001390C20EAF780
S3150801C6C004FA0BF17C00FEF713FF2146DBF87C2008
S3150801C6D09420EAF7FAF90BF18000FEF709FF082022
S3150801C6E0DBF88020BBF85A10EAF7EFF90023CBE90B
S3150801C6F01833EEF722FC9BF8C4304BB1DBF8003057
S3150801C700002B40F0018117488BF8C430FAF7AEF9CF
S3150801C710DBF8483009932BE0008000500090005068
S3150801C72000ED00E000C0075000A000500040005096
S3150801C730E01300207C950208201400201C14002018
S3150801C74000800A5000A00A5000E100E04C0E0020CB
S3150801C750C03B0020603B0020B42E002003000020CF
S3150801C760583C0020743C002000900A50F03B002001
S3150801C7700693069B002B40F0CE80EFF311823023FF
S3150801C78083F31188DBF8483009995B1ACBF84830EE
S3150801C79082F31188BFF36F8F9BF894302BB1A848A9
S3150801C7A0FAF7C8F8069B8BF894309BF8BC3093B11E
S3150801C7B00323A3481AAA20A9FBF70EF858B9BDF80E
S3150801C7C0683020982BB10278DBF8C0301344CBF8D7
S3150801C7D0C030F6F725FE9B4C23782BB1FAF730F9D2
S3150801C7E02378002B40F06084974B1B78002B00F0D0
S3150801C7F05B84012395480DF136020EA9FAF7ECFF81
S3150801C8000446002840F03686DDF83880B8F802304C
S3150801C8105A1E042A00F2458406228D4DB8F80010E6
S3150801C82002FB0352B2F84820914240F03A84023B97
S3150801C830032B00F27682DFE813F08F02A902E105E5
S3150801C840070603F00F03043B03441976134635E440
S3150801C85083F31188BFF36F8F3CE4D2F850218DE43E
S3150801C8607C4B1D88FF2D88BF6425AFE47A494A6051
S3150801C8705A689107FCD417E5D5F8803023F00303ED
S3150801C88043F00103C5F88030C1F88020D0E5D5F81A
S3150801C8900480B8F1010F02D0F9F7A2FF61E66B68CF
S3150801C8A00BF0E6F902232B616C4BC3F80480F3E71E
S3150801C8B0434640F2E7316A4809F098F9694B84F82A
S3150801C8C0896018607FE623F01F03203BB3F1005F00
S3150801C8D00BD30868644CC2F8980043F00103013091
S3150801C8E0C2F89C40C2F8A0300860604A0B686048EC
S3150801C8F022F01F0242F00302C0F89830C0F89C20CB
S3150801C9005C4AC0F8A0207FE693F85020022A7FF4FB
S3150801C910FFAE1B68F4E6DBF84C0020A903699847CB
S3150801C9200790002840F0A181209C9BF8503025688B
S3150801C9306BB905212846B5F80520F6F765FA10B151
S3150801C9402B78142B03D02046F6F75EFC8DE16B7825
S3150801C9502F790593A3897F2F4FEA97166D8898BF7C
S3150801C9600026DBB92B1E18BF01230A93DBF85430C6
S3150801C97058460A339D4228BFA3810599F6F7DEF882
S3150801C980044668B9022E07D00523014600930346DB
S3150801C9905846059AF6F7A3FD2098D5E70023E4E75C
S3150801C9A090F85030042B08D13EB9052380F8503051
S3150801C9B0C36F13B13146F6F7B5F894F850301846F7
S3150801C9C0FFF74EF818B1082B1FD1022E07D0052301
S3150801C9D0009300232146059AD4F8A400DAE7209BA0
S3150801C9E05C611B7FB3B907F00703EFF31182089265
S3150801C9F0302282F31188D4F88C20002A3CD1089B76
S3150801CA0083F31188BFF36F8F04E0209B16F0FD0FA7
S3150801CA105C61E6D00A9B2098002B95D1002D00F089
S3150801CA2008814368002B8FD0027F002A40F00381DA
S3150801CA30022D00F21D810622E37A0092CAE700BFA1
S3150801CA40743C0020BC2D0020B93C0020B02D0020EC
S3150801CA503C9502080001E00F00E0015000A00A50D1
S3150801CA6018FCFFFFC80A002003000020DF3B002056
S3150801CA7000ED00E0E1FF032052F8302C1179E27B4A
S3150801CA80C1F30211481C0A4400F0070002F007022C
S3150801CA9090427ED88342B2D39342B0D84FF0000871
S3150801CAA08B4298BF08335B1ADBB284F810800B936C
S3150801CAB00BF03EF9D4E90623801AB04A61EB03016B
S3150801CAC01379002B6AD0C4E90801400840EAC1700D
S3150801CAD04908C4E90A0182F804800520D4E90A98BC
S3150801CAE00BF044F9814578F100083EBF0023A062A6
S3150801CAF0E362D4E90A324FEA82084FEA830948EA2F
S3150801CB00937841F28830D4E9082319EB020948EBF6
S3150801CB1003080BF02BF94FF0000A48457AEB080396
S3150801CB2007D305200BF022F948457AEB080A38BFE6
S3150801CB304846606104F130000BF022FA4FF0010912
S3150801CB4004F18C089DF81C300B9A93425DD3089B1F
S3150801CB5083F31188BFF36F8F4FF0300904F1900802
S3150801CB60D4F89030002B3FF455AF637B002B3FF48C
S3150801CB7051AFEFF3118A89F311884046F6F764FC41
S3150801CB8001468AF31188BFF36F8F2046FEF71CFB17
S3150801CB90E6E7934282D9834280D230E7D4E908395D
S3150801CBA0834279EB0102D4E90A284FEA920242EA62
S3150801CBB08872B4BFA0EB030CA3EB000C4FEA9808EC
S3150801CBC012EB020E48EB080A4FEA9C0C1EEB020E0A
S3150801CBD048EB0A0A1EEB0C024FF0070C4FEAD30387
S3150801CBE04AF1000A43EA4973C4E90A2AA3FB0C235A
S3150801CBF04FEAD9090CFB0933C00840EA41701218FB
S3150801CC0043EBD103C4E9082367E74046F6F71CFC62
S3150801CC10817C59B9F6F72EFC637B01336373E37B99
S3150801CC20013BE373079B013307938BE780F8249055
S3150801CC30F2E7027F7AB1E37A0092D4F8A40021469A
S3150801CC40059AF6F74CFC002320980377F6F7DCFAE9
S3150801CC50002D7FF4EDAE4FF00008209DFEB9434646
S3150801CC603A4629462046FAF735FB069B013B7FE5FE
S3150801CC70209B023D58681FFA85F810FA85F56A78EF
S3150801CC8010F80830414643EA0222F6F7BDF80028B3
S3150801CC90E3D1002E7FF480AE0122E37ACDE6022E9F
S3150801CCA038D1C7F30113012B01D028464CE66B682E
S3150801CCB01B78013B042B15D801A252F823F000BFBB
S3150801CCC0D5CC0108ABCC0108ABCC01080BCD0108CA
S3150801CCD001CD0108D4F88C30002BE6D02046FFF7A9
S3150801CCE047F8E2E72846F6F78FFA0C2504F13000F3
S3150801CCF00BF046F9204684F85050F9F731FFB4E7AE
S3150801CD002846F6F781FA0A25F0E72846F6F77CFA67
S3150801CD100B25EBE743463A4629462046FAF704FA35
S3150801CD20A3E70421164B98F8042083F82010002164
S3150801CD3083F82110012183F822106FF07F0183F80F
S3150801CD4023101049097829B9012A18BF24245C62DD
S3150801CD500D48A4E11224FAE70423094880F8203093
S3150801CD60002380F82130022380F822306FF07F03F8
S3150801CD7080F8233024234362203090E1243D0020AB
S3150801CD80B539002060150020D5390020A14A08F1DF
S3150801CD90040308F1240153F8040B8B4242F8040BEF
S3150801CDA0F9D1012300252020CDE91453CDE91653E5
S3150801CDB0CDE9185301F070FB0590002800F01C839B
S3150801CDC0202001F069FB0746002800F013831AA802
S3150801CDD0F6F7BCFB4FF4804320A82093F6F7BEFB79
S3150801CDE0209B10AA1C938C4B0FA91D938B4B1AA839
S3150801CDF01A930F95FDF76AFB064600282DD10F9D5C
S3150801CE006B6AB3B1A9462B6A069359F8243F07936F
S3150801CE106B681B0A27D0012B00F0EB806FF08606A2
S3150801CE20286A10B1696AEAF7FDF90023C5E90833EA
S3150801CE3013E01B9B1B0A09D120231193284611993C
S3150801CE40EBF798FF06460028DCD006E011A91AA8D8
S3150801CE50ECF720F806460028F0D00F9808B1EBF752
S3150801CE609CFF3046F1E02B885E040BD42B8803F433
S3150801CE70E042B2F5805F26D1DDE90601EBF7E2FF74
S3150801CE80064611E003F4E043B3F5805FEED0B3F54F
S3150801CE90005FEBD0DDE906124B462846FBF768FA38
S3150801CEA010F1860F0646E1D0002EB9D12B79002B59
S3150801CEB040F0A6802B7ED5F814A0012B00F0B48093
S3150801CEC06FF09606C9E7B2F5005FD5D023F0FF02E9
S3150801CED0B2F5E24F05D1DBB2122B6A8804D0412B99
S3150801CEE06CD06FF085069BE7B2F5807FF9D10326F2
S3150801CEF020A8EAF707F901230020CDE938033AA863
S3150801CF00EAF7F7F8314620A8EBF712FD02460028A2
S3150801CF1045D120A8EAF7E4F8022806465AD1DDF8F1
S3150801CF20C0A038A84FEADA03013313F0030118BF8A
S3150801CF30012101EB93010893EAF75AFA024670BBFD
S3150801CF40089BBDF8E6101A463898FAF753FB0246CD
S3150801CF5028BB089B38A8CAEBC3010139EAF7A5F82B
S3150801CF600246E0B90122514638A8EAF72CFB0246E7
S3150801CF70A8B9014638A8EAF726FB024678B901217D
S3150801CF8038A8EAF720FB024648B9BAF1FE0F19D0CC
S3150801CF90DDE90623494620A8EAF70EF9024620A844
S3150801CFA00692EBF785FC38A8EAF747F93AA8EAF7B3
S3150801CFB05FF9069A1046EBF7A5FD61E7FF2A90D1BE
S3150801CFC0092695E7314638A8EAF7FDFA0246002A06
S3150801CFD0DED0E4E701280AD101462DAA38A8FEF7D2
S3150801CFE061FF10F10E0F0246F1D10D4AD7E70D4A3E
S3150801CFF0D5E74B46DDE906122846FBF7B9F93FE7BF
S3150801D0002846D5E90812ECF7F5FD064600283FF44F
S3150801D01051AF22E71D3A0020000002094171FF00C5
S3150801D02000B3FFFF80B0FFFF02232B760023AA4A35
S3150801D0305046136011A91A46ECF731FD054600283A
S3150801D04079D05046ECF784FD2846F6F7D5FA04461A
S3150801D05020210598EAF7DCF838462021EAF7D8F8BE
S3150801D060384601F021FA059801F01EFA9A4B9B49B8
S3150801D0701A6801F1280009F0C9F90621B8F8023041
S3150801D080974A01FB03226FEA43436FEA53439349E5
S3150801D090B2F84A204B840A844C6201F12000F6F763
S3150801D0A06AFA4046F6F7BCF9DBF8083013B9DBF83B
S3150801D0B00C3023B15846F6F7B1FB0028F4D0DBF85B
S3150801D0C00430002B40F0E9819BF84480302547461F
S3150801D0D00024844EEFF3118985F311883046E9F768
S3150801D0E073FE89F31188BFF36F8F002840F00C8215
S3150801D0F0EFF31182302383F311889BF84430984566
S3150801D10040F20C8200238BF8443082F31188BFF376
S3150801D1106F8F0025744E33685C685D60002C00F0E3
S3150801D1200F82A068844200F007828368A36043687F
S3150801D13085609847F5E7119D2B88590406D428463A
S3150801D140ECF798FC6FF0860635467AE76A68D5E902
S3150801D1500819120A07D0012AF1D14A462846FBF7CF
S3150801D1608BFC06462CE003F4E043B3F5804F1DD152
S3150801D170288800F4E043B3F5804F20F4405244F286
S3150801D18001037DD19A4207D000F44F40B0F5824F92
S3150801D19002D0B0F5844F75D1B9F1200F119D15D97B
S3150801D1A02846ECF767FC6FF08906CDE74A4628461C
S3150801D1B00691FBF761FC10F1860F06460699D7D052
S3150801D1C01198ECF757FC05469EB1BDE74A46434818
S3150801D1D009F01CF9414B0021C9F1200203EB0900B2
S3150801D1E008F0F5FE3C4B2846C3F80090ECF742FCE4
S3150801D1F00546002D7FF425AF2022384916A8EAF7FF
S3150801D20011F92022354916A8E9F7A7FE2022374940
S3150801D21014A8EAF739F92022344914A8E9F76AFE6D
S3150801D2204FF480425046324B20A92095ECF737FC43
S3150801D2300546E8B9DDF88090B9F8003023F0FF0318
S3150801D240B3F5E24F02D0B3F5E44F06D1B9F802308F
S3150801D2500733B3F5847F80F09480D9E90812D9F8A9
S3150801D26004301B0A46D0012B00F080806FF085053B
S3150801D27020213846EBF7E6FD2098ECF7FBFBE0E6C4
S3150801D2809A4205D11198ECF7F5FB6FF085065BE735
S3150801D29000F44F43B3F5824FF4D1002320936D88F0
S3150801D2A020AB0A46009329464B46FDF755F9064633
S3150801D2B018B11198ECF7DEFB46E7209D2022064BB4
S3150801D2C006492846EBF7ABFE06462846EBF720FB50
S3150801D2D02846E9F7D1FA73E7243D0020B53900203D
S3150801D2E03C950208303C0020201700201D3A0020FA
S3150801D2F000000209202310AECDE9017300934846C8
S3150801D300884B0396CDE90612FBF714FBDDE90612F5
S3150801D31010F1860F054605D13B4648460096FDF7AE
S3150801D320B5FA0546002DA3D12098ECF7A3FB0546CF
S3150801D33000287FF486AE2022394618A8EAF7A4F811
S3150801D3402022394618A8E9F7D5FD20213846059A3D
S3150801D3500FABFBF72BFE0646504626B9DDF83C9087
S3150801D360B9F1200F10D0ECF7F3FB7AE510AB039374
S3150801D37020234846CDE9017300936A4BFBF7DAFA95
S3150801D380CFE76FF0890573E7ECF7E2FB064620B1B4
S3150801D39049460598E9F73CFF63E5634E33780BB1D7
S3150801D3A0012455E620A8F6F7D1F82395012511A8F9
S3150801D3B01195F6F7D3F8119B059922934FF48443F7
S3150801D3C025935A4B1022CDE9203520A811ABECF74D
S3150801D3D0CFFC814610210598E9F71AFFB9F1000F2C
S3150801D3E001D1357034E64846F6F706F9041E18BF2A
S3150801D3F001242DE6192436E6192437E64A4B4C4C06
S3150801D4001B7893B108F10400FBF718FE6062062247
S3150801D410B8F8023002FB03556FEA43436FEA5343F8
S3150801D420B5F84A206384228492E41122402104F14A
S3150801D430280084F8242084F8253084F8263084F8D6
S3150801D4402730E9F7E5FEE2E74FF0AA334FF0AA32B3
S3150801D450CDE912230423364880F82030002380F8CA
S3150801D4602130052380F822306FF07F0380F82330BE
S3150801D470082380E41B280DD12D4C94F88A30002B03
S3150801D4803FF412AE04F18B00F6F775F8002384F821
S3150801D4908A3009E6F9F7D4FA06E6EFF3118630255C
S3150801D4A085F311882348E9F78FFC044686F311882A
S3150801D4B0BFF36F8F0027DFF87C8094F84C30261F66
S3150801D4C0022B12D13046F5F761FC70B1D4F8A09061
S3150801D4D004F12C000AF054FD4846314684F84C7094
S3150801D4E0E9F77AFC3046E9F7C7F9EFF3118685F3D0
S3150801D4F011884046E9F768FC044686F31188BFF3AC
S3150801D5006F8F0028D9D1DFE543680474C06898474E
S3150801D5107B1E13F0FF077FF4DDADE9E5A3EB0803F6
S3150801D520DBB2F0E51D3A00206015002001108000ED
S3150801D530B5390020F43B002020466368A56098476A
S3150801D540BE4D33682A780693022AD3B200F08D803D
S3150801D550032B67D00BB901232B70B94B1C68002C20
S3150801D56000F0C3812046F0F79DFA04F58D5001239A
S3150801D57014AA16A90830FAF72FF904F5805A0028D3
S3150801D58040F0A6819AF8A63113B901238AF8A63183
S3150801D590169B002205930123BDF8509084F86F3934
S3150801D5A0059B0421934208BF914604F1900884F82B
S3150801D5B0E0104046C4F89030A4F89490A4F8962058
S3150801D5C0A4F8989084F89A20A4F89C9084F8A82046
S3150801D5D010A98DF84020F1F7BDFDC8B99DF9402085
S3150801D5E09DF84050002A13DAD4F884290132C4F888
S3150801D5F08429C5F3011284F8712904EB820257685C
S3150801D6002760002F52D1062229462046F2F79CFCB4
S3150801D6100023059884F86F39F5F702FF002800F012
S3150801D6205781FEE7F3F751F8864BD3E90023904279
S3150801D630994192D3844C206800B9FEE71E22834B98
S3150801D6400026C31ADB10B3FBF2F330228049DBB2A2
S3150801D65002FB03110B7F0E766FF382030B77F3F749
S3150801D66055F8012326602B7077E7F3F72EF8754BEB
S3150801D670D3E9002390429941FFF46FAF724E3068A7
S3150801D68000B9FEE71E23714C3027041BE410B4FBD6
S3150801D690F3F46F49E4B20B23002207FB0411F3F7F5
S3150801D6A0E9F901232B700023336056E7404618A990
S3150801D6B0F2F7CDF8002840F0A880189E012E07D071
S3150801D6C040F2B580B21E032A40F2A9800522AFE0D6
S3150801D6D002228DF84420B4F896204A4505D04046E2
S3150801D6E011A9F1F737FD00B1FEE79DF84430022B89
S3150801D6F040F086804FF000081E260DF18009484645
S3150801D700F0F766F9534BFA6983F800804F4BDFF857
S3150801D7104CC1D01AC010B0FBF6F0C0B24022414647
S3150801D7200CEB801008F053FCFA69484B4A48D31AA7
S3150801D730DB10B3FBF6F3DBB24022414600EB831064
S3150801D74008F045FC012009F077FE40B1FEF75EFAC4
S3150801D75000B1FEE7012009F06FFE00B9FEE7B84601
S3150801D760002658F81C0F4FF6FF71EFF707FD4046E4
S3150801D7701AA9CDE91A66F0F7F3FF4FF6FE71F869B3
S3150801D780EFF73CFD4846F0F723F9CDF800904A46F5
S3150801D7904B463146F869FDF74FFD3146F869EFF713
S3150801D7A0E9FF3046FDF739FD4FF6FF790B2307F1FF
S3150801D7B0540087F84430C7E91366BE64A7F8469053
S3150801D7C0F0F7A4FF94F87139234483F86A6983F85A
S3150801D7D0726983F8769983F87A69206EC4F8806944
S3150801D7E0C4F88469C4F88869C4F88C69F0F7FAFF43
S3150801D7F0702280212046F2F7A7FB00283DD0FEE7DC
S3150801D800032B0AD1F4F702F91B20F2F713F929467B
S3150801D81002462046F2F715FB2FE0F6F76BFC20903F
S3150801D82020A94046F2F713F8D0B1F2F703F90246F8
S3150801D83029462046F2F705FB1DE000BFE810002047
S3150801D840480E0020F010002030120020180B00208E
S3150801D850F810002069110020C40D0020440D002095
S3150801D860032E209A2FD0331F012B25D8334629465C
S3150801D8702046F2F7E9FA0028C7D194F8ED2894F87A
S3150801D880EE389A4202D02046F2F728FC94F871390C
S3150801D89005F00F05234493F8E92832B195421EBFD6
S3150801D8A0D4F888290132C4F888290F2D0CBF01251F
S3150801D8B0013583F8E958ABE6134629460022204686
S3150801D8C0F2F752FAD7E729462046F3F7FBF8D2E7EB
S3150801D8D09AF8A6314BB104F11400F1F764F820B9AE
S3150801D8E004F58D501430F0F7CFF8002108460AF0F8
S3150801D8F079FD4FF00009994E994FEFF3108072B6F2
S3150801D90075880AF07CFD002D3FD14FF4F85009F0D7
S3150801D91093FD58B34FF4807009F08EFD914E04467D
S3150801D920002800F08580336829461B684FF480700B
S3150801D9301B788D4C13F0200F08BF002409F064FDF5
S3150801D9402B4600223168C1E90422EFF31181302008
S3150801D95080F31188854880F8D32081F31188BFF3B5
S3150801D9606F8F31682246886AF3F784F8804B069AE6
S3150801D970A2EB03081E234FEAE808B8FBF3F85FFA9F
S3150801D98088F8B8F1010F75D9FEE787F80090EFF32B
S3150801D990108072B6718811B90AF031FDFEE7338835
S3150801D9A006EB8302D468B2880133B3FBF2F502FBB6
S3150801D9B0153333804B1E73800AF021FD002CEDD000
S3150801D9C06C4D237BEA7DC3F3800363F34102EA7559
S3150801D9D0237B002003F0FB032373EA7DDB0963F352
S3150801D9E00002EA75237B03F07F0323736378AB7127
S3150801D9F0234613F80C2BAA802B6094F903305E4A50
S3150801DA006B751370A3785D4AAB7513706368AB6267
S3150801DA10A1680AF087F8A86A18B95548F0F73EFBD5
S3150801DA205748F0F73BFB21465648FDF701FF64E7E7
S3150801DA304FF4007009F000FD054630B121464FF458
S3150801DA40007009F0E1FC0F237BE74FF4806009F0D1
S3150801DA50F3FC044638B129464FF4806009F0D4FC3A
S3150801DA602C460E236DE701464FF4805009F0CCFC95
S3150801DA700B2366E7444B53F8280020B10368022BB1
S3150801DA8001D1EFF7FFFBEFF3108072B63F4D6C88BB
S3150801DA900AF0B5FC3CB3EFF77AFA20BBEFF3108036
S3150801DAA072B66A8812B90AF0AAFCFEE72B88013A0F
S3150801DAB005EB8301CC68A9880133B3FBF1F601FBB9
S3150801DAC016336A802B800AF09AFC002CEDD0237954
S3150801DAD013B1012B24D0FEE7A1682068F2F716FEE0
S3150801DAE02046E8F7C9FE2A49A1F14800EFF720FACE
S3150801DAF0E0B12749A1F14800EFF71AFA0446F0B94F
S3150801DB002449A1F14800EFF713FA044600283EF428
S3150801DB10F2AD20462049EFF721FA20461D49F2E7E2
S3150801DB206289217A2068EFF730FDD9E71949A1F111
S3150801DB304800EFF7FDF90028DBD1FEF7DCBD174BEE
S3150801DB40174A1978174B204600290CBF1146194662
S3150801DB50EFF704FA20460E49CEE700BF4C13002022
S3150801DB6058110020140F0020800F0020B53900201D
S3150801DB70180B0020500F00206B1100206A1100209D
S3150801DB80080C002098130020180F0020540E0020BE
S3150801DB90140B0020400D002019C10008440E002076
S3150801DBA0FDC0000845C1000800F00CB800F00AB82D
S3150801DBB000F008B800F006B800F004B800F002B8A2
S3150801DBC000F000B872B61EF0080F09D01EF0040F57
S3150801DBD00DD0DFF850E0AEE8FF1F6FF002000CE051
S3150801DBE0DFF840E0AEE8FF1F6FF00E0005E0DFF852
S3150801DBF034E0AEE8FF1F6FF006006946EFF30982CD
S3150801DC008EE8070086460848084C854501D3A54590
S3150801DC1001D384F30888EFF7D5FD84F30888EFF775
S3150801DC20C3FD0000C03A002048000020C80A0020B1
S3150801DC3008B5064B044613B10021AFF30080044B27
S3150801DC401B6803B198472046E9F7D5F8000000009C
S3150801DC503436002070B50D4D00260D4C641BA410FA
S3150801DC60A64209D10B4D00260B4C0AF019FC641B80
S3150801DC70A410A64205D170BD55F8043B0136984754
S3150801DC80EEE755F8043B01369847F2E70C3E0020CB
S3150801DC90103E0020103E0020143E00201FB51446F9
S3150801DCA01A46094B05461B68D86854B9074B1C46E2
S3150801DCB000910749CDE901342B4600F0B1F808F087
S3150801DCC023FB044BF4E700BF4C3D0020768602088F
S3150801DCD08DBE020880BE0208002310B50446836083
S3150801DCE0818119464366C28108228361C0E90033EE
S3150801DCF0C0E904335C3008F06AF90D4B24626362AB
S3150801DD000C4BA3620C4BE3620C4B23630C4B9C42FA
S3150801DD1006D003F16802944202D0D0339C4205D161
S3150801DD2004F15800BDE8104008F059B910BD00BF0C
S3150801DD300D5F02082F5F0208675F02088B5F020802
S3150801DD40FC340020024A0349034808F022B900BFFF
S3150801DD509C3D00209D620208503D002041680C4B05
S3150801DD60994210B5044601D008F098FAA168094B02
S3150801DD70994202D0204608F091FAE168064B994289
S3150801DD8004D02046BDE8104008F088BA10BD00BF8F
S3150801DD90FC34002064350020CC35002010B50B4B2F
S3150801DDA004210B4C0B4A20461A600022FFF794FF08
S3150801DDB004F1680001220921FFF78EFF04F1D00062
S3150801DDC002221221BDE81040FFF786BF3436002033
S3150801DDD0FC34002045DD0108014808F001B900BFFF
S3150801DDE0893A0020014808F0FCB800BF893A0020AA
S3150801DDF010B50446FFF7F0FF236A1BB1BDE81040D2
S3150801DE00FFF7F0BF044B2362044B1B68002BF5D1C7
S3150801DE10FFF7C4FFF2E700BF5DDD010834360020D5
S3150801DE200EB403B503AB0146054853F8042B006845
S3150801DE30019300F019F802B05DF804EB03B07047DE
S3150801DE404C3D002038B50446064D084611460022C9
S3150801DE502A601A46E8F7DDFF431C02D12B6803B195
S3150801DE60236038BD383600202DE9F04F0D469DB0A8
S3150801DE7014469846064618B1036A0BB9FFF7B8FF68
S3150801DE806B6ED90705D4AB899A0502D4A86D08F03B
S3150801DE90A7F8AB891B0701D52B699BB929463046DB
S3150801DEA000F0FAF870B16B6EDC0704D54FF0FF305D
S3150801DEB01DB0BDE8F08FAB899805F7D4A86D08F0B9
S3150801DEC090F8F3E70023CDF80C804FF00109DFF84D
S3150801DED0B481099320238DF8293030238DF82A300F
S3150801DEE023469A4613F8012B0AB1252AF9D1BAEB2A
S3150801DEF0040B0BD05B4622462946304608F089F8C2
S3150801DF00013000F0A780099A5A4409929AF800301C
S3150801DF10002B00F09F8000234FF0FF320AF1010A1F
S3150801DF20049307938DF853301A93CDE90523544684
S3150801DF300522544814F8011B08F0D8F9049AD8B9EF
S3150801DF40D10644BF20238DF85330130744BF2B2332
S3150801DF508DF853309AF800302A2B15D0079A544673
S3150801DF6000204FF00A0C214611F8013B303B092BE2
S3150801DF704BD9B0B1079214E0A0EB0803A24609FAFF
S3150801DF8003F313430493D2E7039B191D1B68002B64
S3150801DF900391BBBF5B4242F0020207930793B8BFE6
S3150801DFA0049223782E2B0AD163782A2B32D1039B2C
S3150801DFB002341A1D1B6843EAE37303920593DFF8DB
S3150801DFC0D4A003222178504608F090F938B1A0EB85
S3150801DFD00A004022049B013482401343049314F837
S3150801DFE0011B062228488DF8281008F07FF9002819
S3150801DFF03FD0264B1BBB039B073323F0070308338C
S3150801E0000393099B3B4409936AE70CFB02320C46CE
S3150801E0100120A8E7002301344FF00A0C194605939D
S3150801E020204610F8012B303A092A03D9002BC6D00D
S3150801E0300591C4E70CFB012104460123F0E703AB74
S3150801E0402A4604A930460093114BAFF300800746D0
S3150801E050781CD6D16B6ED90705D4AB899A0502D43B
S3150801E060A86D07F0BEFFAB895B063FF51FAF0998A0
S3150801E0701EE703AB2A4604A930460093044B00F079
S3150801E08061F8E4E7BCBE0208C6BE0208000000004B
S3150801E09013600208C2BE020838B5294B05460C466C
S3150801E0A0186818B1036A0BB9FFF7A2FEB4F90C3068
S3150801E0B0190722D4DA0607D409222A6043F0400355
S3150801E0C04FF0FF30A38133E0580712D5616B41B198
S3150801E0D004F14403994202D02846E8F72AFD0023B1
S3150801E0E06363A38923F02403A3810023636023695F
S3150801E0F02360A38943F00803A38123694BB9A38944
S3150801E10003F42073B3F5007F03D02146284608F0AF
S3150801E11041F9B4F90C3013F001020AD00022A260C9
S3150801E12062695242A261226942B913F08000C5D1DF
S3150801E13038BD990758BF6269A260F4E70020F7E77E
S3150801E1404C3D00202DE9FF470F7E914680460C463F
S3150801E150782F9A460C9E01F1430207D8622F0AD8F6
S3150801E160002F00F0DD80582F00F0C38004F142062D
S3150801E17084F842703AE0A7F16303152BF6D801A19A
S3150801E18051F823F0DDE10108F1E101086DE101082B
S3150801E1906DE101086DE101086DE10108F1E1010890
S3150801E1A06DE101086DE101086DE101086DE1010804
S3150801E1B007E301087FE20108BFE201086DE10108F2
S3150801E1C06DE1010829E301086DE101087FE2010813
S3150801E1D06DE101086DE10108C7E2010833681A1DFE
S3150801E1E01B68326004F1420684F842300123A8E034
S3150801E1F031682368081D30601E0601D50D6803E0E5
S3150801E2005D06FBD5B1F90050002D616878DA2D203D
S3150801E2100029A16084F843002DDA6D425D480A237E
S3150801E2201646B5FBF3F103FB1157C75D06F8017DE9
S3150801E2302F460D46BB42F4D9082B0BD12368DF07BD
S3150801E24008D5236961689942DEBF302306F8013C87
S3150801E25006F1FF36921B22614B4603AA2146404628
S3150801E260CDF800A007F025FF01306FD14FF0FF3040
S3150801E27004B0BDE8F08723F004032360CDE72168E5
S3150801E2803368080653F8045B02D4490648BFADB2A1
S3150801E2906F2F33603F4814BF0A230823002184F8EF
S3150801E2A043106668002EA660BADB216821F00401D6
S3150801E2B02160002DB4D1002EB2D11646BCE72368E1
S3150801E2C043F02003236078273348236884F8457090
S3150801E2D01F06316851F8045B02D45F0648BFADB228
S3150801E2E03160D90744BF43F0200323601DB11023D1
S3150801E2F0D4E72848E9E7236823F020032360F6E7F3
S3150801E30024480A23CDE733682568181D61693060FA
S3150801E3102E061B6801D5196002E06806FBD519802F
S3150801E32000231646236197E7336800211A1D3260D8
S3150801E3301E686268304607F0D9FF08B1801B606025
S3150801E34063682361002384F8433085E723693246ED
S3150801E35049464046D047013088D023689B0714D4E4
S3150801E360E068039B9842B8BF184681E70123324605
S3150801E37049464046D04701303FF478AF0135E36856
S3150801E38003995B1AAB42F1DCEAE7002504F11906A9
S3150801E390F5E700BFCDBE0208DEBE020838B5002388
S3150801E3A0054D044608462B60E8F722FD431C02D1B9
S3150801E3B02B6803B1236038BD3836002038B50446CA
S3150801E3C0064D0846114600222A601A46E8F71DFD41
S3150801E3D0431C02D12B6803B1236038BD38360020AF
S3150801E3E038B50446064D0846114600222A601A46E3
S3150801E3F0E8F70DFD431C02D12B6803B1236038BD34
S3150801E40038360020024B0146186808F00CB800BFE0
S3150801E4104C3D002038B50023064D044608461146F2
S3150801E4202B60E8F7E9FC431C02D12B6803B1236092
S3150801E43038BD00BF3836002038B50023054D0446DF
S3150801E44008462B60E8F7DCFC431C02D12B6803B1B4
S3150801E450236038BD3836002038B50023064D0446FA
S3150801E460084611462B60E8F7CDFC431C02D12B6800
S3150801E47003B1236038BD00BF3836002007B50093C5
S3150801E48013460A4601460348006808F008F803B02F
S3150801E4905DF804FB4C3D0020024B01461868E8F77D
S3150801E4A03DBB00BF4C3D0020024B01461868E8F70A
S3150801E4B040BB00BF4C3D00200CB4184B30B50C1EB8
S3150801E4C09DB01D6808DA8B234FF0FF302B601DB015
S3150801E4D0BDE8304002B070474FF4027302900690CF
S3150801E4E002A9ADF8143014BF04F1FF332346209A6C
S3150801E4F02846049307934FF6FF73ADF8163021AB00
S3150801E500019300F015F8431CBCBF8B232B60002C2C
S3150801E510DDD0029B00221A70D9E700BF4C3D0020CE
S3150801E520024B0A4601461868E8F705BB4C3D002030
S3150801E5302DE9F04F98468B899DB007461B060D4677
S3150801E540144610D50B6973B94021E8F7E7FA286034
S3150801E550286130B90C233B604FF0FF301DB0BDE890
S3150801E560F08F40236B610023CDF80C804FF0010931
S3150801E570DFF8A081099320238DF8293030238DF8FF
S3150801E5802A3023469A4613F8012B0AB1252AF9D1CE
S3150801E590BAEB040B0BD05B4622462946384607F0F0
S3150801E5A0B1FF013000F0A780099A5A4409929AF8F6
S3150801E5B00030002B00F09F8000234FF0FF320AF154
S3150801E5C0010A049307938DF853301A93CDE905236D
S3150801E5D0544605224F4814F8011B07F087FE049A92
S3150801E5E0D8B9D00644BF20238DF85330110744BF4C
S3150801E5F02B238DF853309AF800302A2B15D0079A19
S3150801E600544600204FF00A0C214611F8013B303BD5
S3150801E610092B4BD9B0B1079214E0A0EB0803A24627
S3150801E62009FA03F313430493D2E7039B191D1B68E5
S3150801E630002B0391BBBF5B4242F00202079307938B
S3150801E640B8BF049223782E2B0AD163782A2B32D1AC
S3150801E650039B02341A1D1B6843EAE373039205936D
S3150801E660DFF8C0A003222178504607F03FFE38B1F3
S3150801E670A0EB0A004022049B013482401343049311
S3150801E68014F8011B062224488DF8281007F02EFEDF
S3150801E690002836D0214B1BBB039B073323F0070306
S3150801E6A008330393099B334409936AE70CFB023247
S3150801E6B00C460120A8E7002301344FF00A0C19463D
S3150801E6C00593204610F8012B303A092A03D9002B65
S3150801E6D0C6D00591C4E70CFB012104460123F0E7E6
S3150801E6E003AB2A4604A9384600930D4BAFF30080C5
S3150801E6F0421C0646D6D1AB895B063FF52DAF099874
S3150801E7002CE703AB2A4604A938460093044BFFF7C6
S3150801E71019FDEDE7BCBE0208C6BE020800000000EE
S3150801E72005650208C2BE0208014807F09CBF00BF82
S3150801E730690345EC1046044A1368591E033102D889
S3150801E7400021116018477047A83D0020034B18683F
S3150801E750034B002808BF1846704700BF3C36002007
S3150801E76018BF0208014808F06AB900BF44360020FC
S3150801E77013B50B4C0229226005D10A4808F05FF946
S3150801E780002002B010BD0A4600930146064B054813
S3150801E79008F036F9003818BF01204000F1E700BF3C
S3150801E7A0A83D00204436002035E70108014808F055
S3150801E7B057B900BF443600200021014808F072B954
S3150801E7C04436002008B5064B1B68013305D0FFF710
S3150801E7D0EDFF80F00100C0B208BD0020FCE700BFD4
S3150801E7E0A83D00202DE9F843DFF860900646D9F8E0
S3150801E7F0008008461746B8F1000F03D00E242046BC
S3150801E800BDE8F88306B3336801331DD1E1B100F0E1
S3150801E81075F805460028F1D0C9F8000000F0DAF8C5
S3150801E820284607F02AFF044640B14046C9F8008049
S3150801E83000F0D0F8284607F018FFE0E73560002F0A
S3150801E840DDD02846B847DAE72124D8E74036002044
S3150801E850024B1868003818BF01207047403600205F
S3150801E86038B50C4601F0F0FDA3780B4A13705A1E11
S3150801E87055425541A8420CD0012B04D02846BDE883
S3150801E880384001F0C3BD204601F0B0FD0028F5D09F
S3150801E89038BD0020FCE700BF8A3A0020002108B5F0
S3150801E8A0024B08465B689847002008BDC43D002016
S3150801E8B010B5FFF74BFF0D4B0C461A1A534253413D
S3150801E8C08B4201D1002010BD094B1B683BB9094A8F
S3150801E8D0064B002C08BF1346074A1360F2E708F0F7
S3150801E8E0E7F90028F3D00220EDE700BFF0BE0208E1
S3150801E8F04036002018BF02083C360020F8B5044609
S3150801E90009F082FD002607460E4B1B6893B19E68E7
S3150801E910AEB196F82420D20711D435460FCC0FC5CF
S3150801E9200FCC0FC523682B6096F8243043F00103FA
S3150801E93086F82430384609F062FD3046F8BD1B6872
S3150801E940E4E700BFB83D0020431E033306D8044B55
S3150801E950984228BF1846642838BF6420704700BF0C
S3150801E96040420F0038B5184B05461B680C4603B1E3
S3150801E970984744B1236833B11B68013303D0E36870
S3150801E9800BB1A36843B908F032FC0020912241215A
S3150801E99000F0C4FA212038BD204603F07FF8002391
S3150801E9A00A4A85F84831C5E93A43136053606369F1
S3150801E9B043B1074A42211068B322C31A5842584143
S3150801E9C000F0ACFA0020E6E798380020AC3D0020BC
S3150801E9D0C838002010B5044618B9054B054A136016
S3150801E9E010BD00F0A7FDD4F8F430002BF6D1F4E7FA
S3150801E9F04D670208BC3D0020084B10B4002A14BF1D
S3150801EA0014461C46064B1C6019B15DF8044B07F009
S3150801EA10AABE08465DF8044B704700BF4D67020859
S3150801EA20BC3D002008B502460868FFF78DFF08605F
S3150801EA304868FFF789FF48608868FFF785FF88609F
S3150801EA40C868FFF781FF0B69C860581C03D00B48DB
S3150801EA50834228BF03460B614B69581C03D00748FC
S3150801EA60834228BF034688694B61FFF76DFFBDE8FE
S3150801EA7008408861104601F049BC00BF40420F00BA
S3150801EA80D0F8EC302DE9F04105460C4613B1038E5A
S3150801EA908B424CD0D5F8E830002B4BD09E68002E1F
S3150801EAA048D0D868002845D0013800B200281ADBBA
S3150801EAB0002106E0128A591CA24217D209B28842DD
S3150801EAC011DB0B1803EBD3735B1003EBC30206EBE5
S3150801EAD08202B2F80EC003F1FF3EA445EAD90FFA45
S3150801EAE08EF08842EDDA2120BDE8F0814FF6FF72FB
S3150801EAF099B29142F7D09BB203EBC30306EB8306A7
S3150801EB002846B6F9122095F83C11D5F8FC80E8F7A5
S3150801EB10DDF90746B8F1000F04D00023324628462E
S3150801EB201946C0472C86C5F8EC6085F84571002062
S3150801EB30BDE8F0810E20BDE8F08100BF2DE9F04760
S3150801EB4082B004460F46164601F084FC00287CD1A3
S3150801EB50584D2B68D4F8E890D4F8EC8013B14B459E
S3150801EB6000F087804FF0000AAF6002F04DF90128E6
S3150801EB70074604D001210022084607F0B9FD2046C0
S3150801EB8008F040FA002851D12B68D9F80010D8F8B6
S3150801EB90002013B11868884278D0204608F003FA95
S3150801EBA0454BC5F800901A78C5F804808DF80760BA
S3150801EBB06ABBD4F8FC50002D6FD0114620460DF1E2
S3150801EBC00703A847204601F00BFF0546BAF1000FD7
S3150801EBD000D08EB1B5FA85F04FF480623321400931
S3150801EBE000F09CF93146204602F022F8334B0546DF
S3150801EBF0414620461B689847D4F898304BBB012FED
S3150801EC0001D06DBB0025284602B0BDE8F087D4F8CF
S3150801EC10EC30B4F9481023B1B3F912309942A8BFC0
S3150801EC2019463246204601F02FFECBE794F82530E7
S3150801EC309A07A9D5D4F8A0305B05A5D5204B0122A2
S3150801EC40002120461B6898479EE70023194D6B60F3
S3150801EC507FE700224FF40073204600F07BFCCEE7E5
S3150801EC60184B00215B6803209847284602B0BDE887
S3150801EC70F0876B68002B3FF475AF43457FF472AF9D
S3150801EC80AB689F42BED04FF0010A6DE7696811B1C2
S3150801EC900968914284D059687FE794F82A1094F854
S3150801ECA045313246994228BF1946204601F0BAFD38
S3150801ECB088E700BFAC3D0020B4B30208BC3D002084
S3150801ECC09C380020C43D0020F8B50F46054609F0DA
S3150801ECD09BFB394606462846FFF7D2FE044620B175
S3150801ECE0304609F08CFB2046F8BD02F06DF8224645
S3150801ECF039462846FFF722FF04460028F0D1284660
S3150801ED0008F080F90028EBD095F8253013F00203B6
S3150801ED100DD0D5F8A0305B050DD5B5F83631BB4217
S3150801ED200BD0B5F83831DB1BB3FA83F35B09044A18
S3150801ED3082F8F430D4E72346F9E70123F7E700BF61
S3150801ED40003E00B070B504460E4609F05DFB31463B
S3150801ED5005462046FFF7B8FF044620B9044B01468D
S3150801ED605B6803209847284609F049FB204670BD91
S3150801ED70C43D002070B5044600200D4608F03BFA54
S3150801ED80094B1B784BB9D4F8FC6036B129462046A5
S3150801ED90B446BDE870401A46604729462046BDE894
S3150801EDA0704008F0EFB800BFB4B3020813B569465E
S3150801EDB0044607F080FD0C4B1B783BB19DF80030EB
S3150801EDC00C2B03D0B4F94E0002B010BD204607F053
S3150801EDD0B0FFFF28024605D020469DF80010E8F747
S3150801EDE077F8F1E70148EFE7B4B302080080FFFFBF
S3150801EDF030B4064DBDF908402D781DB1029430BCDA
S3150801EE0008F0C3B80E2030BC704700BF933A002003
S3150801EE10F0B507460E46154685B00AB9D0F898509A
S3150801EE202946384607F057FDEB0702D5384605F05F
S3150801EE30F1F802F0ABFAEC46254B04460FCB05F484
S3150801EE4080358CE80F00002E2ED0FF2C0DD13368AB
S3150801EE5000937368019385B1009B01332ED1224635
S3150801EE606146384607F0E7FB0CE056F8242004AB68
S3150801EE7003EB840343F8102CD5B92246614638467C
S3150801EE8008F050F970B96EB1FF2C0FBF009B04ABA7
S3150801EE9003EB840353F8103C05BF3360019B46F826
S3150801EEA02430736005B0F0BD002DE6D0FF2CD3D019
S3150801EEB004AB03EB840353F8103C00E0019B0133D8
S3150801EEC0CDD022466146384602F0FAF9DAE700BFA4
S3150801EED04CBF020808B50B460249194007F0EDFC7C
S3150801EEE0002008BD07001100024B1860024B19608B
S3150801EEF0FEE700BF5C380020C03D002038B5044D50
S3150801EF00044C054B286021601A60FFF7EDFF38BDF8
S3150801EF105C380020C03D00206038002010B550B98B
S3150801EF200548064B0160064802601868054B1860DB
S3150801EF301868FFF7E3FF10BDC03D002040360020EA
S3150801EF40603800205C380020054B1B680BB9184651
S3150801EF507047834201D01B69F8E70120704700BF5B
S3150801EF6068380020094A13680BB918467047834266
S3150801EF7007D11B6901201360054A1368013B136019
S3150801EF80704703F110021B69EEE700BF68380020DD
S3150801EF90643800202DE9F74F064609F02AFADFF80A
S3150801EFA02881012398F800B0DFF820910190BBF180
S3150801EFB0000F06D089F8003003B0BDE8F04F09F01C
S3150801EFC013BA3F4F88F8003089F800B007F09EFD64
S3150801EFD008B107F099FD3D683A495DB9DFF8F0A037
S3150801EFE0DAF800200024AA423B682ED84FF0FF31F8
S3150801EFF034483AE06B7D8BB12B68B34202D09A1B39
S3150801F0008A420BD96A6813442B60AB68003A18BF69
S3150801F0100122003B18BF01236A75AB752D69DCE730
S3150801F020907D20B1107D88429CBF01461446126925
S3150801F030002AF5D1002CD9D094E80B00A275411A03
S3150801F040E268204698470135CAE71A46FF21EFE7E5
S3150801F0505A7D4AB11A68B24224D0921B824221D8FB
S3150801F060914201D311461C461B69002BF0D15CB1B4
S3150801F0702046FFF777FF38B13B683C602361DAF831
S3150801F08000300133CAF800303B685A7D6AB907F087
S3150801F09039FD064699F80030002B95D1019888F874
S3150801F0A0003089E71C460021DEE7186800F0D2F82F
S3150801F0B0044607F027FD0646002C85D1EAE700BF7E
S3150801F0C068380020FCFFFFBF8C3A00208B3A0020ED
S3150801F0D06438002038B5054608B31822002106F021
S3150801F0E076FF09F086F902462846FFF72DFF20B17B
S3150801F0F0104609F079F9022038BD0A4B1C6854B943
S3150801F10009491D600B68104601332C610B6009F033
S3150801F1106BF92046F0E704F110032469EFE7212093
S3150801F120EAE700BF683800206438002038B504468D
S3150801F130FFF70AFF09F05DF905462046FFF704FFC8
S3150801F140637D23B9284609F04FF90E2038BD0023FF
S3150801F1506375064B1B68A34203D107F0D3FCFFF77F
S3150801F16019FF284609F040F90020EFE76838002022
S3150801F1702DE9F84FDDF82890984604460D46924643
S3150801F180FFF7E2FEDDF830B009F033F9074607F07C
S3150801F190B9FC06462046FFF7D7FE637D23B1204614
S3150801F1A0FFF7C4FF0023A375BAF1010F21D175B981
S3150801F1B0B8F1000F1FD1B9F1000F03D05A463146F5
S3150801F1C02046C847384609F00FF9002017E03544AC
S3150801F1D00C4BAA1B9A420ED8012363759DF82C3055
S3150801F1E0304684E820032375C4F80CB0FFF7D2FE35
S3150801F1F0E8E7AE42ECD1384609F0F6F82120BDE839
S3150801F200F88F00BFFCFFFFBF2DE9F041074688468E
S3150801F210FFF79AFE09F0EDF83D68064607F072FC1D
S3150801F2207B7D7BB185420DD0094B2C1A9C4209D8AE
S3150801F230304609F0D9F8B8F1010F08BF2546284626
S3150801F240BDE8F081304609F0CFF80025F7E700BFA1
S3150801F250FCFFFFBF0023024A194600F075BA00BF3A
S3150801F260CF6A02082DE9F0418AB001AB0C46054682
S3150801F27024221846134907F0C9F80027002C08BFAD
S3150801F2800446384604F10C0690B95FFA87F84246F7
S3150801F2902846218807F0B9FE50B942462846E18832
S3150801F2A007F0C4FE20B942463146284607F0D1FE8A
S3150801F2B00137032F06F1080604F10204E4D10AB066
S3150801F2C0BDE8F08180BF0208F0B589B005460E4653
S3150801F2D001F054FE044600BB01AC06F10C070FCF42
S3150801F2E00FC497E8070084E8070001A92846FFF735
S3150801F2F099FB2846311D07F000FB044648B9284604
S3150801F300074900F0B9FF044618B9284601F000FE7E
S3150801F310044628463168FFF7A5FF204609B0F0BD27
S3150801F32078BF0208024BD868C0F30360704700BF74
S3150801F330000002B810B5054C237823B104F0B0F9E2
S3150801F3400020207010BD0E20FCE700BF8F3A002078
S3150801F35008B504F073F90122014B00201A7008BDA3
S3150801F3608F3A00202DE9FF478F7880460F2F0D46EB
S3150801F37003D9212004B0BDE8F08727B901224A4BF9
S3150801F3801A700020F6E70E784C7826BB002CF0D1CF
S3150801F390E88803F01DFAC30943EA4163C01A61EB21
S3150801F3A0D11103F047FAFF288146E2D056EA040351
S3150801F3B0A888DFF80CA113D003F0AEFA4FF60403C0
S3150801F3C0BAF8002001469A4268D1B442234638BFAA
S3150801F3D03346002431E0082ECBD8082CC9D8D7E704
S3150801F3E003F09AFA4FF60403BAF8002001469A4246
S3150801F3F008D12E4B1B6E9BB2934208BF4FF60503ED
S3150801F400AAF80030B1F5803F284B0FD902221A66B7
S3150801F4108022C3F88020082301241E4649084FF696
S3150801F420FF720139914228BF114608E00124802262
S3150801F4301C66C3F8802008231E460029EFD1002246
S3150801F44002920122013FFFB200920197324608F566
S3150801F450827003F0F3F81CB14FF48012144B5A650D
S3150801F46095F90310484603F001FA0221114BAA68DF
S3150801F4701A600D4B197098F82E30013B8B4280D8D3
S3150801F480032301200C4AC2F850320C4BC3F8500230
S3150801F490C2F864120422C3F8642272E703480266BA
S3150801F4A0AAF8003091E700BF8D3A002000C001B8E4
S3150801F4B000D001B878380020006001B8005001B8C2
S3150801F4C0FC3D0020F8B504460F46164608F09CFF99
S3150801F4D00546A047044620B1284608F090FF204675
S3150801F4E0F8BD06F0A1F904220549D1F8083F23EA37
S3150801F4F007033343C1F8083F024B5A64ECE700BFE0
S3150801F500003000B0002002B800F01803182B0BD009
S3150801F51003070BD440F2011310F0100018BF184668
S3150801F520034BC3F8940070470020F9E70120F7E779
S3150801F530003F00B038B10368044A002B08BF1346E0
S3150801F540034A13607047014BFAE700BFEB6B0208E9
S3150801F550D83D002010B4D0E9584122400B4052EA68
S3150801F560030104D003495DF8044B096808475DF8AF
S3150801F570044B7047D83D00200F2938B505460C467F
S3150801F58010D801F041FC01280ED1084A2846D2F8C4
S3150801F590803023F00F032343C2F8803007F0B7FD0C
S3150801F5A0002038BD2120FCE70220FAE7003F00B021
S3150801F5B008B50E4B5A6C12F0A00F01D0002008BDF9
S3150801F5C09B6C5B070FD40A4BD3F8083F23F07F43A4
S3150801F5D023F0FF033BB1FFF7A5FE0928EED00C384F
S3150801F5E018BF0120EBE70120E9E700BF000002B8D8
S3150801F5F0003000B0074A084B30B10221C2F8641244
S3150801F6000422C3F8642270470421C2F86412022254
S3150801F610F7E700BF006001B8005001B870B50D46A4
S3150801F620064620B91A4B1B68CBB10E2016E001F02D
S3150801F630EBFB01282AD1174BD6F8F00093F90040C5
S3150801F64007F06BFCC4F11C04241A641BC4F12B03D8
S3150801F650002BB8BF5B42232B0CDD212070BD01F1C5
S3150801F6600F03002BB8BF5B42232BF6DC094B19703D
S3150801F6700020F3E786F8285008F0C6FE054660B272
S3150801F68001F002F8284608F0BAFEF1E70220E5E79C
S3150801F690403600208E3A002010B501F053FB04F0E5
S3150801F6A08FFC08F0B1FE0A4A0121D2F8D83E044679
S3150801F6B023F02003C2F8D83E0222064B08469A6078
S3150801F6C0054B5B689847204608F099FE002010BD57
S3150801F6D0003000B0001002B8C43D002008B507F09C
S3150801F6E085FA8022024BC3F89000024B1A6108BDC5
S3150801F6F0003F00B0000002B8014B1868704700BF10
S3150801F7008438002037B508F07FFE01230022002443
S3150801F71000930023054619461046019405F084FE18
S3150801F720052002F07DFE064B21461C60054B022092
S3150801F7305B689847284608F062FE204603B030BD4C
S3150801F7408C380020C43D00202DE9FF4102290D46D1
S3150801F75016469846039004D1FFF7D4FF04B0BDE8D6
S3150801F760F08108F051FE1E4F04463B683BB1B34297
S3150801F77005D008F044FE002321203B60EEE7194B33
S3150801F7800022C3F800803E60002301264FF00008DE
S3150801F790104619460196009605F046FE124B0520BD
S3150801F7A083F8008002F03CFE43462A46052003A959
S3150801F7B002F054FE0D4B039A1A6008B92046D8E7A1
S3150801F7C00B4D2B689847212804D0204608F017FED0
S3150801F7D00020C3E731466B6802209847F5E700BF6A
S3150801F7E08C38002088380020913A0020843800207F
S3150801F7F0C43D0020044B5B6E9B044EBF0120034BA6
S3150801F800187800F00100704700C001B8913A00204D
S3150801F81090F82730023B022B05D84B7C2BB1012BE4
S3150801F82005D0022B05D007F05CBA03487047034898
S3150801F83070470348704700BF20A1070048E8010048
S3150801F84040420F000A78022A11D0101F4242424153
S3150801F85052004B781201022B0BD0191F4B424B4118
S3150801F8605B000549054842EA8312FFF72BBE0122D0
S3150801F870EFE70123F5E700BFF0FFFF00510E02088D
S3150801F8800B78022B10D0181F434243415B004A787C
S3150801F890022A0BD0111F4A424A4152000F2104483D
S3150801F8A043EA8202FFF70EBE0123F0E70122F5E7DC
S3150801F8B07D0E0208D0F8B03010B5994204460ED034
S3150801F8C0C0F8B01002F004FA0649A4F84001012371
S3150801F8D0054AD1F8FC1004F5827004F0FDFC0020FD
S3150801F8E010BD00BF004F00B0A43F00B02DE9F7439B
S3150801F8F004460F4615461E46FFF75AFE38B3A38A35
S3150801F9002BB3204607F05FF878B9754BD3F8082F63
S3150801F9101EB10E2003B0BDE8F08302F03003102BB0
S3150801F920F7D002F0C002402AF3D0DFF8DC8104F0F8
S3150801F93047FBD8F81430D907EBD508F065FD06461C
S3150801F940032002F071FE20B1304608F058FD02206E
S3150801F950E0E7D8F8142012F00608F5D1304608F089
S3150801F9604EFD5F4B4FF400612046D3F8089FD3F84C
S3150801F970E06E06F0BFF840B14FF400720121594B11
S3150801F98008465A64424606F0B3FE94F825309A07AB
S3150801F99007D5D4F8A0305B0542BF4FF40022524B7D
S3150801F9A05A6439462046FFF78FF94D4BC3F8089F2D
S3150801F9B0C3F8E06E0028ADD194F82430980601D436
S3150801F9C0002D4ED0C5F3400004F004FF022315F4C0
S3150801F9D0807F1FBF444A002153644FF03A420BBF50
S3150801F9E0404A91615364536305F01EFF4FF48063E7
S3150801F9F015F0040F14BF3D4A3D4A3A4E13650423D8
S3150801FA0028467364FFF780FD204607F0BBF938B135
S3150801FA104FF4807315F0010F16BF334A73645364AC
S3150801FA20A90647D54FF6FF72B4F8423093420FD074
S3150801FA30304A3149526F100CC2F301120132B3FB3D
S3150801FA40F2F30880294A2A492C481B044867536758
S3150801FA50003D18BF012594F8243065F3451384F851
S3150801FA602430204607F0CEFAF0B1204607F08AF98D
S3150801FA70D0B14FF40031204606F03CF8431C03226E
S3150801FA809BB21F4801A907F0A9FB9DF8042002F0C3
S3150801FA900703052B9DF8053015D112070DD443F43C
S3150801FAA08073184AC2F8E830002003B0BDE8F04375
S3150801FAB007F0A1BB01F068F9CAE713F0040F09D1F1
S3150801FAC09DF80630EBE703F03002202A05D113F042
S3150801FAD0010FF4E74FF48073E3E79DF80630E0E79A
S3150801FAE0003000B0002002B8001002B8005001B87A
S3150801FAF0006001B8004001B8FE3D00200000FFFF8C
S3150801FB000C0000BA003E00B000C001B82DE9F3416F
S3150801FB100646884615461F4608F076FC0446032025
S3150801FB2002F082FD38B1204608F069FC0E24204611
S3150801FB3002B0BDE8F081042002F076FD0028F2D17A
S3150801FB40204608F05CFC01232A4641463046FFF769
S3150801FB50CDFE04460028EAD1DFF8D0806FB388F8D5
S3150801FB60000039463046FFF7FDFB00284FD198F8CB
S3150801FB700030012B1ED02022264B5A64264BD3F87F
S3150801FB809030B3F5817F20D2012007F050FB08F0B1
S3150801FB903BFC224B06461B680193D3B902F0A0FD34
S3150801FBA015F0800527D1012002F0F6FD284604F05C
S3150801FBB00FFD26E004F022FDB9E798F80030012B85
S3150801FBC0F8D0002BD7D12124B1E78022144B1A6132
S3150801FBD0DAE7042002F024FC00230122042001A90B
S3150801FBE002F03CFC0028D9D104F02EFE212430462F
S3150801FBF008F005FC9BE700220A4B01209A6702F0F0
S3150801FC00CBFD094B01215B6800209847EFE70446C5
S3150801FC108DE700BF001002B8003F00B07838002019
S3150801FC20000002B800C001B8C43D00208D3A00208A
S3150801FC3010B50C4619B107F0E5F900B104342046B0
S3150801FC4002F06AFE024B4042C3F8F80E002010BDCE
S3150801FC50003000B0C38E70B593420C4615461CD3CE
S3150801FC60036D8B4208BF002408F0CEFB0646FFF75A
S3150801FC7059FBC31FDBB2022B01D90C2803D1084B50
S3150801FC805B6C9B0304D401222946204601F0B6FC8D
S3150801FC90304608F0B4FB002070BD2120FCE700BF08
S3150801FCA0000002B82DE9F0410B460646154611B982
S3150801FCB02120BDE8F081002AFAD0032905D80022BF
S3150801FCC001F00EFE03460028F2D01C889A78B4F596
S3150801FCD0804F02F0070180F08480A1F1070C1879A2
S3150801FCE0DF88DCF1000343EB0C0305292B7394BF72
S3150801FCF00023C2F30013C2F3801C6B73930985F8C2
S3150801FD0010C003F00203C2F3C00C43EA0C03C2F3AA
S3150801FD104012E8746B74AA74D6F8A030AF82D8067C
S3150801FD204BD40639012948D8B6F81280F76908F183
S3150801FD30FF38083C04EA0804395D002080290CBF15
S3150801FD406FF07F013239284B18BF49B25B6DA97331
S3150801FD50A86096F827300134FF2B04EA08040BD172
S3150801FD603B5D5B0103F47E63FF2B9CBFDB43D8B28B
S3150801FD70D6F8F83003B19847631CE87303EA080319
S3150801FD80F95C013303EA0803FA5C013303EA080361
S3150801FD9041EA0221FA5C013303EA0803F85C41EA05
S3150801FDA00241002341EA00616A7C304604F0F8FA10
S3150801FDB006232860AB7100207BE700230020EB7344
S3150801FDC00A4BDA69C2F30723120448BF63F0FF033B
S3150801FDD05AB212F1800F1CBF323B5AB2AA730346BC
S3150801FDE0E7E7022065E700BF004000B800C000B899
S3150801FDF070B506460C468D88FFF70AFD96F827204A
S3150801FE00617C042A4FEAC5031DD1012998BF033332
S3150801FE10E0B1B3F5803F19D84FF22441420901FBFD
S3150801FE2003220009B2FBF0F2236800209B1A084A54
S3150801FE302360D2F8C42002F01F02A3EBC203236099
S3150801FE400523A37170BD023A012ADFE70220F9E70B
S3150801FE50003E00B0F8B507460D4614468BB107F0CB
S3150801FE60A0F829463846BE8A01F07CF9B44228BF73
S3150801FE703446A4B222462946044801F0F1FA20463E
S3150801FE80F8BD06F0A1FF0646F0E700BF0C0000BA70
S3150801FE90082310B1024A53647047024AFBE700BFC0
S3150801FEA0001002B8002002B82DE9F743DDF82880D2
S3150801FEB00746894616461D4608F0A6FA0446032053
S3150801FEC002F0B2FB38B1204608F099FA0E24204612
S3150801FED003B0BDE8F083534B20465B6913F0060F68
S3150801FEE0F2D108F08CFA0123324649463846FFF723
S3150801FEF0FDFC04460028EAD1002D7FD0B8F1000F99
S3150801FF007CD0DFF83C91D9F80030002B47DB04227E
S3150801FF104FF43451D9F80000F6F78AFBD0220021B4
S3150801FF20D9F80000F6F789FB4FF480723D4B41463C
S3150801FF3038469A65FFF716FA04460028C7D13A4BA0
S3150801FF401B78012B5AD02022384B01205A64384B92
S3150801FF50D3F89030B3F5817F22BF8022354B1A61E1
S3150801FF6007F065F908F050FA334A8046136813B367
S3150801FF7029682C790B4413600193E3B1042002F03C
S3150801FF804FFA00232246042001A902F067FA90B924
S3150801FF9004F05AFC2124404608F031FA97E701217A
S3150801FFA03B20F5F7A7FD2046F6F7D0FA0028C9F851
S3150801FFB00000ACDA8AE702F093FB16F080001FD046
S3150801FFC00022184B9A676879431E58425841FFF731
S3150801FFD05FFF2A792B68012AD7F8141101D18B42C0
S3150801FFE011D35B1A01930320082301A902F036FAFB
S3150801FFF058B904F029FC404608F001FA212466E7BD
S3150802000004F0E6FADFE70023ECE70C4D2B68984785
S3150802001021280446BFD1012100206B689847002495
S31508020020B9E700BF00C001B88D3A0020001002B837
S31508020030003F00B0000002B878380020C43D002016
S31508020040CC3D0020054A12681AB190F82A1119B94E
S315080200501047084602F0BEBF0148704770380020B4
S3150802006000FEFFFF394B2DE9F3471C6801F40079BE
S3150802007000F00103174653EA090206460D463FD029
S315080200804FF000088BB30023002201200021CDF88F
S315080200900480CDF8008005F0C7F941462046FFF7EF
S315080200A0D1FF01224FF0FF3A41466086DFF8B08061
S315080200B0104606F01DFBD4F8A01094F8270003F0AA
S315080200C02FF8D8F8000000F017FAC8F800A0DFF8F1
S315080200D09480D8F8000000F01DFA94F82430C8F885
S315080200E000A043F0040384F82430B9F1000F07D0C6
S315080200F00121204607F053F925F4007506430D43FE
S315080201002B4632462046FFF725FAFB070FD510493C
S31508020110104A086800211368116001210E4A1170FD
S3150802012003B198470D4B002102205B68984717F0E8
S315080201300E0F08D040F2C7123B21002002B0BDE8DC
S31508020140F047FEF7EBBE02B0BDE8F0874036002066
S31508020150883800208C380020913A0020C43D0020BF
S31508020160D43D0020D03D002008B55822002106487B
S3150802017005F02DFF1022FF21044805F028FF05F09F
S31508020180FDFC002008BD00BF0C3F00B0503F00B088
S3150802019073B5314A3149137809784FF0FF350B4365
S315080201A086211370A0F820116F228221C0F80C2133
S315080201B0C0E944126422C0E9462240F2FF320C2307
S315080201C082854FF40042002680F83C314FF6FF73D1
S315080201D00446A0F84820224A0386026400F1540223
S315080201E00265204AC3844263C0F8B05045858563D8
S315080201F080F8286004F0AEF92046FFF7B5FF012221
S31508020200194B2046C3F8382294F92810FFF706FA44
S315080202106023164A41F6FF71D3644FF03A421163DE
S315080202201167134A2946D3644022124B20465A6460
S31508020230D4F8A02006F030FD0E2300220193009385
S3150802024040F202231046194605F0EEF801F0DCFCEE
S31508020250304602B070BD00BF933A0020B4B302081C
S315080202600700FFFFFFFF4000005001B8004000B83A
S31508020270005000B8002002B810B50C46FFF774FF0C
S31508020280C4B1A378082B17D8E278082A14D843EA07
S31508020290021313F0FF030CBF19466168074AD160BF
S315080202A0217882F86010617882F8633082F86110EA
S315080202B005F064FC002010BD2120FCE7003F00B0D9
S315080202C0012A10B512D8032B10D803EB8202012398
S315080202D0074C934094F86200DBB221B10343002035
S315080202E084F8623010BD20EA0303F8E72120F9E713
S315080202F0003F00B0044BD3F8083F13F0806F14BFD9
S3150802030023200020704700BF003000B00246F8B52F
S31508020310B0F8404100F58275FFF7ECFF0B688E686E
S31508020320013304BFD2F80C310B604B68013304BFAA
S31508020330D2F818314B60771C3FD1D2F81431CF6806
S315080203408B607E1C40D1D2F810610F69CE600137EE
S3150802035004BFD2F804710F614F69013704BFD2F89E
S3150802036008714F618F69013704BFD2F81C718F611A
S315080203708F6987BBC0F1640408688C6110B16F2865
S3150802038038BF6F20C2F814314B68C2F80C01C2F8A4
S3150802039018310B692846C2F804314B691149C2F86B
S315080203A01061C2F81C41C2F80831D1F8FC100723C3
S315080203B00D4A03F091FF0020F8BD04F16F031B1AE2
S315080203C0B34238BF3346BAE704F18606361ABE4246
S315080203D038BF3E46B9E76F34241ABC4238BF3C469A
S315080203E0CAE700BF004F00B0A43F00B038B5054CBD
S315080203F0054B417800782568236003F09DF800B123
S31508020400256038BD90380020ACBF02080A4B10B5EB
S315080204101B68044673B1094B48B10121084A1A60A0
S31508020420022003F0E3FD0020064B1C7010BD0146B6
S315080204301860F5E70220F9E7903800209438002082
S31508020440A4BF0208923A0020014B1878704700BFF1
S31508020450923A00204FF40022034B586C03F50053DE
S315080204605A64C0F3C0407047000002B8024B58698C
S3150802047000F00100704700BF00C001B830B56FF048
S3150802048040440E4D2040C5F850420D4CD2B2C4F835
S3150802049050024FF0FF30C5F85402C4F85412FF2137
S315080204A0C5F86412C4F864220649074A0020C2F84D
S315080204B0C810A2F58052C2F8C83030BD006001B833
S315080204C0005001B80000FFFF00E000B890F92430A0
S315080204D0002B0CDA4FF08053064A29B19360A2F535
S315080204E08052D36000207047D3609360FAE70E20EB
S315080204F0704700BF006001B8431C07D06FF0FF02C7
S31508020500034B10405A62A3F580535862704700BFE6
S3150802051000E000B8431C06D06FF07E42024BDA6355
S31508020520A3F58053D863704700E000B8014BD3F8AF
S3150802053084007047003F00B0024B0020C3F88410C5
S31508020540704700BF003F00B003282DE9F74F0C465D
S3150802055091467ED8404B13F800A0404B1E5C404B98
S3150802056013F800B007F050FF804605F027F9074652
S3150802057040B10023002201930093012000230021A9
S3150802058004F052FF05F022F948B100230022019334
S315080205900093002000234FF4004104F045FF002E8B
S315080205A04AD0304BDD6C05F008050AEB06002E4BE7
S315080205B023305844DD64C0B201F07EFE314650460F
S315080205C005F04AF95A463146504605F0B3F9274B23
S315080205D0DD649FB14FF0FF35254B1B68D3F8A01099
S315080205E093F8270002F09CFD22490868FFF784FF6A
S315080205F00D6021490868FFF78DFF0D60B9F1000FFC
S3150802060004D01E4B002103205B689847B4B14FF40F
S3150802061000521B4B1D6F03F50053C5F340351A678D
S31508020620404607F0ECFE00F0EFFB012808D15DB961
S31508020630002003B0BDE8F08F3546B6E72546EFE75A
S31508020640002CF0D10520F4E74FF400520D4B1A673F
S31508020650EEE72120EDE700BFC4BF0208C0BF0208CB
S31508020660BCBF0208004000B8006000B8005000B8DD
S3150802067040360020D43D0020D03D0020C43D002055
S3150802068000C001B800D001B8054AC002136A00F4D6
S31508020690FF2023F4FF23184310620020704700BF8F
S315080206A000C000B8094B08461A6D91020BD4D3F85C
S315080206B04021D20708D4D3F8803013F4706F14BFE0
S315080206C00120002070470120704700BF004001B892
S315080206D0F8B50D46144601F00B0323EA0201494A0E
S315080206E02340D1646F07A2F580520646D36410D51B
S315080206F00121FFF7D7FF60B105F096F84FF40073B2
S3150802070014F0040F14BF404A404A13650422404BB2
S315080207105A64E90606D514F0100F14BF00221B22EC
S315080207203C4B5A652A0618D5230611D54FF40012F2
S31508020730354BDA6407F068FE0E210746032002F0FD
S3150802074027FC40F20122334B3846DA6207F057FE9D
S31508020750214696F8270002F0E3FCEF0503D5E005EB
S3150802076038D502F0ADFCA90503D5A20535D502F0A8
S31508020770B3FC15F48C6F18D014F4806232D096F854
S3150802078025309B070CD5328EB6F83631934227D0E0
S31508020790B6F838319F1A7B427B411F4A82F8F430F9
S315080207A03046D6F8F010FEF799FF2B0510D505F05E
S315080207B03BF81A4A14F4006FD2F8083F14BF43F004
S315080207C0006323F00063C2F8083F0422104B5A6400
S315080207D00020F8BD02F06EFCC5E702F077FCC8E718
S315080207E00123DAE76805DBD596F825309907D7D5C8
S315080207F0094B114683F8F420094B30461B68984783
S31508020800CEE700BF006000B8005001B8006001B82A
S31508020810002002B8004000B8003E00B0003000B028
S315080208209C38002070B5054690F83C010C460C2809
S3150802083022D0FF2901D1212070BD1AB14FF0FF3213
S315080208400F4B1A6006F0DBFC064695F83C0101F0F0
S3150802085031FA844228BF0446E4B2B44238BF344669
S31508020860E0B285F82B0001F051FB064A03461078E0
S3150802087020B9FF2BE0D1DEE70220DDE70020DBE727
S31508020880E03D0020B4B302087FB51C4B04461B7832
S315080208900E4615460BB3D0F8EC306BB302AAB3F981
S315080208A0123000920022E6F7B6FA02992046C1F300
S315080208B0813106F043FB70B9BDF90C300299024644
S315080208C00093C1F30D0103462046FEF791FA294625
S315080208D0204606F09CFC04B070BD02A905F0EBFFA9
S315080208E032469DF808102046E6F7F0FA2A460146EF
S315080208F02046FFF797FFEEE71846ECE7B4B302087F
S31508020900F8B50D4690F83C1104460C29174603D152
S315080209102E4B1B78002B51D02A462046A4F8485065
S31508020920E6F7D4FAD4F8EC3084F82A00002B41D042
S31508020930274A1678D4F8FC204EB1002A40D1B4F9D9
S315080209404800B3F91210884206DC002607E0BABB53
S3150802095094F84521824202D20126B3F912500022A6
S315080209602946204684F82D70FFF78EFF08BB76B11C
S31508020970C4F8EC00204605F035FF4FF6FF7398429F
S31508020980014615D02046BDE8F840FEF79DB9114B41
S315080209901B7813F0FD0F0BD1204601F099F90E4989
S315080209A001230E4AD1F8FC1004F5827003F094FC78
S315080209B00020F8BDFF2384F82B30F9E70220F8E778
S315080209C0B4F94410B3F912209142BDE7B4B3020850
S315080209D0933A0020003E0020004F00B0A43F00B02A
S315080209E0F0B504468FB000F029FCD4F8A8300546C5
S315080209F0012B00D010B128460FB0F0BD7849204629
S31508020A0006F05CFCD4F8EC600146258EC4F8F000CA
S31508020A103EB133682BB15B681BB11A68032A00F230
S31508020A20BC8007F0F1FCD4F8F030002B00F082808D
S31508020A301A68032A7ED99F6A7F0E07F0E0FCD4F86B
S31508020A40F010B3898DF80E70B0687268EB1A9BB213
S31508020A5000FB03226348ADF80C3003680292994200
S31508020A6002D02046FEF73AFE5F4D604E00F0CCF902
S31508020A700128FBD12B6CDF07F8D4726C12F0807256
S31508020A80F4D1D4F8F010CDE90A2208920D91099210
S31508020A900C9220469DF80E20029908AB03F0B2F894
S31508020AA000285AD100F0B0F90128FBD14F4A4E4925
S31508020AB0536CD801FCD40B6CDB07F9D408A901A83E
S31508020AC003F026FA0546002847D1228E484B5A6477
S31508020AD094F8243060F3410384F8243000F056FC7D
S31508020AE0D4F8EC305969431E0E68DBB2FD2B049626
S31508020AF037D84B680128059343D10126DF1C06D94E
S31508020B0001333C4B5B6859D0DA1C54D8059302462C
S31508020B1004A9204600F0D4FB002E7FF46CAFD4F86B
S31508020B20643199053CD494F8243043F0020384F8DE
S31508020B30243060E72E4BDB6BC3F3C20213F0380F87
S31508020B4003F0070718BF574313F4E07FC3F3821273
S31508020B503FF473AF02FB07F76FE7022528460FB08B
S31508020B60F0BDF71C13D9234B01361B6818BF0126A3
S31508020B70DA1C1BD804934B68FF280593BED00020C5
S31508020B80C5E70246204604A900F09AFB33E74B68FC
S31508020B90FF280593B1D02A46F4E79F6A7F0E50E7ED
S31508020BA020464FF4803106F0FAFB24E7FF284B680B
S31508020BB013D00593B0E7FF28AED1E0E7DE1C06D8CE
S31508020BC00246204604A9059300F07AFBA7E7FF2808
S31508020BD0A5D10022204604A9F6E7012005938DE750
S31508020BE0FC4F00B07438002000C002B8000002B8FA
S31508020BF0008001B8E83D002010B504234FF03A41C1
S31508020C0001240A4AD1F81801C2F81831C2F8143177
S31508020C104C634FF400511163410742BFC2F81431C5
S31508020C20A2F58052C2F8183110BD00BF002000BAE2
S31508020C302DE9F04104460E4619B990F824305A06B1
S31508020C404AD44FF6FF73A18ED4F8F070994204D0B5
S31508020C50334B1B680BB120469847324D2B68BB4273
S31508020C6056D0314B1B6833B1002F54D0396801B1C5
S31508020C70B968204698474FF00708204601F028F839
S31508020C80002E3AD0294B93F90030C3F11C0317B151
S31508020C9097F926209B1A062094F9286024499B1B5B
S31508020CA00A6ADB0222F4FF2203F4FF2313430B62D0
S31508020CB0D4F8F0201F4B2A60986701F0D3F9002573
S31508020CC001211D4A1D4B1170204683F89C5006F0DF
S31508020CD01EFA2846BDE8F0814FF6FF71114DD0F88D
S31508020CE0F0702A6866F38613BA42818680F8243041
S31508020CF0B7D100F0EDFF4FF00108114A4346D2F88A
S31508020D00FC1004F58270A2F65C7203F0E5FAB9E704
S31508020D104FF00108B1E7394620469847ABE700BFCE
S31508020D2080380020743800207C3800208E3A002053
S31508020D3000C000B8006000B8903A0020003F00B03A
S31508020D40004F00B010B50446D0F824210B4B4FF4DF
S31508020D500061C3F8DC2090F82420D20102F4006274
S31508020D6004F0B4FE94F8243013F0100F4FF4007315
S31508020D7014BF034A034A536410BD00BF003E00B0C5
S31508020D80001002B8002002B838B507F03DFB4FF64E
S31508020D90FF710A4A13888B4203D107F030FB0E20F3
S31508020DA038BD074C074D1B046567A4F58054636775
S31508020DB0118007F024FB0020F2E700BFFE3D002069
S31508020DC0006001B80000FFFF08B50C4BD3F84C21B0
S31508020DD0531C11D012F080420ED1094B1B681BB16D
S31508020DE011460320FFF7B0FB4FF08062054B1A65E8
S31508020DF001225A6102229A6208BD00BF0080E00FF2
S31508020E0040360020001002B80F4BDB68C3F30363B9
S31508020E10013B0B2B0FD8DFE803F006060C06060685
S31508020E2006080A08080802207047042070470520A9
S31508020E30704703207047054B5B6913F0060F0CBF1A
S31508020E4001200420704700BF000002B800C001B8A4
S31508020E50094AD368C3F303630B2B08D06FF4905087
S31508020E60184100F0010080F0010040007047506C04
S31508020E7010F48030EDD17047000002B80C490D4AD3
S31508020E80CB68C3F30363062B07D8042BD8B20BD857
S31508020E90C31E5842584140007047072B06D1D1F865
S31508020EA068011040ECD17047022070470020704755
S31508020EB0000002B85FFFF9FF094BDB68C3F303635F
S31508020EC09A1E012A8CBF00220122012B02701EBF24
S31508020ED04FF4026222FA03F303F001030B70704720
S31508020EE0000002B8094AD368C3F30363032B01D08F
S31508020EF0072B08D1936CDB0605D4D06C80F008006A
S31508020F00C0F3C00070470020704700BF000002B857
S31508020F1010B5FF224FF6FF71044606F076F868B957
S31508020F20FF224FF6FF71204606F080F830B92046B8
S31508020F30BDE81040FF22024906F08BB810BD00BF7B
S31508020F40D0BF020810B55B0743EA02439DF80820A2
S31508020F5043EAC163520502F0BC621A43064942F4E7
S31508020F60C872044604F0B2FD002220461146FEF776
S31508020F7071FE002010BD00BF9007E12D37B50C4663
S31508020F8005460B4B1A680B4B19680B4B186801F090
S31508020F9023FE94F828302846009394F82B3094F8C8
S31508020FA0292094F82A10FFF7CDFF03B030BD00BF01
S31508020FB02C390020283900203039002008B5FFF7DF
S31508020FC091FF88B1094BDA6912030DD5586C10F4F2
S31508020FD0003009D1DB6C13F0100F4FF010030CBF71
S31508020FE0034A044AD36408BD0220FCE7000002B89B
S31508020FF0001002B8002002B8034610B500B3124A20
S31508021000D16909031ED5946CC4F38114032C15D037
S31508021010022C17D122460D49B1F8E40001F100610C
S31508021020801A01F536710144184605F0EFF9064AA9
S315080210300472D26C120A4272002010BD0822EAE734
S315080210402120FAE70220F8E7000002B8003E00B0C5
S3150802105038B50546FFF746FF98B10B4B5C6C14F49E
S3150802106000340ED10220094B094A1B681B6DD06455
S315080210702246AB4214BF2846002000F0BFFA20469B
S3150802108038BD0224FBE700BF000002B84036002044
S31508021090001002B838B54B1E012B05460C4616D869
S315080210A0022915BF00220122022100210A480A4309
S315080210B00A4B0B49FFF7E2F9003C18BF012495F8E1
S315080210C02430002064F3C71385F8243038BD002283
S315080210D004481146EBE700BF91D106190000E2EC7D
S315080210E09E0C4B5490D1061904292DE9F041044669
S315080210F00F462ED84E1EF6B2032E8BBF0025164B70
S31508021100A84613F806809CBF144B9D5D05F07AFF2E
S3150802111080B94FF000084FF460320020104B6D047E
S315080211205A6245EAC835A3F580535D6284F82E7083
S31508021130BDE8F0812046FFF7F9F980B28428E8D89D
S31508021140022EE8D894F824102046C909FFF7A2FF10
S31508021150E1E72120ECE700BFCCBF0208C8BF0208BE
S3150802116000E000B810B590F82700FF2814D0304BDD
S31508021170D3F8BC2012F0060F01D001280DD94FF47E
S3150802118070622C4BDA604FF48072A3F58053DA60F2
S315080211900022274BC3F8B82010BD02F0020412F051
S315080211A0040202D00B789B0637D4002C39D00B7870
S315080211B003F00F03072B34D14B78022B31D98B78E6
S315080211C013F03E0F2DD0CC7814F0040F29D014F06A
S315080211D0010F0CBF04230A23A40748BF0633CB5CBE
S315080211E0FBB1002A14BF02220122012840F6FF7031
S315080211F003F01F0108BF4900013940EA01310E48D0
S3150802120001654FF470600B491202C860A1F580515E
S31508021210CA60074AC2F8B830BEE7002CC7D18B7835
S3150802122023B90023044A13650122EAE70222DCE70E
S31508021230003E00B0006000B8004000B810B590F853
S315080212402710012903D8174BD3F8B4300BB1002065
S3150802125010BD028E272A22D8134B14481B688342D4
S3150802126019D031241248181A434243415B000D48EB
S31508021270A0F8CE4050246343282404FB01330D49C9
S315080212801944895CFA31A0F8D4100B490B449A5CCC
S315080212900A4B1A70DBE76FF003040123E7E70E2017
S315080212A0D6E700BF003E00B0C838002000F0490269
S315080212B0005A620244FE020854FD0208B33A0020AC
S315080212C010B5124B0C68C3F87842C3F87C42C8B111
S315080212D0D0F8EC30B3B15B69A3B1501EC0B2FD2899
S315080212E012D9013404BF6FF0010008600868FF2AAA
S315080212F0186007D14A68013202D16FF001024A60CA
S315080213004A685A60002010BD012AF2E7004001B877
S31508021310F0B585B06D460E460F4B074614460FCB01
S3150802132085E80F000D4BD3F848020090D3F84C22FB
S3150802133001923EB1631EDBB2FD2B0AD93060FF2C47
S3150802134000D17260224629463846FFF7B9FF05B032
S31508021350F0BD012CF4E700BFD8BF02080080E00FF9
S31508021360FF2818BFC3434FF0180108BF1023064AC7
S3150802137018BFDB00C2F8FC1318BF03F00803A2F576
S315080213808052C2F8FC337047002002B8024BD3F8E9
S31508021390F807C0F3C0407047000002B84FF03A435E
S315080213A0D3F81421D2031ED54FF480320E49C1F860
S315080213B01421A1F58051C1F818215A6DD1B2C2F390
S315080213C00722C3F8A410C3F8A4200422C3F8A42051
S315080213D00022C3F8A420C3F8A420C3F8A420C3F8A3
S315080213E0A420C3F8A4207047002000BAF0220B4BB1
S315080213F001219A64A022A3F580539A644FF03A43D6
S31508021400026DC3F8F410FC21C3F8CC10C3F8D0203F
S315080214104FF40052C3F8F020704700BF006000B8CE
S31508021420F8B54FF03A440D461746064606F0ECFF65
S31508021430012304226363084BE76026616561C3F8EA
S3150802144014214FF00042054BC3F8802106F0D7FF5E
S315080214500DB102236363F8BD002000BA00E100E083
S315080214602DE9F04105460124006800F00700063020
S3150802147004FA00F3A868EC685E1EA04200F09280A7
S3150802148000EA06076C6810441E430640D81B07EBA1
S31508021490040C8242644638D9D31AFA18A0B3431EFA
S315080214A0062B74D941EA0C039B0770D14B1CACEB93
S315080214B00303022B6BD90B4620F0030E8E44ACEBCA
S315080214C001071C68DC5104339E45FAD120F0030358
S315080214D010F0030F01EB030EA0EB03040CEB03075A
S315080214E000F0888011F80380012C0CF8038000F0C4
S315080214F081809EF80130022C7B7018BF9EF802305C
S31508021500084418BFBB7001466C685AB3531E062BB3
S3150802151001F101032FD9E01A02282CD941EA040065
S31508021520800728D1234622F0030CA444081F50F84A
S31508021530047F43F8047B6345F9D122F00303D01AEA
S31508021540920701EB030C04EB03070BD0CA5C0128D4
S31508021550E25407D09CF8013002287B7002D09CF82E
S315080215600230BB7006F050FF0223AE60AB62BDE8E4
S31508021570F04106F044BF0A4404F1FF3C00E001339F
S3150802158013F8011C93420CF8011FF8D1EAE70B463F
S315080215900844ACEB0107D91913F8014B83420C70C6
S315080215A0F9D1B0E7042A0DD90878043AA86148782F
S315080215B00431A86111F8020CA86111F8010CA8619E
S315080215C0A8685DE7013A032A12D8DFE802F00F1588
S315080215D007020B4613F8012B1946AA610A4612F8A6
S315080215E0013BAB61114611F8013BAB610B78AB616C
S315080215F0BDE8F081084486E70A46F3E738B50B46A4
S31508021600154601464FF03A4468B101221048C4F81B
S31508021610F4201A46FFF724FF25B14FF03A43042275
S31508021620C3F8F42038BD73B1D4F8D8209A4284BFDF
S315080216300122C4F8F4204FF03A42C2F8D430022309
S31508021640C2F8F430E8E70123C4F8F430E4E700BF4F
S31508021650CC0000BA38B5044606F0D6FE4FF03A4238
S315080216600121A38F054651674BB3B3FA83F3C3F13E
S315080216701903DBB2A069C2F8B410C2F88C3007238A
S31508021680C2F89000C2F8B0304FF4A02302F5005217
S31508021690C2F81431A2F58052C2F8183100220D4B55
S315080216A01A600D4B5B6C5B0209D54FF480020B4B3B
S315080216B05A64D4F8A01094F8270001F031FD0023EB
S315080216C0E38707232846A4F84030BDE8384006F0E9
S315080216D096BE00BFA4380020000002B8002002B857
S315080216E02DE9F84305460C46B1B1D0F81880878F24
S315080216F006F08AFEB5F83EC0791E01EA0C0323F00D
S315080217000702032C0646DFF800E1424461D1DEF8FF
S31508021710004024B906F073FE0E20BDE8F88324F0D3
S315080217200104DEF8000020F00100A04256D1002391
S31508021730CEF80030238894426FEA43436FEA534354
S31508021740238041D1B5F8403008EB07091846083816
S3150802175080B202F108044C4528BF4446082804D939
S31508021760B4F800E0BEF5804F43D263440F431B1A18
S315080217703B409BB2EB87A5F84000947811884FF05E
S315080217803A42C1F30C019165C2F89830C2F8B0002A
S315080217904FF48022184B04F00704C3F814214FF0C3
S315080217A00042164BC3F88021FFF7F8FD042C0BD133
S315080217B04FF48002124B5B6C124B5A64D5F8A01098
S315080217C095F8270001F0ACFC304606F018FE00201A
S315080217D0A3E7601E012898BF1446A2E7B5F84000A1
S315080217E04344E31A48BFDB1908389842A2DC30465C
S315080217F090E72246ABE700BF002000BA00E100E00E
S31508021800000002B8002002B8A4380020164B10B512
S315080218101968B1F84020CB8F888F13440138073BEB
S315080218208C69034023F007031C4402F108034FF0B6
S315080218303A429BB2A1F84030C2F8B0304FF4802247
S315080218400A4BC3F814214FF00042094BC3F8802112
S31508021850A07800F00700042803D1064AD3681B03C0
S31508021860FCD4054B1C6010BD40360020002000BA8F
S3150802187000E100E0000002B8A438002010B5064CCA
S31508021880216839B1CB0703D4044B1868FFF728FF40
S315080218900023236010BD00BFA43800204036002074
S315080218A04FF480320C4B0D49C3F818214FF03A43D6
S315080218B0C1F81421D3F8AC10D3F88C20012302F016
S315080218C0070206329340C1F30C01083B994201D83C
S315080218D0FFF764BD704700BF002000BA001000BAC7
S315080218E02DE9F04780460C4616468769858F06F02D
S315080218F08BFDB8F83E2005F1FF3C02EA0C0323F003
S315080219000701032C82463944B8F8400019D14A4CDB
S3150802191024689CB90244073A02EA0C0222F007023A
S31508021920BC183B44E31A48BF5B19834210DB504696
S3150802193006F065FD00242046BDE8F08724F0010480
S31508021940EFE7012C02D0022CEBD108380C46E8E767
S31508021950002E3FD08C4241D14FF03A42D2F85890ED
S315080219604FF03A41D1F8AC20B8F81270C2F30C0223
S31508021970934247DA2588B5F5804FD8D2A378C5F3BE
S315080219800C0503F007037A1EA5EB09053A43052B56
S31508021990337005EA02052DD82DB2E84340F24542D6
S315080219A00421C00FFDF7BAFA7580E3783374D8F8C4
S315080219B01C207B1E03EA0903D118B160A9B213FAE7
S315080219C085F5AF422FBF0023FF1AB780F26024BF06
S315080219D0B180F360504606F012FDACE7A4F10802A6
S315080219E0974284BFED0802EBC502B2F80090C9F32C
S315080219F00C09B5E7114B5B6D003B18BF0123A5EB3C
S31508021A00C305C9E74B6D7A1EA3EB09033A431A408D
S31508021A100B4915B2002DCB680BDCC3F30363D81E42
S31508021A2043424341DB003370CB6C72801B0A33742A
S31508021A30BDE70823F7E700BFA4380020004000B836
S31508021A40000002B8134B70B51E684FF03A43748A09
S31508021A50DD6D621E5B6DADB292B242EA04015B1B9A
S31508021A600B40191E18BF0121C90001700A492A40F4
S31508021A70C96C4380090A0174F169D618A64201EBBA
S31508021A800205D2BF0021A31A9BB285608380C1607A
S31508021A90002070BD40360020000002B8054BA8227F
S31508021AA0D3F84C013121431C0CBF0120C0F38070CE
S31508021AB0FDF734BA0080E00F10B50F4B1C78ACB9AD
S31508021AC00E4BD3F8F8375B0309D490B10F23441EA3
S31508021AD0B4FBF3F410300444E4B2204610BD40F6D9
S31508021AE048023F212046FDF719FAF6E70001C4B27B
S31508021AF0F3E71024F1E700BF003E0020000002B819
S31508021B00014B588000207047003E002038B5284D0A
S31508021B100446297819B92022264804F058FA237867
S31508021B20254A264913704FF2F002C1F8C821244A01
S31508021B304BBBA1F50051D1F8F81711F4002F4FF05D
S31508021B40FF011CBF1F48C0F8DC3011704FF040730C
S31508021B501A4AC2F834311C4BD3F8F83713F48023E7
S31508021B600BD14FF47F01C2F830111849C1F8303150
S31508021B7048F2C801164BC3F8F4100723C2F8FC331F
S31508021B800122124B0DE000240E48022BC0F8DC405D
S31508021B904FF0FF001070D9D107230422C1F8FC3395
S31508021BA00A4BC3F8FC23012300202B7038BD00BF63
S31508021BB0943A0020E03F00B0003E0020002002B820
S31508021BC0093E0020004001B8000002B8001002B821
S31508021BD0003F00B010B5044601F0CEF8094BD3F821
S31508021BE0F80734B900F44020B0F5402018BF0120A8
S31508021BF010BD022C0ABF80F400300020C0F340401A
S31508021C00F6E700BF000002B82049D1F8FC37FF2BDF
S31508021C1031D01F48C3F303120270D1F8F81703F044
S31508021C200F0309035BBFC2EB02120F3B02F1FF323D
S31508021C30D2184ABF03EB0213D3B2DBB2154A1649CE
S31508021C4013700978154B1A68E9B1B2F1A06F1AD365
S31508021C50D3F85012124A134BB1F1FF3F18BF13467D
S31508021C60114A136041F66A02104B1B68B3FBF2F382
S31508021C700F4A13607047D1F8F83713F4002F0CBFD8
S31508021C80B4235A23DAE7074BEAE700BF000002B893
S31508021C900A3E0020963A0020083E00200080E00F07
S31508021CA05082E00FE8BF0208A8380020C838002092
S31508021CB0AC38002020B1022804D1034B18787047AB
S31508021CC0024BFBE7002070470A3E0020963A0020A6
S31508021CD02DE9F74FD0F8B0404C22022C38BF022427
S31508021CE07B49013CCB6CD1F8DC507A49C3F38213A9
S31508021CF0DA400B680646A34290F83C71764BDFF849
S31508021D0000A2DFF80092DFF8008202F0010216D183
S31508021D101878904213D19AF80000B8420FD1D6F833
S31508021D20B40060B1A8420AD196F82B5099F800007F
S31508021D30854204D1B8F8040003B0BDE8F08F98F8DC
S31508021D4000001A700C60FFF7B5FF0346002A00F080
S31508021D50918004234FF07F41604AC2F8BC30604B41
S31508021D60C3F8BC1096F82B301B06C2F8BC3000200C
S31508021D7040F271225B4B19211B68B3FBF2F36343F2
S31508021D80182BB3FBF1F14FEA004400F29380002CC2
S31508021D9000F09B80B4FA84F2C2F12002C2F10F036A
S31508021DA0012B38BF0123D440A14201D2013B64086A
S31508021DB0421C03F01F0152008A40121BDFF838B199
S31508021DC09208CBF8B0201A0242EA0312134301938F
S31508021DD000EB002300EB0325434B40F6C2021868CA
S31508021DE02B21003818BF0120FDF798F8FA223E4B3E
S31508021DF002FB04F01B6840F6FF72B0FBF3F00A23FD
S31508021E0058433A4B00F57A74C3F8D820019AA3F5D9
S31508021E108053C3F8D820364AA3F58053C3F8DC505A
S31508021E20D2F8F827520308D4D3F8DC3003F47F0239
S31508021E30C3F303531343CBF8FC30C6F8B4502D4D05
S31508021E4000F6B8302C6002F0C1F94FF47A722A4BC8
S31508021E50C3F8A400C3F8F8002B68B4FBF2F0B3FB8E
S31508021E60F2F3A8F8043096F82B308AF8007089F84D
S31508021E70003061E796F82B00984228BF1846C0B290
S31508021E802FB1022F7FF473AFFFF716FE70E7184BD8
S31508021E90D3F8F8371903F7D450B10F230138B0FB3A
S31508021EA0F3F00130154B1B68034413F8010C5FE786
S31508021EB00120F7E7B1FA81F23CB1B4FA84F3D21AF7
S31508021EC0002A3FF76BAF0F236EE70F2370E700BFB9
S31508021ED0004001B8E03D0020953A0020001002B803
S31508021EE0002002B8C8380020AC380020006001B8CB
S31508021EF0000002B8B0380020003F00B0A838002021
S31508021F00073E0020063E0020003E002038B5254B3D
S31508021F1005461A78244C0C2A02D1FF20207038BDB7
S31508021F20104605F06CF901461046FFF7C3FEA842B3
S31508021F3028BF2846C0B2884238BF08462378C0B2AE
S31508021F408342ECD020703ABB184BD3F8F83713F417
S31508021F50002321D14FF2F001154AC2F8C811C8B1BF
S31508021F600F230138C0B2B0FBF3F3591CC3EB0313BA
S31508021F70C01A431C0D4A1B01D2F8C80143EA0133B1
S31508021F800343C2F8C831D2F8C8210A4BC3F8FC2069
S31508021F902078C4E70121EDE7074B1868FFF798FE9A
S31508021FA0F6E700BF003E0020093E0020000002B806
S31508021FB0002002B8003F00B040360020014B1870DE
S31508021FC0704700BF083E002010B50446FCF740FCE7
S31508021FD078B1154B1B786BB964B1144B1B784BB1AE
S31508021FE0134B1B78013B012B04D84FF40042114BCB
S31508021FF01A6510BD104B1B6D1B04FAD406F004FAC1
S31508022000044603F011FC4FF400420C4B2046BDE88F
S3150802201010401A6502220A4BC3F8D4240422054B3F
S315080220205A6406F0ECB900BF973A0020983A0020A5
S31508022030B4380020002002B8000002B8001002B826
S3150802204000D003500122024B00201A70FFF7BCBFD2
S31508022050973A00200022024B01201A70FFF7B4BFFC
S31508022060973A0020054BD3F8843013F0030F4FF448
S31508022070802314BF024A034A93647047004000B89B
S31508022080005000B8006000B8F7B50646534C00F099
S3150802209073FE01213A20F3F72DFD514B2578514F56
S315080220A01E7085BB2846FFF78FFF2378013B012B5D
S315080220B019D8E37B01A88DF80430237C8DF8053006
S315080220C0F2F73AF8C7F8D4544FF6FF72464BC3F8FC
S315080220D08420F822A3F58053C3F884200022414BBA
S315080220E0C3F8D4240DE04FF6FF723F4BC7F8D45419
S315080220F0C3F88420F822A3F58053C3F88420C7F8CE
S31508022100D4543A4B5BE00020FFF75EFF2378013B8D
S31508022110012B08D8E37B01A88DF80430237C8DF8BF
S315080221200530F2F709F80023C7F8D434002ECBD0CD
S3150802213062685AB32E4B1B6803EB5203B3FBF2F3E6
S31508022140013B1B0243F0F80326782749022E294A47
S315080221501ED0032E4FF6FF75224826D0012E36D101
S3150802216043F00203C1F88450C2F884300723C0F84A
S31508022170D434E37B01A88DF80430237C8DF805302E
S31508022180F1F7CAFF0120FFF71FFF17E0F823DBE785
S315080221904FF6FF7043F00103C1F88400C2F8843099
S315080221A00622104BC3F8D424E3E743F00503C1F82B
S315080221B08450C2F884300423C0F8D4340E4B4FF04E
S315080221C080421A650020FFF74DFF03B0F0BDC1F843
S315080221D08450C2F884300023EEE700BFB4380020EA
S315080221E0983A002000C00350006000B8002002B8E8
S315080221F0C8380020005000B8001002B8F0B52B4FBE
S3150802220006463D4604460FCE0FC5336885B02B6099
S3150802221000F0B2FD01213A20F3F76CFC0022244BB0
S31508022220C3F8D424A17A627A42EA0142C3F8E024C6
S31508022230217CE27B42EA0142C3F8DC24217B627BF1
S3150802224041EA0240C3F8D8043B78032B2AD8DFE8D0
S3150802225003F022020C178DF8041004218DF80520CC
S315080222600DEB01000022F3F7D9FBE37B00228DF880
S315080222700830237C042102A88DF80930F3F7CEFB37
S31508022280637A01228DF80C30A37A042103A88DF80B
S315080222900D30F3F7C3FB074B187805B0BDE8F040DD
S315080222A0FFF7F2BE212005B0F0BD00BFB43800200A
S315080222B000C00350983A0020034B1B6D002BBCBF8D
S315080222C0024BC3F888007047000002B8004000B805
S315080222D0084B1A6C0A2A0AD95A6D4FF0FF3302F0D4
S315080222E00F02934098430CBF01200020704701203B
S315080222F0704700BF00C001B82DE9F04700F096FD0F
S315080223004FF47A762D4BB0FBF6F618604FF4FA7353
S31508022310734307462A48190E1B021818294A4FF012
S31508022320000341F1000103F061FC274BA0F580721E
S3150802233005461A6320B94A222B21FCF7EFFD01252F
S315080223404FF47A724FF0000A6A4353465008310234
S3150802235003F04CFC1C4B1D4AB7F57A7F9A601C4B5E
S315080223604FEA056819601B4B8946044618604FEA0E
S31508022370152505D29D222B215046FCF7CFFD0126B5
S315080223804FF47A73A8FB030103FB05117308C018FF
S3150802239041F100010023324603F028FC0E4B0234B9
S315080223A019600E4B49F10009A408186044EA8974B9
S315080223B0054B013C9C63BDE8F08700BFC838002086
S315080223C020A1070040420F0000C001B80211010017
S315080223D0D8380020D4380020D0380020CC38002045
S315080223E00822044BC3F884215A600122024BDA60A0
S315080223F0704700BF00E100E000C001B810B504460E
S31508022400A242A2EB0000A3EB010104D2034B01395D
S315080224109B6B0133184401F0030110BD00C001B8DB
S3150802242038B501250A4B02019D504FF480730446C4
S31508022430084A8340536605F0E7FF074AA540137822
S3150802244023EA05031370BDE8384005F0D8BF00BF7C
S3150802245000E101B800E001B8A23A00202DE9F84FE0
S31508022460164605468A461F4605F0CEFF022E00F09E
S315080224709180804605F0BDFF604B614AD3F82090F3
S3150802248092F885405A6EE4B2520744BFD3F82090B8
S31508022490013404F0030405F0A7FF4846214600F07C
S315080224A029FA8446DAF80000012E04BF0130604496
S315080224B0ACEB000C08BFCAF80000BCF1804F7DD314
S315080224C000F02AFA8145A1EB040188BF4B4BDFF8DD
S315080224D054C188BF01F1FF3101F0030188BF9B6B2C
S315080224E0A0EB090E0CF80510A1B1F90742BF41F697
S315080224F01F72444B5A67BA0742BF424B424A5A674F
S315080225007B0742BF00223D4B9A673C0742BF002227
S315080225103A4B9A6511244FF0010A384B05F110021D
S31508022520120103EB051BCBF80C0138499C501A6AB9
S315080225300AFA05F4586E0B78A2EB0902E4B22343B1
S3150802254072450B7025D34FF48073AB40034220D1FA
S315080225501CF80520002A4CD10EB32D4AF8075366FB
S3150802256007D541F61F7140F20110264B596750678D
S315080225705967B90706D5234B234A254925485A6779
S3150802258048675A677A0742BF0122234B1A613B07FB
S315080225901AD4404605F033FF0120BDE8F88F1F4ADA
S315080225A02D0142F805A042F89C3C05F02DFF17497B
S315080225B00B7823EA04030B7005F021FF404605F069
S315080225C01EFF0020BDE8F88F2120FFF775FE4FF4A5
S315080225D080310A4A124BD1601A78002AD9D00022D1
S315080225E02D201A70FFF768FE1022094B40465A66DC
S315080225F0D0E7074A40465366CCE700BF00C001B899
S31508022600003E00B000E001B800001F1FA23A0020F9
S3150802261000D001B800000101000002B800E101B8CB
S31508022620993A00209A3A0020034B103000011858B4
S3150802263000F00100704700BF00C001B82DE9F04163
S315080226409DF818800D46B8F1000F08BF0022214EEA
S31508022650B5F5803FB168074621F4700141F4A0013F
S31508022660B1609DF820409DF81C104FEA042444EA04
S31508022670016444EA031444EA084444EA02044FF0B3
S3150802268018014FF436722CBF002001207465FCF73E
S3150802269045FC3564B8F1000F1AD00F4BBC68D3F865
S315080226A0B8306F2C38BF6F245B0606D500F084FC61
S315080226B018B10A4BB3FBF0F31C44204600F02CF980
S315080226C00130854238BF0022024B34BF5A6458642F
S315080226D0BDE8F08100C001B800C000B800093D009D
S315080226E0F8B5254F3D6E01F02DFF04462846FFF743
S315080226F0EFFD7B6C064603B170B310272020FFF767
S31508022700DBFD1E4B9F606CB1002200200821FDF7FD
S31508022710A9FC80221A4B5F66A3F580531F6703F54F
S3150802272040531A6102F03CFD1022164BC3F884216D
S31508022730154AD36803F07063B3F1807FF9D91CB1E7
S3150802274016B10122114B1A700B4B114A1D665A67B4
S3150802275041F201429A67F8BD002CF5D00D4B084AA2
S315080227605366A2F5805213672846FFF7B1FD002883
S31508022770EAD03D6EF8E700BF00C001B8001002B803
S3150802278000E001B800E100E0000002B8993A002032
S31508022790011B01181000002010B504462120FFF77E
S315080227A08BFD1CB14FF48032064BDA60064B1A7861
S315080227B03AB100222D201A70FFF77EFD1022034B34
S315080227C05A6610BD00C001B8993A002000D001B877
S315080227D0F8B5174D0446EB6BDB0124D500F04CFC2B
S315080227E0A0FB0446E86B070A050C10F0FF0005D1AA
S315080227F040F219422B21FCF791FB0120EDB2AD0103
S31508022800B5FBF0F0FBB210EB831005D140F21E4285
S315080228102B21FCF783FB0120024600232046314682
S3150802282003F0E4F9F8BD00F0C7FBA0FB0401F9E7E1
S3150802283000C000B80246012030B50B4CA0F12003B7
S31508022840C0F1200524FA05F504FA03F32B4304FA2A
S3150802285000F595428B4100D330BD0F2801D00130D7
S31508022860ECE7FF20F8E700BF40420F0000220B4BBF
S3150802287040F010001A700F22094BC3F8B820A3F5CE
S315080228808053C3F8B800A3F580535B6ADBB2802B8A
S3150802289002D0084600F026BC704700BF993A0020CD
S315080228A000E000B838B505F0A4FD084B084A1D6AD1
S315080228B092F885405A6EE4B2520744BF1D6A013443
S315080228C005F092FD284604F0030138BD00C001B8A0
S315080228D0003E00B00346064A103302EB00111B0104
S315080228E0D1F80C01D158C1F3400104F0ABBC00BFCA
S315080228F000C001B8064B1B68434303EB8171054BC5
S315080229001B68A3FB003013F1004341EB000070473C
S31508022910D0380020CC3800200C4A20F0404301462B
S3150802292010B5002014684FF00042E4FB0320084A61
S31508022930890F126802FB0300064B9B6B984204D967
S3150802294001330131C01A01F0030110BDD438002049
S31508022950D838002000C001B8044B01F0F0711030DD
S3150802296041F0030100011950704700BF00C001B8C9
S3150802297008B52220FFF7A0FC4FF48022014BDA604B
S3150802298008BD00BF00C001B840B1836833B106492B
S31508022990C268096803F13043032A00D8704743F82E
S315080229A0041B043AF8E700BF0C39002070B5164636
S315080229B0054600B3F9B1F2B14268104B006803321A
S315080229C01B68920800F130409847044688B9EA68BD
S315080229D0A86803323146920800F1304004F052FCEE
S315080229E0044630B9286921466A6900F1304003F085
S315080229F0EEFA204670BD2124FBE700BFE43D002025
S31508022A002DE9F04705460E461446DFF88480DFF8BE
S31508022A1084901E4F88B01CB9204608B0BDE8F087DE
S31508022A20B4F5006F4FF010024FF000016846A24657
S31508022A3028BF4FF4006A03F0CAFA08238DF800305B
S31508022A400AF1FF339BB2009A1B0143F0036302EAC1
S31508022A50090203EA08031343102200210DEB0200C0
S31508022A60CDE90036029503F0B2FA6A46387804A927
S31508022A70F3F7ACFCA4EB0A0406EB8A0605EB8A0517
S31508022A803878F3F701FD0028FAD0C4E70B3E002098
S31508022A90F07F300C0F80CFF370B50C68651C15D02B
S31508022AA0C4F302669E42C4F3074530D1A4B29442E7
S31508022AB02DD804EB8506B24229D2141BA50824F0A8
S31508022AC003040E59340F04D0012C08D00022212405
S31508022AD002E06B1C51F82320C0E9002470BD0E4C9D
S31508022AE034F8133042EA03431A686B1C51F8234040
S31508022AF001EB83014B6822405E4036F0704404D1F4
S31508022B001B0F032B04BF8B681A430024E4E7013525
S31508022B1001EB8501C1E700BFFCBF020807B501A8A2
S31508022B20F3F7A6FD254B2649D3F86022D2B2FF2A2F
S31508022B301DBFD1F87801130243EA0213D1F878319E
S31508022B401CBF20F47F621343C1F8F8331C4BD3F839
S31508022B50F837190354BF09200C20F3F70DFCC822D5
S31508022B60184B42F201015A654FF4C02203F510438D
S31508022B70C3F868214FF48032C3F86C21124AC2F8AE
S31508022B80701202F52042D2F8F827120308D44FF43D
S31508022B9070610E4AC2F8A0104FF42062C3F8A02052
S31508022BA001220B4BC3F8002403F53043D3F86821FE
S31508022BB0084B1A6003B05DF804FB00BF0080E00F03
S31508022BC0000002B8008001B8006001B8002002B80F
S31508022BD0005001B8A0380020836810B4074C03F1EE
S31508022BE0304324681B689C4203D15DF8044BFFF707
S31508022BF0DDBE00205DF8044B704700BF0C3900208B
S31508022C0010B5044605F000FC064B074A1C70074B34
S31508022C10FF2C08BF1346064A136005F0F0FB002096
S31508022C2010BD00BF0B3E002085720208012A020869
S31508022C30E43D0020134B1B78002B20D0124B134A7D
S31508022C4000201A60124B134A1A60134B134A1A6071
S31508022C50134B1A68134B1A60134B144A1A60144B17
S31508022C60144A1A60144B154A1A60154B154A1A600B
S31508022C70154B164A1A60164B164A1A6070470220F6
S31508022C80704700BFA33A002018390020F4C802088A
S31508022C901039002058C002081439002078C00208EA
S31508022CA0F83D00200C3900203039002040C00208C7
S31508022CB028390020FCC302082C39002074C00208F7
S31508022CC02439002028C002081C3900207CC00208CA
S31508022CD02039002070C002080022012138B51E4B97
S31508022CE05A649A64DA641D4A516102219162DA6869
S31508022CF0C2F303620D2A01D0002AF8D11122012457
S31508022D00174DDA634FF0FF302C70E4F7E5F800232D
S31508022D102B70144D40F2D15228685421C01A18BF9C
S31508022D200120FCF7FBF8104B28681A680F4B196844
S31508022D30FFF73CFE01F06EFB0D4B1868FFF724FE09
S31508022D400C4B1868FFF720FE4FF08062034B5A615E
S31508022D5003F580535C6138BD000002B8001002B862
S31508022D60A33A00201039002014390020183900200F
S31508022D70303900202439002001230D4A0D49C2F8B2
S31508022D80803291660C4A53600C4A53600C4A53606F
S31508022D90A2F580425360A2F54042536002F5C03262
S31508022DA0536002F580425360A2F5004253607047B1
S31508022DB000900050FF0B001600D000B8001000BAB1
S31508022DC0005001B810B50324FFF7D6FF114A124B7B
S31508022DD01A65FFF7A3FE114BC3F8104100F06AF912
S31508022DE001F0EEF84FF460720D4B5A614FF400721F
S31508022DF01A65FEF7CBFA0021FEF7B2FA4022094B12
S31508022E001C64A3F580535C64074BC3F884215A609B
S31508022E1010BD00BF0048F000000002B8005001B81B
S31508022E20001002B800A0095000E100E008B504F05D
S31508022E30EDFE044B1B6FC3F300430133B0FBF3F003
S31508022E4008BD00BF0080005070B5044698B1B1B104
S31508022E503A4A52F8043B834213D10023384A116C8A
S31508022E60C907FCD4374800EB830004F014FA364B42
S31508022E70106001221A6470BD01330C2B02D1334D46
S31508022E802CE0012352F8041BA142F5D1304A32F84C
S31508022E901330E3E7C2F3016335F81300110C93B25A
S31508022EA011F0FE0F43EA0043606820D00434CAB228
S31508022EB0022A216808D96668A068033AC3E9001697
S31508022EC098600C340C33F3E704D16268C3E9001244
S31508022ED0083403E0012A01D1043419602268531C1C
S31508022EE0D8D10022164B1A6003F58053C1E7120F98
S31508022EF0072AEDD8DFE802F00704090D1013181D9A
S31508022F00C04303F500531860E2E71A6842401A60A4
S31508022F10DEE703F58053F6E704F089F9D8E70122DC
S31508022F2003F580538240F2E7012203F500538240FB
S31508022F30EDE71A6830EA0202FBD1C9E7DC3800205D
S31508022F4000C002B8404000B000D002B8FCBF020878
S31508022F509A3900200B4B1B68D3F8F03023B11A6854
S31508022F60022A01D9186A7047074B9A6E90B238B18D
S31508022F70064BC2F307421B68DB085343B3FBF0F068
S31508022F80704700BF40360020004001B8C83800200C
S31508022F90074BDB68C3F30363984208D1054AD2F8A4
S31508022FA0803023F0F00343EA0111C2F8801070471B
S31508022FB0000002B8003F00B0054B1B68D3F8F0309A
S31508022FC013B11A680A2A01D8FFF7C4BF186C7047EA
S31508022FD0403600202DE9F743064604F021F900247D
S31508022FE08046DFF8909005F00FFA0DF107010546C5
S31508022FF00DF10600FDF760FF9DF806308BB9721CCD
S3150802300029D004F00DF9A0EB0804284605F0F7F9D3
S315080230109DF8063013B99DF807303BB3A642E2D8AD
S3150802302024E0D9F80C3013F4603FE8D0D9F8180038
S3150802303004F084F9731C074603D004F0F1F8A0EBF8
S315080230400804284605F0DBF917F5007FE0D0384674
S3150802305003B0BDE8F083284605F0D1F99DF806309D
S31508023060002BC0D19DF80730002BBCD1004FEEE7EC
S3150802307000FEFFFF00C000B80B4A10B5136F0B4CD9
S31508023080116F03F00703E35CC1F3CD0101FB0333C0
S31508023090126F0748C2F3454202FB033300688001F8
S315080230A0B0FBF3F010BD00BF004001B8F4BF020840
S315080230B0C83800200122014B1A657047001002B871
S315080230C00122014B1A657047002002B84022014BC3
S315080230D01A657047002002B84022014B1A657047EC
S315080230E0001002B810F1800F04D04D28CEBF7F2001
S315080230F0323040B2FF22034BC0B25A62A3F5805364
S315080231005862704700E000B8044BD3F8B03010B1EB
S31508023110C3F30332027003F00F007047000002B8CF
S31508023120064B01F080015B6C03F480030B4302BF7C
S315080231304FF40012024BDA64704700BF000002B86F
S31508023140006001B80F4B1B788BB1012B11D10E4AC7
S31508023150012102F580528B4291600FD80A4A0B4927
S31508023160002B08BF0A4693689B07FCD47047074A98
S31508023170EEE700224FF480539A60FFDE00239B6835
S31508023180FBE700BFA43A0020004003B8000003B8DA
S3150802319038B50B4B0B4C002818BF1C46A569E369CA
S315080231A01D4007D0084B1B682BB12846984704F5E3
S315080231B00054A56138BD6B05F9D5FFF7C3FFF6E7DD
S315080231C0004003B8000003B834390020124B1978BE
S315080231D009BB124AD06C5860D2F88800D860526F80
S315080231E01A610F4AD0689861D06BD861D2F8080183
S315080231F01862D2F80C015862106B9862506BD8624A
S31508023200926B1A6301221A70064B074AD3F8D80E34
S315080232101060C3F8D81E70473C390020004001B838
S31508023220004000B8003000B038390020164B1A7832
S315080232304AB35968154AD164D968C2F88810196917
S3150802324051679969A2F58032D160D969D163196A41
S31508023250C2F80811596AC2F80C11996A1163D96A37
S315080232605163196B9163012102F500529164102191
S31508023270A2F58052C2F8841000221A70044B1A680A
S31508023280044BC3F8D82E70473C390020004001B8D9
S3150802329038390020003000B0194A38B5D36C03F427
S315080232A0E071C02921D003F0C003802B23D1154B2E
S315080232B0154A01255A67302203F580535A670522B3
S315080232C0A3F59033DA6003F580539D6405F09CF804
S315080232D004460E4B29461D610D4B00205B68984734
S315080232E02046BDE8384005F08AB823F4E07343F077
S315080232F08003D364DBE70023C2F88830D7E700BF30
S31508023300004001B8005001B80F00FFFF000002B8E4
S31508023310C43D0020012838B501D0042831D11E4BFE
S31508023320D3F8082122F48042C3F80821D3F80C21E5
S3150802333022F48042C3F80C210122DA6324221A639A
S315080233404FF480725A634FF49C729A63102203F503
S315080233500053C3F88420052201250F4BDA6003F5D2
S3150802336080539D6405F050F804460C4B29461D61AE
S315080233700B4B00205B6898472046BDE8384005F0AD
S315080233803EB83F22074B06285A670CBF064A074A29
S31508023390A3F580535A67DEE7004000B8000002B87A
S315080233A0C43D0020006001B83800FFFF1200FFFF8D
S315080233B04FF604014FF60502044B01201B6C9BB223
S315080233C08B4208BF1346024A136670470080E00F15
S315080233D000C001B82DE9F74F81460F464FF0FF3579
S315080233E0FFF760FA002601908A462C463046DFF837
S315080233F0D8B006F110031B015BF8033003F003088B
S31508023400B8F1010F15D13046FFF764FA02460B46AA
S3150802341001985146FEF7F2FFDBF8643006F108021E
S31508023420D340DB0739D5002F40D000252C463E6015
S3150802343040460136082EDCD160B3234A0027D2F86B
S3150802344008C0916B0CF440330131A4FB01416419A5
S3150802345041F10001B3F5003F30D1536B0CF4405CE7
S31508023460013347F10006BCF5805F22D1156B15F5CD
S31508023470807505FB06F647F1000203FB0266A5FB0B
S3150802348003323244594304FB0212A3FB04341444A4
S31508023490C9E9003403B0BDE8F08FA84271EB040312
S315080234A0C6D207B13E6005460C46C1E73D463C46D4
S315080234B0BEE7320242EA13621B02E3E7136B13F515
S315080234C0807347F10002DDE700C001B8F8B50620AF
S315080234D003F0C9FE044603F0A3FE42F21073041B6E
S315080234E09C42054618D94FF080624F240B4B5A640A
S315080234F041F26F770A4E0BE003F092FE401BB84288
S315080235004FF4837221468CBF00200120FBF706FD8B
S31508023510736C5B01F0D5F8BD1A24E9E7002002B8FE
S31508023520000002B8034B1A6E596E03F500530A409F
S315080235301A66704700800A50FF28F8B506D1FF2997
S315080235404FF0070006D0002967D103E0FF2962D1B0
S315080235500F2862D80026324C324D84F8800084F84F
S315080235608160686940F25D124B2100F00100FBF7A9
S31508023570D5FC11231022AB662B4B6E66C3F8882145
S315080235809A6001213B20F2F7B5FA94F88110274A8E
S3150802359094F880300A432649063341F82320254BFE
S315080235A03E201D68F2F710FB6F08ED070246334608
S315080235B02846394602F01AFB090241EA1061C0F3AD
S315080235C0C05040EA41001C4B2067186B10F580700A
S315080235D005D14FF4D6722B21FBF7A0FC0220024636
S315080235E000230020012102F001FB60673E20F2F76A
S315080235F0EBFA40F649435843000DFF2828BFFF203F
S31508023600022838BF0220002184F88400012000F035
S31508023610EDFC0020F8BD0F2895D92120FAE700BF56
S31508023620003E00B000800A5000E100E0020D0C00E6
S3150802363000800350C838002000C001B870B5FFF7F3
S3150802364045FF0021022000F0D1FC03F0E9FD044603
S315080236500F4D104ED5F8F4331B070BD504F0D4FEE4
S31508023660BDE8704002220C4BDA6001220B4B1A703D
S3150802367004F0C5BE03F0D4FD001BB0424FF4057238
S315080236804FF045018CBF00200120FBF747FCE1E71C
S31508023690000002B83F420F0000C001B8A53A002058
S315080236A0214910B50B78002B3DD001221F4C94F806
S315080236B081300133DBB202FA03F31D4A53661366FD
S315080236C008221C4BC3F8882100230B7003231A4ACD
S315080236D039211364A2F580525364184B40F2C3226F
S315080236E0586CC0F38060FBF719FC4FF48041144A0A
S315080236F0144BC2F89410144AA16FD26E914202BFBB
S31508023700D3F86C21E267D3F86431E06F08BFA4F8F6
S315080237108630B4F8861000F0DDF8BDE810400121C5
S31508023720022000F063BC10BDA53A0020003E00B09E
S3150802373000A00A5000E100E000A00950000002B80B
S3150802374000E001B800C001B800800A5010B504466E
S315080237503E20F2F739FA6043034B00F5F42000F5F0
S315080237609070B0FBF3F010BD40420F002DE9F74F01
S31508023770FFF7ECFF0446FFF7A9FE04F045FE002119
S315080237804B4F054668463970FFF724FE494B80467B
S315080237909E69494BDB6813F0706F1CD1474B5B6916
S315080237A013F0060A17D1E0B1454B611D1868A1FB53
S315080237B000B93E20F2F708FA5346024649465846E9
S315080237C002F014FA009B090241EA106100029842CB
S315080237D0019B994105D3284603B0BDE8F04F04F092
S315080237E00EBE0021022000F001FC03F019FD8146FD
S315080237F0DFF8C4B0DFF8D4A0DBF8F4331B0741D5F1
S31508023800B8F1000F4DD0DDE900893E20F2F7DCF968
S315080238104FEA182141EA09614FEA1923A0FB0198E8
S3150802382000FB0388264B1A6812B9FFF7FFFA02460D
S3150802383000234846414602F0D9F90121214B0134B9
S3150802384093F88130DFF86CC001331F4A361BDFF864
S3150802385080E0DBB201FA03F30644CEF86030CCF816
S315080238606C605366DCF81820DCF86C60241A921B2C
S31508023870A24216D2CEF864300220CEF8603000F0AA
S31508023880B5FBA8E703F0CCFCA0EB0900504540F2D3
S315080238906A224FF045018CBF00200120FBF73EFB50
S315080238A0AAE70222054BDA6001233B7093E700BFC1
S315080238B0A53A002000800A50000002B800C001B8EC
S315080238C0C8380020003E00B000900A503F420F0060
S315080238D000A00A5001232DE9F74F9A4F044697F89C
S315080238E081208A469340984A0E46936697F8802026
S315080238F0964B0546C3F8D8204FF40032944B4FF046
S31508023900000B1A610223DFF85482C8F80C30914B77
S315080239109B6903F1FF39A3EB0903002B40F3D4801B
S315080239200BF1010BBBF1020F57D9EC220D21002036
S31508023930FBF7F4FA4FF08053874A884F53664FF4E1
S315080239400031804BC7F86C51C3E91E950025C7F8AC
S315080239506461A3F8866011617C4AC2F8D85093F86C
S31508023960812001239340784A936604F04DFD2A4646
S315080239702B464FF4807E3E6AD7F864C002F11001E6
S315080239800901795801F00301012910D10EFA02F151
S3150802399011EA0C0F0BD107EB0215B442D5F80C51FC
S315080239A000F2A580AC4202D2AE4280F0A380013278
S315080239B0082AE3D16A4D2968012940F29E803BB163
S315080239C06049B1F882201A43A1F88220604A5366F8
S315080239D003B0BDE8F04F04F012BD012397F8812029
S315080239E05C4D9340584A936604F00EFD4FF08052A0
S315080239F0594B01905A66AB6903F10109C5F86C90F7
S31508023A00D8F83010D8F80830DD036DD5BA6F3E6F96
S31508023A10A9EB0202A2FB06267B6F01F58071A6FBC3
S31508023A2003E5A2FB03C313EB0E03A1FB03EC45F16B
S31508023A30000501FB05CCB2EB0E0266EB0C06120A78
S31508023A4042EA06625244B2EB112F4FEA112603D319
S31508023A50013345F10005921B043E964228BF1646DD
S31508023A60C8F8186097F88520D8F82010E318D2B25B
S31508023A7045F100058C42D8F8381084BF02F1FF32AE
S31508023A80D2B2481C0ED04FF0000E01F1010C994239
S31508023A907EEB050008D20132B3EB0C03D2B265F114
S31508023AA00005F4E72A44D2B21D4602F0030287F85B
S31508023AB08520C8F82030012397F881200198934081
S31508023AC0284A936604F09BFC224B9B6900BF00BF01
S31508023AD000BF00BF00BF00BF00BF00BFD8F8642008
S31508023AE0D2007FF518AF25E756462546E3E7AC42EE
S31508023AF0BFF45AAF19438BB259E71B4A1478142CF0
S31508023B0001BF0024194E14703470147801341470ED
S31508023B10002B3FF45DAF0B4EB6F882401C43A6F865
S31508023B2082400B4C6366114C23780133DBB2022BBD
S31508023B3023707FF44DAF002301312960137023707F
S31508023B4046E700BF003E00B000A00A5000800350BE
S31508023B5000D001B800800A5000E001B800C001B8E0
S31508023B606C38002000900A50A73A0020A63A002096
S31508023B704FF00052014B1A60704700BF00E100E0A7
S31508023B804FF00052034BC3F88020BFF34F8FBFF3A9
S31508023B906F8F704700E100E0F8B50B46002213F874
S31508023BA0044B944225D91D68854224D106245A79A4
S31508023BB01D79124B88181E6804FB0503104F33F84B
S31508023BC0063C7B43B3420ED900238A5A7A4396426D
S31508023BD002D804FB0300F8BD9D42FAD9013304FB5F
S31508023BE003F2825AF2E740F247423D210020FBF7F0
S31508023BF095F90020EFE708330132D2E77039002041
S31508023C0040420F002DE9F04F4FF0000EA2FB016B68
S31508023C10DFF8F4C2DFF8F48216EB0C0C1F466BF1E0
S31508023C200003E0457EEB030383B009D240F23E224D
S31508023C300E217046FBF772F9022003B0BDE8F08F39
S31508023C40D7F814A00C4615468146BAF1000F04D0DF
S31508023C50DAF80030032B00F29A809E4B9E4A9B6B41
S31508023C60D2F8FCA0C3F314089C4B1B6F5A074EBF2D
S31508023C704FF440039B0503F0E07348EA0308984BA8
S31508023C80D3F8EC305B0048BF48F0807848EA4568CC
S31508023C9003F0E8FF012D0246CED10028CCD0914B85
S31508023CA0984200F0858003F5122303F5F8639842DB
S31508023CB000F090808C4B984200F0EB800025019032
S31508023CC02B4600204FF0007101F090FF2B46019A17
S31508023CD0013006FB03F300FB0B33A6FB006003442B
S31508023CE0C8F31300A0FB0221203300FB05119B0930
S31508023CF03B607E4BD20C1C6042EA41317C4B18F485
S31508023D00801F08BF494219607A4B0C441C60BAF1FD
S31508023D10000F5BD00023DAF81C5018F0807F18BF1A
S31508023D206408BB607B60002D46D099F82720073AC5
S31508023D30012A41D9694ED6F83C21D0027FD4DAF855
S31508023D400000002C00F0A980B4FA84F1072900F3D8
S31508023D50A480C1F1080325FA03F304FA01F1013339
S31508023D60B1FBF3F14B004FEA442C0133E40D01E0B9
S31508023D7002330131A5FB0362B44574EB0202F7D2A2
S31508023D80C1F30E031B0343F00063BB6016E0042B6A
S31508023D90DAF828807FF47CAF18F0807F14BF4FF4DE
S31508023DA0400308F0E07328F0E07848EA03086FE772
S31508023DB0002351481D468CE7DAF80000002306283E
S31508023DC0FB603B6102D9DAF830303BB9002003B018
S31508023DD0BDE8F08F002349481D467AE703F042FF03
S31508023DE0DAF83010FFF7D8FE044610B18378002BB4
S31508023DF056D103F005FFDAF83010FFF7CDFE044678
S31508023E000028E3D08378002BE0D0407940F2735241
S31508023E10003818BF01203D21FBF780F8207940F2CF
S31508023E20745200384FF03D0118BF0120FBF776F8AF
S31508023E30237962791B0243EA02133B61C6E781EAE8
S31508023E40E172A2EBE1722E49C8F3815811F808C053
S31508023E5019464FEA8C6C6008CCFB0201224601F037
S31508023E60C5FE0346DAF800000E280ED9194A916BE8
S31508023E70B26CD6F83C61D20607D501F4801106F475
S31508023E800016314308BFC3F58013C3F313037B60DF
S31508023E9057E700231B481D461BE72B4621025FE70F
S31508023EA040794FF4AB62003818BF01203D21FBF779
S31508023EB035F8207940F25952003818BF01203D21C1
S31508023EC0FBF72CF8237962791B0243EA0213FB609B
S31508023ED08FE700BF008001B8004F00B0004001B86C
S31508023EE0000002B800F04902005A6202783900203E
S31508023EF074390020703900200A3BB2DF313641DCC2
S31508023F0004C00208D694BFD6006CCA88807C814A4F
S31508023F1010B5044686B059B9214B4168D3F8FC302E
S31508023F20827A2048059300686B46FFF76BFE69465E
S31508023F301D4B0A685A631A4BD3F8FC3033B34B68E5
S31508023F4043B11A4B1A4AC3F83C214A68A3F580536F
S31508023F50C3F83C218B6843B1144B164AC3F81C219B
S31508023F608A68A3F58053C3F81C21134AC868D2F895
S31508023F70983123F4EE630343C2F89831D2F89031AC
S31508023F80096923F4EE630B43C2F8903100202289B3
S31508023F900A4B9A6203F5A033186406B010BD00BF37
S31508023FA0004F00B040360020008001B8006001B81A
S31508023FB0FFFF0F0000F0FF0F000002B8004000B834
S31508023FC0074BD3F88022D20707D55B6E002B4FF436
S31508023FD08043B4BF034A044A13650020704700BFF2
S31508023FE000800050002002B8001002B8064B1A6C76
S31508023FF09207FCD4022240EA01205860034B1A6455
S315080240000122034B1A70704700C002B800D002B8EA
S31508024010A83A00202DE9F041364F0646FB68C3F35D
S315080240200363022B64D103F0FBF80546DFF8DC8054
S31508024030BC6A14F4802449D104F0E6F9FB68054603
S31508024040C3F30363022B3BD1304602F0DBFF28B1F0
S31508024050294B93F8F4200AB183F8F5400022274B3E
S3150802406083F89C20234B5B6C98053DD5224BD3F8ED
S31508024070DC3059889A68C90748BF1821D66848BFEC
S31508024080927806F4000044BF01FB023303F10C02E6
S315080240901B4B06F008069B6993608022194BDA606F
S315080240A038B14FF4003203F5A043CF20DA61FEF7A8
S315080240B003F9CEB14FF40072134B5A6402229A6086
S315080240C0284604F09CF92046BDE8F08103F0A8F8DA
S315080240D0401B40454FF064024FF047018CBF002059
S315080240E00120FAF71BFFA3E78022024B1A61E7E7D2
S315080240F00224E8E7000002B8003E00B0003F00B024
S3150802410000C000B800C001B8002002B83F420F0044
S3150802411010B590B10468012C0FD902696AB1116809
S31508024120094B102C196051685960916888BFD2688A
S31508024130996094BFD960DA6010BD10220021024846
S3150802414001F045FFF8E700BF803900201B4B2DE937
S31508024150F0410D4616461C6858B34FF47A7343432A
S315080241608A68A3F6AC539B1A4A689B1A144AD8174C
S315080241701168144FA1FB033201FB002213F180736D
S3150802418042F100025B0E43EAC213803B33620E4BD6
S31508024190D3F8C43073623B6873B1204602F032FF2B
S315080241A050B1324629463B68D4F8E400BDE8F041EE
S315080241B018474AF6C873D9E7BDE8F08140360020A9
S315080241C0903900207C390020003F00B0084BC11707
S315080241D01A68A2FB000302FB013310F1807043F157
S315080241E00003400E40EAC310803820EAE0707047A8
S315080241F0903900200722194B70B51A64184B194AD0
S315080242001D68194BEC08E005C0184FEA153141F153
S315080242100001002301F0EAFC144B154E18601548FC
S31508024220FFF7D4FF4042C6F8DC0049F65800FFF70C
S31508024230CDFFC6F8A8001048FEF76EFB024660B12D
S31508024240E301500818184FEA15714FF0000341F1BF
S31508024250000101F0CBFCC6F8B40070BD000002B83C
S31508024260C838002065CD1D00B2E60E009039002040
S31508024270003F00B07011010040420F0048B14FF4F0
S315080242807A72054BDB6802FB0030A0F5FA50FFF79D
S315080242909DBF47F23050FAE78039002010B5044630
S315080242A098B10B4BD3F8FC00FFF732FF4FF47A7341
S315080242B003FB04F0074BA0F6AC50DA689B6810447F
S315080242C0C01ABDE81040FFF781BF4AF6C870F8E782
S315080242D0004F00B080390020F8B504460846154656
S315080242E01E46FFF715FF3CB306F0020716F0040652
S315080242F023D10FB3204600F07DF828636069FFF7E3
S31508024300BDFFE862C6B1A068002843D04FF47A73AD
S315080243105843A0F5FA50FFF759FF68614FF47A70CF
S31508024320236858432BB11D4B1B6803F51C531033E6
S315080243301844FFF74BFFA861F8BD206920B34FF474
S315080243407A735843154BA0F6AC509B68C01AFFF710
S315080243503DFFA862A08BD0B14FF47A7358430F4B36
S31508024360A0F6AC509B68C01AFFF730FFE8612A46F0
S315080243700A49E068FFF7EAFE0021A069FFF78EFF07
S315080243806863002FBFD0B5E74AF6C870DFE74AF67A
S31508024390C870E9E747F23050BDE700BF8039002010
S315080243A070B5064608461C4602F064FF0546D6F86E
S315080243B0F00000F011F84368054A002BA8BF4FF435
S315080243C0FA721A44034B601992FBF3F2104470BD59
S315080243D00CFEFFFF18FCFFFF40B10368012B05D94D
S315080243E00069034B002808BF184670470048704703
S315080243F00CC0020843684FF47A7058432BB1044B39
S315080244001B6803F51C5310331844FFF7DFBE00BFC1
S315080244108039002070B588B06D46184C0FCC0FC590
S3150802442094E80F0085E80F00FC220021144801F0E9
S31508024430CEFD94220021134801F0C9FD2022002155
S31508024440114801F0C4FD02F09AFF104B1B783BB1EC
S315080244506D460A4E0FCD0FC695E80F0084E80F0089
S315080244600C220B490B4801F0D1FF0B4B0B4AD3F830
S315080244707831C3F38243D36708B070BDE03F00B01A
S31508024480703E00B06C3F00B0E04F00B0943A002096
S315080244901CC00208C83E00B0000002B8003F00B0C7
S315080244A0064BD3F8080F064B9B6C1A0103D4054B2F
S315080244B09B6E1B0401D500F580707047003000B072
S315080244C0000002B8004000B810B503F09DFF0E21A7
S315080244D004460320FEF75CFD40F20122034B204608
S315080244E0BDE81040DA6203F08ABF00BF004000B898
S315080244F0064B00201B6893F82430DB0902BF03220F
S31508024500034BC3F85022FBF775B800BF40360020AC
S31508024510006001B8012370B5074C2370074B1E686B
S31508024520074B3240D3E9005319402840FBF79AFD5E
S315080245300023237070BD00BFAD3A002098390020D1
S31508024540482B0020024B5868C0F3C000704700BFD2
S31508024550482B002010B50446FEF734FC00F0F4FEA2
S315080245602046FCF743FFFEF7B7FBFDF7C5FEFDF74E
S3150802457037FFFFF73FFE13490723134AD1F8FC100A
S3150802458004F58270FFF7A8FE4FF080710020FEF74F
S31508024590E3F94FF000720D4B4FF400110120C3F8F6
S315080245A00021FEF7D9F9FEF703FF20B940F22312DC
S315080245B01421FAF7B3FC02F0E0FEBDE81040012030
S315080245C0FDF762BD004F00B0A43F00B000D001B8AD
S315080245D08023074A5364082340B15364054AD2F834
S315080245E0D83E23F02003C2F8D83E7047024AF4E7C1
S315080245F0001002B8003000B0002002B810B503F06F
S3150802460003FF012104460020FFF7E2FF044B19616C
S31508024610044B5B6898472046BDE8104003F0EFBE9E
S31508024620000002B8C43D0020F0B583B01446064621
S31508024630FFF7C6FCFBF71AFF002800F0A980594BC2
S315080246405D6915F0060540F0A38003F0DDFE2379C7
S315080246500095022B054647D1237B022B33D0032034
S31508024660FDF7E2FF20B9504BDB685B0440F192800C
S31508024670A37B277B003B18BF0123A2684B49012F66
S3150802468001920B706FD000F051FE0420FDF7C8FEB0
S315080246900420444E0223716F3A4621F0F85121F460
S315080246A0F81141F0506141F4803171670DEB000158
S315080246B0FDF7D4FE0446002860D0012030223C498A
S315080246C03C4B08701A653C4E3368984721280446C5
S315080246D004D101210020736898470024284603F074
S315080246E08EFE204603B0F0BD0320FDF79DFF00288D
S315080246F050D12279D6F80C31012A226830D0D01A44
S3150802470000900020274B2D4A2D495A679867637BEC
S315080247102C4A23F040000028C3F380130B700CBF09
S31508024720012300231370284B274AD3F8D83E4FF0AB
S3150802473003000CBF43F0200323F02003C2F8D83E3F
S31508024740FDF76EFE174B214A03205A676946012375
S315080247502279FDF783FEF8B101221D4B1A707BE719
S315080247609A42CDD3CBE72379022B8CD0009BD6F87D
S315080247700C1100270B441344019384E70320FDF729
S315080247804FFE28460D4A124B72671C7003F037FE1D
S315080247900E24A6E72846F9E7284603F030FE212428
S315080247A09FE700BF00C001B8000002B8B23A002075
S315080247B0AF3A0020001002B8C43D002000000101F3
S315080247C0B03A0020B13A0020003000B0010C0100D6
S315080247D0AC3A0020F8B5194C0546207840F27D22FD
S315080247E0B0FA80F03E214009FAF798FB55B960788D
S315080247F040F27D22BDE8F840B0FA80F03E21400939
S31508024800FAF78CBB4FF440660D4F0E4DD7F80831B8
S3150802481040F27D22C3F381232370C5F808616078CC
S315080248203E21B0FA80F04009FAF778FBD7F80C3146
S31508024830C3F381236370C5F80C61F8BDA93A002059
S31508024840004000B8006000B8A82238B51C4B5D6C61
S3150802485003F500535A6410229A60A3F5804302F1C5
S3150802486000521A675A6600F0B9FF164B1B7813B93D
S315080248700320FDF7D5FD0024134B9C6700F0D4FFF7
S31508024880124A134BD2F8081F0B40C2F8083F0422FB
S31508024890104B5A64104BAA06C3F8E04009D503F533
S315080248A08073D3F89030B3F5817F22BF8022044B00
S315080248B01A61FCF769FA0022084B1A7038BD00BF64
S315080248C0000002B8AC3A002000C001B8003000B0BF
S315080248D0DF0000FF002002B8003E00B0AB3A00201D
S315080248E00D4A10B5D2F8A030D2F8A4100B40B3F195
S315080248F0804F0CD34FF040400849094CC1F8A40038
S31508024900D467C1F8A0004FF48021064AD161034A50
S31508024910C2F8A03010BD00BF004000500060005031
S315080249200000FF01001002B8044B1B7823B9044BA0
S31508024930D868C0F38030704701207047AB3A002030
S31508024940000002B89E4B2DE9F04F9A6EDB6E85B0D9
S3150802495002EA03089B4BC3F868804FF03A43D3F840
S315080249601461D3F818311E40974BC3F81461974B5C
S315080249709A68DB6802EA030A954BC3F808A003F5AE
S315080249802043DA691B6A02EA0309924B09F47702A1
S31508024990DA61914BD3F80422110706D4D3F804310D
S315080249A01A07C3F3C00740F1E98003F02DFD8B4BCC
S315080249B05A695F6E1B6F12F0060F07EA0307884AE9
S315080249C027F0007323F4006314BF4FF0010B4FF076
S315080249D0000B53667B0706D5824A92F88530013367
S315080249E0DBB282F8853003F00AFDB8F1000F00F059
S315080249F0E38018F400442BD003F006FD0146FFF7C6
S31508024A004FFD0446784B1D682A682B689A42FCD0EB
S31508024A102A689A42FCD0FFF743FDA04240F0B080D4
S31508024A20084603F0ECFC714B1C60714B5D6C15F487
S31508024A30E05240F0A78024F07F4424F0DF040CB94A
S31508024A40FFF702FF6B4B01201B6898474FF08074F3
S31508024A5018F0020F4FF0000514D0654B5D495B6CE8
S31508024A6003F460424A64002A00F0A0801D0400F1A3
S31508024A70A08013F4005F0CBF4FF000534FF00063A1
S31508024A8000251C43C8F340384FEA48085A4B3340BE
S31508024A90002B4BD016F4206F0AD040F2BC520621E6
S31508024AA00020FAF73BFA002000F01CFF26F48026C5
S31508024AB0F00506D5FF22474B44F4C0649A60FFF717
S31508024AC003FD16F0090F0BD040F2D152082100203F
S31508024AD0FAF724FA00F0FAFE4FF03A4301225A6333
S31508024AE016F0106F0CD040F2DA5209210020FAF7BC
S31508024AF015FA00F0EBFE002211461046FCF77EFD81
S31508024B0016F4202F0AD040F2E25207210020FAF7C3
S31508024B1005FA002000F0E6FE26F48026F10301D508
S31508024B20FCF7BEFE002EB8BF48F0080872070ED57D
S31508024B304FF03A431B6B13F4005F4FF4005317BF51
S31508024B40214A2E4A136344F4000408BF136373050B
S31508024B5048BF44F0040416F48023019300F0B7809A
S31508024B60FCF754FE013806284AD8DFE810F03E0161
S31508024B7041013E01440147014A014A01BB4634E765
S31508024B80044641E70192FFF75FFE124B019A5A6407
S31508024B9015F4805307D115F4806F0CBF4FF080547B
S31508024BA04FF0806454E74FF0804451E74FF00073AA
S31508024BB066E74FF0004363E74446454666E700BFAB
S31508024BC0004000B8006000B8002000BA004001B8F2
S31508024BD0006001B8002002B800E100E000C001B898
S31508024BE000E001B8003E00B0B8BF020894390020C0
S31508024BF0000002B8DC3D0020090B0B89001000BA40
S31508024C0040F2136203210020FAF788F94FF03A427C
S31508024C100121D2F88C30D2F8AC0003F00703063330
S31508024C2001FA03F3C0F30C001B1A9BB2072B12D925
S31508024C307E4B5B6C58020ED47D48D36CD26E406DA7
S31508024C4058B103F0070306339940C2F30C03C91A95
S31508024C5089B2072901D844F40074764B1B78002BD5
S31508024C6035D04FF03A43D3F8143113F4A02F2ED18E
S31508024C70714B724A1B7893B9FB0410D4137873B13B
S31508024C80E3086F4943EA457383F00103D1F8081F25
S31508024C9003F001035B0021FA03F3980717D10420F6
S31508024CA0FDF7BEFB674B6849596700F03FFB634A4D
S31508024CB0137843B9654B1B782BB1654B654A1B685C
S31508024CC02340134201D144F4804427F48057BAF1B1
S31508024CD0000F27D01AF4805F18BF44F480241AF410
S31508024CE0807F18BF44F400241AF4005F18BF44F00A
S31508024CF010041AF4007F18BF44F020041AF4806FD7
S31508024D0018BF44F040041AF4006F18BF44F0800438
S31508024D101AF0805F06D0504B0021186845F480557A
S31508024D20FBF7D4FBB9F1000F3ED019F4802F18BF58
S31508024D3045F4007519F4803F05D0484B03201B68DB
S31508024D4044F48054984719F4801F18BF44F4003479
S31508024D5019F4001F18BF44F0020419F4003F18BFE3
S31508024D6044F4801419F4800F18BF45F0100519F49D
S31508024D70002F19D0324BD3F8D83E13F0C00F13D0F8
S31508024D802A4AD368C3F30363032B01D0072B05D141
S31508024D90936CD90602D4D36C1B0739D54FF400227B
S31508024DA02F4B29F40029DA61002F00F023813805F8
S31508024DB040F18E802B49234A91F803A02A4BBAF177
S31508024DC0000F57D04FF400600AF1FF3A58665FFAAF
S31508024DD08AF3CB7033B9254B1B78E3B140F601420F
S31508024DE0234B5A670023002270E044F480340DE70F
S31508024DF044F400640AE744F4806407E744F48074E0
S31508024E0004E7164B02201B6844F008049847FDE69F
S31508024E1044F40014C8E7936F13F4A05F15BF4FF468
S31508024E20807340F6014393659367DBE7000002B897
S31508024E30004000B8AF3A0020AE3A0020B13A00204E
S31508024E40003000B000C001B800000101B03A0020ED
S31508024E50482B0020088D010040360020DC3D00204A
S31508024E60002002B89A3A002000E001B8AC3A0020C5
S31508024E7000D001B80320FDF7D3FAA54AA54B52691B
S31508024E8012F0060F76D05046FDF786FC4FF4006105
S31508024E90A04B9F4A596653699F4813F0060308BFF9
S31508024EA09367B0F882309D4913F4006266D023F402
S31508024EB00063A0F882300B7803F0FF0A002B61D159
S31508024EC0FDF756FDFFF7C0FC534620221C43154347
S31508024ED0B90009D52E20FDF7EFF94FF000528D4B98
S31508024EE045F008051A675A66FA0608D52B20FDF713
S31508024EF0E3F91022874B45F400151A675A6617F02C
S31508024F00306F05D1FB0469D5BBF1000F00F0BF80F5
S31508024F10380115D52920FDF7CFF9814B8149DB6880
S31508024F2003F48042C3F380330B70FFF70BFB28B1FF
S31508024F307D4B78497D484B66036732BB45F00405CD
S31508024F4017F0007B2ED00420FDF76AFA2720FDF71A
S31508024F50B3F9FFF779FC4FF000726E4B5A66744B41
S31508024F60D3F8082F52067AD40222724B9A6045F079
S31508024F7002052EE041F61F725A6787E70B784FF44F
S31508024F800053A3E74FF400432DE70B6720204B6637
S31508024F90FDF792F945F400152D2045F00C05FDF7AD
S31508024FA08BF9CDE717F0807FDFF864A142D00420A1
S31508024FB0FDF736FA2820FDF77FF9DAF87830002B64
S31508024FC035D1FFF741FC534B574A45F001051A679D
S31508024FD05A66FFF78DFA00224D4B9A65BB0409D52E
S31508024FE0554A5379002B00F0CC80013B53710023BC
S31508024FF048EA0308424620462946FFF78BFA019BF0
S315080250000BB1FCF73BFC4FF000424C4B06F0043662
S31508025010C3F814614A4B19F4002FC3F880211EBF46
S315080250204FF40022434BDA6105B0BDE8F08FCAF8A7
S3150802503078B0C8E7F904CED50420FDF7F1F9414B5B
S31508025040CAF87430FDF794FCDAF8643013F0407F3E
S31508025050C1D12A20FDF730F9FFF7F6FB7FE7D3F82F
S31508025060D83E9B0683D40222374B9A60374B1B687D
S3150802507093F8253098077FF57AAF274B93F8F430E3
S31508025080002B3FF474AF8022254B1A616FE72A4A38
S3150802509013794BB1013BDBB2137113B9234B2C4A7B
S315080250A05A6700231C4399E70420FDF7B9F9032040
S315080250B0FDF7B6F9164B234A5A6703F0A5F9824655
S315080250C00DF10F00FEF720F8224B83461B780BB131
S315080250D0FFF7FAF9BBF1030F0ED1DFF844B000204F
S315080250E0FEF712F8032807D1DBF82830D907F6D4D9
S315080250F0DBF84830DA03F2D49DF80F30032B2DD1B2
S315080251000122154B50461A7003F079F9C9E700BF18
S3150802511000C001B800E001B8003E00B0AC3A002079
S31508025120000002B8AB3A00201000002000D001B8F7
S31508025130003000B0002002B89A3A0020002000BAD7
S3150802514000E100E000000101001002B8403600202C
S315080251500000010DB23A0020AE3A00204FF03A4361
S31508025160D3F8143113F4A02FCAD100F0DFF8504651
S3150802517003F045F9054B03201B6898474FF4804313
S3150802518090E70520FDF74CF9012331E7DC3D0020C5
S315080251900122024B1A62DA61704700BF002002B888
S315080251A0094A08B5D369116A0B40084923F47F00F6
S315080251B0DB07C86106D5D1684FF0FF30C1F303613A
S315080251C002F0E6F808BD00BF000002B8002002B8E7
S315080251D00C4A08B5936CD26C13400B4A9364DB07EE
S315080251E00FD50A4B40F66D021878122100F001001D
S315080251F0F9F794FEBDE80840002201200021FFF7D6
S3150802520089B908BD00C000B800E000B8482B0020E4
S3150802521070B5154D2C6C6B6C1C40144B24F00202B5
S315080252201A64E20705D540F6D40200202968F9F780
S3150802523075FEA30716D502220C4B1A640C4A6B6834
S3150802524014687CB1DBB2042B07D100220121094B79
S3150802525018682346BDE870401847052B02D100227C
S315080252601146F4E770BD00BF0080095000A009503E
S315080252709C3800204036002038B50B4C0B4DD4F82C
S315080252808430DB0706D4A36FD4F884201340084A77
S31508025290936738BDD5F804315A06F0D5FFF7B8FF3B
S315080252A04023C5F88431EAE7008001B800E100E04E
S315080252B000A001B808B503F0A7F80E4B1A78A2B9F0
S315080252C00D4A126812F4843F0FD10C4A1021116557
S315080252D01B7863B9084B1B68DB0508D4074B2022E9
S315080252E01A65BDE8084003F08AB8054AEEE7044B9A
S315080252F0F5E700BFAF3A0020482B0020002002B88D
S31508025300001002B810B503F07FF80E2104460320F8
S31508025310FDF73EFE40F20122034B2046BDE810404F
S31508025320DA6203F06CB800BF004000B80022044BF2
S315080253301A70044B197811B11A70FFF7BBBF704780
S31508025340AE3A0020AF3A002038B503F05DF84FF0C8
S315080253508043244C0546C4F88030BFF34F8FBFF311
S315080253606F8F4FF00043C4F88030BFF34F8FBFF3FF
S315080253706F8F0123C4F88430BFF34F8FBFF36F8F4B
S315080253800223C4F88430BFF34F8FBFF36F8F042311
S31508025390C4F88430BFF34F8FBFF36F8FFEF7F0FB6D
S315080253A00823C4F88430BFF34F8FBFF36F8F1023DF
S315080253B0C4F88430BFF34F8FBFF36F8F2023C4F82E
S315080253C08430BFF34F8FBFF36F8F8023C4F88430C6
S315080253D0BFF34F8FBFF36F8F2846BDE8384003F0FF
S315080253E00EB800BF00E100E038B503F00DF8054637
S315080253F04FF080430B4C23604FF000432360022397
S31508025400636004236360FEF7B3FB0823636010231B
S31508025410636020236360802363602846BDE83840C2
S3150802542002F0EDBF00E100E02DE9F047DDF820A02B
S3150802543003EA0108099B06460D4602EA000703EA43
S315080254400A09BAF1000F40F04F81031F0B4300F01F
S315080254500F81052871F1000380F0E58050EA010307
S3150802546000F07581431E0B4300F02581FFF76CFFA0
S31508025470B84AD2E9004323EA050324EA06043C4370
S3150802548043EA0807B44BC2E900471E6826EA0A0639
S3150802549046EA09061E60FFF70DFF14F02A4F14BFED
S315080254A048F202034FF40043AC4AB007D26EAC4846
S315080254B048BF43F4005383EA020122EA0302C266A2
S315080254C0A84A0B408166D366C4F3804212032103BD
S315080254D048BF42F48072E30648BF42F40052A24B28
S315080254E0A50648BF42F40072600648BF42F48062CD
S315080254F02106D96848BF42F4006282EA010323F012
S3150802550080539A4819401A40C1608360984B17F431
S31508025510007FDA60974B07F4007200F004810122DB
S315080255204FF4802583F8A020E30448BF45F480356C
S31508025530A00348BF45F48015A10748BF45F40015E6
S3150802554014F4001FDFF8688206D0D8F8000001F0CC
S315080255503BFF08B945F40025E20248BF45F4003589
S31508025560FB06854B48BF45F480051A6A834985EAD6
S31508025570020323F001031A400A621D40CB61804BE5
S3150802558016F0010F1D627F4B7F4A18BF1A467F4BE2
S315080255907D071B6F48BF42F000627D4882EA03011D
S315080255A023EA020303677B4B0A4041661A677A4A73
S315080255B004F00103D16CA0F5803081EA030221EAE6
S315080255C00301C16482641A40744B2002DA64D8F873
S315080255D0002048BF724B92F8022158BF714B6107EF
S315080255E048BF43F4806322B114F4C06F18BF43F472
S315080255F0807332074FF03A42BDE8F047D2F81811E5
S3150802560048BF43F0004383EA010222F4A022664817
S315080256101140C0F818111340C0F81421634AC2F8A1
S315080256201831FFF7E1BEA0F580630B4306D020F4DC
S315080256308063A3F500730B437FF418AF02F0E4FE10
S315080256404449D1E9003223EA060322EA050242EA7C
S3150802565008023B43C1E90032554A126892F8021120
S31508025660514A09B313F4C06F1ED04FF4807311E088
S3150802567002F0CAFE374AD2E9003123F004033B435B
S3150802568041EA080157EA0807C2E900314FF4806384
S31508025690454A0BD0C2F81431A2F58052C2F8183125
S315080256A0BDE8F04702F0ABBE4FF48073C2F818317A
S315080256B0C2F81431F4E702F0A7FE264AD2E900310D
S315080256C023F001033B4341EA0801C2E90031012301
S315080256D0384A57EA08071BBF9364A2F58052D36477
S315080256E0D36408BF9364DBE750EA01037FF4BEAED6
S315080256F0BAF1010F7FF4BAAE02F086FE164A1368B3
S3150802570023F0010343EA090313604FF40053204AC6
S31508025710B9F1000F04D05366A2F580521367BFE7AA
S3150802572013675366BCE793F8A01071B183F8A020FB
S31508025730214BD3F8A41003F50053C3F8A410C3F8F9
S31508025740A0104FF05023C3F8A4200025ECE6BDE8CC
S31508025750F08700BF482B002098390020004000B887
S31508025760006000B8005000B8004001B8006001B8F7
S31508025770005001B8003F00B0000002B8002002B88D
S31508025780001002B8043800030418000300C001B868
S3150802579000E001B800D001B800C000B800D000B8D7
S315080257A00D0A0A09090A0A09002000BA001000BAF5
S315080257B04036002000E000B800400050024B18684E
S315080257C000F00100704700BF482B0020024B5868C2
S315080257D0C0F3C030704700BF482B00200A4B197827
S315080257E001F0FF0229B10021197008499202C1F895
S315080257F00821597801F0FF0229B100215970930254
S31508025800024AC2F80C317047A93A0020005000B883
S315080258104FF40062034B5A644FF40042A3F5E03397
S315080258209A667047001002B8F8B5084C084D636CC2
S315080258300423084F6B64636C5B0300D4F8BD04262B
S3150802584002207E6401F0F3FC6E64F4E7000002B8FD
S31508025850001002B8002002B838B5044679B948B132
S31508025860164BDB681B0E13F00E0F04D04FF4C06202
S31508025870134B9A6538BD134B1B6CD907F6D4FFF741
S3150802588041FD0E4D0020FDF73FFC032801D00928F3
S3150802589005D1AB6ADA07F5D4AB6CDB03F2D4FFF7B2
S315080258A0C3FF0122084B5A6102229A62042203F5B7
S315080258B080535A64002CDDD0D8E700BF000002B836
S315080258C0006001B800C002B8001002B808B503218A
S315080258D00920FDF75DFB2022014B1A6108BD00BFB6
S315080258E0000002B838B5054602F08EFD0E4B044696
S315080258F01868FBF7AFFE35B1FFF718FD2046BDE87D
S31508025900384002F07CBD094B1B78002BF6D0084BB9
S315080259101D78002DF2D1FFF709FD2A464FF4804083
S315080259200021FEF7F7FDE9E740360020AE3A0020EF
S31508025930AD3A00202DE9F84F574B06460D46144658
S315080259405B6C002A40F0A48013F0A00F14BF4FF03E
S3150802595001094FF00009FBF717FAA0234FF0000AD6
S31508025960DFF84C810320C8F84430FCF759FD0420BF
S31508025970FCF756FD494FFFF7D9FC494B4FF0040B8C
S315080259807B67C7F878A0FFF74FFF464B4FF4807145
S31508025990D3F8D82E42F02002C3F8D82EFF22C8F830
S315080259A008203D4A1161D3F8082F3F491140C3F830
S315080259B0081FC8F844B0C3F8E0AE7B6913F0060FB7
S315080259C004D0FCF7D5FF5846FCF72AFDB9F1000FBB
S315080259D001D0FFF71DFF66B1344BDB6C180701D403
S315080259E0FFF790FCFFF772FF0420FCF719FDFFF79B
S315080259F0F5FE294B5A69D10748D5DA6812F0706F55
S31508025A00FBD12B4B2B4A5A642B4AD2F8803023F00F
S31508025A10F003C2F8803015B12046FFF763FF274B23
S31508025A20D3F84C315A1C01D05B0002D50122204B17
S31508025A305A615CB31D4BDA6E03F500539A6603F599
S31508025A40D0331B6A1A4A23F00103D3611C4BD96867
S31508025A5003F50053996003F50053D3F8841003F550
S31508025A60005399674FF03A43D3F8181103F50053D8
S31508025A70C3F81411134BD96C03F5005399641249F0
S31508025A8003F5803359664FF608435364BDE8F88F29
S31508025A904FF000095FE700BF000002B800C001B876
S31508025AA000000101003000B0DF0000FF004000B82E
S31508025AB0002002B810003000003F00B00080E00F5E
S31508025AC0004001B800C000B85000002F38B514468F
S31508025AD00D4602F099FC064BD3F8D82E54402C40BA
S31508025AE05440C3F8D84EBDE8384002F088BC00BF1F
S31508025AF0003000B0034BD3F8D83E99430CBF0120BF
S31508025B0000207047003000B02DE9F04117460A43DD
S31508025B10012A1D469DF818409DF81C60DDF8208074
S31508025B2027D8B44225D2082E23D8032B21D8B8F178
S31508025B30000F1ED00A460021FAF7C2FBFF21EB002E
S31508025B409940C943DFF830C008F1FF38FF00E2B2D6
S31508025B50964202D80020BDE8F0813D190CEB850576
S31508025B602A6918F8010F0A4098401043286101343F
S31508025B70EDE72120EFE700BF003F00B0174BD3F84F
S31508025B80D82E12F0010312D0154B93F86430154A39
S31508025B9043F08073C2F8D0304FF4801302F50052F6
S31508025BA0C2F8B430A2F58052C2F8B830704711066E
S31508025BB0EDD40B4B93F8631021B1D20602D593F8B4
S31508025BC06030E4E74FF480120020074B0549C3F81A
S31508025BD0B820C1F8D000C3F8B4207047003000B02E
S31508025BE0003F00B0004000B8006000B853B94AB997
S31508025BF0002908BF00281CBF4FF0FF314FF0FF30C5
S31508025C0000F082B9ADF1080C6DE904CE00F006F891
S31508025C10DDF804E0DDE9022304B070472DE9F04F10
S31508025C20099D0C46002B4DD18A420F46844696465C
S31508025C30B2FA82F360D94BB102FA03FEC3F120022B
S31508025C409F4000FA03FC20FA02F217434FEA1E4667
S31508025C501FFA8EF44FEA1C42B7FBF6F106FB1177E0
S31508025C6001FB04F042EA0742904208D91EEB0202FF
S31508025C7001F1FF3702D2904200F231813946121AF7
S31508025C801FFA8CFCB2FBF6F006FB102200FB04F4AA
S31508025C904CEA024C644508D91EEB0C0C00F1FF32A3
S31508025CA002D2644500F21E81104640EA0140ACEB7E
S31508025CB0040C002125B12CFA03F30022C5E90032AF
S31508025CC0BDE8F08F8B4205D90DB1C5E90001002167
S31508025CD00846F5E7B3FA83F100294DD1A342C0F08D
S31508025CE0F380904280F0F080064623460846002D4F
S31508025CF0E6D0C5E90063E3E7002B40F0A3808A1AE1
S31508025D004FEA1E471FFA8EF60121B2FBF7F407FB8C
S31508025D1014204FEA1C4242EA004206FB04F0904273
S31508025D200FD91EEB020204F1FF382CBF4FF001090E
S31508025D304FF00009904203D9B9F1000F00F0CC8068
S31508025D404446121A1FFA8CFCB2FBF7F007FB102224
S31508025D5000FB06F64CEA024C664508D91EEB0C0C0B
S31508025D6000F1FF3202D2664500F2B3801046ACEB70
S31508025D70060C40EA04409DE7C1F120068B4004FA6E
S31508025D8001FE22FA06F720FA06FCF4408A401F436F
S31508025D904EEA0C0300FA01FE4FEA17484FEA134986
S31508025DA01FFA87FCB4FBF8F008FB104449EA0444DE
S31508025DB000FB0CF9A1450ED93C1900F1FF3A2CBF9C
S31508025DC04FF0010B4FF0000BA14503D9BBF1000FB1
S31508025DD000F08B805046A4EB09041FFA83F9B4FB42
S31508025DE0F8F308FB134403FB0CFC49EA0444A445F4
S31508025DF006D93C1903F1FF3801D2A4457BD843469C
S31508025E0043EA0040A4EB0C04A0FB02984445CC46A6
S31508025E10434602D306D1CE4504D20138B9EB020C69
S31508025E2068EB0703002D6CD0BEEB0C0264EB03048F
S31508025E3022FA01F304FA06F6CC4000211E43C5E90C
S31508025E4000643DE702FA03FEC3F1200104FA03F2F5
S31508025E5000FA03FCCC404FEA1E4720FA01F11FFA6A
S31508025E608EF6B4FBF7F00A4307FB1044110C41EA1D
S31508025E70044100FB06F48C420ED91EEB010100F127
S31508025E80FF382CBF4FF001094FF000098C4202D9A6
S31508025E90B9F1000F2CD04046091B92B2B1FBF7F4B8
S31508025EA007FB141142EA014204FB06F1914207D9A3
S31508025EB01EEB020204F1FF3801D291421ED8444673
S31508025EC0521A44EA004120E7861A64EB03030120CA
S31508025ED00DE7F44402384AE7023C724431E70239D4
S31508025EE07244CCE6F4440238DFE602383C4472E7F0
S31508025EF002387144D0E7023B3C4481E7023C7244D3
S31508025F00DEE72946DCE600BF704700BF10B50C463F
S31508025F10B1F90E10F8F764FA0028ABBF636DA389CE
S31508025F201B1823F48053ACBF6365A38110BD2DE90A
S31508025F30F0411F468B8905460C46DB05164605D5F4
S31508025F4002230022B1F90E10F8F738FAA38932466D
S31508025F50B4F90E10284623F48053A3813B46BDE8C4
S31508025F60F041F7F76FBF10B50C46B1F90E10F8F706
S31508025F7025FA431CA38915BF606523F4805343F4AD
S31508025F808053A38118BFA38110BDB1F90E10F8F78B
S31508025F9005BA2DE9F8430746884614460026D4E989
S31508025FA00195B9F1010905D52468002CF7D13046C7
S31508025FB0BDE8F883AB89012B07D9B5F90E30013351
S31508025FC003D029463846C04706436835E9E70244FE
S31508025FD00346934200D1704703F8011BF9E770475D
S31508025FE0704770479368013B002B936010B408DA38
S31508025FF09469A34201DB0A2903D15DF8044B00F038
S315080260001AB81368581C1060084619705DF8044BD4
S315080260107047F8B506460F461446D518AC4201D164
S31508026020002007E03A4614F8011B3046FFF7DAFF6C
S31508026030431CF3D1F8BDF8B50E461446054618B109
S31508026040036A0BB9F7F7D4FEA369A360A3891A07F3
S3150802605001D5236943B921462846F8F71DF818B130
S315080260604FF0FF373846F8BD2368F6B2226937463D
S31508026070981A6369834205DC2146284600F00EF920
S315080260800028EDD1A368013BA36023685A1C22604D
S315080260901E70431C62699A4204D0A389DB07E1D5C4
S315080260A00A2EDFD12146284600F0F8F80028D9D072
S315080260B0D6E72DE9F047164698468A6807460B69D9
S315080260C00C46DDF820909342B8BF1346336091F828
S315080260D043200AB1013333602368990642BF336805
S315080260E002333360256815F0060506D104F1190A4C
S315080260F0E36832689B1AAB422BDC94F84330226879
S31508026100003B18BF0123920630D404F143024146EC
S315080261103846C847013023D023681A3454F80A2C63
S3150802612003F00603042B0ABF54F80E5C00253368F5
S315080261304FF0000608BFED1A54F8123C08BF25EACC
S31508026140E5759342C4BF9B1AED18B5421AD10020D1
S3150802615008E00123524641463846C847013003D172
S315080261604FF0FF30BDE8F0870135C1E7E1185A1C48
S3150802617030200233224481F8430094F8451082F80D
S315080261804310C2E70123224641463846C847013032
S31508026190E6D00136D9E7B1F90C202DE9F041170707
S315080261A005460C4656D44B68002B02DC0B6C002BBA
S315080261B03DDDE66A002E3AD0002312F480522F689B
S315080261C0216A2B6025D0626DA389580705D56368B5
S315080261D0D21A636B0BB1236CD21A216A0023E66AC0
S315080261E02846B047411C24D00023636023692360F4
S315080261F0A389DA0400D56065616B2F60B9B104F131
S315080262004403994202D02846E0F793FC00236363CD
S315080262100DE001232846B047461C0246D4D12B6816
S31508026220002BD1D01D2B01D0162B2AD12F6000208E
S315080262302EE02A68B4F90C3042B11D2A01D0162A7A
S3150802624021D10023636023692360D5E7626022694E
S315080262502260CEE70F69002FE9D093070E680F6018
S315080262600CBF4B690023A6EB07088B60B8F1000F39
S31508026270DDDD43463A46216A2846A66AB047002823
S3150802628008DCB4F90C3043F040034FF0FF30A38129
S31508026290BDE8F0810744A8EB0008E7E738B50B69C3
S315080262A005460C4613B90025284638BD18B1036AB7
S315080262B00BB9F7F79DFDB4F90C30002BF3D0626EDB
S315080262C0D00704D4990502D4A06DFFF789FE2846A3
S315080262D02146FFF760FF636E0546DA07E4D4A38911
S315080262E09B05E1D4A06DFFF77CFEDDE7C9B2034644
S315080262F0024410B59342184601D1002003E00478FF
S3150802630001338C42F6D110BD062008B5F8F77AF8A3
S315080263100120E0F770FD884210B501EB020402D9AC
S315080263208442234607D8431EA14208D011F8012BFE
S3150802633003F8012FF8E7024401468A4200D110BD4C
S3150802634013F8014D02F8014DF7E770B50C46B1F99D
S315080263500E1096B0154600291E460CDAA3890021AE
S3150802636013F0800F14BF40234FF48063002031607E
S315080263702B6016B070BD6A46F8F74CF80028EDDBBC
S31508026380019901F47041A1F50053594259414FF45C
S315080263908063EBE78B89F7B59D0706460C4607D55A
S315080263A004F14703236023610123636103B0F0BD4F
S315080263B001AB6A46FFF7C9FF009F054630463946D4
S315080263C0E0F7ACFB48B9B4F90C309A05EED423F0E1
S315080263D0030343F00203A381E2E7A389206043F0A3
S315080263E08003A381019BC4E904075BB1B4F90E10CB
S315080263F03046F8F721F828B1A38923F0030343F0BE
S315080264000103A381A3891D43A581CFE70A44431E3D
S31508026410914200D1704710B511F8014B914203F829
S31508026420014FF9D110BD1F2938B505460C4604D9C6
S31508026430162303604FF0FF3038BDC26B12B152F813
S3150802644021304BB9284600F016F82246014628465E
S31508026450BDE83840F8F700B8012B0AD0591C03D119
S31508026460162303600120E7E70021204642F824109C
S3150802647098470020E0E7E0F7C1BC10F8012B11F8B5
S31508026480013B012A28BF9A42F7D0D01A7047034621
S3150802649011F8012B03F8012B002AF9D1704730B500
S315080264A014469BB005461A46002C05DA8B23036070
S315080264B04FF0FF301BB030BD4FF4027300910491C8
S315080264C06946ADF80C3014BF04F1FF332346029334
S315080264D005934FF6FF73ADF80E301E9BF8F728F8B2
S315080264E0431CBCBF8B232B60002CE3D0009B0022ED
S315080264F01A70DFE7034613F8012B002AFBD1181A94
S31508026500013870472DE9F0471F468E6882460C46C9
S31508026510BE4290460B682DD8B1F90C2012F4906F42
S3150802652026D06569096905EB4505A3EB01097B1CBC
S3150802653005EBD5754B446D109D4238BF1D46530574
S3150802654027D52946E0F7EAFA064660B34A4621699C
S31508026550FFF75CFFA38923F4906343F08003A381CA
S3150802656026614E446561A5EB090526603E46A5608F
S31508026570BE4200D93E46324641462068FFF7CBFE68
S31508026580A36800209B1BA360236833442360BDE8ED
S31508026590F0872A46E0F7FCFA06460028E0D1216988
S315080265A05046E0F7C6FA0C234FF0FF30CAF800301F
S315080265B0A38943F04003A381E9E70220704702203A
S315080265C070470020704701207047002070470E2050
S315080265D07047FAF719BC08461146012200F088B836
S315080265E070B50C4611461A46F8F7B0F8059B049E94
S315080265F00493456933462046AC46BDE87040604779
S3150802660010B5F8F7A3F8BDE810408369084618479D
S3150802661000F0BCBBF9F77ABAF9F746BC00F010B934
S3150802662008B500F08EFB002008BD00F0DFB800F0C8
S31508026630F0B8F9F707BD70B504460D4616464FF48D
S31508026640881100F048F9324629462046BDE87040CE
S31508026650FAF75EBE431E012B03D9031F584258415F
S3150802666070470120704700F0C4BD4FF4E072002164
S31508026670FFF7ADBC0846FCF7C3BA70B50446F9F78E
S3150802668087FD0546A8B9A169F1B1238AD3B1204687
S3150802669004F1100200F019FC38BBE16919B3638AE8
S315080266A0A3B1204604F1120200F0E4FB78B10546D4
S315080266B003E00023A3612361E361002328466361A3
S315080266C0236270BDA061E8E72082E6E7E361216AFA
S315080266D00029F2D0A28A002AEFD02046E38ABDE832
S315080266E0704000F086BB6182F1E76582E561DEE70C
S315080266F0F9F72ABF0A7838B505461046FFF7AAFF02
S3150802670060B14C782046FFF7A5FF38B122435307FC
S3150802671004D42846BDE83840F9F794B8212038BD94
S3150802672010B504460878FFF795FF58B14A7810461F
S31508026730FFF790FF30B1042A04D02046BDE8104086
S31508026740F9F79EB8212010BD00F069BA704711B951
S31508026750D0F8E81021B1CB6813B18B68D889704795
S315080267604FF6FF70704710B5F8F7FCF8044608B9FB
S3150802677000F043FD204610BDF8F7FEBE00F09BBAB6
S31508026780D0F8EC300BB90E2070474FF6FF72038E25
S3150802679093420B80F7D000207047F8B506460D469F
S315080267A0F8F7E0F8D8B94FF6FF734FF0240CEF6804
S315080267B0C1B28F4208D81C4621463046F8F784FAF9
S315080267C000F01BFD2046F8BDAA680CFB0122D489FD
S315080267D09C4202D2002CEFD023460130E8E74FF65E
S315080267E0FF74EFE7008E704700F056BA38B50446D4
S315080267F00D4600F0E8F850B129462046F8F764FA43
S3150802680030B929462046BDE83840F8F745BF0E207C
S3150802681038BD70B504460D46164600F0D4F858B190
S3150802682029462046F8F750FA38B93246294620460C
S31508026830BDE87040FDF7F8BE0E2070BDFEF774B8CD
S31508026840062AF8B504460F4615461E4624D8F8F712
S31508026850AFFE18B320463946F8F736FA0446B0B9F9
S31508026860012102460846FFF743FF204600F0C3FC13
S31508026870FCF7ACFC3046F8F747FE062D284608D04A
S315080268806FF029032B41DB0703D4FCF705FD2046ED
S31508026890F8BDFCF73FFDFAE72124F8E70224F6E7FC
S315080268A000F03FBBF9F706B800F037BA0020704788
S315080268B00846FBF783BB00F037BB38B504460D46DE
S315080268C001F0A2FD0023C4F89C50C4F89830BDE834
S315080268D0384001F094BD38B504460D4601F094FDE2
S315080268E0D4F89C301D40D4F8983023EA0505C4F83C
S315080268F0985001F084FD284638BD73B50D780646D2
S315080269000C4635B304238DF804302379304601A9A1
S315080269108DF80530FFF704FF0546B8B92278A37942
S3150802692052BB8DF80430E379304601A98DF805305B
S31508026930FFF7E0FE054648B923783BB16188304641
S31508026940F9F776F90121304600F002FA284602B034
S3150802695070BD294600F0FCF92946304600F020FAB7
S315080269602946304600F024FA2378002BCAD1237927
S315080269708DF804306379C9E702228DF80420D3E73B
S3150802698000F00EBA00F01CBAF9F764BAFAF7A8BF13
S315080269900846FBF757B8F9F785B9F9F729BA0B4646
S315080269A010B514461846A1689288FFF72FFDE168CC
S315080269B0034631B1A0886288121A92B21844FFF7C8
S315080269C025FD002010BD0346408A18B1188A0038F2
S315080269D018BF012070470846FBF710BC431C08BFC6
S315080269E00020F8F71BBE10B5044600F06EF820B971
S315080269F02046BDE81040F8F76DBB10BD00F010BC8C
S31508026A002DE9FF41984604460E46174601F0F1FC69
S31508026A1005462046FFF7E7FF0A9B3A4602930023FC
S31508026A20314601932046CDF80080F8F7A1FB0446CB
S31508026A30284601F0D9FC204604B0BDE8F08138B5F5
S31508026A40044601F0D6FC05462046FFF7CCFF204651
S31508026A50F8F76CFB0446284601F0C6FC204638BD0A
S31508026A6038B5044601F0C5FC05462046FFF7BBFFCC
S31508026A70204600F039F80446284601F0B5FC2046BF
S31508026A8038BD38B5044601F0B4FC05462046FFF782
S31508026A90AAFF204600F02EF80446284601F0A4FC78
S31508026AA0204638BD70B504460E4601F0A2FC0546DE
S31508026AB02046FFF798FF31462046F8F7A5FB04461D
S31508026AC0284601F091FC204670BDF8F73DBA10B58C
S31508026AD001F08FFC044600F015F8F8F75BFA204639
S31508026AE0BDE8104001F080BC024608B5F8F72CFA5A
S31508026AF0507D08BD024608B5F8F726FA507D80F0A3
S31508026B00010008BD00F08CBBF8F7FCBD00F0D0B858
S31508026B1000F0F8BA00F053BA022A01D800F075BAA2
S31508026B2021207047022A01D800F080BA2120704736
S31508026B30022A01D800F08DBA2120704738B50446DA
S31508026B400D4600F05FFA28B129462046BDE83840CE
S31508026B5000F08FBA022038BD70B504460D461646B7
S31508026B6000F050FA30B1324629462046BDE8704058
S31508026B7000F087BA022070BD0E20704738B5044669
S31508026B800D4600F03FFA28B129462046BDE83840AE
S31508026B9000F0A8BA022038BD38B504460D4600F002
S31508026BA031FA28B129462046BDE8384000F0A2BA93
S31508026BB0022038BDFAF702BA0846FAF71DBA0346A2
S31508026BC0DB8E08469342114601D3FAF741BA2120D1
S31508026BD07047FAF789BA00207047002070470130DB
S31508026BE001D1FCF727B8212070477047D0F8A030AA
S31508026BF003F06003402B0DD0602B03D0203B584294
S31508026C005841704749B10B68012B06D9486940F0CB
S31508026C100100704740F20110704700207047F7B52F
S31508026C2004461046D4E958C7DDE908268CEA020567
S31508026C3087EA06010540194085EA0C057940C4E948
S31508026C405851002523F4004106EA010320F0010009
S31508026C5043F40073024043F0020301950095FEF7E0
S31508026C60E3FB94F824309A0713D5D4F864319B05CC
S31508026C700FD54FF48811204600F091FB94F8243082
S31508026C80024665F3410384F8243020460B46F8F79A
S31508026C9061FC002003B0F0BD30B4D0F8A0300A4041
S31508026CA023EA01031343C0F8A03030BCF9F710BD3C
S31508026CB00520FBF7B9BC08B5D0F8F0304BB11A6815
S31508026CC0022A06D993F825204AB1186AB0FBF2F0CF
S31508026CD008BD40F6E8224C210020F8F71FF90020EB
S31508026CE0F6E7D0F8F02008B57AB11368022B0CD96A
S31508026CF0536A13F47F4FC3F3072106D0126ADBB235
S31508026D0053438B42B3FBF1F006D2002040F607321A
S31508026D104C21F8F703F9002008BD0346B3F83E21D3
S31508026D2008468A4203D0A3F83E11FAF7E9BE0020C4
S31508026D30704790F83C310C2B14BF90F82B00FF20BB
S31508026D40704708B500F014FBBDE80840FCF76EBAB8
S31508026D5038B50C464FF400610546FEF7CBFE60B126
S31508026D606CB195F82A3163B94FF480722846BDE8AA
S31508026D7038404FF48071FEF7A9BE2202F6E7224692
S31508026D80F4E738BD4FF48071FEF7B4BE10B50023A0
S31508026D90F8F7ACFD044608B9FDF730FC204610BDED
S31508026DA008B54A024FF40071FEF790FE002008BDAE
S31508026DB008B58A024FF48061FEF788FE002008BDF6
S31508026DC04FF40071FEF796BE38B54FF03A430546C2
S31508026DD0DC6A808AC4F30C04A04234BF0020012076
S31508026DE041F216420821F8F799F8A88A001B80B2E0
S31508026DF038BD2DE9F041884618F0030706461546C0
S31508026E00194633D1B2F5805F30D89A422ED33F2A3B
S31508026E1028D9B2FA82F401220120C4F11F03DBB297
S31508026E209A4092B2AA422CBFC4F11904C4F11A04B8
S31508026E30E2B2931DDBB2984080B2A84214D096F80B
S31508026E400131ABB9012096F8253060F3000386F8C4
S31508026E5025304046FAF7E4FAC6F82080B582384665
S31508026E60BDE8F0813A46EAE70020ECE72127F6E793
S31508026E700E27F4E7F8B511F0030607460D46144641
S31508026E8021D102B313883F2B1DD9B3FA83F3C3F179
S31508026E901901C9B2062901D8192B12D0062928BF09
S31508026EA0062101238A1DD2B293402846238000F088
S31508026EB08BF923883846FD617B82FAF7CBFB30468D
S31508026EC0F8BD3146EDE72126F9E738B5148811F001
S31508026ED003054FEAC4041ED13F2C1CD9B4FA84F424
S31508026EE0C4F11903DBB2052B01D8192C11D0052BD5
S31508026EF028BF052301240633DBB204FA03F3C3F3DE
S31508026F00CF041480816104828387FAF7A3FB28469B
S31508026F1038BD2B46EEE72125F9E708B190F9260098
S31508026F20704790F82D00704708B50B46062200F503
S31508026F309E711846FFF76AFA002008BD0429F8B5BB
S31508026F4005460C460AD10026F7B23846FAF742FE3B
S31508026F5008B13C4602E00136042EF5D12046FAF77E
S31508026F6039FE58B195F83C31A34209D085F83C411F
S31508026F7005F59E70BDE8F840FAF7C8BD2120F8BDB0
S31508026F800020FCE70022F9F7BBBCA0F84C30BDF99B
S31508026F900030C0F89410A0F84A20A0F84E3000201D
S31508026FA07047F9F729BE10B5144608460121FBF7C2
S31508026FB04BFF2046BDE810400121FBF745BF70B5DF
S31508026FC0044615460E4609B9212070BD130617D484
S31508026FD000F014F931462046FFF7DFFB4FF6FF7340
S31508026FE09842F1D000F00AF920464FF40031002207
S31508026FF0FEF76CFD29462046BDE87040F9F79CBAB3
S315080270000E20E2E78021FEF775BD7FB5531C05AA5F
S315080270100292022201920022ADF814100092114641
S31508027020DBB2FEF771FD07B05DF804FB7FB5531CB2
S3150802703005AA4FF0040C02920222ADF81410CDE90B
S31508027040002C01210022DBB2FEF75EFD07B05DF8D7
S3150802705004FB1FB54FF0080C531C0022CDE9002C87
S3150802706001220291DBB21146FEF74EFD05B05DF82C
S3150802707004FB08B50A044FF48031FEF727FD002009
S3150802708008BDF8B514468A0707460E4601F00103FD
S3150802709009D4D3B1A2044FF48021384602F48022DF
S315080270A0FEF714FD11E065083BB104F0010305F093
S315080270B00105AB42EED021200AE04FF48021FEF70B
S315080270C019FD05F00105A842F5D1730701D4002080
S315080270D0F8BDA2064FF08051384602F08052FEF7FC
S315080270E0F5FCF4E708B50A054FF48011FEF7EEFC45
S315080270F0002008BD08B5CA044FF40021FEF7E6FCD5
S31508027100002008BD09B141F01001F9F715BA10B50A
S315080271100446F9F70BFA01462046BDE81040F9F78E
S315080271200BBA7047D0F8EC30C3B15869B0B1531EE8
S31508027130DBB2FD2B09D8012A05D143689A1C01D175
S315080271404FF0FF334B6000207047036813F1020FBC
S3150802715008BF4FF0FF33FF2A0B60EDE72120704787
S315080271602DE9F74F01251C469DF830300646019356
S315080271700368174603F0070306339D4005F1FF38F7
S315080271800B46A1B1416804EA080BA5EB0B0A41F0CC
S315080271900059524509EB0B0114D952461846FFF716
S315080271A035F949467A1B5A445044FFF72FF9019B91
S315080271B02BB13C4448EA050804EA0804F46003B023
S315080271C0BDE8F08F1846F0E74FF03A4301225A67B6
S315080271D041F6FF72D96418651A67704737B50025F4
S315080271E014460095FFF7BCFF204603B030BDF9F7F9
S315080271F0EBBD00207047002070477047704710F0BB
S31508027200FD0F14BF4FF0FF300020C0B270470A4688
S3150802721090F89410A52901D8F9F704BB21207047E4
S3150802722008B5FBF73FFBBDE80840FBF763BB38B57B
S315080272300446FFF7F5FF0546FFF7F2FF431BA34295
S31508027240FAD338BD38B50D460446FBF72BFB35B1E4
S31508027250844200D90139204601F0030138BD84422F
S3150802726038BF0131F7E708B5FBF734FBBDE808403C
S31508027270FBF740BB08B50121FFF7E4FFBDE808406C
S31508027280FBF738BB08B521B19200FFF7BFF800201B
S3150802729008BD2120FCE700F06F43B3F1804F02D00E
S315080272A0B3F1204F02D120F07040704700F06043DE
S315080272B0B3F1204F08BF20F0805070470B0C23F41F
S315080272C08053B3F5284FF7B50D468FB2064699B2E5
S315080272D016D04AF60103994214D04AF60203994295
S315080272E012D0B1F5204F14BF04240324D6F8EC308B
S315080272F00BB1196851B9D6F8E83093B928680EE087
S315080273000024F3E70124F1E70224EFE7234668465F
S315080273103A46FBF7C1FBDDE90003002BEBD103B0CC
S31508027320F0BD19680029E9D0234668463A46FBF7B4
S31508027330B3FBDDE90003002BE0D1F0E70204C0F35A
S31508027340891307D56FEA83536FEA935313F5007FC0
S3150802735018B206D0A3F1C8006FF4FF739842B8BFFB
S31508027360184670470020FBF713BF0120FBF710BF32
S31508027370012200210320F9F7E7B80E20704770476B
S31508027380FDF7E0BAFDF7DEBAFDF7DCBAFDF7DABAC1
S3150802739008B50846FDF7FCFE08BDFDF7D3BA38B5B1
S315080273A005460C4601F030F8D5F89C301C40D5F855
S315080273B098302343C5F8983001F021F8211E18BFEA
S315080273C001210020490238BD0020704701390244D4
S315080273D010B5904201D1002005E0037811F8014F5B
S315080273E0A34201D0181B10BD0130F2E708B5054BC0
S315080273F0D3F88803FFF7EDF800F00300C31E5842DE
S31508027400584108BDC80A0020EFF31182302383F3DE
S315080274101188084B49B1D3F848140843C3F84804FD
S3150802742082F31188BFF36F8F7047D3F8481421EAA5
S315080274300000F3E7C80A0020EFF31182302383F332
S315080274401188064BD3F8483482F31188BFF36F8F3D
S31508027450034214BF01200020704700BFC80A00205B
S3150802746008B5E5F791FD38B1044BD3F84C0418B1C9
S3150802747003681878C0F3401008BD00BFC80A002088
S3150802748008B5E5F781FD50B1054BD3F84C0430B188
S315080274900368188800F00700C31E5842584108BD01
S315080274A0C80A002008B5064BD3F88803FFF791F8F7
S315080274B0012801D0F4F7D6FBBDE80840F4F7CCBBA7
S315080274C0C80A002008B5FFF7CBFF00B9FEE700F0AF
S315080274D07FFF00B9FEE701214FF48060FFF794FFB2
S315080274E000210220FFF790FF00214FF48030FFF7BA
S315080274F08BFF00210820FFF787FFF4F7ADFB002278
S31508027500014B83F8612408BDC80A00202DE9F04F13
S31508027510884CEDB08046E4F723FCD4F888030AA920
S31508027520FFF736FABDF82A70022F40F208824CADF0
S315080275300AAE0FCE0FC53368272F2B600AD9272329
S31508027540BDF82C20ADF83231262A82BFADF8343187
S3150802755000234F93D4F888034CAA2CA9FFF71FFAE5
S315080275609DF83251002D00F0EA810DF1B1000C9B15
S3150802757018901B78ADF864300DF231132293F4F7A4
S3150802758079FB00F44050B0F5005F40F05F829DF849
S315080275903800E4F789FC074604A918A8F4F742FB61
S315080275A0002F00F05E8194F8A15665B19DF8185037
S315080275B04DB1022D40F04F81384604A9E4F7F6FC96
S315080275C0C543C5F3C0359DF8183094F8A2A6012B19
S315080275D094F9A39640F04D81E6F7E4F9BDF8103028
S315080275E00668002E40F03F810026222200210FA8BD
S315080275F0FEF7EDFC002318988DF824308DF801303B
S315080276008DF80230F4F736FB00F44053B3F5005F09
S3150802761040F09581820640F1928107A918A8F4F7ED
S3150802762034FB002840F08B819DF82430002B00F0B3
S315080276308681012BBDF81C2004D14FF6FF739A42AE
S3150802764000F07D810DF14A0118A8E6F7F3FF00283C
S3150802765040F075819DF85290B9F1000F00F06F81E4
S31508027660189C2046F4F739FB002840F0568120463C
S31508027670F4F700FB8246E4F766FD01465046E6F754
S31508027680C1FA8346002900F062812046F4F7F4FA2B
S31508027690BBF1000F01D00230C0B2CAF3812ABAF197
S315080276A0020F00F04F81BAF1030F00F04E81FF2856
S315080276B000F04581235AADF8563001238DF859302A
S315080276C09DF866302022002124A88DF88E30FEF718
S315080276D07EFC194B9DF801200F939DF802308DF818
S315080276E05A208DF85B309DF84830012B00F0368120
S315080276F0022B0CBF03240024B9F1010F4FEA84348C
S3150802770000F02E81B9F1020F14BF44F4005444F478
S315080277103054003A18BF012244F0020444EAC20473
S31508027720002B40F020819DF85930002B00F028816B
S3150802773004E000BFC80A0020020000209DF85D3060
S3150802774002A8DB070DF2311302934FF4FE0348BF7A
S3150802775044F4807421460393F4F733FAE00503D41C
S31508027760012102A8E4F751FC2046E6F74BFA20B1BC
S31508027770BDF8561002A8F4F724FA02A80DF14A0138
S31508027780F4F72AFA2046E4F7DEFC20B1BDF85410D5
S3150802779002A8F4F716FA10A902A8F4F71DFABDF81A
S315080277A00C309DF85A40ADF88C30B4B19DF85B3078
S315080277B001221C430DF1030102A88DF80340F4F7D8
S315080277C0F0F92046E4F7F4FC411E89B202A8E4F770
S315080277D01CFC2046E4F7D7FC0446BDF83C30032BD4
S315080277E009D19DF85C3001220DF1030102A88DF83A
S315080277F00330F4F7D6F9A11C89B202A8E4F705FC0E
S31508027800BDF80C400DF23110ADF88C40F4F732FA9F
S31508027810002D00F0B88040F0100080B28DF83101DA
S31508027820000A8DF832010DF23110F4F723FA002E10
S3150802783000F0AC8040F4007080B2DDF860908DF8FC
S315080278403101000A8DF832014846F4F713FAC105E8
S3150802785040F19F80FEE73846BDF81010E4F749FB71
S31508027860AEE63D46AFE6F2889A4200F03D813668BA
S31508027870B7E6022B7FF4B8AEE6F794F80668002E50
S315080278803FF4B2AE082204A9B018FFF79FFD0028FC
S3150802789000F02A813668F2E78DF804A023BB1107A7
S315080278A020D40126002F3FF49FAEB4F8A5363246FF
S315080278B023F4FF43A4F8A536331D84F8A5369B2383
S315080278C084F8A736B82384F8A836EA2384F8A936B2
S315080278D00023924801A9063684F8AA36F6B2FEF7BC
S315080278E095FD82E601230DE1012194F8A436A9EB60
S315080278F003035BB2002B0EDBB9F17F0F08BF00232F
S315080279008220C3EB0323B3FBF0F301A843540029F7
S31508027910C5D00226C6E70023F2E70DF1010118A831
S31508027920E6F7E3F958B99DF80130052B07D10DF1B1
S31508027930020118A8E6F7E9F900283FF498AE6DB0F7
S31508027940BDE8F08F0230C0B2B1E60830FBE7002886
S315080279503FF4B6AE2046F4F78FF9A8E60224CBE642
S3150802796044F42054D5E6022B03D1B9F1020F3FF4B1
S31508027970DAAEBDF85420BDF856309A427FF4DEAE30
S3150802798044F04004DAE620F0100046E720F40070DE
S3150802799052E70DF23110F4F76DF9C20500D5FEE78C
S315080279A099F8023048468DF83331F4F796F950B112
S315080279B002A918A8E6F7E2F90028C0D19DF808102E
S315080279C022A8E6F7EFF996B10DF23110F4F752F95B
S315080279D0830539D522A8E6F705FA0DF231133246A0
S315080279E04F4918442644FEF711FDADF88C600DF296
S315080279F03110F4F772F928B1394622A8E6F78BFB5B
S31508027A0000289CD10AA800F0D5FC002897D1DDE908
S31508027A100C43BDF82C202298002A08BF1C46F4F70E
S31508027A205CF918B1237843F0040323701DB1237857
S31508027A3063F07F032370BDF88C2040464CA98DF86D
S31508027A403021FFF7BCF87AE7FF20C6E7012D94F844
S31508027A50A1361ED133B340464CA9FFF7ADF8A0B9FB
S31508027A609DF83800E4F720FA00283FF468AF9DF83D
S31508027A703831032B2CD14CA9E4F798FA0028FFF6E3
S31508027A805EAF4046FFF796F880B102283FF457AF3B
S31508027A90FEE7002BDFD19DF8B13003F00703012B77
S31508027AA03FF44DAF4046FFF785F8C8B90AA800F07B
S31508027AB081FC00287FF443AFDDE90C32BDF82C10B7
S31508027AC0002908BF13461A7862F07F021A7036E751
S31508027AD0022B7FF434AFBDF83011E4F70AFACDE78A
S31508027AE002283FF42CAFD3E732799007C2F380031A
S31508027AF0C2F340013FF5D0AE002B7FF4F6AE100775
S31508027B007FF572AD822209F18209C9EB0929B9FB0F
S31508027B10F2F901AA5E1C02F80390C3E6731100206B
S31508027B206D11002038B50C460546E8F7CEFD002350
S31508027B30844228BF01F1FF31064A1B1925B1C2F852
S31508027B40C034C2F8C41438BDC2F89034C2F89414CA
S31508027B50F9E700BFC80A00204FF400221B4B5A66F9
S31508027B604FF0B4439868C0F304400C280AD8DFE8FB
S31508027B7000F00B0709092709191B1D1F21232500D8
S31508027B8013487047002070479B6803F04073B3F1AF
S31508027B90807F17D0B3F1007F16D00E4A002B08BF9C
S31508027BA0104670470C4870470C4870470C48704797
S31508027BB00C4870470C4870470C4870470C48704789
S31508027BC00C4870470C4870470C48704700900050A4
S31508027BD0404B4C0000093D00405DC6000024F400FD
S31508027BE0C0EA2101002D310180BA8C010048E80162
S31508027BF0005A62028096980080841E0040420F0056
S31508027C00014B5868704700BFE43B00200A4B1B6FC4
S31508027C1003F00703013B032B03D8DFE803F00B034A
S31508027C200609FEE7054B58687047044B9868704783
S31508027C30034870470348704700800050E43B002021
S31508027C4080D54302002D310108B5FFF7DFFF044B4B
S31508027C501B6FC3F303330133B0FBF3F008BD00BF58
S31508027C6000800050014B9868704700BFE43B002033
S31508027C70034B5A68D20702D5DA69002AF9D1704746
S31508027C8000800A500D490B6898B100229BB18342C5
S31508027C9003D1836822B90B6003E01A469B68F5E7AD
S31508027CA0936083681BB15A6941690A445A61002084
S31508027CB07047222070470220704700BFE013002059
S31508027CC0F0B49DF81050BDF81460C0B10024C46128
S31508027CD0EFF31187302484F311880B4C246814B10E
S31508027CE0A0420AD1012487F31188BFF36F8F4CB9DA
S31508027CF0CDE90456F0BC00F0B5BAA468EFE7222035
S31508027D00F0BC70470320FBE7E013002010B5EFF341
S31508027D101184302383F31188FFF7AAFF034B98696E
S31508027D2084F31188BFF36F8F10BD00BF00800A501D
S31508027D3070B5EFF31186302383F31188FFF798FFA6
S31508027D40084D094BA869DC6B2B6CDB0703D5FFF7DB
S31508027D508FFFA869013486F31188BFF36F8F214616
S31508027D6070BD00BF00800A50E013002038B500211C
S31508027D70044640F2E730054B4FF47A721D68002339
S31508027D80E5FB0401FDF732FF38BD00BF4C0E0020AB
S31508027D9010B50F4B1A689AB14FF47A71531E1342F3
S31508027DA0A0FB01010ED1B2FA82F2C2F11F04531CE2
S31508027DB0D243E04001FA03F3184321FA02F20243DE
S31508027DC0104610BD0023FDF711FF0246F8E700BF73
S31508027DD04C0E002030B50F4C4161236893B92060E0
S31508027DE083600EE0891A41619A681D4672B113468C
S31508027DF05A698A42F6D93DB1A86083605A69521A0D
S31508027E005A6130BD0025F3E72060F6E79860826084
S31508027E10F7E700BFE013002038B50025FFF728FF73
S31508027E20094B0A489C69036C0268E31A2AB123B112
S31508027E305169994203D3C91A5161046438BD55611F
S31508027E405B1A9268F2E700BF00800A50E01300202E
S31508027E5038B5184B5A6E42F004025A66D3F8802295
S31508027E6042F00102C3F88022134B5B68C3F308038E
S31508027E7043B14FF0A842D36B13F0430FFBD114243E
S31508027E80204638BD4FF0A843DC6B14F04304FBD1FF
S31508027E900A4DD5F8483123B9042105F5A470E0F74F
S31508027EA0D1FFD5F84831013343F00043C5F84831CC
S31508027EB0E6E700BF0080005000ED00E0E013002076
S31508027EC02DE9F0412A4D2B68002B4ED05C69294BCF
S31508027ED0002C3ED02A6C284F144402225A64EFF32F
S31508027EE0108872B6FFF7C4FEBE6900F079F9FB6C1A
S31508027EF03A6C900704D49A1B032A01D89E420FD1E2
S31508027F00A31B022B98BFF41CB4F1FF3F38BF013CF8
S31508027F1000F066F90222184BDC6403F580535A64B2
S31508027F20404600F06CFA154B1A7922B10121114A22
S31508027F30916400221A7100232A6885F84C312AB105
S31508027F40D188890709D5012385F84C310020BDE877
S31508027F50F08102225A641A64EDE79268002AF5D083
S31508027F6051690B44012BEBD9F0E72220EFE700BF5A
S31508027F70E013002000900A5000800A500C3D0020B1
S31508027F8038B5044638B3EFF3108572B6FFF744FFE7
S31508027F90124B1868A04209D02046FFF773FE044622
S31508027FA0A0B1284600F02BFA204638BDFFF76AFE34
S31508027FB004460028F5D1FFF783FF222806D10122BD
S31508027FC0074B1A71074B9A6402225A64284600F034
S31508027FD016FA0024E8E72224E6E700BFE0130020A9
S31508027FE00C3D002000A00A502DE9F84FEFF3118846
S31508027FF0302383F31188574B57491B6C03F0010250
S3150802800013F0020F03F003030B640ED13AB1534A7D
S31508028010D36B0133D363FFF7FFFEFFF751FF88F3F4
S315080280201188BFF36F8FBDE8F88F4C4E32B1F36BF0
S315080280300133F363FFF7F0FEFFF742FFEFF3118A0E
S31508028040302585F311884FF0000BFFF7E5FE5F46F2
S3150802805034680CB16369CBB10023012F86F84D3120
S3150802806004D11BF0020F18BF86F84D71FFF728FFDF
S31508028070222806D101223A4B1A71374B9A640222F8
S315080280805A648AF31188BFF36F8FC8E723465A6981
S315080280903AB91A792179914288BF1C469B68002B06
S315080280A0F5D18AF31188BFF36F8FD4F810B0BBF1FC
S315080280B0000F1DD0FFF7DCFD264B9A69A369A2EBD8
S315080280C0030A4FEAEA72DA4572F1000211DB5B44EF
S315080280D0A361E36813B1204621689847B4F806B04D
S315080280E00137EFF3118A85F31188FFF795FEAFE79B
S315080280F0DA46EFF3118985F311882046FFF7C2FDA8
S3150802810089F31188BFF36F8F2369002BE1D0A38B04
S31508028110BBEB0A0133B1E28B13449BB2B3F57A7F08
S3150802812010D2E383EFF3118A85F311882046FFF70D
S3150802813051FEA36922691344A3618AF31188BFF326
S315080281406F8FC6E7A3F57A73E383A3690139013B07
S31508028150A361E7E700800A5000A00A50E013002056
S315080281600C3D002010B54FF480641B4B9C66BFF390
S315080281704F8F00F066F900F04BF9184B9C6680B1F8
S31508028180B0F5E02F1ED012D8B0F5403F1CD009D862
S31508028190B0F5803F1AD0B0F5003F08BF2A2018BFB5
S315080281A0012010BDB0F5802F08BF4B20F7E7B0F5C8
S315080281B0302F0DD0B0F57F0F0CD0B0F5202F08BFA9
S315080281C01020ECE72120ECE72C20EAE74820E8E734
S315080281D01120E6E70620E4E70090005000A00050D0
S315080281E0034B5A68D20702D59A6D002AF9D170470D
S315080281F000800A50036813F4E07FC3F382120BD09F
S31508028200012A08D1054A012103F03F0302F58052EB
S3150802821001FA03F313607047014AF4E768800050D5
S315080282206480005010B50446E4F7AEFEB0B1B4F56A
S31508028230007F4FF001010ED12046FFF7E5F8002135
S315080282401020FFF7E1F800210548FFF7DDF8BDE841
S315080282501040F3F701BD4FF48050F2E710BD00BF9E
S315080282600A000100F8B51F469DF818300D4603713D
S3150802827000230446C0E903238360BDF81C30076067
S31508028280C3801646FFF7F4FC0F4B9B692B44A36188
S3150802829035B9656116B139462046B0470020F8BDA2
S315080282A0EFF3108672B6FFF7B7FD29462046FFF7A9
S315080282B091FD064B1B689C4201D1FFF701FE304631
S315080282C000F09DF8EAE700BF00800A50E01300209C
S315080282D04FF4807370B596B002920124212201935D
S315080282E0102303940493059206910794089309921E
S315080282F001AA0A9206AA0B9204220C9211220D9244
S315080283000AAA0E900F92109340F611031193194B75
S3150802831012930EAB1393184B149346F61103159347
S31508028320FFF796FD1428044620D1EFF3108072B6A3
S315080283304FF0A8431E681D6900F061F84FF0A84384
S31508028340032212A95A63196002A919619A63DA6BA0
S315080283509207FCD1142C06D1EFF3108072B61E6078
S315080283601D6100F04CF8054B5B6801E00028E5D07A
S3150802837016B070BD281500200400002000ED00E0AC
S31508028380064A127842B1072806D8054A02EB0013B4
S315080283901B7B0BB1EEF762B8704700BFB82E002000
S315080283A05C2C00200846E3F79FBC1046E3F79CBC0A
S315080283B00020704783884BB18268013B0132826094
S315080283C042888380013A4280002070470120704724
S315080283D008B5E4F7D9FD20B1BDE808400820FFF743
S315080283E02BB808BD0020704780F31188BFF36F8F42
S315080283F07047EFF31180302383F31188704710B961
S3150802840062B6BFF36F8F7047EFF3108072B670478C
S315080284104FF098435A6CD202FCD5586D00F470207E
S31508028420704708B528220021FDF7D1FD002008BDB6
S31508028430036A042B9FBF00EB83020133D1600362F8
S315080284407047036A10B5052B15D84FF09842116C80
S31508028450C902FCD504339B00136503684FF09844A0
S31508028460136043681360034653F8081F116000221D
S31508028470016A914200D810BD53F8041F01322160E7
S31508028480F6E7836813B9816070475B685A68012A00
S31508028490FBD1596070470000000000000000000090
S315080284A0F8B500BFF8BC08BC9E467047F8B500BFD1
S315080284B0F8BC08BC9E4670475FF800F0613B002096
S315080284C0656E61626C650064697361626C650066FB
S315080284D061696C65640D0A7374617475732025236A
S315080284E0780D0A0073746172740073746F70006693
S315080284F0616C73650075696E7431365F74206F74CA
S315080285003A3A5370696E656C3A3A427566666572AE
S315080285103A3A47657444697374616E636528636F92
S315080285206E73742075696E74385F742A2C20636FB3
S315080285306E73742075696E74385F742A2C204469C8
S3150802854072656374696F6E2920636F6E7374002F88
S315080285506769746875622F686F6D652F2E73696C0B
S315080285606162732F736C742F696E7374616C6C73AA
S315080285702F636F6E616E2F702F626173655F303580
S3150802858030343037633063646234352F702F2E2EC1
S315080285902F2E2E2F622F6F70656E746131396534F6
S315080285A036343964383263302F702F7574696C2FFC
S315080285B074686972645F70617274792F6F70656E20
S315080285C07468726561642F7372632F6C69622F73A4
S315080285D070696E656C2F7370696E656C5F6275661D
S315080285E06665722E6370700025303278002D6E0033
S315080285F07C2053746172744368207C20456E644300
S3150802860068207C20546172676574506F77657220A2
S315080286107C2041637475616C506F776572207C208B
S31508028620526177506F77657253657474696E672005
S315080286307C0D0A2B2D2D2D2D2D2D2D2D2D2B2D2D52
S315080286402D2D2D2D2D2B2D2D2D2D2D2D2D2D2D2D4C
S315080286502D2D2D2B2D2D2D2D2D2D2D2D2D2D2D2D3C
S315080286602D2B2D2D2D2D2D2D2D2D2D2D2D2D2D2D2C
S315080286702D2D2D2B0D0A00FFFFFFFFFFFFFFFF0029
S315080286802C20002573203D2030782530386C78253B
S31508028690730075696E74385F742A206F743A3A5398
S315080286A070696E656C3A3A4275666665723A3A4719
S315080286B0657455706461746564427566507472288F
S315080286C075696E74385F742A2C2075696E74313632
S315080286D05F742C20446972656374696F6E2920631E
S315080286E06F6E7374006E756D5365676D656E747320
S315080286F0203C3D206B4D61785365676D656E7473DA
S315080287000075696E7431365F74206F743A3A537025
S31508028710696E656C3A3A4275666665723A3A4F759B
S31508028720744672616D654765744C656E6774682830
S3150802873029006D5772697465446972656374696F55
S315080287406E20213D206B556E6B6E6F776E006F74CF
S315080287504572726F72206F743A3A5370696E656C1D
S315080287603A3A4275666665723A3A496E4672616D7A
S3150802877065417070656E642875696E74385F742910
S3150802878000656E61626C65640064697361626C653A
S3150802879064006661696C65643A20636F6D6D616E2B
S315080287A06420737472696E6720636F6E7461696E92
S315080287B07320746F6F206D616E7920617267756DB3
S315080287C0656E74730D0A0072637000646961676E80
S315080287D06F7374696373206D6F64652069732025EE
S315080287E0730D0A00646961676E6F73746963732037
S315080287F06D6F64652069732064697361626C656470
S315080288000D0A00616464722D6D6174636800617596
S31508028810746F2D61636B00646961672066656174B4
S315080288207572652027257327206973206E6F742059
S31508028830737570706F727465640D0A006661696C8F
S3150802884065643A20636F6D6D616E64207374726934
S315080288506E6720746F6F206C6F6E670D0A0067650E
S31508028860740025640D0A00736574006D6F646500F3
S31508028870696E0D0A006F75740D0A00696E006F75D0
S3150802888074006368616E6E656C0063770065636881
S315080288906F006770696F00706F77657200706F7727
S315080288A0657273657474696E677300726177706F47
S315080288B077657273657474696E670073747265613D
S315080288C06D00000027BE000829BD00081FBD00086C
S315080288D069BE00086DBD000861BD0008523000522D
S315080288E031005232005233005234005235005236A9
S315080288F00052370052380052390052313000523194
S31508028900310052313200523133284C5229004D532C
S3150802891050005053500050430078505352004D5364
S315080289205020757365640050535020757365640052
S3150802893043535441434B20626F74746F6D0049432D
S31508028940535200534843535200494E545F414354CD
S315080289504956453000494E545F41435449564531BC
S315080289600043465352004846535200444653520067
S315080289704D4D41522F4246415200414653520052F2
S31508028980657430005265743100526574320052655E
S315080289907433005265743400526574350044617448
S315080289A03000446174310000534C2D4F50454E54EB
S315080289B048524541442F332E302E302E305F4769B8
S315080289C0744875622D3631653433636666623B20B8
S315080289D045465233323B20446563203136203230D5
S315080289E032352031393A32353A3238000000000041
S315080289F07700000000000000700000000000000080
S31508028A0001000000600000000000000001000000F4
S31508028A106100000000000000010000006300000081
S31508028A2000000000010000004100000000000000F4
S31508028A3001000000430000000000000001000000E1
S31508028A404800000000000000010000004700000086
S31508028A5000000000010000000D15000000000000E3
S31508028A6001000000520000000000000001000000A2
S31508028A705A00000000000000010000005B00000030
S31508028A800000000001000000420000000000000093
S31508028A90010000004900000000000000010000007B
S31508028AA0000000000B0000000100000000000000AA
S31508028AB00E0000000100000000000000680000002F
S31508028AC00000000030000000000000000000000066
S31508028AD066000000000000000100000021000000FE
S31508028AE0000000000100000036000000000000003F
S31508028AF00100000044000000000000000100000020
S31508028B0045000000000000000100000046000000C9
S31508028B1000000000010000004B00000000000000F9
S31508028B20010000004C0000000000000000000000E8
S31508028B302200000000000000010000000D190000DC
S31508028B4000000000010000003E15000000000000C1
S31508028B50000000007109000000000000000000008B
S31508028B6008100000D7F800080000000004130000EF
S31508028B70ADC4000800000000051300009DE50008CA
S31508028B80000000000810000059F900080000000063
S31508028B90041300004DC4000800000000051300007D
S31508028BA0A7E6000800000000000000009FCC0008AD
S31508028BB00000000001000000A7CC00080000000029
S31508028BC002000000FDED000800000000030000009E
S31508028BD0C3CC00080000000004000000C9CC00084D
S31508028BE00000000005000000CFCC000800000000CD
S31508028BF0060000007FCB0008000000000700000006
S31508028C00A9CB000800000000080000004DCD0008AE
S31508028C10000000000900000099CC000800000000CE
S31508028C200C000000B1CB0008000000000D00000097
S31508028C30A1CB00080000000020000000C5CD0008F6
S31508028C400000000021000000EDCA00080000000034
S31508028C502200000051CB000800000000230000009B
S31508028C6021ED00080000000024000000A1FA000817
S31508028C700000000025000000B1FA0008000000000C
S31508028C802600000075D50008000000002700000035
S31508028C90BBCB0008000000002900000059CB0008E1
S31508028CA0000000002A000000D1FA000800000000B7
S31508028CB02C000000E9FA000800000000300000005D
S31508028CC061CB000800000000310000004BCB000811
S31508028CD00000000032000000E5EC00080000000079
S31508028CE034000000B9CD000800000000350000007D
S31508028CF0DBEC00080000000036000000D1EC00089A
S31508028D000000000037000000D5CD00080000000072
S31508028D1038000000F9CA000800000000B000000090
S31508028D2033CD000800000000B100000039CD00086C
S31508028D300000000002080000F1120108000000000D
S31508028D400408000011CB0008000000000508000016
S31508028D5019CB00080000000000090000CBCB000870
S31508028D60000000000B1200003FCD000800000000C2
S31508028D700C12000001FB0008000000000D120000A2
S31508028D80E5CD00080000000003130000EDCD000841
S31508028D900000000000400000A9C30008000000000F
S31508028DA001400000C3CB000800000000024000009A
S31508028DB0ABC300080000000003400000C3ED000832
S31508028DC0000000008288020811D70008000000008F
S31508028DD08A88020807C70008000000008D88020872
S31508028DE0A1C900080000000092880208611801085B
S31508028DF000000000978802083DC80008000000002D
S31508028E009D88020811CA000800000000AB88020803
S31508028E1059CA000800000000E484020825C10008B7
S31508028E2000000000EA84020835C1000800000000BC
S31508028E30BB88020845C7000800000000038802082C
S31508028E40A7C500080E88020805C600080700000024
S31508028E508DC30008000000002000000065F200082B
S31508028E60000000002100000091F800080000000040
S31508028E7024000000B1F300080000000025000000ED
S31508028E80D9F30008000000002A00000021F40008B7
S31508028E90000000002B0000008DF50008000000000D
S31508028EA02C00000091C300080000000030000000FA
S31508028EB0C3F4000800000000310000007FF4000837
S31508028EC0000000003200000085C300080000000010
S31508028ED034000000ADE7000800000000350000007D
S31508028EE025D200080000000036000000C9D100089B
S31508028EF00000000037000000C9F100080000000069
S31508028F003800000039F40008000000003B000000A9
S31508028F109BF10008000000003C000000D7C40008CE
S31508028F20000000003D0000000913010800000000CF
S31508028F30B2000000FDCD0008000000000008000095
S31508028F401FF600080000000001080000D9F2000818
S31508028F5000000000030800006DF70008000000008A
S31508028F6000090000F5F50008000000000D120000D7
S31508028F7007F2000800000000031300002DF20008A3
S31508028F80000000000413000081C70008000000006A
S31508028F9005130000C9E500080000000003400000B0
S31508028FA0ADC300080000000013B779FAC925DDB77A
S31508028FB0ADF3CFE0F1B614B80102000000000000DC
S31508028FC0FFFFFFFF02000000010000000000000092
S31508028FD00000000000000000000000000000000081
S31508028FE00000000000000000000000000000000071
S31508028FF00000000000000000A80E0020000000008B
S31508029000554E444546494E454400000002020300B7
S3150802901000000000090000001A000000030000001A
S315080290200000000000000000000000000007000821
S315080290300000000000000000000000000102040514
S31508029040000000000000000000000000000600000A
S31508029050A71F0108C91F010895660108ED1F010827
S31508029060B922010833240108252A010873496E73B7
S3150802907074616E6365735B695D006170702E63006F
S3150802908073496E7374616E6365004145532D3235BB
S31508029090362D43434D2A2D4E4F2D54414700414507
S315080290A0532D3139322D43434D2A2D4E4F2D5441DE
S315080290B047004145532D3132382D43434D2A2D4E13
S315080290C04F2D544147004145532D3235362D4343E2
S315080290D04D004145532D3139322D43434D0041450B
S315080290E0532D3132382D43434D004145532D3235E8
S315080290F0362D47434D004145532D3139322D4743CD
S315080291004D004145532D3132382D47434D004145D7
S31508029110532D3235362D434243004145532D3139BD
S31508029120322D434243004145532D3132382D4342B5
S3150802913043004145532D3235362D454342004145BC
S31508029140532D3139322D454342004145532D313293
S31508029150382D454342000000000000007AFF809F38
S3150802916079FF009F73FF809E183D002000000000D3
S315080291700000010054930208010008003493020813
S3150802918001000800FFFFFFFFFFFFFFFFFFFFFFFFD2
S3150802919000000000000000000000000001000000BE
S315080291A0FFFFFFFF4B60D2273E3CCE3BF6B053CCC7
S315080291B0B0061D65BC86987655BDEBB3E7933AAA09
S315080291C0D835C65A512563FCC2CAB9F3849E17A775
S315080291D0ADFAE6BCFFFFFFFFFFFFFFFF000000003E
S315080291E0FFFFFFFF96C298D84539A1F4A033EB2DAD
S315080291F0817D0377F240A463E5E6BCF847422CE199
S31508029200F2D1176BF551BF376840B6CBCE5E316BDC
S315080292105733CE2B169E0F7C4AEBE78E9B7F1AFEA0
S31508029220E242E34F0100000014DEF9DEA2F79CD603
S315080292305812631A5CF5D3ED505341004B45590059
S315080292402494020808940208EC930208000000001D
S3150802925002000000E493020803000000DC930208FF
S3150802926004000000D493020805000000CC9302080B
S3150802927006000000C493020807000000BC93020817
S315080292800E000000B49302080F000000AC93020817
S3150802929010000000A4930208260000009C9302080E
S315080292A02700000094930208280000008C93020805
S315080292B029000000849302082A0000007C93020811
S315080292C02B00000074930208000000000000000052
S315080292D00104010303060105010501090600060B3F
S315080292E00000070B050B000000000000000000004C
S315080292F0000000000100A00202020202640000004F
S31508029300B600000064000000000100000000000032
S3150802931000000000000000000B000000736C5F6F85
S31508029320745F6372656174655F696E7374616E6397
S31508029330650000005F9C95BCA3508C24B1D0B15542
S315080293409C83EF5B04445CC4581C8E86D8224EDD8F
S31508029350D09F1157E0EB7A7C3B41B8AE1656E3FA3A
S31508029360F19FC46ADA098DEB9C32B1FD8662051655
S315080293705F49B8008A90020870942B059E900208ED
S3150802938070932A05B290020870922905C6900208BF
S3150802939070842805D290020870832705DE90020899
S315080293A070822605EA90020870641009F69002088F
S315080293B070630F090291020870620E090E91020883
S315080293C0902407001A9102089023060026910208A3
S315080293D09022050032910208101404003E910208F8
S315080293E0101303004A91020810120200020000003C
S315080293F0000000000000000000000000000000005D
S31508029400000000000000000002000000000000004A
S315080294100000000099A3000899A30008976A0008AB
S315080294202FA3000802000000D5AE0008C1A100085B
S3150802943095A3000897A30008B16A00084DA300087F
S31508029440000000000000000000000000000000000C
S3150802945000800000008000000080000000800000FC
S3150802946000800000008000000180000001800000EA
S3150802947001800000018000000180000001800000D8
S3150802948001800000018000000280000002800000C6
S3150802949002800000028000000380000003800000B2
S315080294A00480000004800000058000000680000099
S315080294B0088000000C8000000F8000000A000000EF
S315080294C00C0000000D000000100000001200000051
S315080294D015000000190000001F0000002700000008
S315080294E03400000001000000F03B00206A09E6672C
S315080294F0BB67AE853C6EF372A54FF53A510E527FA5
S315080295009B05688C1F83D9AB5BE0CD19006F744548
S3150802951072726F72206F743A3A5370696E656C3A5A
S315080295203A4275666665723A3A4F75744672616D65
S315080295306552656D6F7665282900000000000000F7
S3150802954000000000FFFFFFFF00000000FFFFFFFF13
S31508029550FFFFFFFFBCE6FAADA7179E84F3B9CAC29E
S31508029560FC632551A8BA02080000000084BA020862
S315080295700100000000000000C01753021E00000090
S3150802958016000000000000000000010004000100AF
S3150802959010000400020020002400030040004400DA
S315080295A0040000000400050050C30000F22B00006E
S315080295B0EE020000EE02000050C30000761600001C
S315080295C07701000077010000193F01060410010027
S315080295D00001010600102700000C00000000000030
S315080295E000000000F5DA0200A41F00009001000046
S315080295F090010000E5BF0000282300006B0300006D
S315080296006B03000002000000C01753020614000094
S31508029610802FA60405380000A0080000000058099B
S3150802962001040706100A01040707C80A0004080706
S31508029630800B00040808380C0004090861080000B9
S3150802964000008A0800000000C709010404032C0B65
S3150802965001040404920C01040504000050C300002E
S31508029660E62D0000D0070000D0070000193F0106CA
S31508029670041001000001010600102700000A00007C
S3150802968000000000000000001400000024499200B7
S3150802969000000000C8950208A8950208000000000C
S315080296A0000000000024F40040420F000101F80007
S315080296B0C2245003000000000496020800000000BD
S315080296C000000000000000002B420F00000000000E
S315080296D00000000000000000000000001400000066
S315080296E06666660000000000C8950208B89502087A
S315080296F000000000000000000048E80180841E0007
S315080297000101F800F1475002000000000496020821
S315080297100000000000000000000000007C841E001B
S315080297200000000000000000000000000000000029
S31508029730140000001CC77100000000006C960208A5
S31508029740E49502080000000000000000005125020E
S3150802975040420F000108F600F1471002000000001F
S315080297600496020800000000000000000000000045
S315080297702A420F000000000000000000000000005E
S3150802978000000000140000001CC771000000000061
S315080297906C960208F495020800000000000000001A
S315080297A00051250240420F000102F600F14710025D
S315080297B000000000049602080000000000000000F5
S315080297C0000000002A420F0000000000000000000E
S315080297D00000000000000000140000001CC7710011
S315080297E0000000006C9602085C9602080000000061
S315080297F0000000000051250240420F000108F60051
S31508029800F14710020000000004960208000000005A
S3150802981000000000000000002A420F0000000000BD
S31508029820000000000000000000000000030A00001B
S31508029830FC4F01038896020810400100014100000E
S315080298403C4001000000000048400100A007000358
S3150802985050400100000000005C40010000000000CA
S3150802986008410100FF4C000054C0070051113000A6
S315080298700E0009E62D000000040506070800000090
S31508029880D1B602006435000040400701000050517D
S315080298900000A01110000000000000861FC0810011
S315080298A0000000200000000064400501000000409E
S315080298B0B904F80040080000020000009200040003
S315080298C088400F01B7033B00000000E000000000DB
S315080298D00002050D1C2F42536269686053402E1F11
S315080298E0110A08080808070605040303020202010A
S315080298F00101010100000000000000000000000054
S315080299001C4101010060B18C38410701BC200AF0F4
S31508029910F6625200055B98408E6E82941C78485215
S31508029920893B4000C00300805C410101FFDD000065
S3150802993068410701E853FA000000004000000000F1
S315080299400000000000000000000000000000000007
S31508029950D0410301000000AAD00000000400120052
S31508029960E041130100000000FFAB000A5CF10F00A2
S31508029970D341020095EDB100197BD80F1208B9043C
S31508029980EA1B6D1FC9B7C20A0B203B00430600003B
S315080299905962F300727E9600A73D1900D022F13B68
S315080299A0000000A0000000003800000000000000CF
S315080299B04C4201010800030468420101010000004B
S315080299C038800101C2241000A080020170780300C9
S315080299D0D0000000A8800111F0010000A880013122
S315080299E00542CB01AC800111F0010000AC800131C7
S315080299F0053EFD00EC000112E00F0000EC0001320A
S31508029A000C2051518401010200100000FFFFFFFFE4
S31508029A1003020000FC4F0103DC9602081040010015
S31508029A20014100003C4001000000000048400100DE
S31508029A30A007000350400100000000005C4001003E
S31508029A400000000008410100FF4C000054C0070056
S31508029A50512130000E000DE62A0000000405060713
S31508029A6008000000D1B60200600500004040070168
S31508029A70000050510000A0211000000000000086DE
S31508029A801FC081000000002000000000644005019C
S31508029A90000000404902F0004008000002000000F1
S31508029AA09200080088400F01DA032A00000000E04D
S31508029AB0000000000102071121374B5A67696254F8
S31508029AC040291505000000000102030404040303EB
S31508029AD0030303020202020202010101000000005E
S31508029AE0000000001C41010100B0B18C3841070199
S31508029AF0BC200AF0B6555200055B98408E6E8294D9
S31508029B00233C4852893B4000C00300805C41010166
S31508029B10FFDD000068410701E853FA000000004033
S31508029B200000000000000000000000000000000025
S31508029B3000000000D04103010000AAAAD0000000DC
S31508029B4004001200E041130100000000FFAB000A06
S31508029B505CF10F00D341020095EDB100197BD80FD5
S31508029B601208B904EA1B6D1FC9B7C20A0B203B00CB
S31508029B70430600005962F300727E9600A73D19005B
S31508029B80D022F13B000000A00000000040000000C7
S31508029B90000000004C42010108000304684201016A
S31508029BA00100000038800101F1471000A08002017F
S31508029BB070780300D5C00000A8800111F0010000EA
S31508029BC0A88001310542CB01AC800111F0010000E9
S31508029BD0AC80013105228D00EC000112E00F000075
S31508029BE0EC0001320C205111840101020000000030
S31508029BF0FFFFFFFF03080000FC4F0103DC96020883
S31508029C0010400100014100003C4001000000000034
S31508029C1048400100A0070003504001000000000070
S31508029C205C4001000000000008410100FF4C0000F2
S31508029C3054C00700512130000E000DE62A0000002C
S31508029C400405060708000000D1B6020060050000F8
S31508029C5040400701000050510000A02110000000FA
S31508029C60000000861FC081000000002000000000DE
S31508029C7064400501000000404902F0004008000067
S31508029C80020000009200080088400F01D7032A004C
S31508029C90000000E0000000000002050D1A2D3F50EA
S31508029CA06068696357463525150D090807060505CF
S31508029CB0040404030303030202020202010101016E
S31508029CC001010101010101011C41010100B0B18C30
S31508029CD038410701BC200AF0B6555200055B984088
S31508029CE08E6E8294233C4852893B4000C003008012
S31508029CF05C410101FFDD000068410701E853FA00F3
S31508029D000000004000000000000000000000000003
S31508029D100000000000000000D04103010000AAAACA
S31508029D20D000000004001200E04113010000000008
S31508029D30FFAB000A5CF10F00D341020095EDB100BA
S31508029D40197BD80F1208B904EA1B6D1FC9B7C20AD4
S31508029D500B203B00430600005962F300727E960010
S31508029D60A73D1900D022F13B000000A00000000028
S31508029D7040000000000000004C42010108000304F4
S31508029D80684201010100000038800101F147100014
S31508029D90A080020170780300FFC00200A8800111AA
S31508029DA0F0010000A88001310542CB01AC80011107
S31508029DB0F0010000AC800131050A0D00EC00011229
S31508029DC0E00F0000EC0001320C205111840101025F
S31508029DD000000000FFFFFFFF03030000FC4F010322
S31508029DE03097020810400100004100003C40010083
S31508029DF010000000484001002007000350400100FF
S31508029E00000400005C4001000D0F0000084101003B
S31508029E1003C0010054C00700511130000E000DE6C0
S31508029E202A000000080B0C0D0D000000D1B6020036
S31508029E308005000040400701000020700000A011C4
S31508029E4010000000300000461FC8810000200030C4
S31508029E50008000006440050100000000B904F80013
S31508029E60400800001000000092000A0088400F0116
S31508029E70B703120000000060000000000002050D92
S31508029E801C2F42536269686053402E1F110A080844
S31508029E90080807060504030302020201010101017B
S31508029EA00000000000000000000000001C41010143
S31508029EB000302C8C38410701BC200AF049C05100F9
S31508029EC001000040B75635120078085009084000CC
S31508029ED0C00300805C4101010000000068410701DF
S31508029EE04CD4E83B04190D70080E141A20262C329D
S31508029EF0383E10325476980A1D6940B4D04103019F
S31508029F0000000000D000000000000200E04113013A
S31508029F1000000000E2CFDD2C7EB63A006009190087
S31508029F205122E2004CB9510E3982A904D8229B2942
S31508029F30E2CFDD2C7EB63A00600919005122E20012
S31508029F404CB9510E3982A904D8229B290000000077
S31508029F5000000000440000003C3C3C3C4C4201012D
S31508029F60080000046842010100000000388001016F
S31508029F70F1471000A080020170380300D0000000EB
S31508029F80A8800111F0010000A8800131055AFD01DF
S31508029F90AC800111F0010000AC800131053EFD00E4
S31508029FA0EC000112E00F0000EC0001320C20511106
S31508029FB08401010200000000FFFFFFFF0304000006
S31508029FC0FC4F01038497020810400100004100007B
S31508029FD03C40010010000000484001002017000321
S31508029FE050400100010400005C4001000D0F000012
S31508029FF00841010003C0010054C007005111300096
S3150802A0000E000DE62A000000080B0C0D0D000000DC
S3150802A010D1B602008005000040400701000020700A
S3150802A0200000A01110000000300000461FC8810081
S3150802A0300020003000800000644005010000000096
S3150802A040B904F800400800001000000092000A0057
S3150802A05088400F01B70312000000006000000000EC
S3150802A0600002050D1C2F42536269686053402E1F79
S3150802A070110A080808080706050403030202020172
S3150802A08001010101000000000000000000000000BC
S3150802A0901C41010100302C8C38410701BC200AF012
S3150802A0A049C0510001000040B756351200780850E1
S3150802A0B009084000C00300805C410101000000005D
S3150802A0C0684107014CD4E83B04190D700A10161CA6
S3150802A0D022282E343A4010325476980A1D6980A4F2
S3150802A0E0D041030100000000D00000000000020079
S3150802A0F0E041130100000000E2CFDD2C7EB63A00F3
S3150802A100600919005122E2004CB9510E3982A9049C
S3150802A110D8229B29E2CFDD2C7EB63A0060091900C7
S3150802A1205122E2004CB9510E3982A904D8229B2940
S3150802A1300000000000000000440000003C3C3C3CDB
S3150802A1404C420101080000046842010100000000B7
S3150802A15038800101F1471000A0800201703803001F
S3150802A160D0000000A8800111F0010000A88001318A
S3150802A170055AFD01AC800111F0010000AC800131E5
S3150802A180053EFD00EC000112E00F0000EC00013272
S3150802A1900C2051118401010200000000FFFFFFFF9D
S3150802A1A003050000FC4F0103D8970208104001007E
S3150802A1B0004100003C400100000000004840010048
S3150802A1C02007000350400100000000005C40010027
S3150802A1D00D0F000008410100FF4C000054C00700A3
S3150802A1E0511130000E000DE62A000000080B0C0D76
S3150802A1F00D000000D1B60200E0040000404007014D
S3150802A200000020700000A0111000000000000046A7
S3150802A2101FC0810000000020008000006440050184
S3150802A22000000000B904F800400800001000000011
S3150802A2309100040088400F01B70312000000006075
S3150802A240000000000002050D1C2F42536269686077
S3150802A25053402E1F110A08080808070605040303B7
S3150802A26002020201010101010000000000000000D3
S3150802A270000000001C41010100302C8C3841070106
S3150802A280BC200BF049C05100055BA0408E6E82943B
S3150802A2902182485209084000C00D00805C41010134
S3150802A2A0FFDD0000684107014CD4E83B04190D5054
S3150802A2B0080E141A20262C32383E10325476980A82
S3150802A2C01D0040B4D041030100000000D000000088
S3150802A2D004001200E041130100000080E2CFDD2CE9
S3150802A2E07EB63A00600919005122E2004CB9510EB5
S3150802A2F03982A904D8229B29E2CFDD2C7EB63A0000
S3150802A300600919005122E2004CB9510E3982A9049A
S3150802A310D8229B290000000000000000440000002B
S3150802A3203C3C3C3C4C4201010800030468420101E2
S3150802A3300000000038800101F1471000A0800201E8
S3150802A34070380300D0000000A8800111F001000057
S3150802A350A8800131055AFD01AC800111F001000007
S3150802A360AC800131053EFD00EC000112E00F000051
S3150802A370EC0001320C205111840101020000000098
S3150802A380FFFFFFFF30980208809C2B8F80841E00F7
S3150802A390000000002500FF7F2C3D00200000000081
S3150802A3A02C9802080000000030980208809C2B8F27
S3150802A3B080841E00000026002600B7002C3D0020DF
S3150802A3C0000000002C9802080000000030980208DD
S3150802A3D0809C2B8F80841E000000270027008C009B
S3150802A3E02C3D0020000000002C9802080000000006
S3150802A3F0149A0208809C2B8F80841E00000000009D
S3150802A4002500FF7F2C3D002000000000109A02085C
S3150802A41000000000149A0208809C2B8F80841E007C
S3150802A420000026002600A0002C3D002000000000A7
S3150802A430109A020800000000149A0208809C2B8FCA
S3150802A44080841E00000027002700FF7F2C3D002085
S3150802A45000000000109A020800000000F89B02089B
S3150802A460809C2B8F80841E00000000002200FF7F44
S3150802A4702C3D002000000000F49B020800000000AA
S3150802A480F89B0208809C2B8F80841E000000230004
S3150802A4902300B6002C3D002000000000F49B0208B1
S3150802A4A000000000F89B0208809C2B8F80841E0007
S3150802A4B00000240024009D002C3D0020000000001E
S3150802A4C0F49B020800000000F89B0208809C2B8F70
S3150802A4D080841E000000250025007D002C3D0020FA
S3150802A4E000000000F49B020800000000F89B020826
S3150802A4F0809C2B8F80841E000000260026005300B5
S3150802A5002C3D002000000000F49B02080000000019
S3150802A510F89B0208809C2B8F80841E00000027006F
S3150802A5202700FF7F2C3D002000000000F49B020854
S3150802A53000000000DC9D0208809C2B8F80841E0090
S3150802A540000000002500FF7F343D002000000000C7
S3150802A550D89D020800000000DC9D0208809C2B8F13
S3150802A56080841E00000026002600B700343D002025
S3150802A57000000000D89D020800000000DC9D0208C9
S3150802A580809C2B8F80841E000000270027008C00E9
S3150802A590343D002000000000D89D0208000000009B
S3150802A5A0C09F0208809C2B8F80841E00000000003A
S3150802A5B02500FF7F343D002000000000BC9F0208F2
S3150802A5C000000000C09F0208809C2B8F80841E001A
S3150802A5D0000026002600B700343D002000000000D7
S3150802A5E0BC9F020800000000C09F0208809C2B8FB7
S3150802A5F080841E000000270027008C00343D0020BE
S3150802A60000000000BC9F020800000000A4A1020886
S3150802A610809C2B8F80841E00000000002500FF7F8F
S3150802A620343D002000000000A0A10208000000003E
S3150802A630A4A10208809C2B8F80841E00000026009D
S3150802A6402600B700343D002000000000A0A1020841
S3150802A65000000000A4A10208809C2B8F80841E00A3
S3150802A6600000270027008C00343D0020000000006F
S3150802A670A0A10208000000000C40010001810100AF
S3150802A68020400200000000000100000030400300E4
S3150802A6900000000000000000000000004040020028
S3150802A6A000000000004000006040010001010000B7
S3150802A6B0A840010007000000BC400400000000009A
S3150802A6C00000000000000000000000000C4103002A
S3150802A6D0FF4C0000FF4D0000FF4D000020C0011096
S3150802A6E000F8070020C00130F502280124C0011035
S3150802A6F0FF00000024C001300013000028C0080033
S3150802A700EC80B30343754051A00F00F800400000E7
S3150802A710A8AA0700000000000000000000000000D0
S3150802A72070C00900BA100000000420000418800056
S3150802A7300B3C2001187C10022FFCE0067F0000006B
S3150802A7400000000000000000A8C00500BD4B7215FD
S3150802A75011A3180510325476980A0000000000006A
S3150802A760CCC00400010000000000000001000A003D
S3150802A770010028000800010108070000180001016D
S3150802A780AAAAAA00200001010060DA005C400201C0
S3150802A7900000000300000020784004012941767178
S3150802A7A0000000008C000C0000000000C4400401F8
S3150802A7B00000000000000000000000000000000089
S3150802A7C0E04001010002000010410201331E0500AB
S3150802A7D0000000002041020100000000FF04830778
S3150802A7E02C410301FF06660CFF0483078813FF0347
S3150802A7F05841010100000000644101010C010000FA
S3150802A800844105010101000000000000000000006B
S3150802A8100000000000000000A44102010000000040
S3150802A82000000000B04102010000000058923EC03C
S3150802A830BC4103010000000000003C0069900600CC
S3150802A8402C420301601800400000000000000000CE
S3150802A8503C420101000000004442010114000000CC
S3150802A86080420201000000008100000098420501B2
S3150802A8703F000002FFFF0000FFFF0000FF03000089
S3150802A880FFFF0000B44201010000000030430A0144
S3150802A89040002001A0000000085000011F1F1F1FD2
S3150802A8A01F1F1F1B18151311100E0D0C45C1872FDC
S3150802A8B000000000000000001080010103000000F3
S3150802A8C03C80010101000000B08002010003000281
S3150802A8D0370000019C000102000C0004D8000302A4
S3150802A8E0050040AA88010000C0000000F00001022D
S3150802A8F02B0100001001011200FF0F0010010132A6
S3150802A900020000315001011200C00100500101325B
S3150802A910C100A2007401010269811B0C78010112AF
S3150802A92000001C00780101321004E0CF80010112F8
S3150802A9307907000080010132020000008801010245
S3150802A94050000000FFFFFFFF140000006666660065
S3150802A9500000000030B4020820B40208000B000010
S3150802A96000000000005A620280841E000420F800DB
S3150802A970F147500200000000C8B3020800000000B8
S3150802A980000000000000000062841E0000000000B3
S3150802A99000000000000000000000000005020000A0
S3150802A9A0FC4F010348A9020820C0011000F807005D
S3150802A9B020C00130FE01280124C00110FF0000005A
S3150802A9C024C001300014000044C001000000000049
S3150802A9D068C0020088C6020000050000D0C0010057
S3150802A9E0A10000004C40030120FB130407C04200EB
S3150802A9F000000000604002010000002800800200FA
S3150802AA00804001015A01A0088C4002010000006042
S3150802AA100000000020410101000000003841010148
S3150802AA20BC200AF05C410101031000006C410B01D5
S3150802AA3000000040000000000000000000000000C6
S3150802AA4000000000000000000101000000000000F4
S3150802AA50000000000000000000000000A8410101FB
S3150802AA60000000003C42010112010000804202017E
S3150802AA700100094001081000A04203010000E80392
S3150802AA800002000000001000B44201010000C000EC
S3150802AA9030430301410040024001AC0450B00001BA
S3150802AAA04C4301015D280F2DFFFFFFFF050A000039
S3150802AAB0FC4F010348A9020820C0011000F807004C
S3150802AAC020C00130FE01280124C00110FF00000049
S3150802AAD024C001300014000044C001000000000038
S3150802AAE068C0020088C6020000050000D0C0010046
S3150802AAF0A10000004C40030120FB130407C04200DA
S3150802AB0000000000604002010000002800800200E8
S3150802AB10804001015A01A0088C4002010000006031
S3150802AB200000000020410101000000003841010137
S3150802AB30BC200AF05C410101031000006C410B01C4
S3150802AB4000000040000000000000000000000000B5
S3150802AB5000000000000000000101000000000000E3
S3150802AB60000000000000000000000000A8410101EA
S3150802AB70000000003C42010112010000804202016D
S3150802AB800100094001081000A04203010000E80381
S3150802AB900002000000001000B44201010000C000DB
S3150802ABA030430301410040024001B40550B00001A0
S3150802ABB04C4301015D280F2DFFFFFFFF0509000029
S3150802ABC0FC4F01034CB4020820C0011000F807002C
S3150802ABD020C001301402280124C00110FF00000021
S3150802ABE024C001300043000044C001002E020000C8
S3150802ABF068C00200D1B60200C0060000D0C001003B
S3150802AC00000000004C40030120F91304070062000B
S3150802AC1038700000604002010068010F40B8244005
S3150802AC2080400101236300008C400201008000601D
S3150802AC30BE0A000020410101590B000038410101FA
S3150802AC4090200AF05C410101001E00006C410B01D4
S3150802AC5000140CC01A20272E343A41484F5654661F
S3150802AC6087A9CB0D237300000101000017272E6A5E
S3150802AC7014171A002004C87DA1203A09A841010127
S3150802AC80290000003C420101000000008042020146
S3150802AC900000000081000000A0420301FFFF00003F
S3150802ACA0FF030000FFFF0000B4420101000000009C
S3150802ACB03043030140002001A000000008500001B3
S3150802ACC04C43010145C1872FFFFFFFFFA0A90208D8
S3150802ACD04063598F404B4C000B000B001A00FF7F54
S3150802ACE0443D0020000000009CA902080000000064
S3150802ACF0B0AA02084063598F404B4C000B000B0068
S3150802AD001A00FF7F443D002000000000ACAA02089A
S3150802AD1000000000C0AB02084063598F404B4C004C
S3150802AD200B000B001A00FF7F443D002000000000C4
S3150802AD30BCAB02080000000002000000C017530264
S3150802AD4006140000802FA60405380000A00800009B
S3150802AD500000580901040706100A01040707C80A71
S3150802AD6000040807800B00040808380C00040908C8
S3150802AD706108000000008A0800000000C7090104F3
S3150802AD8004032C0B01040404920C010405040000BC
S3150802AD90DBD61000DBD6100020A107000000000059
S3150802ADA0193F01060410010000010002020000001A
S3150802ADB00005000101000000000000001400000068
S3150802ADC00000000000000000A0AD020890AD0208D5
S3150802ADD0000000000000000070305E01E803000079
S3150802ADE00102F200330410030000000038AD020825
S3150802ADF0000000000000000000000000D00700006C
S3150802AE000000000000000000000000000000000032
S3150802AE1000000000000000008008089240420F006F
S3150802AE20000000000000FF7F3C3D002000000000FB
S3150802AE3010AE0208000000000C40020000000000EC
S3150802AE4000400000204002000F0000000000000041
S3150802AE50304007000000000000000000000000006B
S3150802AE600000000000000000004000000007000388
S3150802AE7050400100000000005C4002000000000093
S3150802AE8000000000A840010007000000BC400400C2
S3150802AE9000000000000000000000000000000000A2
S3150802AEA008410400FF40000000000000FF410000C6
S3150802AEB00000000020C0011000F8070020C0013081
S3150802AEC00001280124C00110FF00000024C001303F
S3150802AED00013000028C00800EC80B30343754051F4
S3150802AEE0A00F00F800400000A8AA07000000000012
S3150802AEF0000000000000000054C01000512130007C
S3150802AF00F400E3E6A354000086B7CFDCE3000000B2
S3150802AF1088C6020040070000BA100000000420009C
S3150802AF20041880000B3C2001187C10022FFCE00656
S3150802AF307F0000000000000000000000A8C0050015
S3150802AF40BD4B721511A3180510325476980A0000E3
S3150802AF5000000000CCC00400010000000000000050
S3150802AF6001000A0001002800080001014407000048
S3150802AF7018000101000000002000010101A00000E4
S3150802AF8040402501000000000000000010000000FB
S3150802AF909101000001C00206003000000000000016
S3150802AFA000000003000000200000000042720600B4
S3150802AFB041080000F007040010000000000000002D
S3150802AFC0000000000000AC08000000001C030F008F
S3150802AFD00000006000000000000000000000000001
S3150802AFE00000000000000000000000000000000051
S3150802AFF00000000000000000000000000000000041
S3150802B0000000000000000000000000000000000030
S3150802B0100000000000000000E040010100020000FC
S3150802B02010410201331E0500000000001C41030105
S3150802B0300010568B00000000FF0483072C410A010A
S3150802B040FF06660CFF0483078813FF03BC200AF079
S3150802B0505633500000000000B75635120000005063
S3150802B060803B000000000000584102010000000079
S3150802B0700000000064410D010C010000E853FA00CB
S3150802B0800000004000000000000000000000000070
S3150802B090000000000000000001010000000000009E
S3150802B0A0000000000000000000000000A4410201A8
S3150802B0B00000000000000000B0410201000000008C
S3150802B0C000002000BC4103010000000000003C0013
S3150802B0D069900600D041030100000000100000003C
S3150802B0E000000200E041160100000000E6E7FF0B3F
S3150802B0F0CDA10A00BD066A005EB04D007D02420E71
S3150802B100A5B62202FF25B234E6E7FF0BCDA10A0057
S3150802B110BD066A005EB04D007D02420EA5B6220249
S3150802B120FF25B23400000000000000000500000000
S3150802B1300000000060180040000000000000000047
S3150802B1403C420101000000004442010114000000D3
S3150802B1504C42010108000004684201010000000097
S3150802B16080420201000000008100000098420501A9
S3150802B1703F000002FFFF0000FFFF0000FF03000080
S3150802B180FFFF0000B44201010000000030430A013B
S3150802B19040002001A0000000085000011F1F1F1FC9
S3150802B1A01F1F1F1B18151311100E0D0C45C1872FD3
S3150802B1B000000000000000001080010103000000EA
S3150802B1C0388002013304100001000000A080020149
S3150802B1D070780300D0000000A8800111F001000079
S3150802B1E0A88001310542CB01AC800111F0010000B3
S3150802B1F0AC800131053EFD00B08002010003000269
S3150802B200370000019C000102000C0004D80003026A
S3150802B210050040AA88010000C0000000EC000112E7
S3150802B220E00F0000EC0001320C205151F00001023F
S3150802B2302B0100001001011200FF0F00100101325C
S3150802B240020000315001011200C001005001013212
S3150802B250C100A2007401010269811B0C7801011266
S3150802B26000001C00780101321004E0CF80010112AF
S3150802B27079070000800101320200000084010202FF
S3150802B2800010000050000000FC4F0103BCAD02088C
S3150802B290FFFFFFFF78A602080000000084A3020849
S3150802B2A00300000000000000C017530294B202080F
S3150802B2B078A6020800000000F0A3020803000000B6
S3150802B2C000000000C0175302B0B2020878A60208AE
S3150802B2D0000000005CA4020806000000000000004E
S3150802B2E0C0175302CCB2020800000000000000009A
S3150802B2F078A602080000000034A502080300000030
S3150802B30000000000C0175302F0B2020878A602082D
S3150802B31000000000A0A502080300000000000000CB
S3150802B320C01753020CB3020878A6020800000000F0
S3150802B3300CA602080300000000000000C017530212
S3150802B34028B30208A8BA020800000000CCAC02081A
S3150802B3500100000000000000C017530244B30208AF
S3150802B360A8BA02080000000014AD02080100000095
S3150802B37000000000C017530260B30208A8BA020808
S3150802B38000000000F0AC0208010000000000000006
S3150802B390C01753027CB3020838AE02080000000048
S3150802B3A014AE02080100000000000000C017530294
S3150802B3B098B3020801000000ED170000ED1700001F
S3150802B3C0F40100000000000002000000C01753024A
S3150802B3D006140000802FA60405380000A008000005
S3150802B3E00000580901040706100A01040707C80ADB
S3150802B3F000040807800B00040808380C0004090832
S3150802B4006108000000008A0800000000C70901045C
S3150802B41004032C0B01040404920C01040504000025
S3150802B420E1190000E1190000F40100000000000023
S3150802B430193F010604100100000101060010270049
S3150802B44000090000000000000000000014000000CF
S3150802B450666666000000000030B40208B8B3020847
S3150802B4600000000000000000005A620280841E00EC
S3150802B4700420F600F147500200000000C8B3020893
S3150802B48000000000000000000000000062841E00A8
S3150802B490000000000000000000000000000000009C
S3150802B4A0050E000014000000666666000000000033
S3150802B4B030B4020820B40208000A000000000000A6
S3150802B4C0005A620280841E000420F800F1475002E6
S3150802B4D000000000C8B302080000000000000000D7
S3150802B4E00000000062841E00000000000000000048
S3150802B4F0000000000000000005010000FC4F0103E7
S3150802B5004CB4020820C0011000F8070020C0013020
S3150802B5101402280124C00110FF00000024C00130D3
S3150802B5200043000044C001002E02000068C0020069
S3150802B530D1B60200C0060000D0C00100000000001B
S3150802B5404C40030120F9130407006200387000001A
S3150802B550604002010068010F40B8244080400101A2
S3150802B560236300008C40020100800060BE0A0000CE
S3150802B57020410101590B00003841010190200AF0CF
S3150802B5805C410101001E00006C410B0100140CC055
S3150802B590141A21282E343B42495043557698BA0C40
S3150802B5A023730000010100001721286414171A00EA
S3150802B5B02004C87DA1203A09A841010129000000FA
S3150802B5C03C42010100000000804202010000000026
S3150802B5D081000000A0420301FFFF0000FF030000F4
S3150802B5E0FFFF0000B44201010000000030430301DE
S3150802B5F040002001A0000000085000014C43010150
S3150802B60045C1872FFFFFFFFF000000004063598FE7
S3150802B610404B4C000B000B001A00FF7F443D0020F4
S3150802B62000000000A0B40208000000000C4002005E
S3150802B630018014007F400000204002000000000044
S3150802B6400000000030400700000000000000000073
S3150802B650000000000000000000000000004000009A
S3150802B660A007000350400100000000005C400200F1
S3150802B6700000000000000000A840010007000000CA
S3150802B680BC400400000000000000000000000000AA
S3150802B690000000000841040000400000FF4C0000C2
S3150802B6A000410000FF4D000020C0011000F807000D
S3150802B6B020C00130FE01280124C00110FF0000004D
S3150802B6C024C001300014000028C00800EC80B3032F
S3150802B6D043754051A00F00F800400000A8AA0700D1
S3150802B6E000000000000000000000000054C0100026
S3150802B6F051313000070007E6150000000406060768
S3150802B7000700000088C6020000050000BA10000003
S3150802B71000042000041880000B3C2001187C10024B
S3150802B7202FFCE0067F000000000000000000000079
S3150802B730A8C00500BD4B721511A318051032547620
S3150802B740980A000000000000CCC0040001000000B6
S3150802B750A100000001000A000100280008000101FA
S3150802B7600407000018000101000000002000010182
S3150802B7700884000040402501000000000000000087
S3150802B7801000000020FB130407C04200000000005E
S3150802B79000000000000000030000002020B802009C
S3150802B7A04902F0004108000002000000B007080044
S3150802B7B0A7000000000000005A02A0089BC34A74B2
S3150802B7C0F0030F00000000600000000001011030C5
S3150802B7D050707F7F0000000000000000000000009B
S3150802B7E00000000000000000000000000000000049
S3150802B7F00000000000000000000000000000000039
S3150802B800000000000000000000000000E040010106
S3150802B8100002000010410201731E0500000000002C
S3150802B8201C4103010090C28B11010000FF0483072B
S3150802B8302C410A01FF06660CFF0483078813FF03DF
S3150802B840BC200AF0F854520000000000B756351220
S3150802B85000000050803B0000000000005841020131
S3150802B860000000000310000064410D010C010000F5
S3150802B870E853FA0000000040000000000000000043
S3150802B88000000000000000000000000001010000A6
S3150802B8900000000000000000000000000000000098
S3150802B8A0A44102010000000000000000B0410201AC
S3150802B8B00000000000002000BC4103010000000057
S3150802B8C000003C0069900600D04103010000000018
S3150802B8D0D000000000000200E0411601000000004E
S3150802B8E0DE635E36BF6F07006FEA1600E530CE00EC
S3150802B8F0B2B9D90E4B8494045A1FA924DE635E3664
S3150802B900BF6F07006FEA1600E530CE00B2B9D90E4E
S3150802B9104B8494045A1FA92400000000000000006A
S3150802B9202C00000007EE75366018000000000000C3
S3150802B930000000003C4201011201000044420101DC
S3150802B940140000004C42010108000004684201018B
S3150802B95000000000804202010100094001081000AF
S3150802B960984205013F000002FFFF00000000E803BD
S3150802B9700002000000001000B44201010000C000ED
S3150802B98030430A01400040024001AC0450B00001B5
S3150802B9901F1F1F1F1F1F1F1B18151311100E0D0C1B
S3150802B9A05D280F2D00000000000000001080010134
S3150802B9B00300000038800201F14710000100000070
S3150802B9C09C800301EB400200D5C00000D5C00000F0
S3150802B9D0A8800111F0010000A880013105228D001E
S3150802B9E0AC800111F0010000AC80013105228D0006
S3150802B9F0B08002013F000001370000019C000102ED
S3150802BA00000C0004D8000302050040AA88010000C1
S3150802BA10C0000000EC000112E00F0000EC00013249
S3150802BA200C205111F00001022B0100001001011235
S3150802BA3000FF0F001001013202000031500101120D
S3150802BA4000C0010050010132C100A20074010102C6
S3150802BA5069F11F0C7801011200001C0078010132FD
S3150802BA601004E01F80010112790700008401020216
S3150802BA700000000048000000FC4F0103A4B40208BD
S3150802BA80FFFFFFFFFCB402084063598F404B4C008E
S3150802BA900B000B001A00FF7F443D00200000000047
S3150802BAA0F8B40208000000000C40020001801400ED
S3150802BAB07F40000020400200000000000000000055
S3150802BAC030400700000000000000000000000000EF
S3150802BAD0000000000000000000400000A00700036C
S3150802BAE050400100000000005C4002000000000017
S3150802BAF000000000A840010007000000BC40040046
S3150802BB000000000000000000000000000000000025
S3150802BB100841040000400000FF4C000000410000FC
S3150802BB20FF4D000028C00700EC80B303437540515F
S3150802BB30A00F00F800400000A8AA070000000000B5
S3150802BB400000000054C00500513130000E000DE619
S3150802BB502A000000080B0C0D0D00000070C0090039
S3150802BB60BA10000000042000041880000B3C2001D3
S3150802BB70187C10022FFCE0067F000000000000007F
S3150802BB8000000000A8C00500BD4B721511A31805D8
S3150802BB9010325476980A000000000000CCC001005A
S3150802BBA001000000D4C0020001000A0001002800BA
S3150802BBB00800010104070000180001010000000046
S3150802BBC02000010108840000404003010000000033
S3150802BBD000000000100000005840020100000000AA
S3150802BBE000000003684006014902F000410800000F
S3150802BBF002000000B0070800A700000000000000CD
S3150802BC00844002019BC34A74F0030F00944010015A
S3150802BC100101103050707F7F000000000000000014
S3150802BC200000000000000000000000000000000004
S3150802BC3000000000000000000000000000000000F4
S3150802BC4000000000000000000000000000000000E4
S3150802BC50E04001010002000010410201331E050006
S3150802BC60000000001C4101010090C28B2441010121
S3150802BC70FF0483072C410301FF06660CFF048307B2
S3150802BC808813FF033C410601F854520000000000E5
S3150802BC90B756351200000050803B00000000000035
S3150802BCA05841010100000000644102010C01000034
S3150802BCB0E853FA00A441010100000000B041020164
S3150802BCC00000000000002000BC4103010000000043
S3150802BCD000003C0069900600D04103010000000004
S3150802BCE0D000000000000200E0411601000000003A
S3150802BCF0DE635E36BF6F07006FEA1600E530CE00D8
S3150802BD00B2B9D90E4B8494045A1FA924DE635E364F
S3150802BD10BF6F07006FEA1600E530CE00B2B9D90E3A
S3150802BD204B8494045A1FA924000000000000000056
S3150802BD302C00000007EE753660180040000000006F
S3150802BD400000000044420101140000004C420101B7
S3150802BD50080000046842010100000000984202013E
S3150802BD603F000002FFFF00003C4304011F1F1F1F84
S3150802BD701F1F1F1B18151311100E0D0C504302011D
S3150802BD80000000000000000010800101030000000E
S3150802BD9038800201F1471000010000009C8003016F
S3150802BDA0EB40020070780300D5C00000A88001119C
S3150802BDB0F0010000A88001310542CB01AC800111D7
S3150802BDC0F0010000AC80013105228D00B08002012D
S3150802BDD000030002370000019C000102000C000467
S3150802BDE0D8000302050040AA88010000C00000002E
S3150802BDF0EC000112E00F0000EC0001320C20511198
S3150802BE00F00001022B0100001001011200FF0F00D1
S3150802BE1010010132020000315001011200C0010076
S3150802BE2050010132C100A2007401010269811B0C92
S3150802BE307801011200001C00780101321004E0CFDB
S3150802BE408001011279070000800101320200000018
S3150802BE50840102020000000050000000FFFFFFFFFD
S3150802BE602CB602080000000008B60208010000000D
S3150802BE7000000000C017530260BE0208649502085B
S3150802BE802C2066756E6374696F6E3A20006173734F
S3150802BE90657274696F6E2022257322206661696C49
S3150802BEA065643A2066696C6520222573222C206C0B
S3150802BEB0696E65202564257325730A00232D302BA8
S3150802BEC02000686C4C00656667454647003031328B
S3150802BED033343536373839414243444546003031E2
S3150802BEE03233343536373839616263646566000041
S3150802BEF071E70108B9E7010865E70108C5E701081E
S3150802BF00ADE70108016A02083F6A0208616A020887
S3150802BF10836A0208A56A020849F70108F9F60108C0
S3150802BF2005F70108F5F70108B16C0208BB650208B6
S3150802BF30BF650208C3650208C7650208CB65020821
S3150802BF4000000000C001000008290020FFFFFFFFD3
S3150802BF50FFFFFFFFFFFFFFFFFFFFFFFFFFFFFFFFE1
S3150802BF60FFFFFFFFFFFFFFFFFFFFFFFF00021000BB
S3150802BF705C360020C82A00200000020800000000E3
S3150802BF80FFFFFFFFFFFFFFFFFFFFFFFF00000000AD
S3150802BF900000000000000000000000000000000091
S3150802BFA00000000051F3010835F30108393502088B
S3150802BFB06D370208A136020820C001B80000000148
S3150802BFC00000010100010101000100000102020353
S3150802BFD00000000000000000FFFFFFFFFFFFFFFF59
S3150802BFE0FFFFFFFFFFFFFFFFC8C8C8C8C8C8C8C809
S3150802BFF0C8C8C8C8030404080808080800B801B86D
S3150802C00002B800B003040408080500000000000096
S3150802C0100000000000000000000000000400080004
S3150802C0207C0031003B001B005839000080030000E9
S3150802C030DC3C000004000000343E0000040000005E
S3150802C04060340000F8040000D83C00000400000038
S3150802C050303E0000030000000000000060340000CB
S3150802C060E03C000001000000383E000037000000F6
S3150802C070DD3B000061340000010000000006800F6D
S3150802C0807047FB21890109684143880B7047934829
S3150802C09000680104C80F704730B5002083490A6852
S3150802C0A000238F4C521C6568AA4200D32268157871
S3150802C0B0AD06AD0E9D40054328009B1D1E2BF1D3F0
S3150802C0C00A6030BD85480168090408D585490A68A9
S3150802C0D0764B1A604A68C2618868B2490860704736
S3150802C0E0F3B583B01700C006000E009010389128E9
S3150802C0F033D2FFF7CCFF00282FD000267A4C012531
S3150802C1000398FFF7BBFF002802D0022803D003E0FA
S3150802C1102068284000D001260197744F04980C2104
S3150802C120615E40180E21615E4018FFF7AAFF019969
S3150802C13040183860049800994018FFF7A2FF019941
S3150802C14040187860C020800169490860300369494F
S3150802C1500860FCF705FF9448057005B0F0BDFEB50A
S3150802C160654B664DC02080040290F02000050190C0
S3150802C1701869022805D22868019901400298814265
S3150802C180F0D08A480068C01C894901438948016081
S3150802C190894A8A4C0421A068084204D0187D800680
S3150802C1A0C10F490023E00226304022D0186904282C
S3150802C1B005D22F6801983840029FB842F6D0187DFA
S3150802C1C00007000F072814D1587D022811DD987D33
S3150802C1D08006800E02280CDBD87D009007460F42A7
S3150802C1E007D0C00700D50A21374200D0891D002989
S3150802C1F00BD173486F4908600020186080218902B4
S3150802C200704B196010602061F7BD481C1E69864292
S3150802C21005D22F68019E3E40029FBE42F6D06A486A
S3150802C220405C009020610098C000F821014002D0CD
S3150802C2308020C004186065480668012E00D14900AE
S3150802C2405960216800291DD15A490B682026A65F24
S3150802C25036039B059B0D33430B60012616600221AC
S3150802C26091600099890909D10068002801D118202E
S3150802C27000E01A20225E0098FFF732FF207A0007B4
S3150802C28000D42660F7BD4B484D49016000211A4A81
S3150802C2901160802292024B4B1A60474A11604C4A3F
S3150802C2A0026142614048017070470000343E000056
S3150802C2B0062048490860002047490860F02109011C
S3150802C2C0464A116080214900454A11600749404A99
S3150802C2D00A604A603449087070470000C04101A8E4
S3150802C2E0983E0000A03E0000BC3E0000C84101A8DE
S3150802C2F0C06101A8C05101A8C44000A80C0002A848
S3150802C30030B581B00400A00314D53048006800286F
S3150802C31001D1162000E00C20FEF7BCFA3148806EE7
S3150802C3200007C10F30480170082030490860C00371
S3150802C330244908602E4D2868000406D5FFF7ACFE8E
S3150802C340E861FFF7A9FE17490860A00727D58020EC
S3150802C350C0021C490860FCF726FE00281FD0254AA1
S3150802C3601068C0B2002802D00621234B1960810941
S3150802C37015D01C490B68012BFBD949680905090D1B
S3150802C380091DC900114B1B68012B00D14908002B56
S3150802C39001D1182300E01A23D25EFFF7A1FE01B0ED
S3150802C3A030BD00005C4201A86E3E0000204000A895
S3150802C3B000F0FF3FB84101A8044003A8B43E0000BC
S3150802C3C0FFF3FF3F106001A8D84000A8843F000091
S3150802C3D0FFFF0300006401A8504000A80C6000A8F3
S3150802C3E00C5000A81C4000A8E03C0000846000A88D
S3150802C3F0C04101A8B83E0000005401A870B5082241
S3150802C400804B1A60804B1B68DC0302D5002008802B
S3150802C41070BD0C880019401E00787C4DA870641CFB
S3150802C4200C8045076D0F052D05D8794E3668F60638
S3150802C43003D5022D0DD0032070BD9604AE401E40D2
S3150802C44001D1082070BD052D03D1104201D1641E09
S3150802C4500C80AA484860002070BDF3B582B00888EF
S3150802C4606C490978491CC9B2814204D20299091851
S3150802C470491E097800E00021644A517093785B07E7
S3150802C4805B0F01933023019C052C28D1194232D126
S3150802C4909478E5081E242C40CD0702D525000124F0
S3150802C4A02C430125A14EE6402E4072D0019FA04E94
S3150802C4B0E641402426403E434C0602D53400202657
S3150802C4C02643947889080D40A7080C213940294348
S3150802C4D0C02525400D4320212943967051704A49AB
S3150802C4E00C685578022123262E4008D0660302D509
S3150802C4F02B40202B01D0052082E0424B196093780D
S3150802C5009B0601D4202203E09278120702D5402224
S3150802C5103C4B1A603D4A92786B461A70C022854B8C
S3150802C5201E680E4001D1154212D06E46377827266C
S3150802C5303E40232E03D1E60207D4012606E0252E25
S3150802C54003D0212E04D1260302D504262D4F3E60A0
S3150802C5501B6819402026019F002F1CD11E4027D098
S3150802C5602A4B5B781A40402A13D00C221A40042A16
S3150802C5700FD02A073BD40122002902D0E100CB0FB3
S3150802C5805A4069460978CB07DB0F1A422FD0210198
S3150802C5902AD4072034E0022FE2D11E4008D000290F
S3150802C5A0DED1CC232B4003D16B461B785B0601D523
S3150802C5B0032025E0A30311D59C4E73691B051B0DA9
S3150802C5C05B1C3668F60205D5994E36683607B60FED
S3150802C5D09B1B5B1E9BB2052B04D1C1E7029B1B78F2
S3150802C5E0052BBDD006200BE08021064A1160E9071B
S3150802C5F002D4401C03990880AB480399486000207E
S3150802C60004B0F0BD4C1002A8D83E0000303E00002F
S3150802C610480002A84C3E0000F2B586494978CA0786
S3150802C62005D4009A12888018401E037800E0002379
S3150802C6309E4A106802249E4D2E68F60611D5126986
S3150802C6405340DBB2002B03D16E68D30973402340F3
S3150802C650002B03D0020204D40A20F2BDE206954E4C
S3150802C6603260744A1E02C0230B403343914E336034
S3150802C67093785E07760F022E06D16D682C4003D199
S3150802C680002000990880F2BDA0250D409E081027BB
S3150802C69037402F433D090E0702D42E001025354395
S3150802C6A0CC240C401A262E400A2E04D1CC2C02D0B9
S3150802C6B02E00FD253540804EEE40F60705D40004CF
S3150802C6C016D5412B10D1082912D17C48E8401121F0
S3150802C6D0014021432020084310700D210140009893
S3150802C6E008D000F0A9F8F2BD0B2B01D10029ECD035
S3150802C6F00720F2BD00F020F8F2BD0000BF340000AA
S3150802C70038B50C006E490B781A0953399500491940
S3150802C71025881B071B0FEB1A9A1A8018FEF759FD74
S3150802C720010002D1200000F007F832BDF300A3E3AE
S3150802C730981440684C0002A8F8B5040061480568D8
S3150802C7403C4F3878D026304202D00D21014005D020
S3150802C75008205D490860EF20FEF7F9FC39782000C9
S3150802C760314204D00909397000F066F8F2BD052194
S3150802C77029401FD002884D49CA60544BEC0705D59B
S3150802C780521C0280690607D4514B05E043242C400B
S3150802C790422C03D1521C028043600DE010224A4B00
S3150802C7A01A604C4A09688B00DB0F19011163802154
S3150802C7B009031160002101800020F2BD0A88801851
S3150802C7C0401E0078830601D4121D0A8018220240F0
S3150802C7D004D0088852088018C01E088039480068A4
S3150802C7E0C00702D50888401C0880394848600020DE
S3150802C7F07047344A1368DB0708D51268920705D4CE
S3150802C8000A888018401E007804280CD110202E4A67
S3150802C81010603048254A12689300DB0F1A0102633A
S3150802C8208022120302600020088070470C4000A88C
S3150802C830080001A8303E000031B581B02649002023
S3150802C84000900822254B1D7802230C24254202D18A
S3150802C8500022234903E02C40082C00D10222EC07CF
S3150802C86003D50C001E21614000931D4207D01549CD
S3150802C8700968090601D51B4901E00021C943019B44
S3150802C880194C21601949FF248C70009C1501254317
S3150802C890CD700870188800994018801818801448B6
S3150802C8A05860002036BD00007D360000D83E0000E4
S3150802C8B0480002A8481002A80D0F0C0D07170850C9
S3150802C8C0633F00004C0002A84C2002A82138000051
S3150802C8D0573800001C1002A8DE1B2501303E000056
S3150802C8E02084100000FCFF010C3F0000603F00009E
S3150802C8F065370000303E00002D3400004534000044
S3150802C9004534000045340000453400004534000033
S3150802C9100000000000000000000000000000000007
S3150802C920453400004534000045340000392B000028
S3150802C930453400006B2C00007B2C0000A72D00005C
S3150802C940092E0000932E000019300000BD2E0000AB
S3150802C950C9300000192F0000692F0000E12F0000DE
S3150802C96081320000793300003D2C00002B2800009C
S3150802C970D123000045340000D128000045340000C8
S3150802C980112A0000D529000045340000453400006C
S3150802C990512A0000453400004534000045340000A1
S3150802C9A045340000453400004534000041120000B9
S3150802C9B031120000000000000004000802140218E8
S3150802C9C00324000049488068000200D4704780B5F5
S3150802C9D080208002AB490860CF2000F053FA01BDDF
S3150802C9E0F8B589480068894C802292032260884EED
S3150802C9F0316809051DD5110BA023034001D021601A
S3150802CA0017E002403FD18027824A1760824A1760A0
S3150802CA10084038D0354D287A400705D501207F4988
S3150802CA20086000027E4908602878002801D0062896
S3150802CA3001DB0020F2BD00F07BFB716889684E6855
S3150802CA402978052907D1B905A1606E60B668CC2197
S3150802CA508901734A116000F074FB012E00DA02267E
S3150802CA60BC208005884908609420800587490860AB
S3150802CA7068480021C94301647142416484490F60D0
S3150802CA8040210160D5E783480160FFF79BFF01203B
S3150802CA90F2BD5D480168890504D5C06E0004000F21
S3150802CAA0022801D0002070470120704738B580243B
S3150802CAB05848046000F03CFB05007748006800F01F
S3150802CAC06DF9280000F03DFBFFF77CFF0748007A66
S3150802CAD0000705D5A0004D49086000F03FFC31BDAE
S3150802CAE060036C490860AC48046031BD383E0000FA
S3150802CAF0FEB50500CC2080016849486001266848D1
S3150802CB000660FFF7C6FF00287DD0664C207800280D
S3150802CB1079D031020195052802D02A460A4072D1F7
S3150802CB20CC27BF015D4A17608D4A126881231B0212
S3150802CB30134001D0032301E053075B0F022805D1F6
S3150802CB40022B5ED3080136490860F7BD4D0103285A
S3150802CB5004D1022B55D932480560F7BD042802D103
S3150802CB6011404ED0F7BD05284BD10198002848D070
S3150802CB70C005C10F684641700198C004C10F6846D6
S3150802CB80017000F0D5FA0290606869464978002972
S3150802CB9003D006688021204A11602C0486496A4619
S3150802CBA01278002A0CD0C2680B68D21A834B1B680B
S3150802CBB0234001D0066800E04668964200DD16006A
S3150802CBC0684640786A461278024308D008684242A4
S3150802CBD0B01E824202DA7042886000E0002602989D
S3150802CBE000F0AFFA0198800501D5974804600198CC
S3150802CBF0054001D095480460002E02D00848076017
S3150802CC00F7BDFFF753FFF7BD440002A8442002A868
S3150802CC10D83E00000CC001A890E001A8C4D000A824
S3150802CC20145001A838B580248948046001201C499B
S3150802CC3008601C4D2878052802D0600085490860DE
S3150802CC40FFF727FF002812D013480068000A802140
S3150802CC504140A868000EC9B2814208D2404800681D
S3150802CC604007400F022802D2FFF720FF31BD7A485B
S3150802CC700168C0220A4002D1C06F204001D0044890
S3150802CC80046031BD1C1002A808E001A808D001A85A
S3150802CC9094D001A8441002A818C000A8106001A8E0
S3150802CCA0C4E000A8383E0000F1B582B00F00A0200B
S3150802CCB0384003D08020800069494DE000F038FAF8
S3150802CCC0009066480468F80202D5A06800690290D6
S3150802CCD000F0AFFB80210903606800F07DF9267831
S3150802CCE00020761C6178B14200D2002618217143D1
S3150802CCF065180C3529780829F3DA2670A56059498A
S3150802CD002A780A70BA0507D5544800688068C06848
S3150802CD10FA0201D40322904388600127384003D1DE
S3150802CD2000F092FC01F0DEF8F904686900F054F9A3
S3150802CD303C2000F0A7F8F0B200F0A4F860884A494F
S3150802CD4001406180009800F0FCF938054449086002
S3150802CD50464807603802464908600298FEBD000048
S3150802CD60184001A810B543480068800501D4FE2082
S3150802CD7010BDC02080034049086000F0D9F9374940
S3150802CD8009688A78D20702D589688C7800E00C7817
S3150802CD9000F0D7F9200010BD100002A82F49096833
S3150802CDA08A688B78DB0704D5927818235A438A183F
S3150802CDB00C3290607047000048C001A84C0002A8D7
S3150802CDC0F1B582B02D4F3C680026200F000702D12C
S3150802CDD0E00102902AE001F085F800F0A9F9019035
S3150802CDE080210903606800F0F7F825786D1C6078E1
S3150802CDF0A84200D20025E80020180C3000900068EE
S3150802CE000290802109030098406800F0E5F83D2069
S3150802CE1000F038F8E8B200F035F825700098A060FE
S3150802CE20019800F08EF902A801F0B4F814480068D7
S3150802CE30800407D5F86901F0C6FD02990818029020
S3150802CE4000D502960298FEBD4C1002A84C2002A8F4
S3150802CE5094E001A8146001A814C001A8DC3E0000F1
S3150802CE60442002A8383E0000FEFF0000C0E000A8E9
S3150802CE70106001A8440002A8441002A8E03E00007F
S3150802CE80FC0302A84A490968002901D549490860EC
S3150802CE907047F3B581B0484FB968484C4A0058D52F
S3150802CEA00125090100D521250100FE2292011068FB
S3150802CEB0566822689206920E94463A689300802231
S3150802CEC0134062461343802252001A4300920A0014
S3150802CED023D0890601D5012008E0F021014007D1B7
S3150802CEE06946097A0C220A4002D0022000F04AF862
S3150802CEF03349096809040AD53968090701D502269A
S3150802CF0005E03968490301D5002600E003264835BD
S3150802CF10009A2C490968890003E0009A2949896B15
S3150802CF2009094023194011430207120F032A05D1A2
S3150802CF302268120904231A4032431600802252003C
S3150802CF40002E02D01643266608352166024322665B
S3150802CF502566E06D4407640F00F0D4F8A0070BD0ED
S3150802CF60052C09D0B868000406D400F0E1F80221BD
S3150802CF70154A116000F0E5F800F0CDF8002000F03F
S3150802CF8001F8F7BDFE2189010A68F0239A430001D8
S3150802CF9010430860C0B270478020C0020B49096876
S3150802CFA0890701D10A4900E00A490860704700006A
S3150802CFB0500002A8884000A8480002A8284000A8F5
S3150802CFC0684101A8184001A8D4D40350844000A897
S3150802CFD0486000A8485000A880B56E4A116001F062
S3150802CFE01DFDFFF7D9FF01BDFEB56B4D287800067A
S3150802CFF004D5287F002801D0182400E0462400F032
S3150802D00097F802906548C0684005C20DD52A01D234
S3150802D010D52204E0D1204000824200D90200100045
S3150802D02001005F4B01932B6B5B011DD55D4B009392
S3150802D0301D1D5D4E367806277E43AA530025019BA1
S3150802D0401B7CEB40DB070CD5009B06266E439B191F
S3150802D0509B888FB2BB4200D2190086B29E4200D28A
S3150802D06018006D1C022DEAD389B2091909044F4B1F
S3150802D0700B40001BC005C00D184348490860C02074
S3150802D08000064B4908604648017D00290CD04949EB
S3150802D090D52A02D98023DB050B60D1235B009A428D
S3150802D0A002D280231B060B600021434B196041887C
S3150802D0B0002900D10280029800F043F800F076FDBC
S3150802D0C0F7BD80B53D483E4908603E48C168090239
S3150802D0D0090A19225143416005210160FFF784FFBD
S3150802D0E001BD80B52C480178090604D5007F0028C1
S3150802D0F001D0FFF779FF33480068C00301D5FFF76F
S3150802D10073FF01BD8020C002224908602E480068CC
S3150802D1104007FBD470478020C0022C49086070473C
S3150802D12001E02B4908602B4909680140F9D170478B
S3150802D130294800682021294A11601021284A1160CD
S3150802D14070473021014002D11020244908607047F7
S3150802D1502148006830210140102901D10120704779
S3150802D160002070471F4801210160C16070470120F5
S3150802D1701D49086070471D4800780621014007D0FE
S3150802D1801B480068022803D0032801D001207047F3
S3150802D19000207047441002A8D83E00007C40005088
S3150802D1A08C3F00005C3E0000583E00000000FF0174
S3150802D1B0A0600050A450005018E000E07F1A060153
S3150802D1C0540002A810E000E0440002A8442002A885
S3150802D1D0282002A8280002A8600002A8602002A847
S3150802D1E0601002A8789001A884A001A8BC3E00009D
S3150802D1F0843F0000F8B5644880214902C1610221D2
S3150802D200624A51600021624AD162624A1180032150
S3150802D2105E4A1160022101605F4DCC01A868204078
S3150802D22010D05B480068F0210905014090200005EE
S3150802D230814207D0022059490860012001F012FCF8
S3150802D24057480460202057490860802056490860DC
S3150802D250CC20800155490860012455480460286895
S3150802D26000900004070F53480068C505ED0D103DF0
S3150802D270C0202843C0B2FFF705FE4548C06B8003AD
S3150802D28009D5092F07D0FFF776FF002801D003F04A
S3150802D290F7F801F01BFA48480668032D41D00098B2
S3150802D2A00007000F0090032803D0022806D1032F97
S3150802D2B037D000F04FFA0098032803D0062F30D152
S3150802D2C0062D2ED03D480068C00B204001D001F043
S3150802D2D0F9FC3B480068000108D5052D06D1012551
S3150802D2E0384804606005FFF71BFF00E0002531009F
S3150802D2F0380000F069FA0600002D06D000F022FC7C
S3150802D3003148046002203149086060052E494865A3
S3150802D31080092F490860FFF72EFF002801D003F085
S3150802D3209AF81A4821040162002F08D102214160A5
S3150802D33000201749C863C020C0001C494864300051
S3150802D340F2BD80B5FFF7DEFE22480078800602D4D9
S3150802D350022021490860FFF7DEFE01BD02201F49AF
S3150802D36008607047802000061D49096801400AD0F6
S3150802D370C10D1C4A1278920701D51B4A00E01B4AC6
S3150802D38011601B49086070472C1002A8282002A8C1
S3150802D3900C0002A8683E0000B00002A86C1102A8A0
S3150802D3A0B82002A894E001A80CC001A8146001A83C
S3150802D3B0C4E000A804ED00E0B44000A800E200E0E2
S3150802D3C0083F0000645000A8646000A82C4000A82A
S3150802D3D080E200E0D83E0000081002A8082002A851
S3150802D3E0440002A8883E0000FC1302A8FC2302A8F7
S3150802D3F0442002A88F480068800700D4704770B599
S3150802D4008D4801210422BF4B0C02E025ED008668F7
S3150802D4102E4002D01C601A6119610068054002D0CC
S3150802D4201C609A60996070BDB748012181600160ED
S3150802D430704710B5012081498A680240FCD1B34A77
S3150802D440042313610C680440FCD193600002106047
S3150802D45010BD7B4908680122104200D1704710B5F9
S3150802D460E023DB000340FF24A41CA34204D3B74BEA
S3150802D4701B689B0600D54868024001D000F032F9C5
S3150802D48010BDF8B507006F4E30683F2188439049B2
S3150802D490097801433160FFF7DCFF8E4C8E48802104
S3150802D4A0490308258D4A1268D20504D56560032208
S3150802D4B0B262016006E0C822B2620622884B1A608E
S3150802D4C0934A11608909C1603868583909688142E6
S3150802D4D001D2009100E000900099401A38600121BB
S3150802D4E0380000F0D5FB0600386800994018386005
S3150802D4F0FFF780FF002E12D1002078490A68D2056C
S3150802D50000D4102060620868284001D0256000E037
S3150802D510656092480068400001D568026062300082
S3150802D520F2BD8B48017809060DD5007F00280AD07E
S3150802D53086484168C90606D40068A0210140481EEB
S3150802D5408041C00F70470020704780B5FFF7E9FF9A
S3150802D550002803D00021042001F04CFC01BDF1B5DE
S3150802D5607F4F8048F860EE20C00438607E487F49C5
S3150802D5700860FFF7D6FF002803D00021042001F037
S3150802D58039FC8020C0017A490860082479488465F4
S3150802D59001257D641D2077498862774E9B204000CD
S3150802D5A0B061072001F05EFA0220724988624B498F
S3150802D5B00A68D20603D56F49704A0A6008E00F2244
S3150802D5C00968214002D03100103101E031001431DE
S3150802D5D00A606B490968002900D4B4616949316057
S3150802D5E0C021C900684A1268F823DB01134001D139
S3150802D5F0F16200E0B9655E490A6C2A4008D0496BB7
S3150802D600C90705D461490968084001D101F010FC2F
S3150802D6100020C0435E490860554C606B054001D145
S3150802D620FFF7E8FE009801F00BFA606B8001FCD464
S3150802D630F1BD0000500002A8900102A8940102A8B8
S3150802D640903F00002C8001A870B541480178090670
S3150802D65006D5007F002803D00021052001F0CAFB69
S3150802D6604C4801683F2291434B4A12780A430260AA
S3150802D6703F484A490122436B134001D10A638A6231
S3150802D680972252000A6010220A60454AE3231B01C8
S3150802D6909366444BCB610021434B196080235B00A0
S3150802D6A0072408210D4D2E680E4005D094672C6874
S3150802D6B0234006D1916704E0D4672C68234000D141
S3150802D6C0D1670323136011630903016070BD00006B
S3150802D6D06A3E0000601102A8981002A8FC0302A87C
S3150802D6E00C9001A8F0210901304A11600140304826
S3150802D6F0016020202F4908602F4909680840C0495F
S3150802D70008607047881102A8902102A8882102A8F9
S3150802D710982002A829482A4982680A4002D1C26882
S3150802D720114001D01049016013480821A74A13681D
S3150802D7300B4000D081611178C90602D58C210901F6
S3150802D74001601420AF490860FDE10000440002A808
S3150802D750D83E00000448054908607047EC0002A854
S3150802D760242102A8000FFF0001200000706201A810
S3150802D770100002A8C01002A8501102A8BD0300009A
S3150802D78028C000A8302E0000A88001A8403E00004C
S3150802D790B46000A82C8001A86B3E0000682102A88C
S3150802D7A0E82002A810100000C00002A8586001A8CC
S3150802D7B0585001A8482002A8184001A8704201A89A
S3150802D7C00080008070470000F8B586B005000C009E
S3150802D7D08D480068400102D52000402404438B4846
S3150802D7E0C66AFFF7A5FC0590B00503D58848006808
S3150802D7F0FFF7D4FA0020019001237006C00F0290A9
S3150802D800FE229201916800209060B8204000814E65
S3150802D81030606608B82030401278F0261640402E4E
S3150802D82002D10200402010430D2D02D10A00042124
S3150802D83011434A0704D502001420104310229443C8
S3150802D840754A12686D462B70D20506D5802252009B
S3150802D850724B1A60020001201043029A002A11D163
S3150802D8600C220240082A0DD00200684B9B6BDD068B
S3150802D87001D41025AA439B0601D420239A43B12337
S3150802D88013404FD06A461278002A4ED0A44A956BA6
S3150802D890966D01236D076D0FAD1DAB40F504ED0CBA
S3150802D8A05B1B9BB2082B09D280200623574D2B609F
S3150802D8B043029F4D2B6000236D462B708123034044
S3150802D8C036D00823029D002D00D113620D000821CF
S3150802D8D0294310239C4304231D059E4E3560DD040F
S3150802D8E0974E35606D462D78002D1ED0062B24D313
S3150802D8F0454DEE6CF60620D5974E3668360E0196DD
S3150802D9006D69ADB2944EF66B360603D02E008025AD
S3150802D9106D01354315612D1215613F4A1268D50509
S3150802D92092D40AE008227E4B1A620491009031E0F2
S3150802D93027A34506ED0E5B5DD4E7049100903348B4
S3150802D940026B85490968764D2E686F463E81282600
S3150802D95016401E43930CDB0133431600120E324067
S3150802D960102632401A43890040231940114302AA5D
S3150802D9709170406B000A02A9C870FFF7F3F902A971
S3150802D98008710198487175480068C8800298E86667
S3150802D9900398E8660598FFF7D4FB0825600601D5C3
S3150802D9A06C488560FFF7E7FB002805D06C480078CD
S3150802D9B0002801D06B4805600498C1B20098C0B22D
S3150802D9C0FFF767FA200007B0F0BD0000F84F000025
S3150802D9D003010706030107060501060605010606F1
S3150802D9E003020706030207060502060605020606DD
S3150802D9F0081A03D25C4909684018401C704700009F
S3150802DA00481002A8883F0000084000A8180002A88B
S3150802DA101CC000A8B46000A81C0100AA1C2100AA08
S3150802DA20F8B5524F0F240125514910265148806BEB
S3150802DA3030401BD0012008704F4800687969FFF70B
S3150802DA40D7FF4E49096F4018012868DB01F098FA9A
S3150802DA504B490968090B0C40022C5ED16905494AF3
S3150802DA60116049490E6443490D6056E02E02414849
S3150802DA70006CC0001ED545480068E02189050140B2
S3150802DA804DD03F4D2868210301407001814246D19D
S3150802DA90FFF74EFB3E4A3F490968314002D03E49EC
S3150802DAA0096811602968090B21400229F3D0FFF79A
S3150802DAB048FBF1BD39480068002830D001220A70B7
S3150802DAC000F0BEFF00282AD101F05AFA2C4909684B
S3150802DAD0090B2140022920D1284A1278D20705D5F6
S3150802DAE02F4A12680A4001D0224A1560264A116056
S3150802DAF0690239601F490E60214A1168090B2140E3
S3150802DB000229FAD01168090B0C40032C02D0290409
S3150802DB101C4A11600021214A116001F035FAF1BD53
S3150802DB20540000AA802080041E490860704700003D
S3150802DB30141100AA802040041A49086070470000A0
S3150802DB404C5001A800BF18480168490701D0FF21B7
S3150802DB5041617047441002A8184001A8448001A8F0
S3150802DB60E03C0000845000A838C001A80CC001A8F7
S3150802DB706D3E0000100002A81CC101A8883E0000E4
S3150802DB80B00002A81C1002A8082002A84C4001A84E
S3150802DB90800000AA084000A8904000A8443E000061
S3150802DBA0083F00003C2002A80C4000A87047FF2846
S3150802DBB007D0032805D22B490978C140C807C00FE8
S3150802DBC07047002070470000F0B580200002082147
S3150802DBD0254A11600A230121244A01249C40044350
S3150802DBE025A5ED5C25439560F025214E35601E4D31
S3150802DBF024A6F65C022737432F6004262E601D4DA5
S3150802DC002D680D4006D1CD026D1E03D0966C3603E3
S3150802DC10FAD401E00220F0BD956CD66C6D036D0B4B
S3150802DC20AE4200D220005B1ED7D50823104C2360D3
S3150802DC309060A84B1B685B0112D5A74C63785D1CE4
S3150802DC4001262E4066701D00062675436519126860
S3150802DC50AA80E8802370034802789940114301702C
S3150802DC600020F0BD9C3F0000889001A8448001A8CE
S3150802DC7088A001A8140002A80000000101020408F5
S3150802DC8010202000505050404040403020202000B4
S3150802DC90F1B584B0914C92484068C00516D5606AC1
S3150802DCA0E021C9000840884210D1A848006E000445
S3150802DCB0000FA7490A68D20601D5072804D00968C1
S3150802DCC0C90603D40B2801D1002000E1FFF7ACFBFB
S3150802DCD0A0484069400101D401251CE09E48826B98
S3150802DCE000207D49C3B206256B43CB189B8895B2A3
S3150802DCF0AB4204D0401CC3B2022BF3D3FF200870F8
S3150802DD00012594484069400105D50878FFF74FFF79
S3150802DD10002800D0002591485021405C000608D50D
S3150802DD208C480078002804D08A484078002800D118
S3150802DD300125E06902906A480068E061884E049805
S3150802DD40006831684718012F15DB00F0F0FDC001A5
S3150802DD50381A01280FDBFFF76CFB00F0C3F80498AA
S3150802DD6000683168401800F06BFE002803D00021D5
S3150802DD70049A116011E0C020C0007A490860206840
S3150802DD80794F072832D005210840052808D0216096
S3150802DD900C2000F067FE002802D00299E16196E0A5
S3150802DDA0724EFF207A3070620420B062FFF741FBA0
S3150802DDB002203060E020C00478606A488021890425
S3150802DDC0416002210160012000F04CFE80208000A3
S3150802DDD07062022000F046FE8020C00070620820B1
S3150802DDE0B062022000F03EFE0220B062604EE020E1
S3150802DDF04000F06159480078C00705D58020000622
S3150802DE005C49086040083060042000F02BFE01904F
S3150802DE1000284AD10220386080027064C00170640A
S3150802DE2010204D4908600120B0674C4F47480068EA
S3150802DE3040061ED447484069400113D52648007853
S3150802DE406946087068460078FFF7B1FE002809D0CF
S3150802DE50214869460978062251434018C0883E4936
S3150802DE60086406E001203873FFF7AEFE0190002829
S3150802DE701BD10120384908600020C867022000F03B
S3150802DE80F1FD3C4E4020F061C030F0613878C007A1
S3150802DE9005D5C020000630602F48006CF8810220A4
S3150802DEA000F0E0FD8120C0027064002D05D02748ED
S3150802DEB00068800101D4FFF714F9E069E0214903FB
S3150802DEC0014002982C4A02400A43E261019805B0D1
S3150802DED0F0BD0000083F0000583E00005C0102A8A1
S3150802DEE0F80302A838B5FFF79FFAFFF7A2FA234804
S3150802DEF00068C0050AD522480068000B0F210F22C8
S3150802DF000240072A20D001400B291DD002241248BC
S3150802DF1004601C4D0820A862C0016862012000F056
S3150802DF20A1FD200268622C600620A8621648686273
S3150802DF30E0204000154908600B4804600021144A95
S3150802DF401160C021C900016031BD0000500002A85D
S3150802DF50B04301A8F43E00000C8001A8883E0000E8
S3150802DF60DC3F0000981002A8982002A85C1102A8BB
S3150802DF70109001A810A001A8FFFFE3FFFC0302A866
S3150802DF80B00002A85C2102A8F96100002CA001A831
S3150802DF905C0102A838B50400FFF74BFA2048C021F5
S3150802DFA0C900204A1268F823DB01134001D18161B6
S3150802DFB001E01D4A11601D49802252001C4B1D6852
S3150802DFC0154003D008250560032001E0AC20400077
S3150802DFD088641868024001D10A2008601548802121
S3150802DFE0490301608909C16013480068AF21C90164
S3150802DFF045182068854200D30500401B2060002191
S3150802E0002000FFF745FE21684919216032BD8020AC
S3150802E01000010A49086000010949086070470000C2
S3150802E020641102A8AC8001A87C2102A80C8001A870
S3150802E030FC0302A8981002A8A43F0000441002A8F4
S3150802E040685000A8F1B584B0B34800680190B34897
S3150802E0508069AF21C9014018B1490978C90708D4AE
S3150802E0600499884205D2081A00F0EAFC002800D072
S3150802E0705EE2AC484068C00700D559E20420C749A9
S3150802E080C8628003C6498862A548006D0090A54803
S3150802E090806B8507AD0F2024032D03D01020BF49BE
S3150802E0A0C86224E0200388629E49CA6B224001D0D6
S3150802E0B0012067E0009A120610D5CB6B02221340A4
S3150802E0C00CD1B84B05261E60CE6B10273E40324354
S3150802E0D01A6000221A608A6B120A1A600422B04B6E
S3150802E0E0DA62C96B002902D5AC4988620025009814
S3150802E0F000060BD5AC480078002807D0A748C462AA
S3150802E100CC4800682040A649C8620EE08548816B63
S3150802E110490704D5806BC000E100084003E07F4848
S3150802E1208068C10701D5FFF7DDFA0121009808408A
S3150802E13008D0C148AA018018006AC004C00C401E53
S3150802E140D04A106000200022CF4B1E68360403D541
S3150802E1509B6F002B00D40122C0218900CB4B596545
S3150802E16029026F4B1B78DB0701D4002A02D0C02292
S3150802E170920000E00A00C64B1A60C0229200C34D04
S3150802E180AA6559606749096C942292050A401500E6
S3150802E19000D00125284300062ED08348007DC021E1
S3150802E1A00140402902D1FFF7CCF801E0FFF7D6F883
S3150802E1B05C4804602D061ED0B64C806B400709D514
S3150802E1C08020C001764988620220206000F0CAFADF
S3150802E1D0002807D004207149C86240027049886243
S3150802E1E0000120604E485021405C000603D580207D
S3150802E1F000036A4908609BE14A484068C007FAD4A6
S3150802E20020036749C862FEF77DFF9E48406E45496E
S3150802E210096C090408D4C00606D5FEF789FF02214F
S3150802E220C44A1160FEF78DFFFEF775FFE0013D490E
S3150802E2300860C14CC0252D06A5600001BF490860CB
S3150802E2403848806B4007C10F68460170BC4EA0274C
S3150802E2500198C00700D4A9E000F092FE0290FEF7EA
S3150802E26081FF3048006C40040DD400BF00BF00BFD8
S3150802E27000BF00BF00BF00BF00BF00BF00BF8020B5
S3150802E2800006BA490860FEF772FF029800F07CFEA3
S3150802E290EE20C004AB4908608020000120620320FA
S3150802E2A03064FE20C003706442200199C90501D476
S3150802E2B0706000E0206067600820A04908660420B4
S3150802E2C0AB4908601748006CC00236D51348026F7E
S3150802E2D0110CA84B1204D20B9A5A10292DD3038873
S3150802E2E0E72B2AD395267600B34205D8F31A1B09DB
S3150802E2F05A43930A5A4204E09F4E9B191B095A43F2
S3150802E300920A52B289188369466A72439A188261D6
S3150802E3106F2909D36F210AE0FC0302A88C3F00008B
S3150802E320883E0000100002A80F2900D20F21080219
S3150802E330084309040143914801608248904981646F
S3150802E340A90CA16002217D4A5167A90D8160F021BD
S3150802E350090141658020400060610A2000F082FBC5
S3150802E360A560822040026066012000F07BFB012046
S3150802E370A060062000F076FB80200002A06008203C
S3150802E38000F070FB80200003A0608000A0600320DC
S3150802E39000F068FB8020400249E000BF1C2002A86A
S3150802E3A01C1002A8E40000AAF43E000001984007E7
S3150802E3B044D56448EE21C904016060498222D20428
S3150802E3C0CA66802292002262D2018A66A90C8164F8
S3150802E3D06C48A0600A2000F045FB002030640199D1
S3150802E3E0C905306000D50820706067605348082167
S3150802E3F00166022141670A2000F034FBA5606248E3
S3150802E4006066012000F02EFB062000F02BFB082098
S3150802E410A060062000F026FBE80DA060082000F0A8
S3150802E42021FB6020A060032000F01CFB022050495B
S3150802E430086008E0184001A80C0000AA534A4021C7
S3150802E440002001F015F80020C0431049086000F0CA
S3150802E4506EFA964D401DC001A96947188020C00171
S3150802E46093494E6F0640934908600498874214D22E
S3150802E470A969401A00F0E4FA00280DD08E48066011
S3150802E48056E000BF204000A8684101A8B46000A871
S3150802E490085100A8685000A8049F0198400702D5B1
S3150802E4A08020800000E08548A060012000F0DAFAAA
S3150802E4B08020400021490860380000F0C1FA804CEB
S3150802E4C02078C00703D58C204005FEF729FE68464A
S3150802E4D00078002807D1764800687A498860802043
S3150802E4E0C0037949086074480660164801994907C5
S3150802E4F004D5802189008164214903E002218164CF
S3150802E500C021890181646846007800280AD0012062
S3150802E51000F0A8FA5020205C000603D580200003EC
S3150802E5208F490860A848006CC00201D5E86EA86148
S3150802E53005B0F0BDD4E40350641102A8B81002A8CD
S3150802E540600102A8242102A880B5FEF7F1FD9849C8
S3150802E55000220A600A22CA61FEF7F3FD9548C02125
S3150802E560890201609949416001BD000004500950C1
S3150802E570C82102A8C0000000D6FEFFFFDC4001A8A1
S3150802E580040400000404400002040000110700000D
S3150802E5908D48806B800300D47047F8B58C480068B4
S3150802E5A000900024002001260099314002D0C020A4
S3150802E5B0800103E00099490700D586488649022268
S3150802E5C00A60086408278548076085480068C00409
S3150802E5D003D4844800683840FBD0834D37486865C1
S3150802E5E0042000F03FFA8820C004686500980640B7
S3150802E5F024D0A02080036865012000F033FA7B4806
S3150802E600686500F0BDFC0600FEF7ACFD6E48006CBE
S3150802E61040040DD400BF00BF00BF00BF00BF00BF4B
S3150802E62000BF00BF00BF00BF802000067049086017
S3150802E630FEF79DFD300000F0A7FC08E06020686543
S3150802E6407803A860012000F00DFA6A4868656A4EE8
S3150802E6500098C005346001D5776000E07460C02078
S3150802E66000066865C00C65490860012000F0FAF9E1
S3150802E670F0200001E86662480099C90502D503211F
S3150802E680016000E00460862040025E4908605E4838
S3150802E69068652F60A020286534647464B8024A4904
S3150802E6A00860000159490860F1BD00008C3F00006E
S3150802E6B020C001A894E001A894D001A80240000055
S3150802E6C0883E0000F43E00001C1002A8F8B5504827
S3150802E6D000680D2707400424002F00D10427FC20D8
S3150802E6E080011025660308214A4A4B4B1B682340C2
S3150802E6F0126816D04260394004D00220FEF742FC66
S3150802E700464806603C4009D0FE2080010068054361
S3150802E710FE2080010560B008404908600220404991
S3150802E72016E00260394005D00220FEF72BFCA00253
S3150802E7303A4908603C4007D0FE20800101680D4333
S3150802E74005607009354908603548066030032F4967
S3150802E7500860FFF71DFF00210020FEF79AFBF1BDB6
S3150802E7601C2002A810B580202E490A6802400AD049
S3150802E7702D4B1A680624144005D15C6E2B4A22409A
S3150802E7801B6D9C0101D5002010BD096808400DD0FB
S3150802E7902748824203D1180501D5012010BD254814
S3150802E7A00068C107C90F481E8041C00F10BD00008E
S3150802E7B0D80000AA442002A81F4803210164A82100
S3150802E7C0C163102101607047100002A8040000808E
S3150802E7D0FC0302A8040400002C1102A8106001A878
S3150802E7E0D84001A8104001A8182102A801800000FB
S3150802E7F00460095089050000600102A8B06101A8F9
S3150802E800548001A8C82102A804340000482002A89E
S3150802E810B44000A81CC101A8480002A8441002A8D6
S3150802E820685000A8440002A814C001A81F1F0000CF
S3150802E830010C000030C101A8082002A86C48006833
S3150802E8400121084209D16B4A12686B4B000C184029
S3150802E850F03291400B40984201D0022070470020C6
S3150802E8607047F8B507000F386A461080604CE068B2
S3150802E8700A0004D16B461B8882B29A423AD2002217
S3150802E8806B461A80012502263A0013D022683240C6
S3150802E89007D000292ED059480088401C57490880BD
S3150802E8A000203900216156490E6080B2B84201D370
S3150802E8B069460D805348456000E030BF2068304005
S3150802E8C003D1FFF7BBFF0028F7D04D484560390052
S3150802E8D010D02168314005D048490A886B461B8802
S3150802E8E0D2180A80066000202061E068B84201D288
S3150802E8F044480660FFF7A2FFF2BD38B5050000F0EE
S3150802E9003FFB0400012199204543A8093E4A1268A3
S3150802E9108018123880B2FFF7A4FF05008020C001D4
S3150802E9203A490860200000F02FFB280032BD334820
S3150802E93003883549096802889342F9D110040818F0
S3150802E9407047FEB51238070C6946088000F018FBB6
S3150802E9500190274C294D2888B8421ADA01202C49F9
S3150802E9600860274E30BF02202168014006D0306079
S3150802E9704003264908602888401C2880FFF75EFF66
S3150802E980002802D12988B942ECDB012171600028EE
S3150802E9900DD12888B8420AD1E068694609888842B2
S3150802E9A005D2002168460088FFF75BFF01E0FFF702
S3150802E9B045FF04008020C00114490860019800F050
S3150802E9C0E3FA2000FEBD10B512490A680E4B1B6811
S3150802E9D00C689442FAD0DB014033141A02D28869D1
S3150802E9E02418641C0C4800684443181B10BD000018
S3150802E9F0280002A804ED00E0FF3F0000683E000080
S3150802EA00282002A8281002A8340002A880E200E002
S3150802EA102C1002A820C001A8B43F0000F0B502E0FD
S3150802EA200A601C602E607EC84F1C07D05F1C04D08B
S3150802EA306F1CF5D10A601C60F0BD0A60F0BD0000CB
S3150802EA4010B5C409FFF773FF201A312806DAC00089
S3150802EA50183801D4C01EFDD5002010BD2000FFF7CE
S3150802EA6070FF10BDC32148436F3801D41E38FDD547
S3150802EA700020704780B5FEF785FA01208A490860AA
S3150802EA8001BD38B589490C68082589490D60FFF723
S3150802EA90F1FF2C4001D08748056031BD80B5EB20D7
S3150802EAA000F001F801BD30B583490B681840102201
S3150802EAB0134210D0814B824C2468224008D0B04AB7
S3150802EAC014682402FF252D0225401D6300241460C4
S3150802EAD0802252031A60086030BDF3B501001600A1
S3150802EAE01C0000250095A748019A330000270BE071
S3150802EAF0BC464F5D4743AE009E597E40575D47432D
S3150802EB003740664637436D1CA542F1D33909394366
S3150802EB108A080A43510811430840C10901430F20D4
S3150802EB208A0B0A4302405040F6BDF1B582B00E0088
S3150802EB30002093490860944DEF7AA87A01900F2134
S3150802EB40394000910ED00B46904A91490298FFF738
S3150802EB50C4FF019901408A4801608E4841438E48A4
S3150802EB60084001D1012400E04401380915D03200D9
S3150802EB703B0929000298009E6D7A75194019FFF71C
S3150802EB80ACFF0199091101407D4802680B01134344
S3150802EB900360002901D048004443804800682040A9
S3150802EBA001D10420FEBD0020FEBD80B50A00002169
S3150802EBB011807B4952888018FFF7B7FF02BDF0B56E
S3150802EBC00F22784B5C7905780F202040C540200932
S3150802EBD0284001259C79C4402C4001D10320F0BD70
S3150802EBE0374C2468254008D06F4D9E684700F65B6F
S3150802EBF0761E2E608026B601EE60DD78DE79C64086
S3150802EC00F00711D5E0060FD5002D0DD067484860EC
S3150802EC100888488008881C7800192A4080185A787B
S3150802EC2080182A09801800E0002008800020F0BD1C
S3150802EC3010B55F4801685F4A0820014200D090611A
S3150802EC40C90602D58C21090111605B495B4A5C4BF6
S3150802EC501B681B040CD54B685C0402D5C3031360FE
S3150802EC6006E0C024A4011C4043029C4200D0106066
S3150802EC700B68034005D0534B1B689B0F9B0700D0BC
S3150802EC8010600F480078C023034002D18020400557
S3150802EC90106008682021084010604B480068C001CF
S3150802ECA001D4FFF7FBFE10BD2C4000A84C4000A87B
S3150802ECB04C6000A84C5000A8883F00001C1002A80F
S3150802ECC0D83E0000F8B5414F38687E68064040488D
S3150802ECD03040404908608024A4033F4DF00227D5FE
S3150802ECE03E48016801200A0605D53D490968A9601A
S3150802ECF02870022014E0014202D03A49A9600FE0C6
S3150802ED000020C9060CD52949A960374A91780B070C
S3150802ED101B0F12789A1809095118A980E880A88841
S3150802ED20A880A888002801D0264301E0FFF7B6FE8E
S3150802ED30264023D0274E74603460A88800280BD05A
S3150802ED40396A814208D3291D2848AA6890470100D2
S3150802ED50F3D0FFF78FFEF1BD01000CD0FC2189022A
S3150802ED60F16123490203CA6134604C603A6A8242FD
S3150802ED7004D30C60F1BDEB20FFF795FEF1BD000050
S3150802ED80483E000001010101583F0000103F000003
S3150802ED90503F000011110000218400000C3F0000C2
S3150802EDA0303F0000603F0000204000A8B722000064
S3150802EDB0F84F0000502102A8184001A8481002A8DE
S3150802EDC0684101A84C4201A8D04000A8B44000A856
S3150802EDD0FFFFDFFFB46000A84C3E0000D83E0000EB
S3150802EDE0D83C0000CB220000613F0000D84000A8B2
S3150802EDF0B45000A870B505000C0000F0C1F8060072
S3150802EE00FEF7B0F9200205430648056002200649C6
S3150802EE100860FEF7ACF9300000F0B6F801200349A5
S3150802EE20087070BD04800950409009506C3E00007D
S3150802EE30FEB5C020C00433490860334833494865E3
S3150802EE403348886533484024046044601020FFF73D
S3150802EE5009FE002854D1FF2000052F4908602F48D3
S3150802EE602F4908602F4829490860A5032A480560E2
S3150802EE702D4807680820FFF7F5FD002840D1082627
S3150802EE802A4806600120FFF7EDFD274880680190B1
S3150802EE902748066027481D4908601F48056008205C
S3150802EEA0FFF7E0FD00282BD1204806600120FFF776
S3150802EEB0D9FD1D48806800901D480660134D1E48FE
S3150802EEC028600199009800F03FF88606B60E019868
S3150802EED0C10B0098C00B00F037F80002FC2189012B
S3150802EEE00140314329601048076060030A490860F7
S3150802EEF012480460446012490164124941640020C0
S3150802EF00FEBD000020E000A8571400004C0102A82C
S3150802EF10FF3FFF3F601102A8B42002A80000380E86
S3150802EF20B41002A830300000104101A8105101A8FF
S3150802EF30106101A81010000020200000602102A81C
S3150802EF40F703F000FF3F000010B54904CA10400459
S3150802EF50C310991A00209A18D30F9A1852105218E9
S3150802EF608B115B0E5B18DB11D2182023541A01D4BD
S3150802EF7022001843CC0F611849105B08F6D110BD60
S3150802EF80EFF3108072B67047002800D162B6704758
S3150802EF9010B5C20018231340FF249C40E243890798
S3150802EFA0090E9940030004D473489B089B00C018B5
S3150802EFB006E0724B0007000F083880088000181810
S3150802EFC003681A401143016010BD80B574225421AA
S3150802EFD0002000F04DFA01BD10B5FFF7D1FF6849D0
S3150802EFE001220A60674B684C2360684C236003233E
S3150802EFF0674C2360674C2360674B1A60674B1A603D
S3150802F000674B80241C601A60664A1A6011228A635A
S3150802F010FFF7BAFF3F206449096801400A1D402AE2
S3150802F02000D2081D614A1070A448017010BD80B54F
S3150802F03001001120FFF7ACFF01BDFFF7A1FF050094
S3150802F0400024012160B2FFF7A3FF641C0E2CF8D33B
S3150802F05001210F20FFF79CFF01211320FFF798FFDC
S3150802F06001211720FFF794FF03210120C043FFF770
S3150802F0708FFF01211E20FFF78BFF4D484D4908607F
S3150802F08002204D49086001209B49086047044B4C01
S3150802F09020693840FCD02068800101D4FEF711F8B7
S3150802F0A02800FFF771FF46480068000311D497222B
S3150802F0B052005321002000F0DBF90AE000281CD098
S3150802F0C0FEF736F819E020693840FCD02800FFF729
S3150802F0D05BFF206E0004000F022801D1FEF7A0FC98
S3150802F0E0FFF74EFF0500764EFEF732F800287078D5
S3150802F0F0E4D0002801D1FEF724F801202E493278FF
S3150802F100002A05D16F4A1268920600D4086030BFF9
S3150802F1100022327002220A6077490860D3E77748EC
S3150802F120016842680A407648104017490860800715
S3150802F13000D4704710B57C480188491C01807B4C75
S3150802F1402078000617D57A490A680F20120B024062
S3150802F150032A10D1774A12685207520F032A0AD88D
S3150802F1600968090B0840032805D10D20FFF789FC19
S3150802F170E08A401CE08210BD00E400E01CED00E0DD
S3150802F180040002A80000FF3F282002A82C1002A8AB
S3150802F19040E002A844C002A804C001A8044001A88D
S3150802F1A0145001A8200060062C8001A86A3E0000BF
S3150802F1B0FFFF9B4000E100E0602002A8500002A881
S3150802F1C0F80702A8F8B55C4C2068656805409148BE
S3150802F1D005605A48284007D0FDF7CDFF002803D01E
S3150802F1E02800574909688847012102228A48007877
S3150802F1F0C00701D5022300E001232B408748002BD4
S3150802F20010D0874B1A60874A12680A4007D10268EB
S3150802F210F0231B051340902212059342F3D00902EC
S3150802F220814A116080210D4220D0A26AF823DB01AF
S3150802F23013401BD0C0221201934217D880231B0603
S3150802F2408A4E3360A76AF826F6013E40384F3F6871
S3150802F2503F043F0F022F01D0032F03D1002E01D006
S3150802F2609642EFD3914A13606A4A11609049097827
S3150802F27006290DDACC20800128401DD0FFF780FE32
S3150802F28004002800FDF734FC2000FFF77DFEF1BDDF
S3150802F290806B800510D58748284005D0FEF792FA7C
S3150802F2A02800FDF725FCF1BDA80205D580204001FE
S3150802F2B05849086080490860F1BD00006B3E0000AD
S3150802F2C06D3E0000F40302A810B57C480168446844
S3150802F2D00C407B48046080210C4205D04160794885
S3150802F2E001600020FDF704FC600403D58020400578
S3150802F2F07549086010BD0000601002A8280002A81F
S3150802F300FFFF00C038B57148016844680C40E00741
S3150802F31007D5FFF735FE0500FDF784FC2800FFF741
S3150802F32033FE6B48046031BD683E0000D83E0000DB
S3150802F330B00002A8184001A8104001A80200060061
S3150802F340DC3C0000FEB5634C206C676C0740012567
S3150802F3502F4216D02E066048066020685F490D6067
S3150802F360002802D00021FDF737FE5D480068A0217B
S3150802F370C90188428041C043C00F5A4948705A4859
S3150802F3800660FDF7D5FE0190022007403ED061686F
S3150802F390CEB20F0A55490822494B4403012E24D0FE
S3150802F3A0022E31D1012F22D1514EF6780096504EB7
S3150802F3B037780126BE404F4F3E604D4E3678760569
S3150802F3C090277F04F71903263E434B4F3E601C6085
S3150802F3D04A4B1C600B68009C1B194B65444909780B
S3150802F3E08D4047490D6047490DE00090DFE7002F41
S3150802F3F00AD1454E356000254D655C601C60C10426
S3150802F400424B196042490A60344908600198FDF77F
S3150802F41098FEF7BD106001A8883E00000C0002A8FD
S3150802F4206C1102A8B44000A8B82002A870B5FDF76E
S3150802F4307FFE0400FFF7A4FD2F490A68D2070FD5FD
S3150802F4402A4A566D1368334D2E60CE686E60496837
S3150802F450E9818021C904204E3160297B59185165FA
S3150802F460FFF792FD2000FDF76CFE70BDE06101A872
S3150802F470002800D0704770B50C00FDF759FE05004C
S3150802F480FFF77EFD0600FDF76DFE234804600121A5
S3150802F490224A1160026C0A40FCD1FDF768FE300070
S3150802F4A0FFF772FD2800FDF74CFE70BDE05101A87A
S3150802F4B0383E000000104006145001A890C001A86A
S3150802F4C090E001A80CC001A804ED00E0C0C000A8A5
S3150802F4D0C0E000A800C002A8441002A840E002A8A2
S3150802F4E0404000A86D3E0000442002A818800A5039
S3150802F4F0813E000068A00A5060C101A894D001A804
S3150802F50068900A50F42302A860E101A880E200E0AC
S3150802F510F41302A8783E0000008009504090095072
S3150802F52080B5FDF728FE002801D000F0B3FE01BD24
S3150802F53080B5FDF75FFEC348006800030AD4FEF7EC
S3150802F54009F9FFF725F8FEF77FF80120FEF7FCFF19
S3150802F550FEF7C8FC80208005FDF7E2FD01BD80B5F7
S3150802F560FDF748FE80204002FDF7DAFD01BDFEB533
S3150802F57005208D4908608D4806680124264201D176
S3150802F580FDF752FFFDF736FE9C49086800909C4835
S3150802F59049680160B105CA0F69460A710025264203
S3150802F5A010D00095974949680160964802689649BD
S3150802F5B00B68981A9A4202D38B69C018401CA24B50
S3150802F5C09842F5D3A148056068460079002804D018
S3150802F5D031000098FDF768FB009000279B480068F9
S3150802F5E0204003D16846FDF74CFF0700FDF799FF57
S3150802F5F0002840D08348407C00283CD19449814D5C
S3150802F600EE680A6933689A4200D00120914A944604
S3150802F610914A1378062253436246D35AB4460200E5
S3150802F620182672436646B2185360009A0192EA682F
S3150802F6300123434018204343D61830680861B0684E
S3150802F6400860A248F1680160316901627069A049DF
S3150802F650086001A8FDF715FF002806D17D497E4AF4
S3150802F660127806235A43895A7160390007000F43F4
S3150802F67001D16C7401E0002F02D10098FDF76FFFEB
S3150802F6809E48046002209E490860C820C004BC49FE
S3150802F69008606004FDF744FDF7BDF8B5994C80256E
S3150802F6A0EF02FDF73EFF002808D0974800780028A9
S3150802F6B004D13800FDF734FD2560F1BD206CC00584
S3150802F6C006D580200006206000BF00BF40082060E3
S3150802F6D0FEF720F8FDF78EFDFDF782F90600A94828
S3150802F6E0A9490860FFF71CFF3800FDF719FD002E2F
S3150802F6F000D025600120A5490870F1BDF8B50120A2
S3150802F700FFF795FCA24CA34800682060FDF772FD3E
S3150802F7107820205C0521014002D0FDF712FE01E0A7
S3150802F720FDF71CFE774D0227A06F384001D0012055
S3150802F73028601020C043984908600026EE6397485F
S3150802F7400660FDF718FD002802D000F0F0FD00E083
S3150802F7506663FDF7D7FC92480068296C090407D44A
S3150802F760000705D5FDF7E4FC8E490F60FDF7E9FCB5
S3150802F770FDF7D1FCFFF75CFAB804FDF7D1FC0020CF
S3150802F780FFF755FCF1BD80B5FDF734FD2D4800683D
S3150802F790000303D4FDF758FFFEF7A4FB80204003BD
S3150802F7A0FDF7BEFC01BD00005C1102A8440002A8D8
S3150802F7B038B5FDF71FFD534C2025FEF7D3FF002869
S3150802F7C006D0606B000704D5FEF7F6FFFEF71FFCAE
S3150802F7D02560FDF739FFFEF785FB734800780C2193
S3150802F7E00140042902D1FDF7ACFD01E0FDF7B6FDA3
S3150802F7F06804FDF795FC4020206031BDB83F000043
S3150802F800443E0000E43E000020C001A81CB50520C5
S3150802F81066490860FDF7EEFCFEF7CEFF644800680D
S3150802F82000906846FEF7B6FB0400FFF779FE002C47
S3150802F83002D10098FEF706FC80204004FDF770FC12
S3150802F84013BD00000C0002A801FF0000403E0000A4
S3150802F850348001A85E3E0000583E0000F8B5FDF768
S3150802F860C9FC544CA56A5020284002D0FDF769FD10
S3150802F87001E0FDF773FD234FFEF774FF00281BD145
S3150802F880B86B40071DD4786BE0214901014018D1B5
S3150802F890A80611D4FDF736FCA56A474E354207D0AD
S3150802F8A0FF20C0432D18A56280200005A9490860DB
S3150802F8B0FDF731FC2E4002D00120386001E000201D
S3150802F8C0206080208004FDF72BFCF1BD1C4101A8B5
S3150802F8D0284000A880B5FDF78DFC9F480068C00542
S3150802F8E001D5FDF7B1FE0120FEF72EFEFEF7FAFA64
S3150802F8F08020C004FDF714FC01BD0000442002A8C4
S3150802F900305201A8100002A8F53E000010B526489C
S3150802F9100468FDF76FFC9149096809032AD4032193
S3150802F920C00601D5214001E0A0080140012902D103
S3150802F930FDF707FD0BE0200107D50E20FFF79AF821
S3150802F94087480421016008210160FDF707FDFDF7DC
S3150802F95080FD844C206984490860FFF7E1FD206830
S3150802F960002807D04000122802D2FFF77BF801E0F0
S3150802F970FEF7C3FF80208003FDF7D2FB10BD00000F
S3150802F980106001A870012000B46000A86D3E000056
S3150802F990903E000008C000A8482002A8483E000081
S3150802F9A0844000A8D4E40350083F00005C1102A872
S3150802F9B0CC3F0000E03E000000FFFF00FEB5002439
S3150802F9C06A490C730120694608700294FDF712FC15
S3150802F9D00600624F3868000300D5B5E003209F4948
S3150802F9E008649F480268FF2080019E4910255F4BE4
S3150802F9F01B78DB0720D51207120F022A03D09A4A70
S3150802FA0012682A4004D1594A5268584B5B7801E079
S3150802FA108A680B688E6A096A0091911B14225143FF
S3150802FA20DBB2C918009A891A09014068081801D573
S3150802FA30019453E0019051E013071B0F032B03D0E7
S3150802FA401204120F062A3AD18968426802923A6C5F
S3150802FA50920701D5806802900800FEF7B4FF029962
S3150802FA60401801D5019400E00190B86B0107C80F50
S3150802FA7003213F4A12680A40022A1AD12E4018D098
S3150802FA803A4A126DD30512D5FE6B984B1E409E421A
S3150802FA9002D172490D640CE092050AD43A6C282305
S3150802FAA0134006D16B461C702A4A116001E06A4669
S3150802FAB01470029068460678002E03D10FE000689B
S3150802FAC001900126FEF74EFE002808D0FEF774FEC6
S3150802FAD00298002802D0FEF79AFA00E000260220D1
S3150802FAE05E490860002E10D0214800780C2101409A
S3150802FAF0042902D0F86B054002D0FDF722FC01E08A
S3150802FB00FDF72CFC202078601EE018480078C00714
S3150802FB1005D555480068054001D1FDF723FCFDF7D8
S3150802FB2093FD802000060B4908600020C0437049F7
S3150802FB30086001A8FEF72EFA0400FFF7F1FC002C74
S3150802FB4002D10198FEF77EFA80200004FDF7E8FA52
S3150802FB50F7BD0000481002A8680102A80C0002A816
S3150802FB6080E200E0AC3F0000443E0000883E000010
S3150802FB70083F0000FEB500245E490C730094FDF7A9
S3150802FB8039FBFFF7CDFC5C4DE86E5C4E0007000FB3
S3150802FB9007280BD16868002808D40020FEF7D4FC91
S3150802FBA0306857490860FDF7D0FC52E0012010275B
S3150802FBB0696849070DD453490968014009D0010209
S3150802FBC04C4A126D0A4208D0520502D42A681140DC
S3150802FBD001D1009001E04C48076046480078C0070A
S3150802FBE005D521480068384001D0FDF7BBFB4748D8
S3150802FBF001680320009A002A01D0890900E0090950
S3150802FC00084001900020FEF79FFC0198002805D1C4
S3150802FC106868074002D1FDF7A1FB01E0FDF791FBF9
S3150802FC2000200099002903D139480068FEF7CBFE67
S3150802FC307169401801D5009400E000906846FDF706
S3150802FC4020FC002805D10098FDF789FCB0692C49EB
S3150802FC50086080200005FDF763FAF7BD082002A8B0
S3150802FC60B00002A804C101A8B04301A8F8B5FDF77F
S3150802FC70C1FA002400252748466B80277F053006EF
S3150802FC8006D5300709D5FEF797FDFEF7C0F929E034
S3150802FC9001251C480068284019D00020FEF754FCAC
S3150802FCA00220064002D01C490C60C8611B48046841
S3150802FCB0002D03D02000FDF783F80400FEF77CFD33
S3150802FCC02000FEF7BFF93800FDF72AFAF1BD0F4802
S3150802FCD00078C0210140402902D1FDF732FB01E03C
S3150802FCE0FDF73CFB20200B490860ECE710000010EA
S3150802FCF0B46000A8883E0000440002A8BC3F000089
S3150802FD00443E0000B44000A8481002A8083F00007C
S3150802FD101CC101A8100002A8180000AAD83F0000BA
S3150802FD20FFF75AF9024803494860FFF786F900BF08
S3150802FD30472700000000000080B5EFF305800B2876
S3150802FD4001D23A2100E02921922252000020FFF72F
S3150802FD508FFBFEE7020303030304040404050500FC
S3150802FD600000000101010102020202030303030368
S3150802FD70040404040400000001010101070708083D
S3150802FD800303030504040405050506060607070713
S3150802FD900803020204040403040505060606060708
S3150802FDA00707020202030303030404040405050504
S3150802FDB005050606060601020202020303030303F9
S3150802FDC00404040404050505050606060C0C0C0CB9
S3150802FDD00B0B0B0B0B0B0B0B0B0B0B0B0B0B0B0B63
S3150802FDE00B0B0C0C0C0C0C0C0C0C0C0C0B0B0B0B49
S3150802FDF00B0B0B0B0304040404050505050606068E
S3150802FE0006060702020202030303030404040404A7
S3150802FE10050505050506060602020202070703048A
S3150802FE20060704040303030304050603030506077A
S3150802FE30080405060403040403030405060603046A
S3150802FE4005060708C7BFBEBEBEB5B5B4B4ABABDCC4
S3150802FE50DCDBDBD2D2D1D1C8C8C8C7BFBEBEBEBDE5
S3150802FE60B5B5B4B4B4DCDBDBD2D2D2D11B1B1616C1
S3150802FE702E2D2D2A29292925242420201F1B1B1B28
S3150802FE80162E2D2D2A2A29292524242020201F1B17
S3150802FE901B1B2D2DBEB5B5B4B4ABABABAAA2A1A1A3
S3150802FEA0A1A099999898C7BFBEBEBDB5B5B4B4B45A
S3150802FEB0ABABABAAAAA2A1A1A1999999000000008D
S3150802FEC003030303030202020202020203030202FB
S3150802FED002020101010101010000000003030303FC
S3150802FEE003020202D0C7C6C6C6BDBDBCBCB3B3B206
S3150802FEF0B2B2A9DBDBDADAD1D1D0D0C7C7C6C6C659
S3150802FF00BDBDBCBCBCB3B3B2DBDBDADA1F1F2D2B1B
S3150802FF10221E2E2E323232312D2624303028231F2D
S3150802FF201B2B26222E322E2E31312D282424302C1C
S3090802FF3027231E1A3B
S30D0802FF3410BDFD7F010000006B
S3110802FF3C48FF0208C03B002096000000A7
S3150802FF4801000000030505B5400180000000000015
S3150802FF58B5000000000001B500008000000000009E
S3150802FF680100000001000000C0EA2101C01753027F
S3150802FF780000000000000000000000000000000069
S3150802FF880000000000000000000000000000000059
S3150802FF980000000000000000000000000000000049
S3150802FFA80000000000000000000000000000000039
S3150802FFB8000000000000000000000000E03C0020ED
S3150802FFC800000000000100000F000F0000000000FA
S3150802FFD80000000000000000000000000000000009
S3150802FFE800000000000000000000000000000000F9
S3150802FFF800000000000000000000000000000000E9
S3150803000800000000000000000000000000000000D7
S3150803001800000000000000000000000000000000C7
S3150803002800000000000000000000000000000000B7
S315080300380000000000000000010100000040170846
S3150803004800A00000BC2E0020C8000000FE00000027
S31508030058000000005090020828000000FFFFFFFF79
S31508030068455F010855280108851B0108F12701087A
S315080300786D23010815260108951B0108C11B0108EC
S31508030088C71B0108DD28010815290108CF5F0208DF
S3150803009801000000FFFFFFFF40940208D4FE640036
S315080300A80A0029002000000001000000FFFFFFFFE7
S315080300B8FFFFFFFFFFFFFFFFFFFFFFFFFFFFFFFF37
S315080300C8FFFFFFFFFFFFFFFFFFFFFFFF503D002076
S315080300D800000000FC34002064350020CC350020DD
S315080300E800000000000000000000000000000000F7
S315080300F800000000000000000000000000000000E7
S3150803010800000000000000000000000000000000D6
S3150803011800000000000000000000000000000000C6
S3150803012803000000FC340020FFFFFFFF0000000067
S3150803013800000000FFFF000040BF02084D670208E1
S31508030148FFFFFFFFDB6B0208D76B0208FFFFFFFF02
S31508030158FFFFFFFFFFFFFFFFEB6B02082371020890
S31508030168FFFFFFFF85720208FFFFFFFFFFFFFFFF81
S31508030178FFFFFFFFFFFFFFFFD326000004F8FFFF7B
S315080301880C0000000000FF0C01FF0FFF456B000879
S30D0803019821BC0008F9BB0008AD
S705080129497F
