S02900006275696C642F64656275672F7263702D756172742D3830323135342D626C656863692E73333733
S214004000C80A0020654D000099D40100FB4200005C
S21400401041FC0000A1D40100A9D40100FB4200002D
S214004020FB420000FB420000FB420000F1B8030028
S214004030ADD40100FCE6030095B8030013DD0300D1
S214004040FB42000041750100FB42000025430000D2
S214004050FB420000FB420000FB420000FB42000067
S214004060FB420000FB420000B32E0100FB420000B2
S214004070CD6F0000FB420000FB420000FB42000048
S214004080FB420000FB420000FB420000FB42000037
S214004090FB42000031F60000FB420000FB4200003D
S2140040A0FB42000011F60000F1F50000FB420000A4
S2140040B0FB420000FB420000FB420000812503009B
S2140040C033B203002FB20300C91C030049B2030039
S2140040D037B20300412503003BB203007508030016
S2140040E0C1250300FB420000FB420000FB4200002B
S2140040F0FB420000FB420000FB420000FB420000C7
S214004100FB420000FB420000FB420000FB420000B6
S214004110FB420000FB420000FB420000FB420000A6
S214004120FB420000FB420000FB420000FB42000096
S208004130FB42000049
S214004140F0B5114A114C124E00F00105E3695F0705
S21400415013D40DB9334213D103EA00078F4207D1B7
S2140041600B4A1A40002A0CBF00206FF00100F0BD79
S214004170013AEBD16FF00200F9E74FF0FF30F6E7B7
S2140041806FF00100F3E700BF809698000000035030
S2140041900200010000000000000000000000000017
S2140041A00246D0F8940068B9937B73B9D2F89000B1
S2140041B050B9D2F88C3043B9537B127B9B1A5842C5
S2140041C058417047002070471846704740BA80B282
S2140041D04140C1F303135940080380B248404901E7
S2140041E001F4FF5148407047024610B544180020BD
S2140041F0A24200D110BD12F8011BFFF7E7FFF7E758
S21400420070B5044606460D46002016F8011BFFF75B
S214004210DDFFAB1B14FA83F39BB2002BF5D1131A08
S2140042205842584170BD21B1012300200B704B70DD
S214004230704722207047EFF31183302282F31188F3
S214004240064A107820B1064A1088003818BF0120A8
S21400425083F31188BFF36F8F704700BFE0640020C0
S214004260C80A00204FF4E13070474FF4E130704741
S214004270F8B50546164600248F1F2B5D2819142B0B
S21400428008D10521B0F80520FFF7BAFF10B106B136
S2140042903480F8BD0134A4B2BC42EEDB0020F8E75F
S2140042A08B7C01F12C0201338B74036813B9CB624B
S2140042B0026070471846F8E70146034B98789970F5
S2140042C05B6803B118477047C80A0020074A0BB15D
S2140042D0012313720121064B59709378042B03D1E6
S2140042E000230520D361E7E7704700BFC80A002017
S2140042F0E064002001230B747047FEE718461BF0AD
S214004300D3BA024BD3F8B00439F0ECBBC80A00208D
S21400431008B51BF0B9FA0222014B83F8B42408BD95
S214004320C80A002007B51F4890F8B53403B9FEE761
S2140043300023694600F59760CDE9003318F0D2FDFA
S214004340E8B9194AD2F84031D2F840211F2B4FF075
S21400435001030FD9203A9340019A1A430192082389
S2140043606A46124912480DF00FFA124B124A1A60AA
S2140043700CF0D0F89340009A1A430092EFE72D28ED
S214004380F3D1094AD2F84031D2F840211F2B4FF022
S214004390010385BF203A93409340019398BF009352
S2140043A0DDE700BFC80A0020008000440071080056
S2140043B0800F0020000000200B020FF008B50EF062
S2140043C06EFE20B110F81A3C2C38013B837408BDF1
S2140043D038B50C46EFF31185302383F3118808486F
S2140043E0FFF7ECFF206028B985F31188BFF36F8FC5
S2140043F01B2038BD85F31188BFF36F8F0020F8E7C8
S214004400E80F002038B500F580530446D3F8C801FD
S2140044100D4618F0A3FC034620B1002043F8044BD9
S2140044202B6038BD1A20FBE710B500F58050D0F899
S214004430D0010C4618F092FC206038B100230360CF
S2140044401846226813722268536010BD1A20FCE7D3
S21400445010B550F8044C011F04F58053D3F8C8017A
S21400446018F073FC204610BDF8B50446002850D05E
S214004470837C002B4FD10168856911B1284618F05E
S21400448066FCA16805F5805519B1D5F8D40118F079
S2140044905CFCE37C022B0BD0032B0BD0012B0BD147
S2140044A0606828B1FFF7D4FFD5F8A00118F06EFCBD
S2140044B0012602E06168E9B90026EFF31187302390
S2140044C083F311882146D5F8BC0118F03EFCE37C46
S2140044D0042B14D1D5F89C0139F004FB87F311881E
S2140044E0BFF36F8F26B1D5F8A001436A03B1984792
S2140044F00020F8BDD5F8C40118F027FCDCE7052B32
S21400450001D0032BEAD1B5F8B831013BA5F8B83194
S214004510E4E72220EDE70420EBE770B516461C46DC
S2140045200D46C9B100F58050D0F8CC0118F016FC45
S214004530A0B1002303606B6804814360022383728A
S21400454034683CB9022330602846EB74FFF78CFFD2
S214004550204670BD2646F3E72220FAE71A20F8E741
S2140045602DE9F84FEFF31188302383F311886A4C56
S214004570D4F824352C2BA3F12C0606D188F3118809
S214004580BFF36F8F1B20BDE8F88F53F82C9CB9F152
S214004590000F00F0BE80B589DFF89CA15F4F002DAC
S2140045A000F0AA800D22002104F5A5602FF0DDFCA6
S2140045B0C4F82C954FF01309B5F5006FC4F828A57C
S2140045C0C4F83075C4F834955FD80D22002104F580
S2140045D0A760D6F804A0013D2FF0C7FC504AADB244
S2140045E042EA051202254F4BC4F83CA51340C4F816
S2140045F03835C4F84075C4F84495D6F808A0BAF122
S214004600000F14D0A94604EB091909F5A56310227A
S214004610002118462FF0A9FC434A0135C9F8282581
S2140046201322C9F82CA5C9F83075EDB2C26004EBA8
S21400463005191022002109F5A5602FF096FC3B4BCA
S2140046400E36C9F82835C9F82C65C9F83075002328
S21400465004EB031292F82A1501336FF3041182F863
S2140046602A15DAB2AA42F3D90025314A314BD4F8DA
S21400467088051D7002F150012B4618F06BFC88F37C
S2140046801188BFF36F8F28467DE7B5F5805F2DD87C
S214004690D6F804A0DFF88CB00D22002104F5A76040
S2140046A02FF063FCC4F83CA5C4F838B5C4F84075D0
S2140046B0C4F8449573680D22002104F5A96003F53B
S2140046C0006A2FF052FC6FF400631D44144BADB229
S2140046D043EA051303EA0B030325C4F84835C4F878
S2140046E04CA5C4F85075C4F8549586E788F311882D
S2140046F0BFF36F8F212046E71022294604F5A560F8
S2140047002FF033FCC4F828A5C4F82C95C4F83075EF
S2140047109DE7012037E700BFC80A00203C8005500F
S21400472000001030F07F1030700010301000103095
S214004730F00F0020E06400206000103010B5EFF3AA
S2140047401184302383F311880A4803882BB984F335
S2140047501188BFF36F8F032010BD013B038000F26A
S2140047602450FFF79DFDFFF7FBFE84F31188BFF38F
S2140047706F8FF1E7C80A00202DE9F74F394CA2EBFE
S214004780010B1FFA8BFB0E461546A4F88CB578B9BC
S214004790D4F8900501A9FFF735FE50B1D4F894057A
S2140047A039F08EF9012384F8983503B0BDE8F08F10
S2140047B00190019FB5F5006FDFF8C090DFF8C0806C
S2140047C007EB060A1ED81022002127482FF0CDFB43
S2140047D00BF1FF33C3F30A031B0143F0447303EAF0
S2140047E00903C4F89C35C4F8A085C4F8A4A51F4BDB
S2140047F0D4F8BC251E49D4F8940503B0BDE8F04FA4
S21400480018F0A8BBC6F5FF6607360D22002116482D
S214004810B6B22FF0AAFB3601164B46F04076334070
S214004820C4F89C351323102200211348C4F8A83579
S214004830C4F8A085C4F8A4A52FF097FB6FF4006316
S214004840EB18C3F30A031B0143F0447303EA09039E
S21400485007F50067C4F8AC35C4F8B085C4F8B4757D
S214004860C5E700BFC80A002064100020554A0000B3
S21400487088100020F07F000374100020F07F1003E3
S214004880248005502DE9F341EFF31186302383F39E
S2140048901188214CD4F8940539F012F994F898351B
S2140048A033B186F31188BFF36F8F02B0BDE8F08195
S2140048B001A9D4F89005FFF7A5FD014618B101231C
S2140048C084F89835EDE7B4F88C5504F29C57013D12
S2140048D010223846ADB2DDF80480C5F30A052FF085
S2140048E044FBD4F89C250D4B2D01134045F0447530
S2140048F01D430B4B3A46C4F8A035D4F89405094B33
S21400490004F5B861C4F89C55C4F8A485C4F8BC7511
S21400491018F020FBC5E700BFC80A00200F80EFFC98
S21400492024800550554A000008B5FFF7ABFF00206D
S21400493008BD10B5EFF31184302383F31188124BB2
S214004940B3F8D025092A04D984F31188BFF36F8FF2
S21400495010BD817C013201318174D3F8D415A3F8DF
S214004960D02593F8D82540F82C1FC3F8D405002A84
S214004970EAD0002283F8D82593F89835002BE3D1A7
S214004980FFF780FFE0E700BFC80A0020002373B5EA
S2140049900E460A251D4CC4F89015C4F8D435C4F844
S2140049A02035C4F82435C4F8DC3584F8F035C4F86E
S2140049B0E435C4F8EC35C4F8E815304601A913F020
S2140049C0ADFE00BB0198FFF7B4FF013DF5D10A2309
S2140049D023804FF480520E4B1A604FF440624FF023
S2140049E0FF310C4B5A610C4A91640121A2F58052AA
S2140049F0D164516005225D615A610723A4F88C35A5
S214004A00284602B070BD1925FAE700BFC80A002084
S214004A1000E100E00080055000A0055013B5EFF35C
S214004A201184302383F31188094BB3F8D025092A63
S214004A3008D8D3F8900501A913F070FE10B90198B4
S214004A40FFF777FF84F31188BFF36F8F02B010BDB6
S214004A50C80A002000232DE9F04F85B00393ADF877
S214004A600A30EFF31189302282F31188AB4CD4F868
S214004A70BC1594F8F4258D6832B194F8F52584F8C1
S214004A80F435AD1A84F8F53594F8F6359BB32B68F3
S214004A90A34EC4F8FE35AB880D21A6F80B30AB79D3
S214004AA00DF10A02701C7373FFF7E2FB074678B934
S214004AB02B682846C4F8F735AB88B380AB79B3715A
S214004AC0FFF7C6FC072239463846FFF755FE33E0A7
S214004AD0BDF80A3001339BB2F218ADF80A30F3582D
S214004AE02B609388AB809379AB71002384F8F635FE
S214004AF0012384F8F435DFF830A29AF80260002E1D
S214004B0000F0FE80EFF3118B302383F31188B4F8A6
S214004B10D075CFB90123D4F8940584F8D83538F089
S214004B20CFFF8BF31188BFF36F8F0023C4F80836CE
S214004B3015B12846FFF78CFC89F31188BFF36F8FF9
S214004B40002005B0BDE8F08F7648FFF737FC8046BA
S214004B500028E6D0013FA4F8D0758BF31188BFF388
S214004B606F8F94F8F425C4F80806BAB907212846CA
S214004B70FFF77EFB074688B92A68694BC4F8F72515
S214004B80AA8828469A80AA799A71FFF761FC40465F
S214004B90FFF7CFFE012384F8F63593E76B882846A7
S214004BA0A8F80C302A68D8F80030D4F890B51A6007
S214004BB0AA889A80AA799A71FFF74AFCB8F80C700E
S214004BC0002F56D101238AF80230072794F8F415EF
S214004BD0A4F88C75002900F09080D4F8903503A9CD
S214004BE018460193FFF70EFC834600287DD1BDF8DA
S214004BF00A80DFF82CA1C8F10705EDB208F107011D
S214004C00BD42039B84F8F555514462D3ED1B3A46EA
S214004C101846EDB2D4F8086684F8F5552FF0C4FBB4
S214004C207060002D4FD0019803A9FFF7EBFB00281A
S214004C303CD1039B07EB080107312A46514418462E
S214004C402FF0B2FB07222946A4F88C25FFF794FD27
S214004C500122354B9A70D4F808163448FFF720FB2B
S214004C60D4F8903503F58053D3F8940138F03AFF22
S214004C7062E7B4F88C35B3F5857F13D90623414631
S214004C8088F81C3029480BF5805BFFF709FBDBF83A
S214004C90940138F027FF00260123C4F808668AF836
S214004CA0023092E700268AF802608FE7D4F894056F
S214004CB038F006FF84F8F5B50723A4F88C350123F1
S214004CC084F8983538E7072229462846A4F88C2524
S214004CD0BCE72A4618462FF067FB3A462946FFF7F8
S214004CE04BFD002E3FF428AFB5E7D4F8940538F016
S214004CF0E7FE002384F8F535DEE73A460846EEE799
S214004D000722D4F8083631465D603046A4F88C2574
S214004D10FFF732FD01238AF802309CE7C80A00201C
S214004D20BF1000209C100020E0640020E80F002048
S214004D3010B5EFF31184302383F31188084B93F8F2
S214004D4098253AB1D3F8D42522B1002283F89825C5
S214004D50FFF798FD84F31188BFF36F8F10BD00BF77
S214004D60C80A002008B5274B83F30A886FF00101B4
S214004D70254B264A9A60D3F8882042F47002C3F87E
S214004D808820234A116641F2FF7151660221C3F85A
S214004D90D010BFF34F8FBFF36F8F08204FF4403310
S214004DA01C49C1F88001D3600860A2F50052136167
S214004DB019481A4BC01A801013F072FC184B194988
S214004DC08B4212D30020184B18498B4218D30AF096
S214004DD0ABFB186850F82240586840F82240013271
S214004DE098688242F5D30C33EAE70022F8E71C689D
S214004DF044F8220001325C68A242F8D30833E4E7A4
S214004E000022F8E70800002000ED00E00040000067
S214004E1000A0004400E100E0A04100004041000086
S214004E20182704002427040024270400242704004D
S214004E3008B520F085F808B120F06CF8BDE8084009
S214004E4031F07BBD08B519F027FABDE8084019F027
S214004E5069BA08B50BF05EFBC30742BF0122014BDF
S214004E601A607047E063002038B50D4CD4F8203641
S214004E7093B90C4D6B68013307D10DF027FB4FF04B
S214004E8050234FF4003268601A676B68402B02BFED
S214004E90054B1B68C4F82036D4F8200638BD00BF82
S214004EA0C80A0020E0640020E06300204FF00042C3
S214004EB0014B1A60704700BFE06300200C4BD3F82C
S214004EC0242630EA020211D0EFF31181302282F359
S214004ED01188D3F824260243C3F8242681F31188C8
S214004EE0BFF36F8FD3F8280638F0FCBD704700BFBD
S214004EF0C80A002000239A6AB2F5804F03D21168D0
S214004F00074A914203D00023037083607047012252
S214004F1002709A6A926842609B6A9B69F5E700BFD6
S214004F2007B0CD5E1FB501238DF80430002301A81D
S214004F30CDE90233FFF7DEFF039B9C0245D5254CE7
S214004F4063680BB10CF05CFF0122234B5A60A36A26
S214004F509806FCD402230125A36063621F4B5D60A4
S214004F600CF04EFF1B4BE5609A6AD106FCD4022279
S214004F701A639A6AD206FCD40323174A5361A2F531
S214004F80805293614FF48022154B1A604AF6E8501F
S214004F90144B154CDA6ED96E22F0030218661348CD
S214004FA042F0020241F00301C0F82044DA66D966F6
S214004FB0DA66D966DA66D966DA66D966DA66BFF37D
S214004FC04F8FBFF36F8F30BFFEE7094B094A1A6059
S214004FD00BF0A0FA00400650006006500050065045
S214004FE000E100E0004000500000FFFF00E003503A
S214004FF00000002002020FF01FB500239A6AB2F5E7
S214005000804F1FD2126BB2F5804F1BD2012201A82F
S214005010CDE902338DF80420FFF76CFF039BDB031A
S21400502010D5029B1A0E0DD0012A03D1C3F30743F5
S2140050300A2B07D900239B6A1B6B1B6C05B05DF817
S21400504004EB184740F2011005B05DF804FB38B5D4
S2140050500446D0F8F8000D4617F0C6FF40B9E36FD7
S2140050602BB1207A2A46D4F880109847012038BD04
S2140050700020FCE710B4EFF31181302383F311888E
S2140050800346D0F80821546843F8044F536081F370
S2140050901188BFF36F8FD0F808315DF8044B03F525
S2140050A08053D3F8940138F01DBD08B50146FFF7CC
S2140050B077F850B1D1F8880040B9D1F8843023B9D8
S2140050C0B1F86800B0FA80F0400908BD0020FCE79F
S2140050D0EFF31182302383F311888368013B8360EA
S2140050E082F31188BFF36F8F704710B508B902209E
S2140050F010BDEFF31184302282F31188826822B942
S21400510084F31188BFF36F8FF1E70132826084F376
S2140051101188BFF36F8F036813B100200B60E7E7B9
S214005120FFF7D6FFE3E738B50446EFF311853023E3
S21400513083F31188037C63B18068214640300DF00C
S214005140B6FFA26892F84430013B82F84430002350
S214005150237485F31188BFF36F8F38BD2DE9F843AC
S21400516000F580550646D5F8BC018846174617F068
S214005170F5FD044610B91A20BDE8F8833422002154
S2140051802EF0F3FEEFF31189302383F311887B1E94
S214005190042B22D8DFE803F0172103170300B5F825
S2140051A0AC21B5F8B831013A934209DB2146D5F86F
S2140051B0BC0117F0CAFD89F31188BFF36F8FDAE7D9
S2140051C00133A5F8B83189F31188BFF36F8F00203B
S2140051D0E774A661C8F80040CEE72120CCE710B5FA
S2140051E0A8B1FFF735F9044600F58D5014300DF0E0
S2140051F056FF04F58054014618B1D4F8CC0117F0D8
S214005200A4FDD4F8A00117F0C1FD002010BD222097
S214005210FCE710B5054C0A4601B2D4F82C061AF085
S21400522061FAD4F82C06BDE81040D8E7C80A00207A
S21400523038B504460D4681B1486804F5805428B157
S214005240FFF706F9D4F8A00117F0A0FD2946D4F818
S214005250CC01BDE8384017F078BD38BD08B50DF074
S2140052601EFF20B110F81E3C3038013B837408BD89
S2140052708B7C01F1300201338B74036813B90B6326
S214005280026070471846F8E738B581624469EFF364
S2140052901185302383F31188D4F80831014603F1D1
S2140052A01000FFF7E5FF85F31188BFF36F8FD4F882
S2140052B00821074902F1180017F066FE4FF6FF7244
S2140052C0B4F8683093421CBF0133A4F8683038BD88
S2140052D07B61000010B50446A37C0846013B04F140
S2140052E03001A3740DF0E3FE2046BDE810403321E4
S2140052F0CAE70B7C70B57F2B164604464FEA93121E
S2140053004FF030030AD9EFF3118583F31188032A8F
S21400531023D1837B0BBB012383730BE0EFF3118553
S21400532083F31188437B1BB99030FFF7A1FF0FE092
S214005330013B4373D4F808010830FFF799FF3EB1EC
S214005340D4F8083103F58053D3F8940138F0CAFB3B
S21400535085F31188BFF36F8F70BD04F19400E4E706
S2140053602DE9F7438946174601A9032206461D463E
S2140053709DF82880FFF7F2FE50BB06F58053D3F861
S214005380C401019C17F0EAFC606028B9204603B00F
S214005390BDE8F043FFF768B8012165F06F05A1810D
S2140053A0C4F814906774257480F800806068FEF76F
S2140053B01BFFE081EFF31185302383F3118821462C
S2140053C006F10800FFF754FF85F31188BFF36F8FCF
S2140053D003B0BDE8F08310B50446182200212EF075
S2140053E0C4FD204610BD0368D90444BF43F480635F
S2140053F0036003689A0444BF43F400630360704785
S21400540010F1840F12DA10F1950F25DB9530102875
S21400541022D8DFE800F01D2121211B2121211913AC
S214005420110F151F1723090008207047003818BFF2
S214005430012070471D2070472E2070472D20704792
S21400544024207047212070471A2070472F2070476D
S2140054502C20704725207047012070470F2070478A
S2140054602DE9F04F604E0446B3780D4692468FB055
S214005470002B00F0B480022B08D1007A012894BFDC
S21400548000200120C0000FB0BDE8F08F012B00F017
S214005490A880033B012B03D8037A012B00F0A180E0
S2140054A094F804010028EED02A68137903F0070167
S2140054B023F0070313712B68F0680693237A07918D
S2140054C08DF82C30D4F8FC30CDF82D0043F0004396
S2140054D00D93464BD6F830069A889B79ADF8312066
S2140054E08DF8333000234FF4007209930AA9404B1D
S2140054F0D5F80490BAF8007012F0AEFB834688B96F
S214005500DDF82880D8F80430D8E908121B0A18D02D
S2140055103848834235D06FF0860B002F59D10A9851
S21400552011F0F0FF5846FFF76BFF10B9099BAAF879
S21400553000302A680799137923F00703194311717D
S214005540A1E709ABCDE90473069B40460093CDE97D
S2140055500279CDF804900BAB15F052FE10F1860FD1
S21400556083461CD10DF12203B8F8001020480DF137
S214005570230215F0BFF9031E14BF9B466FF0850B80
S214005580CBE709ABCDE90473069B40460093CDE913
S2140055900279CDF804900BAB15F032FE8346BBF1D2
S2140055A0000FBAD10A9811F0ADFF16F0E2FBD4F85E
S2140055B0FC200132C4F8FC20F2690132B2F1005F2F
S2140055C0F261AFD1B278052AACD10320FEF774FEA3
S2140055D0A8E73A46002148462EF0C7FC9FE703207E
S2140055E051E700204FE700BFC80A0020D40A002079
S2140055F00002480502008000EFF305830F2B84BFEE
S214005600034A9B5C4FF0E023D3F80C3D704700BF85
S214005610F0E300E0002307B50193054B5B6938F023
S21400562013FB019B002BFCD003B05DF804FB00BF0E
S214005630E0640020EFF3148010F0010F14BF002088
S21400564001207047EFF3148040F0010080F31488C7
S214005650704710B5044B0446D3F8E40638F086FBD2
S2140056602060002010BD00BFC80A002010B5044B03
S2140056700446D3F8E80638F079FB2060002010BD19
S214005680C80A0020002313B5174801A980F8B434CF
S21400569000F5DE60FFF729FD20BB019C36F0DCFD3F
S2140056A0022803D1D4F8F00038F096F8617A11F0A9
S2140056B010010CD036F0D0FD022803D1D4F8F0004B
S2140056C036F09EFD094802B0BDE8104000E594F8AB
S2140056D05030002BEED0023B012BEBD9204617F0C2
S2140056E089FCE7E702B010BDC80A0020B811002008
S2140056F02DE9F3410E4615468046002843D001A901
S214005700FFF7F3FC0746F8B9019C36F0A5FD022822
S21400571003D1D4F8F00038F05FF8711E0A2907D8D4
S214005720DFE801F0161C20222426292D181A1E0058
S214005730E56536F091FD022803D1D4F8F00036F086
S2140057405FFD4046FFF7C4FC384602B0BDE8F08176
S2140057502566EEE7E566ECE72567EAE7A565E8E790
S2140057606566E6E76567E4E7A567E2E7E567E0E71D
S214005770C4F88050DDE72B68C4F89830D9E72B686A
S214005780C4F89C30D5E72227DEE708B500230122BF
S21400579019460B4817F033FB08B1002008BD02215C
S2140057A0084A0748FFF7A4FF0028F6D10321064A57
S2140057B00348FFF79DFFB0FA80F04009EEE700BF10
S2140057C0C4110020CD420000155B000070B50546F0
S2140057D0EFF31183302282F3118806684EB1727A95
S2140057E0D20610D483F31188BFF36F8F0F242046A0
S2140057F070BD8268012A2BD8866083F31188BFF3B8
S2140058006F8F3446F3E78268012A21D8002282602F
S21400581083F31188BFF36F8F36F01EFD022803D185
S214005820D6F8F00037F0D8FF0121304617F0E2FB3B
S214005830044610B1052808BF002436F00DFD0228E6
S21400584003D1D6F8F00036F0DBFC00232B60CEE761
S21400585083F31188BFF36F8F0424C8E710B5074C95
S21400586004F2FC60FFF7B2FFFFF78FFF20B10122C2
S214005870034B5A700023237210BD00BFC80A0020D5
S214005880E0640020022838B52ED1042952D136F023
S214005890E3FC022804D1284BD3F8980137F09CFF8C
S2140058A0264B0021186817F09DFA044636F0D4FC03
S2140058B0022803D1D4F8F00037F08EFF012384F8D5
S2140058C0043136F0C9FC022803D1D4F8F00036F0D3
S2140058D097FC36F0C1FC02282CD1174BD3F8980160
S2140058E0BDE8384036F08CBC032823D1042921D1EA
S2140058F036F0B2FC022804D10F4BD3F8980137F0EB
S2140059006BFF00250D4B1C68002CE2D036F0A4FC83
S214005910022803D1D4F8F00037F05EFFC4E93F5503
S21400592036F09AFC022803D1D4F8F00036F068FC72
S2140059302468E9E738BD00BF4075002040650020B8
S2140059402DE9F04385B080461746994636F084FC2C
S21400595002280E4605D101F58053D3F8980137F09A
S2140059603BFF3946306817F03DFA054600287CD1E3
S2140059704FF48871012018F04BFA044670B91A24C7
S21400598036F06AFC022805D106F58056D6F898014E
S21400599036F036FC204605B0BDE8F08340F2011331
S2140059A08381022380F8099080F850300772458181
S2140059B0C5730560642037F0CDFA012F94BF00232D
S2140059C0012384F804314FF0FF33C4E92633012362
S2140059D00193274B6061009304F1A00302935023C8
S2140059E06846C4E93F55C4F80861039338F0CFF918
S2140059F0C4F8F00028B984F8500020460CF010FED9
S214005A00BDE73368C4E92155C4E92355C4F894506A
S214005A1023603460304600230168A9B9002BF9D111
S214005A20C4F8F430EFF31182302181F3118801219C
S214005A3088F80470C8F80810C8F8004082F3118887
S214005A40BFF36F8F1C469BE70A68002AE6D091F8E2
S214005A5008C0157AAC4529BF1368084611600B606C
S214005A6022BF026001231046D6E7122488E700BF53
S214005A70C0E3030038B5044636F0EEFB022804D136
S214005A80154BD3F8980137F0A7FE144B2179186808
S214005A9017F0A8F90446E0B136F0DEFB022803D181
S214005AA0D4F8F00037F098FE94F8505036F0D4FB57
S214005AB0022803D1D4F8F00036F0A2FB36F0CCFB77
S214005AC0022804D1044BD3F8980136F099FB2846F7
S214005AD038BD0546F2E700BF40750020406500204F
S214005AE038B5046814B9BDE83840C3E736F0B4FBEF
S214005AF0022803D1D4F8F00037F06EFE94F8505028
S214005B0036F0AAFB022803D1D4F8F00036F078FB72
S214005B10284638BD10B5054C04F2FC60FFF7E0FFE0
S214005B2005281CBF0123237210BD00BFC80A002031
S214005B302DE9F0471E46062313704968144630299F
S214005B4086B072D00ED8042905D9202967D0002344
S214005B5063600D2335E00139032930D8DFE801F012
S214005B603358394340F2022399427DD00ED850294B
S214005B705ED0B1F5007F60D04029E8D1516050F882
S214005B80380CC3699847A06008234CE040F2013304
S214005B9099426ED0B1F5885F6FD0A1F58053FF2B88
S214005BA000F28E8000238DF81010C9B241F48051A7
S214005BB0516003A80393FFF75DFF207207E0002300
S214005BC05360A360E0E701235360062313720523A6
S214005BD029E0042303220821C4E901230023C4E9A1
S214005BE0031310231FE01346042243F8042F504AE1
S214005BF0116859605168128999609A810E236380F2
S214005C000123437463880433336006B0BDE8F0872D
S214005C100223536010F8333CDB000133D1E75160B8
S214005C2050F8302C22816380ECE75160C36BC8E7E4
S214005C30516050F8380C036AA4E7516003A8FFF7D8
S214005C4059F9049BE360002323619DF80C30012B77
S214005C5002D103232372C4E723B923724FF0FF3324
S214005C60E360BEE70423F5E7324B5160D3F808370C
S214005C70A7E7304B51609B78A3E700252F4651607D
S214005C8002F1070902F1870A6B1C6846CDE9007726
S214005C90CDE903778DF804508DF8103002970597FC
S214005CA0FFF71EFF804603A8FFF71AFF48EA001812
S214005CB009F8018F0235D145EDB2E5D18423B2E76C
S214005CC0A1F5E063FF2B3FF642AFCDB245F4E063AB
S214005CD0536036F0C1FA022804D1174BD3F8980166
S214005CE037F07AFD154B2946186817F07BF80546FD
S214005CF0E0B136F0B1FA022803D1D5F8F00037F05B
S214005D006BFD95F8047136F0A7FA022803D1D5F892
S214005D10F00036F075FA36F09FFA022804D1064BEA
S214005D20D3F8980136F06CFA277250E70746F2E788
S214005D30D2E30300C80A002040750020406500201A
S214005D4007B5304C04F22C654FF0FF31D4F8B004A0
S214005D5036F0B0FB94F8B434022B08D0002BF3D105
S214005D60294815F077FC012384F8B434ECE70023C7
S214005D70294625480DF1060215F01BFF10B1002339
S214005D80ADF80630BDF806000028DDD094F80C27E4
S214005D90D4F82C36012A07D0022A27D0002108463C
S214005DA0FFF737FA012314E01A78012A04D0022AF2
S214005DB017D0002AF2D1C7E7021FDB7892B29A42C8
S214005DC00AD29B1A9BB20021A4F80E37FFF721FADD
S214005DD0022384F80C37B7E70023A4F80E37012116
S214005DE0DEE7421FB3F8033092B2E8E7B4F80E37A6
S214005DF08342F4D91B1A0021A4F80E37FFF709FADC
S214005E00A2E700BFC80A0020B8110020302508B558
S214005E100B4C4FF0FF31D4F8280636F04BFBEFF36F
S214005E20118385F311880022D4F82406C4F82426AA
S214005E3083F31188BFF36F8F21F0F6FEE9E700BF0A
S214005E40C80A00202DE9F347044691461E4636F060
S214005E5003FA0228884652D1D4F8085116F0010FEA
S214005E6005F58053D4F89C10D3F89C0118BF002188
S214005E7036F020FB0330012840F2858004222846B5
S214005E800DEB0201FFF76AF90746C8B936F0E4F9E8
S214005E90022803D1D4F8F00037F09EFC16F00E0F5F
S214005EA0657A2ED0AB070FD436F0D6F9022803D188
S214005EB0D4F8F00036F0A4F90198FEF7D5FA2127B9
S214005EC0384602B0BDE8F08716F002021ED116F082
S214005ED004031DD116F008051DD12B4694F850205A
S214005EE0DDF804A0052A18D036F0B6F9022803D14A
S214005EF0D4F8F00036F084F95046FEF7B5FA0227DB
S214005F00DEE715F00105CFD10123E7E70025E4E73A
S214005F1004251346E2E70E25E0E7CAF80480AAF84F
S214005F200C90CAF81440227A8AF811200A9ACAF805
S214005F3020201BB3A37AE27A1B01DBB21343C6F31D
S214005F40001643EAC6038AF81030A37A013303F03A
S214005F500703A37249464046FEF746F90122AAF80F
S214005F600E0051462046FFF7C4F936F075F90228B0
S214005F70A6D1D4F8F00036F043F9A1E765F03F0566
S214005F808AF81050E6E71A279AE72DE9FF410F46F0
S214005F9003A9064615469846FFF7A7F80446C0B973
S214005FA03FB345B30398D0F8083190F8042103F5C1
S214005FB08053B3F8B04140F6F773002C08BF1C4678
S214005FC00AB1083CA4B2A54207D93046FFF780F8CC
S214005FD02B24204604B0BDE8F0810A9B2A46009395
S214005FE039464346FFF72EFF04463046FFF770F863
S214005FF0EFE72224EDE72124EBE7002307B58AB27A
S214006000009301460248FFF7C0FF03B05DF804FBAB
S214006010B811002007B50022074B01465A700288C7
S214006020064B0432009392B201230548FFF7ADFFFA
S21400603003B05DF804FB00BFE0640020CD42000022
S214006040C4110020F0B5A0F58E56183E022300229B
S214006050314685B0054616F0D2FE2E28044667D097
S21400606048B90B212846334AFFF742FB044628B1BD
S2140060702846FFF7ABFB204605B0F0BD02212846B8
S2140060802C4AFFF735FB04460028F1D103212846A9
S214006090294AFFF72DFB04460028E9D12A460421A9
S2140060A02846FFF725FB04460028E1D103A9304621
S2140060B0FEF7BAF9039E0623374647F80C5BB38112
S2140060C034610CF003FA4FF050234FF4003210F016
S2140060D0400F1A6714BF7323772310F0800F18BF82
S2140060E0732310F4806F18BF732310F0010F18BFCE
S2140060F0782310F0020F18BF782310F0080F18BF8F
S214006100742310F4004F18BF742310F0040F18BF48
S214006110722310F4804F18BF7223736108230C2279
S214006120F3813946032328460096FFF72EFFA2E7A1
S2140061301224A0E7896A0000F5420000EFB5064683
S214006140A0F58E500D46183803A91746FEF76CF9D1
S21400615088B90623039909228B8105230D7245F41D
S2140061608055CB810E600D610F750123009130467E
S2140061700C31FFF70AFF04B0E0BD2DE9F0470646F4
S21400618030274FF0020900F1100833697BB1EFF3B6
S214006190118A87F311884046FFF760F84469054680
S2140061A094F850302BB98AF31188BFF36F8FBDE88F
S2140061B0F087B4F86830002BF5D0013BA4F86830BF
S2140061C08AF31188BFF36F8F2B7C40697F2B4FEAD1
S2140061D0931235D9032A09D1D0F864A0BAF1000F7A
S2140061E004D0AB6A2A6A6968007AD04736F034F879
S2140061F0022803D1D4F8F00037F0EEFA94F85030C5
S214006200062B20D0082B1ED0032B0BD12046FEF7E2
S2140062104CFF38B1637A84F85090DB0602D52046EE
S214006220FEF728FF36F018F8022803D1D4F8F0005D
S21400623035F0E6FF002328466B60FEF715F9A4E765
S214006240D0F858A0CAE72046FDF7AAFF0028E9D0F4
S214006250D4F80801092200F58E50217A1830FFF78D
S2140062606DFF30B10923D4F8F80084F8503016F0EA
S214006270BBFE94F85030062B04BF072384F850303A
S214006280D0E7084B03F5E362D2E8AF2FD20707D476
S21400629093F8182722B9C3F81C27012283F8182779
S2140062A001487047C80A0020E4110020102200218F
S2140062B02DF05BBE70B5144D05F5E463D3E8AF4F23
S2140062C014F0010416D195F820379BB9C5F8244779
S2140062D005F5E56630191034FFF7E8FFA02CF9D174
S2140062E00B220A4B013A194603F1100304D101238D
S2140062F085F82037064870BDD5F8240743F8100CFB
S214006300C5F82417EEE700BFC80A0020F0110020E9
S214006310EC110020037A012B04D0022B06D053B9CF
S2140063200B7270470B7203880B8070470B72036802
S2140063300B6043684B607047C83003F0E7BDC83059
S21400634003F057BD014B93F8C8077047C80A0020F2
S214006350034BC0E93712C3F8CC17C3F8D0277047F1
S214006360C80A002025289ABF024B53F8200002488E
S214006370704700BFD8E50300DCE3030003F058BE17
S21400638001289DBF034BC0EB001003EB001000205C
S214006390704700BFA0120020034BC01A1E23C01077
S2140063A0B0FBF3F0C0B27047A012002010B5044650
S2140063B021B10B68EB2B04D8EC230B60002420469D
S2140063C010BD0028FAD016F0BFFF012384F8E43091
S2140063D0F5E7D0F8E80070470120704790F8E43001
S2140063E02BB10023543080F8903015F0B1BB7047C5
S2140063F008B50AF08FF808B5FEF794FD243003F0D0
S214006400E9BC7FB5002424300C70ADF80C40ADF824
S2140064100E20029103F0DEFC194A034682428C41AC
S2140064200BD215A3D3E900232CF04EFD14461549D4
S214006430024602A803F05CFB2346134C4EF660218E
S214006440B3FBF4F204FB1234B4FBF1F34FF47A76A8
S21400645001FB1344B4FBF6F50C49009502A803F0C3
S21400646047FB06FB15420A4902A803F041FB04B0AD
S21400647070BD00BFAFF30080005C26050000000082
S214006480FF5B2605EDE3030080EE3600F3E3030032
S21400649002E4030010B504461C3006F0E7F90023BA
S2140064A0C4E91333A3640B2384F844304FF6FF7318
S2140064B0A4F8463004F15400BDE8104006F0AAB92E
S2140064C00048704770E603000048704770E6030017
S2140064D038B504460D46543039B194F85A300BB9E5
S2140064E005F00CFCA564002038BD15F031FBF9E77B
S2140064F0806C003818BF0120704708B5826C3AB12E
S214006500436DA0F85E10D86905F078FD002008BD40
S2140065100D20FCE7836C3BB1B0F860308B4218BFAF
S214006520A0F86010002070470D207047014B93F8CC
S214006530B8097047C80A002008B5836C23B108461E
S21400654005F0B6FE002008BD0D20FCE7836C0BB1FD
S21400655015F0F2BA0D207047403007F00FB9006F03
S2140065607047F8B5836C04460E46ABB190F85A30C7
S21400657000F15407052B0FD00025384604F07FF9AC
S214006580384684F85B5084F85C5084F8B55007F0C1
S21400659050FA2846E664F8BD0D20FCE7C06906F010
S2140065A0D5BEB0F8580040F03400704738B51D46E8
S2140065B0836C04462BB1543006F072FF00B9256593
S2140065C038BD0D20FCE7836C23B1034B002083F815
S2140065D0B91970470D207047C80A002038B5836C7B
S2140065E00D4683B3C469204605F0F6FE80B20F2838
S2140065F025D91E21164BE21AD210B2FBF1F2D2B206
S21400660003EB821303F5F271002311F82300C0B1E7
S2140066100133102BF9D14FF0FF3399B20F2914D85C
S2140066200C4903EB021301EB830301EB4201B1F8C3
S2140066303A2A15440122A3F8BA5983F8BC29002047
S21400664038BD1BB2E9E70D20FAE70320F8E700BFE4
S214006650A0120020C80A002013B5836C0446002B45
S21400666042D0684604F074F8E4696946204605F0AE
S214006670D9FE80B20F2830D91E211C4AA31ADB107F
S214006680B3FBF1F3DBB202EB831202F51A710022C0
S21400669011F8220020B30132102AF9D14FF0FF3250
S2140066A091B20F291ED8124902EB031201EB4300E8
S2140066B001EB8202BDF80030BDF80210B0F83A0ACD
S2140066C00B44BDF804100B44BDF806100B440344FD
S2140066D0A2F83E3A012382F8403A002002B010BDEC
S2140066E012B2DDE70320F9E70D20F7E7A01200203D
S2140066F0C80A002010B5836CCBB1C469204605F0EB
S2140067006BFE83B20F2B14D80B4B03F5FB62A41A57
S2140067101E22E410B4FBF2F4E4B200EB041003EB28
S2140067208003002083F8BC09A3F8BA0910BD0D2029
S214006730FCE70A20FAE700BFC80A002013B5836CFE
S214006740044603B3684604F003F8E4696946204645
S21400675005F068FE83B20F2B13D80C4B03F5FB62D3
S214006760A41A1E22E410B4FBF2F4E4B200EB041008
S21400677003EB8003002083F8400AA3F83E0A02B029
S21400678010BD0A20FBE70D20F9E700BFC80A00206D
S21400679010B5836C8BB10A4CC369A4F5F1729B1AD1
S2140067A01E22DB10B3FBF2F3DBB24022002104EB27
S2140067B083102DF0DAFB002010BD0D20FCE700BF93
S2140067C08214002010B5836C8BB10A4CC369A4F206
S2140067D066229B1A1E22DB10B3FBF2F3DBB24022CA
S2140067E0002104EB83102DF0C0FB002010BD0D200F
S2140067F0FCE700BF06150020403005F05ABF08B57C
S214006800826C5AB1B0F85830C0F8B0109B0603D569
S214006810436DD86905F0C6FD002008BD0D20FCE7D5
S21400682010B5836C3BB3D0F8B0309942B0F858300E
S21400683088BFC0F8B0109B061BD5436D0F4ADB69B6
S21400684002F5FB601B1A1E20DB10B3FBF0F3EFF320
S2140068501180302484F31188DBB202EB8313D3F863
S214006860C42A914288BFC3F8C41A80F31188BFF3C4
S2140068706F8F002010BD0D20FCE700BFC80A002067
S2140068802DE9F0410446EFF31186302383F3118897
S214006890D0F808319D681DBB04F1300036F046FC88
S2140068A0D4F808315D69002D36D1A04658F88C7FA3
S2140068B0002F4DD12774274657F8905F002D5FD1E3
S2140068C0274657F8945F002D61D1D4F80831DF6869
S2140068D0002F63D186F31188BFF36F8FBDE8F08178
S2140068E015F8203CA5F130007F2B4FEA931743693B
S2140068F098BF0027A3422D68CDD1D4F808110831DF
S214006900FEF7E8FC1FB9637B01336373C3E7032F0D
S21400691004BF0023A373BEE715F8203CA5F13000A2
S2140069207F2B4FEA9317436998BF0027A3422D6831
S214006930B9D1D4F808111431FEF7CCFC1FB9637B2B
S21400694001336373AFE7032F04BF0023A373AAE7E3
S2140069503D4655F830794046AB7C05F13001013BA9
S214006960AB740CF0A4FBAB7C33B9637B33210133EF
S21400697028466373FEF788FCE37B013BE37397E7E7
S2140069802846394650F83059FEF7A4FC96E72846C4
S214006990394650F83059FEF79DFC94E7384650F8D3
S2140069A030794369A34293D1D4F808110C31FEF72D
S2140069B091FC84F805518BE710B5436F044613B17C
S2140069C0816F007A9847D4F8F40008B137F08AF857
S2140069D0D4F8F80016F008FB2046BDE810404FE754
S2140069E02DE9F84306464FF0300800F114097369A4
S2140069F00BB9BDE8F883EFF3118488F31188484695
S214006A00FEF72CFC054684F31188BFF36F8F4469AC
S214006A1035F022FC022803D1D4F8F00036F0DCFE74
S214006A2095F824306BB100212846FEF72DFC35F092
S214006A3013FC0228DBD16B69D3F8F00035F0E0FBDD
S214006A40D5E7AB7C0133AB742B46D4F88C2043F8E7
S214006A50302FC4F88C30237C092B06D90A23204615
S214006A6084F85030FFF7A8FFE1E7676941F2883005
S214006A707F00676136F06EFA874294BF6761606197
S214006A80204616F020FBD2E72DE9F8431768154696
S214006A90A7F58E599846A9F11804002900F0EE8053
S214006AA05668774B9E4271D1764B97F84120D3F8C3
S214006AB00837002A5AD0002B4BD1012387F84030E4
S214006AC035F0CAFB022803D157F8400C36F084FE96
S214006AD002274FF00A0859F8186C8EB935F0BCFB3F
S214006AE0022800F0C6802C68A4F58E54183C04F5E5
S214006AF080542946D4F8D001BDE8F84316F025B9ED
S214006B0035F0AAFB022803D1D6F8F00036F064FE72
S214006B1096F85030042B15D00BD8012B12D035F038
S214006B209BFB022803D1D6F8F00035F069FB3668E7
S214006B30D3E7053B032BF2D8304686F85080FFF7A4
S214006B403BFFECE70621304686F85070FEF77FFAEA
S214006B50E5E74FF000524FF20F015180012B4FF046
S214006B6000530FD04CF23C325A8009E04FF00052EE
S214006B704FF20F015180002BF0D140F20123138019
S214006B8009F0C8FC40F202221A80F9E73E4926F0D6
S214006B90FF038B4230D135F05FFB0228F6B203D1FB
S214006BA057F8400C36F018FE314659F8180C16F017
S214006BB019F90646002891D035F04EFB022803D17D
S214006BC0D6F8F00036F008FE35F046FB022805D170
S214006BD004F58054D4F8980135F012FB304641464F
S214006BE011F0BEFD35F038FB02287FF47CAFD6F8F6
S214006BF0F00035F005FB76E724498B427FF477AF4B
S214006C0035F02AFB0228F6B203D157F8400C36F0CE
S214006C10E3FD314659F8180C16F0E4F8064600284D
S214006C203FF45CAF35F018FB022803D1D6F8F0002D
S214006C3036F0D2FD35F010FB022805D104F580545D
S214006C40D4F8980135F0DCFA96F85030073B012B63
S214006C509CBF092386F8503035F0FEFA022803D18F
S214006C60D6F8F00035F0CCFAD6F8F80016F0BCF9F5
S214006C7039E704F58054D4F89801BAE7BDE8F883FC
S214006C80EFBEADDEC80A002000BAFECA00BAEFBEEC
S214006C9070B50D46EFF31186302383F311884C69E7
S214006CA004F18C00FEF7DAFA04F1300036F03EFA12
S214006CB0D4F8080129461430FEF7DAFAD4F8082189
S214006CC0044902F12C0016F05FF986F31188BFF331
S214006CD06F8F70BDE16900002DE9F04F85B0EFF3CE
S214006CE01189302585F311884A48FDF767FB8346EE
S214006CF0DFF828A1BBF1000F06D189F31188BFF396
S214006D006F8F05B0BDE8F08FDBF8002011797F2982
S214006D104FEA91121CD8EFF3118685F31188DBF841
S214006D2014401CBB86F31188BFF36F8F89F311885C
S214006D30BFF36F8FEFF3118985F31188BAF800302F
S214006D4034480133AAF80030FDF738FB8346D1E714
S214006D50EFF3118685F31188DBF81440002C3DD143
S214006D60022ADFD15846FDF77FFBDBE79BF824803D
S214006D70B8F1000F06D000218BF824105846FEF715
S214006D8083FA1AE094F8500016F026F808B358462E
S214006D90FDF76AFB042810D1616904F13007384614
S214006DA0C4F84C80039136F0C1F95B463846CDE90D
S214006DB00088194A039936F051FED4F808319A68CB
S214006DC0002AAFD003F58053D3F8940136F08AFE3C
S214006DD0A8E7627B332101326273CFE7032A03D030
S214006DE05846FDF741FBE8E7A27B002A9AD000212F
S214006DF05846A173FEF748FAD4F89430002BDCD03E
S214006E0004F19400FEF72AFA012201462046FEF716
S214006E1070FAD2E7A4100020916C0000C80A002087
S214006E202DE9F84F202340244FF010084FF00209B8
S214006E30584D594F2B614FF480024FF4700157485C
S214006E400AF0E8FF2C614FF000724FF07061534873
S214006E500AF0E0FF4FF400324FF470214F48C7F8B5
S214006E6010800AF0D7FF2246F0214D48C7F87090F0
S214006E700AF0D0FF012340F6AA624A4CDFF844A18C
S214006E800025CAF80430626141F205024649DFF87F
S214006E9038B1A5600320E565E2602561E561E5643B
S214006EA0CBF84810A56525656565CBF80430CAF8AB
S214006EB00430E2600EF00AFE4FF4E112430103F5DF
S214006EC06123B3FBF2F3394A203B02EAC303602294
S214006ED0CBF80820CAF80850E3610423A565C7F874
S214006EE0AC95CAF85C304FF44063656163614FF45B
S214006EF0A0232F4E2F4CC6F8AC85C6F8C4354FF4E9
S214006F00C023C6F8BC35D6F8AC3543EA0903C6F844
S214006F10AC35294BC6F8B8354FF48023C6F8B435DF
S214006F200BF024FB04F2945011F0C8FB04F5B1609A
S214006F3011F0C4FBB0B194F8403B9BB1D4F8943543
S214006F40072B0FD8EFF31182302181F3118804EB61
S214006F50031393F8501B09B183F8505B82F3118832
S214006F60BFF36F8F0020154BC4F8C405C4F87C052A
S214006F70C3E9010043E91100114B4FF48022C4F825
S214006F8078350123C4F8C02584F8C93584F88135DE
S214006F90BDE8F88F00D0035000E0035004C0035053
S214006FA064C0035000800550FFFF0100F8FF7F001B
S214006FB000C00350C80A0020020001008C10002008
S214006FC0020004000090055000A0055038B51B4B89
S214006FD01B4A9B6C03F0010393646BB3194C94F843
S214006FE0403B53B1D4F88805072806D804EB0013B5
S214006FF093F8503B0BB10BF019FA0122124B1A70A2
S214007000EFF31185302383F311881048FDF7D6F986
S21400701001460F48FDF744F985F31188BFF36F8FDB
S21400702000220C490C4815F0AFFFD4F824351BB1EC
S214007030BDE83840FDF794BA38BD00BF0080055063
S21400704000A00550C80A0020E0640020EC0F0020D5
S214007050A4100020D96C0000A810002038B50D46FA
S21400706037F032F835F088FF04462D6837F02CF8F4
S21400707035F082FF031BAB42F8D938BD2DE9F74F38
S2140070809846062313704D681446A5F58052FF2ACD
S21400709007460E46DDF8309000F21B810523EDB260
S2140070A0638045F4805363600B7A9A1E012A53D896
S2140070B0A0F58E5935F0D0F80228A9F1180603D1AC
S2140070C057F8400C36F088FB294659F8180C15F08E
S2140070D089FE02230546237258B935F0BDF802280A
S2140070E040F0AC8006F58056D6F8980135F088F862
S2140070F0A4E035F0B1F8022803D1D5F8F00036F058
S2140071006BFB35F0A9F8022805D106F58056D6F8AF
S214007110980135F075F895F85060304615F05CFE2D
S21400712030B10A2385F850302846FFF745FC0CE0BE
S214007130042E0AD109230621284685F85030FDF78B
S21400714086FF10B96B7ADB06EED435F085F8022898
S21400715074D1D5F8F000C9E7052B4ED1A0F58E56B0
S21400716035F07AF80228A6F1180A03D157F8400C31
S21400717036F032FB56F8180C294615F033FE02237B
S2140071800646237240B935F067F8022856D10AF54C
S214007190805ADAF89801A9E735F05EF8022803D19C
S2140071A0D6F8F00036F018FB35F056F8022805D170
S2140071B00AF5805ADAF8980135F022F896F8503039
S2140071C0012B01D0042B11D1042386F8503005235F
S2140071D0237235F041F8022803D1D6F8F00035F0D6
S2140071E00FF8AF4B2B43C9F8003027E035F034F8E2
S2140071F0022823D1D6F8F00078E7092B62D1A0F553
S2140072008E5A35F029F80228AAF1180603D157F845
S214007210400C36F0E1FA29465AF8180C15F0E2FD53
S214007220074690B935F018F8022805D106F58056BD
S214007230D6F8980134F0E4FF0923237263880433F8
S214007240C8F8003003B0BDE8F08F35F005F8022826
S21400725003D1D7F8F00036F0BFFA34F0FDFF02286D
S21400726005D106F58056D6F8980134F0C9FF97F890
S2140072705030053B032B23D8DFE803F007020E0748
S214007280082387F85030237213E00821384687F821
S2140072905010FCF785FF58B10923237234F0DCFF49
S2140072A0022803D1D7F8F00034F0AAFF7D4B99E707
S2140072B0217234F0D1FF0228C0D1D7F8F00015E7CC
S2140072C00923E0E704236380002363600323A360AD
S2140072D0B4E7A5F5E062FF2A5FD84B880C2B03D0F5
S2140072E000236360032397E0D1F80890D1F80CA040
S2140072F034F0B2FF022804D16B4BD3F8980136F075
S2140073006BFADFF8B0B1EDB22946DBF8000015F0F5
S21400731069FD074678B934F09FFF022805D10BF5C2
S2140073208053D3F8980134F06BFF00236360082382
S21400733063800423CBE734F08FFF022803D1D7F80D
S214007340F00036F049FA97F85030012B0ABFC7E92B
S2140073503FA94FF002094FF0000934F07DFF0228E4
S21400736003D1D7F8F00034F04BFF34F075FF022855
S21400737004D14D4BD3F8980134F042FFB9F1000F19
S214007380D3D1234645F4E06543F8045FB2685A60FB
S214007390F2689A600C23638050E740F2032295421D
S2140073A071D0B5F5017F21D2602D69D007D8042DA4
S2140073B02FD9212D37D0002363600D232CE0B5F59F
S2140073C0007F26D040F202239D42F4D1042363803E
S2140073D08B681BB3012B83D10123344AA360C2F808
S2140073E0083740F2022363600823D4E7B5F5C06F80
S2140073F021D00BD840F201339D420AD0B5F5A06FDC
S214007400D9D10B7A80F83830656037E0B5F5885FFB
S214007410D1D1002363601523A360E5E7234A6560A6
S214007420C2F80837F8E765600A89638022810B890D
S21400743020F8283C02E7CB6843611C4B8E68D3F8E3
S214007440C42B964217D8002500F11409294640F2AD
S214007450E730D3F8C8CB4FF47A720023E6FB0C0172
S2140074602BF032FD4B460146CDE90055104A07F198
S214007470180035F047FD4FF4C063636004238AE7C5
S2140074808B68C360C0E708220B7A6280003B18BF97
S214007490012300226560A26080F84130CEE600BF7E
S2140074A000BAFECA00BAEFBE40750020C80A002027
S2140074B05D700000406500202DE9804800F580538F
S2140074C08346D3F8A001CBB0C3689847002843D1C1
S2140074D00BF58E53183318460493FEF7B3FD0028B9
S2140074E03AD110F067FD0446B0BB4FF4844010F06C
S2140074F0E6FB003818BF0120B14DB24B85F8CC0B27
S21400750002206B60EC61FCF7D7FEFEF73EF90BF548
S21400751080564FF0FF31D6F8940134F0CBFF96F842
S2140075201832BBB334F098FE022803D1D6F898017F
S21400753036F052F9DBF8004094B934F08DFE02289C
S21400754003D1D6F8980134F05BFE0023049886F841
S2140075501832FEF777FD1DE0002034F045FDFEE70B
S21400756034F07AFE022803D1D4F8F00036F034F96D
S21400757094F85030022B00F08B8034F06DFE022819
S21400758000F0818034F068FE022803D1D6F8980116
S21400759034F036FED6F8A00116A90369984706907F
S2140075A090B9169C96F8A4312768002B7AD105214D
S2140075B03846B7F80520FCF723FE10B13B78142BAD
S2140075C070D02046FCF750FF0BF5805797F8E8314F
S2140075D02BB10498FEF7FAF8002387F8E83197F8FD
S2140075E0103293B10323049826AA36A914F0E1FAC0
S2140075F058B9BDF8983036982BB10278D7F81432BF
S2140076001344C7F81432FDF7EAFD2B7A002B00F07E
S2140076100684FEF723F92B7A002B00F00084D7F8B7
S214007620A001836998478146002840F0AE85DBF8C4
S2140076300430002B40F02D879BF8448000264446FB
S2140076400BF14007EFF31189302383F31188384696
S2140076500BF025FD89F31188BFF36F8F002840F0EB
S2140076608D87EFF31182302383F311889BF8443023
S214007670984540F28E8700238BF8443082F31188B9
S214007680BFF36F8F43E7D4F8F00034F0B9FD79E725
S21400769034F0E2FD022803D1D4F8F00034F0B0FD57
S2140076A0246849E77B78B7F802A005933B799F09E1
S2140076B07F2B0393A38998BF0027002B47D1BAF1ED
S2140076C0000318BF01230893D6F8A8310A339A4559
S2140076D028BFA38134F0C0FD022803D1D6F8980154
S2140076E036F07AF80599DBF8000015F07BFB0446C7
S2140076F078B334F0B1FD022803D1D4F8F00036F0A8
S2140077006BF834F0A9FD022803D1D6F8980134F0BE
S21400771077FD94F85030042B04D11FB93946204623
S21400772011F01EF894F85060304615F055FB18B16D
S214007730082E38D1022F20D005230093002321469F
S214007740059AD4F80801FDF70BFE169835E00023DD
S214007750B9E734F081FD022803D1D6F8980134F059
S2140077604FFD022F07D005230093002358461946E5
S214007770059AFDF7F5FD169824E7169B5C611B7FBE
S214007780B3B9039B03F00703EFF31182079230228D
S21400779082F31188D4F88C20B2B9079B83F3118842
S2140077A0BFF36F8F04E0169B17F0FD0F5C61E6D009
S2140077B0089B1698002B00F0DA80FCF755FEA6E131
S2140077C0C80A00208558000052F8302CE17B127958
S2140077D0C2F30212501C114400F0070001F007012A
S2140077E0884279D88342D8D38B42D6D80026934293
S2140077F098BF08339B1ADBB22674099335F002FC57
S214007800D4E90632C01A994B61EB02011A7E002AAF
S21400781067D0C4E90801400840EAC1704908C4E9D5
S2140078200A011E760520D4E90A8635F093FB8045CA
S21400783076F100063EBF0023A062E362D4E90A3672
S2140078404FEA8308B60046EA937641F28830D4E9D8
S214007850082318EB020846EB030635F07BFB4FF0D7
S2140078600009404579EB060307D3052035F072FB87
S214007870404579EB060938BF4046606104F13000A8
S21400788035F054FC4FF0010804F18C069DF81830D2
S214007890099A934257D3079B83F31188BFF36F8FE0
S2140078A004F19006D4F89030002B81D0637B002B37
S2140078B03FF47EAFEFF31188302383F31188304610
S2140078C0FDF7CCFC014688F31188BFF36F8F0022CA
S2140078D02046FDF70EFDE5E78B4287D9834285D229
S2140078E05BE7D4E90838834278EB0102D4E90A2E34
S2140078F04FEA920242EA8E72B4BFC61A1E1A4FEAC6
S2140079009E0E12EB020C4EEB0E09B6081CEB020C98
S2140079104EEB09091CEB060649F10002C4E90A62AF
S2140079200726DB0843EA4873A3FB06234FEAD8087A
S21400793006FB0833C00840EA4170121843EBD10337
S214007940C4E908236EE73046FDF788FC817C59B908
S214007950FDF79AFC637B01336373E37B013BE373C0
S214007960069B0133069391E780F82480F2E7BAF18C
S214007970000F0CD04368002B3FF41FAF027F42B9C4
S214007980BAF1020F2DD80622E37A0092D7E6027FDC
S2140079907AB1E37A0092D4F808012146059AFDF7F9
S2140079A0DFFC002316980377FCF75EFDBAF1000FA4
S2140079B0E6D14FF00009169E002F40F01781ADF873
S2140079C0789026973697627AD4F80801D207E37A39
S2140079D020D50621227A00912146FDF7C1FC3046CB
S2140079E0EBE6169BAAF1020A58681FFA8AF910FA03
S2140079F08AFA9AF8012010F80930494643EA02222A
S214007A00FCF7FEFB0028D6D1002F7FF49EAE0122A5
S214007A10E37ABAE7039AC2F3021199420CD05A1ECF
S214007A208A4205D00BB9072902D00221227AD2E772
S214007A30204615F0AFF9D2E7039B1B070FD431465B
S214007A4020461EAAFDF70CFD002800F083800421C6
S214007A50E37A227A0091D4F808012146BDE7227A1B
S214007A6032B1062300930B46B6E700BFE064002061
S214007A70314620461EAAFDF7F3FC0028E7D1BDF8E4
S214007A807820032A63D9D6F804A0BAF80230043363
S214007A909A425CD1D4F8082126A9104602F58E59E0
S214007AA00392FCF7C1FC09F11809804698B926999B
S214007AB00F4647F80C9B9AF801304B739AF8003043
S214007AC0022B2ED0032B33D0039A002B39D10B7305
S214007AD0CB8104233693706848B1D4F80891FCF73C
S214007AE0B7FC09F58059D9F8A00115F04FF9002325
S214007AF030467360FCF7B8FCE37A2046013303F0A7
S214007B000703E37215F046F9B8F1000F58D034F0C9
S214007B10A3FB02287FF458ADD4F8F00034F070FBD5
S214007B2052E53A465146484636ABFEF701F8D2E7EC
S214007B30043100913A465146484636ABFFF79EFA66
S214007B40C9E702F58053D3F8D00115F0FEF84FF0E0
S214007B502108C0E73146BDF87830D4F8080104F1B2
S214007B608402FCF7DAFCB8B10321E37A227A0091AA
S214007B70D4F808012146FDF7F3FB3046FCF774FC09
S214007B80AB78052BC3D1D4F8FC30013BC4F8FC30ED
S214007B90EB69013BEB61BAE7D4F8F40008B135F0C5
S214007BA0A1FFE36D43B9E37A2046013303F00703F0
S214007BB0E37215F0EFF8AAE7216E207A9847F2E70D
S214007BC0DDF89880112339462046BDF8D820CDF838
S214007BD00080FEF737F9002899D0A66D002E96D0C3
S214007BE0332342463946207AB04790E7022F38D1F1
S214007BF0039BC3F30113012B7FF4F1AE73681B786C
S214007C00013B042B15D801A252F823F0217C00007A
S214007C10DF790000DF790000597C00004F7C00000F
S214007C20D4F88C30002B3FF4DAAE204615F04BFA31
S214007C30D5E63046FCF718FC0C2604F1300035F08B
S214007C4075FA204684F85060FEF7B6FE5FE73046C9
S214007C50FCF70AFC0A26F0E73046FCF705FC0B2684
S214007C60EBE700231E932693637A9A077FF5B7AE59
S214007C70039A12F0370220D15F073FF5B0AEB38902
S214007C80BBB14B463146D4F8080104F18802FCF734
S214007C9044FC00287FF4A3AEE36E13B1216F207A74
S214007CA09847D4F8F40000283FF431AF35F01AFFB7
S214007CB02DE73046FCF7D8FBEEE7042A40F09D801F
S214007CC0237A002B7FF48BAEB9F1030FD4F808218A
S214007CD0D6F804807FF683AEB8F8023004339945B0
S214007CE07FF47DAE02F58E5A104626A90AF1180AD0
S214007CF00392FCF799FB00287FF471AE269FB946E5
S214007D0049F80CAB98F801307B7398F80030022BDA
S214007D103AD0032B4DD0012B039A66D13B73042334
S214007D20FB8108231E93D5F808373BB1012B27D1DA
S214007D3036A8FDF7DFF89DF8D8300BB300233B617B
S214007D409A4B7B60DDF878800523494620460097ED
S214007D501FFA88F2FEF776F882463046FCF784FB78
S214007D60B8F1000F3FF4D3AEBAF1000F3FF4CFAE38
S214007D70666E002E3FF4CBAE33233A46494632E7D2
S214007D8001233B610023DCE7D8F80430202B09D020
S214007D905A1E032A06D923F01002402A02D0B3F551
S214007DA0007F19D14A46414650461EABFDF7C0FE3D
S214007DB0C8E7D8F80430A3F20222012A03D9212BFF
S214007DC001D0602B08D13B1D00934A4641465046E1
S214007DD01EABFFF753F9B5E70D230020C7E90403F0
S214007DE00823FB810C231E93ACE702F5805339462B
S214007DF0D3F8D00114F0A9FFF1E5312A7FF4EFADF6
S214007E003046FCF731FB227A002A7FF480AE62818E
S214007E100923114620460092FEF714F877E6644ED2
S214007E207378002B3FF4FBAB012362480DF12E0262
S214007E300CA913F0BEFE002840F094810C9C6388C9
S214007E405A1E042A2BD80622DFF87C81218802FBE2
S214007E500382B2F8DC20914221D1023B032B05D8E5
S214007E60DFE813F02400350059006B01042285F882
S214007E70CD2B002285F8CE2B012285F8CF2B6FF074
S214007E807F02237985F8D02B95F8CC2B62B9012B8D
S214007E9018BF2420C5F8D10B4748FEF7BBF80C984E
S214007EA0FDF79DF9FFF7BBBB1220F3E7042385F827
S214007EB0CD3B002385F8CE3B022385F8CF3B6FF001
S214007EC07F0385F8D03B2423C5F8D13BE4E73B4A43
S214007ED0231D04F1240153F8040B8B4242F8040BD3
S214007EE0F9D111F09FFA36498146F269A1F1600096
S214007EF02CF05AFA06226388C5F8D19B02FB03824F
S214007F006FEA43436FEA5343B2F8DE20A5F8CF3B4F
S214007F10A5F8CD2BC0E795F8CC3B002B00F0FF80F2
S214007F2000211C221FA81E912CF01FF8AB78261DDE
S214007F30052B02D10320FCF7BFF9334626AE03F12A
S214007F40200C324618685968083303C26345164643
S214007F50F7D11C4E402130460FF05EFA98B93346F2
S214007F602EAE03F1200C324618685968083303C257
S214007F7063451646F7D116AE3246402136AB26A8E4
S214007F8011F008FA10B34FF00109C5F8D19B06228C
S214007F90638802FB03886FEA43436FEA5343B8F8EB
S214007FA0DE20A5F8CF3BA5F8CD2B75E7EFBEADDEFE
S214007FB0E0640020C411002095160020DD16002085
S214007FC0FD1600209D160020D8E50300AE4B96E86F
S214007FD0030043F8040B23F8021B1A461898090CF2
S214007FE002F8011BC3F80100BDF864109DF8663066
S214007FF09180937136AE04F1240304F1440C3246AA
S21400800018685968083303C263451646F7D19F4B74
S2140080103EAE03F1200C324618685968083303C296
S21400802063451646F7D1002301224FF4844010A979
S2140080300FF012FEA0BB109E7368D6E9081A5FEA1E
S214008040132916D1338803F4E042B2F5805F14D0CA
S214008050B2F5005F11D044F2010223F44050904282
S2140080600BD003F44F43B3F5824F06D0B3F5844FDD
S21400807003D030460FF046FA12E0BAF1100FF8D8E7
S214008080524646A82CF090F946AB0021CAF11002E1
S21400809003EB0A002BF069FF30460FF033FA20B1ED
S2140080A0502136A80EF0E2FC6DE7502110AB1EAA58
S2140080B036A811F06FF90646502136A80EF0D6FC09
S2140080C016B120211EA8EDE7AB78032B03D1D5F817
S2140080D030060FF068FE10A8FDF77DF96C4B0DA872
S2140080E013934FF440730D93FDF77DF90D9B69498B
S2140080F0129300232022CDE9101315931EA9664B78
S21400810010A810F09BFF064620211EA80EF0AEFC1D
S214008110002E7FF438AF0420FCF7CEF835E71122A6
S21400812040215E4885F8D12B85F8D23B85F8D33BB5
S21400813085F8D43B0EF09AFC29E74FF0AA334FF0AF
S214008140AA32CDE90E23042385F8CD3B002385F81B
S214008150CE3B052385F8CF3B6FF07F0385F8D03BF9
S2140081600823B1E61B280CD195F8553C002B3FF4AC
S21400817056AA4B48FDF74EFF002385F8553CFFF7FF
S2140081804EBAFDF76BFBFFF74ABADBF80C309BB92B
S214008190DBF80830002B3FF44AAAEFF311863023B1
S2140081A083F311880BF10800FDF758F8044686F3B0
S2140081B01188BFF36F8F14E0AB7803F0FB03012B3D
S2140081C0E6D1EFF31186302383F311880BF10C0010
S2140081D0FDF744F8044686F31188BFF36F8F002836
S2140081E0D6D0237C4FEA931A7F2BA36898BF4FF014
S2140081F0000ACBB9D7F8C00114F0B0FD2060A8B9CA
S214008200EFF31182302383F31188A37C0133A37428
S214008210DBF8083044F8303FCBF8084082F311888A
S214008220BFF36F8FFFF703BA4FF00009A6890EB1B0
S2140082300236B6B2BAF1000F17D134F00DF80228A4
S21400824004D16369D3F8F00035F0C6FA6169237C7F
S214008250CA7A23F007031343237433F0FDFF022882
S21400826003D1D1F8F00033F0CBFF217C63697F297E
S2140082700393A289A36847D8002A45D093B14FF04C
S21400828000080836B6B243E0D40A0020BD16002027
S2140082900002480500240001F81000209D1600206A
S2140082A01E17002033F0D8FF022804D1039BD3F812
S2140082B0F00035F091FA039B93F8048133F0CCFF7D
S2140082C0022804D1039BD3F8F00033F099FF21680D
S2140082D0B8F1000F18D0AB7803F0FB03012BD0D019
S2140082E0584614F034FD00232360EFF31182302348
S2140082F083F31188A37C0133A374DBF80C3044F8B5
S214008300303FCBF80C4089E7A368002BB7D19846DE
S21400831014212368627C207C9E70360A19701871BE
S2140083205A701846DE7005210393FBF75DFF039B2A
S2140083305871000A9871B8F1000F6BD0D7F8D401C5
S21400834014F00CFD0646A06030B95846216814F0BB
S214008350FEFC2660FFF76BB92268137903F0070668
S21400836023F0070313716769A389387AD4F808C025
S214008370D4E900128DF8D800D7F800013890874865
S214008380D0F800E0CDF8D9E0B0F804E08079CDF878
S21400839000C08DF8DF0036A8ADF8DDE013F0FAFC7B
S2140083A0804680B9D7F800310133C7F80031EB6951
S2140083B00133B3F1005FEB6105D1AB78052B02D139
S2140083C00320FBF779FF4046FDF71AF82268137979
S2140083D023F007031E431671A26850B132B10BF5A5
S2140083E080531146D3F8D40114F0AFFC0026A660E3
S2140083F0ABE717466668B4F80C80B044B0452CD19D
S214008400083217F8011BFBF7E1FEBA42F9D14FF02C
S2140084100009E081EFF31186302383F311880BF512
S2140084208053D3F8A001214643699847D0B1A37C76
S2140084300133A3742346DBF8082043F8302FCBF82B
S2140084400830B9F1000F05D05846216814F07FFCBB
S2140084500023236086F31188E2E616F8011BFBF77B
S214008460B5FECBE760690028F4D0BAF1000FF1D171
S21400847021468C30FCF7FCFE6269D37B0133D37354
S2140084806469237C002BE5D134F0BCFDC4E9060109
S214008490E0E7EFF31186302383F311880BF104072E
S2140084A038460AF0FCFD044686F31188BFF36F8F4A
S2140084B033F0D2FE0228A4F1040603D1D6F8F00069
S2140084C035F08AF996F85030022B07D1D6F8F480AA
S2140084D03046FCF7EAFDB8F1000F15D0EFF311882F
S2140084E0302383F3118838460AF0D9FD044688F312
S2140084F01188BFF36F8F33F0AFFE02283AD1D6F85B
S214008500F00033F07DFE35E00028E7D006F13000BD
S214008510D6F8084134F00AFE86F8508033F09CFE08
S214008520022805D104F58053D3F8980135F054F9A4
S214008530204631460AF0BBFD33F08EFE022805D1F8
S21400854004F58054D4F8980133F05AFED6F8F000BB
S21400855035F0F1FE30460AF063F8EFF3118630236B
S21400856083F3118838460AF09AFD044686F311888C
S214008570BFF36F8F002C9BD1FFF75EB8436806747D
S214008580013CC068984714F0FF047FF45BA8FFF72F
S21400859068B8A3EB0803DBB2FFF76EB8DB0A00206F
S2140085A030B585B004461CF0CBFC002840F00D81A9
S2140085B0032018F033FA20461CF092FC002840F006
S2140085C005811CF0BDFC002840F0FF806FF0802283
S2140085D07F4BC4E9052301232377EFF3118530236E
S2140085E083F311880D2009F0A9FD07280ABF794BEF
S2140085F04FF6FF731B8C85F31188BFF36F8F2046F1
S214008600A3801CF0CBFC002840F0E080E068002847
S21400861000F093801FF084FC57236F4CA4F8D03CE6
S21400862094F8F83C63B901250F2084F8F85C13F041
S21400863033F913F082F929464FF0FF3031F0D7FCBA
S21400864040F24B23A4F8A03CAF2384F8A53C42F2AA
S214008650FF73A4F8A63C1423D4F8040D84F8A83CB1
S21400866040F4806013F018F9D4F8040D20F400707C
S21400867013F012F994F8A33C94F8A82C23F01903ED
S21400868084F8A33C94F8A43C642A23F0030384F8FB
S214008690A43C13D8002594F8A73C50495B004FF043
S2140086A0FF3084F8092D84F80A3D84F8085D31F01F
S2140086B0AEFC2A4629464A4814F006FC0F234FF41F
S2140086C0007084F8D23C0AF02DFD00234022CDE94C
S2140086D00023D4F8C40C31F037FE2CF057F916F00E
S2140086E0F1FC2EF050F92CF0F9FD1AF061FC1BF0AD
S2140086F0AFFA2FF018FA2DF018FD002203210420FF
S2140087002EF032F9002303A88DF80C301CF040FE42
S214008710032104201EF07CFB0A2016F0B5FED4F8D8
S214008720B02462B1D4F8E416F1B92E4A2E4835F0DA
S21400873027FCC4F8E40650B116E02C486AE7114658
S214008740012035F083FBC4F8B0040028EAD10025E8
S214008750D4F8B00435F0E0FDD4F8E406C4F8B0541C
S21400876035F040F9C4F8E45694F8305D0DBB0123AB
S2140087700E221F4984F8303D84F80C371D482B46DE
S214008780FDF7DEF802211C4A1A48FCF7B1FF29461D
S2140087901A4A1848FCF7ACFF0521194A1548FCF799
S2140087A0A7FF0321174A1348FCF7A2FF114812F04F
S2140087B051FF17F04BF917F0ABFC18F035F918F02D
S2140087C025F917F0EBFF18F033FE002005B030BD9A
S2140087D005040300E0640020C80A0020D417002027
S2140087E0EC170020D8E60300415D0000026500207B
S2140087F040650020B8110020FD4200000343000041
S214008800114300008556000000B589B068462EF07A
S214008810A1F84FF4005368460093FFF7C1FE09B075
S2140088205DF804FB0000000003468288C0881144FF
S21400883081429DBF18689980801800207047A0F17B
S2140088404103052B04D83738C0B2087000207047A3
S214008850A0F16103052B01D85738F5E73038C0B2D0
S2140088600928F2D90720704770B5466804460D46B9
S21400887026B9BDE870404B68006818478B68984773
S214008880B2680146831A002BB8BF121A2B682068FC
S214008890A8BF0022BDE87040184738B50C46114600
S2140088A0E2680346944206D04568AC420BD142606B
S2140088B0FFF7DAFFE46038BD94420DD01146D26867
S2140088C0002AF9D1F6E72A460021F9E7CB68002B03
S2140088D0F0D0DB68CB60EDE70029F7D1002DE9D0BA
S2140088E0EA685A60E6E770B5466804460D467EB10B
S2140088F08B689847B368C01A002809DB20462A46CA
S2140089003146FFF7CAFF30467368BDE87040184727
S21400891029462046BDE87040A6E701490830E2E750
S21400892034EB030001491030DDE700BF40EB0300E5
S2140089300122024B00201A70704700BF90120020E0
S2140089400020014B1870704790120020704700F40A
S2140089504053B3F5005F04D100F44C43B3F54C4FDD
S21400896007D0B0F5804F04D380F04000C0F38010ED
S21400897070470020704700F01800102805D0A0F1BE
S214008980180358425841C00070470420704701231E
S21400899000F00700834013F0220F09D113F0880F70
S2140089A008D113F0440F14BF01200020C000704708
S2140089B0042070471020704708B54307024608D0C9
S2140089C0FFF7D9FF12F0180F0CBF05300630C0B203
S2140089D008BDFF20FCE72DE9F3470E46044608B322
S2140089E00378302B18D1437803F0DF03582B13D1CC
S2140089F00127023400224FF0993915464FF00A0835
S214008A00DFF870A020784FB10DF10701FFF717FFD0
S214008A10A8B102B0BDE8F0870027EBE73038C0B257
S214008A20092801D90720F4E791457AEB05038DF86C
S214008A300700F7D3A2FB082308FB053306E0B5F1D1
S214008A40805FEFD22B0143EA127312019DF80710E4
S214008A500020891853F1000328BF01200A461D464E
S214008A600028DFD114F8010F0028CBD1C6E9001387
S214008A70CFE700BF9999991913B50C466946FFF7D9
S214008A80AAFF48B94FF0FF32009B9A42019A70EB5A
S214008A90020234BF0720236002B010BD10B5C388A1
S214008AA002895C1C944297BF02680620D35C0B7058
S214008AB09FBFC3880133C380002010BD13B50C468A
S214008AC00DF10701FFF7EAFF28B99DF8073023B13B
S214008AD0012B04D1237002B010BD0346FAE706202E
S214008AE0F9E713B50C460DF10701FFF7D7FF10B9EC
S214008AF09DF80730237002B010BD10B5C3880289F8
S214008B009C1C94420BD80268D4186478D35C43EA61
S214008B1004230B80C3880233C380002010BD0620C8
S214008B20FCE770B5C4880389221D9A4211D80568EF
S214008B302A19937856782C5D1B04D27843EA0623CC
S214008B40234343EA02630B60C3880433C3800020D8
S214008B5070BD0620FCE770B5C288038902F10804E0
S214008B609C421CD80568AC18A3786678AA5C1B04DF
S214008B7043EA06231343E278657943EA02632279DF
S214008B8042EA0522A579E47942EA054242EA04620D
S214008B90C1E90032C3880833C380002070BD0620B8
S214008BA0FCE7F0B50024C288036807899E182346B0
S214008BB0BF1A9F42C3EBC30E12D0052B10D016F877
S214008BC003C001330CF07F0505FA0EF51CF0800F8C
S214008BD044EA0504EDD11A44C28000200C6000E08F
S214008BE00620F0BD30B5C4880389A5189D42D7BFBE
S214008BF0036806201B190B60DFBFC388D218C2802B
S214008C00002030BDF7B50E460DF1060105461446A8
S214008C10FFF773FF40B9BDF8067031463A4628465E
S214008C20FFF7E0FF00B9278003B0F0BD1C282ED860
S214008C30DFE800F00F3011132D1517192D2D2D2DEF
S214008C401B1D1F212D2D2D272D2D2D25232D2D29A7
S214008C502B00002070470E2070470B2070470C201A
S214008C607047092070470320704702207047042091
S214008C707047112070471220704713207047142049
S214008C80704716207047172070471820704700F569
S214008C908040704701207047F7B50446002501273D
S214008CA000F19006B4F89620B4F898309A4204D1B1
S214008CB00020C4F8B05003B0F0BD30460DF10701F7
S214008CC0FFF7ECFE0028F6D19DF807301F2B03D8DF
S214008CD007FA03F31D43E5E70720ECE700F1B401CC
S214008CE090300AE70C207047002307B590300DF14E
S214008CF007018DF80730FFF7F4FE18B99DF8072036
S214008D00024B1A7003B05DF804FB00BF60770020CA
S214008D1007B590300DF10701FFF7E3FE002808BF06
S214008D200C2003B05DF804FB07B590300DF106018A
S214008D30FFF7E3FE002808BF0C2003B05DF804FB35
S214008D40FEE7FEE707B590300DF10701FFF7B6FE28
S214008D5028B99DF807300BB9024A5370012003B0BA
S214008D605DF804FB60770020F0B504460C26002072
S214008D70013A82420DD870430A1809588B4215BF33
S214008D800023D2E90101C4E90033C4E9000120460A
S214008D90F0BD15186D0806FB05F7CF599F422CBF8E
S214008DA02A46681CE5E7074B1A68002352F8041F9A
S214008DB0884201D1D8B270470133042BF6D1002087
S214008DC0704700BF501C002013B504460DF1060185
S214008DD09030FFF792FE50B923689A6C4AB1BDF8FE
S214008DE00620B3F86010914201D0A3F8602002B0CC
S214008DF010BD0D20FBE713B504460DF107019030BA
S214008E00FFF74CFE50B99DF8073003F0030304EB60
S214008E1083046368002B14BF23200C2002B010BD0F
S214008E20014B1868704700BF8C1600204FF0FF30CB
S214008E30704710B5044600B9FEE7037F1BB14369CF
S214008E4098470023237710BD094A091A891030B5C0
S214008E5051430346002224258A4205FB023005D0F2
S214008E600BB1046A04B130BD0132F5E70020FAE721
S214008E70398EE338014B5B69184700BF501C002051
S214008E8037B5002300220446CDE90023FFF7F2FFA2
S214008E906946054604F19000FFF75DFE60B9DDE91E
S214008EA00032AB4272F1000108D35B1B62F1000294
S214008EB0C4F89839C4F89C2903B030BD0720FBE7F6
S214008EC010B5EFF31184302383F311881E22084B6C
S214008ED0C31ADB10B3FBF2F32420064ADBB200FB16
S214008EE00320FFF7A6FF84F31188BFF36F8F10BD32
S214008EF0A0120020541C0020014BDB6D184700BF59
S214008F00501C002010B5EFF31184302383F3118832
S214008F101E22084BC31ADB10B3FBF2F32420064ACA
S214008F20DBB200FB0320FFF784FF84F31188BFF356
S214008F306F8F10BDA01200209C1C002070B50D463F
S214008F400668EFF31182302181F311880021046A4C
S214008F50016282F31188BFF36F8F002C00DC70BDB6
S214008F603046013CA847F8E7FEE70139013811F81A
S214008F70012F10F8013F3AB9002B14BF0120022040
S214008F80831E5842584170479A42F0D00020F7E7B7
S214008F902DE9F341044601A99030FFF702FE60BBBD
S214008FA0034606460125DDF804E0154991F80880D9
S214008FB0B8F1000F19D00A68964516D1A3F1200221
S214008FC0C3F1200625FA06F605FA02F2324305FA40
S214008FD003FCD4E9367627EA0C0726EA0206C4E93B
S214008FE03676BEF1000F08D1464601331F2B01F13D
S214008FF00C01DBD1002E08BF072002B0BDE8F081CF
S2140090004CEB03002DE9F341044601A99030FFF72D
S214009010C8FD98BB034605464FF0010CDDF804E09A
S214009020184991F80880B8F1000F1FD00A689645D5
S2140090301CD1D4E93676A3F12002C3F120052CFA20
S21400904005F50CFA02F22A430CFA03F52F431643F1
S214009050C4E93676D4E9347627EA050726EA020616
S214009060C4E93476BEF1000F08D1454601331F2B04
S21400907001F10C01D5D1002D08BF072002B0BDE8D4
S214009080F08100BF4CEB03000EB4034617B505A9EC
S21400909051F8040B5C6901910CB19A69A04703B0C2
S2140090A0BDE8104003B0704770B501290546144668
S2140090B0C2B006D112681649FFF7E6FF002042B09C
S2140090C070BD022921D113491068FFF74EFFE0B1A9
S2140090D0606801A9FFF7D0FC0028F0D1019902AC26
S2140090E0FF2928BFFF2122460A26884204D10023F2
S2140090F0074913542846DFE7B0FBF6F306FB1303D5
S214009100303304F8013B0130EFE70720D7E700BF14
S21400911040E9030050E70300054B93F8A020D3F87E
S2140091209C0042F0010283F8A02034F0DBBC00BFB4
S214009130501C002070B5044600B9FEE7038B428B36
S2140091409A420CD90022013303830277D0E90253F6
S21400915098472B4601462046BDE870401847036AEC
S21400916001330362FFF765FEBDE87040D4E72DE9E2
S214009170F8430D461446064600B9FEE7FFF759FECB
S2140091803369984700272D1947EB07032C1A63F11C
S2140091900005012C75F1000308DA336A3046013306
S2140091A03362FFF746FEBDE8F843B5E7D6E902832B
S2140091B09847A04277EB05031CD2F36898473B46D6
S2140091C002462946204629F07FFEF36891469847D6
S2140091D03B4602462946204629F076FE4C4683B298
S2140091E000227383214630463283C04701233377FB
S2140091F0BDE8F8833B46F3E70D4B70B5C31A04464B
S2140092001E20DB10B3FBF0F32420DBB24343094DF2
S214009210EE58E81806B9EC50EFF31184302383F3C8
S2140092201188FFF7A4FF84F31188BFF36F8F70BD1A
S214009230A0120020541C00200D4B70B5C31A044623
S2140092401E20DB10B3FBF0F32420DBB24343094DB2
S214009250EE58E81806B9EC50EFF31184302383F388
S2140092601188FFF784FF84F31188BFF36F8F70BDFA
S214009270A01200209C1C00204EE708B513468288EA
S214009280232A05D90A46006801210FF094FA00B196
S214009290FEE708BD012937B502D0072003B030BD70
S2140092A010680028F9D0037869462D2B0ED10130BE
S2140092B0FFF791FB03460028F0D14FF00042009CD8
S2140092C0A242019A9341E8D364420DE02B2B08BFDB
S2140092D00130FFF780FB0028E0D1009C019BB4F131
S2140092E0004F73F10003D8D204F18003FF2BD4D8CB
S2140092F0064D04EB84014900D5F8B00009B221F010
S21400930063FC00B1FEE785F8B440C7E7501C0020B8
S214009310012B08B50DD0022B15D0D3B98A4237BF22
S2140093204368511A5B1A01683CBF521AD11888B2BA
S21400933008BD8A4289BF4368891A9B1A026884BF9F
S214009340891AC918F3E7C721034B044A044814F0E6
S2140093501DF90021EBE700BF53E7030059E70300C0
S214009360B3E703000368006E93F8441012F02DBBB9
S214009370034B006E1978490001F0FE0112F025BB80
S214009380801400203221006E12F01FBBAF21006E49
S21400939012F01BBBF8B505460E460024012707FA57
S2140093A004F3334204D10134202CF8D10020F8BD58
S2140093B0286EE1B212F009FB0028F4D0F7E7D0F8E7
S2140093C0B010E7E70049E5E700F8FF070049E1E7E6
S2140093D000F8FF070368996C41B190F871390344AF
S2140093E093F97619013118BF01214900006E12F079
S2140093F0ECBA0346002110B400F1100253F8044FF3
S2140094000CB10131C9B29342F8D1006E5DF8044B3D
S21400941012F0DBBA0021006E12F0D7BA0421006EFB
S21400942012F0D3BA90F8E010006E12F0CEBA9C217B
S214009430006E12F0CABA0221006E12F0C6BA2320DD
S21400944070477F290B46F7B51ED9B1F5804F1DD35F
S214009450B1F5001F1CD3B1F1805F2CBF052204229A
S2140094606E4600243146571EBC42DDB212D104F1CE
S21400947008030DEB030405F07F0504F8085C00689C
S21400948012F088FA03B0F0BD0122E9E70222E7E70E
S2140094900322E5E765F07F0506F8015BDB0901348A
S2140094A0E2E72DE9F0470568044695F81C900E465D
S2140094B0B9F1020F25D0AB6AD0F82C80984523D19D
S2140094C04B464146EA6A2846FFF722FFD4F828A012
S2140094D007464B46524641462846FFF719FF874245
S2140094E012D9C5F82CA094F825300021204684F81F
S2140094F02430FFF7A6FF28B931462046BDE8F047DE
S2140095009FE70D20BDE8F0870720FBE702216030CB
S214009510C7E7024B006E197812F057BA6077002042
S214009520024608B50C20FFF781FBBDE8084001465F
S21400953002F16000B5E7D0F8AC10603081E710B5F6
S21400954000F1600404212046FFF77BFF20B9204687
S214009550BDE81040032174E710BD0321603070E7BA
S214009560002160306DE710B500F16004052120464B
S214009570FFF767FF40BB0C212046FFF762FF18BBD2
S21400958018212046FFF75DFFF0B922212046FFF79D
S21400959058FFC8B940F201212046FFF752FF98B99C
S2140095A040212046FFF74DFF70B941212046FFF7C6
S2140095B048FF48B942212046FFF743FF20B920461E
S2140095C0BDE8104043213CE710BD0B21603038E772
S2140095D00421603035E750F8603BB3F8581041F08E
S2140095E034012EE713B50446684610F00DFD082238
S2140095F06946206E12F0CEF902B010BD016808224E
S214009600006E623112F0C6B90368006E996C0039BC
S21400961018BF012112F0BCB990F87139034493F8D1
S2140096206A19006E12F0B4B90021006E12F0B0B9DB
S21400963090F87139034493F87A19006E12F0A8B9BD
S21400964010B5064B0446D3F8B00021F0DDFAC1B2DF
S214009650206EBDE8104012F0B8B900BF501C0020C4
S21400966010B533F0CFFC124B8342124B8B411DD307
S214009670114B1A68D2B14FF47A74A0FB040304FBB2
S2140096800131531E13420DD1B2FA82F2C2F11F0409
S214009690531CD243E04001FA03F3184321FA02F2C6
S2140096A0104310BD002329F00FFCFAE7FEE700BFC9
S2140096B0EFA7C64B378941009016002007B50A462B
S2140096C000B9FEE7037F03B1FEE7074B0190009366
S2140096D0416801234FF0FF3030F08EFC00B1FEE70A
S2140096E003B05DF804FB00BF83E003004FF0FF30DB
S2140096F031F09AB800B9FEE741684FF0FF3030F01D
S21400970086BC10B5124B1B78EBB1F1B11468114949
S21400971020462AF080FE014670B90F4BD3F8B00001
S21400972031F02BF910B90024204610BD0124214643
S2140097300A480EF0B9FEF7E7204609492AF06BFE04
S21400974018B90121E9E70D24F1E70724EFE700BF88
S214009750901200204AE80300501C002059E803003D
S21400976051E8030010B50F4B1B7893B1B9B11468DC
S2140097700D4920462AF04FFE20B912F0F3F80024D7
S214009780204610BD204609492AF045FE38B901207A
S214009790F3E70D24214606480EF086FEF0E7072480
S2140097A0F8E700BF901200204AE8030051E80300E3
S2140097B059E8030037B5094D04460DF10601D5F802
S2140097C0B00030F01DFE38B9034622469DF806105C
S2140097D0D5F8B00020F07AFB03B030BD501C002056
S2140097E01FB50023CDE901330393FF230C4C8DF8FE
S2140097F00430D4F8B00030F039FC70B90DF1020135
S214009800D4F8B00030F0FCFD9DF80210D4F8B0009B
S21400981001AA30F072FC00B1FEE704B010BD00BF34
S214009820501C002010B5A9B114680B492046FFF75C
S2140098309CFB38B10020FFF7BDFF08B1012010BD2A
S2140098400020FCE720460549FFF78FFB10B1FFF725
S214009850C7FFF2E70720F2E76EE8030074E80300AC
S21400986010B5A1B114680B492046FFF77EFB30B156
S2140098700120FFF79FFF003818BF012010BD2046CB
S2140098800549FFF772FB10B1FFF7AAFFF3E70720C1
S214009890F4E700BF6EE8030074E8030008B5054B64
S2140098A0D3F8B00020F0FAFA00F00300C31E5842C6
S2140098B0584108BD501C002038B51E230E4C0D46DE
S2140098C0041BE410B4FBF3F40C4BE4B223F81410BE
S2140098D00B4B2246D3F8B00031F00DF800B1FEE78E
S2140098E04FF6FF739D4206D00123064A0134917855
S2140098F0A3400B43937038BDA01200200215002031
S214009900501C00206077002073B505460DF1060157
S2140099109030FFF7F2F8044658B92D68AB6C5BB18F
S214009920BDF806606B6D3146D869FFF7C5FFA5F830
S2140099304660204602B070BD0D24FAE710B5074B0E
S2140099401C6804F58D500830FBF740FF00B1FEE7B9
S21400995004F5805484F8A60110BD00BF501C0020FA
S2140099602DE9F0471F4BC2B0B3F8B6200123120A08
S214009970934040F2A172134211D00024FC222146EB
S21400998003A8029426462AF0F0FA174D174FDFF880
S2140099906080DFF86090DFF860A02B7813B942B0E3
S2140099A0BDE8F08706F00302032A14BF43464B4681
S2140099B0019357F8043B02A8009352462B464FF4F7
S2140099C08071204414F0F0F915F8013B002BFBD110
S2140099D0711CCEB211F003011CBF0019C1B20C46B7
S2140099E0DBE700BF501C0020C0EC0300E46300204F
S2140099F079E80300FEF803007CE8030008B5FFF7EB
S214009A00AFFF002008BD90F844007047836C1BB180
S214009A1080F84410002070470D207047B0F84600CC
S214009A20704738B5836C04460D463BB1436DD86924
S214009A30FFF742FF0020A4F8465038BD0D20FCE793
S214009A4062307047B0F85E007047084610F0DCBA27
S214009A50836C3BB190F86A3061F3000380F86A309B
S214009A60002070470D20704713B504460DF107011E
S214009A709030FFF723F838B99DF80710206802B039
S214009A80BDE81040FFF7E4BF02B010BD01207047EC
S214009A9070B500254468456074B1A068844205D15D
S214009AA0A56020466368BDE8704018478368A360D9
S214009AB0436885609847F0E770BD4068003818BF77
S214009AC001207047094AB2F8B83003B9FEE748F2F9
S214009AD04E30D2F8BC30A3FB003010EB530044BF2E
S214009AE020F000400130C2F8BC007047501C002037
S214009AF00EB433B504468588E18805AB00688D4210
S214009B0053F8042B2CBF0021491B2844019314F062
S214009B102DF9002800DAFEE7A388E288184480B210
S214009B20904228BF2368A08028BF9B18204624BFE9
S214009B30002203F8012C02B0BDE8304003B07047A5
S214009B40F8B500F1080303604FF4041343600023E4
S214009B5004460D460E8A074F03720E44B54201D1E5
S214009B602046F8BD3946204615F8012BFFF7C0FF02
S214009B70F4E700BF8BE8030013B50C4629B90F497C
S214009B80FFF782FA204602B010BD012911D16946BE
S214009B901068FEF720FF04460028F3D1009B019AC8
S214009BA0B3F5807F72F1000203D20B3BDBB20F2BC2
S214009BB001D90724E6E70C24E4E700BF90E8030099
S214009BC070B586B011B90C2006B070BD14681F4978
S214009BD02046FFF7CAF90028F5D120461C49FFF7B2
S214009BE0C4F90028EFD11023ADF8143064B3204632
S214009BF02AF04EFC431C212B4FEA530524D801AA19
S214009C00164600F001031544AE42DCD02078CBB9EE
S214009C100DF10301FEF713FE0028D5D19DF80320B1
S214009C2001341201D2B220780DF10301FEF707FECF
S214009C300028C9D19DF8033001341A4306F8012BD9
S214009C400346E1E70022EEE70720BDE74AE8030007
S214009C5051E803008368A3B903685A6862B958607C
S214009C60084B806093F8A020D3F89C0042F00102D5
S214009C7083F8A02033F036BF926882605A689060FE
S214009C8058607047501C002038B5002300F58D55ED
S214009C90083504460C221946284613F0B0F82E283C
S214009CA023D0042807D1114B1868BDE8384000F5CA
S214009CB08E500C30CEE700B1FEE7022128460C4A53
S214009CC0FBF716FD014600B1FEE72846094AFBF7FA
S214009CD00FFD00B1FEE703212846074AFBF708FD03
S214009CE000B1FEE7054BC4E9083438BD501C00201F
S214009CF0A1C40000799200000D9D00001D9D00008B
S214009D00014B1868C0E700BF501C0020024B1868C3
S214009D1000F58E509EE700BF501C002000F58053D3
S214009D2093F8A62132B193F8A7311BB900F58D50F0
S214009D3014308FE770472DE9F041936805460C46CE
S214009D40164698473246074621462846FEF7A5FDA2
S214009D506868002203466BB1A168D3F808E0A1EB5F
S214009D60070CAEEB070898EA0C0F14D4A1EB0E0113
S214009D70002908DA52B9E0606C6031462846BDE832
S214009D80F041FEF771BD1A46DB68E4E7D368E3608E
S214009D90D460BDE8F081BCF1000FEAE701688A6A8A
S214009DA08B6B086B934208BFCA6A03F1804304BFFB
S214009DB00132CA628B63024A30310830BBE700BF0B
S214009DC034EB030001460068014A1030FEF765BD1B
S214009DD040EB030010B50446FFF74CF8D4E9013118
S214009DE06269C01A9A4202D10028A8BF013110BD8C
S214009DF070472DE9F843064615460C46364F51B1D6
S214009E0036491068FFF7B1F890B1013C14F0FF0432
S214009E1005F104050CD13978314B324A3046002919
S214009E2018BF1A463049FFF72FF90020BDE8F8831F
S214009E303B78D5F8008053B940462C49FFF795F893
S214009E4028B930462A49FFF71FF90D20EEE7294FBB
S214009E50DFF8B49040463968FFF787F8A8B1BA68CB
S214009E607B68511006EB6200D20748BF725804F1B7
S214009E70FF3148BFD358012C08BF0022C9B218BF13
S214009E802A1D98472328D1D10DE00C374F45E1D144
S214009E904046194937682AF0BEFA70B1404617495D
S214009EA02AF0B9FA40B1012C04D030462A68144989
S214009EB0FFF7EAF82320B9E70120124B012C03EB49
S214009EC0C00304F1FF3108BF00223846D3F8D4326D
S214009ED0C9B218BF2A1DD4E79012002028E9030053
S214009EE017E903001FE903002CE903006EE80300EE
S214009EF045E903008CED030064E903006FE9030005
S214009F0078E9030034EB030004EE03002DE9F04F7C
S214009F100646ADF5037D41BB002542A82AF085FA2A
S214009F20A946DFF808810DF5847B0DF1840A5F46AB
S214009F301BF8014B3CBBC5F12102212DD2B221AF4B
S214009F404FEA82024FF0000188BF002207EB85002F
S214009F502AF00BF8002C4BD030463249FFF794F825
S214009F6007200DF5037DBDE8F08F0023CA5C002AAC
S214009F70D2D00133B3F5807FF8D130462A49FFF7B7
S214009F8083F80320EDE75C2C25D19BF80020A2F196
S214009F900903DBB2172B0CD828FA03F3DA070AD525
S214009FA038462AF075FA5946024638462AF081F9AC
S214009FB001E05C2AF4D01BF8013C002BB7D02DB191
S214009FC01BF8023C002BB2D1202D0FD06B1C4AF898
S214009FD02570DDB2ABE7093CE4B2172CEBD828FAC3
S214009FE004F4E30748BF0BF8019CE4E70724A2E764
S214009FF0E3B282AA02EB8303A3F5C2731B68214671
S21400A0000134002BF4D101AADCB257F82400013346
S21400A01020B93046C9B2FFF7ECFEA2E742F82400AA
S21400A020F2E700BF9DE90300D2E9030013008000B9
S21400A0300C4B10B50128C0EB001403EB04140DD82C
S21400A04094F8E42052B903F5F0731B1BEB2B07D9E9
S21400A050204613F079F9012384F8E430204610BD39
S21400A0601446FBE7A012002000F44052B2F5005F51
S21400A070034620D148F2400220F44E5020F03F0024
S21400A08090421ED00CD8B0F5446F1AD005D8C8B18F
S21400A090B0F5046018BF01207047B0F50040F9E73E
S21400A0A003F44C43B3F5404F0BD04CF64043C01A74
S21400A0B018BF0120704710F4406F14BF0120002025
S21400A0C070470020704710B58388032B12D90068AC
S21400A0D011F05EFD80F480720446C2F30021FFF7A3
S21400A0E0C3FF48B98A1CC4F38123022B06D0032B76
S21400A0F017D02BB1FF2212E00A1DF4E70232D2B2CB
S21400A1002046FEF724FC08B10232D2B2C4F38134F2
S21400A110022C08D0032C09D0002C18BFFF221046B2
S21400A12010BD0832EBE70232D2B2F8E70832FBE79E
S21400A13010B583880446022B07D9006811F033FD5A
S21400A14018B12046BDE81040BDE7FF2010BD38B569
S21400A15005460C46FFF7ECFFFF2817BF2B680620C6
S21400A1601B5C00201CBF03F00703237038BD38B506
S21400A17005460C46FFF7DCFFFF2817BF2B680620B6
S21400A1801B5C00201CBF03F01803237038BD38B5D5
S21400A19005460C46FFF7CCFFFF281FBF431C2A6866
S21400A1A0DBB2D3581ABF00202360062038BD38B56E
S21400A1B005460C46FFF7BCFFFF2800D1FEE72A68DD
S21400A1C0431CD9B2545452FA83F3220A5A70220C12
S21400A1D0240E9A70DC702B7F43F001032B7738BD7A
S21400A1E070B506460D46FFF7A3FFFF28044609D0C4
S21400A1F03268105CFEF7BFFB22440244002053790D
S21400A2002B7070BD0620FCE770B506460D46FFF7BE
S21400A2108FFFFF28044600D1FEE73268105CFEF789
S21400A220AAFB22440244557170BD10B50446FFF7E0
S21400A2307FFFFF2806D02368185CFEF7A8FB0230D5
S21400A240C0B210BD0220FCE770B50546FFF73BFF25
S21400A250FF28044611D02E68304611F0A4FC60B1E9
S21400A260A9888C420BDA305DFEF7A6FBFF2808D0E3
S21400A2700444E4B2A142B8BFFF24204670BDFF24C8
S21400A280FBE70446F9E72DE9F0410746FFF7DCFF58
S21400A290FF280446804644D03D68284611F078FCE6
S21400A2A0830506462ED53846FFF7BFFFB988A21CA1
S21400A2B093B210FA82F28A4205EB04072FDC2A5D7D
S21400A2C002F07F0213449CB210FA83F3994226DB15
S21400A2D03A88C2F3C7127F2A01D09942E7DC2B786E
S21400A2E003F00703032B04D106F44056B6F5005FCF
S21400A2F012D15FFA84F8B8F1FF0F12D005EB080010
S21400A300BDE8F0812B7803F00703032BF6D100F4A9
S21400A3104056B6F5005FF1D00134A4B2E9E7FF2459
S21400A320E7E70020ECE710B50446FFF7ACFF23682C
S21400A330C01AC0B210BD70B505468688FFF7F3FF99
S21400A34004462846FFF771FF0444301B80B270BDF8
S21400A3502DE9F04FD0F8008004469DB040460E46EA
S21400A36011F021FC002800F0E58109AD29462046C1
S21400A370FFF7FDFE0746002840F0DC819DF824909C
S21400A380B9F1080F40F0D681237FDA0600F1D281BA
S21400A390B64B98F800A0F61A1E230AF0070AF61025
S21400A3A0BAF1020FB6FBF3F61CD129468DF824004D
S21400A3B02046FFF715FF9DF82410002900F0C58100
S21400A3C0AB4BF2B203EB82135B785A1E91420FD06E
S21400A3D08B420CD00133994200F01E8148461DB0D6
S21400A3E0BDE8F08FA24BF2B203EB82135978012737
S21400A3F0F6B207EB8607DFF87892237F3F010C372B
S21400A4004F44DB07A76018D498F80030B70103F074
S21400A4100703022B04BF09EB07035A68204604BF54
S21400A4209A6009F80710FFF7EFFE09EB0703596873
S21400A43020464A1C5A60FFF7BAFE002320680493A1
S21400A44011F0B1FB002800F0758120460DF10F01D8
S21400A450FFF77DFE002840F06D81204604A9FFF737
S21400A46096FE002840F066818249049B01EBC60CEC
S21400A47051F83600DCF804101ABA9DF80F7005ABD8
S21400A48003C3204607928DF82070FFF7CEFEA36820
S21400A490A0F102095FFA89FB19F00109159340F053
S21400A4A0BD800638C0B20C2800F2B8802046FFF700
S21400A4B042FF4E4682460346721C002B40F0AF8099
S21400A4C0F6B2022E38BF02262046022EC6F10F072D
S21400A4D018BFFFB2FFF727FF021E18BF0122013E7A
S21400A4E0ABF10203F6B25B1046EAC30343EA8213FB
S21400A4F005A93A4680460DF125008DF8243029F04E
S21400A50053FF51460F230DAA9F42C0F08B802B4667
S21400A510802201201599009533F045FEB8F1000F12
S21400A52007D04FF002099DF8253088EA03038DF81E
S21400A53025303A4605A90DF135008DF8346029F02E
S21400A54033FF07F11100C7F10F020021284429F05C
S21400A5500CFD0026102320468DF86C70CDE9176A96
S21400A560CDF858801996ADF86890ADF86A308DF839
S21400A5706DB0FFF7D8FE8045074659D3D4F8008063
S21400A58000EB0809C14554D1179B1F44169B17972B
S21400A5909F420CD1BDF8683033B12B468022012093
S21400A5A01599009533F0FFFD0023ADF8683020467E
S21400A5B0FFF7C1FE199B189A03449342064654D8E7
S21400A5C02046FFF760FE4FF00008074606EB00093E
S21400A5D0B94551D1199B1E44189B19969E4216D315
S21400A5E0BDF8683033B12B468022012015990095BE
S21400A5F033F0D9FD9DF86C200E2A08D802F1110020
S21400A6000021C2F10F0255FA80F029F0AEFCDDE918
S21400A61018329A4276D0FEE75746E9E6FEE7164637
S21400A6201B0A49E7013B02F8011DDBB2090A6BE78A
S21400A630FEE7BDF86830102B08D12B46802201209B
S21400A6401599009533F0AFFDADF86860BDF8683039
S21400A6505A1C7033ADF868206B4418F8012B13F8B9
S21400A6604C1C4A4003F84C2C8CE7FEE7A012002056
S21400A67088150020101D0020BDF86A30102B15D15B
S21400A68011AA0F2110469DF86CC0614505DD12F831
S21400A690013D0133DBB2137093B30090802201209A
S21400A6A015990DAB33F07FFDADF86A80BDF86A30C2
S21400A6B097F800A05A1C7033ADF86A206B4413F864
S21400A6C02C3C8AEA030307F8013BBDF86830102BE0
S21400A6D008D12B46802201201599009533F063FDA2
S21400A6E0ADF86880BDF868305A1C7033ADF8682045
S21400A6F06B4413F84C2C8AEA020A03F84CAC67E762
S21400A7000139C2E72046FFF790FDA78811AB2668FF
S21400A7103F1A009380220DAB0120159933F043FDBC
S21400A7200023F0199DF86D20934206DB237F43F04B
S21400A730100323774FF0000950E615F8012B01337C
S21400A740E97F4A4000F8012BECE74FF0010945E6A7
S21400A75001F1080313F8012D8B4200F8012BF9D103
S21400A7607047F8B507680E46384611F011FA0546E8
S21400A770384611F00FFA04462846FFF775FC08B174
S21400A7800234E4B2C5F38123022B12D0032B13D07C
S21400A7902846FEF7DCF808B10234E4B2FF2C06D0F7
S21400A7A0C5F38135022D09D0032D0DD04DB10620FD
S21400A7B009E00234E4B2EBE70834FBE701253B5B33
S21400A7C0338000203572F8BD30463919FFF7C0FFD8
S21400A7D00225F6E713B504466846FFF7B9FF0E4BA9
S21400A7E022680E49D21A1E23D210B2FBF3F20723B8
S21400A7F0D2B201EBC2011DF80300013B01F8010BC8
S21400A800F9D2074B6946D3F8B00030F0A0F800B193
S21400A810FEE702B010BD00BFA0120020101D0020F1
S21400A820501C002037B50546082201A99030FEF7D7
S21400A830D9F9044668B92B689A6C6AB10199586DC3
S21400A8400A681C30C3F862204A68C3F86620FFF71F
S21400A850C1FF204603B030BD0D24FAE708B5826C70
S21400A8605AB10A68C0F862204A68C0F86620406D8F
S21400A8701C30FFF7AFFF002008BD0D20FCE72DE9D8
S21400A880F04FC4690546A7B0206811F08CF900287F
S21400A89000F0A081237FD80600F19C8120460DF1B0
S21400A8A00A01FFF764FC002840F09481237FD90753
S21400A8B004D4204695F86010FFF7A6FCAB889A06ED
S21400A8C000F188819DF80A30082B40F08381EB69FF
S21400A8D005F13C029A60E869037FDB0708D4EC6D5B
S21400A8E02146FFF764FCEB6D9C4224BF0134EC6507
S21400A8F000212823EC690AAE2422304603910896EC
S21400A900ADF8243029F031FB206811F04CF900280E
S21400A91000F0598120460DF10B01FFF718FC0028C6
S21400A92040F05181204603A9FFF731FC002840F093
S21400A9304A81039BD5F80E00D5F812101ABA9DF876
S21400A9400B7004AB03C3069230468022A1688DF8D4
S21400A9501C700CF01BFE814650B92046FFF765FCC4
S21400A960A0F102085FFA88FB18F0010801D0FEE7A4
S21400A970FEE70638C0B20C28F9D82046FFF7DBFC05
S21400A9804546824603466A1C002B40F09F80EDB287
S21400A990022D38BF02252046022DC5F10F0618BF2E
S21400A9A0F6B2FFF7C0FC021E18BF0122013DABF154
S21400A9B00203EDB25B1045EAC30343EA821304A91F
S21400A9C0324607460DF151008DF8503029F0ECFC68
S21400A9D052460F2318A99E427BD314AA114608A8F4
S21400A9E0FEF74BFC37B14FF002089DF851307B4024
S21400A9F08DF85130324604A90DF161008DF8605093
S21400AA0029F0D2FC08AB06F14100C6F10F02002186
S21400AA10184429F0AAFA10238DF8946000262046E0
S21400AA20CDE9216A20972396ADF89080ADF8923054
S21400AA308DF895B0FFF777FC874205464FD3276819
S21400AA4000EB0708B8454BD1219B1D44209B219560
S21400AA509D420AD1BDF8903023B114AA114608A829
S21400AA60FEF70BFC0023ADF890302046FFF763FCA2
S21400AA70239B229A0344934205464BD82046FFF771
S21400AA8002FC00270646824600EB0508D04542D168
S21400AA90239B1D44229B23959D4212D3BDF89030E4
S21400AAA023B114AA114608A8FEF7E7FB9DF89420E8
S21400AAB008AB02F141000021C2F10F02184429F050
S21400AAC054FADDE922329A4267D0FEE715461B0AA1
S21400AAD059E7013B01F8012DDBB2120A7BE7FEE7DE
S21400AAE0BDF89030102B06D114AA114608A8FEF720
S21400AAF0C4FBADF89060BDF890305A1C98336B4498
S21400AB00ADF8902017F8012B13F8481C4A4003F8BC
S21400AB10482C97E7FEE7BDF89230102B12D11CA9FF
S21400AB200F200A469DF894C0604505DD11F8013DEA
S21400AB300133DBB20B7073B318A908A8FEF79DFBB0
S21400AB40ADF892701AF8013B5EB1BDF89220511C28
S21400AB5098326A4412F8282CADF892105A400AF837
S21400AB60012CBDF89020102A08D114AA114608A876
S21400AB700193FEF782FB019BADF89070BDF8902024
S21400AB80511C98326A44ADF8901012F8481C4B409D
S21400AB9002F8483C7AE70138C6E72046FFF745FB4F
S21400ABA0A6882568361A1CAA08A818A9FEF765FB09
S21400ABB00DF14F03A8199DF8952091450DDB237FD5
S21400ABC043F010032377BDF82430232B0FD90898C1
S21400ABD00CF0D6FC27B0BDE8F08F13F8012F09F172
S21400ABE0010993F820104A4000F8012BE3E7FEE73E
S21400ABF0036810B55A1E114603628B4211D8416293
S21400AC000221017700210163A1F58031C0E90A33F2
S21400AC10C0E90D13934207D8C0E90F23C0E91133EA
S21400AC2010BD04892144E8E701890A44F2E7012BB4
S21400AC3010B5044608460AD0022B0FD01BB963682D
S21400AC401044834200D910BD2289801AF9E7236890
S21400AC50881A8342F7D922891044FAE79C21024BCE
S21400AC60024A034812F092FC53E70300F4E903009B
S21400AC70B3E703002DE9F04790F8242012B90D2021
S21400AC80BDE8F087013A0568D2B280F8242095F82E
S21400AC901C90B9F1020FF2D000EBC204AB6AA668B2
S21400ACA09E42ECD1D5F82CA031464B46524628465B
S21400ACB0FEF72EFB6768804631464B463A462846E6
S21400ACC0FEF726FB80450646D9D94B4652463946FE
S21400ACD02846FEF71DFB0128D1D90236464512DC70
S21400ACE0841EA4B23C702B7F012239462846FFF70B
S21400ACF09EFF240A04700146012228462B7FFFF798
S21400AD0096FF0020BCE70720BAE7134610B50122DD
S21400AD100C78FFF78CFF03782402E01880B210BD91
S21400AD202DE9F041044694F82460002E34D12468BE
S21400AD3094F81C80B8F1020F39D0A76A434639460A
S21400AD402046E26AFEF7E4FA012805462DD9424677
S21400AD5039462046FFF7D9FF023DC5F30D052843C7
S21400AD6085B2C0F307204346387001223946204694
S21400AD70FFF75DFF0570E36AA362227FA06A04EB1B
S21400AD808203196A21631862E56815B123462069B3
S21400AD90A8470223237705E02046FFF76BFF064609
S21400ADA00028C0D03046BDE8F081E762E5E70D2612
S21400ADB0F8E7C26B436A9A4205D1836B006A1B1A96
S21400ADC05842584170470020704790F8353033B9E4
S21400ADD0C36B426A9B1A18BF012380F83430704751
S21400ADE02DE9F04F5C4B85B01C6804F5805898F848
S21400ADF0A63104F11407002B4FD098F8A731002B8A
S21400AE004BD13846FFF7D5FF0646002845D101232B
S21400AE1088F8A7313846FFF7CCFF029078BB384653
S21400AE20FFF7D3FF94F8483004EB8303DB6CC4E9E8
S21400AE30153310F01BFE4FF6FF73B4F84A509D42D0
S21400AE4016D13846FFF7C1FF94F848A04FF00B091B
S21400AE5004EB8A03D3F84CB05B6B5946029D039310
S21400AE60039B994223D194F849300BB1A4F84A5079
S21400AE70B31CEA18B2F5006F04F6A61938D30025FD
S21400AE8004F58D502B463246009504F6A611083080
S21400AE90FBF77BF808B188F8A75198F8A631002B85
S21400AEA057D1384605B0BDE8F04F10F090BD524679
S21400AEB038460291FFF729FF10F4004F029901D09F
S21400AEC08B45D0D1C0F30D025346154438460232A6
S21400AED0FFF7ADFE09F1FF3313F0FF090146ADB2EF
S21400AEE0BED140F2AE311D4B1D4A1E4812F04EFB3D
S21400AEF0290A09EB060209F8061005F1020A994428
S21400AF0055701FFA8AFA4D444D451BD094F84920D7
S21400AF10032A17D0B2B1012A11D1E16D94F8483056
S21400AF20384691F800B0FFF782FEA36DE0659842C0
S21400AF3002D1384610F09AFD09F801BBE4E74FF05D
S21400AF40000BF9E7B24438461FFA8AF610F03FFDC8
S21400AF5060E705B0BDE8F08F501C002047EA03000C
S21400AF6063EA0300B3E70300416AD0E90E2399427F
S21400AF7009D1017F012906D0531E026893420ED3E1
S21400AF804362C3637047016A914207D1027F2AB1C8
S21400AF9042680133934205D2036283637047018996
S21400AFA00B44EBE701895B1AF4E7037F022B06D01C
S21400AFB0083350F82330C0E90A3302230377D3E777
S21400AFC0F8B5047F0546022C0E4605D1E6210E4B49
S21400AFD00E4A0F4812F0DAFA2346B4FA84F4C76A27
S21400AFE001223946FFF723FE6409083455F8243059
S21400AFF0834203D03E70E8620020F8BD2846FFF783
S21400B000D4FF0320F9E700BF94EA0300B0EA030088
S21400B010B3E7030070B5D0E90A239A4205461DD16E
S21400B020037F0021083350F82360B31A5E425E4166
S21400B030FFF7C6FFF603044670B901462846FFF739
S21400B040BFFF044640B9A96A360A2B7F012228466C
S21400B0500E70FFF7ECFD0470204670BD0024FBE781
S21400B06038B5037F0446022B0D4607D0FFF7D2FF04
S21400B07028B929462046BDE83840A1E70D2038BD4E
S21400B08038B504460D460068C9B2FFF7E9FF20B997
S21400B0902068290ABDE83840E2E738BD50F8603B32
S21400B0A0B3F84610ECE750F8603BB3F85E10E7E7FD
S21400B0B0B0F8B4106030E3E7024608B50C20FDF7A0
S21400B0C0B5FDBDE80840014602F16000FEF7E9B9AB
S21400B0D038B504460D460068C9B2FFF7C1FF80B90F
S21400B0E02068C5F30721FFF7BBFF50B92068C5F3FA
S21400B0F00741FFF7B5FF20B92068290EBDE83840A4
S21400B100AEE738BD036893F8443093B10A2B08D8ED
S21400B1104FF4FA62534303F55C2101F53461603065
S21400B120D6E7192B07D841F28832044902FB0311EF
S21400B130F5E70349F3E70021F1E700BFB0DB2300A2
S21400B140CC3F0D0070B5D1B20446006816461D46C9
S21400B150FFF786FF30BB2068C6F30721FFF780FFA6
S21400B16000BB2068C6F30741FFF77AFFD0B9206816
S21400B170310EFFF775FFA8B92068E9B2FFF770FF38
S21400B18080B92068C5F30721FFF76AFF50B9206829
S21400B190C5F30741FFF764FF20B92068290EBDE814
S21400B1A070405DE770BD00F51A6353E90223603016
S21400B1B0C8E738B5044608460D4629F069F94FF643
S21400B1C0FF73984228BF1846294682B2206810F0BE
S21400B1D0E1FB014618B92068BDE8384040E738BDB5
S21400B1E001496030E5E700BF70E6030070B590F8EF
S21400B1F024500446032D1DD80668337F022B19D031
S21400B2003046FFF707FFA0B9F36A04EBC5056B608D
S21400B210B36A0146AB602068FFF722FF48B90146D3
S21400B2202068FFF71DFF20B994F82430013384F816
S21400B230243070BD0D20FCE72DE9F04F584B8FB041
S21400B240D3F8D020D3F8D4100192D3E938920C92D8
S21400B250D3F8F02000F160040B92D3F8F4200546F2
S21400B260D3E936BAD3E93A760992D3F8F8202046DD
S21400B2700A92D3F8FC200D910792D3F80021089289
S21400B280D3F804210592D3F808210692D3F80C21AE
S21400B2900392D3F810210492D3F81421029293F863
S21400B2A01881FFF7A3FF002876D120460D99FFF7F7
S21400B2B00FFF002870D159462046FFF709FF0028E7
S21400B2C06AD151462046FFF703FF002864D149465D
S21400B2D02046FFF7FDFE00285ED120460C99FFF7BA
S21400B2E0F7FE002858D139462046FFF7F1FE002821
S21400B2F052D131462046FFF7EBFE00284CD12046BF
S21400B3000B99FFF7E5FE002846D12046FFF7B2FC72
S21400B310002841D12046FFF769FF00283CD120468F
S21400B3200999FFF7D5FE002836D120460A99FFF77F
S21400B330CFFE88BB20460799FFF7CAFE60BB2046B3
S21400B3400899FFF7C5FE38BB20460599FFF7C0FEF3
S21400B35010BB20460699FFF7BBFEE8B920460399C6
S21400B360FFF7B6FEC0B920460499FFF7B1FE98B9BC
S21400B37020460299FFF7ACFE70B92046FFF77AFC2C
S21400B38050B94146286E10F003FB28B920460199B3
S21400B3900FB0BDE8F04F9BE60FB0BDE8F08F00BFE2
S21400B3A0501C00202DE9F843064617460C4600F1CF
S21400B3B06005D9B1AAB9B1F80480D1F80090284642
S21400B3C04146FFF75DFE10B10120BDE8F883424616
S21400B3D04946306E10F0DEFA0028F5D194F91510C3
S21400B3E00AE000212846FFF74BFEF5E72846FFF760
S21400B3F047FE0028E8D12146306EC9B210F0E5FAC3
S21400B4000028E1D18021306E10F0DFFA0028DBD171
S21400B410002C5BD0E37D03F001019B074FEA01118E
S21400B42001D541F020012846FFF72AFE0028CBD19F
S21400B4302846FFF7DBFE01460028C5D104B1A179F6
S21400B440306E10F0C2FA01460028BDD104B1A17DCD
S21400B450306E10F0BAFA0028B6D1002C38D0D4E9F5
S21400B46002232846FFF76EFE0028ADD12846FFF7D8
S21400B47001FC0028A8D12846FFF7B8FE0028A3D173
S21400B48039462846FDF7DDFF00289DD12846FFF700
S21400B490F1FB002898D12846FFF7A8FE01460028B1
S21400B4A092D104B1217D306E10F08FFA00288BD136
S21400B4B08CB121692846FFF70BFE002884D1284668
S21400B4C0FFF7D8FB003818BF01207EE72146AAE721
S21400B4D000220023C5E72146ECE72DE9F04111F0F4
S21400B4E00F0804460E4617461D46006829D000235E
S21400B4F084F82430FFF759FD01230377436AC0E937
S21400B5000A333146206810F060FA18BB39462046E8
S21400B510FDF797FFF0B92668337F022B19D0304627
S21400B520FFF778FDB0B9F36A2946A362B36A2046EE
S21400B530E36294F8243084F82530BDE8F041FDF746
S21400B54080BF84F82480FFF730FD036A80F81C80F3
S21400B550D5E70D20BDE8F08138B511F0300F00F1C9
S21400B560600408BFC0F8AC2015460023062220461B
S21400B570FFF7B3FF48B929462046FDF762FF20B91A
S21400B5802046BDE83840FFF7CBBB38BD2DE9F04379
S21400B5908BB005460E46144698465249134602A8F6
S21400B5A02D22FDF7E1FBDDE902793FBB19F0010F23
S21400B5B024D1A4F57053B3F5806F44D205F160072B
S21400B5C02346062231463846FFF787FF002860D11B
S21400B5D043F601439C4236D10DF1070105F1900078
S21400B5E0FDF75CFA78BB9DF80730082B2BD8DFE810
S21400B5F003F021213421383D4045530005F1600811
S21400B6002346062231464046FFF767FF002840D112
S21400B61019F0010F4FEA690318BFEB5805EB6900F4
S21400B62018BFDF59B847A0BB40460BB0BDE8F04393
S21400B630FFF776BB0021286E10F0C7F904460028F5
S21400B6404BD017281BD1B8F1000F48D00D22314639
S21400B65028460BB0BDE8F0437EE7234B93F838113D
S21400B660E9E700213846FFF733FDE7E76FF440715E
S21400B670F8E70021286E10F08BF9DFE7012420465A
S21400B680FDF7D4FA01463846FDF70BFF1728DAD047
S21400B69018B30BB0BDE8F0830624134B0DF1100968
S21400B6A0D3F83C210492D3F840210592D3F84421E4
S21400B6B00692D3F848210792D3F84C21D3F850319C
S21400B6C008920993384659F8041BFFF701FD002835
S21400B6D0B4D1013C14F0FF04F4D13846A5E7424645
S21400B6E0B5E700BF14EE0300501C002070B50446FA
S21400B6F0002694F8ED5894F8EE38AB4201D10020BD
S21400B70034E005F58F7514F835305A0616D414F85B
S21400B71035306FF3861304F8353094F8ED3801337E
S21400B720DBB20F2B84F8ED38E3D194F8EE3884F8CA
S21400B730ED680E2B22D884F8EE38DAE7C3F3010260
S21400B740C3F3830141EA021104EBC5025378526841
S21400B75003F0030361F07F01022BC9B2C2F31702A4
S21400B76005D12046FFF7F8FE0028D0D070BDB3FA0A
S21400B77083F320465B09FFF709FFF5E70F3BDBB2D3
S21400B780D7E72DE9F047D0E93432134304461ED0FC
S21400B79000254FF00109344FDFF8D0A0C5F1200195
S21400B7A0D4E93430A5F12002EB4000FA01F10B4356
S21400B7B020FA02F2134313F0010FC5F12008A5F199
S21400B7C0200609D101351F2D07F10C07E6D101230C
S21400B7D084F89039BDE8F0873A68002A39D17B684A
S21400B7E0772B14D1DAF85431D9070ED4580628D45A
S21400B7F013F0180F27D1990727D49A0627D440F2BA
S21400B800847213420CBF0722062202F170031A4606
S21400B81080212046FFF7A0FE0028D8D1D4E9343294
S21400B82009FA06F629FA08F846EA080609FA05F1BA
S21400B83023EA010322EA0602C4E934321343C1D1E3
S21400B840C5E70222E1E70822DFE70122DDE703225F
S21400B850DBE794F89039002BE0D0012380212046C6
S21400B860FFF794FED8E700BF4CEB0300501C002007
S21400B87010B590F8A830044633B1D0F8E4309942B9
S21400B88004BF002380F8A8302046FFF72FFFC0B97A
S21400B89094F8E81089B101230C222046FFF776FEC3
S21400B8A078B994F8E03084F8E800042B1FBF636C86
S21400B8B0C4F8E430012384F8A8302046BDE81040E0
S21400B8C05FE710BD014B18685BE700BF501C002007
S21400B8D0F0B500250446C1B0FC220E4601A8294654
S21400B8E0009528F042FBB4F89630B4F898205F1C18
S21400B8F0974234D8D4F89010D21AC91892B22BD0E6
S21400B9002B4601F1FF3C98B2904228D201331CF836
S21400B9100350002DF7D14FF480733844A4F89600F6
S21400B9202068C4F8A0D9A4F8A439C830FEF7EEFA07
S21400B930E8B904F160054FF46F53062231462846F5
S21400B940FFF7CBFD98B969462846FFF732FC70B979
S21400B9502846FFF7E5F90AE00AB10846DBE70620C5
S21400B960FDF764F9314602462046FFF7F5FD002351
S21400B970C4F8A039A4F8A43941B0F0BD30B50546E6
S21400B980D2F8A00914460B462A46C1B0A0B1B4F8B6
S21400B990A41912F0EBF900280CDDB4F8A439D4F899
S21400B9A0A0299842A8BF184602441B1AC4F8A0292A
S21400B9B0A4F8A43941B030BD4FF48071684612F047
S21400B9C0D5F90028F6DB60344FF46F530622802149
S21400B9D02046FFF782FD0028ECD169462046FFF797
S21400B9E0E8FB0028E6D12046FFF79AF9E2E7F8B52B
S21400B9F00F4B0C461F681546FDF7D5F9000160F0A1
S21400BA007F0007F1600600F0F00171230622304641
S21400BA10FFF763FD50B92A4621463846FFF7C2FCB9
S21400BA2020B93046BDE8F840FFF77AB9F8BD00BF48
S21400BA30501C00202DE9F74F0E4617469846FDF796
S21400BA40B2F9032800D9FEE7354B1D6805EB000A5E
S21400BA509AF87249002C41D044EA001464F07F043E
S21400BA60E4B297B3386810F093F8C0F3001B0023D5
S21400BA7096F81C908AF8723905F1600A062221466B
S21400BA80504609F00109FFF728FD38BB4046FDF790
S21400BA90CDF801465046FDF7D4FCF8B95946286E55
S21400BAA00FF076FFD0B94946286E0FF071FFA8B99F
S21400BAB0B8F1000F0BD0306810F075F888B9504612
S21400BAC003B0BDE8F04FFFF72BB9BB46CFE74246C1
S21400BAD039462846FFF766FC0028ECD003B0BDE8E0
S21400BAE0F08FB9F1000FEAD030460DF10301FEF7F2
S21400BAF077FB0028F2D1304601A9FEF748FB002864
S21400BB00ECD19DF80310286E0FF05FFF0028E5D1FA
S21400BB1050460199FFF7DCFA0028D0D0DEE700BFD8
S21400BB20501C0020002330B5174A146824BB546804
S21400BB30A14221D1C3F12004D0E90225A3F12001BE
S21400BB4005FA04F4DA40224325FA01F10A4312F01A
S21400BB50010FC3F12004A3F120020CD1012121FA28
S21400BB6004F401FA02F222439940D0E900430C4360
S21400BB701343C0E9004330BD0133DBB21F2B02F193
S21400BB800C02D2D1F7E700BF4CEB03002DE9F843D7
S21400BB900C4614F00F081746194604F00F0C06D191
S21400BBA0022A02D1D030FFF7BDFF00200CE090F84B
S21400BBB0EE6890F8EDE8A6EB0E030E2B06DDD0300F
S21400BBC00E21FFF7AFFF0320BDE8F883C4F3011290
S21400BBD0841894F8E948134644453DD133460E2B65
S21400BBE03ED842F0400203F58F7342EA8C0230F8EA
S21400BBF0334042EA072222F08002920524F45F7462
S21400BC00920D24F00304224320F8332000EBC305F2
S21400BC106B68013661F317036B6080F8EE68C4E763
S21400BC200F3CE4B20E2CFBD804F58F7410F8345099
S21400BC3015F0400F0CD005F003094B4508D1C5F3AD
S21400BC408309C14504D16FF3861500F83450C5E763
S21400BC500EF1010E5FFA8EFE7645BFD97446E1E717
S21400BC600F3BDBB2BBE7134602228FE72DE9F0411C
S21400BC700F46FDF798F80328044600D9FEE7FF2292
S21400BC801D4B24011D6864F07F042B1893F97689F8
S21400BC9083F8762905EB8003586805F16006E4B260
S21400BCA02DF0CEFF3923062221463046FFF715FC3D
S21400BCB0F8B9286E5FFA88F10FF087FEC8B9286ECB
S21400BCC0F9B20FF082FEA0B93046FFF729F880B926
S21400BCD02146302306223046FFF7FFFB014640B9D7
S21400BCE0286E0FF072FE20B93046BDE8F041FFF72F
S21400BCF017B8BDE8F08100BF501C002010B5044600
S21400BD00012030F04FFD0FF017FF28B9A379012B63
S21400BD1001D00123A37110BDFEE7002337B5054609
S21400BD200DF1070190308DF80730FCF7C7FE04468A
S21400BD3048B92D689DF8073005F1540033B90FF067
S21400BD4007FF2346AB64204603B030BD95F85A3053
S21400BD500BB9FFF7D3FF014BF4E700BFEFB90000C4
S21400BD60022030F01FBD08B50C4AD2F85C315BB932
S21400BD70D2F860316BB9FFF7F3FF40B9BDE8084071
S21400BD804FF4F85030F00EBD1B68012BF0D10120A7
S21400BD9008BD1B68012BEED1F9E700BF501C002040
S21400BDA01FB5FF238DF804300023CDE90233064B80
S21400BDB0014601AAD3F8B0002EF09FF9003818BF4C
S21400BDC0012005B05DF804FB501C00202DE97043EF
S21400BDD088B0FFF7C5FF00B9FEE7694CD4F86411D8
S21400BDE001B9FEE7102030F0DDFC8B88D4F8B000F7
S21400BDF08DF80B3001230DF10B011A462EF08AFC4C
S21400BE009DF80B20D4F86411023A002392B2096818
S21400BE10D4F8B0002EF07EFC002305930793594B10
S21400BE2005AE0693D4F8643193F82C208DF81420D0
S21400BE301B681D7815F0200518D0D4F8B0002EF039
S21400BE40C3FA002863D0D4F8B0002EF0BDFA27F06D
S21400BE507FFD0B46024646A1D1E9000127F01CFFF4
S21400BE6028F002F8079B184401250790D4F8B00084
S21400BE702EF0B8FA9DF80B3000284BD0981DC00065
S21400BE8027F076FD3CA3D3E9002327F0DBFD8046B0
S21400BE90D4F8B00089462EF0A5FA27F059FD0B46D7
S21400BEA002464946404627F0F7FE27F0DDFF079B8F
S21400BEB018440790202030F075FC50B10FF060FD5C
S21400BEC00021202030F056FC00214FF4004030F0D6
S21400BED051FCD4F86411D4F8B0404B6933BB102041
S21400BEE030F060FCD8B1079B0A7E03F5FA7307931F
S21400BEF0254B89799A711A782046DA712A46009677
S21400BF0004332EF09DF850BB08B0BDE87083079848
S21400BF10C030A9E70798063300EB4310C9E733465D
S21400BF202A46204689792EF075F8ECE700229620FE
S21400BF3004920A6989791344134AA3F59B73908285
S21400BF4010320393009220462A46019603AB2EF049
S21400BF5082F820B90121402030F00CFCD4E74FF4E1
S21400BF60805031F061F9FDF7D7F8CDE7AFF30080E8
S21400BF700000000060E366410000000080842E415F
S21400BF80501C002020A107006077002010B5084A4A
S21400BF9092F8691151B90124102882F8694100D03D
S21400BFA0FEE730F0E7FBBDE810400FE710BD00BF2E
S21400BFB0501C00202DE9F3410F4C8446D4E95C6503
S21400BFC086EA020885EA030708EA00080F4058EAEE
S21400BFD007000DD0D4F8B00050B1CDE9002386EAB2
S21400BFE0080662460B467D402EF0AEF9C4E95C6555
S21400BFF002B0BDE8F08100BF501C002008B51E232B
S21400C000064A821AD210B2FBF3F2054BD2B2D3F82C
S21400C010B0002EF086FC00B1FEE708BDA01200209E
S21400C020501C002037B505460DF106019030FCF790
S21400C03064FD044650B92B689A6C52B1BDF80610E0
S21400C040A3F85E105B6DD869FFF7D8FF204603B0F3
S21400C05030BD0D24FAE71E22054BC31ADB10B3FBD6
S21400C060F2F33020034ADBB200FB0320704700BF28
S21400C070A0120020C81D00202DE9F0435F4B0746A4
S21400C0801B780C46164687B093BB0846FEF7FBF8AF
S21400C090054668B390F80080C8F38303032B27D1C6
S21400C0A018F0020F24D120680FF072FDB4F8049047
S21400C0B000F44050B9F1090F1AD9C8B908F0C308FE
S21400C0C0B8F1010F1DD16B78E32B15D186B14C4B1F
S21400C0D093F8D821022A0BD1D4E90254032283F81C
S21400C0E0D82145F20822501944F10001C3E978012D
S21400C0F0002007B0BDE8F083F32BF9D186F00100ED
S21400C100F7E7B8F1800FF3D1B9F10D0FF0D96B78DE
S21400C11003F0F8024EB9802AEAD113F0070334D1AF
S21400C120AB79F02BE4D10120E3E7402AE0D113F00D
S21400C13007032AD1AB79F02BDAD0E02B08D003F135
S21400C1401C02D2B20B2A03D95033DBB20F2BCFD846
S21400C1502B4E96F8D831022BCAD13846FFF77BFF14
S21400C160016804220931A81C2FF087F80028BFD1E7
S21400C170D4E9020445F2082103230A1886F8D831C8
S21400C18044F10003C6E97823B2E7022BB0D1EB787E
S21400C190F02BB3D0E02B08D003F11C02D2B20B2A4E
S21400C1A003D95033DBB20F2BA2D8002EA0D0144EEA
S21400C1B096F8D831022B9BD13846FFF74CFF002368
S21400C1C003A907468DF814300CF042FA18B96946F0
S21400C1D003A8FAF79FF8204603A90FF0CAFC082226
S21400C1E0684603A92FF049F8002881D13B68AA7851
S21400C1F0DB7B9A427FF47CAFBAE700BF9012002048
S21400C200501C00201E2238B5114B0446C31ADB1002
S21400C210B3FBF2F30F4ADBB299010F4D02EB831327
S21400C220525C9B6885F8FC2105F5F4710122C5F87F
S21400C230F831FFF721FF94F8E4303BB1206A95F817
S21400C24018125430BDE838400CF044B938BD00BF71
S21400C250A012002088150020501C002038B5056864
S21400C260044675B12B68012B06D1064BD3F8B000F7
S21400C27003F507712DF0CBFE284606F0D1F9002312
S21400C280236038BD501C002008B5074BD3F8B0001B
S21400C2902EF09AF830B1054BB3FBF0F083B20BB139
S21400C2A0184608BD0120FCE7501C002040420F0045
S21400C2B008B5054B01461870044BD3F8B0002EF0B5
S21400C2C05CFB00B1FEE708BD80140020501C002077
S21400C2D008B5054B00EB80004100D3F8B0001EF017
S21400C2E073FC00B1FEE708BD501C0020002337B5E4
S21400C2F005460DF1070190308DF80730FCF7F1FB8D
S21400C300044688B90A4A2B689B1A1E22DB10B3FB28
S21400C310F2F3084A52FA83F39DF8072083F8342292
S21400C3200CF000F9FFF7D4FF204603B030BD00BF85
S21400C330A0120020501C002073B500F190060546A0
S21400C3400DF107013046FCF7A9FB044600BB30465A
S21400C3500DF10601FCF7C5FB0446C8B99DF80710A9
S21400C360A1F10B030F2B16D82B680C4A9B1A1E2222
S21400C370DB10B3FBF2F30A4ADBB202EB03139DF8C1
S21400C38006200B4483F82B220CF0CCF8FFF7A0FF16
S21400C390204602B070BD0724FAE700BFA0120020B6
S21400C3A0501C0020EFF31182302383F31188084BD2
S21400C3B0C01A1E23C010B0FBF3F0064BC0B203EB4E
S21400C3C08013596082F31188BFF36F8F704700BFE8
S21400C3D0A0120020881500201E220F4BC31ADB1067
S21400C3E0B3FBF2F300200D4ADBB232F813201144FF
S21400C3F00B4A89B202EB83131A888A4201D19A78D3
S21400C4003AB90130102803F10403F5D14FF0FF309C
S21400C410704700B2704700BFA0120020021500202F
S21400C420821400201E2210B5124B0C88C31ADB1093
S21400C430B3FBF2F34888104A04448888C98820442D
S21400C44001440020DBB232F8132011440B4A89B2B3
S21400C45002EB83131A888A4201D19A783AB90130DE
S21400C460102803F10403F5D14FF0FF3010BD00B2E1
S21400C470FCE700BFA01200200215002006150020D1
S21400C480024BD3F8580231F0A7B900BF501C002069
S21400C490024BD3F858022FF0B3BE00BF501C00204A
S21400C4A010B50F4B4FF400621C68002104F6A6106E
S21400C4B027F05BFD002204F5805383F8A72104F1E2
S21400C4C01400FEF776FC50B9FFF7DAFF04F58D503E
S21400C4D01430FDF7BFFBBDE81040FFF7D9BF10BD15
S21400C4E0501C0020002313B504460DF107019030C0
S21400C4F08DF80730FCF7D2FA30B99DF8071031B145
S21400C5000139012902D9072002B010BD0121206897
S21400C51002B0BDE810402DF0BBBB10B590F8711905
S21400C520044601F67A1101449030FCF7C7FA48B980
S21400C53094F871392068234493F87A19BDE81040BE
S21400C5402DF010BC10BD73B5044600682DF0F0FB4E
S21400C5500546B8B904F19006B4F89830B4F89620B9
S21400C5609B1A9BB2012B0DD930460DF10601FCF744
S21400C570C4FA30B9BDF8061020682DF0B1FB0028CB
S21400C580EAD00546284602B070BD13B504460DF144
S21400C59006019030FCF7B1FA38B9BDF806102068ED
S21400C5A002B0BDE810402DF09BBB02B010BD73B5C5
S21400C5B0044600682DF0A2FB0546B0B904F19006CB
S21400C5C0B4F89830B4F896209B1A9BB2072B0CD977
S21400C5D00822304601A9FCF705FB28B90199206816
S21400C5E02DF070FB0028EBD00546284602B070BD43
S21400C5F0002313B50822044601A990300193FCF7E6
S21400C600F1FA30B90199206802B0BDE810402DF06B
S21400C61059BB02B010BD13B504460DF106019030AB
S21400C620FCF76BFA38B9BDF80610206802B0BDE812
S21400C63010402DF089BB02B010BD13B50822044689
S21400C64001A99030FCF7CEFA30B90199206802B003
S21400C650BDE810402DF05EBB02B010BD002337B51C
S21400C66000F19005044601A928468DF80330FCF732
S21400C67058FAE0B9B4F89620B4F898309A420FD039
S21400C68028460DF10301FCF719FA80B99DF803302E
S21400C6902068019923B103B0BDE830402DF0EABA16
S21400C6A00199206803B0BDE830402DF0D5BA03B03C
S21400C6B030BD2DE9F04705468EB00AAE304606AFCF
S21400C6C01C46894690460DF1080AF9F7EFFD3846F4
S21400C6D0F9F7ECFD5046F9F7E9FDAB68002B4ED0B4
S21400C6E02346344603F1100C22461868596808336E
S21400C6F003C263451446F7D13C46169B03F1100C63
S21400C700224618685968083303C263451446F7D1B1
S21400C7105446179B03F1100C2246186859680833D4
S21400C72003C263451446F7D1B9F1080F03D019F0D8
S21400C730EF0F14D0FEE705F1400485F8748096E804
S21400C7400F0084E80F0097E80F0005F1500484E816
S21400C7500F009AE80F0005F1600484E80F002B8BA9
S21400C7609B0608D56869CDF800A03B463246414690
S21400C770C0690BF037FF00200EB0BDE8F0870D2033
S21400C780FAE770B500F1900486B005460DF1090190
S21400C7902046FCF783F920B99DF80960082E02D0E0
S21400C7A0072006B070BD204602A9FCF777F90028DE
S21400C7B0F7D120460DF10A0205A9FCF723FA002856
S21400C7C0EFD1BDF80A30102BEAD120460DF10A024F
S21400C7D004A9FCF717FA0028E3D1BDF80A30102B9D
S21400C7E0DED120460DF10A0203A9FCF70BFA002859
S21400C7F0D7D1BDF80A30102BD2D1039B28680193FD
S21400C800049B314600939DF80820059B4030FFF7B7
S21400C81050FFC6E738B54FF6FE7300250446438141
S21400C8208381C38AC58003F0FE0343F4FE4343F0CE
S21400C8300103C3820572C0F80E50C0F8125085611D
S21400C84080F861502C30F9F731FD04F13C00F9F71F
S21400C8502DFD04F14C00F9F729FDE56584F86050DC
S21400C86004F16400BDE83840FDF7ACBA2DE9F041AC
S21400C870044600261E2788B004AD2846F9F716FDA4
S21400C880284BDFF8AC801E7023682748A3EB08030C
S21400C890DB10B3FBF7F3DBB24022314600EB83102C
S21400C8A027F063FB23682148A3EB0803DB10B3FBE8
S21400C8B0F7F3DBB24022314600EB831027F055FB3E
S21400C8C001202FF06FFF40B10FF036F900B1FEE700
S21400C8D001202FF067FF00B9FEE7002620684FF61C
S21400C8E0FF71FCF7E9FF204602A9CDE90266FDF7D5
S21400C8F071FF4FF6FE712068FFF780FB2846F9F7B8
S21400C900D5FC00952B462A46314620680BF06AFE79
S21400C91031462068FFF746FD3046FFF7C9FC08B0F1
S21400C920BDE8F08181140020821400200615002046
S21400C930A01200202DE9F34100F1900528460DF1E4
S21400C9400201FCF7DAF8044690BB0822284601A943
S21400C950FCF748F9044658BB8DF801000DF10101BB
S21400C9602846FCF79BF8044610BB9DF80130019F53
S21400C970BDF80260C3F3C00203F0010103F00F0824
S21400C980002F3BD019B913F0060F00D14AB1F9F7C2
S21400C99078FC0568DDB9F9F78DFC0568E5B9032470
S21400C9A006E0F9F76EFC02682346154625B91724FB
S21400C9B0204602B0BDE8F081E988B14220D02B467F
S21400C9C02D68F3E71A6802B312681A601DE0EB8858
S21400C9D0B3420BD02D68DDE72B6803602846F9F7D5
S21400C9E065FCF9F74EFC03682B60056085F804804B
S21400C9F0EE803B68AB607B68EB60D9E70724D7E73F
S21400CA00002BDFD10AB113680360F9F753FC036803
S21400CA102B600560CCE7F7B50D46044600B9FEE787
S21400CA20037F03F0FF0603B1FEE70E4B1B68994237
S21400CA3015D840F2E73031460B4B4FF47A721F6838
S21400CA400023E5FB070126F03FFA0123CDE900634A
S21400CA5001462346054A606830F054FA00B1FEE706
S21400CA6003B0F0BD8C160020901600207DE0030079
S21400CA7000B9FEE7406830F059BB70B5EFF310869A
S21400CA8072B64FF0FF302DF0CFFE04460A4BD3F8B7
S21400CA905C22C3F85C02824288BFD3F8602230462C
S21400CAA084BF0132C3F86022D3F8605231F0F8FA3E
S21400CAB02046294670BD00BF501C0020DDE710B59B
S21400CAC00446FFF7DAFF02460B4604F16000BDE8B5
S21400CAD01040FEF737BBB0F5802F07B54FEA10437E
S21400CAE082B212D20F2A10D8002914BF04210121C5
S21400CAF08DF80500002201A88DF8043005F0E0F955
S21400CB0010F0FF0002D0022803D0072003B05DF823
S21400CB1004FB0D20FAE70229F7B505460F46164630
S21400CB2018D159491068FCF720FA002854D06946F5
S21400CB307068FBF7A1FF044648B90099B1F5802F4D
S21400CB404FEA11438AB201D20F2A2AD90724204677
S21400CB5003B0F0BD03293DD14C491068FCF705FA37
S21400CB60002839D069467068FBF786FF044600281F
S21400CB70EDD1B06801A9FBF77FFF04460028E6D197
S21400CB80DDE90013B1F5802F4FEA1140DED28AB2FC
S21400CB900F2ADBD8C0B2C9B2002B51D031F09FFBB0
S21400CBA016E0EFF31180302282F31188534303F12D
S21400CBB0A04303F570335A6980F31188BFF36F8F73
S21400CBC0C9B2CA402846324902F00102FCF75CFAB4
S21400CBD00024BCE70129B9D92E493068FCF7C5F90D
S21400CBE00028B3D069467068FBF746FF0446002865
S21400CBF0ADD1022F32D1009BB3F5802F4FEA134000
S21400CC009AB2A3D20F2AA1D8EFF31181302484F36D
S21400CC1011886043204ADBB2072B024492BF526859
S21400CC20D268083B9B0022FA03F303F00F035A1E58
S21400CC300E2A08D981F31188BFF36F8F174909E0D0
S21400CC400EF04CFEC4E781F31188BFF36F8F012B03
S21400CC50F4D113492846FCF717FAB9E7032FB7D1E2
S21400CC60B56810492846FCF780F928B12146009897
S21400CC7003B0BDE8F0402EE728460B49FCF775F9EF
S21400CC800028A5D00121F2E7E3EA030023260400EA
S21400CC90E7EA0300ECEA030000C00350F6EA0300EC
S21400CCA0F1EA0300EA260400F32604002DE9F04129
S21400CCB0044678B3D0F80080B8F1020F2AD1407944
S21400CCC0154DA37905EB8005FBB12CF0ADFF0646AC
S21400CCD028462779FFF7C2FA96F8E4307FB283B188
S21400CCE0336A93F85A205C6F022A18BF83F85A807A
S21400CCF0A36C33B1236D23B13946206C98470023CB
S21400CD002365BDE8F041FCF707BA2846BDE8F041C8
S21400CD10FFF7A4BABDE8F081AC1D002038B5144674
S21400CD20002A39D0D168936801391C4D9942D5F84C
S21400CD30B0004FF0FF3118BF00211DF049F910F583
S21400CD40007F0CD180232374A368E26801339A42E3
S21400CD50A3600FD92046BDE838400BF027BC00285A
S21400CD6094F91030B8BF033040F387008342B8BF51
S21400CD702074E9E794F91030237102232360A37925
S21400CD8013B12046FFF792FFD5F8B0000022BDE8A9
S21400CD90384080212DF070BB38BD00BF501C0020ED
S21400CDA0C10715D40B4B9B7803EA000203EA101068
S21400CDB002F00F010243920708D441EA00035B0722
S21400CDC006D502200138C0B22CF02EBF0120F9E7AC
S21400CDD000207047607700202DE9F04F12F0C00F5A
S21400CDE0824615461E468FB001D02FF0B5FCAB022A
S21400CDF006D550462DF080FC10B950462FF052FD57
S21400CE00AF0301D52FF0A8FCEC0105F0807340F1CC
S21400CE104E81FEF7A5FF68B1102000212FF0AAFC76
S21400CE202FF0E4FC0446002800F03281012108209F
S21400CE302FF0A0FC20202FF0B5FC05F4005104468E
S21400CE40002800F0538121B101214FF400402FF05B
S21400CE5091FC15F4404F06D0002148F220002FF038
S21400CE6089FC2FF0B3FC280740F1AC80AC4C0321C2
S21400CE70D4F8B00003AA1DF095FF0146002800F084
S21400CE8081819DF80C30072B40F07C81D4F8B000EF
S21400CE9008AA1DF0A7FF002840F074819DF81C30FA
S21400CEA013F01102009208D113EA131103F00F02D7
S21400CEB003D112B10F2B00F26581BDF80E70059AF2
S21400CEC007F1010B12781FFA8BFB5A45019340F0CD
S21400CED05981FA1E7B2A00F2558103A831F0C0F86A
S21400CEE0002840F04F81BDF81020019B002A40F03A
S21400CEF01581069A184692F800800193FFF750FFB6
S21400CF00019B814630B9009A22B9190702D00F2B2F
S21400CF1000F238819DF82D30002B00F0078108F0D4
S21400CF200703022B40F02E8103AAD4F86812D4F827
S21400CF30B0002DF03CFCA4F86CB2FCF7AFFC2FF070
S21400CF4055FC002839D0D4F86431D4F868221B6820
S21400CF5092789B789A4230D19DF82630002B00F0CC
S21400CF6011810237D4F8B00008A9ADF824702DF06E
S21400CF70FAFB0746002840F005819DF82E30012078
S21400CF8084F87D329DF82F30089984F87E32C4F8F4
S21400CF9090922FF071FC01214FF480702FF0EAFB85
S21400CFA0604839462FF0E6FB2FF054FC28B118F005
S21400CFB0100F1CBF012384F868312FF04BFC08B912
S21400CFC00EF0D8FCEF0501D52FF0C6FB15F4863F12
S21400CFD001D02FF0C1FBAC014FF000070DD5504C2F
S21400CFE02FF0BAFB394604202FF0C4FB94F86831C2
S21400CFF01BB10EF0BFFC84F8687115F0084F05D021
S21400D0002FF0AAFB002104202FF0B4FBA80001D5C6
S21400D0102FF0A2FBA90705D508202FF0C3FB08B107
S21400D0202FF0F4FBF20523D5504608AA03A92DF0ED
S21400D0306AF89DF80C30DBB13B4800212FF09AFBD4
S21400D04004202FF0AFFB28B1FCF728FC00210420B9
S21400D0502FF090FBFEF784FE28B12FF0C7FB4FF4AD
S21400D060007030F0E1F831F00FF808B12FF0CEFB89
S21400D070B30504D50022504611461DF013FE16F0E7
S21400D080C00F40F0CB800FB0BDE8F04FFCF744B8BF
S21400D0900EF070FC01214FF480702FF06BFB2146E0
S21400D0A002202FF067FB21464FF48030C0E606F0E2
S21400D0B00202134306D02FF099FB4FF4007030F0B5
S21400D0C0B3F8B7E605F0A8431A4304D02FF08EFB5A
S21400D0D04FF48050F3E706F0040213433FF4AAAE81
S21400D0E00F4BD3F8B0002DF001FAA3E649B10121A9
S21400D0F04FF480302FF03EFB214640202FF03AFBC5
S21400D100B1E606F020030B433FF4ADAE40202FF00F
S21400D11031FB4FF4006030F087F8A4E6059AE9E6A4
S21400D120501C00200A000100600001003D4B1B78E7
S21400D13013B9BBF1040F25D09DF8263013B3023780
S21400D140D4F8B00008A9ADF824702DF00CFBC8B9CF
S21400D150EFF3108072B6B4F8AE32B4F8B072009343
S21400D16030F09EFF009BBB420CD0EFF311833022C1
S21400D17082F31188D4F8FC727A1C0BD183F31188E1
S21400D180BFF36F8F0027FCF789FB394626480EF061
S21400D1908CFB17E7394651F80C2BC4F8FC2283F3B6
S21400D1A01188BFF36F8FD4F8B00003AA2DF0FFFAF2
S21400D1B087F800B0BDF8343039467B709DF92E30C4
S21400D1C01A48FB709DF82F30BB70089BBB609DF81B
S21400D1D01C3013F0010F18BF4FF00009C7F8049079
S21400D1E005F02CFF0028CED018F020080AD0D4F87E
S21400D1F0B0002DF081FAFCF751FB012104202FF03E
S21400D200B9FADFE6FCF74AFB94F86831002B3FF4E6
S21400D210D9AE0EF0AFFB84F86881D3E60FB0BDE858
S21400D220F08F00BF80140020481F0020FC1E002046
S21400D230F8B506462B4D33680C46D5F8B0001BB340
S21400D24097212DF048FB024600B1FEE73168D5F87D
S21400D250B0001DF055FA00B1FEE73168D5F8B00011
S21400D2602DF08DF83179814200D0FEE7D5F8B00078
S21400D2701DF03AFC00B1FEE70122D5F8B0001146D9
S21400D2802DF0A9FB28B1FEE70BF0D2F8074608B14F
S21400D290FEE701270322D5F8B00011462DF083FBE8
S21400D2A07F2C1CD0D5F8B0002DF052F9032809D1F8
S21400D2B004EB840464003946D5F8B00006F05EF846
S21400D2C030B1FEE7D5F8B0001DF09EFC0446F2E74C
S21400D2D02146D5F8B0001DF077FC00B1FEE7C5F892
S21400D2E00863F8BD501C002038B50446164D2FF0D4
S21400D2F06DFA237D95F810239A4223D895F81123CA
S21400D3009A421FD3D5F8083305F54370834202D0FE
S21400D3107F21FFF78DFF8022D5F8B00011462DF053
S21400D320ABF810B1012000230AE0207DFEF738FD9F
S21400D3300028F7D120460BF039F90028F2D1012356
S21400D340236038BD2120EEE7501C00202DE9F8436D
S21400D350254E054696F8EE71FEF702FD002841D1EF
S21400D360224BED1A1E23ED10B5FBF3F5EDB2012DA1
S21400D37000D9FEE706EB8503D3F85C914FEA8508F3
S21400D380B9F1000F2AD118200BF004F98782802704
S21400D390C0F800904571077180F80690C0F80890B4
S21400D3A00446FEF771FFC0001028D6BF10230123E5
S21400D3B0B3FBF0F327742046E360FFF795FF68B9E8
S21400D3C04644C6F85C412368012BFCD025792046EC
S21400D3D06DB2FFF76BFC2846BDE8F883044840446E
S21400D3E0FEF73CFF7F25F6E7501C0020A012002029
S21400D3F0AC1D002010B504460068FFF7A7FFC1B2B9
S21400D400206EBDE810400EF0E0BA1E232DE9F0476E
S21400D410204D8946451BED10B5FBF3F5EDB2012D09
S21400D420904600D9FEE71C4EAF0006EB8503D3F806
S21400D4305CA1BAF1000F26D118200BF0ABF8A0F8CB
S21400D440149045714FF080090125C0F800A0857141
S21400D45080F80490C0F808A00446FEF715FFC30045
S21400D460B8EBC00F28BFB8FBF3F52046E56084F89C
S21400D4701090FFF739FF054630B93E44C6F85C41C8
S21400D4802846BDE8F087042504483844FEF7E6FE43
S21400D490F6E700BFA0120020501C0020AC1D0020A4
S21400D4A02DE9F041837905460F46164673B3033BD4
S21400D4B0042B2BD983889B072AD50368D3F81C80B6
S21400D4C0FEF751FCD8B10C2005F0A0F8044600B9D0
S21400D4D0FEE701230146C0F800800371077246810B
S21400D4E00C4805F0ABFD10B9204605F099F8AB796D
S21400D4F00020052B1CBF0523AB71BDE8F0814FF45F
S21400D5007A7240467243FFF780FFF0E70D20F4E79B
S21400D5100C20F2E7641F0020002337B504460DF107
S21400D520070190308DF80730FBF7B8FA78B99DF808
S21400D530073063B1022B28D12568AB6C3BB194F859
S21400D5407109204490F97639013302D00D2003B0DA
S21400D55030BDD4F8B030D3B15A1E1A4017D15B088C
S21400D560114602F10102FAD180F87619AB6CB4F8D4
S21400D570B420002BEAD0C9B205F15400FFF790FFA3
S21400D5800028E4D1034B2B65E1E70C20DFE70720FA
S21400D590DDE700BF6DBC000038B50F4B0C4693F8B6
S21400D5A01023824215D893F81123824211D303F533
S21400D5B04375D3F80833AB4204D10846FEF788FE1D
S21400D5C0002038BD0EF0DCF921462846FFF730FE75
S21400D5D0F6E70720F5E700BF501C002001297FB5BD
S21400D5E011D169461068FBF7F6F9044660B9009D4C
S21400D5F0019BB5F5807F73F1000304D2E8B2A0F179
S21400D6000B030F2B03D90724204604B070BDFF235D
S21400D6100A4ECDE9004496F9B41002948DF8003015
S21400D620FFF7BAFF044600B1FEE76A46D6F8B00038
S21400D630A9B22CF062FD0028E6D0FEE7501C0020C0
S21400D640F0B500F190058DB0284602A9FBF783FAE5
S21400D650044600284CD1284601A9FBF762FA044686
S21400D660002845D128460DF10301FBF717FA0446BA
S21400D67000283DD1FFF701FADDE90253A84271EB1D
S21400D68003023DD26FF001022D1A63EB0103AA429A
S21400D69074EB030334D39DF80360019F0AF042FF46
S21400D6A0014618482FF07EF808BB3046FFF774FF97
S21400D6B00446E8B9012120202FF05CF8FF238DF8FE
S21400D6C0143001230895104D0B9431468DF82C30FC
S21400D6D0D5F8B00005AB08AACDE9064409940A9728
S21400D6E02CF00FFD38B1214620202FF043F80124FE
S21400D6F020460DB0F0BD85F8EE6185F86E62F7E75E
S21400D7000724F5E740000100501C002070B50446D1
S21400D7100D46FEF725FB48BB1E22164BE31ADB1010
S21400D720B3FBF2F3DBB2012B00D9FEE7124E06EB99
S21400D7308303D3F85C3113B11B68012B16D00AF0B3
S21400D740F1FE01462846FFF727FF044660B9284643
S21400D750FEF726FB044658B9014620202FF00AF8AB
S21400D76086F8EE5186F86E52204670BD0D24FBE713
S21400D7700124F9E7A0120020501C002010B5836891
S21400D78004465BB143690179D869FFF7BFFF20B94A
S21400D790A37E022B01D00223A37610BD0D20FCE74A
S21400D7A0002313B5044601A990300193FBF7F9F95D
S21400D7B0B0B923689DF80420996C81B183F84420A1
S21400D7C023689A6C62B194F87129144494F86A2913
S21400D7D032B103F1400002B0BDE81040CEE70D20A4
S21400D7E002B010BD002337B504460DF10701903096
S21400D7F08DF80730FBF762F970B923689DF807507B
S21400D8009A6C22B155B103F14000FFF7B7FF94F8C8
S21400D81071391C4484F86A5903B030BD18462CF0A0
S21400D82045FAF4E72DE9F84306460D460AF07AFE77
S21400D830634F804697F8D831032B17D0002229462D
S21400D8403046FEF719FC88B1FFF717F95D4C021950
S21400D85041F10003C7E97823022387F8D83106B9D7
S21400D860FEE7C7F860630020BDE8F8831E23564C29
S21400D870341BE410B4FBF3F4E4B2012C00D9FEE749
S21400D88030236343514AD1188D4200D0FEE7C4EBE3
S21400D890C41102F5F6720A442968914200D0FEE7E8
S21400D8A02A7F3B4412F0020F0BD1642283F8A42196
S21400D8B0FEF759FA18B30C2004F0A8FE044680B907
S21400D8C0FEE793F8A421022A84BF023A83F8A42133
S21400D8D0302303FB047393F8A4214F2AE8D8502280
S21400D8E0E4E700230146066003718560384805F0CA
S21400D8F0A5FB0028B7D1204604F092FEB3E74146C8
S21400D900A879FFF749FE0028AED1FEF729FA80462F
S21400D91000B1FEE74FF0300901464FF4F8502EF004
S21400D92029FF09FB0473C3F8A061297F1020C1F307
S21400D9308001C7F864512EF01DFF0C2303FB04740E
S21400D9402B7F2846C3F3C003A96A84F86C34FCF71F
S21400D950FFFCEFF3118489F31188022001212EF0D9
S21400D96009FFFEF7FDF900B9FEE72120194987F8FF
S21400D970698130F093FBD8B9FEF728FA84F3118852
S21400D980BFF36F8F4FF480502EF00CFF00283FF44B
S21400D9906AAF96F8E430002B3FF465AF326A936FB7
S21400D9A0002B3FF460AF01212846D26F98475AE714
S21400D9B00228E3D14FF480502FF036FCDEE700BF9C
S21400D9C0501C0020404B4C00A0120020C81D002018
S21400D9D0641F00208DBF000010B58379044603F055
S21400D9E0FB03032B24D18188C269C906036805D4CA
S21400D9F09179D869FFF78AFE00B1FEE7A379E1695D
S21400DA00042B1CBF0423A3712368D869FFF70AFF01
S21400DA100D280BD1E26953694BB100235361E269CB
S21400DA2013612368E169D869FFF7FCFE00B1FEE7E1
S21400DA3010BDC2698379516909B9126922B1072BF1
S21400DA4001D007238371C7E7032BFCD00323F9E734
S21400DA502DE9F74300F16407044638461E460D4696
S21400DA609046FCF7AFF94CF60103F340D80700D414
S21400DA70FEE7B4F8049019F0200F2AD028680EF0BC
S21400DA8092F830B32B7FD90723D528460DF1020133
S21400DA90FCF76DFB00B1FEE79DF80230082B18D1AD
S21400DAA0284601A9FCF773FB00B1FEE728460DF1F6
S21400DAB00301FCF795FB00B1FEE79DF8031094F810
S21400DAC06020019B914204D1E26D934224BF013352
S21400DAD0E3650023E371002E49D019F0040F46D108
S21400DAE0237A6A7E9A4242D9013323722B7F0E2E06
S21400DAF043F002032B7735D1A37994F86110062BF7
S21400DB001CBF0623A371FBF7DDFF4FF0FF338B40EE
S21400DB1020EA03054FF4A0735D43A37DDA070AD518
S21400DB20E26923689179D869FFF7F0FDFBF7E4F91D
S21400DB30002D03DAFEE70DF0FFFFF7E70544606E01
S21400DB403946194AE5661030FCF7F5F894F8613066
S21400DB500133DBB2052B28BF052384F8613003B000
S21400DB60BDE8F083204603B0BDE8F04361E7A37943
S21400DB70022B1CBF0223A371A97EAB798B4206D071
S21400DB80A37DDB0703D52368D869FFF7BFFD246AAA
S21400DB90E76C002FE3D0334642462946206CB84750
S21400DBA00023E364DBE700BF40EB03002DE9F04110
S21400DBB090F8E47004460D461E46BFB10C4F3F7801
S21400DBC097B1897EAB798B4206D00A4BCB40DB07F8
S21400DBD000D4FEE7FFF79AFD334600222946206A66
S21400DBE05430BDE8F04133E7006AF9E7BDE8F0815C
S21400DBF09012002000F8FF0770B5046894F85A30B9
S21400DC0004F15405033B042B53D8DFE803F0030765
S21400DC10181403002846BDE87040DDE6226F636DE9
S21400DC209179D869FFF772FD2846216F0E23BDE86B
S21400DC30704000220CE72846BDE87040F9E6B4F8CC
S21400DC4058309B0700D5FEE7636DD869FFF77EFB6B
S21400DC507F2807D094F96B307F2B01D0834201DAFE
S21400DC6084F86B00FBF706F9E36EC01A00280EDA9C
S21400DC70D4F8C030D4F8B8008033C4F8C03004F10B
S21400DC80B8010C4A1030BDE87040FCF754B894F860
S21400DC905A3094F96B10022B1CBF022384F85A30BA
S21400DCA0646FA36C2BB1236D1BB1206C98470023C7
S21400DCB0236570BD40EB03002DE9F04FAE4F91B0E9
S21400DCC097F8D8210490022AD3B200F08A80032B5A
S21400DCD069D013B9012387F8D8313C68002C00F0CE
S21400DCE07E832046FBF7D0FF04F58D50012308AA5B
S21400DCF009A908300DF05DFF002840F0618304F5A7
S21400DD00805393F8A62112B9012283F8A621002396
S21400DD10099ABDF820909A4208BF99460121C4F896
S21400DD209020042204F1900684F86F193046A4F877
S21400DD309490A4F89630A4F8989084F89A30A4F8B2
S21400DD409C9084F8E02084F8A8300DF11B018DF833
S21400DD501B30FAF7A3FEE0B99DF91B309DF81B5067
S21400DD60002B16DAD4F88439C5F3011B0133C4F846
S21400DD70843984F871B904EB8B03D3F804A0C4F893
S21400DD8000A0BAF1000F48D1062229462046FDF72A
S21400DD90E3FB0023099884F86F39F7F720FA002888
S21400DDA000F00E83FEE7FEF768FED7E97823904280
S21400DDB0994192D3D7F8604304B9FEE72046FEF7B0
S21400DDC04AF90025037F01466FF382030377057641
S21400DDD02046FFF727FD0123C7F8605387F8D831A0
S21400DDE07BE7FEF74AFED7E9782390429941FFF495
S21400DDF074AFD7F8604304B9FEE72046FEF72BF968
S21400DE000B23014600222046FFF7D0FE012387F8A9
S21400DE10D8310023C7F860335FE730460AA9FAF71F
S21400DE20C0FE002851D10A9B012B05D061D99A1E4D
S21400DE30032A54D905225DE002238DF83830B4F861
S21400DE4096304B4505D030460EA9FAF727FE00B1AE
S21400DE50FEE79DF83830022B32D10AF11C00FEF79F
S21400DE6005FD00260B234FF6FF788AF844300AF1AA
S21400DE705400CAE91366CAF84860AAF84680FEF756
S21400DE80C9FC94F87139234483F86A6983F8726987
S21400DE9083F8768983F87A69206EC4F88069C4F8B6
S21400DEA08469C4F88869C4F88C69FCF7A1FE7022FE
S21400DEB080212046FDF750FB002800F08980FEE711
S21400DEC0032B0AD1F7F72EF81B20FAF7AFFE2946E8
S21400DED002462046FDF7C7FE7AE002F01BFB0B90D9
S21400DEE00BA930460193FAF75CFE019B38B1FAF7AE
S21400DEF09DFE024629462046FDF7B5FE97E0032B19
S21400DF00DDF82C8016D01A1F012A0CD8052B40F0FD
S21400DF10FE814346032219490EA8FAF725FFDDE9DC
S21400DF200EBA0823FCE14346002229462046FDF7A8
S21400DF302DFE7CE043460CA81D221149FAF714FF7B
S21400DF40DDE90C3000F00109002B40F03881B9F112
S21400DF50000F40F03481B8F1710F6BD0B8F56F5FE9
S21400DF6061D0B8F10C0F0DD0A8F57053B3F5806FE3
S21400DF70C0F03A810D22BDE7501C0020B0F103002E
S21400DF8030F0030030460EA9FAF788FD002840F06E
S21400DF900A819DF83830022B39D003D9DA1E012ABF
S21400DFA088BF0323002684F8E0300C22012329468C
S21400DFB0204684F8E860FDF7E9FA94F8E030042B90
S21400DFC02ED0012328BB626C84F8A830C4F8E42065
S21400DFD094F8ED2894F8EE389A4202D02046FDF7E1
S21400DFE085FB94F8713905F00F05234493F8E9286A
S21400DFF032B195421EBFD4F888290132C4F8882968
S21400E0000F2D0CBF0125013583F8E958C1E6012321
S21400E010C8E7C4F8E46084F8A83084F8E850D7E786
S21400E0200028D5D0F9E729462046FDF751FC002800
S21400E030CED04AE7DAF84830002B00F0BC80DAF899
S21400E0407080B8F1000F00F0B88030460DF1220263
S21400E0500EA9FAF7D7FD002840F0A580BDF82220CB
S21400E0607F2A00F29F80C246A8F804205AF8060BC2
S21400E0700E9926F099F951463046FAF70FFD00281A
S21400E08040F0918098F80630304688F81A3040F60E
S21400E0900473A8F818307F2388F81B3098F81C30D3
S21400E0A0C8E9049923F0170343F0040388F81C30EA
S21400E0B008F11801FAF7F2FC002855D1304608F1AD
S21400E0C01901FAF7EBFC00284ED1304607A9FAF7FB
S21400E0D0F5FC002848D198F81C309DF81C203046E6
S21400E0E062F3820388F81C300DF11E01FAF7E6FC95
S21400E0F0D0BB98F81C309DF81E20304662F3000313
S21400E10088F81C300DF11D01FAF7D8FC60BB98F8B2
S21400E1101C309DF81D20304662F3410388F81C3001
S21400E1200DF11F01FAF7CAFCF0B998F81C309DF8FB
S21400E1301F20304662F3041388F81C3008F11401DF
S21400E140FAF7EFFC80B9304608F11001FAF7E9FC5F
S21400E15050B9304608F11A01FAF7A0FC20B930464B
S21400E16008F11B01FAF7BDFC2668B36C1BB396F8E2
S21400E1705A3006F15408052B1DD04046FCF77FFBAD
S21400E1800023404686F85B3086F85C3086F8B5306B
S21400E190FFF74FFC994BA344F36405F00F038BF88D
S21400E1A0723915E70620FAF741FD29460246204651
S21400E1B0FDF7D2F93BE70D20F5E70320F3E7002251
S21400E1C084F86F29421004EB6000B9F1000F01D00B
S21400E1D0A258D3589847012384F86F3900287FF453
S21400E1E086AE43460122A0E643F60143984584F8EE
S21400E1F06F9903D0012384F86F39BBE630460DF1E2
S21400E2001E01FAF74BFC01230028F4D19DF81E20CE
S21400E210092AF0D801A151F822F000BF45E200001B
S21400E22063E20000F7E1000093E20000AFE20000C6
S21400E230F7E10000FDE20000B9E20000EFE20000B6
S21400E240FDE2000030460EA9FAF728FC0128034636
S21400E2504FF0010238BF012084F86F29C0B2172B97
S21400E26042E030460DF122018DF822908DF838906C
S21400E270FAF714FCA0BB30460EA9FAF71FFC78BBD1
S21400E2809DF82230072B3ED90123072084F86F39EA
S21400E2902DE630460EA98DF83890FAF7FFFB0123DD
S21400E2A0F8B99DF8382072BB84F86F3999E7304684
S21400E2B00EA9FAF736FCC9E730460DF11F01FAF74A
S21400E2C0EDFB68B930460DF12201FAF7E7FB38B9E5
S21400E2D030460EA9FAF7E2FB012838BF0120C0B28B
S21400E2E0012384F86F3917287FF401AE42E618221E
S21400E2F00021434825F039FE0123D5E730460EA914
S21400E300FAF7DCFBA2E7012084F86F09EFE5434645
S21400E31003223C490EA8FAF727FDDDE90EBA0723CB
S21400E32001930AF001030393BBF1000F02D1002B07
S21400E3303FF420AE4FF00002B4F8963084F89B20ED
S21400E340A9EB0302A4F89C30059393B21A46304614
S21400E350A4F89E900CA90293FAF744FC059B039A36
S21400E360994588BFA4F896304FF0000304EB6A0086
S21400E37084F86F394FEA6A0312B1E35853F80BB0CA
S21400E380D847012384F86F3900287FF4B0AD04F134
S21400E3906006434629463046019ADDF83090FDF780
S21400E3A09CF858B94946029A206E0DF0F3FA28B93F
S21400E3B03046FCF7B5FC00283FF40AAE002299E58B
S21400E3C004F5805393F8A6314BB104F11400FCF722
S21400E3D0F0FC20B904F58D501430FBF73BFC00260A
S21400E3E0094C71E084F81862EFF3108072B6B4F846
S21400E3F0AE225AB92FF054FEFEE700BF35BA000031
S21400E4008C1D00208CF10300501C0020B4F8AC32A8
S21400E410013A04EB8301D1F8B852B4F8B0120133D4
S21400E420B3FBF1FC01FB1C33A4F8AE22A4F8AC321B
S21400E4302FF036FE002DDFD02B7B94F8FF21C3F3A0
S21400E440800363F3410284F8FF212B7B002003F056
S21400E450FB032B7394F8FF21DB0963F3000284F8B7
S21400E460FF212B7B03F07F032B736B7884F8EE3150
S21400E4702B4613F80C2BA4F8EC21C4F8E83195F9D8
S21400E480033084F8FD3184F89932AB7884F8FE3195
S21400E49084F898326B68C4F81032A9682EF0ECF94C
S21400E4A0D4F8100240B92BF0BFFB08B1FDF7AAFE66
S21400E4B001202BF0B9FB08B1FDF7A4FE29467548EC
S21400E4C00DF0F3F9FAF728FEEFF3108072B6B4F801
S21400E4D0AE922FF0E5FDB9F1000F83D14FF4F8505E
S21400E4E02EF060F958B34FF480702EF05BF9D4F834
S21400E4F06481054670B3D8F8003049461B784FF45F
S21400E500807013F0200F644D08BF00252EF032F9FE
S21400E5104B460021C8E90411EFF31182302080F346
S21400E520118887F87A1482F31188BFF36F8FD7F8B3
S21400E53064112A46886AFFF739FBFAF7EDFD049A5C
S21400E540564BD31A1E22DB10B3FBF2F3DBB2012BC1
S21400E55022D9FEE74FF400702EF024F9064630B1BB
S21400E56029464FF400702EF005F90F23D1E74FF43B
S21400E57080602EF017F9054638B131464FF48060BA
S21400E5802EF0F8F835460E23C3E701464FF48050C8
S21400E5902EF0F0F80B23BCE704EB8303D3F85C0102
S21400E5A020B10368022B01D1FEF780FBEFF3108049
S21400E5B072B6B4F816532FF073FD6DB3FDF7D3FBA8
S21400E5C050BBEFF3108072B6B4F8162312B92FF0D2
S21400E5D067FDFEE7B4F81433013A04EB8301D1F883
S21400E5E02053B4F818130133B3FBF1F601FB1633CE
S21400E5F0A4F81623A4F814332FF052FD002DE8D00B
S21400E6002B7913B1012B26D0FEE7A9682868FFF7FF
S21400E61009F9284604F004F8214D2946A5F14800DA
S21400E620FAF712FCE8B129461E48FAF70DFC044634
S21400E63008BB1D491C4DA1F14800FAF705FC04462D
S21400E640B4B120461949FAF779FC20462946FAF76C
S21400E650FBFB0446F4E76A89297A2868FEF7D5FEAC
S21400E660D7E7284605F14801FAF7EEFB0028DAD18D
S21400E67011B0BDE8F08F0E4B0E4A19780E4B2046AF
S21400E68000290CBF11461946FAF758FC29462046C1
S21400E690CBE700BF481F0020B81E0020A0120020B5
S21400E6A09C1C0020541C0020E41C0020258900002F
S21400E6B0901200201B8900004D89000080B5FBF7F2
S21400E6C04FF900202BF0B0FA074601202BF0ACFAE9
S21400E6D08046FEF7D2F905460E46224CFDF7D0FEE0
S21400E6E03846FFF7E9FA3846FBF7D2F93846FBF723
S21400E6F0E4F981464046FFF7DFFA4046FBF7C8F9E3
S21400E700B9F1000F02D0FDF7C3FEE7E74046FBF77E
S21400E710D4F98146FDF7BCFEB9F1000FDED1FEF755
S21400E720ACF9D4E92A325B1B62EB06021B1842EBFB
S21400E7300102C4E92A3294F8A03003F0010353B171
S21400E74094F8A03003F0FE0384F8A030FEF795F9A5
S21400E75005460E46C2E74FF0FF31D4F89C002DF078
S21400E760A9FEE8E7501C002040F203432DE9F04FD5
S21400E77089B00022042103A8ADF80C3003F0A0FBFA
S21400E78000239B6AB3F5804F5ED21A68844B9A4288
S21400E7905AD1844C94F87E5215F0FD0554D1824E21
S21400E7A03378002B00F02C810223337008214FF4BD
S21400E7B080337E4A7E48C2F88011C36011607D4A6D
S21400E7C0136100239B6ADB69984733780746012B61
S21400E7D040F0B481F6F710FC013040F0A081D4F888
S21400E7E09022754B1A66D4F894225A66D4F898226A
S21400E7F0C3F87021D4F89C22D20700F19C816F4B9D
S21400E800DA68013213D194F87E2282B96C494968DD
S21400E810C80748BFDA606B4A5268D10744BF012276
S21400E820DA60694A5268D20744BF0222DA6020F0F2
S21400E8304BFDD4F8803283F31188BFF36F8F3570A9
S21400E84017B9012384F87E3203F040FE4FF05023C0
S21400E8504FF400321A67C30700F172810122144692
S21400E860114604FA01F3034002F1010200F06A8146
S21400E870564B03EB4103B3F84830554A062B116854
S21400E880544802918AB24FEA114140F062814FF239
S21400E8900F03994240F05A81B2F5406F28BF4FF4FB
S21400E8A0C06202804FF000534CF23C325A804A4A13
S21400E8B0536A43F470235362EFF308834FF0CD316D
S21400E8C0464A043B934280F0558103F049F94FF4E1
S21400E8D040730122042103A8ADF80C3003F0F0FACF
S21400E8E001223F4BC3F84424EFF31184302383F313
S21400E8F011880C2007F0EAF884F31188BFF36F8FB5
S21400E900354D384AD5F8F03000F5D52043F00103F0
S21400E910C5F8F030D5F8FC3000F2FC4043F08073C8
S21400E920C5F8FC30304B02261A60304B4FF480722C
S21400E930B0FBF3F04FF060442D4B01381861C3F87C
S21400E940F060C3F804232B4BC4F8B03F2A4BC4F83E
S21400E950803ED4F8003E1343C4F8003EFF2384F8FC
S21400E9602030D4F8003E23F48073C4F8003E0CF048
S21400E970E4FF00210A46D4F8003E43F48073C4F84E
S21400E980003E1E4B03960493052A00F22F81DFE813
S21400E99012F0F901F4000F0111011301150100BF77
S21400E9A007B0CD5E183100207D0F002000E100E0AA
S21400E9B000A000440090004400800044B877002087
S21400E9C00080055000C0055000000650DCF603002D
S21400E9D000000020061D002000ED00E008000020DA
S21400E9E000D00350FF030040001000E0F8590D006F
S21400E9F0000004E055CEACC509000100006A1810FE
S21400EA000127CDE901553770EFF31183302282F3E9
S21400EA101188C4F8803220F04FFC94F8843253B941
S21400EA2003F09EF838B9674804F522710EF05AFADA
S21400EA3008B984F88472644B5A68C4F89C22634A06
S21400EA409A601A6EC4F890225A6EC4F89422D3F8CC
S21400EA507021C4F898221B6E5A0441D55C4AD368CC
S21400EA60DB07FCD45B4BDA68501C3ED04FF48013B7
S21400EA709340594A13660422574B4FF080411A665A
S21400EA804FF480621A6610221A664FF4005200276E
S21400EA901A6619665A66BB6AB3F5804F0FD2012311
S21400EAA003A88DF80C30CDE90477F6F723FA059B1A
S21400EAB0590504D5BB6A02A91B6C01A89847019AA0
S21400EAC0454B1A66029A5A6694F88422002A3FF446
S21400EAD06DAED4F888221A66D4F88C225A6665E69B
S21400EAE03E4AD368DF07FCD4BCE794F87E32002B9E
S21400EAF0C1D13B4B5A68384B12B94FF480121A6694
S21400EB00384A526812B94FF400121A66364B5B68E0
S21400EB10002BB0D14FF480022F4B1A66ABE7F6F706
S21400EB206BFA40F2011398423FF459AE284AD36874
S21400EB30DB07FCD453E600229A6060E601257EE6F9
S21400EB40002195E6102A7FF48BAE96E64FF4C0625D
S21400EB50A7E640F20724A3420AD14FF20F04A142CF
S21400EB6006D19A4202BF4FF000524CF23C3151801F
S21400EB7003809CE643F80419A4E60C23D4F8800E20
S21400EB80C60710D5D5F8FC0040F08070C5F8FC002C
S21400EB90D4F8000E40F48070C4F8000E206A0028F6
S21400EBA0F0D084F820300132112A7FF4EDAE2CE04C
S21400EBB0D123E3E78023E1E70023DFE7481C0B4689
S21400EBC0C1B2DBE7800F00200080004455CEAC00C9
S21400EBD000000440B8770020009000440000045075
S21400EBE00080055000C0055000000650A2F10E033C
S21400EBF0012B40F2C980102A40F0BF804FF06043DE
S21400EC00D3F8803EDF0700F1C1804FF06042D2F8B3
S21400EC10003E042123F48073C2F8003E40F2034312
S21400EC20012203A8ADF80C3003F04AF90023734C18
S21400EC3004F58056C4E90233C4E90843C4E90D4329
S21400EC40D6F8A0012361236484F84430A6F818326D
S21400EC5084F82830E36184F83C302363C4E9003349
S21400EC6006F5D27183689847002800F0918009F075
S21400EC7046F9634E634B644AB360644B644C1A6057
S21400EC80644A654B04F5A6701A6007F0A1FEB368E7
S21400EC9062489847B3682046984794F8A03203F035
S21400ECA0FF05B3B92DF0D8FA012802D92FF030F9B4
S21400ECB0054694F8A0322BB9B36859489847012303
S21400ECC084F8A0322DF0C8FA012802D928462FF081
S21400ECD035F909F06FF994F8E0300BB907F08EFEBD
S21400ECE009F00DF92EF05CFA2EF0EEFA2EF058FA36
S21400ECF02EF0EAFA03F03AFC4A4B984200D048B9A4
S21400ED0003A809F0DBFC28B94FF0FF309DF80C1083
S21400ED102BF090FA04F01BFB0221434B4348CDE94D
S21400ED2003134FF00073CDE90503052303A94FF045
S21400ED30FF30079301272BF056FD002303A94FF061
S21400ED40FF303B4ECDE903338DF80E702BF013FBEE
S21400ED506FF00A014FF0FF302BF048FD3168354D5B
S21400ED60002971D0296800297ED1334A33482FF014
S21400ED7007F9286000286ED076E003AB134413F83A
S21400ED80063CFBE65B23F9E65A23F7E65D23F9E645
S21400ED90D6F8A0010368984700287FF468AFD6F835
S21400EDA0A001214643689847054690B90146C6F833
S21400EDB0EC01C6F8140286F81002A6F8E801202234
S21400EDC01F4825F0D2F81F4BC3E90055C3E902558A
S21400EDD04DE704F11800F6F7A6F904F12C00F6F753
S21400EDE0A2F9D6F890012EF0FDFDD6F894012FF08A
S21400EDF093FAD6F898012FF09EFA38E7406500207F
S21400EE00B8770020F1690100B7690100A0770020FB
S21400EE101831002099880100A47700206C23002078
S21400EE2064320020038000F0006A1800000204002C
S21400EE30F0100020B011002054F703000D5E000013
S21400EE4030770020187700203846B34A2EF0FEFFB1
S21400EE503060002886D1002730682FF05DFA2868D9
S21400EE6037602EF0BFFD2F6000261AF07DFD402291
S21400EE700021AA4825F079F830220021A84825F07C
S21400EE8074F8A648A74BA84ADFF808A3DFF808934B
S21400EE90DFF80883DFF808E3A3F1180C00F1400759
S21400EEA04FF0240B00210BFB06FB0CEB0B0543E994
S21400EEB0061043E904A943E9028E2977296218253A
S21400EEC005FB067542F8145C984D42F8181C42F88B
S21400EED0105C974D43F8241B42F80C5C954D20308F
S21400EEE042F8085C944D42F8045C944D5D442977E2
S21400EEF02962012542F8241B002E46D028462DF014
S21400EF0051FC8146002840F09E81002000218C4B59
S21400EF104FF6FF7AC3E9000141F60B23DFF884823F
S21400EF202022A8F80430874B7F218748C4F8143382
S21400EF30ADF804A08DF80650C8F8009025F015F836
S21400EF4047F67F724FF0FF374FF0800B7F4B8049BC
S21400EF501A80804BC4F834131B884A46A4F824331E
S21400EF607D4B24391B6803A8C4F82C337B4B0397CE
S21400EF701B88A4F828B3A4F82633794B1B68C4F87A
S21400EF8030331AF0EFFE10B1FEE72E4688E77549DB
S21400EF9003981BF0FDFE00B1FEE7022103982BF05C
S21400EFA003FA00B1FEE7704903981CF029F900B196
S21400EFB0FEE7294603982BF010FD00B1FEE7294630
S21400EFC003982BF020FD814600B1FEE7674B014613
S21400EFD05A46184624F0C9FF2946878780F87E706F
S21400EFE080F83EA0A0F87CA003982BF000F8604FB5
S21400EFF0039B3B6003B9FEE745A3D3E900234FF02C
S21400F000FF304FF0FF31FCF7D5FF49464046FEF78C
S21400F0100FF9294628462DF0ADFB386801A91AF0ED
S21400F020F3FF00B1FEE70025524BDFF87C919D8090
S21400F0301D60514B9D80C3F80090EFF3108072B6B0
S21400F0400223DFF868A1AAF80430CAF80050CAF80C
S21400F05008502FF025F8494B494ACAF80830494B62
S21400F06009F180011A607F321A6309F19002DA63AF
S21400F0709C22D9609D629D809D659D86424B1A703C
S21400F080F7F7FFF80560F7F715F9031D00F1B4026E
S21400F090194610339342056008D198F804300B2BBC
S21400F0A003D898F805300A2B04D8FEE743F8105C1E
S21400F0B00D46EDE7354BC3F8008004F048F9002014
S21400F0C0FDF706F90822386811462BF0D5F90546F3
S21400F0D000B1FEE7014668222D4824F046FFEFF314
S21400F0E01188302383F3118801202DF05BFB10B1CB
S21400F0F028460CF037FC88F31188BFF36F8F082280
S21400F100386811462BF0B8F90546002850D0FEE7BF
S21400F1100AE020FFE203000044F70300BC330020AF
S21400F120FC3300206C1C0020B41C0020BD960000A0
S21400F1302D8E0000ED960000F59600009C1C002029
S21400F140C01D0020D9CD0000861E0020841E002091
S21400F150503400208A09040090090400880904003D
S21400F1608C0904000700110078F7030088150020BA
S21400F170001D0020381E0020B81E0020698F0000E9
S21400F180B41F0020C81D0020EA1E0020581F0020C3
S21400F190201D002017CA0000218E00006196000086
S21400F1A071CA00005C1F0020D0340020641F0020BD
S21400F1B00023002241F20D019948FCF7FBFE294688
S21400F1C038682BF045FC18222946964824F0CDFED8
S21400F1D09548FDF743F89548FDF740F828462AF08D
S21400F1E023FD20B901202AF01FFDC0B135461E229E
S21400F1F08F4BC31ADB10B3FBF2F3DBB2012B00D943
S21400F200FEE70C22002153438A4A9F1CB818D151AE
S21400F210416001814FF6FE71012DD152E2D1EFF32C
S21400F220108072B600231026834D2B60AB60AE8034
S21400F2302EF036FF814B31468C20814AAB6003F0BE
S21400F240C3FC00B1FEE703F041F97E4B4FF40032F9
S21400F25018604FF050231A67F9F7D6FA7A482EF05E
S21400F26096FD7A4B18600020FAF7E2FEC4F85804C0
S21400F27078B10120FAF7DCFE8046C4F85C0440B1A1
S21400F280D4F85874C4F860744FB96A21704B714A48
S21400F29002E05821704B6F4A70480EF077F9704CB8
S21400F2A00026234643F8E97B636104F6E903A3617D
S21400F2B04FF4006304F114052846A383C4E90866E6
S21400F2C0FBF796FC256623460425013DC3E919662F
S21400F2D003F10803F9D1C823624A0421C4E92C23A8
S21400F2E04FF6FF73A4F8B8305F4B0022C4E9303500
S21400F2F000235E4EC4E92255C4E92455C4E92655C8
S21400F300C4E93423C4E93623A4F8845084F8A8500A
S21400F310C4F8AC50C4F8BC70C4F8C85084F8E01008
S21400F320C4F8E45084F8E85084F8ED5884F8EE58B1
S21400F330A4F86859A4F86E59A4F87059C4F880590E
S21400F340C4F88459C4F88859C4F88C5984F890597C
S21400F350C4F8945946E90223D4F800A0C4F8A0598A
S21400F360A4F8A459BAF1000F00D1FEE7404BDFF82D
S21400F37014B178222946A6F1B000C4E90A34CBF8C5
S21400F380004024F0F2FD4FF0FF33DFF8FC90C4F8A5
S21400F3907639C4F87259374BC4F87A59C4F86A59A2
S21400F3A0C4F8E958CAE93794DFF8E0A07721A6F553
S21400F3B00D60C3F80090CAF80040FCF7B3FBA6F651
S21400F3C0E400FAF747FC2C4A2A4BC7E93794C8E909
S21400F3D03794C6F81828294AC3F80090DBF800309E
S21400F3E0C6F82428264AA342C4E90157C4F80C806C
S21400F3F0CAF80040A6F80658C6F81478C6F81C588E
S21400F400C6F82078C6F82858C6F82C78C6F83028EB
S21400F410C6F8345800D0FEE7284609B0BDE8F08F9D
S21400F420C00D03006C1E0020AC1D0020B01D002087
S21400F430A0120020B2200020FC1E00205DE0030089
S21400F440481F0020A41D0020A4F70300A81E0020CB
S21400F45099F60300B4F7030085F6030093F603005D
S21400F460103A002000F8FF07C5B80000B04300209F
S21400F47071B8000094120020E1AD00003D99000034
S21400F480019D0000501C00207DB90000981200204D
S21400F4900348044B834202D0034B03B1184770471E
S21400F4A0DC780020DC78002000000000064B0749CE
S21400F4B0C91A891048BF0131491003D0044B0BB15B
S21400F4C001481847704700BFDC780020DC78002031
S21400F4D00000000010B5064C237843B9FFF7D8FFAC
S21400F4E0044B13B10448AFF300800123237010BD12
S21400F4F002630020000000001027040008B5054B3A
S21400F5001BB105490548AFF30080BDE80840FFF78A
S21400F510CDBF00BF0000000070510020102704007F
S21400F520A3F5803A704700BF174B002B08BF134B5C
S21400F5309D46FFF7F5FF00218B460F461348144AF9
S21400F540121A24F012FD0E4B002B00D098470D4BDC
S21400F550002B00D098470020002104000D000D4825
S21400F560002802D00C48AFF300800DF0EBFF20001F
S21400F570290006F053FB0DF0D3FF00BF0000080083
S21400F5800000000000000000C80A0020C80A002092
S21400F590E06300200000000000000000F8B504460C
S21400F5A00127124D0CB314F001000BD0002024F0FC
S21400F5B0010405EBC0021668002EF3D05168C0B2F5
S21400F5C0B047EFE72246013020284FEA520201D02A
S21400F5D0D307F8D507FA00F20F2824EA0204E8D980
S21400F5E0421E05EBC2021038E5E7F8BDE020002019
S21400F5F0064BD3F82404D3F8202403F50053104018
S21400F60000F05530C3F82004C8E700BF00C0035020
S21400F610064BD3F82404D3F8202403F500531040F7
S21400F62000F0AA30C3F82004B8E700BF00C00350BB
S21400F6302DE9F0410F4A136D576D1F4000D5FEE7C8
S21400F640012600250C4CDFF83480374209D0C8F874
S21400F650506023682BB1A168284601316268A1601A
S21400F66098470135082D4FEA460604F11004ECD100
S21400F670BDE8F081000004500C1600200020045065
S21400F68010B5416C4369A1F11404DA1CB2FBF4F224
S21400F69003EBC2000330B0FBF4F0B1F5805F00F17D
S21400F6A0010002D1012828BF0120013010BD73B52A
S21400F6B006460D460024F36B01225B6901A9281952
S21400F6C09847019B013309D1736C043462196A4070
S21400F6D05B421A42EFD0204602B070BD0024FAE723
S21400F6E02DE9F341154690F842201E46012A0CBF2C
S21400F6F0022304235D43CF7D2C1D844605F00205BE
S21400F700BFB915B1012724F0030448680834204423
S21400F710DCF83C30012A5B6927D101A9984717B16C
S21400F720BDF806300193BDF80430336002B0BDE882
S21400F730F08155B124F0030400230D7E01F1200E64
S21400F740D8B2854203D80020E2E72F46F4E73EF819
S21400F750330003F10108A04204D901EBC303D869C2
S21400F7600834D4E74346241AEAE70122314602B0B9
S21400F770BDE8F0411847D01E009B42424241187E29
S21400F780824212D11A688A420FD85A688A420CD32B
S21400F7905A6901325A61D3E90302824205D2986857
S21400F7A040F822101A6901321A61012070470023BE
S21400F7B04FF0FF3142689A4202D800230372704726
S21400F7C0026842F83310026802EBC302516001334C
S21400F7D0F0E7002370B546689E4210D00568DC004E
S21400F7E055F83320B2F1FF3F0AD0C2F3130291421C
S21400F7F006D14FF0FF322A51036823445A6070BD89
S21400F8000133E9E710B5032A029C07D1A26A5340E8
S21400F810626C5242134201D1FFF7DBFF012010BD9C
S21400F8200023F0B545689D4202D14FF0FF300EE050
S21400F8300468DE0054F83340671C09D0C4F313078D
S21400F840B94205D1240D1470036833445868F0BDDE
S21400F8500133E8E773B5164600F108040D46204666
S21400F86009680DF10702FFF7DBFF032E05D16B6871
S21400F870834202D12046FFF7ACFF012002B070BDE4
S21400F8802DE9F0414668002E3AD0056898464FF0BC
S21400F890000CAE4655F83C40C4F31307013401D0C3
S21400F8A0B94222D00CF1010CB4450EF1080EF1D18C
S21400F8B000273C4603E0B44207F108071DD055F880
S21400F8C0343001340133F6D16FEA01316FEA113179
S21400F8D0E9510168CB59C3F3130343EA0853CB51EC
S21400F8E003683B445A60BDE8F08141EA0851CEF80F
S21400F8F00010036803EBCC03F4E7B8F1030F03D161
S21400F90001230372BDE8F08100273C4603E0B442C1
S21400F91007F10807F4D055F834300134C3F3075C18
S21400F920BCF1030FF3D11B0D1B050B43EB51D0E7C6
S21400F93008B508301346D1E90012FFF7A1FF0120F1
S21400F94008BD41F67132044B0020DA63012203F54C
S21400F9500053DA60704700BF0000035041F6713272
S21400F9600121044BDA6303F50052D1600022DA630A
S21400F970704700BF00000350704737B5054601F1D9
S21400F9800C04436901A9012220469847BDF80430BB
S21400F9900122009369462046AB69984703B030BD04
S21400F9A0202A0B681EBF4FF0FF3191408B43590849
S21400F9B001F055315B1A03F033319B0803F0333303
S21400F9C00B44017803EB13130A444FF0013103F0A4
S21400F9D00F334B43A2EB13620270704737B50446F1
S21400F9E000251B22011D0DF107008DF80750FFF7BB
S21400F9F0D7FF63689DF80720B2EBD36F03D123F0DF
S21400FA00784003B030BD1B2204F108018DF8075082
S21400FA10FFF7C6FFA0689DF80730B3EBD06F0ABFAC
S21400FA20C0434FF0FF3020F07840EAE72DE9F0437E
S21400FA300646994689B0036908460F469046984799
S21400FA400446002867D1D9F804305B0A012B224609
S21400FA504FEA530304F10104F8D899F8035099F8D3
S21400FA6002302D03DB0203F4006305F480551D43CA
S21400FA70B9F800304FF00009C3F30A0352032B44D1
S21400FA8092B29D18294B0DF107001B2228F07844EE
S21400FA9002A9039302948DF80790FFF781FF9DF863
S21400FAA007306FEA054544EAC36404946FEA080425
S21400FAB01B2224F0784402A902948DF80790FFF7E1
S21400FAC06FFF9DF807306FEA154544EAC3644FF0B0
S21400FAD0FF3301220594069307A9B369079507F13A
S21400FAE01000984701220446B36905A907F10800EB
S21400FAF098470122484518BF0446B36904A9381D33
S21400FB0098470122484518BF0446B369384603A9FA
S21400FB10984728B1044639463046FFF72EFF01E0E5
S21400FB20002CF8D1204609B0BDE8F08301009AB257
S21400FB300E4BD3F8403103F00303022B0DD0032BFA
S21400FB400FD0012B0BBF082301234FF400420022E5
S21400FB5000B1026001B10B60704707234FF400420A
S21400FB60F6E709234FF47A72F2E700BF00800050F0
S21400FB702DE9F84341F671334FF001081E4D044657
S21400FB80EF69EB631D4B0021C3F80C80022368610C
S21400FB9021202B612EF010FCDFF86890064607F453
S21400FBA0803740B1C9F80C8007B1E96301360CD143
S21400FBB06E20BDE8F88321202EF0FEFBC9F80C80ED
S21400FBC007B1EE63431CF3D008B17120F1E70C4B8C
S21400FBD09A6801230A3202F01F02934023F00303BF
S21400FBE023449C4201D10020E3E754F8042B013261
S21400FBF0F7D03E20DDE700BF0000035000100350A2
S21400FC000080E00F002003504FF0B0435A6812B156
S21400FC109A6A002AFAD17047BFF35F8F074B5A6A79
S21400FC2022F480325A62D3F8942022F00102C3F8FC
S21400FC309420BFF34F8FBFF36F8F704700ED00E047
S21400FC40BFF34F8F0549064BCA6802F4E0621343C0
S21400FC50CB60BFF34F8F00BFFDE700BF00ED00E0B5
S21400FC600400FA0540B1C268531C05D00123934036
S21400FC7019B1034AC2F820347047024AFAE700BFB7
S21400FC8000D0035000E0035010B5B8B1037A417AB3
S21400FC90EFF31184302282F31188534303F1A0431B
S21400FCA003F570331B6984F31188BFF36F8FCB4065
S21400FCB0017C03F00103594081F00101084610BDA4
S21400FCC010B5B8B1037A417AEFF31184302282F38B
S21400FCD01188534303F1A04303F570335B6984F343
S21400FCE01188BFF36F8FCB40017C03F001035940AE
S21400FCF081F00101084610BD10B5C38823B9CA8833
S21400FD005AB9ABB1012017E0026802EB830252F841
S21400FD10042C002AF3D1013BF0E70C6804EB8204C4
S21400FD2054F8044C0CB9013AEAE79342EAD80FD3E8
S21400FD30013B5A1C01D1002010BD026852F8234036
S21400FD400A6852F823209442DCD803F1FF33F0D23D
S21400FD504FF0FF30F0E70022144BB3F90010884252
S21400FD6002D1B3F9020070470132042A03F10403FA
S21400FD70F3D110F1860F13D010F1850F0BDA20F0B7
S21400FD80020393330FD010F1970F0CBF6FF06D0086
S21400FD904FF0FF307047003818BF012040427047D0
S21400FDA06FF0710070476FF06F007047F4F2030059
S21400FDB003685B180360137843F100031370704701
S21400FDC0137810B504688C4238BF013B1370036883
S21400FDD05B1A036010BD0A46034640B1597A1B7C85
S21400FDE0007A934201D12EF07ABA0BF077BD7047B5
S21400FDF010B5044644EA010313F00303084609D18C
S21400FE00934201D1002010BD54F8231040F823106F
S21400FE100133F5E72146920024F0C6FAF2E738B53A
S21400FE20202204460D460C30002124F09EF84FF0A8
S21400FE30FF33C4E90035A36038BD2DE9F74F384CD1
S21400FE404FEA820AE269894602F4803341F671324B
S21400FE5001210093E263334A8046D16083464A46D6
S21400FE60574677B9384601222F4BDA60009B13B10C
S21400FE7000222B4BDA63431C3DD0002846D071206D
S21400FE803AE00BF5005525F4FF5525F01F05C4F89C
S21400FE9014B0A5EB0B05E169BD4228BF3D464907F6
S21400FEA031D4164656F8041B2A44A161964210D156
S21400FEB004220021212022612EF07EFA0028D2D1D1
S21400FEC021202EF079FA0028CDD13246AB447F1B94
S21400FED0C7E70821084601922EF06EFA019A70B123
S21400FEE0042301222361104BDA60009B0BB1002330
S21400FEF0E3630130C3D16E2003B0BDE8F08F56F83F
S21400FF00041BA161D2E74FF0FF30ACE752464946EA
S21400FF1040462BF0B2F9002814BF3D200020EBE746
S21400FF2000000350001003500020035038B5134B58
S21400FF300546D3F800320C4603F00703042B17D807
S21400FF40DFE803F00319090D1100012205B12B604B
S21400FF5004B1226038BD07224FF40043F6E70922B9
S21400FF604FF47A73F2E72BF035FE0C22830AEDE7A6
S21400FF7000221346EAE70822EEE700BF00800050A2
S21400FF8038B5134B0546D3F808320C4603F0070382
S21400FF90042B17D8DFE803F00319090D110001221E
S21400FFA005B12B6004B1226038BD07224FF4004330
S21400FFB0F6E709224FF47A73F2E72BF00BFE0C22D9
S21400FFC0830AEDE700221346EAE70822EEE700BFC1
S21400FFD00080005038B5134B0546D3F820010C4678
S21400FFE000F00700042816D8DFE800F003090D111A
S21400FFF01800012305B1286004B1236038BD0A4B00
S21401000018680423F6E7094B18680323F2E72BF078
S214010010F9FD0523EEE700231846EBE70223044823
S214010020E8E700BF00800050E8640020EC64002090
S214010030002D310137B50C460021104B0191D3F844
S2140100408031054603F00303022B0ED0032B11D09B
S214010050012B03D101A8FFF7BDFF0D210DB1019BB7
S2140100602B6004B1216003B030BD2BF0CBFD052120
S2140100700190F3E7024B02210193EFE70080005065
S214010080002D310108B5FEF76FFB034BD3F8F400E2
S214010090BDE808402DF0A6BCE020002073B5114D48
S2140100A004462B78C3B100210F4B1E680F4B104836
S2140100B01A680CF009FF2B78324683F001032B7087
S2140100C0002301930B4B214600934FF0FF30012391
S2140100D029F092FF02B070BD074B1978074B1E68D6
S2140100E0E4E700BF481C0020401C00204C1C0020F8
S2140100F0EC1700209D000100D0170020441C0020B2
S21401010010B4164B93F8F82032B9154A126CA3F8BE
S214010110FA20012283F8F820B3F9FA20B3F8FA405E
S214010120002AB8BF84F06204B3F9FC106200A3F899
S214010130FA20B3F8FC200029BCBF82F4805282F07A
S2140101400B025100A3F8FC10624000EA02015DF8C0
S214010150044B4FF0FF302AF069BB00BFE0200020BF
S2140101600080E00F0022C188914201D8002070472C
S214010170036853F8223033B193FAA3F0B0FA80F053
S21401018000EB421070470132EEE738B590F8443084
S2140101900446012B11D1C56B4DB12B7A012B02D12F
S2140101A0686807F000FE0C21284606F069FC204628
S2140101B0BDE83840482106F059BC006C10B15C21FE
S2140101C006F05EFCE06B0028F1D02368DA79044B78
S2140101D002F07C0213441B699B699847E7E700BF5E
S2140101E0F4F2030008F0E7BA2DE9F04301290646C8
S2140101F00F4615469846A9B000F28280130740F0D4
S2140102008280046824F04003802B02D0B4F5807FFE
S2140102107CD12022002120A823F0A7FE3E4A3F4B96
S214010220E408012F08BF134601271F9344F000542A
S214010230331D1C931D971E94394C0DF1040C1CABF9
S21401024093E807000DF110098CE8070019ABCDF80B
S21401025064801A971B9493E8070016AB89E8070099
S214010260CDF858801797189493E80700309B45F00F
S214010270005E07AC84E807001393149713ABCDF820
S21401028054E093E80700319B0DF1280888E8070041
S214010290109310AB1197CDF848E00DAF93E8070027
S2140102A087E8070061461FA808F0B8F849461FA866
S2140102B008F0B4F841461FA808F0B0F839461FA860
S2140102C02DF048FF21461FA82DF044FF31681FA8D6
S2140102D0C9082DF016FF1FA829462DF012FF114858
S2140102E02DF0B6FFA8B91FA82DF014FF2DF0F9FECA
S2140102F004460C482DF038FF204629B0BDE8F083AF
S2140103006FF02000F9E76FF02100F6E76FF01F00AD
S214010310F3E74FF0FF30F0E70302000403020104A5
S21401032010000020E021002007F030B907F02EB9B8
S2140103302DE9F0416E4A6F4B56686F4C5E65516A07
S21401034099656E49D1F80002D865D1F8041219668C
S214010350916A5966D16A9966116BD966516B1967AC
S214010360596BD26B11F004005A67654A5ED00820BB
S214010370D96B1A6501F12005D8648869C6F30806A9
S2140103801864CF69062E5F6460D15E4EB0425DD3BD
S2140103905D4EB0425AD206884DF64260864255D12D
S2140103A01868C3F890005868C3F8940040F20170CA
S2140103B0A242164604D237680432B7F1CD3FF7D0D1
S2140103C00022C3E91E22C3E92022C3E92222A41B7C
S2140103D0DFF830C1DFF830E19C648D4239D8D3E9CB
S2140103E01EC7D3E92065D3E922414FF0000E013A3A
S2140103F0D2B2FF2A48D1BEF1000F05D0C3E91EC70D
S214010400C3E92065C3E92241B3F85430C3F30803B6
S2140104100C2B47D8022B60D9DA1E092A5DD8DFE8F3
S21401042002F03D634C4F5C5C5C5C5C59996BC3E9C4
S2140104301302914205D301F12000A04201D82546BE
S2140104409BE700212C4DC3E910112D494FF4206084
S214010450AEE755F8044D6445BFD37445BDD2E607F3
S214010460BBD50026294F57F8048FA045B5D00136D5
S214010470062EF8D132B1013AD2B202F11E0643F885
S2140104802640AAE70522F8E7E0464FF0010EBC46F3
S21401049037462E4625460C464146A8E740F601203B
S2140104A0BDE8F0813B2B18D1194B9B6913F0020F65
S2140104B040F2025318BF1846F2E740F60320EFE772
S2140104C040F2017240F60423B0F5206F14BF1046C7
S2140104D01846E5E740F60520E2E740F60722013B2D
S2140104E04B2B98BF1046DBE740F60220D8E700BF4B
S2140104F000ED00E0E4630020C80A002000E100E00F
S21401050008000020A0410000A0E30300586400207A
S2140105100080015ABFF34F8F0549064BCA6802F4A3
S214010520E0621343CB60BFF34F8F00BFFDE700BF10
S21401053000ED00E00400FA0508B5302383F31188C6
S2140105404FF000534FF20F0218805A80BFF35F8FAF
S214010550FFF7E0FF08B528B1417800782DF0BFFE1F
S214010560002008BD2220FCE708B528B141780078B4
S2140105700BF0B4F9002008BD2220FCE738B505468B
S2140105800C46FFF77DF86B6CA3F11402B3F5805FA0
S21401059002FB00F005D140F6E8736969994288BF0D
S2140105A0CC30E31DB3FBF2F3013304EBC304204468
S2140105B038BD38B5054644692146FFF7DFFF6A6C4A
S2140105C0E31D143AB3FBF2F3AA69144404EBC30423
S2140105D00C34204438BD03460846EFF3108172B64A
S2140105E0024ADB6BC2F86411DB681847E020002082
S2140105F02DE9F0410646406882B0C0B10F469046EC
S2140106000024336853F8345003EBC403C5F3075290
S214010610C5F31301013504F1010406D05B683046C9
S214010620CDF80080B84710B170688442E9D302B0B3
S214010630BDE8F081036813F07E0F03D1406820F017
S2140106407C40704713F078001CBF03F07F03D81F6F
S21401065070474BF29A2210B503680446B2EB134F6B
S21401066013D19BB2012B15D1FFF7B8F9013011D088
S2140106704FF6FF72E068B2EB104F4FEA10430BD112
S21401068080B2C01A18BF012010BD013314BF042068
S2140106900320F9E70420F7E70220F5E7F0B5054661
S2140106A0002687B0EC69013CB44203D80C462046CC
S2140106B007B0F0BD01B14C1E6F6C2868EB6B0522CC
S2140106C05B6901A907FB0400984701A8FFF7C1FF72
S2140106D00128ECD921460136E4E7F0B50368064661
S2140106E0CC1A436C0025B4FBF3F487B0F369376882
S2140106F05A1E9542706C06D3736C306803FB040077
S214010700143007B0F0BD0134B4FBF3F203FB12441E
S214010710F36B05225B6901A900FB0470984701A8E9
S214010720FFF797FF0128E7D90135DFE710B423F07B
S214010730030422449B070A44436C18BF04325B42FD
S21401074082EA0104234202D05DF8044BC5E7104655
S2140107505DF8044B70472DE9F04F144606460F46E8
S2140107608BB00393C36B01225B6907A96068984746
S214010770F36B01225B69384606A99847079B5D1C07
S21401078007D10022A360A275627500200BB0BDE8F8
S214010790F08F0122A2750022217E069D04EBC10185
S2140107A0CF610A846068C5F3D31CB84205F07F01A7
S2140107B00CD14FF0FF33C4F800C02175A360237D30
S2140107C0043B022B26D80023A375DEE794F814E039
S2140107D020688E4503D1A0EB0C004242424103F053
S2140107E07F0001288CBF0020012001298CBF002139
S2140107F00121884218BF002215F07E0FA27503F072
S2140108007E0304D1002BDAD00023A375D7E7002B93
S214010810D5D1F9E715F07E0F0FD1F36B02223846DA
S2140108205B6908A9984708A8FFF704FF237D032BF7
S21401083051D8DFE803F0150F045906A8F4E7CC22D7
S214010840237E04EBC3031A8401236A4A134493F8F4
S21401085020300AE0237E04EBC30318840023F4E768
S214010860237E04EBC30318840123149A1370069A9B
S21401087012F07E084FEAD26A227E37D104EBC2021A
S2140108800AF0030582F82250F36BB2F820905B69F8
S214010890022208A93846984720220DF117000DEBD1
S2140108A002018DF81780FFF77BF81A2209A9FFF7D6
S2140108B077F89DF81730099A4FF0080BB3EB926F53
S2140108C00CBF012300236375637D33BB0023A3752F
S2140108D04FF0000852E0227E013BDBB204EBC2027D
S2140108E0052B1084C0D8B0E70223AEE7002504EB41
S2140108F0C202B2F8209082F8225006A91B2208A84C
S2140109008DF82050FFF74CF89DF820204FF0040B8F
S214010910A2EB0A0253425341D5E794F81680B8F188
S214010920000FD5D0B9F1000F09D1E5B10123E37568
S214010930637E002B36D1012D29D1657615E0736CC7
S21401094007EB0B025B4287EA02010B421CBF002346
S214010950A375736C591E0A409B1A4B45B6D3A37DEB
S214010960002BE2D1B4E7E37D43B94FF000084B46D4
S2140109705A4639463046FFF7D9FEA060A27D237E4F
S214010980BAB9012B33D801332376A07DFEE696F85B
S214010990343063B9F36A0133E9D1032DE7D101237A
S2140109A0A376E2E7012DE9D0032DDED1F7E79846DD
S2140109B0DDE72269012B4A44226118D801332376E8
S2140109C0039B002BE1D0E37D002BDED0B8F1000FB6
S2140109D0DBD1032DD9D0A1684B1CD6D0149B22465F
S2140109E0009330460123FFF7B6FEA075CDE700233E
S2140109F0A375CAE7F4F2030013B50C46002121766D
S214010A000093616813462246FFF7A5FE18B1E37D01
S214010A1003B1A07EA075A07D02B010BD2DE9F743FD
S214010A20044616461F460D46DFF87480816AE36A5F
S214010A308B421ED04B1C1CD0DFF860904846FFF757
S214010A40EEF90122494620460DF10703FFF7D4FFD0
S214010A5030B13B4620469DF807201049B04740B1CB
S214010A60D8F870114A1C07D0012D0DD0E36A9942BF
S214010A70E4D103B0BDE8F083D8F86C112046FFF747
S214010A802CFE012D0146D2D1D8F86C3181EA030241
S214010A90636C5B421A42ECD1C9E700BF48220020D2
S214010AA0E02000202DE9F0410F4616469846044600
S214010AB088B060B390F83450FDB10121FFF78BFD8B
S214010AC000210E9BCDE90511CDE902379DF83C309A
S214010AD0CDF804808DF81C30237C04968BB90D4923
S214010AE001AA04F10800FFF783FDDDE90553E06B79
S214010AF0002E08BF1D460CF0E8F9284608B0BDE8F0
S214010B00F0812046044A01ABFFF788FFEDE7054672
S214010B10F3E700BF77F700005D0D01002DE9F04116
S214010B20D0E90A369E42044686B028D11422C3690B
S214010B30456802FB1355284606B0BDE8F0812068DB
S214010B40676C331AB3FBF7F3E26B07FB0300D2F8CB
S214010B50148001A90522C04701A8FFF77AFD0128E4
S214010B6004D0636C1D44013B3340ED1A31462046E8
S214010B70FFF7B3FD0646A36AB342E0D1DBE70025E3
S214010B80F9E72DE9F04F0F469A46002389B004464F
S214010B904FF0FF31104690468DF80B30FFF73FF9C6
S214010BA0B7F5801F20D2394603AA04F10800FEF7E4
S214010BB037FE451C014605D1237CBBB92D2009B063
S214010BC0BDE8F08F4046FFF72AF90122414620464C
S214010BD00DF10B03FFF710FF0028EDD09DF80B3049
S214010BE08AF800300020EAE7B81CE5D1E66A711CF5
S214010BF02CD12046616AFFF751FD0646BB1C18BF83
S214010C000123DFF8C4B00093636A626C0193236822
S214010C1003A902FB0639E36B484605225B6909F125
S214010C2014099847002549464B1C05D0636C81EA98
S214010C3009025B4213420FD031462046FFF72EFDD4
S214010C40019BB3422FD085BB0646DDE72368F61A23
S214010C50636CB6FBF3F6D1E71A48FFF7E0F82046D7
S214010C60009A18490DF10B03FFF7C6FE8446B8B18A
S214010C70BA1C03D0DBF89431BB4211D145469DF82E
S214010C800B30DFF840E08AF80030BEE80F000FC5F1
S214010C90BEE80F000FC59EE8070085E80700654619
S214010CA0DBF89C11C0E7002D88D0B7F5801F99D2DC
S214010CB039469AF80030D8F8042004F10800FEF707
S214010CC0DFFD8FE774220020E02000202DE9F043AD
S214010CD085B00C4617461E460546DDF83080A0B3A3
S214010CE090F834309BB3B1F5801F32D2DFF86890AC
S214010CF00121FFF770FC214628460DF10F0309F587
S214010D00E072FFF73EFF044688B99DF80F30012BCD
S214010D1014D1D9F8D02106EB08039A4213D30090D8
S214010D2043463246394628460AF0FEFA0446E86B40
S214010D300CF0CBF8204605B0BDE8F083022B14BFBB
S214010D402D246024F3E76324F1E72124F2E711243C
S214010D50F0E72924EEE700BFE020002073B50D463A
S214010D60D11E4A421C461B7E4A419A4229D1296815
S214010D702368994225D36368994222D8124E0DF111
S214010D80070306F5F672FFF7FCFED0B9D6F8F02198
S214010D906B689A4215D19DF80730DA1E53425341CB
S214010DA0227E93420DD1636901336361D4E9032343
S214010DB0934206D22968A26842F8231023690133B8
S214010DC02361012002B070BDE020002070B500252F
S214010DD0044686B00562E369AB4202D8206A06B0D3
S214010DE070BD666C2068E36B05225B6906FB050037
S214010DF001A9984701A8FFF72CFC012898BF236A90
S214010E0005F101059CBF01332362E4E738B50446CA
S214010E10456C006804F1400305FB0101E06BFEF739
S214010E2005FE05462046FFF7D1FF284638BD2DE9C9
S214010E30F04100254FF0FF384FF6FF730446474652
S214010E402E46C0E9085386B0E369B3420DD8A5EB38
S214010E500805012D06D94FF6FF7300256362E36985
S214010E60AB4223D806B0BDE8F081E26B2368606C24
S214010E70D2F814C000FB0630052201A9E04701A8FC
S214010E80FFF7E7FB01280FD801A8FEF7A7FD874269
S214010E9088BF6662804528BF8046854238BF0546C2
S214010EA00746236A013323620136CDE7666C206864
S214010EB0E36B06FB050005225B6901A9984701352E
S214010EC0CDE72DE9F04F97B0CDE908230D460A6925
S214010ED0416CD31D1439B3FBF1F3013302EBC302AA
S214010EE0036B04469342C0F0D9820023DFF8C09218
S214010EF00C93E36AAD4819460693FEF790FFD5E9D1
S214010F0003370393099B022B40F02681CC2F40F038
S214010F10A682089B002B00F0F18000266868E36B30
S214010F20119601225B6911A908309847B04694F8DA
S214010F304230012B40F0AD80632E2DD9119B666C9B
S214010F40069A1293731E1340F61AE36B01225B692D
S214010F50686814A99847149B13F07E0F14BF0423E6
S214010F600823782F059340F20781012200234FF0D2
S214010F70080A04922A68C9F8A471C9F89421099A42
S214010F80032A00F01F81022A00F0C780049A002A73
S214010F9014BF00220722C4E0612E08D814AB3246E3
S214010FA029462046FEF79CFB9DF8503023B314AB30
S214010FB03246294620468DF84C80FEF791FB94F880
S214010FC04230DDF850A0012B52D14FF6FF739A45FF
S214010FD000F09280082214A913A8FEF7E1FC9DF800
S214010FE04C20CAF307239A4240F086805FFA8AFAB9
S214010FF0119B534411937FE094F84230012B2DD17D
S21401100032462946204612ABFEF76AFB29462046A1
S21401101013AB721CFEF764FB2946204614ABB21CC8
S214011020FEF75EFB0823102213A90DF143008DF88D
S2140110304330FEF7B5FC102214A9FEF7B1FC129B53
S214011040DAB2002A51D19DF84320B2EB132F4CD1CE
S214011050DDE9133203EB0243119346E0302E2BD920
S21401106043E09DF84320B2EB134F3ED1139BF3E7C9
S214011070BAF1FF3F40D0102214A913A8FEF790FC46
S2140110809DF84C20CAF307439A4235D11FFA8AFAD3
S214011090AEE7312E3FF652AF89D014AB3246294621
S2140110A02046FEF71DFBBDF85030002B7FF47FAFC6
S2140110B094F84230012BA3D032462946204612AB83
S2140110C0FEF70EFB2946204613AB721CFEF708FB03
S2140110D01023202213A90DF143008DF84330FEF7AB
S2140110E05FFC129B9AB2002ABBD094F84230012BC7
S2140110F014BF012302231E44013618E7039B012275
S2140111001B684FF0080A12932B680492C9F89431B1
S21401111008230593089BC9F8A471049AC2F1020238
S214011120D2B289F8A8214FEA9A020E92069A019243
S21401113000220A920D9207920B92606C019A411E50
S2140111401140421A002F3FD053449A4247D8236B8E
S2140111501B1A0B4423635BE1666C069A731E1340ED
S214011160782FA6EB030619D8EB7D8BB9089B002BCD
S2140111707FF4EBAE042305933B1DB3421AD9F7B1B6
S214011180082E3FF6F2AE042300229A460492F1E6B8
S214011190089B002B7FF4D9AE0823ECE7089B002BB5
S2140111A07FF4D3AE08230593DFE600BF7422002048
S2140111B0E0200020002304934FF0040ADAE604231B
S2140111C00497F9E7099AACE75245C0D3B846019BA4
S2140111D053440293079B002B18BF032314E0A2EB92
S2140111E00A02019B9742B846534428BF904697424D
S2140111F00293EFD90123D9F8A42189F8AB3197429C
S21401120043D1019AC9F89821079399F8AB31002B7D
S2140112103DD099F8AC210199D31C09EBC303C3F85F
S214011220981107990132A3F89C8183F89E1189F8D9
S214011230AC21B8F1000F14D0099B022B2BD10A9BCD
S2140112407BB90D9B4344032B0BD9E36B01229B69AE
S214011250029812A998470646002840F027810123E4
S2140112600A9399F8A8312E688D4A012B02EAC61610
S21401127028F07C4B40F289809A1E012A03D908F196
S214011280070303F07F031E4385E00223BCE7019BAF
S214011290C9F89831CDE7089B002B31D1039BB8F1F3
S2140112A0030F03EB080B28D9DDE90201E36B4FEAD4
S2140112B098029B6998470646002840F0CA8018F0B5
S2140112C003025FD0039B28F0030633440393029B7B
S2140112D01E444FF0FF33039913A8139323F064F8C9
S2140112E0E36B304601229B6913A998470646CDF861
S2140112F00CB0002EB5D0029B6FE04246029EE8E796
S21401130005F12003DDF808B00F93EB7D68689BB10B
S21401131000232E7E0B9AD9B28E4211D90F9903F172
S214011320010C31F83310914226D9059905EBC30318
S214011330D8690A44104403E00B9B059A13441844E9
S214011340E36B01225B6913A99847139B0122119352
S2140113500B9B584604330B93E36B11A99B69984783
S214011360029B06464344A3EB0B03042B07D9002834
S21401137072D10BF1040BC8E76346521ACBE7CDF8DE
S21401138008B0B6E7CDF80CB06BE7079A43EAC2633C
S214011390334343F060464FF000038DF84C30049B16
S2140113A0CDE9146B002B49D0202214A913A8FEF70F
S2140113B0F7FA1A2215A9FEF7F3FA9DF84C304BEA14
S2140113C083631593E36B0E9A9B69019814A998475A
S2140113D0019A061E0C9B18BF134652460C932046D4
S2140113E043460199FFF7A2F9236B08F10302A3EB29
S2140113F00A0322F003029B1AC9F89C012363002EFC
S21401140054D10D9BA7EB080743440D93029B019310
S21401141020460199FFF761F900230190002F7FF420
S2140114208CAE204A04F10800D2F89C31D2F89821FB
S214011430E3622968099BFEF723FA11E01B2214A92F
S21401144013A8FEF7ADFA9DF84C3046EAC36614962B
S214011450B8E7CDF80CB04EE7CDF808B04BE77027EB
S214011460384617B0BDE8F08F002760E004F10800A9
S214011470FEF79DF93B46394620460B4AFFF7CEFA62
S2140114802A69616CD31D1439B3FBF1F3013302EB06
S214011490C302236B9342BFF42CAD6DE01C27DFE73C
S2140114A080FFFF07E020002031F900003D2E63D1C8
S2140114B004F1080301932768069B2046E16AD4F8E5
S2140114C044A0A3EB070BFFF708F9A26ABBFBFAFBE4
S2140114D08242D5D0616CD9F89C2101F1FF3C02EA29
S2140114E00C0C226B0C9B521A624422632268E06247
S2140114F09A1AB2FBF1F8C345B6D10AFB0877069BE8
S21401150007F1140BB3EB0B0711D0E36BBA0859467E
S2140115109B6998478246E26A069B3A44E262226BDE
S2140115200198D21A5A442263FEF741F957462368B6
S214011530616CE06B01FB0831FEF71FFA2046FFF7EE
S21401154045FC2046FFF773FC626A616C23682046FF
S21401155001FB02331433A362FFF7E0FA2063002F86
S21401156084D02A69616CD31D1439B3FBF1F30133BE
S21401157002EBC30290429ED2374671E7F7B5089C4C
S214011580032A1646256805D1237A012B25D001208A
S21401159003B0F0BD274F28460DF1070307F5F67295
S2140115A0FFF7EFFA60600028EED1D4F800E0D7F834
S2140115B0F001DEF82810DEF844C04840CCF1000304
S2140115C01840227AE0D1012A09D1E268D7F8FC3125
S2140115D013446A69934202D92074207CD8E7DEF866
S2140115E00020DEF82C30891A9B1AB3FBFCF3B1FB02
S2140115F0FCF18B420DD1696CEB6A4A1E13402A6BD3
S214011600521A13442B6325682846A96AFFF765F822
S214011610E862D7F8FC21E36808321344E36001224C
S214011620334605492068FFF74CFC60600028ABD0C4
S2140116300020ADE7E0200020CC220020032A2DE97F
S214011640F34106460D4617461C4606D1237A012B62
S21401165024D0012002B0BDE8F081DFF8608009687F
S2140116600DF1070308F5F672FFF78BFA60600028A4
S214011670ECD19DF80720237A032AE7D0D8F8F01199
S2140116806A689142E2D1012B2969D4F80CC007D1CE
S21401169072690CEB0103934202D92074207CD9E7CE
S2140116A008316144E1603B46012229463046FFF796
S2140116B008FC60600028C9D00020CBE7E0200020AD
S2140116C02DE9F34104461F46164688462C4D4FF039
S2140116D0FF3105F5F670FEF7A2FB9DF820300022DB
S2140116E0204605F5F671C5E97E67C5F8EC81FFF77A
S2140116F0E8FB236E0746002B3DD020466169FEF7C6
S2140117003DFF626E236B024493422CBF00220122EE
S214011710984228BF0023257C38BF1B1A002684F870
S2140117205020636584F85850D5B1DFF858803346A9
S2140117303246314620460196CDF80080FFF7B2F9D1
S21401174001230546CDE9008332463346314620461D
S214011750FFF7A8F9E36805449D4294BF3546ED1AA4
S21401176094F85030E56513B994F858301BB1236EE0
S21401177004F150009847384602B0BDE8F08100BF3A
S214011780E0200020FFFF0F002DE9FF410F469046A5
S2140117901E460546002847D090F83430002B45D029
S2140117A0B1F5801F44D2234C0221FEF714FF04F545
S2140117B0E072394628460DF10F03FFF7E2F90246BB
S2140117C020B16B699E4219D9622410E09DF80F3052
S2140117D0012BF6D1D4F8D0118E42F2D100934146B6
S2140117E03346284609F0A0FD04460028E9D1E86BF7
S2140117F00BF06BFB204604B0BDE8F08128460AF0EA
S21401180079F831462846FEF7B9FE2C6B844209D397
S214011810012342460093394633462846FFF750FFD8
S2140118200446E4E71C24E2E72124E3E71124E1E788
S2140118302924DFE7E02000207FB50C46054648B3A3
S21401184090F8343043B3B1F5801F27D20221FEF75A
S214011850C2FE21462846124A0DF10F03FFF791F901
S2140118600646A8B99DF80F30032B11D028460AF07A
S21401187041F8032321460093324633462846FFF7B4
S2140118801FFF0446E86B0BF020FB204604B070BD3A
S2140118902D24F7E72124F8E71124F6E72924F4E7B5
S2140118A0A0220020F0B504460D46466CE36B0068A6
S2140118B087B005225B6901A906FB0500984701A8C8
S2140118C0FEF7C7FE012804D801A8FEF787F807B07F
S2140118D0F0BD29462046FEF7E1FE0646676C206805
S2140118E0E36B05225B6901A907FB0600984701A87F
S2140118F0FEF774F8431CEAD0B54238BF0130E6E77C
S2140119002DE9F04F4FF0FF334FF6FF7200250446E6
S21401191000F10808C0E909238BB0C36205620563BC
S21401192040468B46FDF743FF2046FFF74FFA40BB84
S2140119304FF6FF79676A00264F4514BF3D460025DE
S214011940E3699E423BD32046FFF740FA08BB5E2080
S21401195028E02368E26B606C566900FB05300522BF
S21401196005A9B04705A8FEF774FE01281DD1294632
S2140119702046FFF797FF421C29462046FFF746FA06
S2140119800135E3699D42E4D32046FFF71FFA00289C
S214011990CED02046FFF74BFA4FF6FF72636A9342AA
S2140119A037D167200BB0BDE8F08F0338C0B20128ED
S2140119B0E6D829462046FFF775FF0246DCE7E26BCC
S2140119C02368606CD2F814C000FB0530052205A917
S2140119D0E04705A8FEF73DFE022807D04F450DD18A
S2140119E00BF1010229462046FFF710FAE36901359B
S2140119F0B5FBF3F2013603FB1255A1E72946204653
S214011A00FFF750FFB0F1FF3F14BF02465A460132BE
S214011A10E8E7E26B666C206855696946052206FBB5
S214011A200300A847626A616C23684B4D01FB0233D1
S214011A301433A3624FF0FF336FF00101E3622046D7
S214011A4005AB05F5F672FFF79CF8002849D1D5F8E5
S214011A50F45129462046E562FDF729FE206320B9A8
S214011A602046E16AFEF739FEE06229462046FEF787
S214011A7034FE0546A36A9D4235D12046FDF700FE99
S214011A80002607463546E3699D423ED3B74257D9FD
S214011A902046616AFEF702FE4FF00008054604F193
S214011AA0400A464512D8626C2368694602FB05392E
S214011AB0E36B05225B69484698476846FDF78EFF4B
S214011AC0534602464946E06BFDF7B0FF29462046DD
S214011AD0FEF7E4FD08F1010847450546E1D164201B
S214011AE060E7A56AB5E729462046FDF7E0FD236BCA
S214011AF029460344064623632046FEF7EEFD0546C7
S214011B00002EB7D1C4E90B06B4E7626C236805A9B9
S214011B1002FB0539E36B05225B694846984705A831
S214011B20FEF797FD012809D8204609F11401FDF7B3
S214011B30BEFD636C143B984208BF01360135A2E72F
S214011B404046FDF734FE002320461946034AFEF7B9
S214011B5065FF002026E700BFE020002031F90000E5
S214011B6000232DE9F047A24CA24FA34E94F834501F
S214011B70D7F81882D6F80090C7F8183215B322683D
S214011B804A4540F0288171686268914240F023819D
S214011B90B168A268914240F01E81F168E268914204
S214011BA040F0198131696269914240F01481B1694E
S214011BB0E26B914240F00F811D467269A261284690
S214011BC0BDE8F0875822294604F11000D4F838A061
S214011BD022F0CBF9736804F1080063603369C4F836
S214011BE038A063617369C4F80090A361D6E9022343
S214011BF0C4E90223FDF7DBFDB36904F14000E363AA
S214011C009B68984700284AD1616C11B16368B3FBA1
S214011C10F1F194F84330E161002B00F0DE800023FF
S214011C20656C2366002D00F0E080002900F0DD8061
S214011C302368B3FBF5F205FB1233002B40F0CF808F
S214011C40D4F80490B9FBF5F605FB1696002E40F085
S214011C50C6806748FEF7ADFC8145C0F0C28040F6FD
S214011C6034726369CC3B934200F2BD80B5F5805F68
S214011C70C0F0BB8003215E48FEF7ADFCD4E900014D
S214011C80E36B1B6898470546E36B0220DB689847C1
S214011C903DB184F83460E06B0BF017F98FE7294605
S214011CA0B7E741465248FFF72BFE6428054604D1A4
S214011CB041464F48FFF724FE0546636C143B75BB4F
S214011CC0226A4B4802FB03F6FEF773FC864203D2F8
S214011CD084F834505A25DEE70123D4E9006084F8FD
S214011CE03430D7F81C32D7F820820133C7F81C32BB
S214011CF0FDF792FF1F2816D8BFF35F8F05223F4BD3
S214011D00C3F894205A6A42F480325A62BFF34F8F66
S214011D10BFF36F8FBFF34F8FBFF36F8FBBE7002308
S214011D2084F83430B7E74FF0000CF10600F1FF30CD
S214011D3018BF26F01F0106EB00030CBF3146203109
S214011D40DA062E4A18BF23F01F035FFA8CF080458F
S214011D5026D8D2F8C00021F01F0120F47F4040F4BD
S214011D608070C2F8C00041F00301EFF31186302005
S214011D7080F31188D7F8200223F01F0343F00303F2
S214011D80C2F89800C2F89C10C2F8A03086F31188F9
S214011D90BFF36F8FD7F820320133C7F82032ABE795
S214011DA0C2F89800D2F89C00D2F8A06020F01F007C
S214011DB0884226F01F0601D19E429DD08E4201D355
S214011DC0984299D9D2F898000CF1010C20F0FF0046
S214011DD0C2F89800B9E75D25F1E62125EFE6592519
S214011DE0EDE65A25EBE65F25E9E65B25E7E600BF6B
S214011DF0800F0020E02000207C77002000ED00E02E
S214011E00034B5A6812B19A6A002AFAD1704700BF8A
S214011E100040065030B40446EFF3108072B62568D1
S214011E2085EA02030B406B40236030BC2CF038B9C6
S214011E302DE9F0411F4B0446D3F810334B1E0E2BF1
S214011E400D46174621D929B34FF00008207861784E
S214011E50EFB12CF044FA63782678072B06EB46069A
S214011E604FF00F014FEA061616D89B00124808FAE3
S214011E7003F299403044FFF7CDFFC5B92078617869
S214011E808FB1BDE8F0412CF02ABA8846DEE709F0AA
S214011E9025FDE0E78846DEE7083B9B00074808FA91
S214011EA003F29940E6E7BDE8F04109F017BDBDE849
S214011EB0F08100BF00C0035004C003500CC00350A3
S214011EC010B560B1EFF31184302383F31188FFF767
S214011ED0AFFF84F31188BFF36F8F002010BD22205F
S214011EE0FCE737B50B460446002831D000F118024E
S214011EF00D79D1E9000182E803001B7905F001059F
S214011F001A071FD5237C002B0CBF0A21072130227C
S214011F10237A607A8DF80430534303F1A043A17409
S214011F208DF8050003F570331A69C24002F001020C
S214011F3001A8FFF77DFF2946204603B0BDE83040E3
S214011F40FDF749BF13F0100F14BF04210221DEE78D
S214011F5003B030BD2DE9F047044678B3037F9D07F3
S214011F6003F004092CD5B9F1000F0CBF4FF001099D
S214011F704FF00409002900F0B180227A667A676979
S214011F80EFF31188302383F31188FF2AE36873D0B7
S214011F9064491D46D1F81003581C19D0002B32DABB
S214011FA05A1C40F08C8088F31188BFF36F8F4FF472
S214011FB0A062E368626003F007032360BDE8F08770
S214011FC0B9F1000918BF4FF001094FEA4909D1E7F5
S214011FD0D1F82414354621FA06F3DB0706F0FC0097
S214011FE011D500230133DBB2042B03D14FF0FF33AD
S214011FF0E360D8E7F51805F00305054421FA05FC6A
S2140120001CF0010FEED1072D10DC03214FEA850AE3
S214012010454802FA0AF201FA0AF1FFF7FBFE06F05A
S2140120200302424802FA0AF2FFF7F4FE012319F00E
S214012030050F3F4A18BF3F4903FA05F30CBFC2F824
S2140120401034C1F8103419F0060F18BF394A681C4D
S214012050C2F814344FF00103354A03FA05F3C2F807
S2140120602034E5609FD0344B43F83570E26803EBCB
S214012070C20300225A602AE0591C17D1294B06F0E8
S214012080FC00D3F82414334621FA06F2D2070CD505
S21401209000220132D2B2042A85D0B31803F003031A
S2140120A0034421FA03F5ED07F3D4E360224A42F82C
S2140120B03370E36802EBC3020023536073E71E4AE2
S2140120C042F83370E36802EBC30200235360012336
S2140120D0E2689340174AC2F8243464E7E3685A1C5E
S2140120E03FF46CAF0F2B15D8EFF31185302282F336
S2140120F0118801220E489A40C0F82024C0F82424F2
S2140121000D4A42F8331002EBC302516085F3118881
S214012110BFF36F8F0023C4E900334FF0FF33E36052
S2140121204CE700BF00C0035000C4035008C403506E
S21401213000E0035000D00350E0200020002307B544
S21401214001930D281ED8DFE800F0071D1D1D1D197F
S21401215021262B3A3F445366384B1B6F03F0070387
S214012160013B032B0ED8DFE803F0070205410423E9
S214012170019307E00323FBE70223F9E7002001A907
S214012180FDF758FF019803B05DF804FB002001A994
S214012190FDF720FFF6E7002001A9FDF7C9FCF1E7EE
S2140121A0264BD3F8603103F00303022B41D0032BF7
S2140121B041D0012B08BF082318BF0123D8E7002010
S2140121C001A9FDF7B3FEDDE7002001A9FDF7D8FE62
S2140121D0D8E71A4BD3F8003103F00303022B28D0BB
S2140121E0032B03D0012B08BF0323E5E70623BFE734
S2140121F0124BD3F8803003F00303022B03D0032BDA
S21401220005D00023B4E729F0E5FC0B23B0E729F05D
S214012210F9FC0523ACE7094BD3F8403203F003037E
S214012220022B06D0032B06D05A1E53425341DB0025
S2140122309EE707239CE709239AE700BF008000502A
S21401224038B5184CFF28A26A2AD8A36D13F4803F2C
S21401225018BF0121144B18BF996202219962A56D1E
S21401226015F08045FBD11149A36991F9241223F495
S2140122707F03014423F47F4381F3080143EA0023EB
S21401228043EA0143A36102210948FFF7C3FDA36D99
S214012290DB0303D501210648FFF7BCFD284638BD00
S2140122A02125FBE700C0005000D00050E0200020B0
S2140122B028C0005038B50F4CA26AA36D13F4803FB6
S2140122C018BF01210C4B18BF996202219962A36DB8
S2140122D05900FCD402210948A569FFF79BFDA36DAF
S2140122E0C5F30725DB0303D501210448FFF792FD5B
S2140122F0284638BD00C0005000D0005028C000500D
S214012300014B83F824027047E0200020014B93F92B
S21401231024027047E0200020012312481249826AF5
S2140123208B62836D03F00303032BFAD102238B62C6
S2140123300C498B6D5800FCD40C488B6D30EA0303B6
S214012340FBD10121084B1965A3F58053996D8907C7
S214012350FCD4996D8807FCD5996D8907FCD50321B6
S214012360034857E500C0005000D0005003000100AC
S21401237028C00050012370B5C4B2A3401D4C22F002
S214012380030223650D6804F5005444F820503025F7
S21401239068434C7B00F1A04000F580200466CC7AAF
S2140123A08E7A240544EA06440E7B44EA4654C46504
S2140123B00267EFF3118485F311880F4A5365087A93
S2140123C000B11364487A00B1936308798A7942EAC6
S2140123D00042084882614D79CA79074942EA0542B6
S2140123E08A61064A4363936484F31188BFF36F8F4F
S2140123F070BD00BF002004500010045000000450BF
S2140124000123C0B28340EFF31180302282F311889A
S214012410054A516D21EA03015165936280F31188E3
S214012420BFF36F8F704700BF000004500123C0B296
S2140124308340EFF31181302282F31188074AD06A74
S214012440184209D1526B93430CBF0120002081F33F
S2140124501188BFF36F8F70470020F8E70000045023
S214012460114321F0F8014904034B490C41F4402182
S214012470063043F82010704700800350021E30B526
S2140124804FF000000CBF0C25042547F607740849D9
S21401249052B9831D51F82330234023B101308542C0
S2140124A0F6D14FF0FF3030BD00F11203F2E700BF66
S2140124B0008003503AB122F0030202F1A04202F575
S2140124C0603209B9106070470002FBE7044BD86917
S2140124D0421C02BF034AD2F89400D861704700BF7D
S2140124E07C77002000400050054B5B69C3F38512E2
S2140124F0827003F03F021B0B42700370704700BFEF
S21401250000C0075007B5014601A8FFF7EDFF9DF88B
S214012510063001220B804FF4807300204B80054B60
S2140125209B680A3303F01F0302FA03F34B6003B000
S2140125305DF804FB0080E00F014B986CD96C704786
S2140125400080E00F0028ACBF00F16040064B4FEA68
S2140125500111C9B2ABBF00F5614000F00F0080F871
S21401256000131954704700BF14ED00E038B5EFF3BF
S2140125701183302282F311881C4802782AB183F332
S2140125801188BFF36F8F1A4838BD0121017083F39C
S2140125901188BFF36F8F174B4FF400151A731A7714
S2140125A083F82C2083F83C2083F84C2083F85C20A9
S2140125B083F86C2083F87C200F4B104C5960FF2168
S2140125C09A609A6199624FF000419A631A6459655C
S2140125D04FF0FF3103F50053196515200821C4F8A3
S2140125E08051FFF7AFFF25601046CDE708160020A3
S2140125F0038000F00C1600200000045000E100E00B
S2140126000E2070470E20704770477047002307B5AD
S21401261001A9019308F080FF019803B05DF804FB5F
S2140126202DE9F74F002800F0F8807E49D1F82832CE
S2140126309842C0F0F480D1F82C221344984280F0DE
S214012640EE80D1E98F4CEFF3118B302383F31188A1
S21401265010F8083C30F8067CDB07A0F1080500D529
S2140126603FB98BF31188BFF36F8F012003B0BDE82C
S214012670F08FD1F83062D1F83892A6EBC703C1F8D3
S2140126803032009309F10103C1F8383230F8048C76
S2140126907A1CB8F1000F41D0A5EBC803DE8810F80C
S2140126A008EC01961E78B3F802A0F6070EF0020EAB
S2140126B027D4BEF1000F27D1019EA6EB0A0EBEF16C
S2140126C0010F2BD1009E0237083E07EB0A02C1F824
S2140126D03892C1F8306230F802ECBEF1000F1FD11B
S2140126E010F8085C20F806EC6EF3000500F8085CAC
S2140126F0013A5A801A786EF300021A700022DA80C4
S21401270043E0BEF1000F09D010F8086C42446FF3A5
S214012710410600F8086C00269E80DCE72B46DAE7C7
S21401272005EBCE08D1E98A673744B8450ED310F8D1
S214012730085C013A6FF3000500F8085C002520F8F4
S214012740065C5A801A7865F30002D6E715F83E5003
S214012750464615F0010530F8067C30D010F8085CC6
S214012760013A6FF3000500F8085C002592B220F8E4
S214012770065C5A801A7865F300021A70C3F10702E4
S2140127803244C2F3CF02DA80B280002C43D09C429E
S21401279041D86288002A08BF1C46BCF1000F06D04B
S2140127A09C4504D3BCF80220002A18BF6346C1E941
S2140127B08F438BF31188BFF36F8F002056E7AEEB84
S2140127C0070EBEF1010FC9D1B8F80270A8F8025081
S2140127D01744B8F80620E2B108EBC2060025D1F886
S2140127E03822013AC1F83822D1F83022083AC1F825
S2140127F0302210F8082C20F8065C6FF3000200F86F
S214012800082C1A785F8065F300021A70002EB5D185
S21401281074E71646E2E71C46BFE7222026E70023B8
S2140128205B69FFDEE0200020FAE610B5044604F0FE
S214012830A7FE2046BDE81040F2E6002313B501933B
S21401284069B160B101FB00F401A9204608F064FEFD
S214012850014620B9019810B1224621F086FB019865
S21401286002B010BD42F21073994270B504460D468F
S21401287002D96FF00F0070BDC3888B4213D20421BA
S2140128802846FFF7DAFF06460028F2D0216841B154
S214012890E288920021F088FDE1882068890004F032
S2140128A0EFF8E58026600020E5E70023F7B5112163
S2140128B004468DF80330FFF7D5FF0646002840F0A2
S2140128C04D8125680DF103022B6801A8296A019341
S2140128D0FDF76EFA696AFDF76BFAE96AFDF770FAB9
S2140128E0296BFDF76DFA696BFDF76AFAA96BFDF7BF
S2140128F067FA019B9DF903102B60256800296B6818
S2140129008DF80360019380F22C814942FDF758FA55
S2140129100DF1030201A8696AFDF74AFAA96AFDF7F3
S21401292047FA296BFDF74CFA696BFDF749FAA96B73
S214012930FDF746FAE96BFDF743FA019B9DF9031093
S2140129406B602568AB680193002399428DF80330CC
S21401295080F20A814942FDF733FA0DF1030201A81C
S214012960A96AFDF725FAE96AFDF722FA696BFDF710
S21401297027FAA96BFDF724FAE96BFDF721FA019B0B
S2140129809DF90310AB602568EB680193002399421B
S2140129908DF8033080F2EB804942FDF711FA0DF114
S2140129A0030201A8E96AFDF703FAFDF701FA296BAC
S2140129B0FDF7FEF9FDF7FCF9696BFDF7F9F9E96B2F
S2140129C0FDF7FEF9296AFDF7FBF9696AFDF7F8F9E3
S2140129D0019B9DF90310EB6025682B690193002389
S2140129E099428DF8033080F2C5804942FDF7E8F937
S2140129F00DF1030201A8296BFDF7DAF9FDF7D8F905
S214012A00696BFDF7D5F9FDF7D3F9A96BFDF7D0F999
S214012A10696AFDF7D5F9A96AFDF7D2F9019B9DF917
S214012A2003102B6125686B690193002399428DF889
S214012A30033080F2A2804942FDF7C2F90DF103028C
S214012A4001A8696BFDF7B4F9FDF7B2F9A96BFDF7BB
S214012A50AFF9FDF7ADF9E96BFDF7AAF9A96AFDF73C
S214012A60AFF9E96AFDF7ACF9019B9DF903106B61BB
S214012A702568AB690193002399428DF803307FDA0C
S214012A804942FDF79DF9AF6B0DF1030201A83946E6
S214012A90FDF78EF9FDF78CF9E96BFDF789F9FDF77E
S214012AA087F93946FDF784F9696BFDF781F9296ADB
S214012AB0FDF786F9696AFDF783F9019B9DF9031015
S214012AC0AB612568EB690193002399428DF80330C9
S214012AD059DA4942FDF774F90DF1030201A8E96BD1
S214012AE0FDF766F9FDF764F9FDF762F9296AFDF766
S214012AF05FF9A96AFDF764F9E96AFDF761F9296BDF
S214012B00FDF75EF9696BFDF75BF9019B9DF9031013
S214012B10EB61236821EAE1721A6200200823E28849
S214012B2001339A4232D8002918DA00232068C258A5
S214012B30D243C2500433242BF8D100232068C25854
S214012B400132C2502268D05810B90433242BF5D173
S214012B504FF6FF73A380136A5B1A1362304603B005
S214012B60F0BDFDF725F9D3E6FDF722F9F5E6FDF709
S214012B701FF914E7FDF71CF93AE7FDF719F95DE7C8
S214012B80FDF716F97FE7FDF713F9A5E7226842F886
S214012B902300C4E710B568210120FFF74EFE044666
S214012BA018B16822002121F0E0F9204610BD10B5C9
S214012BB024210120FFF741FE044618B124220021FA
S214012BC021F0D3F9204610BD002337B50D46144633
S214012BD00193FAB1434203F003031844C2E9021019
S214012BE0684301A908F098FC60B90246019B013DC3
S214012BF0C4E9003391B28D4202F1010204D84FF0CC
S214012C00FF321A6003B030BDE16819441960E1680B
S214012C100B44EFE72220F5E7FEE70846FFF7F6BC90
S214012C200846FDE40846114607E6002303604360B4
S214012C30704710B50E4A92F85032C3B902240D48B7
S214012C400D49C2F84C32091AC2E98A010139C9088C
S214012C50C2E98F0082F84442FFF7E7FF418008216E
S214012C600123C2E98C11C2F8383282F8503210BD05
S214012C70E0200020E07800200080012000232DE9DC
S214012C80F347874F0193D7F82C320C469A421046E9
S214012C9004D239B912B101A908F03EFC019802B07C
S214012CA0BDE8F0871AB90846FFF7BAFCF6E7EFF376
S214012CB01188302383F31188A1F1080C31F8061C22
S214012CC007304FEAC10920F00705A9457BD234F841
S214012CD0023C002B65D0591A012962D10CEBC306C0
S214012CE01CF83330DA075CD47388A9EB050212EBC3
S214012CF0C30256D41F2A34DDC5F3CF0324F8063C9D
S214012D000133601924F8023CD208FFF78EFF428097
S214012D1034F8023C8380F38803B37188591A11FA98
S214012D2082F292B206EBC303C2809A800022314639
S214012D3008F0AEFB3046FFF778FFD7F83032D7F809
S214012D4034222B44A3EB090393420194C7F8303293
S214012D5036D888F31188BFF36F8F9FE70023C380AF
S214012D60E4E7D7F83832013BC7F8383234F8063C86
S214012D7072880133134424F8063CF2886AB17188DC
S214012D80511A11FA83F39BB206EBC20224F8023CF5
S214012D909380012231466046CAE7002324F8023CAC
S214012DA0F7E7284601A908F0B7FB0028D1D14A4623
S214012DB02146019821F0F8FA2046FFF731FCC8E7D2
S214012DC0C7F83432C5E768D934F8023CA9EB0506E2
S214012DD05A1E521ABBB30CEBC30A1CF83330DB077E
S214012DE032D48ABBC5F3CF0324F8063C01336019FD
S214012DF024F8023CFFF719FFBAF8023003EBD603BA
S214012E00438034F8022C8280BAF80620CAB1BAF898
S214012E100210511A11FA83F39BB20AEBC202C38065
S214012E2093800022514608F033FB5046FFF7FDFE23
S214012E30D7F8303201941D44A5EB0905C7F8305286
S214012E4087E7C280EDE79A46272EF1D9C5F3CF036F
S214012E5024F8063C013E0133601924F8023CF608CA
S214012E60FFF7E3FE468034F8023C8380BAF1000F98
S214012E7010D0013212FA86F6B6B2C680AAF80460FD
S214012E800022D7F8383211460133C7F8383208F035
S214012E90FFFACDE7A0F806A0F2E7019459E700BFD4
S214012EA0E02000204FF0B0439A6A1207FCD4186A5B
S214012EB070472DE9F84FEFF31189302383F311881A
S214012EC04FF0B0435B695A4903F0010213F0080F53
S214012ED003F00D034B6110D14AB1564AD2F8543271
S214012EE00133C2F854322AF007F92AF0A5F889F31B
S214012EF01188BFF36F8FBDE8F88F4E4F42B1D7F8F8
S214012F0054320133C7F854322AF0F6F82AF094F80E
S214012F10EFF31185302686F311884FF0000A2AF068
S214012F20EBF8D046D7F8F0400CB1636903B3002341
S214012F30B8F1010F87F85D3204D11AF0020F18BFFD
S214012F4087F85D822AF078F822280CD101223A4BC4
S214012F5083F820204FF0B042D36B23F00303D363F2
S214012F600822334B9A6185F31188BFF36F8FBEE752
S214012F7023465A693AB91A792179914288BF1C4683
S214012F809B68002BF5D185F31188BFF36F8F2569F8
S214012F90E5B1FFF787FFA369A0EB030A4FEAEA72E0
S214012FA0AA4572F1000212DB2B44A361E36813B158
S214012FB0204621689847B4F806A008F10108EFF307
S214012FC0118586F311882AF097F8ABE7AA46EFF346
S214012FD0118B86F31188204629F074FF8BF3118834
S214012FE0BFF36F8F2369002BE0D0A38BB5EB0A01EB
S214012FF033B1E28B13449BB2B3F57A7F10D2E383ED
S214013000EFF3118586F31188204629F0D7FFA369CF
S21401301022691344A36185F31188BFF36F8FC5E757
S214013020A3F57A73E383A3690139013BA361E7E75B
S21401303000200058E02000207C77002070B5044670
S2140130400E46EFF3108572B64288818803888A425D
S2140130500FD21344B3FBF1F001FB1033013204EB42
S2140130608303DE606280012328462BF019F8184698
S21401307070BD82685AB9238804EB8302D660A288A1
S2140130800133B3FBF2F102FB11332380EBE700EBD4
S2140130908303D968904703460028ECD1E4E703464A
S2140130A0006818B102681A6000230360704703685D
S2140130B003B970478B4204D10B68036000230B6091
S2140130C070471846F3E74FF0FF307047FEE70020E1
S2140130D0704701207047012070474FF0FF3070475E
S2140130E0002070470020704700207047064B70B5DF
S2140130F006460D46144600215822184620F035FF94
S214013100C0E90965C46270BD681700207047704742
S214013110034B986880F48050C0F30030704700BFBE
S214013120C4170020F8B51F4D04466A6A002A38D035
S214013130810528D5EF78FFF7EBFF80F00101064601
S21401314007F001071046C9B227F043FADFB1D6B936
S214013150686A16F0A3FE05280ED1134B93F8792260
S21401316052B193F878220432D2B203EB8203D3F839
S21401317060220132C3F86022AB6A984700220B48EE
S214013180114609F0A1FEA3060BD5074B93F878224A
S2140131900232D2B203EB8203D3F860220132C3F8C3
S2140131A06022F8BD68170020E0200020A817002044
S2140131B038B51D465306144610D5104A1079917835
S2140131C08007937915D552798A4212D3994294BFD2
S2140131D00321002100220A4809F076FE094B1C4211
S2140131E004D000220648114609F06EFE2046294604
S2140131F038BD99428CBF00210121EBE768170020FA
S214013200A817002009500100704770B5032916461B
S2140132101C46049D01D9212070BD02D127F0A6F9D4
S21401322001460D4B93F886228A42F4D9D3F87C02E4
S21401323009B201EB410100EB810116B1B1F904308D
S214013240338014B1B1F90630238015B1B1F90830D5
S2140132502B800020E0E700BFE02000202DE9F043AE
S2140132602B48079F90F8864294424DD9D0F87C624D
S21401327002EB42024FEA820C16EB820246D05089DC
S214013280002843D0B2F90440B2F906508C42B2F994
S21401329008E02FDCA942A8BF2946BEF1000F35D0B1
S2140132A000F1FF381FFA88F80EFB08490A1B92FB4B
S2140132B0FEF24D45D8BF404692B2904202D3A94293
S2140132C018BF104656F80C2052F8206002EB800C0E
S2140132D018B15CF8048D46450ED08D421EBF1EFB0C
S2140132E000F1091909B2994209DC00203E60B98053
S2140132F0BDE8F0832146D0E7013880B2E8E7002830
S214013300F3D0013880B2DFE70E20F1E70220EFE7C5
S214013310E020002030B50546144685B0AAB1032941
S21401332013D802D127F022F9014602AB00930A46D0
S21401333047F6FF732846B4F90010FFF78FFF10B960
S214013340BDF80C30238005B030BD2120FBE710B559
S214013350084C204627F038F920B994E80700064BB8
S21401336083E80700BDE8104001214FF0FF3027F049
S2140133702DB900BF1CF303005C23002010B50446E2
S2140133800A2127F001F940F6E441204627F00CF91E
S214013390002010BDFF207047004870470080FFFFE7
S2140133A0044BD3F88832584043085B4240421843E6
S2140133B0C0177047E02000202DE9F0410D46C9886E
S2140133C004461646FFF74EFA014618BB3046FFF78D
S2140133D0E7FF03461C4EB4F90420D6F888020132F2
S2140133E0584022EA0002B5F90400013018400243B1
S2140133F0013AA280D5F800E02268B5F80680724549
S21401340003D08C46043AE04507D8DB43EA88E088D7
S214013410824211D30846BDE8F081D6F8887252F888
S214013420040F5F4020EA07005EF82C700CF1010CD7
S2140134301F4038431060E6E7256855F8220018401B
S21401344045F822000132E2E7E0200020F8B5054603
S2140134508D420E46104601D10020F8BDFFF7A0FFB1
S214013460C98804462846FFF7FDF90028F5D13046FD
S214013470E988FFF7F7F90028EFD11E4AB6F90430BC
S214013480B5F90410D2F8880201310133604021EA0F
S214013490000023400343013BAB80B6F90430D2F869
S2140134A0880201336040214023EA00030B43013BBD
S2140134B0B38031682B68EE888B42CDD0043903EB9C
S2140134C086069E42C8D0D2F888021D6851F8047F4D
S2140134D0604025EA00002740384343F8040BD2F841
S2140134E088720868674020EA07002540284308607C
S2140134F0E7E700BFE020002010B5044648B10068A9
S21401350018B1E188890003F0BBFA00220123C4E95F
S214013510002310BD38B504460D4619B9FFF7ECFF78
S214013520002038BDC2888A4207D100210068920077
S21401353020F01BFD0123A380F2E7FFF7DDFF2946FC
S2140135402046BDE83840FFF78DB9884270B505467C
S2140135500E4609D0C988C28841B92AB10123920012
S2140135608380006820F001FD002070BD4C1E8CB9E0
S214013570B6F904300134A242AB8012D22146284665
S214013580FFF770F90028F0D131682868A20020F012
S2140135900BFFE9E7336853F82430002BE8D1013CF0
S2140135A0E5E72868121B0021920000EB840020F05A
S2140135B0DCFCE9E770B50E4601210446FFF752F937
S2140135C0054648B9E28801469200206820F0CDFC05
S2140135D023681E600123A380284670BD2DE9F341B0
S2140135E0054688461646CF883FB1D8F8003003EB2B
S2140135F0870353F8043C33B13EB90021284602B094
S214013600BDE8F041D6E7013FEEE72846791CFFF713
S21401361029F9044670B941462846FFF796FF044645
S21401362040B9013E00963B46D8F80020E988286854
S21401363008F078F8204602B0BDE8F081C388B1EB07
S214013640431F3FBF03684A0953F8220001F01F01D8
S2140136503ABFC84000F0010000207047F8B5C388A3
S2140136600646B1EB431F0C4617464FEA511514D2D6
S2140136700122316804F01F0451F82530A24023EAE4
S214013680020341F82530326807FA04F452F825306F
S214013690234342F825300020F8BD002AFBD0691CE0
S2140136A0FFF7E0F80028E3D0F6E72DE9F84312F03B
S2140136B0030318BF012303EB920689463146804671
S2140136C01546FFF727FF044670B9B8F80620D8F864
S2140136D00070964218D83FB101469200384620F055
S2140136E044FC23469D4202D12046BDE8F88319F8E2
S2140136F00310DA0023F0030002F0180291403A5852
S21401370001330A433A50EDE76FF00704ECE7F8B5EA
S214013710C3880E46B2EB830F07684FEA83041AD8B4
S21401372013469C420CD115460023AB4215D1A2424A
S21401373004D90021121B301920F017FC0020F8BD17
S21401374023F003003D5803F00301C900CD40EDB25C
S2140137506DB90133E5E72546E6E723F0030179581D
S21401376003F00300C000C140F1540133DDE76FF000
S2140137700700E4E7034670B51C68DB880846B2EB31
S214013780830F4FEA830519D9521B8E18002120F0AA
S214013790ECFB30462A4600231044934210D1002009
S2140137A070BD23F00301615803F00306F600F140F3
S2140137B0C9B281B901339D42F3D1ECE71346FAE76A
S2140137C023F00301615803F00305ED00E94000F81A
S2140137D0011D0133E1E76FF00700E1E730B5C3886B
S2140137E023B9CA885AB9002B3DD136E0026802EBEC
S2140137F0830252F8042C002AF3D1013BF0E70C684F
S21401380004EB820555F8045C4DBB013AEAE7B1F9D1
S214013810045003D2B1F90400404226E0B0F9042076
S214013820002A03DD002D0CDA01201EE0002D08DD44
S2140138303AB14FF0FF3018E003F1FF330BD250429C
S21401384013E0013B016851F8235054F823108D42D0
S214013850F2D9104609E0591CF4D1002005E0002BEE
S214013860D8D09342D3D9B0F9040030BD1FB54FF07C
S21401387001130191039302A901AB0293FFF7AEFF77
S21401388005B05DF804FB2DE9F84305460E46904663
S214013890D4883CB9F188A1420ED26FF009073846A8
S2140138A0BDE8F883D8F8003003EB840353F8043CF2
S2140138B0002BEFD1013CECE72846FEF7D3FF074685
S2140138C00028ECD1F28894420BD2AE4209D0286887
S2140138D03168121B920001EB840100EB840020F09A
S2140138E063FDEA88F088824207D92B68121A002104
S2140138F0920003EB800020F038FB00221346D5F837
S21401390000C0D6F800E0D8F80080944203D1BBB9D5
S2140139100123AB80C3E75EF8226058F82200F11A53
S21401392081422CBF4FF000094FF00109091A4CF8EB
S21401393022109E422CBF4B4609F101030132E4E7F7
S2140139402A68E98802EB840402EB8102944202D1E0
S214013950002BDDD0A1E72168C91A34BF012300235B
S21401396044F8041BF2E72DE9F0411746B1F904507B
S2140139709288044612FB05F253430E461DD539467E
S2140139803046FCF7B9F9B0F100080DDB3A4631468E
S2140139902046FFF778FF28B9B8F1000F08BF0125C8
S2140139A00020A580BDE8F08132462046FFF76BFF78
S2140139B00028F7D16D42A580F4E7874202D0814204
S2140139C010D13E460123A380B6F80680B8F1000F59
S2140139D0E6D0336803EB880353F8043C3BB908F19F
S2140139E0FF38F3E7FFF7B1FD0028EAD0DAE74146F2
S2140139F02046FEF737FF0028D4D1D6F800C0074688
S214013A0006462368191F51F8042F5CF82700B218E0
S214013A102CBF012600260137121846F10006B845CC
S214013A200A60F0D103EB8703002EB9D0E28807F1D4
S214013A300108BA4208D841462046FEF713FF00287F
S214013A40B0D1236803EB87031A68474692192CBF47
S214013A500126002643F8042BE6E7012383E74FF00F
S214013A60FF3380E710B50C4CD4F88822D4F888329E
S214013A704240594081EA0200C00FFFF791FCD4F89A
S214013A808832521A434022EA030208401043C00F0C
S214013A90BDE8104084E400BFE0200020013901D2D7
S214013AA00020704750F82130002BF7D0B3FA83F08E
S214013AB00131C0EB41107047C1880068EEE7F8B5E8
S214013AC004460D46FFF7F8FFE3882844B0EB431F92
S214013AD025D81F2D2368E68805F01F074FEA5514E1
S214013AE013D96FF00300324600FB0430944202F112
S214013AF0FF3120D3A21BA64238BF0022324418460B
S214013B000021920020F031FA034637B1002103EB81
S214013B108403C7F12005A64213D800200AE010F05E
S214013B201F0118BF012101EB50112046FEF79AFE36
S214013B300028CED0F8BD50F8212043F821200A46AF
S214013B40D4E71868013400FA07F20A4343F8042B55
S214013B5020FA05F1DFE7F8B50546500988420C461C
S214013B6002F01F0601D80AD136B12846A20000216C
S214013B70BDE8F84020F0F9B91F2A02D8F8BD1F2A7F
S214013B800FD9820005EB8003291F05EB8407BB4292
S214013B901AD1201A38BF0022002105EB800020F040
S214013BA0E4F9002EEAD0002205EB8404C6F12000D9
S214013BB0AC42E3D054F8041C21FA06F3134344F84C
S214013BC0043D01FA00F2F3E753F804CB41F804CFC1
S214013BD0DDE708B50A46C18811B10068FFF7BBFFEB
S214013BE0002008BD2DE9F04F05460F46104600217E
S214013BF097B09346FFF73AFE0028C0F2878105D1B9
S214013C006FF00B04204617B0BDE8F08F00230126A5
S214013C10CDE90936CDE90B36CDE90D36CDE90F36BE
S214013C20674B59461293384613AB1193FCF764F869
S214013C30002817DA35B139462846FFF786FC0446D0
S214013C40002849D100212846FFF710FE0028C0F2BF
S214013C504C8159462846FFF7C1FD002880F24C8169
S214013C600024CFE7394609A8FFF76FFC044698BB46
S214013C7059460BA8FFF769FC044668BBF9880DA8EE
S214013C800231ADF83060ADF82860FEF7EBFD044672
S214013C9010BB01460DA8FFF78DFC0446E0B9F98874
S214013CA00FA80231FEF7DEFD0446A8B90BA8FFF700
S214013CB003FF00F01F001F2821D0C0F11F03194683
S214013CC009A80093FFF7FBFE044628B900990BA844
S214013CD0FFF7F5FE044698B109A8FFF70DFC0BA8FF
S214013CE0FFF70AFC0DA8FFF707FC0FA8FFF704FC77
S214013CF00C2113A802F0BAFE002CA3D082E7009490
S214013D00BDF82A60BDF832900BA8A6EB090A4FEA67
S214013D104A184146FFF7D3FE04460028DCD14FEA95
S214013D208A0A0BA909A8FFF759FD002838DA414687
S214013D300BA8FFF74EFF04460028CDD109F1FF334B
S214013D4001939B0006F1FF38049306F1804609F1C2
S214013D508043023B013E9B00A6EB09060793B30096
S214013D600293019B43452DD3002DB5D0009909A898
S214013D70FFF72FFF002840F0B480BB8809A928462A
S214013D80ADF82830FFF7E1FB0146002840F0AB8094
S214013D902846FFF76BFD00289ED10123AB809BE7E9
S214013DA00D9A09A952F80A300846013342F80A303A
S214013DB00BAAFFF754FE04460028B2D08CE700BFDA
S214013DC0010003000B9B049A03931344DDF824902F
S214013DD00693039B4FEA880A9A5859F82810AAF1C5
S214013DE004030D9E0593029B91421E4474D20598CE
S214013DF0002359F800001FF067F8002914BF4FF0A0
S214013E00FF330346B8F1010F33600EBF002309EB01
S214013E100A0353F8083C079A1393059B59F8033095
S214013E20149359F80A301593336801333360039BB2
S214013E301344994633680021013B33600FA8FFF70E
S214013E40B9FB00284DD1019B002B48D0D9F80020A2
S214013E500F9B0FA91A60069A084612685A603268C4
S214013E60FFF7BCFB00283CD111A90FA8FFF7B6FC51
S214013E700028DFDC32680BA90FA8FFF7AFFB80BB79
S214013E80029B0FA84FEAC3094946FFF718FE40BB3D
S214013E9009A908460FAAFFF7E2FD014618BB09A8C3
S214013EA0FFF7E4FC002812DA0BA90FA8FFF74DFB79
S214013EB0B8B949460FA8FFF702FE90B909A9084606
S214013EC00FAAFFF7CAFD60B93368013B3360029B56
S214013ED008F1FF38043B43E74FF0FF3392E7019ABE
S214013EE0B6E70446F8E60C46F6E65A46294628465C
S214013EF0FFF7B3FD0446FFE65A4629462846FFF774
S214013F00AEFD044600283FF4A4AE7BE66FF009043C
S214013F1078E62DE9F04306460F461046012197B094
S214013F201546FFF7A3FC002840F3CA8100220123AF
S214013F30394612A8CDE90E23CDE90C23CDE90A2393
S214013F40CDE90823CDE91023CDE90623CDE90423E5
S214013F50CDE90223CDE90023CDE91223CDE91423CF
S214013F60FFF7F3FA044608B112A806E0294614A89A
S214013F70FFF7EBFA044612A81CB3FFF7BDFA14A824
S214013F80FFF7BAFA0EA8FFF7B7FA0CA8FFF7B4FACC
S214013F900AA8FFF7B1FA08A8FFF7AEFA10A8FFF7CC
S214013FA0ABFA06A8FFF7A8FA04A8FFF7A5FA02A835
S214013FB0FFF7A2FA6846FFF79FFA204617B0BDE85A
S214013FC0F083FCF7CFF8814614A8FCF7CBF88046BF
S214013FD050B9214614A8FFF731FB28B9394610A875
S214013FE0FFF7B3FA04463CE00123ADF85430ADF8D0
S214013FF04C30002112A8FFF739FC58B9C145494693
S21401400014A828BF4146FFF75AFD04460028ABD145
S21401401014A9E4E712A8FCF7A5F8014612A8FFF7D1
S214014020D8FD0446E8B914A8FCF79CF8014614A884
S214014030FFF7CFFD0446A0B914A912A8FFF7CEFBDF
S2140140400028C0F2A28012A9084614AAFFF71BFC9A
S214014050044630B9012112A8FFF7BBFD044600282B
S214014060C7D012A8FFF748FA14A8FFF745FA002CA4
S21401407088D1012110A8FFF7F9FB002840F01D8127
S2140140802A4639460EA8FFF7ADFD044600287FF400
S21401409079AF0EA90CA8FFF758FA044600287FF45A
S2140140A071AF294606A8FFF750FA044600287FF4A8
S2140140B069AF294604A8FFF748FA044600287FF4AA
S2140140C061AF01210AA8FFF775FA044600287FF4BC
S2140140D059AF014608A8FFF76DFA044600287FF499
S2140140E051AF014602A8FFF765FA044600287FF49F
S2140140F049AF01216846FFF75DFA044600287FF4C0
S21401410041AF0C9B1B68D8074BD5049B1B68DB078C
S21401411076D504A90CA8FFF761FB0028C0F2A3809E
S2140141200CA9084604AAFFF79AFC044600287FF467
S21401413029AF0AA9084602AAFFF791FC04460028FF
S2140141407FF420AF08A96A460846FFF788FC0446B4
S21401415000287FF417AF00210CA8FFF787FB002883
S214014160CFD1002102A8FFF781FB0028C0F2918081
S214014170294602A8FFF732FB002880F294803046D9
S21401418002A9FFF7E2F90446FCE614A9084612AABA
S214014190FFF779FB044600287FF463AF012114A8DA
S2140141A05AE701210CA8FFF714FD044600287FF406
S2140141B0E9AE0A9B1B68DF0710D4089B1B68DC0767
S2140141C00CD401210AA8FFF704FD044600287FF459
S2140141D0D9AE012108A8FFF7FCFC8EE70AA908461C
S2140141E006AAFFF73AFC044600287FF4CBAE08A9DE
S2140141F008460EAAFFF733FC04460028E1D0C1E6C4
S214014200012104A8FFF7E5FC044600287FF4BAAEB6
S214014210029B1B68D90714D4009B1B68DA0710D4CD
S214014220012102A8FFF7D5FC044600287FF4AAAEB8
S21401423001216846FFF7CDFC044600283FF465AF30
S214014240A0E602A9084606AAFFF707FC04460028CE
S2140142507FF498AE694668460EAAFFF700FC04464E
S2140142600028DDD08EE604A908460CAAFFF7F7FB66
S214014270044600287FF486AE02A908460AAAFFF77C
S214014280EEFB044600287FF47DAE6946684608AA20
S2140142905BE702A92A460846FFF7DFFB044600282B
S2140142A03FF45FAF6EE602A92A460846FFF7D7FB42
S2140142B0044600283FF45CAF64E66FF00D0461E647
S2140142C06FF0030479E601F18041013900EB8101C9
S2140142D08142034600D270471B680A681BBA12BAAD
S2140142E040F8042B41F80439F2E72DE9F84312F0BF
S2140142F0030318BF012303EB920688463146814625
S2140143001446FFF707F90546B8B9B9F80670BE4274
S21401431016D897B1D9F80090BE00014632464846F5
S2140143201FF023FE2CB1301B22464146484420F0A4
S2140143303BF839464846FFF7C6FF2846BDE8F883EE
S2140143406FF00705F9E710B5044678B14378012BFD
S21401435004D1BDE81040406803F025BD0378012B69
S21401436002D1083003F00CF90023237010BD10B5FC
S214014370044630B13830FFF7E6FF6821204602F0E8
S21401438075FB2046BDE81040FEF74AB92DE9F04717
S21401439004464FF00109DFF8CC80DFF8CCA088B0E6
S2140143A038300F461546FFF7CEFFDAF8243084F88A
S2140143B0389008F52370984798F8F062DAF82830B4
S2140143C006EA090608F52370984776B300211422F9
S2140143D084F8399003A81FF0C8FD94F838304FF6DA
S2140143E0F8724B4514BF00234FF41053ADF8083054
S2140143F04FF6FF73954298BF2B46ADF80A30184B1F
S21401440001A805934FF480730193F0F7ECFF019B2D
S214014410EA1D0493394604F13C03D20802A804F0CD
S2140144200DFEA0B1FBF797FC10E094F8383084F845
S2140144303960012B0DD140342422314620461FF02D
S21401444094FD2A463946204603F0A0F818B9002004
S21401445003E084F838606FF00C0008B0BDE8F08720
S21401446000444004E02000207C7700202DE9F04F36
S2140144709B46436E0446DB068A46164689B000F123
S214014480C680836A2BB1C36A1344026A934200F260
S214014490BE80129B9E4200F2BA80139B04AF1E6040
S2140144A004F1380303930EB933468AE0E36A03F056
S2140144B00F08C8F11005B54228BF35462B44E36204
S2140144C0636B23F00203012B41D0636B33F00209C7
S2140144D029D153462A4641462046009700F094FBD0
S2140144E0034600286DD1384604EB0803A3F1040CFB
S2140144F009F1040295426FD24B444D4576D82A46BF
S214014500394658461FF050FF08EB0503102B03D021
S214014510E26A236A9A4276D122462146039800F03F
S21401452079F8034660BBA844B8F1100F67D10021A3
S214014530206BCBB2984266D9C3F10F0323441A7C91
S21401454001310132D2B21A74002AF2D05BE00023A4
S21401455004EB0801181D854201EB030215D29D42AA
S2140145601CD808EB0503102B03D0E26A236A9A4293
S2140145701CD122462146039800F04CF80346A8B108
S214014580626E42F0100262661BE05AF8032051F890
S21401459003C082EA0C02CA500346DBE71AF803009E
S2140145A011780133414002F8011BD8E753462A46E9
S2140145B041462046CDF800B000F026FB0346002811
S2140145C083D010210DEB0100039302F04FFA039BF9
S2140145D0184609B0BDE8F08F5CF8021050F804EBFD
S2140145E0914681EA0E014CF8021081E71A7817F815
S2140145F0091009F101094A4003F8012B7DE7E26A37
S214014600236A9A4293D0761BAA44AB444BE76FF0D9
S2140146100C03DDE72DE9F04F43780D46012B90465C
S214014620ABB040F0AA820023DFF8F49209934FF46E
S21401463080724B46406809A903F00EFB824640B1E2
S214014640099802F05FFF50462BB0BDE8F04FFBF72C
S21401465082BB099E7768D6E908B23F0A09D0AA4B01
S2140146609F4200F07682304602F04CFF6FF0860AD9
S214014670E9E708AB049310235946CDE90283304697
S214014680CDE900750CAB06F0CFFC10F1860F0446A1
S21401469040F06C825022394616A81FF066FC33881B
S2140146A048460793CDF85890079910AB0BAA768821
S2140146B08DF8407006F01EF958B994499DF84000EF
S2140146C09DF82CC0A1F13409D1F804A0BAF1000F6D
S2140146D00BD1169B03F0FE43B3F1806F00F03582D9
S2140146E0099802F00FFFA246ADE79AF8072002F0FC
S2140146F07C024A441269127882420AD19AF805204D
S21401470002F00F0EB6EB8E1F03D1BCEB121F00F0AA
S21401471042820831D8E790472790002840F04A8225
S2140147207B4802F0B8F9169B04460028D1D103F065
S214014730FF43B3F1906F09D0219B9DF85D201033A4
S214014740B3FBF2F35343102B00F2E081189A002AD0
S2140147507DD1704802F09FF90A9E0446102E00F2A1
S214014760F1810028B5D1B8F1000F00D0B044219AEC
S21401477010AD002A00F03481169B674923F480634C
S2140147808B4240F02D811021284602F06FF96FF020
S21401479086049EE7263B2AE24FF41053ADF84030DC
S2140147A04FF440730BA80B93F0F71DFE0B9B594675
S2140147B01293234653F8042B10A81392F21DD20825
S2140147C004F03CFC10F1860F00F0148220B18D300D
S2140147D0A6D06FF06F00A4E70123237219968DF817
S2140147E06830079B002003F4E043B3F5005F09BF80
S2140147F0079B0023C3F3022A012304BF03FA0AF32B
S214014800DBB28DF85D308DF85C008AE79AF80720F8
S21401481002F00302012A08D89AF8052002F00F02D6
S214014820B6EB821F01D03B487BE7012219968DF833
S21401483068209AF80730324603F07C034B441B6924
S2140148405946DB68279898470028CAD069E79DF83B
S214014850A430012B01D131487CE7002316790A9355
S21401486016F01F0600F0B880537903F0F003102B02
S21401487010D1102E40F0B280D3799DF9681003F064
S2140148807C034B441B692A465C68279843460A9674
S214014890A0475FE7902B09D110220AAB0193294666
S2140148A0434627980092FFF7E1FD53E745450AD1B5
S2140148B0219A002A7FF44DAF1022B2FBF6F2724322
S2140148C0102A7FF446AF202BC5D19DF96830219C74
S2140148D0A3B91B9A331BA2B10F2B23D916AB1C34D9
S2140148E01C4405F1100355F8042B9D4244F8042B93
S2140148F0F9D1219B1033219300202BE7012B11D1F5
S214014900331B102BE9E700BF0200800028F30300E9
S214014910809EFFFF009FFFFF00404004809FFFFF37
S21401492000444004002C54D016ABA6EB040A04F154
S2140149301C005246294618441FF036FD189B1DAA36
S214014940DB79009203F07C034B441B69CDF80480AD
S214014950D3F808B032469DF96810279822ABD8479D
S21401496000287FF4F7AE1034A41B0A962190C3D01A
S21401497008EB060B5544B4FBF6F206FB124232B9BD
S2140149809DF968301BB91B9B002B18BF3246A41A31
S21401499029191DA807921FF007FD219B079A0A9E59
S2140149A013442193002CA7D0189B2246DB79CDE92E
S2140149B0005B03F07C034B441B699DF968109D68FE
S2140149C0279822ABA84700287FF4C4AE34440A9443
S2140149D0C0E6C3461024CEE78748BBE68748B9E65B
S2140149E01898F0B9864802F056F80446002840F0B8
S2140149F095800B9A002A40F081801021284602F00B
S214014A0035F80B9B33440893169B03F0FE43B3F132
S214014A10806F00F08880099802F074FD6FF0880AB4
S214014A2011E69DF8A430012B01D17648DBE700237F
S214014A300B93417901F0F003202B08D11C9B002B2E
S214014A40D0D083794C3B012B18D80020CBE701F05E
S214014A50B004302CF9D001F0E0014029F5D0602BEC
S214014A60F3D0902BF1D0A02BEFD081794C390129CE
S214014A70EBD9102BD9D1002AE7D037E09DF9683061
S214014A80012B2BD11B9B002BF5D0269911B901794F
S214014A90490989001DA89847189B1DA91A79DB7931
S214014AA0009103F07C034B441B6901959C689DF9BA
S214014AB06810279822AB02F01F02A047002892D167
S214014AC09DF96820189B9AB91C9C13B11F7907F0B1
S214014AD01F07394628460BAAA04784E7037903F047
S214014AE01F039A42D8D01B9B002BC4D043487AE7B9
S214014AF013B11F7907F01F070B97A6E7C6F110033E
S214014B00934206D21021284601F0B0FF6FF08904C7
S214014B10DFE5294640461FF047FC6EE71021284690
S214014B2001F0A4FFD5E518A8FBF72FFB099802F0C2
S214014B30E9FC8246BAF1000F7FF485AD50462BB0F2
S214014B40BDE8F08F6FF09604C3E518A8FBF71DFBD0
S214014B50C6E508AB04931023CDE90005CDE9028331
S214014B60594630460CAB06F05FFA0446099802F047
S214014B70C9FC8246002CDDD0B5E50178012907D1B4
S214014B8013462A4608302BB0BDE8F04F03F013BE9B
S214014B90DFF864A0D2E74822002118A81FF0E5F943
S214014BA09AF8072002F07C024A4412695269002AE8
S214014BB07FF4B1AD9DF8A420CDF860A0012A7FF462
S214014BC025AE1822002110A8279C1FF0CEF97307E6
S214014BD07FF429AE227A002A7FF425AE9AF80630B1
S214014BE0102B3FF6D7AD0D2B3FF6D6AD023B052B6E
S214014BF07FF6D2AD034894E5809CFFFF809DFFFFC2
S214014C00009FFFFF809FFFFF2DE9F043984600239A
S214014C1085B005460C46174600F110016A46383045
S214014C20CDE90033CDE90233DDF83090FFF7F2FC31
S214014C30064658B16B6E43F010036B66684610214A
S214014C4001F014FF304605B0BDE8F0830DEB04011A
S214014C500446221D974209D2A742EFD918F804301C
S214014C600A5D534009F804300134F5E758F804307A
S214014C700859434049F804301446EAE738B5416E0E
S214014C80044601F00303032B06D1826A32B9436B53
S214014C90023B012B1CD80262002038BD056B23782D
S214014CA0681E0343606A023A003818BF012043EACF
S214014CB080130020520843EAC2032370236AC2B25B
S214014CC0954200F1010006D853B141F0100161662A
S214014CD06FF00C00E1E7C2F10F02A3541B0AEEE7E6
S214014CE02246214604F13800FFF794FC0028D4D070
S214014CF0636E43F010036366CFE72DE9F0411D466E
S214014D00073B062B0446164627D8A04600F111039A
S214014D10C5F10F07416307630F2218460021013FC3
S214014D201FF023F92A46314608F8107F1FF03CFB96
S214014D30681C226B002140441FF017F901232A4604
S214014D40E377E01831461FF02FFB636E204643F0F1
S214014D5001036366BDE8F04190E76FF00C00BDE823
S214014D60F081F7B5436E1746DA0604460E4636D48A
S214014D70426A0AB11B072AD5236A2BBB00221046BA
S214014D80216BD3B2994202F1010223D823461022A5
S214014D90002120460094FFF737FF054688B926B163
S214014DA03A46214630461FF0FFFA002610223146C9
S214014DB0204666661FF0D9F810223146A0181FF06B
S214014DC0D4F8284603B0F0BDE26A9342D6D06FF01D
S214014DD00C05F6E7C3F10F0323441874D1E76FF00F
S214014DE06D05EEE70346C06920B15B6A002B14BF70
S214014DF001200220704700220123C0E90023C0E9F8
S214014E000223C0E90423704738B500240125014672
S214014E10C0E90254C0E904540470446085611C3042
S214014E20FFF7E9FFC1E90D45C1E90F44C1E91144A6
S214014E30C1E91344C1E91544CC6538BD38B504460B
S214014E400D46FEF782FB70B905F1080104F1080072
S214014E50FEF77BFB38B905F1100104F11000BDE83F
S214014E603840FEF772BB38BD10B501210446FEF787
S214014E70A1FB60B9012104F10800FEF79BFB30B9E4
S214014E80014604F11000BDE81040FEF793BB10BDCB
S214014E902DE9F04F16461F46002201238BB0B14282
S214014EA080460D46CDE90623CDE908230FD106A895
S214014EB0FEF74BFB044648B108A8FEF71DFB06A803
S214014EC0FEF71AFB20460BB0BDE8F08F06AEBD42DA
S214014ED007D1294608A8FEF738FB04460028EBD17F
S214014EE008AFB6F80690B9F1000F41D1B7F806A0A1
S214014EF0BAF1000F46D1012309EB0A0B59462846A1
S214014F000393FDF7AFFC04460028D5D10146284699
S214014F10FEF750FB04460028CED132682B68049277
S214014F203A680146059218464FEA8B021FF01DF8B3
S214014F308346059A00EB8A0A141F09F10101DA4536
S214014F402AD1039B002B34D00123AB8008A8FEF79F
S214014F50D3FA06A8FEF7D0FAD8F8484074BB29461B
S214014F60284608F104020BB0BDE8F04FFEF73ABE42
S214014F70336803EB890353F8043C002BB6D109F1DF
S214014F80FF39B0E73B6803EB8A0353F8043C002B78
S214014F9050D10AF1FF3AABE754F8043F5846009364
S214014FA0049A4B4605910BF1040B06F0BBFB0599E1
S214014FB0C5E7B388BA8813FB02F3C6E7B5F9043030
S214014FC0002B04DA00212846FEF750FC80BB284659
S214014FD0FEF772FDD8F83C30B0EB430F28D82846D0
S214014FE0A047044600287FF46DAF08F10408B5F920
S214014FF00430002B04DA00212846FEF737FC70B98E
S21401500041462846FEF7EAFB0028FFF65BAF42461C
S21401501029462846FEF737FC0028F1D006E042462E
S21401502029462846FEF719FD0028E0D0044649E740
S214015030024C47E7B9FA89F35B095DE780B0FFFFE9
S21401504070B50C460646114620461A46FEF707FD81
S214015050054688B90436B4F90430002B0CDA002171
S2140150602046FEF703FC30B1324621462046FEF7C5
S214015070F4FC0028EFD00546284670BD70B50C46F6
S2140150800546114620461A46FEF7E7FC064630B9A5
S214015090043529462046FEF7A1FB002801DA3046F2
S2140150A070BD2A4621462046FEF7EDFB0028F0D0CB
S2140150B00646F4E72DE9F74301F110060546894651
S2140150C030460021FEF7D2FB0446A0B30023012799
S2140150D0314668462A1DCDE90037FEF71AFF044619
S2140150E030BB09F108086B46424641462846FFF7A1
S2140150F0CFFE0446E0B96B466A4669462846FFF786
S214015100C7FE0446A0B96B464A4649462846FFF7FD
S214015110BFFE044660B96B46424641462846FFF745
S214015120B7FE044620B939463046FEF743FA044630
S2140151306846FEF7E1F9204603B0BDE8F083F7B50F
S2140151400D4601230021083504462846CDE9001303
S2140151501646FEF78BFB211D07462A466846FEF7D4
S2140151607EFC044648B9002F0CBF002206F001025F
S21401517069462846FEF720F904466846FEF7BCF95C
S214015180204603B0F0BD2DE9F0430E460546012149
S21401519089B006F11000FEF769FB0446002840F0CE
S2140151A0DF802846FFF71EFE022880465DD1304686
S2140151B0FEF782FC2B6C07300733C008B0EBD30F29
S2140151C000F2CE8021463046FEF750FB0028C0F2A2
S2140151D0C7800123314604A804942F780593FEF76F
S2140151E0B4F90446B0B90435294604A8FEF7F6FA20
S2140151F0002807DA012104A8FEF738FB002810DC96
S214015200594C07E004A92A460846FEF728FC04463E
S2140152100028E9D004A8FEF76FF9204609B0BDE8DA
S214015220F083092F0BD1514904A8FEF7D7FA0028BD
S214015230E6D04F4904A8FEF7D1FA0028E0D00123B2
S21401524002934FF0011304A90793084602AB06AA7E
S2140152500693FEF702FC04460028DBD1294604A883
S214015260FEF7BCFA0028D5D1CAE701287AD1214633
S2140152703046FEF7FBFA002872DB06F108092146E4
S2140152804846FEF7F3FA00286ADB2F1D39463046FA
S214015290FEF7A4FA002863DA39464846FEF79EFA76
S2140152A000285DDA4B464A46284602A9CDE902485F
S2140152B0CDE90448FFF7ECFD044600284CD13346FF
S2140152C03246284604A9FFF7E3FD0446002843D1E9
S2140152D0EB68002B36D1032301934FF0011304A989
S2140152E00793084601AB06AA0693FEF7B8FB0446E9
S2140152F090BBBDF91430002B04DA002104A8FEF798
S214015300B5FAC8B904AA334611462846FFF7C0FDC8
S214015310044608BB04AA1146284605F11403FFF704
S214015320ADFE0446C0B904A902A8FEF757FA0E4B13
S214015330041E18BF1C460FE004A93A460846FEF7AD
S2140153408CFBD4E704AA1146284605F10C03FFF7A7
S21401535095FE04460028D5D002A8FEF7CDF859E7F9
S214015360014C5AE7034C58E780B3FFFFA8F303004C
S214015370B0F3030080B0FFFF70B50646FFF732FDBD
S21401538002280C4605461DD100212046FEF756F997
S21401539060BB01212046FEF751F9024630BB20468C
S2140153A0FEF78AFB336C591C88421FD1FE2B07D1AE
S2140153B029462046FEF742F90D4B021E18BF1A4633
S2140153C0104670BD01280FD101462046FEF74EFA61
S2140153D000280BDB204606F13401FEF7FFF9002812
S2140153E0034AB8BF0022EBE7024AE9E7004AE7E7CB
S2140153F080B3FFFF80B0FFFF70B5066C0D46073621
S214015400B3EBD60F114604464FEAD60203D2002369
S2140154100E482B6070BD2A60B0F866308BB1FFF77E
S214015420E1FC022805D104F16000BDE87040FEF7FA
S2140154306EB9012807D104F16000BDE87040FEF79F
S21401544099B90348E6E76FF06D00E3E700B1FFFFA7
S21401545080B0FFFF38B50C46051D29462046FEF7ED
S214015460BDF9002801DA002006E02A46214620463A
S214015470FEF709FA0028F0D038BD2DE9F84F1E4690
S21401548003F10805C36804468A469046002B40F09F
S214015490C08002F110031A462946FFF7F9FC0028DE
S2140154A040F0EF8006F110072B464246394620466B
S2140154B0FFF7E4FD002840F0E48006F118092B46CA
S2140154C0424649462046FFF7BBFD002840F0D980FA
S2140154D04B463A4629462046FFF7DAFC002840F0BC
S2140154E0D080032229463046FEF778F8002840F09F
S2140154F0C88031462046FFF7ADFF002840F0C18046
S21401550008F1080B06F110075B465A463946204655
S214015510FFF7BEFC002840F0B4803946204605F06F
S21401552030FC002840F0AD803B46424629462046E6
S214015530FFF7AEFC002840F0A4802946204605F07F
S21401554020FC002840F09D8006F118093B463A46AB
S21401555049462046FFF79CFC002840F092804946C9
S214015560204605F00EFC002840F08B80334632467C
S21401557039462046FFF78CFC002840F082802B46F7
S2140155803A4639462046FFF75BFD002879D12B467F
S2140155903A4639462046FFF753FD002871D13B466F
S2140155A02A4629462046FFF74BFD002869D1334697
S2140155B02A4629462046FFF76BFC002861D14B4658
S2140155C02A4629462046FFF73BFD002859D15A4670
S2140155D04946204608F11003FFF75AFC002850D12F
S2140155E04946204605F0CDFB00284AD139465046AB
S2140155F0FDF7ABFF002844D129460AF10800FDF764
S214015600A4FFF0BB49460AF11000BDE8F84FFDF7CC
S2140156109CBF13462946FFF73BFC90BB0322294655
S2140156203046FDF7DBFF60BB31462046FFF712FF31
S21401563038BB04F10C0701463846FEF717F9002877
S2140156403FF45EAF08F110031A4629462046FFF7DD
S2140156501FFCB0B906F110092B462A4649462046DA
S214015660FFF716FC68B93B464A4629462046FFF72F
S2140156700FFC30B92B46324631462046FFF7FEFC7A
S2140156803BE7BDE8F88F2DE9F14F9A461B690446C2
S2140156900E4691460A9D002B00F0D38002F11007BA
S2140156A000213846FEF7E2F830B95146304601B0DF
S2140156B0BDE8F04FFFF7C2BB0AF1100800214046D3
S2140156C0FEF7D4F808B94946F0E701214046FEF74F
S2140156D0CDF8002840F0B5803B463A46294620469C
S2140156E0FFF7D6FB002840F0AD8005F108083B46E1
S2140156F02A4641462046FFF7CBFB002840F0A28011
S21401570053462A4629462046FFF7C2FB002840F0AA
S21401571099804246414620460AF10803FFF7B8FB46
S214015720002840F08F804B462A4629462046FFF740
S21401573087FC002840F0868009F1080B5B4642464C
S21401574041462046FFF77CFC00287BD100212846F5
S214015750FEF78CF8014688B94046FEF787F838B957
S2140157602B464A463146204601B0BDE8F04F84E656
S214015770304601B0BDE8F04FFFF776BB2B463A4600
S214015780204606F11001FFF783FB00285AD105F1E8
S21401579010072B462A4639462046FFF779FB002894
S2140157A050D105F1180A2B463A4651462046FFF7D6
S2140157B06FFB002846D14B463A4639462046FFF74E
S2140157C067FB00283ED139462846FDF7BEFEC8BB1A
S2140157D02946204605F0D5FAA0BB43464246314647
S2140157E02046FFF755FB68BB2B463246314620461E
S2140157F0FFF726FC30BB5346324631462046FFF7BC
S2140158001FFCF8B933463A4639462046FFF718FCDE
S214015810C0B943463A4639462046FFF739FB88B9B0
S2140158205B46524651462046FFF732FB50B9534677
S2140158303A46204606F1080101B0BDE8F04FFFF7F1
S214015840FFBB024801B0BDE8F08F00BF80B0FFFF8C
S21401585010B50446FDF750FE04F10800FDF74CFEB6
S21401586004F11000BDE81040FDF746BE00B1EFE7B9
S214015870704770B5044658B3436C012B11D00C30F9
S214015880FDF73AFE04F11400FDF736FE04F11C00A4
S214015890FFF7ECFF04F13400FDF72EFE201DFDF7A7
S2140158A02BFEA36D8BB92046BDE87040602101F048
S2140158B0DDB806FB0500FFF7D9FF0135D4E916036D
S2140158C0AB42F6D8FCF7ACFEEDE700251826F5E767
S2140158D070BD10B5044650B1FFF7CBFF04F1600070
S2140158E0FDF70AFE04F16800BDE81040BEE710BDF2
S2140158F0F0B504460E4685B0FFF7BBFF2046FFF71E
S21401590083FA032E267005D0092E30D00023414D90
S214015910237029E0404B414AA364414BA260A26137
S214015920A2632262A26203F1800262624FF0011258
S21401593003F12001616103F140016360616303F1DA
S2140159406001A033E362E1612263201DFEF7B4F833
S214015950E06304F13400FEF7AFF80123636400232B
S214015960C4E9163320640025284605B0F0BD2D4B4A
S2140159702D49A36404F10C00FDF71CFE0546002822
S21401598044D1271D01213846FDF714FE054600289F
S2140159903CD1FF213846FEF792F80546B0BB1323EB
S2140159A001934FF0011339460393384601AB02AA1F
S2140159B00293FEF754F8054640BB3846FEF77CF8DE
S2140159C004F13407E063102238461849FEF78DFCCF
S2140159D00546D8B90122FC213846FDF73FFE0546AB
S2140159E0A0B9314604F11C00FDF7E4FD054668B98F
S2140159F0012104F12C00FDF7DDFD054630B904F167
S214015A002400FDF779FDFE232364ACE72046FFF76B
S214015A1030FFA9E780B1FFFFAB28010001000800B5
S214015A20B8F303004569010042DB01005CF40300A2
S214015A302DE9F047467804460D46174691F8008052
S214015A4016BB4FF0010900F1040A067080F80290B7
S214015A5080F801805046FFF7D7F904F16C00C4E9DD
S214015A601969FFF7C8F904F18400FFF7C4F9414644
S214015A705046C4E92769FFF73BFF00BBA378012B1B
S214015A8005D01048BDE8F0874645F7D0F9E7012F65
S214015A9005F1680105D104F18400BDE8F047FFF780
S214015AA0CDB904F16C00FFF7C9F90028EAD105F178
S214015AB0600104F16400BDE8F047FDF746BD024809
S214015AC0E0E700BF80B0FFFF80B1FFFF1FB50023F6
S214015AD00193252839D8DFE800F0138D17222934E1
S214015AE03C525763686D8293388D413838578D2202
S214015AF02922348D5222933C3C3C3C22222263686C
S214015B0026F04AF8019020E026F046F8404BD3F8FC
S214015B109030C3F304630133B0FBF3F0F2E726F0F1
S214015B2059F83B4B1B6FC3F38023F4E726F052F87A
S214015B30374B1B6FC3F380230133B0FBF3F04008F0
S214015B40E0E7002101A8FAF775FA019805B05DF8BB
S214015B5004FB002101A8FAF73DFAF6E702934FF09D
S214015B60E0231B695B0705D526F034F80290029BFB
S214015B700193EAE703A902A8F9F7DAFFF7E700219C
S214015B8001A8F9F7D5FFE0E7214BD3F8603103F020
S214015B900303032B38D0003B18BF0123DB03E7E7E1
S214015BA0002101A8FAF7C2F9CFE7002101A8FAF708
S214015BB0E7F9CAE7164BD3F8003103F00303022BCB
S214015BC006D0032B07D0012B07D1124B1B68CFE75A
S214015BD04FF40043CCE7104BCAE70023C8E70C4B51
S214015BE0D3F8803003F00303022B03D0032B04D039
S214015BF0002087E725F0EEFF84E726F003F881E72B
S214015C00034BD3F84032C2E74FF47A73B0E700BFD4
S214015C1000800050EC64002080D5430280B5AD4B77
S214015C2098B05969C1F3073001F03F01012917D136
S214015C30A94A936DDC0313D4536B23F4FF0323F4B7
S214015C40FE4343F4BC1343F4A0635363136B23F482
S214015C50704343F440431363136B43F4E0631363ED
S214015C608DF814008DF81510BDF81430B3F5807F4B
S214015C700CD14FF000531B68984B1B68984B1B6860
S214015C80984B1B68984B1B68984B1B68984AD2F830
S214015C90803043F00303C2F88030EFF311833022E3
S214015CA082F31188934C94F8FC22002A40F0198460
S214015CB0012284F8FC2283F31188BFF36F8F6FF003
S214015CC0040210460132052152B2FCF73BFC3D2A84
S214015CD0F7D1894AD2F84C3113F4802300F00784B7
S214015CE04FF07E6292F89C3092F99C20002AB8BF51
S214015CF025234FF4D1510220804A4F2B516280490F
S214015D0028BF4F234860012001F58051DBB248606F
S214015D10116911F48031FBD143F40073536140F2F1
S214015D200143936051603222764B1A80724BD3F84E
S214015D304C21120300F1DF83D3F85051EDB2724BC0
S214015D40724A94F924621A60694B2E441B6F86F3DB
S214015D50080603F00703032B01D125F03BFF0020C3
S214015D60FCF7ECF9032842D045F60E0302215A4A05
S214015D70C2F88030664B9962012103F5805399621F
S214015D80936DDB03FCD4634B63491361936903F0A2
S214015D90004343EA064343EA052343F0407343F0D6
S214015DA03C039361136A23F00D031362936A23F095
S214015DB0330343F001039362474A936D31EA0303C9
S214015DC0FBD10221524B9962936D5F00FCD413699B
S214015DD023F4700343F4001313614FF000424C4B5D
S214015DE09A61022203F580539A6201229A62424B1B
S214015DF0D3F89850494B5A68012A00F08283002054
S214015E00FCF79CF9042807D1454802F01FFB384AE5
S214015E10136F43F480631367424A25F04073D168D9
S214015E2011F0060FFBD1916893609068434013F41C
S214015E30F81F06BF3C4B3A4A91604FF0000008BF7E
S214015E401A60FCF77BF9042812D125F0C3FE02F094
S214015E50FDFA0120FFF73AFE3449254A884294BFED
S214015E6000200120136F23F4806343EA8023136725
S214015E70214B2F4AD3F8C0301D4D23F04073936059
S214015E802E6F2748C6F38026731C84F8FD3202F075
S214015E90DDFA2B6F43F480632B672B6F23F0070328
S214015EA043F002032B6725F095FE02F0CFFA2B6F25
S214015EB023F4806343EA86232B672B6F23F4505326
S214015EC043F480632B671B4BD3F8FC20D00140F1D1
S214015ED01E8331E000C0075000C000500040002083
S214015EE00080002000C000200000012000400120AA
S214015EF000800050E02000200080E00F00000250EB
S214015F000010025000650020EC64002000F04902F9
S214015F1000D000502008B00B0300014000C0015023
S214015F2000B4C40400000150E864002080F0FA02C6
S214015F300040015A00ED00E0D3F8FC2022F0807208
S214015F40C3F8FC20D5F8802022F0030242F00202BA
S214015F50C5F88020D3F8FC2042F08072C3F8FC20FC
S214015F60CE4BD3F8202122F0070242F00102C3F8FB
S214015F702021D3F8802122F0030242F00102C3F867
S214015F808021D3F8402122F0030242F00202C3F836
S214015F904021D3F8602122F0030242F00202C3F846
S214015FA06021D3F8402222F0030242F00202C3F835
S214015FB04022D3F8002222F0070242F00202C3F880
S214015FC00022D3F8082222F0070242F00202C3F8A8
S214015FD00822B34A536A23F0010353624FF0E022CA
S214015FE0136943F004031361AE4B5A6F42F001028A
S214015FF05A67DA6E22F03002DA66EFF31185302343
S21401600083F3118894F8FE32002B46D14FF0B0414D
S214016010C4F85832C4F8F030C4F854324B680BB1A7
S214016020F9F7F2FD012200209F4B5A6088609F48D5
S21401603042600222CA606022CA631F229A615A61C4
S2140160404FF0B0439A6A12F00802FBD11A625A68FE
S2140160505B680BB1F9F7D8FD012694494E60F9F754
S214016060D3FD4FF0B0434FF48062DE60904BC3F82F
S21401607080211A608E61EFF31187302383F3118834
S2140160800D20FFF723FD024687F31188BFF36F8FBC
S214016090884B1860002840F0438285F31188BFF3CF
S2140160A06F8FF9F7B9FD844A844DD2F8C03023F0DA
S2140160B0FF0343F0A003C2F8C030814BD4F820029E
S2140160C09D4200F1010140F036827E4BC2F89800F5
S2140160D0C2F89C3003F5BF3303F5FF73C2F8A03056
S2140160E0C4F82012BFF35F8F0522734BC3F89420C8
S2140160F05A6A42F480325A62BFF34F8FBFF36F8FF2
S214016100BFF34F8FBFF36F8F27F01BFE38B926F012
S21401611069F8012803D16C4B1A6802B91860002788
S2140161204FF05008694E0FAAB6F86E10CDE90F77FA
S21401613008461196CDF8488027F088FEA6F5A0758A
S214016140C5F89C01002800F0C98006F17C0005F026
S214016150A9FBB5F8AC31B5F8AE11D5F8BC2101EB09
S214016160430101393420FCF72FFD06F1800005F0CC
S21401617099FBB5F8AC31B5F8AE11D5F8C02101EBF5
S214016180430101390720FCF71FFD06F1840005F0E5
S21401619089FBB5F8AC11D5F8C421490801310120B5
S2140161A0FCF712FD06F1880005F07CFBD5F8A80186
S2140161B0D5F8C821113080B2B5F8AC110430FCF71F
S2140161C003FD06F18C0005F06DFBB5F8AC11D5F8B2
S2140161D0CC2101390C20FCF7F7FC06F1900005F004
S2140161E061FB0521D5F8D0219420FCF7EDFC06F1E2
S2140161F0940005F057FBD5F8D421B5F8AE11082068
S214016200FCF7E2FC2022394610A8C5F8B471A5F8BF
S214016210B8711DF0AAFE2E4B4FF480510F93A5F6D0
S2140162201873119358231293A6F5805313932323BF
S214016230CDE91413274B07A8079301230893A5F666
S214016240B873CDE90938A5F66873CDE90B77CDE9C2
S2140162500D3827F09CFDC5F8980100283ED0B5F80A
S214016260AE01B5F8AC31394618440BAAFF3027F019
S214016270EDFDC5F8940160B117480FAAA6F58A513D
S21401628027F07EFEC5F8900140BBD5F8940128F0B2
S21401629043F8D5F8980128F04EF81FE0008000502A
S2140162A000C0075000400050002000580010005861
S2140162B000E100E09016002000ED00E0E064002020
S2140162C08064002003000020B411002080760020A6
S2140162D0D8F10300E1F10300B97400004FF49050C7
S2140162E0FCF794F90546C4F800035820FCF78EF92C
S2140162F0A64B0027C4F804334FF49053C4E9C553A2
S2140163005823C4F810331823A14D3946A14AC4F8BE
S2140163100C030120C4F81C332F72C4F8087327F04D
S21401632095FD394668609C4A9C4827F029FE9C4E9C
S21401633028600FAD0FCE0FC50FCE0FC53368394697
S2140163402B600FAA974827F01BFEC4F8F40027F02D
S214016350F8FC0546002840F0C38025F043FF0128DD
S21401636040F0BE80904B1A68012A40F0B9800222A4
S2140163708E491A600FAA11F8013B02F8013B002B67
S214016380F9D18B4E8B4806F15802CDE900320296C0
S214016390A0220FA927F06AFC002800F09F80DFF8F2
S2140163A0689225F099FCD9F800A0BAF1000F2CD11B
S2140163B006F5367806F53B77404627F019FC384651
S2140163C027F016FC7C4BC3F800807C4B1F605023E3
S2140163D00B930B9B0B9B012384F86E3606F55473C7
S2140163E0C4F828360A23C4F86436102306F5407626
S2140163F03046C4F8683627F04AFF3046704984F8BC
S21401640074A6C9F8006025F0F5FC25F073FCD9F8F0
S2140164100030002B62D06B4BA022029358330193BD
S2140164202823694900936948002327F01FFC0028A8
S21401643054D027F009FC4FF0FF32654B1A60012259
S214016440644B1A600023644A13600F934FF07F4237
S2140164504FF0E023C3F81C2DD3F81C3D1B0E8DF81E
S2140164601C309DF81C309DF81C309DF81C3013F034
S214016470800F0F9B40F08180082B4FF0E02318BF60
S2140164800F9D4FF0000118BFC5F107052D0205F459
S214016490E065C4F8F059D3F8202D4FF47A7042F431
S2140164A07F02C3F8202DD3F8202D42F07F42C3F897
S2140164B0202D0422C3F81C1D1A61484A99611268EE
S2140164C0B2FBF0F2013A5A6107221A61444B196095
S2140164D025F0F2FB25F042FEEFF79CF8414BDB6A14
S2140164E0FEE783F31188BFF36F8FFFF7F2BBD2F895
S2140164F05021FFF7FEBB3C4B1D88FF2D88BF812531
S2140165001DE43A494A609A699607FCD177E4D5F8C2
S214016510803023F0030343F00203C5F880301FE503
S214016520002340F2E73132481CF0CEFC314B84F8B0
S214016530FE621860B1E523F01F03203BB3F1005F54
S2140165400AD3C2F898002C4843F00103C2F89C0015
S214016550C2F8A030C4F82012284BD4F82012284ADA
S21401656023F01F0343F00303C2F89810C2F89C30CF
S214016570244B0131C2F8A030B2E501330F939DF8E8
S2140165801C305B00DBB28DF81C306EE7F9F10300BE
S214016590E81C00206CF40300E4230020BDE60000A4
S2140165A07CF4030085000100B411002002F2030010
S2140165B0082400208DC00300740F0020700F0020F7
S2140165C007F20300F82700200CF2030065C503005C
S2140165D0EC0A002050110020F40A0020F06400208C
S2140165E0F46400207C7700200001E00F00E00150F9
S2140165F018FCFFFF8C16002003000020FF6400201B
S21401660000ED00E0E17F0120DC110020F8B50D4E21
S2140166100D4C0E4D33680E48984767782B680C482A
S214016620984733680B489847022F08D12478E31F10
S2140166305C425C412B68074898472046F8BD002419
S214016640F8E700BFA0770020D0230020A477002021
S214016650183100206C23002041F2052398421AD8F5
S214016660B0F5905F09D241F2010398420CD0B0F523
S214016670885F09D06FF0850070472923A0F59050F8
S21401668080B2C340DB07F5D511F0070F0CBF002021
S2140166906FF086007047B0F5105FEBD121F0400334
S2140166A0802B06D0B1F5807F0CBF00206FF08600EE
S2140166B07047002070478A422FD001F0FE43B3F1A5
S2140166C0A06F15D102F0FE43B3F1A06F27D182EA85
S2140166D0010333F47E1322D111F4004020D0C1F31C
S2140166E00541C2F3054291428CBF0020012070474C
S2140166F0B3F1106F13D121F01F6020F4702070B930
S21401670002F0FE43B3F1106F0AD10648104040F084
S2140167101060431A584258417047012070470020C4
S214016720704700BF0000FFF6037E022B06D1C36947
S2140167305A1C03D00133C361002070476FF09600E6
S214016740704738B5064C074B20461B689847064BE2
S214016750204693F8B450054B1B689847284638BD29
S2140167606C230020A077002018310020A477002099
S2140167706FF01B007047704710F1860F12D010F1B2
S214016780850F0ADA10F1950F0FD010F1930F0CBF99
S2140167906FF06F004FF0FF307047003818BF0120D0
S2140167A0404270476FF0710070470148704700BF64
S2140167B000B2FFFF00F01F03A0F50620A0F5506011
S2140167C0812810B51ED80121104A400902EB800429
S2140167D09940D4F8B8300B43C4F8B830D2E9331333
S2140167E00B44D2F8D4100B44D2F8D8100B44D2F88C
S2140167F0DC105B1805D1C2E92E33C2E93033C2F88A
S214016800C83010BD4FF0FF30FBE700BF1831002045
S21401681010F1860F12D010F1850F0ADA10F1930FDE
S2140168200FD010F1870F0CBF6FF073004FF0FF30E1
S2140168307047003818BF0120404270476FF0710062
S21401684070476FF06F00704710B5036804463BB1A0
S214016850064A934207D17022002104301DF085FBC1
S2140168600020206010BD6FF08800FBE709000002E1
S214016870F8B5134642880C460732072A4FEAD2017A
S21401688001D0A14253D1D0E90167058820221846DC
S21401689000211DF06AFB360A0346002E4AD1002C61
S2140168A045D041F20102954205D0B5F5885F02D088
S2140168B0B5F5905F02D15C60002011E0B5F5105F80
S2140168C007D1182C03D0202C01D0102C2FD11C60FE
S2140168D0F1E705F44F42B2F5824F02D06FF0850022
S2140168E0F8BDEAB2122A03D1202CF7D1134A04E0EC
S2140168F0412AF3D1202CF1D1114A25F0FF05B5F537
S214016900E24F1A600CD0B5F5824F10D14FF4005209
S21401691017F4705F09D017F4864F04D09A60DDE74C
S2140169204FF48042F4E742F480629A60C4E76FF065
S2140169308600D5E76FF08B00D2E700BF200000800D
S214016940200000B0F0B5C4880546082C8BB017D9D6
S214016950083C082C17D80668A70020363A46314668
S21401696002A81DF021FD3A46002130461DF0FDFA31
S2140169702623009309212346286802AA04F0D2FEA2
S21401698000200BB0F0BD0148FBE700BF80B0FFFF61
S21401699070B5046A05460E463CB90120FBF74DFF6B
S2140169A0286228B120466E6270BD6FF08A00FBE750
S2140169B06FF08C00F8E708B538B127F049FC0028DD
S2140169C014BF6FF01D00002008BD6FF01B00FBE731
S2140169D010B5044650B150238065C365184427F0AE
S2140169E0D6F92066B0FA80F0400910BD0120FCE718
S2140169F0EEE710B1006E27F09EBC704770B525F02B
S214016A002BFC01280FD8154D95F8E03043B905F158
S214016A10E400FFF7DDFF044618B9012385F8E030EE
S214016A200024204670BD27F073FA051E14DB0B4EBA
S214016A3096F8E03043B906F1E400FFF7C9FF0446D3
S214016A4018B9012386F8E0300024284627F076FAA4
S214016A500028B8BF0224E4E70D24E2E7183100203D
S214016A6030F4D87001D0FCF75DBB704710B5034B0E
S214016A700A461B6800210446984710BDB8770020D7
S214016A8010B5044610B109B1FFF7F0FF2046BDE886
S214016A901040FBF7C5BD434213F07F031CD05F2BAC
S214016AA0C3F1000000F3B48010F10E0F31DA10F1DB
S214016AB03B0FC0F2DB8010F1100F00F0F28010F1F6
S214016AC00F0F00F0898010F1210F1FD010F1200F59
S214016AD067D010F1220FBBE010F56E5F00F0D88092
S214016AE000F3938010F59C4F76D05DDC10F5C44F13
S214016AF000F0C58031DC10F5C74F00F0C3803FDBE6
S214016B0010F5C64F68D010F5C54F39D16FF0860025
S214016B107047012300F10E02934040F217521342D0
S214016B20F4D100283FD010F1080F08BF6FF089009C
S214016B3018BF6FF083007047012300F16C02934089
S214016B4041F250521342E1D1DB0700F1A78010F168
S214016B506A0F08BF6FF08C00EAE710F5A24FD5D098
S214016B6011DC10F5C14F1CD006DC10F5C34F00F048
S214016B70988010F5C24FC8E710F5A34F00F091803A
S214016B806FF08300704710F59E4F00F0878005DC9C
S214016B9010F5A14F05D010F59F4FB6E710F59D4FA4
S214016BA0EED16FF08500704710F5785F6DD01EDC72
S214016BB010F5994FAAD008DC10F59B4F71D010F54F
S214016BC09A4FDDD16FF09300704710F57E5F68D065
S214016BD005DC10F5984FD3D16FF09400704720F084
S214016BE0800010F57C5F08BF6FF08600A0E710F507
S214016BF0705F4DD0C4DC10F5725FD2D0C0DC10F5EA
S214016C00765F83D010F5745F7FE710F15F0F29DAA6
S214016C1010F16C0F90DA10F1700F3CD010F16F0F7D
S214016C201ADA10F5645FD7D00DDC10F5685FB8D0BE
S214016C3006DC10F56C5F3FF469AF10F56A5FAFE7ED
S214016C4010F5665FACE710F5625F27D010F1720FA2
S214016C5008BF6FF085006BE710F16E0F08BF6FF08D
S214016C60960065E700287FF71FAF89E710F13D0F13
S214016C70A8DA10F1400F08BF6FF0930058E76FF0E5
S214016C80950070476FF0960070476FF0910070475F
S214016C906FF0840070476FF0920070476FF08900C4
S214016CA070476FF08C0070472DE9F04F00F17808BF
S214016CB0BBB00546CDE9061200F168070021404643
S214016CC00893FCF7D3FD28B3281DFCF7F5FEC61D77
S214016CD02846FEF787F802284FEAD60600F02A83F0
S214016CE05B4C2846FEF77EF80128814640F0288353
S214016CF000214046FCF7BAFD0446002840F03783E1
S214016D00079B002B00F01B83069B1870089BC3F89B
S214016D10009015E305F16003194628460593FEF732
S214016D202BFB0446002840F0878005F11C0A5146DB
S214016D302846FEF728FA044600287DD12846FEF7A5
S214016D4051F8022840F05D8111A8FEF754F80121A0
S214016D5003220B940C9119AB013A03F1080323F8B3
S214016D60041C23F8024C43F8084CF5D251460BA8F4
S214016D70FCF7EBFB044600284DD1514611A8FEF75F
S214016D805DF80446002846D101213846FCF712FC7E
S214016D90044600283FD101464046FCF70BFC04465A
S214016DA0C8BB05F17000FCF7A7FB05F1040B5946BB
S214016DB011A8FCF713FD002825DA284611A906F0CC
S214016DC099FA044638BBD5F84090B9F1FF3F41D156
S214016DD03946284606F08EFA0446E0B95A46414638
S214016DE04046FDF796F80446A8B943463A46394662
S214016DF02846FEF74DF8044668B901214046FCF7DF
S214016E00D9FB044607E011A95A460846FCF73BFDA4
S214016E1004460028CBD011A8FEF71AFD0BA8FCF7F4
S214016E206BFB002619AB98190836FCF765FB202E7C
S214016E30F8D1002C00F0E6802046FFF72CFE044631
S214016E4000283FF441AF20463BB0BDE8F08F00BFBD
S214016E5080B1FFFF49460598FCF7F0FBC6B2324603
S214016E60384611A9FCF7F2FA04460028D3D1324677
S214016E70404615A9FCF7EAFA04460028CBD143465A
S214016E803A46284619A9FEF7F9F804460028C2D161
S214016E9043463A4628461BA9FEF7D2F80446002880
S214016EA0B9D1284615AB11AA1DA9FEF7E7F8044685
S214016EB00028B0D1284615AB11AA1FA9FEF7C0F8C5
S214016EC004460028A7D11FAA1146284619ABFDF78C
S214016ED0DFFF044600289ED11DAA114628461BAB9B
S214016EE0FDF7D6FF0446002895D119AB1A46194678
S214016EF02846FDF7CDFF044600288CD11BAB1A4669
S214016F0019462846FDF7C4FF0446002883D13946B2
S214016F1028461BAB19AAFDF7BBFF044600287FF4E1
S214016F207AAF19AA114628461BABFEF789F8044624
S214016F3000287FF470AF4146284619AB05F10C02D4
S214016F40FDF7A6FF044600287FF465AF4346414699
S214016F5028461BAAFEF792F8044600287FF45BAF8A
S214016F6028461DAB1FAA11A9FEF788F8044600287B
S214016F707FF451AF11AB1A4619462846FDF788FF34
S214016F80044600287FF447AF28461DAB1FAA15A963
S214016F90FEF756F8044600287FF43DAF15AB1A46B7
S214016FA019462846FDF774FF044600287FF433AFE0
S214016FB015AB194628460BAAFDF76AFF04460028BA
S214016FC07FF429AF43464146284619AAFDF760FFDC
S214016FD0044600287FF41FAF3246384611A9FCF755
S214016FE035FA044600287FF416AF3246404615A906
S214016FF0FCF72CFA09F1FF39044600283FF4E5AE08
S21401700009E7AD4C2846FDF7EDFE012883467FF4DF
S21401701013AF2B6C182101335B0802200493FBF796
S2140170200CFC0646002800F0838106F11809FDF7DE
S214017030E2FE4846FDF7DFFE04230022039319AB68
S214017040039908330139039123F804BC23F8022C71
S21401705043F8082CF4D151463046FDF7EFFE0446BE
S214017060C0BB4FF0180BDDF80CA0049B53451ED196
S21401707049462846FEF71EF8044658BB19AB00934E
S21401708032464B4649462846FEF7FDFA044608BBFB
S21401709049462846FEF70EF80446D8B906F1100010
S2140170A0FCF72AFA06F12800FCF726FA12E0049B00
S2140170B00498BAFBF3F101238B4000FB11A1DBB26C
S2140170C00BFB036219B31146284619ABFEF7D5F937
S2140170D0044658B34FF0000A19AB03EB0A000AF155
S2140170E0080AFCF709FABAF1200FF5D10CB3AB6D1B
S2140170F09E4208D03046FEF7B9FB4846FEF7B6FB7F
S2140171003046FBF78DFA3846FEF7B0FB94E603F0FF
S214017110FE0101EB5301104606EBC1010992FDF792
S2140171208DFE099A04460028CDD0D3E70AF1010A5C
S2140171309BE7012305F1340B21465846CDE911435F
S2140171400B940C93FCF77AFA012840F0B2802146A2
S2140171500598FCF773FA059982460BA8FCF7F5F932
S214017160044630B111A8FCF7C7F90BA8FCF7C4F91F
S214017170BDE75946059A11A8FCF771FC044600289C
S214017180F0D1BAFA8AF35B091A4611A90BA805933E
S214017190FCF712F904460028E4D1049B01465A1C68
S2140171A019A80DF1640B1CF0E0FEA2465B4609939C
S2140171B0049B53457AD051460BA8FCF73FFA099B2E
S2140171C01C78049B044303EB0A010BA8FCF736FA70
S2140171D0E4B2099B44EA400403F8014B0AF1010AB0
S2140171E0E5E79BF801009BF8003080EA020C6FEAA5
S2140171F00C0101F0010113FB01F3104003EA0C023C
S21401720083EA0C030BF8013F1BF8013C024343EAF7
S214017210C1130BF8013C0134A245E2D211A8FCF7D8
S2140172206BF90BA8FCF768F90BA8FDF7E4FD032240
S2140172300120002111AB013A03F1080323F8040CE5
S21401724023F8021C43F8081CF5D20AF1E8036B4444
S21401725032463946284613F8843C03F051FD04466D
S21401726050B93946284606F001F8044620B90DF112
S214017270440BBAF1000F21D10BA8FEF7E9FA039AE5
S21401728011AB9818FCF738F9039B0833202B0393AE
S214017290F5D1002C7FF42BAF39462846059AFDF729
S2140172A04EFF044640B3AB6DB34222E700220124F1
S2140172B0B2E7014C1BE700BF80B0FFFF5B463A46D2
S2140172C0394628460AF1FF3AFEF7D7F890B919ABC6
S2140172D03246284613F80A300BA903F011FD48B9C7
S2140172E03A4639462846CDF800B00BABFEF7CBF947
S2140172F00028BED00446BFE73946284605F0B6FF4B
S21401730004460028CFD139462846FDF7D3FEAB6D9B
S21401731004469E4208D03046FEF7A8FA4846FEF7D5
S214017320A5FA3046FBF77CF9002C3FF485ADEAE67A
S2140173301D4CE8E6089B1E60079BB3420DD21B4C12
S2140173402046FFF7A8FB044600283FF47CAD002149
S214017350079A06981CF009FE75E5324638460699E6
S214017360FCF7D5F9044600283FF4BBACE8E7089AD9
S214017370730001331360079A9A42E0D304230699F7
S2140173803246384601F8013BFCF7F4F9044600287A
S214017390D6D1069B711C3246194405F17000FCF7E4
S2140173A0E9F90446CCE700BF80B2FFFF00B1FFFF5A
S2140173B038B50446006A10B1616AFFF761FB237EA7
S2140173C0012B0FD0023B012B0FD8E369012B0CBF19
S2140173D000256FF096052822002120461CF0C5FDE9
S2140173E0284638BDE369002BF1E76FF09605F2E712
S2140173F0034660B1017E8A1E012A0AD80329C269A2
S21401740002D1012A00D1D3E71AB1013ADA6100208C
S21401741070476FF09600704737B505460C46FFF784
S214017420F5F870B100232146284601AA019303F01E
S214017430EEF920B9019BA34218BF6FF0930003B089
S21401744030BD6FF08800FAE7084608B51146FFF729
S214017450E3FF002818BF6FF03B0008BDDCE770B5FE
S21401746005460E46FFF76DF900283AD0214C94F8F0
S2140174707C300BB3022B12D1D4F880307BB994F850
S214017480683063B194F8A4303BB364342046FFF708
S2140174904BF92046FFF78CFF78B100241BE094F8E7
S2140174A0A430E3B1022B1FD1D4F8A830E3B994F885
S2140174B09030CBB1104CE9E76434237EBBB901238D
S2140174C023763DB10D4B0E4AE31ADB10534303F10D
S2140174D080432B600020346070BD8C34EDE7064C91
S2140174E0EBE76FF08800D8E76FF08C00D5E76FF018
S2140174F09600D2E718310020A43100207C3100200C
S214017500CDCCCCCC10B50B4B04461B680A4898472B
S21401751018B16FF08F04204610BD2046FFF768FFB4
S214017520064B04461B68044898470028F3D0002CF5
S214017530F1D1EEE7A077002064320020A477002086
S21401754008B54FF098435B6CDB0209D524F084FE46
S2140175500238012804D8074BD3F8100226F0C2FAE5
S21401756026F0BFFD0222044B5860044BC3F880216D
S21401757008BD00BF18310020B877002000E100E008
S21401758018B1242200211CF0F0BC704770B51546D6
S2140175900E462422002104461CF0E7FC25F0400399
S2140175A0802B02D0B5F5807F08D12046314640F8C1
S2140175B0045BEA081CF0F8FE002070BD6FF01F00A7
S2140175C0FBE770B5144D95F8143203F0FF04EBB9E0
S2140175D024F042FE012802D926F09AFC044695F8CA
S2140175E0143263B9D5F86C320C4843F00103C5F880
S2140175F06C320B4B9B689847012385F8143224F0B4
S2140176002BFE012802D9204626F098FCBDE87040E2
S214017610044B02481B6818471831002030330020FD
S214017620B8770020A0770020044890F8143223B1E0
S214017630034B00F506701B68184770471831002089
S214017640A477002000F01F03A0F50620A0F55060E7
S214017650812811D801229A40094B400903EB800387
S214017660D3F8CC101143C3F8CC10D3F8B81021EAE4
S2140176700201C3F8B81070474FF0FF30704700BFE3
S214017680183100202DE9F04FA7B0CDE9022183463D
S2140176901D4604460822319E2BFA02F383EA0B03A9
S2140176A09F0702F1080218BF9B00202A1C44F3D151
S2140176B08123B4FBF3F303EBC313E41A8E4B04F5F7
S2140176C0062493F87C3204F55064002B3CD1FAF77B
S2140176D047FA0746002878D10146402206A81CF042
S2140176E044FC4022394616A81CF03FFCDFF82482F1
S2140176F0824BC24608F11008434528BF434600277F
S21401770003F1FF3910225346CDE900977C4806A9BC
S214017710F9F7C8F9034606AA9F4243D1012310226E
S214017720CDE900937648534616A9F9F7BBF94FF011
S214017730000A814616AFCA454CD1724B9845D7D13F
S21401774001226D4B83F87C224FF081090027A4F5B6
S21401775006236948A3F55062520900EB8202D2F86B
S214017760CC0004F01F01C840C0074AD4D2F8B820A4
S214017770CA40D20737D58122A3F6FF43B3FBF2F204
S21401778002EBC2129B1A002F08BF274603F50624F8
S214017790B9F1010904F55064D9D1029B2BB327B383
S2140177A03C462AE052F8040B05930492FFF74AFF81
S2140177B0DDE9042301300BD100224F4B83F87C22F4
S2140177C04D4B93F87C32002BBED16FF091000EE04A
S2140177D00137A1E757F8040BFEF7ECFF0130EFD0B5
S2140177E00AF1010AA7E7029B23B96FF08B0027B0C5
S2140177F0BDE8F08F002F18BF3C46329B00201C606E
S214017800F5E7309B13B10023309A13600EB10023C5
S21401781033604FF0100ADFF8E88000232A4621463D
S2140178204046CDF800A0F9F751FA58B1364B9842C8
S21401783001D0632853D121463148F9F7FDFF0028CE
S21401784034D0D2E7309A314B6AB3C2F800A02A6826
S2140178509A42F0D156B3306098F83430002BB4D049
S214017860DFF8B4A001214046F8F7B5FE524621469E
S214017870404616ABF9F785F960BB9DF85830032BE7
S21401788028D0022B0CBF0423DAF810303360D8F866
S2140178903C0005F01AFB309A33681268934294D381
S2140178A09B1A336002E02A689A42C4D1D5E90223C2
S2140178B003998B4208BF5A4515D08123A4F50624A7
S2140178C0A4F6FF44B4FBF3F303EBC313E41A04F585
S2140178D006245DE70A4BD86B05F0F7FA75E70C4B03
S2140178E09842E3D071E7029B002B86D06B68012B90
S2140178F083D16FF084007AE718310020816D08008B
S214017900800F0020906D0800FFDF00F0105D175E0D
S214017910FEDF00F0006D0800A0220020F0B5002771
S2140179200C4606468DB00021154608A810221CF00C
S2140179301CFBCDE90677FFF744FE05AB029307ABC8
S214017940019306AB214600933A46304608ABFFF753
S21401795099FE044620B1FFF767FE20460DB0F0BD44
S214017960099B6B60079B2B60F5E700232DE9F04F21
S2140179700B608FB005460F46FEF7E3FE002800F0C9
S2140179805981AE4CAE4B04F5A6701B68984700288B
S2140179903BD105F14043012BDFF8B8B217D82822B6
S2140179A0534304F164011944234493F87C20022ACA
S2140179B002D19B6F9D421CD039460020FFF74FFD38
S2140179C0044690B3DBF800309E4898471FE0002D30
S2140179D028DD94F87C30022B02D1A36F9D421AD089
S2140179E094F8A430022BE7D1D4F8A0309D42E3D11D
S2140179F095490846FEF798FE044678B93960DBF8E3
S214017A0000309048984710B10CB96FF08F042046AB
S214017A100FB0BDE8F08F04F16401EAE710F18C0FB6
S214017A20EDD1C9E76FF08704E9E73B6821465D6160
S214017A3001253B6806465D60D7F800A00AAADAF879
S214017A4014904846FFF76AFF0446002862D1DDF825
S214017A50288028464146FAF7F0FE0546002800F041
S214017A60DD804846314608AAFFF758FF044600283D
S214017A704CD1B8F1000F08D0B5F1005F52D3C8F170
S214017A80005303F5C0339D424CD800241022002138
S214017A900AA81CF06AFACDE90544FFF792FD07AB88
S214017AA0029305AB019306AB224600934846314646
S214017AB00AABFFF7E7FD044678BB059C2A46069B02
S214017AC007996248A04594BFCDF800800094F9F765
S214017AD0FDF80646A0B9FFF7A7FDA04522D8B8F1E4
S214017AE0230F22D86FF0980441462846FEF7C8FFB8
S214017AF031460020FEF7C4FF3868FFF759FC56E010
S214017B00FFF792FDA0450DD86FF091044146284637
S214017B10FEF7B6FF0021084675E0FFF785FDB8F1D0
S214017B20000FF3D06FF09804F0E708222846484982
S214017B3023F0A3FB0028D5D1AB68002BD2D12E6A47
S214017B40A8F124039E42CDD8B6F5005FCAD28EB303
S214017B5031460120FAF771FE814600284ED03246A2
S214017B6005F124011CF020FCEB684146CAF80430FC
S214017B702B8A2846AAF800306B8AAAF802306B696D
S214017B80CAF80830AB69CAF80C30EB69CAF810308D
S214017B90B9F1000F00D07EB9FEF772FF31464846B4
S214017BA0FEF76EFF3868FFF703FC6FF091040023C1
S214017BB03B6024E7B146D7E7FEF762FF3146504601
S214017BC0FEF7E6FE0446E0B932464946DAF82000FA
S214017BD01CF0EAFB31464846FEF752FF386808308B
S214017BE0EDF701FC3B681A7E012A20D03868FEF7C3
S214017BF09BFD044600283FF402AFD8E76FF08C04E3
S214017C0072E731464846FEF73BFF3868FFF7D0FB80
S214017C1014F18C0F08BF6FF08704C8E72146FEF702
S214017C202FFF3868FFF7C4FB6FF08C04BFE7022212
S214017C301A76DBE76FF08804E9E600BF183100200A
S214017C40A077002064320020A4310020800F00209D
S214017C50DCF60300A47700202DE9F8438846174692
S214017C601E46FFF782FE044620BBD8F80050B5F842
S214017C70009009F4E043B3F5804FAB6808BF27F0E6
S214017C80010737EA03030DD1A6B132464846E96833
S214017C90FEF711FD074668B9324648462969FEF7E0
S214017CA00AFD50B900232846C8F80030FFF72AFC21
S214017CB06FF084042046BDE8F8833C46FAE707B532
S214017CC000216A46FFF72AFE8C3018BF012003B058
S214017CD05DF804FB70B500260C4605468CB01022F4
S214017CE0002108A81CF041F9CDE90666FFF769FCFA
S214017CF005AB029307AB019306AB214600933246D0
S214017D00284608ABFFF7BEFC044610BB099B012BB7
S214017D1024D0059D14482946F9F78EFD08BBA5F524
S214017D200623A3F55063812B05F01F000FD8012110
S214017D300E4A5B0902EB8303D3F8CC2081404A400C
S214017D402846C3F8CC20FEF735FD013001D16FF08F
S214017D508604FFF769FC20460CB070BD6FF0840402
S214017D60F7E76FF09104F4E7800F00201831002048
S214017D7013B500216A460446FFF7D0FD8C3002D1C8
S214017D80002002B010BD00212046FFF7A3FF0146E8
S214017D9010B16FF09800F4E76A462046FFF7BEFD83
S214017DA08C30EDD0F5E773B50446C8B101A9FFF7ED
S214017DB0DCFD0446A0B91D4B1D481B6898471D4EA7
S214017DC0019D08BB2B7E032B12D12846FFF710FB23
S214017DD0336804461648984728B10CB96FF08F04EB
S214017DE0204602B070BD002C08BF6FF08704F7E78D
S214017DF0022B15D103232B762B79FF2B13D01BB126
S214017E006869FFF7B5FF04462846FFF7F1FA3368BD
S214017E10002818BF0446064898470028E0D0DCE74B
S214017E206FF09604F0E76FF08404EDE7A07700208A
S214017E3064320020A47700202DE9F0411C464368F7
S214017E4007461B0A8846154688B055D1038823F095
S214017E50FF02B2F5824F2CD14688413BDBB2073692
S214017E60012B4FEAD60607D90B78042B1AD06FF0F0
S214017E70860008B0BDE8F081B542F8D12246314609
S214017E803846FEF7F5FC0028F3D1033525F0030547
S214017E90C4E90308656176B92022002120461CF05A
S214017EA064F8E4E7013DB5EB460F01F10108E5D0C2
S214017EB0DDE72E46E2E70146202268461CF055F82B
S214017EC06A4631463846FEF7D3FC0028E4D12368DB
S214017ED0009A9A42E0D16368019A9A42DCD1A3687B
S214017EE0029A9A42D8D1A369069A9A42D4D1E369F2
S214017EF0079A9A42BDD0CFE76FF08B00B9E7F8B585
S214017F00284B5B6824F0A8F90128074637D925F0E5
S214017F10FFFF061E02DA01242046F8BD224B93F825
S214017F207D32002B39D12148FEF752FD044600BBB5
S214017F3000241D4D214605F5D87205F5E073C5F8F8
S214017F40B0415460C5F8B83150230120C5F8BC31A2
S214017F5025F07CFFC5F81002E8B103210120FAF7ED
S214017F60F1FA0222124B1A60012385F87D32012FA5
S214017F70D2D9304625F0E2FF0028CDDACBE70A4B0E
S214017F8093F87D325BB90948FEF722FD04460028C6
S214017F90C2D10646CCE70124E9E70024E9E700243C
S214017FA0BAE700BFB877002018310020E021002092
S214017FB000E100E02DE9F047FEF728FB20B14FF085
S214017FC000084046BDE8F087584E59483368984740
S214017FD0584C0746584DA0B92378D90709D4FFF75E
S214017FE08EFF002818BF6FF09207237843F0010335
S214017FF023702B684E48984700284DD0002F40F03C
S21401800092806FF08F08336849489847237858075D
S21401801044BF23F004032370237899071BD54FF040
S214018020010A4FF00309454F07F16400C7F880A025
S21401803087F87C90FFF7BCF907F18C00C7F8A8A079
S21401804087F8A490FFF7B4F9002387F8B4302378B3
S21401805023F0020323702B68354898473368374866
S2140180609847637813B13648FAF7DFFD00230821F5
S21401807033486370FEF7FAFC2B683048984733683C
S2140180802B48984723782A48DA0744BF23F0010390
S21401809023702B68984794E73368002F43D1244810
S2140180A098470028ADD123789A0706D40121234AA0
S2140180B043F0020382F8B41023702B681C489847DB
S2140180C000289ED133681A489847002899D12B6812
S2140180D0174827789847002893D133681748984758
S2140180E000288ED1637833B9FB0704D51448FAF714
S2140180F09CFD022363702B6810489847002880D1A6
S21401810033680B48984700287FF47BAF23780848EC
S2140181105F075CBF43F0040323702B689847002871
S2140181203FF44DAF6DE76FF092086CE7A077002043
S2140181306C230020D0230020A477002018310020D3
S214018140D423002010B5036813F0704208D1C3F39E
S2140181500E030B6013B943686BB10B6000200BE094
S21401816003F05044B4F1004F07D0B2F1304F04D0C1
S214018170B2F1404F01D0212010BD03F07F03E8E7A4
S214018180002373B50D4601A906460193FFF7DAFFF2
S214018190A0B93468019B14F0704403F1030323F083
S2140181A003030AD0B168B4F1004FC1F38032C1F3C2
S2140181B0403105D102EB410253432B6002B070BD42
S2140181C0B4F1204F01D10A44F6E7B4F1304FFAD0AA
S2140181D0B4F1404FF7D02120F0E72DE9F3470568C9
S2140181E00F680446BD420E4690469A4605F0704911
S2140181F02AD0B9F1004F06D0B9F1404F03D0212063
S21401820002B0BDE8F08785EA0703B3F1805F0CD3BF
S214018210BAF1000F2FD1B8F1000F18D0A368B268D9
S214018220534013F4E04F12D0E9E70023204601A99A
S2140182300193FFF787FF0028E1D1019AC2F30E02EE
S21401824015431743BD42DAD1B9F1000FE0DB002335
S214018250204601A90193FFF775FF0028D0D10090B1
S21401826069463046FFF76EFF0028C9D1DDE90032C6
S2140182709A42C5D0C3E7B268B8F1000F03D0A3682D
S2140182805340D904BBD49304E1D4B8E7002337B5EF
S2140182900B600368054603F070430B60C2680C462A
S2140182A022B1032A0DD143F080630B60D5E9023277
S2140182B0980103F0407107D5B1F1407F07D0002A3D
S2140182C062D1212003B030BDB1F1407F55D1002AE3
S2140182D0F7D04FF04073226822F040721A432260B2
S2140182E0EB68032B09D12B69F62BEAD91B0403F49F
S2140182F07F0322F47F0213432360AB681B0442BF53
S214018300236843F400432360EB68032B09D02368FA
S2140183102A6823F4FF4323F07F03C2F30E021343BC
S21401832023602B68AA68002B31DB12F4C84FC8D132
S2140183302B6803F0704303F10043B3F1804F05D27D
S214018340530542BF236843F4806323600023284615
S21401835001A90193FFF7F6FE0028B3D12B6813F0AD
S214018360704226D12368019A23F4FF4323F07F034A
S214018370C2F30E0213432360A4E703F08073002ABE
S214018380A9D1002BA7D09CE74FF00073A3E75004B8
S21401839002F4005106D4002993D0236843F4005315
S2140183A02360C5E7236843F4804323600029BFD0D8
S2140183B0F3E703F05043B3F1004F06D0B2F1304F6C
S2140183C003D0B2F1404F7FF47CAF019B2268013BA2
S2140183D003F07F0322F07F02CCE7012337B54B6021
S2140183E0C36805460C469BB901A90193FFF7C8FE71
S2140183F060B9019B6A699A4207D32A6962B1226011
S21401840043F000530020A36000E01D2003B030BD00
S214018410032B01D10023F5E72120F7E7436813B9C1
S214018420416070475B685A68012AFBD15960704702
S21401843008B5044B0022196812F01AFF08B9024B5E
S214018440187008BD18FA0300881D002041F6713324
S21401845010B5114A1149D469D3639368884204F46C
S21401846080340F4923F4401305D89360D1F81832AD
S21401847023F0020309E043F480139360094B98420A
S214018480F4D9D1F8183243F00203C1F8183214B106
S2140184900022014BDA6310BD00000350005A62024D
S2140184A000C0075080F0FA020FB407B5064B05A9C5
S2140184B01B6801911BB1054A05481268984703B02D
S2140184C05DF804EB04B07047941200209812002067
S2140184D059E8030070B5436A04460D461BB111B94D
S2140184E0826A0F489847A38899060ED50C4BDA7D09
S2140184F092070AD5197D94F86020914205D11B692F
S214018500E26D934224BF0133E365206A836C33B185
S2140185102DB92A46BDE870400149006C184770BD68
S214018520381E002013B5184B0DF10601186821F00E
S21401853067FF1648BDF80610154A90F900300B394A
S21401854054567F2B0A4490F9011092F9100008D175
S214018550A042A8BF20467F2911D17F2808BF00204E
S21401856007E0A042A8BF20467F2904D19842A8BFB1
S214018570184602B010BD8B42B8BF0B46F6E78842DC
S214018580A8BF084640B2F4E7001D0020841E002064
S214018590861E002013B50024182001A9019402F0BC
S2140185A0BBFF00B10194019802B010BD73B50A4E2D
S2140185B00A4D31460446286821F029FDF3F764FE8A
S2140185C0074B01940093C20001233146286821F02D
S2140185D013FD02B070BD00BF6C1E0020001D002000
S2140185E01DCD00002DE9F8430446884600211F46AC
S2140185F09146F3F7D7FE144B144EE41A1E23E410EB
S214018600B4FBF3F4E4B2A50105F10C0C06EB8414FB
S21401861084F80180B44499E80F008CE80F0005F156
S2140186201C0CB44497E80F008CE80F002C35089B0F
S21401863035440FCB85E80F004FF6FF73A38784F808
S2140186403E30BDE8F88300BFA01200208815002048
S214018650F8B507680E46384603F09CFA04463846D5
S21401866003F096FA0546F1F7FFFC04EB4003DBB294
S214018670FF2B13D0C5F38120022805D0032807D08D
S214018680002300203372F8BDFB5A33800123F8E73C
S214018690F9183046F2F75CF80223F2E70620F2E713
S2140186A0044A054B013800D2704753F8041B42F8C0
S2140186B0041BF7E7806400204041000030B5134BEF
S2140186C001461B7803B3EFF31184302383F311883B
S2140186D00F4A00231546107B58B90B6001211A0179
S2140186E005EB03131973A85084F31188BFF36F8F3A
S2140186F030BD0133082B02F11002ECD184F311884E
S214018700BFF36F8F0348F3E70348F1E7081600202D
S2140187100C160020048000F0028000F0F7B500F58A
S21401872080530646D3F8C0010F4604F017FB0546F2
S214018730A0B10122304601A9ECF710FD044630B184
S2140187402946304604F003FB204603B0F0BD019BEA
S214018750C3E90050988118773B60F5E71A24F3E7E0
S21401876038B590F850300446042B0D4622D1002926
S21401877014BF0223052380F85030D0F8F80004F027
S21401878033FCB8B9E36FABB123F066FD022803D121
S214018790D4F8F00023F034FD29462046ECF757FCC8
S2140187A023F05AFD022805D1D4F8F000BDE8384080
S2140187B025F012B838BD2DE9F043012905460E46CD
S2140187C0914698469DB055D8046824F04003802B06
S2140187D002D0B4F5807F50D12022002114A81BF0CE
S2140187E0C4FB294A294BE408012E08BF13461393FC
S2140187F02B1D0A93012344F000540B930C94244C34
S21401880007AF0AAA07CA04AE87E80700CDF8349076
S2140188100DAA0E930F9407CA86E80700CDF840808C
S214018820119310AB129401AC93E8070084E807009B
S21401883013A83946FFF7F2FD3146FFF7EFFD214653
S21401884025F088FC2968C90825F05BFC102125F075
S21401885058FC104825F0FCFC90B913A825F05AFCEA
S21401886025F03FFC04460B4825F07EFC20461DB053
S214018870BDE8F0836FF02000F9E76FF07100F6E7CE
S2140188804FF0FF30F3E700BF0001000400010104D0
S21401889010000020E021002008B538B125F064FC66
S2140188A0002814BF6FF01D00002008BD6FF01B00EC
S2140188B0FBE72DE9F04FBBB028AE00F130070446C8
S2140188C0884615460FCF0FC697E80F0086E80F00BB
S2140188D030A825F00FFC834604F13000BBF1000FF1
S2140188E040F04B812768BB4A27F47E13934240F041
S2140188F0CB809DF8A030CDE918BB0493CDE91ABB17
S214018900CDE91CBBCDE91EBBCDE920BBCDE922BB21
S214018910CDE924BBCDE926BB2A9B2F9E1DB1B8F11C
S214018920000F00F02A81C7F30742C7F30547022F5D
S21401893000F02381102F00F22081D20700F11D8163
S214018940F21F062A00F21981F2B2C2F10F095FFA8C
S21401895089F9B9F1030F039206D801224FEAC9013A
S2140189608A40934280F009815022002105931BF032
S214018970FCFA2A1E18BF0122039BB91EC3F10E0A78
S2140189805FFA8AFA49084AEA821242EAC1028DF877
S21401899060202BA932460DF161001BF005FD059BF9
S2140189A01CA91A460BF1010BCB4501F8012D4FEA24
S2140189B01222F7D3049A6363039B84F84C20A764BE
S2140189C0324684F85D302BA904F1040B04F138001B
S2140189D01CAF1BF0E9FC5946009718AB20AA30A83B
S2140189E002F08FFB0146002840F0C780D5B10E2269
S2140189F003900DF162001BF0B8FA03992A468DF830
S214018A0060100DF1620041468DF861501BF0CCFC00
S214018A105946009718AB20AA30A802F072FB00282E
S214018A2040F0AB800DF1800C04F15E0224AF63468A
S214018A3003CBBB42106051609C4602F10802F6D19E
S214018A4032462BA90DF191008DF890A01BF0ACFCDD
S214018A50701C4A46002138441BF087FA012304F1B2
S214018A604D028DF89F3028AE3B4603CBB3421060D3
S214018A7051601F4602F10802F6D10020636A1D44C8
S214018A8065623BB0BDE8F08F534A934240F09E804A
S214018A909DF8A0602F9B15B1B8F1000F6DD00C2B7F
S214018AA06BD1782200211BF060FA002384F8A160C4
S214018AB0C4E90E532BAA002D7FD001261892474AEF
S214018AC019960DF118091A9218AA07CA89E807001B
S214018AD045F00052CDF870801D960DF124081E92C7
S214018AE01CAA07CA88E8070004F1400220920392F4
S214018AF03B4A21960CAF229220AA07CA04F1040B26
S214018B0087E807000DF1900A364A51465846CDE9E6
S214018B10302332933893FFF7B9FB049068BB30A833
S214018B20249925F0EEFA294625F0EBFA049B19461E
S214018B3025F0E7FA4FF000530FA910961193FFF7AF
S214018B406DFC584612A9FFF748FC8346A8B930A821
S214018B5012A9FFF763FC4946FFF760FC4146FFF7A1
S214018B605DFC394625F0F6FA24F042FD074638B199
S214018B701022594603981BF0F8F96FF0920080E72F
S214018B80194B04F17008CDF890802596269315AB05
S214018B909AE8070083E8070094F8A100134A1449ED
S214018BA03293012808BF0A4630A8309224F020FDEF
S214018BB048B1202239464046DDE704F1700307CA72
S214018BC083E80700012084F8A20056E76FF08500CD
S214018BD057E700BF00014005000240050C000020D9
S214018BE01000002000000204200000200100020402
S214018BF001000304F0B5174602780446022A0E4621
S214018C0093B040D0032A42D0012A44D11425234AE6
S214018C100C343260002299013046C6E901223262E4
S214018C2025F06FFA4FF0010C41F00051099709AB9E
S214018C30CDF828C006AF0B9145F0005593E8070024
S214018C4003AB87E807000C940CAACDF834C00E9548
S214018C5007CA83E807000F946C46CDF840C012AAF5
S214018C60119512E9070084E8070019463046FFF718
S214018C70D5FB3946FFF7D2FB214625F06BFA24F0E7
S214018C80B7FC13B0F0BD2025054A0C34C1E72025FA
S214018C90044A0C34BDE72120F3E700BF00020103BC
S214018CA000030103000401032DE9F0470646884648
S214018CB01C461546002A40D00378013B022B3CD8BF
S214018CC0436800F12C0903F03F07E318436022BF15
S214018CD083680133836077B93F2C27D92A464146FA
S214018CE03046A309FFF786FFE8B924F03F031D4489
S214018CF004F03F0415E0C7F1400A544516D3524626
S214018D00294609EB07001BF04FFB01234A46414663
S214018D103046FFF76FFF30B9403C3C443F2C55448A
S214018D20DCD814B90020BDE8F08700272246294682
S214018D3009EB07001BF038FBF4E72120F3E72DE9E8
S214018D40F0430F4616461D460023044693B01A46C6
S214018D5031463846FFF741FA002869D16946304660
S214018D60FFF7F0F9002863D138683349009A884242
S214018D706B6903D1934204D2212059E0B3EB420F31
S214018D80FAD32B68002BF7D14FF060623846C4E95E
S214018D900023A360236201A9FFF778FA002847D1D0
S214018DA00199204621F4F061019125F0AAF928469F
S214018DB002A9FFF76BFA00283AD14FF001094FF0EC
S214018DC000582046029925F09CF909A9CDF828906B
S214018DD0CDF82C80FFF722FB384606A9FFF7FDFAEF
S214018DE030BB204606A9FFF719FBEB6833B10CA987
S214018DF0CDF83490CDF83880FFF710FB30460FA938
S214018E00FFF7EBFAA0B920460FA9FFF707FB2846A4
S214018E1003A9FFF7E2FA58B9204603A925F09AF903
S214018E200325204624F0E4FB012801D1013DF8D1B9
S214018E3013B0BDE8F08300BF200000B02DE9F04F6D
S214018E409A460388144603F44F42B5B0B2F5824FF2
S214018E5080460F46409D02D06FF0850062E011B952
S214018E606FF086005EE0002CFAD0DAB2122A0CD03F
S214018E70413A012AF0D82B68002B00F0BF80073357
S214018E80B4EBD30F00F0BC80EAE723F0FF03B3F5A1
S214018E90E24F3AD143882B6093BBE3002B60B3F5D6
S214018EA0807FD9D10023184661493E19214411F823
S214018EB001CD16F8012D1043B2EB0C020CBF4FF09A
S214018EC0FF3C4FF0000CB7420CEA030343EA0203EF
S214018ED0EDD10028C4D0002BC2DA3E9B9C4200F2A2
S214018EE0A3802246394650461BF05EFAB8F80000C9
S214018EF051462A6802F001FC3F9B00201C6011E0ED
S214018F00DA1DB4EBD20FCAD0AAE7B3F5824F40F010
S214018F1088800B78042BA3D119A825F0EBF820B193
S214018F206FF0920035B0BDE8F08F0090694619A841
S214018F3024F0CAFB0028F3D1009B3E4A23F07F436E
S214018F40934289D94FF000093E22494624A8CDF81C
S214018F508C901BF00AF801232022494601A88DF8BF
S214018F608C3004F1FF3B1BF000F87B1C20224946A5
S214018F7009A80593CDF818B01AF0F7FF422320226E
S214018F8023AE494611A80E930D961AF0EEFF422322
S214018F904FEACB025208B2F5807F159616932A60E7
S214018FA00BD003D8E02A3FF457AF59E7B2F5C07F9C
S214018FB03FF452AFB2F5047FF5E71F4B01AA0193C8
S214018FC009934FF4005303934FF480430B934023CC
S214018FD009A9129319A811ABFFF7B1FE2B68073345
S214018FE0DB085A0033B1531E013B86F8009006F1A8
S214018FF00106F9D200283FF470AF31E7E3002B6099
S2140190002B68FF2B3FF469AFB3F5807F7FF424AF65
S214019010B8F80230B3F5807F3FF41EAFFF232B6014
S2140190205BE76FF096007DE76FF089007AE700BF97
S21401903004F7030001020100200000802DE9F04F33
S2140190408BB0059300230E46059980461446CDE95C
S21401905007330B60002A00F0E18007AA08A901F097
S21401906061FC8346A8B90898436AB3B1089D2F46A8
S2140190706B88D5F8209006936B6857F824AF1B0AC7
S214019080049318D0674B049A9A4200F0B3806FF0AD
S214019090860B089801F0B0FF59E0D8F804301B0A97
S2140190A002D0604A9342F2D12146FDF771FC834615
S2140190B00028DBD0EDE706ABCDE9017322464B462F
S2140190C031462846CDF800A0FFF7B8FE10F1860F0E
S2140190D0834640F08280288800F4E043B3F5805F41
S2140190E002D0B3F5005F36D1069B002B38D0069927
S2140190F0FDF7B2FA83460028CBD10731B4EBD10F86
S214019100C5D1A245C0F087802246314648461BF0AD
S2140191104BF96C620899069B4A88002A77D14B80E6
S2140191204FF6F8729342089817D8B8F8003013B182
S21401913002889A42ABD1B8F8023013B142889A42FB
S214019140A5D1059901F05BFE83460028A1D15846BA
S2140191500BB0BDE8F08F430405D46FF0850B98E79C
S214019160E3000693C3E720F4435323F03F03B3F52C
S214019170824FF2D1049B6988099309AB009332466A
S214019180234601F023FC099C834630B12046FCF7B8
S214019190A0FB2046F9F744FA7BE72B88226C23F4E0
S2140191A0435B2BF03F0BBBF5824F03D1D9B241296C
S2140191B008BF013203F4E043B3F5804F069210D1A5
S2140191C03B46524649462046FDF76EFD83462046FD
S2140191D0FCF77FFB2046F9F723FABBF1000F99D085
S2140191E057E753464A4639462046FCF705F9FDF748
S2140191F052FCEBE706ABCDE9017322464B463146FE
S2140192002846CDF800A0FFF719FE8346E5E79A4207
S2140192107FF43DAF84E76FF0890B3AE76FF0860B7A
S21401922095E700BF020080002DE9F04FB5B0064675
S214019230894692460021202202A81F463E9C1AF02B
S21401924094FE202200210AA81AF08FFE2022002177
S21401925012A81AF08AFE00213C2225A824911AF0B1
S21401926084FE002E77D0B9F1000F74D03F9B002BFF
S21401927071D0B6F80080B6F802B008F4E043B3F552
S214019280804F68D00BF10703BAEBD30F4FEAD30533
S21401929061D3409B9D4273D81AA824F02BFF28B1B6
S2140192A06FF09206304635B0BDE8F08F019001A907
S2140192B01AA824F009FA0028F2D1019B324923F0BA
S2140192C07F438B42019302D86FF08506EAE747F2A7
S2140192D01213984513D047F241139845F4D1A5428D
S2140192E039D8BBF1FF0FEFD1409B033403332A4635
S2140192F03F99264824F0030423F003030AE0BBF554
S214019300807FE1D1402302342148013724F0030451
S2140193106A0024A9CDE916130A90139230465246E4
S214019320494602ABCDE90E74FEF786FD06460028D7
S214019330B8D14FF400531AA80C9324F0DBFE002892
S214019340AED112AB0AAA02A91AA8FFF7F8FC044686
S21401935020B14828B8D06FF08606A3E747F212136B
S21401936098450AD124AF2A4639463F981BF01CF887
S21401937023463B550134402CFBD1419B1D6091E7B0
S2140193806FF089068EE700BF01020100200000B0E1
S214019390200000802DE9F041884616461D46074606
S2140193A096B030B900236FF086002B6016B0BDE88A
S2140193B0F081002AF6D020230CA82B6024F09AFE18
S2140193C0044640BB154B4146CDE90C300E90149037
S2140193D00CA824F096FE069701276B4648F000512C
S2140193E0079706AA089107CA83E807000C4A099658
S2140193F00A9703AE0B9209AA07CA86E80700194620
S2140194000CA8FFF70BF8314624F0A4FE24F0F0F880
S2140194100028CBD02C606FF09200C7E70004000351
S214019420200000202DE9F04F01230024ADF5097D31
S2140194302020CDE91043CDE91243CDE9144304F0D1
S214019440A3FC0490002800F0CC85202004F09CFCAE
S2140194500546002800F0C28528A8EBF7BCFF4FF4AC
S21401946080435FA85F93EBF7BEFF5F9B36AA2A9304
S214019470A44B2EA92B93A44B28A828932E9436945C
S2140194800B9401F04FFA0746002838D12E9A536AFA
S2140194908BB12E9C6168D4E90868090A49D06FF03F
S2140194A086072E9C206A10B1616AFDF7E9FA00234F
S2140194B0C4E9083323E0299B1B0A40F0AD81BDF8BF
S2140194C0A000BDF8A21000F4E043B3F5805F11D010
S2140194D0B3F5005F0ED020F0FF00B0F5E24F40F08C
S2140194E09E8107311046C908FDF752FA0746002843
S2140194F0CFD004E0FDF7B0F807460028F1D02E984B
S21401950001F07AFD3846EBF77BFF044620210498EC
S214019510FDF7ACFA28462021FDF7A8FA284604F004
S2140195203BFC049804F038FC20460DF5097DBDE8A7
S214019530F08F23885A0425D503F4E043B3F5805F02
S21401954020D0B3F5005F1DD0002EA8D0B8F1000FD3
S214019550A5D0B4F802A00AF10702072A4FEAD209F9
S21401956010D0B3F5804F0DD020224EA81AF0FDFC86
S214019570494620464EAAFDF77BF90746A0B110F1F1
S214019580860F8ED1238803F4E042B2F5805F03D0C4
S214019590B2F5005F40F0A78041463046FDF73CFF3C
S2140195A00746002871D07CE7C84502D26FF08C07C9
S2140195B077E708F1030727F003075FA8529653974A
S2140195C024F098FD10B16FF092076AE74FF0007330
S2140195D06190CDE95F3067903EA94EA8FEF756FE32
S2140195E0002876D15FA83E9924F08BFD01231793BE
S2140195F04FF0005316A91893FEF710FF19A94EA8AD
S214019600FEF7EBFE002864D119A95FA824F0A2FD9D
S21401961023F0EEFF00285CD1519BB3B94E9AB2F10C
S214019620805F12D23EA94EA83E93FEF78BFD0146FF
S2140196300028C8D13E98830707D08742C3D33A1A79
S21401964002F0030230441AF090FC63681B0A04D14E
S21401965052463146208802F050F800226368626262
S2140196601B0A39D1238823F0FF02B2F5824F05D1B8
S214019670413BDBB2012B88BF09F10109C4F82490F4
S2140196805FA824F037FD00289DD12E980BA901F084
S214019690B6FB074600287FF432AF0B9B02460593C4
S2140196A01A4B0DA9186003460598FEF7D5FA04462D
S2140196B050B90D9C2688710400F1B4802046FDF750
S2140196C021FF6FF0860844460598FEF76CFB20469E
S2140196D019E748287FF477AF5FA824F00BFD002830
S2140196E03FF450AF6FE723F0FF02B2F5E24F05D12A
S2140196F0DBB2122B62880BD0412B72D06FF085073C
S214019700CFE600BF000002094171FF00FC640020A3
S214019710B2F5807FF2D103275FA8FBF775FB4FF008
S214019720010A002379A8CDE9773AFBF764FB3946AD
S2140197305FA8FCF7DDF80246002843D15FA8FBF7D7
S21401974051FB0228074658D1DDF8BC9177A84FEAAD
S214019750D90BD3441BF0030118BF514601EB9B0103
S214019760F9F7D8FE024668BB5A46BDF8E21177986B
S21401977001F016FB024628BBC9EBCB01013977A8DD
S214019780FAF727FA0246E8B95246494677A8F9F7A2
S21401979065FF0246B0B9014677A8F9F75FFF0246B2
S2140197A080B9514677A8F9F759FF024650B9B9F181
S2140197B0FE0F1AD03246434604F124015FA8FBF798
S2140197C01BFE02465FA80592FCF753F877A8F9F747
S2140197D093FE79A8FCF74AF8059A1046FDF75BF95F
S2140197E0DEE6FF2A8AD1092796E7394677A8F9F7F0
S2140197F035FF0246002ADDD0E4E701280AD10146FA
S2140198006CAA77A803F0ADFC10F10E0F0246F1D159
S214019810934AD7E7934AD5E76FF086076FE66FF06E
S21401982085076CE66168236A090A676A06937FF40E
S21401983045AF06F4E043B3F5804F00F0B481069BD4
S214019840002B3FF43BAF002F3FF438AF20222EA869
S2140198501AF08BFB3A46204606992EABFEF7ECFA39
S214019860804638B110F1860F00F09D812046FDF745
S21401987049FE28E706F44F49B9F5824F65D1413EC6
S214019880F6B2012E94BF002601264FF0000B0DF113
S214019890D80C0DF1B80EBEE80F00ACE80F009EE83C
S2140198A00F000DF1F8088CE80F0059463C2260A81D
S2140198B0CDF87CB11AF059FB5946C8F800B01C2205
S2140198C03FA81AF052FB6388B9F5824F03F10703EC
S2140198D04FEAD30B3BD1CBF1000313F0030936D08B
S2140198E0DDF8C4A0BAF1000F11D15F45FFF4E6AE72
S2140198F04A46514640461AF038FB5A46069908EB46
S21401990009001AF051FD2023CDE931A833935FAB4E
S2140199100993402300220893099B0EA93A93089BBA
S21401992036A83B93389B399223F0807323F4804307
S21401993043F4005338930E92FEF722FC70B1204692
S214019940FDF7E0FD6FF09208BDE601269DE7464B68
S2140199504FF00009F31809932023DBE70E9B3344ED
S214019960A3EB4903202B07930E9305D92046FDF759
S214019970C9FD6FF08908A6E64EA824F0BBFB0028B7
S214019980DDD1012336A91A462EA8FEF726FC80460D
S21401999070B1B8F1010F40F02A834EA824F0AAFB5B
S2140199A00028CCD12046FDF7ADFD6FF08B088AE686
S2140199B0309B13F4C04F00F01E832C4B0DF1940A1C
S2140199C0CDE94E305090569051462EA8FEF75EFCDB
S2140199D080460028DDD14EA8DAF8001024F091FB6D
S2140199E001234FF000521CA91D931E92FEF716FD8F
S2140199F01FA92EA8FEF7F1FC80460028C9D11FA991
S214019A004EA8FEF70BFD0FA936A8FEF7B9FB804658
S214019A100028BED10F9A089B9A4200F2EC82099B5D
S214019A2042F00052CAF8003001230DF1880CCAF842
S214019A300430CAF808209AE807008CE80700614657
S214019A404EA824F087FB03234EA8089323F0D0FDED
S214019A500128804640F0C882089B013BF4D19CE770
S214019A6000B3FFFF80B0FFFFFD16002000000102DB
S214019A70B9F1000F69D116B10422BE4B1A70BE4B64
S214019A80079A4EA81A6024F035FB00287FF457AFDA
S214019A902046FDF737FD0446002C7FF415AE202244
S214019AA0B44912A8F9F701FE2022B24912A8F9F723
S214019AB061FE2022B14910A8FAF717FC2022AF490F
S214019AC010A8F9F724FE4FF48042AD4B05980DA976
S214019AD00D94FEF7C1F8804678BB0D9E338823F0BF
S214019AE0FF03B3F5E24F02D0B3F5E44F05D1738817
S214019AF00733B3F5847F80F01382D6E9089A746839
S214019B00240A40F010820CAB039320235246CDE981
S214019B100153009349463046984BFFF785FB10F1F9
S214019B20860F804640F00F81308820F0FF03B3F5A2
S214019B30E24F00F08F806FF0860820212846FDF75F
S214019B406BFC0D98FDF7DEFC08E1079A894BA2EB4A
S214019B5006094FEA5909C9F10007334407F003071C
S214019B605FA94A46184639441AF01EFC4A4603467F
S214019B7009EB47015FA8014498181AF015FCBBF1E0
S214019B80000F3FF478AF0BF1FF333EAA013B82F89A
S214019B90008002F10102F9D26DE74EA824F0AAFA7C
S214019BA000287FF4CCAE208800F4E043B3F5804F64
S214019BB020F4405244F201031BD19A4207D000F42C
S214019BC04F40B0F5824F02D0B0F5844F13D1202F0D
S214019BD03FF6CCAE674B3A46184606991AF0E4FBB8
S214019BE00021C7F1200238441AF0BFF9624B1F600A
S214019BF04EE79A4205D12046FDF784FC6FF08508B2
S214019C0061E500F44F43B3F5824FF4D100235F932F
S214019C105FAB6188069A00933B4600F0D7FE80460C
S214019C2000287FF423AE5F9E2022534B51493046D5
S214019C30FDF73AF880463046FBF74BFE3046F8F71C
S214019C40EFFC2046FDF75EFC0446B8F1000F3FF43A
S214019C5023AF38E50EAF718853464A4600970E94F7
S214019C6000F0B4FE804600287FF467AFDDF8389038
S214019C700DF13C0A99F80030CAF80040032B73D066
S214019C80092B15BF2746FF27A0464FF04108A422FF
S214019C9000215FA81AF069F948F48240202339466A
S214019CA0364ACDF800A000F091FE804610BB012296
S214019CB0DAF800105FA8FBF7BBFEFCF7ECFE804667
S214019CC0C0B9024649465FA8FBF7B2FEFCF7E3FEC1
S214019CD0804678B99DF87E31012B55D02948FCF78E
S214019CE0DAFE804630B90C9B0737B3EBD70F05D0A9
S214019CF06FF0960820212846FCF7B8FE9DF87E31C5
S214019D00012B0ED160A8FBF7B4FD78A8F9F7F4FB98
S214019D107AA8FBF79DFD80A8FBF79AFD86A8F9F7C0
S214019D20EBFB00230F9FADF87C3138468DF87E3172
S214019D30FBF7CFFD3846F8F773FC4846FBF7C9FD3D
S214019D404846F8F76DFCB8F1000F7FF4F6AE3046E2
S214019D50FDF7D8FB8046002800F0E8800598FEF75E
S214019D6022F84046FFF7CFBB4FF480774FF012083A
S214019D708DE700BFFD160020FC640020DD160020E4
S214019D800000020980B0FFFF6F9B002BA6D00146A2
S214019D903D224E904FA89DF880A11AF0E6F83C228D
S214019DA041463FA8CDF8F8801AF0DFF81822414660
S214019DB036A81AF0DAF80AF1FF33082B00F28C8085
S214019DC0DFE803F0058A777C818A8A8A860047F273
S214019DD01212C023ADF8D820ADF8DA304046FCF7B1
S214019DE0CBFC00287FF47BAF4FF480432EA82E9344
S214019DF0EBF7F9FA2E9BBDF8D880BDF8DA20389338
S214019E0008F44F430732B3F5824F4FEAD20B06935D
S214019E1065D15FFA88F3412B61D15A463EA978A8ED
S214019E20CDF8B8B0F9F773FC5A464EA980A8F9F7F1
S214019E306EFC41214EABCDE901312E990DF1B80AE8
S214019E4000915A46CDF80CA03EA936A8FFF7ECF9CA
S214019E50FCF792FC00287FF442AF069B2E9AB3F5DE
S214019E60824F4EAB194686A854D15FFA88F8B8F1EE
S214019E70410F4FD1F9F719FC86A8F9F71DFE0730F7
S214019E80B0F5847FBFF42AAF6F9B60A813F0070874
S214019E9018BF4FF0010808EBD308CDF83080FAF769
S214019EA0A1FF02284246294686A836D1F9F72FFC9B
S214019EB015E747F212124FF480738BE747F212123E
S214019EC04FF4C07386E747F2121240F2092381E786
S214019ED047F24112FF237DE76FF071087EE74FEAF4
S214019EE04B035A4601333EA978A82E93F9F742FC54
S214019EF004235A460DF2391180A88DF83831F9F746
S214019F0039FC0BF101014EAB5A46194482A8F9F708
S214019F1031FC8EE7FAF7E9F9AEE7F9F72BFCDEE656
S214019F206FF0890809E66FF0850806E620222946C3
S214019F3014A8FAF7DAF92022294614A8F9F7E7FB5C
S214019F4020212846049A3EABFFF724FA06460598D8
S214019F5016B93E9F202F04D0FDF725FF3046FFF7A8
S214019F60D2BAFDF720FF064620B139460498FCF721
S214019F707DFDF3E7DFF88C90CDF82C8099F8003062
S214019F8013B10124FFF7C2BA01275FA8EBF723FA42
S214019F904EA8CDF888814E97EBF725FA4E9B04998B
S214019FA061934FF484436493154B1022CDE95F37D8
S214019FB05FA84EABFFF742F8064610210498FCF75F
S214019FC055FD1EB989F80070FFF7A0BA3046EBF7C9
S214019FD017FA041E18BF0124FFF798BA1924FFF7D1
S214019FE0A0BA1924FFF7A0BA00283FF441ADB8F192
S214019FF0480F3FF4D2AD4EA824F07CF89FE400BF92
S21401A000011080009416002030B50446154A85B02C
S21401A0101068516802AB002C03C304F1FF350DD163
S21401A020F8F78AFA2B46CDE9000102AA073412F89E
S21401A030011D03F8011F9C42F9D110E02A460A4B84
S21401A0400A4913F801098B4202F8010FF9D10822D7
S21401A05020460DEB020121F010F90028E0D005B0F2
S21401A06030BD00BF7CF603000900E00F0100E00FE1
S21401A070C30603D5012907D0042905D005390229CD
S21401A0808CBF002001207047012070472DE9F04366
S21401A090044689461D46174693B0002A4BD0002B2E
S21401A0A049D00023254A0FAEC0E90023836003622E
S21401A0B031464846FEF7EAF8002839D120460F997E
S21401A0C024F01FF81021204624F01BF84FF0010859
S21401A0D04FF0005369462046CDF804800293FEF700
S21401A0E09DF9484603A9FEF778F908BB204603A95F
S21401A0F0FEF794F90F97124FCDF8408006AB1197F3
S21401A10096E8070083E8070019462046FEF786F919
S21401A1100C9509ABCDF834800CAA0E9707CA83E8D4
S21401A12007002046194624F015F8204623F060FA69
S21401A13013B0BDE8F0832120FAE700BF0001000458
S21401A140100000202DE9F04F05468B461F4690462D
S21401A150A3B03AB12D9B002B00F0B2802E9B002BB2
S21401A16000F0AE8000242646A04540F2A7805EB1EE
S21401A1702D9B2C9A1B5D925D013653402E9A06F05C
S21401A1800F0613550134EFE7A8EB0409B9F10F0FD9
S21401A19040F292804B4B5846C5E90036AE602E62BF
S21401A1A003A9FEF773F8002865D12846039929F01C
S21401A1B00F0923F0A6FF4946284623F0A2FF4FF0D9
S21401A1C0010A4FF00053284604A9CDF814A00693BF
S21401A1D0FEF724F9584607A9FEF7FFF800284AD1EA
S21401A1E0284607A9FEF71AF9374B1F970DF1280CD9
S21401A1F0CDF880A022A9219311E907008CE8070079
S21401A2002D990DF1340E0B191C9349F00053CDF81E
S21401A21074A01CAA1E9307CA8EE80700614628464A
S21401A2200193FEF7FBF828460DA9FEF7F7F82E99DD
S21401A230019B0A191992CDF868A019AA1B9310ABB5
S21401A24007CA83E80700204A1697CDF85CA0189243
S21401A2500DF14C0A16AA07CA8AE8070019462846CD
S21401A26023F078FF5146284623F074FF284623F052
S21401A270BFF94C4400B323B0BDE8F08F8EB93A461F
S21401A280594628462C9BFFF701FF0028F3D107F11A
S21401A290100212F8013D0133DBB213700BB997427D
S21401A2A0F7D12C9B2D9A9B5D125D013653402E9A59
S21401A2B006F00F0613550134A045DFD10020DAE77A
S21401A2C02120D8E703030004100000202DE9F04FF9
S21401A2D0A7B00446DDE93397884615469B46002B12
S21401A2E000F0B680359B002B00F0B280319B1BB18D
S21401A2F0309B002B00F0AC803DB1329B002B00F070
S21401A300A780B9F1000F00F0A3803B1F0C2B00F2D1
S21401A3109F80D8F80030103B102B00F299804D4AF0
S21401A32022FA03F3DB0740F193804B4B0DF18C0AC5
S21401A33043EA0723236000235146C4E9013323621D
S21401A3404046FDF7A3FF034600287DD1204623990A
S21401A35023F0D7FE2046319923F0D3FE2946204626
S21401A36023F0CFFE01264FF00053204602A90396A4
S21401A3700493FEF753F8404605A9FEF72EF8034668
S21401A380002861D1204605A9FEF748F8334BCDF8E1
S21401A3908CB02496259308AB9AE8070083E807005B
S21401A3A019462046FEF73AF8309B20AA2093319BA7
S21401A3B0219643F0005322930BAB07CA83E80700AC
S21401A3C019462046FEF72AF8329B45F000581D93A1
S21401A3D01DAA1E960EABCDF87C8007CA83E807003F
S21401A3E019462046FEF71AF8359B47F000571A9390
S21401A3F01AAA1B9611AB1C9707CA83E807001946D1
S21401A4002046FEF70BF8CDF85C9014AB189617AA09
S21401A410CDF8648007CA83E80700B9F1000F03D1BD
S21401A420169A42F0804216921946204623F092FE72
S21401A430204623F0DDF8034630B101902A4600217C
S21401A440484619F092FD019B184627B0BDE8F08FEB
S21401A4502123F9E701010100000003040C0000209C
S21401A4602DE9F3410C4616460021D02205461F462B
S21401A47019F07BFD04B12EB96FF08604204602B0B8
S21401A480BDE8F08163880733B7EBD30FF4D3238895
S21401A490B3F5105F23D1154B05F12C082046AB62AE
S21401A4A03A4643463146FDF7C7FC04460028E5D147
S21401A4B0019001A94046FDF745FE98B9019AA2F11F
S21401A4C010011029D8D80A4BCB40DB07D4D5284633
S21401A4D0E96B19F069FFED6385F85840CEE76FF038
S21401A4E08504CBE76FF09204C8E700BF0002480579
S21401A4F0010101002DE9F041036B826B07689A4266
S21401A50088BF8363426C436A92B002FB0377C36BD6
S21401A5100E46052203A95B6904463846984703A8F8
S21401A520F6F797F801280146307070D0656CE26B3B
S21401A5302368606AD2F814C005FB0030052208A91A
S21401A540E04708A8F6F785F801284FF000053CD04B
S21401A550D4E90A3201219342CDE90D458DF83C50EC
S21401A56010958DF8441043D119462046F6F7B5F8F4
S21401A570236B626C14339B1AE06223630E9B1BBB36
S21401A5809DF8443003B3636A626C2568D4F83C8056
S21401A59002FB03550C350122D8F8143001A92846D0
S21401A5A098474FF6FF72019B99B291420CD11B0C52
S21401A5B01B0443F4254343F0A503029301222846D6
S21401A5C0D8F8183002A998470E9DE36B05225B69FF
S21401A5D003A93846984703A8F6F73BF83070284693
S21401A5E0236BA26B9A4288BFA36312B0BDE8F081C9
S21401A5F0237C33B91C490DAA04F10800F5F7F8FFCE
S21401A600BCE72046194A0DABF6F708FAB6E7237CF5
S21401A61023BB2246164904F10800F5F7E9FF616AF3
S21401A6202046F7F73FF9616A421C2046F6F7EEFB33
S21401A630054620B9236B626C1344143B2363204602
S21401A640A16AF6F74AF82368A062C01A636CB0FBE9
S21401A650F3F060622046F6F761FAB6E7002320467B
S21401A660044AF6F7DBF9DAE77D1501003D1601002D
S21401A67005F8000055F80000F8B5044645180735FA
S21401A68049420D40A5F108063046F8F7CEFA628831
S21401A690301BA2EBE00225F8062CA188C31001EBC3
S21401A6A0E00189B225F8041CA288A2B1A4EBC2027B
S21401A6B05788D180D9195180E2889AB1D31A9BB2B2
S21401A6C004EBC20425F8023CA380084A93680344BD
S21401A6D093603046F8BD15F8082C42F0020205F8E2
S21401A6E0082CE9E725F8022CEFE700BF0823002035
S21401A6F038B503680446ABB1012B0CD182690A4B0D
S21401A7009A4208D100F120055830F9F71CFE68215D
S21401A7102846FCF7ABF92046BDE83840E822002180
S21401A72019F023BC38BD00BF000150052DE9F843E0
S21401A730436E044613F018060D4644D15907426A83
S21401A7403DD4042A3FD9017843F0040381EA12215B
S21401A7500170417843664A4042704FF0050804F1A3
S21401A7603807E26A0023023202F00F02C2F110003B
S21401A770404528BF404604EB020C03F1040E704529
S21401A7800CEB030122D2984229D8E36A024403441F
S21401A790102AE362A8EB0008054402D0626A9342DD
S21401A7A027D1224621463846F9F734FF08B3064634
S21401A7B0636E43F0100363663046BDE8F883C36AF0
S21401A7C005339342C9D96FF00C06F5E7E9585CF8F2
S21401A7D0039081EA09014CF803107346CDE715F89A
S21401A7E003E091F800C001338CEA0E0C01F801CBAE
S21401A7F0C9E7B8F1000FB4D1E26A636A9A42DBD1C5
S21401A800636EC4F82C8043F008036366D4E72DE931
S21401A810F04399B004460D461746FDF770FB80BB22
S21401A8200EA823F067FC064658BB01907DB334B3EF
S21401A83035F0030905F0030826D04FF0E063CDE9B3
S21401A8400E3001230B940C9349F000530D930BAA81
S21401A85005AB1090169007CA83E8070019460EA8A4
S21401A86023F078FC0EA8494623F04BFC0EA822F0F4
S21401A870BFFE48B14A463146204619F076FB002312
S21401A8803B606FF0920004E0B8F1000F04D10020A5
S21401A8903D6019B0BDE8F08300264FF0E063CDE9D6
S21401A8A00E3601AB089301230993114B08AA0A93AC
S21401A8B002AB07CA83E8070019460EA8109616963B
S21401A8C023F048FC0EA8042123F01BFC0EA822F05E
S21401A8D08FFE08B12A46CEE7019A4C44C3000130E8
S21401A8E022FA03F3804504F8013BF7D1CFE700BF16
S21401A8F00400002010B500F0FE44B4F1A06F084C2F
S21401A90008BF20F47E10A04204D10220B1F5105FEA
S21401A910107002D06FF0850010BD18700020FBE7A4
S21401A920004040040023F7B51360077904460E463D
S21401A930436927B1FF2F1AD16FF0860514E0002B6B
S21401A940FAD1A36823F47F4323F00303002BF3D14A
S21401A9504FF6F87362889A422ED8194B19481B682D
S21401A960984750B16FF08F05284603B0F0BD6FF0E1
S21401A9704042013B9342DFD2E3E707B901A83146E3
S21401A980FCF76DFD104B05461B680E48984710B145
S21401A990002DE9D1E6E7002DE6D10FCCD6F800C0B0
S21401A9A066460FC694E8030086E80300002FDBD155
S21401A9B0019BCCF81430D7E76FF08505D4E700BFCC
S21401A9C0A077002064320020A47700202DE9F74FFD
S21401A9D000F4E04ABAF5804F80460F4616461D46FB
S21401A9E012D100F44F43B3F5824F02D1C3B2412BCB
S21401A9F00AD0E90705D56B0847B1FA1DB3EBD20FAC
S21401AA0005D06FF0860787E02B46F5E7DF0080214B
S21401AA100120F7F712FF0446002800F06881FAF7D4
S21401AA20F3F90123002204F16809C4E91823484612
S21401AA30FAF7E1F908F44F43B3F5824F0BD15FFA09
S21401AA4088F8B8F1300F37D008D8B8F1120F13D004
S21401AA50B8F1170F39D06FF086051FE0B8F1410F36
S21401AA60F9D1B7F5807F05D0B7F5E07F00F03A81E0
S21401AA70FF2FF0D109212FE040F209239F4200F079
S21401AA80318116D8B7F5807F25D00FD827F020075B
S21401AA90C02F0CBF6FF085056FF086052046FAF7CC
S21401AAA018FF2046F7F7BCFD2F4635E0B7F5C07F07
S21401AAB0EFE7B7F5047FECE727F08003B3F5807F77
S21401AAC000F01081B7F5007FE3E7C02F00F00A81A0
S21401AAD0B7F5807FDDE703212046FAF709FFFBF78C
S21401AAE0DAFF0746002840F00081BAF5804F7DD195
S21401AAF0B5B9DFF808824046FBF7CDFF05460028CA
S21401AB00CCD149462046FAF73EFBFBF7C4FF054683
S21401AB100028C3D10C9B1C60384603B0BDE8F08FFB
S21401AB20201DF8F7C9FF00F1070A2046FAF75AF97F
S21401AB3002284FEADA0A30D15545DAD12A4631469B
S21401AB404846F8F7B2FD80460028D4D104F17000DB
S21401AB50F8F7D2FC2378092B15D0012104F17800EF
S21401AB60F8F728FD80460028C5D12046FAF73AF9BD
S21401AB700128C0D132789AB9012DBAD14846FAF7E0
S21401AB8073F98046B7E7E900424648460139F8F7C7
S21401AB9065FD80460028E0D0ADE7DFF85881E4E7A0
S21401ABA00AF1010B5D450190A3D352464846711C3C
S21401ABB0F9F79BFB804600289DD1019B04F17800A4
S21401ABC01946F8F7F7FC8046002894D13378042B11
S21401ABD08FD14FEA4A0301339D428AD1524606EB92
S21401ABE00B0104F17000F9F780FBCAE794F800A0A6
S21401ABF020465146FAF77CFE0246002842D12046FE
S21401AC00FAF7F0F80228814604F1600864D1BAF137
S21401AC10090F42D1202D63D12A4631464046F8F726
S21401AC2044FD024648BB01464046F8F717FD02467A
S21401AC3018BB01214046F8F711FD0246E8B949461E
S21401AC404046F8F70BFD0246B8B9FF214046F8F733
S21401AC5005FD024688B90122FE214046F8F7FEFCB2
S21401AC60024650B92046FAF7BDF801280CD04146F5
S21401AC702046FAF781FB024620B140460192F8F7DA
S21401AC803BFC019A104640E72A4631464046F9F712
S21401AC902CFB02460028EAD0EFE7BAF10D0F1DD1D2
S21401ACA0382D1DD12A4631464046F8F7FEFC0246AD
S21401ACB00028E2D101464046F8F7D0FC02460028BB
S21401ACC0DBD101214046F8F7C9FC02460028D4D161
S21401ACD0012240F2BF11C0E70128D5D0054ACCE7D2
S21401ACE0054ACFE76FF08505D8E60546D6E66FF04C
S21401ACF08C0711E780B1FFFF80B3FFFF80B0FFFF35
S21401AD0013F07E0F2DE9F0470C4615460CBF4FF0A9
S21401AD10010A4FF0000A07465246294620461E46BB
S21401AD20C3F34508F8F748FB48BB04F10809524647
S21401AD30484605F10801F8F73FFB00BB08F1FF3371
S21401AD40D3F1000848EB03084246204605F11801F6
S21401AD50F8F732FB98B94246484605F12001F8F764
S21401AD602BFB60B921463846F209FAF7E8F930B903
S21401AD7004F110000121BDE8F047F8F71BBCBDE85F
S21401AD80F08738B50C46054601212046F8F797FEB0
S21401AD9028B921462846BDE83840FAF75BBB38BDDE
S21401ADA02DE9F84312F0030418BF012404EB9204C2
S21401ADB08C4207460E4615464FEA8409C2EB8408C4
S21401ADC01AD84246002119F0D0F8321B0021920011
S21401ADD007EB090019F0C9F82A46002007EB08011D
S21401ADE0FCF732FB054620B91CB121463846F9F777
S21401ADF06AFA2846BDE8F8836FF00305F9E72DE9FE
S21401AE00F04F774B07461B68764889B08B469847C4
S21401AE10044628B16FF08F04204609B0BDE8F08FD4
S21401AE203B79002B00F0BC80D7E90885B8F1000F0C
S21401AE3000F0CC80002D00F0C980B5F5005F80F0F1
S21401AE40C88005F1240949460120F7F7F6FC0646B5
S21401AE50002800F0C180644A84601368414603609C
S21401AE605368243040F8203C7B682A4640F8183C5A
S21401AE703B8820F8143C7B8820F8123CBB6840F8DD
S21401AE80103CFB6840F80C3C3B6940F8045C40F819
S21401AE90083C19F089FAD7F814A05046FCF70FFFC2
S21401AEA0012800F08C8040F26C73994543D805F177
S21401AEB03408414601200694F7F7BFFC05460028F2
S21401AEC039D04246214619F050F8FCF77AFB06AB1A
S21401AED0CDE9014301222B46504621460094FCF75A
S21401AEE0D1FB10B1424600211DE0404B4A462B6083
S21401AEF0002331466B60C5E902A405F1100019F084
S21401AF0053FA069B2A460493049943463848F6F7B3
S21401AF103BFC0028E6D105900498FCF793FB013032
S21401AF20424605990ED1284619F01FF82846F7F72C
S21401AF3077FBFCF779FB49463046FBF7A1FD6FF03E
S21401AF40980418E02846049119F00FF82846F7F7F8
S21401AF5067FBFCF769FB5046049906AAFCF7DEFC82
S21401AF60054698B100215046FCF7B4FE49463046E6
S21401AF70FBF786FD2C461F4B1A481B68984700288E
S21401AF803FF44AAF002C7FF447AF43E7069B994551
S21401AF9002D06FF09805E5E749463046FBF770FDAD
S21401AFA07B69CBF800303B7E012B0DBF02230023CB
S21401AFB06FF096043B7618BFCBF80030DBE74946C6
S21401AFC03046FBF75DFD6FF08A04D4E76FF0860428
S21401AFD0D1E76FF08D04CEE76FF08C04CBE700BFAE
S21401AFE0A077002064320020F7F70300105D175E9B
S21401AFF0800F0020A477002010B5044660B1074BEF
S21401B00007481B6898472046FCF7D2F9BDE8104070
S21401B010044B03481B68184710BD00BFA0770020EB
S21401B02064320020A47700202DE9F04792B0044650
S21401B030DDE91B65DDE91D789246894629B96FF081
S21401B0408604204612B0BDE8F087002AF7D0002E0D
S21401B050F5D00DB9002FF2D1B8F1000FEFD023884B
S21401B060B3F5105F4AD12822002108A818F07DFF09
S21401B07020220021684618F078FF08A823F03AF845
S21401B080C8BB20466B4652464946FCF7D5FE0446E9
S21401B0900028D6D1009B23F00802102A01D0202BCD
S21401B0A0CDD1AE4220D206F110039D421CD20F2F05
S21401B0B0C5D931461022284619F0FBF82E463246ED
S21401B0C02B46694608A8FEF7E1FF064678B13A46E0
S21401B0D00021284618F049FF0023012EC8F8003049
S21401B0E009D16FF08B04ACE70F2FE8D8A7E7102340
S21401B0F0C8F80030A5E76FF09204A2E76FF0850468
S21401B1009FE72DE9F0479EB00446894615461E4640
S21401B110DDF89880002B6DD0B8F1000F6AD00023BF
S21401B120354A1BAFC0E900238360036239464846AF
S21401B130FDF7ACF800285AD120461B9922F0E1FF12
S21401B1401021204622F0DDFF4FF0010A4FF0005398
S21401B15069462046CDF804A00293FDF75FF94846FC
S21401B16003A9FDF73AF9002841D1DFF8909020466F
S21401B17003A9FDF753F91B9506ABCDF870A0CDF8E2
S21401B180749097E8070083E80700189618AACDF888
S21401B19064A009AECDF8689007CA86E8070019468C
S21401B1A02046FDF73BF931462046FDF737F9CDF845
S21401B1B054800CABCDF858A015AACDF85C9007CA00
S21401B1C083E80700129512AACDF84CA00FADCDF872
S21401B1D0509007CA85E807001946204622F0BAFFB4
S21401B1E02046294622F0B6FF204622F001FA1EB07C
S21401B1F0BDE8F0872120FAE70302000410000020D2
S21401B2002DE9F04FA1B08946DDE92B540746CDE97B
S21401B21007232D9EB0B3B0F800A00AF4E043B3F5BF
S21401B220005F32D1CAF30222042A2ED1072C29D973
S21401B2304FF0080809932DB3A4EB080405EB040BA3
S21401B240424659460AA819F0AFF8B9F1000F19D0CD
S21401B2502A9BBBB1099B0EB92E9A9AB9B3F5005F2A
S21401B26016D1CAF302231A1F53425341DB00BAF523
S21401B270105F07D17A8822F0400180290AD0B2F502
S21401B280807F07D06FF0860716E04FF00008D1E701
S21401B2900023ECE7002BF5D02822002116A818F091
S21401B2A064FE202200210EA818F05FFE16A822F0E8
S21401B2B021FF28B16FF09207384621B0BDE8F08F24
S21401B2C038464946079A0EABFCF7B6FD07460028F6
S21401B2D0F2D12E9B9C4221D8B54207D2B34505D95F
S21401B2E029462246304618F0E4FF35460AABCDE93A
S21401B2F00483052301932A9B22460093CDE9025637
S21401B300089B0EA916A8FEF7E1FF2128BAD02C2823
S21401B31007D00028CED12F9B1C60CDE76FF08907A0
S21401B320CAE76FF09407C7E72DE9F04F9A468BB04E
S21401B3309DF85030DFF854B10293DBF810308046A8
S21401B34053450D461646C0F09B80D146DBF80430C7
S21401B3500193B9F1000F00F08F80D8F83C3001223C
S21401B3605B6907A901989847079BDBF80010C3F3B0
S21401B370D312914240F0878013F07E0F1CD1D8F88B
S21401B3803C3002225B6908A90198984708A8F5F79E
S21401B39051F908270446019B029A3B44002A3CD1F6
S21401B3A0A6420FD9361B144640460199F5F795F982
S21401B3B0A9EB04090190CCE707A8F5F73BF90427A8
S21401B3C00446E8E7A41B544528BF5446032C03EB68
S21401B3D00607AAEB040A4FEA94021CD9D8F83C30B7
S21401B3E0294638465B69984724F0030304F00306B0
S21401B3F01F441D44002ED7D0D8F83C3001225B698B
S21401B40008A9384698473246284608A9354418F010
S21401B410CBFF0026C8E72646ECE7274604F00302E2
S21401B420039223442A1904920593049BDD1B059B72
S21401B430D81B039B9F420FD1002FB5D0D8F83C30C4
S21401B440012208A95B6998473A46284608A91FF0D1
S21401B45014FF78B93D44A7E7D8F83C30012208A983
S21401B4605B6998470422284608A91FF006FF08B919
S21401B470043FDAE74FF0360948460BB0BDE8F08FD7
S21401B4804FF06309F8E74FF06F09F5E7A0220020B7
S21401B49030B5204DD5E9053452B38B420FD0E1B912
S21401B4A02B6973B92A6982B3002818BF044622782B
S21401B4B0D20714D5A28842B3A4EBC204F7E72B69DE
S21401B4C08BB140B92B681A78D2070CD5DA884AB105
S21401B4D003EBC203F7E70346F5E78C42E2D0C5E982
S21401B4E0053430BD13468C42DCD00029DAD0F6E7AD
S21401B4F08B4208D0834228BF03468C4207D0844241
S21401B50038BF0446EBE70346F7E71446E7E7044689
S21401B510E5E700BF0823002000232DE9F047894610
S21401B5200B60002800F09280494F7B68984280F0BB
S21401B5308D80073020F00705EFF3118A302383F35F
S21401B54011887E69AEB133787288DB074FEAC20292
S21401B55004D5F3886BB106EBC306F4E79542F8D839
S21401B56016F0070303D045EA03018A42F1D3EB182C
S21401B57006D18AF31188BFF36F8F1920BDE8F087D3
S21401B58072883969C3EBC2020139272A39614AD95F
S21401B5909D4205F1080841D008213046FFF76CF8B6
S21401B5A00446A0444046F7F740FB628805F10F01C8
S21401B5B0A2EBD102CB08A8F80220A8F80430E28852
S21401B5C072B3D31A9BB204EBC202A8F8063093807A
S21401B5D0ED086580B8F804300022E3803146404625
S21401B5E0FFF756FFBB680833BB60237843F00103BF
S21401B5F023703B6901333B616288BB6803EBC2037E
S21401B600FA68BB60934288BFFB608AF31188BFF378
S21401B6106F8F08340020C9F80040AFE73446C0E712
S21401B620A8F80620D4E79D420ED008213046FFF741
S21401B63023F804462378012243F0010331462046CD
S21401B6402370FFF725FFD7E73446F3E7212095E778
S21401B6500823002073B501A90546E9F746FD04460F
S21401B66050B9019E327B737B934201D1012B06D0E8
S21401B6702846E9F72DFD2124204602B070BD20F0B2
S21401B680EBFD022803D1D6F8F00022F0A5F896F8D3
S21401B6905030012B21D0042B1FD0052B06D0022BB6
S21401B6A027D1317A71B9052386F8503020F0D4FDC0
S21401B6B0022803D1D6F8F00020F0A2FD2846E9F7CB
S21401B6C007FDD9E7D6F80801A8B100F5805292F82F
S21401B6D0E92122B9012386F850300524E6E700F572
S21401B6E08E5001221830EAF729FD04460028F1D0D1
S21401B6F0DCE70224DAE7437CFFDE20F0FF03B3F544
S21401B700E24F0ED1C0B241280BD1FF2A09D10B78E6
S21401B71023F007030B70CB7F03F07F0343F0400356
S21401B720CB7770478B4228BF0B462DE9F04705467D
S21401B7304FF0000EA1EB030A03F00707089CDB0895
S21401B7404FEA431C02EB43139A4205F120050FD141
S21401B750604405464FEA870C03EB8707BB4240F07F
S21401B76081806044BAF1010A80F08B80BDE8F087E1
S21401B770166855F8201CA4FB066816EB0E0648F161
S21401B7800008761845F8206C566855F81C1CA4FB72
S21401B790069E48F1000616EB09064EF1000E7618D5
S21401B7A045F81C6C96684EF1000EA4FB06961EEB3F
S21401B7B0090E46F1000855F8186C55F8141C1EEBD6
S21401B7C0060645F8186CD66802F12002A4FB069E10
S21401B7D048F1000616EB09064EF1000E761845F8FC
S21401B7E0146C52F8106C4EF1000EA4FB06961EEB7C
S21401B7F0090E46F1000855F8106C55F80C1C1EEBA6
S21401B800060645F8106C52F80C6CA4FB069E48F12F
S21401B810000616EB09064EF1000E761845F80C6C7C
S21401B82052F8086C4EF1000EA4FB06961EEB090EAC
S21401B83046F1000855F8086C55F8041C1EEB060680
S21401B84045F8086C52F8046CA4FB069E48F1000605
S21401B85016EB09064EF1000E76184EF1000E45F86D
S21401B860046C71E753F8042B2968A4FB022612EB3B
S21401B8700E0246F10006521846F1000E45F8042B5A
S21401B8806CE7036813EB0E032CBF4FF0010E4FF06D
S21401B890000E40F8043B65E7014B9A6898607047D4
S21401B8A0C41700200146102036E610B5A8B1A1B194
S21401B8B00368994211D3D0E9024204FB023399424C
S21401B8C00BD2EFF31183302282F3118842680A60AB
S21401B8D0416083F31188BFF36F8F10BD30220123BF
S21401B8E0504342F2100200F1A0408B4000F5703048
S21401B8F08350704773B5002504468DF807502046DF
S21401B9006169F4F73BFE266B864209D2236AB5EBE2
S21401B910430F05D220460DF10701FEF7EBFD50B1AE
S21401B9209DF80730012B04D120460DF10701FEF7E3
S21401B930E1FD02B070BD0135E1E7094B1A689101DE
S21401B94004D44FF00072C3F880211A601A685201BD
S21401B95004D44FF08062C3F880211A60704700BF9C
S21401B96000E100E0024B014618681EF0B5BE00BFBC
S21401B970001D0020014B18681EF09FBB001D002013
S21401B980024B0122002118680EF0E0BA001D0020CB
S21401B990EFF766BBF8B5037F0746022B0D46164642
S21401B9A011D0EFF737FB044610B92E44AE4201D151
S21401B9B02046F8BD384615F8011BEFF701FB0028B5
S21401B9C0F4D00446F4E70D24F2E7EFF749BB2DE97E
S21401B9D0F0470446EFF7EDF920BB2046EFF7F5F9FF
S21401B9E094F834700B2604EB8709D9F83880D9F817
S21401B9F020A04546554508D03A4629462046EFF749
S21401BA0084F9030410D5A8450ED0C9F8385020464D
S21401BA10EFF7AAFA002384F835304FF6FF7365690D
S21401BA20E386ADB9BDE8F087C0F30D002946821C58
S21401BA303B462046EFF7FBF8013E16F0FF060546AB
S21401BA40D8D140F24531064B064A074801F09EFD23
S21401BA5023463A464146AC46A069BDE8F0476047F2
S21401BA6047EA0300CAF70300B3E703002DE9F843EA
S21401BA70044690F8346000EB8607D7F82080656CA2
S21401BA804545256421D0324629462046EFF73DF943
S21401BA90030402D5BB6B9D4217D1C0F30D00821C77
S21401BAA0334629462046EFF7C2F83346814660649E
S21401BAB0022229462046EFF7BAF88145A064DED077
S21401BAC0012384F83530BDE8F8830323F9E770B520
S21401BAD083880446C0889E188642154606D8206884
S21401BAE0184418F061FCA3881D44A58070BD07B5F5
S21401BAF00222ADF806100DF10601FFF7E8FF03B0CC
S21401BB005DF804FB10B50A7A0446012A02D0022A1F
S21401BB1004D010BD0988BDE81040E8E78388E288B4
S21401BB2003F108009042F4D820681844EEF710FE9E
S21401BB30A3880833A380ECE708B5F0F711F90146AE
S21401BB4020B9202020F016FE20F040FE002008BD7F
S21401BB5038B504466430EEF735F9FFF7EDFF0546D4
S21401BB6030B9012020F01EFE10B1A37903B1A571F2
S21401BB7038BD1FB500230C4601A98DF80C30EEF731
S21401BB80F0FD18B9214601A8EAF7C4FB04B010BDC0
S21401BB900088704708B5FFF7FBFF10F4807F0CBFE5
S21401BBA00320022008BD08B5FFF7F2FFC0F3C0006E
S21401BBB008BD2DE9F04F994600239BB006468846FE
S21401BBC01746019320F048FB022830D1304601A9E0
S21401BBD0E9F78BFA054658BB019C20F03DFB02288D
S21401BBE003D1D4F8F00021F0F7FD19F0020F15BFCC
S21401BBF0D4F888B0D4F884B004F1880A04F1840A31
S21401BC0009F00109BBF1000F40F08E8094F8501046
S21401BC10607AFEF72DFA78B920F01EFB022803D1D0
S21401BC20D4F8F00020F0ECFA3046E9F751FA022594
S21401BC3028461BB0BDE8F08FB9F1000F0CD020F0FC
S21401BC400BFB022803D1D4F8F00020F0D9FA3046D5
S21401BC50E9F73EFA1B25EBE7D4F8F43063B120F0A0
S21401BC60FBFA022803D1D4F8F00020F0C9FA3046D6
S21401BC70E9F72EFA0B25DBE706AB0493502359466A
S21401BC80FF2002AA059322F0E1F8C4F8F40060B997
S21401BC9020F0E2FA022803D1D4F8F00020F0B0FA3E
S21401BCA03046E9F715FA1925C2E720F0D5FA022839
S21401BCB003D1D4F8F00020F0A3FA4FF0FF31D4F806
S21401BCC0F40020F0F7FB814620F0C6FA022803D1E3
S21401BCD0D4F8F00021F080FD0023D4F8F400C4F875
S21401BCE0F43022F019FB19F1020F0CD120F0B4FA4E
S21401BCF0022803D1D4F8F00020F082FA3046E9F7A2
S21401BD00E7F9072594E75046F7F7C9F980B9C8F867
S21401BD100000388094F85010607AFEF7A9F90028E0
S21401BD200CBF0225062511E05046F7F7B8F9C8B151
S21401BD304268D4F80831C8F80020028903F5805318
S21401BD403A80D3F8B4210260C3F8B40120F084FA33
S21401BD50022803D1D4F8F00020F052FA3046E9F771
S21401BD60B7F965E7C8F800003880B9F1000FD1D0FF
S21401BD7065E7002307B506481A46006801A9FBF7E0
S21401BD806BFF10B90198FBF7BDFB03B05DF804FB30
S21401BD90F81000202DE9F04FADF5737D0746884673
S21401BDA0934600211822B8A81C4618F0DEF8002198
S21401BDB08D4BD0221E68AEAD2960BEA818F0D5F80E
S21401BDC030464FF480722946884BFBF745FF0646FE
S21401BDD030B12868FBF796FBB8A8FEF789FC3FE070
S21401BDE0D5F80090D9F80410D9E90823090A06D035
S21401BDF07F4881421AD06FF086064846EAE704215A
S21401BE00BEA8B8914946FEF72BFB10F1860F0646F1
S21401BE1013D10123B893B9F800107448A6ABAAAAA7
S21401BE20FEF768FD002818BF0646E6E70421BEA80F
S21401BE30B8914946FEF714FB0646002EDDD1B9F847
S21401BE4000304846ADF8E832FBF75CFB694B064626
S21401BE50B9939DF8F43243F010038DF8F43220B113
S21401BE6030460DF5737DBDE8F08FB89B002B60D092
S21401BE709DF8F42212F00E0F5BD1012B07D0042B94
S21401BE804DD06FF08606B8A8FEF732FCA4E75A4BF1
S21401BE90BE9A9A4218D19DF8FF32022B3CD0102B45
S21401BEA03AD8DA0738D40522CDE9C923D99BCB90F5
S21401BEB043F00203C0A8C894D993F8F7DFFEFAF757
S21401BEC0EAFD06460028DED10523CDE9BB349DF800
S21401BED0F432B89A43F002038DF8F4324AB39DF86F
S21401BEE0F432D90725D4B99B444923F47E138B42F7
S21401BEF003D001F580718B42C3D1012A2ED0042ACA
S21401BF00BFD1DB9BABB938687968D7AB03C3B868D8
S21401BF1018600C23DB9334E06FF00C00CFE7C89B6E
S21401BF20364923F47E128A4206D001F580718A4290
S21401BF3004D06FF08806A6E7D803A2D41B0C13F032
S21401BF403C0F9ED003F03F03102B9AD8DDE9D13287
S21401BF501343EED10523CDE9D534B5E7264BBE9A7A
S21401BF609A4240F041849DF8FE120C233A4601F0B5
S21401BF700101C0A8F8F7C1FEFAF78DFD06460028B4
S21401BF8081D19DF8F432B89A43F001038DF8F4326A
S21401BF90002ACED09DF8F43203F009010129C8D158
S21401BFA09B071BD5BB9B042B7FF66BAF053BBB9357
S21401BFB0012A25D0042A7FF464AFB8F1000F3FF4BC
S21401BFC060AFC89B002BB4D0DDE9D1321343B0D1AA
S21401BFD005224146C8A8FCF76CFC1CE0064BB99943
S21401BFE09942E5D1A5E700BFF810002000024805F8
S21401BFF002008000000250050001500500014005C6
S21401C0006A4BBE9A9A4240F0EF834146C0A8FEF7BB
S21401C0108DFBFAF740FD064600287FF434AF9DF805
S21401C020F432B89A43F004038DF8F432002A80D033
S21401C0309DF8F432DF077FF57CAF9E071BD5BB9BCF
S21401C040002B7FF41EAFBC9B9C423FF61AAF1B1B16
S21401C050BC93012A14D0042A7FF413AF28220021AE
S21401C060284617F082FF284622F044F8054658B3C2
S21401C0706FF0920607E74D4BB9999942E9D158E717
S21401C0804A4BBE9A2C609A4240F0AE835B462246EB
S21401C0905946CDE90045C0A8F8F7E8F9FAF7FBFCE0
S21401C0A0064600287FF4EFAE2D689DF8F432DDF8E1
S21401C0B0E09243F008038DF8F432B9F1000F40F036
S21401C0C097836FF08806C0E3C89B394A23F47E1332
S21401C0D0934207D19DF89E3323449C4214D26FF0BD
S21401C0E08906D0E6334A934240F07E839DF8C033FA
S21401C0F0102B05D1BBF1000F4ED1002CD5D0C0E6D8
S21401C10023449C42F6D2EAE7BBF1000FF5D0002C9F
S21401C110CBD0D19B002B40F0A782D29B002B40F0C6
S21401C120A382224F0022C8A81146FCF7C2FB06468E
S21401C13000287FF4A8AE1D4B9F4200F09582DDE9F2
S21401C140D4321B1952F100024FF0000128BF012121
S21401C15000298DD16FF01F0098424FF00F039341D5
S21401C16086D39DF8C073ECAE17F0EF0900F00B8193
S21401C170E3190F2B06EB070E20D8224659467046C8
S21401C18018F012F99DF8C0732744FFB28DF8C073FA
S21401C190D29B2344D29388E7002C86D0D19B002BD8
S21401C1A0CDD1D29B002BCAD1034FBBE7000150056E
S21401C1B0000140050002400500025005102B0DF558
S21401C1C064780AD1C1460DF55C7CB9E80F00ACE88D
S21401C1D00F0099E80F008CE80F00C7F110035FFA13
S21401C1E083F94A465946704618F0DEF89DF8C2C3F0
S21401C1F06A4B6B494FF0010ABCF1000F08BF1946A4
S21401C200CDF87481DFF8A481CDF878A10DF1A80EE0
S21401C2105F915DAA07CA8EE807005A960DF1B40E23
S21401C220CDF86CA15AAACDF8708107CA8EE807002E
S21401C230CDF85CB10DF1C00ECDF860A157AACDF8CE
S21401C240648107CA8EE80700E4A9549154AACDF880
S21401C25054A10DF1CC08569307CA88E80700514946
S21401C2609DF8C103504A504508BF0A46BCF1000F6D
S21401C2700CBF032151460A43AE920022AAA9C9A8BF
S21401C280CDE9AF22B692FCF701F8049000287FF4BE
S21401C290EFAEAA99AEA821F034FF049AAEA81146D3
S21401C2A021F02FFF1021AEA821F02BFF4FF00053F5
S21401C2B036A9AEA8CDF8DCA03893FCF7AFF839A9BB
S21401C2C0C9A8FCF78AF800287FF4D2AE39A9AEA82F
S21401C2D0FCF7A4F82AA9AEA8FCF7A0F82DA9AEA8E9
S21401C2E0FCF79CF830A9AEA821F034FFAEA8414671
S21401C2F021F030FFAEA821F07BF928B120220021E1
S21401C300E4A817F032FEB3E6D49BD59A103342F177
S21401C3100002CDE9D4329DF8C0338DF8C203234420
S21401C320102B03D110258DF8C03331E7A4EB090893
S21401C330B8F10F0F09D8103F424630460BEB090102
S21401C340274418F031F8FBB2ECE710230BF1100A82
S21401C3508DF8C003049318F00F020BEB090C27D0DD
S21401C360B8F1100F5FFA88F711D928F00F0808EB1B
S21401C37009013046594407F00F0718F015F88DF8F3
S21401C380C0735E46C8E0DA46A0460491E3E742463B
S21401C3906146304618F008F8F8E600BF2000002095
S21401C3A00C0000200000030400000204100000201E
S21401C3B0B8F1100F40F23F81A8F110050BEB050311
S21401C3C04B4403F11007324618685968083303C214
S21401C3D0BB421646F7D14FF010038DF8C033E4ABDD
S21401C3E051939D4E9DF8C2339C490127002B08BFEF
S21401C3F0314652970DF1600E539151AA07CA8EE845
S21401C4000700CDF838C145F0005C4F970DF16C0E72
S21401C410CDF840C14EAA07CA8EE80700CDF82CA178
S21401C4204BAA4C97CDF834C10DF1780C07CA8CE8AD
S21401C4300700E4A9489148AA49974A9621AE07CA37
S21401C44086E807009DF8C1038549864AB84208BFB9
S21401C4500A46002B0CBF03233B461343AE9300232F
S21401C460AAA9C9A8CDE9AF33B693FBF70FFF05908C
S21401C47000287FF4FDADAA99AEA821F042FE059BE7
S21401C480AEA8194621F03DFE2946AEA821F039FE98
S21401C4904FF0005324A9AEA825972693FBF7BEFFBD
S21401C4A027A9C9A8FBF799FF00287FF4E1AD27A9C2
S21401C4B0AEA8FBF7B3FF18A9AEA8FBF7AFFF1BA901
S21401C4C0AEA8FBF7ABFF1EA9AEA821F043FEAEA8AF
S21401C4D0314621F03FFEAEA821F08AF800287FF40D
S21401C4E00DAFD49BD59A5B1942F10002CDE9D43247
S21401C4F0049BAA449844A8F110034FF010080BEBD4
S21401C5000506E4AFDCAD8DF8C20304930FCF0FC56B
S21401C51097E80F0085E80F00D49B9DF8C2C3D59A13
S21401C520DFF834E14D4913EB08034FF0010542F102
S21401C5300002BCF1000F08BF7146CDE9D432E4AB6E
S21401C540459306AF46954E44479145AA07CA87E8E4
S21401C5500700429648F00056439542AA449609AF12
S21401C56007CA87E80700CDF8FCA03FAA4095419688
S21401C5700CAE07CA0DF13C0A86E807003C933CAABC
S21401C5803D95CDF8F8E007CA364B8AE80700344AED
S21401C5909DF8C113C9A8A94208BF1346BCF1000FF4
S21401C5A00CBF03222A461343AE930023AAA9CDE962
S21401C5B0AF33B693FBF76AFE059000287FF458ADBB
S21401C5C0AA99AEA821F09DFD059BAEA8194621F0BB
S21401C5D098FD4146AEA821F094FD4FF0005312A9F4
S21401C5E0AEA813951493FBF719FF15A9C9A8FBF775
S21401C5F0F4FE00287FF43CAD15A9AEA8FBF70EFFAC
S21401C60006A9AEA8FBF70AFF3946AEA8FBF706FF58
S21401C6103146AEA821F09EFDAEA8514621F09AFD06
S21401C620AEA820F0E5FF00287FF468AE049D8DF8E3
S21401C630C2034544ACE5DCADE4AE0FCE0FC596E8CB
S21401C6400F0085E80F0042466146ECA817F0ACFEE5
S21401C6508DF8C08395E600BF200000200C00002066
S21401C66000000304000002040025D49BCDE9A25576
S21401C670E218CDE9A455CDE9A655CDE9A855CDE9F1
S21401C680AA55CDE9AC5528BF01251346002D7FF4E8
S21401C690EFACD59A93423FF6EBAC9A490BEB04000C
S21401C6A088423FF6E5AC9DF89E0304EB0009B9F11C
S21401C6B00F0F0ED893420CD00DF28E33184422463B
S21401C6C0594617F071FE9DF89E3323448DF89E332C
S21401C6D05EE5DA465F46AAAEB9F1100F4FF01002DA
S21401C6E04FF000013046C84628BF4FF0100817F03B
S21401C6F03CFC9DF89E33002B5FD0102B3FF6B8AC68
S21401C7001A460DF28E313046049317F04DFE049B07
S21401C7103946C3F11002F018049217F045FE4FF0A7
S21401C7200003049A8DF89E3317449DF86C33002B52
S21401C7304AD0A6AB42460093CDE9016A0DF26D33AD
S21401C740C9A9AEA8FDF7FEFC9DF86C230346012A95
S21401C75016D110220021304617F007FC42465146FA
S21401C760304617F021FEA2AB00930DF27E3233461F
S21401C770C9A9AEA8FEF7C5FC034600287FF478AC2D
S21401C780D499454408EB0102D492A9EB08020F2A7A
S21401C790C24427D8D5984944814221D039460DF262
S21401C7A08E30CDE9042317F0FFFD049A059B8DF822
S21401C7B09E23002B3FF4ECAC5AE439464246304601
S21401C7C017F0F2FD4744B0E7A2AB00930DF27E32BC
S21401C7D03346C9A9AEA8FEF794FC0028A9D047E4C1
S21401C7E0002AE6D0914677E76FF08506FFF74BBB48
S21401C7F09DF8F43213F0010200F0A482980703D5E5
S21401C800DDE9BB210A4309D113F0100300F09A8237
S21401C810B9F1010F05D0B9F1040F28D06FF08606E3
S21401C8205EE09DF8FF22082A2ED8374BBE99994222
S21401C83040F07982FC99C0A8F8F793FAFAF72BF939
S21401C840064600284CD19DF8FF92FC9B2121C9F198
S21401C850080203EB090017F088FBB8A8FDF748FFAC
S21401C860002E7FF4B9AAFFF784FAFFF7F9BA282257
S21401C8700021AEA817F079FBDDF82093C9F3054730
S21401C880082F4FEA194802D96FF0890628E0641B81
S21401C890FF2CC3D8FC9B002BC0D0B9F1000F3FF48E
S21401C8A010ACDDE9D12352EA030907D14A464946CD
S21401C8B0C8A8FBF7FEFF06460028C6D1C89B134A48
S21401C8C023F47E13934223D002F580729342AEA8DE
S21401C8D009D021F00FFC002800F01F826FF09206AD
S21401C8E04FF00009B1E721F005FC0028F6D19DF8CC
S21401C8F0C133002B5DD0AEA821F0FCFB00288DD003
S21401C900ECE700BF00800120000150050001400552
S21401C910AEA821F0EFFB0028E0D19DF86C53002D66
S21401C920E9D1DDF86883A6954745A6AECDE9A255BF
S21401C930CDE9A455CDE9A755A995DCD39DF89E333D
S21401C940E4B2A342D7D89DF87D23D6A9C2F10E033F
S21401C9500DF289208DF8883217F026FDAAAB0DF26C
S21401C9607E32CDE9003202964246A2ABC9A9AEA8F4
S21401C970CDE9AA55CDE9AC55FDF7E4FB8346002881
S21401C98040F0B3819DF86C33DA9F012B40F0C281F1
S21401C990FC9BF918994240F0AF81BBF1000F40F0C3
S21401C9A0B381AEA821F0A6FB002897D10026B94690
S21401C9B04BE718F03C0F9ED09DF8C063102E09D0AF
S21401C9C0E4B2B44297D3DDE9D41216F00F0418BFCF
S21401C9D0334602E01C46DDE9D4125B1842F1000240
S21401C9E0DDE9D61C51EA0C00CDE9D4325D4400F0F5
S21401C9F0C48053EA020005D13A46D8A9FC9817F03C
S21401CA00D3FCCEE79DF8C203002840F0BE80480F55
S21401CA10C90040EACC0009BAA791590FDB001BBA3E
S21401CA20A993ECAB7593012341EAC201769346F0D4
S21401CA30005300BA09BA779375AA0DF5C0790DF5BA
S21401CA40267CCCF80000CCF8081007CA89E8070055
S21401CA5014B9002E40F04E81E4A901247891B3491F
S21401CA60799478AA7A910DF5C67A07CA8AE80700FA
S21401CA70AF49CDF8ECC17BAA7C940DF5CC787D91BD
S21401CA8007CA102E88E807007E957EAA7F948093B9
S21401CA9069AB07CA83E8070005D100221A609A68C5
S21401CAA042F080429A600125FC9AAAABAA9247F00E
S21401CAB00052AB95AC9293E807009E4B6CAC43EAF0
S21401CAC00723AE93002384E80700A2A9C9A8CDE9ED
S21401CAD0AF33B693FBF7DAFB8346002840F00581B7
S21401CAE0A299AEA821F00DFB5946AEA821F009FB8C
S21401CAF03146AEA821F005FB4FF000536FA9AEA852
S21401CB0070957193FBF78AFC72A9C9A8FBF765FCBF
S21401CB108346002840F0E98072A9AEA8FBF77EFCA8
S21401CB205146AEA8FBF77AFC4946AEA8FBF776FC61
S21401CB304146AEA8FBF772FC9DF8C133AB4203D168
S21401CB402146AEA8FBF76AFC69A9AEA821F002FB54
S21401CB509DF8C1331BB96CA9AEA821F0FBFAAEA8AB
S21401CB6020F046FD834600283FF41BAF9DF8C11315
S21401CB70002940F0BA803A46B4E09DF8C20320B9D5
S21401CB80A3F1100010437FF442AF0F2E07D83EB139
S21401CB9035B93A460021FC9817F0E7F9ABE6A6ADA1
S21401CBA0C99B103B102BF4D8634A22FA03F3D9072A
S21401CBB0EFD50023614AAAAC2146C9A8CDE9AE2328
S21401CBC0B093B693FBF762FB8346002840F088805B
S21401CBD04FF001084FF000592168AEA821F091FAF4
S21401CBE05946AEA821F08DFA3146AEA821F089FA51
S21401CBF081A9AEA8CDF80882CDF80C92FBF70EFC01
S21401CC0084A9C9A8FBF7E9FB8346002868D184A953
S21401CC10AEA8FBF703FCE4AA9692494ACDF85C82DB
S21401CC200DF5077C96AB989293E807008CE8070011
S21401CC306146AEA8FBF7F2FBCDF864B20DF50A7CAF
S21401CC40CDF8688299ABCDF86C9293E807008CE832
S21401CC5007006146AEA8FBF7E1FB46EA0909ECAA24
S21401CC609C929CABCDF874820DF50D7CCDF8789234
S21401CC7093E807008CE807006146AEA8FBF7CEFBF9
S21401CC809F959FAACDF8808290ABCDF8849207CA73
S21401CC9083E807001DB99A6842F080429A601946F7
S21401CCA0AEA821F057FA0122A294A392204A0DF5CC
S21401CCB0137CA2ABA49293E807008CE807006146B8
S21401CCC0AEA821F047FAAEA820F092FC834610B930
S21401CCD03A46214692E632460021284617F045F9A3
S21401CCE03A460021FC9817F040F9BBF1210F7FF47A
S21401CCF0F5AD00E6DCA9B0E613F8012B16F8010B3A
S21401CD0042404BEA020B45E63A460021FC9817F0F2
S21401CD102CF9E3E53A46314670E6AEA821F0EAF989
S21401CD2000287FF4DBAD6FF08506D9E520000020F2
S21401CD3010000020020002040101010000000204AC
S21401CD400C0000206FF08806CAE5FEF7AEBD21B1E3
S21401CD5000F58050D0F8C001F7E77047034608B9E0
S21401CD6000207047EFF31182302181F3118840686B
S21401CD70411C04D182F31188BFF36F8FF0E701687D
S21401CD80596082F31188BFF36F8F7047836A03B1CE
S21401CD901847704737B504460522D0F8080101A99F
S21401CDA0E8F7DCF9B0B9019B5C61227A5A74E27A41
S21401CDB062F07F021A74EFF31185302383F3118832
S21401CDC0D4F8080101990830E8F752FA85F311887A
S21401CDD0BFF36F8F03B030BD053803288CBF00202A
S21401CDE00120704700B97047037A8B4205D190F84D
S21401CDF05030002B08BF002070470068F2E72DE98D
S21401CE00F041304C0546002914BF0F46274607F56A
S21401CE10805696F818129046B1BB3946E8F790FD51
S21401CE20044698B3122806D01A2814BF04461924BB
S21401CE302046BDE8F0811FF00FFA022803D1D6F88C
S21401CE40980120F0C9FC41463868FFF7CBFF04463D
S21401CE501FF002FA022803D1D4F8F00020F0BCFC3F
S21401CE6094F850501FF0F8F9022803D1D4F8F000D6
S21401CE701FF0C6F91FF0F0F9022803D1D6F8980181
S21401CE801FF0BEF9012D1AD00424D1E740F2011398
S21401CE902E682846B381FEF7DDFB054608B1052856
S21401CEA004D1737A43F010037372C1E7D6F8F00029
S21401CEB021F041FA3046F5F7B3FB2C46B8E72E24AD
S21401CEC0B6E700BF40650020704708B5C36800207C
S21401CED09847034B1868BDE8084021F0E1B800BF49
S21401CEE044220020F0B50E46054685B050B390F8B2
S21401CEF034304BB3154F0121F3F76DFB3A46284604
S21401CF0013490DF10F03F3F73CFE044668B99DF88B
S21401CF100F30012B0FD13B69082B11D1024600902F
S21401CF2031462846FEF700FA0446E86BFFF7CDFFC8
S21401CF30204605B0F0BD022B14BF2D246024F4E773
S21401CF406324F2E72124F3E71124F1E7A02200206D
S21401CF5000710800F0B40A4D2D7875B107280CDC75
S21401CF60084D060105EB0014277B37B1AB510023B2
S21401CF70C4E90133F0BCF5F7FDB9F0BC704700BF5A
S21401CF80081600200C16002010B4EFF3118430238D
S21401CF9083F31188037C33B184F31188BFF36F8F59
S21401CFA05DF8044B70478368C260416003F140023C
S21401CFB01B6CB3B903601060826892F84430013389
S21401CFC082F844300123037484F31188BFF36F8F12
S21401CFD083685DF8044B03F58053D3F8940120F081
S21401CFE081BD1A461B68E4E708B510B120F07AFD4A
S21401CFF0012008BDF8B590F85030044618460E4694
S21401D000FFF7EAFE08B9042B0AD1217A41B1D4F818
S21401D010080110B100F58E5018300222E9F78EF89B
S21401D020032304F1840584F85030D4F88430B3BB6C
S21401D03004F18807D4F88850D5BB2046E9F720FCD0
S21401D040642065811FF086FF002200236061C4E929
S21401D05006232046C4E90823C4E90A23C4E93F5548
S21401D060E8F723F868B3022384F8503016B1204657
S21401D070E8F700F80025EFF31186302383F31188D3
S21401D080D4F8F40008B120F02DFD86F31188BFF323
S21401D0906F8FD4F8F800FFF7A7FF2846F8BD28469B
S21401D0A0F5F7FDFF0146D4F80801E8F7C1F8BCE73B
S21401D0B03846F5F7F4FF0146D4F80801E8F7B8F862
S21401D0C0B8E70525D7E7F8B50446EFF31186302310
S21401D0D083F311888C30E8F7C1F8054620B986F34A
S21401D0E01188BFF36F8FF8BD837C00F130073BB129
S21401D0F001338374D4F88C300363C4F88C70EEE784
S21401D10004F1300020F012F886F31188BFF36F8F18
S21401D110AE682EB92968D4F80801FFF718FE2E600C
S21401D120EFF31181302383F31188AB7CD4F8082107
S21401D1300133AB7493682B639760237C01332374AC
S21401D140E37B013BE37381F31188BFF36F8FD4F860
S21401D150083103F58053D3F89401BDE8F84020F078
S21401D160C1BC2DE9F04F054689B01046164604911C
S21401D170F6F77CFB002870DD2846F188F6F7CAF939
S21401D1800446002845D13368B5F806900093D5F8D3
S21401D1900080354D494600982B682B68F6F77EFCD3
S21401D1A003460733272B8CBF4FF01E0A4FF0FA0AAF
S21401D1B0DA0823F007030190029205934946404698
S21401D1C0029AFDF7EDFD044618BB059B019A4946F8
S21401D1D040469A1AF6F7BFFCBAF1010A40D0049904
S21401D1E0D8F80000F6F73EFC0126C743D5F800B094
S21401D1F0B14512D84BEA070303932F682B684B46B9
S21401D2002E6803F1FF3B83B9039A2B6817409F42B0
S21401D210D4D0204609B0BDE8F08F58F82600F6F7BE
S21401D220BFF801364BEA000BE2E7009B53F82B20D0
S21401D23058F82B301046194607930692F6F712FC5B
S21401D240079B069A064311461846F6F70BFC20EA9A
S21401D25006031F4306435B46D3E76FF00304D8E794
S21401D2606FF00D04D5E700BF68230020F7B5012352
S21401D27000220546CDE900230E46021D022168461E
S21401D280FFF76FFF044648BB06F110026B461146D6
S21401D2902846F7F7FDFD044600BB06F108076B4676
S21401D2A03A4639462846F7F7F3FD0446B0B96B46C9
S21401D2B06A4669462846F7F7EBFD044670B96B46A1
S21401D2C0324631462846F7F7E3FD044630B96B4649
S21401D2D03A4639462846F7F7DBFD04466846F6F730
S21401D2E00BF9034814F10E0F18BF204603B0F0BD2A
S21401D2F000B3FFFF0022012373B50646CDE90023E4
S21401D3000D46021D02216846FFF72BFF044678B939
S21401D3106B462A4629463046F7F7BAFD044638B921
S21401D32005F110026B4611463046F7F7B1FD04468B
S21401D3306846F6F7E1F8034814F10E0F18BF2046C9
S21401D34002B070BD00B3FFFF00232DE9F341C0E931
S21401D3500130C0E9033043614FF6FF73494E04467E
S21401D36035889D4200D1FEE7CDB92F46C5F10401AF
S21401D37001AA89B20DEB05000197FDF748FA0028CE
S21401D3807CD1019B1D44032DF0D9009B002B76D048
S21401D3906FF00042934208BF01233B4A1360338873
S21401D3A0C4E90744013364623380EBF763FD00256B
S21401D3B0364B04F13001A06200F18040344AE1634B
S21401D3C06363A063E56204F108002463ECF7B3FC31
S21401D3D04FF00B08FB234FF6FF77A4F85830E069AF
S21401D3E0C4E91255246484F84480A4F8467025657F
S21401D3F06465EEF730FEC4E91E55C4E91C0404F169
S21401D4008000E8F753FF04F19000E8F74FFF04F1BE
S21401D410A000E8F74BFF1F4B04F15406C4F8BC30DC
S21401D42004F1B803C4F8C4303046C4F8B840EFF786
S21401D430F1F93046C4E91355A56484F84480A4F88C
S21401D4404670EFF7E7F994F8CC30C4E9375523F086
S21401D4503F0343F00C03C4F8C84084F8CC30A4F86A
S21401D460CE50A4F8D05084F8DA5084F8E450ECF7A3
S21401D47029FBC4F8E80002B0BDE8F081FEE701230D
S21401D4808BE700BF081D00200C1D00209D9D00009D
S21401D49034EB0300F9DB000000F00CB800F00AB82A
S21401D4A000F008B800F006B800F004B800F002B8C2
S21401D4B000F000B872B61EF0080F09D01EF0040F77
S21401D4C00DD0DFF850E0AEE8FF1F6FF002000CE071
S21401D4D0DFF840E0AEE8FF1F6FF00E0005E0DFF872
S21401D4E034E0AEE8FF1F6FF006006946EFF30982ED
S21401D4F08EE8070086460848084C854501D3A545B1
S21401D50001D384F30888F2F713FF84F30888F3F74E
S21401D51013F80000E463002048000020C80A002039
S21401D52008B5064B044613B10021AFF30080044B47
S21401D5301B6803B198472046F5F7C8FD00000000B8
S21401D540C052002070B50D4D00260D4C641BA41072
S21401D550A64209D10B4D00260B4C20F021FF641B7F
S21401D560A410A64205D170BD55F8043B0136984774
S21401D570EEE755F8043B01369847F2E7D0780020ED
S21401D580D4780020D4780020D87800201FB514461F
S21401D5901A46094B05461B68D86854B9074B1C4602
S21401D5A000910749CDE901342B4600F0B1F816F099
S21401D5B079FE044BF4E700BFC8770020FEF80300AD
S21401D5C00DF8030000F80300002310B5044683603D
S21401D5D0818119464366C28108228361C0E900330E
S21401D5E0C0E904335C3016F0C0FC0D4B2462636264
S21401D5F00C4BA3620C4BE3620C4B23630C4B9C421B
S21401D60006D003F16802944202D0D0339C4205D181
S21401D61004F15800BDE8104016F0AFBC10BD00BFC5
S21401D620A93E0300CB3E0300033F0300273F030050
S21401D63088510020024A0349034816F078BC00BF0F
S21401D6401878002039420300CC77002041680C4B43
S21401D650994210B5044601D016F0EEFDA168094BBB
S21401D660994202D0204616F0E7FDE168064B994242
S21401D67004D02046BDE8104016F0DEBD10BD00BF48
S21401D68088510020F05100205852002010B50B4B55
S21401D69004210B4C0B4A20461A600022FFF794FF28
S21401D6A004F1680001220921FFF78EFF04F1D00082
S21401D6B002221221BDE81040FFF786BFC0520020AB
S21401D6C08851002035D60100014816F057BC00BF2E
S21401D6D003630020014816F052BC00BF036300201C
S21401D6E010B50446FFF7F0FF236A1BB1BDE81040F2
S21401D6F0FFF7F0BF044B2362044B1B68002BF5D1E8
S21401D700FFF7C4FFF2E700BF4DD60100C05200206C
S21401D7100EB403B503AB0146054853F8042B006865
S21401D720019300F019F802B05DF804EB03B07047FE
S21401D730C877002038B50446064D08461146002233
S21401D7402A601A46F5F7D0FC431C02D12B6803B1B8
S21401D750236038BDC45200202DE9F04F0D469DB020
S21401D76014469846064618B1036A0BB9FFF7B8FF88
S21401D7706B6ED90705D4AB899A0502D4A86D16F04D
S21401D780FDFBAB891B0701D52B699BB929463046A2
S21401D79000F0FAF870B16B6EDC0704D54FF0FF307D
S21401D7A01DB0BDE8F08FAB899805F7D4A86D16F0CB
S21401D7B0E6FBF3E70023CDF80C804FF00109DFF814
S21401D7C0B481099320238DF8293030238DF82A302F
S21401D7D023469A4613F8012B0AB1252AF9D1BAEB4A
S21401D7E0040B0BD05B4622462946304616F0DFFB7B
S21401D7F0013000F0A780099A5A4409929AF800303D
S21401D800002B00F09F8000234FF0FF320AF1010A3F
S21401D810049307938DF853301A93CDE905235446A4
S21401D8200522544814F8011B16F02EFD049AD8B9A7
S21401D830D10644BF20238DF85330130744BF2B2352
S21401D8408DF853309AF800302A2B15D0079A544693
S21401D85000204FF00A0C214611F8013B303B092B02
S21401D8604BD9B0B1079214E0A0EB0803A24609FA1F
S21401D87003F313430493D2E7039B191D1B68002B84
S21401D8800391BBBF5B4242F0020207930793B8BF06
S21401D890049223782E2B0AD163782A2B32D1039B4C
S21401D8A002341A1D1B6843EAE37303920593DFF8FB
S21401D8B0D4A003222178504616F0E6FC38B1A0EB3E
S21401D8C00A004022049B013482401343049314F857
S21401D8D0011B062228488DF8281016F0D5FC0028D2
S21401D8E03FD0264B1BBB039B073323F007030833AC
S21401D8F00393099B3B4409936AE70CFB02320C46EF
S21401D9000120A8E7002301344FF00A0C19460593BD
S21401D910204610F8012B303A092A03D9002BC6D02D
S21401D9200591C4E70CFB012104460123F0E703AB94
S21401D9302A4604A930460093114BAFF300800746F0
S21401D940781CD6D16B6ED90705D4AB899A0502D45B
S21401D950A86D16F014FBAB895B063FF51FAF09985F
S21401D9601EE703AB2A4604A930460093044B00F099
S21401D97061F8E4E73CF8030046F803000000000005
S21401D980AF3F030042F8030038B5294B05460C4665
S21401D990186818B1036A0BB9FFF7A2FEB4F90C3088
S21401D9A0190722D4DA0607D409222A6043F0400375
S21401D9B04FF0FF30A38133E0580712D5616B41B1B8
S21401D9C004F14403994202D02846F5F729F90023C9
S21401D9D06363A38923F02403A3810023636023697F
S21401D9E02360A38943F00803A38123694BB9A38964
S21401D9F003F42073B3F5007F03D02146284616F0C2
S21401DA0097FCB4F90C3013F001020AD00022A26090
S21401DA1062695242A261226942B913F08000C5D1FF
S21401DA2038BD990758BF6269A260F4E70020F7E79E
S21401DA30C87700202DE9FF470F7E914680460C46A9
S21401DA40782F9A460C9E01F1430207D8622F0AD816
S21401DA50002F00F0DD80582F00F0C38004F142064D
S21401DA6084F842703AE0A7F16303152BF6D801A1BA
S21401DA7051F823F0CDDA0100E1DA01005DDA0100A8
S21401DA805DDA01005DDA01005DDA0100E1DA01002C
S21401DA905DDA01005DDA01005DDA01005DDA0100A0
S21401DAA0F7DB01006FDB0100AFDB01005DDA01008F
S21401DAB05DDA010019DC01005DDA01006FDB0100AF
S21401DAC05DDA01005DDA0100B7DB010033681A1D7B
S21401DAD01B68326004F1420684F842300123A8E054
S21401DAE031682368081D30601E0601D50D6803E005
S21401DAF05D06FBD5B1F90050002D616878DA2D205E
S21401DB000029A16084F843002DDA6D425D480A239E
S21401DB101646B5FBF3F103FB1157C75D06F8017D09
S21401DB202F460D46BB42F4D9082B0BD12368DF07DD
S21401DB3008D5236961689942DEBF302306F8013CA7
S21401DB4006F1FF36921B22614B4603AA2146404648
S21401DB50CDF800A016F07BFA01306FD14FF0FF3000
S21401DB6004B0BDE8F08723F004032360CDE7216805
S21401DB703368080653F8045B02D4490648BFADB2C1
S21401DB806F2F33603F4814BF0A230823002184F80F
S21401DB9043106668002EA660BADB216821F00401F6
S21401DBA02160002DB4D1002EB2D11646BCE7236801
S21401DBB043F02003236078273348236884F84570B0
S21401DBC01F06316851F8045B02D45F0648BFADB248
S21401DBD03160D90744BF43F0200323601DB11023F1
S21401DBE0D4E72848E9E7236823F020032360F6E713
S21401DBF024480A23CDE733682568181D616930601B
S21401DC002E061B6801D5196002E06806FBD519804F
S21401DC1000231646236197E7336800211A1D3260F8
S21401DC201E686268304616F02FFB08B1801B6060E4
S21401DC3063682361002384F8433085E7236932460D
S21401DC4049464046D047013088D023689B0714D404
S21401DC50E068039B9842B8BF184681E70123324625
S21401DC6049464046D04701303FF478AF0135E36876
S21401DC7003995B1AAB42F1DCEAE7002504F11906C9
S21401DC80F5E700BF4DF803005EF8030038B5002342
S21401DC90054D044608462B60F5F715FA431C02D1DC
S21401DCA02B6803B1236038BDC452002038B5044642
S21401DCB0064D0846114600222A601A46F5F710FA64
S21401DCC0431C02D12B6803B1236038BDC452002027
S21401DCD038B50446064D0846114600222A601A4603
S21401DCE0F5F700FA431C02D12B6803B1236038BD57
S21401DCF0C4520020024B0146186816F062BB00BFF2
S21401DD00C877002038B50023064D0446084611465C
S21401DD102B60F5F7DCF9431C02D12B6803B12360B5
S21401DD2038BD00BFC452002038B50023054D044657
S21401DD3008462B60F5F7CFF9431C02D12B6803B1D7
S21401DD40236038BDC452002038B50023064D044672
S21401DD50084611462B60F5F7C0F9431C02D12B6823
S21401DD6003B1236038BD00BFC452002007B500933D
S21401DD7013460A4601460348006816F05EFB03B0E8
S21401DD805DF804FBC8770020024B01461868F4F7DB
S21401DD9044BF00BFC8770020024B01461868F4F75D
S21401DDA03FBF00BFC87700200CB4184B30B50C1E1F
S21401DDB09DB01D6808DA8B234FF0FF302B601DB035
S21401DDC0BDE8304002B070474FF4027302900690EF
S21401DDD002A9ADF8143014BF04F1FF332346209A8C
S21401DDE02846049307934FF6FF73ADF8163021AB20
S21401DDF0019300F015F8431CBCBF8B232B60002C4D
S21401DE00DDD0029B00221A70D9E700BFC877002038
S21401DE10024B0A4601461868F4F704BFC87700208B
S21401DE202DE9F04F98468B899DB007461B060D4697
S21401DE30144610D50B6973B94021F4F7EEFE28603D
S21401DE40286130B90C233B604FF0FF301DB0BDE8B0
S21401DE50F08F40236B610023CDF80C804FF0010951
S21401DE60DFF8A081099320238DF8293030238DF81F
S21401DE702A3023469A4613F8012B0AB1252AF9D1EE
S21401DE80BAEB040B0BD05B4622462946384616F001
S21401DE9007FB013000F0A780099A5A4409929AF8C4
S21401DEA00030002B00F09F8000234FF0FF320AF174
S21401DEB0010A049307938DF853301A93CDE905238D
S21401DEC0544605224F4814F8011B16F0DDF9049A52
S21401DED0D8B9D00644BF20238DF85330110744BF6C
S21401DEE02B238DF853309AF800302A2B15D0079A39
S21401DEF0544600204FF00A0C214611F8013B303BF6
S21401DF00092B4BD9B0B1079214E0A0EB0803A24647
S21401DF1009FA03F313430493D2E7039B191D1B6805
S21401DF20002B0391BBBF5B4242F0020207930793AB
S21401DF30B8BF049223782E2B0AD163782A2B32D1CC
S21401DF40039B02341A1D1B6843EAE373039205938D
S21401DF50DFF8C0A003222178504616F095F938B1B3
S21401DF60A0EB0A004022049B013482401343049331
S21401DF7014F8011B062224488DF8281016F084F99F
S21401DF80002836D0214B1BBB039B073323F0070326
S21401DF9008330393099B334409936AE70CFB023267
S21401DFA00C460120A8E7002301344FF00A0C19465D
S21401DFB00593204610F8012B303A092A03D9002B85
S21401DFC0C6D00591C4E70CFB012104460123F0E706
S21401DFD003AB2A4604A9384600930D4BAFF30080E5
S21401DFE0421C0646D6D1AB895B063FF52DAF099894
S21401DFF02CE703AB2A4604A938460093044BFFF7E7
S21401E00019FDEDE73CF8030046F8030000000000A8
S21401E010A144030042F8030038B504460D4600F05B
S21401E020EFFC044809F00CFDA5733120BDE838402B
S21401E03009F06CBD57450300F0B5467B057B731CA4
S21401E040B6EB951F044689B0437305D3002109B08A
S21401E050BDE8F040FFF7E0BF00271C4809F0F0FCE0
S21401E06076001B491B4B3541CDE9041305F003052A
S21401E070E37A253504A88DF81830CDF81A70ADF876
S21401E0801E708DF8195000F0CBFD2368CDE902779C
S21401E0900193A37A8DF809302389C3F340225200F5
S21401E0A08DF80A20627B012A01D8DA0705D523F00C
S21401E0B00103238101238DF8083001A816F0A7FC7F
S21401E0C0206919F067FF09B0F0BD00BF05E1010046
S21401E0D0D6BE898E5555550008B50346222B0846EF
S21401E0E006D0562B0BD1BDE808400121FFF794BF9F
S21401E0F000F086FCBDE80840014809F0A1BC08BD57
S21401E10057450300512808B50B4605D0552814D0AD
S21401E110BDE80840FFF7E0BF0A89920508D501204F
S21401E120897A00F06DFABDE80840074809F088BC16
S21401E1300846BDE80840FFF77FBF1846BDE808401F
S21401E1400121FFF769BF00BF4DE101002DE9F04F46
S21401E15053280C4685B006D0552879D005B0BDE8C1
S21401E160F04FFFF7B9BF00F00BFB83688046DD0771
S21401E1706CD543210DF10F0209F0E2F8437806460B
S21401E180252B63D8057805F00F05032D01D0052D45
S21401E1905CD1206919F0F9FE22890146C2F34002DA
S21401E1A0304619F00FFF002850D1B34627891BF8D7
S21401E1B002AB16F0F2F907F4C07980F00103B9F169
S21401E1C00002CAF3801A594618BF01225046DBB234
S21401E1D01AF028F8014668B3032D18D12189304674
S21401E1E0C1F3800119F005FF03283CD005282DD185
S21401E1F000254046A57300F001FB404619F0DDFD01
S21401E2002946204605B0BDE8F04FFFF705BF052DAE
S21401E2101CD1218904F118030193C1F380130093E3
S21401E220C1F30012C1F340033046C1F3C00119F037
S21401E230E9FED9E716F0BAF940B9B9F1000FCBD02B
S21401E240FF43032DBFB209D13906C7D400F0D8FB6E
S21401E250204605B0BDE8F04FFFF7EEBE052DF5D11F
S21401E260FA05F3D5D5E70B4809F0EAFBA17A0020B9
S21401E27000F0B0F9606919F08DFE23899B0605D57B
S21401E280404605B0BDE8F04F19F097BD05B0BDE8B2
S21401E290F08F00BF654503000120014909F0BEBBB0
S21401E2A05745030021281FB50C4634D11C4809F0F8
S21401E2B0C7FB04F1100000F0B3FC94F8250019F038
S21401E2C074FC94F82030626813F0010394F822106D
S21401E2D012D00023CDE90233A368684613440193A4
S21401E2E0012300928DF80A308DF80B108DF80C3052
S21401E2F000F0A8F904B010BDCDE901330223684649
S21401E30000928DF805108DF8063016F080FB204639
S21401E31016F06EF9EEE704B0BDE8104016F04BB902
S21401E320274703000320014909F078BBA5E2010055
S21401E330074B586940F20D1338B9002BC1BF45226F
S21401E3404433B3FBF2F0C0B270470068453BF3E7D5
S21401E350E84B00202DE9F0414FF0000882B0CDF8DF
S21401E3600480F8B10546154F01AC09E023601B682F
S21401E3707B612368C3F800802668002D344611DDD2
S21401E3807B69453D002BF1D101201DF062F906465F
S21401E39020600028F1D101A81DF033F8304602B004
S21401E3A0BDE8F081102000F0D9FD019E304673795A
S21401E3B043F00103737102B0BDE8F081E84B002021
S21401E3C037B5184D0446EA6992F87D3013B9002036
S21401E3D003B030BD01281CD002280CBF0223012344
S21401E3E08DF8043001238DF80530936F286923F4E6
S21401E3F0805323F00203936701A91BF095FF0028C1
S21401E400E6D1012C07D1EA69936F43F002039367C3
S21401E410DDE70423E4E7022CD9D1EA69936F43F4DC
S21401E4208053F4E7E84B002037B5174D0446EB69F7
S21401E43093F87D2012B9002003B030BD01281AD010
S21401E44002280CBF022201228DF8042001228DF839
S21401E45005209A6F286922F044029A6701A91BF0E9
S21401E4603FFF0028E8D1012C07D1EA69936F43F0FA
S21401E47040039367DFE70422E6E7022CDBD1EA6973
S21401E480936F43F00403F4E7E84B00200422F0B551
S21401E4901D4E0546F36985B083F87C20407900F06F
S21401E4A021FE2C79074694B1A879FFF7BDFF0446F3
S21401E4B038BB01466A790120F4F729FE3B4622461D
S21401E4C07179306905B0BDE8F0401BF0A3BD2B683B
S21401E4D068790394029300F005FE00902246717954
S21401E4E0306902AB1BF0A1FD044650B9A879FFF7CD
S21401E4F09BFF044628B9024601216B792868F4F788
S21401E50005FE204605B0F0BDE84B0020014B18691A
S21401E5101CF0BFB9E84B0020014B18691CF0BBB9D1
S21401E520E84B00200C4B10B55A690023591C82B9E0
S21401E5304522DBB25343418B028B0A440A32934293
S21401E5402CBF0124002402D2102000F007FD204633
S21401E55010BD0B461268E9E7E84B002008B509F044
S21401E560F1FD024B1030D86108BD00BFE84B00201A
S21401E57038B50446094DFFF7F1FFEB692A689A673B
S21401E58054B1A08808F0B8FE08F0D2FE0122EB696B
S21401E590002083F87C2038BD0120F5E7E84B0020F9
S21401E5A0014BD8696E307047E84B00200022034BC0
S21401E5B0DB69C3F86E20C3F872207047E84B002071
S21401E5C0034BDA69936F43F480339367704700BF58
S21401E5D0E84B0020042238B5084B0D46DB6983F86A
S21401E5E07C20FFF721FF044608B100F0C3FC2A4651
S21401E5F000210120F4F78BFD204638BDE84B0020B2
S21401E600022238B5094B0D46DB6983F87C20FFF7FB
S21401E610D7FE044608B100F0ADFC2A4600210120D1
S21401E620F4F775FD16F0DEF9204638BDE84B0020FC
S21401E630034A136823F40043136000F085BE00BF4D
S21401E640E84B00207FB52E4D0446EE69102296F861
S21401E6507C300021022B14BF02230823684686F86B
S21401E6607C3015F082FC237A03B301238DF8043045
S21401E67063680293A37A53B196F87D0008F026FEEC
S21401E680029B02881344029301238DF80D30637AAE
S21401E690207B8DF80E30FFF793FE50B1EA69936F39
S21401E6A023F48033936700F065FC20E02368009331
S21401E6B0DEE7E07A00F016FD6A46034669792869C6
S21401E6C01BF01FFD0028E9D1EB69227AB3F87A1016
S21401E6D0E37A01F0010162B11A460120F4F717FD51
S21401E6E016F080F9EA69936F23F48033936704B0D8
S21401E6F070BD0A4620680121F4F708FDF0E700BF67
S21401E700E84B0020082270B51C4D0E46EB6986B01A
S21401E71083F87C20017A04464B1ED9B2437A052938
S21401E720184628BF00212B7116F011F9ADF81030EC
S21401E73000236871024660688DF812300290ADF8C9
S21401E7401430206802AB00933368039028691CF0EC
S21401E750A7F9EB69227A83F87D2018B100F00AFC4C
S21401E76006B070BD307BFFF72BFE0028F6D1EA69B4
S21401E770936F43F480739367F2E700BFE84B002082
S21401E7802DE9F0431C4A87B0D56995F86C3003EB48
S21401E790C3004FEA800855F8087005EB80061FB1E4
S21401E7A0304607B0BDE8F08311791069717301AA8C
S21401E7B00321B760B7730CF0F5FADDE9031245F8EB
S21401E7C00800304608F11003E9501D446A60BDF8A0
S21401E7D00630BDF80820B7839B1A32839DF80420C3
S21401E7E07383072A08BFB368376204BF43F0010387
S21401E7F0B36007B0BDE8F083E84B002083689B0751
S21401E80000D5704730B5154D87B0044601686A4695
S21401E81028690CF0E7FA50B9238B628B69461344DA
S21401E82003332869ADF804301BF08DFF08B107B03B
S21401E83030BD009B9DF90E00636000F075FD2073EE
S21401E840EB699DF8111093F87D0008F033FDA3687D
S21401E850A07343F00203A36007B030BDE84B00206D
S21401E8602DE9F04F4FF6FF741F46A142038B458BEF
S21401E87008BF818B1D4418BF8183A942064683B019
S21401E88059DA4FF6FF708242A5EB010502D0954298
S21401E890A8BF15468B42ADB20BD84FF00008A8456D
S21401E8A02AD345462846B38B2B44B38303B0BDE831
S21401E8B0F08FA3EB0108A845A8BFA84632691FFA46
S21401E8C088F802EB010BB8F1000F62D0002F5ED082
S21401E8D0B946C2465246452A594628BF45224846A9
S21401E8E01CF072FD83B2AAEB0304A4B283443CBBC2
S21401E8F0318B0B46A845D4D2C91A7369A5EB080912
S21401E90013FA81F41FFA89F9002FCAD04A46452A1C
S21401E910214628BF452238461CF056FD1FFA80F8CE
S21401E920A9EB08039BB20444002BBBD03A68CAB1DA
S21401E93017469946EAE70025284603B0BDE8F08F5A
S21401E940D9F8002012B19146A246C3E799F804000F
S21401E95001931CF07EFE019BC9F8000060B1814660
S21401E960A246B7E7387901931CF073FE386040B1D0
S21401E970019B07469946C9E7A3EB0A0343449DB2A8
S21401E98090E7A8EB0908A8441FFA88F58AE73D46F0
S21401E99088E719460B46ADE7F8B5124FFC6994F8BF
S21401E9A06D6006EBC60104EB810116F039F80546E9
S21401E9B01FF084FB242202FB06440026F969266226
S21401E9C091F86D305A438E5003220133B3FBF2F2B5
S21401E9D002EB42029B1A81F86D301FF06AFB284653
S21401E9E0F8BD00BFE84B0020044BD96991F86C30A4
S21401E9F003EBC30301EB830116F012B8E84B0020CA
S21401EA0010B5144CE36993F87C30012B08D0002232
S21401EA1011461046F4F77BFB0122E36983F87C205C
S21401EA200022032120690BF091FA002201212069BE
S21401EA301BF0A9FE002015F0D9FF15F0D9FF002024
S21401EA4015F0D8FFE269936F23F4847343F4C0434F
S21401EA50936710BDE84B002010B51FF02FFB04464E
S21401EA60FFF7CEFF074B5620DA69B2F87430013350
S21401EA70A2F8743009F096F82046BDE810401FF061
S21401EA8018BB00BFE84B0020F8B51C4DEA69936F30
S21401EA901C0704D523F008039367FFF7DDFFEB6936
S21401EAA09B6FD8060FD51FF009FB0646FFF740FC03
S21401EAB00446134F24B101201CF0CBFD0146B0B92A
S21401EAC030461FF0F6FAEA69936F990615D523F0DA
S21401EAD02003936709F048FB78B11FF0EFFA04466C
S21401EAE0FFF7BAFF2046BDE8F8401FF0E2BA384605
S21401EAF0013C1CF0F3FCE4B2DCE7F8BDE84B002077
S21401EB00FC4B002008B5FFF77BFF00F01DFC034A15
S21401EB10136823F40043136008BD00BFE84B0020D0
S21401EB2073B5114D04462B7883421BD00F4E88B126
S21401EB30012006F0D7F8002301930D4B4FF0004259
S21401EB4000930C49012330691BF056FA01202C7002
S21401EB5002B070BD074930691BF059FA204606F02D
S21401EB60C1F8F3E70020F3E704630020E84B002038
S21401EB7045490300C8520020014B18691BF054BEDA
S21401EB80E84B0020002210B5094C10461146F4F758
S21401EB90BEFA20691BF091FA15F027FF04F1140064
S21401EBA01CF02FFCE269936F23F01003936710BDEE
S21401EBB0E84B0020024B1868C0F38020704700BF66
S21401EBC0E84B002038B5154C0546E36993F87D30CF
S21401EBD083420ED0431E042B08D8DFE803F0030B54
S21401EBE00F14160020690CF073FB10B9E36983F863
S21401EBF07D5038BD206915F0FFFEF6E7002120693B
S21401EC0015F0FCFEF1E70221F9E7FFF7D3FF002834
S21401EC10ECD0206915F0F4FEE7E700BFE84B0020D2
S21401EC207FB50446114E407A0025307115F08FFEEF
S21401EC307071207AFFF7C6FF636869460093236800
S21401EC4030690193637A8DF80A50ADF80830ADF853
S21401EC500C501BF00FFF2A462946284615F0C1FE28
S21401EC60206815F0C4FE04B070BD00BFE84B00205C
S21401EC7038B50B4C05462368206923F4806323606E
S21401EC801BF00BFE38B10DB9002038BD236843F4E4
S21401EC9080632360F8E7002DF6D00C20F5E700BF6F
S21401ECA0E84B0020F0B53E4C0746216889B011F0CC
S21401ECB001016BD12022204615F057F939481BF087
S21401ECC0B2FA064610B1102009B0F0BD364D374BEA
S21401ECD001A82B6009F03AFA029B2846AB82019BF9
S21401ECE02B62334B1B886B82324B1B68EB61324BBA
S21401ECF01B882B82314B1B68AB6115F0DDFE20466D
S21401ED004FF0FF333246294640F8103F0BF02AF801
S21401ED100028D8D1BB68DB023AD4012000F020FBE2
S21401ED200028D0D102224FF0FF3120691BF0A4FB4E
S21401ED300028C8D10120FFF79BFF20690CF0B0FA2C
S21401ED400028C0D13C2394220393CDE901329623B7
S21401ED505022059001A92069CDE9062304930BF002
S21401ED60F3FC0028AFD1012120691BF040F90028EF
S21401ED70A9D1134A13492069F4F7B8F900F06AFAE1
S21401ED800028A0D1236843F00103236000209BE7FD
S21401ED900D4920690BF038F90028BED093E700BF73
S21401EDA0E84B0020690345ECE05200209DEF01008E
S21401EDB0880904008C0904008A09040090090400EB
S21401EDC04B490300794903006FF8030070B5054607
S21401EDD00E4614460AB115F006FE0448234632468E
S21401EDE02946BDE8704000691BF094BCE84B002042
S21401EDF02DE9F04105460E46FFF7C2FC2F68044692
S21401EE00C7B9638B008B18440A30FFF7A3FA034691
S21401EE102860C0B182790C321344A2681A71618BE2
S21401EE20228BDF710A441A81084A0A2112799A71E3
S21401EE301CF0BEFA20462B68B2B24FF6FF71BDE851
S21401EE40F041FFF70DBDBDE8F08100BFE84B0020A3
S21401EE5070B505460D4BDC6994F86C6006EBC60090
S21401EE6004EB8000FFF7CAFCAA790C32AB181979BB
S21401EE7041F002011971242101FB06446168A95081
S21401EE80227B5A71A27BDA7170BD00BFE84B00206D
S21401EE9038B505F045FFC8B1847DC4B92A4DEB6984
S21401EEA093F87C20022A10D1B3F870205320013247
S21401EEB0A3F8702008F076FE012015F09BFD2421B2
S21401EEC0EA6992F86C304B43D45038BDFF24204693
S21401EED008F0ACFD002832D01B4CE36993F87C2087
S21401EEE0022AF2D1B3F8702053200132A3F8702021
S21401EEF008F058FE012015F07DFD23681D0407D596
S21401EF00E36993F87C30012B02D0522008F04AFEC8
S21401EF102422E16991F86C305A4388188068C0F35E
S21401EF208004400741BF03220133B3FBF2F202EB38
S21401EF30420246BF9B1A81F86C308C50C5E73220DE
S21401EF40BDE8384008F02EBEE84B0020024BDB69D6
S21401EF5093F87D00704700BFE84B0020044BDA6948
S21401EF60936F034393674FF00060E5F7A7BF00BFB9
S21401EF70E84B002038B505461FF097F80446064BC7
S21401EF800820DB6983F87E50FFF7E8FF2046BDE8DE
S21401EF9038401FF085B800BFE84B0020F8B515468D
S21401EFA01C4606461946104600F0B8F82A4623467F
S21401EFB03046F4F7FDF8414FD7E9022300EA020490
S21401EFC001EA030554EA050339D0A4F108032B43EB
S21401EFD027D0A4F58043083B2B4331D0A4F10C0382
S21401EFE02B431BD0231F2B4346D0354B23402BB13D
S21401EFF024F0011323F4A0432B434DD004F17F43A7
S21401F0002B433CD0610129D5FB69996FCA0525D5EB
S21401F01021F4807193F87C20996707E0002015F0B1
S21401F020E9FCFFF735FFFB6993F87C20082A04BF4B
S21401F030022283F87C2020462946F4F7E5F8F8BD3D
S21401F040FFF726FFFB6993F87C20022AEED140F6F3
S21401F0500201986F814318BF012229E01FF025F8AD
S21401F06064220646FB69082083F87E20FFF776FFB8
S21401F07030461FF015F8D6E715F0BDFCD3E7FA6960
S21401F0805120B2F86E300133A2F86E3008F08AFDD6
S21401F090012015F0AFFCC6E7FB6993F87C20012A36
S21401F0A0C9D040F60202996F8A4314BF0122022298
S21401F0B0552083F87C2008F075FDB4E7E84B002066
S21401F0C00150010007B54FF480730022CDE90023FB
S21401F0D0034908691BF038F903B05DF804FB00BF6B
S21401F0E0E84B002038B5044605F01AFEFF21094B0F
S21401F0F005461A68537A127A13FB04F3B3FBF1F34D
S21401F100054C1344237005F0B9FCEB686060A360FE
S21401F110204638BD045A002004530020CB0507B50D
S21401F1200CD5084B002218690DF107011AF0EBFF08
S21401F13010B99DF807300BB1FFF71CFF03B05DF85F
S21401F14004FB00BFE84B002030B50C460021054605
S21401F15085B009480091006903AB0DF10E02F4F782
S21401F16054F815B1BDF80E302B8014B1BDF80C3033
S21401F170238005B030BD00BFE84B002013B5044620
S21401F1800DF106010020FFF7DFFFBDF90600074B72
S21401F190C828A8BFC820A042A8BF2046B3F90220AD
S21401F1A09042B8BF1046188002B010BDD062002051
S21401F1B070B586B0ADF80C20ADF80E304FF0C81221
S21401F1C04FF08213ADF80800ADF80A1000200DF1DB
S21401F1D00601CDE90423FFF7B7FF02A80422034680
S21401F1E0BDF9066004ACB0F9001034F9025BB14217
S21401F1F0A8BF3146A942A8BF2946013A12F0FF022C
S21401F20020F8021BEFD103CB024A5060916006B092
S21401F21070BD00BFD062002013B5044600210DF179
S21401F2200600FFF791FFBDF90600084A084B904219
S21401F230B8BF1046A042B8BF2046B3F9002090429E
S21401F240A8BF1046588002B010BD00BFD4FEFFFF15
S21401F250D062002010B500240C4B00211869F4F789
S21401F2608DF80B49881C0C604C608C60FFF76CFFB6
S21401F270C820FFF783FF0748FFF7CEFF6423184631
S21401F2801A461946FFF794FF204610BDE84B0020AA
S21401F290D0620020D4FEFFFF084B10B5B3F9004042
S21401F2A030B903EB4103B3F902309C42A8BF1C46B8
S21401F2B0A242A8BF2246104610BD00BFD062002061
S21401F2C00346044AB2F902001BB1034B1B8BC01A5A
S21401F2D000B27047D0620020E84B0020034BB3F920
S21401F2E000309842A8BF1846704700BFD062002081
S21401F2F0C82806DC034B1A8B801A01B218690BF07A
S21401F30063BC7047E84B00208BB200294FF00A011E
S21401F310B4BF053B05331BB293FBF1F3014A1083DF
S21401F32053837047E84B0020024B5B8BC01A40B2F8
S21401F330704700BFE84B0020024B1B8BC01A00B27F
S21401F340704700BFE84B00200022044BDB691A60BF
S21401F3505A629A64A3F86C20704700BFE84B0020FD
S21401F36007B50A490A4AD1E90203024343F02003DA
S21401F370C1E90223CDE900234FF0FF324FF0FF33FE
S21401F38008691AF0E1FF03B05DF804FBE84B0020C2
S21401F3900DD5015507B5019001A81CF032F8084BB0
S21401F3A01A680AB95A683AB1D3F870349B0703D47D
S21401F3B04FF48060E5F782FD03B05DF804FB00BF03
S21401F3C0105300200022014B1A707047066300207C
S21401F3D0024A1378013B1370704700BF0663002092
S21401F3E0024B1A7810441870704700BF066300205D
S21401F3F0044B1878044B1B78984234BF0020012038
S21401F400704700BF06630020BE78002070B5014635
S21401F41015F071FB044608B9002070BD194E8D7BAE
S21401F420307805F02005012820D0032821D018B116
S21401F4300024ADB9357013E03DB9FFF7D9FFE0B14F
S21401F4400846FFF7A7FF0120E7E701223270FFF722
S21401F450CFFF044630B1032308463370FFF79AFF07
S21401F4602046DAE71046FFF7BBFFF9E7FFF7B8FFDC
S21401F470DEE70846FFF78EFFDBE70120FFF7B0FF68
S21401F480CAE700BF05630020014B1870704700BF34
S21401F490BE780020064BD3F8080400B970474379BC
S21401F4A0DB0703D5C27983799A42F7D00068F4E77F
S21401F4B010530020F8B500241EF000FE154BD3F8BB
S21401F4C00834621C4BB9E4B2B4FA84F61EF0F1FDBE
S21401F4D0114F76091A2C03D9F8BD14461B68F0E7BC
S21401F4E0002015F061FB05460028F5D01EB14379D2
S21401F4F043F0010343711EF0E1FD064629463846F6
S21401F5001BF0E2FF013430461EF0D3FD0026E4B2C4
S21401F510E0E700BF105300201857002010B5064C36
S21401F52020461BF06EFF201D1BF06BFF04F581606B
S21401F530BDE810401BF065BF1053002030B50546EE
S21401F5400A46064B0068696803F2544403C410680F
S21401F550516803F25C4303C330BD00BF1053002063
S21401F5601FB56B460B4A1068516803C303C3684650
S21401F57002A9FFF7E3FF084B084AC3F8642440F2E8
S21401F5807262A3F86824002283F86C2405B05DF843
S21401F59004FB00BF7CF60300105300201B0048014B
S21401F5A010B583790C33C15CC4184B1EDBB23F2BFC
S21401F5B01BD80F4A02EBD30090F8540403F007035C
S21401F5C0D84010F001000FD03E290ED1A378013BA0
S21401F5D0DBB23F2B09D802EBD30292F85C0403F0AE
S21401F5E00703D84000F0010010BD0120FCE700BF72
S21401F5F01053002038B51EF061FD094D044628461B
S21401F6001BF0FFFE281D1BF0FCFEFFF7A9FF0022E2
S21401F610044B20461A70BDE838401EF04ABD00BFB4
S21401F62010530020066300202DE9F04105460068CE
S21401F6302B4C43794FF0000813F0020F14BF042738
S21401F640022715F0DBFA002818BF05271EF036FD45
S21401F65094F86D34013384F86D341EF02AFD286861
S21401F66015F099FA28681BF024FF002306464FF48C
S21401F6708062296804F109001BF0B9FE864215D0A4
S21401F68028461BF0BEFEC5F800801EF017FDD4F814
S21401F690703423F00203C4F8703494F86D34013BDF
S21401F6A084F86D341EF005FD052016E02846013667
S21401F6B036B227721BF0A5FE0120C5F8008015F0B2
S21401F6C09CFA314604F1080015F05EFA314604F161
S21401F6D00800E6F792FC0028D7D1BDE8F08100BF0C
S21401F6E0105300202DE9F84F0C4690461FFA81F979
S21401F6F0824605F04BFC1EF0E1FC0646042015F0A0
S21401F70045FA604FBAF1000F1AD130461EF0D1FC0F
S21401F7106FF00100D7F80C24002A00F08980134608
S21401F72000245979DC8021F00B0159711B68002BEC
S21401F730F7D1517941F001015171C7F80C3477E0E6
S21401F740002CE2DD40F202739C42DEDCD7F80C446A
S21401F750002C40F08180FFF79DFE0446002869D00A
S21401F760C7F80C04637943F008036371E579C5F1C2
S21401F770450515F0FF050BD1637965F3C303637186
S21401F7802468002C5FD04525637943F00803637134
S21401F7904D4528BF4D4651462A4620461BF014FECD
S21401F7A0854250D1AA44A9EB05051FFA85F9B9F19E
S21401F7B0000FDBD1D7F80CA4B8F1000F5ED09AF891
S21401F7C0065050460AEB050393F80CB00135EDB22E
S21401F7D08AF80650CAF808B01BF06BFE0C35BBF170
S21401F7E0020F55443CD0BBF1050F40D0BBF1010FD1
S21401F7F08BD1AB780338834287D19AF8053068F30A
S21401F80041038AF8053063796FF3C3036371236894
S21401F8101BB15A7942F001025A7100234FF48060FD
S21401F820C7F80C34E5F74AFB30461EF042FC0020D0
S21401F830BDE8F88FFFF73EFEFFF72CFE0446C7F83B
S21401F8400C0400288ED130461EF033FC4FF0FF30FA
S21401F85060E72468002CF6D063791B07F9D585E7A5
S21401F8606B88043883427FF450AFC846C5E7EA7810
S21401F870AB7802F03F0243EA0223F2E750461BF060
S21401F88018FED1E71053002008B51EF017FC054AF4
S21401F890D2F8703423F00203C2F87034BDE8084091
S21401F8A01EF007BC1053002070B506461EF006FC7D
S21401F8B0114C054694F86D34013B84F86D34D4F848
S21401F8C07034DB0601D5E5F7C4FA23680BB9606826
S21401F8D078B14FF48060E5F7F1FA2EB9D4F87034B8
S21401F8E023F00203C4F870342846BDE870401EF0C9
S21401F8F0E0BB15F082F9F0E71053002010B51EF0BA
S21401F900DDFB0A4B0446D3F8702422F00202C3F84A
S21401F91070241A680AB95B681BB14FF48060E5F77A
S21401F920CDFA2046BDE810401EF0C3BB10530020A0
S21401F93070B504461EF0C2FB05462046FFF766FD7D
S21401F94020B12846BDE870401EF0B3BB084E2146E4
S21401F95030461BF0B9FD204615F017F9D6F870347D
S21401F9609B07EED44FF48060E5F7A8FAE9E700BFFD
S21401F97010530020002337B501931EF09FFB1A4C4D
S21401F9800546D4F870349B0717D4201D1BF043FDA1
S21401F990019060B1D4F87034284643F00203C4F8ED
S21401F9A070341EF086FB019BB3B903B030BD204610
S21401F9B01BF031FD019040B928461EF07AFB0198F4
S21401F9C00028F2D000F0E0FA09E0D4F8703443F0F1
S21401F9D00203C4F87034EFE701A8FFF725FE0028FC
S21401F9E0E3D0FFF78BFFE0E71053002073B5164C0A
S21401F9F004F58166D4F808343BB1D4F80C2493425C
S21401FA0003D0DA799B799A4204D102B0BDE87040FE
S21401FA10FFF750BD1EF052FB054630461BF0FBFCBF
S21401FA20019028461EF045FB019843799B0702D4B6
S21401FA3002F098FADEE701A800F046FB01980028DC
S21401FA40D8D015F0EFF8D5E71053002008B500F030
S21401FA5081FC40F274420021054814F086FA15F044
S21401FA60AEF8FFF77DFDBDE80840FFF7ABBC00BF71
S21401FA7010530020094A034692F85B14C1F3401064
S21401FA8089060AD5013BC3F3C4010A4492F85C0413
S21401FA9003F00703D84000F0010070471053002020
S21401FAA02DE9F04F8B4600214FF00109074600680B
S21401FAB089B08279CDE903110C3205919BF80110CA
S21401FAC0DFF8D08102440A449BF806409678D8F8BD
S21401FAD070249BF8025009FA04F41440029006EAD6
S21401FAE0050A15D002A81BF08CFC9BF80420524591
S21401FAF009D09BF8063009FA03F9D8F8703423EADE
S21401FB000903C8F870340524204609B0BDE8F08F13
S21401FB109BF800901BF0CDFC9BF80010C9F1FF0983
S21401FB20023101EB09029042EED902A81BF012FE47
S21401FB3026EA050676B2069000286AD0FF254FFA17
S21401FB408AF30093029A02BB039B03923B60042450
S21401FB503A6893790C33D118D35C3E2B05D18B7858
S21401FB600D2B02D12846FFF73BFC06A81BF049FCEB
S21401FB7002A81BF046FC03A81BF043FC04A81BF0DC
S21401FB8040FC05A81BF03DFCBEE7494602A81BF059
S21401FB90E1FD049000283CD0022106981BF0FEFDF2
S21401FBA00590002835D0029A90F805C0B2FA82F284
S21401FBB05209D2002CF0090C42F0010242EA0C0272
S21401FBC04271049A0260827904940C3202440192D2
S21401FBD01BF06FFC019A0238C0B250709BF80310FC
S21401FBE09BF800C01144A0EB0C008870029971B11B
S21401FBF09BF904109BF8010031430244917003A85D
S21401FC00059901351BF060FCEDB205949AE7009961
S21401FC10F0E701219BF80600D8F8702481400A42DB
S21401FC2034D19BF80400504504BF0A43C8F8702439
S21401FC30069A07923ABB02990292079107981BF01F
S21401FC4038FC9BF800200025811A023907A81BF012
S21401FC507BFC079884790C3404441BF02AFC023898
S21401FC60C0B260709BF803209BF800102244401A33
S21401FC7090709BF801209BF8053014443343A37021
S21401FC80079B3B6063E700220692D7E70025052421
S21401FC905EE700BF1053002037B5837901900C331F
S21401FCA0C4180123E370A388103B0B2B6FD8DFE841
S21401FCB003F0066E75736E366E6E6E6E6C6C032593
S21401FCC063780E3B637002230199A3708879CA7921
S21401FCD0344B121A0C300144D2B2184614F064FBAD
S21401FCE025718279A0F214456271D0F8072000F1DF
S21401FCF01C01C4F80620B0F80B206281C27E04F114
S21401FD000D00227314F050FB95F82F341C4495F81F
S21401FD1025346373019AD3790E3BD37132E003F035
S21401FD205BFF00283CD0019C1E4DA179E279284654
S21401FD30521A0C31D2B2214414F036FB1221A279A8
S21401FD400C32A31859703E21A1540B229A7001223D
S21401FD50DA701A71AA795A71D5F80720C3F8062005
S21401FD60B5F80B205A812A7D1A73D5F81520C3F8E9
S21401FD700D20B5F81920A3F811206A7CDA74E3790E
S21401FD80083BE371002003B030BD042598E701A8C5
S21401FD901BF037FB0520F6E7002591E702258FE7E4
S21401FDA001258DE72457002070B505680646AB7916
S21401FDB00C33EC18EB5C0C2B26D03E2B36D0012BEB
S21401FDC016D142F23002B4F80330934213D042F215
S21401FDD0420293420CD1694AD2F81034990507D5EC
S21401FDE023F40073C2F810340C23E370202323712C
S21401FDF00024204670BD237A03F003032372637A3E
S21401FE0003F003036372F3E75C4ED6F81034DA05A9
S21401FE100AD4284613F0E0FA0124D6F8103423F465
S21401FE208073C6F81034E4E70024F6E7A378292B9C
S21401FE30DED8232B0FD80D2B3ED01FD8042B2BD06A
S21401FE400C2BD5D1A37903F00303A371E37903F057
S21401FE500303E371CCE7243B052BC9D801A252F872
S21401FE6023F000BF61FF010023FF010045FF0100F1
S21401FE70F1FD0100F1FD0100DDFE0100142BB7D1FB
S21401FE80AB68012BB4D13D4B93F86C44012CAFD138
S21401FE90284613F0A1FAACE7384ED6F810341B0604
S21401FEA008D4284613F098FA0124D6F8103423F023
S21401FEB08003B6E70024F8E70123304A0B7092F876
S21401FEC06C249A4204D12846BDE87040FFF7E4BE90
S21401FED02B49E370BDE87040FFF7E2BD2920FFF72C
S21401FEE0C9FD002884D10A20FFF7C4FDEA796378AA
S21401FEF0033AD2B2EA7120B1033B63700A23A370BE
S21401FF0076E7D4F81A200F3BC4F80E20E28B628203
S21401FF1094F820202275EA790C3AEA71637001237D
S21401FF20EDE72520FFF7A6FD48B9284614F096FE12
S21401FF300822144B1A7006225A700722DA703046CD
S21401FF401049C7E72620FFF795FD00287FF450AF3C
S21401FF50EB79043BEB716378043B63701823CEE7BF
S21401FF602420FFF787FD00287FF442AFEB79043B9E
S21401FF70EB716378043B63700E23C0E710530020D7
S21401FF8072F80300BF780020002330B5427985B0AF
S21401FF9092078DF80F300190034605D414F018FE31
S21401FFA00446204605B030BD82790C328118805C4B
S21401FFB0FF2807D188780D2804D13E249C540122BD
S21401FFC08870CA70184614F063FE012816D00DF129
S21401FFD00F0101A8FFF7E8FE0446A0B1042830D1BE
S21401FFE00198FFF7DDFAA8B901A81BF00AFA9DF8F7
S21401FFF00F3033B10124FFF7EBF9D2E701A81BF06C
S21402000000FA0124CDE70198FFF7CAFA0028EBD0E0
S214020010019813E0019C002120461BF0C6FA1EF050
S2140200204DF8214605460B481BF05DFA09481BF0C1
S214020030F2F9044628461EF03CF8204614F0C8FDA5
S21402004004469DF80F30002BABD0052CD3D0012CE4
S214020050A7D1CFE71053002038B51A4A044692F8C3
S2140200606C341BB982F86C14012017E08B42FBD06B
S21402007083790C33C15AC21842F20D03994208D052
S214020080A1F50153033B012B03D942F285039942A2
S21402009005D10C22204615F0D2FB002038BD42F2D4
S2140200A08603994208D1D57801230C2214F0FCFD70
S2140200B0A3791C44A574F0E700230C2214F0F4FD87
S2140200C0EBE700BF1053002038B504460F4B1D68FF
S2140200D08DB920682B46817901220144898914F062
S2140200E0E3FD206880B1FFF75BFA68B92046BDE8F9
S2140200F038401BF086B920466B6898470028F0D136
S214020100002CEED02D68E3E738BD00BF84570020F0
S21402011008B50A490A4800F015F9E4F7A5FE0128D1
S21402012007D1022014F040FD002240F6034115F0EC
S214020130A6FBBDE80840E4F7B9BE00BF45010200D1
S2140201408857002070B504680546A3798AB00C3338
S214020150E618E35AA3F57C43073B2F2B00F2BC803C
S214020160DFE803F05465BABABABABABABA35576211
S21402017018295AA8A231BABA2DBABABABA393F421F
S21402018045485D689399969CBA4BBA4E519FA5AB6B
S214020190AEB1B4B7F57845B91122002529462046F6
S2140201A014F02BFE01200AB070BD14F024FD0028C6
S2140201B0F2D00022F2E7204614F02BFEF2E72046A9
S2140201C014F04AFEEEE7204614F062FEEAE7204606
S2140201D014F017FDE7E700224049204614F076FDAA
S2140201E0E0E700223E49F8E700223E49F5E7002212
S2140201F03D49F2E700223D49EFE700223C49ECE7A1
S21402020000223C49E9E700223B49E6E700223B4957
S214020210E3E700223A49E0E700223A49DDE71BF02D
S214020220F0F8E4F705FEBDE700223749D5E70022DD
S2140202303649D2E702A8019416F08CFBD6F80330B2
S21402024001A802931BF0DDF8E4F7F2FD02A8E8F736
S214020250A7F900284FF001000CBF00241F241BF052
S214020260F8F9019070B1224604234FF6264115F0A4
S214020270B5FA019C0020A2790C32144413F048F817
S214020280C4F80600019B2B608CE700222049A4E7F5
S21402029000222049A1E700221F499EE700221F49AB
S2140202A09BE700221E4998E700221E4995E7002296
S2140202B01D4992E700221D498FE700221C498CE760
S2140202C000221C4989E700221B4986E700221B49B7
S2140202D083E700221A4980E7002064E7212702000C
S2140202E0492702007127020099270200C12702004F
S2140202F0C94D0300995F0300634B030059230200B4
S214020300A12202005B4B0300E9220200392302000D
S214020310E92702009121020011280200178B030030
S2140203209B8B0300C52602005D8B0300614B030016
S2140203306D6203006D280200AD62030039280200D8
S214020340EF4D0300024B1A68C0E90021186070479F
S214020350845700200022044B1B6803B970471968B3
S2140203605A601A600B46F8E784570020F0B5046816
S21402037085B0A37923449B89B3F5015F3AD842F24C
S21402038034029342A3F5005305D8063B9AB2042AD8
S21402039020D900205EE0353B0B2BFAD801A252F89A
S2140203A023F000BFFF060200AF060200C3060200EB
S2140203B0D7060200EB060200930302002D07020096
S2140203C0590402003F040200190402001907020041
S2140203D005070200042BDCD801A252F823F000BF66
S2140203E07D04020093030200C90502003D060200D6
S2140203F06B0502004FF60A4293423CD014D84FF6E1
S2140204000942934234D042F27F02934200F04F8177
S21402041042F286029342BCD102212046FFF71CFE1E
S214020420B8B10022CC4911E04FF6194293421CD0D3
S2140204304FF61A429342ACD10022C84906E0022186
S2140204402046FFF709FE20B10022C549204614F0D7
S2140204503DFC012005B0F0BD02212046FFF7FCFD61
S2140204600028F6D00022BF49F0E70022BE49EDE799
S2140204700022BE49EAE70922BD49E7E701212046F4
S214020480FFF7EAFD0028E4D0A779BA4A0C37E51947
S21402049005F1030C634605F10B0E164618685968FB
S2140204A0083303C673453246F7D11868B24A30603D
S2140204B099889B791068B1805168B37101AB03C308
S2140204C0128900261A8036231922E3552027604611
S2140204D03146AA706F7013F048FDFE23EB70A74BEF
S2140204E004A9B3F814242E72AA71120AEA71B3F898
S2140204F01624EE726A72120AAA7293F8182420461A
S21402050001EB420232F80C2C2946AA80A3F86A2490
S21402051093F819246A7393F81A24AA73D3F81B243F
S214020520C5F80F20B3F81F24A5F8132093F821244A
S2140205302A7393F82234EE766B757F23AB7501230C
S214020540EB7514F0A7FB324620468D4914F0BEFB2D
S2140205500622A3790C332344DA705A781F71013AC3
S2140205605A70E379013BE37173E701212046FFF7F6
S21402057073FD00283FF46DAF3922A37900250C33B2
S214020580E118E25401230B717C4B2026B3F86A343F
S2140205902046A3F11D0253425341DB01FE228B711A
S2140205A007234A718B704E70CD710D724D7214F026
S2140205B071FB2A462046734914F088FB0A22A37967
S2140205C02344DA731E7444E701212046FFF744FDF4
S2140205D000283FF43EAF002120461AF0E6FFA1793C
S2140205E0E3790C312144CD781F3B2B442A46E37134
S2140205F00431604813F0D8FE372222732A1DA273F4
S214020600FE220023E27320260322A3716374594953
S214020610227466732A46A57404F1130013F0C4FE0E
S214020620204604F10C0114F035FB072220465649F9
S21402063014F04CFBA37908222344C2E7012120468A
S214020640FFF70AFD00283FF404AF002120461AF007
S214020650ACFFA179E3790C312144CD781F3B2B44C2
S2140206602A46E3710431434813F09EFE0023A37129
S214020670382323732B1DA373FE232026E373032341
S2140206802A4623743B496673A57404F1130013F0DB
S2140206908BFE204604F10C0114F0FCFA07222046D9
S2140206A03A4914F013FBA3790922234489E702216D
S2140206B02046FFF7D1FC00283FF4CBAE002230499B
S2140206C0C4E602212046FFF7C7FC00283FF4C1AE6D
S2140206D007222D49BAE602212046FFF7BDFC002874
S2140206E03FF4B7AE07222949B0E602212046FFF7BB
S2140206F0B3FC00283FF4ADAE00222249A6E6002253
S2140207002349A3E602212046FFF7A6FC00283FF471
S214020710A0AE00221F4999E602212046FFF79CFC64
S21402072000283FF496AE06221B498FE60221204699
S214020730FFF792FC00283FF48CAE204601230022ED
S21402074042F23B0114F0B0FAA3790C331C4404F0D5
S21402075093FCA0717DE600BF0F5D0300DF5C030023
S214020760575B0300735B0300AF5C0300C55E0300C8
S2140207700B600300245700207AF803001053002071
S21402078019290200375C03009F5B0300EB5B030042
S2140207901F5B03002B5E0300835E030001490248D1
S2140207A0FFF7D0BD6D0302009057002042F22402EC
S2140207B030B5046885B0A3790C33E018E35A934247
S2140207C04CD842F20C0293420FD840F21D4293429A
S2140207D000F0B78041F20542934200F0BC8040F23E
S2140207E0064293426DD0002063E0A3F500530D3B12
S2140207F0172BF8D801A252F823F000BFE708020030
S214020800E1080200E7070200E7070200E707020026
S214020810E7070200DB080200C9080200AF0902006F
S2140208202F0902005D09020093090200A7080200D0
S214020830BD080200B7080200E7070200E707020049
S214020840E7070200E7070200E7070200E7070200E1
S21402085009090200E70702000F0902004FF60442E8
S214020860934234D014D842F27A02934200F0A28025
S21402087042F2850293423FD042F243029342B2D101
S21402088002212046FFF7E8FB90B10D224B490CE00F
S2140208904FF6054293421DD04FF606429342A2D12E
S2140208A00022474901E000224649204614F00EFA8B
S2140208B0012005B030BD00224349F6E70022434935
S2140208C0F3E700224249F0E700224249EDE7002220
S2140208D04149EAE700224149E7E700224049E4E7C6
S2140208E000224049E1E701212046FFF7B5FB002838
S2140208F0DED000223C49D8E702212046FFF7ACFBB7
S2140209000028D5D00F22C1E700223849CDE7017969
S214020910C378374A43EA0123A2F8643481794379DB
S21402092043EA0123A2F8663432490022BDE7304A80
S2140209303149D2F8103443F08003C2F81034002252
S214020940B3E72B4A2D49D2F8103443F48073C2F829
S21402095010340022A9E700222949A6E7C21C6946EC
S214020960133014F048FA1023002242F217012046F0
S21402097014F09AF96A46E37904AD2344043B14461C
S21402098003CCAC4218605960224603F10803F6D144
S2140209908EE720460823002242F2180114F084F95A
S2140209A0A07908212044123002F092FA80E7002251
S2140209B014497AE70022144977E700BFEF8703005D
S2140209C0198603003F84030095840300D184030044
S2140209D0178503004D8503009F850300E18503000C
S2140209E051860300C5860300F5860300E9890300E5
S2140209F010530020418A03006F8A03009F8A030077
S214020A00CF8A0300D98E0300698F0300014902488A
S214020A10FFF798BCAD07020098570020014B1870EC
S214020A20704700BF0763002001490248FFF78ABCEF
S214020A30910A0200A0570020002210B5134904466E
S214020A4014F044F90E2363730523A37363790A2211
S214020A5023F0030343F00303637140F60103E380CC
S214020A6094F91430002BB8BF5B429BB2B3FBF2F38F
S214020A7003EB83035B00E37407232374202363746E
S214020A800123E3730023A37410BD00BF49260200AE
S214020A9042F28401F0B504680646A279B3B00C327D
S214020AA0A35AA5188B4214D8B3F5005F13D841F2A7
S214020AB0090293420DD8B3F5805F00F21D8140F61D
S214020AC00142934200F04A8140F60342934200F00C
S214020AD02F8100203CE1A3F50053013B832BF8D87D
S214020AE001A151F823F000BFC90D0200DF0D02007C
S214020AF06D0F0200D30A02003B0F0200D30A020067
S214020B004F0F0200D30A0200D30A0200D30A0200E1
S214020B10DD0F02007D100200D30A0200D30A020093
S214020B208D11020093110200991102009F1102001A
S214020B30D30A0200D30A0200D30A0200D30A020032
S214020B40D30A0200D30A0200D30A0200D30A020022
S214020B50D30A0200470F0200A5110200DB110200B1
S214020B60D5100200D30A0200D30A0200D30A0200FA
S214020B70A3120200D30A0200D30A0200D30A02001A
S214020B80D30A0200D30A0200D30A0200D30A0200E2
S214020B90D30A0200D30A0200D30A0200D30A0200D2
S214020BA0650F0200D30A0200D30A0200D30A02002B
S214020BB00D1202003F120200D30A0200D30A0200FC
S214020BC0D30A0200D30A0200D30A0200C7120200A6
S214020BD0D30A0200D30A0200D30A0200D30A020092
S214020BE0D30A0200D30A0200F10F0200C11002006B
S214020BF0D30A0200EF1002000311020017110200CE
S214020C002B1102003F11020053110200671102006D
S214020C107B1102008111020087110200D30A020032
S214020C20CB0F020071120200F1120200031302003F
S214020C301B130200F7120200FD1202000913020043
S214020C400F13020015130200DB100200D30A020083
S214020C50D30A0200D30A0200D30A0200D30A020011
S214020C60D30A0200D30A0200D30A0200D30A020001
S214020C70D30A0200D30A0200D30A0200D30A0200F1
S214020C80D30A0200D30A0200D30A0200D30A0200E1
S214020C90D30A0200D30A0200D30A0200D30A0200D1
S214020CA0D30A0200D30A0200D30A0200D30A0200C1
S214020CB0D30A020021130200D30A020027130200FD
S214020CC02D130200D30A0200D30A0200D30A02003E
S214020CD0D10F0200D30A0200D30A0200D30A02008E
S214020CE0D30A0200D30A0200D30A02003313020018
S214020CF0391302003F130200A3F58053013B082B71
S214020D003FF6E7AE01A252F823F000BF990F0200A9
S214020D10050E0200170F0200D30A0200D30A0200D1
S214020D20D30A0200D30A0200D30A0200D70F020037
S214020D300120E4F791F814F0F7F858B10022B1490F
S214020D40306813F0C3FFFEF755FCE4F7AFF8012056
S214020D5033B0F0BD30461AF054FBF8E71FAA164629
S214020D60A94B03F1080C174618685968083303C7DD
S214020D7063453A46F7D1186899889B793860B980F6
S214020D80BB71D5F80300D5F80710A04A012703C2A5
S214020D9031460020A2F25C4211F8013B013002EB20
S214020DA0D30595F8546403F0070307FA03F33343B5
S214020DB00F2885F85434EFD1002340F601411A4635
S214020DC0204613F071FFC2E7D5F80710904BD5F80E
S214020DD0030003C3002342F201011A46F0E703238D
S214020DE0002242F20201204613F05EFF6FF0040278
S214020DF0A3790C3323449A710022DA71854A127859
S214020E001A72A4E702AA1546834B019403F1300630
S214020E10144618685968083303C4B3422246F7D109
S214020E2018687E4B206020937D4B002421937D4BD7
S214020E303C2222937C4B214623937C4B10A824937E
S214020E407B4B1F9525937B4B0F9426937A4B4FF63D
S214020E50FF772793794B2893794B2993794B2A93DB
S214020E60794B2B93794B2C93794B2D93794B2E936D
S214020E70794B2F93794B3093794B319313F075F866
S214020E801FA805464FF0010C002150F8046B0DE038
S214020E90C3F3C702C8326A4412F88CEC03F00703A5
S214020EA00CFA03F343EA0E0302F88C3CCBB236F894
S214020EB013300131BB42EBD10134E4B2132CE3D13F
S214020EC001201AF0C6FB044628B90346072241F25F
S214020ED00201019875E74023002241F202010198BF
S214020EE013F0E2FEE3790FAE4033E371A3792344B5
S214020EF00C33324603CAAA4218605960164603F1FA
S214020F000803F6D1019A2146D37901A8403BD37152
S214020F101AF0DAFA1BE70823002241F20301204600
S214020F2013F0C2FE0022A3790C332344C3F80A202E
S214020F30C3F8062060229A7209E700224949204631
S214020F4013F0C4FE03E7204613F0A8FFFFE60121D4
S214020F502046FFF781F800283FF4F9AE2046FFF757
S214020F606BFDF4E6204613F0B5FFF0E620460823B4
S214020F70002242F2030113F097FEA3790C331C44BD
S214020F800023C4F80630C4F80A3006F0B5FFC4F8E9
S214020F900600C4F80A10DAE60823002241F201012C
S214020FA0204613F081FE0622A3790F200C33234439
S214020FB01A725A734FF0FF3260219A7202229871A7
S214020FC0D97158721973DA72C1E600222649B6E759
S214020FD000222649B3E700222549B0E70121204630
S214020FE0FFF73AF800283FF4B2AE00222149A6E7FE
S214020FF002212046FFF730F800283FF4A8AE002270
S2140210001D499CE7951E020086F8030064570020DF
S2140210106C57002007630020ACF80300C0F90300F9
S21402102026F90300AAF803000EFA03004EF903009D
S214021030A8F80300A6F80300A4F803001AF90300B0
S21402104020F90300A2F80300A0F803009EF80300AC
S2140210509CF803009AF8030098F8030008F90300C6
S21402106096F80300A51F02005D600300152B020020
S214021070412002006D2502000525020001212046BE
S214021080FEF7EAFF00283FF462AE4222A37900256B
S2140210900C33E118E25420234B7006234D718B70FB
S2140210A08D71CD710D72204613F0F4FDA54AA64946
S2140210B0D2F8103443F40073C2F810342A463EE7DE
S2140210C002212046FEF7C8FF00283FF440AE002269
S2140210D09E4934E700229E4931E702212046FEF768
S2140210E0BBFF00283FF433AE00229A4927E70221CD
S2140210F02046FEF7B1FF00283FF429AE00229649AB
S2140211001DE702212046FEF7A7FF00283FF41FAE88
S2140211100022924913E702212046FEF79DFF00288F
S2140211203FF415AE00228E4909E702212046FEF75B
S21402113093FF00283FF40BAE00228A49FFE6022105
S2140211402046FEF789FF00283FF401AE00228649BA
S214021150F5E602212046FEF77FFF00283FF4F7ADB2
S21402116000228249EBE602212046FEF775FF0028A0
S2140211703FF4EDAD00227E49E1E600227D49DEE63F
S21402118000227D49DBE600227C49D8E600227C4923
S214021190D5E600227B49D2E600227B49CFE6002232
S2140211A07A49CCE64F232026A354794906222046C4
S2140211B06E701AF009F9AB7829460633AB702046F2
S2140211C013F068FD00222046724913F07FFD1D22AF
S2140211D0A3792344DA731E74B9E57B232026A3542D
S2140211E06D49052220466E701AF0EEF8AB78294655
S2140211F00533AB70204613F04DFD002220466749AA
S21402120013F064FDA3791E222344E3E74F2320262E
S214021210A3546349042220466E701AF0D5F8AB78C0
S21402122029460433AB70204613F034FD00222046D4
S214021230584913F04BFDA37933222344CAE77B2394
S2140212402026A3545749042220466E701AF0BCF892
S214021250AB7829460433AB70204613F01BFD002200
S21402126020464E4913F032FDA37934222344B1E7D7
S2140212707B232026A3544C49012220466E701AF086
S214021280A3F8AB7829460133AB70204613F002FD73
S21402129000222046414913F019FDA3795022234427
S2140212A098E70423002242F22301204613F0FCFCB6
S2140212B0A379244A0C33B2F86414B2F866242344A1
S2140212C0D9801A8143E502212046FEF7C5FE002892
S2140212D03FF43DAD0223002242F23A01204613F0CB
S2140212E0E3FC184AA379B2F8682423445A822EE50E
S2140212F000222E4923E600222D4920E600222D490F
S2140213001DE600222C491AE600222C4917E6002286
S2140213102B4914E600222B4911E600222A490EE642
S21402132000222A490BE60022294908E6002229491A
S21402133005E60522284902E605222849FFE5082295
S2140213402749FCE51053002011260200D52502008D
S214021350C7600300D9200200112102007121020099
S21402136079220200DD210200092202003522020053
S214021370552202004926020065200200A92002002A
S214021380455A0300675A0300895A0300C15A0300EC
S214021390E0F803005D600300E7F80300152B020087
S2140213A0EDF80300F2F8030084F803004F4B030045
S2140213B0514B0300534B0300554B0300574B03009E
S2140213C0594B03005D4B03005F4B03009926020056
S2140213D08D260200C5590300BF5F0300155A03009D
S2140213E0195A030042F2310208B5006883790344B1
S2140213F09B8993420DD042F2320293420CD042F2C3
S214021400300293420BD10022064913F05FFC012002
S21402141008BD00220449F8E700220449F5E7002047
S214021420F6E700BF012C02002F610300C161030032
S21402143001490248FEF786BFE5130200A8570020BE
S21402144070B505460C4CB0F85260237E216906F54D
S214021450FA7606FB1311A06800F0E6FB217E6B68A5
S214021460002006FB01316A7D16F042FEA068BDE848
S214021470704006F091BE00BF6859002038B5044699
S214021480104B0D461B68627DD87AA9B19B78104432
S214021490984200DCC3B22046A16A637513F050FD81
S2140214A020B1002194F8850014F02AF92946204636
S2140214B0BDE8384015F03CBDDB78121A9A42A8BF48
S2140214C0D3B2E8E7045A002070B5002490260C4DEB
S2140214D02B79A34200DC70BD2B6806FB043393F81D
S2140214E05920FF2A03D0986C18B113F0A1FD0134DD
S2140214F0EEE7586C0028FAD013F013FBF7E700BFAC
S214021500685900202DE9F74F164688469946054643
S21402151003F00EFF0446284603F0B4FD13F054FA17
S2140215200190304698F8007019F0C3FFDFF844B116
S2140215300021BBF91430C61A384600F057FB7B0769
S21402154048BF073026EAE6763318FF2BC4BF47F0BB
S2140215501007C0F1FC0617F0100A0CD013F0F5F9CC
S2140215602523B0FBF3F101FB13010020C9B200F002
S214021570F3FB85F88500B9F1000F01D095F850907D
S21402158000234A463946204613F0BFFE2946204627
S21402159014F021F82946204613F0E1FE2046019970
S2140215A013F006FF2946204613F047FFBAF1000F54
S2140215B045D0204695F8851095F8842000F0ECFA80
S2140215C02946204613F049FF40BBB5F9881020464D
S2140215D013F046FF2046019913F016FF29462046CF
S2140215E013F03BFF20B1A86C10B1214613F00AFDA0
S2140215F03146204613F048FFBAF1000F08D0FF210B
S21402160095F8840013F07CFF0146204600F00CFBA0
S214021610304688F8007003B0BDE8F08F6B68DBF8E0
S2140216201010E2791944A379A86CD21A0C3353FA33
S21402163082F2224498B9686C13F078FA11E02046D8
S21402164095F8751095F8742000F0A6FA29462046FB
S21402165013F003FF0028E1D1B5F97810B7E713F0CD
S214021660CFFCC1B2204619F0A3FEBAF1000FACD1EE
S214021670F2E700BF685900202DE9F34704468DF8CB
S21402168007101646002190F88520984690F8843078
S214021690B0F9540014F035F804F17C0501462846EA
S2140216A013F00BFA284616F00CFD002211461046DF
S2140216B013F097F99DF807506B0709D5204603F0FB
S2140216C0E1FC13F081F900210246042013F089F9A7
S2140216D003F02EFE25F010058146324620469DF880
S2140216E028300DF107018DF80750FFF70BFFDFF8E2
S2140216F058A00746AAF81600B8F1000F17D19DF8B1
S214021700075015F0100015D10C4B6168A361DAF88A
S2140217101030627D194416F0EBFC3B4631464846D3
S214021720BAF9142006F056FD02B0BDE8F087022092
S214021730034BEAE74046034BE7E700BF3552030098
S21402174055520300311902006859002073B5044649
S21402175090F8611013F02DFCB4F8502094F8613024
S214021760910703F0EF0505D1960601D4C10701D50E
S21402177003F0EE05606C50BBA06C002832D1204608
S21402178045F0080603F07EFC13F01EF948B1C37953
S2140217909B0606D5636C23B9838845F00C06013395
S2140217A0838000220121124B20469A82B4F85030E0
S2140217B0A26A13F0020F18BF002213F0030318BF29
S2140217C00B4600913146FFF757FF02B070BD13F08B
S2140217D0B3F90028D0D0B4F850309A07CFD145F0EC
S2140217E02005CCE713F0AAFB0028F4D1C7E700BF18
S2140217F06859002038B51D4904460B7E4A7E0133DF
S214021800DBB2B3EB921F0B7603D3032300200B76D7
S21402181038BD5B001A4102F00302253280F87520BB
S214021820B4F8505090F8743015F01001B0F9540026
S21402183016D113F066FF04F16C050146284613F034
S2140218403CF9284616F03DFC00221146104613F0DD
S214021850C8F894F87500002113F052FF0120D7E76C
S214021860024619460020FDF717FDE4E768590020F6
S21402187010B5037D044623F0080303750C4B836101
S214021880FFF7B8FF20B12046BDE81040FFF7D8BDED
S2140218902046A16A13F054FB20B12046BDE8104052
S2140218A0FFF754BF2046BDE810400121FFF7E6BD12
S2140218B04752030037B5044615F008FB28B1204608
S2140218C0A16A13F05FFB84F86100174D94F8580084
S2140218D015F05BF8B4F852306A7E03F5FA73920993
S2140218E05343204603F596732B61FFF783FF0F4B96
S2140218F094F86110A361237D204643F0010323750B
S21402190013F057FB01238DF80700002220460DF145
S2140219100701FFF7F7FD00222046AB681A6003B006
S214021920BDE83040FFF78CBD6859002047520300DF
S214021930512837B50C4620D1124DFF21AB8AEA8AD0
S21402194094F884001344AB8213F0DAFD2B6994F802
S214021950611003442B61B4F85030D4E90A0213F044
S214021960020F4FF0000308BF02460093204601F024
S2140219704801FFF781FE03B030BD03B0BDE830403A
S21402198013F02EBC6859002000232DE9F04387B0DF
S21402199004464FF0FF3105A80593FDF729FA059D89
S2140219A0002D00F09A80AB790C331D442B79D907B1
S2140219B040F19080EB7A252B00F28C80724FB4F8BF
S2140219C05020B96805F10A088B7982F010020C33B0
S2140219D04046C2F30012194416F0F4FA002879D1F0
S2140219E0266A95F80A9012F0D8FD06F0600680F096
S2140219F00103321EC9F3801905F10C0118BF01223A
S214021A004846DBB216F00EFC0146002854D0AB7AEC
S214021A1003F00F03032B38D1B4F850104046C1F33D
S214021A20400116F0E6FA03285ED0052852D1059E3C
S214021A30617DB37900200C331E44FCF7CBFD534B7B
S214021A40B868A361B17A06F10C038679256A064462
S214021A50367BC5F3400CC5F3C00215F4005518BF1B
S214021A6004F15B05C6F38016CDE901C5C1F380110A
S214021A70009613F0CDFD0023B868036006F08CFBD9
S214021A800598A063FDF7E4F975E0052B22D104F171
S214021A906202B4F850100192226A81F01003C2F377
S214021AA0800200924046C1F38002C3F3001301F0A5
S214021AB0010116F0A7FAB6E712F078FD50B9AB7A34
S214021AC003F00F03002EA5D0032B86F0600606D186
S214021AD0B206A1D405A819F094FC01204CE0052B0F
S214021AE0F8D1B609F6D0D2E703F022FC0923054660
S214021AF0617D00208DF81330FCF76CFD0123E26A4D
S214021B000DF113012046FFF7FDFCAA7903461544A2
S214021B10AA7BE16A6FF38712AA730022F882B8687A
S214021B20BA8206F057FB9DF81330194A13F0100FCD
S214021B30184B18BF13460598A361FDF789F9059A55
S214021B4093790C33D0180189C079D55816F03DFB2D
S214021B506368C3F196032B4403443B61236ADB06A6
S214021B600DD5059904F1400019F0AEFC4FF4003192
S214021B70204615F0D6F9002007B0BDE8F08305A888
S214021B8019F03FFCF7E700BF685900202D4F03000D
S214021B9031190200355203007FB50E461021054664
S214021BA0144613F0A5FBE0B10F4B18681B790290A0
S214021BB08DF80C300023ADF8043066F305038DF87B
S214021BC0043063180DEB03044FF0000314F8082CDE
S214021BD0284662F3471301A903228DF8063019F04E
S214021BE0F3FB04B070BD00BFFFF8030003460D4AC6
S214021BF082B01068009090889279ADF804008DF853
S214021C00062013B9481C02B070476A460220D9075C
S214021C1048BF117802F1010248BF40185B08F6D1AE
S214021C20F1E700BFF7F8030038B583790C460C33AA
S214021C30C518C35C03F00F03072B25D1AB789A06B1
S214021C4022D0E878C3061FD5012100F00F00FFF767
S214021C50CDFF0E4B02359C4295BF1E234FF4967362
S214021C600021012194BFB4FBF3F4B4FBF3F42B5C24
S214021C702A1861F3C7132B549378547023F01F036A
S214021C80C4F304242343937038BD00BFC3BF0300CC
S214021C904840704700EB0010084480B2704700BF0F
S214021CA090FAA0F000BA80B2704700BF044BD3F897
S214021CB0012002605B7903F01F030371704700BFC7
S214021CC008630020234B2DE9F041002914BF0C467F
S214021CD01C4600250646174613688AB0C4F801302B
S214021CE01379257063715FFA85F84146384613F01A
S214021CF0FAFC38B1237803F128026A44013302F869
S214021D00288C23700135252DEDD194F800803EB144
S214021D1042466946A01D12F047FB0AB0BDE8F081B4
S214021D20B8F1000FF9D00534F5B22946384613F05B
S214021D30DAFC40B9B5FBF8F308FB13550AAB53FAC5
S214021D4085F515F8285C0136252E04F8015FEBD1DF
S214021D50E3E700BF08630020034B002818BF0346D2
S214021D600B449879704700BF08630020F8B50D460B
S214021D7082EA124296B2314603462846FFF788FFA9
S214021D80FFF78EFFFFF786FFFFF78AFFFFF782FF58
S214021D90FFF786FFFFF77EFF0546FFF779FF164C33
S214021DA0002B14BF1F4627460446144B781CA3FB81
S214021DB00423E21A03EB52035B0903EBC30203EBB1
S214021DC08203E41AE4B2214613F08DFC40B93B7854
S214021DD06E40B6B206FB03F307EB1347B879F8BDBD
S214021DE07B1D2A3701E09F4204D013F8010F84427C
S214021DF0F9D1F4E72046F8BD086300204D91CFBA2A
S214021E00064A08B59268824207D0427922F0030257
S214021E1042F00302427112F005FF08BDB0570020DF
S214021E2008B5837901221844818904480023806812
S214021E3013F0D4FCBDE80840FFF7E2BFB05700201D
S214021E4010B5064C204619F0DCFA201D19F0D9FA16
S214021E5004F10800BDE8104019F0D3BAB0570020CC
S214021E6010B5022019F0F5FB034C6060022019F051
S214021E70F0FBA06010BD00BFB057002008B5FFF70A
S214021E80DFFF0022024BDA60BDE80840FFF7E8BF3A
S214021E90B057002010B506F049F8BDE81040002300
S214021EA003481A4640F60341806813F097BC00BF09
S214021EB0B057002038B50025074C2046E56019F0DB
S214021EC0A0FA606819F09DFA6368DD80A06819F0D0
S214021ED098FAA368DD8038BDB0570020014B5868D9
S214021EE0704700BFB0570020014B9868704700BF8C
S214021EF0B057002038B5104DEB681BB1EB68984719
S214021F000023EB602B688BB10B4819F084FA044669
S214021F1060B12B681BB14FF00040E2F7CFFF2046BE
S214021F2012F06CFE18B1204612F06AFE38BD20464A
S214021F3016F0FBFFFAE700BFB057002010B5084CBA
S214021F40E0604FF00040E2F7B9FF00BF00BF00BFFD
S214021F5000BFE3681BB1E36898470023E36010BD47
S214021F60B057002038B58379044603445B7B13F0F0
S214021F70300F437923F0030308BF43F00103437194
S214021F801CF09CF805462146054819F09DFA4FF0CC
S214021F900040E2F793FF2846BDE838401CF089B8B7
S214021FA0B05700202DE9F041244E00217468FE202F
S214021FB0A57903F099F9074601F0A6F850B141F267
S214021FC00C00C2B20023B06842F20501BDE8F0413F
S214021FD013F004BC01F0D8F80028F0D10C352C44DC
S214021FE0237AE51C9B09022BE9D0012B18D9237A08
S214021FF0A11C03F03F02073443F0C00311F8010F9F
S2140220008C4242EA000203EA0003F7D1002AD6D045
S214022010FF2BD4D057B9284615F002FF0020D0E790
S214022020294615F010FF0028E1D0C8E729463846B1
S21402203014F063FE0028EED0C3E700BFB0570020BE
S21402204008B5074B0022986841F20901062313F0EF
S214022050C5FBC37906331844BDE8084015F003BF34
S214022060B0570020002238B50E4B42F24C019D6854
S21402207004232846AC7913F0B1FB1046FDF75CF951
S2140220800C342C44E0800020FDF74EF9C0EB4033C0
S214022090C0EB8300400020812846BDE83840FFF7A9
S2140220A0AFBE00BFB057002010B50A4C63689A79DD
S2140220B00C321344B3F90510B3F90300FDF724F903
S2140220C00023A0681A46BDE8104042F24D0113F004
S2140220D085BB00BFB057002010B50C4C63689A79D8
S2140220E00C321344597901F00302032A0CD0B3F8D8
S2140220F0030013F066FB0246A0680023BDE810400A
S21402210042F2590113F06ABB1122F5E7B0570020DC
S214022110F0B5164C85B063689A790C321344D878B9
S21402212003281FD89D89B5F5FA7F1DD243F6F671AE
S214022130DE89A6F10A0292B28A4215D81F7C1F2FA8
S21402214012D85A791979CDE901670095063313F04A
S2140221502BFB024642F24401A06805B0BDE8F040FF
S21402216013F06DBB0C22F5E71222F3E7B0570020FE
S21402217010B513F01BFBBDE81040024603480023CF
S21402218042F24501806813F029BB00BFB057002019
S21402219070B5114C63689A790C321344B3F8051083
S2140221A0B1F5FA7F15D243F6F675B3F80720A2F119
S2140221B00A0080B2A8420CD8B3F8030013F0F8FA6B
S2140221C00246A0680023BDE870404FF6294113F08E
S2140221D005BB1222F5E700BFB057002010B5094C28
S2140221E063689A790C3213449A7A191DD87813F0D8
S2140221F0EAFA0023024642F24701A068BDE8104010
S21402220013F0ECBAB057002010B5094C63689A79FF
S2140222100C3213449A7A191DD87813F0D6FA002392
S214022220024642F24801A068BDE8104013F0D6BA52
S214022230B057002010B513F0CCFABDE810400246A5
S2140222400348002342F24901806813F0C7BA00BF70
S214022250B0570020074B10B598680022012342F2BF
S2140222604A0113F0BBFA84790C34044413F0AFFA33
S214022270A07110BDB057002010B5084C63689A795B
S2140222801344B3F80F0013F095FA0023024642F205
S2140222904601A068BDE8104013F0A0BAB05700206F
S2140222A038B5104D6C68A3790C331C44D4F803007F
S2140222B008B105F045FDD4F8070008B105F046FD63
S2140222C0D4F80B0005F04EFD0446A868042300224D
S2140222D04FF6114113F082FA83790344C3F8124091
S2140222E038BD00BFB0570020F8B5124A5368906850
S2140222F0997900220B44DF7B4FF61241082313F034
S2140223006DFA84790C340444FCF74AF905461BF04E
S214022310D5FE2B880646E3806B882381AB886381D3
S214022320EB88A3810FB1FCF741F93046BDE8F840CF
S2140223301BF0BFBEB057002008B5064B11229868A6
S2140223404FF60841012313F049FAC37918440023D3
S214022350C37208BDB05700207FB5684C63689A798F
S2140223600C321344DA78013A132A12D8DFE802F064
S2140223700A13262A32113A3E535C6D757D11119569
S2140223809DA6AFB85879003818BF0120FCF7C8FBE5
S21402239048B9122008E05A4AB3F8051012681172BA
S2140223A0B3F8073053720020024600234FF6074167
S2140223B0A06804B0BDE8704013F010BA587901F076
S2140223C0DBFBF0E71A79042AE3D1D3F8050005F01F
S2140223D0B7FCE8E71A79042ADBD1D3F8050005F042
S2140223E0B5FCE0E7587913F095F9DCE71A79022A8A
S2140223F0CFD1B3F805600021F0B202F075FF0546B2
S21402240012F077FE002876D0284612F072FE310AC5
S21402241012F098FBC7E71A79112ABAD8591D384B19
S214022420186811F0C1FFBEE7587930B90346024674
S2140224300146009012F03AFBB6E7DA79997902F192
S21402244008051D4400950833F4E758790128A0D8FA
S21402245000F00100FCF70CFCA6E71A79042A98D1D2
S214022460D3F8050013F057F99EE71A79082A90D197
S214022470D3F80500D3F8091002AA03C2BDF90E303C
S214022480BDF90C20BDF90A10BDF9080013F097FF3C
S214022490002814BF1F20002086E71A79082A7FF436
S2140224A078AF581D13F064F97EE71A79022A7FF492
S2140224B070AFB3F8050000F0D5FE75E71A79012A69
S2140224C07FF467AF93F9050013F04CF96CE71A79BD
S2140224D0022A7FF45EAFB3F9050013F045F963E70D
S2140224E01A79012A7FF455AF5879003818BF0120AF
S2140224F001F052FB58E7422056E700BFB0570020D3
S214022500045A0020F0B5184E85B07568AB790C33C6
S2140225101D4405F0F7FCB5F80920B5F807108A4205
S2140225201FD8032A1DD903291BD96F79CFB1C043FF
S21402253060F0050010EA070413D1EB78A879CDE91C
S21402254001742C79009400F097FD00280CBF0C2231
S214022550002242F24101B06805B0BDE8F04013F037
S2140225608EB91122F5E700BFB0570020F0B5184D1E
S21402257085B06C68A3790C331C44E288A1888A4231
S21402258024D843F6FC70131F9BB283421ED80B1F3F
S2140225909BB283421AD894F903300127002BACBFB2
S2140225A001260426E078237ACDE90167647A00944E
S2140225B000F062FD00280CBF0C22002242F20B0142
S2140225C0A86805B0BDE8F04013F059B91122F5E746
S2140225D0B057002010B50D4C626893790C331A443C
S2140225E01179D078003918BF01210038B2F80730C7
S2140225F018BF0120B2F8052001F072F842F242013B
S2140226000246A068BDE8104013F039B9B057002062
S21402261010B50C4C63689A790C3213441979D87841
S2140226200023C91A18BF0121C01A1A4618BF012072
S21402263001F056F842F20C010246A068BDE81040CE
S21402264013F01DB9B057002038B513F05FF8C82252
S2140226500221FCF721FEFCF76FFE0B4B054698683D
S2140226600022022342F24B0113F0B8F884790C34AC
S21402267004440120FCF724FE0A2390FBF3F095FBAA
S214022680F3F5A071E57138BDB0570020014B98688C
S214022690FFF7C6BBB057002010B5094C63689A799D
S2140226A00C3213441979D87805F0F2FB002302465F
S2140226B042F27401A068BDE8104013F08FB800BF64
S2140226C0B0570020154B37B59D6800220A232846CE
S2140226D04FF6174113F082F8AC790DF1060101A806
S2140226E0FCF732FD0C34BDF804302C44E380BDF810
S2140226F0063000202381FCF7E3FD608113F006F824
S214022700C8220221FCF7C8FDA0810020FCF714FEB7
S214022710E0812846FFF774FB03B030BDB0570020B7
S21402272010B5084C63689A791344D87B03F0E4FB2F
S214022730002302464FF62041A068BDE8104013F081
S2140227404DB800BFB057002010B5084C63689A79A0
S2140227501344D87B02F032FE0023C2B24FF6214168
S214022760A068BDE8104013F039B800BFB05700208B
S21402277010B5084C63689A791344D87B05F0C4FEFA
S214022780002302464FF62241A068BDE8104013F02F
S21402279025B800BFB057002010B5084C63689A7978
S2140227A01344D87B12F0BEF9002302464FF62341AB
S2140227B0A068BDE8104013F011B800BFB057002063
S2140227C010B5084C63689A791344D87B12F0E8FF78
S2140227D0002302464FF62441A068BDE8104012F0DE
S2140227E0FDBF00BFB057002010B5084C63689A7949
S2140227F01344D87B01F0FEFA002302464FF6274127
S214022800A068BDE8104012F0E9BF00BFB057002034
S21402281010B5084C6068837918440F3015F0E4FA56
S2140228200023A0681A46BDE810404FF6284112F071
S214022830D5BF00BFB057002038B50B4B4FF6354119
S214022840D3E901309A791344DD7B0022282312F063
S214022850C5FF84790C34044425B9A01D12F086FF06
S214022860607138BD1220FBE7B0570020174B13B536
S2140228709C6800236846CDE90033E2F7F7FE0C2891
S214022880024608D108234FF63341204602B0BDE87F
S214022890104012F0A3BF01A8E2F7DBFE0C280246A6
S2140228A003D101A813F090F80246204608234FF6FB
S2140228B0334112F093FFA3790C331844009BC0F8FF
S2140228C00A30019BC0F8063002B010BDB057002097
S2140228D0014B5868FFF7A4BAB0570020242816D830
S2140228E00F2805D802280CD8B0FA80F040097047A5
S2140228F0084B103880B2C34003F0010383F0010096
S21402290070470538012894BF002001207047012037
S214022910704700BF2D2011002DE9F04F95B0FFF74C
S214022920DDFA42F23603867905460C3630F8068022
S214022930841998450ED1FFF7D1FA022118F038FD16
S2140229407F22A3780233A370AA550023202223777E
S214022950627063770121E07802F0C6FC0023064627
S214022960002800F0CF80CDE91233E288237AADF852
S21402297048208DF84A30B4F80920E37AADF84C20A6
S2140229808DF84E30A288E37802F01C01FE2B4FF63B
S214022990FF7308BF4FF480431C2926D0DDE91201DD
S2140229A0884203D81F2801D999421ED9002541F230
S2140229B01106FFF799FA01234146F2B2ACB212F0C1
S2140229C00DFF002DCCBF0534053C24B2002E40F08E
S2140229D09D800A2394FBF3F4E4B2FFF785FAC379E9
S2140229E01844C47215B0BDE8F08FD206E57D677E46
S2140229F01AD5012D14D1237B013B062BD6D8E078BD
S214022A0012F04CFC18B1A088FFF768FF40B1404AAC
S214022A10237F12782AB3042B02D8637F042B25D98E
S214022A20002541F21206C4E705F0FD03012BBDD1D5
S214022A307B1EDBB2022BB9D8237B013B062BB5D813
S214022A4005F060FA032D08BF04250540EDB2002DFF
S214022A50ACD0032F08BF04273840C0B20028CED11E
S214022A60A4E7002BA2D1637F002B9FD1A388DB06AD
S214022A7046D412F04BFE012194F91620084002EBD0
S214022A8082025200FCF708FC637BB4F804C00F9382
S214022A90A37B677E109304F10F031193637FE18893
S214022AA0B4F8092094F80CE094F8159094F818B04D
S214022AB01FFA80FA0546E07D0C93237F03280B93CA
S214022AC0E37E08BF0420032F08BF0427003B18BF7D
S214022AD001230A93A37ECDE9060BCDE90873119B69
S214022AE030460293109BCDF80CE001930F9BCDE984
S214022AF0049A00935FFA8CF313F049FF064658E7F0
S214022B000020B8E7054641F2070652E7002464E7CC
S214022B10336300202DE9F04186B0FFF7DFF98379B1
S214022B200C33C418637A234493F90A307E2B32D0CE
S214022B307F2B32D003EB83035E00E378272B2ED85D
S214022B40A07915F0D8F968B304F07AFA0546B8B950
S214022B50A079E578277994F8058015F05EFB04F1F4
S214022B600A0204960392627A03460292227A284660
S214022B700192E27939460092424604F06DFA054621
S214022B80FFF7B2F9002342F27B01EAB206B0BDE8D3
S214022B90F04112F023BE054ECFE7C826CDE741F23C
S214022BA01205EDE741F21105EAE700BF0CFEFFFF52
S214022BB0F8B507460D4616461C4623B9012018F0FE
S214022BC048FD0446C8B106220C21204612F028FE13
S214022BD0691EC9B2032988BF0022A37998BF074A93
S214022BE003F10C0398BF525C234420469F80DE709C
S214022BF0DA719A71FFF704F90120F8BD04F90300AF
S214022C00F8B5FFF76BF983791844B0F80F60B0B2E5
S214022C1002F0D4FF0446C0B114F021FD0138C0B260
S214022C20032814D800270B4B1C5CFFF75DF90546FA
S214022C3004233A4642F2300112F0D0FDAB790C334F
S214022C40E818C68004724472F8BD0227EDE7002435
S214022C502746EAE704F903002DE9F0411D4613432F
S214022C6007460C461646BDF8188006D12046BDE833
S214022C70F0411A46194613F0DEBB4146204616F0CE
S214022C806AFA78B12146384614F025FA402386744B
S214022C90C5742146069338464346BDE8F041024ACB
S214022CA016F07FBABDE8F08115650300F7B5044655
S214022CB00D4614F0D1FC06462021204614F01CFADC
S214022CC0204613F08AFB3278C2F3030303EA121398
S214022CD0184013F079FB0646204616F001FB07461D
S214022CE0A8B936B1204614F0BAFC04F0D9FAB042BC
S214022CF00FD1204614F0B3FC04F0D2FA2B4601465C
S214022D003A46204613F097FB002003B0F0BD232777
S214022D10EFE73946204614F0FEFA1621284616F04A
S214022D20F4F9284605F08CFE294646708670204641
S214022D3016F0E9F90321204614F024FA402203464D
S214022D40009221460120024A16F02BFADCE700BF69
S214022D50C964030010B50446002018F07AFC014648
S214022D6010B90723184610BD204606F099F9034607
S214022D700028F7D118F06DFC01460028F1D0204655
S214022D80BDE81040014A16F0F0BA00BFAD2C0200B2
S214022D90F7B50E46054614F05FFCB3790C333344A0
S214022DA05F789B781F400378C3F3030000EA131092
S214022DB0384013F009FB044668B9284613F00DFBA9
S214022DC0384013F001FB044628B9284614F047FCA5
S214022DD004F066FA04462846002114F09CFA1721ED
S214022DE0304616F092F9304605F02AFE3146447017
S214022DF08470284616F087F90321284614F0C2F993
S214022E0040220346009229460020024A16F0C9F9DB
S214022E1003B0F0BDC96403002DE9FF4107460E4624
S214022E201446DFF838804346694638460A4A05F0B3
S214022E30D3FA0028F7D0102C254628BF1025304696
S214022E402A46694611F0B0FA641B2F442E44EAD192
S214022E5004B0BDE8F08100BF446300203463002064
S214022E6030B589B020226946FFF7D6FF6A460C4D78
S214022E7004AB144603CC9C4228606960224605F1E6
S214022E800805F6D1074C08AD1A4603CAAA422060C6
S214022E906160134604F10804F6D109B030BD00BFE4
S214022EA0346300204463002010B588B069462020B1
S214022EB010F0EEFB044630B96846FFF7D1FF012258
S214022EC0024B83F82020204608B010BD3463002051
S214022ED070B5134B054693F820300C468CB00BB9F0
S214022EE0FFF7E2FF0023CDE90033CDE9023354B900
S214022EF01C22214605A8049411F037F804A8FFF70F
S214022F00AFFF0CB070BD102C264628BF10262946EF
S214022F1032466846FFF780FF3544A41BE7E700BF4A
S214022F203463002008B581B2074815F078FA01200C
S214022F3001F09AFD30B9054A137D59075CBF43F08C
S214022F400203137508BD00BFC8570020C0570020F3
S214022F5001238340DB43064901F1240252E8002F95
S214022F601A4001F1240C4CE800200028F4D17047E6
S214022F70C05700200123074A03FA00F002F1240397
S214022F8053E8003F034302F1240C4CE800310029C9
S214022F90F4D17047C0570020044A4FF08040536A6D
S214022FA043F400235362E1F789BF00BFC0570020F5
S214022FB038B54FF010131B4C002563644FF4E063E2
S214022FC0A4F848300123204684F85C30164B43F6BA
S214022FD0FF71A365154B656240F8543F11F06DFD15
S214022FE004F090FF4FF48073A4F84E30104B84F830
S214022FF05200A3610F4B25751A682946137852783A
S21402300004F1080013445B106375A4F8BC50A4F8DE
S214023010B25015F004FA294604F19000BDE8384093
S21402302015F0FDB9C057002055555500D6BE898EFD
S214023030D9660300045A002010B50B4CA06A18B1DA
S21402304003F07EF80023A362084818F0DAF908486D
S21402305018F0D7F9074818F0D4F90023C4F8A030BE
S214023060BDE81040FFF7A4BFC0570020E05700207D
S214023070EC570020F05700202DE9F843214C9946E2
S214023080636A0F46DB0715469DF824609DF8288084
S21402309035D468B30120FFF76DFF626A9DF82030D1
S2140230A022F4C07242EAC312052E626284F85060AD
S2140230B007D1FBF77FFD48B96D00ADB2BD4228BF10
S2140230C03D4694F8500013F0FDFA0646636A84F80B
S2140230D05C60A4F84470A4F8465084F84890B8F1AE
S2140230E0000F09D043F4801301206362BDE8F88321
S2140230F00120FFF72DFFD0E723F48013F4E700202A
S214023100F4E700BFC0570020024B586AC0F38000A5
S214023110704700BFC057002010B51A4CFFF7F4FFE7
S214023120636A13F0010313D1A8B994F85D3094F8DA
S2140231304910253BDBB20133DBB2032B28BF002349
S21402314041FA03F2D207F6D5253384F85D3014E04F
S21402315094F8503010B194F85120134303F005034D
S214023160052BE2D1FBF726FD0028DED194F85C3071
S214023170012B03D1032384F85C3010BD012384F8AD
S2140231805C30D2E7C0570020024B586A00F00100BC
S214023190704700BFC0570020F8B540F271232F4C8D
S2140231A0E36018B1237D43F008032375FBF7E4FCC4
S2140231B040F27121B4F84620E66B151F4D43AE422D
S2140231C0236CB4F8447018D2A3F5967301FB073348
S2140231D0E768181A23893B4483420EDA5143237D5B
S2140231E0891B43F0080323758142D4BF2161206105
S2140231F01A48BDE8F84013F072BB40F271277A43D2
S214023200A2F5E1722261FFF787FFB4F84420236C2F
S214023210AE4207FB0233636023644FF00003104A9A
S214023220E3630DD3FFF770FF136838B19A791B7BFF
S214023230617D0B4493420DDC6375D9E71A78F6E795
S214023240FFF762FF136838B1DA79197B637D5B1A80
S2140232509342F1DA6275CBE75A78F6E7C057002058
S214023260045A002040B1A0F11003F02B07D8054BFA
S214023270A3F84E00002070474FF48070F7E7122044
S214023280704700BFC057002038B505460D4C80B1C8
S2140232900320FFF75DFE002384F84D300123A4F8D7
S2140232A04A300420FFF754FEBDE838401020FFF7EE
S2140232B04FBE0520FFF74CFE012384F8B150A4F858
S2140232C0B430EEE7C0570020274B70B55A6A0D4659
S2140232D009B3160747D503F14D0603F14A0428B38E
S2140232E0D1061FD52388012B1CD95B080420238016
S2140232F0FFF72EFE1020FFF72BFE11F026FB238889
S214023300B0FBF3F202FB1300307055B30320BDE8A6
S2140233107040FFF71DBE940625D503F1B10603F1F2
S214023320B404DCE70420FFF725FEE3E7D20314D556
S214023330B3F84A10B3F84E2091420ED222881020DB
S214023340520092B22280B3F84E30934228BF134600
S2140233502380FFF7FDFD0420CDE71020FFF70AFECD
S214023360F9E70520D3E770BDC057002070B58AB0D4
S21402337005466B46484AAC7910685168127A03C310
S2140233800C3408201A702C4404F0ECFC20B1012204
S2140233902846A11D18F018F80021A379CDF82110AF
S2140233A08DF80F30A37AADF8251003F00F0303F162
S2140233B028026A4412F8282C8DF82010ADF8102046
S2140233C0062B08D8DFE803F0044F07075F074B0019
S2140233D00D20FFF7CFFDA37A0DF11301C3F380137F
S2140233E08DF81230E3680DF11200CDF81330238AFF
S2140233F009AEADF8173000231A4611F0BFF8E3798C
S2140234001C218DF819304FF47F43ADF81A307F2314
S2140234108DF81C30637928468DF81D300023ADF8F0
S2140234201E30AB7903AC1233AB7118F016F8AB79D9
S2140234302B440C33224603CAB24218605960144623
S21402344003F10803F6D1106829461860134818F0ED
S2140234503BF84FF08040E1F731FD0AB070BD0D2019
S214023460FFF776FDB7E7D4F81230CDF82130E38ABD
S214023470ADF82530EB79063BEB71A37AC3F3C013A4
S2140234808DF82030A7E7064B5B6A9B0444BF42F0E8
S2140234900102ADF810209EE710F90300E057002065
S2140234A0C057002070B583790C33C4182379DA0725
S2140234B002D44FF0FF3070BDA37AE27A03F00F0514
S2140234C0082DF6D8062D01D92846F4E7911F1F29A4
S2140234D0EFD8012D1FD10C2AEBD1244E736A13F0BC
S2140234E0060F01D1DB05EFD411F057F820B911F021
S2140234F04BF80028E8D1DCE7A37A96F84820C3F315
S214023500C010B2EBD31FD4D104F1120100F00100B7
S21402351014F099FCEDE7042DD6D11449144A486AF2
S2140235200240002AC5D0096B0029CDD08A79C3F3A0
S21402353080130C3288188A5CB3EBD21F08D011F0C5
S2140235402CF80028C0D111F014F80028BCDBB0E734
S21402355004F10C010622083017F08FFE044611F023
S2140235601CF80028B0D1002CAED0ECE7C0570020E3
S21402357008000400F0B5214C87B0A06A00B3E76AE1
S214023580BE7902F02FFB0223FF210C36BA5DCDE98D
S2140235900431BD1995F8233000215B090393AB8BE8
S2140235A0D20902936B8B80B201932B8B009305F1A9
S2140235B0080315F036FBA06A02F0C2FD0023A362E0
S2140235C0E06A0FF009FF0023E362636A23F0040255
S2140235D0DB07626208D594F85050052D06D1FBF73A
S2140235E0E9FA18B184F85C5007B0F0BD94F85000C0
S2140235F013F068F884F85C00F6E700BFC0570020B6
S21402360013B5154C1AF05AFD236A01930023236260
S2140236101AF04FFD019BA3B9636A1A0406D512F08D
S2140236205DF9A0B1636A23F400436362636A1B0315
S21402363005D5FFF79FFF636A23F40023636202B097
S21402364010BD01A817F0E7FE12F0C0F9E2E74FF04E
S2140236508040E1F733FCE9E7C0570020044B586A84
S21402366000F08100A0F1810358425841704700BF24
S214023670C0570020024B586AC0F38010704700BF44
S214023680C057002038B50E4D044603F08DFE286B59
S21402369018B10FF0A1FE00232B6300F0E1FB0948EE
S2140236A005F038F8EB6A0BB1FFF776FC044884F0B5
S2140236B0010113F020F9BDE83840034817F0A1BE17
S2140236C0C0570020C8570020E0570020034B586A16
S2140236D010F0050001D1FFF7D5BF7047C057002094
S2140236E070B53B4C1646636A03F0010270B95AB1D4
S2140236F01AF0E4FC636A054623F001036362FFF7EF
S214023700E5FF28461AF0D5FC002070BD002AFBD142
S2140237109B0704D5236BBBB10120FFF7B5FD94F8D8
S214023720483003F0FD03012B16D01AF0C7FC0546FD
S214023730C6B10E20FFF71EFCFBF71EFA42F210730C
S21402374003FB0600606310E0022017F082FF20638E
S2140237500028E1D10720D8E714F08EFB0028E4D138
S2140237601220D2E70E20FFF7F3FB0020FFF702FC41
S214023770636A13F00403C4D140F27122E363B4F81F
S2140237804630E260023B5343236111F0DEF8032326
S214023790B0FBF3F303EB4303C31A253384F85D301F
S2140237A0FFF7BAFCFBF7E8F960602064B4F8BC00E7
S2140237B0002808BFF520FFF7B5FB064B04481A6839
S2140237C01378527813445B10637513F088F898E701
S2140237D0C0570020045A002038B51A4C0546237DEF
S2140237E023F00803237503F0DFFDB4F8BC302BB9D1
S2140237F0A36813F4601F08BFA4F8BC300021114868
S21402380013F079F8104BA361636A5A0405D485F065
S2140238100100BDE83840FFF7BFBC626B6168521A10
S214023820002AF4DA23F0010343F400436362FFF74D
S2140238304DFF4FF08040E1F741FBFFF765FC0028A3
S214023840E5D138BDC0570020D966030008B5FFF79A
S2140238505BFCB0B10B4B586A20F0040210F001007A
S2140238605A6203D1BDE80840FFF70CBF03F09CFD87
S21402387000F0F6FAFFF790FBBDE808400020FFF7DD
S214023880ABBF08BDC05700202DE9F04F4FF0000B2C
S2140238902E4C89B0E66AA36AB779C4E90ABB0C372C
S2140238A0F51901936B6A9046824689460393FBF7A5
S2140238B0A7F8F35D05F108073946C3F3C01306A857
S2140238C08DF8183010F074FEFF238DF81930636AF5
S2140238D001A8C3F380230E358DF81A30CDE90457BC
S2140238E08DF808B08DF81BA08DF81C908DF81D8001
S2140238F002F098FC30460FF06FFD636A23F0240254
S214023900DB07626205D40120FFF7BCFE09B0BDE802
S214023910F08F0F4B94F850501A68052D1378527892
S21402392013444FEA630363750AD094F8500012F00A
S214023930C9FE0546012084F85C50FFF74DFFE5E717
S214023940FBF738F90028F0D0F4E700BFC057002094
S214023950045A002037B5054608461146254A526ADB
S21402396002F41072B2F5107F04D1022B40D0032B62
S21402397008BF01230193162300F001020093284694
S214023980052312F0E8FEAC7915F030FB0C342C441B
S2140239900321C4F80E0004F11200FFF799FABDF8ED
S2140239A0203004F11E002383BDF82430E382022374
S2140239B06375BDF818306383BDF81C30A383FEF729
S2140239C075F90C22A37CB3FBF2F102FB113394F8D7
S2140239D02320053363F3040284F8232003F0A0FCBB
S2140239E094F8233060F3471384F8233003B030BDD5
S2140239F00023BFE7C05700202DE9F041054686B0F8
S214023A0000208846174617F024FE0646002800F0D7
S214023A10AA80564C0620C4F8288095F8018018F033
S214023A20010800F09580FFF7A5FA2A79636A023A40
S214023A30012A98BF88F001004FF0000893BF43F4B4
S214023A40007323F400730020636288BF636210F081
S214023A50B0FD05AB029304AB0193EB89CDE9048874
S214023A600093AB89EA8AA98AA06A03F0DDF940F2DC
S214023A70E242059BCDF80C80B3FBF2F39BB20293B5
S214023A806B8A304601932B8A6A1D0093A9782B799C
S214023A90FFF760FFB379049A33441A63E6621AF0BA
S214023AA00DFB06464046FFF7EFFB636A43F004034E
S214023AB063622F4B1A689379D27913445B1063754D
S214023AC0ED7884F8515005F00505052D43D02846BB
S214023AD012F0F8FD0546636A84F85C5013F00102A2
S214023AE02FD1E263002F3BD043F48013B4F8BC001E
S214023AF06362002808BFF520FFF714FA40F271222D
S214023B00B4F84630E2605343A3F5E173236110F044
S214023B101CFF0323B0FBF3F303EB4303C01A00F1CD
S214023B20250343F6FF71134884F85D3010F0C5FF95
S214023B30FFF7F2FAFBF720F8606020640B4812F0F9
S214023B40CEFE30461AF0B5FA002006B0BDE8F08187
S214023B50FFF7FEF969E7FBF72DF80028B7D0BAE7BA
S214023B6023F48013C2E70720EFE700BFC057002008
S214023B70045A00201458002010B500F0070420460E
S214023B8017F08BFB002808BF0724024B83F8494036
S214023B9010BD00BFC05700200E4A68B102F12403D0
S214023BA053E8003F43F4802302F1240040E800314A
S214023BB00029F3D10020704702F1240353E8003FA6
S214023BC023F4802302F1240040E800310029F3D1D7
S214023BD0F0E700BFC0570020024B586AC0F300202F
S214023BE0704700BFC057002038B505464FF4802006
S214023BF00C4604F0B7F848B140F22E432046C4E91A
S214023C000333BDE83840104901F0ACB80F4B9C4274
S214023C1017D1042D14BF28460320FF2114F0D5FA2D
S214023C2042F20F7300F5AF70984298BF42F21073DB
S214023C30A4F18804C4F894008CBFC4F89800C4F8B1
S214023C409830012038BD00BF809698004858002062
S214023C50002310B5104CC4F8A030012384F89C3021
S214023C60B4F8B230B3B1B4F8BC100C4814F0D7FBB9
S214023C70012000F0F9FE38B994F89C305A075CBF70
S214023C8043F0020384F89C300120BDE8104004494A
S214023C90FFF7AABFF521E8E7C057002050580020DA
S214023CA048580020F0B585B06D46274C0646FAF710
S214023CB0A7FE04F154030FCB85E80F0094F8A83052
S214023CC094F8B0200021C8208DF808308DF809201D
S214023CD011F017FD0146284610F0EFFE284614F0B4
S214023CE0F0F910F06FFE00220146042010F079FE73
S214023CF07568FAF741FF636A2D1A13F4003F4FF412
S214023D0080200CBF1027112704F02CF828B100F0F1
S214023D1093FEA0F52F7010F06CFED4F8B8307068E1
S214023D208C2D00EB930194F89D3006DC1A4638463B
S214023D3014F02CFA012005B0F0BD0A4601463846BA
S214023D4014F0EAF9F6E700BFC057002073B54379CE
S214023D5001906FF30003437101221C2101A817F0A2
S214023D6099FC48B1144A01A8536A43F400635362AB
S214023D7017F047FB02B070BD019A104C537904F15C
S214023D80180643F001035371937913440C33254606
S214023D9003CDB542186059602C4603F10803F6D1EC
S214023DA0286811461860064817F08EFB4FF08040D0
S214023DB0E1F784F8DEE700BFC05700202458002051
S214023DC0E057002010B50A4CD4F8A00020B194F8B1
S214023DD08730012B01D0002010BDFAF7CDFED4F8B3
S214023DE0AC30181AB0F57A7F94BF0020012010BDBF
S214023DF0C057002010B5044604F084F834EA0000E8
S214023E000ABF024B122083F8524010BDC057002052
S214023E1010B5124C636A1B051FD5012017F019FC5A
S214023E2028B9BDE810404FF08040E1F747B8B4F833
S214023E30683023F0600343F04003A4F86830FFF7CD
S214023E4085FF04F1240353E8003F23F4006304F1E2
S214023E50240141E80032002AF3D110BDC0570020E9
S214023E6010B50A4CD4F8A0305BB1012104F18800E9
S214023E7012F041FD04F1900004F04CFC0023C4F85B
S214023E80A030BDE81040FFF7C3BF00BFC0570020F8
S214023E9010B5044600F044FF844201D1FAF7B0FDA3
S214023EA0084BB3F8B22032B9D3F8902012F4601F50
S214023EB008BFA3F8B220FFF7D3FFBDE810400120E9
S214023EC0FFF78ABCC05700202DE9F3415A4C9846AA
S214023ED005460E461746FAF74FFE94F88730022B31
S214023EE005D0D4F88010091AB1F5FA7F45D2AE6132
S214023EF0294694F87200FFF777FE06464FF48020B4
S214023F0003F030FFA8B1B6B100F096FDA0F52F7011
S214023F1010F06FFD494B4A4A3846CDE90032D4F8D4
S214023F20803094F8842094F8721014F013F9064640
S214023F3001E0002EEED110F045FD002201460420DD
S214023F4010F04FFD002003F057FDA54209D1D4F82A
S214023F50A03033B1002104F1880012F0CCFCFFF748
S214023F607FFFD4F88030C4F8AC3094F8843084F8FC
S214023F70B030304602B0BDE8F081A54214D1D5F883
S214023F80A0308BB1D5F8AC301B1A994205D301216B
S214023F90284612F0B0FC0126EBE7002105F1880066
S214023FA012F0A9FCFFF75CFFD4F880300121C4F8B8
S214023FB0AC3094F88430284684F8B03012F09BFC7B
S214023FC02049D4F88030A1F13000C4F88C30C4F80F
S214023FD0A06014F0FBFFD4F8AC201A49D8F80030E1
S214023FE0A1F13000D31A94F8B62004F0F5FB154977
S214023FF04FF416730122A1F1300014F0EDFF637D39
S21402400084F89D30FFF780F80F4B1B6890B1DB7980
S21402401094F89D200D4993423CBF02F1FF32D3B281
S21402402094F8720084F89D30FFF7DEFD074812F020
S21402403056FCB0E75B78EBE7C057002055555500B5
S214024040D6BE898E78580020045A00204858002090
S2140240502DE9F04F8D798BB00C350D44EB7A079134
S2140240600390002B00F0158117462E7B8B46B20973
S21402407016F03F0618BF6E7B0292012F05F10E0264
S2140240809046049200F0FD8140F26F81FA1E012AEA
S21402409000F2FF80029AB2FA82F94FEA5919B9F190
S2140240A0000F00F0F6802A7B02F03F029A4280F26E
S2140240B0F080B44C636A23F4003363622B7BC3F351
S2140240C08113013BDBB2012B47D95846FAF7C0FEF3
S2140240D0DDF81CB09BF806A00AF10C0ADA44002FA1
S2140240E03FD0042F07D1B4F86830580754BF0A23CC
S2140240F00E23A4F86830F10700F1DE81B20700F162
S214024100D481730700F19380300741BF98F80130DD
S21402411008F10208C3F3031384F87330012F40F04A
S214024120C1809AF80C3003F0C003402B02D0802BDB
S21402413040F0B8800023626AB4F8680022F40032C5
S214024140F10620F06000A4F88630626248BF08F1EB
S214024150030880B2A4F86800C6E0012FB5D1AA46CB
S214024160C9E7FF207F214FF47F4E2B7B94F85C201B
S2140241709B09052A9AF807C0A4F86830A4F8767056
S21402418084F86A0084F87410A4F872E000F0F480F0
S21402419084F871201BB1636A43F400336362F2074A
S2140241A000F1FC80B307ACD594F84800AA7AB0FABE
S2140241B080F35B09B3EBD21F4AD0003818BF012048
S2140241C0414613F040FE0346A87A4146C0090593CD
S2140241D010F0E5F9069010F0D3F9616A069A01F438
S2140241E0807C0599134600293DD0AB7ADB09002A6C
S2140241F000F01F81BCF1000F00F01B81002840F088
S2140242001B81FE2384F87830D8F8003008F10608BF
S214024210C4F87930B4F8683038F8022C43F0040356
S214024220A4F86830584B9A8073077FF56DAF10F08C
S214024230C9FB4FF6FF73CDF804B000930146534B0B
S21402424094F86A20042008F1010810F0ADFB5BE741
S2140242504146D00910F0A3F9059010F091F9616A71
S214024260059B01F4807C2BB1BCF1000FC6D100285F
S21402427040F0E280D4F8A0304BB10121444812F05D
S2140242803AFB444804F046FA0023C4F8A030FFF78D
S214024290BFFD07A817F0B5F84FF0000948460BB067
S2140242A0BDE8F08F3C4ADAF800300192363A0092C6
S2140242B04146324694F8520011F02AF98044B4F886
S2140242C0680094F8863020F06000626A80B2002BA4
S2140242D03FF440AF94F8853040F02000A4F8680020
S2140242E084F8723084F8A83016F0200A1BBF98F8BB
S2140242F0023098F80310CDF814A043EA01231EBF3B
S214024300CDF81480A4F8763008F11208012F00F0D8
S2140243109A80069210F041F9F1060ED4069A80F0C1
S2140243200100C2F3C01BC3B25A46184994F86A0089
S21402433013F078FF002800F09880042FDDF81CB0F8
S21402434045D8022F3ED8002F41D1029B626A022B2B
S21402435000F0FB8194F88730002B40F04A81BAF1D6
S214024360000F40F0A981D14637E0029AB2F1030964
S21402437018BF4FF0010992E6BCF1040F14BF624663
S214024380032205E7C0570020395800202B5800208A
S214024390485800205058002076580020D5F80E3095
S2140243A0049AC4F86B309288BE4B9A80AB7A13F0AC
S2140243B0400340F02481626A22F48052626284F8EA
S2140243C06A307EE094F88730002B40F00581BAF11F
S2140243D0000F40F07181D146626A710648BF98F8B4
S2140243E00030CDF820B048BF84F874302B7B03F041
S2140243F03F08D30752D5002F40F0A280F0064DD4D6
S2140244004FF0FF3108A8FAF7F3FC0898FAF720FDF8
S214024410AB7908A884F867306B7908F10D0184F847
S214024420753017F06AF80898002800F05F81C78098
S2140244309DE000283FF4E6AE94F84830002B40F0AA
S2140244402C810223DEE653073ED4C2F3C01B10F0D3
S214024450A4F880F001035A46924994F86A00DBB247
S21402446013F0E0FE002840F09A81BBF1000F00F046
S214024470CB80BAF1000F40F04A814FF0000907A83E
S2140244800DE0894AB2F86890029A09F00309A9EB8E
S2140244900209B9FA89F94FEA591900E608A816F08E
S2140244A0B0FF48460BB0BDE8F08FBB1E022B3FF6AE
S2140244B07BAE08F1060824E694F86A30FF2B3FF438
S2140244C06DAF05F1140819E6029BD807BDD5DDF8D5
S2140244D01CB00297C2F3003394F8722001210092B6
S2140244E00020704A03F030F881465846FAF7B0FCCE
S2140244F0B9F1000F40F03681BAF1000F40F0BD80EE
S214024500029B002B00F00081D4F824A010F045F89E
S214024510034683F00103CAF3C012624994F86A00A4
S214024520DBB20AF0800A13F07DFE00285ED1BAF1F3
S214024530000FA4D1514610F039F8002856D09EE755
S2140245404FF0FF3108A8FAF753FC0898FAF780FCF8
S214024550AB7908A884F867306B7908F10D0184F806
S214024560753016F0CAFF0898002800F0BF80B4F82D
S2140245706830099003F06003202B636A4FF0010253
S2140245800CBF43F4006323F40063636243791C2187
S2140245906FF30003437109A817F07CF8002840F077
S2140245A0CE80099E414C7379B57943F0010373714D
S2140245B035440FCCE86029616A61AB6107CCE861DB
S2140245C02962A4F1600031466A6216F07DFF4FF060
S2140245D08040E0F773FC61E62B46002203983449DC
S2140245E0FFF772FC8146BAF1000F67D1DDF81CB006
S2140245F0F2E62B4603982F49C2F34042F0E7626A7E
S214024600012342F48052D9E6594658460FF0CEFFAF
S21402461000287FF42EAF042FDDF81CB03FF6D7AE8D
S214024620022F3FF6CFAE002F3FF48FAE012F7FF45E
S214024630CEAE626A029B510700F18F80012B04D92D
S21402464002F00303032B00F0958094F88730002BCA
S21402465054D02B4603981649C2F34042FFF734FC67
S214024660034658469B46FAF7F3FBBBF1000F48D0C9
S214024670BAF1000FBAD00023029394F873200949C6
S21402468094F86A00D5F800B011F096F8002840F0C9
S2140246908D80029B002BA9D036E7012B08BF03238F
S2140246A0B0E500BF2B580020C05700202458002039
S2140246B017680300D14702004FF0000994F87320F0
S2140246C0414994F86A00D5F800A011F075F8002860
S2140246D08CD005F10C0094F872B011F07CF85146BB
S2140246E00346059A584611F069F87FE7012016F04E
S2140246F0B0FF089000283FF4D1AD38E75846FAF7E5
S214024700A7FBBAF1000F4DD14FF000096EE794F8FF
S21402471073202D4994F86A002E6811F04DF800288F
S2140247203FF4ABAE05F10C0094F8724011F053F86A
S21402473031460346059A204611F040F89DE6636A24
S21402474009A843F400636362A9E690073FF502AE48
S214024750BAF1000F3FF407AEAEE7DB07CED5002373
S2140247600293B7E65946002002F0D6FEBAF1000FD1
S2140247708FD082E7584612F0DEF808B9626A64E71C
S214024780A97A0498C1F3801102F088FE0028B5D0F9
S2140247900E4B039A58469361FAF75AFB68E7DDF820
S2140247A01CB046E700239946029366E705F10C0023
S2140247B094F872A011F00FF859460346059A50462F
S2140247C010F0FCFF65E700BF2B5800203B68030093
S2140247D0532810B50C4610D006D8512817D02146BB
S2140247E0BDE8104011F0E1BFA0F15503012BF6D849
S2140247F02046BDE81040FFF74BBB0022064B0120C7
S214024800A3F8862011F0ECFF0028F1D010BDBDE819
S214024810104002F069BE00BFC057002053282DE9A1
S214024820F74F0C4615D007D8512878D0214603B04A
S214024830BDE8F04F11F0B9BFA0F15503012BF5D832
S214024840A0F1560358424FF000015841FEF73CFDD6
S2140248502FE04FF0000901A84FF0FF31CDF8049089
S214024860FAF7C6FA0198DFF8D88048B1FAF7F0FAF4
S2140248700198FEF717FE082821D001A816F0C1FD00
S21402488000F04EFA844201D1FAF7BAF80021204627
S21402489012F031F8FFF7E4FAD8F824305A0703D5B5
S2140248A000210846FEF710FDD8F8243013F0050F55
S2140248B040D0204603B0BDE8F04FFFF7E9BA019DAD
S2140248C0D8F82C70AB79BE790C331D440FF054FE29
S2140248D0E8B10FF04EFE002819DB0C36B85D07EB88
S2140248E0060B0BF1080A4A465146C0090FF059FE5C
S2140248F068B1D5F80E30CBF808306B8AABF80C30BE
S214024900AB7ABA5DC3F3801363F3C712BA550022BB
S21402491095F9051098F87200FEF7B6FFADE7074B5B
S21402492011201B685978F9F76BFE054A536A43F063
S2140249302003536203B0BDE8F08F00BF045A002084
S214024940C057002010B5074C2368DA0607D523F0B7
S2140249501003236018B90220A16810F018F800238B
S214024960A36010BD80580020F8B500230360037DC5
S21402497004469D070CD550F8081FC90C01F4FC71BB
S21402498041F0050103F074FE237D23F00203237534
S214024990A06811F077FF237D0546180703D5FAF7BE
S2140249A0EBF828446060194F62683E4656F8041FCA
S2140249B0AD1A79B921603460BB68E3B1607D597D78
S2140249C0884219D2217D09070FD5BDE8F84000209C
S2140249D0FFF7B8BF886811F055FF4B682B441B1AC7
S2140249E0002BE7DA0E460968E3E759681B690B44B1
S2140249F09B1A002BE9DAF8BDD3E9011011F042FF49
S214024A00E3681A44521AC242F5D5DEE780580020FF
S214024A10014610B5044603200FF0B9FF054B1B688C
S214024A20D90305D4237D5A075CBF43F002032375DE
S214024A3010BD00BF80580020014BD868DC38704794
S214024A4080580020034B10B5DC68FAF795F8DC3C7A
S214024A50201A10BD805800201822002101480FF0AD
S214024A6084BA00BF80580020034B1B6813EA004339
S214024A7014BF01200020704780580020064A936821
S214024A80197DC9075FBFD0685A68DC38DB685ABF31
S214024A90801AC01A002070478058002030B5C0B176
S214024AA04268B2B1104C25692B469BB945B1AB683A
S214024AB0CB1A41BF5B42B3FBF2F303FB0222891817
S214024AC00A4A816013684BB903601060237D013384
S214024AD0237530BD8342FCD01B68E6E79D686D1ADD
S214024AE0002DF1DA1A46EDE7805800209058002093
S214024AF040B1436833B1084B1A7D013A1A7553F830
S214024B00102F02B970479042116801D119607047A0
S214024B1013460A46F5E700BF8058002038B504461B
S214024B20084D0846AB68A34201D1FFF70BFF6B683E
S214024B30054A1BB1A342196801D1116038BD1A4655
S214024B400B46F6E780580020845800202DE9F347EC
S214024B505E4D2B685A0700F18680AB68002B40F04A
S214024B60828055E8003F43F0040345E80032002AFD
S214024B70F7D16C689CB1F9F7FFFF01AA01462046FF
S214024B80276911F087FE08B920461EE0019B2668B9
S214024B90FF1AA6B96368DC371F44C5E9024755E821
S214024BA0003F23F0040345E80032002AF7D1AC6840
S214024BB0002C4CD102B0BDE8F047F9F7E3BF30460F
S214024BC001AA11F067FE18B93046FFF721FFD0E7B9
S214024BD0D6E901A011F056FE337DAAEB0000DB07F2
S214024BE005D4019A33699B1AF2689B1A18446268C4
S214024BF0D3191B1A002B26DD9F4204D9E368801ABC
S214024C00DC3383421ED994F8149019F0010F0FD1A9
S214024C10A06811F037FE2369D6F80C801A44A2EB7E
S214024C200A02E368A2EB0802121ADC339A420CDC90
S214024C30727D637D9A4206D219F0080FA4D0F768F7
S214024C40344600E007463668A3E74746F8E7A36817
S214024C5013F4601F0AD121462B6843F010032B6021
S214024C6001200FF094FE02B0BDE8F08704F10806BA
S214024C70304603F00BFD2B68214643F010032B60F1
S214024C800028EDD101200FF082FEA36813F4601F06
S214024C904FEAD341C3F3C2440ED0013CE4B201F45E
S214024CA0FC713046214303F0E3FC0321304603F057
S214024CB04BFD002CD7D103E00321304603F044FD20
S214024CC0304602B0BDE8F04703F024BD805800200D
S214024CD008B5034B996809B10FF059FE08BD00BF2D
S214024CE0805800200D4B50B153E8002F42F00402CA
S214024CF043E800210029F7D10220FFF7E9BF53E875
S214024D00002F22F0040243E800210029F7D1986818
S214024D1008B1FFF77DBEFFF719BF00BF805800201D
S214024D20014B9868704700BF805800200C4B70B546
S214024D309C68844212D1214602200FF028FED4E954
S214024D40016011F09FFD0546F9F716FF801BE84249
S214024D5021464CBF012003200FF019FE70BD00BF94
S214024D608058002002462DE9F84F002855D02C4ED8
S214024D70D0F80C80B76805698742046808EB010919
S214024D800D441DD06FF0DB0A746854B99742C2E92D
S214024D90039503D17B68DC332B44F3600120BDE826
S214024DA0F88FA06811F06EFD844653686068AAEB1F
S214024DB003030344A3EB0C03002B03DA2468E4E7A3
S214024DC0002CE3D06FF0DB0BD2F804A0ABEB0A0B9F
S214024DD0A06811F057FD63685B44181A814515D325
S214024DE094F815C0537D9C4502D92468002CEFD157
S214024DF00C4B994211D180450FD89742C2E9030065
S214024E00CCD10AF1DC0A5044F060C7E7C2F80C9035
S214024E108542D4BF15611061C0E70020BFE700BF1E
S214024E208058002080969800114B70B59D682E69B8
S214024E302C681CB96A6864B9B01870BD627D6B7D57
S214024E409A42F7D9204611F072FD0028F2D1246862
S214024E50EFE7A06811F016FD6FF0DB0361689B1A9E
S214024E600B4429691B1A8B42D4BFD0185018E4E7AA
S214024E7080580020884270B505460E46144621D05A
S214024E80164B1B690BB35B68B3FBF2F302FB03F032
S214024E9085420CD8814215D2B0FBF5F5B0FBF5F091
S214024EA0B04228BF3046B0FBF4F060430AE0B5FBE0
S214024EB0F0F3DBB200FB03F2954204D8964230468A
S214024EC028BF104670BD0133F3E70FF0F3FD731BE6
S214024ED0B0FBF3F202FB13002844E1E780580020FF
S214024EE0542310B504680A490D20B4FBF3F40EF0FF
S214024EF0D5F90023A2B2512118460EF075F90446E0
S214024F0018B90EF01FFA204610BD1924FBE700BFA1
S214024F103136030010B50024084B1C7003F006F867
S214024F2010F03AFC22462146204612F0C4FFFCF757
S214024F3087FF0FF091FE204610BD00BF556300208C
S214024F40014B1878704700BF55630020437E0E4A17
S214024F501B01DBB282F81F3382F8203382F8223339
S214024F6082F8213382F8233382F8243382F82533F9
S214024F7082F8263382F82833037F23B9037E1B0187
S214024F80DBB282F8223C704700E100E0024B1B785D
S214024F900BB9E3F739BC70475563002037B50546B1
S214024FA002F0F2FE044698B92846FFF7CFFFAB8A16
S214024FB00DF10601ADF80430EB8A01A8ADF8063013
S214024FC011F0D4FC0122034B1A70204603B030BD08
S214024FD00224FAE755630020902238B50546164BA0
S214024FE000211C682D0202FB004420460EF0BDFF85
S214024FF0124B45F001051B6804F10800DB7800211E
S2140250006375E58213F00BFA4FF00823E36413236B
S214025010A4F850304FF60773A4F85830FF23084A16
S21402502084F85A30074B2046C4E91B32C4E91F32C3
S214025030BDE8384011F02DBF68590020045A002000
S21402504055555500D6BE898E00220A4B18791B6824
S214025050D1B2884201D800207047996921B1196AF5
S21402506001F06001602902D001329033F0E701209E
S214025070704700BF68590020014B1879704700BF7F
S21402508068590020034B1B68C01A034B0011584393
S214025090C0B2704768590020398EE3382DE9F041D6
S2140250A01E46836904460F4615468BB169B919F048
S2140250B005F805463946A06C0FF0A1FF2046394692
S2140250C011F079FE284618F0F4FF0020BDE8F081C2
S2140250D00029FAD0B0F85030DA0640F18380B4F8EE
S2140250E05030DB0700F18A80204611F083FE00284C
S2140250F0ECD1B4F85030D90600F18D80D4E90A120A
S214025100204600F0E7FA012E11D040F27123B4F8DF
S2140251104C205A4390420AD9B4F84E205A43904241
S2140251207BD800F51C70B0FBF3F0A4F84C003C4BA7
S214025130E268A36122610023B4F8502084F8573055
S21402514012F0100F0CBF4FF48C778C27236A84F86A
S214025150566023F48073236207F2631755B140F258
S2140251607121B4F84E2043F48073C2EB05124A4311
S21402517023626262236A04F1080843F4006323622E
S214025180284B1B68DB78637518F098FF237D06466C
S21402519043F0080340463946237513F040F90120D0
S2140251A0FFF762FC28B9237D5A075CBF43F002036F
S2140251B02375A1684046C1F3C84141F0900103F04F
S2140251C057FA25B1F9F7D8FC636A034463622046AE
S2140251D011F085FB304618F06CFF0121A06C0FF031
S2140251E00EFF72E798077FF57AAFE06A16F061F96C
S2140251F000287FF474AF41F20C0067E7E36B002BE4
S2140252007FF472AF00F048FFE06300287FF46CAFD3
S21402521041F209005AE7044B8AE741F2450055E796
S21402522047520300045A00206157020070B500245A
S2140252309026094D2B79A34200DC70BD286806FB38
S214025240040090F85930FF2B04D000231A46194662
S214025250FFF724FF0134EDE76859002038B504460D
S214025260002839D0083003F055FA0025FF2304F150
S214025270280084F85930A56116F0C3F804F12C0012
S21402528016F0BFF804F1300016F0BBF804F1340053
S21402529016F0B7F804F1400016F0B3F8104B186891
S2140252A0104B201A00115843C0B20FF08DFB014676
S2140252B028460FF082FBE06B10B100F041FFE56379
S2140252C0606C18B10FF041FC00236364A06C0FF011
S2140252D0AEFE0020A06438BD41F24200FBE700BFEC
S2140252E068590020398EE338F0B5104B02461E6826
S2140252F093F804C035464FF0FF3400239C4508DC83
S21402530091B1631C10D0902303FB046080F85920EF
S214025310F0BD95F8597028469742F9D0FF2F08BF7E
S2140253201C4690350133E9E70020F1E76859002072
S214025330014B9868704700BF6859002070B500247A
S2140253409026064D2B79A34201DC002070BD28680A
S21402535006FB0400FFF782FF0134F3E768590020DA
S21402536038B50A4DFFF7EAFFAB6813B100221A60A0
S214025370DA8010F0D3FB00242B79A34200DC38BD80
S2140253802046FFF729FE0134F6E700BF68590020E1
S214025390F8B5054600249027074E3279E3B29A42C2
S2140253A001D80020F8BD3068297807FB030011F009
S2140253B0D0FC0134F1E700BF6859002070B5344CC8
S2140253C00546A06818B10EF007F80023A360E0684F
S2140253D018B10EF001F80023E360FFF7C1FF0020CA
S2140253E00FF0FAFA55B903202571256065830DF092
S2140253F03FFF20790FF0F0FA28B970BD022016F0B0
S21402540028F9A06088B90025A068257125600028C3
S21402541039D1E06818B10DF0DFFF0023E360002009
S2140254200FF0DAFA41F20700E7E7022016F011F968
S214025430E0600028E7D000260320257126606683F8
S2140254400DF016FFB542D4DD05EBC5010901334662
S2140254500122032089B20DF0C7FE06460028D2D1EB
S21402546003200DF02FFF20600028CCD0902231467A
S2140254706A430EF07AFD2379B342BADD3046FFF76F
S214025480ABFD0136F7E70DF0A7FFA560C1E700BF49
S214025490685900202DE9F0410025354E8AB033794F
S2140254A0AB4203DC01200AB0BDE8F08190233468E9
S2140254B003FB054494F85930FF2B0DD0236A98035A
S2140254C006D504F14008404615F0EBFF074628B91A
S2140254D0226A12F4A02F1ED10135E0E7BB7908A993
S2140254E00C333B44D8689A7A1B8AC2F38012ADF812
S2140254F0243000238DF81F2008901A460DF11F0055
S2140255000FF03CF838469DF81F2094F8591008AB67
S21402551010F0F1F9D7E7B4F8503003F01D031D2B55
S21402552016D13C23FF210020CDE90431CDE902004B
S2140255300121CDE9000004F16203C2F3800213F0F8
S21402554070FB0028AFD0236A23F4A0232362C3E7AC
S21402555012F4803F08BF3C214FF0000218BF4321DF
S21402556094F8573094F8590010F0F4FCE9E700BFBD
S214025570685900202DE9F04304468F798BB00C372A
S2140255800DF10409CD1901220E460DF1030049461C
S2140255900FF009F8E36B804603930023E363B4F845
S2140255A05030E879C3F300138DF825302989F7596E
S2140255B012F00BFE204B07441B6805975B7905F13A
S2140255C018026375012306928DF8103005F10C035C
S2140255D0B8F1000F24D09DF80330CDF81C908DF85A
S2140255E020309DF8252094F859308DF8213001237B
S2140255F0DAB98DF8223094F884308DF823306B793E
S21402560003A88DF8243000F00DFE0121204611F08B
S214025610D2FB30460DF0E0FE01200BB0BDE8F08371
S2140256200793AB7AC3F38013D9E7AA7AC2F3401280
S2140256308DF82220E1E700BF045A0020F7B50446A1
S2140256400FF083F9C0F30F23542B3ED9AA2B34BF95
S21402565001230223C0B27E288CBF0222012203212C
S2140256608DF804301344B3FBF1F000EB40001B1A34
S2140256708DF805301344B3FBF1F202EB42029B1A9B
S2140256808DF80630002318461D461A46104901AF0B
S2140256904B7617F8016B44FA06FC1CF0010F06D095
S2140256A053009E40012330430132C0B2D2B20135CC
S2140256B0EDB2032DEDD103B148764B7E43EA821359
S2140256C04B76FF230B7603B0F0BD0023C2E700BF84
S2140256D068590020F7B505466B461646174A0C462B
S2140256E01068516803C395F8583008336B4413F8B2
S2140256F0087CB5F85030DA0609D4334622463946D5
S21402570028460FF002FD00F5FA7003B0F0BD204601
S21402571015F0CFFEB5F8503000F10A049B074FEAA9
S214025720C40405D0304615F0C4FE04F50C740444D7
S214025730E823781E584304FB0700E4E746F9030013
S214025740064B1B68D97ADA78437D5B1A9342A8BF68
S214025750DAB20021427511F0EBBB00BF045A0020FA
S2140257602DE9F04F03280C4685B000F0588107D883
S214025770012820D0022800F0408105B0BDE8F08F55
S214025780312800F041813228F7D1002303A8039381
S214025790F9F702F90028F0D103998B790B449B7D27
S2140257A003F00F03032B00F05581052BE5D12046AD
S2140257B0FFF7E0FEE1E7B1F85020AB4BD7071D68D4
S2140257C0C2F340034FEA830348BF43F008032B812A
S2140257D0560742BF2B8943F010032B810B6AD8066B
S2140257E042BF2A8942F020022A81590742BF2A89EB
S2140257F042F040022A819A0642BF2A8942F080027B
S2140258002A815F0642BF2B8943F480732B812B8942
S2140258105E0701D4180702D543F400732B81D4F82F
S21402582062302046AB61B4F86630DFF84482AB8360
S21402583011F04CFB12F0A8FB0022D8F8083004F155
S214025840620BDA80A06A15F034FE0622D8F80860E9
S2140258508246B7790C37F35D06EB070903F04F0370
S214025860F355B4F8503089F80120103B0D2B32D88E
S214025870DFE803F0C031BC07310C31313131313150
S214025880310CF35D6FF30303F35524E00123F25D5D
S214025890206A63F30302F2550C22010789F80120FD
S2140258A009F108020DD501924FF0FF3259460092D7
S2140258B0C0F380001A460EF06CFEF35D43F08003E0
S2140258C0E2E7D4F86230C9F80830BBF804309380B7
S2140258D0236A5907F1D4B4F85020F35D204662F3E8
S2140258E04513F35509F102010FF04CFEF35D60F328
S2140258F08613F355B37999F8012002331344F371F2
S214025900B4F8503003F01403142B05D0BAF1000F8C
S214025910C4BF524489F80120A36AD8F8080003607D
S21402592012F037FB2B8928615A0732D50023D8F8A4
S2140259300C60F380E06A15F0BCFDB77981460C373F
S214025940F35D06EB070A03F0400343F00403F35546
S21402595006230AF102018AF8013020460FF012FEF1
S214025960F35DB9F1000F60F38613F355B3799AF835
S214025970012003F102031344F371D8F80C00E36A22
S214025980A4BF09F106098AF80190036012F001FB30
S214025990686140F27121B4F84C30B4F84E2094F8A5
S2140259A05800D21AE36803F59C53083301FB02330E
S2140259B02361FFF743FE98F819302B7300236B73AD
S2140259C094F87430EB726368B4F978002B60F9F7D8
S2140259D08FFC2120237D1B0742BF2B8943F0010346
S2140259E02B8105B0BDE8F04F02F090B8F35D62F38C
S2140259F0030349E70222F35DF9E7FFF791F98442D0
S214025A007FF4BBAE2220ECE70B7D23F008030B7578
S214025A10154B1B689B7B43B1012B7FF4AEAE204631
S214025A2005B0BDE8F04FFFF78BBE104B497D1A68F4
S214025A30D37A92780B449342D8BFDAB2A3696275DE
S214025A40002B3FF49AAE0121204605B0BDE8F04F88
S214025A5011F06EBA04F1400015F036FD4FF4003135
S214025A60204611F05EFA88E6485A0020045A0020C2
S214025A706859002038B50446D0F8A400D0B194F88E
S214025A80305115F0DBFC81B20631284612F09DFB40
S214025A9083B240F271200849B4F87C20098C424354
S214025AA041438A42B8BF0A4603F548709042B8BFDF
S214025AB0104638BD0346ECE78459002030B5174B34
S214025AC0826A1B68D206597926D5828F1C79836B27
S214025AD01203B2FBF3F2631AB2FBF3F2B0F8A03091
S214025AE003B1013BD0F8A45005B15B101B02B3FB17
S214025AF0F2F35B180CD090F899200F2A08D91209F5
S214025B00B3EB820FB8BF00234FEA8201A8BF5B1A2D
S214025B109C42A8BF1C46E1B2417530BD045A002023
S214025B2010B50446FFF7FCF8A0420AD1054B1B68E5
S214025B3093F8203080F83430BDE81040222001F07F
S214025B40E5BF10BD485A00202DE9F0411A4C064622
S214025B502368A3B92EB100254FF4A478EFB2B7425A
S214025B6011DB0020BDE8F0812068013507FB030049
S214025B700EF014FFA27BEBB29A42F5D8EAE70025B4
S214025B804FF4A477F6E72068013508FB07000EF00D
S214025B9003FF0028E2D000254FF4A47605E0206833
S214025BA006FB05000EF0FAFE0135EBB2BB42F6D359
S214025BB041F20700D6E700BF84590020084B9A7BC3
S214025BC082420AD94FF4A4721B6802FB0030836A31
S214025BD013F0040F08BF002070470020704700BF74
S214025BE084590020084A09491368C31AD810002BA2
S214025BF001FB00F005DB937B8342D8BF4FF0FF30FA
S214025C0070474FF0FF30704784590020199C8FC1AF
S214025C1070B504460E4618F051FA054604F13002F5
S214025C2052E8003F334342E800310029F8D12046CB
S214025C30FFF7D8FF01230B4A03FA00F002F11C0318
S214025C4053E8003F034302F11C0444E800310029F4
S214025C50F4D14FF48070DFF731F92846BDE8704082
S214025C6018F027BA8459002070B505460C46C2B90A
S214025C700126204611F0ECF9B5F84010441C2846DF
S214025C8013F03BFB14FB06F40028A4B207DD8442A3
S214025C9005DB01280EBF044600F1FF3084B2204621
S214025CA070BD836ADE07E3D5C28F002AE0D0D9062C
S214025CB0DED5DA05DCD4D0F8A430002BD8D10C4BD4
S214025CC01B6893F8213013F00C0FD1D103F01202A7
S214025CD0122ACDD15B06CBD5FFF784FF80B211F036
S214025CE0B9F90028C4D1EE8F0136B6B2C1E700BFBB
S214025CF0485A00202DE9F04789466A490446CB8A6D
S214025D0063B9826812F4601F4FEAD24301BFC3F33D
S214025D10C40303EB830302EB8302CA82B9F1000FCA
S214025D2002D1204611F0D5F9B4F8A050002D40F06B
S214025D30A880A36A13F0100F0CBF3E23082384F832
S214025D407B302046FFF7BAFEFFF74CFF86B20746C7
S214025D50304611F087F98246304611F081F930B1AB
S214025D60304611F073F90021304611F078F9236BB2
S214025D70580409D54FF4804104F1300011F029F996
S214025D8000212046FFF744FFFFB24A463946204626
S214025D90B4F84080FFF768FFB4F84030A4F88000FB
S214025DA01844A4F840005DB1204603F077FD204673
S214025DB00EF0F6FD2046B4F8401013F052F90546F0
S214025DC0304611F04FF9504510D0A36AD9070DD4CA
S214025DD04A4639462046A4F84080FFF745FFB4F805
S214025DE04030A4F880001844A4F84000B4F84030CC
S214025DF0434502D2304611F031F9304611F027F908
S214025E00B4F88030B4F8A02094F87410D21AA4F82B
S214025E10A02094F8732003FB01222521B2FBF1F0A7
S214025E2001FB102284F873206DB3A26AD20712D542
S214025E30A26B2046534340F2712204F144015343BD
S214025E4094F8422002F0C8FC606C85082046FFF7F2
S214025E5011FE2844E06040F27125A16B204601390C
S214025E60694311F0BFF8A36BB4F8802020465A436A
S214025E706368012105FB02336360BDE8F04710F05A
S214025E804BBD01255DE72046082113F026F9204682
S214025E900221FFF7BDFE29462046BDE8F04710F076
S214025EA02ABD00BF8459002008B502F02BF8FB2259
S214025EB0104B10F0020FDA7344F290221A820CBFD3
S214025EC0012203224107197B48BF42F0040262F313
S214025ED0030119731A7BC2F3030161F307121A73E3
S214025EE0032204211A76002219755A82DA61DA82AE
S214025EF008BD00BF845900202DE9F843564C0546DC
S214025F00A06818B10DF068FA0023A360EEB230461E
S214025F100FF036FC8046002839D1304611F0ADF835
S214025F20A8BBFFF711FE074602200DF0A1F9002DCF
S214025F3059D005EB850105EBC101C9004346012294
S214025F40022089B20DF050F90746002846D10220F9
S214025F504FF4A479A6730DF0B5F9394609FB05F29C
S214025F6020600EF002F82368681EF9B2814209FB2F
S214025F7001F207F101072CDB0021284699506360E5
S214025F80FFF7E2FD50BB304611F05BF888B3002500
S214025F9000200FF0F5FB002011F06FF80020FFF74D
S214025FA0D3FD02200DF064F92846C4E90055A57316
S214025FB011F047F8284603F09DFB284611F03DF8FD
S214025FC028460EF007FD02200DF052F94FF00708A2
S214025FD03FE002F5A47119449950C6E70023C4E9CC
S214025FE00033A373D3E7C4E90055A573002FCAD0C4
S214025FF0CDE7304603F07EFB0028C8D128460EF0D7
S214026000E9FC0028C3D1304611F017F80028BED1AB
S214026010304611F02AF806460028B8D1002D18DDC1
S214026020022015F016FB0223A060C3718379314665
S214026030C3F102020C33D2B218440DF096FF0121CE
S214026040A3689A7913441A7B61F301021A73FFF765
S2140260502BFF4046BDE8F88384590020014B987B0D
S214026060704700BF8459002030B50A4B4FF4A47520
S2140260701A689C7B002318462832D9B28C4200D874
S21402608030BD05FB03F151580133890644BF013088
S214026090C0B2F2E7845900202DE9F04118F00EF85C
S2140260A0254D06466C6824B918F003F82046BDE86C
S2140260B0F0814FF4A47723683A4600212046D4F8AC
S2140260C01C806B600DF051FF20233046A362C4F89B
S2140260D01C8017F0EEFF0123237584F83031A3F1FC
S2140260E00113E367EB7BAA8984F842312B8A0021ED
S2140260F0A4F84031072384F88930104BA4F84421D1
S214026100C4F88C3003F1CE5303F59813C4F89030DC
S21402611041F61B33A4F894301B2304F1080084F8DC
S2140261209630A4F88A7012F07AF92046FFF75AFDE4
S21402613080B210F088FFB9E7845900204801480170
S21402614070B5044611F044F804F1080002F0E2FAD1
S21402615017F0B4FF4FF4A472054600212046E66904
S2140261600DF003FF064BE66153F8042F2AB92846C2
S2140261701C60BDE8704017F09CBF13461268F5E736
S214026180845900202DE9F04106464FF480400F4620
S21402619001F0E8FD044630B90E4B1D6893F80E80F8
S2140261A07535A04502D80020BDE8F08155F84D3C73
S2140261B05A0709D5C3F34003BB4205D10622294636
S2140261C0304615F05AF818B1013405F5A475E8E71B
S2140261D00B20E9E78459002010B5044610B9084B95
S2140261E0198410BDA0F87C10A0F87E20FFF742FCB0
S2140261F02169E0602046BDE8104010F0F3BE00BF03
S21402620084590020014BD8731982704784590020A4
S214026210014BD87B704700BF845900200048704766
S214026220905900202DE9F04FD0E9029590F9181008
S21402623087B0027D0291417E019204680779036964
S214026240427D90F816A090F81780002940F0FC8056
S214026250A8F1030101298CBF022603260393B5F891
S21402626008B084F89F202A4652F8101BBAF10000A4
S21402627018BF0120C4F8281104F14801FBF722FDDB
S214026280204612F023FF204610F0F9FE0FF03EFAE9
S2140262904146024620460FF07AFAC8220DF1160150
S2140262A02046ADF8162010F0E2FE43F6FF7104F524
S2140262B094700EF002FCAA88039BA4F82C21AA79FB
S2140262C084F82E211A68C4F875209B88A4F87930C1
S2140262D0019B1BB1A36A43F00203A362BAF1000F4B
S2140262E003D0A36A43F40073A3624FF4607001F014
S2140262F039FDC0F3C01AC3054FEA8A1A48BF4AF0EE
S214026300800A810548BF4AF4807A17F0D7FEA36A4E
S21402631043F00403A362E36A43EA0A03E36217F064
S214026320C8FE94F8343043F0100384F83430BB1EB1
S214026330012B00F28B80A36A43F48043A3620121FF
S2140263402046FFF765FC0421204612F0C6FE6B7D50
S2140263502046C3F3040384F874306A8907F0FD0705
S2140263605200A263697B2A7B42EA0122E287E97B2A
S214026370AA7B42EA0122A2876A7D84F87330C2F3BE
S214026380421284F8422000220523A4F8402001226B
S214026390A4F8A030A4F88020029910F075FE01F04F
S2140263A0ABFD20F40060C4E908012046FFF786FB37
S2140263B0414BB3F816A0BAF1000F05D1002F40F2F8
S2140263C0C71A18BF4FF4D77A2046FFF70BFC3B4B91
S2140263D0000240F00300E082C4F80490A361002F9C
S2140263E03AD12046FFF746FBB8F1010FE06005D030
S2140263F04146204684F8308110F08DFF04F10806ED
S2140264003046514612F00BF80120FEF72DFB28B954
S214026410237D5A075CBF43F002032375A16830460A
S214026420C1F3C84141F0880102F022F940F271211D
S2140264306B892046013B594310F0D4FD204610F0EC
S2140264404EFA07B0BDE8F08F012607E7012F7FF46A
S21402645076AF40F2014173E740F27127760006EB11
S2140264604B067E4309EB06036360A36A04F1440904
S21402647043F00103A36294F83430494643F0010323
S214026480204684F8343012F0A1FD334649462046B1
S21402649094F8422002F0A0F9EB7901225B0049460B
S2140264A020467B4312F098FD636C20469E08FFF759
S2140264B0E1FA304498E700BF84590020BD69020023
S2140264C010B4C46A14F0080F11D144F0080423F47F
S2140264D01053C46223F01003064C1B0414401B0C1A
S2140264E0C0E9084340215DF8044BFFF791BB5DF815
S2140264F0044B70472FCF87F700232DE9F3474E79D9
S2140265000546B20758BF06F00106084648BF0326EE
S214026510ADF8043058BF01360C460EF042FA074674
S21402652007F01F03002BEB6A15BF4FF001084FF070
S21402653000084FF003094FF002099B050CD59DF8A1
S2140265400430214666F3010368F345138DF80430E0
S2140265502846019A11F032FF204614F0AAFF82461E
S2140265604946204614F079FF9DF80430A27966F376
S214026570010368F345138DF804308DF805A0BDF8C5
S21402658004300C32A3529DF80430A11898066379A1
S21402659048BF8F7043F00103637117F08FFD2146E9
S2140265A0074605F1A40014F08FFF95F84631013333
S2140265B085F84631AB6ADA070ED52846FFF712FB96
S2140265C080B210F041FD30B34388B5F880209A427D
S2140265D002D9284611F046F8FEF7A2FB854214D1EE
S2140265E00E4B20461E6811F0D4FC2C36014630466F
S2140265F011F04FFBAB6ADB0707D4304611F044FBC1
S214026600022802D8232001F081FA384602B0BDE8FB
S214026610F04717F04EBD0123D7E700BF485A0020C7
S2140266202DE9F04F85B004460191084661B34B79D7
S2140266309A071AD414F03DFF019A60B9537901A85B
S214026640DB0742BFA36A43F40063A36214F0D9FED9
S21402665005B0BDE8F08FA36A1F0506D523F40063D4
S214026660A362537943F001035371019E17F026FD8E
S214026670737931469E0705461ED504F1AC0014F028
S21402668032FF284617F015FDDFF8909117F016FD39
S214026690A36A07465D0614D5D4F8AC3043B19A799E
S2140266A013441B7B3A2B03D829FA03F3D80711D4D9
S2140266B0384617F0FEFCCBE704F1A80014F004FFFE
S2140266C0DFE794F94631022BF2DCD4E92A2372B9C9
S2140266D0002BEDD004F1AC0014F09DFE05463846C2
S2140266E017F0E7FC29462046FFF706FFCEE7002B09
S2140266F0F0D194F89680039304F1A80BD4F8A8601E
S21402670096F807A0B379AAEB030A5FFA8AFAC2459B
S21402671027DC584614F0C5FE0546A8EB0A086B7936
S21402672029466FF3C3036B7103A814F0CDFED4F8A9
S214026730A8302BB15B79990702D1B8F1000FDDD1F1
S214026740039B002BB4D09B79022B40D8002014F078
S21402675080FF014670BB039904F1A80014F0C3FE43
S214026760A6E7002014F075FF054630B9039904F138
S214026770A80014F0B8FE03959AE78079B1790C3038
S2140267800C314246314428440DF00EFEEB7953FAA2
S21402679088F3EB71B379727953FA88F3B3716B7934
S2140267A04FF0000862F300036B7173796FF3000316
S2140267B07371B4E7039B4A79587960F300024A7111
S2140267C05A7903A86FF300025A7114F087FEE36A3F
S2140267D09A0512D50398034600680028FBD1DB7998
S2140267E0C3F14503DBB2032B07D814F032FF014690
S2140267F00028B0D003A814F067FED4F8A83013B16E
S2140268005B79DB0704D5039A537943F00803537187
S214026810384617F04EFC039965E700BF7C2C020051
S21402682000232DE9F041174D05F11C0252E8006FD6
S21402683042E80034002CF7D14FF001086EB9F4B1EB
S21402684005F11C0353E8003F234305F11C0242E80E
S21402685000300028F4D1BDE8F08196FAA6F0B0FA2E
S21402686080F008FA00F726EA0706FFF7A7F90028DD
S214026870E4D010F032FF0028E0D13C43DEE70120EE
S214026880E9E700BF845900202DE9F74F044601903E
S214026890002860D0C5794FF000080C35054417F083
S2140268A00DFC464600904FF4A47A40462B4FBA7B26
S2140268B05FFA88F94A4517D90AFB09FB3A685A442F
S2140268C0916A4B0744D5B2F89820C2F30B02002A0D
S2140268D03ED0E279C2F14502D2B2032A15D802208E
S2140268E014F0B7FE044640B9002300987B8217F0E6
S2140268F0E0FB304603B0BDE8F08F014601A814F075
S214026900E3FD0020E5790C3525440422012300210D
S21402691012FB003305F82090E9543B6802FB005C4A
S2140269205B44B3F8983001368CF80230032312FB2E
S2140269300032A9543B6801305B44B3F89820C0B2D9
S21402694061F30B02A3F89820E379F6B20433E371FD
S21402695008F10108ABE70646CBE700BF84590020E2
S214026960F7B56846FBF7A2F900254FF4A477124E56
S214026970B37BAB4201DC03B0F0BD346807FB0544D1
S214026980A36A03F00503042B13D10522694604F11A
S214026990490014F072FC60B10121204612F055FD48
S2140269A038B9012014F055FE014610B1204602F017
S2140269B071FB0135DCE700BF845900202DE9F04F5A
S2140269C031280C4685B000F093810AD8022800F0E0
S2140269D0E380032800F0E680012847D005B0BDE832
S2140269E0F08F322800F0EE803328F7D101F1A400B0
S2140269F014F011FD94F846310390013B84F84631B9
S214026A00437903F00A03082B20D1B4F89830042007
S214026A105A1C62F30B03A4F8983001F0A3F9A8B14C
S214026A202046FFF7DFF880B210F00EFB002800F0D9
S214026A3057814188AB4A937C0B44DBB29374127D38
S214026A409A4203D84FF08060DEF738FA03A814F0B3
S214026A50D8FCD4F8A8301BB9D4F8AC30002BBDD083
S214026A604FF480512046FFF7D3F8B7E791F89930F4
S214026A7008466FF3071381F8993010F0CFFA84F8BE
S214026A80310120460EF076FEB4F93401F8F730FCF8
S214026A90954B20461D68FFF7A5F885F8250094F863
S214026AA0343085F82030002385F8213085F82330ED
S214026AB0E26A94F8933002F4C062B2F5C06F03D172
S214026AC00433FF2B28BFFF2385F8243063684FF476
S214026AD000306B60A36ADB0742BF636C9B08AB6047
S214026AE001F040F900284CD0FEF79EF9D4F8283180
S214026AF0E8602B6194F831317A4E6B76D4F82C31FB
S214026B0005F12C076B6194F830312B76637D85F89E
S214026B10223011F039FA384611F0B2F8B06811F0A6
S214026B2038FA0023A8620393D4F8A40003A911F04C
S214026B3056FB48BB212000F0E9FFD4F8A83013B971
S214026B40D4F8AC3023B14FF480512046FFF760F8FA
S214026B50042001F007F900283FF440AFB37C002B75
S214026B603FF43CAFF37C327E0133DBB29A42F374DD
S214026B703FF634AF4FF0806005B0BDE8F04FDEF769
S214026B809DB9FDF759FFB1E7039811F002FA0146E5
S214026B90384611F07EF8C7E7084605B0BDE8F04F64
S214026BA0FEF7BEBF91F89930C3F30312013262F3C7
S214026BB0071381F899300021204605B0BDE8F04F52
S214026BC0FFF798B8002603A80396F7F7E5FE2046D7
S214026BD0FFF708F8C0B20DF0F1FE05462046FFF7B3
S214026BE001F8039B29460193B4F8403082B2009321
S214026BF0022033460DF0D8FE03998B7903F10C057B
S214026C000D44AA7A0A3312F0200F14BF032202227E
S214026C1013448B71E36A5F050FD5AB7AEA7A204696
S214026C2043EA022211F0E3FB38B903A814F0E9FBA9
S214026C303D21204610F036FFD0E6A36A95F80AB04A
S214026C401E0603990BF00302C3F3C01012D5032AE3
S214026C508B79EAD10B441A7B3A2AE6D8234BD340E7
S214026C60D807E2D54B79204643F002034B7101F078
S214026C7031FFB3E6032AF5D04B790BF0030B60F332
S214026C8041034B71084695F8069095F905A014F055
S214026C9010FC039E0746B5792046063DEDB2B57157
S214026CA0FEF7A0FF0C35C0F3032306EB050843EA04
S214026CB00B1388F803303346FFB288F80200A8F8B0
S214026CC0047006F805A088F801905A796FF341021D
S214026CD05A711B68002BF8D130460EF045FE7DE651
S214026CE00121A7E684590020485A00207C2C020085
S214026CF0344B8E8F1D68360195F8203081F834307B
S214026D008B6BE08FB6FBF3F6B1F8A010B3B21B1A8A
S214026D10994295F821204CDCD1064CBF0021022175
S214026D2094F831010EF0ECFC95F82130DB071BD508
S214026D30A36ADF0706D52B682046636004F1440188
S214026D4012F044F995F82130D80602D4A36AD9067F
S214026D5006D4A4F8A060204695F9271010F094F9FE
S214026D60A36A43F01003A36295F82020E36A920612
S214026D704CBF43F0010323F00103E36295F8213090
S214026D809B0606D52046FEF72DFF012180B210F0A5
S214026D9066F995F82130204603F01203122B0ED125
S214026DA010F098F995F82610204610F091F9012176
S214026DB002E79207B8D5032194F83101B2E710F042
S214026DC088F9EFE7485A0020F8B500244FF4A47774
S214026DD00E4DAB7BA34203DCBDE8F840FFF764B878
S214026DE007FB04F6296831448B6A5B070BD5012042
S214026DF012F046FA29680020314412F041FA286857
S214026E003044FFF79DF90134E3E700BF84590020C0
S214026E10012838BF0120012938BF0121014B18750E
S214026E201976704784590020F0B587B01D4604468F
S214026E300E9FFFF7D1F940F2E242BDF8301002FB96
S214026E4005F05143FEF716F81A4B3860DE8A40F218
S214026E508A23002E08BF1E46F7F78EFE3B68019077
S214026E6000EB4302CDE90223E368054601A8CDE91B
S214026E7004360DF08EFD9DF8043053B90DF065FD15
S214026E804FF4FA63B0FBF3F202FB130015FA80F03C
S214026E9002900299E36861603A68E0690DF07FFD4E
S214026EA06168E069FDF7FAFD62680D9B1A6007B03B
S214026EB0F0BD00BF8459002038B517F0FFF8084D22
S214026EC00446002128460FF016FDF7F755FE6860C7
S214026ED028460FF004FD2046BDE8384017F0E9B812
S214026EE0A859002038B51D4C012808BFA3844FF0CE
S214026EF0000363754FF0040394F82850E382184B9E
S214026F000CBF45F0300545F05005164884F82610AB
S214026F104FF47A710CBF84F8285084F82850C4E9DC
S214026F20033384F8272011F07AFA0120FDF79CFD3E
S214026F3028B9237D5A075CBF43F002032375A16874
S214026F400848C1F3C84141F0F00101F091FB064B3D
S214026F50A361237D43F00903237538BDA859002099
S214026F6000CA9A3BB05900206D6F02000328F8B59C
S214026F700CD004D801280DD0022852D0F8BD3128F2
S214026F80FCD12D4B1B685B7D012BF7D1BDE8F84089
S214026F90FFF792BF294F284E7B7D35682B75FB8CF9
S214026FA06B8200232B8297F82830990634D5A87571
S214026FB010F0EAFF386A10F0ECFF3468E860E06828
S214026FC010F0E3FF4178A07C10F086FE04460DF038
S214026FD0FFFC38B1C3799A0642BF837903F01F03D8
S214026FE004EBC30440F2712304F2693494FBF3F415
S214026FF05C43B7F92400AC60F8F770F9F8F778F953
S21402700034687B682360FDF717FD6060212000F07E
S2140270107DFD0DF0EAFCB1E70220A8750DF0F4FC48
S214027020EEE7064B93F82830DB06A7D5BDE8F84016
S214027030222000F06BBD00BF485A0020A85900204D
S214027040044B41F20C0093F8283013F0100F08BFDF
S21402705000207047A85900202DE9F04F89B00F464E
S21402706090469DF848409DF84C90029003930DF090
S214027070AFFC002857D0211E18BF0121C27961F348
S2140270804512C271920629D40DF0A2FC05460028CC
S2140270904CD106464FF0020A012014F0DAFA584C98
S2140270A02062002800F0A980837908F00F020C33D2
S2140270B0C118C2544F702EB1C25C42F02002C254B4
S2140270C0AB798B70514614F073F9B8F1070F5BD8A1
S2140270D0DFE808F0524638904C4F4943B9F1020FA8
S2140270E005D941F21104204609B0BDE8F08FA21E70
S2140270F0122AF6D8827904F01F0402F0200244EA2B
S214027100891414439DF85010159A84710DF053FC9F
S21402711010B140F48054E6E70DF048FC0028B3D0E6
S21402712040F48054DFE7002CAED0DAE7C37903F0F0
S2140271302003002B0BBF002601264FF0020A4FF059
S214027140030AA9E73A46AA21206A10F03CFD044643
S214027150D0B12C4814F055F9C5E73A465521F3E765
S2140271603A46F021F0E73A460F21EDE73A46FF218C
S214027170EAE73A460021E7E74FF0000A4FF0FF3B06
S214027180236A019357450AD80120DDE90221BDF999
S2140271905830FFF7A7FE0024FFF78EFEA3E7464609
S2140271A0002504AC0BF48879484614F076F84FEACA
S2140271B019294FEAC91901356B0749EA560608BF6D
S2140271C004F8016B08AB00F001009C4240EA4B0B4E
S2140271D0E8D1102201980DEB020114F014FB80B2E4
S2140271E0102804D10AF1100A1FFA8AFACAE741F2F5
S2140271F00704AEE741F21104ABE741F2070472E777
S214027200A8590020C8590020F8B51C4B1E689EB32A
S2140272101B4D95F8284014F010042BD0222000F0C5
S21402722075FC16F04BFF95F8283007469B06348A05
S21402723006D54FF4803000F095FD002808BF0024E4
S21402724000260F48314685F828600FF054FB0D489B
S21402725014F0D7F82E620DF0B9FB05460DF0B8FB18
S214027260014628460DF0A9FB074801F053FA3846B6
S21402727016F01FFF2046F8BD3446FBE7485A0020AA
S214027280A8590020C8590020B0590020034B93F893
S21402729028300BB1FFF7B8BF704700BFA8590020CF
S2140272A00138C0B203289ABF014B185C0020704711
S2140272B07DF90300431E012B05D9022902D8024B91
S2140272C0585C7047002070477AF90300431E042B6F
S2140272D0054A07D8052808BF03200621431E01FBDE
S2140272E00320704710467047A8F90300014B53F875
S2140272F02000704784F9030010B560B10022074CE5
S214027300D3B2013354F823101346814202F101022C
S214027310F6D2D8B210BD0120FCE700BF84F9030004
S214027320024BDB6993F87F00704700BFE84B0020F2
S214027330024BDB6983F87F00704700BFE84B0020F2
S21402734070B51646028B04468A420D461DD2438B02
S21402735023B90EB1D5B23570206970BD0C4B0169E8
S21402736018460DF021F80346208B61692D1A184441
S214027370638B9D42A8BF1D46EAB20DF015F816B102
S214027380238B1D443570024870BD002EE3D1E3E71F
S21402739056630020034B5B6A13F0060F0CBFE22015
S2140273A0F1207047C057002008B5FDF7B9FC054B21
S2140273B0834206D1F7F724FBBDE80840002000F020
S2140273C01BBB08BDC057002070B51E4C1E4800F0FF
S2140273D013FB94F85C3094F85D200021C8200EF070
S2140273E090F9014604F154000DF067FB04F15400D5
S2140273F010F067FE0022114610460DF0F2FA66689B
S214027400F7F7BAFB0246FFF7C5FFB61AB6F5FA6FEC
S21402741005460BDCFDF710FB627DA0F5E171284600
S21402742010F0B4FEBDE870400DF042BB6668FDF792
S21402743003FB3146A0F5E172637D284610F06CFE30
S214027440F0E700BFC0570020C577020038B5F7F74F
S214027450D7FAFDF7F7FA40F2EE2398420E4C0EDD0D
S214027460FFF798FF0546FDF7E7FA627DA0F5E171A2
S214027470284610F08BFEBDE838400DF019BBF7F732
S2140274807BFBE36B62689B1A0344E3630020BDE860
S21402749038400FF02FB900BFC0570020F7B5104C88
S2140274A0064694F84D500F462DB10020013D84F853
S2140274B04D5003B0F0BD0B4B02201B685978F7F70E
S2140274C089F894F848303A46CDE90053314603230A
S2140274D0206B0FF040F9206B00F05EFE0120E8E71B
S2140274E0C0570020045A0020094A02F1240353E838
S2140274F0003F43F0080302F1240040E8003100296F
S214027500F3D1044B01201B685978F7F779B800BF0E
S214027510C0570020045A002070B50A4C636A5B0705
S2140275200DD58B790C33CD1850B9E879CE58298908
S21402753010F04BFE0644A6636B7984F84C3070BD9F
S2140275400120F3E7C05700202DE9F04F16468DB014
S214027550021E069108BF00211F46964B0592DD6A61
S2140275605B6AAC7938460C342A5DC3F3801B61F340
S21402757045122A55314603F0400203920DF00FF8E9
S21402758005EB04080790285D08F108094946C0097A
S2140275900DF005F8039B8246002B44D1002844D107
S2140275A00CF0FBFF80F00103DBB25A463146384648
S2140275B003F0010310F036FE0490002800F08A80E3
S2140275C0039B002B33D1BAF1000F75D1079B002B1A
S2140275D072D00CF0D1FF00286ED001220AA90DF15C
S2140275E027000CF0E0FF002874D09DF827302A5DB3
S2140275F0591E4B424B41B3EBD21F6BD10622484673
S2140276000AA913F03AFE002864D13368C8F8083095
S214027610B388A9F804302B5D67F3C7132B554FF0D8
S214027620000AD34619E00123BFE7039BBDE7614B7F
S2140276305B6A13F4007A1CD115F804B0CBF3801BF6
S21402764050460CF0B6FF3368C8F80830B388A9F87D
S21402765004302B5D67F3C7132B55059B554E002B45
S2140276603ED196F8B130002B3AD0013B86F8B130C5
S21402767030E00CF07EFF002806DA15F804B04FF072
S214027680000ACBF3801BDBE70022114610460CF003
S21402769082FF15F804B08246CBF3801B0028CFD0B9
S2140276A0002302211A4608EB01000FF02CF82B5D8E
S2140276B060F386132B55C3E77A1E57422B5D57415C
S2140276C0B7EBD31F06D106223146484613F0D5FD46
S2140276D00028A4D00023049304980DB0BDE8F08FD0
S2140276E0F7F74AFAF36A00F196019A7908F10E0062
S2140276F013441A6B059B00939DF8583010F002FB5A
S2140277002D4B059A07461B68A2B959780220F6F750
S21402771061FFF06A00F040FDF36A9A7913441F6332
S214027720FDF7FEFA254B8361069BBBB9736A23F409
S214027730806316E0D9790020F6F74CFFF06A00F075
S2140277402BFDF36A1E489A7913441F6300F054F91E
S214027750069BC3B9736A23F4806317E0736A43F423
S21402776080637362039B9BB1BAF1000FB4D000230F
S21402777059461A4608F102000EF0C5FF2B5D60F36B
S21402778086132B55A8E7736A43F480637362EBE7AC
S2140277902B5D0022C3F3C01349460AA88DF8283091
S2140277A00CF001FF2B5D9DF8282062F3C7132B55C2
S2140277B0DAE700BFC0570020045A00201D48020026
S2140277C0917902002DE9F04F532885B01FD005D8D5
S2140277D0512800F0CE8005B0BDE8F08FA0F1550329
S2140277E0012BF8D855384FF0010118BF0120FBF7DE
S2140277F06BFDF7F7C1F9644AD36B51685B1A034411
S2140278000020D36305B0BDE8F04F0EF073BF00252D
S21402781003A84FF0FF310395F7F7EAFA03985A4E9A
S21402782058B1FBF73FFE0828804603D8574B1F5C2B
S214027830380709D403A813F0E4FD736A13F0060FA1
S21402784015D0FFF703FE12E0B8F1070F16D1726AE1
S21402785012F48012EED130460399FCF7F9FB0028A9
S214027860EBD0FCF7AFFA10B10120FBF795FC012133
S214027870084605B0BDE8F04FFBF726BD039CFDF7B2
S214027880E1F8736A814613F0040343D017F002034B
S21402789040D0A0F56E73002B0DDD0120A2790C32CC
S2140278A02244917A0090C1F380130C32C1F3401146
S2140278B0FFF74AFE05462046F7F7CAFA2146012098
S2140278C0FFF72AFE736AD9072ED503F0800A94F8CA
S2140278D006B00CF062FE0BF10C0BA34480F0010321
S2140278E09BF80A00BAF1000218BF0122DBB20BF1C4
S2140278F00C01C0F3801010F095FC68B155BB736A9A
S21402790020469A073AD5FB0712D47B0739D5FBF7F0
S2140279102DFD92E71D46CEE7BAF1000F04D151467F
S2140279200CF044FE0028E9D020460BF055FD1CE082
S2140279300FF001F870B1A9F21659B9F1000F09DD7E
S214027940A0790C302044817A0C30C1F38011FFF705
S214027950A5FD0546B8F1040F02D1736A9907E3D56F
S2140279607A07E1D52046FBF701FD002D7FF47FAFB5
S21402797063E705B0BDE8F04FFFF7B6BDB8F1040FF8
S214027980C3D10BF029FD58E7C057002005FA0300C3
S214027990512808B50BD1084800F02EF80122074BF3
S2140279A0104693F94C10BDE80840FBF76DBFBDE8E2
S2140279B00840FFF707BF00BFC5770200C057002088
S2140279C00022024BC3E90022704700BFF85900208C
S2140279D010B5074C2422002120460CF0C6FA0623D6
S2140279E02384044BE36100F0ADFB9430206010BDAD
S2140279F0D45900205D7F030010B5044616F055FBEF
S214027A000022044B5C60044BBDE81040DA6116F0BD
S214027A1047BB00BFF8590020D4590020024B03EBA5
S214027A2080035960704700BFD4590020034B03EB14
S214027A3080035868003818BF01207047D4590020C8
S214027A4010B5044616F031FB0022044BDC61044BF1
S214027A50BDE810405A6016F023BB00BFD459002080
S214027A60F859002070B5C6B2212E0446144D10D126
S214027A70F6F7DEFD230CC4F3074405EB84042B84DF
S214027A806368EB61EB69CBB130462968BDE87040AC
S214027A901847222EF6D116F011FBEB69044633B1D5
S214027AA00020FFF7CDFFFF232B84F7F72BF800F01B
S214027AB093FA2046BDE8704016F0FBBA70BD00BFD0
S214027AC0D459002038B5104B04461A7812B1002259
S214027AD01A7038BDC5B2FDF723F968B1C38AB3EB95
S214027AE0144F0BD1312D02D101200DF003F8284698
S214027AF0BDE83840FDF7ECB8FF23F0E72846BDE8BE
S214027B00384010F00EBA00BFF859002038B5A0F180
S214027B1021030E2B04461AD8FDF702F9A8B3C08A31
S214027B20FF2832D0212C4FEA004508D100200CF065
S214027B30E1FF45F02100BDE8384000F0C9BA222C2A
S214027B4044EA0500F7D1BDE8384010F0FDB9A0F1CF
S214027B5031031E2B0ED8114B188C44EA004000F05D
S214027B60CBFA312C11D10020FFF76AFFBDE838406E
S214027B700CF04CBFA0F111030E2B06D8132C40F4C8
S214027B80C02003D006D9142CD5D038BD0122044B10
S214027B901A70D0E7BDE8384000F0AEBAD4590020DB
S214027BA0F85900200B4A10B5D36904461BB1116878
S214027BB0BDE810401847084B5B6813B1BDE810409B
S214027BC01847FDF7ADF8014618B183690BB1204698
S214027BD0EEE710BDD4590020F8590020024B186970
S214027BE008B1DDF76BB97047084C00200C4B73B533
S214027BF01C6804B10C3400250A4B68461E683560C2
S214027C0000F0A4FA009B20467360F6F7B1FC284603
S214027C1010F0EAF8024802B0BDE8704013F0F1BB7B
S214027C20005A0020485A0020002310B5424A02F1AA
S214027C30100151E8001F02F1100C4CE80034002C31
S214027C40F5D140EA0104A00201D5FCF77FFF21012D
S214027C5001D5F6F719FFE20301D500F0F3F9002C7F
S214027C6001DAFAF747F9630001D5FBF7C9FCE00031
S214027C7007D5FDF70FFC20B94FF080512F4810F0C2
S214027C8012F9610107D50FF0B1FE20B94FF08061FD
S214027C902A4810F008F9A20105D50DF030FDFEF7CE
S214027CA05FFE0DF0BCF9E30108D50DF088FD07284C
S214027CB004D14FF08071214810F0F5F8600201D52A
S214027CC0F9F702FC210201D50CF072FEE20207D59A
S214027CD00FF0B5F920B94FF48011184810F0E3F808
S214027CE0A30507D500F08CFE20B94FF400711348A7
S214027CF010F0D9F8E00507D5FEF792FD20B94FF44B
S214027D0080710E4810F0CFF8610503D5F7F732FE02
S214027D10F7F76CFE220501D50EF0A7FAA30309D5E4
S214027D200DF066F830B9BDE810404FF40031034854
S214027D3010F0B9B810BD00BF084C0020184C002047
S214027D400146014810F0AFB8084C0020C043044A70
S214027D5052E8003F034042E800310029F8D170475C
S214027D60084C0020014B1B6818407047084C002046
S214027D7010B5044BD3E9064204430A43C3E906425C
S214027D8010BD00BF084C002038B50546354CFCF740
S214027D9063FE0021202220460CF0E7F84CF20C008D
S214027DA00021FFF7E5FFC5B1AB684FF6FF72002072
S214027DB0698B2360FEF710FA022013F04AFC2A4B66
S214027DC0186000284BD02B460C3005F1200253F8E1
S214027DD0041B934240F8041BF9D1244B2448A360A9
S214027DE0002323730BF02EFB00F01EFC2846F6F74A
S214027DF059FF044670BBF6F789FB20B14FF480703A
S214027E000021FFF7B5FFF6F787FB20B14FF40060BD
S214027E100021FFF7ADFF2DB1B5F91210B5F910002C
S214027E20F7F772FA0DF07EFC00F068FBFBF73CF801
S214027E30044678B9FAF722F800F0B2F800F072F9C0
S214027E40FFF7BEFD00F0E6F830B900F0E9F80446A8
S214027E5010F09AF8204638BDFFF7C8FEF8E701246E
S214027E60F8E700BF084C0020005A0020DD7B020025
S214027E700C4C002010B5054BD3E9064224EA000458
S214027E8022EA0102C3E9064210BD00BF084C0020E8
S214027E9070B505460E46FEF7E7F8044628BB154BB6
S214027EA02F2DD3E9062313D113F4804F1FD00120C0
S214027EB0A5F12003C5F1200200FA03F320FA02F22C
S214027EC043EA0201A8406EB1FFF752FF204670BD9A
S214027ED0262D02D113F0200FE8E7202D07D112F04D
S214027EE0405FE3E7FFF7C6FFF0E70C24EEE7112456
S214027EF0ECE700BF084C0020014BD3E906017047AF
S214027F00084C0020054B9B69DA054CBF0320012074
S214027F101B0548BF40F00400704700BF084C002015
S214027F20014B1860704700BF045A002010B516F0C7
S214027F30C5F804460220FCF7CBFEF6F723FEFCF754
S214027F408BFD204616F0B5F8F9F7B4FFFBF774F888
S214027F50FDF706FA0DF041FCFEF736FF0DF0CEFBFC
S214027F6000F05CFB0FF098FFFFF790F90CF01DFB9A
S214027F700CF040FFBDE810400022024B02481A6196
S214027F8013F03FBA084C0020005A00202022034B70
S214027F90C3E900229A6000221A7670472C5A002003
S214027FA038B50025094C0A4B1C2229462046C3E94F
S214027FB000550BF0DAFFFFF7E9FF30230122C4E990
S214027FC003336361034B65761A7038BD2C5A002062
S214027FD0085A0020C678002008B516F06FF8FFF79A
S214027FE0D5FF3023084A0949D36013615361CB6039
S214027FF00B614B610023537601224B76044B1A70B9
S214028000BDE8084016F055B8105A00202C5A002039
S214028010C6780020014B1878704700BF996300208D
S21402802010B5044C23781BB90FF090FF0123237080
S214028030002010BD99630020014B1868704700BFEE
S214028040085A00202DE9F04116F038F81C4F8046F9
S2140280503B7843B94FF48030DCF730FF4046BDE84A
S214028060F04116F026B8174E174C35460FCD0FC402
S21402807095E80700002584E80700FFF787FF30230E
S2140280804046C6E90333736175763D7016F011F803
S2140280900E4E103CE068302804D07368C6E9003003
S2140280A0FFF710FD54F8040B202801D0FFF7DAFC86
S2140280B00135EDB2032DEDD101233B70BDE8F08111
S2140280C0C67800202C5A0020105A0020085A002099
S2140280D010B5044615F0F2FF064A137E42F8234016
S2140280E00133137615F0E5FFBDE810404FF48030FB
S2140280F0DCF7E4BE2C5A002010B5044615F0DEFF6D
S214028100074A537E02EB83010133CC60537615F0A7
S214028110D0FFBDE810404FF48030DCF7CFBE00BF82
S2140281202C5A0020F422002101480BF01EBF00BF8B
S2140281304C5A0020014B024A1A607047485A0020E7
S214028140E05A0020004870474C5A0020024A02605B
S2140281504FF4007242607047405B0020014B186E7D
S21402816080B2704700C001B80A4BD86800F0706051
S214028170B0F1106F0CD008D8B0F1E06F08D0B0F1B3
S214028180006F14BF002001207047B0F1406FF8E77F
S21402819001207047000002B838B5044680790C4DBD
S2140281A00C3020440CF01FFC0123A179E279521A0C
S2140281B00C3121442869D2B212F0ACFA246804B910
S2140281C038BDA179E2790023521A0C31F1E700BFDB
S2140281D0E84B00202DE9F041054680790C460C302C
S2140281E0284416461F460CF0FEFBA979EA79DFF80A
S2140281F05C80521A0C310123D8F81000D2B22944FE
S21402820012F088FA44B1E379A2799B1ADBB2B34240
S21402821004D30CB1002F04DCBDE8F0812468F61A02
S214028220F0E7A179E57900236D1AEDB2AD1BBD42E8
S214028230A8BF3D460C3131442144D8F81000AAB2FA
S21402824012F068FA002624687F1BE2E7E84B00205B
S2140282502DE9F04F87B0074692469B46ADF80C10C4
S21402826013F027F9B0F1000945DD15F027FF02905B
S214028270002F43D03C464FF00008294EA279E579FC
S21402828002F10C01AD1AEDB2214406EB08002A46B3
S2140282900CF08AF82468A844002CEFD19DF80C1044
S2140282A020484A4601F023010DF1140900915B466D
S2140282B0C0F808A01A49CDF8049015F0BCFFBA46DB
S2140282C09AF806309AF8075003F10C00ED1AEDB250
S2140282D0311950442A460CF067F8DAF800A02C440C
S2140282E0BAF1000FECD1029815F0E3FE04224946DB
S2140282F0384613F088FA07B0BDE8F08F9DF80C10E8
S21402830008484A4601F023010DF1140900915B4624
S214028310C0F808A00249CDF8049015F08CFFE2E7F9
S214028320405D0020247800202DE9F04784B0904676
S21402833099460390ADF8081013F0BBF8071F002FFC
S21402834025DD039D002D40D04FF0000A204EAB796C
S214028350EC7903F10C01E41AE4B2294406EB0A00B4
S21402836022460CF021F82D68A244002DEFD11948C0
S214028370F119C0F8088001919DF808104B4601F0EB
S214028380230100913A46124915F048FF18B1002021
S21402839004B0BDE8F087039D7DB10746AB79EC7962
S2140283A003F10C00E41AE4B2F119284422460BF059
S2140283B0FBFF2D682744002DF0D103A8042113F0FB
S2140283C0C3F8012004B0BDE8F087014ECFE700BF36
S2140283D0405D00202478002030B514460D46024643
S2140283E0064883B00195802183602346009415F0E9
S2140283F099F8B0FA80F0400903B030BD2478002026
S2140284000023F0B50E46D1688BB009BA0291C17846
S21402841090F800C061F3070381781A4D61F30F23C9
S214028420417802AF61F317436CF31F6309939368B5
S21402843051681BBA0393836809BA1BBA0793136879
S21402844042681BBA0593C36812BA1BBA06AC0491FB
S214028450AF600892069323468022294601200094A4
S21402846015F0D9FE0028F6D1DDE90810DDE906325E
S21402847000BA09BA12BA1BBA30607160B260F36011
S2140284800BB0F0BD247800202DE9F84FDFF8689095
S2140284908246D9F800B088461746BBF1000F28D0AE
S2140284A0002699F80450B54207D13D7099F80400A9
S2140284B0A84214BF0120022017E074196110C1EB14
S2140284C0C10159448879C4F3470400F00100B8EBAF
S2140284D0000003D10622504612F0CFFE002806DB2B
S2140284E002D0661CF6B2DEE73C70BDE8F88F254681
S2140284F0D9E70320F9E700BF505E00200022014BB7
S2140285001A717047505E0020F8B5054615F0D6FD84
S214028510104C85F3070563790646AB4205D1002465
S214028520304615F0C6FD2046F8BD00272068657166
S214028530277110B113F0ACF927606379002BEED0E7
S214028540C5EBC5000BF074F820600028E7D1607117
S2140285500724E5E7505E0020014B5879704700BFBC
S214028560505E0020F7B5061E0D4618BF01262846A7
S21402857031460DF10702FFF787FF10B30138C3B289
S214028580012B21D8114C2279637993421CD99DF88C
S214028590071020684B1CC3EBC303DF1F521AC2EB43
S2140285A0C202C11918440BF084FE29682368D95107
S2140285B0DA19AB88938023683B449E712379013392
S2140285C02371012003B0F0BD0020FBE7505E0020BF
S2140285D00B4613B5011E18BF012118460DF10702FE
S2140285E0FFF752FF10B1002002B010BD0A4C9DF8F2
S2140285F0071022792368C1EBC100521A013AC11D45
S21402860019441844C2EBC2020BF053FE2379012030
S214028610013B2371E8E700BF505E00200022014BB9
S2140286201A717047505E0020104B1A7842F0F00222
S2140286301A701A7C42F0F0021A7493F8202042F064
S214028640F00283F8202093F8302042F0F00283F8FC
S214028650302093F8402042F0F00283F8402093F84E
S214028660502042F0F00283F850207047585E0020F7
S2140286700368054A23F07F6323F4002302EAC1421B
S21402868013430360704700BF0000F80FF8B5448834
S214028690054604F00704072C1C4E28D115F00EFDE3
S2140286A000221101735C06EB02171B090F2B0AD07E
S2140286B00132062AF5D1164A13880133138015F0C3
S2140286C0F8FC1920F8BD2B6894B27B8011237354F2
S2140286D015F0EFFCF6F750FA06EB0413D8602B6899
S2140286E0002023F4E02343EA04432B60EAE7230155
S2140286F0F15CC1F30312013202F00F02052A28BF11
S214028700002262F30711F154E4E700BF585E00202E
S214028710DC62002038B54488054604F00704072CBE
S2140287200FD015F0CBFC074A2401135D43F0F0038B
S21402873013552B6843F4E0232B60BDE8384015F050
S214028740B8BC38BD585E00202DE9F047458807467C
S21402875005F00705072D894637D01D4C4FEA051848
S21402876014F80860F6F708FA04EB051ADAF80C3083
S214028770360906EBC506C01A04EB4606708014F8E6
S214028780083003F00F02042A9EBF013262F303038D
S21402879004F80830B9F1030F14D114F8081004EBEA
S2140287A00514A01C01F00F0111F008F9044615F09B
S2140287B085FC3A68074B134023433B60BDE8F0470D
S2140287C015F077BC4FF6FF74F1E7BDE8F08700BFFF
S2140287D0585E00200000FF7F2DE9F0411D469046BE
S2140287E00E460746FEF79CFDFEF780FD0446404611
S2140287F0FEF77CFD194B04449D4225D9184B9D4239
S21402880015D9184B013D93FBF4F3002BB8BF033385
S2140288109A1005EBA305B5FBF2F379683268A1EB73
S214028820930102EB430279603260BDE8F0810E4BA1
S2140288300E4AA3FB05535B0904FB03F303F6C313BB
S214028840A2FB0323DB0AE8E704FB05F3084A03F569
S21402885074338F33A2FB03231B0CDEE74C6210003B
S2140288601366660640420F001F85EB515917B7D1B3
S21402887083DE1B43034600F03F003F2830B51FD07F
S21402888090B11946002201321B2A4FEA510105D146
S21402889000212E480A460124584007E001F03F0016
S2140288A03F280DD00028EED130BD012104FA02F592
S2140288B0054202F1010205D1202AF7D1022907D08A
S2140288C00020F1E7202A01F10101F7D00229ECD1BC
S2140288D0DAB2C3F30721914225D000211C4608468E
S2140288E004F00305013D012D01F1010198BF01309D
S2140288F01F294FEA54041ED11828E1DC0520002166
S2140289009B0E03F00304013C012C98BF0131013891
S2140289104FEA5303F5D10129C6DD8AB90228D4BF2E
S21402892000200120C0E7C3F307419142D5D1B2EB44
S214028930136FD2D1C4E71029D2D10B28D0DDBFE7FE
S214028940D30748BF01305208E7E700BFD6BE898E7C
S214028950024B1A6802601860704700BFBC5E0020B7
S2140289600022024B1A6000F00DBA00BFBC5E002067
S2140289702DE9F84306460EF0C8FB0446002835D01B
S21402898045784DB915F09AFB237863701B4B1B682C
S2140289902570636015F08DFB4FF00108677837B9D4
S2140289A023781BB34FF40070DCF788FA1EE097FAC0
S2140289B0A7F5B5FA85F508FA05F55FFA85F963684D
S2140289C033B90E4B27EA050565701B686360E5E759
S2140289D09B681BB963681B686360F0E749463046CC
S2140289E09847012805D163681B6863600120BDE8CB
S2140289F0F8830228EED10020F9E700BFBC5E002013
S214028A0070B500250D4EFDF729FBA84201D80120BE
S214028A1012E03068FDF7D2F850B93468FDF71EFB55
S214028A200134B4FBF0F303FB104401353460EAE78B
S214028A30FFF79EFF0028F0D170BD00BFB85E002091
S214028A4010B50446837903441B7B3A2B96BF044A2F
S214028A50FF21D15C12F0ACFCA0790C30204410BD92
S214028A60CAF90300F8B5174606460C461D460EF030
S214028A7041FB020713D5022130460EF0C7FF70B144
S214028A801121204610F041FB2046FFF7D9FF457022
S214028A90877021463046BDE8F840FDF7C1BD292063
S214028AA00B49C5F12002A5F12003E94000FA02F2C3
S214028AB020FA03F311431943CB07E1D40D212046D4
S214028AC010F023FB2046FFF7BBFF4770E1E700BF2D
S214028AD0000040842DE9F34105460C4601910EF054
S214028AE003FB030705D501A812F08BFC02B0BDE814
S214028AF0F081019FBE790C36BB5D3A2B18D8164A18
S214028B0012F80380B8F1FF0F12D0384612F0D1FCEB
S214028B10013840450CD1114B1E6896B921462846AD
S214028B20A37923441A7B02B0BDE8F04110F001BBE2
S214028B30019812F066FC2846BA5D019910F0F9FA1F
S214028B40D4E773680BB93668E7E7214628469847A4
S214028B500028F8D0CAE700BFCAF90300BC5E0020AE
S214028B6037B504460D4608210EF0C0FA29462046BF
S214028B700EF005FB2146012010F082FB2146002064
S214028B8010F07EFB012000232146034A009010F0DD
S214028B9008FB03B030BD00BF5F90030037B5044644
S214028BA010F0EAFC032120460EF0ECFA00250346FC
S214028BB021460120034A009510F0F3FA284603B036
S214028BC030BD00BF5F9403002DE9F74F80460F4685
S214028BD00EF090FA10F4801651D1022012F039FDF0
S214028BE0054600284DD0BB7931460C333B44B3F8DA
S214028BF00490B3F806B0B3F808A010F086FA284638
S214028C00FFF71EFF0221044640460EF0BBFAA4F808
S214028C1004906081A4F806B0A4F808A00BF095FEB4
S214028C2009F10109B0FBF9F303FB19000223608086
S214028C306370AB79BB71EA7903F10C00FA71D21A50
S214028C40D2B2291838440BF0AFFB414601200EF091
S214028C5042FA1022C76063894146012000920A4AFE
S214028C6010F09FFA4FF4803140460EF045FA404627
S214028C70294610F048FA304603B0BDE8F08F2320AC
S214028C80FAE70720F8E700BFB59503002DE9F341A0
S214028C9004460D46014601200EF01DFA0121074644
S214028CA0284610F032FA2846FFF7CAFE064600F1BA
S214028CB001084046F8F7FAFFD6F801300221C7F855
S214028CC0123073792046BB750EF05CFA29460746C9
S214028CD0F080204610F017FA202321460093012048
S214028CE03B46034A10F05DFA002002B0BDE8F08170
S214028CF0459503007FB504460D460EF0F5F9C2070A
S214028D003BD520460EF0F6F9430715D5002320463C
S214028D101A460DF10F010EF057FC9DF80F30062B88
S214028D200AD828460AF058FB012200232046FDF7FF
S214028D30C7FB002004B070BD0E21284610F0E5F9EE
S214028D402846FFF77DFE0646FFF7D6F8C6F805105A
S214028D50FFF7D2F82946C6F80100204610F0D3F9EC
S214028D60032120460EF00EFA002203460092214608
S214028D700120034A10F015FADBE70821DDE700BF01
S214028D806394030010B5054C054A2046054910F0C9
S214028D9057FB2046BDE81040FFF7DABDC05E002054
S214028DA065960300058F02002DE9F04191F80680D2
S214028DB00F4686B008F10C080391044601EB08063C
S214028DC0014601200EF087F917F808300546023BE7
S214028DD00F2B00F28E80DFE803F0088C8C8C8C63FD
S214028DE08C6D8C8C2D5C8C8C8C4D15F067F97178A3
S214028DF0054620460EF0C3F9082120460EF076F905
S214028E002146012010F03CFA2146002010F038FAE4
S214028E1001230093002321461846374A10F0C1F971
S214028E2003A812F0EEFA284615F043F9012006B020
S214028E30BDE8F081B3882046728871780EF0AFFBE9
S214028E4020460EF057F9830708D42046039910F0FF
S214028E5093FB0121204610F040F9E7E7AA68274B6A
S214028E609A4203D12146012010F0DAF903A812F043
S214028E70C8FAEEE7836843B103AA0492B2780321E4
S214028E808DF8142004AA2046984703A812F0B9FACF
S214028E90CCE78368002BF8D003AA04927278EEE738
S214028EA08368002BF1D00022059203AA04920421C3
S214028EB004AAE8E7039D21460120AE790EF00BF9DD
S214028EC00F4B82689A4203D028460AF085FAADE72D
S214028ED0AB19D3F80D202046D3F81130FDF7F0FA7F
S214028EE028460AF079FA2146012010F099F9022163
S214028EF0B0E700209BE700BF6D9503005F94030078
S214028F00639403002DE9F3410D4604460EF0ECF897
S214028F1010F0010FAB7974D00C3315F80380EE18FD
S214028F20B8F1010F4AD0B8F1080F42D0B8F1000FDD
S214028F305AD12046718910F022F9B38872889A4273
S214028F4094BF07460027092B38BF09237278013BD6
S214028F509BB29A4219D8002A08BF00272046FCF77F
S214028F6041FE80B20EF070F888B14388B188009353
S214028F700846F388328910F048F850B928460AF0B5
S214028F802BFA012002B0BDE8F0814746E6E701234E
S214028F90ECE7002FF2D0214600200EF09CF81023BA
S214028FA0C560009373891B4A2146002010F0F9F829
S214028FB0E7E72946204610F077FAE2E72046F188EE
S214028FC010F0DDF80746701C0CF0BAFB0028D5D06E
S214028FD0002FD3D0214600200EF07DF82023C56056
S214028FE00093F3880C4ADFE7294620460DF058FB2B
S214028FF00028C6D12946204602B0BDE8F041FFF758
S214029000D3BE2B441B7B0E2BD3D0294620460DF015
S21402901036FBEDE7B5950300FD94030038B504462C
S2140290200D460EF067F842070FD420460EF062F89F
S21402903083070AD4204602210EF05EF8294620460F
S214029040BDE83840034A10F090B928460AF0C4F941
S214029050002038BD9D8B020038B504460D460EF042
S21402906043F800F0050004280CD120460EF042F822
S21402907010F4C02F06D129462046BDE83840044ADF
S21402908010F073B928460AF0A7F90C2038BD00BFC5
S214029090C98B0200014A10F068B900BF8D8C02002D
S2140290A070B505460C46014601200EF014F8064639
S2140290B028460EF01FF8010704D520460AF08CF960
S2140290C0002070BD33685A05F7D428460EF00CF817
S2140290D0C30708D521462846FFF7A0FF18B912F0A5
S2140290E0B8FA044670B156E8003F43F4806346E897
S2140290F00032002AF7D121462846BDE87040024ACF
S21402910010F033B90720DCE7F58C020073B504468D
S2140291100E460DF0E9FF00F00C0004284FF00200A6
S21402912031D112F096FA054678B34379022143F01C
S214029130020343710FF0E9FF2846FFF781FC294638
S214029140467020460FF0DFFF162120460EF017F875
S214029150082120460DF0CAFF2146012010F090F8A3
S2140291602146002010F08CF8204610F033F9012139
S21402917020460EF007F80346012021460090044AD6
S21402918010F00FF8002002B070BD0720FBE700BF0A
S2140291908D9403002DE9F04387B004460E460DF089
S2140291A0A9FF00F4C060B0F5C06F06D1022012F02D
S2140291B050FA054610B9072053E000252146012043
S2140291C00DF089FF814696F8068000F1120208F13A
S2140291D00C08B04408F10F0308F11F0153F8040B02
S2140291E08B4242F8040BF9D1032130460FF08DFF73
S2140291F03046FFF725FC0A22074608F10501013032
S2140292000BF057F80C210DEB0100F9F761FE03ABEA
S21402921003CBC7F80B00C7F80F10059B07F10B022C
S214029220C7F8133005B30A2128460FF06EFF28460A
S214029230FFF706FC294620460FF065FF4021204630
S214029240C9F80C600DF052FF032120460DF09AFF7C
S21402925000250346214601200B4A00950FF0A1FF88
S214029260284607B0BDE8F083204607F11303012124
S2140292700FF01DF8204631460FF045FF2046C9F88C
S2140292800C500FF030F8DFE7CF960300F0B589B048
S2140292900D4604460DF028FF10F00100AB7900F0F1
S2140292A0A1800C33EA18EB5C033B082B00F23381F7
S2140292B0DFE813F00900310131018200310131018A
S2140292C031015C007C00D2F80100D2F8051003AB35
S2140292D0B2F8097003C302F1130301210B322046D0
S2140292E00EF0E5FF042128460FF00FFF2846FFF791
S2140292F0A7FB06460C2105A8F9F7EAFD05AB03CB4A
S2140293003346C6F80100C6F80510079A002143F84E
S214029310092F2046721C0EF0CAFF214600200DF0CF
S214029320DAFE034603AA478303CAC3F81200C3F849
S214029330161020460821FCF76BFC802120460DF013
S214029340D5FE20460EF0CFFF294620460FF0DBFE64
S214029350032120460DF016FF0346002021466F4AE1
S21402936000900FF01EFF012009B0F0BD0B21284629
S2140293700FF0CBFE2846FFF763FB294620460FF088
S214029380C2FE14F09BFE0546C02120460DF0AEFE3E
S2140293904FF4805120460DF0AFFE284614F089FEA9
S2140293A04FF4806120460DF0ABFEDCE728460AF05B
S2140293B013F84FF40071F5E7062128460FF0A5FED4
S2140293C02846FFF73DFB20460EF041F92946204687
S2140293D00FF099FE20460EF0ABFF214600200FF05C
S2140293E01FFFC0E72B441B7B043B072BBCD801A204
S2140293F052F823F015940200399402009B9402005E
S214029400699302006993020069930200699302005D
S214029410B1940200204680210DF068FEAA7920460B
S2140294200C322A4402F10903002101320EF03FFFFA
S214029430284609F0D1FF96E74FF48060FEF792FCCB
S214029440B0B100274FF4006120460DF055FE2046CD
S214029450CDE90577FCF7C6FB064620460DF042FE30
S21402946039460346009505AAB0B20FF0C4FC7AE767
S214029470214601200DF02FFE00F1120120460EF0CB
S2140294806CFF062128460FF040FE2846FFF7D8FA62
S214029490294620460FF037FE65E7284609F09CFF6E
S2140294A0214601200FF0ECFE20460EF041FF5AE75F
S2140294B014F004FE0646802120460DF017FE4FF4F7
S2140294C0805120460DF018FE304614F0F2FD4FF49F
S2140294D0C06120460DF014FE294620460FF013FE0A
S2140294E0214601200DF0F7FDC268054682B1937948
S2140294F001210C331A4402F1130320460B320EF0FC
S214029500D6FE20460EF0EFFE2046E9680FF0FBFD81
S2140295100023EB6027E7002026E700BFCF96030074
S21402952010B5074C0749204600220FF089FF204657
S214029530FFF70EFABDE8104001200021FEF718BC26
S214029540CC5E00208D92020038B505460C460DF022
S214029550CBFD00F00500042806D121462846BDE8CA
S2140295603840044A0FF001BF204609F035FF0C20B0
S21402957038BD00BF9591020038B50C468B7905467A
S2140295800C331944E35C142B03D0152B0FD00020A8
S21402959038BD013110F071F915212846224610F027
S2140295A0B4F9214628460FF0AEFD0120F0E7014649
S2140295B001200DF090FD0B4B82689A4203D02046A4
S2140295C009F00AFFF1E7A179284621440D3110F08F
S2140295D054F9204609F000FF294601200FF020FE2C
S2140295E0E3E700BF5F99030037B504460D460A4617
S2140295F0142110F08AF9294620460FF084FD032133
S21402960020460DF0BFFD302203460092214601207F
S214029610024A0FF0C6FD002003B030BD5F9903007A
S21402962010B5074C07492046074A0FF009FF2046A7
S214029630FFF78EF9BDE8104020200021FEF798BB08
S214029640D85E0020799502006399030073B51E4622
S214029650ADF800208DF80230009B044601A8019365
S2140296600D46114610F0F3F89DF80630B34203D1CA
S214029670BDF804308B4205D0284609F0ADFE122014
S21402968002B070BD20460DF044FE9DF80230827A8C
S2140296909A4209D18288BDF800309A4204D12846FF
S2140296A009F09AFE0020EBE7694620460EF023FA00
S2140296B029462046014A0FF058FEE1E7E9950200E6
S2140296C010B5FCF7CBFC06220121064B0138DB68FD
S2140296D040B20333040600D510BD02FB00F4013885
S2140296E01955F7E7E45E0020014B187C704700BF6F
S2140296F0E45E002038B5094D0446E86818B112F059
S214029700C7F80023EB602CB10621204612F0BDF804
S214029710E86008B1002038BD1920FCE7E45E0020AE
S214029720820800F0030030B5430003290FD8DFE8B3
S21402973001F0020F1A260120591C144C00FA01F1FE
S214029740984041EA0003A15C21EA0303A35430BD1A
S21402975001200E4C00FA03F5A15C0344294398400D
S21402976021EA0003F2E70120084C00FA03F5A15CA7
S21402977021EA05010344984041EA0003E6E7012096
S214029780024C00FA03F5A15C2943F3E7E45E0020ED
S214029790F0B5164C054694E80700267C01270024FF
S2140297A085B001AB03C31A80C4F3C403EA5C04F0B9
S2140297B0070307FA03F31A42E0B210D10321013479
S2140297C0FFF7AEFF252CEFD10A22084901A811F0B7
S2140297D054FD48B105B0BDE8F040FFF771BF012E59
S2140297E014BF00213146EAE705B0F0BDE45E002072
S2140297F008B5FCF7F7F9054B00B2DB6800EB400052
S21402980013F81000431E5842584108BDE45E00207B
S214029810F8B50546FCF7E6F9144E03B2F26803EB18
S21402982043035F0002EB4303DA78F2B19A88B5F895
S214029830801028460A449A805B7803EB830303EB86
S2140298408303DC000DF00DFD40F271234FF47A71B4
S2140298504343B3FBF1F3F2689BB23A449188A4B255
S2140298604B439C42BCBF0223D370F8BDE45E00208B
S21402987070B50546FCF7B6F9074E0446314628464B
S21402988000F050F838B9F26823B203EB430302EB58
S2140298904303D870988070BDE45E002037B5044656
S2140298A0FFF7A6FF18B320460DF01EFCC3071ED511
S2140298B0104D2B7C012B05D16846F8F7F7F9684660
S2140298C0FFF766FF2046FFF7A3FF2046FCF78AF95C
S2140298D0EB6800B200EB400003EB4003DB78022BA0
S2140298E005D1204603B0BDE83040FFF7C1BF03B044
S2140298F030BD00BFE45E002013B504460FF003FC43
S214029900032120460DF03EFC022203460092214629
S2140299100120034A0FF045FC002002B010BD00BF34
S214029920019C030070B5064600200D4611F091FE1C
S2140299300446A8B129210FF0E8FB2046FFF780F87D
S2140299402B682146C0F801306B68064AC0F805301D
S2140299502B89A0F809303046BDE870400FF005BDEF
S214029960072070BDF9980200014810F05CBC00BFE9
S214029970690345EC02464FF6FF71002010B5094B0D
S2140299801B6813B902B1117010BD93F806422CB1D0
S21402999093F807428C423CBF21461846D3F8003261
S2140299A0EFE700BFFC5E002038B5074D0446286886
S2140299B018B10022402310F0E3F920462C60BDE8DF
S2140299C0384000F08BBE00BF005F00202DE9F84350
S2140299D0064614F06AFBDFF8C0900746D9F8004046
S2140299E0B44213D00125DFF8B48088F8005094B949
S2140299F03046FFF7D9FF304603F0F0FE8023002200
S214029A00304610F0BDF9002388F800303846BDE82D
S214029A10F84314F045BB032005F03AFF94F85D22A4
S214029A2070BB032A06D0531F5D425D41072A29D028
S214029A30132A05D8174BD34013F0010318BF1D464F
S214029A40204603F0EDFD00230022C9F80030204630
S214029A50402310F095F994F85D32032B14D0052BB1
S214029A6016D0002DC4D094F85D12062249080901CA
S214029A7041F00201204601F0F20110F095F9B7E735
S214029A800025D3E70125DBE7022384F85D32E8E709
S214029A900423FAE7000A0800005F00209A63002009
S214029AA030B50D46CC6989B004281AD8DFE810F024
S214029AB005000500F800E40007012046FFF786FFD0
S214029AC0284603A910F072FB94F85D3258B1590883
S214029AD0090141F005010622204601F0F50110F0C9
S214029AE063F909B030BD6A6982F00802C2F3C002A7
S214029AF0142B00F2C180DFE803F0CCBF81BF0BBF9E
S214029B002EBF39BF46BF53BF6ABF9ABFA7BFB100B9
S214029B10039B8DF81420049394F81B3220468DF88C
S214029B2015300523D4F8102284F85D32B4F80412F6
S214029B3004AB11F09BF8002800F09E8094F85D12AA
S214029B4002464908090141F00401204601F0F401E9
S214029B5010F02AF990E007232046D4F81022B4F831
S214029B60041284F85D3211F077F8E4E70923204600
S214029B7084F85D32D4F81022D4F80832B4F804120D
S214029B8002F09AF9D7E70B23204684F85D32D4F820
S214029B901022D4F80832B4F8041211F075F8CAE7A5
S214029BA0039B8DF81420049394F81B3220468DF8FC
S214029BB015300D2384F85D32D4F80C32B4F8041252
S214029BC0D4F81022009304AB02F004FDB3E7039B23
S214029BD08DF81420049394F81B3220468DF8153025
S214029BE00F2384F85D32D4F80C32B4F80412D4F899
S214029BF01022009304AB11F09AF89CE7039B8DF8B1
S214029C001420D4F81422049394F81A320692B4F864
S214029C1018228DF81E300323ADF81C202046B4F817
S214029C20041284F85D3204AA10F04BFC83E7112379
S214029C30204684F85D3294F85C22D4F81032B4F8E8
S214029C40041210F055FC76E7132384F85D322046A2
S214029C502A69B4F8041201F0C9FD6CE71C4B012115
S214029C605B6800209847152384F85D3294F86831C3
S214029C7043F0040384F8683194F80632002B3FF46C
S214029C8030AF2046B4F8041209B0BDE8304010F0F8
S214029C9005BC40F207622821002001F0DBF8EBE762
S214029CA00622204694F85D124908090141F0030194
S214029CB001F0F30109B0BDE8304010F075B800219C
S214029CC00846034B5B6809B0BDE83040184700BF42
S214029CD08878002037B505460DF10700FFF74AFEE3
S214029CE030B901210D4810F04FFA002003B030BD04
S214029CF00A4C204600F062FC9DF8071040B1204650
S214029D0000F026FC002DF0D1204600F03DFCECE7EA
S214029D102046217600F0CCFB0120E7E748780020B9
S214029D2070B500F0FD05012D18D10020FFF722FEC8
S214029D30044670B1FFF74AFE2046B4F8041210F04B
S214029D40ADFB58B929462846054B5B68BDE870400E
S214029D501847034B01465B682846F7E770BD00BF0D
S214029D60887800202DE9F04791460746002879D0EA
S214029D700668731C76D1002974D0084600F03CFCB5
S214029D80044618B90E252846BDE8F08714F08DF96A
S214029D90D4F8503280461BB1404614F081F9F1E700
S214029DA0314B1B78002BF7D104F5077001F02EF922
S214029DB005460028F0D12D4B84F85D021B68A4F8F6
S214029DC00402C4F840322A4BC4F81002C4F85432D3
S214029DD0284B84F80762D3F800A0C4F84802C4F8F7
S214029DE05042C4F85862BAF1000F0ED002F04CFB93
S214029DF0204610F022FA0646A8B1204610F015FAC0
S214029E00404614F04DF93546BDE72046FFF7CCFD37
S214029E1002F03AFB204610F010FA064690B1504681
S214029E20FFF7C2FDE9E7144B1A681C60C4F800226B
S214029E303C60B9F1000F01D02046C847404614F0F6
S214029E402FF9A0E70C4B1A681C60C4F800223C608D
S214029E5000F0E8FA00F0FAFA0022802320460FF01B
S214029E608FFFE6E721258EE79A6300206C780020B4
S214029E70A19A0200005F0020FC5E0020054B1B68D2
S214029E802BB9054B1878C0B200F0010070470120CC
S214029E90FAE700BF005F00209A63002038B5044648
S214029EA014F003F9084B05461B68A34207D103F0DA
S214029EB033FE0446284614F0F3F8204638BD94F8DC
S214029EC006420134E4B2F5E7005F0020062A2DE9D7
S214029ED0F04704468A461546994633D814F0E5F804
S214029EE004F50D770646384600F068FB1023A4F802
S214029EF004A284F85D3284F85C52804611F0F3F8CE
S214029F00114B00F59C52C4F8443200230832C4F8C0
S214029F103802C4F83C22384684F84C32C4F8109210
S214029F20B8F1000F0BD010F019F930B90024304602
S214029F3014F0B6F82046BDE8F0872124F7E700F0D3
S214029F40B7FAF2E72124F5E7809698002DE9F84360
S214029F5004468846914614F0A8F894F85D32064600
S214029F60112B05D1204610F081F8072384F85C32C5
S214029F704FF47F430025A4F8063284F85D5200F0C1
S214029F8077FA0120FFF7A6FE0F4B07461B68A3428F
S214029F9016D101224946404610F08AF905460121AB
S214029FA004F50D7010F0F0F800F070FA17B90748D3
S214029FB000F0EAFA304614F073F82846BDE8F88353
S214029FC0204601F0E5FBEAE7005F00204878002023
S214029FD070B506460C4614F068F8094B05461B6831
S214029FE0B34204D014F05CF8064C204670BD2146FD
S214029FF0184602F0B1FB0446284614F051F8F4E77E
S21402A000005F002000FEFFFFF8B505460C4614F080
S21402A0104CF895F8683106465A06A7781CD4012FE4
S21402A02005D00024304614F03BF82046F8BD204602
S21402A03002F07CFD04460028F4D195F868313846D3
S21402A04043F0400385F8683102F080FD0A4A044670
S21402A050136801331360E5E7012FE2D0064A6FF377
S21402A060861385F868311368581E10600028D8D108
S21402A07002F06CFD0446D5E7F85E00202DE9F347B2
S21402A08004460E46174614F010F8304B05461B7869
S21402A09003F0FF0833B114F003F80225284602B095
S21402A0A0BDE8F0870DF10700FFF764FC9DF8073066
S21402A0B023B9284613F0F4FF0E25EFE704F50D7AD0
S21402A0C0504600F07BFA94F86831814668F38203C2
S21402A0D084F86831142384F85D3211F004F800F530
S21402A0E09C530833C4F83C32194BC4F83802C4F8FF
S21402A0F0443284F84C82B9F1000FDAD1504600F0AF
S21402A100D7F90028D5D1284613F0CAFF94F868314B
S21402A1105B070ED54FF48811204610F088FA3A46AF
S21402A1203146204604F0BAF8054620460FF0C5FF31
S21402A130B4E710F0D8FFD4F83832C01AD4F8443254
S21402A1409842E3D320460FF0B8FFB5E79A630020A3
S21402A15080841E0070B56FF040450F4B00F132044C
S21402A1605B680BB9012015E0586910F0040001D0B5
S21402A1701B68F6E78B42FBD01E7E0A7E9642F7D21B
S21402A180CA680E6922443244DE6832449E68921BD4
S21402A190AA42EDD270BD00BF045F00202DE9F04F49
S21402A1A0844C85B0236813F00C0F236805D043F067
S21402A1B00203236005B0BDE8F08F43F0040213F0FB
S21402A1C00103226067D06FF0404704F10C0810F0DC
S21402A1D07BFB2368D4F8089023F00203064623602C
S21402A1E0B9F1000F5CD165684FF0000B2946304686
S21402A1F00FF097FF616806F1320A29B130460FF078
S21402A20090FF4A6993074DD4002D6ED1B9F1000F25
S21402A21014D00025236823F002032360D9F81430F3
S21402A22003F00603022B04D100220121484600F067
S21402A230C7F823689907CAD4002D77D16168A26847
S21402A2400D463236002D7FD1266816F00206BED1A4
S21402A2506FF0310E002940F08A80404600F070FF11
S21402A2608146002D00F09D80404610F027FB10B17D
S21402A2704E4500F0998000234F4A029301930092C4
S21402A28031461A46404600F00FFF23689A079ED4CE
S21402A29000289CD100E0A360236823F0040388E72B
S21402A2A04D46A1E7087E2B7E984202D36B6998073B
S21402A2B012D4530712D43046FFF74CFF60B1CB6876
S21402A2C08A6853449B1ABB420CD36B6903F006039D
S21402A2D0022B1CBF0D46834609688EE70D464FF0DB
S21402A2E0010BF9E70D468346F6E7A945A6D0BBF172
S21402A2F0000F13D129463046FFF72CFF70B96B6961
S21402A300580783D46FF03103AA689B1B1344EA688C
S21402A3109B1A6FF040429342FFF478AF236823F013
S21402A32002032360B9F1000F7FF478AF6B6913F074
S21402A330060F04D0294601202B6AA5609847236899
S21402A3409A077FF57BAF42E7AA420ED06B695B079E
S21402A3500BD4EB68A86833441B1ABB4205D2012211
S21402A3602846114600F02CF831E72D686AE78A4243
S21402A37012D04B6958070FD413F0020F4B68886847
S21402A38008BF1846CB68AEEB0303034435B1F01A98
S21402A390B8423CBF0D461E4609685BE70D461E46A0
S21402A3A0FAE7064800F05EFE23689B073FF50FAF0C
S21402A3B072E700BF045F002047A10300105F002081
S21402A3C070B51646044638B3154D284650F8043F75
S21402A3D023B3A3421DD1236803600023AA68236027
S21402A3E0A24200D1AB6019B121460220236A9847E7
S21402A3F06EB1FFF7D3FE63695A0708D4AB6813B190
S21402A4005B695B0703D521460420236A9847002030
S21402A41070BD18461B68DBE70120F9E70220F7E764
S21402A420045F002010B513F040FE002304460648E1
S21402A4304360836040F80C3B00F0E8FD2046BDE830
S21402A440104013F02DBE00BF045F002010B513F0BD
S21402A4502CFE0446054A136843F001031360FFF717
S21402A4609DFE2046BDE8104013F01ABE045F002091
S21402A47008B513F01AFE044A136843F00803136083
S21402A480BDE8084013F00CBE045F002010B513F0C0
S21402A4900CFE0446054A136823F008031360FFF710
S21402A4A07DFE2046BDE8104013F0FABD045F002092
S21402A4B0F8B50446002846D000230360436923F01B
S21402A4C00203436113F0F1FD636906465B072BD571
S21402A4D0636943F0020363611C4D6FF040402946F6
S21402A4E051F8043F7BB1626997070BD45A69920709
S21402A4F026D46768E268D21B5F683A44DF68D21BDC
S21402A50082421DD223600C60FFF748FEAB6813B18F
S21402A5105B695B0703D521460420236A98473046C9
S21402A52013F0BEFD0020F8BD6768E56810F0CCF9B0
S21402A5306FF040433235ED1B05449D42C8D3CBE74E
S21402A54019461B68CEE70120EDE700BF045F002036
S21402A55070B505460C4613F0A8FD0A4B2A7E9B688A
S21402A56006462C7623B1AB4207D01B7EA34206D802
S21402A5703046BDE8704013F093BDA242F8D2FFF712
S21402A5800DFEF5E7045F002038B5044688B113F0E7
S21402A5908CFD094B05469968A14208D103200B6A37
S21402A5A098470024284613F07BFD204638BD032436
S21402A5B0F8E70124F9E700BF045F002038B5054636
S21402A5C013F073FD074B5C681CB913F069FD204657
S21402A5D004E0AC4203D113F063FD012038BD2468C9
S21402A5E0F2E700BF045F0020024B9B681B1A58422A
S21402A5F058417047045F0020F8B5044613F055FD35
S21402A600002607460E4B1B6893B19E68AEB196F8BD
S21402A6102420D20711D435460FCC0FC50FCC0FC558
S21402A62023682B6096F8243043F0010386F8243022
S21402A630384613F035FD3046F8BD1B68E4E700BF28
S21402A6407C780020431E033306D8044B984228BF6A
S21402A6501846642838BF6420704700BF40420F0087
S21402A66038B51A4B05461B680C4603B1984744B1E9
S21402A670236833B11B68013303D0E3680BB1A368C8
S21402A68043B910F0E9FC00209122412100F0E2FBE0
S21402A690212038BD204604F0E3F900230C4A85F851
S21402A6A048311268C5E93A43AA4202BF094A136012
S21402A6B05360636943B1084A42211068B322C31A41
S21402A6C05842584100F0C6FB0020E2E77C610020B9
S21402A6D0005F002070780020E461002010B5044678
S21402A6E018B9054B054A136010BD00F0C9FFD4F82F
S21402A6F0F430002BF6D1F4E77DA303008078002027
S21402A700F8B5154606460C4613F0CFFC0B4B07462B
S21402A710002D08BF1D460A4BC6F8F4501B68B3420C
S21402A72004BF084B1D6024B1214630460FF033FEAD
S21402A7300446384613F0B4FC2046F8BD7DA3030059
S21402A740005F00208078002070B50C46064613F0A5
S21402A750ACFC05462068FFF775FF20606068FFF7CF
S21402A76071FF6060A068FFF76DFFA060E068FFF70A
S21402A77069FF2369E060591C03D00D4A934228BF43
S21402A7801346236163695A1C03D0094A934228BFC1
S21402A79013466361A069FFF755FF2146A061304664
S21402A7A002F056F90446284613F07AFC204670BD9D
S21402A7B040420F00D0F8EC302DE9F04105460C4639
S21402A7C013B1C38D8B424CD0D5F8E830002B4BD05A
S21402A7D09E68002E48D0D868002845D0013800B2BE
S21402A7E000281ADB002106E0128A591CA24217D260
S21402A7F009B2884211DB0B1803EBD3735B1003EB31
S21402A800C30206EB8202B2F80EC003F1FF3EA44575
S21402A810EAD90FFA8EF08842EDDA2120BDE8F081FF
S21402A8204FF6FF7299B29142F7D09BB203EBC30385
S21402A83006EB83062846B6F9122095F83C11D5F8A1
S21402A840FC80E8F7A7FD0746B8F1000F04D0002306
S21402A850324628461946C047EC85C5F8EC6085F8AE
S21402A86045710020BDE8F0810E20BDE8F08100BFF2
S21402A8707D4B1B68834201D002F036BE2DE9F04FB5
S21402A88083B004460E46154602F08CF900287ED1A7
S21402A890764F3B68D4F8E8B0D4F8EC9013B15B4539
S21402A8A000F08E804FF0000ABE6003F035F90128F2
S21402A8B0804604D00121002208460FF0F9FC20460B
S21402A8C010F09FFA18B194F82530DA076DD43B6879
S21402A8D0DBF80010D9F8002013B1186888427CD043
S21402A8E0204610F05FFA624BC7F800B01A78C7F835
S21402A8F004908DF80750002A4DD0D4F8EC30B4F905
S21402A900461023B1B3F912309942A8BF19462A4617
S21402A910204602F05DFB2046B5B902F005FC06466D
S21402A920BAF1000F16D0D4F898304BBBB8F1010F2D
S21402A93006D0002E75D04F4B002103205B68984747
S21402A940304603B0BDE8F08F02F0D2FE204602F099
S21402A950EBFB0646B6FA86F04FF4806233214009D6
S21402A96000F078FA2946204602F0CAFD424B064617
S21402A9701B68494620469847D4F89830002BD5D015
S21402A98000224FF40073204600F08AFECEE7002332
S21402A990364F7B607DE7D4F8FC60002E43D011462C
S21402A9A020460DF10703B047B5E7D4F8A0305B05A3
S21402A9B08DD5324B0122002120461B68984786E738
S21402A9C07B68002B3FF46EAF4B457FF46BAFBB68E2
S21402A9D09E4209D04FF0010A66E7796811B109680C
S21402A9E0914280D059687BE7DDB1204602F080FEB6
S21402A9F001231F4A8DF80730127802B3D4F8EC30E0
S21402AA00B4F9461023B1B3F912309942A8BF1946D9
S21402AA100122204602F0DCFA174B494620461B6804
S21402AA20984700268CE794F82A1094F845312A466F
S21402AA30994228BF1946204602F060FA6BE7D4F81E
S21402AA40FC502DB1114620460DF10703A847E3E757
S21402AA5094F82A0094F845111A46814228BF014606
S21402AA60204602F04BFAD7E7005F002070780020FD
S21402AA70FFF703008878002080780020806100209D
S21402AA8070B506460D46FFF795FE044608B1204609
S21402AA9070BD03F01DF8224629463046FFF7E8FE51
S21402AAA004460028F3D1304610F0ABF90028EED069
S21402AAB096F8253013F001030DD0D6F8A0205205E3
S21402AAC00DD5B6F83621AA4205D0B6F838315B1B4A
S21402AAD0B3FA83F35B09034A82F8C430D7E7234606
S21402AAE0F9E700BF001E00B070B504460E4613F02C
S21402AAF0DCFA314605462046FFF7C2FF044620B977
S21402AB00044B01465B6803209847284613F0C8FAB0
S21402AB10204670BD8878002037B5D0F8E830274A3E
S21402AB2004461360D0F8EC309160536000228DF832
S21402AB300720234A12786AB3B0F9461023B1B3F954
S21402AB4012309942A8BF19460022204602F040FA67
S21402AB50204602F0E9FAB0FA80F040F2534233217E
S21402AB60400900F077F90121204602F0C9FC154B96
S21402AB7005461B682046D4F8EC109847D4F898305F
S21402AB802BB100224FF40073204600F089FD2846C0
S21402AB9003B030BDD0F8FC5055B990F82A1090F8A2
S21402ABA045312A46994228BF194602F0A7F9CFE74F
S21402ABB011460DF10703A847CAE700BF70780020C8
S21402ABC0FFF7030080780020F8B50E46044613F01F
S21402ABD06CFA0546002010F043FA0A4B1B7863B95C
S21402ABE0D4F8FC704FB11A4631462046B8470446A0
S21402ABF0284613F055FA2046F8BD3146204610F096
S21402AC00C2F8F4E7FFF7030037B5044613F04DFA2F
S21402AC106946054620460FF0ECFC0F4B1B785BB1ED
S21402AC209DF800300C2B07D0B4F94C40284613F0A0
S21402AC3037FA204603B030BD20460FF0E0FFFF286B
S21402AC40024606D020469DF80010E8F7A5FB04460B
S21402AC50ECE7024CEAE700BFFFF703000080FFFFC5
S21402AC602DE9F34198460E4B04461B780E461746CE
S21402AC709BB113F01AFABDF9203005460093204620
S21402AC8043463A46314610F081F80446284613F009
S21402AC9007FA204602B0BDE8F0810E24F9E700BFAD
S21402ACA0A36300202DE9F04385B080460E46154684
S21402ACB013F0FBF907460DB9D8F8985029464046D6
S21402ACC00FF0B5FC304B1B68434504D1EB0702D5A9
S21402ACD0404606F053FB03F02DFBE9462B4B044699
S21402ACE00FCB05F4803589E80F00002E38D0FF2CF4
S21402ACF024D133680093736801933DB3009B0133FC
S21402AD0038D1384613F0CCF9224649464046FFF77A
S21402AD10B5F9054675B96EB1FF2C0FBF009B04ABA3
S21402AD2003EB840353F8103C05BF3360019B46F8DF
S21402AD3024307360284605B0BDE8F08356F8242018
S21402AD4004AB03EB840343F8102C6DB92246494644
S21402AD50404610F01BF90546384613F0A1F9D9E72C
S21402AD60002DF3D0FF2CC9D004AB03EB840353F8B9
S21402AD70103C00E0019B0133C3D0224649464046C0
S21402AD8003F060FAE7E700BF005F002068090400EE
S21402AD9008B50B46024919400FF03BFC002008BDDF
S21402ADA0070011002DE9F04105460F46904613F0C4
S21402ADB07CF90B4B06461B68AB4204D095F8244040
S21402ADC014F0080405D042463946284603F03CFDF6
S21402ADD00446304613F064F92046BDE8F08100BF11
S21402ADE0005F0020F8B504460E46174613F05DF9DC
S21402ADF00A4B05461B68A34203D094F824301B076F
S21402AE000AD520463A46314601F034F90446284629
S21402AE1013F046F92046F8BD0224F8E7005F00204A
S21402AE20024B1860024B1960FEE700BF2861002043
S21402AE308478002038B5044D044C054B2860216008
S21402AE401A60FFF7EDFF38BD2861002084780020E5
S21402AE502C61002010B550B90548064B0160064823
S21402AE6002601868054B18601868FFF7E3FF10BD0C
S21402AE7084780020005F00202C61002028610020DA
S21402AE80054B1B680BB918467047834201D01B69F5
S21402AE90F8E70120704700BF34610020094A1368B2
S21402AEA00BB918467047834207D11B69012013600D
S21402AEB0054A1368013B1360704703F110021B69D1
S21402AEC0EEE700BF34610020306100202DE9F74F25
S21402AED0064613F0F3F8DFF82881012398F800B04D
S21402AEE0DFF820910190BBF1000F06D089F8003000
S21402AEF003B0BDE8F04F13F0DCB83F4F88F80030DF
S21402AF0089F800B00FF0E4FC08B10FF0DFFC3D68F2
S21402AF103A495DB9DFF8F0A0DAF800200024AA4228
S21402AF203B682ED84FF0FF3134483AE06B7D8BB148
S21402AF302B68B34202D09A1B8A420BD96A68134422
S21402AF402B60AB68003A18BF0122003B18BF0123F2
S21402AF506A75AB752D69DCE7907D20B1107D88425D
S21402AF609CBF014614461269002AF5D1002CD9D09E
S21402AF7094E80B00A275411AE2682046984701350C
S21402AF80CAE71A46FF21EFE75A7D4AB11A68B2426B
S21402AF9024D0921B824221D8914201D311461C46EC
S21402AFA01B69002BF0D15CB12046FFF777FF38B162
S21402AFB03B683C602361DAF800300133CAF800309F
S21402AFC03B685A7D6AB90FF07FFC064699F8003056
S21402AFD0002B95D1019888F8003089E71C4600219D
S21402AFE0DEE7186800F0D2F804460FF06DFC06465D
S21402AFF0002C85D1EAE700BF34610020FCFFFFBFCA
S21402B0009C6300209B6300203061002038B5054613
S21402B01008B31822002108F0A8FF13F04FF80246E2
S21402B0202846FFF72DFF20B1104613F042F8022003
S21402B03038BD0A4B1C6854B909491D600B68104696
S21402B04001332C610B6013F034F82046F0E704F16C
S21402B05010032469EFE72120EAE700BF34610020ED
S21402B0603061002038B50446FFF70AFF13F026F8D1
S21402B07005462046FFF704FF637D23B9284613F0F2
S21402B08018F80E2038BD00236375064B1B68A342D2
S21402B09003D10FF019FCFFF719FF284613F009F841
S21402B0A00020EFE7346100202DE9F84FDDF8289004
S21402B0B0984604460D469246FFF7E2FEDDF830B0AB
S21402B0C012F0FCFF07460FF0FFFB06462046FFF78E
S21402B0D0D7FE637D23B12046FFF7C4FF0023A37586
S21402B0E0BAF1010F21D175B9B8F1000F1FD1B9F12C
S21402B0F0000F03D05A4631462046C847384612F05B
S21402B100D8FF002017E035440C4BAA1B9A420ED8F3
S21402B110012363759DF82C30304684E8200323759E
S21402B120C4F80CB0FFF7D2FEE8E7AE42ECD13846E0
S21402B13012F0BFFF2120BDE8F88F00BFFCFFFFBF63
S21402B1402DE9F04107468846FFF79AFE12F0B6FF51
S21402B1503D6806460FF0B8FB7B7D7BB185420DD07D
S21402B160094B2C1A9C4209D8304612F0A2FFB8F1BD
S21402B170010F08BF25462846BDE8F081304612F08A
S21402B18098FF0025F7E700BFFCFFFFBF0023024A37
S21402B190194600F0ABBC00BFA3A803002DE9F0419E
S21402B1A08AB001AB0C46054624221846134909F01C
S21402B1B0FBF80027002C08BF0446384604F10C06AC
S21402B1C090B95FFA87F84246284621880FF01CFE9F
S21402B1D050B942462846E1880FF027FE20B942467B
S21402B1E0314628460FF034FE0137032F06F10806D3
S21402B1F004F10204E4D10AB0BDE8F0819C0904001F
S21402B200F0B589B005460E4612F04FFF31460746A6
S21402B21028460FF035FE044620BB01AC06F10C0CA6
S21402B220BCE80F000FC49CE8070084E8070001A9E9
S21402B2302846FFF789FA2846311D0FF00AFA044617
S21402B24048B92846094901F09DFB044618B9284624
S21402B25002F0F4FC044628463168FFF79FFF3846A2
S21402B26012F01EFF204609B0F0BD00BF940904008C
S21402B270F8B50C460546174612F017FF2146064655
S21402B2803A4628460FF09AFD044610B9034BC5F815
S21402B2909031304612F004FF2046F8BDD5A80300D0
S21402B2A070B5044612F001FF03210646204600F060
S21402B2B04DFA0546204602F02FFE044B3046C4F8EF
S21402B2C0903112F0EDFE284670BD00BFADE10200DF
S21402B2D038B5044612F0E9FE064B05460022196808
S21402B2E020460FF031FE0446284612F0D9FE2046CC
S21402B2F038BD00BF28FA030038B5044612F0D5FE62
S21402B300064B05460122196820460FF01DFE04462C
S21402B310284612F0C5FE204638BD00BF90610020C8
S21402B32070B505460C4612F0C0FE95F82730064664
S21402B330FF2B19D00D4B012CC5F8903104D9023CD5
S21402B340012C0DD9212409E00222094B196828464E
S21402B3500FF0FAFD0446304612F0A2FE204670BDFB
S21402B360044B03221968F2E70224F4E7ADE1020077
S21402B37020FA03001CFA0300F8B590F82750074697
S21402B380FF2D0C461ED0023D012D8CBF0025012547
S21402B39049682A4602F0FCFD0B4B26681B6896FAA3
S21402B3A0A6F6BB424FEA162609D1304605F04AF801
S21402B3B0A17A2A46208981F0010102F015FE0020BA
S21402B3C02660F8BD0220FCE7005F0020024BD8682A
S21402B3D0C0F30360704700BF000002B870B512F0F9
S21402B3E064FE264B1A68114629B9002A41D1BDE8E7
S21402B3F0704012F055BE8B686BB193F82440E50797
S21402B40009D5DD690DB19D693DB993F824406FF306
S21402B410C30483F824400968E6E744F00804F8E722
S21402B42093682BB393F8242002F00902092A1FD14D
S21402B43021468A68CAB192F8245005F00905092DFA
S21402B44013D1DE69D569AE4203D09E699569AE42D4
S21402B4500BD193F824506FF3C30583F8245092F867
S21402B46024506FF3C30582F8245009680029E0D1FE
S21402B47022461468002CD3D1B9E700BF7C7800209E
S21402B4802DE9F8431C46184B0646D3F800900D46A5
S21402B490174612F00AFEB14580461CD1A84705465B
S21402B4A028B1404612F0FCFD2846BDE8F88307F0B6
S21402B4B02FFB0E4A4046D2F8D83E23EA07031C4327
S21402B4C0C2F8D84E04220A4B1A6712F0E9FD00258C
S21402B4D0C6F87C41E8E712F0E3FDD6F87C3123EAB1
S21402B4E007031C43F3E700BF005F0020001000B014
S21402B4F0002002B82DE9FF478F7881460F2F0D46B0
S21402B50003D9212004B0BDE8F08727B90123404AB9
S21402B51000201370F6E70E784C7826BB002CF0D18C
S21402B520E88804F089FAC30943EA4163C01A61EB6A
S21402B530D11104F0B5FAFF288046E2D056EA040399
S21402B540A888DFF8DCA013D004F01CFB4FF6040337
S21402B550BAF8002001469A4254D1B442234638BF74
S21402B5603346002431E0082ECBD8082CC9D8D7E7BA
S21402B57004F008FB4FF60403BAF8002001469A428C
S21402B58008D1244B1B6E9BB2934208BF4FF60503AD
S21402B590AAF80030B1F5803F1E4B0FD902221A6678
S21402B5A08022C3F88020082301241E4649084FF64D
S21402B5B0FF720139914228BF114608E00124802219
S21402B5C01C66C3F8802008231E460029EFD10022FD
S21402B5D002920122013FFFB200920197324609F51C
S21402B5E0827004F05FF91CB14FF480120A4B5A6560
S21402B5F0404695F9031004F06FFA084BAA681A60E1
S21402B600022384E703480266AAF80030A5E700BFD3
S21402B6109D63002000C001B800D001B85061002030
S21402B620B478002010B5054C237823B105F098F9BC
S21402B6300020207010BD0E20FCE700BF9F63002094
S21402B64008B505F077F90122014B00201A7008BDF3
S21402B6509F63002000F01803182B0AD003070AD4B1
S21402B66040F2011310F0100018BF1846034B18657D
S21402B67070470020FAE70120F8E700BF001F00B07D
S21402B68038B10368044A002B08BF1346034A136006
S21402B6907047014BFAE700BFE7AA0300987800203C
S21402B6A010B4D0E9584122400B4052EA030104D0BC
S21402B6B003495DF8044B096808475DF8044B704778
S21402B6C098780020F7B5D0E958C40546DDE9087633
S21402B6D084EA06018CEA070010401940614080EABD
S21402B6E00C00C5E9580118490C68AC4228D100255F
S21402B6F023F4004106EA010322F0010043F400733A
S21402B70007EA000243F002030195009507F018F8D5
S21402B71094F824309A0713D5D4F864319B050FD5D4
S21402B7204FF4881120460FF091FD94F8243002461B
S21402B73065F3410384F8243020460B46FFF7B0FF3A
S21402B740002003B0F0BD00BF005F00200F2938B50F
S21402B75004460D4614D80C4B1B68834209D102F0EE
S21402B760DBF901280ED1094AD36B23F00F032B43D2
S21402B770D363204684F869510FF0D7FB002038BD0A
S21402B7802120FCE70220FAE7005F0020001F00B03D
S21402B790D0F87C21034B1340C0F87C310023C0F85C
S21402B7A08C317047DF0000FF08B50E4B1A6F12F09F
S21402B7B0A00F01D0002008BD5B6F5B070FD40A4BB9
S21402B7C0D3F8D83E23F07F4323F0FF033BB1FFF7C5
S21402B7D0FDFD0928EED00C3818BF0120EBE701204A
S21402B7E0E9E700BF000002B8001000B02DE9F04300
S21402B7F085B004460D46164602F08EF901288046AC
S21402B80044D194F82430DFF8B4906FF3820384F8BE
S21402B81024304FF47E432386264B30461B6AC9F8F3
S21402B820003004F051FD074640B14FF0FF332125AA
S21402B830C9F80030284605B0BDE8F083012200238F
S21402B840019019460090104606F07AFF4FF4001257
S21402B850194B294620461A620EF020FE0546B8B15C
S21402B860D4F8A01094F8270004F008FE0023002263
S21402B870012000210197009706F062FFD9F8000028
S21402B88001F0C8F94FF0FF33C9F800300225D1E7BE
S21402B890042003F0FBFED4F80C3106EB46066433B4
S21402B8A01E4442462B4603A90420039603F00CFFCF
S21402B8B0C0E700BF00C000B8005001B8947800206E
S21402B8C0F8B51C4F0E4605463B6810B9EBB10E2084
S21402B8D014E0984213D0184BD5F8F00093F90040C4
S21402B8E00FF03DFAC4F11C04231A9B1BC3F11C0281
S21402B8F0002AB8BF5242232A12DD2120F8BD02F0E8
S21402B9000BF90128E7D00220F8E781EAE173A3EBFE
S21402B910E173DBB2232BF0D8074B19700020EDE75A
S21402B9203A6885F82860AA42F8D158B201F01AFAA5
S21402B930F4E700BF005F00209E63002010B50446B7
S21402B9400FF05FFA10B1012002F068F9204601F00C
S21402B95023FF12F0AAFB0A4A0121D2F8A0300446BD
S21402B96023F02003C2F8A0300222064B08469A6053
S21402B970054B5B689847204612F092FB002010BDEC
S21402B980001E00B0001002B888780020013808B502
S21402B99003282DD8DFE800F0290234324FF0C053D6
S21402B9A04FF06051184A43F400131162A2F5805218
S21402B9B013620423A2F58832C2F88C30936F23F008
S21402B9C0060343F0040393674FF080520F4BDA6787
S21402B9D005F01EFF40B14FF480730D4AC2F8E03006
S21402B9E0A2F58052C2F8EC3008BD4FF06053D7E79C
S21402B9F040F682120B210020FFF72CFA0023CFE735
S21402BA004FF00053CCE700BF006001B8001002B848
S21402BA1000600054002208B50F4BC3F88C204FF08C
S21402BA20605203F590331A620C4B1B7813B1062250
S21402BA300B4B9A674FF080520A4BDA67D0F8A01089
S21402BA4090F8270004F01AFD4FF48072064BC3F8F4
S21402BA50EC20C3F8E02008BD004000B8A063002038
S21402BA60006000B8002002B80060005408B50FF06D
S21402BA7069F88022024BD864024B1A6108BD00BFE7
S21402BA80001F00B0000002B830B4D0F8A0400A4050
S21402BA9024EA01041443C0F8A040054C24688442FA
S21402BAA002D130BC01F096B9002030BC704700BF0E
S21402BAB0005F0020012313B5002200240093002318
S21402BAC010461946019406F03BFE022003F0DEFD06
S21402BAD0044B21461C60044B02205B6898472046B4
S21402BAE002B010BD6C610020887800202DE9FF416D
S21402BAF002290D4616469846039004D1FFF7DAFF50
S21402BB0004B0BDE8F08112F0D0FA1E4F04463B683E
S21402BB103BB1B34205D012F0C3FA002321203B60AA
S21402BB20EEE7194B0022C3F800803E600023012690
S21402BB304FF00008104619460196009606F000FEE1
S21402BB40124B022083F8008003F0A0FD43462A46EB
S21402BB50022003A903F0B8FD0D4B039A1A6008B938
S21402BB602046D8E70B4D2B689847212804D020465C
S21402BB7012F096FA0020C3E731466B680220984717
S21402BB80F5E700BF6C61002068610020A163002019
S21402BB90646100208878002090F82730023B022B50
S21402BBA005D84B7C9BB1012B13D0022B13D0D0F8B7
S21402BBB080311B0609D5D0F8A4300D2B02D00F3BDE
S21402BBC0022B02D88B8A1A2B07D80EF0F0BF044835
S21402BBD0704704487047044870470448704700BFDF
S21402BBE020A1070048E8010040420F0080841E00A2
S21402BBF00B78022B14D0A3F1040CDCF1000343EB08
S21402BC000C035B004A781B01022A0BD0111F4A4222
S21402BC104A41520043EA82130349044AFFF730BC02
S21402BC200123EFE70122F5E761DB0200F0FFFF00E8
S21402BC300A78022A13D0A2F1040CDCF1000242EBCD
S21402BC400C0252004B78022B0BD0191F4B424B4171
S21402BC505B0042EA830304490F22FFF711BC01226C
S21402BC60F0E70123F5E700BF8DDB0200D0F8B43021
S21402BC7010B5994204460ED0C0F8B41003F082F90B
S21402BC800649A4F840010123054AD1F8FC1004F540
S21402BC90827005F041FC002010BD00BF001F00B0FE
S21402BCA0581F00B02DE9F74304460F4615461E46B8
S21402BCB0FFF77AFD18B9022003B0BDE8F083A38A25
S21402BCC0002BF8D020460EF086FD78B9002E40F004
S21402BCD0D9806D4BD3F8D83E03F03002102A00F01C
S21402BCE0D18003F0C003402B00F0CC80674E73690E
S21402BCF0DA0740F1C780032003F0CAFD0028DAD134
S21402BD00766916F00606D6D15F4B4FF400612046E0
S21402BD10D3F8D89ED3F8AC8E07F06CF840B14FF447
S21402BD20007201215A4B08461A6732460EF0C0FAD4
S21402BD3094F82530DB0707D5D4F8A0305E0542BF5D
S21402BD404FF40022534B1A6739462046FEF798FEF8
S21402BD504D4BC3F8D89EC3F8AC8E0028ACD194F8ED
S21402BD602430980601D4002D4DD0C5F3400005F0CE
S21402BD70C1FE022315F4807F1BBF0021454A444AB8
S21402BD80136717BF444A13675161136306F0C0FE78
S21402BD904FF4806315F0040F14BF404A404A3C4EED
S21402BDA05362042328463367FFF754FC20460EF0FE
S21402BDB04FFF38B14FF4807315F0010F16BF354AA6
S21402BDC033671367A90647D54FF6FF72B4F84030BB
S21402BDD093420FD0334A3449526E100CC2F301120A
S21402BDE00132B3FBF2F308802C4A2D492F481B047C
S21402BDF048665366003D18BF012594F8243065F363
S21402BE00451384F8243020460EF0FBFFF0B120469E
S21402BE100EF01EFFD0B14FF40031204606F0EAFFC6
S21402BE20431C03229BB2224801A90FF00CF99DF88D
S21402BE30042002F00703052B9DF8053015D11207E2
S21402BE400DD443F480731B4AC2F8B830002003B006
S21402BE50BDE8F0430FF004B901F01AFECAE713F08A
S21402BE60040F09D19DF80630EBE703F03002202AD2
S21402BE7005D113F0010FF4E74FF48073E3E79DF862
S21402BE800630E0E70E2017E7001000B000C001B849
S21402BE90002002B8001002B800400054005001B85A
S21402BEA0006001B8004001B8B67800200000FFFF2D
S21402BEB008400054001E00B02DE9F34106468846AD
S21402BEC015461F4612F0F1F80446032003F0E0FC84
S21402BED038B1204612F0E4F80E24204602B0BDE83F
S21402BEE0F081042003F0D4FC0028F2D1204612F0A0
S21402BEF0D7F801232A4641463046FFF7D3FE0446CA
S21402BF000028EAD1DFF8CC8067B388F8000039460B
S21402BF103046FFF7EFFA00284ED198F80030012B92
S21402BF201DD02022254B1A67254BDB6CB3F5817F8B
S21402BF3020D201200FF0DEF812F0B7F8214B0646A9
S21402BF401B680193D3B903F0FFFC15F0800527D1D7
S21402BF50012003F055FD284605F0A2FC26E005F078
S21402BF60B5FCBAE798F80030012BF8D0002BD8D1F0
S21402BF702124B2E78022144B1A61DAE7042003F088
S21402BF8085FB00230122042001A903F09DFB002863
S21402BF90D9D105F0E9FD2124304612F081F89CE75C
S21402BFA000220A4B01209A6703F02AFD084B012162
S21402BFB05B6800209847EFE704468EE7001002B859
S21402BFC0001F00B050610020000002B800C001B897
S21402BFD0887800209D63002038B505460C4619B1C6
S21402BFE00EF00FFF00B10434204603F0CBFD064BE3
S21402BFF040421B68AB4204BF044BC3F8C80EC5F8E8
S21402C0008401002038BD00BF005F0020001000B091
S21402C010838E70B5934204460D46164624D3006DB1
S21402C020124B88421B6803D1A34214D1002501E0BB
S21402C030A34214D1FFF7CAF9C31FDBB2022B01D900
S21402C0400C2803D10A4B1B6F9B0304D401223146F2
S21402C050284602F03BFA0020A4F86E6170BD002963
S21402C060F9D008F0A1F9F6E72120F7E7005F0020F3
S21402C070000002B82DE9F0470B460746164611B9EE
S21402C0802120BDE8F087002AFAD0032905D800222D
S21402C09002F0DAFB03460028F2D01C889978B4F541
S21402C0A0804F01F0070080F0CE80A0F1070C1A79CD
S21402C0B093F805A0DD88DCF1000343EB0C030528AA
S21402C0C0337394BF0023C1F30013C1F3801C737350
S21402C0D08B0986F810C003F00203C1F3C00C43EAD2
S21402C0E00C03C1F340117374B174B582002A40F098
S21402C0F0868097F82A31013BDBB2F374D7F8A0307A
S21402C100DD0600F185800638012800F28180B7F846
S21402C1101280D7F81C9008F1FF384C4B083C04EA12
S21402C12008045B6D19F804300020802B0EBF6FF0F8
S21402C1307F03323B5BB2B373B06097F827300134AB
S21402C140FF2B04EA080435D1631D03EA08035A1CD0
S21402C15002EA080219F8022019F8033043EA022319
S21402C160D9041DB24DD5D7F8F03013B11B68022B97
S21402C17005D841F2C9224C210020FEF76BFED7F803
S21402C180F030C5F30B0093F82430C0000BB1B0FBBF
S21402C190F3F082453AD838B1CAEB0A2ABAFBF0FA6B
S21402C1A06FEA0A0A5FFA8AF0D7F8F83013B196F9FE
S21402C1B00E109847631CF07303EA080319F803107D
S21402C1C0013303EA080319F80320013303EA0803DC
S21402C1D041EA022119F80320013303EA080319F899
S21402C1E0030041EA0241002341EA0061727C3846BC
S21402C1F005F042FA06233060B371002041E7531E71
S21402C2007AE719F804004000C0B2CDE70020CBE779
S21402C2100023F3730E4B1B689F4211D10D4B5A69D4
S21402C220C2F30723120448BF63F0FF035AB212F1A7
S21402C230800F01D0323B5AB20020B2730346DAE7CF
S21402C2406FF07F02F8E702201BE700BF004000B84D
S21402C250005F002000C000B82DE9F04180460F467E
S21402C2608C88FFF799FC1F4B98F827601B68023EE4
S21402C27043450546F6B20DD0012E19D801460120D7
S21402C28005F024FA411C02D10220BDE8F081E30049
S21402C290033312E0012E01468CBF0020012005F078
S21402C2A015FA421CF0D0012E4FEAC40305D8EFE778
S21402C2B0D8F88801431CE7D0E30003220344BA718E
S21402C2C0002DE1D0B3F5803FDED84FF224416A0953
S21402C2D001FB03232D09B3FBF5F33A680020D21ABB
S21402C2E03A60D2E7005F002038B50546124B808AD6
S21402C2F01B68AB4210D1114B9C6AC4F30C048442F7
S21402C3008CBF0020012041F216420821FEF7A2FD52
S21402C310A88A001B80B238BDB5F87031B5F87241F4
S21402C320E41A95F82430A4B2DB0902BF00F1FF3309
S21402C33003431C40E3E700BF005F002000400054B8
S21402C3402DE9F04104460F46154613B301F090F866
S21402C350A08AA84228BF2846234B85B21B68A34260
S21402C3601AD12A463946214802F05AF8B4F87231F0
S21402C37094F824202B449BB2D209A4F8723105D13A
S21402C380A28A511E0A431340A4F872312846BDE819
S21402C390F081FFF7A9FFDCE7A68AB4F87231B3FB97
S21402C3A0F6F206FB1233F61A226AB6B2B54212FA51
S21402C3B083F814D994F8240040F2494280F08000B1
S21402C3C00821C009FEF746FD32463946404607F0C8
S21402C3D0EBFF206AAA1BB91907F0E6FFC6E72A4652
S21402C3E039464046F8E700BF005F00200840005488
S21402C3F0B2F5805F2DE9F0410546884616461F468F
S21402C4003CD89A423AD33F2A30D9B2FA82F4012370
S21402C410C4F11F02D2B293409BB2B3424FF0010363
S21402C4202CBFC4F11904C4F11A04E2B2911DC9B2B8
S21402C4308B409BB2B3421BD095F8013103BB01215E
S21402C44095F8243061F3C71385F824300D4B1B682A
S21402C450AB420FD13946404601F0B6FF0020A5F8A0
S21402C4607271C5F82080AE82BDE8F0810022E3E753
S21402C4700021E5E70023A5F87031EFE72120F3E776
S21402C4800E20F1E7005F0020044B054A1A60054BB8
S21402C490054A1A60054B064A1A6070474C6100202E
S21402C4A0DDB3020048610020B5D3020044610020DB
S21402C4B0B9E50200F8B504460E461546002A3FD0F6
S21402C4C013883F2B3CD9B3FA83F3C3F11901C9B2DF
S21402C4D0062901D8192B1AD0062928BF06210123BE
S21402C4E08A1D184FD2B293402B803B68A34202D1DA
S21402C4F0304601F089FF2B8820466382E66102F00F
S21402C5000DF8114B1B6823B198470020F8BD002197
S21402C510E5E70E4B19683B6821B9181B18BF0120C6
S21402C5204000F3E78A684AB1934207D092F82400A3
S21402C530C00741BFD869D061588A50820968EBE7C4
S21402C5402120E3E7005F00204C6100207C78002079
S21402C55070B5148811F0030605464FEAC40427D1C5
S21402C5603F2C25D9B4FA84F4C4F11903DBB2052BA7
S21402C57001D8192C1AD0052B28BF0523012406330F
S21402C580DBB29C40C4F3CF0313802B82094BA96114
S21402C5901B686C8703B19847284601F0BFFF064A1E
S21402C5A0631E2343C2F8A430304670BD3346E5E727
S21402C5B02126F9E74C610020001E00B0082310B1C6
S21402C5C0024A13677047024AFBE700BF001002B830
S21402C5D0002002B82DE9F743DDF828800746894691
S21402C5E016461D4611F061FD0446032003F050F97D
S21402C5F038B1204611F054FD0E24204603B0BDE8A3
S21402C600F0834D4B20465B6913F0060FF2D111F012
S21402C61047FD0123324649463846FFF743FB0446A8
S21402C6200028EAD1002D74D0B8F1000F71D0434C27
S21402C6302368002B44DB206804224FF43C51E5F7C4
S21402C6400FFF2068A4220021E5F734FF4FF4807222
S21402C650394B414638469A65FEF74CFF0446002899
S21402C660CBD1374B1B78012B53D02022354B0120E0
S21402C6701A67354BDB6CB3F5817F22BF8022334BC2
S21402C6801A610EF037FD11F010FD314A804613682C
S21402C690E3B129682C790B4413600193B3B10420EB
S21402C6A002F0F4FF00232246042001A903F00CF84E
S21402C6B060B905F059FA2124404611F0F1FC9CE7D6
S21402C6C0E5F7DCFE00282060B5DA95E703F03CF9D2
S21402C6D016F080001FD00022174B9A676879431E17
S21402C6E058425841FFF76AFF2A792B68012AD7F881
S21402C6F0141101D18B4211D35B1A01930320082334
S21402C70001A902F0E1FF58B905F02EFA404611F0F1
S21402C710C7FC212471E705F0C3F8DFE70023ECE746
S21402C7200C4D2B68984721280446C5D101210020CC
S21402C7306B6898470024BFE700C001B890780020D5
S21402C7409D630020001002B8001F00B0000002B86F
S21402C7505061002088780020054A12681AB190F8C5
S21402C7602A1119B91047084603F03EBD0148704722
S21402C7703C61002000FEFFFF374B2DE9F7431C68A3
S21402C78001F4007900F00103174653EA090206464F
S21402C7900D463AD04FF0000863B300230022002172
S21402C7A00120CDF80480CDF8008005F0C9FF0420F2
S21402C7B002F06CFF41462046FFF7CEFF01224146BB
S21402C7C02086DFF8A88010460DF072FDD4F8A0107F
S21402C7D094F8270003F052FED8F8000000F01AFA88
S21402C7E04FF0FF33C8F8003094F8243043F00403C7
S21402C7F084F82430B9F1000F07D0012120460EF04C
S21402C80025FD25F4007506430D432B463246204689
S21402C810FEF746FFFB070FD51049114A08680021AC
S21402C8201368116001210F4A117003B198470E4B2D
S21402C830002102205B68984717F00E0F08D040F2DE
S21402C840C7123B21002003B0BDE8F043FEF702BB4F
S21402C85003B0BDE8F08300BF005F002068610020DF
S21402C8606C610020A1630020887800209478002064
S21402C870094B10B51B680446834204D148220021A6
S21402C880064807F072FB4822002104F5CA7007F03A
S21402C8906CFB002010BD00BF005F0020DC1E00B055
S21402C8A037B53149314C0A7824784FF0FF352243A8
S21402C8B078240A70A0F82041642182240C22C0E960
S21402C8C04441C0E94611C0F80C116FF47C4180F86F
S21402C8D03C214FF6FF72C1624FF40041A0F840209F
S21402C8E042860287C2840022A0F84610072180F8FA
S21402C8F028201F4AC187146800F1540101651D49AA
S21402C9008442C0F8B4504585416329D104F08AFFB9
S21402C9102046FFF7ADFF94F928102046FEF7D0FF19
S21402C920602340F6FF71144A2046D36402F11C428B
S21402C930D162D165114A2946D3644022104B1A6748
S21402C940D4F8A020FFF7A0F80E230022019300934C
S21402C95040F202231046194605F0F2FE02F0C8F92C
S21402C960002003B030BD00BFA3630020FFF7030022
S21402C970005F00204000FFFF004000B8005000B8F3
S21402C980002002B870B50C460546FFF771FF64B387
S21402C990A378082B2ED8E278082A2BD843EA02136B
S21402C9A0154A2078126861789542DBB21FD1134A85
S21402C9B053B1666882F82001C2F8DC6082F8211161
S21402C9C082F82331626808E0C2F8DC3082F820017F
S21402C9D082F8211182F823310022C5F8942185F8C5
S21402C9E0D80185F8D91185F8DB31002070BD002BFF
S21402C9F0E8D1F1E72120F9E7005F0020001E00B031
S21402CA00012A30B51DD8032B1BD803EB8202012363
S21402CA100D4C93402568DBB285420ABF0B4C90F85A
S21402CA20DA4194F8224149B12343854204BF074ABA
S21402CA3082F8223180F8DA31002030BD24EA03037E
S21402CA40F3E72120F9E700BF005F0020001E00B0D8
S21402CA500A6838B5013208BFD0F80C21B0F8403168
S21402CA6008BF0A604A688C68013204BFD0F81821F1
S21402CA704A60651C46D1D0F81421CD688A606C1CC9
S21402CA8046D1D0F810410D69CC60013504BFD0F80C
S21402CA9004510D614D69013504BFD0F808514D614E
S21402CAA08D69013504BFD0F81C518D618D69ADB317
S21402CAB05A33AB4238BF2B460D688B6115B15A2DDF
S21402CAC038BF5A25C0F814214A68C0F81C310B69D1
S21402CAD0C0F80C51C0F804314B69C0F81041C0F8D8
S21402CAE008310F4BC0F818211B68984208D10D492F
S21402CAF007230D4AD1F8FC1000F5827004F00CFDF5
S21402CB00002038BD03F15A02A24238BF2246B4E7DB
S21402CB1003F17804AC4238BF2C46B4E76423CBE773
S21402CB20005F0020001F00B0581F00B038B5054C4B
S21402CB30054B417800782568236003F0ABFE00B110
S21402CB40256038BD70610020C8090400074B1B68C9
S21402CB504BB10028064B08BF0023064A1360064B5B
S21402CB601870002070470220704700BF70610020D6
S21402CB70C009040074610020A263002008B50346C1
S21402CB8093F86821084661F3000283F86821044A94
S21402CB9012689A4201D103F037FC002008BD00BF9C
S21402CBA0005F00204FF40022034B186F03F500537A
S21402CBB01A67C0F3C0407047000002B838B5104B81
S21402CBC004469B68DA050FD40EF08DFA054603F08C
S21402CBD043F902F0C7FC02F039FD0EF084FA431B5B
S21402CBE09C4208D92C44241A054B5B69DB0704D502
S21402CBF020460EF07FFA002038BD0220FCE700BF78
S21402CC0000C001B8024B586900F00100704700BF2F
S21402CC1000C001B8431C07D06FF0FF02034B104060
S21402CC201A62A3F580531862704700BF00E000B88E
S21402CC30044B1B68834206BF034B186CD0F8A40053
S21402CC40704700BF005F0020001F00B0054BC0F811
S21402CC50A4101B68834208BF034B4FF0000008BFB6
S21402CC6019647047005F0020001F00B003282DE9FA
S21402CC70F3470F46904661D8314B13F80090314B7C
S21402CC801D5C314B13F800A005F00CFF064640B1C0
S21402CC90002300220193009301200023002105F0C7
S21402CCA04FFD05F007FF48B10023002201930093D1
S21402CCB0002000234FF4004105F042FD002D37D03E
S21402CCC0224BDC6C04F00804214BDC6409EB050300
S21402CCD023335344D8B202F00DFC2946484605F0E9
S21402CCE02FFF52462946484605F098FF194BDC644A
S21402CCF076B1194B1B68D3F8A01093F8270003F0FF
S21402CD00BDFB16490868FFF785FF4FF0FF330B603F
S21402CD10B8F1000F04D0124B002103205B6898473D
S21402CD2000F0FAFE012805D1002002B0BDE8F08727
S21402CD302C46C9E7002FF3D10520F6E72120F4E7B9
S21402CD40E0090400DC090400D8090400004000B829
S21402CD50006000B8005000B8005F00209478002001
S21402CD6088780020054AC002D36900F4FF2023F425
S21402CD70FF231843D0610020704700BF00C000B8F0
S21402CD8038B5104D04462B6883420FD10E4B586AB5
S21402CD90830214D42B68A3420CD10B4BD3F8800029
S21402CDA010F4706F14BF0120002038BD07490EF042
S21402CDB0C5F9EDE7204606490EF0C0F9F0E7012076
S21402CDC0F3E700BF005F0020004001B8244001B82E
S21402CDD0804001B8F8B514460E4601F00B0323EA6C
S21402CDE002013F4A2340D164A2F58052D3647207FF
S21402CDF0054610D50121FFF7C3FF60B105F088FE96
S21402CE004FF4007314F0040F14BF364A364A5362C6
S21402CE100422364B1A67F30606D514F0100F14BF19
S21402CE2000221B22324B5A65370618D5200611D52A
S21402CE304FF400122B4B1A6211F037F90E210746F7
S21402CE40032003F0B1F940F20122294B3846DA6298
S21402CE5011F026F9214695F8270003F00FFBF1059D
S21402CE6003D5E20525D503F0BDFAB30503D5A7051C
S21402CE7022D503F0C3FA16F48C6F18D014F480622D
S21402CE801FD095F82530DC070CD5EA8DB5F836317B
S21402CE90934214D0B5F83831981A43424341154AA2
S21402CEA082F8C4302846D5F8F010FEF7DFFD0020E1
S21402CEB0F8BD03F091FAD8E703F09AFADBE701230C
S21402CEC0EDE77105EED595F82530DB07EAD5094B77
S21402CED0114683F8C420084B28461B689847E1E7AA
S21402CEE0006000B8005001B8006001B8002002B827
S21402CEF0004000B8001E00B080610020F8B505466C
S21402CF0090F83C010C460C2816462CD0FF292CD053
S21402CF101AB14FF0FF32164B1A600EF0CFF80746E2
S21402CF2095F83C0101F028FF844228BF0446E4B28B
S21402CF30BC4238BF3C460F4BE0B21B6885F82B005C
S21402CF40AB4206D0002416B9284601F029FF204637
S21402CF50F8BD01F0B9FF084B1B78002BF2D1FF2871
S21402CF60F0D12124EFE70224F1E72124EFE700BF06
S21402CF709C780020005F0020FFF703000429F8B524
S21402CF8005460C460AD10026F7B2384601F094FE52
S21402CF9008B13C4602E00136042EF5D1204601F0E7
S21402CFA08BFE88B195F83C31A34201D10020F8BD32
S21402CFB0064B85F83C411B689D42F7D105F59E70ED
S21402CFC0BDE8F84001F0B0BD2120F0E7005F002088
S21402CFD07FB51C4B04461B780E4615460BB3D0F89D
S21402CFE0EC306BB302AAB3F9123000920022E6F7D5
S21402CFF035F902992046C1F38131FFF7BFFF70B9B8
S21402D000BDF90C30029902460093C1F30D010346A6
S21402D0102046FDF725FE294620460EF05BF804B0B2
S21402D02070BD02A90DF0E5FA32469DF808102046BA
S21402D030E6F7B0F92A4601462046FFF75FFFEEE71D
S21402D0401846ECE7FFF70300F8B50D4690F83C11DA
S21402D05004460C29174603D12E4B1B78002B50D0C2
S21402D0602A462046A4F84650E6F794F9D4F8EC305F
S21402D07084F82A00002B40D0274A1678D4F8FC20E1
S21402D0804EB1002A3FD1B4F94600B3F912108842D5
S21402D09006DC002607E0B2BB94F84521824202D2A3
S21402D0A00126B3F9125000222946204684F82D7034
S21402D0B0FFF78EFF00BB76B1C4F8EC0020460DF0F9
S21402D0C0D9F94FF6FF739842014614D02046BDE8C0
S21402D0D0F840FDF7D5BC114B1B78022B0BD8204627
S21402D0E001F050FF0E4901230E4AD1F8FC1004F558
S21402D0F0827004F011FA0020F8BDFF2384F82B306A
S21402D100F9E70220F8E7B4F94210B3F91220914287
S21402D110BEE700BFFFF70300A3630020B878002035
S21402D120001F00B0581F00B0D0F8A830012B09D05D
S21402D13070B56B4B04461B688CB0834204D000204B
S21402D1400CB070BD0020704766490DF0F7FFD4F8AA
S21402D150EC600146E58DC4F8F00026B1336813B1E1
S21402D1605B68002B73D110F0A0FF10F099FF01232B
S21402D170D4F8F0108DF80630B389B0687268EB1AEE
S21402D1809BB200FB03225848ADF8043003680092B5
S21402D1908B4202D02046FEF769FC544D00F0BCFCE0
S21402D1A00128FBD1A96811F02001F7D1CDE90611BB
S21402D1B0CDE90811CDE90A1120469DF8062000990E
S21402D1C006AB03F075FE00283FD100F0A5FC01284F
S21402D1D0FBD1464A136FD801FCD493689906F9D45A
S21402D1E0684606A904F048F8054670BBE28D404B37
S21402D1F05A6494F8243060F3410384F8243001F032
S21402D20099F8D4F8EC305969431E0E68DBB2FD2B50
S21402D210029622D9F31C32D84B68FF2803935CD1BE
S21402D2200126DA1C23D8024602A9204601F00AF893
S21402D230002E84D1D4F8643199052ED494F8243083
S21402D24043F0020384F8243079E7022078E71A686C
S21402D250032A88D99B6A5B0E8CE74B6801280393E6
S21402D260DED00246204602A900F0ECFF67E7013353
S21402D270204B5B681FD0DA1C1AD80393D3E71D4BEA
S21402D28001361B6818BF0126DD1C0CD802934B68BA
S21402D290FF280393C5D00020C5E720464FF480310F
S21402D2A00DF0D4FF4BE7FF284B6813D00393BFE77C
S21402D2B0FF28BDD1EFE7DD1C06D80246204602A9AC
S21402D2C0039300F0BFFFB5E7FF28B3D10022204644
S21402D2D002A9F6E701200393A3E72A46C2E700BFA6
S21402D2E0005F0020FC1F00B040610020000002B872
S21402D2F0008001B8A478002038B590F8483104467A
S21402D3006BB31F22164D013B6A621340154A5362E5
S21402D310D0F84C21144B9A66D0F85021DA66D3F82E
S21402D3200031DB071BD50DF0D3FC4FF0FF3318B1ED
S21402D330C0F120008340DB43C5F80431D4F8AC20AA
S21402D3401340084AC2F804314FF0F043C5F81031D2
S21402D35094F82930DB0603F0F043C2F8103138BDEA
S21402D360006001B8005001B8004001B80B7810B553
S21402D3700C467BB9FEF74EFB63787BB940F6FF722C
S21402D380094BDA656022094BDA6403F5E83340227A
S21402D3901A6710BD1846FEF7F9FAEDE76022044B4D
S21402D3A0DA6403F5D833F2E700400054005000B8C0
S21402D3B0006000B82DE9F843C68F184A072E0546C6
S21402D3C0D2F88C3024D9536F878F438FF419591EA5
S21402D3D00B43073C1C40A4B2A4F108030B4081692E
S21402D3E023F0070331F80380536CC8F30C081FFAC6
S21402D3F083F901221146104605F010FCA5F8749137
S21402D400A5F87681AF87A5F87841EE87BDE8F88360
S21402D41000242746A046A146EBE700BF0040005482
S21402D42010B5042301240A4A0A49D1F8EC00C2F8CE
S21402D430EC30C2F8E0300C634FF40051D162410781
S21402D44042BFC2F8E030A2F58052C2F8EC3010BDFE
S21402D45000600054004000544B7823B940F6FF7237
S21402D460024BDA627047FFF7DBBF00BF0040005492
S21402D47038B5074B04461B680025834204D1FFF7E4
S21402D480CFFFA4F8725138BDA0F87051F9E700BF7B
S21402D490005F0020104B70B51B68834217D14FF413
S21402D4A080640E4B0E4DD3F8EC600020C5F8EC40BD
S21402D4B0C5F8E04005F08AFB4FF40053EB657305B0
S21402D4C004D5084BC5F8E040C3F8EC4070BDBDE893
S21402D4D0704001F023B800BF005F002000400054F7
S21402D4E0006000540050005410B5044904460DF084
S21402D4F025FEC4F8F000002010BD00BFFC1F00B0DF
S21402D500F8B504460E4619B990F824305A064CD49B
S21402D5104FF6FF73618ED4F8F070994204D0374B01
S21402D5201B680BB120469847354D2B68BB425AD034
S21402D530344B1B683BB11FB13A68002A55D0BF680E
S21402D5403946204698470727204601F01BFD002E45
S21402D5503FD0002106262C4B94F9282093F9003060
S21402D5602A48C3F11C039B1AC269DB0222F4FF227B
S21402D57003F4FF231343C361D4F8F03008462B604C
S21402D580234B9E6704F0A2F801460122214B204657
S21402D590C4F888111A700DF0C8FC94F8683100209F
S21402D5A023F0300384F86831F8BD4FF6FF71144D4E
S21402D5B0D0F8F0702A6866F386139742418680F8A0
S21402D5C0243017D00F4B1B68002BB4D101F0DAFCC5
S21402D5D0072711493B46114AD1F8FC1004F5827020
S21402D5E003F09AFFB5E70127AEE71746204639460D
S21402D5F09847A8E701F0C6FC0127EAE76061002029
S21402D60040610020546100209E63002000C000B8E4
S21402D610006000B8A0630020001F00B0581F00B0D2
S21402D6202B4910B5CB680446C3F30363092BD0F825
S21402D6307C213BD14B6F59073AD4264BD3F8D83EC0
S21402D6409A4235D14FF4F162234BDA64234B1B68BE
S21402D6501BB101220021204698470121084605F009
S21402D6606FFA00211E4B08465A69DB6AA4F870213D
S21402D67094F86821C3F3403363F3410284F86821C7
S21402D68004F024F81749C4F888010868FFF7C2FABC
S21402D6904FF0FF330B60144B1B6873B194F82420D1
S21402D6A012070AD52046BDE8104018470C2BC4D1F5
S21402D6B00E4B1340C4F87C31C4E7012211461046D3
S21402D6C005F0ACFA0023C4F87431A4F8783110BD22
S21402D6D0000002B8001000B0006000B880610020B0
S21402D6E0004000549478002048610020DF0000FFCC
S21402D6F0F0B5044694F82430244E43F0200384F810
S21402D7002430D4F87C31224DC6F8D83ED4F88C3179
S21402D71083B0C5F8AC30D4F8843104F5CA71C6F8C3
S21402D720C83ED4F880314822C5F8A03005F1DC00A6
S21402D73006F03AFE04F1B801D4F8A420C6F8C01FD9
S21402D7400026144B05F1B40C1A6494F8692104F50A
S21402D750EE75DA63D4E9587323F402440FCDACE8CD
S21402D7600F0024F00204296844F40073CCF8001079
S21402D7704FF0FF304FF0FF3127F0010243F0020373
S21402D7800196009604F0DCFF03B0F0BD001000B076
S21402D790001E00B0001F00B010B50446D0F82421C9
S21402D7A00B4B4FF40061C3F8A82090F82420D20156
S21402D7B002F4006205F004FB94F8243013F0100F14
S21402D7C04FF4007314BF034A034A136710BD00BF29
S21402D7D0001E00B0001002B8002002B82DE9F04189
S21402D7E0044600F59E7001F09FF90122E18D204665
S21402D7F094F86851FDF73CF89849994AD1F8FC101C
S21402D800072304F5827003F087FE964BC5F30016D5
S21402D81093F9000094F92830C0F11C00C01A40B2F7
S21402D820FFF7A0FA94F96C0102F0FAFD204604F51F
S21402D8308071FFF711FE204604F58171FFF796FD11
S21402D84094F86A1194F86B2120460DF041FCB4F866
S21402D8507A31854AC3F30E03936494F86801C5F3DC
S21402D860401500F0010002F0CFFD94F82700FF38C3
S21402D87018BF012001F04AFE2046FFF78DFF204622
S21402D880FFF73AFDD4F890310BB120469847216A4B
S21402D8904FF6FF73E28E7548002900F0CE809A425A
S21402D8A018BF94F86831B4F872E11CBF1B0303F486
S21402D8B00053B4F870C118BF02F1FF32A78A18BF2E
S21402D8C01343C0F810E00CBF40F6FF739BB2C0F8DB
S21402D8D014C0002F40F09C808760644AE645D16001
S21402D8E04FF00C01D362624BC3F8E01001D0022362
S21402D8F01363604B1B680BB1204698474FF6FF73C5
S21402D900218F5A4A99420BBF40F6FF73D36DD365F7
S21402D91023F47F631CBF23F00F0319434FF0010368
S21402D92018BFD165C2F8C030A38E504AB3FA83F34B
S21402D930C3F11903DBB2C2F89830236DC2F89C30EB
S21402D940B4F86E31C2F8A030002B00F084800623B3
S21402D9502046C2F8C0300DF054FA08B394F82530C9
S21402D960DB0711D4D4F8303173B1434B20461B6821
S21402D97004F598719847B0FA80F094F8253040097B
S21402D98060F3000384F8253094F825303B4A13F000
S21402D99001031CBFD4F8A030C3F3802382F8C4303E
S21402D9A04FF0FF312046D4F8A020FFF713FA94F880
S21402D9B02730FF2B13D120460DF023FA78B936B163
S21402D9C02F4B1B681BB12046D4F8F011984735B18F
S21402D9D02C4B1B681BB12046B4F8FC119847F02369
S21402D9E0294AC2F8883094F8693143F48073C2F841
S21402D9F08830264B196891F85D3291F80612C3F307
S21402DA00430343EA0113DBB2C2F88830BDE8F08173
S21402DA103F2F10D9B7FA87F20120C2F11902D2B20B
S21402DA2002F1060800FA08F080B2874200D90132F5
S21402DA300E48826051E70022FAE79A420BBF40F690
S21402DA40FF73C36AC36223F47F631EBF23F00F0310
S21402DA501A43C2624DE704237AE700BF001F00B0F4
S21402DA60581F00B09E630020008001B8004000549A
S21402DA70006000544461002078610020001E00B05F
S21402DA805C61002058610020004000B8005F002062
S21402DA9038B510F00AFB4FF6FF710A4A13888B421C
S21402DAA003D110F0FDFA0E2038BD074C074D1B04BB
S21402DAB06566A4F580546366118010F0F1FA0020C2
S21402DAC0F2E700BFB6780020006001B80000FFFF52
S21402DAD008B50D4BD3F84C21531C13D012F08042DC
S21402DAE010D10A4B1B681BB111460320FFF7BEF884
S21402DAF04FF080624FF40071054BDA67054AD16237
S21402DB0001225A6108BD00BF0080E00F005F0020BE
S21402DB10001002B8004000B80F4BDB68C3F3036383
S21402DB20013B0B2B0FD8DFE803F006060C060606B1
S21402DB3006080A08080802207047042070470520D5
S21402DB40704703207047054B5B6913F0060F0CBF46
S21402DB5001200420704700BF000002B800C001B8D0
S21402DB60094AD368C3F303630B2B08D06FF49050B3
S21402DB70184100F0010080F0010040007047106F6D
S21402DB8010F48030EDD17047000002B80C4AD3681A
S21402DB90C3F30363062B07D8042BD8B20BD8C31ED5
S21402DBA05842584140007047072B06D1D2F8300140
S21402DBB00028ECD17047022070470020704700BF53
S21402DBC0000002B8094BDB68C3F303639A1E012AFE
S21402DBD08CBF00220122012B02701EBF4FF402628C
S21402DBE022FA03F303F001030B707047000002B839
S21402DBF0094AD368C3F30363032B01D0072B08D16A
S21402DC00536FDB0605D4906F80F00800C0F3C000A7
S21402DC1070470020704700BF000002B8024B1B6826
S21402DC2003B11847704700BF8C610020024B1B6887
S21402DC3003B11847704700BF8861002010B5FF2265
S21402DC404FF6FF7104460DF0DFF868B9FF224FF673
S21402DC50FF7120460DF0E9F830B92046BDE81040C5
S21402DC60FF2202490DF0F4B810BD00BFE40904001B
S21402DC702DE9F0411C46184B05461E680F46904695
S21402DC8046B1306802F0BAF9F3681BB1B368186897
S21402DC9002F0B4F9114B1B682BB1DA681AB19B6813
S21402DCA0186802F0ABF99DF81830640744EA084297
S21402DCB05B0503F0BC6342EAC7621A43284608497A
S21402DCC042F4C87205F07CF8002228461146FEF798
S21402DCD09FF90020BDE8F08114FA030018FA030049
S21402DCE09007E12D08B5FFF783FF88B1094BDA6983
S21402DCF012030DD5186F10F4003009D19B6F13F084
S21402DD00100F4FF010030CBF034A044A936708BD76
S21402DD100220FCE7000002B8001002B8002002B899
S21402DD2038B50446F8B1124AD3691B031DD5556FA0
S21402DD30104BC5F38115032DB3F8B4300DD108226C
S21402DD40083B9BB221460C480DF07DF90020084B9B
S21402DD5025729B6F1B0A637238BD022D05D1023BEA
S21402DD602A469BB2EEE72120F6E70220F4E700BF40
S21402DD70000002B8001E00B03840005438B5054610
S21402DD80FFF736FF98B10B4B1C6F14F400340ED11C
S21402DD900220094B094A1B681B6D90672246AB425C
S21402DDA014BF2846002000F091FB204638BD02240E
S21402DDB0FBE700BF000002B8005F0020001002B8B8
S21402DDC0F0B5CF072ED5002A14BFAA2555250E4634
S21402DDD01E24164F01F0030383F001033B449B7895
S21402DDE006F0070C17F80CC0013C63444FEA5606CF
S21402DDF0F6D10F4E73436FF481769B0C33449AB977
S21402DE0091FAA1F195FAA5F54A082D0F490042EAC2
S21402DE10C57201F0020480F82940C0F8B030C0F89C
S21402DE20AC20F0BDAA25D2E7024AF4E7EC090400CA
S21402DE3036FC1000B756351213B5019147F6FE713F
S21402DE40194BC3F83012D0F8B04001EA4401174C1F
S21402DE50C4F830120F2159660199C90722D50ABBA8
S21402DE60012161664FF0FF31C3F80411D0F8AC40CF
S21402DE700E49C1F804414FF0F044C3F8104190F83F
S21402DE802930DB062340C1F810314AB10422006D66
S21402DE900DEB020106F088FA0222054BC3F8C020F9
S21402DEA002B010BD0221DCE7006001B8005001B8E4
S21402DEB00040005437B50446144D90F82710FEF77C
S21402DEC0C5FE2B68A3420BD1012001F01FFB4FF4C5
S21402DED0F0620F4BDA644FF40072A3F58053DA64F3
S21402DEE094F82730023B012B0ED80A4B9B6E019307
S21402DEF02B689C4205D1042101220DEB010000F0A3
S21402DF00E5FA0423A4F86E3103B030BD005F0020AA
S21402DF10006000B8004001B838B5184B05461C68CA
S21402DF2044B1E36833B1206802F068F8A368186861
S21402DF3002F064F8124B134A1B6813602BB1DA68BE
S21402DF401AB19B68186802F059F80F4B1B682BB180
S21402DF50DA681AB19B68186802F050F80B4B1B6817
S21402DF602BB1DA681AB19B68186802F047F82146A6
S21402DF702846BDE8384000220CF0E6BF28FA030027
S21402DF8024FA03009061002020FA03001CFA030022
S21402DF90F8B5D0F84C3104468B420D461646114F62
S21402DFA003D190F84831202B11D03246294620461C
S21402DFB0FFF706FF202384F848310023C4F85031C7
S21402DFC03B68C4F84C51A3420BD1FFF795F93B6866
S21402DFD0A34206D1324629462046BDE8F840FFF75E
S21402DFE02BBFF8BD005F0020072330B5144CE36357
S21402DFF0144B61B94FF480424FF48041C3F8B41019
S21402E000C3F8B820C3F8BC20C3F8C02030BD4425EE
S21402E0100D4940F040004D6388630121D9634FF4F7
S21402E02080414AB1C3F8B410054BC3F8B810C3F820
S21402E030BC10C3F8C010E9E7C4F8B410F4E700BF98
S21402E040006000B8005000B8004000B82DE9F84F54
S21402E05005460E4617469A4603F0D0FD95F827B0B9
S21402E060032E0DD8DFE806F00210161C424BDFF82E
S21402E0702C81D3F8009085F82760B9F1000F11D1F2
S21402E08021242046BDE8F88F3C4BDFF81481D3F8F4
S21402E0900090F0E73A4BD3F80090DFF80881EAE701
S21402E0A0384BF8E7D5F8E8304B4507D0484600F03D
S21402E0B0D7FC0023C5F8E890C5F8EC303946284668
S21402E0C0FCF778FB044603F0B3FDB34507D0D5F85A
S21402E0D0EC3028461A68D9F804100CF063FEAAF150
S21402E0E05A0001F04FFDB0F57F4F38BF264BDFF8E0
S21402E0F0B8903EBF9B6B0133C018A0F57F40C9F8AD
S21402E100B400404603F09AF90023C9F8B800C9F8EB
S21402E110BC30002CB5D139462846FCF7FDFC044637
S21402E1200028AED10522194B4FF00208C3F824216D
S21402E130012239461A672846C3F80880FDF7FEFB17
S21402E140044618B1124BC3F808809AE731462846AF
S21402E150FEF77CFD28460A99FDF70EF904460028CC
S21402E1608FD10C4907230C4AD1F8FC1005F58270B2
S21402E17003F0D2F985E700BF28FA03009061002079
S21402E18020FA03001CFA030000C001B8001002B80F
S21402E190002002B8001F00B0581F00B0D0FB0100DC
S21402E1A050BD0100501C0700001E00B04FF4F06284
S21402E1B038B5124B0446DA644FF40072A3F5805366
S21402E1C0DA64D0F8F00102F03DF994F827500C4BCF
S21402E1D0023D012D8CBF0025012520462A46996E58
S21402E1E0FFF72AFE94F8FA112A46B4F8F80181F0ED
S21402E1F00101BDE83840FFF7F7BE00BF006000B877
S21402E200004001B8431EDBB2FD2B14D9FF280B6871
S21402E21001D14A68134313F0802F1EBF42F2010257
S21402E220074BC3F8282251F82020054BC3F850228A
S21402E230C3F8542270470128F5D10023E9E700BF4E
S21402E240004001B838B50546134B0C461B6810460D
S21402E250AB4201D1FFF7D6FFD5B1D5F8EC30BBB152
S21402E2605B69ABB1421ED2B2FD2A13D922680132D3
S21402E27004BF6FF0010222602268FF281A6007D1ED
S21402E2806268013202D16FF00102626062685A600F
S21402E290002038BD0128F2E7005F0020F0B585B007
S21402E2A06D460E460F4B074614460FCB85E80F0009
S21402E2B00D4BD3F848020090D3F84C2201923EB19F
S21402E2C0631EDBB2FD2B0AD93060FF2C00D17260D0
S21402E2D0224629463846FFF7B5FF05B0F0BD012CA9
S21402E2E0F4E700BFF40904000080E00F30B50C4BE1
S21402E2F00546187085B0082380B90A4AC2F8FC336E
S21402E30051B96C46084B0FCB84E80F00074B2A46E0
S21402E31021461868FFF7C2FF05B030BD044AEDE794
S21402E320C7780020001002B8040A0400005F00202C
S21402E330002002B8014B1878704700BFC77800204B
S21402E340124BD3F8E020D2031ED54FF48032104988
S21402E350C1F8E020A1F58051C1F8EC201A6CD1B2C8
S21402E360C2F30722C3F88010C3F880200422C3F841
S21402E37080200022C3F88020C3F88020C3F88020C3
S21402E380C3F88020C3F88020704700BF00400054C6
S21402E39000600054F0220A4B01219A64A022A3F5E1
S21402E3A080539A64074B026DC3F8C010FC21C3F871
S21402E3B09810C3F89C204FF40052C3F8BC20704754
S21402E3C0006000B800400054F8B50D4617460646F1
S21402E3D00FF06BFE01230421084C094A2363A76051
S21402E3E0E6602561C2F8E010064AC2F884310FF0F2
S21402E3F057FE0DB102232363F8BD00BF0040005450
S21402E4000060005400E100E00122044B1A6640F668
S21402E410FF729963D863DA65704700BF0040005404
S21402E4202DE9F04F042A05460B4683B039D901265A
S21402E4300978141F81615A7803F1040982619A7877
S21402E4408261DB7883610368D0F808B003F00703C3
S21402E45006339E4006F1FF3A0AEA0B084768A6EB27
S21402E4600802944247F000570ED84946224607EB68
S21402E470080005F099FF46EA0A0604EB0B02324052
S21402E480AA6003B0BDE8F08F494607EB0800019288
S21402E49005F08AFF019A384609EB0201A21B4244A4
S21402E4A0E7E7013A032AECD8DFE802F00B08050298
S21402E4B013F8012B826113F8012BAA6113F8012BC2
S21402E4C0AA611B78AB6103B0BDE8F08F38B50C4685
S21402E4D0154601460F4B60B101220F48C3F8C02013
S21402E4E02246FFF79DFF1DB104220A4BC3F8C02047
S21402E4F038BD64B1D3F8A420A24284BF0122C3F877
S21402E500C0200222C3F8A040C3F8C020EBE70122D5
S21402E510FAE700BF004000549840005438B504465D
S21402E5200FF0C3FD1F4B05461B68A34234D10121E1
S21402E5301D4A638F11663BB3B3FA83F3C3F1190323
S21402E540DBB2A069C2F8901093660723D066C2F8C1
S21402E5508C304FF4A02302F50052C2F8E030A2F548
S21402E5608052C2F8EC300022104B1A60104B1B6F20
S21402E5705B0209D54FF480020E4B1A67D4F8A0103E
S21402E58094F8270001F07AFF4FF4E0232846E3636D
S21402E590BDE838400FF084BD0023C4F87431A4F8F7
S21402E5A07831F1E7005F00200040005494610020BB
S21402E5B0000002B8002002B838B50446618AC06975
S21402E5C021B1B1FA81F1C1F11901C9B2FFF71CFFFD
S21402E5D0B4F87621184B1A6404221A66B4F8742129
S21402E5E05A644FF4006203F50053C3F8E020238A0E
S21402E5F02BB1638FB3FA83F3C3F11903DBB20125A0
S21402E6000D4AA069E18FC2F890509366B4F878314B
S21402E610D066C2F88C1013670423C2F89030A38F1A
S21402E62053674FF40022054BC3F8E0204FF48022D4
S21402E630C3F8E02038BD00BF00400054006000541C
S21402E6402DE9F04705460C46A9B1D0F81880478F49
S21402E6500FF02BFDB5F83CE007F1FF3C0CEA0E0389
S21402E66023F00702032C0646424465D13C490C6857
S21402E67024B90FF015FD0E20BDE8F08724F0010442
S21402E68038490868A8425CD1DFF8D490D9F800105F
S21402E69021F00101A14254D10023C9F80030238899
S21402E6A094426FEA43436FEA534323803FD1EB8F92
S21402E6B008EB070A1946083989B202F108045445DC
S21402E6C028BF4446082904D9B4F80090B9F5804F0B
S21402E6D041D273445B1A47EA0C0714883B409BB24C
S21402E6E0A842E987AB87C4F30C0436D195781E4A54
S21402E6F005F0070554645367C2F88C104FF4802265
S21402E7001A4BC3F8E0200122194BC3F88421FFF705
S21402E71017FE042D0BD14FF48002164B1B6F164BBF
S21402E7201A67D0F8A01090F8270001F0A7FE30462E
S21402E7300FF0B6FC00209FE7611E012998BF144621
S21402E7409EE7E98F4344E31A48BFDB19083999422A
S21402E750A5DC30468DE72246ADE7A5F87441E6E72C
S21402E76094610020005F00200040005400600054C6
S21402E77000E100E0000002B8002002B8144B10B519
S21402E7801968CA8F8B8F488F13440138073B8C69F0
S21402E790034023F007031C4402F108030D4A9BB210
S21402E7A0CB87C2F88C304FF480220B4BC3F8E020A4
S21402E7B001220A4BC3F88421A07800F0070004283F
S21402E7C003D1074AD3681B03FCD4064B1C6010BD5A
S21402E7D0005F0020004000540060005400E100E0AA
S21402E7E0000002B89461002010B5064C216839B1C9
S21402E7F0CB0703D4044B1868FFF722FF00232360DD
S21402E80010BD00BF94610020005F00204FF48032EC
S21402E8100B4B0C49C3F8EC20A3F50053C1F8E020DB
S21402E820D3F888109A6E012302F00702063293404C
S21402E830C1F30C01083B994201D8FFF781BD70472E
S21402E84000600054005000542DE9F04707460C467D
S21402E8501646D0F81890458F0FF027FCB98F6A1E1F
S21402E86001EA02038246032C23F00700B7F83EC0F3
S21402E87048441ED15E4C2468BC4202D15D4C2468DA
S21402E880A4B901EB0C04073C144024F007044C44E2
S21402E8904B44B4EB030E48BFAE44E64511DB50468C
S21402E8A00FF0FEFB00242046BDE8F08724F00104AA
S21402E8B0EEE7012C03D0022CEAD1ACF1080C044698
S21402E8C0E6E7002E69D04A4B84421B68B7F81280EE
S21402E8D067D19F4223D1484AD2F844904649D1F89C
S21402E8E08820C2F30C02964523DB0B6C08F1FF3539
S21402E8F0A3EB090345EA08051D40404A2DB2002D48
S21402E900D3686EDCC3F30363D91E4B424B41DB0074
S21402E9103370936FC3F307233374758028E0B7F818
S21402E9207491B7F878011543411A01EA0502964533
S21402E93059DA2588B5F5804FB1D2A278C5F30C0511
S21402E94002F0070208F1FF31A5EB090541EA0801CA
S21402E950052A327005EA010532D82DB2E84340F2A4
S21402E96045420421C00FFCF775FA7580E3783374CC
S21402E970FA6908F1FF3303EA0903D118B160A9B2B4
S21402E98013FA85F5A8452FBF0023A8EB0308A6F8BF
S21402E9900480F26024BFB180F36050460FF080FB23
S21402E9A081E7A4F10800814584BF4FEAD50C00EB4D
S21402E9B0CC00B0F800909F42C9F30C09B1D18DE7A4
S21402E9C09F4207D10E4B5B6D003B18BF0123DB0055
S21402E9D0ED1AC2E7D7F8A03083F01003C3F3001392
S21402E9E0F5E7082394E700231D46337094E700BF3B
S21402E9F0005F00209461002000400054000002B82E
S21402EA00004000B8134B70B51E68134B748A9D6C99
S21402EA10621E1B6CADB292B242EA04015B1B0B4053
S21402EA20191E18BF0121C90001700C492A40896FBE
S21402EA304380090A0174F169D618A64201EB020561
S21402EA40D2BF0021A31A9BB285608380C1600020DA
S21402EA5070BD00BF005F002000400054000002B8F6
S21402EA60054BA822D3F84C013121431C0CBF0120D0
S21402EA70C0F38070FCF7EEB90080E00F38B5094DA0
S21402EA800446286840F6C202003818BF01202B212F
S21402EA90FCF7E0F9FA235C432B680A20B4FBF3F494
S21402EAA0604338BDC8610020174B30B51A68431C56
S21402EAB0164B22D0B2F1407F1FD3154D00F03F0413
S21402EAC0D5F8002122F03F021443C3F8C84001F0F3
S21402EAD03F042243C3F8D020D5F804310D4A1A4029
S21402EAE00D4B03EA500003EA510110431143074B52
S21402EAF0C3F8CC00C3F8D41030BD00200146C3F8DA
S21402EB00C800C3F8D000F2E70080E00F001F00B094
S21402EB10000002B81FF087E1E0FFFF7F014B58803C
S21402EB2000207047B878002073B5564E04463178F8
S21402EB3019B91C22544805F018FA2378534A544C43
S21402EB4013704FF0FC62C4F8FC204FF47F02FF21E2
S21402EB50C4F808214F4A022B4F4D117033D10423BB
S21402EB6007224E49C4F8FC23C5F8FC33C4F800114A
S21402EB704FF4C071C5F80011C4F8FC234FF480525C
S21402EB80C5F8FC33C5F870214FF40052C4F8702162
S21402EB90C4F808314FF4FF13C4F8FC304FF4BB132B
S21402EBA0C5F8FC308023C4F8703148F2C8023C4BEA
S21402EBB0C3F8D8203B4B3C4A0020C3F8C02F0123A1
S21402EBC0337002B070BD394A012BC4F80021384BAD
S21402EBD027D14FF4C072C5F80021D3F83802D3F813
S21402EBE03C12FFF761FF0723C4F8FC330223C5F883
S21402EBF0FC334FF48053C5F870314FF40053C4F819
S21402EC0070310423C4F808310DEB0300E3F76CFC03
S21402EC109DF80530023B012B9CBF8023C5F870315E
S21402EC20C3E7244AC5F80021D3F83002D3F83412D9
S21402EC30FFF73AFF0723C4F8FC330123C5F8FC3379
S21402EC408023C4F870314FF4805301A8C4F87031A1
S21402EC50E3F74AFC9DF80530012B05D19DF80430F8
S21402EC6053B948F25D1309E0FBD9023B012B9CBF66
S21402EC704FF40053C5F8703148F25813084AC2F8E8
S21402EC80D83097E7A4630020C41F00B0B8780020ED
S21402EC90002002B8CB780020001002B8C0F10F00A6
S21402ECA0001F00B0001000B09C610020C0F70F00EB
S21402ECB00080E00FC0F60F0010B5044601F0CCF855
S21402ECC00A4BD3F8F83724B983F40023C3F3C040C1
S21402ECD010BD012C05D113F4C02F0CBF012000205B
S21402ECE0F6E7A31E58425841F2E700BF000002B8FA
S21402ECF06FF07F42154BD3F8FC37934208D0144A84
S21402ED0003F03F031370F123124A1370124A137072
S21402ED101249134B09781A68A9B1B2F1A06F12D33F
S21402ED20D3F850120F4A104BB1F1FF3F18BF1346EB
S21402ED300E4A136041F66A020D4B1B68B3FBF2F3F0
S21402ED400C4A13607047084BF2E700BF000002B897
S21402ED50CC780020CD780020CE780020CA7800201B
S21402ED600080E00F5082E00F280A0400986100201D
S21402ED70E4610020C8610020012807D0022802D0E2
S21402ED8030B100207047034B18787047024BFBE700
S21402ED90024BF9E7CC780020CD780020CE78002010
S21402EDA00023F0B590F83C4185B002462046019318
S21402EDB00293ADF80C308DF80E30FFF7DDFF92F8B7
S21402EDC02B30411EC9B28B4228BF0B46002C3CD0CA
S21402EDD0012C38D1042418464FF00F0C384E0DEB98
S21402EDE00405B0FBFCF7F75D013CC01BC0B28142D4
S21402EDF038BF00206055002CF3D105240F278DF86C
S21402EE000830B3FBF7F0305C0344DBB28B4228BF1A
S21402EE100B462B5501340B2CF3D10F2602F1B4000E
S21402EE20E03215F8013BB3FBF6F14C1CC1EB0111C5
S21402EE305B1A0133DBB2E4B21B0443EA045340F824
S21402EE40043F8242EDD105B0F0BD042418464FF0CF
S21402EE500F0C1C4F0DEB0406B0FBFCF5EDB27D5D0E
S21402EE60013C401BC0B2814238BF0020A055002C96
S21402EE70F2D105240F258DF80830B3FBF5F0385C87
S21402EE800344DBB28B4228BF0B46335501340B2CAE
S21402EE90F3D10F2502F1B404E03216F8013BB3FBBE
S21402EEA0F5F1481CC1EB01115B1A0133DBB2C0B2AB
S21402EEB01B0443EA005344F8043FA242EDD1C2E7E2
S21402EEC0210A0400140A040038B5284B05461A78AD
S21402EED027490C2A02D1FF20087038BD10460CF0D4
S21402EEE0EDF804461046FFF747FFA84228BF28461B
S21402EEF0C0B2A04238BF20460B78C0B28342ECD0E4
S21402EF00087088B1431EDBB2022A1A490ED14FF0AE
S21402EF10FC62C1F8FC20A1F50051D1F8FC2042EABF
S21402EF204353C1F8FC30D8E70346EDE7124A134CC8
S21402EF301268B832C4F8C02F4FF47F02C1F8082115
S21402EF400F49CA6FD202C8D40F22B3FBF2F2551C85
S21402EF50C2EB02129B1A0133D1F808411B0443EAA2
S21402EF6005532343C1F80831B7E700BFB87800203D
S21402EF70CB780020002002B8005F0020001000B00E
S21402EF80000002B82DE9F04F90F83C710646D0F822
S21402EF90B44087B05FBB1F2C38BF1F24093CDFF884
S21402EFA080B2DBF800309E4226D1904B186A4C2382
S21402EFB08F4DC0F38210C340286803F00102A042BE
S21402EFC0134696F82B10DFF85CA21AD1894800780F
S21402EFD0904216D188480078B84212D18748007805
S21402EFE088420ED1BAF8040007B0BDE8F08F032CB1
S21402EFF038BF0324023CD2E7304681490CF09EF823
S21402F000D5E7DBF80000B04202BF7A482C600370F6
S21402F0109AF80000FFF7B0FEFF2940F085803846D8
S21402F0200CF04CF88146002A00F08B80D6F8F000EF
S21402F030002800F08E800368082B40F28A8090F841
S21402F0403890704B1D6840F27123B5FBF3F5192317
S21402F0506543B5FBF3F5002F40F0A88002954FEA12
S21402F0600948002A40F09880674BA9F14001A3FBAB
S21402F070052303A83A4603930BF0F6FFDDF80C903F
S21402F080624BA5EB0905A3FB052304463A4630214D
S21402F09004A804930BF0E8FF049B0090ED1A0122EB
S21402F0A0102105A8019305950BF0DEFF009B2402B4
S21402F0B044EA0314019B044309EB0300059B48F44E
S21402F0C0804848F010081844FFF7D8FC00F50C55A5
S21402F0D02835DBF80030B34221D140F6FF724C4BA4
S21402F0E02846C3F8C020A3F58053C3F8C040A3F552
S21402F0F08053484CC3F8C480256002F09FF94FF451
S21402F1007A72454B404298652368B3FBF2F3AAF83D
S21402F1100430394B96F82B201F70384B1A704FF478
S21402F1207A73B5FBF3F05FE700F1FF39894528BF34
S21402F1308946B9F1010F38BF4FF001095FFA89F924
S21402F14071E796F83C31012B06D0022B3FF479AFDB
S21402F150B3B14FF0000974E70F23B9FBF3F3591C60
S21402F160C3EB0313A9EB030909F101095FFA89F955
S21402F170C9B24FEA094949EA0159C9F3074960E7A2
S21402F1800F23B9FBF3F9254B09F101091B6853FA62
S21402F19089F919F8019C54E73A46494602A80BF049
S21402F1A063FF040244F0110402988DE749460122E7
S21402F1B009EB092805A8059509EB08280BF054FF6A
S21402F1C04FEA4909B9F1030F38BF4FF003090402A9
S21402F1D044EA00140443A9F1030900F01F0009FAE7
S21402F1E000F0FFF74BFC00F5FA6572E7004001B845
S21402F1F09C780020A5630020C9780020C8780020EB
S21402F200204001B8E461002069C2F568911E856B52
S21402F210006001B8CC610020001F00B09861002099
S21402F220005F0020B8780020014B1870704700BFBE
S21402F230CA78002010B50446FAF720FE78B1174BBC
S21402F2401B786BB964B1164B1B784BB1154B1B7808
S21402F250013B012B04D84FF40042134BDA6710BD72
S21402F260124BDB6F1B04FAD40EF01FFF4FF4004262
S21402F2700F4B0446DA67A3F5A0435B682BB1FDF794
S21402F280C1FC10B102200BF035FF0222094B2046CA
S21402F290BDE81040C3F884240EF002BFA663002027
S21402F2A0A7630020D0610020002002B8000002B848
S21402F2B0001002B800D003500122024B00201A7040
S21402F2C0FFF7B8BFA66300200022024B01201A7087
S21402F2D0FFF7B0BFA6630020F7B50646504C00F015
S21402F2E0BBFD504B2578504F1E7085BB2846FFF756
S21402F2F0A1FF2378013B012B19D8E37B01A88DF8E7
S21402F3000430237C8DF80530E1F72EF9C7F88454D3
S21402F3104FF6FF72454BC3F88420F822A3F58053BC
S21402F320C3F884200022404BC3F884240DE04FF635
S21402F330FF723E4BC7F88454C3F88420F822A3F524
S21402F3408053C3F88420C7F88454394B5BE000200E
S21402F350FFF770FF2378013B012B08D8E37B01A857
S21402F3608DF80430237C8DF80530E1F7FDF8002394
S21402F370C7F88434002ECBD062685AB32D4B1B6874
S21402F38003EB5203B3FBF2F3013B1B0243F0F80319
S21402F39026782649022E284A1ED0032E4FF6FF75DF
S21402F3A0214826D0012E34D143F00203C1F88450FE
S21402F3B0C2F884300723C0F88434E37B01A88DF8B2
S21402F3C00430237C8DF80530E1F7C4F80120FFF7FE
S21402F3D031FF17E0F823DBE74FF6FF7043F0010337
S21402F3E0C1F88400C2F8843006220F4BC3F8842486
S21402F3F0E3E743F00503C1F88450C2F884300423DF
S21402F400C0F884340D4B4FF080420020DA6703B018
S21402F410F0BDC1F88450C2F884300023F0E700BF84
S21402F420D0610020A763002000C00350006000B82F
S21402F430002002B8E4610020005000B8001002B8B4
S21402F440F0B5294F06463D4604460FCE0FC5336833
S21402F45085B02B6000F000FD0022244BC3F8842404
S21402F460A17A627A42EA0142C3F89024217CE27BC6
S21402F47042EA0142C3F88C24217B627B41EA0240C5
S21402F480C3F888043B78032B2AD8DFE803F022026D
S21402F4900C178DF8041004218DF805200DEB0100E1
S21402F4A00022E2F70DFDE37B00228DF80830237C74
S21402F4B0042102A88DF80930E2F702FD637A0122E0
S21402F4C08DF80C30A37A042103A88DF80D30E2F7EC
S21402F4D0F7FC074B187805B0BDE8F040FFF7FCBE16
S21402F4E0212005B0F0BD00BFD061002000C003504F
S21402F4F0A7630020034BDB6F002BBCBF024BC3F895
S21402F50088007047000002B8004000B84FF0006361
S21402F51038B1064AD367064B4FF40032C3F884204C
S21402F5207047044AD367044BF6E700BF001002B8E0
S21402F530005000B8002002B8006000B8084B1A6CF1
S21402F5400A2A0AD95A6D4FF0FF3302F00F0293408F
S21402F55098430CBF0120002070470120704700BF6F
S21402F56000C001B82DE9F0470BF028FE4FF47A767A
S21402F5702D4BB0FBF6F618604FF4FA73734307464A
S21402F5802A48190E1B021818294A4FF0000341F1A7
S21402F590000103F099FC274BA0F5807205461A631A
S21402F5A020B94A222B21FBF755FC01254FF47A722B
S21402F5B04FF0000A6A4353465008310203F084FCB7
S21402F5C01C4B1D4AB7F57A7F9A601C4B4FEA0568BA
S21402F5D019601B4B8946044618604FEA152505D26A
S21402F5E09D222B215046FBF735FC01264FF47A73F9
S21402F5F0A8FB030103FB05117308C01841F10001C3
S21402F6000023324603F060FC0E4B023419600E4BA8
S21402F61049F10009A408186044EA8974054B013CC4
S21402F6209C63BDE8F08700BFE461002020A10700CC
S21402F63040420F0000C001B802110100F461002030
S21402F640F0610020EC610020E86100201022044BEB
S21402F650C3F884215A600122024BDA60704700BF69
S21402F66000E100E000C001B810B50446A242A2EBD9
S21402F6700000A3EB010104D2034B01399B6B01335B
S21402F680184401F0030110BD00C001B838B50125C9
S21402F6900A4B02019D504FF480730446084A834089
S21402F6A053660EF002FD074AA540137823EA0503C7
S21402F6B01370BDE838400EF0F3BC00BF00E101B89D
S21402F6C000E001B8B16300202DE9F84F1646054662
S21402F6D08A461F460EF0E9FC022E00F09080804615
S21402F6E00EF0ECFC5F4B604AD3F82090147D5A6E05
S21402F6F0E4B2520744BFD3F82090013404F0030466
S21402F7000EF0D7FC4846214600F02AFA8446DAF87C
S21402F7100000012E04BF01306044ACEB000C08BFB1
S21402F720CAF80000BCF1804F7DD300F02BFA814569
S21402F730A1EB040188BF4B4BDFF850C188BF01F133
S21402F740FF3101F0030188BF9B6BA0EB090E0CF89A
S21402F7500510A1B1F90742BF41F61F72434B5A6723
S21402F760BA0742BF414B424A5A677B0742BF002252
S21402F7703C4B9A673C0742BF00223A4B9A651124DB
S21402F7804FF0010A374B05F11002120103EB051B7D
S21402F790CBF80C0137499C501A6A0AFA05F4586EDF
S21402F7A00B78A2EB0902E4B2234372450B7025D311
S21402F7B04FF48073AB40034220D11CF80520002A88
S21402F7C04CD10EB32C4AF807536607D541F61F7183
S21402F7D040F20110254B596750675967B90706D59D
S21402F7E0224B234A244925485A6748675A677A07AC
S21402F7F042BF0122224B1A613B071AD440460EF042
S21402F8004FFC0120BDE8F88F1E4A2D0142F805A0E4
S21402F81042F89C3C0EF049FC16490B7823EA040396
S21402F8200B700EF03DFC40460EF03AFC0020BDE8A0
S21402F830F88F2120FFF75EFE4FF48031094A124B03
S21402F840D1601A78002AD9D000222D201A70FFF72C
S21402F85051FE1022084B40465A66D0E7064A4046FA
S21402F8605366CCE700C001B88C62002000E001B805
S21402F87000001F1FB163002000D001B80000010184
S21402F880000002B800E101B8A8630020A9630020C6
S21402F890034B10300001185800F00100704700BFFB
S21402F8A000C001B82DE9F0419DF818800D46B8F168
S21402F8B0000F08BF0022214EB5F5803FB16807460B
S21402F8C021F4700141F4A001B1609DF820409DF83A
S21402F8D01C104FEA042444EA016444EA031444EA8E
S21402F8E0084444EA02044FF018014FF436722CBF63
S21402F8F0002001207465FBF7ADFA3564B8F1000FFD
S21402F9001AD00F4BBC68D3F888305A2C38BF5A240A
S21402F9105B0606D500F05AFC18B10A4BB3FBF0F3AF
S21402F9201C44204600F02EF90130854238BF0022E2
S21402F930024B34BF5A645864BDE8F08100C001B877
S21402F94000C000B800093D00F8B5254F3D6E01F035
S21402F95057FF04462846FFF7F1FD7B6C064603B1C7
S21402F96070B310272020FFF7C5FD1E4B9F606CB1B9
S21402F970002200200821FCF7FFFE80221A4B5F6659
S21402F980A3F580531F6703F540531A6102F0D8FDB2
S21402F9902022164BC3F88421154AD36803F07063FD
S21402F9A0B3F1807FF9D91CB116B10122114B1A703E
S21402F9B00B4B114A1D665A6741F201429A67F8BD1F
S21402F9C0002CF5D00D4B084A5366A2F580521367F9
S21402F9D02846FFF7B3FD0028EAD03D6EF8E700BFE1
S21402F9E000C001B8001002B800E001B800E100E073
S21402F9F0000002B8A8630020011B011810000020B6
S21402FA0010B504462120FFF775FD1CB14FF4803275
S21402FA10064BDA60064B1A783AB100222D201A708D
S21402FA20FFF768FD1022034B5A6610BD00C001B8EE
S21402FA30A863002000D001B8F8B5184D04462B6A1A
S21402FA401B0426D500F022FC2B6AA0FB044613F00A
S21402FA50787F4FEA9367C3F34450C3F3044505D156
S21402FA6040F219422B21FBF7F5F90120AD01B5FB57
S21402FA70F0F010EB871005D140F21E422B21FBF767
S21402FA80E9F90120024600232046314603F01CFA1B
S21402FA90F8BD00F09BFBA0FB0401F9E700C000B82C
S21402FAA00246012030B50B4CA0F12003C0F1200520
S21402FAB024FA05F504FA03F32B4304FA00F59542FB
S21402FAC08B4100D330BD0F2801D00130ECE7FF2078
S21402FAD0F8E700BF40420F0000220B4B40F0100038
S21402FAE01A700F22094BC3F88820A3F58053C3F877
S21402FAF08800A3F580531B6ADBB2802B02D008462F
S21402FB0000F08EBC704700BFA863002000E000B87B
S21402FB1038B50EF0D3FA084B084A1D6A147D5A6EA1
S21402FB20E4B2520744BF1D6A01340EF0C2FA2846F8
S21402FB3004F0030138BD00BF00C001B88C6200208B
S21402FB400346064A103302EB00111B01D1F80C01E2
S21402FB50D158C1F340010BF0D8BA00BF00C001B8BB
S21402FB60064B1B68434303EB8171054B1B68A3FBE3
S21402FB70003013F1004341EB00007047EC610020B7
S21402FB80E86100200C4A20F04043014610B50020F0
S21402FB9014684FF00042E4FB0320084A890F1268FB
S21402FBA002FB0300064B9B6B984204D901330131DA
S21402FBB0C01A01F0030110BDF0610020F4610020BC
S21402FBC000C001B8044B01F0F071103041F003019F
S21402FBD000011950704700BF00C001B808B52220C6
S21402FBE0FFF788FC4FF48022014BDA6008BD00BFA5
S21402FBF000C001B808B5064B4FF030401A680549F8
S21402FC00920004F0D1FBBDE8084001F087BD00BFBA
S21402FC105C0A0400600A040070B50C68651C15D006
S21402FC20C4F302669E42C4F3074530D1A4B294429E
S21402FC302DD804EB8506B24229D2141BA50824F05F
S21402FC4003040E59340F04D0012C08D000222124BC
S21402FC5002E06B1C51F82320C0E9002470BD0E4C54
S21402FC6034F8133042EA03431A686B1C51F82340F7
S21402FC7001EB83014B6822405E4036F0704404D1AB
S21402FC801B0F032B04BF8B681A430024E4E70135DD
S21402FC9001EB8501C1E700BF3C0A040007B501A8D5
S21402FCA0E2F722FC4822164B5A65164AD2F8D4309E
S21402FCB023F4FC33C2F8D430134B1B689DF805308E
S21402FCC0023B012B19D84022104BC3F8FC23104BE1
S21402FCD0D3F85C32DBB2FF2B00D10623094A1B03A2
S21402FCE0D2F8FC139BB20B43C2F8FC33D2F8302195
S21402FCF0084B1A6003B05DF804FB01F01FFBECE74B
S21402FD00008001B8000002B8002000B0001002B85F
S21402FD100080E00F846100202DE9F04705460E467C
S21402FD201446DFF88480DFF884901E4F88B01CB932
S21402FD30204608B0BDE8F087B4F5006F4FF0100219
S21402FD404FF000016846A24628BF4FF4006A04F04E
S21402FD500CF908238DF800300AF1FF339BB2009AA3
S21402FD601B0143F0036302EA090203EA0803134392
S21402FD70102200210DEB0200CDE90036029504F0B8
S21402FD80F4F86A46387804A9E2F7F4FAA4EB0A040F
S21402FD9006EB8A0605EB8A053878E2F747FB002869
S21402FDA0FAD0C4E7CF780020F07F300C0F80CFF374
S21402FDB008B5054B4FF030401A680449FFF7ACFF10
S21402FDC0BDE8084001F0AABC5C0A0400600A040010
S21402FDD010B504460EF069F9064B074A1C70074B2D
S21402FDE0FF2C08BF1346064A13600EF059F900208E
S21402FDF010BD00BFCF780020F5FB0200B1FD020067
S21402FE00A078002000224FF400710F4B10B51A673D
S21402FE105A679A670D4AD162012102F5E8325161AA
S21402FE20DA6812F0706FFBD14FF0304201245A6646
S21402FE3002F5FC5208329C66DA64054B1B6898474A
S21402FE40044B5C6110BD00BF000002B8004000B861
S21402FE50A0780020002002B801230F4A0F49C2F8FA
S21402FE6080328A6A22F002028A620D4A53600D4A82
S21402FE7053600D4A5360A2F580425360A2F5404299
S21402FE80536002F5C032536002F580425360A2F519
S21402FE9000425360704700BF0080005000C0005010
S21402FEA000D000B800500054005001B808B5FFF763
S21402FEB0D3FF0D4B0D4ADA6701F038FAFFF7EEFE74
S21402FEC003220B4BC3F8E02000F086FA4FF4607270
S21402FED0084B5A614FF40072DA67FEF72BFABDE858
S21402FEE008400021FEF702BA000002B80048F000FF
S21402FEF0005001B8001002B82DE9F04F054687B051
S21402FF0002900F4657F8044B631C06D1029B2C60E6
S21402FF10E81A801007B0BDE8F08F5FEA147B18BFBE
S21402FF200123344AC4F3016108BFC4F3074332F81D
S21402FF301120A4B24FEAC30A2F4844EA02440AF147
S21402FF4004022A4482421BD20722CA4002F001025D
S21402FF5001929A0004EB830303930123B94603FA42
S21402FF600BF808F0940305F1080604920593039B28
S21402FF7009F10409A34208D1049955443944C0E75B
S21402FF801D4A9542E0D80020C4E7059B53B918F0F5
S21402FF90420F19D118F0280F0BD146F8084C59F821
S21402FFA0042C21E040F6B70232210020FAF752FF75
S21402FFB0F3E740F6BB0232210198FAF74BFF04F54D
S21402FFC0805246F8082CEAE74FF40C623221019878
S21402FFD0FAF740FF04F50052BBF1010F46F8082C71
S21402FFE0DDD159F8042CD24346F8042C04340836E2
S21402FFF0BDE700BF3C0A0400003000B0F8B5054675
S214030000F0B10026154B34461F46154953F8042B0A
S214030010BAB9A00000F13040294600F50150FFF7B9
S2140300206BFF30B940F66C223621BDE8F840FAF78C
S21403003011BF0C4B0134044447F8265023F81640EE
S214030040F8BDAA42FCD001360C2E02D031F8164079
S214030050DCE740F6862236210020E6E7F86100203A
S214030060DC620020DE62002070B50446A8B1C1B190
S214030070384A52F8043B984215D1002336498A6819
S2140300809206FCD49B00354A03F1304303F5015333
S214030090C2F8B0302022324B9A6070BD01330C2B6D
S2140300A002D1304D12E0012352F8041BA142F5D1D0
S2140300B02D4A32F81330E1E704D16268C3E900122F
S2140300C0083403E0012A01D1043419602268531C62
S2140300D0E3D0C2F3016335F81300110C93B211F0A9
S2140300E0FE0F43EA004360680DD00434CAB2022A06
S2140300F02168E1D96668A068033AC3E900169860E8
S2140301000C340C33F3E7120F072AD9D8DFE802F0D2
S2140301100704090D1013181DC04303F50053186098
S214030120CEE71A6842401A60CAE703F58053F6E73B
S2140301300AF0E0FFC4E7012203F580538240F2E7AA
S214030140012203F500538240EDE71A6830EA020203
S214030150FBD1B5E7F8610020000002B8001E00B02E
S214030160001002B83C0A0400DC6200200B4B1B683C
S214030170D3F8F03023B11A68022A01D9186A7047F7
S214030180074B9A6D90B238B1064BC2F307421B6811
S214030190DB085343B3FBF0F0704700BF005F00205B
S2140301A0004001B8E4610020064BDB68C3F3036339
S2140301B0984206D1044AD36B23F0F00343EA0111B5
S2140301C0D1637047000002B8001F00B0054B1B68E0
S2140301D0D3F8F03013B11A680A2A01D8FFF7C6BF5E
S2140301E0186C7047005F00202DE9F74306460AF0B7
S2140301F07AFF00248046DFF890900DF056FF0DF14D
S214030200070105460DF10600FDF7DCFC9DF80630F8
S2140302108BB9721C29D00AF066FFA0EB08042846A7
S2140302200DF03EFF9DF8063013B99DF807303BB33B
S214030230A642E2D824E0D9F80C3013F4603FE8D0A5
S214030240D9F810000AF0BCFF731C074603D00AF067
S2140302504AFFA0EB080428460DF022FF17F5007F9F
S214030260E0D0384603B0BDE8F08328460DF018FF0B
S2140302709DF80630002BC0D19DF80730002BBCD16B
S214030280004FEEE700FEFFFF00C000B80B4A10B5B4
S214030290136E0B4C116E03F00703E35CC1F3CD0141
S2140302A001FB0333126E0748C2F3454202FB0333D6
S2140302B000688001B0FBF3F010BD00BF004001B83A
S2140302C0340A0400E46100202DE9F0418046FFF77C
S2140302D0DDFF044628B94FF458622B21FAF7BAFD1E
S2140302E00124224600234FF0384047F6290102F046
S2140302F0EBFD804561D2A4FB0884314B984574F12D
S21403030000034ED30023404621462D4A02F0DCFD6F
S214030310002914BF4FF0FF330346B3FA83F3C3F148
S2140303201F050F2D28BF0F25012D38BF01254FF4BC
S2140303300043244F244E3B624FF4706333622B0218
S2140303402146224A3B624046002302F0BDFDC5F12A
S214030350200201FA02F220FA05F4A5F1200321FA9D
S21403036003F314431C43204600236422E94002F0AF
S214030370ABFD00EB800303EB8303A4EB8304E4B23F
S2140303805F2C18D8022C0ED90323B4FBF3F4104BBE
S2140303902404336244EA80640A4B44F078741C6293
S2140303A006E00125C3E70B4B33624FF404133B62AD
S2140303B00020BDE8F0811F24E9E72120F9E700BF0C
S2140303C00090D00300D000B800E000B800C40900D5
S2140303D00000FFFF0000FF030122014BDA677047AE
S2140303E0001002B80122014BDA677047002002B8FA
S2140303F04022014BDA677047002002B84022014BC7
S214030400DA677047001002B84FF0807310B1024AE3
S214030410D3677047014AFBE7001002B8002002B812
S21403042010F1800F04D04D28CEBF7F20323040B26B
S214030430FF22034BC0B21A62A3F5805318627047BB
S21403044000E000B80122024B98611A61704700BFB2
S214030450000001B8084910B5D1F89C3040B11C46DD
S214030460CA68D1F89C309C42F9D1C2F30362027089
S21403047003F00F0010BD00BF000002B8064B01F0EA
S21403048080011B6F03F480030B4302BF4FF400127B
S214030490024B1A62704700BF000002B8006001B842
S2140304A0124B197809BB124A106A5860D2F88800B2
S2140304B0D860526E1A610F4AD0689861D06BD861C3
S2140304C0D2F8B4001862D2F8B8005862106B98627B
S2140304D0506BD862926B1A6301221A70064B074A56
S2140304E0D3F8A0001060C3F8A01070472C62002059
S2140304F0004001B8004000B8001E00B0286200208B
S214030500164B1A784AB35968154A1162D968C2F865
S2140305108810196951669969A2F58032D160D96944
S214030520D163196AC2F8B410596AC2F8B810996A46
S2140305301163D96A5163196B9163012102F5005265
S21403054091641021A2F58052C2F8841000221A701A
S214030550044B1A68044BC3F8A02070472C62002093
S214030560004001B828620020001E00B0194A38B5C2
S214030570136A03F4E071C02921D003F0C003802B73
S21403058023D1154B154A01255A66302203F58053AD
S2140305905A660522A3F59033DA6003F580539D640B
S2140305A00DF083FD04460E4B29461D610D4B0020BE
S2140305B05B6898472046BDE838400DF071BD23F4CC
S2140305C0E07343F080031362DBE70023C2F888304E
S2140305D0D7E700BF004001B8005001B80F00FFFF87
S2140305E0000002B888780020012838B501D0042816
S2140305F031D11E4BD3F8B42022F48042C3F8B42082
S214030600D3F8B82022F48042C3F8B8200122DA6374
S21403061024221A634FF480725A634FF49C729A63CF
S214030620102203F50053C3F88420052201250F4B3F
S214030630DA6003F580539D640DF037FD04460C4BDA
S21403064029461D610B4B00205B6898472046BDE892
S21403065038400DF025BD3F22074B06285A660CBFCF
S214030660064A074AA3F580535A66DEE7004000B8F9
S214030670000002B888780020006001B83800FFFF49
S2140306801200FFFF4FF604014FF60502044B01204C
S2140306901B6C9BB28B4208BF1346024A1366704715
S2140306A00080E00F00C001B82DE9F8430DF0FDFC13
S2140306B00C234FF0B04700222B4C2C4D617C064692
S2140306C04B433B441A63D5F870802A67D5F800017C
S2140306D094F810C0E06026480231C0F88CC00320AE
S2140306E0C5F80001012000FA01F1224841614FF4E8
S2140306F0807021494866396A0131A1605963022135
S2140307001963A3680133396A00BF00BF00BF00BF87
S21403071000BF00BF00BF00BF686E10F4807915D11C
S2140307208B42F0D13AB130460DF0BAFCCD221A21F5
S2140307304846FAF78FFB0C21637CA2684B430232D0
S21403074003F1B043A2605A630122DAE74FF48072E2
S214030750094B30465A660122C5F87080C3F800215B
S214030760BDE8F8430DF09CBC8C62002000C001B8C5
S214030770008003500020005800E001B82DE9F74F31
S21403078081460F464FF0FF35FFF7C2F9002601906A
S2140307908A462C463046DFF8D8B006F110031B0114
S2140307A05BF8033003F00308B8F1010F15D13046A8
S2140307B0FFF7C6F902460B4601985146FEF754FF6B
S2140307C0DBF8643006F10802D340DB0739D5002F87
S2140307D040D000252C463E6040460136082EDCD12C
S2140307E060B3234A0027D2F808C0916B0CF4403359
S2140307F00131A4FB0141641941F10001B3F5003F47
S21403080030D1536B0CF4405C013347F10006BCF562
S214030810805F22D1156B15F5807505FB06F647F14B
S214030820000203FB0266A5FB03323244594304FB72
S2140308300212A3FB04341444C9E9003403B0BDE830
S214030840F08FA84271EB0403C6D207B13E6005469B
S2140308500C46C1E73D463C46BEE7320242EA136217
S2140308601B02E3E7136B13F5807347F10002DDE722
S21403087000C001B808B50AF0CFFC044B5A7C01232C
S21403088002329340024A536108BD00BF8C620020C7
S21403089000200058FF2870B505D1FF293FD0072058
S2140308A002293AD804E0FF2935D10B2835D8002190
S2140308B01C4C1D4B617441F44021207441F440717B
S2140308C0063043F82010194B1D680AF092FC6E0898
S2140308D0ED07024600232846314602F0F5FA0902E0
S2140308E041EA1061C0F3C05040EA4100104B20605B
S2140308F0186B10F5807005D14FF4D6722B21FAF7DA
S214030900A9FA0220024600230020012102F0DCFAA5
S2140309106060002070BD0B28C2D92120FAE70021B1
S2140309200720C5E78C62002000800350E4610020A6
S21403093000C001B810B50DF0B8FB0446FFF7B4FECF
S2140309400222054B2046BDE81040DA600122034B25
S2140309501A700DF0A5BB00BF00C001B8B26300203B
S2140309600C490B78ABB10C4B5A7C012302329340F3
S2140309700A4A936153614FF48062094BC3F880219E
S21403098000230B70074BD3F80C01D3F8041100F0C7
S214030990ABB87047B26300208C620020002000587A
S2140309A000E100E000C001B810B504460AF021FCDF
S2140309B06043044B00F5F42000F59070B0FBF3F0B1
S2140309C010BD00BF40420F002DE9F74FFFF7ECFFC5
S2140309D004460DF06AFB00213C4F05466846397015
S2140309E0FFF7CCFE4FF0B0431E6A394BDB6813F0BB
S2140309F0706F1ED1374B5B6913F0060A19D1F0B13D
S214030A00DFF8DC80611DD8F80000A1FB00B90AF00E
S214030A10F0FB534602464946584602F055FADDE9CE
S214030A20009A090241EA10610002484571EB0A0187
S214030A300DD3284603B0BDE8F04F0DF031BBFFF7EA
S214030A4033FE0222234BDA6001233B70F1E7FFF704
S214030A502BFE0AF0CEFB4FEA192141EA0A61A0FBFE
S214030A6001B9D8F800204FEA1A2A00FB0A9912B9EE
S214030A700AF0A4FB024600235846494602F024FA2D
S214030A804FF00C0E0122DFF85CC001349CF81130E5
S214030A90361B991C0EFB03F38A400F49064403F1E9
S214030AA0B0434A615E630D4E241AB2614FF0B046FE
S214030AB0366A5B6BF31AA342C3D2DCF80C00054B11
S214030AC0C3F800018A614A61B3E700BFB26300203E
S214030AD0000002B800C001B80020005800100058FB
S214030AE0E46100208C6200202DE9F74F0C22944C21
S214030AF00191637C934E5343002203F1B0431A6380
S214030B00217C914B0546C3F8AC104FF400318F4B54
S214030B10904619610223F3604FF0B0431B6A5F1ED1
S214030B20DB1B002B40F3D48008F10108B8F1020F59
S214030B3051D9EC220D210020FAF78CF94FF08052A0
S214030B40834B804E5A66E2684FF00008C6F80021D1
S214030B504FF400321A617C4BC3F8AC800C23627CE2
S214030B605A4302F1B042C2F830800DF09EFA434673
S214030B7042464FF4807E376AD6F864C003F110010C
S214030B800901715801F00301012910D10EFA03F18E
S214030B9011EA0C0F0BD106EB0314BD42D4F80C413B
S214030BA000F2A680A54202D2A74280F0A4800133B9
S214030BB0082BE3D1674D2C68012C40F29F802AB1A5
S214030BC05F494B8A13434B82604B5A6603B0BDE8BA
S214030BD0F04F0DF065BA4FF00C090022637C09FB59
S214030BE003F303F1B0431A630DF05FFA4FF080523C
S214030BF0574B00905A664FF0B04394F811C01F6AE3
S214030C0009FB0CF3013703F1B0435F63316BB36841
S214030C10D80352D5A3682268FB1AA3FB029E636817
S214030C200198AEFB03A2A9FB03B313EB0A0301F57A
S214030C30807AAAFB031B42F100020AFB02BBB9EB54
S214030C4001016EEB0B0E090A41EA0E610144B1EB9A
S214030C501A2F4FEA1A2E04D3013342F10002A1EBF6
S214030C600E01AEF1040E714528BF7146EB18B16153
S214030C7042F10001227DD6F820E0D2B27545D6F8BF
S214030C8038E084BF02F1FF32D2B2BEF1FF3F0ED08E
S214030C904FF0000A0EF101099E457AEB010B08D2CC
S214030CA00132B3EB0903D2B261F10001F4E70A445F
S214030CB0D2B202F00302227533620C2303FB0CFC50
S214030CC002230CF1B04C0098CCF830300DF0E8F964
S214030CD04FF0B0431B6A00BF00BF00BF00BF00BF9A
S214030CE000BF00BF00BF726ED2007FF519AF25E7C5
S214030CF0A542BFF459AF11438AB258E716490B7899
S214030D00142B01BF0023154E0B7033700B78013381
S214030D100B70002A3FF45AAF094E738A134373824B
S214030D200A4B5A660D4A13780133DBB2022B137053
S214030D307FF44CAF002301342C600B70137045E72F
S214030D408C62002000C001B80080035000D001B8B8
S214030D5000E001B838610020B4630020B3630020CC
S214030D6037B50446FFF778F8E17822791B4841EA5D
S214030D700243C0F8CC34E579A37943EA0543C0F8C7
S214030D80D03423784BB18DF8041004218DF8052058
S214030D900DEB01000022E1F793F863785BB10421C1
S214030DA0A37900228DF80430E3790DEB01008DF86A
S214030DB00530E1F785F8227801235AB1084AC2F8CC
S214030DC0C834627802233AB1054A0020C2F8C83410
S214030DD003B030BD034AF2E7024AF6E700C0035009
S214030DE000D0035000E0035070B52C4B0C461A7825
S214030DF012B92B4A926D1A702A4AD26F52054AD5F7
S214030E001D78294B05F00F06B0FBF3F040434FEA7D
S214030E10151505D140F27F622B21FAF71BF8012046
S214030E20224A0A217243B2FBF0F34843B3FBF1F6BE
S214030E3002EB5002B2FBF0F201FB1633042BD2B2E4
S214030E4007D8C3EB8310C3EB80035BB283B96DB2E1
S214030E5017E0C3F10B0303EB8303DBB2B3FBF1F33E
S214030E602B44DDB20F2DF2D9013AD2B2053DEEE79F
S214030E70053B5BB293FBF1F31D44EBB26DB2002D61
S214030E8004DB002042EA0512226070BD01320533FE
S214030E90D2B25DB2F5E70220F7E700BFB5630020E4
S214030EA0008001B8000002B8403B250080969800F9
S214030EB04FF0000C2DE9F84FA2FB017BC24EDFF882
S214030EC050E3BE1999466BF10003B6457CEB03036A
S214030ED008D240F23E220E216046F9F7BBFF0220FD
S214030EE0BDE8F88FD0F8F0A00C4615468046BAF158
S214030EF0000F00F01881DAF80030032B40F213815C
S214030F00042BDAF828800AD118F0807F14BF4FF438
S214030F10400308F0E07328F0E07848EA03080AF094
S214030F206BFE012D0646DAD10028D8D0A74B98428F
S214030F3000F0338103F5122303F5F863984200F0BB
S214030F403281A34B984200F08481002502462B464B
S214030F5000204FF0007101F0B7FF2B46013007FB6E
S214030F6003F3C8F3130100FB0B33A1FB0662A7FBD5
S214030F70007001FB0522034420339B09C9F80030A7
S214030F80F60C944B46EA423618F4801F1C6008BFE2
S214030F907642914B914DC9F8144034441E602C6040
S214030FA0BAF1000F00F0BD8000238D49C8F38152CB
S214030FB08A5C194618F0807F18BF6408002EB8BFF5
S214030FC0764292066008C2FB0601224601F07CFFC9
S214030FD0DAF800300E2B08D9824B834A926BD96914
S214030FE0D3F80C31C90600F12B8118F4001814BF8E
S214030FF0C42240F207127D49C0F31300A1FB04612B
S2140310004FEA511102FB01F1C9F80400DAF818009F
S2140310104FF4FA73B1FBF0F118BF4FF0000801FB71
S21403102003F3A4FB0262FA33A3FB003004FB08229B
S214031030B342904138BF0131C9B241F4006CC9F8DC
S21403104008C0002900F0AD80DAF81C00A1FB0036CA
S21403105024B1B4FA84F20E2A40F3DC80E203002EB5
S21403106040F0A580B2FBF3F2530003FB0113A3FB8E
S21403107000764FEA044EBE454FEA144474EB060668
S21403108009D34E003344A0FB0371BE4574EB010144
S21403109002F10102F6D2C2F30E024CEA023C4CF015
S2140310A00063C9F808300AF0A7FD2B68002B00F090
S2140310B0DB80B3FA83F4D4F102044CBF1C4623FA54
S2140310C004F44B4B9C4288BF6408002873D0B4FBDF
S2140310D0F0F3642100FB134201FB02F2904271D845
S2140310E05A1E52085B08013B120242EA0313C9F870
S2140310F00C300AF051FD002800F0AF80B4FBF0F28C
S214031100642100FB124401FB04F4A04200F2B08009
S214031110531E5B085208013A1B0243EA0213C9F83E
S21403112010300020DCE6334B334AD3F8FCA01368B8
S214031130984526D0404631490AF000F82E4AC0F3B7
S21403114014061368984520D040462D4909F0F6FF4B
S214031150294A10F0804F136801D046F400169845CC
S21403116018D04046274909F0E9FF43074EBF4FF41E
S2140311704000800500F0E07046EA456848EA00084B
S214031180CDE6194A966BC6F31406164AD2F8EC2037
S2140311905200E2D4134B186EE7E700231A481D46A5
S2140311A0DDE621209CE6002318481D46D7E60B46BD
S2140311B000225CE7044640F2C5422B210020F9F7E3
S2140311C049FE2346013B8BE7006CCA8800F04902C0
S2140311D0005A620268620020646200206062002097
S2140311E0440A0400004001B8008001B8D34D6210E1
S2140311F03FBE4025001F00B0005F0020388001B8C6
S214031200EC4001B8604001B80A3BB2DF313641DC3E
S214031210807C814AC2F10F0702F1110E06FA0EFE18
S214031220FB4043EA0E03A7F1200E26FA0EFE43EA1E
S2140312300E03FE40013304FA02F246F100060EE7FF
S21403124002F4801203F400131A4308BFC0F580109B
S214031250CBE6002307481D4681E64FF49D622B210B
S214031260F9F7F8FD621E53E70028A3D01C46A9E74A
S2140312701446F7E7D694BFD610B50B46044686B099
S21403128039B98279016821486B460068FFF710FE7A
S2140312906B461F4A196851631E4AD2F8FC2062B394
S2140312A05A6842B11C4A1D49C2F80C115968A2F586
S2140312B08052C2F80C119A6842B1174A1849C2F80C
S2140312C0EC109968A2F58052C2F8EC101549D8685C
S2140312D0D1F8642122F4EE620243C1F86421D1F806
S2140312E05C21186922F4EE620243C1F85C21A1F581
S2140312F0FF4158692839FFF777FD0020A2880A4B7B
S2140313009A6203F5A033186406B010BD005F002090
S214031310008001B8001F00B0006001B8FFFF0F0097
S214031320FFF8FF0F000002B8004000B84FF48062D9
S214031330014BDA67704700BF001002B84FF48062B3
S214031340034BDA67034B1B780BB1034A936570476D
S214031350002002B8B5630020008001B80523064AC2
S214031360A2F84A3092F8493003F0010363F073039E
S21403137082F84930704700BF001F00B070B51C4E9E
S2140313800546F368C3F30363022B2FD10CF08DFEDF
S214031390F3680446C3F30363022B22D1284609F0FD
S2140313A030FD30B1134B93F8C42012B1002283F8FA
S2140313B0C5200F4B1B6F9B0510D50E4B0E49D3F85C
S2140313C0A83009691A789B6843F80C1C32B94FF4A5
S2140313D000320A4BCF20DA61FEF78CF88022044BEA
S2140313E01A6120460CF05CFE002070BD0220FCE76C
S2140313F0000002B8001E00B000C000B8001002B81B
S21403140010B590B10468012C0FD902696AB111684E
S214031410094B102C196051685960916888BFD268CF
S214031420996094BFD960DA6010BD1022002102488B
S21403143002F09BFDF8E700BF70620020084BC1175F
S2140314401A68A2FB000302FB013310F1807043F11C
S2140314500003400E40EAC310803820EAE07070476D
S214031460806200200722164B70B5DA66154B164AC3
S2140314701D68164BEC08E005C0184FEA153141F11C
S2140314800001002301F020FD114B124E18604EF6AA
S2140314906020FFF7D3FF4042C6F884000E48FEF7ED
S2140314A071FB024658B1E301500818184FEA15714C
S2140314B04FF0000341F1000101F006FDF06570BD39
S2140314C0000002B8E461002065CD1D00B2E60E0000
S2140314D080620020001F00B040420F0010B5044693
S2140314E098B10B4BD3F8FC00FFF78AFF4FF47A73DF
S2140314F003FB04F0074BA0F6AC50DA689B68104475
S214031500C01ABDE81040FFF799BF4EF66020F8E713
S214031510001F00B0706200202DE9F8430546084618
S21403152014461E46FFF76CFF9DB106F0020716F041
S214031530040610D16FB1284600F0E0F860626B69CC
S214031540002B7DD147F23050FFF778FF2062002E44
S21403155057D1BDE8F8832869002868D04FF47A731A
S2140315605843404BA0F6AC509B68C01AFFF766FF83
S214031570E061A88B00285DD04FF47A735843394B4B
S214031580A0F6AC509B68C01AFFF758FF2061364B95
S214031590E968D3F8008000294FD04FF47A73594393
S2140315A0304BA1F6AC519A685B68891AC91A2F4B5F
S2140315B0C8171A68DFF8BC90A2FB011302FB0033BE
S2140315C011F1807143F10003490E41EAC3118039DA
S2140315D0274B6161DB6EA361D9F8003053B14046F7
S2140315E009F00FFC30B12246D9F800301D49D8F86F
S2140315F0E40098470021A869FFF770FFA062002F58
S21403160099D1A86830BB47F23050FFF717FFA060A8
S2140316104FF47A702B6858432BB1124B1B6803F5B3
S2140316201C5310331844FFF709FFE06091E74EF6AA
S21403163060209BE74EF66020A6E74EF66021B6E7ED
S214031640084AD0684FF47A7202FB0300A0F50350F1
S214031650103879E74FF47A735843A0F503501038DF
S214031660D3E700BF70620020005F00208062002086
S214031670001F00B06C62002070B5064608461C4684
S21403168009F054FD0546D6F8F00000F011F843685B
S214031690054A002BA8BF4FF4FA721A44034B60198D
S2140316A092FBF3F2104470BD0CFEFFFF18FCFFFF25
S2140316B040B10368012B05D90069034B002808BF16
S2140316C018467047004870474C0A040028B109487A
S2140316D081420CBF2F20BC207047074A536E506AC6
S2140316E0C3F301111B0C01FB033300F01F00013091
S2140316F01844704748E80100004001B843684FF4B7
S2140317007A7058432BB1044B1B6803F51C531033F4
S2140317101844FFF793BE00BF7062002070B5124CEA
S21403172088B001AD0FCC0FC594E8070085E8070025
S2140317308C2200210D4802F018FCD42200210C480C
S21403174002F013FC0B4B0C4A5A63FFF707FE0B4BD6
S2140317501B783BB1044E01AD0FCD0FC695E80700CD
S21403176084E8070008B070BDC41F00B0A01E00B018
S2140317702C1F00B0001F00B010111111A46300202D
S214031780064BD3F8D80E064B5B6F1A0103D4054BF2
S2140317909B6E1B0401D500F580707047001000B0E7
S2140317A0000002B8004000B810B50CF07EFC0E2115
S2140317B004460320FEF7F8FC40F20122034B2046C2
S2140317C0BDE81040DA620CF06BBC00BF004000B806
S2140317D0012370B5074C2370074B1E68074B324036
S2140317E0D3E9005319402840FAF7C6FF00232370B5
S2140317F070BD00BFBA6300208862002068510020D5
S214031800024B5868C0F3C000704700BF6851002001
S214031810034B1B6813F4C06F14BF012000207047EE
S2140318206851002010B50446FEF740FB00F022FF87
S2140318302046FCF7AFFDFEF7E5FAFDF793FEFDF74E
S21403184005FFFFF70FFE13490723134AD1F8FC10D1
S21403185004F58270FFF760FE4FF080710020FEF7FC
S214031860B1F94FF000720D4B4FF400110120C3F88D
S2140318700021FEF7A7F9FEF705FF20B940F2231271
S2140318801421F9F7E7FA09F0D0FCBDE8104001206F
S214031890FDF722BD001F00B0581F00B000D001B8EE
S2140318A08023074A1367082340B11367054AD2F813
S2140318B0A03023F02003C2F8A0307047024AF4E7B2
S2140318C0001002B8001E00B0002002B8012110B5B7
S2140318D00020FFF7E5FFBDE81040024B1961024BFD
S2140318E05B681847000002B88878002070B582B09D
S2140318F005461446FBF786F9002800F09F80504BF8
S2140319005B6913F0060340F0998022790093022A5C
S21403191041D1237B022B32D00320FDF7B9FF20B938
S214031920484BDB685B0440F18980A37B267B003B46
S21403193018BF0123A2684449012E0B70019269D097
S2140319403F4D00F089FE0420FDF7A0FE696F0223D9
S21403195021F0F85121F4F81141F0506141F480313F
S21403196069673246042001A9FDF7AEFE0446002847
S2140319705DD0012030223549354B0870DA67354C87
S21403198023689847212804D10121002063689847DB
S214031990002002B070BD0320FDF77AFF00284DD16A
S2140319A02279D5F80C31012A226830D0D01A0026C5
S2140319B0234B294A00905A679E67637B274923F087
S2140319C04000B042C3F380130B700CBF01233346B1
S2140319D0234A4FF003001370224B224AD3F8A03059
S2140319E00CBF43F0200323F02003C2F8A030FDF71A
S2140319F04DFE134A1C490123516703206946227989
S214031A00FDF762FE88B10122184B1A7081E79A42ED
S214031A10CDD3CBE72379022B92D0009BD5F80C11BC
S214031A2000260B44134401938AE72120B1E70320E1
S214031A30FDF72CFE084A0D4B6A671C700E20A8E7BC
S214031A4000C001B8000002B8BF630020BC630020DA
S214031A50001002B88878002000000101BD63002052
S214031A60BE630020001E00B0010C0100B963002015
S214031A70F7B500241A4B064620461A4F1C70FFF78C
S214031A800FFF194B0D467B67BC674879431E5842C8
S214031A905841FAF793FD40F60143BB672A79296854
S214031AA0012AD6F8143101D1994200D3CC1A042363
S214031AB003200DEB03010194FDF706FE28B98822E7
S214031AC021200A4B1A6703B0F0BD094C23689847D8
S214031AD02128F8D101210020636898470020F2E707
S214031AE0B963002000C001B800000101002002B85D
S214031AF088780020F8B5194C0546207840F27D22F8
S214031B00B0FA80F03E214009F9F7A4F955B9607898
S214031B1040F27D22BDE8F840B0FA80F03E2140094D
S214031B20F9F798B94FF440660D4F0E4DD7F8B43019
S214031B3040F27D22C3F381232370C5F8B460607836
S214031B403E21B0FA80F04009F9F784F9D7F8B830A7
S214031B50C3F381236370C5F8B860F8BDB66300208D
S214031B60004000B8006000B8A82238B51B4B1D6FB4
S214031B7003F500531A6710229A60A3F5804302F117
S214031B8000521A675A6600F09DFF154B1B7813B96F
S214031B900320FDF77BFD0024124B9C6700F0B8FF83
S214031BA0114A124BD2F8D81E0B40C2F8D83E042274
S214031BB00F4B1A670F4BAA06C3F8AC4008D503F5BC
S214031BC08073DB6CB3F5817F22BF8022034B1A61DF
S214031BD0FBF75EFF0022084B1A7038BD000002B800
S214031BE0B963002000C001B8001000B0DF0000FF9A
S214031BF0002002B8001E00B0B863002008B5FFF747
S214031C00D3FD00F085FF4FF40072084BDA62012221
S214031C1003F5E8335A61042203F580531A674FF439
S214031C20C062A3F54043DA6208BD00BF004000B8B7
S214031C3038B5184A184B194C256F5A6700F068FFD9
S214031C40FF22174B15F0A00F9A604FF480722261A3
S214031C504FF004021A6701D000F04EFF6369D907FC
S214031C6016D5E36813F0706FC3F30360F9D10D4A1A
S214031C70D36B23F0F003D36300F0A8FF0A4BD3F82B
S214031C804C315A1C01D05B0002D50122044B5A6129
S214031C9038BD00BF0000010100C001B8000002B853
S214031CA0002002B8001F00B00080E00F044B1B7832
S214031CB023B9044BD868C0F38030704701207047BF
S214031CC0B8630020000002B89A4B2DE9F04F9A6ED5
S214031CD0DB6E85B002EA0308974BC3F86880974B20
S214031CE0D3F8E060D3F8EC301E40954BC3F8E060C1
S214031CF0944BD3F80822D3F80C3202EA030A924B29
S214031D00C3F808A203F52043DA691B6A02EA03094B
S214031D108E4B09F47702DA618D4BD3F80422D10691
S214031D2006D4D3F80431DA06C3F3001740F1E18092
S214031D300CF0BBF9874B5A695F6E1B6F12F0060FE8
S214031D4007EA0307844A27F0007323F4006314BFEB
S214031D504FF0010B4FF0000B53667B0704D57F4A09
S214031D60137D0133DBB213750CF09AF9B8F1000F4B
S214031D7000F0DD8018F4004427D00CF096F90146F5
S214031D80FFF7FEFC0446764B1D682A682B689A42CA
S214031D90FCD02A689A42FCD0FFF7F2FCA04240F03F
S214031DA0AA8008460CF07CF96E4B1C606E4B1D6FC8
S214031DB015F4E05240F0A18024F07F4424F0DF04C1
S214031DC00CB9FFF7D1FE4FF0807418F0020F4FF0F6
S214031DD0000514D0644B5D491B6F03F460420A6729
S214031DE0002A00F09E801D0400F19E8013F4005F1D
S214031DF00CBF4FF000534FF0006300251C43C8F39D
S214031E0040384FEA4808594B3340002B4AD016F463
S214031E10206F0AD040F2BC5206210020F9F71AF8C8
S214031E20002000F0D3FE26F48026F00506D5FF2218
S214031E30464B44F4C0649A60FFF7B6FC16F0090FED
S214031E400AD040F2D15208210020F9F703F800F037
S214031E50B1FE0122394B1A6316F0106F0CD040F214
S214031E60DA5209210020F8F7F5FF00F0A3FE00225E
S214031E7011461046FCF72AFB16F4202F0AD040F230
S214031E80E25207210020F8F7E5FF002000F09EFE4F
S214031E9026F48026F10301D5FCF7B8FC002EB8BF64
S214031EA048F0080872070DD5244BDB6A13F4005F6D
S214031EB04FF4005317BF224A2D4AD36244F400045A
S214031EC008BFD362730548BF44F0040416F48023A6
S214031ED0019300F0B380FCF751FC0138062849D87B
S214031EE0DFE810F03A013D013A01400143014601A3
S214031EF04601BB463AE7044647E70192FFF734FE3E
S214031F00124B019A1A6715F4805307D115F4806FA4
S214031F100CBF4FF080544FF0806456E74FF0804478
S214031F2053E74FF0007368E74FF0004365E7444616
S214031F30454668E7004000B8006000B8004000541B
S214031F4000600054004001B8006001B8002002B8E9
S214031F5000E100E000C001B800E001B88C62002098
S214031F60D409040084620020000002B8090B0B8920
S214031F700050005440F2136203210020F8F76AFF72
S214031F800121844A936ED2F8880003F007030633D0
S214031F9001FA03F3C0F30C001B1A9BB2072B12D9EA
S214031FA07D4B1B6F58020ED47C48936B926D406D2D
S214031FB058B103F0070306339940C2F30C03C91A5A
S214031FC089B2072901D844F40074754B1B78002B9B
S214031FD034D0704BD3F8E03013F4A02F2ED1714BCE
S214031FE0714A1B7893B9FB0410D4137873B1E308D2
S214031FF06E4943EA457383F00103D1F8D81E03F014
S21403200001035B0021FA03F3980717D10420FDF7B9
S2140320103DFB674B6749596700F01EFB624A13781E
S21403202043B9654B1B782BB1644B654A1B68234049
S214032030134201D144F4804427F48057BAF1000FC9
S2140320401DD01AF4805F18BF44F480241AF4807FEE
S21403205018BF44F400241AF4005F18BF44F01004B9
S2140320601AF4007F18BF44F020041AF4806F18BFD8
S21403207044F040041AF4006F18BF44F08004B9F12A
S214032080000F48D019F4001F0AD04E4B1B683BB113
S214032090414A4D48116F00680022C1F3C06198475A
S2140320A019F4802F18BF45F4007519F4803F18BF44
S2140320B044F4805419F4801F18BF44F4003419F410
S2140320C0800F18BF44F0020419F4003F18BF44F40D
S2140320D0801419F4000F18BF45F0100519F4002FEB
S2140320E019D03A4BD3F8A03013F0C00F13D02A4AB6
S2140320F0D368C3F30363032B01D0072B05D1536FB8
S214032100D90602D4936F1A0735D54FF40022304B05
S21403211029F40029DA61002F00F027813B0540F1FE
S2140321208D802C49224A91F803A02B4BBAF1000F5D
S21403213058D04FF400600AF1FF3A58665FFA8AF304
S214032140CB7033B9254B1B78C3B140F60142244B01
S2140321505A67002300226FE044F4803410E744F407
S21403216000640DE744F480640AE744F4807407E7E8
S21403217044F0080404E744F40014CCE7936F13F424
S214032180A05F15BF4FF4807340F6014393659367D2
S214032190DFE700BF00400054000002B8004000B86C
S2140321A0BC630020BB630020BE630020001000B0A9
S2140321B000C001B800000101BD6300206851002083
S2140321C0088D010080610020005F0020001E00B023
S2140321D0002002B8A963002000E001B8B96300201C
S2140321E000D001B80320FDF751FA954A954B526982
S2140321F012F0060F7BD05046FDF702FC4FF4006149
S214032200904B8F4A596653698F4813F0060308BFED
S2140322109367438A8D4913F400626CD023F40063FA
S21403222043820B7803F0FF0A002B68D1FDF7D6FC38
S214032230FFF79AFC534620221C431543B80009D5E2
S2140322402E20FDF757F94FF000527E4B45F0080558
S2140322501A675A66F90608D52B20FDF74BF91022A4
S214032260784B45F400151A675A6617F0306F05D198
S214032270FA046ED5BBF1000F00F0CD803B011BD5F1
S2140322802920FDF737F96E4B5B6C13B11022704BA8
S2140322909A60704B7049DB6803F48042C3F3803363
S2140322A00B70FFF7ADFA28B16C4B66496C484B666A
S2140322B003673ABB45F0040517F0007B2FD00420D4
S2140322C0FDF7E4F92720FDF715F9FFF74DFC4FF06E
S2140322D000725C4B5A66634BD3F8D83E590600F13E
S2140322E0818002225A4B9A6045F002052EE041F6A1
S2140322F01F725A6782E70B784FF400539CE74FF43C
S214032300004327E70B6720204B66FDF7F3F845F4F9
S21403231000152D2045F00C05FDF7ECF8CCE717F07B
S214032320807FDFF81CA148D00420FDF7AFF92820F2
S214032330FDF7E0F8DAF87830002B3BD1FFF714FC12
S214032340404B464A45F001051A675A6600223C4B45
S2140323509A657A0509D5444A9378002B00F0D7800E
S214032360013B9370002348EA0308404BD3F8A030A0
S2140323701B0603D520462946FBF758FC4246204653
S2140323802946FFF725FA019B0BB1FCF72DFA01222C
S214032390374B06F00436C3F8E060364B19F4002FCB
S2140323A0C3F884211EBF4FF40022294BDA6105B01F
S2140323B0BDE8F08FCAF878B0C2E7F804C6D50420A3
S2140323C0FDF764F92C4BCAF87430FDF707FCDAF80E
S2140323D0643013F0407FB9D12A20FDF78BF8FFF75E
S2140323E0C3FB78E7214BD3F8A02092063FF57CAFDA
S2140323F00221224A9160224A126892F82520D007C9
S2140324007FF572AF93F8C430002B3FF46DAF802294
S214032410104B1A6168E71B4B1B68013302D044F06C
S214032420010496E7104A137983B3013BDBB21371B9
S21403243013B90B4B144A5A6700231C4389E700BFA2
S21403244000C001B800E001B88C620020B963002028
S214032450002002B8000002B8B86300201000002075
S21403246000D001B8001000B0A9630020001E00B021
S2140324700060005400E100E000000101001002B813
S214032480005F0020947800200000010D0420FDF773
S214032490FDF80320FDF7FAF81F4B204A5A670BF0A6
S2140324A004FE82460DF10F00FDF7D4FF1C4B834656
S2140324B01B780BB1FFF778F9BBF1030F0ED1DFF8EA
S2140324C06CB00020FDF7C6FF032807D1DBF8743095
S2140324D0D903F6D4DBF85C300C2BF2D99DF80F3019
S2140324E0032B06D101220F4B50461A700BF0D8FD72
S2140324F0A2E70D4BD3F8E03013F4A02FF2D100F08F
S214032500ABF850460BF0CCFD4FF4804395E7022022
S214032510FDF7BCF8012326E700C001B8000001015F
S214032520BF630020BB63002000400054000002B8D5
S2140325300122024B1A62DA61704700BF002002B81C
S2140325400D4B10B5DC691A6A14400C4A24F47F015B
S214032550D161E20706D5D9684FF0FF30C1F30361B6
S21403256008F06DFE630706D5BDE810400422002080
S2140325700021FFF72DB910BD000002B8002002B8F5
S2140325800C4A08B5936B526C13400B4A9363DB07F4
S2140325900FD50A4B40F66D021878122100F00100A1
S2140325A0F8F758FCBDE80840002201200021FFF799
S2140325B00FB908BD00C000B800E000B8685100209D
S2140325C0054AD2F88430DB07FBD4936FD2F8842015
S2140325D01340024A93677047008001B800A001B811
S2140325E008B50BF062FD0E4B1A78A2B90D4A1268B5
S2140325F012F4843F0FD10C4A1021D1671B7863B9BC
S214032600084B1B68DB0508D4074B2022DA67BDE8B6
S21403261008400BF045BD054AEEE7044BF5E700BF5F
S214032620BC63002068510020002002B8001002B8E6
S21403263010B50BF03AFD0E2104460320FDF7B4FD5A
S21403264040F20122034B2046BDE81040DA620BF04D
S21403265027BD00BF004000B80022044B1A70044B8D
S214032660197811B11A70FFF7BBBF7047BB63002020
S214032670BC63002008B50BF018FD4FF00042224B58
S214032680C3F88020BFF34F8FBFF36F8F0122C3F8C9
S2140326908420BFF34F8FBFF36F8F0222C3F88420CB
S2140326A0BFF34F8FBFF36F8F0422C3F88420BFF3AB
S2140326B04F8FBFF36F8F0822C3F88420BFF34F8F6B
S2140326C0BFF36F8F1022C3F88420BFF34F8FBFF37F
S2140326D06F8F2022C3F88420BFF34F8FBFF36F8F13
S2140326E04022C3F88420BFF34F8FBFF36F8F4FF49E
S2140326F08072C3F88420BFF34F8FBFF36F8FBDE89C
S21403270008400BF0CDBC00BF00E100E008B50BF0BD
S214032710CCFC4FF00042094B1A6001225A60042297
S2140327205A6008225A6010225A6020225A604022B9
S2140327305A60BDE808400BF0B3BC00BF00E100E000
S2140327402DE9F047DDF820A003EA0108099B0646B9
S2140327500C4602EA000703EA0A09BAF1000F40F042
S2140327604E81031F0B4300F00E81052871F1000311
S21403277080F0E48050EA010300F06081431E0B43BF
S21403278000F02481FFF776FFAD4AD2E9005323EA2F
S214032790040325EA06053D4343EA0807A94BC2E9B5
S2140327A000571E68DFF8F48226EA0A0646EA090698
S2140327B01E60FFF715FF15F02A4F14BF48F20203F9
S2140327C04FF40043A04AB007D26EA04848BF43F474
S2140327D0005383EA020122EA0302C2669C4A0B40C4
S2140327E08166D366C5F380421203290348BF42F4C9
S2140327F08072EB0648BF42F40052964BAC0648BFC5
S21403280042F400726806D3F80C3248BF42F4806282
S214032810290648BF42F400628F4882EA030123EA8E
S2140328200203C0F80C328D4B0A40C7F34024A404BD
S214032830C0F80812C3F80C22EA0448BF44F48034F4
S214032840AB0348BF44F48014A80748BF44F480048D
S21403285015F4001F06D0D8F8000008F00CFD08B9E0
S21403286044F40024E90248BF44F40034FA0648BF9F
S21403287044F4000473077A4B48BF44F004041A6A0E
S21403288044F4001484EA020323F0010375491A4052
S2140328900A621C40CB61744B16F0010F1C62734B2B
S2140328A0734A18BF1A46734B7C071B6F48BF42F028
S2140328B00062714882EA030123EA020303676F4B4F
S2140328C00A4041661A676E4A05F00103516CA0F58B
S2140328D0803081EA030221EA0301416482631A40DD
S2140328E0684B28025A64D8F8002048BF664B92F813
S2140328F0022158BF654B690748BF43F4806322B182
S21403290015F4C06F18BF43F480733207604A48BF9C
S21403291043F00043D2F8EC105E4883EA010222F447
S214032920A0221140C0F8EC101340C0F8E0205A4A29
S214032930BDE8F047C2F8EC30FFF7E8BEA0F58063C9
S2140329400B4306D020F48063A3F500730B437FF498
S21403295019AF0BF0AAFB3A49D1E9003223EA060382
S21403296022EA040242EA08023B43C1E900324B4A28
S214032970126892F80211474A09B313F4C06F1ED0C7
S2140329804FF4807311E00BF090FB2D4AD2E900312F
S21403299023F004033B4341EA080157EA0807C2E968
S2140329A000314FF480633B4A0BD0C2F8E030A2F507
S2140329B08052C2F8EC30BDE8F0470BF071BB4FF421
S2140329C08073C2F8EC30C2F8E030F4E70BF06DFB2E
S2140329D01B4AD2E9003123F001033B4341EA0801D5
S2140329E0C2E9003101232E4A57EA08071BBF936347
S2140329F0A2F580525364536408BF9363DBE750EA3F
S214032A0001037FF4BFAEBAF1010F7FF4BBAE0BF048
S214032A104CFB0C4A136823F0010343EA09031360D3
S214032A204FF48063144AB9F1000F04D05366A2F53D
S214032A3080521367BFE713675366BCE7BDE8F087AA
S214032A406851002088620020004000B8006000B88B
S214032A50005000B8004001B8006001B8005001B84B
S214032A60000002B8002002B8001002B8041C0003DD
S214032A700418000300C001B800E001B800D001B894
S214032A8000C000B800D000B80D0A0A09090A0A09EE
S214032A90004000540060005400500054005F0020C3
S214032AA000E000B8024B186800F00100704700BF52
S214032AB068510020024B5868C0F3C030704700BF0F
S214032AC0685100200A4B197801F0FF0229B1002152
S214032AD0197008499202C1F8B420597801F0FF0230
S214032AE029B1002159709302024AC2F8B8307047E0
S214032AF0B6630020005000B84FF40062034B1A6719
S214032B004FF40042A3F5E0339A667047001002B80C
S214032B10F8B5084C084D236F0423084F2B67236F23
S214032B205B0300D4F8BD042602203E6708F0E2FAF1
S214032B302E67F4E7000002B8001002B8002002B8BF
S214032B4038B5044671B948B1174AD3681B0E13F05B
S214032B500E0F04D04FF4C062144BDA6238BD93688C
S214032B609A06F7D4FFF764FD0F4D0020FDF772FCBD
S214032B70032801D0092805D16B6FDB03F5D4EB6D71
S214032B800C2BF2D9FFF7C4FF4FF40072084BDA623E
S214032B90012203F5E8335A61042203F580531A67CA
S214032BA0002CDBD0D6E700BF000002B8006001B8F7
S214032BB0004000B808B503210920FDF7F5FA2022E6
S214032BC0014B1A6108BD00BF000002B838B50546C0
S214032BD00BF06BFA0E4B04461868FBF79FFC35B1F7
S214032BE0FFF73AFD2046BDE838400BF059BA094BCB
S214032BF01B78002BF6D0084B1D78002DF2D1FFF77B
S214032C002BFD2A464FF480400021FEF7E1FDE9E75D
S214032C10005F0020BB630020BA6300202DE9F84F55
S214032C20584B06460D4614461B6F002A40F0A780F5
S214032C3013F0A00F14BF4FF001094FF00009FAF785
S214032C4027FFA0234FF0000ADFF854810320C8F8BB
S214032C507030FCF71BFD0420FCF718FD4A4FFFF706
S214032C60FBFC4A4B4FF0040B7B67C7F878A0FFF7D3
S214032C704FFF474B4FF48071D3F8A020454842F0EE
S214032C802002C3F8A020FF22C8F808203D4A11619D
S214032C90D0F8D82E40491140C0F8D81EC8F870B0F6
S214032CA0C3F8ACA07B6913F0060F04D0FCF796FFBD
S214032CB05846FCF7EBFCB9F1000F01D0FFF71CFFF9
S214032CC066B1364BDB6C180701D4FFF7B1FCFFF790
S214032CD071FF0420FCF7DAFCFFF7F4FE294B5A6970
S214032CE0D10747D5DA6812F0706FFBD12C4B2D4A0B
S214032CF01A672D4AD36B23F0F003D36315B120462E
S214032D00FFF764FF294BD3F84C315A1C01D05B0004
S214032D1002D50122224B5A6164B3204BDA6E03F5C7
S214032D2000539A6603F5D0331B6A1D4A23F001034A
S214032D30D3611F4BD3F80C1203F50053C3F80812E4
S214032D4003F50053D3F8841003F500539967194B22
S214032D50D3F8EC1003F50053C3F8E010164B596C88
S214032D6003F500539963154903F5803359664FF607
S214032D70084313670020BDE8F84FFAF74FBF4FF03C
S214032D8000095CE7000002B800C001B800000101BA
S214032D90001E00B0001000B0DF0000FF004000B8C7
S214032DA0002002B810003000001F00B00080E00FC3
S214032DB0004001B80040005400C000B85000002F87
S214032DC010B5D0F8804184EA02030B406340C0F894
S214032DD08031064B1B68834207D1054BD3F8A0000E
S214032DE0424011404140C3F8A01010BD005F0020D0
S214032DF0001E00B0064B1B6883420ABF054BD0F883
S214032E008031D3F8A03099430CBF012000207047CF
S214032E10005F0020001E00B02DE9F04791460A43EC
S214032E20012A07461D469DF820609DF824800A9CCB
S214032E3044D8464542D2B8F1080F3FD8032B3DD8B5
S214032E40002C3BD00A460021F9F7DAFDFF221C4B83
S214032E5004F1FF3C1868EB009A40D24306F1804524
S214032E60653505EBC905174C07EB85054FEAC90918
S214032E70F1B2884502D80020BDE8F087B8420CF1CD
S214032E80010C12D109EB060E04EB8E0EDEF8E010F1
S214032E9002EA010A9CF80010994041EA0A01CEF8BA
S214032EA0E01045F8041F0136E2E7696802EA010EFE
S214032EB09CF80010994041EA0E01F2E72120DBE777
S214032EC0005F0020001E00B053B94AB9002908BFAE
S214032ED000281CBF4FF0FF314FF0FF3000F082B9DF
S214032EE0ADF1080C6DE904CE00F006F8DDF804E059
S214032EF0DDE9022304B070472DE9F04F099D0C4627
S214032F00002B4DD18A420F4684469646B2FA82F388
S214032F1060D94BB102FA03FEC3F120029F4000FAC8
S214032F2003FC20FA02F217434FEA1E461FFA8EF4FA
S214032F304FEA1C42B7FBF6F106FB117701FB04F0E0
S214032F4042EA0742904208D91EEB020201F1FF371C
S214032F5002D2904200F231813946121A1FFA8CFCD3
S214032F60B2FBF6F006FB102200FB04F44CEA024C1C
S214032F70644508D91EEB0C0C00F1FF3202D26445FF
S214032F8000F21E81104640EA0140ACEB040C00211F
S214032F9025B12CFA03F30022C5E90032BDE8F08F11
S214032FA08B4205D90DB1C5E9000100210846F5E7B6
S214032FB0B3FA83F100294DD1A342C0F0F3809042C7
S214032FC080F0F080064623460846002DE6D0C5E985
S214032FD00063E3E7002B40F0A3808A1A4FEA1E47FC
S214032FE01FFA8EF60121B2FBF7F407FB14204FEA13
S214032FF01C4242EA004206FB04F090420FD91EEB45
S214033000020204F1FF382CBF4FF001094FF000090C
S214033010904203D9B9F1000F00F0CC804446121A4F
S2140330201FFA8CFCB2FBF7F007FB102200FB06F638
S2140330304CEA024C664508D91EEB0C0C00F1FF3235
S21403304002D2664500F2B3801046ACEB060C40EAAB
S21403305004409DE7C1F120068B4004FA01FE22FAE4
S21403306006F720FA06FCF4408A401F434EEA0C0398
S21403307000FA01FE4FEA17484FEA13491FFA87FC86
S214033080B4FBF8F008FB104449EA044400FB0CF9CF
S214033090A1450ED93C1900F1FF3A2CBF4FF0010BA6
S2140330A04FF0000BA14503D9BBF1000F00F08B8056
S2140330B05046A4EB09041FFA83F9B4FBF8F308FBA4
S2140330C0134403FB0CFC49EA0444A44506D93C1903
S2140330D003F1FF3801D2A4457BD8434643EA0040B8
S2140330E0A4EB0C04A0FB02984445CC46434602D30B
S2140330F006D1CE4504D20138B9EB020C68EB0703C0
S214033100002D6CD0BEEB0C0264EB030422FA01F331
S21403311004FA06F6CC4000211E43C5E900643DE7E9
S21403312002FA03FEC3F1200104FA03F200FA03FCD9
S214033130CC404FEA1E4720FA01F11FFA8EF6B4FB85
S214033140F7F00A4307FB1044110C41EA044100FB65
S21403315006F48C420ED91EEB010100F1FF382CBF9A
S2140331604FF001094FF000098C4202D9B9F1000F64
S2140331702CD04046091B92B2B1FBF7F407FB14119F
S21403318042EA014204FB06F1914207D91EEB020212
S21403319004F1FF3801D291421ED84446521A44EA3B
S2140331A0004120E7861A64EB030301200DE7F4448D
S2140331B002384AE7023C724431E702397244CCE6ED
S2140331C0F4440238DFE602383C4472E702387144BE
S2140331D0D0E7023B3C4481E7023C7244DEE72946E3
S2140331E0DCE600BF704700BF2DE9F0474FF6FC78DA
S2140331F0002416461B4F03311B4B07EB001501EA51
S21403320008084FEA001A1B686A80814627F80A8076
S21403321002FB08F0EC60984718FB06F39BB20246E5
S21403322068602B81D8B11149284651F82910DFF779
S214033230E9F921462A89686800F097FE2146234665
S2140332409E4204DC002057447E80BDE8F0876A680F
S214033250E868541850500133EC604144F0E71A20F4
S214033260F3E700BF98580020A4620020B0260400AD
S21403327038B5094C04EB00156B682BB12846D6F716
S214033280B7FD686808F004FB2846BDE838401022FE
S214033290002100F06ABE00BF98580020034B0201CD
S2140332A0C3E900100021024800F05FBEA4620020BC
S2140332B0985800200022024BC3E90022704700BF43
S2140332C0A462002038B5094B020103EB0015EC6835
S2140332D0284621469A5ADFF797F924B12368EB600C
S2140332E06B88013B6B80204638BD00BF9858002092
S2140332F030B4064C04EB0013DD685A880D600132C7
S214033300184630BCD9605A80DFF77FB9985800203A
S214033310044A010102EB0013505A10B11B89B3FB98
S214033320F0F0704798580020054B10B553F820402E
S21403333004B910BD2046636898472468F8E700BFC1
S214033340C46200200020134B10B51870124B134CA8
S214033350C3E90000124B206018706060A060FFF79E
S214033360D7FF80B2A0F10E036380A0F114030130EF
S21403337060810C49201DE380DFF742F920460A49A5
S214033380DFF73EF904F108000849BDE81040DFF70F
S21403339037B900BFC1630020C4620020F662002074
S2140333A0C0630020E4260400ED260400F72604008C
S2140333B038B5084C2046251FD6F71AFD2846D6F7FB
S2140333C017FD201DD6F714FD002344F8043C6B605C
S2140333D0636038BDFA62002070B5044658B30AF03D
S2140333E06DFE637905466FF382036371237913F0E9
S2140333F0100605D010232371BDE870400AF059BEAD
S2140334000D4903F0030331F823203046013A21F82F
S21403341023202146094CFFF76BFF23781BB1304668
S214033420FFF782FF2670064B5B6813B10120FFF798
S2140334307BFF2846E0E770BDF6620020C1630020EC
S214033440C462002038B50446057A0AF037FE054BF9
S21403345053F82520226043F82540BDE838400AF09B
S21403346028BE00BFC46200202DE9F04F044689B091
S2140334700492420748BF00F0F70402910AF01EFECA
S2140334805E4D04F0030605EB860335F826205B88BD
S21403349080469A4204F0EF094FEA860733D20020AB
S2140334A0FFF710FF834650B335F826304046013306
S2140334B025F826300AF0FDFD584608F0BEF8029BB4
S2140334C0029A8BF80630049B8BF8049013448BF80F
S2140334D007304B4B5B6843B10AF0F0FD044601200E
S2140334E0FFF722FF20460AF0E4FD05EB860045229F
S2140334F05946DFF789F8584609B0BDE8F08F012230
S2140335004046404B1A700AF0D4FD23071BD51F2CE8
S21403351019D94FF0000A04F0E00303930AF0CEFD36
S214033520EB195B8835F82670DFF8E0809F422CBFE6
S214033530002701270AF0BDFD05EB86030593324BF2
S2140335401B789A4509D384F004004946C0F38000EB
S21403355000F05EF84FF0000BC7E798F80030039AC8
S2140335601A4205D0D8F804300193019B1B6823B98F
S2140335700AF1010A08F10808E1E707935A79D00728
S21403358007D51A79510704D547B989EA0202920783
S21403359004D001931B68002BF0D1E6E7019807F0EF
S2140335A03AFF0779079007A807F02BFF3946002054
S2140335B000F02EF80AF082FD059B35F826205B887E
S2140335C083469A4234BF0127002709D20020FFF71B
S2140335D079FE079068B135F82630013325F8263092
S2140335E058460AF066FDDDF81CB0BBF1000FBCD0F0
S2140335F062E70122034B1A70F2E700BFF66200206F
S214033600C4620020C1630020C0630020AC620020B7
S21403361070B505460E46054B1C6804B970BD636855
S2140336203146284698472468F7E700BFCC62002057
S214033630012838BF012038B5C41C24F003042046F3
S214033640DEF7E4FF0546014622460848DEF7DCFFC0
S2140336502DB921460220FFF7DBFF284638BD224658
S2140336600021284600F081FCF7E700BF042704008A
S21403367010B5064C237823B9E4F79CFC18B901234C
S2140336802370002010BD40F20740FBE7C263002012
S21403369038B50B4B04461B780D464BB121462846DE
S2140336A0E3F7DCFE002840F2074008BF002038BDE1
S2140336B004490548FFF7DCFF0028EFD0F7E700BF13
S2140336C0C2630020EFBEADDEBEBAFECA81F0004183
S2140336D002E000BF83F0004330B54FEA41044FEAEF
S2140336E0430594EA050F08BF90EA020F1FBF54EA8A
S2140336F0000C55EA020C7FEA645C7FEA655C00F026
S214033700E2804FEA5454D4EB5555B8BF6D420CDDF6
S2140337102C4480EA020281EA030382EA000083EA79
S214033720010180EA020281EA0303362D88BF30BD19
S21403373011F0004F4FEA01314FF4801C4CEA11316F
S21403374002D0404261EB410113F0004F4FEA0333CE
S2140337504CEA133302D0524263EB430394EA050F59
S21403376000F0A780A4F10104D5F1200E0DDB02FAC8
S2140337700EFC22FA05F2801841F1000103FA0EF25C
S214033780801843FA05F359410EE0A5F120050EF122
S214033790200E012A03FA0EFC28BF4CF0020C43FA53
S2140337A005F3C01851EBE37101F0004507D54FF060
S2140337B0000EDCF1000C7EEB00006EEB0101B1F5B0
S2140337C0801F1BD3B1F5001F0CD349085FEA3000F6
S2140337D04FEA3C0C04F101044FEA445212F5800F01
S2140337E080F09A80BCF1004F08BF5FEA500C50F19E
S2140337F0000041EB045141EA050130BD5FEA4C0C81
S214033800404141EB0101013C28BFB1F5801FE9D2DD
S21403381091F0000F04BF01460020B1FA81F308BF00
S2140338202033A3F10B03B3F120020CDA0C3208DDCC
S21403383002F1140CC2F10C0201FA0CF021FA02F1A7
S2140338400CE002F11402D8BFC2F1200C01FA02F117
S21403385020FA0CFCDCBF41EA0C019040E41AA2BF3C
S21403386001EB0451294330BD6FEA04041F3C1CDA04
S2140338700C340EDC04F11404C4F1200220FA04F024
S21403388001FA02F340EA030021FA04F345EA0301CE
S21403389030BDC4F10C04C4F1200220FA02F001FA90
S2140338A004F340EA0300294630BD21FA04F0294612
S2140338B030BD94F0000F83F4801306BF81F48011AB
S2140338C00134013D4EE77FEA645C18BF7FEA655C1E
S2140338D029D094EA050F08BF90EA020F05D054EAF0
S2140338E0000C04BF1946104630BD91EA030F1EBFF5
S2140338F00021002030BD5FEA545C05D140004941F9
S21403390028BF41F0004130BD14F580043CBF01F5EB
S214033910801130BD01F0004545F0FE4141F47001D1
S2140339204FF0000030BD7FEA645C1ABF19461046AC
S2140339307FEA655C1CBF0B46024650EA013406BFAD
S21403394052EA033591EA030F41F4002130BD00BF6C
S21403395090F0000F04BF0021704730B54FF4806429
S21403396004F132044FF000054FF0000150E700BFAA
S21403397090F0000F04BF0021704730B54FF4806409
S21403398004F1320410F0004548BF40424FF00001F6
S2140339903EE700BF42004FEAE2014FEA31014FEA39
S2140339A002701FBF12F07F4393F07F4F81F0605188
S2140339B0704732F07F4208BF704793F07F4F04BFD3
S2140339C041F40021704730B54FF4607401F00045B0
S2140339D021F000411CE700BF50EA010208BF704710
S2140339E030B54FF000050AE050EA010208BF704701
S2140339F030B511F0004502D5404261EB41014FF46A
S214033A00806404F132045FEA915C3FF4D8AE4FF071
S214033A1003025FEADC0C18BF03325FEADC0C18BF54
S214033A20033202EBDC02C2F1200300FA03FC20FAA5
S214033A3002F001FA03FE40EA0E0021FA02F11444F2
S214033A40BDE600BF70B54FF0FF0C4CF4E06C1CEA0B
S214033A5011541DBF1CEA135594EA0C0F95EA0C0F7C
S214033A6000F0DEF82C4481EA030621EA4C5123EAEF
S214033A704C5350EA013518BF52EA033541F480111E
S214033A8043F4801338D0A0FB02CE4FF00005E1FBD1
S214033A9002E506F00042E0FB03E54FF00006E1FB1B
S214033AA003569CF0000F18BF4EF0010EA4F1FF045E
S214033AB0B6F5007F64F5407404D25FEA4E0E6D419E
S214033AC046EB060642EAC62141EA55514FEAC520AF
S214033AD040EA5E504FEACE2EB4F1FD0C88BFBCF52B
S214033AE0E06F1ED8BEF1004F08BF5FEA500E50F1DC
S214033AF0000041EB045170BD06F0004646EA0101A2
S214033B0040EA020081EA0301B4EB5C04C2BFD4EBD3
S214033B100C0541EA045170BD41F480114FF0000ECC
S214033B20013C00F3AB8014F1360FDEBF002001F03A
S214033B30004170BDC4F10004203C35DA0C341BDCB4
S214033B4004F11404C4F1200500FA05F320FA04F086
S214033B5001FA05F240EA020001F0004221F00041BA
S214033B6010EBD37021FA04F642EB06015EEA430E2D
S214033B7008BF20EAD37070BDC4F10C04C4F120055D
S214033B8000FA04F320FA05F001FA04F240EA020010
S214033B9001F0004110EBD37041F100015EEA430EE1
S214033BA008BF20EAD37070BDC4F1200500FA05F201
S214033BB04EEA020E20FA04F301FA05F243EA020380
S214033BC021FA04F001F0004121FA04F220EA02008F
S214033BD000EBD3705EEA430E08BF20EAD37070BDD5
S214033BE094F0000F0FD101F00046400041EB0101B5
S214033BF011F4801F08BF013CF7D041EA060195F097
S214033C00000F18BF704703F00046520043EB030350
S214033C1013F4801F08BF013DF7D043EA060370473D
S214033C2094EA0C0F0CEA135518BF95EA0C0F0CD048
S214033C3050EA410618BF52EA4306D1D181EA03018E
S214033C4001F000414FF0000070BD50EA410606BF88
S214033C501046194652EA430619D094EA0C0F02D1CD
S214033C6050EA013613D195EA0C0F05D152EA033612
S214033C701CBF104619460AD181EA030101F0004130
S214033C8041F0FE4141F470014FF0000070BD41F079
S214033C90FE4141F4780170BD70B54FF0FF0C4CF453
S214033CA0E06C1CEA11541DBF1CEA135594EA0C0F72
S214033CB095EA0C0F00F0A7F8A4EB050481EA030EBF
S214033CC052EA03354FEA013100F088804FEA0333A6
S214033CD04FF0805545EA131343EA12634FEA022274
S214033CE045EA111545EA10654FEA00260EF0004135
S214033CF09D4208BF964244F1FD0404F5407402D287
S214033D005B084FEA3202B61A65EB03055B084FEA17
S214033D1032024FF480104FF4002CB6EB020E75EB14
S214033D20030E22BFB61A754640EA0C005B084FEA3C
S214033D303202B6EB020E75EB030E22BFB61A7546B9
S214033D4040EA5C005B084FEA3202B6EB020E75EB04
S214033D50030E22BFB61A754640EA9C005B084FEA7C
S214033D603202B6EB020E75EB030E22BFB61A754689
S214033D7040EADC0055EA060E18D04FEA051545EA78
S214033D8016754FEA06164FEAC30343EA52734FEA21
S214033D90C2025FEA1C1CC0D111F4801F0BD141EA9A
S214033DA000014FF000004FF0004CB6E711F4801FFF
S214033DB004BF01430020B4F1FD0C88BFBCF5E06FDF
S214033DC03FF6AFAEB5EB030C04BFB6EB020C5FEAEF
S214033DD0500C50F1000041EB045170BD0EF0004E44
S214033DE04EEA113114EB5C04C2BFD4EB0C0541EA76
S214033DF0045170BD41F480114FF0000E013C90E673
S214033E0045EA060E8DE60CEA135594EA0C0F08BF36
S214033E1095EA0C0F3FF43BAF94EA0C0F0AD150EA35
S214033E2001347FF434AF95EA0C0F7FF425AF1046C8
S214033E3019462CE795EA0C0F06D152EA03353FF4F0
S214033E40FDAE1046194622E750EA410618BF52EA6D
S214033E5043067FF4C5AE50EA41047FF40DAF52EA41
S214033E6043057FF4EBAE12E74A0011D212F50012B7
S214033E7011D20DD56FF47873B3EB62520ED44FEABA
S214033E80C12343F0004343EA505323FA02F070473A
S214033E904FF00000704750EA013002D14FF0FF3078
S214033EA070474FF00000704710B50C46B1F90E107E
S214033EB0E9F70EFF0028ABBF636DA3891B1823F435
S214033EC08053ACBF6365A38110BD2DE9F0411F4647
S214033ED08B8905460C46DB05164605D502230022CC
S214033EE0B1F90E10E9F7E2FEA3893246B4F90E10D3
S214033EF0284623F48053A3813B46BDE8F041E9F707
S214033F0019BC10B50C46B1F90E10E9F7CFFE431CE9
S214033F10A38915BF606523F4805343F48053A381BC
S214033F2018BFA38110BDB1F90E10E9F7AFBE2DE996
S214033F30F8430746884614460026D4E90195B9F1A6
S214033F40010905D52468002CF7D13046BDE8F8836F
S214033F50AB89012B07D9B5F90E30013303D02946B7
S214033F603846C04706436835E9E7024403469342AA
S214033F7000D1704703F8011BF9E770477047704795
S214033F809368013B002B936010B408DA9469A3424C
S214033F9001DB0A2903D15DF8044B00F01AB8136855
S214033FA0581C1060084619705DF8044B7047F8B546
S214033FB006460F461446D518AC4201D1002007E04A
S214033FC03A4614F8011B3046FFF7DAFF431CF3D1D9
S214033FD0F8BDF8B50E461446054618B1036A0BB984
S214033FE0E9F77EFBA369A360A3891A0701D52369B2
S214033FF043B921462846E9F7C7FC18B14FF0FF3707
S2140340003846F8BD2368F6B222693746981A6369BC
S214034010834205DC2146284600F00EF90028EDD140
S214034020A368013BA36023685A1C22601E70431CCE
S21403403062699A4204D0A389DB07E1D50A2EDFD151
S2140340402146284600F0F8F80028D9D0D6E72DE90F
S214034050F047164698468A6807460B690C46DDF80D
S21403406020909342B8BF1346336091F843200AB1B9
S214034070013333602368990642BF336802333360E3
S214034080256815F0060506D104F1190AE3683268B7
S2140340909B1AAB422BDC94F843302268003B18BFD4
S2140340A00123920630D404F1430241463846C847FA
S2140340B0013023D023681A3454F80A2C03F006037D
S2140340C0042B0ABF54F80E5C002533684FF0000635
S2140340D008BFED1A54F8123C08BF25EAE57593426B
S2140340E0C4BF9B1AED18B5421AD1002008E001237D
S2140340F0524641463846C847013003D14FF0FF3099
S214034100BDE8F0870135C1E7E1185A1C30200233B9
S214034110224481F8430094F8451082F84310C2E71E
S2140341200123224641463846C8470130E6D00136C9
S214034130D9E7B1F90C202DE9F041170705460C46DF
S21403414056D44B68002B02DC0B6C002B3DDDE66A75
S214034150002E3AD0002312F480522F68216A2B6077
S21403416025D0626DA389580705D56368D21A636B99
S2140341700BB1236CD21A216A0023E66A2846B0479D
S214034180411C24D00023636023692360A389DA04D7
S21403419000D56065616B2F60B9B104F144039942A1
S2140341A002D02846DEF73CFD002363630DE00123BF
S2140341B02846B047461C0246D4D12B68002BD1D0E4
S2140341C01D2B01D0162B2AD12F6000202EE02A6843
S2140341D0B4F90C3042B11D2A01D0162A21D100238E
S2140341E0636023692360D5E7626022692260CEE7B5
S2140341F00F69002FE9D093070E680F600CBF4B6959
S2140342000023A6EB07088B60B8F1000FDDDD4346FD
S2140342103A46216A2846A66AB047002808DCB4F95D
S2140342200C3043F040034FF0FF30A381BDE8F0812C
S2140342300744A8EB0008E7E738B50B6905460C46C4
S21403424013B90025284638BD18B1036A0BB9E9F738
S21403425047FAB4F90C30002BF3D0626ED00704D4BF
S214034260990502D4A06DFFF789FE28462146FFF77D
S21403427060FF636E0546DA07E4D4A3899B05E1D4A1
S214034280A06DFFF77CFEDDE7C9B20346024410B516
S2140342909342184601D1002003E0047801338C4290
S2140342A0F6D110BD062008B5E9F724FD0120DEF798
S2140342B00DFF884210B501EB020402D9844223465F
S2140342C007D8431EA14208D011F8012B03F8012F8B
S2140342D0F8E7024401468A4200D110BD13F8014DA7
S2140342E002F8014DF7E770B50C46B1F90E1096B01B
S2140342F0154600291E460CDAA389002113F0800F09
S21403430014BF40234FF48063002031602B6016B047
S21403431070BD6A46E9F7F6FC0028EDDB019901F467
S2140343207041A1F50053594259414FF48063EBE7BE
S2140343308B89F7B59D0706460C4607D504F1470358
S214034340236023610123636103B0F0BD01AB6A46BA
S214034350FFF7C9FF009F054630463946DEF75DFC8A
S21403436048B9B4F90C309A05EED423F0030343F0AE
S2140343700203A381E2E7A389206043F08003A381BD
S214034380019BC4E904075BB1B4F90E103046E9F7A4
S214034390CBFC28B1A38923F0030343F00103A381D5
S2140343A0A3891D43A581CFE70A44431E914200D14A
S2140343B0704710B511F8014B914203F8014FF9D13C
S2140343C010BD1F2938B505460C4604D916230360CD
S2140343D04FF0FF3038BDC26B12B152F821304BB9E3
S2140343E0284600F016F8224601462846BDE838401F
S2140343F0E9F7AABC012B0AD0591C03D11623036084
S2140344000120E7E70021204642F8241098470020C1
S214034410E0E7DEF75EBE10F8012B11F8013B012A38
S21403442028BF9A42F7D0D01A7047034611F8012BDB
S21403443003F8012B002AF9D1704730B514469BB018
S21403444005461A46002C05DA8B2303604FF0FF302F
S2140344501BB030BD4FF40273009104916946ADF86A
S2140344600C3014BF04F1FF332346029305934FF633
S214034470FF73ADF80E301E9BE9F7D2FC431CBCBF9E
S2140344808B232B60002CE3D0009B00221A70DFE7FF
S214034490034613F8012B002AFBD1181A013870477C
S2140344A02DE9F0471F468E6882460C46BE4290466C
S2140344B00B682DD8B1F90C2012F4906F26D06569DD
S2140344C0096905EB4505A3EB01097B1C05EBD575CF
S2140344D04B446D109D4238BF1D46530527D52946CC
S2140344E0DEF79BFB064660B34A462169FFF75CFF8F
S2140344F0A38923F4906343F08003A38126614E448B
S2140345006561A5EB090526603E46A560BE4200D957
S2140345103E46324641462068FFF7CBFEA36800209E
S2140345209B1BA360236833442360BDE8F0872A46B9
S214034530DEF7A4FB06460028E0D121695046DEF7E5
S2140345406FFB0C234FF0FF30CAF80030A38943F00B
S2140345504003A381E9E7212802D10846E9F76CBDA9
S214034560E9F7BABD512802D10846E9F765BDE9F770
S214034570B3BD4FF0FF307047002070477047704759
S2140345800020704700207047002070474FF0FF3030
S21403459070471120704700207047012070470020A5
S2140345A07047002070470020704770470020704710
S2140345B070477047704708B5EAF722FABDE8084027
S2140345C03120F3F7A3BA38B500F12C050446284684
S2140345D003F05AFB50B194F8203013F0180F05D0AF
S2140345E02846BDE83840002103F05FBBA06A38BD0B
S2140345F038B504462C3003F047FB94F821300128E5
S2140346008CBF43F0080303F0F70384F821302046F9
S214034610FFF7D9FF054603F0B8FC94F82030228C48
S214034620C3F38001C3F340039B0043EAC10394F83A
S214034630211042F40052C1F3C00143EA011301788A
S21403464042F0080201F023010B430370437803B1E1
S21403465022842846BDE8384003F09CBC2DE9F04789
S21403466090F823300646012B0C4602D90020BDE8FD
S214034670F08790F8203003F0010369B993B996F8F0
S214034680213013F00C0F4CD196F82030DA0744D5BE
S214034690631E58425841EAE7012903D113B1EAF7EA
S2140346A06BFAECE73046357EFFF78DFF03F06DFCC3
S2140346B00778417817F020070CBF023103312846EC
S2140346C018BFA02703F008FB96F821308146590748
S2140346D054BF022196F8241005F1FF3348BF023178
S2140346E0012B9CBF013189B2284694BF4FF0A00826
S2140346F04FF0000803F0F0FA8246F568EAF73CFA52
S214034700A5F59673A3EB0903DB1BA3EB0A03A3EB45
S21403471008031B1A002BB2DCA8E7B4FA84F040099E
S214034720A5E70120A3E75328F8B50C4615D009D80A
S214034730232800F0EA80512800F0C880BDE8F8403E
S214034740FFF739BF5628F9D191F82030DA075CBF56
S21403475023F0100381F82030F0E7EAF711F8054656
S21403476000220221F2F7ECFDAB680646D80735D4E3
S21403477094F82330013384F8233094F82630013339
S21403478084F82630002601212046FFF767FF0746F8
S214034790C0B194F82030D80740F1818094F82130D6
S2140347A059077CD404F12C0003F06EFA012894BF59
S2140347B000230123580094F82210E9F70BFF204644
S2140347C0FFF716FF2846EAF719F8032E69D128469D
S2140347D003F0F3FA2B7B84F8273064E0002394F885
S2140347E0212084F8233042F0100384F821303178F6
S2140347F094F82030C1F38001C3F38000814218D0BF
S21403480083F0040343F0100184F8201042F05002B2
S214034810090784F821200CD523F0080343F010037E
S21403482004F12C0084F8203003F046FA3320F3F723
S2140348306DF9327894F82030C2F3C001C3F3400315
S214034840994228D194F82130D2064CBF43F0040392
S21403485003F0FB0384F821307378B3B994F820305F
S21403486083F0020384F82030327897078AD0727870
S2140348709AB143F0200384F8203094F821300326BD
S21403488043F0200384F821307DE72846E9F74AFE03
S2140348900028E3D176E7012675E7022673E70220B0
S2140348A089E7002E96D194F82130DA070AD494F8D3
S2140348B0202043F00103D60748BF6A6884F82130F6
S2140348C048BF2260002F3FF439AFF8BD91F820307F
S2140348D0084623F0300381F8203091F8213043F066
S2140348E0020381F82130FFF76EFE03F04EFB002132
S2140348F02046FFF7B3FE00283FF420AF94F82210BB
S2140349000120BDE8F840E9F77BBE91F82030DD06CC
S214034910DBD518070BD46568EAF72EF92D1AB5F51B
S2140349207A7FD2DB2046BDE8F840FFF761BE91F8F8
S21403493021301907EFD504F12C0003F0A5F901285F
S214034940E9D9C2E75720F3F72DB9F3F707BC0A28CE
S21403495002D80130C0B27047242801D80230F9E7E4
S214034960252805D0262805D0272818BFFF207047FE
S214034970002070470C20704708B5F3F7F5FB20B10D
S214034980BDE808402020EAF7E9BA08BD70478B69FE
S214034990184700230370704700207047704770471E
S2140349A070474FF0000070470020704700207047A4
S2140349B070470020704700207047704700207047FC
S2140349C00020704700207047002070470020704783
S2140349D00020704700207047002070474FF0FF30DC
S2140349E0704770477047002070477047704770479E
S2140349F07047704770477047F6F77EBCF6F790BC73
S214034A0006F036B8DDF798BDE9F7DABC704708B5A7
S214034A10E9F73CFD18B1BDE80840EAF7ABBA08BDB4
S214034A202DE9F8430E6A05460C461EB106600020C3
S214034A30BDE8F883088B4B8B1844E9F78BFC28609A
S214034A4090B32046E9F7DAFED5F800800A2198F8F5
S214034A500670404606F0ACFC0C37A37B08EB070950
S214034A6089F80730637B314689F80630628B238BDF
S214034A7020461344A9F80830237B4FF6FF7289F8C3
S214034A800530636848F807302B68E9F7E9FE238B9F
S214034A90628B1344984201D12660C8E72B681BB18A
S214034AA0284606F0AEFC2E601920C1E71120704799
S214034AB000207047F3F752BB704737B50C460546E0
S214034AC00DF1060101A8EAF73FFB43F6FF739C428C
S214034AD00DD047F6FF739C4209D0BDF904309C42C3
S214034AE0B8BF1C46BDF906309C42A8BF1C46AC8125
S214034AF003B030BD704783790C33C218C35C90781B
S214034B003E2B06D10D2808D0022814BF0020012012
S214034B107047FF2B03D10D28F7E7012070470020CD
S214034B2070477047002818BF112070470020704751
S214034B300020704700207047002070470C20704705
S214034B4070477047704711207047002070477047C2
S214034B507047704770477047704770477047704795
S214034B60704710B5EDF7BAF983790C33C418EDF72F
S214034B70BBF9E2780023BDE81040002A18BF1122D3
S214034B804FF62F4100F02ABE70477047704700204B
S214034B9070470020704708B5FFF7ADFF18B1BDE8B2
S214034BA00840EAF715BC08BD08B506F052FD28B163
S214034BB0437923F00B0343710023C38008BDEAF750
S214034BC079BC00238371931CC371017342737047CE
S214034BD007B5437901909B070AD5FFF7D8FF28B995
S214034BE001A8EAF721FD03B05DF804FB0220FAE70B
S214034BF0FFF7CFFFF3E700207047704700207047AA
S214034C00704710B5044602230C224FF6104100F0FD
S214034C104BF8A37901200C331C440023E371A071E5
S214034C2010BD7047437923F0030343F00303437136
S214034C30EAF77EBE10B5044683790233837143795F
S214034C4023F0030343F001034371FFF7EAFF204613
S214034C50BDE81040EAF76CBEEAF760BC38B5C27927
S214034C6083790D3A03F10C05D21A0544D2B20446F1
S214034C70023205F10B0105F10800FFF71AFB6B780A
S214034C80033B6B700F23AB70E379033BE37138BDD3
S214034C900020704700F10C03CB1ADBB283718A78CD
S214034CA003321344C371704770B5044615461A1D84
S214034CB00E46D2B20E21FFF784FFA3790C33E01819
S214034CC00123A0F803608370457170BD2DE9F0479A
S214034CD0C67983790446F61A8846F6B212B1964226
S214034CE0A8BF1646EDF7FAF84FF0000905466279B5
S214034CF04379F7B262F300034371637949466FF36E
S214034D000003637180F80690C771204606F04DFCD9
S214034D10A879A1790C300C31324621442844FFF798
S214034D2043FBE379A2799B1ADBB2B34221D001207D
S214034D3006F08FFCA379064640B9E118072203461E
S214034D4089892046BDE8F047FFF7AEBF3B44DBB298
S214034D50A3718371E279C27103F10C00D21A211890
S214034D60D2B23044FFF720FB23683360C4F80090C8
S214034D702E604046EDF7E2F8EDF7B6F805464279C1
S214034D80637962F30003637143796279C3F3400383
S214034D9063F3410262714379D2B2C3F3C00363F390
S214034DA0C30262718379A371C27903F10C00E271C5
S214034DB0D21A2918D2B22044FFF7F6FA2B682360DA
S214034DC000232B60BDE8F08710B5EDF787F88379ED
S214034DD00C33C418EDF788F8E2780023BDE81040DA
S214034DE0002A18BF11224FF62C4100F0F7BC70477B
S214034DF0002070477047F3F703BB38B504460D46EB
S214034E0001234FF6134100F0E9FCA3791C44A57473
S214034E1038BD13B5837904460C3303441979DA781D
S214034E2001A842EA0122ADF804205A799B790DF1D4
S214034E30060142EA0323ADF8063001F067FA03469B
S214034E4038B902464FF61441204600F0C7FC02B0BC
S214034E5010BD00231F22F5E770B5847905460C3490
S214034E600444B4F90930B4F90720B4F90510B4F9C9
S214034E70030001F0A4FA034638B902462846BDE803
S214034E8070404FF61B4100F0A9BC00231F22F5E734
S214034E9008B5FEF7A1FAD0F745F808BD0E2343730D
S214034EA00C238373437923F0030343F00303437113
S214034EB040F60173C3800123C3731C2303742023AA
S214034EC04374002383744FF0FF33C0F81330C0F8E5
S214034ED01730704738B50E2343730C238373437917
S214034EE0002523F0030343F00303437140F60173E5
S214034EF0C3800123C3732F23037420238574437451
S214034F000446E9F709FBA84244F290236FF0040233
S214034F1008BF4FF40563E2742575A4F81530E275EF
S214034F202576A4F8193038BD012070470846896BEA
S214034F30F0F720BB002818BF1120704700207047E9
S214034F4010B5044609B1012010BD406C80B9A06CB1
S214034F5098B9B4F850309B07F5D12046F0F792F88D
S214034F60FFF732FD0028EFD0C079C0F34010EBE71F
S214034F70FFF7E2FD0028EAD0E5E7FFF7DFFF0028AA
S214034F80E7D0E0E710B50446FFF7DAFF002814BFC2
S214034F9018200020B4F85030990658BF40F001009E
S214034FA05A0648BF40F040005B0748BF40F0020087
S214034FB010BD38B50C4600210546FFF7C1FFD0B932
S214034FC0E00615D504F0180095F87430012B11D1BE
S214034FD02B6AB5F85020190444BF02F04001084379
S214034FE012F0230F06D15B0448BF40F0010001E036
S214034FF004F05B0038BD1820E6E7112070477047C1
S21403500000207047704784B001A880E80E0004B003
S21403501070471120704711207047112070470020F9
S2140350207047002070471120704711207047704763
S214035030704700207047026A42F400620262EFF78C
S21403504075BE37B50446806C0D4698B1D4F88830E3
S214035050009304F17C030ECBFFF7D5FFA269294624
S214035060003A18BF0122A06CFFF7C7FF0546284683
S21403507003B030BD606C30B1FFF760FD05462046D7
S214035080FFF7D9FFF3E70C25F1E7F8B51F46B0F8AD
S214035090503004469B060D46164628D4436C83B10F
S2140350A0606CFFF745FD98B93B4632462946606C6F
S2140350B0FFF746FD606C94F88410FFF742FD00206E
S2140350C0F8BDFFF737FD60640028E9D10720F7E74E
S2140350D0606CFFF72DFD002201462046F0F7FAFA32
S2140350E040F2712169438842DED94520E8E7122061
S2140350F0E6E700B1406C704700B14164704700B109
S214035100806C704700B1816470472DE9F04705460F
S2140351100F46114691469A46FFF734FF95F884608A
S2140351208046042E04D195F88E30032B18BF032631
S21403513095F87440042C04D195F86930032B18BFF6
S214035140032441462846FFF734FF0021ECF74EFDC3
S214035150C11C204603F039F84FF4FA737C1E5C43F7
S214035160A5F8520018F0100F80B207FB00440BD0CE
S214035170B5F8503004F5487703F00303012B06D047
S214035180022B1BD083B13C462046BDE8F087242182
S214035190304603F01AF810210546304603F015F89A
S2140351A004F58A672F440744484606F082F93146D9
S2140351B00246404600F07AF93C18E5E70E213046F1
S2140351C003F003F80546504606F073F931460246E7
S2140351D0404600F06BF904F58A642C440444D3E794
S2140351E0032810B50C460DD004D8012810D0022889
S2140351F013D010BD552818D05628FAD10B7D23F0AE
S21403520008030B752046BDE810400021ECF736B9BD
S2140352100846BDE81040ECF74DBBEFF781FD84422E
S214035220E7D1BDE81040E9F7EBBB0846BDE8104000
S214035230ECF71EBB51280B4603D101211846ECF7A9
S2140352401DB9FFF7CDBF512802D10846ECF710BBB6
S214035250FFF7C6BF532810B50C4617D008D8322818
S21403526014D051280CD02146BDE81040FFF7B8BF34
S2140352705528F8D12046BDE810400121ECF7FEB8CA
S2140352800120BDE81040497DE9F7BAB92046ECF79E
S2140352907BFB10B1E9F7B4FBECE710BD70B5044631
S2140352A008F00CFF002106462046F0F71DF80546D9
S2140352B028B90024304608F0FCFE204670BD406C3A
S2140352C030B9A86C0028F4D0FFF738FE0446F1E79F
S2140352D0FFF732FC04460028ECD1F2E708B500F0ED
S2140352E01DFCBDE808404FF480500021F2F740BD96
S2140352F083790C33C218937813F03F0004D0D37825
S214035300194214BF01200020704773B54FF440754F
S2140353108DF807108179C580002507260C31455284
S214035320455C441866F30305455402F001019207F1
S214035330A27848BF41F0020161F38712A2709DF87C
S214035340072002B92BB101220DF1070106F03CF844
S2140353500123A27863F30502A27002B070BD70B594
S2140353600D4602210446FFF7C3FF00B3A07900F100
S2140353700C02A35CA1186FF3C713A354E379D5F803
S21403538062601B1AD8B20E5051FA83F3B5F8661052
S214035390204699802B6A062113F00C0F1EBFA35CD0
S2140353A043F08003A354BDE8704006F001B870BD17
S2140353B038B50D4604210446FFF79AFF30B1204660
S2140353C0A91D0122BDE8384005F0FEBF38BDF7B57C
S2140353D004460F4616461D460DF10701013301220A
S2140353E08DF8073006F00FFA0DF10701012220466B
S2140353F08DF8077006F007FA2A463146204603B0B2
S214035400BDE8F04006F0FFB937B50D460421044663
S214035410FFF76EFF78B140F2FF23ADF800300023AC
S2140354208DF80230AB886A46ADF80330FF210523BA
S2140354302046FFF7CCFF03B030BD38B50D46082134
S2140354400446FFF755FF38B1204605F18C010222CA
S214035450BDE8384005F0B8BF38BD2021FFF748BF88
S21403546037B50C4640210546FFF742FF50B10A23E5
S21403547094FBF3F4012228460DF107018DF807404B
S21403548005F0A2FF03B030BD10B58479C37904F1EB
S2140354900C021B1B02390244D8B251FA83F3537031
S2140354A09378033860F30503937010BD70B5054613
S2140354B00E4600F06B0000211446ECF797FB54FAF7
S2140354C080F4FF2C05D821463046BDE8704002F034
S2140354D07CBEFF21304602F078FE05F04005FC3D19
S2140354E000F5487061190446FF2904EB000304D84D
S2140354F0304602F06AFE204470BD1C462944F3E79A
S21403550008B50231C0B202F060FE00F5FA7008BDBD
S214035510F0B50546DDE905460020E07112F01000FF
S21403552001D1A071F0BD0122A2718A785009C5404D
S214035530ED0725D54D7802F01F0245EA02250A78C5
S21403554091F9001025270029B4BF4FF496711E2148
S214035550694302F03F05B5FBF7FCB1F5FA7F0B4450
S2140355602CBF0121022107FB1C55013025716071F8
S214035570E171236026B112F0400318BF0523337090
S2140355800320CFE737B50246136A084603F0020442
S21403559003F48055DB0705D47CB902F064FC20468F
S2140355A003B030BD4CB9B5FA85F4D2F85B10640984
S2140355B00160B2F85F208280F1E7019092F95A30D9
S2140355C0B5FA85F4009300231A4619461846FEF7E3
S2140355D0E0FF6409E3E770B50E4601210446FFF7D2
S2140355E087FEA0B1A279E37902F10C059B1A611933
S2140355F051FA83F13046FFF7C5FF635D062160F37A
S214035600861363552046BDE8704005F0D1BE70BDD5
S2140356102DE9F04F064685B015469DF838208B4693
S21403562003929A469DF83C4006F007F8032196F845
S2140356300680039A08F10C0806EB080707F103092E
S214035640F970381D82B9BCB902F00DFC07F10A03E4
S214035650BBF1000F15D1ADB9DAF80020C7F80A2060
S214035660BAF804209A801AE034B9109B33B11B6849
S2140356707B60109B9B8883800124E7E702F003FC92
S214035680FAE775B30393FEF774FF039B0021CDE996
S2140356900003012308461A46FEF77BFF012507F1A0
S2140356A01001A1EB090101F03F021146531C7B7068
S2140356B016F80830A40103F00F0344EAC5141C438C
S2140356C006F808403046BA70033105F071FE08222A
S2140356D016F8083062F3030306F8083005B0BDE891
S2140356E0F08F0125B8E7CB08C25C012301F0070160
S2140356F08B401A4214BF0120002070477047704742
S2140357007047024619460020E9F7C6BD00207047D9
S2140357100020704770471120704700210246084654
S214035720ECF7D0BA07B500214FF0FF336A460846B8
S21403573000938DF80430ECF7C5FA03B05DF804FB6C
S21403574038B50546006805F0A8FD0446287900F03C
S2140357501F0005F0A2FD2044C0B2012894BF00201C
S214035760012038BD0C2070470C2070470C20704772
S2140357700C20704708B501F04BFD08BD00207047AC
S2140357800020704770477047112070477047704776
S21403579008B501F08CFD08BD7047002070477047C0
S2140357A0002818BF11207047072070470C20704749
S2140357B04220704742207047002070477047002001
S2140357C070474220704707207047422070470020EA
S2140357D070470020704700207047704710B5DC1DE7
S2140357E0043383734379C47123F0030343F0030341
S2140357F00E244371012344738371C373018282743D
S21403580010BDD31CC371FF2343734379827323F004
S214035810030343F0030343710123C173837170478A
S214035820D31CC3713E2343734379827323F003036C
S21403583043F0030343710123C173837170470F233E
S2140358404373042383734379A0F8111023F00303EF
S21403585043F00303437140F20173C3800123C27311
S21403586003747047D31CC3714379417323F0030356
S21403587043F003034371012382738371704708B5B2
S2140358800023FFF7ABFFBDE80840ECF7B9BA2DE9F4
S214035890F84380460220894617461E4605F0D9FE81
S2140358A0D0B10C2343730823837340F60133457941
S2140358B0C38025F003059DF8203045F003054571A8
S2140358C0A0F8108080F81290A0F81370A0F8156066
S2140358D0C373ECF795FA0120BDE8F88308B50220F8
S2140358E005F0B7FE30B101221121FFF799FFECF75F
S2140358F087FA012008BDF8B504460F46164613215D
S2140359001D460922FFF78CFF83790C331C44A170D4
S214035910E77026712B68C4F80530AB88A4F8093005
S214035920BDE8F840ECF76CBA70B5054602200E46A3
S21403593005F08FFE0446B0B12846F0F73FF901F0B4
S214035940D3FB142100F001000422A0602046FFF7D9
S21403595067FFA3790C3323449970A3F803505E7151
S214035960ECF74EFA012070BD08B5FFF763F908BDE2
S2140359702DE9F041074602200D4690461E4605F0E7
S21403598068FE0446E0B109222121FFF749FF0A22F7
S21403599083790C331C44BDF9183084F8038093FBD9
S2140359A0F2F323729DF81C30A7806372BDF9203092
S2140359B0A67193FBF2F3E571A372ECF721FA0120CB
S2140359C0BDE8F081ECF762BE0C20704737B504469D
S2140359D005F06FFDFF22A379C0B20C33E518E2543D
S2140359E0831E6B700D23AB70AB791C38012BE876E6
S2140359F08DF8073009D10023E91D1A460DF107007B
S214035A00FEF7BCFD9DF80730AB712046ECF7F8F9BE
S214035A1003B030BDECF75CBFECF75ABF08B5EFF741
S214035A2013FB08B13A2008BDEDF718FE0028F9D19C
S214035A30EDF76AFB08B90020F5E7EDF71BFE002833
S214035A40F9D0EFE710B5ECF74FFA0446012300222E
S214035A5042F20F01FFF7C2FEA3790C331C44F2F7A0
S214035A607BFDA07110BD10B5FFF7D8FF044608B93B
S214035A70F2F7D4FDECF738FA2246BDE810400023CF
S214035A8042F21001FFF7AABE70B5ECF727FA0446F8
S214035A908679FFF7C3FF054640B90C363444E078F1
S214035AA0211DF2F75FFD002808BF0725ECF71CFA57
S214035AB02A46BDE87040002342F21101FFF78EBE6E
S214035AC070B5ECF70BFA04468679FFF7A7FF054691
S214035AD040B90C363444E078211DF2F779FD0028EE
S214035AE008BF1225ECF700FA2A46BDE870400023EB
S214035AF042F21201FFF772BE08B58388C2889A4243
S214035B0001D3052B01D8122008BDC07801F00EF989
S214035B10ECF7E4FE0028F6D00020F5E7704710B552
S214035B20ECF7DCF9837900210C33C418E078EFF73F
S214035B30DBFB68B1211D01F0E0F80446ECF7D4F96D
S214035B40E2B20023BDE8104042F23501FFF746BE3D
S214035B5041F24204F2E710B5EFF7F0FB0446ECF728
S214035B60C3F9E2B20023BDE8104042F23D01FFF75D
S214035B7035BE10B5ECF7B2F9837900211844C07B23
S214035B80EFF7B2FBEFF76AFB0446ECF7ADF9E2B2C8
S214035B900023BDE8104042F23C01FFF71FBE2DE98B
S214035BA0F041ECF79BF9837900250C33C418E678AB
S214035BB0ECF794F90768ECF791F9A6F1FE0359425E
S214035BC0594105603046EFF78FFB3B46294622795D
S214035BD000F0E6FF0446ECF787F92B46E2B242F202
S214035BE03701BDE8F041FFF7F9BD2DE9F041ECF7C9
S214035BF075F9837900250C33C418E678ECF76EF94B
S214035C000768ECF76BF9A6F1FE03594259410560A4
S214035C103046EFF769FB3B462279012100F0C0FFCF
S214035C200446ECF761F92B46E2B242F23801BDE8CE
S214035C30F041FFF7D3BD2DE9F047ECF74FF9837931
S214035C400C33C418277994F8038027B9B8F1010FE9
S214035C5027D0EFF7EBFA00260534BE420ADB002511
S214035C60ECF742F9EAB20023BDE8F04742F2390105
S214035C70FFF7B4BD2078B4F80150A0F1FE035942F3
S214035C80594194F803900434EFF72EFB60B12A468B
S214035C904B464146EFF702FA05460028E0D10136A7
S214035CA0DBE741F21205DBE741F24205D8E710B520
S214035CB0ECF714F9837900210C33C418E078EFF776
S214035CC013FB616801F045F80446ECF70DF9E2B200
S214035CD00023BDE810404FF61941FFF77FBD10B50E
S214035CE0ECF7FCF8837900210C33C418E078EFF75F
S214035CF0FBFA616801F046F80446ECF7F5F8E2B201
S214035D000023BDE810404FF61A41FFF767BD2DE9A3
S214035D10F04186B0ECF7E2F842F23E038679054698
S214035D200C36875B84199F420ED1ECF7D7F8052112
S214035D3005F03EFBA3780533A3706FF07903AB55EC
S214035D40202363700023A3720021E078EFF7CCFAD8
S214035D500646002858D02046FFF7CEFE054630B943
S214035D603046FFF7C6F9FEF7E7FE70B10C2542F2A0
S214035D703E039F424AD1ECF7B7F800232A4639463A
S214035D8006B0BDE8F041FFF729BD3046FFF7B7F987
S214035D90FFF7D4F805460028E8D194F80A80304681
S214035DA0B8F1000F13D1FFF7AAF940B13046FFF759
S214035DB0A6F9FFF73CF941463046FFF7A3F930460C
S214035DC02389E288A188FFF760F90546CFE7FFF746
S214035DD090F940B13046FFF78CF9FEF7B6FE294638
S214035DE03046FFF789F9A57B2389E288A188E07806
S214035DF00495657B0395257B0295E57A0195A57A3F
S214035E000095FFF706F9E0E74225B0E7ECF76CF8F4
S214035E10064601232A463946FFF7E0FCB3791E44BB
S214035E20E378B37406B0BDE8F08170B5ECF756F8C6
S214035E30837900210C33C4182079EFF755FA054609
S214035E40C8B1E3789B0718D4207900F06FFFECF70E
S214035E5045FDA0B1E178284601F00101FFF7F1F80E
S214035E600446ECF741F82246BDE8704000234FF4A1
S214035E700151FFF7B3BC4224F3E71124F1E70C24E6
S214035E80EFE770B5ECF72AF8837900250C33C418CE
S214035E90ECF724F80668ECF721F829460560E07865
S214035EA0EFF722FA33462279022100F079FE044600
S214035EB0ECF71AF82B46E2B242F23F01BDE8704017
S214035EC0FFF78CBC70B588B0ECF708F8837900212F
S214035ED00C33C418E078EFF707FA0646002837D0E5
S214035EE02046FFF709FE054630B93046FFF701F9AD
S214035EF0FEF722FE78B10C25EBF7F6FF06460223E3
S214035F002A464FF60941FFF769FCB3791E44E37846
S214035F10738208B070BD3046FFF7F1F8FFF70EF84E
S214035F200028E8D0257C2389E288A188E0780695B6
S214035F30E57B0595A57B0495657B0395257B0295F7
S214035F40E57A0195A57A0095FFF767F80546D3E746
S214035F504225D1E7FE282DE9F843064689469046B2
S214035F601F4616D0022005F074FB044690B10622A5
S214035F701221FFF755FC1223A57920460C3525443C
S214035F80AB7085F803902E71A5F80580EF71EBF7DB
S214035F9037FF0120BDE8F88310B5EBF79FFF837941
S214035FA01844C07BFEF7C6FF0446EBF79DFF224668
S214035FB0BDE8104000234FF62E41FFF70FBC70B527
S214035FC0EBF78CFF0023847906680C3403600444E3
S214035FD0E078FFF72EF8054628B932462179E078AF
S214035FE0FFF721F80546EBF77FFF06462A4601230F
S214035FF042F28201FFF7F2FBB379E278334430468C
S214036000BDE870409A74EBF7FBBEF7B5EBF766FF97
S2140360100023857906680C3503600544E878AF7974
S214036020FFF707F8044670B93846FFF702F8044648
S21403603048B9EB79AA79A988E87801962C7A00946E
S214036040FEF7E9FF0446EBF74FFF002322464FF621
S2140360500A4103B0BDE8F040FFF7C0BB30B585B0DA
S214036060EBF73CFF83790C33C418E378272B24D84B
S214036070207901F040FF18B3F0F7E2FF054688B930
S2140360802079E57802F0C9F8014604F10A00E379BD
S214036090A2790290607A0190207A0090284601F057
S2140360A0ADFD0546EBF720FF002342F24F01EAB2AF
S2140360B005B0BDE83040FFF791BB41F21205F1E7AA
S2140360C041F21105EEE738B5F1F79EF80546EBF712
S2140360D00BFF04460223002242F21F01FFF77EFB5A
S2140360E0A3791C44658238BDF8B507460E461446A8
S2140360F01D46F1F707FF87B13CB936EA00000AD11F
S214036100002E14BF00201120F8BDB54203D135EA96
S214036110000300D115B91120F6E724B135EA0000D3
S214036120F9D1002DEDE72046EEE700F0CABA2DE9D7
S214036130F047EBF7D3FE83790C33C618F0F76EF807
S2140361400446F1F7DFFEF778804607F0010917F0FB
S21403615002070CBF012200227379317989F001000E
S214036160FFF7C2FF0546C8B92378B9F1000F0BD174
S214036170327902F00F0262F307132370DBB207B91A
S214036180727962F3030308E008F00F0060F3071365
S2140361902370DBB267B160F303032370EBF7A4FE4F
S2140361A02A46BDE8F047002342F23101FFF716BB4B
S2140361B0727902F00F0262F3030362F30713ECE74C
S2140361C02DE9F041EBF78AFE83790C33C418B4F853
S2140361D00300EFF7F3FC0646002840D06779E3791F
S2140361E007F0010817F002070CBF01220022A1796D
S2140361F088F00100FFF778FF0546E0B9304601F066
S2140362002BFA0246B8F1000F1ED1A179037801F0EC
S2140362100F0161F307130370DBB207B9E17961F38A
S214036220030313705378217A304661F303035370E4
S214036230ECF790FD0546EBF757FE2A46BDE8F0411E
S21403624042F23201FFF7FBBA002FEBD1E179037874
S21403625001F00F0161F3030361F30713E1E702257E
S214036260E9E70120704701207047704737B5EBF721
S21403627035FE83791844002300F10F048DF80730A8
S214036280EBF732FE05460DF107012046FFF7EBFF5D
S214036290AB799DF807102B440246997428460123D0
S2140362A04FF63241FFF79AFA03B030BD10B5EBF75D
S2140362B015FE83791844C07BFFF7D3FF0446EBF73C
S2140362C013FE2246BDE8104000234FF63441FFF785
S2140362D085BA38B50446FFF719FA054658B9C820F3
S2140362E0E8F74CFFC82202212846E8F7D5FF844288
S2140362F0A8BF044624B22046E8F740FFFFF706FA95
S214036300BDE83840C8220221E8F7C6BFB0F900202E
S214036310B1F900302DE9F3479A4204460D464CDCAA
S21403632007F0CCFE8046EFF79FFE002842D1E8F741
S214036330C7FF8246FFF7EAF9C8220221E8F7ACFF57
S2140363400DF10601814601A8E8F7FEFE47F6FF7346
S214036350B5F900209A4204BFBDF806202A80B4F996
S21403636000209A4204BFBDF804302380B5F900002C
S214036370FFF7AFFFB4F9003007468342C8BF20805B
S214036380B4F90000E8F748FFFFF7F8F9064660B1EE
S2140363905046E8F741FF4846E8F7F0FE404607F068
S2140363A088FE304602B0BDE8F087E8F789FF208014
S2140363B02F80F3E741F20C06F0E72126F1E708B554
S2140363C0E8F7F6FE002008BD30B190FAA0F00123EE
S2140363D0B0FA80F08340D8B2704770B5064600F036
S2140363E089FE80F0400402060546C4F3801406D4F2
S2140363F00821304601F039FB08B144F00204EB05EE
S21403640006D40B21304601F030FB08B144F00404F7
S214036410204670BD4B1E032B10B50C4602D9002335
S214036420184610BD0329FAD0FFF7D7FF04EA000386
S2140364308443F4D1F4E72DE9F74304468846174628
S214036440019300F057FEC0F34015204601F004F90F
S21403645021468146284600F03EFE064607B3204600
S214036460EFF7C0FB8046204601F0F9F83A460146AE
S214036470019B1FFA88F0ECF79BFB2146284602F0A7
S214036480CFFE2021204600F03BFE56E8003F43F4B3
S214036490805346E80032002AF7D103B0BDE8F08304
S2140364A001A804F0AEFF99F80110404601F00F0171
S2140364B001F006FC062818BF01462A4608BF00213D
S2140364C0204601F047F8D8E7032970B506460D467F
S2140364D014460CD0042919D0012915D1222100F025
S2140364E04EFE2846314602F0CBFE002070BD1368F0
S2140364F012791B680021FFF79EFF002223683146AE
S21403650001201A6002F0BCFE0120EFE713680C229C
S2140365101B68EFE7012910B504460CD100F0EAFD2D
S2140365202146C0F3401000F0D6FD0023817C1A46B6
S2140365302046FFF780FF012010BD2DE9F7430F46E5
S214036540054600F0D7FD00F02009C0F340182846A2
S21403655001F082F8BB790C333B445E789B781E408F
S2140365600378C3F3030000EA13103040FFF72CFF51
S214036570044648B9B9F1000F06D12846FFF72DFFA8
S2140365803040FFF721FF0446284601F068F8F0F78D
S21403659087FEA04223D01CB30221284600F0F2FD5A
S2140365A000210646284600F0B6FE1821384602F0BB
S2140365B0ACFD3846F2F744FAB6B2394644708470F6
S2140365C0A0F80360284602F09EFD2346224629468D
S2140365D040460096ECF740FB03B0BDE8F08300248A
S2140365E02646E2E770B504460D4602F079FE28B962
S2140365F029462046BDE87040FFF79FBF402829463E
S2140366002046BDE870404FF0160314BF2A2223220B
S214036610F2F728BA38B505460C4600F06BFD83063C
S21403662004D42046BDE83840FCF7D6BE21462846AB
S214036630BDE83840FFF781BF2DE9F3418C79064664
S2140366400C340C440D4600F055FDA1780746304641
S214036650FFF7E0FE617880463046FFF7DBFEB4F8CE
S214036660032003460092C7F3401042463146ECF738
S214036670F3FA284602B0BDE8F041FCF7ADBE08B514
S2140366808B790B441B7B162B03D0172B05D00020CE
S21403669008BDFFF7A7FF0120FAE7FFF7BBFFFAE7FE
S2140366A008B58B790B441B7B162B03D0182B05D010
S2140366B0002008BDECF76CFB0120FAE7FFF7BCFFF0
S2140366C0FAE77047830705D410F0040F14BF0320BE
S2140366D00120704702207047022805D0032805D002
S2140366E0012806D1F0F770BEF0F75EBE0020EDF786
S2140366F073B8704710B1012803D070470120EDF737
S2140367006BB80020FBE7F7B51F468B1E012B05462B
S2140367100C46164613D8FDF72CFF0023CDE90005DB
S214036720F01A18BF01201A463946FDF732FF80B12A
S214036730022C0BD1284601F096FB002004E000292A
S214036740F8D0012902D0FF2003B0F0BD284601F09F
S2140367509AFB0120F8E770B50D4600219DF81060FE
S2140367600446817106F10C014173111E18BF012105
S21403677003F00F00237B40EAC11003F040031843E5
S21403678020732B469DF8141004F10E00FFF7BBFF91
S214036790237B0E3660F3861323732B686361AB8803
S2140367A02383A3793344E37170BD022810B50C46E6
S2140367B008D003280ED0012811D1BDE810400846A2
S2140367C0EDF770BAEEF7ACFA844208D1BDE8104094
S2140367D0E8F716B90846BDE81040EDF759BB10BDFB
S2140367E0002337B505460C4601A841210193E8F777
S2140367F0FFFA019830B1ECF755FE072805D001A83B
S21403680004F0FFFD002003B030BD2A462046019960
S214036810EDF71EFCF7E7532810B50C4608D1032006
S214036820FFF7DEFF40B92046BDE81040EDF730BB6A
S214036830BDE81040EDF7CCBF10BD512838B504466F
S2140368400D460ED0532810D055384FF0010118BF0F
S2140368500120ECF739FD29462046BDE83840EDF720
S214036860B7BFBDE83840F0F73FBE0420FFF7B8FFD8
S21403687010B92846EDF70CFBBDE838400121084661
S214036880ECF722BDC0F3845303EB830300EB8300D2
S21403689080B27047F8B500231360047D0546806810
S2140368A0FFF7F0FF14F00807034602D00B446B60B3
S2140368B004E06E68701AB0EB030C01D40120F8BD37
S2140368C014F0010009D1D5E90374E41B14EB0C0F93
S2140368D0F5D40B449E1B1660E9E73846EFE710B580
S2140368E00446EEF741F86168E069EEF7D7F8BDE8CD
S2140368F0104001F0FCBA38B50C46C94301F001015B
S2140369000546EEF70BF9A30702D4E869EEF7F0F8AD
S214036910BDE8384001F0EBBA10B50446EEF7FEF8D2
S2140369202046EEF721F8BDE8104001F0E0BA007DFE
S21403693000F0010070470120704708B5FCF738FDEA
S2140369400020FCF795FC0C20FCF792FCBDE8084001
S214036950FCF7B0BC10B5202200210446FDF705FB6A
S21403696048F20403A36010BD01F0A5BAFFF7CEBC3E
S214036970431E032B06D8DFE803F0020402040320B9
S214036980704704207047FFF7C9B8EEF757BE2DE9E6
S214036990F04F85B016461D4682699DF86030044662
S2140369A09DF83870DDF840809DF848B09DF850900B
S2140369B09DF858A001910293002A40F0EE8005F05E
S2140369C01C021C2A04BF06260196E80600F19C80DA
S2140369D005F00302032A08BF05F0FD0505F0F705D9
S2140369E005F01402142A40F09380A90600F19E8055
S2140369F0BDF94C109DF86400A4F85410FFF7B8FFD7
S214036A0019F0020F84F8690040F0938019F0040F20
S214036A1000F0918000F0FD00012814BF0323042337
S214036A2084F874309DF868000393FFF7A1FF1AF00B
S214036A30020F039B84F88E007FD11AF0040F7ED0DA
S214036A4000F0FD00012814BF0322042284F88420EA
S214036A5000200A461946E8F71FFC014604F16C00BD
S214036A60FEF72BF847F6FF7104F17C00FEF725F8D6
S214036A7094F88410606CFEF764F8FF22236A84F8A7
S214036A805A20029A23F09F03236212B143F01003A5
S214036A90236205F01803182B02BF236A43F0800312
S214036AA02362236A6A0723F0600323620CD41BF075
S214036AB0010F1CBF43F020032362236A1BF0020F5F
S214036AC01CBF43F040032362236AA4F8505023F00C
S214036AD00703236204F16202B8F1000F31D0D8F83D
S214036AE00010C4F86210B8F8041091809DF83C209A
S214036AF0012A02D143F004032362012F26D1236A1D
S214036B0043F0010323622EE04FF0010AD14667E704
S214036B1000222046A16AEEF7DDFD40F271227243A1
S214036B2090427FF662AF41F2450033E005F0FC0584
S214036B305EE7022374E7012372E7022286E7012257
S214036B4084E7C4F86280A2F80480D6E7032F07D14F
S214036B50236A43F001032362236A43F00203D1E767
S214036B60023F012FF8D9FDF7F0FE9DF85C30C0F325
S214036B700B0040EA0330019BA4F88C00A4F84C30C9
S214036B809DF844302046A4F84E6084F8583000F050
S214036B9080F9002005B0BDE8F08F41F20C00F9E75C
S214036BA02DE9F341884617460446019338B901A8F0
S214036BB004F027FC41F2420002B0BDE8F08101294F
S214036BC022D0022911D091B98369D3B900F12805DF
S214036BD04FF40076B4F85030D9061FD55A0728D597
S214036BE001A804F00EFC0020E6E7406C28B901A8D3
S214036BF004F007FC41F20C00DEE71946FDF7A3FF9D
S214036C00DAE700F13005E3E7836923B900F12C05E1
S214036C104FF48066DEE700F13405F9E79B0708D5F5
S214036C20B8F1000F05D101A804F0EBFB41F2120006
S214036C30C2E7236AF80723EA0603236202D5284637
S214036C4004F0DFFB019921B1284604F03DFC002344
S214036C500193286804F02DFCB4F85030D90605D506
S214036C601F2801DC032F18D02846DDE740F27262A6
S214036C70904205DD284604F0C4FB41F207009BE77B
S214036C80B8F1000F09D1BF2807DD9A0705D02846BB
S214036C9004F0B7FB41F245008EE72046D4E90C1218
S214036CA0EEF718FDA36983B140F27122B4F84C30B5
S214036CB05343984209D9B4F84E308342E7D300F5DC
S214036CC01C70B0FBF2F0A4F84C0007F0F7F9A369C8
S214036CD0054673B1BB070CD5236A33432362636847
S214036CE0C3F57A76E7F748FFF04202D52046EEF77B
S214036CF01DF8284607F0DDF975E783693BB1B0F860
S214036D005030DB070FD490F85930FE2B0BD0036AB4
S214036D1043F4005303620B68C0F85B308B88A0F81B
S214036D205F300020704741F20C00704738B50446C8
S214036D3007F0C4F9002105462046EEF7D5FA30B130
S214036D40B0F85040284607F0B4F9204638BD04464C
S214036D50F8E7A0B1CB0742BF036A43F4805303624C
S214036D608A0742BF036A43F4804303624B0701D496
S214036D7000207047036A43F400430362F8E741F2D6
S214036D8042007047A0B1CB0742BF036A23F4805387
S214036D9003628A0742BF036A23F4804303624B07F6
S214036DA001D400207047036A23F400430362F8E724
S214036DB041F24200704738B5044608300D46F1F7F5
S214036DC0A9FCEDF7ADFF844202D12220F0F79EFE28
S214036DD085F0010100252046FFF78DFDE06BA561D8
S214036DE010B1EFF7ADF9E56304F14000BDE83840B4
S214036DF004F007BB70B590F859300446FE2B09D152
S214036E005B3001F040F801F037F818B1236A43F419
S214036E100053236242F20103256A2B40012B35D02F
S214036E20AB072CD5C5F3800504F162060022314674
S214036E302846FDF7ABFB002184F85A00FDF7BAFBA2
S214036E40314600222846FDF7A6FBB4F8501018B1C9
S214036E5094F95A00002814DA236A23F00203236203
S214036E60B4F8502002F00302012A08D1314628461E
S214036E70FDF791FB18B1236A43F008032362002051
S214036E8070BD01F00101FDF795FBE9E741F2120041
S214036E90F6E738B5044607F011F9D4E90A120546B1
S214036EA02046EEF717FCB4F84C10B4F84E20E0601A
S214036EB0521A40F2712101FB020303F59C53083377
S214036EC028462361BDE8384007F0F3B8036A10B5D7
S214036ED0044613F4606023D09A0507D504F128000E
S214036EE004F08FFA236BA36200232363236A5B05F4
S214036EF007D504F12C0004F084FA636BE3620023E5
S214036F006363236A204623F460632362FFF7C1FFAB
S214036F100120B4F88C305A1C62F30B03A4F88C30AF
S214036F2010BD036A0B4303624FF08050CDF7C6BF14
S214036F3010B5044619B390F856208AB190F8573026
S214036F400133DBB29A4280F8573009D10121FFF7AB
S214036F5032FF4FF480312046BDE81040FFF7E1BF13
S214036F60236ADA050BD5636A62689B1A002B06DA76
S214036F7001212046FFF71FFF4FF48021EBE7236A2A
S214036F801B0624D4FDF7E1FC1123B0FBF3F394F9BD
S214036F90682003EB0313C01A83B212FA80F010289A
S214036FA088BFC3F110035BB2083A1A4484F868201A
S214036FB040F27121B4F84C2020461A44636801FB62
S214036FC0023301216360BDE81040FFF7A5BC002330
S214036FD0EEE7C94350E8003F0B4040E80032002A82
S214036FE0F8D1704738B505460C46FEF791FB20B13D
S214036FF049F640439C4228BF1C46EA68A2420BD28D
S21403700040F27121B5F87E304B43934238BF1346A6
S214037010A34228BF23461A462A6138BD03469A6A06
S2140370204830920505D5D3F82821B3F84010EAF77F
S2140370309DBE93F87310EAF78FBE002070470120B9
S21403704070470020704770470020704770477047AE
S214037050002070470020704770477047704770479E
S21403706000207047002070477047002070470120BB
S214037070704701207047C82070470020704770474C
S214037080012070477047704790F8892010B5531C4D
S21403709003F00F03072B28BF0023044663F3030202
S2140370A0034480F8892083F8821090F889306F2B88
S2140370B04FEA13129EBF013262F3071380F889303A
S2140370C0FFF7E1FF204694F83011FEF75CFB10BD96
S2140370D070477047704710B101F1B000704701F177
S2140370E0D4007047F8307047806A7047836A0B4352
S2140370F083627047C06A7047C36A0B43C3627047B4
S214037100C36A23EA0103C362704700F59C707047A5
S21403711090F8891008B50F2904D90909823002F0BE
S214037120B6FC08BD7F20FCE770B540F2712606FB6F
S21403713001F345685643826A1D44D20704464560F8
S2140371400ED500F14405294690F84220F1F744FB9A
S214037150334629462046BDE87040012201F03CBF75
S21403716005EB5605456070BDD0F8A40000B970471E
S21403717043799B0701D40068F8E70120704780F83D
S2140371807B10704738B504460D46EEF72BFD80B2EC
S214037190FFF75AFF80B14288022DB4F8400011D0A1
S2140371A0032D0BD0012D06D1A38FA26B1B01B3FBBE
S2140371B0F2F3184480B238BD0122EDE74FF47A4368
S2140371C0A26BF4E7E38F5B00073313FB0200F1E7E0
S2140371D038B5044602F0FEF804F1A40004F011F9F1
S2140371E004F1A80004F00DF904F1AC0004F009F969
S2140371F02046EEF7F7FCC4B22046FDF7DFFB054654
S2140372002046FDF7DDFB01462846FDF7D6FB38BDD5
S214037210B0F8343110B5A0F832310446EEF7E2FC8C
S214037220C0B2FFF728FF94F8303194F8312104F107
S2140372304801FEF766FA014604F59470FDF73DFC37
S214037240B4F93221B4F934319A4209D0A36ADB0483
S21403725006D52046BDE810404FF40041EEF7D8BCF3
S21403726010BD806B7047836A0A4600F14801C3F37A
S2140372704020EAF727BD38B504460D4642B9836A6F
S21403728023F4405309B143F480530020A36238BD6E
S214037290FEF783FA48B1A36A23F440530DB143F4CF
S2140372A08053A36243F40053EFE71120EFE72DE981
S2140372B0FF41836A0446DB0428D5B0F93481B0F96C
S2140372C032710020E7F7FCFF8045CCBF002501257F
S2140372D0FEF71CFAC82294F83011E7F7DDFF0646DE
S2140372E02046EEF77FFCB045B4BF002601260023F8
S2140372F045EA4605CDE90085A8EB07073FB20297A6
S2140373001A4694F8301180B2FEF732FB04B0BDE89B
S214037310F0818A307047F8B504460E4600295AD0E5
S21403732040F27123876B30465F43A7F28A277F08B4
S214037330394600F0DAFC94F89230851FADB29D42D0
S21403734039463046A8BF1D4600F0CFFC94F893207C
S214037350831F9BB29342A8BF1346F21E012AB4F8BA
S2140373608A10B4F88C202BD8B1F5296F44F29020FC
S214037370B8BF4FF429618142A8BF0146B2F5296F11
S214037380B8BF4FF429628242A8BF02461B2DB8BF7E
S2140373901B251B2BB8BF1B23304684F8953084F877
S2140373A09450A4F88E10A4F8902000F09EFC831F3F
S2140373B09BB2AB42A8BF2B46DBB284F89630F8BD2F
S2140373C0B1F5A47FB8BF4FF4A471B2F5A47FB8BFDC
S2140373D04FF4A472DAE71B23EFE72DE9F341876B3B
S2140373E0490089B28F42044616461D4639D040F2FC
S2140373F071224368816302FB073302FB1133436048
S214037400EEF7F0FB4FF0000887B233464246012101
S21403741038460195CDF80080FFF71EFE3846FFF785
S21403742023FE41463846FFF718FE0123E18FA28F5D
S214037430B14218D09542E68700D0A587A38FA26BEA
S2140374401B01B3FBF2F3204694F83011A4F8A030E6
S214037450FFF761FF0421204602B0BDE8F041EEF7D6
S214037460D7BB0023E2E79542E7D1A26AD207E5D568
S214037470002BE3D102B0BDE8F081F0B585B0044639
S2140374800E466A4600F18A0300F19207154618680D
S2140374905968083303C5BB422A46F7D118683146F4
S2140374A028609B882046AB80FFF735FF9DF80B20AE
S2140374B094F895309A4211D1BDF80620B4F890306E
S2140374C09A420BD19DF80A2094F894309A4205D13B
S2140374D0BDF80420B4F88E309A4207D04FF48141A9
S2140374E0204605B0BDE8F040EEF792BB05B0F0BD10
S2140374F037B5044694F89250BDF818008D420BD168
S214037500B4F88A50954207D194F893509D4203D11C
S214037510B4F88C5085421BD08DF80610ADF80420C5
S214037520019D84F8921084F89330A4F88C0094F8A4
S21403753030112046C4F84051A4F88A20FFF79DFF77
S214037540B4F88E30A4F88A30B4F89030A4F88C30AF
S21403755003B030BD70B5044616460D4690F830317C
S214037560B1B1994214D00122FEF710F92946002240
S2140375702046FEF709F92946204684F83051FFF7DE
S2140375807CFF2046BDE870404FF48441EEF740BBD5
S21403759019462046FFF771FF002EF2D170BD30B4B6
S2140375A0C56A15F0040F0DD145F00405C56280F8D1
S2140375B09E10A0F89A204FF4006130BCA0F89C30CF
S2140375C0EEF726BB30BC704710B511B190F89E405D
S2140375D00C7012B1B0F89A10118013B1B0F89C2059
S2140375E01A80C06AC0F3800010BDCA0742BF836A10
S2140375F043F4807383628B0742BFC36A43F040033E
S214037600C3624A0742BFC36A43F08003C3620B07E1
S21403761042BFC36A43F48073C3627047CA0742BF5C
S214037620836A23F4807383628B0742BFC36A23F0A3
S2140376304003C3624A0742BFC36A23F08003C362A0
S2140376400B0742BFC36A23F48073C3627047836A1F
S21403765043F480638362704700F5A270704790F826
S21403766030017047F8B5044606F028FD65680646FF
S214037670E7F782FA2B1AB3F5FA7304D53046BDE85A
S214037680F84006F016BD40F27122A16B94F87450D0
S2140376905143B3FBF1F3B4F8402098B2121AA4F89E
S2140376A0402094F8732000FB1522252592FBF5F75E
S2140376B005FB1722002AB8BF521984F87320B4F8C2
S2140376C0A020121AA4F8A020626800FB1122002151
S2140376D020466260FFF720F9D0E7F0B5036B044657
S2140376E09B0790F87B6087B001D5FFF771FD236B8E
S2140376F0DF0700F14081236B9D0411D52046EEF78A
S21403770071FAA16AC0B2C1F34021FEF70DF9002851
S21403771000F056814FF4005104F13000FFF759FC96
S214037720236BD90409D500212046EEF779FF4FF4E1
S214037730805104F13000FFF74CFC236B5A0513D538
S2140377402046EEF74FFA002394F89F50C2B219462C
S2140377502846FEF7FFFB002800F032814FF48061D5
S21403776004F13000FFF735FC236B5B0712D5204688
S214037770EEF738FAA16BA38FE28FC1F34F0180B205
S21403778001F02FFA002800F01B81042104F13000D9
S214037790FFF71FFC236B1F070AD5204602F02CF8C1
S2140377A0002800F00D81082104F13000FFF711FCDA
S2140377B0236BDD0617D52046EEF714FAE16A80B28E
S2140377C011F4805100F00F81002101F09FFA002888
S2140377D000F0F680E36A102123F48053E36204F199
S2140377E03000FFF7F6FB236B580613D52046EEF75B
S2140377F0F9F994F87B3080B20093D4E9082301F0BA
S21403780068FA002800F0DC80402104F13000FFF71E
S214037810E0FB0026236B190516D52046EEF7E2F9A2
S21403782000230093B4F89C30B4F89A2094F89E1082
S21403783080B2FEF72CF8002800F0C2804FF40061F7
S21403784004F13000FFF7C5FB236B13F480452FD1FB
S2140378509A0513D52046EEF7C5F92B462A4694F823
S214037860301180B2EBF7A4F9002800F0A9804FF49A
S214037870007104F13000FFF7ACFB2E46236B1B06AA
S21403788016D52046EEF7AEF9B4F8903080B20093E2
S21403789094F89530B4F88E2094F8941001F068FAB2
S2140378A0002800F08D80802104F13000FFF791FB63
S2140378B0236B9F060FD52046EEF794F994F87B10BA
S2140378C080B201F03AFA00287AD0202104F1300081
S2140378D0FFF77FFB0026236BDD0508D504F1300098
S2140378E04FF48071FFF775FB204601F08DFD236B87
S2140378F0180408D504F130004FF40041FFF769FB84
S2140379002046FDF745FF236BD90308D504F1300065
S2140379104FF48031FFF75DFB2046FDF733FF236B03
S2140379209A0308D504F130004FF40031FFF751FBFA
S2140379302046FFF7A7FB236B9B0718D5002220469C
S2140379401146FFF79DFB2046FFF79CFB2046EEF70C
S21403795049F994F87B1080B201F0A5FA80B304F1DC
S21403796030000221FFF735FB2046EEF7E9FB012046
S21403797084F87B6025E0A76AF807C7F3803522D52D
S214037980002D0CBF012503252046EEF72BF994F8AE
S2140379909F30294605930023049394F84230C7F397
S2140379A040020393A38F80B20293E38F0193A36BEA
S2140379B0C3F34F03009304F1750301F032F920B9C2
S2140379C0002007B0F0BD6D00DEE7012104F13000B2
S2140379D0FFF7FFFA50E8003F43F4005340E8003255
S2140379E0002AF7D187E601F0A8F9F0E608B50220E9
S2140379F003F02FFE10B101F03CFA012008BD826AA5
S214037A00002122F0C0028262EEF70ABE012310B5FF
S214037A10A1F12002C1F1200423FA04F403FA02F2CE
S214037A2022438B40D0E9084123400A40134314BF46
S214037A300120002010BDC36A10B5044613F00800E9
S214037A4012D00123A1F12002C1F1200023FA00F095
S214037A5003FA02F202438B40D4E9080103400A40CA
S214037A60134314BF0120002010BD10B50C46C9B245
S214037A70FFF7E1FF70B1F0F73FFAC4F12002A4F17B
S214037A802003E04001FA02F2104321FA03F31843FD
S214037A9000F0010010BDD0F849300B6090F84D306F
S214037AA00B71704770B504460E46F1F759F806F0A9
S214037AB005FB05460221204684F87B60EEF7A8F80E
S214037AC020460121FEF717FF2846BDE8704006F062
S214037AD0F0BA70B50D46044606F0F0FA06462046A0
S214037AE0EEF71EF8304606F0E4FA29462046BDE8CF
S214037AF07040FFF7D7BF0B68C0F84031704738B502
S214037B0040F64805D0F840310C460B609BB2AB42BA
S214037B1004D90B21FFF7A9FF08B9258038BD44F225
S214037B2090232380FAE708B5EEF7BEF900F07DFC54
S214037B3000F0BCFBF0F714FFF1F7F2FCBDE80840D9
S214037B40F1F76EBD38B58B790C33CC18EEF736F8F3
S214037B50D0F849300546C4F81B3090F84D30E3772B
S214037B60836AC3F340235B00E375836B5B08E380A0
S214037B70D0F82831A360FFF751FAD5F82C31A07559
S214037B80E36095F830316376A376B5F84030A38288
S214037B9095F8743023766B68236195F8423084F841
S214037BA02030AB8FA4F8213038BD38B50546FCF736
S214037BB005FF04462846FCF703FF2146024602203B
S214037BC0FCF70FFF38BD7FB50646154668461022FC
S214037BD0FCF7CBF90024AC4202D3002004B070BDFE
S214037BE010226946304603F00EFE80B2102802D1FA
S214037BF01034A4B2EFE741F20700EFE72DE9F041B6
S214037C0005460E4617469846FCF7E0FEA8B33B1E0D
S214037C1018BF0123827A63F304128272D3B2D206A8
S214037C200BD4022047F6FF732A463146EFF75AF97C
S214037C30EFF742F90020BDE8F081B8F1020F02D950
S214037C4041F21100F7E7BA1E122AF9D89DF8182058
S214037C509DF81C1062F303030771089A80F80580E9
S214037C608372FCF7A6FE10B140F48050E3E70120D0
S214037C70FCF79CFE0028D4D0F6E7002FD1D0DFE730
S214037C8014220021FCF771B9037C427C981AC0B217
S214037C90704710B5037C427C5C1C9A1A047403F08C
S214037CA0030340F82310D0B210BD437C194401F0FF
S214037CB0030150F821007047437C01334374704737
S214037CC0022808D0042803D0012818BF06207047CE
S214037CD001F00101C81C704710B50C46EFF7F6FA21
S214037CE00279408804FB020010BD10B50C46EFF77E
S214037CF0EDFA4388A3429BBFE41A03790020B4FB42
S214037D00F3F010BD2DE9F0410F4604462421184632
S214037D101E4615469DF8188000F057FAC319B8F1A9
S214037D20000F37D1033E012E94BF0322022240F2F6
S214037D307126520006FB023342F21072608941003C
S214037D407143A1F2E2469642A8BF16466A1A921BF0
S214037D50D21A002AC2BFB2FBF1F202FB0112AD1A1D
S214037D60EA1A09D55242B2FBF1F707FB011C01FBE5
S214037D701722654402B96D1AEB1A8B4240F2E247AA
S214037D800AD8B3FBF7F3022298B2E27120812846A1
S214037D90BDE8F0810122CAE75B1ABB42B8BF3B4687
S214037DA0B342A8BF3346B3FBF7F107FB1133CAB29E
S214037DB0002BEAD00132D2B2E7E7002337B50446F8
S214037DC001A80193E6F710FE054640B9A3683220E2
S214037DD043F00403A360019B2362EFF797FE284654
S214037DE003B030BDF0F788B937B50546F0F7AAF902
S214037DF004462DB12B680360AB88A38003B030BD67
S214037E00FCF700FE0322CDE900010DF105010DEBA1
S214037E100200FCF74EFA0098BDF804302060ECE749
S214037E2038B50546F0F78EF9044606F047F92B6891
S214037E30A360AB88A381A37943F00103A37106F083
S214037E4038F9012038BD38B50C460546F0F77AF9FF
S214037E50014605B108310622204603F00EFAB0FAB1
S214037E6080F0400938BD10B50446F0F76BF9036897
S214037E7023608388A38010BD08B5F0F763F9807983
S214037E8000F0010008BD10B50446F0F75BF98368FF
S214037E9023608389A38010BD08B5F0F753F908B1B2
S214037EA00023837108BD50E8003F0B4340E80032CF
S214037EB0002AF8D1704770B50E461546EEF71CF843
S214037EC0044648B93046EDF779FA044620B9284601
S214037ED0F0F71AFB044640B10020EEF70DF8002039
S214037EE0EDF76CFA0020F0F70FFB204670BD4FF459
S214037EF00010CCF7E3BF014608B5F0F703F80229F4
S214037F0009D003D84B1E5842584108BD03390129EE
S214037F1004D90020F9E7C0F34000F6E7C0F3800079
S214037F20F3E7112808B502D0122805D008BD1320A0
S214037F30BDE80840EFF7EABDF0F77EF8F0F7FAF889
S214037F40EFF754FE1420F3E7EFF78CBD08B5EFF711
S214037F503FFDBDE808401120EFF7D8BD132808B54C
S214037F6002D0142809D008BDF0F7ECF8FFF73AFF63
S214037F70BDE808401220EFF7C9BD0020EFF760FD0B
S214037F80BDE80840CCF75EBF704783790C331844CE
S214037F9070477047002337B50446012501932046F2
S214037FA001A900F02AF908B903B030BD01982A46A2
S214037FB08379C1790025C91A0C33C9B21844E6F788
S214037FC005FFECE70B7810B40478C3F38013B3EB28
S214037FD0D41F09D132B9023106225DF8044B0830AA
S214037FE003F04BB90431F7E74FF0FF305DF8044B6D
S214037FF0704729B143780C2B0CBF0320FF20704732
S214038000FF20704770B586B004469DF828600B9D28
S21403801011B9FF2006B070BD62B9012204A90DF1A3
S2140380200F00FCF7C0FAD0B9204610F8021BC1F3C4
S214038030801117E0002BF0D129463046FCF7A2FA50
S2140380400028EAD12378C3F38013B342E1D1062292
S2140380502946A01C03F011F90028DAD1DDE79DF8C4
S2140380600F1004A8EEF78EF80028D2D10123218B37
S21403807000930846638BA28B00F0C7FF0028C8D086
S214038080627D531E072BC4D8238B9342C1D9E28A41
S2140380909A42BED8A37F5BB9E37F4BB994F82030EE
S2140380A033B994F821301BB994F822300F2BB0D98A
S2140380B094F823301B3303F01F030B2BA9D805209A
S2140380C0A8E71FB50023CDF80A30ADF80E30D0E987
S2140380D00023CDE900230389B0F90C00ADF808307E
S2140380E0E7F706F96846E6F79BFD05B05DF804FB7F
S2140380F01FB5002300F00F008DF80A0001A80191B8
S2140381008DF808308DF809208DF80B300393FCF7B3
S2140381107EFC05B05DF804FB1FB5CDE90012002216
S2140381208DF80B308DF8082000F00F03C0F34012D3
S2140381308DF809208DF80C30C0F3001243068DF835
S2140381400A2001D5E6F73CFA6846E6F77BFA05B05F
S2140381505DF804FB30B5002489B00D9D8DF808103A
S21403816000950C9D079404A98DF81C006846CDE97C
S2140381700544CDF80A40ADF80E4001958DF8092068
S2140381800493E6F7BFFA012009B030BD1FB50023FC
S214038190CDE9003101238DF80830C0F340138DF884
S2140381A00930C0F300138DF80A3000F00F038DF882
S2140381B00C3043068DF80B2001D5E6F701FA684626
S2140381C0E6F740FA05B05DF804FB10B50C4608B9AF
S2140381D0E6F7BCFE2146BDE81040FFF77DBD0B6801
S2140381E003B11868086010B14379DB0703D500387C
S2140381F018BF012070470068F4E70B6813B90860DE
S214038200012070471868086020B1407900F001002B
S214038210C0F1010000F001007047431E032B88BF26
S21403822000207047F0B587B00D4616468DF8070058
S21403823002B9A3B329469DF80700FCF7B0F9044634
S214038240B8B929469DF80700FCF7B0F940BB16B34A
S2140382509DF80710003918BF012128460DF10F02BB
S214038260F0F712F9F8B99DF80F40013418BF01244E
S21403827016E004AF012239460DF10700FCF793F927
S21403828004464EB19DF80730191E18BF0121002879
S21403829018BF3D46E1E70124FCF76EF900B9012457
S2140382A0204607B0F0BD4FF0FF34DEE7704770B5E9
S2140382B015460E461C46FEF715FF2B684EB10360A7
S2140382C06B6843602368C0F825302368C0F8153010
S2140382D070BD83606B68C3602368C0F82930236869
S2140382E0C0F81930F4E770B50546FEF7FBFE044602
S2140382F005F0E4FE064640212846FEF7F7FE4FF457
S21403830000612846FEF7F8FE304605F0D2FE00234D
S214038310284623612375236284F82430FEF7E4FE9F
S214038320802310F0010F14BF237584F8243070BD2A
S21403833010B50446FFF763FB2046BDE81040102146
S214038340EDF766BC10B504464FF46061FEF7D8FE41
S2140383502046BDE81040FFF752BB7FB506460C46E5
S214038360FEF7C0FE4FF4C06105463046FEF7C4FE76
S2140383704FF400613046FEF7C3FE4FF48060EFF71C
S214038380F1FC224670B969462846F0F739F86B4681
S21403839005F1100213F8011B02F8011DAA42F9D1D8
S2140383A004B070BD6C4602F110062346106851688F
S2140383B0083203C3B2421C46F7D1E8E737B50D4689
S2140383C0ADF80420FEF78EFE044600F120030246B5
S2140383D001992846EFF73CFF236A0133236223B94A
S2140383E094F82430013384F8243003B030BD37B515
S2140383F00D46ADF80420FEF775FE019904460246C5
S21403840000F110032846EFF78FFF30B123690133DD
S214038410236113B9237D0133237503B030BD41F0C7
S214038420004141F4E02101607047704710B5EAF758
S2140384306BFE0446FCF7F5FD2043C0B210BD38B50D
S214038440E9F74CFD8379C17903F10C020244CB1A98
S21403845002200021B2F8035003F002FA044640B9A2
S214038460E9F742FD0722BDE8384042F21901FDF75D
S214038470E6B92846EDF7A2FB38B12146F1F764F8D2
S2140384800446E9F731FD2246EDE72046FAF7A4FF56
S2140384900224F6E770B5E9F721FD83791844B0F8AE
S2140384A00F60B0B2EDF78AFB80B1002101F049F905
S2140384B00546E9F719FD044602232A4642F21B0144
S2140384C0FDF78CF9A3791C44668270BD0225F0E79C
S2140384D070B5E9F703FD83790C33C418B4F8035079
S2140384E02846EDF76BFBA0B1611D01F02AF906469D
S2140384F0E9F7FAFC04460223324642F21A01FDF774
S2140385006DF9E37923449D72E3792D0A1C44E572E1
S21403851070BD0226ECE710B5E9F7E0FC83790C336F
S21403852018444479B0F80300EDF748FB60B12146E0
S214038530F0F7ECFD0446E9F7D7FCE2B240F2064159
S214038540BDE81040FDF77BB90224F4E710B5E9F760
S214038550C5FC83790C331844C379C41C03F01F038A
S214038560C3712046FDF7ECF8B8B12046FDF7D5F801
S214038570EEF7F6F9F1F7B8F810B92046F1F708F96F
S214038580FCF74DFD0446E9F7AFFCE2B20023BDE875
S214038590104042F21401FDF721B91224F3E770B537
S2140385A0E9F79CFC83791844B0F80F5005F086FD74
S2140385B004462846EDF702FB80B11621FFF789FA39
S2140385C00025204605F075FDE9F78EFC2A46BDE832
S2140385D0704000234FF60441FDF700B90225F0E78B
S2140385E010B5E9F77BFC83790C33C418B4F80300A1
S2140385F0EDF7E4FA70B1D4F80510FEF7F6FF0024A1
S214038600E9F772FC2246BDE8104000234FF6054109
S214038610FDF7E4B80224F3E710B5E9F75FFC8379C6
S2140386200C33C418B4F80300EDF7C8FA70B1D4F8E5
S2140386300510FEF7F3FF0024E9F756FC2246BDE8D3
S214038640104000234FF60641FDF7C8B80224F3E7AF
S214038650F8B5E9F743FC847905460C340444B4F8CA
S2140386600300EDF7ABFA064640B9E9F73DFC0222F4
S214038670BDE8F84042F21301FDF7E1B8AB79E979BA
S21403868003F10C020220CB1A2A44002103F0E8F877
S214038690014618B9E9F728FC0722E9E7837903338B
S2140386A083713046B4F80D50B4F80F70F0F7D4FC6D
S2140386B004463A4629463046EDF78EFDE9F714FCA4
S2140386C02246D5E738B505F0F9FC0446FFF7AEFEBB
S2140386D000280CBF0C250025E9F706FC2A4642F2C3
S2140386E00E01FDF7CCF8EBF7B1F82046BDE83840AD
S2140386F005F0DFBC30B587B0E9F7F0FB04468579B3
S214038700FFF794FE002870D10C352C44E3798BB127
S214038710E37B03F0FD03012B1BD1FFF7ADFBC0B9D1
S2140387201224E9F7E1FB224642F20D01FDF787F832
S21403873007B030BD04F10905294604F10800FBF72C
S21403874037FF2846217AEDF71DFD0028E0D00B24DD
S214038750E7E7EDF7A1FC054608B90724E1E70023A0
S21403876001228DF80030E3798DF803208DF801306F
S214038770237A8DF80230D4F80930CDF80530B4F8F2
S2140387800D30ADF80930E37B8DF80430617C237C33
S21403879043EA0123ADF80C30E17CA37C43EA0123D2
S2140387A0ADF80E30617D237D43EA0123ADF810302A
S2140387B0E17DA37D43EA0123ADF81230617E237E7B
S2140387C043EA0123ADF81430E17EA37E43EA012396
S2140387D001466846ADF81630EBF70EF90446002856
S2140387E09FD02846EDF7ACFC9BE70C2499E72DE9D0
S2140387F0F04F8FB0E9F772FB42F2850390F80690CC
S214038800074609F10C0930F8092000EB09049A42DF
S21403881002680CD10021E3782679FF2B016004F16E
S2140388200504079227D1FF2E06D0122514E0002355
S214038830FF26036003340792EFF764FB637A33EA99
S214038840000235D1184010F0050FEED006F11003E4
S214038850DBB20E2B29D84225079B13B107A802F0DB
S214038860D0FDE9F741FB2A4637F80910FCF7E7FF86
S2140388700FB0BDE8F08FFF2E01D11E46DCE703F1F3
S2140388801002D2B20E2AE6D986F080027E2ACCD90E
S21403889005961E46EDF700FC804658B9079B13B1B4
S2140388A007A802F0AEFD0725DBE7FF230593F1E7F4
S2140388B01125D1E7FFF7BAFD38B1079B13B107A817
S2140388C002F09FFD4FF00C0B2EE0637803F0FD03E0
S2140388D0012B0AD1FFF7D0FA38B9079B13B107A8C3
S2140388E002F08FFD4FF0120B1EE004F1030A51460F
S2140388F0A01CFBF75DFE5046A178EDF743FC05464A
S21403890030B1079B13B107A802F07BFDAB460BE023
S214038910FF2E21D03046FCF78CFB834648B1079ADE
S21403892012B107A802F06DFD4046EDF709FC5D465F
S21403893097E707AA6378CDE901A2A27831460092A9
S2140389404046059AFCF771FB079A8346002A47D1EF
S214038950BBF1000F85D0E7E7637A8DF820008DF82A
S214038960233023788DF82130A3788DF82230DAF877
S2140389700030CDF82530BAF80430ADF829306378E6
S2140389808DF82430079B9A790C32134459791A7957
S21403899042EA0122ADF82C20D9799A7942EA0122DB
S2140389A0ADF82E20597A1A7A42EA0122ADF8302021
S2140389B0D97A9A7A42EA0122ADF83220597B1A7B99
S2140389C042EA0122ADF834209A7BDB7B414642EA39
S2140389D00323024608A8ADF83630EBF70DF8B3E7E5
S2140389E007A802F00EFDB3E770B5E9F777FA8379C7
S2140389F00C33C418B4F80360B0B2EDF7DFF80546DD
S214038A00D0B1012002F025FE0146B8B1B4F8053016
S214038A102846B4F80720DBB2F0F718FE0546E9F758
S214038A2063FA044602232A4642F22201FCF7D6FEE4
S214038A30A3791C44668270BD0225F0E70725EEE79E
S214038A4010B5E9F74BFA83790C330344B3F8030004
S214038A50B3F80510C0B2EDF7D5FBE9F745FABDE864
S214038A601040002342F224011A46FCF7B7BE10B5A5
S214038A70E9F734FA83791844B0F80F00EDF79EF857
S214038A8058B100F00CFE0446E9F72EFA2246BDE87C
S214038A90104042F21601FCF7D2BE0224F4E710B5EA
S214038AA0E9F71CFA83791844B0F80F00EDF786F857
S214038AB058B100F0BEFD0446E9F716FA2246BDE8B3
S214038AC0104040F21D41FCF7BABE0224F4E770B52D
S214038AD0E9F704FA83791844B0F80F60B0B2EDF7FB
S214038AE06DF880B9E9F700FA7F25044602220323CE
S214038AF0204641F20541FCF771FEA3790C331C4472
S214038B00E680257270BDFEF703FB45B2E9F7ECF984
S214038B1000220446EBE770B5E9F7E0F983790C33F6
S214038B20C418E9F7E1F90546D4F80300EDF746F86B
S214038B301D2358B1284600224FF62A41FCF74EFE65
S214038B402946D4F80300FEF7FDFF70BD2846BDE8AE
S214038B50704002224FF62A41FCF740BE10B5E9F7F3
S214038B60BDF983790C33C418B4F80300EDF726F87F
S214038B7088B161790122003918BF0121FEF780FA16
S214038B800446E9F7B1F92246BDE8104000234FF644
S214038B903141FCF723BE0224F3E737B5E9F79EF924
S214038BA083790DF106010C3318448279437943EA3D
S214038BB00223ADF80630B0F80300C0B2FEF759FA48
S214038BC00546E9F791F9044602232A464FF6304153
S214038BD0FCF704FEA3791C44BDF80630638203B099
S214038BE030BD2DE9F84381460220884617461E46C7
S214038BF002F02FFD044690B10A220321FCF710FE73
S214038C000023A57920460C352544EB70A5F804907F
S214038C10A5F806802F816E81E9F7F2F80120BDE8FA
S214038C20F8832DE9F043814685B002200E461F46A1
S214038C309DF844808DF80F2002F00BFD05460028B2
S214038C4044D022222921FCF7EBFD0022AC793046E2
S214038C500C342C4404F10E0304F11401C4F80E2062
S214038C609A806261228300913A460DF10F01FBF769
S214038C7086FC9DF84030A4F80490E37006F00103E8
S214038C80A3719DF80F3016F0FD0FE3713B68A360E8
S214038C90BB88A3814FF6FF7304D0032E08BF434659
S214038CA04FF0FF08BDF8302028466283BDF8342015
S214038CB084F82180A283BDF838206384E2839DF87C
S214038CC03C2084F82020E9F79BF8012005B0BDE896
S214038CD0F083F8B50746022016461D4602F0B9FC97
S214038CE0044690B10C220421FCF79AFDA1799DF865
S214038CF018300C31214420468F80C1F80660C1F835
S214038D000A50CB70E9F77CF80120F8BD70B506462B
S214038D1002200D4602F09DFC044668B10322302172
S214038D20FCF7A0FDA37920460C332344A3F8036085
S214038D309D70E9F765F8012070BD70B50646022000
S214038D400D4602F086FC044688B104220821FCF78F
S214038D5089FDB5FA85F2A37952090C3323442046DC
S214038D60A3F803605A719D70E9F74AF8012070BDB5
S214038D702DE9F84381460220884617461E4602F030
S214038D8068FC0446B0B10B220721FCF749FDA57920
S214038D90BDF820300C3525442046A5F80390A5F8E9
S214038DA00580A5F80770A5F80960A5F80B30E9F764
S214038DB027F80120BDE8F883F8B5074602200E46DB
S214038DC0154602F046FC0446A0B10D220521FCF729
S214038DD027FDA37920460C332344A3F80370A3F896
S214038DE00D602A68C3F805206A68C3F80920E9F706
S214038DF007F80120F8BD2DE9FF4116466A4680466E
S214038E000F4615460A9C03F1100E944618685968D7
S214038E100833ACE8030073456246F6D124B9022052
S214038E2002F017FC044608B31D22ED212046FCF78A
S214038E30E8FCA3790C332344A3F80380A3F80D704E
S214038E402EB13268C3F805207268C3F809200F33C1
S214038E5004AE2A4603CAB24218605960154603F1A7
S214038E600803F6D12046E8F7CBFF012004B0BDE89F
S214038E70F08113B51321827901900C328418815442
S214038E804FF44072C280EDF7FFFCA07020B901A832
S214038E9002F0B7FA02B010BD80000130607001988E
S214038EA0E8F7AEFFF6E770B5064602200D4602F079
S214038EB0D0FB044678B104220521FCF7D3FC00223C
S214038EC0A37920460C332344A3F803605D719A709C
S214038ED0E8F796FF012070BD70B5E8F7FFFF8379CA
S214038EE01844B0F80F60B0B2ECF768FE0546B0FA67
S214038EF080F040094400E8F7F7FF0723224642F2D2
S214038F001501FCF76BFCE8F7EFFFC3791844A0F8EC
S214038F1005604CB9E8F7E8FFC179073101442846F4
S214038F20BDE87040FEF7B7BD70BD13B583790190F9
S214038F300C33C418C05CECF741FE20B901A802F05C
S214038F4060FA02B010BD6378019913F0300F0CBFBE
S214038F50012200228B7904338B714B7962F3000371
S214038F604B71EDF75DFBECE72DE9F041E8F7B6FF53
S214038F7083790C33C418B4F803801FFA88F0ECF72F
S214038F801DFE054600B3A2796179FEF774F906461D
S214038F90E8F7AAFF07460223324642F27A01FCF7B5
S214038FA01DFCBB7938463B44A3F81280E8F728FF3C
S214038FB046B9A37933B12846FEF751FB0146284646
S214038FC0FCF7EDFBBDE8F0810226E1E74368143BBE
S214038FD04360A0230B6070471AB94268A2EB5302A2
S214038FE042600A6802EB83020A60704713B50421E5
S214038FF00DEB0100E9F76CFF019C2046EFF73AFC06
S2140390000028F4D0204602B010BD884210B51BD805
S214039010052819D9B1F5486F16D8B3F5FA7F13D2D8
S21403902040F67644A2F10A0080B2A0420CD8BDF8FE
S214039030080001339BB243434B435B00B3EBC20FC1
S21403904094BF0120002010BD0020FCE7C94350E870
S214039050003F0B4040E80032002AF8D1704700205A
S21403906070472DE9F04104460E46002501272146A8
S21403907085F00100FEF72FF84FF48051FFF7E6FF67
S2140390808368804633B938460DB1BDE8F0810125C3
S2140390900746ECE7028AB24206D1002201212046A7
S2140390A098470028EFD1EFE70268D10502D50022E2
S2140390B01146F4E79307E6D52046FEF755F8024631
S2140390C00028E0D10521D8F80830E8E708B5FEF710
S2140390D01CF800230380436008BD70B506460C46A3
S2140390E004F0ECFF05463046FEF70FF830B1037880
S2140390F01C4304704FF40070CBF7E0FE2846BDE82F
S214039100704004F0D6BFEDF78BBA07B542798DF8F9
S214039110071022F0030242F00302427140F20332C8
S2140391200DF10701C280012202F04EF903B05DF88B
S21403913004FB70B50C460546072120461646FFF786
S214039140E4FF2046EFF77CFC214646702846BDE840
S2140391507040EDF765BA38B50C4600210546FEF7B4
S21403916011F847F6FE73241AA4B29C4205D9284682
S2140391702821FEF797FC002038BD0120FCE738B510
S21403918004460D4601460020FDF7A5FF03689B0530
S21403919005D429462046BDE83840FFF7DCBF00204B
S2140391A038BD2DE9F04115461F469DF81880FDF79A
S2140391B092FF044604F082FFB8F1010F064623D15E
S2140391C054E8003F43F4807344E80032002AF7D1A2
S2140391D005B354E8002F42F4007244E80023002B42
S2140391E0F7D1FF212046FFF731FF54E8002F48EA66
S2140391F0020244E80023002BF7D13046A5602782FD
S214039200BDE8F04104F055BF4FF480712046FFF7E8
S2140392101DFFDDE74FF400712046FFF717FFE0E779
S21403922073B5064601200C46FDF755FF0023054699
S2140392301A46009321463046FFF7B3FF6B6863B1C7
S2140392404FF480712046ECF7E3FC55E8003F43F407
S214039250007345E80032002AF7D104F02FFF0546D5
S2140392602046FDF752FF28B103881BB14FF4007068
S214039270CBF724FE284602B0BDE8704004F019BFC1
S21403928038B505460C46FDF726FF83684BB1022129
S21403929020460022984721462846BDE83840FFF777
S2140392A0BFBF38BD012938B505460C4608D0CC1ECD
S2140392B0012C03D801460120FFF7E2FF012038BD49
S2140392C02221FDF75CFF20462946FFF7D9FF002041
S2140392D0F5E708B5FDF7FFFE006800F0F00008BDEF
S2140392E010B5014604460120FFF7F3FF20B92146D7
S2140392F0BDE81040FFF7EDBF10BD70B506460D463E
S21403930001460120FDF7E7FE314604460020FDF73F
S214039310E2FE2268036842EA0301C90523D49205E4
S21403932049BF248A4FF6FF74641BA4B29B0554BF3F
S2140393304FF6FF73038A304644BF5B1B9BB29C42C7
S214039340A8BF1C46FBF74AFB002804DB411B89B277
S2140393508C42A8BF0C464FF6FF739C4208BF4FF0E3
S214039360FF34204670BD0124FBE72DE9F341044694
S2140393700191014601201546FDF7ADFE214606463E
S2140393800020FDF7A8FE80462046FDF7ADFE010748
S21403939006D501A802F035F80C2002B0BDE8F0812E
S2140393A004F08CFE336807469A0503D4D8F80030D9
S2140393B09B0509D50199301D8D6002F085F8384666
S2140393C004F077FE0020E8E704F073FE20460199D8
S2140393D0A847E2E738B5014604460120FDF77BFEC1
S2140393E005460C3002F00DF8281D02F00AF8214657
S2140393F00020FDF770FE04460C3002F002F8201D34
S214039400BDE8384001F0FDBF70B5014605460120B2
S214039410FDF761FE0646043002F043F8044670B1D9
S2140394204FF400713046FFF711FE21462846A36825
S214039430984720B12046BDE87040F9F7CDBF70BD10
S21403944000238260C0E90031704708B50B46014629
S2140394501846FDF740FE0068C0F3402008BDFFF73E
S21403946021BFCB1E012B70B504460D46164606D803
S2140394701A21FDF784FE40212046ECF7C9FB32464D
S21403948029462046BDE87040FFF70CBF38B50446B2
S2140394900D46FDF769FE28B1012D04D12221204691
S2140394A0FDF76DFE002038BDF8B50C468B790746F0
S2140394B00B44D3F80D60D3F811303246EDF700F8BD
S2140394C009212046FFF721FE2046EFF7B9FAA579D2
S2140394D0EEF712FD0C3566F0FF0625440640C5F888
S2140394E00160EEF709FD3846C5F805102146FFF77B
S2140394F00AFE02213846FFF7F0FDF8BD70B50E46AA
S214039500054601460020FDF7E6FD012E044603D07E
S214039510022E11D0012070BDC16828468B791944EC
S2140395200D31FDF7A0FEE068F9F756FF0020294647
S214039530E060FFF775FEEDE7C068F9F74DFF00231F
S214039540E360E7E738B50D46044601460120FDF71C
S214039550C2FD012D08D100F112012046FDF783FE5E
S21403956021462846FFF75CFE012038BD08B5FDF707
S214039570C1FD00F0010008BD38B50C4602210546C2
S214039580FDF7BAFD0C212046FFF7BFFD2046EFF797
S21403959057FA4FF0FF3383700223C3700F234370D1
S2140395A0602303710623214643712846BDE83840ED
S2140395B0FFF7A9BDF8B50C460546FDF795FD00F087
S2140395C0010787F0010729463846FDF784FD06465E
S2140395D0C068012C837903D0022C20D00120F8BD6B
S2140395E00C33C41823892846E288A188FDF7F5FEC4
S2140395F06188627849005200284689B2FDF794FDD7
S214039600F068F9F7E9FE002328464FF48031F3604B
S214039610FDF776FD29463846FFF702FEDEE7F9F743
S214039620DBFE00234FF480312846F360FDF768FD28
S214039630D4E710B50446FDF75DFD430706D520467F
S2140396404FF40061ECF7E4FA002010BD012002F0AD
S21403965000F8014620B12046BDE81040EFF7DEBC17
S2140396600720F2E7042910B5044601D0002010BDF8
S214039670FDF73AFD00F00100C0F10200EEF772FBC1
S2140396800028F3D101F0E5FF014608B90220EEE712
S2140396902046EFF705FD0028F8D10120E7E710B5CF
S2140396A00446FDF727FD030705D520464021ECF7C2
S2140396B0AFFA002010BD012001F0CBFF014620B118
S2140396C02046BDE81040EFF7EBBC0720F2E72DE994
S2140396D0F0410F4604469046FDF706FD00F00105EF
S2140396E085F0010521462846FDF7F5FC012F0646C1
S2140396F003D0032F0FD001200BE02046FEF722FEF7
S21403970022212046FDF73BFD28462146FFF7B8FDFC
S2140397100020BDE8F081C068F9F75EFE002320460E
S214039720F360FEF70FFE204698F80410FDF727FDBA
S21403973020462021ECF76CFA21462846FFF7A0FDC9
S214039740D9E737B504460D46FDF7D4FC00054FD5DB
S214039750022001F07EFF019000284BD0204655B32F
S214039760FDF7C2FCC1070AD505210198FFF7CDFC1A
S2140397700198EFF765F920460199FFF7C4FC2946DF
S2140397802046FEF7EAFD2046FDF7AEFCC2070FD4DF
S2140397904FF400612046FDF7B3FC06210198FFF75E
S2140397A0B4FC0198EFF74CF920460199FFF7ABFCA0
S2140397B0002003B030BDFDF797FCC3070DD5019914
S2140397C0032306222046EFF74DF92046FEF7BAFD9F
S2140397D021462846FFF754FDEAE701A801F011FEEB
S2140397E020463D21FEF75EF92046FEF7ABFDDFE798
S2140397F00C20DEE70720DCE7F7B501460446002029
S214039800FDF769FC054600F112074FF48060EEF79A
S214039810A9FA50B92046ECF7E5F93A46698B80B2C7
S21403982003B0BDE8F040FFF7C7BA2046ECF7DAF915
S214039830064620466D8BFDF755FC00220346009234
S21403984029463A46B0B2FFF7D6FA03B0F0BD83789E
S2140398501A2B09D81B2383700288B2F5A47F07D27C
S2140398604FF4A473038007E0FB2BF5D9FB23F2E741
S21403987044F290239A42F5D87047F0B50446CA7965
S2140398808B7987B043EA0223ADF80C308B8803A8A4
S2140398908DF80E30CA788B7840F6480543EA0223E3
S2140398A0ADF810300B8805A98DF81230FFF7CFFFFF
S2140398B004A8FFF7CCFF2046FEF721F90B2120462C
S2140398C0FEF7D3F844F29023002818BF1D46BDF8D0
S2140398D00C709DF80E30BDF81460BDF810209DF88E
S2140398E016009DF81210AF42D4BF00970095FB2BCD
S2140398F0A8BFFB23B242A8BF32468142A8BF014697
S2140399002046FDF7F5FD07B0F0BD37B5144605460E
S2140399101046FFF7FAFB2046EFF792F801A9044634
S2140399202846FEF7ECF80B212846FEF79EF86FF064
S21403993004036370002344F29022A37040F64803A6
S214039940002818BF1346A4F803309DF80630A4F881
S2140399500530BDF80430A4F8073003B030BDFFF778
S214039960A1BC022973B505460C4603D00024204645
S21403997002B070BD0521FEF749F80028F6D0ECF7D3
S21403998047FC1B28F2D94FF40040EEF7EBF900280A
S214039990ECD101F05EFE06460028E8D0284601A971
S2140399A0FEF7ADF8314628469DF80630BDF804208C
S2140399B0EFF74CFE0028D9D10124D8E71FB54A1E7D
S2140399C0042A03460C465FD8012902D1008804B056
S2140399D010BD022905D100885B88984238BF184617
S2140399E0F5E74A00014601A8FAF7DEFC032C07D187
S2140399F00023ADF80A304FF6FF73ADF80C3001E0E4
S214039A00042CF8D0BDF80620BDF80430934284BF7A
S214039A10ADF80630ADF80420BDF80A30BDF80C20CA
S214039A20934288BFADF80A20BDF80A2088BFADF878
S214039A300C30BDF80430934288BFADF80A30BDF849
S214039A400620BDF80C309A4288BFADF80630BDF844
S214039A500820BDF80630934284BFADF80830ADF851
S214039A600620BDF80A30BDF808209A4288BFADF834
S214039A700830BDF80820BDF806309A4238BFADF866
S214039A800830BDF80800A2E74FF6FF709FE74A1EAE
S214039A90062A13B503460C4600F2AF80012903D10C
S214039AA090F9000002B010BD022907D190F900001A
S214039AB093F901309842B8BF1846F3E70A460146C1
S214039AC06846FAF771FC032C0AD180238DF803301D
S214039AD04FF4FF43ADF804307F238DF8063009E0DA
S214039AE0042CF5D0052C03D180238DF80530F3E73D
S214039AF0062CF1D09DF900309DF905209342C4BF92
S214039B008DF800208DF805309DF903209DF900306F
S214039B109342C4BF8DF803308DF800209DF90130C1
S214039B209DF906209DF900109342C4BF8DF80120CD
S214039B308DF806309DF904209DF902309342C4BF88
S214039B408DF802208DF804309DF90120BDF8003011
S214039B5091425BBA9DF90520C8BFADF800309DF968
S214039B6003309342C4BF8DF803208DF805309DF96A
S214039B7006209DF902309342C8BF8DF802209DF956
S214039B8002109DF90320C8BF8DF80630BDF80230D9
S214039B9091425BBAC8BFADF802309DF903209DF928
S214039BA006309DF904109A42C8BF8DF803309DF91C
S214039BB00520BDF8043091425BBAC8BFADF8043047
S214039BC09DF904209DF901309342C4BF8DF801200E
S214039BD08DF804309DF903209DF901309A42B8BFF1
S214039BE08DF803309DF903209DF904309A42C8BFCF
S214039BF08DF803309DF9030054E76FF07F0051E7BB
S214039C00012938B504460D4608D12221FDF7B7FAD7
S214039C1028462146FFF734FB002038BD01460120C5
S214039C20FFF7FEFA0120F8E710B50446D2F728FC42
S214039C302046CCF7A5FB0446D2F72AFC204610BDE7
S214039C4010B50446D2F71CFC2046CCF785FC044628
S214039C50D2F71EFC204610BD38B504460D46D2F793
S214039C600FFC29462046CCF7CAFD0446D2F710FC63
S214039C70204638BD38B504460D46D2F701FC2946C2
S214039C802046CCF7CDFD0446D2F702FC204638BD6D
S214039C9038B504460D46D2F7F3FB29462046CCF7E3
S214039CA04BFC0446D2F7F4FB204638BD10B50446F9
S214039CB0D2F7E6FB2046CCF749FC0446D2F7E8FB8E
S214039CC0204610BD38B504460D46D2F7D9FB2946C3
S214039CD02046CCF7C1FC0446D2F7DAFB204638BD53
S214039CE038B504460D46D2F7CBFB29462046CCF7BB
S214039CF075FC0446D2F7CCFB204638BD10B50446A7
S214039D00D2F7BEFB2046CCF75DFD0446D2F7C0FB78
S214039D10204610BD38B504460D46D2F7B1FB29469A
S214039D202046CCF70BFD0446D2F7B2FB204638BDDF
S214039D3010B50446D2F7A4FB2046CCF729FD04460B
S214039D40D2F7A6FB204610BD38B504460D46D2F71B
S214039D5097FB29462046CCF7CDFC0446D2F798FB62
S214039D60204638BD38B504460D46D2F789FB29464A
S214039D702046CCF728FC0446D2F78AFB204638BD9B
S214039D8070B516461D46044600F0F5FE00EA0602C8
S214039D9001EA050352EA030105D0216819B12046FA
S214039DA0BDE87040084770BD002370B504461546ED
S214039DB00E4680F85D32012100F50D7000F0E4F9DF
S214039DC084F85E6284F85F522046BDE87040002245
S214039DD04FF48073FFF7D4BF2DE9F04F85B00446E8
S214039DE0984601910392DDF8409004F05EF90199DC
S214039DF006462046F0F7DEFC054638B1304604F04A
S214039E004FF92125284605B0BDE8F08F04F50D7AF5
S214039E105046F0F7D3FB0290B9F1000F42D099F801
S214039E2000B0D9F80470D9F808900F9A019BC4F8CB
S214039E300C22D4F84822A4F8043222F00802C4F80C
S214039E40482245F21002039B22FA08F2C4F81032A5
S214039E500E9BD207C4F8083284F85D8232D55A794D
S214039E6084F81B221A79D3F8008002BBD4F8482260
S214039E70C4F8388242F00802C4F84822D4F83822DC
S214039E80029B3A445046C4F83C22C4F8449284F8F1
S214039E904CB2D3B100F062F90028AFD1304604F0DB
S214039EA0FFF8AFE7A9462F464FF0FF0BBDE701F0DB
S214039EB01AF9404441F28832974238BF1746C4F82D
S214039EC03802DBE701F00FF9F4E7F0F7F1FAE3E71E
S214039ED02DE9F04F85B00446894615469B4604F0A7
S214039EE0E4F8494607462046F0F764FC064638B1D0
S214039EF0384604F0D5F82126304605B0BDE8F08F85
S214039F0004F50D784046F0F759FB0190BBF1000FBE
S214039F103ED09BF800A0DBF80410DBF80820D4F84A
S214039F204832A4F8049223F00803C4F84832002DFC
S214039F3051D02B79D5F800907BBBD4F84832C4F8BF
S214039F40389243F00803C4F84832D4F8383284F819
S214039F504CA20B44C4F83C32022384F85D32AB684F
S214039F60C4F84422C4F814322B7B404684F81832D3
S214039F706B7B84F81932AB7B84F81A32019B3BB3B4
S214039F8000F0ECF80028B3D1384604F089F8B3E7BC
S214039F90324631464FF0FF0AC1E70392029101F0C1
S214039FA0A2F841F28733029948449942039AC4F8C7
S214039FB03802CAD8297BAB6839B96FF04041A3F59C
S214039FC09C53083B1B1A8B4292D241F28831BCE762
S214039FD0F0F76EFAD6E70123284684F8063284F8AB
S214039FE007A2EFF777FE4046F0F7CEFACCE7002954
S214039FF00CBF21200020704710B4029C084611466F
S21403A0001A46019B01945DF8044B00F012BC084607
S21403A01000F02EBC1FB50293002301930093062382
S21403A020FFF7DAFE05B05DF804FB1FB5069C029445
S21403A0300024CDE900340423FFF7CEFE04B010BDA0
S21403A0401FB5069C02940024CDE900340823FFF7CD
S21403A050C3FE04B010BD1FB5079C0294069CCDE951
S21403A06000340C23FFF7B8FE04B010BD70B50546E8
S21403A07004F01BF805F50D7406462046F0F7B4FA0F
S21403A08088B195F85D32112B0DD100F0C0FD204646
S21403A0900024012100F078F885F85D42304603F08D
S21403A0A0FFFF204670BD2046F0F788FA18B195F8F2
S21403A0B05D32102BEBD00224F0E738B5044603F0EC
S21403A0C0F4FF94F85D320546112B05D12046FFF7C1
S21403A0D0CDFF072384F85C320023012184F85D3228
S21403A0E004F50D7000F050F80446284603F0D8FF38
S21403A0F0201E18BF0120400038BD13460022FFF77C
S21403A100E7BEFFF7E5BE034649B190F85E02087066
S21403A11000201AB1002093F85F32136070472120A5
S21403A120F7E779B14B699B070CD4CB6832301844F8
S21403A1304B68C01A6FF0404398423EBF4B6943F0EA
S21403A14002034B61704710B503F0AFFF0446F0F708
S21403A15025F82046BDE8104003F0A2BF70B50646BA
S21403A16003F0A3FF0022054611463046F0F728F910
S21403A170044620B1284603F093FF204670BD3046C0
S21403A180F0F796F90446F5E770B504460E4603F075
S21403A1908CFF0122054686EA02012046F0F710F9F5
S21403A1A00446284603F07CFF204670BD38B50D46AE
S21403A1B0044658B3F0F702FA50B300F085FB626921
S21403A1C0510703D50023FDB9002038BD1207636885
S21403A1D014D5A2689A42F6D06FF04041121A8A420A
S21403A1E0F1D21B1A8B4204D2626922F00802626122
S21403A1F0E9E7636923F008036361E3E76FF040422E
S21403A2001B1A9342DED2DEE72B60DDE70120DCE794
S21403A2100220DAE7431E012B03D9031F5842584195
S21403A22070470120704700F019BF4FF418720021E1
S21403A230F9F79BBE0846F5F7CBBD70B50446F2F7B3
S21403A2402FFB0546A8B9A169F1B1238AD3B12046ED
S21403A25004F11002F2F77CF938BBE16919B3638A9B
S21403A260A3B1204604F11202F2F724F978B10546A9
S21403A27003E00023A3612361E361002328466361AF
S21403A280236270BDA061E8E72082E6E7E361216A06
S21403A2900029F2D0A28A002AEFD02046E38ABDE83E
S21403A2A07040F2F7A5B86182F1E76582E561DEE703
S21403A2B0F2F7DCBC0A7838B505461046FFF7AAFF66
S21403A2C060B14C782046FFF7A5FF38B12243530709
S21403A2D004D42846BDE83840F1F78ABC212038BDAF
S21403A2E070B504460E4603F0E0FE314605462046AA
S21403A2F0FFF7E0FF0446284603F0D2FE204670BD73
S21403A30010B504460878FFF785FF58B14A7810461B
S21403A310FFF780FF30B1042A04D02046BDE8104082
S21403A320F1F786BC212010BD70B504460E4603F037
S21403A330BCFE314605462046FFF7E2FF04462846A4
S21403A34003F0AEFE204670BDF7B517461E4604461C
S21403A35003F0ABFEDDE908230546CDE900232046DE
S21403A3603A463346F1F7AEF90446284603F098FE1C
S21403A370204603B0F0BD084600F026BE704711B96C
S21403A380D0F8E81021B1CB6813B18B68D889704731
S21403A3904FF6FF70704710B5F0F762F9044608B938
S21403A3A000F060FE204610BD70B504460E4603F06E
S21403A3B07CFE314605462046F1F7C8F90446284692
S21403A3C003F06EFE204670BD38B5044603F06DFEFE
S21403A3D00546204600F0D5FB0446284603F060FEFB
S21403A3E0204638BD38B5044603F05FFE05462046D2
S21403A3F000F0DDFB0446284603F052FE204638BD37
S21403A40038B504460D4603F050FED4F8EC3023B9B5
S21403A4100E2403F045FE204638BD4FF6FF72E38D4B
S21403A42093422B80F4D00024F3E7F8B506460D4696
S21403A430F0F716F9D8B94FF6FF734FF0240CEF6810
S21403A440C1B28F4208D81C4621463046F0F718FBA7
S21403A45000F008FE2046F8BDAA680CFB0122D4894A
S21403A4609C4202D2002CEFD023460130E8E74FF699
S21403A470FF74EFE7C08D7047F8B504460E461746DF
S21403A48003F013FE3A46054631462046F1F7FCFA3A
S21403A4900446284603F004FE2046F8BD38B50446B5
S21403A4A00D4600F098F950B129462046F0F7E8FA31
S21403A4B030B929462046BDE83840F1F73FBA0E20AA
S21403A4C038BD70B504460D46164600F084F958B1FB
S21403A4D029462046F0F7D4FA38B9324629462046AC
S21403A4E0BDE87040F7F702BA0E2070BDF7F7DEBB83
S21403A4F0062AF8B504460F4615461E4624D8F1F735
S21403A50053F918B320463946F0F7BAFA0446B0B9F9
S21403A510012102460846FFF7CBFE204600F0A0FDC9
S21403A520F5F7BEFF3046F1F795F8062D284608D016
S21403A5306FF029032B41DB0703D4F6F717F8204601
S21403A540F8BDF6F751F8FAE72124F8E70224F6E710
S21403A55038B5044603F0A9FD0546204600F006FC80
S21403A5600446284603F09CFD204638BD38B504460D
S21403A57003F09BFD0546204600F0F6FB04462846FE
S21403A58003F08EFD204638BD70B504460E4603F034
S21403A5908CFD314605462046F1F768FB04462846FF
S21403A5A003F07EFD204670BD70B504460E4603F0EC
S21403A5B07CFD31460546204600F015FB044628463A
S21403A5C003F06EFD204670BD002070470846F4F782
S21403A5D02BBE70B504460E4603F067FD31460546AE
S21403A5E02046F2F7CBFA0446284603F059FD2046E8
S21403A5F070BD70B504460E4603F057FD314605465A
S21403A600204600F0B6FB0446284603F049FD2046E4
S21403A61070BD38B504460D4603F047FD0023C4F865
S21403A6209C50C4F89830BDE8384003F039BD38B5BF
S21403A63004460D4603F039FDD4F89C301D40D4F88B
S21403A640983023EA0505C4F8985003F029FD2846F8
S21403A65038BD73B50D7806460C4635B304238DF81E
S21403A66004302379304601A98DF80530FFF748FEFC
S21403A6700546B8B92278A37952BB8DF80430E3793E
S21403A680304601A98DF80530FFF714FE054648B994
S21403A69023783BB161883046F1F79EFC01213046B2
S21403A6A000F0BCFA284602B070BD294600F0B6FAA0
S21403A6B02946304600F0F8FA2946304600F0FCFA00
S21403A6C02378002BCAD123798DF804306379C9E740
S21403A6D002228DF80420D3E770B504460E4603F035
S21403A6E0E4FC31460546204600F0DEFA04462846DA
S21403A6F003F0D6FC204670BD38B5044603F0D5FCFF
S21403A7000546204600F0E0FA0446284603F0C8FC57
S21403A710204638BD2DE9F04104460E4617469846B6
S21403A72003F0C3FC434605463A4631462046F1F756
S21403A73007FE0446284603F0B3FC2046BDE8F08136
S21403A7400846F4F75FB970B504460E4603F0ADFC51
S21403A750314605462046F1F77FFD0446284603F0BA
S21403A7609FFC204670BD70B504460E4603F09DFC64
S21403A77031460546204600F0B8FA0446284603F05C
S21403A7808FFC204670BDF8B504460F46164603F008
S21403A7908CFC054617B12046F2F76AFE16B1204632
S21403A7A0F2F778FE284603F07BFC0020F8BD0B4644
S21403A7B010B514461846A1689288F9F7F5FDE168C6
S21403A7C0034631B1A0886288121A92B21844F9F788
S21403A7D0EBFD002010BD0346408A18B1188A0038E6
S21403A7E018BF012070470846F4F72ABE70B5044622
S21403A7F00E4603F05AFC631C0546314614BF20463A
S21403A8000020F1F75DF80446284603F049FC20468D
S21403A81070BD10B5044600F042F820B92046BDE8E6
S21403A8201040F0F7F3BB10BD00F05DBC0846F2F72E
S21403A830C5B92DE9FF41984604460E46174603F070
S21403A8403DFC05462046FFF7E4FF0A9B3A46029383
S21403A8500023314601932046CDF80080F0F724FC10
S21403A8600446284603F025FC204604B0BDE8F081E4
S21403A87038B5044603F022FC05462046FFF7C9FF19
S21403A8802046F0F7EFFB0446284603F012FC20466A
S21403A89038BD0120704700F077BB00207047F0F703
S21403A8A0EFBA10B503F00AFC044600F00DF8F0F713
S21403A8B00DFB2046BDE8104003F0FBBB024608B57F
S21403A8C0F0F7DEFA507D08BD00F00DBCF1F7F2B8E4
S21403A8D000F054B9704770B504460E4603F0E5FB26
S21403A8E031460546204600F01BFB0446284603F087
S21403A8F0D7FB204670BD022AF8B506460F46144617
S21403A9000DD803F0D2FB224605463946304600F002
S21403A9107BFA0446284603F0C3FB2046F8BD2124F1
S21403A920FBE7022AF8B506460F4614460DD803F091
S21403A930BCFB224605463946304600F076FA044606
S21403A940284603F0ADFB2046F8BD2124FBE7022A88
S21403A950F8B506460F4614460DD803F0A6FB224666
S21403A96005463946304600F073FA0446284603F097
S21403A97097FB2046F8BD2124FBE770B504460E4638
S21403A98003F093FB0546204600F03BFA48B1204609
S21403A990314600F06DFA0446284603F081FB204654
S21403A9A070BD0224F8E7F8B504460E46174603F0D2
S21403A9B07CFB0546204600F024FA50B120463A4672
S21403A9C0314600F06CFA0446284603F069FB20463D
S21403A9D0F8BD0224F8E70E20704770B504460E460D
S21403A9E003F063FB0546204600F00BFA48B1204609
S21403A9F0314600F085FA0446284603F051FB20460C
S21403AA0070BD0224F8E770B504460E4603F04DFB0E
S21403AA100546204600F0F5F948B12046314600F0D9
S21403AA2077FA0446284603F03BFB204670BD022413
S21403AA30F8E7F3F757B90846F3F772B903469B8E60
S21403AA4008469342114601D3F3F798B9212070477D
S21403AA5070B504460E4603F028FB314605462046ED
S21403AA6000F06DFA0446284603F01AFB204670BD34
S21403AA700E207047F8B506460C4603F016FB06F59F
S21403AA80F875074694E80F0085E80F002946304618
S21403AA90F0F772FC0446384603F002FB2046F8BD86
S21403AAA02DE9F04387B00E9D02AC06460F4690464E
S21403AAB0994695E80F0084E80F0003F0F6FA4B4634
S21403AAC005464246394600943046F3F7BFFA044635
S21403AAD0284603F0E5FA204607B0BDE8F0830020D9
S21403AAE070470020704770470B4630B5044607C8CA
S21403AAF083E80700227861788A421AD0A48832B1A4
S21403AB0012FB04F0DD88891A2844D8805970012284
S21403AB101546587805FA02F1814208D3490800FB26
S21403AB200411D140D2B299801A705A7030BD0132E6
S21403AB30F0E7002AFAD000211980A18811FB02F25F
S21403AB409A80F3E7D0F8A03003F06003402B0DD0D3
S21403AB50602B03D0203B58425841704749B10B68DD
S21403AB60012B06D9486940F00100704740F20110F6
S21403AB70704700207047D0E9580170470220F4F769
S21403AB8087BE08B5D0F8F0304BB11A68022A06D94A
S21403AB9093F825204AB1186AB0FBF2F008BD40F6D8
S21403ABA0E8224C210020F0F755F90020F6E7D0F80C
S21403ABB0F02008B57AB11368022B0CD9536A13F444
S21403ABC07F4FC3F3072106D0126ADBB253438B428F
S21403ABD0B3FBF1F006D2002040F607324C21F0F723
S21403ABE039F9002008BD0346B3F83E2108468A42D9
S21403ABF003D0A3F83E11F3F791BF0020704790F8F7
S21403AC003C310C2B14BF90F82B00FF20704708B57F
S21403AC1000F0EAFABDE80840F5F772BC38B50C4612
S21403AC204FF400610546F8F7E5F860B16CB195F8A6
S21403AC302A3163B94FF480722846BDE838404FF492
S21403AC408071F8F7BDB82202F6E72246F4E738BD6E
S21403AC504FF48071F8F7CEB810B50023F1F722F859
S21403AC60044608B9F6F732FE204610BD38B51D4631
S21403AC7000230446F1F716F828B929462046BDE80E
S21403AC803840F6F7F5BE38BD7FB504460D46164682
S21403AC90184601A9FFF728FF32462946204601AB8E
S21403ACA0F1F70AF904B070BD08B54A024FF4007113
S21403ACB0F8F786F8002008BD08B58A024FF48061CD
S21403ACC0F8F77EF8002008BD4FF40071F8F792B845
S21403ACD0D0F8F00040B10368122B04D9006D202889
S21403ACE028BF202070470020704770B506468D8821
S21403ACF00C46F0F751FF96F82720EB00023A012A9C
S21403AD0098BF033388B1B3F5803F0ED84FF2244182
S21403AD10420901FB03230009B3FBF0F3226800207A
S21403AD20D21A05232260A37170BD0220FCE72DE929
S21403AD30F04104460D4616461F4686B00DF10C0834
S21403AD4041460C98FFF7D0FE3B463246294620463E
S21403AD50CDF80080F1F73EFC06B0BDE8F081002098
S21403AD60704790F8690170470020704790F82D00EF
S21403AD70704708B50B46062200F59E711846F9F78C
S21403AD8013FB002008BD0022F2F75EB9A0F84A3094
S21403AD90BDF90030C0F89410A0F84820A0F84C3055
S21403ADA00020704710B5144608460121F5F75CF9F4
S21403ADB02046BDE810400121F5F756B970B50446A4
S21403ADC015460E4609B9212070BD130617D400F0A8
S21403ADD04AF931462046FFF728FB4FF6FF739842A1
S21403ADE0F1D000F040F920464FF400310022F7F787
S21403ADF0E7FF29462046BDE87040F1F727BF0E203F
S21403AE00E2E78021F7F7F6BF7FB5531C05AA029247
S21403AE10022201920022ADF8141000921146DBB212
S21403AE20F7F7FAFF07B05DF804FB7FB5531C05AAD6
S21403AE304FF0040C02920222ADF81410CDE9002C58
S21403AE4001210022DBB2F7F7E7FF07B05DF804FB4A
S21403AE501FB54FF0080C531C0022CDE9002C01222D
S21403AE600291DBB21146F7F7D7FF05B05DF804FB96
S21403AE7008B50A044FF48031F7F7A2FF002008BD97
S21403AE8007B591F82830009391F82B3091F82920D4
S21403AE9091F82A10F2F7ECFE03B05DF804FBF8B560
S21403AEA014468A0707460E4601F0010309D4D3B1B8
S21403AEB0A2044FF48021384602F48022F7F780FF7D
S21403AEC011E065083BB104F0010305F00105AB4250
S21403AED0EED021200AE04FF48021F7F78BFF05F030
S21403AEE00105A842F5D1730701D40020F8BDA206D8
S21403AEF04FF08051384602F08052F7F761FFF4E7CF
S21403AF0008B50A054FF48011F7F75AFF002008BD6D
S21403AF1008B5CA044FF40021F7F752FF002008BD16
S21403AF2009B141F01001F1F791BE10B50446F1F7EF
S21403AF307FFE01462046BDE81040F1F787BE002994
S21403AF4014BF21200020704770B504460E461546F0
S21403AF50FFF707FF032813D1A6B184F82750023D55
S21403AF60012D8CBF28234FF4BC733146C4F8083137
S21403AF702046FFF75AFA2046F2F79CFF002070BDE2
S21403AF800220FCE72120FAE701207047D0F8EC30D6
S21403AF90C3B15869B0B1531EDBB2FD2B09D8012AE1
S21403AFA005D143689A1C01D14FF0FF334B60002054
S21403AFB07047036813F1020F08BF4FF0FF33FF2AF1
S21403AFC00B60EDE72120704738B50546F5F7C8FE58
S21403AFD004460021A878F3F789F9204638BD2DE901
S21403AFE0F74F01251C469DF830300646019303684B
S21403AFF0174603F0070306339D4005F1FF380B465B
S21403B000A1B1416804EA080BA5EB0B0A41F000590D
S21403B010524509EB0B0114D952461846F9F7C4F901
S21403B02049467A1B5A445044F9F7BEF9019B2BB1A3
S21403B0303C4448EA050804EA0804F46003B0BDE8A3
S21403B040F08F1846F0E737B5002514460095FFF74E
S21403B050C6FF204603B030BDF2F73ABD0020704766
S21403B060002070477047704730B5490004460568AE
S21403B07012B102291FD90339C90395B9E1B1B1FA4F
S21403B08081F3C3F12003C3F10F00012838BF012069
S21403B09003F01F03D940A94201D9013849082160AA
S21403B0A030BDB5FA85F339B1B1FA81F29B1A002B9C
S21403B0B0E9DC0F20EFE700210F20F0E7012805D990
S21403B0C0023818BF4FF0FF30C0B2704701207047F8
S21403B0D0002070470A4690F894109B2901D8F1F790
S21403B0E00DBF2120704708B5F4F712FDBDE80840F0
S21403B0F0F4F736BD38B50446FFF7F5FF0546FFF708
S21403B100F2FF431BA342FAD338BD38B50D460446B7
S21403B110F4F7FEFC35B1844200D90139204601F02C
S21403B120030138BD844238BF0131F7E708B5012172
S21403B130FFF7EBFFBDE80840F4F712BD0B0C23F452
S21403B1408053B3F5284FF7B50D468FB2064699B22E
S21403B15016D04AF60103994214D04AF602039942DE
S21403B16012D0B1F5204F14BF04240324D6F8EC30D4
S21403B1700BB1196851B9D6F8E83093B928680EE0D0
S21403B1800024F3E70124F1E70224EFE723466846A9
S21403B1903A46F4F741FDDDE90003002BEBD103B09B
S21403B1A0F0BD19680029E9D0234668463A46F4F705
S21403B1B033FDDDE90003002BE0D1F0E700F01CBD12
S21403B1C00204C0F3891307D56FEA83536FEA9353D8
S21403B1D013F5007F18B206D0A3F1C8006FF4FF730F
S21403B1E09842B8BF18467047012200210320F1F7A2
S21403B1F03DBD08B51C20DAF769FC4FF0B0429368F2
S21403B20013F0080F4FF0010302BF9268C2F3031254
S21403B2109340B0FBF3F008BD4FF0384359699A6981
S21403B22003F500530A405A6170470E207047F6F73D
S21403B2304BBDF6F749BDF6F747BDF6F745BD08B56E
S21403B2400846F7F775F908BDF6F73EBD38B5054667
S21403B2500C4602F02AFFD5F89C301C40D5F89830EF
S21403B2602343C5F8983002F01BFF211E18BF0121A7
S21403B2700020490238BD002070470139024410B54A
S21403B280904201D1002005E0037811F8014FA34254
S21403B29001D0181B10BD0130F2E7430803F0553305
S21403B2A0C01A00F03333800800F0333018444FF0F0
S21403B2B0013300EB101000F00F305843000E7047B8
S21403B2C02DE9F74F1F469DF830308A468046009397
S21403B2D0002850D0002967D00C68002C66D04FF0A9
S21403B2E0000BE679A179761AF6B2BE4208D30C3182
S21403B2F0394408EB020945462144F61BC84537E0A6
S21403B3002068A346BF1B002835D00446E9E7AB19DF
S21403B310994538BFA9EB050632462846F9F744F89F
S21403B320009B002B3DD0E279A079F3B237BB1844DB
S21403B330A071E279A37927689A4232D1DAF800300D
S21403B340A34208BFCAF80070BBF1000F01D0CBF8C8
S21403B35000702046F8F740F83C4635444CB10027C9
S21403B360A379E67903F10C01F61A2144F6B24D45AA
S21403B370CDD3A5EB080003B0BDE8F08F121AD2B206
S21403B380F918914209DA0C302044D21BD21A014430
S21403B39038440193F8F78DFF019BE279D31AE371E2
S21403B3A0C7E7A3462468D8E70846E4E72046E2E76B
S21403B3B010B5C4790246C4F14503D8B2884228BF03
S21403B3C008460444D47110BD38B50546C079C0F1AB
S21403B3D04504E4B2944288BFD4B20C3022462844D3
S21403B3E0F8F7E2FFEB7920462344EB7138BD1FB52F
S21403B3F003910021009103A9FFF762FF05B05DF8F2
S21403B40004FB38B50446206800B938BD0568F7F76D
S21403B410E3FF2560F7E710B558B1016802685AB133
S21403B420136823B15C79E40704D500241460036031
S21403B430084610BD0360F1E71346F8E7034658B124
S21403B4400020DA7999791B68521A50FA82F01BB1F8
S21403B4505A79D207F5D57047704770B50D4604463E
S21403B460E8B186798E4203D3751A8571012070BDC3
S21403B470C27906F145039B1ADBB299420FD806F14F
S21403B4800C010144921BA81BD2B20844F8F711FF23
S21403B4900023A371E3791D44AD1BE571E6E70020A5
S21403B4A0E5E70346006818B102681A6000230360E4
S21403B4B070470346002003B97047DA7999791B6809
S21403B4C0521A50FA82F0F6E703680BB90160704728
S21403B4D01A461B68002BFBD111607047036803B143
S21403B4E00B600160704739B10B461A461B68002B88
S21403B4F0FBD1036813600160704770B504680646A5
S21403B5000D4644B12046FFF7D4FFA84211D823685E
S21403B51013B9E379A37170BD20463360F7F75CFF78
S21403B5203468F4E7ED1A236820463360F7F754FFD0
S21403B5303468002DEFD0A279E3799B1ADBB2AB42D5
S21403B540F0D92A44A271E6E7F8B5066805460C4624
S21403B55046B13046FFF7ADFFA0421DD8336813B996
S21403B560F379B371F8BD30462B60F7F735FF2E68D5
S21403B570F4E7064638460768002FFAD1C27983797E
S21403B580D31ADBB2A34202D9121BC271EAE7E41A4A
S21403B590F7F722FF3EB13760002CE3D02868002877
S21403B5A0E0D00026E7E72E60F6E7F8B504460F4638
S21403B5B0BC4200D1F8BDA179E5796D1AEDB2C5F1AB
S21403B5C04506B6B20EB92468F2E749B10C312A46ED
S21403B5D0214404F10C00F8F76CFE0023E571A37117
S21403B5E02368BB42EFD05A79D207ECD49979DD7938
S21403B5F0A0796D1AEDB2B54228BF3546E2790C3014
S21403B60010440C312A4619442044F8F7CDFEE3795A
S21403B610206853FA85F3E3718379761B53FA85F52D
S21403B620C379EDB2AB42B6B2857103D1036823602A
S21403B630F7F7D2FE002ED3D1C5E748B1002302792F
S21403B6404360036083604379027143F004034371EC
S21403B650704700221146F7F707BF38B5036804465C
S21403B6600D469BB11879FFF7F4FF88B1236842793A
S21403B67003605B79C3F3400363F3410245235D1B19
S21403B6804271C37185712060002038BD0120EAE74E
S21403B6901920FAE738B50C46054640B3006830B3C0
S21403B6A009B9002038BD4AB9C9B2FFF7D6FE00284B
S21403B6B0F7D12B689A799871A41A06E0452918D809
S21403B6C0C9B2FFF7CAFE0028EBD1442C07D8002CDA
S21403B6D0E7D02846E1B2BDE83840FFF7BEBF4521B4
S21403B6E02846FFF7BAFF0028DCD1453CEDE72220C9
S21403B6F0D8E72120D6E72DE9F84390F8078090F89D
S21403B70006900446A8EB0907FFB2B9420D4602D3DA
S21403B7100020BDE8F8830079FFF79BFF0646002864
S21403B720F6D0A17980790C317F1B29440C30BAB24C
S21403B73021443044F8F738FEF37901203B44F37193
S21403B740E37999444D442368A5EB0805E571336016
S21403B7502660DEE7F8B5076806460D463C46002336
S21403B76005B12CB90BB100221A6034603846F8BD17
S21403B770E379A2799B1ADBB2AB4207D8E379A279C5
S21403B7809B1ADBB2ED1A23462468E9E72046E9B2A2
S21403B790FFF7B1FF0028F1D10746E7E7F7B5002624
S21403B7A005460F4601960DB9019C09E0002238466E
S21403B7B01146F7F759FE044628B901A8FFF721FEFC
S21403B7C0204603B0F0BDAB798371EA79C27168791C
S21403B7D06179D21A60F30001617169796079C1F306
S21403B7E0400161F34100607103F10C002918D2B2E5
S21403B7F02044F8F7D9FD019B03B9019406B13460E0
S21403B80026462D68CFE72DE9F8430D46144606462F
S21403B81010B319B3DAB1034699461B68002BFBD164
S21403B8202746C8463A4629464046FFF7CDFDC1455A
S21403B830A7EB0007054418BFC9F8008037B10022FC
S21403B840B1793079F7F710FEC14618B9E41B2046E4
S21403B850BDE8F8838046E5E70446F8E70C46F6E7D6
S21403B86037B51546C9B200221C46F7F7FDFD019011
S21403B87040B122462946FFF7C6FF844202D901A8F3
S21403B880FFF7BFFD019803B030BD4843F7F7D0BEBE
S21403B890D6F7CABFEFF309801EF0100F08BF20EDDE
S21403B8A0108AEFF30B82734620E9FC0F0F4A1168E8
S21403B8B008604FF0300080F31188BFF34F8FBFF35B
S21403B8C06F8F00F04BFC4FF0000080F31188074A9F
S21403B8D011680868B0E8FC0F13F0100F08BFB0EC4F
S21403B8E0108A82F30B8880F309881847640F0020B8
S21403B8F01EF0040F0CBFEFF30880EFF30980014935
S21403B900084700001DDC0300054B1A6A12681AB9C3
S21403B9104FF0FF325A6270471A6AD2681268F9E724
S21403B920C80A00202DE9F84349498B6A002B40F0EA
S21403B9308880CC6A0134CC624CB90B6A0B6A0A6BFA
S21403B9400A620B634B6B01334B63FFF7DDFF4B6AF6
S21403B9500020A34210D91422D1F89C34DB6A02FBE0
S21403B9600313DB6B022BD1F8A03428BF0120002B76
S21403B97018BF0120BDE8F88307464FF01409DFF827
S21403B980D4C00B6A1B681BB94FF0FF334B62E2E768
S21403B9900B6ADB68DB685A68944201D24A62DAE7CC
S21403B9A0D3F814E0D3E9022595609A686A60DEF856
S21403B9B004501A1D954204BFDD68CEF804505F613B
S21403B9C0DEF80050013DCEF80050D3F828E0BEF173
S21403B9D0000F13D0D3E90765B560DE6903F11808D5
S21403B9E06E60DEF80450454504BF1D6ACEF8045069
S21403B9F09F62DEF80050013DCEF80050DD6AD1F8B4
S21403BA0038E0754588BF8D6309FB05152D6C9D6071
S21403BA10D5F808E0C3F80CE0CEF80420AA60DD6A87
S21403BA2009FB05F50CEB05025A610D44EA6B01327E
S21403BA30EA63D1F89C54DA6AEB6A9A4288BF01201B
S21403BA409FE7D1F8A43400200133C1F8A43491E76A
S21403BA50C80A0020040B0020914208B5416000612B
S21403BA600BD8D21A83699A4210D2094B011DD3F818
S21403BA70A80402F075F8002008BD9A4201D2994244
S21403BA8004D2034B011DD3F8AC04F2E70120F3E71D
S21403BA90C80A002000222DE9F8430646224C0F462A
S21403BAA0E56AD4F82080D4F83090D4F89C34D4F8DF
S21403BAB09C0483F85620043002F01DFC731C1DD131
S21403BAC0E7B1D4F81036D4F89C2493609968D4F878
S21403BAD09C24D160D4F89C2404324A60D4F89C2475
S21403BAE004329A60D4F89C3404F20C625A61D4F897
S21403BAF00C360133C4F80C36BDE8F883D4F89C340E
S21403BB00D4F89C14AD195D6001F1040104D34846D2
S21403BB10BDE8F84302F024B8404602F021F8636A11
S21403BB20AB4288BF6562E7E7C80A002070B50E4BD4
S21403BB300546D3F8AC340E46DB68DC68201D02F0FD
S21403BB40DAFB94F828305A0709D5324629462046A8
S21403BB5002F01DF82046236ABDE87040184723F01C
S21403BB60010384F82830F5E7C80A002010B5094C0D
S21403BB70D4F8AC341A6832B9D4F8A824C4F8A83474
S21403BB80C4F8AC2410BDDB684FF0FF311868FFF72C
S21403BB90CDFFEDE7C80A00200A4B1B6F03F007032F
S21403BBA0013B032B03D8DFE803F00B030609FEE78C
S21403BBB0054B98687047044BD8687047034870472E
S21403BBC00348704700800050E064002080D543029D
S21403BBD0002D310108B5FFF7DFFF054B1B6FC3F3DD
S21403BBE001330133B0FBF3F0024B186108BD00BF0D
S21403BBF000800050E0640020014BD868704700BF07
S21403BC00E0640020174B9868C0F304400C280AD859
S21403BC10DFE800F00B0909090909072119091B1DAB
S21403BC201F0011487047002070479B6803F040735D
S21403BC30B3F1807F11D0B3F1007F10D00B4A002BF5
S21403BC4008BF104670470A4870470A4870470A48B4
S21403BC5070470A4870470A4870470A4870470A48B8
S21403BC60704700BF0040015A405DC60000093D0012
S21403BC70C0EA210180BA8C010048E801005A62023A
S21403BC800024F40080841E0040420F00094A116815
S21403BC90086806C881F30B88022181F314882030D4
S21403BCA080F30988BFF36F8F4FF0000080F311888D
S21403BCB010470000640F002006480068006880F301
S21403BCC0088862B661B6BFF34F8FBFF36F8F66DF28
S21403BCD000BF000008ED00E008B501F0B5FF044A18
S21403BCE0536901335361BFF34F8FBFF36F8F08BDA3
S21403BCF0E0640020044B5A695A69013A5A6158694C
S21403BD0008B901F0ACBF7047E0640020F8B5374CC3
S21403BD100546FFF7E1FFD4F8343604F13C06013359
S21403BD20C4F83436D4F89C14002951D1C4F89C5472
S21403BD30D4F83436012B1ED13046013101F058FFBA
S21403BD40382900F11400F8D12949084601F11407EF
S21403BD5001F04EFF384601F04BFF01F1280001F0D9
S21403BD6047FF01F13C0001F043FFA1F12C0001F075
S21403BD703FFF21622763D4F88C36A26B01332B6412
S21403BD80C4F88C36EB6A291D93424FF0140288BF21
S21403BD90A36302FB03431B6CAB609868E8604160D7
S21403BDA09960EB6A53431E446E612344DA6B013297
S21403BDB0DA63FFF79FFFD4F88836B3B1D4F89C3420
S21403BDC0DA6AEB6A9A4210D2BDE8F84001F01BBF6C
S21403BDD0D4F88826EB6A002ACDD1D4F89C24D26AFC
S21403BDE09A4298BFC4F89C54C5E7F8BDC80A002019
S21403BDF00011002070B5B9B100230C4A1C46154645
S21403BE005668864204D105EBC403C3E900100BE071
S21403BE101BB91668002E08BF134601340A2C02F11C
S21403BE200802EDD1002BF0D170BD00BF58110020E1
S21403BE30002330B5094A02F5D26101EBC3056D68EC
S21403BE40DC00854206D100232244C2F89036C2F8AD
S21403BE50943630BD01330A2BEFD1FAE7C80A002027
S21403BE60F8B504460127FFF737FF94F84550184EF8
S21403BE706DB2002D14DCFF23012784F84530FFF74D
S21403BE8039FFFFF729FF94F84450114E6DB2002D89
S21403BE9012DCFF2384F84430BDE8F840FFF72ABFDE
S21403BEA0636A002BE7D0206B01F0C8FC08B1C6F824
S21403BEB0A074013D6DB2DCE72369002BE9D0E0698D
S21403BEC001F0BCFC08B1C6F8A074013D6DB2DEE714
S21403BED0C80A0020024A936A01339362704700BF80
S21403BEE0C80A00202DE9F0413E4CFFF7F5FEA36A91
S21403BEF0A36A013BA362A36A2BB10024FFF7FAFEF1
S21403BF002046BDE8F081D4F83426002AF5D09846BA
S21403BF101E4614204FF0010C04F13C0744E0D4F80D
S21403BF206C36DB68996AD3E90752AA60DD6903F1C8
S21403BF30180E55604A68724504BF1A6A4A60C3F809
S21403BF4028800A68013A0A605969D3E90252AA604E
S21403BF509D6803F1040E55604A68724504BFDA68AB
S21403BF604A605E610A68013A0A60DA6AA16B8A422D
S21403BF7088BFA26300FB0242126C9A609168D96084
S21403BF80C1F804E0C2F808E0DA6A4243B918596116
S21403BF902244D16B0131D163D4F89C14DA6AC96A9E
S21403BFA08A4201D9C4F8A0C4D4F86026002AB6D1C0
S21403BFB00BB1FFF7A9FCD4F8A4544DB10126FFF743
S21403BFC0B1FC08B1C4F8A064013DF8D1C4F8A45488
S21403BFD0D4F8A034002B90D0D4F89C3401F013FE90
S21403BFE001248BE7C80A002070B50546254CFFF7E9
S21403BFF073FE0DB9D4F89C542E1D304602F07BF91F
S21403C000AB6A1BB105F1180002F075F9D4F88C364B
S21403C0100133C4F88C36D4F89C34AB42D4F8883653
S21403C02000D163B9D4F83436013BC4F83436FFF78D
S21403C0306BFCFFF75FFE284601F05BFE14E0D4F8C6
S21403C0407836AB609A68EA6056609E600E4B6B610A
S21403C050D4F874360133C4F87436D4F8E0360133B2
S21403C060C4F8E036FFF746FED4F8883643B1D4F872
S21403C0709C34AB4204D1A36ABDE8704001F0C3BD53
S21403C08070BD00BFC80A00203C11002008B5114C43
S21403C090D4F8E0362BB9E36B012BF9D901F0B3FDE5
S21403C0A0F6E7FFF719FED4F88036DD68281D02F0A0
S21403C0B022F9D4F83436013BC4F83436D4F8E036E3
S21403C0C0013BC4F8E036FFF715FE284601F011FEE3
S21403C0D0DEE700BFC80A0020F8B504460D46FFF7A2
S21403C0E0FBFD154A6168D06AD2F89C3493F8563043
S21403C0F04BB1D2F89C34002283F856200124FFF774
S21403C100F9FD2046F8BD2B685E1C12D0566B2768D7
S21403C110B74204D0814202D800232B60EEE7461ACA
S21403C120B342F9D91B1A0B442B60536B2360D36AB3
S21403C13063600024E3E700BFC80A002010B50C467E
S21403C140054BD3F89C14183101F00AFD2046BDE8D0
S21403C15010400121FFF79EBCC80A002030B51F4BD4
S21403C1609A6A1AB10122C3F8A02430BDC3F8A024EA
S21403C170D3F89C24126B1168B1F1A53F0BD151681B
S21403C180B1F1A53F07D19168B1F1A53F03D1D268BC
S21403C190B2F1A53F03D0D3F89C24D3F89C241425EE
S21403C1A09A6B0F4C05FB02F10859A8B15818056C99
S21403C1B008316D680C44A54208BF816C056408BF4E
S21403C1C00164142101FB0231096CC968C3F89C148D
S21403C1D09A63D3F89C34C8E7013AE3E7C80A002019
S21403C1E0040B0020054BD3F888262AB1986AB0FAC8
S21403C1F080F040094000704701207047C80A0020BD
S21403C20070B5054620F0010400F0010601F099FD23
S21403C210C8B9012D1AD976B10E4BA268D3F89C344F
S21403C2209A420DD1E368013BE36013B9204601F05F
S21403C23069FB002006E0204601F064FB0128F8D0E5
S21403C2406FF0020070BD6FF00500FBE76FF00300B0
S21403C250F8E700BFC80A002008B5FFF7C3FF40B1E0
S21403C260022805D0044BD3F8EC06431E5842584127
S21403C27008BD0320FCE700BFC80A00202DE9FF47DE
S21403C2800025044601912E46FFF7ACFFA846874FCC
S21403C290FFF722FDA36BCBB1013BA36323683BB936
S21403C2A0824BD3F89C3413B1DA6C0132DA64A360A0
S21403C2B023692BB1E06901F0C1FA08B101F0A3FCD0
S21403C2C0FFF718FD012004B0BDE8F087019B1BB9FA
S21403C2D0FFF710FD0020F6E71EB97B6B0293FB6A9F
S21403C2E00393FFF707FDFFF7F5FDFFF7F5FC94F85B
S21403C2F04430FF2B08BF84F8448094F84530FF2B66
S21403C30008BF84F84580FFF7F5FC01A902A8FFF7EC
S21403C310E3FE0646002871D1FFF7DEFCA36B002B75
S21403C32055D1FFF7E7FC2368002B42D1FFF7D4FC77
S21403C330A568002D3AD05D4EEB6AD6F89C24D26AE7
S21403C340934252D2AA69DFF86891002AA1BFD6F8B1
S21403C3509C24D26AC2F13802AA61142202FB039318
S21403C3606A699A423CD105F1040A504601F0C3FFBC
S21403C370D6F89C34B26BDB6A93424FF01402EB623E
S21403C38088BFB36302FB03631B6CAB609968E96009
S21403C390C1F804A0C3F808A0EB6A534309EB0302F1
S21403C3A06A613344DA6B0132DA630126FFF7A2FCD3
S21403C3B03546019904F12400FFF7C0FE2046FFF737
S21403C3C04FFDFFF78FFD48B901F01DFC06E0FFF7B0
S21403C3D091FC2046FFF744FDFFF784FD012657E74F
S21403C3E0D6F89C34DB6AEB62DFE7D6F89C34AE6C97
S21403C3F0DB6A9E422CBF00260126D7E72046FFF7BE
S21403C4002FFDFFF76FFDFFF767FCA36B13B1FFF775
S21403C41071FCE3E7FFF76EFC002D3FF45BAFFFF71D
S21403C4205BFC636A1BB1236B1B68C3F13803A46808
S21403C430002C3FF44DAFA26C934238BF1346E26A1A
S21403C44093423FF445AFE16C01297FF441AF174DAA
S21403C450E362D5F89C14A169154E0029A4BFC3F165
S21403C4603803A361142303FB0262636993427FF4D8
S21403C4702FAF271D384601F03EFFE36AAA6B9342AF
S21403C4804FF0140288BFAB6302FB03531B6CA3601D
S21403C4909968E1604F609F60E36A53431E44666198
S21403C4A01D44EB6B0133EB6312E700BFC80A0020A1
S21403C4B0040B00202DE9F0410F46044618B96FF02F
S21403C4C00300BDE8F08101F03CFC00283CD0002FBF
S21403C4D0F5D1C9F791F801F0B7FBD4F838800646D2
S21403C4E0B8F1000F04D101F0BAFB6FF00200E8E7E1
S21403C4F094F844503946204601F05CFB6DB208F1CF
S21403C500FF33A3636B1C15D123691BB9304601F0B7
S21403C510A6FB0DE0E06901F091F90028F6D030465D
S21403C52001F09DFB4FF0E0234FF08052C3F8042D3B
S21403C5300020C6E70A4BD3F834369D423EBF01358A
S21403C5406DB284F84450E1E739462046FFF796FE7D
S21403C5500128EDD0002FC8D06FF00100B1E700BF6F
S21403C560C80A00204FF000098FB57A4DD5F8AC34D1
S21403C570D5F810171F68002F49D1FFF7ABFCEE6AFA
S21403C5808E4252D3D5F8A834C5F810671B68B3FAA1
S21403C59083F84FEA5818D5F81447FFF79DFB94F82D
S21403C5A04430FF2B08BF84F8449094F84530FF2BA3
S21403C5B008BF84F84590FFF79DFBA36BF3B9A36A06
S21403C5C0D5F89C24D3619968D5F89C241162D5F8D4
S21403C5D09C2418324A60D5F89C2418329A60D5F801
S21403C5E09C3404F124029A62636A01336362B8F1ED
S21403C5F0000F4ED1B81B4146FFF74CFA2046FFF713
S21403C6002FFCFFF76FFCB0B901F0FDFA13E0DB680F
S21403C6101F68FFF75FFCEE6A8E4206D3B742C5F883
S21403C62010672FD94FF00008B5E7FFF79FFAC5F854
S21403C6301067FFF757FC102200216846F7F795FCB2
S21403C640D5F81447FFF7CEFDFFF746FBA66B002E83
S21403C6507CD06946204601F0ADFA2369013EA66305
S21403C6602BB1E06901F0EAF808B101F0CCFAFFF764
S21403C67041FB009E029C002E0EDA20460399019B86
S21403C6809847DDE7FFF72EFC31463846FFF74EFAAC
S21403C690D1E74FF0FF30AEE7636993B9EF6AD5F899
S21403C6A01037BB4201D9FFF761FA013EC5F8107790
S21403C6B0082EC5D8DFE806F009092C334209092CF1
S21403C6C03300201D01F017FEE8E794F82830019E9A
S21403C6D0A16943F0010384F828303A4633462046DE
S21403C6E03144FFF7B9F90028AAD094F82820510757
S21403C6F009D5A1693A462046314401F048FA204656
S21403C700236A98479CE722F0010284F82820F6E77C
S21403C71094F8283023F0010384F8283090E794F83F
S21403C7202830019943F0010384F82830A1613B4681
S21403C7303A4620463944FFF78FF981E794F82830C4
S21403C7409A07E7D4204601F0BEFA79E7FFF7D2FA54
S21403C7500CE700BFC80A002008B5054BD3F8B000A5
S21403C760EDF79CFB00F00300C31E5842584108BD7A
S21403C770501C0020EFF31182302383F31188084BFB
S21403C78049B1D3F858110843C3F8580182F3118806
S21403C790BFF36F8F7047D3F8581121EA0000F3E711
S21403C7A0501C0020EFF31182302383F31188064BCD
S21403C7B0D3F8583182F31188BFF36F8F034214BF47
S21403C7C001200020704700BF501C002008B5064B10
S21403C7D0D3F8B000EDF762FB012801D0DFF7D0F8FD
S21403C7E0BDE80840DFF7C6B8501C002008B5CFF7F1
S21403C7F0B7FA38B1044BD3F8640118B10368187854
S21403C800C0F3401008BD00BF501C002008B5FFF75A
S21403C810EDFF00B9FEE701F037FC00B9FEE70121A2
S21403C8204FF48060FFF7A6FF00210220FFF7A2FF68
S21403C83000214FF48030FFF79DFF00210820FFF70B
S21403C84099FFDFF797F80022014B83F8682108BDAC
S21403C850501C002008B5CFF783FA50B1054BD3F828
S21403C860640130B10368188800F00700C31E5842FD
S21403C870584108BD501C002038B50C460546D0F775
S21403C880FCF80023844228BF01F1FF31044A1B1938
S21403C89015B1C2E99C3138BDC2E97C31FBE700BF64
S21403C8A0501C00202DE9F04F884CEDB08046CCF7A5
S21403C8B023FBD4F8B0000AA9FDF742FFBDF82A709F
S21403C8C0022F40F20A824CAD0AAE0FCE0FC5336874
S21403C8D0272F2B600AD92723BDF82C20ADF8323139
S21403C8E0262A82BFADF8343100234F93D4F8B00024
S21403C8F04CAA2CA9FDF75BFF9DF83251002D00F0E2
S21403C900EC810DF1B1000C9B18901B78ADF86430E8
S21403C9100DF231132293DFF73BF900F44050B0F5E4
S21403C920005F40F061829DF83800D0F739FA074679
S21403C93004A918A8DFF71DF9002F00F06081644BE7
S21403C9401D7865B19DF818504DB1022D40F0518108
S21403C950384604A9CFF766FDC543C5F3C0359DF831
S21403C960183094F898A2012B94F9999240F04F81CD
S21403C970C9F787FCBDF810300668002E40F04181E9
S21403C9800026222200210FA8F7F7EFFA00231898B3
S21403C9908DF824308DF801308DF80230DFF7F8F883
S21403C9A000F44053B3F5005F40F09781820640F1F0
S21403C9B0948107A918A8DBF74BFE002840F08D8169
S21403C9C09DF82430002B00F08881012BBDF81C2035
S21403C9D004D14FF6FF739A4200F07F810DF14A01AE
S21403C9E018A8CDF7BEFE002840F077819DF8529038
S21403C9F0B9F1000F00F07181189C2046DFF7D3F8D9
S21403CA00002840F058812046DFF7C2F88246CBF76D
S21403CA109EFF01465046CDF727FB8346002900F0CC
S21403CA2064812046DFF7B6F8BBF1000F01D0023071
S21403CA30C0B2CAF3812ABAF1020F00F05181BAF1EB
S21403CA40030F00F05081FF2800F04781235AADF80A
S21403CA50563001238DF859309DF866302022002188
S21403CA6024A88DF88E30F7F780FA1A4B9DF801202C
S21403CA700F939DF802308DF85A208DF85B309DF8A1
S21403CA804830012B00F03881022B0CBF032400240E
S21403CA90B9F1010F4FEA843400F03081B9F1020F87
S21403CAA014BF44F4005444F43054003A18BF01222F
S21403CAB044F0020444EAC204002B40F022819DF8AD
S21403CAC05930002B00F02A8106E000BF501C0020DE
S21403CAD081140020020000209DF85D3002A8DB07C9
S21403CAE00DF2311302934FF4FE0348BF44F48074EF
S21403CAF021460393DEF7FBFFE00503D4012102A8DA
S21403CB00CBF792FE2046CDF7AFFA20B1BDF856100C
S21403CB1002A8DEF7ECFF02A80DF14A01DEF7F2FFEA
S21403CB202046CBF714FF20B1BDF8541002A8DEF759
S21403CB30DEFF10A902A8DEF7E5FFBDF80C309DF86E
S21403CB405A40ADF88C30B4B19DF85B3001221C43DB
S21403CB500DF1030102A88DF80340DEF7B8FF204667
S21403CB60CBF72AFF411E89B202A8CBF75DFE20460B
S21403CB70CBF70DFF0446BDF83C30032B09D19DF8D7
S21403CB805C3001220DF1030102A88DF80330DEF7B5
S21403CB909EFFA11C89B202A8CBF746FEBDF80C4047
S21403CBA00DF23110ADF88C40DEF7F2FF002D00F0E9
S21403CBB0B88040F0100080B28DF83101000A8DF87D
S21403CBC032010DF23110DEF7E3FF002E00F0AC80E9
S21403CBD040F4007080B2DDF860908DF83101000AF1
S21403CBE08DF832014846DEF7D3FFC10540F19F803A
S21403CBF0FEE73846BDF81010CFF7EEFBACE63D4631
S21403CC00ADE6F2889A4200F03D813668B5E6022B1F
S21403CC107FF4B6AEC9F735FB0668002E3FF4B0AE18
S21403CC20082204A9B018FEF728FB002800F02A8182
S21403CC303668F2E78DF804A023BB110720D401263B
S21403CC40002F3FF49DAEB4F89B32324623F4FF43E5
S21403CC50A4F89B32331D84F89B329B2384F89D32C1
S21403CC60B82384F89E32EA2384F89F32002392483E
S21403CC7001A9063684F8A032F6B2F7F795FB80E6EC
S21403CC8001230DE1012194F89A32A9EB03035BB269
S21403CC90002B0EDBB9F17F0F08BF00238220C3EB06
S21403CCA00323B3FBF0F301A843540029C5D002269F
S21403CCB0C6E70023F2E70DF1010118A8CDF747FAFE
S21403CCC058B99DF80130052B07D10DF1020118A8BC
S21403CCD0CDF74DFA00283FF496AE6DB0BDE8F08F61
S21403CCE00230C0B2AFE60830FBE700283FF4B4AE2C
S21403CCF02046DEF74FFFA6E60224C9E644F4205496
S21403CD00D3E6022B03D1B9F1020F3FF4D8AEBDF838
S21403CD105420BDF856309A427FF4DEAE44F0400409
S21403CD20DAE620F0100046E720F4007052E70DF232
S21403CD303110DEF72DFFC20500D5FEE799F8023065
S21403CD4048468DF83331DEF72EFF50B102A918A8F6
S21403CD50CDF746FA0028C0D19DF8081022A8CDF7D3
S21403CD6053FA96B10DF23110DEF712FF830539D56B
S21403CD7022A8CDF769FA0DF2311332464F4918440B
S21403CD802644F7F711FBADF88C600DF23110DEF791
S21403CD900AFF28B1394622A8CDF7DAFA00289CD133
S21403CDA00AA801F05DF9002897D1DDE90C43BDF828
S21403CDB02C202298002A08BF1C46DEF7F4FE18B182
S21403CDC0237843F0040323701DB1237863F07F03B5
S21403CDD02370BDF88C2040464CA98DF83021FDF712
S21403CDE02DFE7AE7FF20C6E7354B012D1B781ED1B3
S21403CDF033B340464CA9FDF71EFEA0B99DF8380094
S21403CE00CFF7CEFF00283FF468AF9DF83831032BE9
S21403CE102CD14CA9CFF706FB0028FFF65EAF4046A1
S21403CE20FDF707FE80B102283FF457AFFEE7002B5D
S21403CE30DFD19DF8B13003F00703012B3FF44DAF6C
S21403CE404046FDF7F6FDC8B90AA801F009F900281F
S21403CE507FF443AFDDE90C32BDF82C10002908BF80
S21403CE6013461A7862F07F021A7036E7022B7FF4B5
S21403CE7034AFBDF83011CFF7AFFACDE702283FF451
S21403CE802CAFD3E732799007C2F38003C2F3400195
S21403CE903FF5D0AE002B7FF4F6AE10077FF570ADEE
S21403CEA0822209F18209C9EB0929B9FBF2F901AA21
S21403CEB05E1C02F80390C3E6F11E0020EB1E002062
S21403CEC0811400200E49D1F8F030A0B10022A3B19E
S21403CED0834204D183682AB9C1F8F03003E01A46C6
S21403CEE09B68F4E7936083681BB15A6941690A44F7
S21403CEF05A6100207047222070470220704700BF07
S21403CF00E0200020F0B49DF81050BDF81460C8B1BE
S21403CF100024C461EFF31187302484F311880C4C8A
S21403CF20D4F8F04014B1A0420AD1012487F3118843
S21403CF30BFF36F8F4CB9CDE90456F0BC00F08EBD3D
S21403CF40A468EFE72220F0BC70470320FBE700BF8E
S21403CF50E020002038B50021044640F2E730054BB8
S21403CF604FF47A721D680023E5FB0401F5F7ACFF66
S21403CF7038BD00BF9016002010B50F4B1A689AB143
S21403CF804FF47A71531E1342A0FB01010ED1B2FA7D
S21403CF9082F2C2F11F04531CD243E04001FA03F3AA
S21403CFA0184321FA02F20243104610BD0023F5F798
S21403CFB08BFF0246F8E700BF9016002030B5104CF2
S21403CFC04161D4F8F0309BB9C4F8F00083600EE0FA
S21403CFD0891A41619A681D467AB113465A698A428C
S21403CFE0F6D93DB1A86083605A69521A5A6130BDBA
S21403CFF00025F3E7C4F8F000F5E798608260F6E7EB
S21403D000E020002010B5EFF31184302383F311885A
S21403D010D5F748FF074BD3F854124FF0B0435B697C
S21403D020DB0702D5D5F73EFF013184F31188BFF342
S21403D0306F8F10BDE020002070B52C4CD4F8F03074
S21403D040002B51D059692A4B002941D0D4F85822D5
S21403D0504FF0B045114408229A61EFF3108672B67A
S21403D060D5F720FF2B6C6A69150704D41A1A032A0E
S21403D07001D898420ED10B1A022B98BFC11C4FF051
S21403D080B043B1F1FF3F38BF01390822196403F5F5
S21403D09080539A61174A304601F002F892F820301E
S21403D0A043B14FF0B041CB6B43F00203CB63002395
S21403D0B082F820300023D4F8F02084F85C322AB1BA
S21403D0C0D188890708D5012384F85C32002070BD17
S21403D0D008229A615A61EDE79268002AF6D05169F0
S21403D0E00B44012BECD9F1E72220F0E7E0200020E7
S21403D0F0001000587C77002038B5D5F7D3FE0025FE
S21403D100094CD4F85832D4F8F020C31A2AB123B104
S21403D1105169994204D3C91A5161C4F8580238BDFB
S21403D12055615B1A9268F1E7E020002038B50446A3
S21403D13070B3EFF3108572B6FFF7DEFF154BD3F827
S21403D140F000A04209D02046FFF7BCFE0346D0B14C
S21403D150284600F0A5FF184638BDFFF7B3FE034682
S21403D1600028F5D1FFF768FF22280CD101220A4BCD
S21403D17083F820204FF0B042D36B23F00303D3632E
S21403D1800822064B9A61284600F08AFF0023E2E74E
S21403D1902223E0E7E02000207C77002000200058D0
S21403D1A038B51C4AD2F8803243F00103C2F8803205
S21403D1B0194B5B68C3F3080343B14FF0A842D36B24
S21403D1C013F0430FFBD11424204638BD134D95F8B6
S21403D1D0E030A3B1124801F03BF804460028F3D12F
S21403D1E0D5F848311BB904210E48DAF737F9D5F8D4
S21403D1F04831013343F00043C5F84831E4E795F876
S21403D200E030002BE6D1D9F7F9FB04460028DBD142
S21403D210E0E700BF0080005000ED00E0183100207A
S21403D220FC3100206032002010B50446CEF798FD8E
S21403D230B0B1B4F5007F4FF001010ED12046FFF7E1
S21403D24099FA00211020FFF795FA00210548FFF709
S21403D25091FABDE81040DEF78DBB4FF48050F2E73D
S21403D26010BD00BF0A00010070B5054640B3EFF3DA
S21403D270108672B6046E012C18D924F0010400F04F
S21403D28060FD68B123688BB9A4687CB10D4B1B683D
S21403D2909C4209BF6C6D0124E44304F0010406E0DC
S21403D2A0FEF71AFD23683BB1FEF724FD0024304643
S21403D2B000F0F6FE204670BDA468FEF71BFDE4E70B
S21403D2C00124F7E7640F0020044B5B68C3F30803ED
S21403D2D013B9034800F048BF0020704700ED00E094
S21403D2E0FC310020F0B51A4B85B00093194B019022
S21403D2F0029346F611030D460393FFF751FF1428D6
S21403D300044620D1EFF3108072B64FF0A8431F688F
S21403D3101E6900F0C5FE4FF0A84303225A63C3F804
S21403D32000D01D619A63DA6B9207FCD1142C06D1E8
S21403D330EFF3108072B61F601E6100F0B1FEFFF7B8
S21403D340C3FF044601E00028E5D0204605B0F0BD43
S21403D35060320020040000202DE9F04F15464922D4
S21403D360B3B08DF8B4203C9ADDF8F8A006460C4618
S21403D37002F10C000DF1B50152F8047B824241F82C
S21403D380047BF9D1127801AF0A7000228DF8C2200F
S21403D3904FF48072B846ADF8C4209DF8F4208DF89B
S21403D3A0C3508DF8C620584A02F1100EBC461068CA
S21403D3B051680832ACE8030072456746F6D101228D
S21403D3C05249002D40F08480CDF814A006920791B0
S21403D3D040F6214108914E49CDF82480002E40F0B6
S21403D3E08D80102705AA0A920B91012242EA072292
S21403D3F00C922DAA0D9209AA0E92464A0DF1640BC1
S21403D4000F9240F64152109211930DAB1293404B7C
S21403D410414A139340F611031493131D002E18BFAD
S21403D4201346159311AB1693384B102217931123FB
S21403D430002158461893F6F798FD01234FF000098C
S21403D4401A93364B10221B934E450CBF4346534646
S21403D4501D9304230DF1840849464046CDF878B061
S21403D460CDF880901F93F6F780FD1DAB47F0804202
S21403D470229323922594B4FA84F44F4518BF434667
S21403D480640945EA84741022494629A82693CDF8F0
S21403D490A0902794F6F769FD002D33D025AB2A9389
S21403D4A01F4B29A915A82B93FFF71CFF68B966B96C
S21403D4B09DF804209DF805409DF8063022439DF80C
S21403D4C007101343194318BF2C2033B0BDE8F08F61
S21403D4D0CDF814A00692079140F621416F420891B9
S21403D4E007F00F07099445F000511EB905AA0A92E2
S21403D4F00B917AE70A920B91212277E70A9210277B
S21403D5000B91F9E74346CAE774F6030004000020CC
S21403D5101000002013000020E4F603000C00004077
S21403D52020000040F0B5C0299FB08668DDE9244599
S21403D53057D0B1F5807F04D0802948D029201FB06A
S21403D540F0BD01205CB140F23447029403901020F2
S21403D5500490212001970590069502A80AE040F260
S21403D5601447029403901020049021200590012074
S21403D57001970695079001241020089009940A92B3
S21403D58021220B940C900D92174A0AAC0E92174A5E
S21403D5900F94109242F61102119212931394149060
S21403D5A0159201AA1692D3B112AB179304231893BC
S21403D5B01123199316AB1A961B9340F61103C90849
S21403D5C01C911AA806A91D93FFF78CFEB7E7012046
S21403D5D014B94FF48267C4E74FF48667B5E70EAB1A
S21403D5E0E3E70F20ABE700BFECF6030010000010E4
S21403D5F010B50446314800F02BFE00283ED12046E5
S21403D60000F088FD94F82430002B38D04FF098446F
S21403D610A36D43F00203A365FEF71EFE02281CD08B
S21403D620A36D23F00203A3654FF4A022244B5C688A
S21403D6305A60224800F098FD04B3B4F5E02F32D0C8
S21403D64026D8B4F5403F30D01DD8B4F5803F2ED051
S21403D650B4F5003F11D12A2010E01A4B4FF0FF31EA
S21403D660D3F81002FEF726FFA36D23F00203A3658B
S21403D6700028D9D0114800F077FD012010BD00F036
S21403D68030FD0446D5E7B4F5802FF6D14B20F5E7F9
S21403D690B4F5302F0DD0B4F57F0F0CD0B4F5202F92
S21403D6A0EBD11020EAE72120E8E72C20E6E7482024
S21403D6B0E4E71120E2E70620E0E700BFE0210020D0
S21403D6C0B87700201831002000230E4A10B5C0E9B1
S21403D6D0002383600362012386B0039104930A4BFD
S21403D6E0044605936B4606AA12E9070083E807007B
S21403D6F01946204600F02EFD2046FFF779FF06B0B8
S21403D70010BD00BF00000843040000202DE9F843C5
S21403D7100E460A9D94002246A5218046286B99460C
S21403D720089FF6F722FC296B221F0A4422F0070201
S21403D7306EB1731E05F13300093613F8014F00F876
S21403D740014F0CB1B342F8D1002385F83D300023D6
S21403D7506B61AB624FF08073EF62AF64C7F138075B
S21403D760AF612D616D6242E902831A4B4FF01230AE
S21403D77042F80C3C4FF003334FF0023442E90530D5
S21403D7804FF001334FF0113642E907344FF01033B0
S21403D7904FF0093742E90A364FF008334FF0073C9B
S21403D7A042E90C374FF006334FF0053842E90E3C9A
S21403D7B04FF0043342E910386FF0020342F8443C5A
S21403D7C0099B42F8209C42F8481D2A601D60BDE86C
S21403D7D0F88300BF1556000070B5054620F0010417
S21403D7E000F0010600F0ADFA00BB012D21D9BEB151
S21403D7F0114BA2681B689A4204D1E3680133E360C5
S21403D80000200CE04FF0FF312046FEF737FD20B135
S21403D810E3680133E3600128F2D06FF0010070BDC6
S21403D8204FF0FF312046FEF729FDF4E76FF00500C1
S21403D830F5E76FF00300F2E7640F002030B5C36826
S21403D8409A6AD3E907018160D8694860516803F191
S21403D8501800814204BF196A516000219962116859
S21403D86001391160214A1268002A33D1D3E9020133
S21403D8705A698160986848605168181D814204BFE0
S21403D880D96851600021596111680139116018493E
S21403D890DA6A0C68A2424FF0140488BF0A6015497E
S21403D8A004FB021252689A609568DD6068609060B7
S21403D8B0DA6A6243501858618858013088500E4A15
S21403D8C01168DA6ACB6A9A4285BF01200B4B0020A7
S21403D8D0186030BD0A4A5168D9618C681C62606062
S21403D8E0886011689A6201311160E8E7F00A002047
S21403D8F0000B0020040B0020640F0020680F00209C
S21403D90028110020F8B50446FEF76CFCFEF7E4F990
S21403D910A26BE36B9A425AD2A66B226C0136002A9C
S21403D92044D1226862B1636AA6632BB1206BFFF70A
S21403D93085FF08B100F067F9FEF7DCF90120F8BDB2
S21403D940A568002DEFD0244BE86A1B68A96CEB6C26
S21403D950884203F1FF33EB6400D00BB1A260E2E729
S21403D960281D00F0C8FCAB6CC3F13802AA611B4A41
S21403D970EB6211688B424FF0140188BF1360184A9C
S21403D98001FB03235B68AB609F68EF607860986079
S21403D990EB6A4B4399186961D1580131D150002382
S21403D9A0A360636AA663002BC4D0BFE70021606848
S21403D9B0F6F7FAFC6368226CA6631344A2686360F6
S21403D9C0934228BF2268636A28BF6260ADE7FEF70A
S21403D9D091F90020B3E700BF640F0020000B00207E
S21403D9E0040B00202DE9F041044600F0AAF938BBE9
S21403D9F034B3144B1B689C4218D0FEF76DF9124BD8
S21403DA00D4F828801F68114B65691E68FEF772F903
S21403DA100F4B98450AD0BD4208D0B54206D00D4BF1
S21403DA209D4208D1A36A0BB994F854302046BDE84A
S21403DA30F041FEF7D9BA084B9D4201D0002DF5D12F
S21403DA40BDE8F081640F0020E80A0020F80A0020F1
S21403DA5028110020D41000203C110020F8B51F46E2
S21403DA609DF81830076003710023C0E90323836021
S21403DA70BDF81C300446C3800D461646D5F712FA89
S21403DA802844A06135B9656116B139462046B047CA
S21403DA900020F8BDEFF3108672B6FFF72DFB29467C
S21403DAA02046FFF78BFA054B1B689C4201D1FFF714
S21403DAB0C3FA304600F0F4FAEAE700BFD0210020AC
S21403DAC0064A127842B1072806D8054A02EB001325
S21403DAD01B7B0BB1D4F794BC704700BF081600201D
S21403DAE00C16002038B5044630B300F02AF978B394
S21403DAF0C7F782FD00F0A8F8A26BE36B05469A42CF
S21403DB0003D3BDE8384000F0AAB894F845100132B4
S21403DB10FF294BB2A26310D1636A002BF1D0206BAE
S21403DB20FFF78CFE90B1284600F099F84FF0E023FB
S21403DB304FF08052C3F8042D38BD084A126893424A
S21403DB403EBF01335BB284F84530DAE72846D8E7B0
S21403DB502046BDE83840FFF7D5BE00BFFC100020C6
S21403DB6030B50C68631C0AD103695A684A60916031
S21403DB708B605960086103680133036030BD00F1B0
S21403DB800802134652681568A542FAD9EDE770B540
S21403DB9004460D461646A1692B46324620462944BE
S21403DBA0FDF75AFF00B970BDA36920461D44236ADA
S21403DBB09847F0E703461A6C084610B46AB1DC6867
S21403DBC0996814448C4228BF1968DC6028BFD96062
S21403DBD0D9685DF8044BF6F7E7BB5DF8044B70476E
S21403DBE028B1002282600260C260FFF78BBE7047D6
S21403DBF04FF0FF3200F10803C0E9022343600361DC
S21403DC000023036070474FF0E0234FF08052C3F8C1
S21403DC10042DBFF34F8FBFF36F8F7047836913F8DD
S21403DC20023C662B0FD14FF0E023D3F8882D42F445
S21403DC307002C3F8882DD3F8342F42F04042C3F85D
S21403DC40342FFEF723B87047EFF311804FF03001FF
S21403DC5081F31188BFF34F8FBFF36F8F704780F345
S21403DC601188BFF34F8FBFF36F8F70472DE9F043D3
S21403DC70174658220E46002187B005929846DDE9DE
S21403DC800F94059B0546059B0491C4B1B9F1000F9B
S21403DC9015D02046F6F769F9022384F8553004AB0D
S21403DCA0C4F8309001930E9B284600933A464346A9
S21403DCB031460294FFF72AFD2046FEF727F804981C
S21403DCC007B0BDE8F08308B538B1FEF703F9D4F71B
S21403DCD0A7FCBDE80840FEF705B908BD10B5FEF77A
S21403DCE0A7F890F846301BB9BDE81040FFF7EBBF26
S21403DCF010BD10B590F8553004463BB9006BFFF7DE
S21403DD00E2FF2046BDE81040FFF7DDBF012BF9D048
S21403DD1010BD38B54FF0E0252B69FEF763FA0128EE
S21403DD200ED0FFF791FF0446FDF7FCFD18B14FF048
S21403DD308053C5F8043D2046BDE83840FFF78FBF43
S21403DD4038BD08B5EFF3058111B10121084608BDBA
S21403DD50FEF748FA0128F9D0EFF31083002BF4D12D
S21403DD60EFF31181003918BF0121EFE710B5044620
S21403DD70FFF7E7FF48B92CB1226B135CA52B02D043
S21403DD8020F0030010BD0130F7E70020FAE773B573
S21403DD900546FFF7D6FF18B10024204602B070BD33
S21403DDA06B6813F00801F7D1D5E9024203F00103CB
S21403DDB0ECB14F2AF0D9502233B30092009B009B5C
S21403DDC001232046C4E90F3184F84630246000F06E
S21403DDD05EFA0423204684F84C30FFF701FF2968D7
S21403DDE011B12046FEF706F844F00104D5E7002AF1
S21403DDF0D2D10BB30421012000F0AFFA0446FFF79B
S21403DE00EFFE002CEBD1C7E7012601922046C4E9BA
S21403DE100F6384F846602460019A019A00F037FA8B
S21403DE20204684F84C60FFF7DBFE29680029B4D04F
S21403DE302046FDF7DFFFB0E70121084600F08DFA24
S21403DE400446FFF7CDFE002CEFD1A5E7F7B5054650
S21403DE500F461646FFF775FF40B93DB1BD4205D3E1
S21403DE6056B1D6E902432CB14F2B15D800242046D1
S21403DE7003B0F0BD002BF9D1012D40D10321284674
S21403DE8000F06BFA04460028F0D01FB1FFF73AFD06
S21403DE90012819D166BBEAE7012D4FF0500317D1CD
S21403DEA00093C4E90F5084F8465020462460009B34
S21403DEB0009B00F0ECF9032384F84C30C7B12046EE
S21403DEC0FFF720FD012813D02046FFF707FFCDE715
S21403DED00193019B019B0123C4E90F5084F846304C
S21403DEE02046246000F0D3F90223A76384F84C305D
S21403DEF031680029BBD02046FDF77CFFB7E7022137
S21403DF00284600F02AFA04460028AFD08763C1E704
S21403DF1008B5FFF716FF014640B9FEF763F940B1AF
S21403DF20022808D1FDF7D6FF084608BD6FF00500A6
S21403DF30FBE70120F9E74FF0FF30F6E710B504469C
S21403DF40FFF7FFFEB0B9FEF74DF930F0020314D128
S21403DF50012C03D1FDF7BEFF204610BD6CB9FDF7BB
S21403DF60C1FF0128F8D0FEF73DF9841E18BF4FF015
S21403DF70FF34F1E76FF00504EEE74FF0FF34EBE70D
S21403DF8000232DE9F04F87B006460F461546059346
S21403DF90FFF7D7FEC8B9AC692CB1631E372B03D97C
S21403DFA007B0BDE8F08F18246B68DB0754D46B69A1
S21403DFB06BB14FEA9308D5F80090D5E9021249B140
S21403DFC0572A02D92A6902B1B3BB0598E8E74FF08E
S21403DFD0A008F0E7002AF8D1D5F810B0BBF1000F7F
S21403DFE0F3D14FEA8800FDF775FFD4F70FFB82469F
S21403DFF0FDF778FFBAF1000FE7D05820FDF76AFF68
S21403E000D4F704FB0546FDF76DFF0DB359465822BA
S21403E0102846F5F7AAFF013C05ABC5F830A0304605
S21403E020019342463B46494602950094FFF76EFB32
S21403E0302846FDF76BFEC8E7013CCDE901213B46C8
S21403E0404246494630460094FFF710FE0590BCE76B
S21403E0505046FFF738FEB8E70020A1E700207047D8
S21403E06083884BB18268013B013282604288838099
S21403E070013A428000207047012070470846CBF7DC
S21403E08059B81046CBF756B808B5CDF769FE20B198
S21403E090BDE808400820FEF785BB08BD0020704792
S21403E0A010B962B6BFF36F8F7047EFF3108072B686
S21403E0B0704780F31188BFF36F8F7047EFF31180BB
S21403E0C0302383F31188704708B5EFF311813023AB
S21403E0D083F31188D4F7E6FE81F31188BFF36F8FBD
S21403E0E008BD4FF098435A6CD202FCD5586D00F425
S21403E0F07020704708B528220021F5F736FF002068
S21403E10008BD036A042B9FBF00EB83020133D16073
S21403E11003627047036A10B5052B15D84FF0984273
S21403E120116CC902FCD504339B00136503684FF0DA
S21403E1309844136043681360034653F8081F11603E
S21403E1400022016A914200D810BD53F8041F013221
S21403E1502160F6E7836813B9816070475B685A6885
S21403E160012AFBD15960704710B50446C8B1FEF7C3
S21403E17073F8022813D1EFF31083DB070AD4EFF307
S21403E18011832F2B06D8206EFEF73AF8003818BFF7
S21403E190012010BD2046BDE81040FFF765B80020FB
S21403E1A0F4E70120F5E730B5C02A93B02FD0B2F5D7
S21403E1B0807F29D0802A2CD14FF4807480F0010010
S21403E1C020430190169801250E90102421200F95C8
S21403E1D0109411900A9301AB0B950C940D90069333
S21403E1E00AAB0793042308931123099306AB029102
S21403E1F0039340F61103D2080EA902A804920593CE
S21403E200FFF770F813B030BD4FF48274D6E70F20D3
S21403E210F8E72920F6E78968FFF7C5BF1FB5079C0F
S21403E22002949DF81840CDE9003483680020FFF778
S21403E23093F804B010BD1FB5079C02949DF81840D0
S21403E240CDE9003483680120FFF786F804B010BDDB
S21403E25010B50446C8B1FDF7FFFF022813D1EFF34C
S21403E2601083DB070AD4EFF311832F2B06D8206E17
S21403E270FFF7B2FA003818BF012010BD2046BDE8EC
S21403E2801040FEF7F1BF0020F4E70120F5E738B5AC
S21403E290044618B3C56B0DB3036CA3FB0535EDB984
S21403E2A0FDF71AFDD4E90F314B432268A563D01856
S21403E2B05B1A62601A44FF23A06084F84430E2606D
S21403E2C084F8453004F11000FFF792FC04F12400B3
S21403E2D0FFF78EFCBDE83840FDF70CBD38BD302295
S21403E2E00123504341F2100200F1A0408B4000F599
S21403E2F07030835070470369D0E901128A60416821
S21403E30051605A68904204BF82685A6000220261D4
S21403E3101A68013A1A60704710B50446FFF711FDF4
S21403E32040B93CB12046FDF783FD2046BDE81040CA
S21403E330FFF7D4BC10BD38B5044620F00105FFF73F
S21403E34000FD48B9012C07D92846FDF771FD28467C
S21403E350BDE83840FFF7C2BC38BD70B50E4605466B
S21403E36040B1FDF7B7FD5020D4F750F90446FDF74A
S21403E370B9FD14B90024204670BD00232046C4E925
S21403E3800F5384F846302460FFF781FF84F84C600F
S21403E390F1E700000000000000000000000000009D
S21403E3A0F8B500BFF8BC08BC9E467047F8B500BF7A
S21403E3B0F8BC08BC9E4670475FF800F081640020F6
S21403E3C043504320456E64706F696E74204C6F63D0
S21403E3D06B00554E444546494E454400556E6B6E9C
S21403E3E06F776E4572726F725479706500256C751F
S21403E3F0642E00253032753A253032753A25303290
S21403E40075002E25303375004F4B004661696C65E9
S21403E410640044726F70004E6F42756673004E6FF1
S21403E420526F757465004275737900506172736537
S21403E43000496E76616C6964417267730053656365
S21403E4407572697479004164647265737351756596
S21403E4507279004E6F416464726573730041626F34
S21403E4607274004E6F74496D706C656D656E74657D
S21403E4706400496E76616C69645374617465004E1A
S21403E4806F41636B004368616E6E656C41636365E1
S21403E49073734661696C757265004465746163687D
S21403E4A0656400466373457272004E6F4672616D13
S21403E4B065526563656976656400556E6B6E6F7746
S21403E4C06E4E65696768626F7200496E76616C6945
S21403E4D064536F7572636541646472657373004455
S21403E4E0657374696E6174696F6E41646472657393
S21403E4F07346696C7465726564004E6F74466F7517
S21403E5006E6400416C72656164790052657365726E
S21403E5107665644572726F7232350049707636419D
S21403E5206464726573734372656174696F6E466182
S21403E530696C757265004E6F7443617061626C65D9
S21403E54000526573706F6E736554696D656F75748D
S21403E550004475706C696361746564005265617329
S21403E56073656D626C7954696D656F7574004E6F73
S21403E57074546D66004E6F6E4C6F7770616E4461B7
S21403E58074614672616D6500526573657276656483
S21403E5904572726F723333004C696E6B4D617267EE
S21403E5A0696E4C6F7700496E76616C6964436F6D74
S21403E5B06D616E640050656E64696E670052656ACD
S21403E5C0656374656400426C7565746F6F74682068
S21403E5D0484349204350430008E403000BE4030088
S21403E5E012E4030017E403001EE4030026E403001A
S21403E5F02BE4030031E403003DE4030046E4030098
S21403E60053E403005DE4030063E4030072E40300E1
S21403E6107FE4030085E403009AE40300A3E4030015
S21403E620AAE40300BAE40300CAE40300EAE403002E
S21403E630DFE40300FAE4030003E503000BE503004D
S21403E6401BE5030036E5030041E5030051E503003F
S21403E6505CE503006EE5030075E5030088E503004B
S21403E66098E50300A6E50300B5E50300BDE5030052
S21403E670534C2D4F50454E5448524541442F332E4C
S21403E680302E302E305F4769744875622D363165FB
S21403E6903433636666623B2045465233323B20443E
S21403E6A0656320313720323032352032333A343204
S21403E6B03A313800000000000000010004000100A9
S21403E6C01000040002002000240003004000440061
S21403E6D00400000004000500C6E503000000000077
S21403E6E0E81B00205800000000180020E803000084
S21403E6F033000000000000000000000013B779FAA2
S21403E700C925DDB7ADF3CFE0F1B614B801020000BA
S21403E71000000000FFFFFFFF2200000001000000D2
S21403E72000000000000000000000000000000000E1
S21403E73000000000000000000000000000000000D1
S21403E740000000000000000000000000800F002012
S21403E7502D6E0066616C73650075696E7431365F85
S21403E76074206F743A3A5370696E656C3A3A427520
S21403E770666665723A3A47657444697374616E6394
S21403E7806528636F6E73742075696E74385F742AB8
S21403E7902C20636F6E73742075696E74385F742AE9
S21403E7A02C20446972656374696F6E2920636F6EEB
S21403E7B07374002F6769746875622F686F6D652FB1
S21403E7C02E73696C6162732F736C742F696E737426
S21403E7D0616C6C732F636F6E616E2F702F62617343
S21403E7E0655F303530343037633063646234352FD9
S21403E7F0702F2E2E2F2E2E2F6F70656E743838388E
S21403E800663162626435636432382F702F757469BB
S21403E8106C2F74686972645F70617274792F6F709D
S21403E820656E7468726561642F7372632F6C6962B8
S21403E8302F7370696E656C2F7370696E656C5F629B
S21403E84075666665722E63707000656E61626C65D0
S21403E8500064697361626C65006661696C65640D6A
S21403E8600A737461747573202523780D0A00737414
S21403E8706172740073746F70002C20002573203D42
S21403E8802030782530386C782573002530327800B0
S21403E8907C2053746172744368207C20456E644305
S21403E8A068207C20546172676574506F77657220A8
S21403E8B07C2041637475616C506F776572207C2091
S21403E8C0526177506F77657253657474696E67200B
S21403E8D07C0D0A2B2D2D2D2D2D2D2D2D2D2B2D2D58
S21403E8E02D2D2D2D2D2B2D2D2D2D2D2D2D2D2D2D52
S21403E8F02D2D2D2B2D2D2D2D2D2D2D2D2D2D2D2D42
S21403E9002D2B2D2D2D2D2D2D2D2D2D2D2D2D2D2D31
S21403E9102D2D2D2B0D0A00656E61626C65640064F7
S21403E920697361626C656400726370006469616731
S21403E9306E6F7374696373206D6F646520697320EB
S21403E94025730D0A00646961676E6F737469637378
S21403E950206D6F64652069732064697361626C65FA
S21403E960640D0A00616464722D6D617463680061EE
S21403E97075746F2D61636B006469616720666561FA
S21403E980747572652027257327206973206E6F744C
S21403E99020737570706F727465640D0A0066616922
S21403E9A06C65643A20636F6D6D616E642073747278
S21403E9B0696E6720636F6E7461696E7320746F6F20
S21403E9C0206D616E7920617267756D656E74730D67
S21403E9D00A006661696C65643A20636F6D6D616EEB
S21403E9E06420737472696E6720746F6F206C6F6E29
S21403E9F0670D0A0075696E74385F742A206F743A5F
S21403EA003A5370696E656C3A3A4275666665723A51
S21403EA103A476574557064617465644275665074EC
S21403EA20722875696E74385F742A2C2075696E7443
S21403EA3031365F742C20446972656374696F6E297E
S21403EA4020636F6E7374006E756D5365676D656EC8
S21403EA507473203C3D206B4D61785365676D656E1E
S21403EA6074730075696E7431365F74206F743A3A46
S21403EA705370696E656C3A3A4275666665723A3AE1
S21403EA804F75744672616D654765744C656E677441
S21403EA90682829006D5772697465446972656374E2
S21403EAA0696F6E20213D206B556E6B6E6F776E001F
S21403EAB06F744572726F72206F743A3A5370696E50
S21403EAC0656C3A3A4275666665723A3A496E4672BC
S21403EAD0616D65417070656E642875696E74385F24
S21403EAE07429006765740025640D0A006D6F6465FC
S21403EAF000696E0D0A006F75740D0A006377006572
S21403EB0063686F006770696F00706F776572007077
S21403EB106F77657273657474696E67730072617775
S21403EB20706F77657273657474696E670073747259
S21403EB3065616D00F9910000C18E0000758E0000BE
S21403EB4039920000058F0000F98E000000000000D7
S21403EB5077000000000000007000000000000000C6
S21403EB60010000006000000000000000010000003B
S21403EB7061000000000000000100000063000000C8
S21403EB80000000000100000041000000000000003B
S21403EB900100000043000000000000000100000028
S21403EBA048000000000000000100000047000000CD
S21403EBB000000000010000000D150000000000002A
S21403EBC001000000520000000000000001000000E9
S21403EBD05A00000000000000010000005B00000077
S21403EBE000000000010000004200000000000000DA
S21403EBF001000000490000000000000001000000C2
S21403EC00000000000B0000000100000000000000F0
S21403EC100E00000001000000000000006800000075
S21403EC2000000000300000000000000000000000AC
S21403EC306600000000000000010000002100000044
S21403EC400000000001000000360000000000000085
S21403EC500100000044000000000000000100000066
S21403EC604500000000000000010000004600000010
S21403EC7000000000010000004B0000000000000040
S21403EC80010000004C00000000000000000000002F
S21403EC902200000000000000010000000D19000023
S21403ECA000000000010000003E1500000000000008
S21403ECB000000000710900000000000000000000D2
S21403ECC05230005231005232005233005234005256
S21403ECD0350052360052370052380052390052314E
S21403ECE030005231310052313200523133284C5207
S21403ECF029004D5350005053500050430078505352
S21403ED0052004D5350207573656400505350207560
S21403ED107365640043535441434B20626F74746FAE
S21403ED206D004943535200534843535200494E54CF
S21403ED305F4143544956453000494E545F4143545E
S21403ED404956453100434653520048465352004401
S21403ED50465352004D4D41522F42464152004146C2
S21403ED605352005265743000526574310052657414
S21403ED70320052657433005265743400526574353C
S21403ED800044617430004461743100009826040026
S21403ED90DDD5000000000000FCEA03002598000013
S21403EDA000000000FFEA0300A99000000000000036
S21403EDB004EB030017CB00000000000009EB030080
S21403EDC095920000000000000FEB0300799B000003
S21403EDD0000000001DEB0300C19B000000000000C4
S21403EDE06EE80300318900000000000074E80300A9
S21403EDF041890000000000002DEB0300619800002D
S21403EE000000000064E90300039700006FE90300B5
S21403EE106597000000000000379500000000000022
S21403EE20010000003F950000000000000200000003
S21403EE30E1B1000000000000030000005B95000045
S21403EE4000000000040000006195000000000000C0
S21403EE5005000000679500000000000006000000A3
S21403EE60F393000000000000070000001D9400005C
S21403EE700000000008000000E59500000000000008
S21403EE80090000000D950000000000000C000000C3
S21403EE9025940000000000000D00000015940000FB
S21403EEA0000000002000000009960000000000009B
S21403EEB0210000006593000000000000220000000F
S21403EEC0C5930000000000002300000005B1000009
S21403EED0000000002400000013950000000000005E
S21403EEE025000000419600000000000026000000F8
S21403EEF0F5D3000000000000270000002F94000058
S21403EF000000000029000000CD9300000000000070
S21403EF102A00000021950000000000002C000000DD
S21403EF20B9B000000000000030000000D5930000D8
S21403EF300000000031000000BF9300000000000046
S21403EF4032000000B1B000000000000034000000F2
S21403EF50FD9500000000000035000000A7B000008B
S21403EF6000000000360000009DB000000000000016
S21403EF70370000001996000000000000380000006B
S21403EF807193000000000000B0000000CB95000065
S21403EF9000000000B1000000D19500000000000052
S21403EFA002080000BFCA00000000000004080000BA
S21403EFB08593000000000000050800008D93000004
S21403EFC000000000000900003F940000000000005D
S21403EFD00B120000D7950000000000000C12000082
S21403EFE039B20000000000000D1200002996000050
S21403EFF0000000000313000031960000000000002C
S21403F00000400000418D00000000000001400000A9
S21403F010379400000000000002400000438D00000B
S21403F0200000000003400000A7B10000000000003D
S21403F03007000000E58C0000000000002000000030
S21403F0401BBD00000000000021000000A1D7000047
S21403F0500000000024000000E98C0000000000000F
S21403F06025000000EDC20000000000002A0000009A
S21403F070118D0000000000002B00000039C30000C3
S21403F080000000002C000000298D00000000000096
S21403F0903000000019D50000000000003100000019
S21403F0A0998C00000000000032000000DD8C000098
S21403F0B0000000003400000025A800000000000047
S21403F0C03500000025C000000000000036000000E8
S21403F0D0099900000000000037000000E5D7000093
S21403F0E00000000038000000E5C400000000000037
S21403F0F03B000000699A0000000000003C0000008E
S21403F100C98D0000000000003D00000041D600004D
S21403F11000000000B2000000FD990000000000009F
S21403F1200008000083C7000000000000010800007C
S21403F1305DC60000000000000308000035C900009B
S21403F1400000000000090000F78D0000000000002A
S21403F1500D120000458D00000000000003130000A0
S21403F1601BC50000000000000413000047C5000094
S21403F1700000000005130000AFC5000000000000FB
S21403F18003400000818E000000000000081000000D
S21403F1900590000000000000041300008BC500006B
S21403F1A00000000005130000F1C500000000000089
S21403F1B008100000918F00000000000004130000F8
S21403F1C017C6000000000000051300003BC6000041
S21403F1D0000000000000000043504320436F7265A8
S21403F1E00043504320456E64706F696E7473204C01
S21403F1F0697374204C6F636B004F542053746163C0
S21403F2006B0049444C4500546D725100546D722096
S21403F210537663004145532D3235362D43434D2AED
S21403F2202D4E4F2D544147004145532D3139322D34
S21403F23043434D2A2D4E4F2D544147004145532DF0
S21403F2403132382D43434D2A2D4E4F2D544147001E
S21403F2504145532D3235362D43434D004145532DFD
S21403F2603139322D43434D004145532D3132382D2C
S21403F27043434D004145532D3235362D47434D000C
S21403F2804145532D3139322D47434D004145532DCA
S21403F2903132382D47434D004145532D3235362DF7
S21403F2A0434243004145532D3139322D43424300F7
S21403F2B04145532D3132382D434243004145532DAA
S21403F2C03235362D454342004145532D3139322DD3
S21403F2D0454342004145532D3132382D45434200C4
S21403F2E04F5420537461636B2053656D6170686F70
S21403F2F072650000000000007AFF809F79FF009F80
S21403F30073FF809E90F5030074F5030058F5030021
S21403F310000000000202030000000000AC7700209B
S21403F32000000000000001000200000050F503008A
S21403F3300300000048F503000400000040F5030046
S21403F3400500000038F503000600000030F5030052
S21403F3500700000028F503000E00000020F5030058
S21403F3600F00000018F503001000000010F503005E
S21403F3702600000008F503002700000000F5030040
S21403F38028000000F8F4030029000000F0F403004E
S21403F3902A000000E8F403002B000000E0F403005A
S21403F3A00000000000000000C0F403000100080095
S21403F3B0A0F4030001000800FFFFFFFFFFFFFFFFAD
S21403F3C0FFFFFFFF00000000000000000000000039
S21403F3D001000000FFFFFFFF4B60D2273E3CCE3B01
S21403F3E0F6B053CCB0061D65BC86987655BDEBB318
S21403F3F0E7933AAAD835C65A512563FCC2CAB9F36D
S21403F400849E17A7ADFAE6BCFFFFFFFFFFFFFFFFD3
S21403F41000000000FFFFFFFF96C298D84539A1F40D
S21403F420A033EB2D817D0377F240A463E5E6BCF8B9
S21403F43047422CE1F2D1176BF551BF376840B6CB84
S21403F440CE5E316B5733CE2B169E0F7C4AEBE78E80
S21403F4509B7F1AFEE242E34F0100000014DEF9DE52
S21403F460A2F79CD65812631A5CF5D3EDE0F20300BC
S21403F470000000000000000000000000FEF803008B
S21403F4800000000000000000000000000000000074
S21403F490C00A000037000000000000000000000063
S21403F4A05F9C95BCA3508C24B1D0B1559C83EF5B75
S21403F4B004445CC4581C8E86D8224EDDD09F115758
S21403F4C0E0EB7A7C3B41B8AE1656E3FAF19FC46A8A
S21403F4D0DA098DEB9C32B1FD866205165F49B800EA
S21403F4E014F2030070942B0528F2030070932A0588
S21403F4F03CF203007092290550F20300708428053D
S21403F5005CF203007083270568F203007082260509
S21403F51074F203007064100980F2030070630F092D
S21403F5208CF2030070620E0998F203009024070021
S21403F530A4F2030090230600B0F203009022050015
S21403F540BCF2030010140400C8F2030010130300F7
S21403F550D4F20300101202000200000000000000B4
S21403F5600000000000000000000000000000000093
S21403F5700000000002000000000000000000000081
S21403F5808D4301008D430100952B01006F4301005D
S21403F59002000000E5010100E90101002903010062
S21403F5A02D030100AF2B01002B28010001000000F2
S21403F5B0010000000100000001000000010000003F
S21403F5C0010000000200000002000000020000002C
S21403F5D00200000003000000030000000400000017
S21403F5E004000000050000000500000006000000FF
S21403F5F00700000008000000090000000A000000E1
S21403F6000C0000000D0000000F00000011000000B9
S21403F6101300000016000000190000001C00000084
S21403F6202000000024000000290000002C00000039
S21403F630340000003B000000430000004E000000C2
S21403F640590000006A0000008200000097000000D6
S21403F65043F900005DF900000525010079F9000073
S21403F66071FB0000F1FD00003BFE000001000000FE
S21403F67040650020FFFFFFFFFFFFFFFFFFFFFFFFC9
S21403F680FFFFFFFF0073496E7374616E6365735B00
S21403F690695D006170702E630073496E7374616EEA
S21403F6A0636500426C7565746F6F7468206C696E71
S21403F6B06B6C6179657200426C7565746F6F746804
S21403F6C0206576656E7420666C616773004F542000
S21403F6D0537461636B204D75746578005053410015
S21403F6E04B455900002000000120000000000000E8
S21403F6F0000100006032002001000000040000202A
S21403F70011680000FFFFFFFF00000000FFFFFFFF80
S21403F710FFFFFFFFBCE6FAADA7179E84F3B9CAC284
S21403F720FC632551010401030306010501050109D4
S21403F7300600060B0000070B050B00000000000088
S21403F74000000000B7F6030000000000C0390020E8
S21403F75050000000A3F603000000000068390020F4
S21403F7605800000080350020E80300003400000045
S21403F7700000000000000000000000000100A002DE
S21403F7800202020264000000B600000064000000EB
S21403F7900001000000000000000000000000000060
S21403F7A00B000000CDF6030003000000000000007D
S21403F7B000000000736C5F6F745F6372656174654D
S21403F7C05F696E7374616E6365006F744572726F02
S21403F7D072206F743A3A5370696E656C3A3A4275A2
S21403F7E0666665723A3A4F75744672616D65526520
S21403F7F06D6F7665282900505341004B455900012B
S21403F8002C2066756E6374696F6E3A20006173739D
S21403F810657274696F6E2022257322206661696C97
S21403F82065643A2066696C6520222573222C206C59
S21403F830696E65202564257325730A00232D302BF6
S21403F8402000686C4C0065666745464700303132D9
S21403F8503334353637383941424344454600303130
S21403F860323334353637383961626364656600FF90
S21403F870FF011A0260192040050013001D00120044
S21403F880100015007F000D0E122324252627282995
S21403F8902A36393E3F00FFFFFFFFFFFFFFFFFFFF54
S21403F8A0FFFFFFFFFFFFFFFFFFFFFFFF2E002F00FF
S21403F8B05200730075007900C800C900CA00CC0066
S21403F8C0DB00E300E400E500E6001B011F01200166
S21403F8D03701380139013B013C0168016101FFFF33
S21403F8E001000000000000010000007F000000008F
S21403F8F000000000007F000606010203120100005C
S21403F900000102020102070B1C011D011E01FFFF7D
S21403F910131510801A8012808000D200D300FFFFD8
S21403F9202D012E01FFFFCD00CE00CF00D000D10069
S21403F9302101240126012701280129012201720140
S21403F94023012501FFFF0001010201020203050056
S21403F95017007D00D400D500DA00DC00DD00DE00F1
S21403F960DF00E000E100E2000E010F0110012F01AD
S21403F9707801630164016701FFFF040301010204C8
S21403F98004000000F4010000FA00000096000000E6
S21403F990640000004B000000320000001E00000060
S21403F9A01400000000000000500040000800500053
S21403F9B0240004009001500240009001AE011000A4
S21403F9C0D600D700D800D900FFFF0B0701160C009E
S21403F9D0000108080000050108FFFF02FFFF0808F2
S21403F9E0020204FF010022FFFF23080F030304049F
S21403F9F00A0A030A2AFFFF1419191B011C1512040D
S21403FA0000480C14040F0E0C080C080D18106A009E
S21403FA106B00FFFF48040400300404002CFA0300C4
S21403FA2044FA03005CFA030074FA0300D0000400EF
S21403FA30000000008CFA0300010000000000000034
S21403FA4000F04902D000040000000000B0FA0300F2
S21403FA50010000000000000000F04902D00004008E
S21403FA6000000000D4FA03000600000000000000B7
S21403FA7000F04902D000040000000000ACFB0300C5
S21403FA80010000000000000000F04902D0FB030064
S21403FA90809C2B8F80841E00000000002700FF7FC1
S21403FAA03878002000000000C403040000000000B3
S21403FAB010FD0300809C2B8F80841E000000000036
S21403FAC02700FF7F3878002000000000C8030400EA
S21403FAD00000000050FE0300809C2B8F80841E00D5
S21403FAE0000000002200FF7F38780020000000009E
S21403FAF0CC0304000000000050FE0300809C2B8F04
S21403FB0080841E00000023002300B60038780020FF
S21403FB1000000000CC0304000000000050FE0300B9
S21403FB20809C2B8F80841E000000240024009D00F0
S21403FB303878002000000000CC030400000000001A
S21403FB4050FE0300809C2B8F80841E00000025003F
S21403FB5025007D003878002000000000CC03040058
S21403FB600000000050FE0300809C2B8F80841E0044
S21403FB70000026002600530038780020000000000E
S21403FB80CC0304000000000050FE0300809C2B8F73
S21403FB9080841E00000027002700FF7F387800209F
S21403FBA000000000CC0304000000000090FF0300E8
S21403FBB0809C2B8F80841E00000000002700FF7FA0
S21403FBC03878002000000000D00304000000000086
S21403FBD0FC1F0103740204003C40010010000000F7
S21403FBE048400100201700005040010001040000B7
S21403FBF05C4002000D0F000001010000B44001004C
S21403FC0003C0010054C001000E2D09E62040040184
S21403FC10300000461FC801000020001000800000CE
S21403FC2058400401180005004008000009000000C1
S21403FC3092000A0080400C018C002C020000000099
S21403FC40120012005B808C1B000000000002050EF1
S21403FC501C2F4353626968615543320416E4B8C6E1
S21403FC608A674533224A9204EC40070180B0B18C80
S21403FC7000000000640483078813C83A9C200A0027
S21403FC8001612080B756351210410201A01B0429DA
S21403FC9008884000284101010000000030410901A6
S21403FCA06406660C0C0100004CD4E83B04196F3064
S21403FCB00A10161C22282E343A4010325476980A1C
S21403FCC01D5F80A4684103016404830788138200D0
S21403FCD00000000030420201000000000008000E91
S21403FCE0A080020170380300D0000000A880011134
S21403FCF0F0010000A8800131055AFD01AC80011116
S21403FD00F0010000AC800131053EFD00FFFFFFFF60
S21403FD10FC1F0103C80204003C4001001000000061
S21403FD204840010020070000504001000004000086
S21403FD305C4002000D0F000001010000B44001000A
S21403FD4003C0010054C001000E2D09E62040040143
S21403FD50300000461FC8010000200010008000008D
S21403FD605840040118000500400800000900000080
S21403FD7092000A0080400C018C002C020000000058
S21403FD80120012005B808C1B000000000002050EB0
S21403FD901C2F4353626968615543320416E4B8C6A0
S21403FDA08A674533224A9204EC40070180B0B18C3F
S21403FDB000000000640483078813C83A9C200A00E6
S21403FDC001612080B756351210410201A01B042999
S21403FDD00888400028410101000000003041090165
S21403FDE06406660C0C0100004CD4E83B04196F3023
S21403FDF0080E141A20262C32383E10325476980AEF
S21403FE001D5F0000684103016404830788138200B2
S21403FE100000000030420201000000000008000E4F
S21403FE20A080020170380300D0000000A8800111F2
S21403FE30F0010000A8800131055AFD01AC800111D4
S21403FE40F0010000AC800131053EFD00FFFFFFFF1F
S21403FE50FC1F01031C0304003C40010000000000DB
S21403FE6048400100A00700005040010000000000C9
S21403FE705C4002000000000000000000B4400100E7
S21403FE80FF4C000054C001000A2D09E6204004017F
S21403FE90000000061FC000000060000000D0320013
S21403FEA0584004016402FF008008000001000000BF
S21403FEB01100080080400C01080400000000000048
S21403FEC0D903220000000000000000000102071111
S21403FED021374B5A67696254402915050000802074
S21403FEE0434433332392A424EC40070190382CACCC
S21403FEF000000000640483078813C83A9D200A00A4
S21403FF00016120804737414A104102012A144A0200
S21403FF1089BBC00A28410101FFFF000030410901E7
S21403FF206406660C0C010000E853FA0000000800A3
S21403FF3012181E242A30363C424821436587A90BF3
S21403FF400000E0C468410301640483078813820049
S21403FF50C10800003042020145966B105C22670E12
S21403FF60A080020170780300D5C00000A8800111AC
S21403FF70F0010000A88001310542CB01AC800111DD
S21403FF80F0010000AC80013105228D00FFFFFFFF6A
S21403FF90FC1F0103700304003C4001000000000046
S21403FFA048400100A0070000504001000000000088
S21403FFB05C4002000000000000000000B4400100A6
S21403FFC0FF4C000054C001000E2D09E6204004013A
S21403FFD0000000861FC001000060000000800000D3
S21403FFE058400401180005008008000009000000BE
S21403FFF09100040080400C018C000C0000000000FF
S2140400001300220000000000000000000002050D9E
S2140400101C2F42536269686053402E1F91822084CD
S2140400206745332212490200EC40070190382CAC95
S214040030000000005A10080AD007CA4A51104800A7
S214040040F9541E804737414A1041020130194A05C7
S21404005089BB400028410101FFFF0000304109012F
S214040060F15004430C010000E853FA0000000800B5
S21404007010161C22282E343A404621436587A90BC5
S2140400800000C0B4684103015A10080AD0074104AE
S214040090C1030000304202018993A30F5EC25D0EC5
S2140400A0A080020170780300D0000000A88001112F
S2140400B0F0010000A88001310542CB01AC8001119B
S2140400C0F0010000AC800131053EFD00FFFFFFFF9C
S2140400D00C400200018101000041000020400200A3
S2140400E00000000001000000304003000000000093
S2140400F00000000000000000404002000000000075
S21404010000000000A840010007000000B8400300FB
S214040110FF4C0000FF4D0000FF4D000008C001002A
S214040120000000001CC0011000F807001CC00130CD
S214040130F502080020C00110FF00000020C00130B6
S2140401400013000024C00400EC80B3034375A80227
S214040150000000002E02000050C001008741300C51
S21404016058C0020054060708D1B6020064C008004E
S2140401700430000040201006C8F248181FE8F600B5
S214040180BD4B721511A3180510325476980A000058
S21404019088C00100000000000800010108070000F4
S2140401A018000101AAAAAA00200001010060DA00D2
S2140401B01C40010110000000304003010000000351
S2140401C0000000000000000068400201294176712A
S2140401D000000000E04002013300000000000000C0
S2140401E00C410101B8551200244101010000000031
S2140401F0544105010100000000000000000000005A
S2140402000000000000000000384202010000000068
S21404021000000000444201010000000010800101BB
S214040220030000003880020111491000010000009C
S2140402309C800101EB400200B08002010003000232
S2140402403700000188000202000C00044C00000085
S2140402509400010200040000D400010290029608F3
S214040260E40001023D094204180101026000510243
S214040270FFFFFFFF140000000000800000000000E5
S21404028014040400D4030400000000008025960033
S2140402900048E80140420F000102000011495002E4
S2140402A00000000000000000000000000000000045
S2140402B0000000003E420F000000000000000000A6
S2140402C00000000000000000140000000000800091
S2140402D00000000014040400E4030400000000000E
S2140402E0802596000048E80140420F0001080000FF
S2140402F01149500200000000000000000000000049
S21404030000000000000000003E420F000000000055
S21404031000000000000000000000000014000000C0
S214040320000080000000000014040400F40304002D
S21404033000000000004786000048E80180841E0094
S21404034001010000114950020000000000000000F6
S21404035000000000000000000000000055841E009D
S2140403600000000000000000000000000000000084
S2140403701400000000004000000000001404040004
S2140403800404040000000000082F86000048E8016A
S21404039040420F0001010000114950020000000015
S2140403A00000000000000000000000000000000044
S2140403B02A420F00000000000000000000000000B9
S2140403C00000000003040000030300000302000012
S2140403D003010000E5BF00001C250000F401000036
S2140403E0F4010000F5DA02001C250000F401000008
S2140403F0F401000050C300007C150000DC0500007A
S214040400DC05000050C300001C250000F4010000B9
S214040410F4010000193F0106041001000001010662
S21404042000102700000C0000000000000000000080
S21404043088060400000000006004040001000000B8
S2140404400000000000F049028806040000000000D6
S21404045084040400010000000000000000F04902CB
S214040460A80404004063598F404B4C000B000B005B
S2140404701A00FF7F407800200000000020090400D6
S21404048000000000980504004063598F404B4C0060
S2140404900B000B001A00FF7F4078002000000000CD
S2140404A01C09040000000000FC1F0103740804007B
S2140404B01CC0011000F807001CC00130140208001C
S2140404C050C0010087413004244006010700620042
S2140404D03870000000000000000000030068010FF0
S2140404E040B8244058400101FC00690080400501E2
S2140404F02363E0119BC34A74F003000003800000EA
S214040500BE0A0000E040010133000000F040040190
S214040510590B0000640483078813C83A90200A0025
S21404052028410101001E00003C410B0100148C0010
S214040530141A21282E343B42495043557698BA0C57
S21404054028690000010000000721286414171A0017
S2140405502004C869A1203A093C4201012900000090
S214040560A080020170780300D5C00000A8800111A5
S214040570F0010000A88001310542CB01AC800111D6
S214040580F0010000AC80013105228D00B08001012D
S21404059000030002FFFFFFFFFC1F0103C80804005E
S2140405A01CC0011000F807001CC00130F50208004A
S2140405B050C001008741300C2440060107C0520099
S2140405C0000000000000000000000003000000001F
S2140405D000000000584001016402FF00804005014D
S2140405E04B01A0089BC34A74F003000000000000FF
S2140405F000000000E040010133000000F040040168
S21404060000000000640483078813C83A9C200A008C
S21404061028410101031000003C410B0100000000CA
S21404062000000000000000000000000000000000C1
S21404063000000000010000000000000000000000B0
S21404064000000000000000003C4201010000000021
S214040650A080020170780300D5C00000A8800111B4
S214040660F0010000A88001310542CB01AC800111E5
S214040670F0010000AC80013105228D00B08001013C
S21404068000030002FFFFFFFF0C400200018014007D
S2140406907F40000020400200000000000000000030
S2140406A030400700000000000000000000000000CA
S2140406B0000000000000000000000000A00700008A
S2140406C050400100000000005C40020000000000F2
S2140406D000000000A840010007000000B440040029
S2140406E000400000FF4C000000410000FF4D0000E9
S2140406F008C001000000000020C00110FF00000038
S21404070020C001300043000024C00400EC80B30382
S2140407104375A802000000002E02000054C0030027
S2140407200E2D09E654060708D1B6020064C0080078
S2140407300430000040201006C8F248181FE8F600EF
S214040740BD4B721511A3180510325476980A000092
S21404075088C0010000000000080001010407000032
S21404076018000101000000002000010108840000B8
S2140407701C4002011000000020F913045C4005012F
S2140407804108000001000000B0070800A7000000B0
S21404079000000000944007010101103050707F7F74
S2140407A00000000000000000000000000000000040
S2140407B000000000E440010100000000EC400101DC
S2140407C07DA8D98B0041020100612000B75635127E
S2140407D00C410301F95412002030042988BB400060
S2140407E02441010100000000304103016406660C48
S2140407F00C010000E853FA0068410301640483070F
S214040800881382000000000030420301000000004C
S2140408100000000E00000000444201010000000039
S2140408201080010103000000388002011149100005
S214040830010000009C800101EB400200B48001012D
S2140408403700000188000202000C00044C0000007F
S2140408509400010200040000D400010290029608ED
S214040860E40001023D09420418010102600051023D
S214040870FFFFFFFF1400000066666600000000002D
S214040880340904002409040000000000001A9A0039
S214040890005A620280841E000420FE0011495002A1
S2140408A0000000000000000000000000000000003F
S2140408B000000000B1841E000000000000000000DC
S2140408C000000000000000001400000066666600D9
S2140408D0000000003409040024090400000C000091
S2140408E0001A9A00005A620280841E000420000047
S2140408F01149500200000000000000000000000043
S2140409000000000000000000B1841E00000000008B
S21404091000000000000000000000000005020000C7
S21404092000000000E1190000E119000000000000CA
S21404093000000000193F0106041001000001010632
S214040940001027000009000000000000000000005E
S2140409505C09040060020000884E002000000000CD
S21404096060020000284C0020FFFFFFFFFFFFFFFF90
S214040970FFFFFFFFFFFFFFFFFFFFFFFFFFFFFFFF7E
S214040980FFFFFFFFFFFFFFFF00021000285F0020AD
S214040990E85000200000020800000000FFFFFFFFF0
S2140409A0FFFFFFFFFFFFFFFF000000000000000046
S2140409B0000000000000000000000000000000002E
S2140409C041B6020025B6020095080300C9090300D3
S2140409D06109030020C001B8000000010000010105
S2140409E00001010100000000000000001F150F15A3
S2140409F0150F151FFFFFFFFFFFFFFFFFFFFFFFFFA2
S214040A00FFFFFFFFFFFFFFFFFFFFFFFFFFFFFFFFED
S214040A10FFFFFFFF000102020303040506080C0C97
S214040A200C00010203040707C8C8C8C8C8C8C8C859
S214040A30C8C8C8C8030404080808080800B801B8E9
S214040A4002B800B003040408080500000000000013
S214040A50000000000000000000000000E90600009E
S214040A604870460F4470080E307078130298941736
S214040A7038702E0F3470540F307042102C704210A1
S214040A802870CA112470E2112070380F1C708A1264
S214040A90187006131470340FB110086001D80A7168
S214040AA004B87F78020C7E78641000C6881F00A005
S214040AB01DB8707803B018600F3027B30F330111D8
S214040AC0C0480698760229B0086001D8087109DD86
S214040AD0047109BB11101660A048086004100112C6
S214040AE0FF3221500860D048086000880698321407
S214040AF000C4441F00A000BA03DF107109DF0672A9
S214040B00029830031DB8507800A0441328144115E9
S214040B108110086002D81471108806981A1900C04B
S214040B2014C000B80698801B009106988C020160D9
S214040B30B83020D806711EBC637C784D5412F0324F
S214040B4040DE0472404804DB08720DDD0C72044B70
S214040B50EF3014480698EC0400C4E04000544412F5
S214040B60086201322140087C811140D91C72B112FE
S214040B703032CF4A013AB1DA107208D8067104D876
S214040B800871804C237C5070684C441200C4A41E28
S214040B9000A04414413AF3240164415C412A0475DC
S214040BA080B800C46040005481D8307140D90472C3
S214040BB0237C084B0698EC0404BA1CB9767900C169
S214040BC0204001B8357906B906A901D806710298FD
S214040BD00A02804C307C02985E0208D86A7100C112
S214040BE0544000B8141110D95E71584C441280BD9C
S214040BF0A26DFF25784C4412FC22513A2814104C5E
S214040C0000C20CC101B82412281408622814086211
S214040C10281408622814304C304C00C11C4000B81C
S214040C2014111814086100C5284001B85415FF357E
S214040C30047110491814B04C44120862013206714B
S214040C4002980401804C08D80C7107BA24D80471A1
S214040C5006BA187004D80C7101BA40D80E7102BADC
S214040C600A7005BA20D8047203BA204C4411C04C4A
S214040C701814086118149111383111429111186131
S214040C8010D90472EF3200C1084001B814111031B3
S214040C901E6111422814A111086118140698661BD7
S214040CA0181400C1084001B814111861FF31181453
S214040CB000C1448001B8141118140861181430884F
S214040CC0024806988E03009308DB047101F800A01E
S214040CD027B00F3000A01088B111186180D90A71AE
S214040CE000C1884000B80811009100A000C4684004
S214040CF000B8441000A000C088400050041182616F
S214040D00041082601050F07200A054155045127101
S214040D100698FC0406988C0407B8707802B84178E4
S214040D201EBA5B7A5C7A5D7A00C220C001B82412CF
S214040D300698241900C5481F00A05415511400C372
S214040D40FF010000313D09647F340698960201587D
S214040D5051280475015841280E758111086102D97D
S214040D600472FF0FCC7007B8727800F8EBBD00C0B1
S214040D70441F00A00411113D10D91271FF331863EB
S214040D8000C1781002B8381107B97479581000A059
S214040D9006988C020D300472044809DC0472084874
S214040DA000C11CC101B8141100C3D01E00A09115C7
S214040DB004351A7218131CBB08D804716C7B04D84B
S214040DC004716A7B1DBB2F7C5B7B1670044B181367
S214040DD01CBB08D804716F7B04D804716D7B217C1E
S214040DE00C300260069878040698BE0B00B8B11161
S214040DF0186140D906720298520401BC00C2084029
S214040E0001B800DC0A7124150265604A0A702C4A8F
S214040E10241508654C4A043508D90471202400C1F9
S214040E203C1F00A0141200DC327120D8067101B8F1
S214040E300C70F0DA0C720CDB087102B806988004A9
S214040E40482400C3384101B834138F7B0E7102B9AD
S214040E50911308DB047203B928707C49141111102D
S214040E60FD300DDC1C7200C0A01E00A0041080D84B
S214040E70107100C0448001B80410E5200475804950
S214040E8000C3884000B8FFB8012011410871014131
S214040E9018130824014200C1284000B81411014167
S214040EA01C655141911520351E65514118132813B0
S214040EB0481300C3844000B8341003D816710730B2
S214040EC005DC1071B1108F780A7200C384C4035015
S214040ED0217B1DB8507800B800C13C1F00A0141236
S214040EE01C602150F0300152281100A040240764F1
S214040EF000C0FFFF0100013C17B002200158402843
S214040F00067518AC01EC00A0208800C020C001B80B
S214040F10041217B4211304123052F87119644024D1
S214040F2000C35C1F00A0341014110698F00D19615C
S214040F30009211592129067600BB11590698D00D46
S214040F408762313B0472215A412A00A000C26860BD
S214040F5000B8B8B91F610D49181200A0308801B94D
S214040F60116100C30000C0FF3110312800BC002D01
S214040F700C75115418AC01EC312DF470196451132E
S214040F804155312C009300A000C3C00FFEFF50B2A1
S214040F90313A014250AA00A006983807FFB0867876
S214040FA008715CB86B786E7800C2548001B800C0D3
S214040FB0D81F00A004100812B822217A237A52B847
S214040FC0417801B80C6021A809B819604CA800C083
S214040FD0FFD1C1FF4FB2013A00C0002E30000142DB
S214040FE04FAA24B86E78ACB9FFB004D804714CB9D3
S214040FF023A90698A20500C01390010006982805A8
S21404100000A00698FC0419B81460FFB28C620F3274
S214041010826A21400698280549BC21B952B849B2CB
S21404102007DE2A7105DE0871627C607C1D0C61791E
S214041030677864786B786278657863786078617CC2
S214041040010C010C6878020C69786C78020C00C2FA
S2140410502C8001B8277A287A267A6A78050C417992
S2140410600A0CB11040D806710298B406784A2B7A56
S214041070327A584A247A00C400011100404A00C05B
S214041080108400000812508800C584100100FBADCF
S21404109010BD01BB8A6B21B9FAA9C44A1812217A79
S2140410A0227A00C0341F00A00410FCA882644110F9
S2140410B030300129F9A9F8ADFBB08260FBA80330F3
S2140410C0A0652110044820EC237A0410037A184AF9
S2140410D02411DC4A01580029241004753150F8B153
S2140410E0115081632A71514031400812FCB1846169
S2140410F0FCA90F310E7117B0112817B11159102819
S214041100FA76C44AF9B11812217A227AA0700095A8
S2140411100812F8A800C20C8001B8207A844A00B8E5
S2140411200812020CA44A087A020C21B84178784ABC
S2140411300B7A127A00C2C81F00A0FFB008D8047247
S214041140184A241000DC0A7140A80422241041A87E
S2140411500698960200C2481F00A02410015100C43D
S214041160FF01000041391150081200A00698380704
S21404117000BC00C20C8001B8217A52B84978020C2F
S2140411804878020C49B8417852AC21AC204A087A17
S214041190067A077A49AC00A059B840785AB101D902
S2140411A0FC72427857B8407858B101D9FC7242783C
S2140411B000A000C20C8001B8217A227A21B85478A3
S2140411C052B8BC4A24119979127107B915614CA911
S2140411D0617800BB03BC0C64147009B919614CA98E
S2140411E0417801BB126300C4002E300000C0FFD15A
S2140411F0C1FF4FB1013941414FA9E44AC8B80812AA
S21404120024AB4CB823A80698A20500C0049001009D
S214041210FFB18679047108480698280500C080093D
S214041220004040A809B8FFB108D9047103B853A810
S214041230B11004D80C7156BB607B57BA627A607AD8
S21404124002D80C7156BB607B59BA627A607A04B8CD
S2140412506E783DB8607800C05638000000C1B08093
S21404126001B814119979087200C0D604000000C1B0
S21404127024C000B814119F79047208484CA82EB8EC
S214041280FFB108D906714AA804704BA80FB834A851
S21404129000C00C5E000046B2014246AA00C12C40C3
S2140412A001B8141108610631087100B906984A118C
S2140412B006983814B11101D90E7106988C1B02D900
S2140412C0067206989A0C06983214511406988C04E2
S2140412D00698241106985E1700A00698481701D8A9
S2140412E00A711CB85B7807B8757800B84CA84AA889
S2140412F04BA800C0F321FFFF46B1013946A904B844
S2140413006F7800A0FABC1964415C512C00C0581FC9
S21404131000A00410012C067506988C040698720F1B
S214041320B110186005D8327140BA0698081404B88B
S2140413306578911004D816711CB86E7800C06840A1
S21404134000B821780698721101400A721DB84278D6
S214041350069844140298580B1DB8717804B86C7833
S21404136041B8427863784478FFB104D9067202988B
S214041370C40900C004900100FFB1867904710848CE
S2140413800698280500C32C1F00A000C274C000B82D
S2140413902414481300BC48121C4B1C4A241448133B
S2140413A000BC4812084B584A2414481301BC48127F
S2140413B04ABA447A427A4BBA447A427AFFB086787A
S2140413C00472617A4CBA647A657A3DBA607A4DB929
S2140413D042B83FBB5B7966796179020C6479050C87
S2140413E063796079050C627965795A7900C23401AB
S2140413F002B8241305B819603140081242B86A7856
S214041400020C4A78020C40BCFFB208DA06714ABAEB
S21404141006704BBA627A657A677A667A6A79667B08
S21404142002989E0A00C32C1F00A000C274C000B815
S214041430241448131C4B1C4A241448133FBC48125B
S2140414401C4A00BC4812084B444A2414481301BCE6
S21404145048124ABA647A627A4BBA647A627AFFB3FA
S214041460867B0472617A4CBA647A657A3DBA607A8D
S21404147001D94E71647800C1708001B800C0800044
S214041480080008110698800B42B861784DB97F7938
S2140414907E796A7868786278020C7B790F0C7A79A0
S2140414A0140C7479417860787579050CFFB208DA03
S2140414B006714AB804704BB8657801BC166440706F
S2140414C002D93C710698800B42B84DB968784078CA
S2140414D041787F797E797B790F0C7A79140CFFB288
S2140414E008DA087171794ABA067070794BBA72795B
S2140414F0657A6A78020C4A78050C01BC1664020CFC
S214041500417940790C0C00C04C0102B8481006988A
S214041510EC0400C4784000B8007C00C0A01E00A004
S214041520041180D93271911104D92C727F202120A4
S2140415300411FD310DDD207200C0448001B8041191
S214041540E521147600C0244001B804118A79087194
S214041550207C104C207C2AB86278511400C0581F96
S21404156000A00410012C17B0011187680158412807
S2140415700E7605218769415C412D112D067006986B
S2140415808C0442B84DBB7C7B6478020C29B868781E
S21404159051144044067506988C0442B844782AB818
S2140415A04278FFB101D90C7100C1548001B8CBB8A0
S2140415B00811911004D8147100C0A01E00A00410D5
S2140415C080D8067107B8537800F807B800C1CC1E57
S2140415D000A000C220C001B824122811777800F8B1
S2140415E0B1109478387106989602E4B91159112806
S2140415F0067600B80C70A0B9115901290475A0B874
S214041600826000C3C01F00A03413012B341000C333
S214041610FFFF00FF42B13139114042A800A01DB0BF
S2140416209178FA7142B86478020C00BA29AA00C408
S214041630548001B842B84DB900C3C04001B8341351
S214041640977B047240EC020C44785C7953AA0A0C2B
S214041650281442B84DB9FFB301DB2671244C00C3ED
S214041660FF0FFF0138145479407841785579020CFD
S2140416705B795A79140C5F795E794A7842783470CB
S21404168002DB1471527951795079020C5B795A79DC
S2140416905F795E791E7004DB1A7100C4FF070000D0
S2140416A000C3342102B848133FBB467B020C5B7967
S2140416B05A793DBB407B4CBB447B457B00C3301F03
S2140416C000A03414403C207100C068C000B8481024
S2140416D028131C4B1C48341448102813144B444835
S2140416E03414481028134AAA4BAA04B86D781DB8B7
S2140416F051785CB84B784E7800A000C074C000B82F
S2140417000411108800B9181068480411108801B92B
S2140417100B6118102C4804111088008800C1231C83
S214041720000018104AB864784BB86478260C28B0C1
S21404173000C1FFFF0FF0113871B90B61114028A8E2
S21404174028B97379747900C21010303045AA5479D8
S2140417500E0C00C0E84001B8041100C2303010106E
S21404176045AA0E0C04100088108806985C0D00919B
S214041770009020888F618F6006985C0D0090886AC0
S21404178021400112906A035800C13F3F00001138FF
S214041790FFBC022441281138014245AA28B95379CE
S2140417A04AB844784BB844780090009118100091D9
S2140417B02C48181000916848181000A091684360DF
S2140417C091694361115B012B112841603128315B1B
S2140417D000BA302806763128204A41633028067637
S2140417E03128104A4163302806763128084A416376
S2140417F0302806763128044A416330280676312894
S214041800024A416330280476014A00A0115910D9CF
S21404181006710860086008D90471086004D9047168
S214041820046002D90471026001D90471016000A049
S21404183000BA01D806710148112A1F61016001D857
S214041840F6720138F67200A000C220C001B8241255
S21404185011592129127300210E7100C238C001B833
S21404186024120121212900A002B020D8147100C03E
S214041870B01E00A0041002B9457906987013EA70E9
S21404188003B09F78087200B806A800F806983807D0
S21404189000C5641F00A05088044D1CBC00C0B41EC4
S2140418A000A0811101D91E71407C009501150C4DD4
S2140418B05088044DFFBB1863315B04110698E80D8D
S2140418C03129F8750698621A541506988C1B01D9A6
S2140418D008720698520706700698EE071CBB547BDF
S2140418E00698481701D806720298140FFFB901210A
S2140418F01038F67281129B7AF07100C2448001B8E7
S214041900241400C0C01E00A00410011300200410FC
S21404191040500C7200B90698220F18B90A7018B90C
S2140419200698220F00B900B80698180F704A08B82F
S2140419300698180F00C2284000B814B80698180F66
S21404194000C2EC4001B80CB80698180F202210B854
S2140419500698180F1088308806985207009300914E
S2140419600698220F00C0C41E00A00412FFB901216D
S21404197021411810009500F8312811280410081287
S21404198000A004B831281128F8B1181000A0069851
S2140419907A080E700698BE0B06987A0806986C129B
S2140419A006980C079112211900C02C4001B80A7839
S2140419B0097800F810B901BA0698FE13069824119F
S2140419C006985E1700C5641F00A081109D78FC72FF
S2140419D000F8911203321CB900C3A01E00A03413F1
S2140419E000C4B04000541DB84278707903DE067116
S2140419F044783A707179A11020D8067102984E1076
S214041A0080DB1C7102D8187205B80814A1101030B7
S214041A100248081400B808149110086008141DB889
S214041A206278A11000DC0676517900BA0698481749
S214041A3001D82272911120311D61911004D80E72C2
S214041A4000C1501F00A0141101D90A7120880698FD
S214041A504A11009200C1204000B801DB1871084CFE
S214041A6003DE0471904C441400C3FF1F0000413B86
S214041A70FF233811944900C3384101B8341308636E
S214041A8080DB0C7103BA1862069836100870186268
S214041A90069836100C490879097914102140081163
S214041AA000A000BD0698700210B903DC047100B9EA
S214041AB001BA0698FE1302D9067100404E7203B1AD
S214041AC018610F3106987211FFD82872811008D851
S214041AD0187106DD0A710698700203DC0C7206980B
S214041AE0B611069844140C7006DD10710698BC11E5
S214041AF0487020B804A806DD107206987A0806987E
S214041B000C0701F840B804A800F800C0A01E00A006
S214041B100413086301DB2271911001111861113856
S214041B201DB910D80871447902984E1002DBFA7277
S214041B30A11328DBF47203BD0698181106987A08D8
S214041B401DBA7F7A0698EC0400C5681F00A00698A4
S214041B50700200BA03DC1672044DA11002D8047198
S214041B601C4D00C10CC101B80698A8045415212DBB
S214041B70069838050298A40891100155033551506B
S214041B80011900A000C14C1F00A0141001D8427116
S214041B9001480860FE200E75811020D8087100C127
S214041BA0501F00A0141101D9287100C02C4001B8A0
S214041BB00412215108610F3118611152281000C017
S214041BC0084001B8041191122151203111522119F3
S214041BD000A0811380DB067201B800A000C314C005
S214041BE001B8341006302E726C4B34121C4B341071
S214041BF0186002302072811080D8DE713410014AD9
S214041C0008620460803021508C480A717F234D237B
S214041C103410013000A000BD069818111CB847788F
S214041C204578437802B8447800A006987A0806985F
S214041C30B61100C5741F00A05415069838050298FE
S214041C40A408B1138F7B0A7200C384C40350017BBB
S214041C500698381400C1384101B814118F790E71F2
S214041C6000C1B84000B800BA0698361050BA0698B4
S214041C70081406987211FFD84A71911004D8487255
S214041C80811008601CD8407220D938721112FF32B5
S214041C902151347180218021111400C0D81E00A067
S214041CA00413FFBA3151113A215111531DB938109A
S214041CB07B7940440E7200B900C2AC1E00A0181214
S214041CC0067004B860780698321400F800B900C2AA
S214041CD0A44000541812644A0AB918121CBA507A5E
S214041CE0517A1DB942795F7900A00698700207DC24
S214041CF01072911000200A7506986C120298600FF4
S214041D0006980C0701B9911004D8047100B910BAEA
S214041D100698FE1300BA0040347100C0A01E00A04E
S214041D200411086101D9127104D9E27281100860A5
S214041D3001D8DA711DB8647800C11CC101B80698D0
S214041D40A80401B81160002A047600BA00C5781FFA
S214041D5000A05415212D06986C120698520700C54B
S214041D607C1F00A000F800BC811108D9167280D927
S214041D70207201B910BA0698FE1300400E7101BC19
S214041D8010700698B6110698441420B804A800F8F3
S214041D9006986C1281110231127100B900C2144007
S214041DA000541812244A02B918120698B61100C52F
S214041DB0801F00A054150698EA1A0298A408041175
S214041DC0012114711CBA737A042004122811042009
S214041DD004110121F47200A00698EC0401F8069898
S214041DE0481701D81671FFB9012110380E728110F8
S214041DF09B78087104B9677900F8911010D8287197
S214041E0000C51CC101B854110698E80D00C5C81ECB
S214041E1000A054155129EA7507B876781DB8447899
S214041E2001B804A800F8B110186010D82E7100C0CC
S214041E305040005400C3084000B83114984C441174
S214041E403411086101D9FA71441228100862281066
S214041E500862281008622810E8700298AA020698F9
S214041E608C02113804721E6202BB00C1D81E00A088
S214041E70141120390C72911210DA0672417B00A0FC
S214041E800698381400C2A01E00A0241220DA047299
S214041E90617B1CBA527A00A01CBA727A811204DAE8
S214041EA0FC7200A01CB86B7800C0684000B82F789D
S214041EB000A00698481701D83A7100C22C4001B811
S214041EC024100360911120310151383111501D60E6
S214041ED008121DB9457900C2448001B8241200C016
S214041EE0C01E00A004101820002004102050047106
S214041EF0657910631EB9637900B902EC00CD11450B
S214041F0002EC00CC01DB087100BB0298D01803B8C1
S214041F1041110731FA211C760621911210DA087154
S214041F2002DD10721E7020B80698AC0D303814729C
S214041F3008B80698780400C02C4000B829782078A1
S214041F4000F8056020D806710298061602EC00CA4E
S214041F5005B823DA187104DBDA7120DAD67110DAE0
S214041F60D2721EB8617800B801DA067202EC00C8B4
S214041F70911110D9267100C1B81E00A01411115079
S214041F80FF300C720761A110115002300A7180DB19
S214041F900A720AB89E701DB97C79186091111140B6
S214041FA02111C031114001191EB8411108D904711C
S214041FB0667820D904726578A11002D80672C0DA51
S214041FC01E711EB8273123DD087210DB107260788C
S214041FD025DD0A7121DD087208DB0471627803B816
S214041FE0411107310872A1152035AA7102DD20724D
S214041FF0A11120D9A07102D91672CCDA98724111B7
S21404200040D9927206B8054D5A720298A814211146
S2140420104049C0D94C71A031411540350265514143
S2140420200461086308DA1E7204DA36721049A115D0
S2140420300235067110DB0E7201340A7108DB227158
S2140420401EB86778CC3211101A300ADC0872CCDE5F
S2140420500471FD3100C00D0F0C0D216001D85C72B7
S21404206007B80298D21400BA411108D90C7102ECD0
S21404207000CA05B830DAEC720734F031036101DACD
S2140420800471014900C0F300A3E3216001D8D271B2
S21404209000C09814406821604030014440DA04715E
S2140420A0204C04320262204A111006301F6001429E
S2140420B018311D6111420298F014204A00C0051719
S2140420C008502160113001422088FFBB0DDA5071A0
S2140420D000C1DE1B250180BC04DA107208DA0A721D
S2140420E000C120841000E024A02408634143026455
S2140420F001DA06711E49024B00C0201F00A00863C7
S2140421003810BC2002DA127101B91159A11380DB10
S214042110087100C100FCFF01181002985C1800C486
S214042120A01E00A0441080D87C710092D0DA0671FC
S2140421300DDA0C711EBD437DEFBD06980E030462D6
S2140421400DDA8672A11105D95C7100C240400054B4
S21404215024121424281401D9067202D9327140D9E3
S2140421601E7102EC00CA211018320471FA2220D81B
S21404217004720822FE22087502EC00C8F87001D921
S2140421800E7102EC00C802D9067204DC187200C094
S214042190A01E00A004101D6001D806711EB8647845
S2140421A007B873780298D01800C0A01E00A00410C8
S2140421B080300A7100C0C41E00A0041000A0069857
S2140421C0481701D82E71911010D828728110A0D803
S2140421D0227203B084781C7200C12C4001B814101B
S2140421E00DBA487A697A6B7A08111CB87B7807B8F6
S2140421F0757800A0641000C6881F00A0C3B80698AF
S214042200760200C4441F00A014BA281400B8011AA9
S214042210B1108F780A7200C084C4035001789110FC
S2140422201030011905BA0698081402D9067101B8C7
S21404223004A800C0A01E00A0041306985E1180DB4C
S2140422400671029852141DBA7C7A01DB6A7100C2C8
S214042250241F00A024111114FF3402EC00C8FF242C
S214042260FA7608610698BC0D046111380F300461D3
S2140422701114011141100698BC0D01D8087203B858
S2140422800298D2140C4A01DB22712410112811285A
S214042290041202300471106200C0FFFF00002138EF
S2140422A000C2204000B8FF200812411008600698BB
S2140422B0BC0D01D87C7120BC1033767100BB00C104
S2140422C0201F00A01415C021112C511218620F32C1
S2140422D00E71408851140698F41841430094511224
S2140422E008651C620F320E71411151140698F418D9
S2140422F01C6441430865513B00C1DC1E00A0141158
S214042300111231100F30127100BA056101D8047130
S214042310114201600FD8F472311003601E3004724B
S21404232001B8003A087204B80298D2140298BE168D
S21404233000C0384101B804118F7914717F206920D8
S21404234004110861303110DD06711DBA637A0698EF
S2140423500C0300F830885088FF34087102ECFF2420
S214042360F87002EC00CD1410595001440421FF22E9
S214042370F2720F4C0095009300A000C1A81E00A0A6
S214042380141100A0308806983C1B8111086102D9FC
S21404239006720298001A1CBB557B086120D9067188
S2140423A00298F0190088A110186006981A190821D6
S2140423B01415FC251EBB5C7B5D7B00C1084001B880
S2140423C014110731FE21307608D82A725113FC23E3
S2140423D0341304DB20711863FF33315B00C110C073
S2140423E000B81411086180490C71FF313029547506
S2140423F01EBB7B7B10707B7B7C7B00DD04717D7B4E
S21404240001BB3815EC25541300DF5471042505DF91
S21404241054715415211120880698E80D009251290C
S2140424203E7500C1084001B8141102DB0C71073177
S214042430315B31292A760C7004DF0872016180D979
S2140424401E7206981A1900C010C000B80698801BA1
S21404245006981A191411FFD960720298461A009049
S214042460009300A05415A111186110D9A67208256E
S21404247008D8A071082510D89A71208821110698CA
S214042480E80DFC255412112AF82554110C2520D8E1
S2140424900871F025541110252029047621591815A1
S2140424A000920298B21907B97179811010D80A718E
S2140424B01CB8447802B841781CB9747904B96779B1
S2140424C000F88110A0D808711CB9497900A00860EA
S2140424D002D8FA7106981A191088069838141062E9
S2140424E010DA087108211415F025541100C20020D2
S2140424F0FEFF2029127506988C1B01D90A720698CD
S2140425007A0806980C0700941CBB41100C20069809
S2140425105E1341110821141006985E1331284411E5
S21404252011120861FF31FF32012210521072186135
S214042530181404244413042438140C70186121411C
S214042540181408240814029832144044147100C164
S214042550AC1E00A0141551131C630FDB0C72196516
S2140425600698FC04411500A000C3784000B8341354
S214042570807B067206980C070698381408BB51141C
S2140425800698AA1A4415FC25541500C3784000B8CA
S2140425903413807B047100A0029838051CB900C36C
S2140425A0A01E00A03413086308DB1A718113A0DB95
S2140425B00671497910706979086302DB087204B9F8
S2140425C0677900F800A08111086102D910711CB95E
S2140425D0757906981A191411FF3100A0FFB900A0E6
S2140425E0041008211411F421081100A081111061AF
S2140425F010310E7106981A1908211411F8211411B5
S21404260000A0000062676275660061636C006C6C13
S2140426105F636F6E6E656374696F6E006C6C5F618A
S21404262064765F736574006C6C5F76616C69646174
S214042630746F720062675F6D6573736167650073BC
S2140426406F66745F74696D65725F6D6573736167D9
S21404265065006C6C5F6164765F73796E63006C6CA6
S2140426605F7363616E5F73796E63006761705F703A
S2140426706572696F6469635F616476006761705F41
S214042680706572696F6469635F73796E63006C3238
S2140426906361705F636F635F6368616E6E656C0031
S2140426A06D626564746C735F636F6E7465787400D2
S2140426B0042604000A2604000E2604001C26040031
S2140426C027260400342604003F260400522604006D
S2140426D05E2604006B2604007C2604008E26040076
S2140426E0A026040062676275665F696E00626762B0
S2140426F075665F6F75740062676275665F6E6F6697
S2140427006C6F770062675F6D616C6C6F63000000CE
S20C04271010CEFC7F010000005E
S21004271824270400E0640020FF040000F6
S21404272401010100FFFFFFFFC0EA210100F0490296
S214042734C0EA2101AAAAAAAA0100000020000000F7
S214042744FFFFBF8FAF7F8700370F10100004040FFE
S21404275405140A00216E00008D490000274200007B
S21404276429490000D14300003D47000037420000D9
S214042774654200006B4200001D4A0000314D000013
S214042784000000000000000000000000000000003C
S214042794000000000000000000000000000000002C
S2140427A4000000000000000000000000000000001C
S2140427B4000000000000000000000000000000000C
S2140427C400000000000000000000000000000000FC
S2140427D400000000000000000000000000000000EC
S2140427E400000000000000000000000000000000DC
S2140427F400000000000000000000000000000000CC
S21404280400000000000000000000000000000000BB
S21404281400000000000000000000000000000000AB
S214042824000000000000000000000000000000009B
S214042834000000000000000000000000000000008B
S214042844000000000000000000000000000000007B
S214042854000000000000000000000000000000006B
S214042864000000000000000000000000000000005B
S214042874000000000000000000000000000000004B
S214042884000000000000000000000000000000003B
S214042894000000000000000000000000000000002B
S2140428A4000000000000000000000000000000001B
S2140428B4000000000000000000000000000000000B
S2140428C400000000000000000000000000000000FB
S2140428D400000000000000000000000000000000EB
S2140428E400000000000000000000000000000000DB
S2140428F400000000000000000000000000000000CB
S21404290400000000000000000000000000000000BA
S21404291400000000000000000000000000000000AA
S214042924000000000000000000000000000000009A
S214042934000000000000000000000000000000008A
S214042944000000000000000000000000000000007A
S214042954000000000000000000000000000000006A
S214042964000000000000000000000000000000005A
S214042974000000000000000000000000000000004A
S214042984000000000000000000000000000000003A
S214042994000000000000000000000000000000002A
S2140429A4000000000000000000000000000000001A
S2140429B4000000000000000000000000000000000A
S2140429C400000000000000000000000000000000FA
S2140429D400000000000000000000000000000000EA
S2140429E400000000000000000000000000000000DA
S2140429F400000000000000000000000000000000CA
S214042A0400000000000000000000000000000000B9
S214042A1400000000000000000000000000000000A9
S214042A240000000000000000000000000000000099
S214042A340000000000000000000000000000000089
S214042A440000000000000000000000000000000079
S214042A540000000000000000000000000000000069
S214042A640000000000000000000000000000000059
S214042A740000000000000000000000000000000049
S214042A840000000000000000000000000000000039
S214042A940000000000000000000000000000000029
S214042AA40000000000000000000000000000000019
S214042AB40000000000000000000000000000000009
S214042AC400000000000000000000000000000000F9
S214042AD400000000000000000000000000000000E9
S214042AE400000000000000000000000000000000D9
S214042AF400000000000000000000000000000000C9
S214042B0400000000000000000000000000000000B8
S214042B1400000000000000000000000000000000A8
S214042B240000000000000000000000000000000098
S214042B340000000000000000000000000000000088
S214042B440000000000000000000000000000000078
S214042B540000000000000000000000000000000068
S214042B640000000000000000000000000000000058
S214042B740000000000000000000000000000000048
S214042B840000000000000000000000000000000038
S214042B940000000000000000000000000000000028
S214042BA40000000000000000000000000000000018
S214042BB40000000000000000000000000000000008
S214042BC400000000000000000000000000000000F8
S214042BD400000000000000000000000000000000E8
S214042BE400000000000000000000000000000000D8
S214042BF400000000000000000000000000000000C8
S214042C0400000000000000000000000000000000B7
S214042C1400000000000000000000000000000000A7
S214042C240000000000000000000000000000000097
S214042C340000000000000000000000000000000087
S214042C440000000000000000000000000000000077
S214042C540000000000000000000000000000000067
S214042C640000000000000000000000000000000057
S214042C740000000000000000000000000000000047
S214042C840000000000000000000000000000000037
S214042C940000000000000000000000000000000027
S214042CA40000000000000000000000000000000017
S214042CB40000000000000000000000000000000007
S214042CC400000000000000000000000000000000F7
S214042CD400000000000000000000000000000000E7
S214042CE400000000000000000000000000000000D7
S214042CF400000000000000000000000000000000C7
S214042D0400000000000000000000000000000000B6
S214042D1400000000000000000000000000000000A6
S214042D240000000000000000000000000000000096
S214042D340000000000000000000000000000000086
S214042D440000000000000000000000000000000076
S214042D540000000000000000000000000000000066
S214042D640000000000000000000000000000000056
S214042D740000000000000000000000000000000046
S214042D840000000000000000000000000000000036
S214042D940000000000000000000000000000000026
S214042DA40000000000000000000000000000000016
S214042DB40000000000000000000000000000000006
S214042DC400000000000000000000000000000000F6
S214042DD400000000000000000000000000000000E6
S214042DE400000000000000000000000000000000D6
S214042DF400000000000000000000000000000000C6
S214042E0400000000000000000000000000000000B5
S214042E1400000000000000000000000000000000A5
S214042E240000000000000000000000000000000095
S214042E340000000000000000000000000000000085
S214042E440000000000000000000000000000000075
S214042E540000000000000000000000000000000065
S214042E640000000000000000000000000000000055
S214042E740000000000000000000000000000000045
S214042E840000000000000000000000000000000035
S214042E940000000000000000000000000000000025
S214042EA40000000000000000000000000000000015
S214042EB40000000000000000000000000000000005
S214042EC400000000000000000000000000000000F5
S214042ED400000000000000000000000000000000E5
S214042EE400000000000000000000000000000000D5
S214042EF400000000000000000000000000000000C5
S214042F0400000000000000000000000000000000B4
S214042F1400000000000000000000000000000000A4
S214042F240000000000000000000000000000000094
S214042F340000000000000000000000000000000084
S214042F440000000000000000000000000000000074
S214042F540000000000000000000000000000000064
S214042F640000000000000000000000000000000054
S214042F740000000000000000000000000000000044
S214042F840000000000000000000000000000000034
S214042F940000000000000000000000000000000024
S214042FA40000000000000000000000000000000014
S214042FB40000000000000000000000000000000004
S214042FC400000000000000000000000000000000F4
S214042FD400000000000000000000000000000000E4
S214042FE400000000000000000000000000000000D4
S214042FF400000000000000000000000000000000C4
S21404300400000000000000000000000000000000B3
S21404301400000000000000000000000000000000A3
S2140430240000000000000000000000000000000093
S2140430340000000000000000000000000000000083
S2140430440000000000000000000000000000000073
S2140430540000000000000000000000000000000063
S2140430640000000000000000000000000000000053
S2140430740000000000000000000000000000000043
S2140430840000000000000000000000000000000033
S2140430940000000000000000000000000000000023
S2140430A40000000000000000000000000000000013
S2140430B40000000000000000000000000000000003
S2140430C400000000000000000000000000000000F3
S2140430D400000000000000000000000000000000E3
S2140430E400000000000000000000000000000000D3
S2140430F400000000000000000000000000000000C3
S21404310400000000000000000000000000000000B2
S21404311400000000000000000000000000000000A2
S2140431240000000000000000000000000000000092
S2140431340000000000000000000000000000000082
S2140431440000000000000000000000000000000072
S2140431540000000000000000000000000000000062
S2140431640000000000000000000000000000000052
S2140431740000000000000000000000000000000042
S2140431840000000000000000000000000000000032
S2140431940000000000000000000000000000000022
S2140431A40000000000000000000000000000000012
S2140431B40000000000000000000000000000000002
S2140431C400000000000000000000000000000000F2
S2140431D400000000000000000000000000000000E2
S2140431E400000000000000000000000000000000D2
S2140431F400000000000000000000000000000000C2
S21404320400000000000000000000000000000000B1
S21404321400000000000000000000000000000000A1
S2140432240000000000000000000000000000000091
S2140432340000000000000000000000000000000081
S2140432440000000000000000000000000000000071
S2140432540000000000000000000000000000000061
S2140432640000000000000000000000000000000051
S2140432740000000000000000000000000000000041
S2140432840000000000000000000000000000000031
S2140432940000000000000000000000000000000021
S2140432A40000000000000000000000000000000011
S2140432B40000000000000000000000000000000001
S2140432C400000000000000000000000000000000F1
S2140432D400000000000000000000000000000000E1
S2140432E400000000000000000000000000000000D1
S2140432F400000000000000000000000000000000C1
S21404330400000000000000000000000000000000B0
S21404331400000000000000000000000000000000A0
S2140433240000000000000000000000000000000090
S2140433340000000000000000000000000000000080
S2140433440000000000000000000000000000000070
S2140433540000000000000000000000000000000060
S2140433640000000000000000000000000000000050
S2140433740000000000000000000000000000000040
S2140433840000000000000000000000000000000030
S2140433940000000000000000000000000000000020
S2140433A40000000000000000000000000000000010
S2140433B40000000000000000000000000000000000
S2140433C400000000000000000000000000000000F0
S2140433D400000000000000000000000000000000E0
S2140433E400000000000000000000000000000000D0
S2140433F400000000000000000000000000000000C0
S21404340400000000000000000000000000000000AF
S214043414000000000000000000000000000000009F
S214043424000000000000000000000000000000008F
S214043434000000000000000000000000000000007F
S214043444000000000000000000000000000000006F
S214043454000000000000000000000000000000005F
S214043464000000000000000000000000000000004F
S214043474000000000000000000000000000000003F
S214043484000000000000000000000000000000002F
S214043494000000000000000000000000000000001F
S2140434A4000000000000000000000000000000000F
S2140434B400000000000000000000000000000000FF
S2140434C400000000000000000000000000000000EF
S2140434D400000000000000000000000000000000DF
S2140434E400000000000000000000000000000000CF
S2140434F400000000000000000000000000000000BF
S21404350400000000000000000000000000000000AE
S214043514000000000000000000000000000000009E
S214043524000000000000000000000000000000008E
S214043534000000000000000000000000000000007E
S214043544000000000000000000000000000000006E
S214043554000000000000000000000000000000005E
S214043564000000000000000000000000000000004E
S214043574000000000000000000000000000000003E
S214043584000000000000000000000000000000002E
S214043594000000000000000000000000000000001E
S2140435A4000000000000000000000000000000000E
S2140435B400000000000000000000000000000000FE
S2140435C400000000000000000000000000000000EE
S2140435D400000000000000000000000000000000DE
S2140435E400000000000000000000000000000000CE
S2140435F400000000000000000000000000000000BE
S21404360400000000000000000000000000000000AD
S214043614000000000000000000000000000000009D
S214043624000000000000000000000000000000008D
S214043634000000000000000000000000000000007D
S214043644000000000000000000000000000000006D
S214043654000000000000000000000000000000005D
S214043664000000000000000000000000000000004D
S214043674000000000000000000000000000000003D
S214043684000000000000000000000000000000002D
S214043694000000000000000000000000000000001D
S2140436A4000000000000000000000000000000000D
S2140436B400000000000000000000000000000000FD
S2140436C400000000000000000000000000000000ED
S2140436D400000000000000000000000000000000DD
S2140436E400000000000000000000000000000000CD
S2140436F400000000000000000000000000000000BD
S21404370400000000000000000000000000000000AC
S214043714000000000000000000000000000000009C
S214043724000000000000000000000000000000008C
S214043734000000000000000000000000000000007C
S214043744000000000000000000000000000000006C
S214043754000000000000000000000000000000005C
S214043764000000000000000000000000000000004C
S214043774000000000000000000000000000000003C
S214043784000000000000000000000000000000002C
S214043794000000000000000000000000000000001C
S2140437A4000000000000000000000000000000000C
S2140437B400000000000000000000000000000000FC
S2140437C400000000000000000000000000000000EC
S2140437D400000000000000000000000000000000DC
S2140437E400000000000000000000000000000000CC
S2140437F400000000000000000000000000000000BC
S21404380400000000000000000000000000000000AB
S214043814000000000000000000000000000000009B
S214043824000000000000000000000000000000008B
S214043834000000000000000000000000000000007B
S214043844000000000000000000000000000000006B
S214043854000000000000000000000000000000005B
S214043864000000000000000000000000000000004B
S214043874000000000000000000000000000000003B
S214043884000000000000000000000000000000002B
S214043894000000000000000000000000000000001B
S2140438A4000000000000000000000000000000000B
S2140438B400000000000000000000000000000000FB
S2140438C400000000000000000000000000000000EB
S2140438D400000000000000000000000000000000DB
S2140438E400000000000000000000000000000000CB
S2140438F400000000000000000000000000000000BB
S21404390400000000000000000000000000000000AA
S214043914000000000000000000000000000000009A
S2140439241465002000000000000100000F000F00D2
S214043934000000000000000000000000000000007A
S214043944000000000000000000000000000000006A
S214043954000000000000000000000000000000005A
S214043964000000000000000000000000000000004A
S214043974000000000000000000000000000000003A
S214043984000000000000000000000000000000002A
S214043994000000000000000000000000000000001A
S2140439A4B5010100030505B54001800000000000D0
S2140439B4000001B5000080000000000000400F0075
S2140439C400A00000D42A0020C8000000FE00000066
S2140439D40000000050F60300FFFFFFFF0100000094
S2140439E4716701007167010037000000ACF503003D
S2140439F43BFFC8000A0029006B3F030000000500D3
S214043A0477670100FFFFFFFFCC770020000000006B
S214043A1488510020F0510020585200200000000075
S214043A240000000000000000000000000000000089
S214043A340000000000000000000000000000000079
S214043A440000000000000000000000000000000069
S214043A540000000000000000000000000300000056
S214043A64885100200000000001000000000000004F
S214043A741000000010000000FFFFFFFFFFFFFFFF21
S214043A84FFFFFFFFFFFFFFFF000000000000000031
S214043A940000000000000000000000000400000015
S214043AA4FF00000000000000219D0200F401000055
S214043AB40000000000000000FFFF0000500904009E
S214043AC47DA30300FFFFFFFFE3AA0300DFAA0300AE
S214043AD4FFFFFFFFFFFFFFFFE7AA0300FFFFFFFF51
S214043AE4F5FB0200FFFFFFFFFFFFFFFFFFFFFFFFE3
S214043AF4FFFFFFFF04F8FFFF0C00000000000A0BA2
S214043B0409030A0102050101FF0C01FF405AB4FF30
S210043B14332C0100FDF40000D5F4000082
S804004D6549
